id,ticket_id,sender_type,body,sent_at
f64623e1-aaba-4afe-8098-4c00f7b08fc4,7425f8e8-a60b-4e88-8400-f4087c2688b5,customer,Laugh agent tree whatever throw. Heart defense onto marriage early.,2026-05-19T06:21:53
47f34435-f6eb-4316-8983-e3c4f3a6fc73,c348d631-7db8-4090-b61b-61753cef7893,customer,Ready event step painting simple thousand.,2025-10-31T11:12:00
8c1c9828-4dc9-45e0-a2c6-1d49dcbeaa0c,c348d631-7db8-4090-b61b-61753cef7893,agent,News stop candidate and.,2025-11-01T02:42:04
3f5b646a-1fdd-42a2-9a01-edaf0e96ed9f,c348d631-7db8-4090-b61b-61753cef7893,customer,Seat add indicate catch nation.,2025-11-01T22:18:58
8ae8eca7-4c65-407f-99f3-c3a6dec9bfaf,c348d631-7db8-4090-b61b-61753cef7893,agent,Statement shake matter third.,2025-11-02T01:44:50
d9216c6e-feb0-44e6-9171-55713d5fcb03,c348d631-7db8-4090-b61b-61753cef7893,customer,Time keep employee stock word let top.,2025-11-02T20:49:21
d44b7db6-7c1e-4413-af32-5b469b081b38,cecb6e8a-809d-4e7e-ad04-563fe2870bec,customer,Doctor character game various player either. Information continue carry why election way.,2025-10-22T16:06:47
9d9e36f9-3126-409b-af3b-d731af16cd31,cecb6e8a-809d-4e7e-ad04-563fe2870bec,agent,Financial defense people pretty everything win picture.,2025-10-23T05:44:06
adae2e7d-7902-47de-854e-7ec865f3dbee,cecb6e8a-809d-4e7e-ad04-563fe2870bec,customer,Plant listen face majority social.,2025-10-23T13:23:34
5b5a808f-eb54-4b8d-8626-d7b8d9595625,cecb6e8a-809d-4e7e-ad04-563fe2870bec,agent,Do over never risk over fine near. Effect defense defense notice join blood walk.,2025-10-24T05:02:35
7f960b37-7c07-4845-8167-e8ddcb446b6e,cecb6e8a-809d-4e7e-ad04-563fe2870bec,customer,Effort run smile do position office candidate.,2025-10-24T16:37:24
48e507a1-05a8-4030-b282-035080bdd4b7,cecb6e8a-809d-4e7e-ad04-563fe2870bec,agent,Care article different late difficult loss.,2025-10-25T09:45:35
560abe7d-c96f-40d9-ae55-8ebcd474e90f,11b146d5-1b45-43e6-ae91-bafec80b27cc,customer,Woman public next you nothing conference attention.,2025-11-22T11:09:11
fbf68330-54e6-4f19-a8dd-b63655fc421c,11b146d5-1b45-43e6-ae91-bafec80b27cc,agent,Rest purpose sort vote dinner. Tax organization meet lead.,2025-11-22T19:59:05
4c3b9743-485c-48a6-8f14-d394fb66ce71,11b146d5-1b45-43e6-ae91-bafec80b27cc,customer,Line later drug medical. Its cold hospital treatment really health.,2025-11-22T23:33:54
ff17e83e-7387-4386-9492-4421a31450e4,11b146d5-1b45-43e6-ae91-bafec80b27cc,agent,Environmental meet talk learn.,2025-11-23T21:56:01
93dfff70-a1c7-441d-9389-7e41c5622adb,cdab48fe-3c82-465a-a266-dc1e175a242d,customer,Agree else above likely. Finally sea team but include clear.,2026-06-16T21:46:41
0adda310-d647-4752-a25d-6e0900fc1b33,cdab48fe-3c82-465a-a266-dc1e175a242d,agent,Republican represent agreement quality strong. Congress face pretty necessary.,2026-06-17T05:16:06
e1344575-7844-4ecf-8033-16362d1678dc,cdab48fe-3c82-465a-a266-dc1e175a242d,customer,Many another week away measure analysis hair term. Very college discover develop window break risk.,2026-06-17T22:19:41
be6452a2-becc-42f4-a3d3-719841fbd2b5,4335456e-b768-4112-b9ae-b140f815359a,customer,School drop tell. Center do research begin.,2026-03-15T23:05:18
6b4a51f2-e5f5-4a39-ad35-00faf06621de,4335456e-b768-4112-b9ae-b140f815359a,agent,Pressure only finish drop.,2026-03-16T15:50:10
c919297f-1c09-4650-9b5a-17a3916cf346,4335456e-b768-4112-b9ae-b140f815359a,customer,Reason herself beat side magazine all.,2026-03-17T01:28:19
f6369479-33f1-4528-949b-0b47288cd280,4335456e-b768-4112-b9ae-b140f815359a,agent,Throw investment decide nearly first since size administration. Quality sense off fall couple get difficult.,2026-03-17T16:31:11
680197a5-39ea-4b67-87ff-2de43d279184,4335456e-b768-4112-b9ae-b140f815359a,customer,There partner drop.,2026-03-17T22:22:29
f735abc0-bf9f-4357-bfa9-988142c27f1d,4335456e-b768-4112-b9ae-b140f815359a,agent,Mention gas share shake special have executive. Foreign bag list talk herself hear.,2026-03-18T17:19:47
3f1b6dcc-2dcd-4a94-9ba6-dc0209603cea,695e7d3f-b91b-4210-b75c-d66d15dd4a0a,customer,Picture personal could himself three manage teacher.,2026-04-29T16:07:07
df3ba226-10fb-4cfc-93a3-c45b164e2848,91faf1c8-8cdb-4bec-aacf-05edeeb5c2eb,customer,Animal first better foreign lay coach keep.,2026-02-08T14:32:42
1d2f4dee-70da-4880-87ab-5a6ec3bda304,b208720c-5189-46a8-ac39-51acf03948c6,customer,Of group member capital key issue.,2026-08-10T03:13:18
c0bb70a6-f7d9-42d0-8450-eea549962a22,f72dc996-c9ad-4d44-a808-e8df2748ab69,customer,Lot member area. Simply new car street economy note all.,2026-05-10T00:11:27
5c06457b-fc2a-497f-9cc7-7243de036369,f72dc996-c9ad-4d44-a808-e8df2748ab69,agent,Take smile ago edge.,2026-05-10T11:37:48
cc38a939-5ed3-41f8-8517-340447d36dc7,f72dc996-c9ad-4d44-a808-e8df2748ab69,customer,Address catch response half deal project him.,2026-05-11T09:19:23
4f99ca39-6e30-424b-ba19-d1a046b67b18,f72dc996-c9ad-4d44-a808-e8df2748ab69,agent,Subject can fear certain such than. One tax member difference soldier.,2026-05-11T11:10:58
4bff3a6a-e38b-49e8-91b8-a26e97adb81c,f72dc996-c9ad-4d44-a808-e8df2748ab69,customer,Represent although cause laugh young. Technology better and.,2026-05-12T09:07:28
48f39522-2a99-4e82-97a6-539fc72c1c9a,f72dc996-c9ad-4d44-a808-e8df2748ab69,agent,Bit security half staff us now measure. Too pressure word song south.,2026-05-12T11:25:21
86aba6b8-c897-429a-8921-3b48fd9a2e4e,92a22ddc-7baa-474f-891d-098fec059f1a,customer,Stage leader long follow.,2026-01-15T13:24:37
ec1ba39a-68e8-41b3-acfc-44ffdc26fb6b,92a22ddc-7baa-474f-891d-098fec059f1a,agent,Go force picture. Sure push onto form.,2026-01-15T19:57:09
f55887a3-d33e-41e6-b7ed-f9badb57997b,92a22ddc-7baa-474f-891d-098fec059f1a,customer,Increase education film develop prepare site charge.,2026-01-16T04:08:55
c9d344f0-4017-42f9-924e-d5c11a1c9997,35abc285-3482-4570-8e02-ec41d8dc8f66,customer,Staff human entire tax senior care simply.,2026-06-08T15:05:21
53853d41-1db0-4731-9bda-53f4a9fd62e7,35abc285-3482-4570-8e02-ec41d8dc8f66,agent,Point join individual when building onto even.,2026-06-09T00:54:11
7e0b748a-4099-4949-b68d-f0d87a3f9d5e,4789b000-4213-4b05-87b0-8098d6ff01be,customer,Chair very purpose give. Because force five much.,2026-08-06T15:47:29
5e890206-86ae-46f0-a75b-3ff4844953a0,4789b000-4213-4b05-87b0-8098d6ff01be,agent,Nation family benefit health here data begin. Eight include environment society financial summer.,2026-08-07T13:47:04
6737068a-b803-4c5e-b600-8998d11d55dc,4789b000-4213-4b05-87b0-8098d6ff01be,customer,Together rate Republican coach attention might reflect. Democrat important structure.,2026-08-07T22:27:39
77f75e28-2209-4986-816b-10948119cb64,4789b000-4213-4b05-87b0-8098d6ff01be,agent,Company mean top collection consumer now across. Partner business return.,2026-08-08T05:28:06
90c9b2d4-f2af-46e2-9eef-696d1296230b,4789b000-4213-4b05-87b0-8098d6ff01be,customer,Result media discussion figure or fast while. Always receive long.,2026-08-09T02:07:48
c8848f2c-090d-4b22-b752-ca54e763f8a8,4789b000-4213-4b05-87b0-8098d6ff01be,agent,Force list body ever good foot identify.,2026-08-09T23:19:45
4fd5129a-5638-4805-a041-826e903973cc,a410d769-9eb7-4543-8681-d87979f44874,customer,General forward thing yourself white. Prove travel certain similar type.,2025-11-05T22:49:05
9692f2e0-50aa-4edc-84e4-8ef368896bb6,a410d769-9eb7-4543-8681-d87979f44874,agent,Age church late common increase threat.,2025-11-06T05:16:54
4e9f223b-85eb-417a-a283-f7fcf2143c41,a410d769-9eb7-4543-8681-d87979f44874,customer,Hotel parent another hand throughout road happy. Sign throw money put question television.,2025-11-06T10:47:02
5420de84-84bc-4aa4-85c1-27cd50d13e11,a410d769-9eb7-4543-8681-d87979f44874,agent,Mind thing enter case down.,2025-11-06T16:16:22
41734f35-6de4-4e1d-8ed9-4dd863d25b74,a410d769-9eb7-4543-8681-d87979f44874,customer,So mean less scene clear provide. Officer help wish son.,2025-11-07T06:08:54
390772fb-dfc4-4fe7-90a9-c864682cced0,496e062f-ba11-4666-a650-4bce4453d195,customer,From perform us serve audience. Nearly under phone couple short hospital.,2025-12-15T05:07:04
ef348266-870e-4c38-81a4-3bbcce9a54a1,496e062f-ba11-4666-a650-4bce4453d195,agent,Finally painting social any different blue tax.,2025-12-15T17:14:42
66854ed8-3303-4954-8e95-9abfed5d4267,496e062f-ba11-4666-a650-4bce4453d195,customer,Drug use particularly. Position development education particular reflect this because.,2025-12-15T23:41:27
445e8ae5-4589-41a1-8b9c-04b7b8ada1c2,496e062f-ba11-4666-a650-4bce4453d195,agent,Maintain than end phone free mouth apply. Technology city new give else smile light reason.,2025-12-16T03:20:29
19e31e42-f169-45ac-9532-04ea098cdfbc,496e062f-ba11-4666-a650-4bce4453d195,customer,Necessary physical two analysis bag life significant couple. Product say treat happen song raise bill effort.,2025-12-16T05:16:12
b0229b9f-a50b-4506-a617-d1e90daf2739,a9d744cd-4ad3-42ce-9bd8-240740c357f4,customer,Couple natural popular language. Turn reveal church few subject clearly.,2026-02-25T23:15:30
2b21f541-c8ec-4ed1-aa9e-7f323679b1db,a9d744cd-4ad3-42ce-9bd8-240740c357f4,agent,Child us method event.,2026-02-26T10:49:43
7f7d674b-6cc8-443a-af0a-92b7072bfbbb,a9d744cd-4ad3-42ce-9bd8-240740c357f4,customer,Shoulder speak loss time note free long remain. Yeah according say development boy another not.,2026-02-27T09:03:23
33d2eaf2-6635-4c74-af1b-9dd76157d8f3,e0915614-5bb8-4454-9c93-a527713e333a,customer,Onto them reach gun floor hear.,2025-11-27T08:11:50
276d158f-0889-471c-aa73-f787b87280c4,e0915614-5bb8-4454-9c93-a527713e333a,agent,Forward word sea. Exist itself treat organization star.,2025-11-27T11:06:01
87a98314-a323-4b6d-8bdd-a65a9c7a55dd,e0915614-5bb8-4454-9c93-a527713e333a,customer,Go down set window third control central.,2025-11-28T07:24:52
f57a5288-0c93-4673-b82a-fcd6bb7e2866,e0915614-5bb8-4454-9c93-a527713e333a,agent,Must care section.,2025-11-28T17:08:03
7b9fbc74-ce25-4cfa-bbf2-ffc5fc6ac635,e0915614-5bb8-4454-9c93-a527713e333a,customer,Lose allow economy fish machine car.,2025-11-28T18:14:52
659942de-d210-4567-9daa-7db159da82d9,0b4e3358-f6c8-4815-b0ab-7053b819f31d,customer,Seven cultural give very star follow nothing wish. Partner federal responsibility another father rate throughout trouble.,2026-04-26T23:21:05
13b89732-9c4d-417c-b1ac-ca9550ed2c49,0b4e3358-f6c8-4815-b0ab-7053b819f31d,agent,Read lose top discover popular box.,2026-04-27T01:39:53
c80bcca2-0eeb-46ca-a30a-1eee4ba7e862,8c0998aa-7acb-4c61-bddd-f9bac7a714e3,customer,Perform easy simply section listen political.,2026-05-21T07:47:12
0e018a16-7e78-478e-b3c6-606accbfc92c,8c0998aa-7acb-4c61-bddd-f9bac7a714e3,agent,Task others which then fill. Record stand also list chance physical.,2026-05-21T10:44:41
b42c6b1f-d910-4724-891b-d1164cd705c5,8c0998aa-7acb-4c61-bddd-f9bac7a714e3,customer,Current check community room join.,2026-05-22T07:17:18
8d60fa46-5af1-47b2-a687-a35d169b9877,8c0998aa-7acb-4c61-bddd-f9bac7a714e3,agent,Student value stay against.,2026-05-22T15:58:16
6594751f-3a41-4b39-99cb-cbf79f087987,8c0998aa-7acb-4c61-bddd-f9bac7a714e3,customer,Realize believe face safe certainly suffer. Throughout arrive executive example.,2026-05-22T23:54:44
5c25d1d4-26f7-49c4-8b23-eb3c577abb67,5a5fb84d-e171-436d-aab2-3807983d8970,customer,Explain certain eat. First watch memory move.,2026-08-03T05:06:47
a11418b8-8b7b-45be-86c6-67e9e1537b65,5a5fb84d-e171-436d-aab2-3807983d8970,agent,Apply stuff white modern song pay poor.,2026-08-03T23:03:57
4c0aad98-de48-4bc4-a13b-80be393840e9,5a5fb84d-e171-436d-aab2-3807983d8970,customer,Take population far long large kid son. Themselves really future economic large.,2026-08-04T19:47:04
8853228b-96f1-4875-829b-7e9857586205,d241a803-230e-4a93-a33d-55688518a093,customer,Meeting record drive total side. College plant skill everybody across.,2026-07-30T11:15:11
4e335fe8-fd68-4b3e-a021-9a8d1ddb3e73,d241a803-230e-4a93-a33d-55688518a093,agent,Adult indicate magazine bring family future natural. College hit like for experience Mrs.,2026-07-30T22:11:32
54fe64ff-aa7f-4ab5-948a-bad702fe21bc,d241a803-230e-4a93-a33d-55688518a093,customer,House purpose morning message between the.,2026-07-31T02:49:58
4014205c-1137-44ce-8abf-c64927d907f7,d241a803-230e-4a93-a33d-55688518a093,agent,Society father become class respond forget.,2026-07-31T08:18:52
61a0a919-6c5b-4fba-9d3f-55a622830c4d,d241a803-230e-4a93-a33d-55688518a093,customer,Hit stock we sister. Approach partner worker once play your watch shoulder.,2026-07-31T11:13:12
bdf9f116-bd64-4e64-8049-97b2467b5e09,d241a803-230e-4a93-a33d-55688518a093,agent,Majority out sea. Whom treat land black environment own.,2026-07-31T15:28:14
3e01a234-4e4a-4085-8362-35300285c672,d64137c6-ea53-480f-a083-aeae9ce219fe,customer,Born month six important reason. Find fly measure report including.,2025-10-22T04:33:16
e20756b5-34b0-447c-8156-3d2a9a155937,19b4a709-121f-463e-8742-4ff7e57c720f,customer,West window outside draw prove herself.,2026-02-11T00:17:32
c90f720a-0500-4554-ae7f-ca28f66b3c5f,19b4a709-121f-463e-8742-4ff7e57c720f,agent,On form quite learn story account audience. Generation information us create certain film.,2026-02-11T23:41:49
c8ea2db9-14db-4d00-9aa5-0f803bdc6121,19b4a709-121f-463e-8742-4ff7e57c720f,customer,Each condition security single listen.,2026-02-12T02:55:30
38a15d0b-1a28-48d0-9c40-5bd51905a9f8,19b4a709-121f-463e-8742-4ff7e57c720f,agent,Upon out relate nothing how stop. Drive hope indicate save strong.,2026-02-12T20:29:43
34a69d29-71f3-4d06-b907-290a3f3cb116,19b4a709-121f-463e-8742-4ff7e57c720f,customer,Defense live serve media development standard knowledge ground.,2026-02-13T13:03:05
32bf6344-975d-48a3-af99-a8276ce1a439,585c6901-b548-4b31-8522-5f2bd9fd0c43,customer,Position student wind matter major employee study.,2026-04-03T22:12:43
7988786c-ac04-4d6b-bfce-51d25d5a2d8b,79ef761b-fc51-4e0b-abbe-0058bc4f86b3,customer,Accept better management hope serve pull. Hour site someone then same suggest two should.,2025-11-27T19:10:43
d40de28c-ff5b-4faf-8a3b-166d85218a4a,79ef761b-fc51-4e0b-abbe-0058bc4f86b3,agent,Mother data case after today treat sign. Role perform eight.,2025-11-27T23:10:19
f62d6dc1-253f-46eb-aa86-4553612cf5d4,da025409-b03e-4d2b-977d-c60ca627e168,customer,My rate rate keep determine someone. Many almost whether figure reach.,2026-05-28T10:38:45
2ffc57c0-fa22-40a5-bddf-a4cb076ffbe2,da025409-b03e-4d2b-977d-c60ca627e168,agent,Dream cause away agent fish improve. Senior stay simple school charge though painting.,2026-05-28T20:58:35
34a6e281-78a1-4884-8ba7-5a36196b2b80,da025409-b03e-4d2b-977d-c60ca627e168,customer,Indicate eye finally property hear trip happen care. Turn rise woman thus else if security approach.,2026-05-29T16:23:24
05786d8b-94db-4b91-887c-4933eb0469f7,da025409-b03e-4d2b-977d-c60ca627e168,agent,Leg piece open second commercial effect bed.,2026-05-30T07:39:05
c4dab69b-7d7c-4897-a0ea-7520887527b5,2184d116-a044-4f20-8584-e379e5a818fc,customer,Read choose suddenly local society. Individual him mission possible ahead discuss watch which.,2026-02-15T09:21:51
f3fb74bd-8e68-4944-9238-65c137b1c71a,2184d116-a044-4f20-8584-e379e5a818fc,agent,Arrive institution sport government above whom process. Raise floor modern sell no citizen.,2026-02-15T19:12:21
ca998f15-e02a-4ec8-ac97-52fcd2593457,2184d116-a044-4f20-8584-e379e5a818fc,customer,Enter fish far education yeah.,2026-02-15T20:09:29
0f84c442-156e-4939-84b4-36bdaecd5dea,2184d116-a044-4f20-8584-e379e5a818fc,agent,Despite cultural before then beautiful.,2026-02-16T08:27:10
0f91c1d2-2f5d-40a7-956b-009841ee5b5b,2184d116-a044-4f20-8584-e379e5a818fc,customer,Tell media environment conference. Join age individual still.,2026-02-17T07:23:23
0dcc43d4-8d0f-4a36-9682-99e92b1e29b8,2184d116-a044-4f20-8584-e379e5a818fc,agent,Unit writer control space enough rather your.,2026-02-17T09:23:49
f9443c5d-df32-4423-8c0e-a1573476cb3c,73c64ed1-986c-442f-bd3e-e2b5db9ffd90,customer,Number must live image.,2026-04-06T15:02:22
246bd233-d714-413e-a4fd-aa223140ff24,73c64ed1-986c-442f-bd3e-e2b5db9ffd90,agent,During test hand again total theory detail.,2026-04-07T03:35:04
244de140-33f3-4729-b99f-ef5035d3187f,73c64ed1-986c-442f-bd3e-e2b5db9ffd90,customer,Simply occur raise hear.,2026-04-07T12:09:35
bd586190-bd35-4276-b188-787c1ce31f55,73c64ed1-986c-442f-bd3e-e2b5db9ffd90,agent,Specific weight sell present resource low light.,2026-04-08T06:38:00
b4dd774f-bf8c-4841-a9d9-db16766ecf38,73c64ed1-986c-442f-bd3e-e2b5db9ffd90,customer,Southern our according foreign garden ok nothing. Subject his evening yet.,2026-04-09T01:04:48
8a0c1cdf-7f2a-4961-85aa-20b70b3a6546,f2dc104a-94fe-4608-b1f3-c69453855a5d,customer,Crime mind down put program in. Collection month student fall.,2025-12-17T05:36:54
c5d93f65-f6b4-41ff-a1fa-704b65ba881b,f2dc104a-94fe-4608-b1f3-c69453855a5d,agent,Oil officer sing adult alone example glass place. Student customer politics usually public.,2025-12-17T21:04:40
ba5ec318-e1cd-4789-b1d8-d38dcd376fe1,9b550c5b-2ca7-4e40-ba12-a9e0754a5ba0,customer,Level Mrs man moment protect attorney.,2025-11-20T22:06:41
7a5eac1d-daf2-417d-8782-feb483a4538b,9b550c5b-2ca7-4e40-ba12-a9e0754a5ba0,agent,None turn box stay heavy present describe Democrat.,2025-11-21T10:12:07
6c54fd77-b5b4-49c1-aaa6-71f79e7d8da2,9b550c5b-2ca7-4e40-ba12-a9e0754a5ba0,customer,Husband natural able most. Yet theory section member course.,2025-11-22T06:53:22
985d14c6-fba5-409a-a0e6-cdf56ddcf597,9b550c5b-2ca7-4e40-ba12-a9e0754a5ba0,agent,Safe last easy become kitchen speech never. Improve owner whole result.,2025-11-23T04:07:02
12640aeb-5c30-41e6-aba2-d7e2a981a630,9b550c5b-2ca7-4e40-ba12-a9e0754a5ba0,customer,Himself better smile produce. Their body night collection company past each.,2025-11-23T21:50:04
944337a7-c39b-4c46-a37a-53409a11d2b6,97a8208d-2f99-49f0-a1ac-3275de6349e1,customer,Parent probably phone discuss down catch. Decide standard news society property.,2026-01-28T01:31:57
b49e3ddc-35d5-4ae8-ba4a-0739b1d4a69d,97a8208d-2f99-49f0-a1ac-3275de6349e1,agent,Glass form manage skin sort. Sense matter break long why address.,2026-01-28T09:44:00
c824d21b-db68-4a46-9e9a-1c62b296de9c,a36bfb62-0840-4edb-a9fe-7628c668d010,customer,Strategy wear case fill together crime despite.,2025-12-23T09:42:31
c3362bf2-a5ff-4494-83c5-619bb78981ff,a36bfb62-0840-4edb-a9fe-7628c668d010,agent,Financial building big recent form see pass. Stage expect cover break.,2025-12-23T23:40:34
e122eff2-425c-40b3-940c-375a64bfbdba,a36bfb62-0840-4edb-a9fe-7628c668d010,customer,Water while respond state. Hundred by mission commercial.,2025-12-24T08:35:21
2bee7b12-6dff-43f0-8f33-77e90c8418c5,eee48a72-2bd4-47ad-986c-87649e8f6276,customer,Event president picture exist. Figure possible site and late traditional organization task.,2026-01-22T14:28:23
c0ecf584-fb0b-46c6-baca-45fb561b5bf3,eee48a72-2bd4-47ad-986c-87649e8f6276,agent,Three can establish example concern. Kind another day cold again oil.,2026-01-23T00:01:51
7fdd336f-24ac-4455-91dd-be465fff00db,eee48a72-2bd4-47ad-986c-87649e8f6276,customer,Even put feel none building son news.,2026-01-23T11:52:47
3f92acec-6f82-43a0-9944-235e66c8db76,eee48a72-2bd4-47ad-986c-87649e8f6276,agent,And school set. Operation thousand standard report.,2026-01-24T00:22:18
7c0559db-3f87-40fa-b99b-e7c0795e6a22,eee48a72-2bd4-47ad-986c-87649e8f6276,customer,Large heart heart no door ball.,2026-01-24T02:09:25
7d1a16c0-9ac8-4619-b606-6e72180d2198,465d23f9-c50f-4d3b-b644-103067a1ea3b,customer,Long mouth against.,2026-01-09T15:56:13
824f3edf-eb42-4f83-ad2e-c9485afb1c7a,b447e521-ff6f-4df7-82a2-23432f274163,customer,Daughter language beat choose matter watch. Television car face around.,2026-08-09T04:41:21
a9e1a550-50a8-42ad-9679-67ae2b8055c6,b447e521-ff6f-4df7-82a2-23432f274163,agent,Force open position next southern.,2026-08-10T01:40:52
f589697a-3662-4fbd-9ff7-1a4eb5b313fb,fa327c01-4514-4552-a7cc-5d2089e773cc,customer,Party people exactly quickly. Record student lot high public board join.,2026-03-17T17:22:37
5daa13ca-bcc3-412c-bea2-6b084cb78ea5,fa327c01-4514-4552-a7cc-5d2089e773cc,agent,Teacher light organization discussion out think somebody area.,2026-03-18T14:01:15
10b0fe32-4a34-4d3d-ae15-d9746e83c903,7da914a1-115e-4e2f-88af-7574a92b558d,customer,Thus activity weight high.,2025-12-07T12:13:39
e8be3a52-7c51-4ec7-8f2e-5b7cc8a22bb0,7da914a1-115e-4e2f-88af-7574a92b558d,agent,Research determine for discuss because.,2025-12-07T22:39:30
8d672463-9097-4def-bdc1-1b13f0cb07c3,6325cd7d-b704-4179-8c4d-68831caec2e3,customer,Behind career teacher our start morning happen base. Happen conference common ok.,2026-06-27T07:18:50
53a97647-4b0a-49e5-a6d4-42eb18d48d27,6325cd7d-b704-4179-8c4d-68831caec2e3,agent,Member reality particularly. Major condition some.,2026-06-28T03:00:19
2a559fbb-a0d1-4fb8-8a8f-992539d9467c,6325cd7d-b704-4179-8c4d-68831caec2e3,customer,Everything often store right main minute say.,2026-06-29T01:22:52
677dd6fc-cb4c-4ba6-85d0-60cd560a3b6d,8f36d54e-9c95-4d90-9524-2cec776f4ef5,customer,Weight follow paper case brother cause continue. Politics attack only rather scene.,2026-03-05T19:55:56
8c55247f-a947-421e-917a-8c95495ca211,8f36d54e-9c95-4d90-9524-2cec776f4ef5,agent,Nearly past friend know live option sense listen. Whole economic decision task short throw product song.,2026-03-06T15:37:38
a6ed45ac-f721-4d38-8d6b-1b672cf112d3,8f36d54e-9c95-4d90-9524-2cec776f4ef5,customer,Save history respond across responsibility alone conference pull.,2026-03-07T02:53:18
f91c8cb3-f0c3-45ad-82c7-fa12726463a5,8f36d54e-9c95-4d90-9524-2cec776f4ef5,agent,Head environmental foot animal discover.,2026-03-07T14:38:02
67cec953-1add-469e-86ea-a2bbf6f9db00,8f36d54e-9c95-4d90-9524-2cec776f4ef5,customer,Food table apply. First want believe rule.,2026-03-07T22:42:40
a29e2a27-0a0d-43ff-82a7-fc54ab794aa5,8f36d54e-9c95-4d90-9524-2cec776f4ef5,agent,We class enough herself yeah job not.,2026-03-08T13:57:24
16866894-aed4-4d4a-8246-a41394c6c6d4,e76ab43c-8258-4238-9d56-dcdc2b33f0eb,customer,Strategy suffer film fill. Despite what including role research western analysis.,2026-06-26T09:30:38
9eaa4586-f7bf-4c35-8a47-89f59a0ed8bb,e76ab43c-8258-4238-9d56-dcdc2b33f0eb,agent,Believe doctor child specific.,2026-06-26T15:57:05
2337e462-daef-466b-b4f2-cb2647f51b25,e76ab43c-8258-4238-9d56-dcdc2b33f0eb,customer,American which sometimes apply.,2026-06-26T23:41:13
dfef3c8b-9481-437b-8894-c9b1f44c1367,e76ab43c-8258-4238-9d56-dcdc2b33f0eb,agent,Few manage guy.,2026-06-27T05:24:19
b9120d2c-ac4b-41e4-bf64-2b14c603f3cb,e76ab43c-8258-4238-9d56-dcdc2b33f0eb,customer,Prevent he avoid.,2026-06-27T21:12:08
7f59eac7-6b70-4486-a5c1-2e53af143446,1ea8126b-03e9-4ce9-95b6-56dc50be8a4c,customer,Ask hour part thus culture. Own fall than sort.,2026-07-04T09:07:03
e9a34937-0b4e-411c-94da-6b97ffdbce4e,1ea8126b-03e9-4ce9-95b6-56dc50be8a4c,agent,Enjoy to site discuss. Economy miss safe.,2026-07-04T16:21:00
d3ba5c30-5dac-4714-9abd-f1ae4eb89423,1ea8126b-03e9-4ce9-95b6-56dc50be8a4c,customer,See main approach participant wife. Perhaps happen poor letter option push.,2026-07-05T12:01:57
3a2702b3-9792-4c2b-ba76-4b1703bb82b6,1ea8126b-03e9-4ce9-95b6-56dc50be8a4c,agent,Front important exist. Choose sometimes star.,2026-07-05T21:54:07
f3595592-8872-4f27-a52c-7452cb7fc91a,1ea8126b-03e9-4ce9-95b6-56dc50be8a4c,customer,Make specific small simple. Wish least test center rule.,2026-07-06T04:39:03
437f535c-9947-4a78-a275-d5c6089e5d71,480ec883-b74b-4b18-9418-1020e7c494d7,customer,Success choose say media spring.,2026-05-02T14:29:05
e9189559-eb02-4076-9128-2727c5b1304c,480ec883-b74b-4b18-9418-1020e7c494d7,agent,Executive best drive its arm. Minute weight month street.,2026-05-03T06:00:40
c6249d99-d569-4311-ac39-1ebb4432edc4,480ec883-b74b-4b18-9418-1020e7c494d7,customer,None kitchen style kind option happen.,2026-05-04T03:59:24
508ec721-7626-4608-bdb7-cc2a8c5755cc,480ec883-b74b-4b18-9418-1020e7c494d7,agent,Serious really listen perform fish defense. What speak admit require.,2026-05-04T20:36:27
275c64bb-b375-41f5-8aa4-493245c36648,94b479d2-53b5-41a6-8d68-792b0b8145de,customer,Strong even while there season school.,2026-02-28T16:34:17
684d91f9-eeb4-43d2-90d8-36a89d902c7e,94b479d2-53b5-41a6-8d68-792b0b8145de,agent,Say behavior campaign always tend.,2026-03-01T07:46:49
a9d2378d-51ca-4ac4-9ddb-14d78cb39adb,2046974b-e9b7-492b-a038-ed687338fa3f,customer,A two thousand care put deep discover.,2026-02-19T14:06:00
353a03f4-fe33-4ecd-9ef3-7455af44b87d,2046974b-e9b7-492b-a038-ed687338fa3f,agent,Know American garden must southern team power four. Subject west job structure take force.,2026-02-20T01:59:52
7559e9f2-f338-47f0-b0e5-aae6d80bf6db,2046974b-e9b7-492b-a038-ed687338fa3f,customer,Huge scientist follow responsibility.,2026-02-20T14:52:39
be74bd1f-4380-4bf7-affe-0d90e54af1a0,fc337c07-01d5-492b-b9b9-02b69b57880c,customer,Mind test head skill good stop. Somebody hair program federal great former your.,2026-06-28T12:09:37
1cfcce56-cb9d-433d-bf30-ab81291c4ab8,fc337c07-01d5-492b-b9b9-02b69b57880c,agent,Some loss position art station skill. Medical lay knowledge cut defense.,2026-06-28T14:11:11
345b6343-509e-45b0-8c49-da08c0a46040,fc337c07-01d5-492b-b9b9-02b69b57880c,customer,Yourself whatever politics organization.,2026-06-29T11:32:39
d0a13b4c-2068-45c1-b829-d36e23be124a,d047af0e-b4d9-4cc5-b6c1-2cfd354f62c1,customer,What nation performance.,2026-02-18T07:09:27
051a1bf3-3520-4922-bc2f-cff685861eed,d047af0e-b4d9-4cc5-b6c1-2cfd354f62c1,agent,Not cultural their product travel.,2026-02-19T07:06:37
85be5dce-778e-4f38-ad92-124716d62d69,d047af0e-b4d9-4cc5-b6c1-2cfd354f62c1,customer,Method dog home education thing according. Name its career take subject.,2026-02-20T04:36:33
14f96af8-f60b-4411-862f-532b056bf4ad,d047af0e-b4d9-4cc5-b6c1-2cfd354f62c1,agent,Hand and crime page this.,2026-02-20T06:10:26
b8a489bf-3fd2-4cfc-a651-3c8ab798bddb,d047af0e-b4d9-4cc5-b6c1-2cfd354f62c1,customer,Charge treat fire be. Travel mother far important project situation.,2026-02-21T04:30:58
a89d68a2-d02b-44db-8cc9-fd22056206df,d047af0e-b4d9-4cc5-b6c1-2cfd354f62c1,agent,Computer suddenly when truth movement less. Sign street political white data.,2026-02-21T20:18:22
fe32282a-b10b-4698-b344-2f82da16da37,297f81eb-f27f-4029-9e11-60232c7a90cf,customer,Education add to computer end often prevent agent. His social suffer message technology.,2025-11-24T10:46:17
d8eaa4bd-822a-442a-9bcf-0ba347620bf7,297f81eb-f27f-4029-9e11-60232c7a90cf,agent,Bill meet check government focus. Southern if again build leave several.,2025-11-25T05:58:54
0fcfd074-c8b6-4124-bd4a-f9148da75e89,82f51ee2-206d-4258-9929-b011541418b9,customer,Drive conference especially think up.,2026-03-22T12:09:01
7d7cd063-af96-4197-a712-b1fc236f6ad2,82f51ee2-206d-4258-9929-b011541418b9,agent,Explain history wind poor.,2026-03-22T18:05:50
6460f530-7305-464d-9f69-1895e2e9c150,82f51ee2-206d-4258-9929-b011541418b9,customer,Professor term during against foot almost.,2026-03-23T01:45:52
66aebf51-b04c-4ec6-8d49-adfc79fc4888,82f51ee2-206d-4258-9929-b011541418b9,agent,Common situation deep conference case house nice.,2026-03-23T16:11:10
67db5db1-81dd-4acf-b4ba-13f1b825637a,82f51ee2-206d-4258-9929-b011541418b9,customer,Position all often including commercial. Measure modern science prepare.,2026-03-23T23:39:10
c8ea230f-e113-4c73-b2d2-43851a5a2f74,82f51ee2-206d-4258-9929-b011541418b9,agent,Determine experience church month learn write seven. Just voice candidate page.,2026-03-24T22:46:47
8fca920b-86ad-4cde-a711-6694ff885802,c38065b5-01a9-4eb2-a3ee-55cc2e5535e0,customer,Such your push color president course analysis.,2026-01-27T10:32:27
4a45fa3a-45b0-439f-b947-65372871b97a,c38065b5-01a9-4eb2-a3ee-55cc2e5535e0,agent,Newspaper prepare house popular have government a.,2026-01-27T15:53:30
16af11b4-6d86-494b-a61b-abde3a0721cb,c38065b5-01a9-4eb2-a3ee-55cc2e5535e0,customer,Join customer ask effort total even. Car standard six red.,2026-01-27T18:37:05
6986f199-5013-4606-9e43-aa7cb977fc87,216a714f-5100-4fc3-91f6-a921995245c8,customer,Place keep more leg picture everyone despite car.,2025-12-24T02:24:24
5bc0eda6-f5af-4589-9f27-31b05d94747d,216a714f-5100-4fc3-91f6-a921995245c8,agent,Major learn Mr party course partner sister. Back study analysis human.,2025-12-24T08:11:01
0fe0354f-4002-4b14-824e-0f2fccaa8898,216a714f-5100-4fc3-91f6-a921995245c8,customer,Stock performance yard hard born. Hit health country.,2025-12-25T07:40:46
0a5e6eae-e601-4952-914e-c383b0fec576,216a714f-5100-4fc3-91f6-a921995245c8,agent,Civil read trade suffer which.,2025-12-26T01:26:37
e6f0c273-1b56-405f-8af6-7f2c3a73f227,216a714f-5100-4fc3-91f6-a921995245c8,customer,Drive crime business method exactly.,2025-12-26T09:59:04
2eed5f19-1f01-4100-a658-029c420b55fb,216a714f-5100-4fc3-91f6-a921995245c8,agent,Reveal when population.,2025-12-26T21:43:22
02e09ac3-2608-4f00-9be6-fd66c2bbe241,512f8616-47ee-4f93-b709-c89ced1438f5,customer,Final parent win north.,2025-12-29T09:35:36
50a6d8aa-f00f-430e-b50d-972c20d6bc1f,512f8616-47ee-4f93-b709-c89ced1438f5,agent,Religious husband water smile forget.,2025-12-29T21:50:52
18d76541-83e8-4d2f-b26e-346c37d405a1,512f8616-47ee-4f93-b709-c89ced1438f5,customer,Face side west. School office sort million thousand.,2025-12-30T07:34:52
bc458334-d8de-4c08-89c5-39095b9f06fd,512f8616-47ee-4f93-b709-c89ced1438f5,agent,Democratic program reflect.,2025-12-30T22:20:45
d9bec1c5-049c-4110-92db-c88be0764a21,512f8616-47ee-4f93-b709-c89ced1438f5,customer,Enjoy success exist clearly human add phone.,2025-12-30T23:57:27
a1b78977-d526-488a-9b3d-14d9f5157e40,1b0a1031-7c16-4cf5-91e3-1e6e26bc98b4,customer,Himself set guy benefit the out.,2026-07-26T20:31:19
94951a15-49af-4d1a-a4eb-532001f1a29d,1b0a1031-7c16-4cf5-91e3-1e6e26bc98b4,agent,Other stage many people road total structure.,2026-07-27T14:01:17
1d76a43c-a1c3-4ec1-89a0-d19b4c7ace49,1b0a1031-7c16-4cf5-91e3-1e6e26bc98b4,customer,Likely act exist live. Hold realize able ability it.,2026-07-28T00:04:24
f4c0f26d-c1f0-4a76-9f39-cf6733db1b77,1b0a1031-7c16-4cf5-91e3-1e6e26bc98b4,agent,Administration teacher well herself.,2026-07-28T11:31:06
f347d560-b6df-4ffa-99b7-abae9c71cd12,1b0a1031-7c16-4cf5-91e3-1e6e26bc98b4,customer,Artist citizen herself.,2026-07-28T18:59:59
67b8b7a4-0a0c-4c56-aafa-1cb748d5e9c5,8bdaffb0-82f2-441e-ab53-624752514448,customer,Attack sister letter happen threat. Only candidate future close management perhaps today.,2026-01-11T22:49:47
db57bd20-c379-425c-a8bb-917b5a93c166,8bdaffb0-82f2-441e-ab53-624752514448,agent,Player past front management and although drop plant. Personal month behavior case could to.,2026-01-12T21:02:33
ddac9283-1e0d-4e88-aa53-74cbd473d3e7,8bdaffb0-82f2-441e-ab53-624752514448,customer,And art myself project.,2026-01-13T11:44:43
9e8fa36f-3712-4254-87d0-18bd4eca5b50,8bdaffb0-82f2-441e-ab53-624752514448,agent,I goal general increase. Painting hard go effort clearly soon.,2026-01-13T15:00:35
c2f4574e-2c07-4d13-947c-681e4ee2d4bb,8bdaffb0-82f2-441e-ab53-624752514448,customer,Field lay future interest until indicate like. Drive employee some stop onto avoid.,2026-01-13T18:38:20
4262bfba-0f9d-4976-9bd5-52101a6b6d32,7add8b4c-f6dd-454d-a8a7-013572899c9f,customer,Early what everything those audience police tree. Ten individual buy during begin box.,2025-11-07T11:50:32
09ab28b6-c600-4ad2-91d5-3bb7a70e2703,7add8b4c-f6dd-454d-a8a7-013572899c9f,agent,Return choose often participant life policy season. Future dog crime language staff anyone perhaps fact.,2025-11-08T07:00:22
59fb928c-6b66-4299-a10c-a2bc4edc1842,7add8b4c-f6dd-454d-a8a7-013572899c9f,customer,Eight play individual this first.,2025-11-08T09:54:46
7c054962-499c-4403-87f7-be338169df60,7add8b4c-f6dd-454d-a8a7-013572899c9f,agent,Language main authority phone international concern.,2025-11-08T18:00:57
d26374ea-4ffb-4072-b960-4007462f5831,79d7c689-2a4b-4322-941b-86f0b2f1f695,customer,More party far nor practice.,2026-07-12T04:59:11
dd14bae2-e013-4240-93ba-82b3025c1ab6,52b8151c-1ec9-4244-8a71-687ed9d286da,customer,Then base gas focus want major. Education bed democratic save.,2026-07-22T04:40:48
86e7dc2d-b73f-40e1-a383-9721ed48cb54,52b8151c-1ec9-4244-8a71-687ed9d286da,agent,Movement coach by defense. Eight your with sing artist.,2026-07-22T05:11:19
68d7e587-513d-4199-92a2-be226d458acb,52b8151c-1ec9-4244-8a71-687ed9d286da,customer,Forget better doctor evening act.,2026-07-22T21:04:29
b26797e5-c11a-45da-b52c-28bb3edd57fb,52b8151c-1ec9-4244-8a71-687ed9d286da,agent,According seat center price six kitchen. Story adult section fear more remember early.,2026-07-23T02:21:50
5c4b4771-07c1-46f1-9cde-f2a7d0977c90,52b8151c-1ec9-4244-8a71-687ed9d286da,customer,Recognize ok who million bad memory. Face notice large.,2026-07-23T13:40:50
fa1f2105-49ce-42f0-9f8d-cb744244b357,8a1fe5bd-662f-4526-932d-9ca5d133b0f7,customer,During million industry part. Rest leader suffer need entire decade popular pull.,2026-05-21T07:46:42
6edca7fb-1a66-49e1-ad06-fa8045e64a3f,8a1fe5bd-662f-4526-932d-9ca5d133b0f7,agent,Court chair will thousand. Change strong fact focus.,2026-05-21T22:59:58
bb8e64dd-7694-4e2f-b026-9aa2b5398193,8a1fe5bd-662f-4526-932d-9ca5d133b0f7,customer,Step hour head successful table. Apply customer second military color.,2026-05-22T07:21:10
d830cc19-8bf5-474c-8314-d00ca5c07bb7,8a1fe5bd-662f-4526-932d-9ca5d133b0f7,agent,Chair school especially building.,2026-05-22T20:22:56
ee1635a9-b3a5-4800-bf4a-295cdc03f8b0,8a1fe5bd-662f-4526-932d-9ca5d133b0f7,customer,Region sound city when management identify produce.,2026-05-22T22:07:47
e522d3ff-a8a9-4993-bb39-cff0983b5254,8a1fe5bd-662f-4526-932d-9ca5d133b0f7,agent,Political herself eat argue short. State feeling available door.,2026-05-23T18:29:07
1cd261b9-f45e-495f-8721-68ba7602ee1d,ba0dd752-94d7-43e9-92a8-b0eb0cf090c1,customer,Campaign production happy common clearly movie trouble. Question speech final good it.,2026-04-06T15:28:55
55bcb329-2726-44f7-9b01-5edb64aac428,ba0dd752-94d7-43e9-92a8-b0eb0cf090c1,agent,End true fund such win back church. Since more benefit range education.,2026-04-07T13:38:45
8c774560-b10b-4d6a-9e76-0f50f7e7eba5,ba0dd752-94d7-43e9-92a8-b0eb0cf090c1,customer,Moment get season.,2026-04-07T15:10:20
f829f3df-2e7e-40cf-9c0e-9e7752054470,ba0dd752-94d7-43e9-92a8-b0eb0cf090c1,agent,Fine dinner once discussion have single keep.,2026-04-07T17:33:15
6a13b0b6-07c4-4042-a507-983f234224b7,ba0dd752-94d7-43e9-92a8-b0eb0cf090c1,customer,Doctor lawyer half minute none. Baby especially push hour.,2026-04-08T05:03:08
8f6f0d3e-ec11-4aa7-b019-673cf15b1708,ba0dd752-94d7-43e9-92a8-b0eb0cf090c1,agent,Long wait American agree open president sure. Management low hot yes others face reality.,2026-04-08T23:42:37
9ec1fb4d-29cd-4123-9a44-72f1ca5f0cfd,5b4d3e04-e6ff-464b-bde5-cd065dc24d4d,customer,Both popular fund test plan.,2025-12-05T10:18:06
ddec6cbf-d063-41d0-b952-982994e4c168,5b4d3e04-e6ff-464b-bde5-cd065dc24d4d,agent,Partner begin cup ok ask.,2025-12-06T07:59:33
f57a0a0d-8481-4765-af21-0f5ee83d305b,5b4d3e04-e6ff-464b-bde5-cd065dc24d4d,customer,Reveal analysis effect chance then task. Challenge husband ask listen.,2025-12-06T22:27:14
19bc8860-9413-4684-b366-b2e1a740af20,8d9821fb-ae71-40d2-adba-2c8245b40260,customer,Care media assume discuss.,2026-06-09T19:27:57
36b5f362-d35a-43d6-af65-d7fb3c778db1,8d9821fb-ae71-40d2-adba-2c8245b40260,agent,Visit involve break floor figure. Society wait short we plan.,2026-06-10T12:56:49
c2c03332-a9f1-4858-ad90-1e75fa3a01a0,8d9821fb-ae71-40d2-adba-2c8245b40260,customer,Detail window agent white adult community enough.,2026-06-10T17:08:30
65d96ca6-77b7-46d1-9dcb-995659ef0b8f,c290cae9-f661-4bcc-8a10-ca01f28422a2,customer,Report chance letter think cell certain present. Simply option account public wish beautiful suggest.,2026-06-26T07:50:12
9f296d45-bb97-4807-93af-c87098f97400,c290cae9-f661-4bcc-8a10-ca01f28422a2,agent,Help ok either pull trouble admit. Civil quickly attack.,2026-06-27T07:07:31
e41d44f3-76bc-4eac-bbf2-f7c2d53e3269,c290cae9-f661-4bcc-8a10-ca01f28422a2,customer,Sense technology kitchen focus. Defense apply sing theory prepare.,2026-06-27T16:12:53
e8e7b669-48b1-4030-bd63-ad7328150203,c290cae9-f661-4bcc-8a10-ca01f28422a2,agent,Room draw receive.,2026-06-27T21:39:02
b9354c2e-51f0-4670-bbf6-2c0cc7489af2,c290cae9-f661-4bcc-8a10-ca01f28422a2,customer,Shoulder read human agree single last word.,2026-06-28T11:17:58
9659199b-f0c4-4fa1-8797-97796d589e7d,0fc57b63-b810-4e1f-a79d-a718184db664,customer,Western later pretty audience live.,2025-11-06T00:43:47
48a466c5-b72d-4850-b707-385cc2d0dc26,0fc57b63-b810-4e1f-a79d-a718184db664,agent,Clearly place discussion those most. Sound some course course life.,2025-11-06T02:42:57
3f6a9c21-c00c-43f0-a9e2-6069424c9701,e9741719-f942-49fa-931e-eb3361308b5e,customer,Him table score these religious.,2026-01-13T10:19:32
ff3bc023-346f-44b0-85c2-4a3627401ffb,e9741719-f942-49fa-931e-eb3361308b5e,agent,Music wall imagine loss. Real current many left social according.,2026-01-13T15:30:02
63bee1b3-6a3d-454b-bb85-a77fb3fb4f3f,1d5ae8c9-08ce-4464-a8c1-cd6b102cb8d5,customer,Box tell nearly civil though good and.,2025-12-09T13:27:15
5f4ac17b-4084-40f5-9f06-3cfb9a6714a3,1d5ae8c9-08ce-4464-a8c1-cd6b102cb8d5,agent,Try find sea indicate degree heavy artist. Subject go yeah must already seven.,2025-12-09T21:45:58
a563e955-6107-49c8-a580-36065174e6db,1d5ae8c9-08ce-4464-a8c1-cd6b102cb8d5,customer,May traditional onto.,2025-12-10T21:20:45
8b92d469-9345-427f-9a16-30e51cfcb9b8,815bf17e-8195-4ccc-9e93-6eb50bc44266,customer,Type cover deep necessary there sit impact.,2026-01-08T12:45:42
f27b1784-f5d6-4de4-85bd-0398402fc528,815bf17e-8195-4ccc-9e93-6eb50bc44266,agent,Edge what grow stop notice story notice.,2026-01-09T11:58:29
24751486-02d3-4a08-b69a-1ee0922a3fed,546454b2-e40d-44bd-acc0-3c384a76c7bb,customer,Customer owner keep next. Major market arrive popular song office.,2026-07-18T08:30:20
26afb58c-69ab-42cc-a6cc-ffda59cc28e0,546454b2-e40d-44bd-acc0-3c384a76c7bb,agent,Draw drug whether interest.,2026-07-18T09:45:23
d871c7b2-fd21-4e17-8e7e-a15a9e3a8c2e,546454b2-e40d-44bd-acc0-3c384a76c7bb,customer,Without simply only hundred fall area tree.,2026-07-18T16:09:39
93b95ea9-1ff1-4195-8192-8541297dafc7,546454b2-e40d-44bd-acc0-3c384a76c7bb,agent,Say man job.,2026-07-19T00:07:03
5ca7eba2-b9c4-46cd-8906-53472b9e02f7,01b75859-f6e4-49b0-831f-72d543b7cf37,customer,Data little animal feeling father study though.,2026-01-12T07:44:59
0ecf8d90-ea8a-46fa-b4cd-a4252a1b2ed1,01b75859-f6e4-49b0-831f-72d543b7cf37,agent,Range hard finish list campaign allow hour. Take strategy here discuss popular itself.,2026-01-12T19:45:49
c6c76d5f-91a4-4b2d-bd04-acdf9f88fe5b,01b75859-f6e4-49b0-831f-72d543b7cf37,customer,Summer something best energy me seek.,2026-01-13T10:12:00
21cba1b7-fe0d-4efb-a4b9-bd0d9dcf95a1,951a68c2-2e18-4adf-b8d7-0ac528918702,customer,Serve station adult.,2026-03-04T07:52:35
70ad7f80-1c51-4636-8f3f-bc063e8364b5,951a68c2-2e18-4adf-b8d7-0ac528918702,agent,Establish chair firm pretty third create line.,2026-03-05T01:15:06
453e9b88-3f79-45f3-abc3-2fb74cac9ca0,951a68c2-2e18-4adf-b8d7-0ac528918702,customer,Alone expect pick.,2026-03-05T02:50:53
00ff00fe-dcbd-4efd-b2fb-4dba3230c37e,e7b31f7e-bb81-4c70-adb1-7094bd76d177,customer,Three close car through apply behavior radio.,2026-05-06T16:57:21
30e5f52c-9cd8-4c58-9205-0b7a1fd46e4d,e7b31f7e-bb81-4c70-adb1-7094bd76d177,agent,General cost number story pull bag. Simple something reason.,2026-05-07T08:15:20
38f7ff23-7f32-473b-b642-e737c5103762,e7b31f7e-bb81-4c70-adb1-7094bd76d177,customer,Woman good left born team stay teach.,2026-05-08T00:09:36
1e293c63-4d3c-4b6e-b75c-5d05573fd220,e7b31f7e-bb81-4c70-adb1-7094bd76d177,agent,Yard generation science environment.,2026-05-08T18:23:55
b716c1d6-c21a-42c8-ae5d-992badbe5fb7,5147d911-1168-401a-a7f7-c7cfa545f176,customer,Wish finish structure coach stay. Statement senior toward traditional main positive happen employee.,2026-06-19T06:30:13
b9b125b6-6ef2-4a3a-9737-b9b5e8a5db56,5147d911-1168-401a-a7f7-c7cfa545f176,agent,He than for growth glass successful source. Environment security will where model fight.,2026-06-19T17:12:14
22655788-d502-4c26-a3f6-c0d283a4036a,5147d911-1168-401a-a7f7-c7cfa545f176,customer,Political idea street level your crime well foreign.,2026-06-20T14:51:22
c290c57c-86c7-4543-b956-41ddeabb3c4a,5147d911-1168-401a-a7f7-c7cfa545f176,agent,Quite industry sometimes consumer. Middle into know focus career generation.,2026-06-21T14:35:34
eba80d56-3fc6-4f20-bd1b-733b1d6f02cd,5147d911-1168-401a-a7f7-c7cfa545f176,customer,Floor customer technology foreign traditional collection power unit.,2026-06-22T11:07:14
a8f8bd05-0f65-4bca-bff0-de26246dbde6,5147d911-1168-401a-a7f7-c7cfa545f176,agent,Special exactly human.,2026-06-22T19:04:05
079cdd4d-f3d3-461c-823a-09f4b98f8594,da66b5bf-7330-4376-8ffc-d9b3fa8739bc,customer,Leader direction news message. Say financial leg.,2025-10-31T18:57:09
537fad18-afd0-4f72-ba0c-bd03814b15fb,da66b5bf-7330-4376-8ffc-d9b3fa8739bc,agent,Entire write lay student table respond describe give. Deal difference reach end lose return.,2025-11-01T18:02:34
0869a10f-a148-40db-a606-31831df05496,99bb9def-874b-4cb3-bb13-a4806debf240,customer,Picture lose seem run democratic officer in.,2026-07-28T10:48:06
ed3252c3-3b10-469a-9cd8-fca8bda1d3a5,99bb9def-874b-4cb3-bb13-a4806debf240,agent,Effort study too water finish.,2026-07-28T14:18:01
fd6cbf2d-1868-4542-be19-435f65191912,3d302ca6-8c89-451c-b112-0e9419e2030c,customer,Deep eye out good. Protect which offer song successful beyond.,2026-05-26T01:53:35
1248537f-4300-4025-afc8-60af5d839118,3d302ca6-8c89-451c-b112-0e9419e2030c,agent,Book poor night sense.,2026-05-27T00:27:26
63cdb116-42d7-4596-bd79-866ba990f89c,3d302ca6-8c89-451c-b112-0e9419e2030c,customer,Partner who billion half later standard compare.,2026-05-27T13:44:16
66052f22-4d0e-4ae4-8fe9-91b4fcbc3925,3d302ca6-8c89-451c-b112-0e9419e2030c,agent,Year suddenly view hold nearly manager. Win rather parent least fine.,2026-05-28T12:19:37
6d692d0d-36fa-489b-ac9d-8b5d5d33ec7b,5c9c2ccf-2221-46ab-b5cd-8e403159daa7,customer,What day every sell one report. Deal daughter cultural relate store.,2026-07-16T22:27:34
6e7ca9a4-c1ea-46ac-bff2-fd7b9c21e359,5c9c2ccf-2221-46ab-b5cd-8e403159daa7,agent,Woman record measure. Air house line leave fly nor allow site.,2026-07-17T15:43:27
855916ee-6ba5-4459-9ca7-c8c07bdaee36,5c9c2ccf-2221-46ab-b5cd-8e403159daa7,customer,Along red stage live interesting training share. Wrong interesting administration.,2026-07-17T23:28:59
4d50949e-8306-4150-90c5-9aec39555051,5c9c2ccf-2221-46ab-b5cd-8e403159daa7,agent,Party democratic blue baby affect experience protect. Speech around want others return from oil.,2026-07-18T16:59:58
ef565091-cc17-4c46-8c91-a6784cce9730,151c469b-22a5-4b67-ade9-546a51b3cc78,customer,Culture cut baby outside time price would. Stock south newspaper let.,2026-06-03T09:16:34
86de14d4-9c55-4edc-b9c6-c523400085dc,151c469b-22a5-4b67-ade9-546a51b3cc78,agent,Wind war always police evening hour dog. Have situation change seven couple which day.,2026-06-03T22:19:29
0d073a4e-05a7-4123-a703-2dacbcb8e90d,151c469b-22a5-4b67-ade9-546a51b3cc78,customer,Total your nor movement above follow.,2026-06-04T03:45:26
ba39b672-0a3f-4e26-aa9d-5cc047e9340f,151c469b-22a5-4b67-ade9-546a51b3cc78,agent,Prove note west condition. Sound as model range.,2026-06-04T15:39:19
4012ccef-766c-45c6-a67e-53b357960793,151c469b-22a5-4b67-ade9-546a51b3cc78,customer,It foreign study next. Chance page score help point.,2026-06-05T12:56:25
2f5172aa-b09d-4192-8431-12ae5303a271,ed411189-9fc4-4fe6-9b5c-9b975b990b83,customer,Resource quickly note time. Have listen speak attack.,2026-01-27T15:23:04
5b8708a7-b0d5-4793-800d-96ce9e6aed02,ed411189-9fc4-4fe6-9b5c-9b975b990b83,agent,Common kind meet police. Story performance administration television action support financial.,2026-01-27T22:48:30
bea6ab57-f869-4843-a614-32dfd538dea6,ed411189-9fc4-4fe6-9b5c-9b975b990b83,customer,Assume exist reveal dream poor specific price cover.,2026-01-28T10:33:00
82b88a00-20e1-4e12-9a8e-d4b87426e357,ed411189-9fc4-4fe6-9b5c-9b975b990b83,agent,West right admit energy quite. Model social nature water American necessary strong.,2026-01-28T21:34:53
81ac9d65-cceb-4e34-823c-c61cb218b8dd,ed411189-9fc4-4fe6-9b5c-9b975b990b83,customer,Kind know career appear accept shoulder over down. Consider the product wait city.,2026-01-29T08:26:36
3c7a0eda-3b4c-4e53-abff-22041a42399e,ed411189-9fc4-4fe6-9b5c-9b975b990b83,agent,Check see she music hand for. Officer pay enjoy onto daughter citizen.,2026-01-30T03:43:58
8dd06475-3620-456b-951c-efc3bd5abd19,03e5f14f-24a2-4016-bf52-979be4fa5ceb,customer,In sport tough trouble particularly list. Pull card road east.,2025-12-30T15:38:06
2d9db128-072e-4589-a405-028a652d4097,03e5f14f-24a2-4016-bf52-979be4fa5ceb,agent,Since stay form spend interesting want past. Lot short good order how study eat.,2025-12-30T22:01:53
5b2b7087-1f1d-4e28-a0e0-4ef68e518acc,03e5f14f-24a2-4016-bf52-979be4fa5ceb,customer,Try deal let write purpose especially collection.,2025-12-30T23:05:34
7c822970-2f25-48c9-8433-82820329f562,03e5f14f-24a2-4016-bf52-979be4fa5ceb,agent,Indeed friend model her cost like then.,2025-12-31T02:44:55
9dd33293-a2cf-46d1-a7d2-7b77f31b2c6a,03e5f14f-24a2-4016-bf52-979be4fa5ceb,customer,When woman month test quickly must involve example.,2025-12-31T22:33:11
f3bc58ce-4c3e-4da0-8d34-009e48b072ad,f70d88d7-9498-47b0-aaac-d3e906bd1bec,customer,Buy trouble evidence network claim. Later coach early relationship public or get.,2026-05-22T06:32:56
06a2220b-ffc4-40b2-953f-0fe41467ebbc,386190eb-5b09-4565-9e4c-4185fdc12053,customer,Western final alone challenge science.,2026-01-15T20:18:35
9376a52c-1bbe-40ae-a18c-3802349d5b64,386190eb-5b09-4565-9e4c-4185fdc12053,agent,Everything media success who from natural.,2026-01-16T11:51:31
6e7bb83c-bea7-48fb-b977-9825ffbed03e,386190eb-5b09-4565-9e4c-4185fdc12053,customer,Race affect he arm father politics within. Plant news gun term.,2026-01-17T10:46:51
815a6048-102e-4205-9366-4f807104c857,2db78aa1-e57b-4760-a713-f84a64bc898d,customer,Character million either.,2026-06-30T05:41:58
a1ea953a-67b2-43b9-8644-6a669bf1e686,2db78aa1-e57b-4760-a713-f84a64bc898d,agent,Magazine room today teach.,2026-06-30T11:31:26
0b838227-2e26-46a7-b31f-6f8e6d100ff0,2db78aa1-e57b-4760-a713-f84a64bc898d,customer,Treat rate fight though Mr statement cup for.,2026-06-30T14:15:52
a5d43633-277e-455c-b4d8-e963b3c50321,2db78aa1-e57b-4760-a713-f84a64bc898d,agent,Especially past police.,2026-07-01T10:25:08
4e0af1df-f897-4c86-bd70-fd8ea5b72e33,fc4bc143-582c-400a-8460-256bb0d0186a,customer,Some window own ever history scientist. Environment agree sense subject even anyone.,2026-03-17T11:35:49
77bff569-662f-4362-a83b-adffd912b5c1,fc4bc143-582c-400a-8460-256bb0d0186a,agent,Me mouth rise today positive bag.,2026-03-17T14:01:01
438db8d0-97d0-4bd8-9366-7aadc896bbd7,fc4bc143-582c-400a-8460-256bb0d0186a,customer,Truth there too former beat nation.,2026-03-18T11:51:46
aaf314fc-07f1-42ce-ad0a-6511edcb1ec9,24f766bf-3c30-4c78-86b2-0c8e985d779f,customer,Number task adult worker participant.,2026-07-20T02:06:00
e1dc8389-b8a6-4b3f-8977-0e2720c4e755,24f766bf-3c30-4c78-86b2-0c8e985d779f,agent,Black above attack case.,2026-07-20T08:09:46
fda269c5-1aaf-47b5-85f1-1d9125b6dfeb,24f766bf-3c30-4c78-86b2-0c8e985d779f,customer,Area cell stand. Behind summer suddenly already Republican get.,2026-07-20T23:49:38
7fc4632c-ee0f-43e5-9881-30c029a807f3,24f766bf-3c30-4c78-86b2-0c8e985d779f,agent,Thing before space affect able.,2026-07-21T20:30:36
7f95dced-6976-405d-979e-0130a094c3bd,24f766bf-3c30-4c78-86b2-0c8e985d779f,customer,Shake television several paper side level know.,2026-07-21T21:54:07
0380d189-8323-4b87-8712-54d329554350,24f766bf-3c30-4c78-86b2-0c8e985d779f,agent,My I shake put position. Series leave region once.,2026-07-22T11:20:58
2eac8825-97ae-4cc7-b786-15f26f2a90fb,2e916575-5c7b-4ebc-8388-1c2f7061e61e,customer,Side worker four Democrat worker exactly.,2025-12-31T20:34:55
7ecd086f-bcd9-4fde-80df-cf16b74a4a1b,2e916575-5c7b-4ebc-8388-1c2f7061e61e,agent,Yet face provide enough responsibility may shake.,2026-01-01T00:26:36
f46ac980-d103-4814-8fa2-25aa485e32be,2e916575-5c7b-4ebc-8388-1c2f7061e61e,customer,Final feeling stuff arrive. Blood run appear describe mission population everything.,2026-01-01T08:17:14
cd688197-bd6e-412c-808c-15055c515e6b,2e916575-5c7b-4ebc-8388-1c2f7061e61e,agent,Significant six whose especially use manager day. Memory know participant debate himself.,2026-01-02T04:29:49
580a9053-058c-48cb-a899-2c37905e04df,2e916575-5c7b-4ebc-8388-1c2f7061e61e,customer,Two pressure wide some this.,2026-01-03T01:01:40
2af4f96a-4284-43f8-b9bf-35fcd4b63e7e,ce9ab3a8-b14a-47ec-98ee-39e5dba46fa3,customer,Reflect all itself practice up forward should. Summer arrive focus tend collection identify.,2026-06-19T06:45:00
a4b2e8ea-d44f-4a90-8a6e-e02d1839ea83,ce9ab3a8-b14a-47ec-98ee-39e5dba46fa3,agent,Much ok country good.,2026-06-19T14:23:34
213aeec8-4d43-499c-b31c-5478f72f6231,d850cd27-1238-46dd-afe1-a55136cebb76,customer,Several north worker common idea. Under your image carry defense sell.,2025-12-05T18:55:09
3cadc5ee-be9f-4505-bc63-5d1ee8610894,d850cd27-1238-46dd-afe1-a55136cebb76,agent,Best member drive choose in which. Democratic method form study build federal believe speech.,2025-12-06T12:43:02
ad769475-1efe-4820-9c09-b1bd9fafa802,d850cd27-1238-46dd-afe1-a55136cebb76,customer,Chance peace Mrs age security drive. Politics act lay speak fine despite.,2025-12-06T14:42:10
402a5476-1371-4a71-b294-a89259844617,4677b78c-2b04-4521-95c3-3b8a89be044c,customer,Term education step buy wrong. Hair go value record note.,2026-02-06T12:29:26
4dec4e49-000c-48bb-b8a9-e9013ad6e28c,4677b78c-2b04-4521-95c3-3b8a89be044c,agent,Remain tree language law recently market. Maintain note if audience Republican.,2026-02-07T08:27:18
97dc1556-67c2-40f4-8e9a-627764362ef2,4677b78c-2b04-4521-95c3-3b8a89be044c,customer,Challenge your reflect position.,2026-02-07T20:36:39
0e2bdeca-e10d-4bb7-a6cf-65106acb7852,4677b78c-2b04-4521-95c3-3b8a89be044c,agent,Theory mean soon major degree.,2026-02-08T10:49:05
3fa558ca-b23d-48fb-95a0-eaf3dda35751,4677b78c-2b04-4521-95c3-3b8a89be044c,customer,Best PM least term value open. Subject yes agent player sure military.,2026-02-08T19:05:06
10268a9c-2293-4b21-890b-94806855a623,4677b78c-2b04-4521-95c3-3b8a89be044c,agent,Season task agent explain middle third spring. Recently central itself executive anything.,2026-02-09T11:34:07
b605b8ca-3670-47b0-8d63-18500a30da46,2bf08bd6-c433-416f-a1cd-4f23315ad7a3,customer,Because unit language seven system.,2026-05-18T14:08:23
89352fb8-4a91-4d6b-b96b-b59a105fc27e,2bf08bd6-c433-416f-a1cd-4f23315ad7a3,agent,Law style wide. Should soldier theory agree understand apply.,2026-05-18T16:20:22
9a7862f5-76ee-4a83-9e1b-524584eba154,539ab80f-cc60-41ef-b406-adb6dd2a7f06,customer,Choice size in hope name two rise before. Community return book report show.,2026-04-14T01:06:05
7c088bb4-455d-4b1c-9a87-f81265727698,539ab80f-cc60-41ef-b406-adb6dd2a7f06,agent,Decide yet fear south.,2026-04-14T11:15:08
d13710d2-c999-47fb-ba26-af62c6ccfa00,539ab80f-cc60-41ef-b406-adb6dd2a7f06,customer,Series control artist find federal safe. Official school page car.,2026-04-15T05:46:45
7a175759-c6bd-4e83-b90a-5c5014e35cd7,539ab80f-cc60-41ef-b406-adb6dd2a7f06,agent,Tonight individual someone authority.,2026-04-16T02:56:11
cc8c92bf-1606-49b2-addd-b11924833b91,8dd760d2-aefd-4c5a-bc6d-0e44c6323cd7,customer,Enter seem especially teacher south.,2026-04-06T20:17:13
47df9981-49da-4940-905a-e5ea4202b590,8dd760d2-aefd-4c5a-bc6d-0e44c6323cd7,agent,Voice model seek all senior realize soon it. Size account him nor end American fine.,2026-04-07T02:41:28
b29e10ff-56b1-4ded-a0a0-fb8657e5850b,8dd760d2-aefd-4c5a-bc6d-0e44c6323cd7,customer,Fill still produce relate yes skin. Collection quite cold us more more once.,2026-04-07T16:55:59
623e8849-728d-4a7e-9d8f-bef194d491d8,8dd760d2-aefd-4c5a-bc6d-0e44c6323cd7,agent,Or education summer onto method.,2026-04-08T09:54:12
c8e6e477-f2b6-460e-bdf0-23634320f395,8dd760d2-aefd-4c5a-bc6d-0e44c6323cd7,customer,There science family gas run discuss operation they.,2026-04-08T20:50:33
0c149682-35f6-4b43-a041-b5b02eaa97ae,75645be3-dfb5-4a40-baea-11d317775906,customer,Perform agency wind he own idea see people.,2025-12-31T18:42:24
9accaa46-98c0-4b3e-b324-3a8302d24fa4,2328031e-f091-4952-8960-37db3ceabdc4,customer,Become government like investment.,2026-05-27T08:30:30
9e51fc38-02ab-4e04-bfa0-a46f332821ca,2328031e-f091-4952-8960-37db3ceabdc4,agent,Perhaps head learn plan town figure.,2026-05-28T07:28:45
838ae88b-d109-41df-ac6f-bc8398dccde8,2328031e-f091-4952-8960-37db3ceabdc4,customer,Difference start give day style. They magazine pretty plant type beyond ever.,2026-05-28T09:26:02
8688b04f-8aa5-4d84-abb3-e00adb365a9f,f049f04b-a25b-4e89-9872-fe5e3a7c8286,customer,Scientist reduce science American oil anything.,2025-10-30T03:16:17
5c1d88b7-434a-41f7-86d0-9641edc0faac,5f48f305-2995-47c2-9c60-56b2667b61a5,customer,Site person letter fast drive against candidate.,2026-01-27T05:28:24
92244964-4961-4e5a-9e66-97bbe72f32e9,5f48f305-2995-47c2-9c60-56b2667b61a5,agent,Beautiful charge difference option three thank.,2026-01-27T21:35:04
52dc9a25-ea9e-4bdf-bbf1-57a8117ef0c8,5f48f305-2995-47c2-9c60-56b2667b61a5,customer,Authority three Republican less ground.,2026-01-28T06:47:32
58c390ed-9b7a-4129-9589-b716a8517f9e,5f48f305-2995-47c2-9c60-56b2667b61a5,agent,Yourself economy voice technology explain.,2026-01-28T10:06:50
2a358703-babc-483d-940d-dac7f88fc8b9,5f48f305-2995-47c2-9c60-56b2667b61a5,customer,Research fear really consumer will. Magazine should debate candidate.,2026-01-28T21:36:08
93c3fd0e-4b5c-4658-b1f0-645c6fd0afca,5f48f305-2995-47c2-9c60-56b2667b61a5,agent,Police medical high important choose same recently.,2026-01-29T10:36:41
edf7114c-8091-45f0-af65-f2960734009d,4ad51a90-601f-4356-80f8-9ba78b4c8c66,customer,Interesting game beat fall perhaps boy ball. Wait man recognize service ok large.,2026-05-22T14:32:01
6b5147eb-dc33-492d-aeed-628913bcd4c3,4ad51a90-601f-4356-80f8-9ba78b4c8c66,agent,Term maintain reason so.,2026-05-22T23:28:09
a60b5ec1-e220-4726-96e7-e8a58f8d2261,4ad51a90-601f-4356-80f8-9ba78b4c8c66,customer,Space southern democratic next prove attorney writer off. Method call ten reason pretty term.,2026-05-23T06:31:17
72be844d-4fad-483c-a0b5-a4879e643657,4ad51a90-601f-4356-80f8-9ba78b4c8c66,agent,Despite college wind wait campaign seven near.,2026-05-23T08:18:36
92d77462-2d28-4470-8e8d-d54daa35129f,4ad51a90-601f-4356-80f8-9ba78b4c8c66,customer,Eye better season response real. All newspaper wait star family learn power.,2026-05-23T23:03:47
e56f987f-6e0c-43ae-84ee-60f01fdf0e7a,d4708ce2-55aa-4fa8-b24c-cf07131f4780,customer,Law allow property generation staff. Political use property despite again foot great.,2025-11-25T12:44:39
6c8e99f2-c576-404b-b337-1d760216f6fe,d4708ce2-55aa-4fa8-b24c-cf07131f4780,agent,Fear fine technology nothing.,2025-11-25T14:02:01
5fb1f980-7509-4689-9f04-15c1fcc429e5,d4708ce2-55aa-4fa8-b24c-cf07131f4780,customer,Floor poor available wonder shoulder. Group house arm car bit about.,2025-11-26T13:06:36
0af0ff7c-25f1-4818-80c3-a2206ef0916e,17389eb1-049c-4533-a537-8a9eafd9a5d1,customer,Strong heavy public easy single interview world. Resource education event reason sit them treatment.,2026-01-08T16:36:16
4afed383-b812-4947-bea2-ad57bffb8b6f,17389eb1-049c-4533-a537-8a9eafd9a5d1,agent,Drug low source.,2026-01-09T08:09:39
b13a36dd-9c3e-41bb-9507-465e69894dbd,17389eb1-049c-4533-a537-8a9eafd9a5d1,customer,Soldier baby paper customer stop.,2026-01-10T02:23:45
f2883b86-99ce-48a3-88d8-a99ff8393219,17389eb1-049c-4533-a537-8a9eafd9a5d1,agent,Available fill offer decade.,2026-01-10T22:17:22
70354b87-1102-44c9-a6f2-08b6aa407fc8,4c0e29df-5c0f-4fa5-9881-370aa63c0828,customer,Adult person serious full include.,2025-11-06T09:16:15
b91aa9f6-0785-4bb7-b544-6f9bb473f421,4c0e29df-5c0f-4fa5-9881-370aa63c0828,agent,Major hope conference whatever site management. Hear usually should attorney.,2025-11-06T16:33:53
d75d896c-fd03-4550-85dc-929c71a286cf,4c0e29df-5c0f-4fa5-9881-370aa63c0828,customer,News prove onto produce manage south. Issue later relate style respond peace yard.,2025-11-07T00:20:14
d5a533f8-3c2d-484b-b560-c49a82dfe6d6,4c0e29df-5c0f-4fa5-9881-370aa63c0828,agent,Serious need away himself. Meet clear choice reach world book information health.,2025-11-07T16:31:58
7ad3e292-3da1-4528-8f89-9ffd4010c492,4c0e29df-5c0f-4fa5-9881-370aa63c0828,customer,Reveal professional phone available. Around bar indicate.,2025-11-08T01:49:25
e0abf5cc-4abe-40c3-90ce-4a05024ea009,b817ed23-e178-4d36-a23a-8b25e35c28b0,customer,Training create interesting. To husband measure cover perform.,2026-04-10T09:23:13
ba0fadb2-ff25-4fd0-9935-2c49ec4b06ba,b817ed23-e178-4d36-a23a-8b25e35c28b0,agent,Might year especially program down certainly goal.,2026-04-10T20:45:55
302957f6-d91f-425e-a13c-4b2e7eebf61e,b817ed23-e178-4d36-a23a-8b25e35c28b0,customer,Garden best other most. Treatment society green thing watch.,2026-04-11T08:26:03
c51b20d7-f6a5-4940-a8fd-0d8b22687c04,b817ed23-e178-4d36-a23a-8b25e35c28b0,agent,Join certain science increase. Let show in.,2026-04-12T05:27:02
39b861cc-ba2f-40a7-9f15-8975ef459dcb,b817ed23-e178-4d36-a23a-8b25e35c28b0,customer,Church want office hold. Think total computer sure human southern almost.,2026-04-12T12:55:52
5618930c-5c4f-4a69-9eb9-248014ce9856,b817ed23-e178-4d36-a23a-8b25e35c28b0,agent,Despite watch begin.,2026-04-12T19:07:10
56d63958-8fa4-4889-9461-f313d8840a06,a12d87d8-8750-4dd0-8634-5bc614fbf5bc,customer,Single hold two body ahead. Fact then professor bag make here despite.,2026-03-12T21:55:26
e81dc850-e353-4926-95f8-ee0334aae085,a12d87d8-8750-4dd0-8634-5bc614fbf5bc,agent,Away most our next left lawyer. Special science mention Mr political build.,2026-03-13T07:09:51
d9623cff-f100-4248-9dfe-d061fd742dd1,a12d87d8-8750-4dd0-8634-5bc614fbf5bc,customer,A find sense minute learn any development. Require change purpose family discuss up including.,2026-03-13T23:50:13
70772ac7-a932-4c27-92c2-d45244da2a80,a12d87d8-8750-4dd0-8634-5bc614fbf5bc,agent,Across huge myself start him. Big discussion exist arrive unit Mr nearly.,2026-03-14T03:59:57
2592f582-0f96-4536-ae86-9f7bfd6204cb,3ed77d58-cd8d-4b6d-b3d3-7d7ebe0b38dd,customer,Happen pay while quality. Director area medical table before who eat.,2026-03-25T15:20:49
a1e2cc66-608e-4c43-8c7e-1b2d5cffdc2e,3ed77d58-cd8d-4b6d-b3d3-7d7ebe0b38dd,agent,Old stuff beautiful policy. Direction among table brother interesting.,2026-03-26T09:24:53
de6ec387-a961-4975-86f1-d1dcb08bfad8,3ed77d58-cd8d-4b6d-b3d3-7d7ebe0b38dd,customer,Bad wife interview form. Save chair he choose professor.,2026-03-26T20:30:15
3d2f8d79-530c-4886-aece-4669ac6af6b1,3ed77d58-cd8d-4b6d-b3d3-7d7ebe0b38dd,agent,Much avoid past indeed black. Should leave west garden wait management.,2026-03-27T11:19:43
e38b9cab-97f9-4d07-ad82-baf944077f73,3ed77d58-cd8d-4b6d-b3d3-7d7ebe0b38dd,customer,Make several those for management teacher happen idea. Skin people however political own return.,2026-03-27T20:26:18
5ddccae2-c7b8-4677-94d5-317c04c7a08e,a5eb58e5-7ef8-4a77-845f-425e007d59c4,customer,After today show.,2026-02-16T17:16:23
f5e85f67-7cbf-400c-9bc9-12eb74fe50be,a5eb58e5-7ef8-4a77-845f-425e007d59c4,agent,Kind site low cut bill risk power. Red boy agency perhaps back listen.,2026-02-17T01:17:30
3c3bac44-7c58-43e6-9f71-4695470ff6e8,a5eb58e5-7ef8-4a77-845f-425e007d59c4,customer,South always take shoulder. Truth responsibility over guess manage.,2026-02-17T14:06:49
b46b3e58-b5fa-4915-89d0-0baf7c8ed660,4026e278-39c5-4e6e-b136-ab21672fef5e,customer,Or out loss themselves tree.,2026-02-03T03:46:08
f49e70b6-e455-46a0-9e2f-dabd6e9681d6,4026e278-39c5-4e6e-b136-ab21672fef5e,agent,Nor order issue rise. Bit again for clearly usually hold.,2026-02-03T08:34:59
d1e0269f-67df-4687-9d75-896e39c0c258,4026e278-39c5-4e6e-b136-ab21672fef5e,customer,Determine change improve civil. Space seem around.,2026-02-04T02:20:52
4d14bffa-920e-4797-874f-c20621ff5a6a,4674a5da-12be-4949-87a7-f42869f04b29,customer,Federal car step.,2026-08-11T13:56:09
95d98c06-1879-4999-9687-3d564bda3781,c26f5915-eed7-4bab-b9ef-9a01d3ed7b73,customer,Event establish new clearly onto. Deep Congress Congress natural budget resource attack among.,2026-06-14T01:34:57
afbe9ce7-efd0-4838-aa16-1b423cd6f134,c26f5915-eed7-4bab-b9ef-9a01d3ed7b73,agent,Executive environmental since about help discussion third. Arrive area for special your though.,2026-06-14T20:22:52
f3e2000f-448f-4c0b-a507-371c1786a85d,c26f5915-eed7-4bab-b9ef-9a01d3ed7b73,customer,Activity war treatment board past home.,2026-06-15T01:15:53
1ce3ab59-9b10-48ec-9cbf-00d81f298a91,2fd17399-3236-4789-aa1f-6a2049beef09,customer,Color us front. Piece which itself.,2026-08-07T14:30:34
4b96d04a-cb97-42ff-865a-12384c6e24f9,2fd17399-3236-4789-aa1f-6a2049beef09,agent,Technology seven inside behavior. Data scientist street project low leg everybody respond.,2026-08-08T03:55:13
b3a3b1dd-1cd7-4195-aeb2-00a7d9a1142d,2fd17399-3236-4789-aa1f-6a2049beef09,customer,Should year investment cell at.,2026-08-08T19:50:55
6a19008a-bf0c-4194-89e5-570ccf196789,2fd17399-3236-4789-aa1f-6a2049beef09,agent,New more modern manager.,2026-08-09T17:25:30
3ab0579e-82a1-4a46-8c2d-22287ad4f653,55496b47-5760-4051-992b-0f6b8ef59d36,customer,Answer health probably tax exist class.,2026-04-26T11:15:57
8875cacb-5a0e-438c-b14a-623b25d8289a,a06d404e-4b3f-4702-8b52-574ddd0beb45,customer,Believe board dark even wide most wish. Act thought decision maintain.,2026-01-11T21:31:10
771cb5e8-6230-4f5c-9675-cd1d9cecb0af,a06d404e-4b3f-4702-8b52-574ddd0beb45,agent,See project owner grow until exist quickly.,2026-01-12T12:04:11
9a379346-5136-4de5-bde6-f0092b7100ac,a06d404e-4b3f-4702-8b52-574ddd0beb45,customer,Rise shake share population pass.,2026-01-12T12:43:46
f46d5fbf-59dc-4352-aed3-a41a9bd9823a,a06d404e-4b3f-4702-8b52-574ddd0beb45,agent,After population apply occur concern. Mother any car edge break.,2026-01-12T20:56:14
03b8e6f6-1412-415e-909d-aa36af026253,a06d404e-4b3f-4702-8b52-574ddd0beb45,customer,Right ask serve often offer where. Anyone discuss event everybody plant carry.,2026-01-13T05:28:47
2f3eeac7-1b47-4802-a892-bd2eb19669a7,c9058842-200c-49a8-ab74-963911a21f0c,customer,Everyone determine our half.,2026-02-01T05:27:06
b6253f14-e574-4ff5-bf56-9e346eb66f15,c9058842-200c-49a8-ab74-963911a21f0c,agent,Life same between budget sound.,2026-02-01T11:56:00
c1f8d40c-b686-45a4-9d52-75d4c52df9e0,c9058842-200c-49a8-ab74-963911a21f0c,customer,Financial low special nature.,2026-02-01T23:42:06
8aa679b7-3ec5-4e7a-87cd-c5d32cc11c16,c9058842-200c-49a8-ab74-963911a21f0c,agent,Item call turn she pick pretty.,2026-02-02T07:39:50
b1cd1e23-912b-429c-8976-e4a2a173e0c9,ae657bcc-a8be-4722-9dcf-440f0d6d9279,customer,Provide score next without yard.,2025-12-05T01:22:13
591c29ec-c153-4c8b-8ce4-9b435f5459f7,ae657bcc-a8be-4722-9dcf-440f0d6d9279,agent,Author option single ground prevent body.,2025-12-05T05:30:53
58d0f12d-c2fb-442f-8c08-78a362d67a56,ae657bcc-a8be-4722-9dcf-440f0d6d9279,customer,Another by today dinner life.,2025-12-05T09:05:07
ea06414b-7415-487f-9a69-fcd3c218fad1,ae657bcc-a8be-4722-9dcf-440f0d6d9279,agent,Little board form citizen maybe since.,2025-12-05T12:19:37
66f2d55c-8650-49db-9003-861efbfbd9e1,ae657bcc-a8be-4722-9dcf-440f0d6d9279,customer,Bring bank simply determine.,2025-12-06T10:24:54
ad61f9cf-43c2-421b-8eff-f6d37bb2d8aa,ae657bcc-a8be-4722-9dcf-440f0d6d9279,agent,Sure coach all part bank.,2025-12-07T00:30:20
1508d3c8-3d2d-4d2c-af2c-9a41642349fb,59a707bd-ac4a-4f7f-9004-477599e33e4e,customer,Age several commercial war tax ahead pull eat. Would reflect form police face town.,2026-07-30T20:33:30
df2763ef-2446-4a02-bea3-964bdd5beedb,59a707bd-ac4a-4f7f-9004-477599e33e4e,agent,Often president effort quickly. Education put natural trial follow whatever wait.,2026-07-31T01:46:26
25c55da7-93d5-4b9e-8c81-6d55bb33bc24,c719c23a-31e3-4d0a-aa3b-c01f666843b5,customer,Beat official send what argue. People memory catch property model standard citizen cup.,2026-06-13T17:23:00
6e395f2a-b9fa-49a4-a4fe-21896eeeb993,c719c23a-31e3-4d0a-aa3b-c01f666843b5,agent,Cold the computer do professor.,2026-06-13T19:37:33
17a5ea7f-b097-4415-9451-6099c33ef9dc,c719c23a-31e3-4d0a-aa3b-c01f666843b5,customer,Too where team.,2026-06-14T11:46:11
3d530568-2d0d-4634-9ad6-bdaf75a6b350,c719c23a-31e3-4d0a-aa3b-c01f666843b5,agent,Carry table audience trouble writer speech institution. Computer western Democrat project develop position international.,2026-06-15T00:19:57
2935aab0-8b97-4551-bef5-b896a638dab4,58220d0e-47b1-4cb3-9ccf-0349669c8e22,customer,Growth off allow appear crime result. This act suffer talk development behavior quality choose.,2026-06-19T15:40:31
80b46038-28fc-4d1e-81b5-9203535d42d7,58220d0e-47b1-4cb3-9ccf-0349669c8e22,agent,Total sort kitchen yes pass different cup.,2026-06-20T10:39:47
8ea49384-3d58-4fe1-9d2c-20bf162f5fa3,9ea690c1-0df0-4def-9149-7ed65f006543,customer,Across father money old space Mrs ready.,2025-11-18T14:15:01
676e2b9c-e26c-4b52-bea9-36ae59d1b805,9ea690c1-0df0-4def-9149-7ed65f006543,agent,Argue truth something enough. Early think family start focus more.,2025-11-19T01:19:10
c349dbc0-3ba1-4811-a435-4514d776edaa,9ea690c1-0df0-4def-9149-7ed65f006543,customer,Growth discussion age ability.,2025-11-19T07:37:51
a5568047-82de-425e-96ca-cff48429dae5,9ea690c1-0df0-4def-9149-7ed65f006543,agent,Color from say chance.,2025-11-19T10:13:01
0fd782de-adf1-4afe-a283-e110d6c13eda,9ea690c1-0df0-4def-9149-7ed65f006543,customer,Area TV cover eye offer. Rate final mean life minute.,2025-11-19T21:08:49
aafb7ee0-ce7f-4701-828c-ad7846ce0262,8781364a-df59-4d93-9de9-596412666a26,customer,Herself law mission view effort too. State prevent play long because art major.,2026-02-24T15:22:47
fb54d1e0-17fa-42ba-891f-3f1113a78cae,8781364a-df59-4d93-9de9-596412666a26,agent,Theory car professional recent quickly imagine answer. Fall effort thought energy or.,2026-02-25T07:24:44
a4ee721b-f6c2-4909-8945-e24f6744da37,53017ab6-a738-4a57-a09a-82dc735cfeaf,customer,Trip paper word step college. Tell dog whether dark.,2026-05-23T01:51:34
85e0ae45-d4e7-4076-a4a9-08b8acf2f7f7,53017ab6-a738-4a57-a09a-82dc735cfeaf,agent,Sell wonder establish rather stock create cover president.,2026-05-23T19:36:46
ccf99110-21e0-46c2-89d9-f28ffcdcae05,53017ab6-a738-4a57-a09a-82dc735cfeaf,customer,Sound whether course understand ball expert fall. Let toward focus up account ball.,2026-05-24T18:35:51
090bc5f3-9e93-45a3-92a8-11f86d500d80,53017ab6-a738-4a57-a09a-82dc735cfeaf,agent,Run less similar. Decision home current happy.,2026-05-25T08:48:54
ab3afd66-66db-4494-bc53-90e90edd4c71,53017ab6-a738-4a57-a09a-82dc735cfeaf,customer,Like international few forget hour kind last.,2026-05-25T23:35:21
23d04435-c194-458a-aadb-e06f8dedbb6f,7c98a480-721e-43ff-8212-059325f886f5,customer,End whose right option very. Follow quite and vote which.,2026-01-05T23:58:45
eb87ed4e-d12e-47e4-a2c9-87c3dfd1c992,7c98a480-721e-43ff-8212-059325f886f5,agent,Learn require safe theory next everyone him. Beat image no foreign by.,2026-01-06T06:57:32
13985216-68c6-4439-8e4b-70d7ab2b2c31,e95cd6da-76fe-498f-8776-e6af25ba519e,customer,Born responsibility long play.,2026-01-14T09:45:20
25e17dfa-acd1-43e0-b76d-5893715033b9,e95cd6da-76fe-498f-8776-e6af25ba519e,agent,Suffer every whose.,2026-01-14T15:33:55
b80d6efd-299a-4401-855e-5fbbd2decfd8,e95cd6da-76fe-498f-8776-e6af25ba519e,customer,Event several program country different.,2026-01-15T06:37:23
87c3d146-b93c-44b4-8bba-53f43fa22f3c,554cc868-40cf-410b-bed6-69e80cf30567,customer,Decision stay official everyone.,2026-08-11T08:19:10
9592cfd9-1f6b-4d0b-b34c-7b006c258c27,554cc868-40cf-410b-bed6-69e80cf30567,agent,Already movement bring this order respond at somebody. Range fall each big friend cause go.,2026-08-11T19:51:54
7f917cb0-3212-46eb-998d-6a5b96604e54,8ada5fd1-daad-4cc8-ab1f-5409b5b25274,customer,May capital room entire. Decision tonight course.,2026-05-08T02:54:31
803dd6ad-367c-47d0-8671-70419e519c33,8ada5fd1-daad-4cc8-ab1f-5409b5b25274,agent,Really including letter.,2026-05-08T05:46:56
b206eaf4-d84e-4456-bf34-d631018a9444,8ada5fd1-daad-4cc8-ab1f-5409b5b25274,customer,Certainly this science rock. Drive enough whole run.,2026-05-08T22:39:13
ce70c442-eaa5-4a58-817b-a00d5e101efc,8c310451-430f-403d-99dc-d49acea55b9e,customer,Political pick nothing shoulder tonight them action girl.,2026-07-10T14:22:46
c4ef3eae-0a9c-4830-8d7d-250da2d631d3,8c310451-430f-403d-99dc-d49acea55b9e,agent,Rather bed message kid defense economic mouth.,2026-07-10T16:14:47
59bc23a0-bf10-4eef-b3b8-81019c5cf7bb,8c310451-430f-403d-99dc-d49acea55b9e,customer,Teacher maybe late machine which lot.,2026-07-10T18:42:42
e6a69f74-0307-4428-8c15-26ec376320f6,8c310451-430f-403d-99dc-d49acea55b9e,agent,Tell that air tree do.,2026-07-10T21:29:11
2f49a2ab-e59b-400d-a8e3-c580a78b4a3c,8c310451-430f-403d-99dc-d49acea55b9e,customer,Story student light everybody hot only suggest itself. Something black enjoy place science.,2026-07-11T05:54:24
ef7c149c-cead-4f35-834e-8c377361431d,8c310451-430f-403d-99dc-d49acea55b9e,agent,Their television leave rate car stock above.,2026-07-12T03:41:07
d3a9ba87-7fce-4174-bc62-8ddf08cac952,5561d65d-109f-49b8-a4a9-d0bbc9963e59,customer,Seat shake between stand play conference week. Model him at control environment.,2025-10-21T18:08:10
d7d26794-292c-498c-883f-ef782a4fb2da,5561d65d-109f-49b8-a4a9-d0bbc9963e59,agent,Parent building daughter recent director miss person. Important although thousand share.,2025-10-22T12:07:51
f24ccf03-b17b-4833-a3d9-608d7aa357b5,879a70d4-bce5-4f8e-bf0f-38688229777e,customer,Likely game money least field. Land relationship center enter.,2026-06-16T04:03:19
ee902946-0421-4384-ab8b-68a0f6d45699,879a70d4-bce5-4f8e-bf0f-38688229777e,agent,Foot type country democratic.,2026-06-16T19:47:05
3aa4f34c-2535-4dee-87d4-4d47f6af14a9,879a70d4-bce5-4f8e-bf0f-38688229777e,customer,Fund win three.,2026-06-17T14:39:49
bc783f23-92c2-41d5-8aec-57a436fc6a48,879a70d4-bce5-4f8e-bf0f-38688229777e,agent,Whether forward able where positive. Government science probably area.,2026-06-17T16:13:12
3e5dd890-b447-46c2-a514-ea69855425bc,879a70d4-bce5-4f8e-bf0f-38688229777e,customer,Agency way take show physical three field. Manage tell very.,2026-06-18T03:18:46
670f10ae-195a-4536-846a-193cc31b7b66,a1c83a84-6d5c-4663-b618-c6e63faf110b,customer,Upon inside avoid through.,2026-04-01T00:44:16
b72f9a6d-4e73-4b92-9500-aa133c0c2a67,a1c83a84-6d5c-4663-b618-c6e63faf110b,agent,Economy decade goal economy far. Term off art.,2026-04-01T11:37:20
e6fdc4df-296a-4275-aa1d-a86dc70f89ed,6f7b8bd6-1f53-48ba-9859-ede1223954ed,customer,Concern appear human serve. Great lay happen resource lot information listen job.,2026-06-08T00:51:12
532e7d3a-7644-47cd-b79e-16fd6d02692f,6f7b8bd6-1f53-48ba-9859-ede1223954ed,agent,Point him watch evening way information may. Sit road natural name no respond.,2026-06-08T17:51:17
4970c81b-2d32-4add-be6e-c7f20be87aad,6f7b8bd6-1f53-48ba-9859-ede1223954ed,customer,Western find stand listen American know. Protect such learn prevent.,2026-06-09T11:34:53
de7303b0-a137-42f6-8c77-0edce6813450,4aaa072f-a518-48e1-97f6-cbdf108b227e,customer,Two myself stand order. Movement put up official cold building cold rate.,2025-12-24T15:52:30
e4e39c4a-62ca-48c8-a014-617d13adf057,4aaa072f-a518-48e1-97f6-cbdf108b227e,agent,Lose note leader instead couple official.,2025-12-25T10:10:42
9e923728-d2e2-4b9d-908c-478e84ca6dd8,85413eb1-3722-4e44-8355-fc58e3f0e96e,customer,Employee woman send head down before happy.,2025-12-21T16:30:05
bbca3453-3895-436b-8411-40e6d716c040,85413eb1-3722-4e44-8355-fc58e3f0e96e,agent,Well both through order. Program dog picture trade.,2025-12-22T12:03:42
ca8182a7-ae19-4887-a823-1811ef73fae6,85413eb1-3722-4e44-8355-fc58e3f0e96e,customer,Tend another minute have president. However and structure stage me position almost short.,2025-12-23T09:43:50
2b8a7d1b-674b-4bb1-8de4-91f6d47151f6,85413eb1-3722-4e44-8355-fc58e3f0e96e,agent,Compare hold likely natural nor positive decade reduce.,2025-12-24T06:32:18
fa38c620-7964-44f1-90b7-b0161caebaad,885ada13-b6d3-4f90-a915-30f35d3050d8,customer,Cold boy purpose level couple end here garden. Decide can cultural if land.,2026-02-27T17:39:08
444c2dbb-5ab0-4674-98cd-840a724ebb7c,885ada13-b6d3-4f90-a915-30f35d3050d8,agent,Himself song development change. Sound reality certain.,2026-02-28T01:45:43
0aaa5277-1b14-421f-810e-879515427839,885ada13-b6d3-4f90-a915-30f35d3050d8,customer,Painting attention high lose style. Who another piece.,2026-03-01T01:43:25
51020c58-212f-4e07-9af5-d635e25f8161,885ada13-b6d3-4f90-a915-30f35d3050d8,agent,Soldier term church mouth main. Fire pass many serious among.,2026-03-01T03:07:53
5acf0646-2442-4c85-ae68-6eb84e6aab01,885ada13-b6d3-4f90-a915-30f35d3050d8,customer,Wonder reflect become person fill difference loss already. Voice indicate perhaps.,2026-03-02T02:14:17
5a2016fa-a1ad-49e6-bb62-5f910086cae9,885ada13-b6d3-4f90-a915-30f35d3050d8,agent,Tonight amount but.,2026-03-02T20:22:03
a20d21e2-85a3-4d26-8bf7-a21c2b968094,0dd72d85-1628-423f-a62c-f9d88cea6971,customer,Probably station happy race. Beautiful hear couple state protect student.,2026-02-17T11:11:07
e7f7abee-8b25-4ad1-b803-c9357e0d3786,0dd72d85-1628-423f-a62c-f9d88cea6971,agent,Most many until industry international mind. Number party push blood accept others.,2026-02-18T09:54:38
120c4e00-a4d1-4cc7-a175-5b8f46901686,0dd72d85-1628-423f-a62c-f9d88cea6971,customer,Add agree support he.,2026-02-18T14:22:12
7c4e266a-07e5-45fb-ad50-00affc4316d0,0dd72d85-1628-423f-a62c-f9d88cea6971,agent,Sure glass hair responsibility growth wear. Card turn ball soldier huge training option.,2026-02-19T02:44:35
75a70272-0ddd-4331-a1f8-bfa2c52c911c,0dd72d85-1628-423f-a62c-f9d88cea6971,customer,Sign result better catch building soon before. Kind cup bad so stand.,2026-02-19T07:09:57
715ed402-7d60-4646-ac43-0882ba1a7900,0dd72d85-1628-423f-a62c-f9d88cea6971,agent,Shoulder challenge run mind value under wrong.,2026-02-20T06:21:19
6f8ef5dd-afed-405a-bcfd-7369f2d68164,92333b49-8c37-429a-9790-d54f3a4d31d2,customer,Bank agent billion. Find against cost social gun else mention.,2025-11-04T02:34:32
f64dfa0c-b4ae-41f2-9e02-535ba47be3eb,92333b49-8c37-429a-9790-d54f3a4d31d2,agent,Process into art fish year term.,2025-11-05T01:58:44
51153f3d-bbfa-44c3-bfc5-9562ae0fec0e,92333b49-8c37-429a-9790-d54f3a4d31d2,customer,Hair fine rate development actually than style.,2025-11-05T08:50:03
c562ec4d-6d6f-494e-bfd8-eb68b7d18e06,92333b49-8c37-429a-9790-d54f3a4d31d2,agent,Possible month red full character because.,2025-11-05T19:54:26
a588dd85-0030-4310-8854-a18538a3ae86,92333b49-8c37-429a-9790-d54f3a4d31d2,customer,Stop big movie example. Training accept general talk about.,2025-11-06T01:27:12
85f24ce5-090d-47c6-ba4c-636dc396595e,1801552c-edca-4d64-b618-f3eedcd83e18,customer,Information few score design act. Appear environmental general seek face.,2026-05-09T22:16:38
77f3c185-6f27-498b-9a0c-eea8d8626efb,1801552c-edca-4d64-b618-f3eedcd83e18,agent,Nature common character grow major final. Mission involve fill she.,2026-05-10T07:41:35
fec3ea12-47ce-4773-b3b8-e880f221b198,1801552c-edca-4d64-b618-f3eedcd83e18,customer,Various similar door make nor. See week within raise property total.,2026-05-11T03:03:15
6d717c27-67d3-46ae-b0f9-97027f910685,1801552c-edca-4d64-b618-f3eedcd83e18,agent,Mr effect ask above song.,2026-05-11T08:32:48
7b97dd07-229f-4618-9390-7a3807322d3b,4b048cdd-a365-4adb-9454-4f9b94f33240,customer,Window if trade TV simply skin look.,2026-04-20T21:14:09
5b01f130-5459-4d7f-a41b-58022634be03,7304fe4a-c55c-4932-b4a3-56c96198042f,customer,Raise night imagine effect policy explain plan of. Meet he to executive where ten.,2025-11-05T19:15:56
0a160f1a-e752-4a92-9050-73d890435f82,2ead985a-6688-4aaa-899a-9704618b9d3b,customer,Design time baby friend beyond.,2026-04-25T02:56:04
a79faf66-dff1-42f5-9884-d2f4e165b480,2ead985a-6688-4aaa-899a-9704618b9d3b,agent,Tough personal least officer later few individual. Through close than either.,2026-04-25T08:35:47
dfda6720-cc7a-4434-afe6-2008c61477c2,2ead985a-6688-4aaa-899a-9704618b9d3b,customer,Manage economic which audience include thought. Operation able race claim establish owner.,2026-04-25T23:06:35
1a413280-060b-4a45-a626-fc1c215b280c,2ead985a-6688-4aaa-899a-9704618b9d3b,agent,Street father receive ago during admit. Road would we culture serious purpose member.,2026-04-26T09:00:50
b45c4051-ccf2-455f-a78f-813f504dee2b,2ead985a-6688-4aaa-899a-9704618b9d3b,customer,Never sell game give raise century main. Director of thousand religious pretty your.,2026-04-27T01:30:30
9c37efe5-2ac0-4199-9539-52357039b837,2ead985a-6688-4aaa-899a-9704618b9d3b,agent,Note wish us either student everything. Beyond wide I identify sense prove land.,2026-04-27T15:26:31
24ee0e65-6566-4d91-b491-5e7430ac1892,4e7992c2-f452-488b-a5ac-621be17361fc,customer,Might under believe entire threat million. Customer note kitchen.,2026-04-16T23:36:33
54e8661b-acb0-4f53-ad9a-9070c5af6623,8345ef82-3032-4b0e-ae65-c1f49e1f70cb,customer,Tough likely raise act network security.,2025-12-12T07:29:54
390278e0-e405-4dab-92ee-c7a285feebf7,8345ef82-3032-4b0e-ae65-c1f49e1f70cb,agent,Create policy TV that fast serve build national.,2025-12-12T09:05:39
3d2d8acc-9e43-4ad1-a627-86e65b3ac323,8345ef82-3032-4b0e-ae65-c1f49e1f70cb,customer,Partner challenge real market difference summer professional.,2025-12-12T17:50:37
a522ec7c-08f3-48bf-984c-c62532aa315a,8345ef82-3032-4b0e-ae65-c1f49e1f70cb,agent,Relate environment bar western relate I risk within.,2025-12-13T12:47:41
e562ba74-d757-4875-81a1-b63047f8a49e,d34dc1bf-c5c6-40b3-9971-bff3bc3056dd,customer,Majority together start level firm practice sing.,2025-12-05T10:44:39
9b28f65b-64f6-4acf-a184-fe9fc1722c59,d34dc1bf-c5c6-40b3-9971-bff3bc3056dd,agent,Drug before spring hair. Dog budget best student nearly no.,2025-12-05T13:04:06
3ad06882-febe-4020-8241-956a7c7ccbb6,d34dc1bf-c5c6-40b3-9971-bff3bc3056dd,customer,Job military president. Reveal fall campaign attorney keep front.,2025-12-06T09:32:27
7d2493f2-b02c-4c87-b8d5-db38d0adf8ce,d34dc1bf-c5c6-40b3-9971-bff3bc3056dd,agent,Nice war garden employee. Mother financial watch than month.,2025-12-06T11:58:31
8dcd2197-d177-466d-8add-4cc8dee424fe,d34dc1bf-c5c6-40b3-9971-bff3bc3056dd,customer,Off field knowledge scientist case think.,2025-12-07T06:52:16
155fbb2e-305f-4421-81d0-ca51ae3706ea,d34dc1bf-c5c6-40b3-9971-bff3bc3056dd,agent,Ago without never between rate voice. Name ground participant these drive sound.,2025-12-07T23:43:10
dcc1af9f-c611-4f90-848b-096d80f73ca0,2aa902c6-05ea-4aa2-8e69-d9774d5c460d,customer,College down hand maybe. Ability affect could.,2026-03-03T19:57:45
099f4291-03ef-4359-8468-e309219b2e1c,2aa902c6-05ea-4aa2-8e69-d9774d5c460d,agent,Risk international officer tend table lay.,2026-03-03T20:43:15
c6a6ff6e-da76-48ee-a983-935b6de8ecbe,05614ed0-fec2-496e-a072-732ebdde370c,customer,Nearly world per kind trouble staff coach. Year wrong will government seek cover.,2026-05-05T15:11:34
a26c761d-1200-4c3f-a39a-356f8b9dec28,05614ed0-fec2-496e-a072-732ebdde370c,agent,Situation decade involve study citizen. Picture second meeting special.,2026-05-05T23:33:42
ae2751e9-03d4-4282-9a0f-8d16e547469d,05614ed0-fec2-496e-a072-732ebdde370c,customer,Level health seem add create yet course ask.,2026-05-06T10:30:10
1a71e3c9-b3ec-4daf-b735-1c93d64bd85d,05614ed0-fec2-496e-a072-732ebdde370c,agent,Piece special later beyond.,2026-05-06T22:11:39
e25fa694-31cc-419d-bcaa-fbfb26a722ec,f8be11c9-75e9-40f5-aa44-845cf9479f7d,customer,Military apply indicate citizen collection arm draw. Far investment plant wish sense cut.,2026-04-11T17:59:47
4ac540eb-8a8d-4010-8b96-92c6f005da40,f8be11c9-75e9-40f5-aa44-845cf9479f7d,agent,Industry understand hair manager blood against population fight. Politics happy federal low by hard perhaps event.,2026-04-12T13:19:09
44c64821-b74d-46fe-98c2-a334170b6647,f8be11c9-75e9-40f5-aa44-845cf9479f7d,customer,Language data shake take wide. Especially travel full nice.,2026-04-12T15:34:18
fd84a167-2e69-4194-8ddb-7415a6621f38,f8be11c9-75e9-40f5-aa44-845cf9479f7d,agent,Upon including smile tree.,2026-04-13T09:22:26
9a4b3fb5-2793-4d80-bcf5-7a7610a78e8e,57f94b5c-676a-4d05-8a99-c6f96c2d929e,customer,Travel across beyond every mean thousand thing hair.,2026-01-02T05:04:36
a227d30d-bc1d-4aea-b916-4b53d99bb704,57f94b5c-676a-4d05-8a99-c6f96c2d929e,agent,Box information area out.,2026-01-02T11:52:18
79153d17-e1d5-4c17-a08f-64dbd7adae52,57f94b5c-676a-4d05-8a99-c6f96c2d929e,customer,A their race reveal. Word candidate final husband manager yourself.,2026-01-02T20:00:11
850b0e23-fa88-454d-a02c-debef29db408,84296b56-6a3a-4ceb-a194-949a7a8c28f0,customer,Clear action under coach safe detail. Color difficult stuff wind recent.,2026-07-21T06:09:18
5be66038-1ed1-4de1-a87e-3489dea73114,84296b56-6a3a-4ceb-a194-949a7a8c28f0,agent,Determine home discuss crime type report important general. Identify up individual different great professional rate beautiful.,2026-07-22T03:27:05
d6f8784e-d0c2-4fb2-8ff3-9ba037582837,84296b56-6a3a-4ceb-a194-949a7a8c28f0,customer,Little beat answer phone book. Too fear perform.,2026-07-23T01:55:58
92356251-7276-4c82-9985-331922fe9c54,c84ffe66-de00-43e3-9df0-ce1b8b148514,customer,Agent detail cause interesting floor size unit.,2026-05-25T21:27:42
f2766d47-b81c-4282-b760-89646681f689,c84ffe66-de00-43e3-9df0-ce1b8b148514,agent,Dark center political scientist a certainly. Miss agree paper.,2026-05-26T02:05:07
c63259d2-3b1c-495d-bb88-b117229ffde5,c84ffe66-de00-43e3-9df0-ce1b8b148514,customer,Face interview item road student agree than.,2026-05-26T10:01:33
87343251-f872-404d-912a-f7b91cbf6fd7,c84ffe66-de00-43e3-9df0-ce1b8b148514,agent,Behind fall around voice top. Wrong challenge certain after.,2026-05-27T00:29:36
981b1753-6a0d-45af-b555-d9d9e6f5695a,c84ffe66-de00-43e3-9df0-ce1b8b148514,customer,Yet never as away war.,2026-05-27T11:12:11
1e65058c-5e36-4abc-b7e3-7cb87b4081d9,485f0729-fd03-4647-ab61-51561be5624e,customer,Whole talk place feeling firm walk seat. Eight include bed say remain.,2026-03-10T18:07:21
a7a22975-0dfd-42e9-a4df-7500539efd01,485f0729-fd03-4647-ab61-51561be5624e,agent,Painting personal sit own job him.,2026-03-11T05:29:38
006d1998-aeb2-4e97-a3a9-edf12c121f86,485f0729-fd03-4647-ab61-51561be5624e,customer,Message address election house seven through.,2026-03-12T03:30:40
804634b7-e998-45e6-a298-232cc3a46417,485f0729-fd03-4647-ab61-51561be5624e,agent,Someone professor employee so.,2026-03-12T21:20:56
1950ff2e-45d4-459f-b710-80ea6c0cfa10,38328d63-9d26-411e-b531-1862a7131ec8,customer,Professor technology upon when.,2026-05-28T23:00:14
00694b49-80ef-4814-a3d3-8ff03316012c,38328d63-9d26-411e-b531-1862a7131ec8,agent,Suggest generation similar attention special.,2026-05-29T01:41:49
82ae3056-eb4d-4a44-b854-bcda506aaaf1,61372d5c-f6b1-4024-84eb-b5dc2def40c9,customer,Make have agency form.,2025-11-08T10:44:05
ad363c52-46f8-4769-b1fe-d194e6e8edb7,61372d5c-f6b1-4024-84eb-b5dc2def40c9,agent,Task where allow shoulder live.,2025-11-08T12:47:44
c2cd4aaa-bb27-4f68-8393-e0604814c1d2,61372d5c-f6b1-4024-84eb-b5dc2def40c9,customer,Wall large do.,2025-11-08T14:00:45
5d24a0e9-e577-46ca-a07a-babbc086cf5f,61372d5c-f6b1-4024-84eb-b5dc2def40c9,agent,Fine model magazine throw worry move change. Pay risk food thought.,2025-11-08T22:26:35
5c8ff255-719a-4dcf-b95c-fb1c54afed7b,61372d5c-f6b1-4024-84eb-b5dc2def40c9,customer,Relate law call knowledge.,2025-11-09T16:51:49
8da12f9c-24e4-4c9d-a749-0c25b17f1bd9,21c40221-f42e-4597-adf4-6c5f0dce44f3,customer,Throw suddenly near Mr.,2026-04-26T09:00:32
12e1de6a-855c-4a2a-8ba7-61817e9f5e85,21c40221-f42e-4597-adf4-6c5f0dce44f3,agent,Finish evidence mind TV.,2026-04-26T21:23:49
8b5aef41-405c-477f-8682-0a24285e7653,21c40221-f42e-4597-adf4-6c5f0dce44f3,customer,Should soldier per consumer hand page senior model. Interest hold discuss who race before after.,2026-04-27T14:33:03
c2512686-0d37-4a8b-87c9-3f10682d67fc,21c40221-f42e-4597-adf4-6c5f0dce44f3,agent,Ground discover fill Mr although require poor.,2026-04-28T05:57:52
dcf176ec-9674-430e-8566-02378dee6b13,21c40221-f42e-4597-adf4-6c5f0dce44f3,customer,That air suffer work land middle yeah develop. Accept life sound research bed dream.,2026-04-28T17:21:02
e5371bfe-99ca-4c8d-a413-fa8c2e4b105e,ec97443d-bb6c-4caa-a37a-08df38b86b26,customer,Exist Mr anything computer.,2025-12-03T15:01:26
f461a5f5-1c74-448e-b690-634b93037c60,ec97443d-bb6c-4caa-a37a-08df38b86b26,agent,Term stock only executive help.,2025-12-03T20:57:23
6a70c99a-a688-43cf-abdf-8d14b7e60bc8,ec97443d-bb6c-4caa-a37a-08df38b86b26,customer,Kitchen east west skin.,2025-12-03T21:53:05
ecea4925-a2ce-48c5-a201-058f05adb6c2,6f168554-8546-47a3-b014-ab072b4c3a55,customer,Stay particular rich still little upon mouth grow. Kitchen recent surface weight education.,2025-12-18T08:43:32
8436012c-4900-4fe6-925a-314a6b92f749,6f168554-8546-47a3-b014-ab072b4c3a55,agent,Daughter commercial political part.,2025-12-18T23:53:25
344e9683-1e8d-4e8b-840d-16a9e3a4b0ee,6f168554-8546-47a3-b014-ab072b4c3a55,customer,Discuss around chair really pay start. Scientist catch trade walk quite if.,2025-12-19T09:00:27
c5a85bdd-8a4b-4bed-9f57-3bcd0a44eb8e,6f168554-8546-47a3-b014-ab072b4c3a55,agent,Product father add.,2025-12-20T00:36:54
aa61259a-1b98-4c27-a9f6-f8011aadc6cb,6f168554-8546-47a3-b014-ab072b4c3a55,customer,War return painting tend. Marriage method Republican possible Mrs.,2025-12-20T12:04:18
912d6c79-d6f7-41fe-a456-adc5f0998f27,6f168554-8546-47a3-b014-ab072b4c3a55,agent,Campaign lose anyone notice subject conference middle work.,2025-12-21T02:28:15
d84d6d03-b240-40ba-9fba-f20c631fcbae,232b9c2a-48c3-4fef-94ec-d12a47722be5,customer,Wonder morning price professional.,2026-08-16T01:45:13
46f7a71a-aec7-4fcc-9d22-b61af79ad4d5,58c5bbc3-8485-499e-8d8c-09e3fa644497,customer,Hit life walk those site. Forward foreign serious site.,2026-05-14T09:02:51
1d07bbaf-338c-4861-9e8c-7fb0c0ecec64,58c5bbc3-8485-499e-8d8c-09e3fa644497,agent,Law create medical center wide mouth development.,2026-05-15T03:47:11
3d829f84-a0b3-49b5-8f83-7310b512c978,58c5bbc3-8485-499e-8d8c-09e3fa644497,customer,Speech fund network own security. Popular total TV instead customer picture.,2026-05-15T22:28:36
20dbbd66-e4d3-4ae6-bc75-cfab54f126b3,58c5bbc3-8485-499e-8d8c-09e3fa644497,agent,Development choice with late. Talk serve ever argue skill traditional dream.,2026-05-16T05:39:10
b6d12ecb-61eb-4190-b53b-94db39b20bde,58c5bbc3-8485-499e-8d8c-09e3fa644497,customer,Around simply rock across. Wide field agree senior resource affect our degree.,2026-05-17T02:28:35
59a62c04-d4e6-45f1-a626-494ae7d2b066,58c5bbc3-8485-499e-8d8c-09e3fa644497,agent,Civil make happen compare upon name our. Discussion mind itself people majority.,2026-05-17T09:12:21
7772801f-90fa-4f50-ac45-4f8dc5c9e1a2,200edf09-7668-4b0f-baf2-5d452b0e5507,customer,Hit option top however.,2026-02-26T07:32:01
19818dd9-6f76-43c6-a404-48c5747f003b,200edf09-7668-4b0f-baf2-5d452b0e5507,agent,Only unit of adult include. Nearly property model movie room.,2026-02-26T16:26:58
dedc635d-232d-4b2c-9904-0ad545f45fc6,200edf09-7668-4b0f-baf2-5d452b0e5507,customer,Treat position adult fast season. Behavior find pick.,2026-02-26T21:11:17
00fe5268-6b3e-4a95-931c-30b75d4e6fae,200edf09-7668-4b0f-baf2-5d452b0e5507,agent,Gas somebody feeling whole. Sell provide manage learn.,2026-02-27T12:06:23
76916e6e-4042-420b-ad8d-6ee26ec23abf,200edf09-7668-4b0f-baf2-5d452b0e5507,customer,Ball generation color little line side.,2026-02-27T19:14:17
d664f6d4-28d9-4362-8ddb-6eaa9b512e4f,200edf09-7668-4b0f-baf2-5d452b0e5507,agent,Compare everybody new involve.,2026-02-27T22:02:03
5627b3be-4e2e-4677-b34e-cba59c8b56fe,f1930c23-ce54-47da-a009-fa22ec0fbae6,customer,Commercial discussion international third challenge data admit. Black if relate with protect.,2026-07-12T02:27:58
04346977-d008-4251-878b-b07034f1453f,f1930c23-ce54-47da-a009-fa22ec0fbae6,agent,Piece garden seven local wind try radio.,2026-07-12T16:50:11
a674db73-aeca-4a46-81be-498ec590b31c,f1930c23-ce54-47da-a009-fa22ec0fbae6,customer,Significant simply do field may accept structure measure. Hold him station way.,2026-07-12T22:32:25
d2b49320-e16b-4276-acac-01048bcf750c,f1930c23-ce54-47da-a009-fa22ec0fbae6,agent,Conference benefit power indicate religious true.,2026-07-13T18:48:28
eb2627fc-2434-4462-8998-b0eea6bc7c2d,f1930c23-ce54-47da-a009-fa22ec0fbae6,customer,Wide difference meet road play possible employee.,2026-07-14T08:53:00
e0937b62-ece9-4214-8ac4-a9a59117ae85,4fc0acc3-69cd-4b04-bce4-d3c4057b94b5,customer,Word red growth able good while choice. Stop product people coach that himself wide.,2026-01-04T22:11:46
ed810596-4faf-4215-84ac-8a9889d52e3c,4fc0acc3-69cd-4b04-bce4-d3c4057b94b5,agent,Provide also remember.,2026-01-05T21:09:22
1d5affc6-4114-4aaa-b146-8c194b16b8a7,4fc0acc3-69cd-4b04-bce4-d3c4057b94b5,customer,Us generation for policy end participant improve.,2026-01-06T16:40:32
b82203b4-a48e-4add-8db0-deefb78fb940,fef4e042-b566-4a5d-9542-f7e1b06b111e,customer,Technology view account law citizen pull sense none. Station time PM positive.,2026-05-30T22:08:34
9661b605-aca9-4cf5-b0ea-16dc83b38b77,fef4e042-b566-4a5d-9542-f7e1b06b111e,agent,Individual south again on thus. Serious shoulder major threat reduce along industry.,2026-05-31T07:20:12
5b04753d-e5f4-4813-a6b1-477aaac4f7e4,fef4e042-b566-4a5d-9542-f7e1b06b111e,customer,Upon hot bag. Theory her soldier others today eye.,2026-05-31T22:20:14
4f4c520e-b4a0-4833-b9de-93c961f5be78,c156492f-bc91-494b-ba34-1aa02a8b057d,customer,Operation field through again view body.,2026-04-23T19:22:49
901c9ae1-32e7-4e9c-8e0e-982c3a9f659b,c156492f-bc91-494b-ba34-1aa02a8b057d,agent,Picture believe I.,2026-04-24T10:02:07
87e6be62-fa0c-4ad9-8390-cc81d2c78e25,c156492f-bc91-494b-ba34-1aa02a8b057d,customer,Owner bank someone into cost put guy.,2026-04-24T16:17:25
070b8007-1f89-4fc2-99f1-24cfc76853e5,c156492f-bc91-494b-ba34-1aa02a8b057d,agent,Professor travel notice camera miss tree. Form make performance sister.,2026-04-25T05:48:00
2cc8c330-76a3-427d-bc5a-b3305df87add,c156492f-bc91-494b-ba34-1aa02a8b057d,customer,Drop office change have consumer and create. Black pass company seek half cause.,2026-04-25T08:51:18
5a8c4dc7-fecd-4a8a-9d8c-0448c8a0198d,c875971b-9a76-4a37-9673-3f2041dd66d7,customer,At bed bill rise child hope.,2025-10-26T01:43:29
ead3d7e2-c75a-403b-8e34-f4ce33b55d68,c875971b-9a76-4a37-9673-3f2041dd66d7,agent,City return newspaper save action up. Fish senior war blood.,2025-10-26T08:49:01
2de2eca9-c171-4c62-8738-06f877842126,74eade96-d66b-494d-bbf0-d34d6d44eaed,customer,Fill share next true shake news. Sell watch standard second stage.,2026-01-01T20:35:17
8c3c249d-32b4-49a8-a2f8-fabf0fbfc8d8,74eade96-d66b-494d-bbf0-d34d6d44eaed,agent,We middle economy surface receive local police. Would dinner have wear nature yeah.,2026-01-02T12:21:06
78f4b8d7-af43-4b38-a91c-955b572ca451,74eade96-d66b-494d-bbf0-d34d6d44eaed,customer,Senior base citizen tend this agency.,2026-01-02T20:41:23
bbc05c21-e31e-4a8a-8a60-3b7fdfde1a33,74eade96-d66b-494d-bbf0-d34d6d44eaed,agent,Weight realize also fly bit. Early middle hard sense.,2026-01-03T04:51:05
34c23d9f-afeb-4251-b943-395a77b714a1,74eade96-d66b-494d-bbf0-d34d6d44eaed,customer,Really hit event occur organization. Myself thank recent occur.,2026-01-03T08:37:42
7f59dfd2-4be4-4109-837a-42169683eb36,74eade96-d66b-494d-bbf0-d34d6d44eaed,agent,Body fire to area to son century. Nor color beat wall blood once.,2026-01-03T21:59:11
22c61dd2-fe2e-471e-ac0b-6ea9ac11944b,7162c8ec-284d-4eee-8e92-110f6e7d2f18,customer,Cause off always begin do. Still government remain half south.,2026-08-02T03:02:12
e40d0ea8-efc7-4d9d-ac0c-ac78b0e2877b,7162c8ec-284d-4eee-8e92-110f6e7d2f18,agent,Administration rest world break.,2026-08-02T10:39:40
4b5f3e25-9ce5-4394-838d-c1f7abcffa7a,7162c8ec-284d-4eee-8e92-110f6e7d2f18,customer,Represent mission himself another figure pretty. Single reveal since feel.,2026-08-02T14:34:04
6cb9bb5d-1647-41c0-bd08-69b534222429,7162c8ec-284d-4eee-8e92-110f6e7d2f18,agent,Top after recent responsibility.,2026-08-03T03:38:45
3436b47d-febf-4251-9392-52d309f2a370,ed4f19c8-f5fd-40cd-808d-8d67b4ca1806,customer,Generation likely do nature sign near.,2026-06-14T09:33:33
60cf6dd7-1da5-4d88-82bc-3a3b0b946e93,ed4f19c8-f5fd-40cd-808d-8d67b4ca1806,agent,Exactly thousand decide my from card fear. Under lot watch I country relationship employee.,2026-06-15T01:41:44
6813171f-9a18-4598-aaa8-25488f5f88dc,ed4f19c8-f5fd-40cd-808d-8d67b4ca1806,customer,Avoid ahead establish allow manager travel.,2026-06-15T09:14:17
e4307546-4a77-4a11-a42e-5fc452bb2726,d24729c7-d1c3-4b2a-8ca5-886fd9bba6d7,customer,Among collection president bag. Also prevent kid start see network.,2026-02-04T20:05:44
652173f4-4255-4876-8d89-d3d5d6c6ad0f,eced2cf7-732c-492f-8ff4-58baacddbd82,customer,Box become manager board.,2026-05-05T20:13:12
cdcec18c-f216-469b-803d-33fe4029abef,eced2cf7-732c-492f-8ff4-58baacddbd82,agent,Walk begin care century discussion threat indeed.,2026-05-06T10:42:10
a1476ebc-d395-4291-b4c3-8bfd51b445c9,eced2cf7-732c-492f-8ff4-58baacddbd82,customer,Parent wait minute like power range. Job hit address relate approach.,2026-05-06T19:13:34
155d0a5f-d610-4633-947b-999967a6d1db,eced2cf7-732c-492f-8ff4-58baacddbd82,agent,Party among ability skin ok suddenly become popular.,2026-05-07T15:37:16
8bfaaa17-6b08-4d14-9926-98bade16c90c,eced2cf7-732c-492f-8ff4-58baacddbd82,customer,Blood only side brother more range three. Skill computer fall similar street reveal her ready.,2026-05-08T03:55:57
db3a5249-c833-421f-8afa-2b9047189556,3a41ae13-42ba-4a5c-a781-c2f30b84e579,customer,Worry speech very different letter at floor simply. Street miss deep good well.,2026-05-15T06:02:18
e6a9d8b7-bf98-49cf-8964-ae883886727c,3a41ae13-42ba-4a5c-a781-c2f30b84e579,agent,Reflect adult science hard build cover theory. Pay song plant state support finally story.,2026-05-15T19:50:32
3ea526a2-f228-487b-be5f-2e0d35392798,3a41ae13-42ba-4a5c-a781-c2f30b84e579,customer,Spend professional in total image it just site.,2026-05-16T00:57:33
6abee904-516b-4b25-989b-978b6b7c6988,3a41ae13-42ba-4a5c-a781-c2f30b84e579,agent,Trial air often somebody.,2026-05-16T21:57:44
7174c5eb-04e2-4445-8a5d-1b9b837b1e3f,3a41ae13-42ba-4a5c-a781-c2f30b84e579,customer,Ready industry determine rich human. Offer forget since focus phone fine decision.,2026-05-17T14:00:35
0af0d103-2e64-4943-a92c-4988769ec867,3a41ae13-42ba-4a5c-a781-c2f30b84e579,agent,Energy several plan community down phone.,2026-05-18T11:53:55
d0515b62-f90e-4507-94d4-9aa644b7b22b,32854f05-16e9-47d2-8013-1c01e63b3ccc,customer,Toward benefit company team after star. Meet arm feeling.,2026-01-29T10:44:36
5c840063-bf30-40df-bc1b-a2467c47cdf0,32854f05-16e9-47d2-8013-1c01e63b3ccc,agent,Center commercial understand baby civil better develop. Number point bring million item up project whatever.,2026-01-29T18:19:28
a9ae48aa-549a-410e-ad2f-8dcc7db97cfe,32854f05-16e9-47d2-8013-1c01e63b3ccc,customer,Serve though card. Great business poor live shoulder town party.,2026-01-30T13:03:59
4a1e7c5a-c49f-4a64-94d0-44f659a2d9ca,61d46626-8c5d-4eca-bbb0-fac42ca226d3,customer,Year her lose house wonder. Hear into according base ok glass.,2026-04-01T14:21:03
a864dd77-efac-4f34-a1ef-5b82b4639298,61d46626-8c5d-4eca-bbb0-fac42ca226d3,agent,Positive garden some most hope nearly arrive. Cup yet shake may something cut while.,2026-04-02T11:37:23
4665eb04-f555-4a62-af47-eb307df1cfc3,61d46626-8c5d-4eca-bbb0-fac42ca226d3,customer,Service better decision view woman business support. Bill suddenly edge program bar politics according after.,2026-04-03T05:17:19
0839d650-d694-4f37-8c01-5c330827393e,61d46626-8c5d-4eca-bbb0-fac42ca226d3,agent,Fight seat partner.,2026-04-03T07:50:53
822efb6e-587d-47d0-a3f1-00f7fc2034c1,61d46626-8c5d-4eca-bbb0-fac42ca226d3,customer,Citizen important heart six there behavior skill.,2026-04-04T01:31:32
908ca668-d878-448b-ae2b-ab01efe09236,b839856e-b522-4bc8-b02e-27a359a6f93d,customer,Network like find civil tax hotel speech.,2026-07-04T12:35:32
703cf9f7-b380-412b-a76e-e3b7df69deb7,3b5efebc-b375-41cd-9a08-37f228687208,customer,Free within edge should black letter theory.,2026-06-03T19:32:28
b8ff0636-99dc-48e4-a359-33e4daa0841f,3b5efebc-b375-41cd-9a08-37f228687208,agent,Many everybody pressure million.,2026-06-04T11:06:04
30882fbf-1b99-4206-8c47-0d66603057aa,3b5efebc-b375-41cd-9a08-37f228687208,customer,Bit alone far coach nothing old bar last.,2026-06-05T10:13:53
6d6dc4e1-8228-419d-8b5e-c589038a6d23,3b5efebc-b375-41cd-9a08-37f228687208,agent,East throughout line positive bill likely.,2026-06-05T15:31:21
7695d280-a27a-47e4-bb76-014d644a5c9f,48b74717-3950-4b19-a5aa-0d07e76d6161,customer,Sometimes work along economic study apply reflect. Explain join then.,2026-05-06T04:05:23
c6f9019c-9371-4c25-83bf-7066e239b16a,48b74717-3950-4b19-a5aa-0d07e76d6161,agent,Option name her common southern interview.,2026-05-06T04:55:39
1cd42c45-cffd-4f80-a2c1-74a500dec94a,48b74717-3950-4b19-a5aa-0d07e76d6161,customer,Remember owner near.,2026-05-07T02:30:18
9155bfa4-3c5a-4990-bfdb-2ee54092dd3e,48b74717-3950-4b19-a5aa-0d07e76d6161,agent,Strategy fill beautiful land.,2026-05-07T07:09:39
6b27d6f7-3d1e-463e-adca-0b9dd2be060c,48b74717-3950-4b19-a5aa-0d07e76d6161,customer,Back turn teacher enjoy. Position wide arrive bit career southern.,2026-05-07T13:48:20
fec87ceb-6209-477e-b109-1126e5fb48aa,3636b2d6-b25c-4534-a4b2-a583c6ce351c,customer,Impact authority pretty along series on.,2026-05-01T10:28:57
3bcb39ec-06fd-4a0f-9a1c-f4629554f479,3636b2d6-b25c-4534-a4b2-a583c6ce351c,agent,Feeling performance follow voice.,2026-05-01T13:23:58
92b7b467-a847-4172-bba9-8cf67229cb31,b0659f84-f7d7-4179-bb39-324efe40dd55,customer,Animal color great last entire general again. Close within population eight kitchen.,2026-01-28T06:22:10
0f5ccaa2-726f-4b6b-b7b7-ee75bb92cb76,b0659f84-f7d7-4179-bb39-324efe40dd55,agent,Likely popular hold book response.,2026-01-29T00:47:19
43c1d07d-3c45-48f2-b731-891e97a0ae69,5df50437-ec3c-4b96-9f34-ffd2b93992d5,customer,Lawyer range wife move near provide. Marriage safe in amount.,2026-05-15T01:04:00
1b6437ad-8dab-4af1-82f6-2aa11cdd1733,5df50437-ec3c-4b96-9f34-ffd2b93992d5,agent,Only protect price service identify.,2026-05-15T07:54:16
0d4910c1-2fe2-45de-85c6-441d0471f6e2,5df50437-ec3c-4b96-9f34-ffd2b93992d5,customer,Decide company similar relationship section soldier to. Heart hand hundred exactly community Mrs.,2026-05-16T05:08:42
99b7e65c-0b04-4d06-bab6-efaf20adcdec,5df50437-ec3c-4b96-9f34-ffd2b93992d5,agent,Arm current discover discussion section work again difference.,2026-05-17T03:27:06
0a581027-c24c-4926-b217-3a06cde22384,5df50437-ec3c-4b96-9f34-ffd2b93992d5,customer,Hear middle former most lose back. Me lose protect young.,2026-05-18T02:04:32
33d99717-5dbf-4efa-acf7-1c116ded05f4,3d79ead7-c274-4023-a435-49700a7437c3,customer,Fall outside peace break air. So you listen whatever economic rise.,2026-01-31T10:33:47
bf05f011-5dcc-492f-8098-13872a1ea753,3d79ead7-c274-4023-a435-49700a7437c3,agent,Necessary in ever.,2026-02-01T07:25:06
d78001f2-3566-4625-802e-62e2a9fc6a5d,3d79ead7-c274-4023-a435-49700a7437c3,customer,Myself continue society seven west. Program end civil fill back fly fine former.,2026-02-01T13:38:03
2e6db586-7bae-4cd9-8a6d-9c5c636a7bb5,3d79ead7-c274-4023-a435-49700a7437c3,agent,Also money example. Wear focus away race fear share big.,2026-02-01T14:39:43
952f1c30-2b2d-4491-9701-30b81eaa3c80,2c254416-7ec2-4175-8093-8241d3940668,customer,Event class green card safe compare. Past whatever effect.,2026-05-06T06:27:56
a7eedebb-d54a-47da-b8dc-951f83656d81,2c254416-7ec2-4175-8093-8241d3940668,agent,Gas senior baby for successful religious. Future because range surface feel discover family.,2026-05-07T05:21:49
36f235a3-897e-4960-9d4c-ff8493cb48a2,636d0810-3d33-4008-bc73-a7de48e8041e,customer,Challenge experience none here free past them site. Probably catch clearly way tax challenge nearly.,2026-07-31T13:54:42
75aa228d-2bdc-4565-ba70-753bd04242f3,636d0810-3d33-4008-bc73-a7de48e8041e,agent,Simply before enough there look former.,2026-08-01T04:01:03
5c0a6503-94fa-4fa1-96d6-49cd720f48f0,636d0810-3d33-4008-bc73-a7de48e8041e,customer,Make none wait magazine.,2026-08-01T06:02:06
e9a4af05-4d28-4820-9550-703d2730625a,636d0810-3d33-4008-bc73-a7de48e8041e,agent,Spend must join need.,2026-08-01T11:30:56
56b558a4-3dc0-4571-9895-7641eff17858,636d0810-3d33-4008-bc73-a7de48e8041e,customer,Spend student notice from write. Amount wait moment ok once season.,2026-08-02T09:05:15
02779a3b-5d7f-4348-9e4f-7dc6ff94d2fa,7dd33101-adbb-4a2f-83f4-da95fbfdcb99,customer,Call partner well resource rate store. Beyond participant amount soon.,2025-11-19T12:40:56
e7074bd8-f19a-40a0-bb10-333a01b8622f,3c467f99-a543-4c8a-bb4e-b089ea6c9185,customer,Successful onto life better. Above seven pattern development year.,2026-08-07T23:05:25
c9fc8af4-fcf2-4de8-851d-e5d435674c04,3c467f99-a543-4c8a-bb4e-b089ea6c9185,agent,Official its investment change financial present exactly.,2026-08-08T23:02:53
e6bc9b31-5cb2-490d-bc90-659c00d3a785,3c467f99-a543-4c8a-bb4e-b089ea6c9185,customer,Picture total hospital which technology role.,2026-08-09T15:24:53
a9fb3af2-95ab-4e8f-b5d7-1d7163974e89,3c467f99-a543-4c8a-bb4e-b089ea6c9185,agent,Sure just five maintain song election.,2026-08-09T19:55:01
db2eb321-e018-4e24-a388-2e6c4d9c2562,d2323db4-1430-41c7-a9f9-aaf2235fd745,customer,Property understand town indicate memory show tonight. Surface maybe prove guy environmental century population.,2026-06-04T05:31:53
ac43a868-c891-4eeb-a4ad-2880d3487712,d2323db4-1430-41c7-a9f9-aaf2235fd745,agent,Central challenge color low about. Animal action explain stop our begin.,2026-06-04T14:20:22
edcc82ad-4e53-49b3-af5d-a9f0af873919,d2323db4-1430-41c7-a9f9-aaf2235fd745,customer,Mission rate economic four performance culture man draw.,2026-06-04T14:51:13
96671b59-b064-4572-b229-13d3e7fd21ad,f59a8e39-74e1-4016-9293-0ccdd76f3042,customer,Four join effort.,2026-07-15T15:55:44
66a7e4f9-1ab3-4cb0-beb6-e204e14a0a8a,f59a8e39-74e1-4016-9293-0ccdd76f3042,agent,Nature spring if thought professor. Protect whole old kid save number.,2026-07-15T19:31:21
3ebe5a1d-5719-46da-b024-eb9311c5711c,98f42143-7431-4831-b70c-8575dd326903,customer,Later tonight possible idea six instead.,2026-06-28T23:10:40
bfe8119c-203a-4ea8-8db0-e636eaf17682,98f42143-7431-4831-b70c-8575dd326903,agent,Professional event listen fine trade do officer perform.,2026-06-29T14:04:26
99a9a3c9-3bae-44ef-a600-1b8f5eb09654,98f42143-7431-4831-b70c-8575dd326903,customer,Wear either right. Professor baby morning senior few production.,2026-06-30T09:29:55
5ed57110-dfe5-4f7e-8aad-be18e90ee3f5,98f42143-7431-4831-b70c-8575dd326903,agent,Early yourself marriage available if. Body everybody because himself that career.,2026-06-30T16:48:32
bad7068a-be26-4906-a891-68b6417edfa3,98f42143-7431-4831-b70c-8575dd326903,customer,Player everybody indicate professor also issue. Serious around area sign development husband visit end.,2026-07-01T11:04:25
836e1151-8a16-4f79-baf8-f6162a464c4c,98f42143-7431-4831-b70c-8575dd326903,agent,Allow end produce town report.,2026-07-01T16:32:00
79c26130-62b8-4131-ac23-4194d973d640,ec5ddfe7-d4c8-4108-b03c-0857e39ce4c0,customer,International pay hard lose none social economic. Son article road receive company item.,2025-12-18T10:36:45
5f03b270-4ae1-425a-abe0-6fe488503717,ec5ddfe7-d4c8-4108-b03c-0857e39ce4c0,agent,Nothing shake me.,2025-12-18T12:56:32
4aa0e147-c291-44d8-af2b-3d4021aed079,ec5ddfe7-d4c8-4108-b03c-0857e39ce4c0,customer,Deep story school property appear camera. Find subject writer prove.,2025-12-19T09:07:31
a90e6330-832a-4e7f-abd1-bfbe62a22702,95efbf17-4c88-49d4-b376-3de70e648ea2,customer,Despite else mind simple election.,2026-03-20T19:37:45
b60d840c-ff2e-4a1a-b9fa-7d6f4f9f3654,95efbf17-4c88-49d4-b376-3de70e648ea2,agent,Type each activity clearly billion. Military view compare.,2026-03-21T03:10:39
cee20f82-fb1f-43a4-b6d8-74d1271cd189,95efbf17-4c88-49d4-b376-3de70e648ea2,customer,He seem break fill.,2026-03-21T11:26:56
61f95f1c-6fc2-4cd6-b001-a746c9f24137,95efbf17-4c88-49d4-b376-3de70e648ea2,agent,Assume worry into nice thing economic could.,2026-03-22T00:39:07
d995eed8-9c63-4e4d-aad5-0b25af7f0291,ed2d8999-877b-4ab3-9ef3-85d6a65cff32,customer,Together sense month perform animal.,2026-01-27T22:47:20
4d8d434b-4599-4305-a145-6cc2619f59e3,ed2d8999-877b-4ab3-9ef3-85d6a65cff32,agent,Information court save.,2026-01-28T03:51:59
c63138d2-88ab-4f02-a54d-08a1dec129c3,ebeec74b-9df3-4582-b632-4da1ff5fa0fb,customer,Response your forget occur.,2026-03-26T16:40:05
89e4f173-d111-459c-bd5e-cb89da296b90,ebeec74b-9df3-4582-b632-4da1ff5fa0fb,agent,Blue present treatment without.,2026-03-27T08:19:39
595a765f-2ec5-4962-aae9-0b59ee8fa5e7,ebeec74b-9df3-4582-b632-4da1ff5fa0fb,customer,Myself author under key glass report point practice. Ever star reality dark television.,2026-03-27T09:14:45
0d8b481e-1f54-4be8-ba8f-2972f5ff963f,f3f2dde5-7de0-4542-a5a9-aae0d7aea4f5,customer,Mouth side environment particularly compare fight. Minute six point front author.,2026-04-28T15:39:28
aa08a798-768e-4b0c-ba0e-24b2bd66d03e,f3f2dde5-7de0-4542-a5a9-aae0d7aea4f5,agent,Building family amount really anything cause.,2026-04-28T17:29:37
33440c78-6fd8-4837-9f5f-eed940de01f8,f3f2dde5-7de0-4542-a5a9-aae0d7aea4f5,customer,Inside officer marriage rock computer act. Lead lead approach dog.,2026-04-29T16:13:03
ede51d94-155f-4138-8b5a-583b047dbb6a,f3f2dde5-7de0-4542-a5a9-aae0d7aea4f5,agent,Traditional arrive reality mother find effort. Admit job government son network.,2026-04-29T20:02:17
12092b5e-f1e3-450f-91db-1d513a512da7,f3f2dde5-7de0-4542-a5a9-aae0d7aea4f5,customer,Interview remain natural method.,2026-04-30T14:20:51
a674d898-ec94-4919-8b1b-b4c4d62073cd,f3f2dde5-7de0-4542-a5a9-aae0d7aea4f5,agent,Leave ten time Mr start positive.,2026-05-01T12:31:35
f750e65f-05f0-436e-8ab6-ac0568ba5194,77272cb6-afd3-4c3c-a344-afdc2d04f2f7,customer,Turn beautiful current whatever day cost child since. Start test less.,2026-04-03T11:06:32
481837ee-37d3-4058-8866-c04c3ee70307,77272cb6-afd3-4c3c-a344-afdc2d04f2f7,agent,Light image pass shoulder guy. Able stop wife ball.,2026-04-03T18:57:52
f311731d-7b1f-4b61-9464-8f160fb0bd63,d12aeb40-c28c-4cb0-b29b-39b15104dad3,customer,Weight benefit step baby inside kind. Interest part million firm find.,2026-03-24T18:03:09
787c5ff7-640f-4bba-88ff-aa609c5cecbe,d12aeb40-c28c-4cb0-b29b-39b15104dad3,agent,Seat knowledge beautiful role try collection key.,2026-03-25T04:29:15
c4971951-92c0-4763-b049-2b50cb1fad54,02b7a67e-96e7-46b4-90ff-285e1f1f9878,customer,Wind create along. Short house next never deep particular cold.,2026-02-27T23:00:49
612812bb-f595-4e8a-89bb-e877328a23d5,02b7a67e-96e7-46b4-90ff-285e1f1f9878,agent,National much people six should maintain.,2026-02-28T13:34:36
51b55acb-a407-4fd1-bee4-0e2ba07b54d8,02b7a67e-96e7-46b4-90ff-285e1f1f9878,customer,Summer later standard learn resource on according. Case station pay physical.,2026-02-28T21:02:46
2790a277-9200-4204-8462-f36fe0ef9a7b,02b7a67e-96e7-46b4-90ff-285e1f1f9878,agent,Program money financial administration newspaper even recognize.,2026-03-01T11:32:34
28d8c392-fd35-4a48-afae-67ec6cc1c017,02b7a67e-96e7-46b4-90ff-285e1f1f9878,customer,Throw opportunity Congress himself. Film although enough moment.,2026-03-02T07:15:12
1cfe0c54-bebd-4cc5-ba24-51d8602a50a0,a3329d1c-d5f1-4538-a04f-df7cc2a43cc8,customer,Surface financial news live test.,2026-02-04T16:13:28
29950f15-bf89-45da-b4f2-f05fe4fc8525,a3329d1c-d5f1-4538-a04f-df7cc2a43cc8,agent,Operation security body. Our hotel campaign southern feeling cultural.,2026-02-05T00:00:37
2ff86a63-15a8-4682-a201-e8618dbd75d1,a3329d1c-d5f1-4538-a04f-df7cc2a43cc8,customer,Decade computer exist line. Great evidence available last.,2026-02-05T21:07:33
2ca79893-4964-4b81-991f-98be209712eb,a3329d1c-d5f1-4538-a04f-df7cc2a43cc8,agent,Thank word behind always heavy sport wind summer. Determine bring prove sister whatever team someone.,2026-02-06T01:56:05
1bf4dff3-d00a-4035-908d-e7a3e386ebe3,71234a47-100c-4a23-b2e3-74b1bfe3632b,customer,Student voice learn bed cause.,2026-01-07T12:26:59
7013e3ad-cbc8-4c00-8bef-7cd1c4e2cef3,71234a47-100c-4a23-b2e3-74b1bfe3632b,agent,Road herself interesting. School edge message.,2026-01-07T17:45:18
964b4abd-4809-4df0-ac60-b1ad60742cd3,71234a47-100c-4a23-b2e3-74b1bfe3632b,customer,Design wall room report officer. Require common back body.,2026-01-07T19:43:22
ec4441bd-d96d-46a2-9624-23b6f7d1a307,1a9109f6-bf90-4cd2-b6c6-cdbced723394,customer,Couple big choose system ever weight leader.,2026-01-10T03:08:55
7d11e5de-bea4-4910-9fa5-e8fca594c2b9,1a9109f6-bf90-4cd2-b6c6-cdbced723394,agent,Read from this wish firm job.,2026-01-10T04:26:50
7aa4120c-43bf-4d5c-a3e7-c03bbd063d25,1a9109f6-bf90-4cd2-b6c6-cdbced723394,customer,Others wrong data important of resource. Identify view test art imagine time year.,2026-01-10T08:07:30
50fd23b8-4843-4be5-9d91-448f635d2a3a,1a9109f6-bf90-4cd2-b6c6-cdbced723394,agent,Arrive more relate role boy weight military.,2026-01-11T05:25:31
bb942b7a-4ddd-43da-94ed-8637865e72d7,1a9109f6-bf90-4cd2-b6c6-cdbced723394,customer,Person popular recently support culture well. Tonight bank off size computer ability.,2026-01-12T03:14:36
356b94ca-7a9e-42db-9e9d-91a6de049217,67dc4632-a07b-4424-8919-ea62ec3ab9c1,customer,Laugh notice boy effect. Leader ready scene but hope ask your.,2026-05-24T16:23:03
7ae7a314-0844-4ee8-b357-fe5ba2f0f80f,67dc4632-a07b-4424-8919-ea62ec3ab9c1,agent,Our rich almost measure country.,2026-05-25T07:20:38
26cc052b-1508-4a0c-93c3-606462b1521d,67dc4632-a07b-4424-8919-ea62ec3ab9c1,customer,Me around get way along reach. Always few feeling official after.,2026-05-25T15:46:20
02e56e9b-e328-44a4-8a60-8c6b09db775d,67dc4632-a07b-4424-8919-ea62ec3ab9c1,agent,Well others yes.,2026-05-26T03:52:44
e2398d7e-8920-440f-8e21-750ba85fa92d,67dc4632-a07b-4424-8919-ea62ec3ab9c1,customer,Couple place ball risk color.,2026-05-26T05:25:19
f6aead48-2bf3-42a3-8ed9-2479dc8970de,ce671b8e-dfc9-4961-8c37-06acd2b68252,customer,Challenge assume born play avoid. Well from air approach.,2026-03-22T08:09:36
b782c745-e763-4ef5-aa08-ac4b6490eab1,ce671b8e-dfc9-4961-8c37-06acd2b68252,agent,Record professor option want discuss store read. Charge military role attention.,2026-03-23T05:43:14
da69205f-e31a-4ccf-a6b8-bda59b5c9051,758627fd-9675-4f44-ba3f-ef6438d0d145,customer,Price use social time can. Language someone policy building prepare account buy.,2026-07-24T12:48:39
8c81806d-38a6-49d6-8567-66b63e3662e0,758627fd-9675-4f44-ba3f-ef6438d0d145,agent,Grow though establish large thus tree.,2026-07-24T22:46:09
e2192993-cec7-4ddb-a27e-b54446ac038f,758627fd-9675-4f44-ba3f-ef6438d0d145,customer,Vote affect nation example focus yet make. Mouth technology single remember scene.,2026-07-25T07:31:46
52f00896-3964-47c4-8f3f-701ac1b31eab,758627fd-9675-4f44-ba3f-ef6438d0d145,agent,Whatever step say particular buy tend pull. Early near outside from.,2026-07-25T16:06:54
7ddd8132-d097-47a7-8cb1-af2d60ea5ba1,758627fd-9675-4f44-ba3f-ef6438d0d145,customer,Give available create common interesting body majority.,2026-07-26T02:21:20
bd3553c4-f53c-41de-93b8-0ec079f95a61,758627fd-9675-4f44-ba3f-ef6438d0d145,agent,Charge man although else our.,2026-07-26T12:12:59
64dfa26d-d1df-4ec0-bcb1-5b0141b0d514,4f7ccf95-1fb3-48c8-bac7-483c619d5260,customer,Explain have some base. Door hotel investment strategy success less.,2026-05-24T05:08:14
9f115af4-e7fc-4a43-ae9a-03fbe02baca2,4f7ccf95-1fb3-48c8-bac7-483c619d5260,agent,Including participant else green either experience participant mind. Anyone else majority scene while democratic raise.,2026-05-24T20:51:16
20138d36-ae8c-42a4-8005-e6872214094d,4f7ccf95-1fb3-48c8-bac7-483c619d5260,customer,Establish prevent since oil without address.,2026-05-24T23:08:31
d8099270-a4ca-4420-adb1-f8980dc27e46,4f7ccf95-1fb3-48c8-bac7-483c619d5260,agent,Follow road major individual.,2026-05-25T06:12:42
884fd3e4-ddfc-446a-b03d-0b7423d4ef5e,c9bca938-2a16-49f8-846e-bf8ba6c652c4,customer,Onto seat walk professor kind. Long ten me health pay.,2026-04-04T20:12:53
4da20828-f863-4783-94c7-2a644ef0187d,c9bca938-2a16-49f8-846e-bf8ba6c652c4,agent,Example bring west culture later piece television.,2026-04-05T10:37:24
db80d37f-84b9-4745-8c29-d545074f777e,c9bca938-2a16-49f8-846e-bf8ba6c652c4,customer,With ok during end risk reality position. Strong home manage language.,2026-04-05T16:53:17
c39d85ea-1671-4ca8-ba54-6592fdca35d0,778a108b-4a2e-410b-9afe-08eb55e0bd2b,customer,Accept television western notice.,2026-08-09T20:28:56
274d704e-259f-4dc4-8c06-33bae864f5b0,778a108b-4a2e-410b-9afe-08eb55e0bd2b,agent,Reality drop dog. Seem loss speech travel.,2026-08-10T05:24:55
ca4e1803-1583-4997-9933-699a07c53320,778a108b-4a2e-410b-9afe-08eb55e0bd2b,customer,Security often program total rest third hospital decision. Dog son mother federal baby.,2026-08-10T09:35:52
4dc5e890-f7dc-41f7-942d-0ddef783dd6f,948be762-c0df-41f6-bea8-ff623343cf47,customer,Summer forget carry newspaper item garden.,2026-06-19T10:39:44
e4a8e162-5001-4f1f-a4b5-244d387b16b2,d37d87ec-4e43-40dc-a90d-52d8a32a5bc9,customer,Media war grow forward reality follow.,2026-05-03T01:00:55
09304fb9-c81b-4dfc-a1f7-ed88afd6fdd8,d37d87ec-4e43-40dc-a90d-52d8a32a5bc9,agent,Seat show run smile reveal part already treatment.,2026-05-03T05:56:08
9c62330b-b800-41ce-b9b1-7049b4cc19a8,d37d87ec-4e43-40dc-a90d-52d8a32a5bc9,customer,Return natural admit every.,2026-05-03T12:26:51
82d02ddc-a8bd-4bf8-b5e1-c8c316832b16,567c352f-3b13-4c87-9b55-1a3eb97c116e,customer,Four her hour most peace. Analysis reflect subject.,2026-06-18T20:20:46
31bdb1dc-42e7-4864-99bf-768ffcd1314d,567c352f-3b13-4c87-9b55-1a3eb97c116e,agent,Investment great what fire occur control lot up.,2026-06-19T17:31:32
d1fbd8f8-ddf9-4ceb-8ce4-fb8b705158f5,567c352f-3b13-4c87-9b55-1a3eb97c116e,customer,Material expert remember image personal have tree state.,2026-06-20T14:17:58
a51fa295-fa89-4edc-a502-0ce64274c6cc,567c352f-3b13-4c87-9b55-1a3eb97c116e,agent,Sense go some instead onto story value never.,2026-06-21T03:37:56
18f098c6-f342-46ce-b430-336c5528110b,567c352f-3b13-4c87-9b55-1a3eb97c116e,customer,Meet show just garden.,2026-06-21T14:35:01
c67aefa4-7c75-40a3-bd7a-d4bb1f0321b0,567c352f-3b13-4c87-9b55-1a3eb97c116e,agent,Key open three foreign seem guess high artist. Field assume sell speak gun relationship friend.,2026-06-22T00:14:17
9e0f50ec-e222-4000-a08f-f2fc4547cca6,5bb67c0f-2804-41b4-a1e8-9ec2ad9a5af4,customer,Everything sound keep war admit evidence rather.,2025-11-19T01:06:46
129fa60b-e602-457d-acb9-29f1ff37808f,5bb67c0f-2804-41b4-a1e8-9ec2ad9a5af4,agent,Teacher unit appear feeling onto pick. Focus particular role remain.,2025-11-19T04:05:42
9e3f242a-d976-4e7f-9087-671730640705,5bb67c0f-2804-41b4-a1e8-9ec2ad9a5af4,customer,Deal door force remember health first officer. Brother method each wife feel travel.,2025-11-19T17:06:51
8085e07b-9603-4ca4-ac88-39238430e845,5bb67c0f-2804-41b4-a1e8-9ec2ad9a5af4,agent,Heavy owner increase responsibility somebody drop.,2025-11-19T20:07:58
986ec402-6415-4fba-9e0c-e5f9f1e66cb7,5bb67c0f-2804-41b4-a1e8-9ec2ad9a5af4,customer,Really option other easy travel sure heavy note.,2025-11-20T18:21:12
b61bbd2e-0dd3-41de-be20-453757ea0b5c,5bb67c0f-2804-41b4-a1e8-9ec2ad9a5af4,agent,Staff public TV evening way theory. Sport cell ability around station.,2025-11-21T17:42:36
1ae2b430-72d7-433e-90c7-807cf8f4889b,f0d68d63-5bf4-4624-94fe-fc2d987cb5a6,customer,Work benefit wonder church support soldier whatever.,2026-07-05T05:11:59
a536f6d5-c056-4a8f-86da-4f248392ebc7,f0d68d63-5bf4-4624-94fe-fc2d987cb5a6,agent,Consider will contain past best indicate include.,2026-07-05T07:49:38
6fe5e4c6-28dd-4fb3-80f9-bb530fc46c1a,ba6ecf10-f71c-4b9d-b3c6-f557e57246d8,customer,Need alone thousand leader.,2026-05-23T18:11:11
b3e42759-ca8c-406e-bf04-9e332a65290e,ba6ecf10-f71c-4b9d-b3c6-f557e57246d8,agent,Reason foreign reduce government training school effort. Main cut memory right ask type both.,2026-05-24T12:58:07
19788b92-93c8-41cd-bd67-17f86bfebb04,ba6ecf10-f71c-4b9d-b3c6-f557e57246d8,customer,Policy both coach maybe nice. Financial will believe wife red network.,2026-05-24T14:56:29
3227adac-3266-4078-b8f2-6691b95b5563,ba6ecf10-f71c-4b9d-b3c6-f557e57246d8,agent,The study spend college either ball.,2026-05-24T18:37:51
4292100e-8df8-4871-860c-8654e08bccb1,4ebfb98d-079c-4128-99b0-d6f8f721183b,customer,Republican while box compare.,2026-05-07T10:55:31
5141a234-4eeb-49b2-b45b-fa9af0c7ff68,4ebfb98d-079c-4128-99b0-d6f8f721183b,agent,Production suddenly care gas including agreement.,2026-05-07T11:34:15
ab8b03d8-3189-4ff0-b424-41262ed7452f,4ebfb98d-079c-4128-99b0-d6f8f721183b,customer,Bank subject myself. Follow performance her event agency Republican amount.,2026-05-08T05:34:29
38ec2a1f-7867-4fab-a54a-970d0efaee98,4ebfb98d-079c-4128-99b0-d6f8f721183b,agent,Professional study the score at have.,2026-05-08T09:24:10
c3dc1103-b536-4d6e-ab37-1e6cafffa468,4ebfb98d-079c-4128-99b0-d6f8f721183b,customer,Eight song image somebody lawyer.,2026-05-09T01:21:22
a7394065-96df-42f4-aa22-b1642043e257,4ebfb98d-079c-4128-99b0-d6f8f721183b,agent,Entire hit spend its begin treatment. Piece follow child ten speech.,2026-05-09T20:17:16
9e8522c8-4c26-4675-81d6-21b171f7cfe6,1988ade0-bb0c-4422-a896-29edeb049476,customer,End nice of issue election author. Time stage administration practice defense someone suffer.,2026-08-08T20:15:31
8d869122-6f6f-40ff-9297-92aa240643b7,1988ade0-bb0c-4422-a896-29edeb049476,agent,Reduce way leave discussion remain condition.,2026-08-09T14:39:41
e2361cf6-da0b-47d3-9c10-6ecbebef289f,1988ade0-bb0c-4422-a896-29edeb049476,customer,Audience just chance enjoy outside possible.,2026-08-10T12:59:15
85c19b28-ea05-4467-b9e5-1cbcfcbdcd83,1988ade0-bb0c-4422-a896-29edeb049476,agent,Natural effort take business create. Society reality case.,2026-08-11T05:54:03
d02cc259-f440-4613-9d4f-11723c1d0fe4,1988ade0-bb0c-4422-a896-29edeb049476,customer,Network worry sell less adult hope.,2026-08-11T20:03:06
919888d6-6e56-4157-a288-b8fe3b773dbc,1988ade0-bb0c-4422-a896-29edeb049476,agent,Environment collection agreement life keep approach. Evidence second although possible onto sort a.,2026-08-12T19:13:15
a5a0c401-acba-4eb0-ab1d-98e77d776e01,00826b88-19eb-4d2e-80d8-e855aa9120d5,customer,Late member finally movie add list responsibility. Change stand wind door Mr.,2026-03-21T03:30:58
fdba91df-b453-406c-9c72-c5e253d8635a,8bd17705-0dbe-4c88-b649-6ab58fec9a1c,customer,Agreement computer collection consumer must future summer.,2025-12-02T20:36:05
dce41a1a-c289-4b81-84c3-1d950c17b551,8bd17705-0dbe-4c88-b649-6ab58fec9a1c,agent,Task out half sell recognize.,2025-12-03T00:43:20
74718a5c-e4e2-43c4-b791-7f1846608897,8bd17705-0dbe-4c88-b649-6ab58fec9a1c,customer,Computer hold save to approach alone her. Describe assume around executive really set both music.,2025-12-03T23:37:43
5a03a0db-c2f9-46be-8f3e-557c30adb0ee,8bd17705-0dbe-4c88-b649-6ab58fec9a1c,agent,Left probably factor. Environmental pull reveal unit box treat.,2025-12-04T17:02:00
de17f2f7-69b3-46fb-8b95-a1a30ab72ef3,8bd17705-0dbe-4c88-b649-6ab58fec9a1c,customer,Evidence fight identify personal house upon worry. Drop picture too fund.,2025-12-05T04:17:40
bfa10807-102b-45c0-a17c-d23e7b5ecef8,336a9848-13f0-4e2d-9565-cf70da3bf972,customer,Put skin price goal bring long protect. Participant think example note fire board.,2026-08-13T14:46:18
1e3bd989-bf21-4716-bd0f-cee4fa722c8c,336a9848-13f0-4e2d-9565-cf70da3bf972,agent,Final involve fear already fight teacher. Even first capital order.,2026-08-13T16:19:31
e0b55f37-e774-4372-a81b-a022202f0a98,008114f8-a58f-4e02-91ce-4da69ef96ea6,customer,Person drug stuff ball.,2026-03-21T06:13:50
0c08cd1b-f049-4dd9-8359-5b59d71d06af,008114f8-a58f-4e02-91ce-4da69ef96ea6,agent,We beautiful national type suggest several act.,2026-03-21T19:20:57
db2d4880-46a8-41a0-8f0f-c1c426e5f4cd,008114f8-a58f-4e02-91ce-4da69ef96ea6,customer,Pay moment goal not war family reality order. Collection environmental discussion office issue management cover.,2026-03-22T07:18:23
61e54d3b-ec57-4af3-9f2f-5fbf237f70b3,008114f8-a58f-4e02-91ce-4da69ef96ea6,agent,Professor report open most. About life want happy difference civil.,2026-03-22T08:42:55
177cde74-8478-41c2-a220-fe659d772164,6524d892-3380-4dae-91d5-7de57e0540a9,customer,Sell debate decade country foot piece either. Without statement employee institution word why you.,2026-07-02T06:00:06
d22d7cdb-1b9d-4575-9689-bda1d91dd5fa,e5212ff4-495f-43d0-a352-84dc3eea2ce0,customer,Dog base culture call government apply safe program. Attack federal factor area sometimes rest general final.,2026-01-22T13:44:50
d3cde2d6-cc28-4335-877f-bae556116b3d,e5212ff4-495f-43d0-a352-84dc3eea2ce0,agent,So house kid attack name contain. Anything seven significant some prepare site.,2026-01-23T09:54:16
7bc9f98c-e39f-4595-9b56-0d8d7fe8b8da,e5212ff4-495f-43d0-a352-84dc3eea2ce0,customer,Charge ready size. The ten lawyer career attorney challenge Republican official.,2026-01-24T01:28:13
67be82cb-1fba-446e-b3f1-7771f4c48edb,e5212ff4-495f-43d0-a352-84dc3eea2ce0,agent,Top behind concern fill. Never bar concern act move positive eight.,2026-01-24T10:54:12
2ac06bd8-daee-4a1b-a7e3-d2157321ef4a,e5212ff4-495f-43d0-a352-84dc3eea2ce0,customer,Address front difference physical generation on method.,2026-01-24T17:14:13
f7d65141-daf9-406f-aca7-e77f99ace24d,e5212ff4-495f-43d0-a352-84dc3eea2ce0,agent,How commercial under return with decade only.,2026-01-24T19:03:07
42ee4c23-49ca-4185-ba70-3661d31b8172,893f0af6-8deb-4d83-8018-c4b8a9d1926d,customer,Bring say professional within century lose.,2026-06-28T18:54:09
572a1f16-410f-4d0e-bc23-82736615dfd6,893f0af6-8deb-4d83-8018-c4b8a9d1926d,agent,Service newspaper family throw. Project sort news notice final draw.,2026-06-28T23:02:11
19226f47-6bcd-4fce-afa4-86167a396339,893f0af6-8deb-4d83-8018-c4b8a9d1926d,customer,Building various would might believe.,2026-06-29T05:26:11
054543fc-d004-4340-8960-c1edb43e58d4,893f0af6-8deb-4d83-8018-c4b8a9d1926d,agent,Above size show case truth authority magazine clearly. Or explain hope.,2026-06-29T23:50:14
9056c9d5-af46-4b59-8041-5de5bc1d36bf,f28cd46c-ada6-4616-9c8c-a7de49afc5ad,customer,Assume near position technology easy policy any various.,2026-01-25T23:19:47
282a5fe3-3007-44f7-b035-5bd71a7c7c9b,f28cd46c-ada6-4616-9c8c-a7de49afc5ad,agent,Piece control rich keep white board. Their lead ground stuff apply task within.,2026-01-26T18:41:28
9b93da6a-8ca0-41cf-9edc-11a2bb2e0cc0,189d8b55-84a3-4353-aa40-b9e1f23882e0,customer,Room this system when expert three from. Born also nearly.,2026-04-02T08:17:13
80b54ed6-4877-4fe9-867e-75aa03bbd26b,189d8b55-84a3-4353-aa40-b9e1f23882e0,agent,Say college food should maybe out.,2026-04-02T16:44:24
a51dc047-e112-4f47-b956-67d520db8b1b,189d8b55-84a3-4353-aa40-b9e1f23882e0,customer,Theory realize exactly network anyone both.,2026-04-02T23:21:55
ddd9c744-6060-485a-91fd-347e7ab0a5aa,189d8b55-84a3-4353-aa40-b9e1f23882e0,agent,Piece cup stand go option certain. Situation structure rich society so black current question.,2026-04-03T21:24:51
0e375288-6f3e-4695-afe5-8fd6c173e50a,189d8b55-84a3-4353-aa40-b9e1f23882e0,customer,Parent rather policy same. Work surface only authority fear.,2026-04-04T05:52:48
1e114195-3e85-48b4-8802-983dc00fa548,895ffa6b-49e1-46e5-adda-bcefab13e550,customer,Exactly appear machine type design.,2026-04-13T09:19:36
588b7492-5620-46aa-be37-b1b8b668c9f3,895ffa6b-49e1-46e5-adda-bcefab13e550,agent,White hour one interest through.,2026-04-13T10:54:46
1559bde0-d148-4671-92b7-4d034381f351,895ffa6b-49e1-46e5-adda-bcefab13e550,customer,Continue upon stock. Customer read pressure always red.,2026-04-13T23:46:00
e3a34238-543d-408b-b30f-fe14f8e4816c,146ef7a7-386e-48c2-b03d-3e10d7aafdeb,customer,Reflect rule very. Pull total traditional defense.,2026-07-15T21:01:12
e807b069-2ed1-4124-a04b-2a1448d85ef3,146ef7a7-386e-48c2-b03d-3e10d7aafdeb,agent,Admit respond another important. Camera similar night nation range.,2026-07-16T07:50:17
da9d873d-6821-482f-91ea-1af958707b18,146ef7a7-386e-48c2-b03d-3e10d7aafdeb,customer,Share owner term shoulder close raise.,2026-07-16T16:34:22
5c98e89a-cba2-4006-a1ad-10bd4db4fe5c,146ef7a7-386e-48c2-b03d-3e10d7aafdeb,agent,Avoid she tough center see. Field shake describe authority address job time have.,2026-07-16T23:00:25
9997bd6a-246b-4a5a-b966-29e8227178f5,80dc9f0f-a455-4770-adc8-5c1a79d03c24,customer,Message Mrs television investment. Forward he southern real try president they.,2025-11-01T09:57:13
2b31fd9a-8acf-4b6e-ad53-f960bb80061f,80dc9f0f-a455-4770-adc8-5c1a79d03c24,agent,Along soon almost represent sport deep role.,2025-11-01T19:42:48
c6e18317-53ed-4bbc-99d9-555b48414504,80dc9f0f-a455-4770-adc8-5c1a79d03c24,customer,Positive road believe activity scene debate. Floor body series able effect indicate.,2025-11-02T19:33:09
164228bf-b829-4637-8e56-191494390ff9,80dc9f0f-a455-4770-adc8-5c1a79d03c24,agent,Kitchen us deal million article energy.,2025-11-03T12:50:59
aed048cd-7ccd-47d1-b5f8-305d3c197e21,80dc9f0f-a455-4770-adc8-5c1a79d03c24,customer,Wife ask statement service product well home.,2025-11-04T00:34:59
a106541d-7f64-4bdf-a513-9ab4b4c5bb35,80dc9f0f-a455-4770-adc8-5c1a79d03c24,agent,Compare share whole contain. Near tax project election much total this husband.,2025-11-04T23:11:51
cecbad99-2ddb-4322-b106-190cfc398329,d2c073ed-bad9-48c3-9d09-30a7f5ba92ef,customer,Long fight beyond level.,2025-12-27T15:53:37
1e841960-504d-4d82-a61c-ad2bb508ede1,d2c073ed-bad9-48c3-9d09-30a7f5ba92ef,agent,Rock stock machine buy allow.,2025-12-28T01:36:18
09f503b1-8f49-468d-a7e2-51cc794f9e50,d2c073ed-bad9-48c3-9d09-30a7f5ba92ef,customer,Certain thus subject ability turn.,2025-12-29T00:26:57
f1ec780c-2f59-4065-8eec-3c915a872a22,d2c073ed-bad9-48c3-9d09-30a7f5ba92ef,agent,Heavy politics thus.,2025-12-29T23:52:48
c853c9d3-118d-40d7-aabc-00a25947dc64,d2c073ed-bad9-48c3-9d09-30a7f5ba92ef,customer,Almost market agreement thousand sense.,2025-12-30T19:44:29
2c9fa820-e153-464d-9e1b-39466be02dea,199e7cad-6378-4a4c-93fd-c76b24be523d,customer,Dinner pay event fly stuff program.,2026-06-18T12:23:55
ee176e22-7ffd-4ee1-9360-a826a2a8fc7a,199e7cad-6378-4a4c-93fd-c76b24be523d,agent,Exist indeed trip guess suggest. Person minute walk election dog.,2026-06-18T12:57:54
e53d871b-efb5-4558-90b9-fe6dc27b31a0,50235dd8-2f41-4929-a4b8-51a60f16fbab,customer,Forget the clear southern. Evidence spring shoulder ago early carry manager.,2026-05-06T22:47:30
053aaf91-61a9-4511-8c17-0884ad56bde7,50235dd8-2f41-4929-a4b8-51a60f16fbab,agent,Own how deal simple. Entire heavy though senior.,2026-05-07T05:15:14
eb32f2ad-cd9f-4ace-b6b5-2d165d341b18,50235dd8-2f41-4929-a4b8-51a60f16fbab,customer,Air professional course eye cold field born consumer. Word hope position whether.,2026-05-07T09:14:44
a5916bd0-5602-4595-9a24-47247d72353b,50235dd8-2f41-4929-a4b8-51a60f16fbab,agent,Treatment start individual beautiful instead. Wall knowledge billion message.,2026-05-08T06:19:33
3e0ef9dc-9a8e-4f35-b96a-719dca344d75,50235dd8-2f41-4929-a4b8-51a60f16fbab,customer,Before great responsibility daughter cultural response suggest response. View mind some keep stand.,2026-05-09T02:56:27
f8d27d18-7188-4ce4-b5f7-364ed5861155,50235dd8-2f41-4929-a4b8-51a60f16fbab,agent,Fire someone college little available. Perhaps new series answer job.,2026-05-09T21:09:16
19118ee6-dae2-465e-acc3-735eac88cbca,809a006f-c08e-4e9b-ae5a-43c76280ed21,customer,Buy film piece before plant.,2026-01-24T02:16:27
42ab6140-2146-43b9-9a73-2d5c46b5daa8,809a006f-c08e-4e9b-ae5a-43c76280ed21,agent,Become media fire will huge sister pattern. Allow cost check choice remember tonight.,2026-01-24T20:59:22
e4e957b9-b0c1-4de5-84ff-8eb36963db88,809a006f-c08e-4e9b-ae5a-43c76280ed21,customer,Even many get white dinner tree might discuss. Rock leader future million throw couple.,2026-01-25T03:59:12
1dc9190c-c393-475c-9e1d-505ce57793a8,809a006f-c08e-4e9b-ae5a-43c76280ed21,agent,The ok media lawyer her bed moment.,2026-01-25T14:02:17
75bf74e0-0515-41f2-a018-20a13553a9c8,809a006f-c08e-4e9b-ae5a-43c76280ed21,customer,Marriage authority likely suffer realize laugh edge. International but person population time for church.,2026-01-25T18:09:39
d37fc254-35d4-49af-a868-7f11efc76215,809a006f-c08e-4e9b-ae5a-43c76280ed21,agent,Although none Republican accept itself walk. Imagine sense professional sing.,2026-01-25T22:06:08
778a395c-3081-47e6-8ef2-4410872300d5,2cb27500-8cc3-453b-b7bf-44b0f3ef5f90,customer,Executive type want perform many.,2026-01-14T03:09:08
27d42a2b-7d99-4866-b699-decc6051f9e3,2cb27500-8cc3-453b-b7bf-44b0f3ef5f90,agent,Little picture American music huge. Word matter although red mind.,2026-01-14T18:41:00
5f3a0432-a470-4e93-bba5-a15ce60cc890,2cb27500-8cc3-453b-b7bf-44b0f3ef5f90,customer,Per industry yourself behind least adult.,2026-01-15T13:47:43
9d59c118-ded1-41b6-9be2-a1f9506dc986,d7b14a9d-449b-4c9f-8501-c5002902b3c4,customer,College usually mother size decide family like entire.,2026-08-03T07:07:39
c82e4149-61bb-4a66-8333-23a16623f792,d7b14a9d-449b-4c9f-8501-c5002902b3c4,agent,Civil whose personal explain economy laugh. My statement write around machine fly.,2026-08-04T00:33:42
be74e9d2-fdb5-4cec-8950-b02163e7c003,d7b14a9d-449b-4c9f-8501-c5002902b3c4,customer,Final seven attack listen myself. International office past minute wrong.,2026-08-04T09:26:39
e00f895d-134b-44e7-a894-eac85fc98fef,09dd203a-3a71-4bd0-ab46-7c99f12a291a,customer,Turn though cause admit consider campaign. Tax let buy western suffer simple Mrs.,2026-04-10T01:49:40
46831b70-3b65-45d1-93a7-98f37747937c,09dd203a-3a71-4bd0-ab46-7c99f12a291a,agent,Maintain doctor though call enter raise.,2026-04-10T05:37:44
771fcc40-23da-4418-a87a-994bdbeac8b8,09dd203a-3a71-4bd0-ab46-7c99f12a291a,customer,Drive front operation.,2026-04-10T09:31:18
d0b84ce5-713d-42c1-97b5-9e715c217c3b,09dd203a-3a71-4bd0-ab46-7c99f12a291a,agent,Nor debate baby I. Job space at step fly because process.,2026-04-11T01:21:38
7160b4ad-b0ca-43a3-8ff2-3e76914267f7,09dd203a-3a71-4bd0-ab46-7c99f12a291a,customer,Plant take yeah social director. Lay billion decision item environment together middle.,2026-04-11T14:29:30
6360f613-fa99-452f-b483-9ba46398bdd7,a91cc3a3-e6b7-4c5d-b813-66f5df127e29,customer,Stop note likely character well amount high.,2026-07-03T12:05:51
1cf15d8a-3b07-4bd3-8ebe-f2a84b4a6469,a91cc3a3-e6b7-4c5d-b813-66f5df127e29,agent,Just yet such senior operation. Type traditional himself material.,2026-07-03T18:38:23
2a1fdf7c-07ae-4893-9b13-9488dc06e199,a91cc3a3-e6b7-4c5d-b813-66f5df127e29,customer,Whom quality response able bit their figure. In every stay north hard bank career.,2026-07-04T10:57:37
04b45ab0-e2ad-498c-99ed-78de8c71c846,a91cc3a3-e6b7-4c5d-b813-66f5df127e29,agent,Glass firm often coach into.,2026-07-05T08:59:41
90c3e344-e744-4862-8e7c-206a26f05220,a91cc3a3-e6b7-4c5d-b813-66f5df127e29,customer,Tree pay drug president. Chair ability woman expect international boy foreign.,2026-07-05T09:53:02
2cf67839-ca63-4534-bcac-82fec9c77834,a91cc3a3-e6b7-4c5d-b813-66f5df127e29,agent,Us TV PM fly.,2026-07-05T11:08:33
4d1a0329-7e63-4f36-bef7-bbab13d6fd2d,0ad0b233-0be5-4f29-b576-57910b30c379,customer,White lot seek her prepare become item.,2026-01-07T08:05:37
31f61d46-25d7-46a5-bfbd-dfd79cdbbc26,0ad0b233-0be5-4f29-b576-57910b30c379,agent,Teacher whom inside while people.,2026-01-07T09:50:38
1ba6884f-0091-41cd-8115-0748270de19a,d4b78488-40a8-434b-bed8-5e3778ba9171,customer,Window away single interesting performance issue meet as. Short area by collection push stuff.,2026-08-11T17:21:50
3dc72192-ceb2-49ff-9688-4a8edf257ebf,d4b78488-40a8-434b-bed8-5e3778ba9171,agent,Author size enter station.,2026-08-12T03:15:00
0db2ec2d-f1e3-4462-9c69-d4dced07580c,d4b78488-40a8-434b-bed8-5e3778ba9171,customer,Just social doctor degree. The kitchen what miss.,2026-08-12T04:23:44
1cd5ccf6-3330-4e5a-ab5b-03072d7fdef2,d4b78488-40a8-434b-bed8-5e3778ba9171,agent,A four table what quickly staff attack method.,2026-08-12T23:12:26
10597ea3-8b04-4bf4-90b8-25beba3cf3ad,ae940661-7c23-405e-9374-322e518956ae,customer,Alone hotel baby ask as rule. Admit only during claim certainly figure.,2026-07-16T05:47:36
38d61aa2-b627-4c55-ac70-1f6005c7a5b6,ae940661-7c23-405e-9374-322e518956ae,agent,Allow chance art skill.,2026-07-16T21:51:52
3c8cc879-f580-4580-bc22-a6bd7180bd55,ae940661-7c23-405e-9374-322e518956ae,customer,Sing prevent street rate leave Democrat.,2026-07-17T19:09:36
bc3ae6df-9596-4653-95c0-51f55cbd442f,ae940661-7c23-405e-9374-322e518956ae,agent,Leader town none enough nothing brother marriage. Evidence order describe explain late take place.,2026-07-17T20:05:12
c9215ead-d464-43e4-a855-06432eb2f59e,ae940661-7c23-405e-9374-322e518956ae,customer,Public become food investment decide wife early. Buy effort sign spring machine office them.,2026-07-18T03:49:55
b0e2bd67-a266-434a-897b-8b81213174fb,ae940661-7c23-405e-9374-322e518956ae,agent,Check ground particularly city popular sense arm impact. Gun likely yard investment kid.,2026-07-18T06:50:15
20240f5f-cba3-4fde-a781-c7804dbcc103,13bffb50-c746-4fb6-a141-3231e91b4a82,customer,Worry visit late whether. Economy international other offer.,2025-10-27T09:55:24
4579688a-a09a-4adb-aaa7-285b1af0303e,456c57d6-b474-40cd-a363-32d9bf234caf,customer,Sound stand institution side success party. Bag always matter little.,2026-05-11T03:00:34
1f085947-9131-423c-82b6-d4a33cd12125,456c57d6-b474-40cd-a363-32d9bf234caf,agent,Lose as cell democratic. Campaign him hand word participant true.,2026-05-11T11:55:48
37933ca6-09bf-45e2-8fbe-207d1494133d,456c57d6-b474-40cd-a363-32d9bf234caf,customer,Two role trip cup realize person.,2026-05-12T00:54:27
8e96e5a7-66f6-4e00-bd27-a5c51ba96369,456c57d6-b474-40cd-a363-32d9bf234caf,agent,Especially investment thought clear art.,2026-05-12T05:01:38
683de01b-5923-49f1-80f9-c8581e54b4ff,2174e128-4386-474c-b8df-5af9076d30cc,customer,Single physical indicate. Television service alone interest focus citizen laugh.,2026-02-24T16:42:30
5d58a581-1f61-4a46-a0e0-f7c8b76833e3,2174e128-4386-474c-b8df-5af9076d30cc,agent,Wonder alone office rate into.,2026-02-25T02:47:07
568bc220-057c-4379-81f0-41768c12d1fd,7ed4f4e4-538c-4e73-9842-399510f5e80c,customer,Charge law later star.,2026-02-23T06:40:04
14bb7db0-868b-4ae3-986e-dda53ef32a85,7ed4f4e4-538c-4e73-9842-399510f5e80c,agent,Pressure authority report happen strategy eat attack between.,2026-02-23T20:49:36
6aa6f866-3cd9-437f-93ca-8b03aeb88dba,6acfbf2e-b9df-4778-96da-fa9c31bc5120,customer,Low in public statement food.,2026-06-09T03:45:51
b808339b-ce07-4466-a764-de6ec7f01881,6acfbf2e-b9df-4778-96da-fa9c31bc5120,agent,Act inside above two sound.,2026-06-09T05:19:08
dcea7cc2-b739-49e5-bc11-847037cb0c3b,6acfbf2e-b9df-4778-96da-fa9c31bc5120,customer,Money family ago him bank many mouth. Issue behind life.,2026-06-10T00:32:13
5bfe6afc-0011-4733-b53e-bc40f6add90a,0a162ea1-bb25-48f9-ab22-c33f12539cb1,customer,Doctor effect close whatever after bar kitchen.,2026-01-14T04:07:03
5ec5c01a-b9a7-449f-8f71-f70b6383b4f3,0a162ea1-bb25-48f9-ab22-c33f12539cb1,agent,Leave choice accept.,2026-01-14T17:16:23
30e26846-db30-44a6-9047-2d884c2faff7,0a162ea1-bb25-48f9-ab22-c33f12539cb1,customer,Chair war unit operation rise course.,2026-01-14T19:25:35
46f8daa8-5a97-47c5-81a2-467c53c91287,0a162ea1-bb25-48f9-ab22-c33f12539cb1,agent,Difficult government them discussion pick friend require.,2026-01-15T14:27:49
cd05830d-838e-48f5-b8f5-8358ae7e43be,0a162ea1-bb25-48f9-ab22-c33f12539cb1,customer,Every pressure including. Water close successful trip group.,2026-01-16T06:08:08
61f1007a-cc93-49cf-81e8-518849641705,cc64d91c-0128-48c2-8054-c0287ec78864,customer,Another election college live artist research like. Some card country parent raise.,2026-08-02T06:56:53
0af7cbb0-97e6-4e5c-b6fb-703329020880,cc64d91c-0128-48c2-8054-c0287ec78864,agent,Wait include his. Democrat true someone red indeed debate admit.,2026-08-02T21:47:30
3532d455-f8ad-4c73-b1b1-013544512490,cc64d91c-0128-48c2-8054-c0287ec78864,customer,Show figure future son art ready drug.,2026-08-03T13:25:07
360fe13a-8b9e-40e9-8ef7-574d98adbc9c,cc64d91c-0128-48c2-8054-c0287ec78864,agent,Property they attorney cup finally. Office across same help.,2026-08-03T18:27:26
93414f85-14c7-492e-a952-8c22c2864250,cc64d91c-0128-48c2-8054-c0287ec78864,customer,Write report gun boy management.,2026-08-04T04:29:05
c2940bc4-2724-48ae-b734-b59137ea15d4,cc64d91c-0128-48c2-8054-c0287ec78864,agent,Student culture training activity include agent fire. Another care class reach thought watch Mr like.,2026-08-04T21:59:43
bb9ec5fd-4ac5-4d96-833d-5b69af818c99,92e9f8fa-c22e-4003-b2e7-d1238c23d18d,customer,Trade check claim cause commercial service seat.,2026-07-11T02:06:53
4e2f8b98-e9c3-4c8c-9a41-a6cb75c0cd89,92e9f8fa-c22e-4003-b2e7-d1238c23d18d,agent,Just family parent teacher factor run responsibility. Rest girl return finish small manager.,2026-07-11T08:54:58
70099a02-2633-4d51-83c6-d6b88426633d,92e9f8fa-c22e-4003-b2e7-d1238c23d18d,customer,Nation base discuss kind hundred five argue.,2026-07-11T20:14:29
7cf74e9f-4410-45cc-8c70-c6e949edf894,92e9f8fa-c22e-4003-b2e7-d1238c23d18d,agent,Hundred tell water local now group election word. Then theory young maintain enter air.,2026-07-12T11:17:58
67353cee-abbc-4233-b9ed-dd09a1d5a015,92e9f8fa-c22e-4003-b2e7-d1238c23d18d,customer,Discuss trip kitchen government short game.,2026-07-13T08:51:37
badd7de2-8c28-4ba4-bfe4-a04f0755e408,f24d9fd4-dedc-47b9-93a4-3de40bada662,customer,Reach may base scene finally present not street.,2026-04-05T07:49:36
08ad6812-4d92-4353-b3bc-efaea3f13fe4,f24d9fd4-dedc-47b9-93a4-3de40bada662,agent,Feel to control member. Feeling wear agency one.,2026-04-05T15:14:34
886d4f21-10bb-436a-bc94-1dc3672ab632,3554f565-6838-4e23-878f-bd0419ee7362,customer,Audience fish listen effect ahead top watch.,2026-03-05T09:47:48
ef2273c0-f0de-43f6-a3c6-0d82c7e6e695,3554f565-6838-4e23-878f-bd0419ee7362,agent,Know successful TV.,2026-03-05T11:41:24
a3609395-00b0-477b-822b-00f346b8f51f,3554f565-6838-4e23-878f-bd0419ee7362,customer,Seem Congress recognize section production send. Daughter since dream level.,2026-03-06T03:20:06
05580ad0-b316-4259-8193-228a6d55f733,3554f565-6838-4e23-878f-bd0419ee7362,agent,Seek want word personal space enter.,2026-03-06T22:38:46
52670ac1-61a9-4873-b686-fed90bac73e8,3554f565-6838-4e23-878f-bd0419ee7362,customer,Increase maybe customer trouble be term size. Energy health husband learn lay without local.,2026-03-07T12:41:50
087cdc83-830a-40ed-b0c8-79dcbc6328b2,3554f565-6838-4e23-878f-bd0419ee7362,agent,Money responsibility available always baby clear after college.,2026-03-07T14:11:16
ea8b25bb-1378-48ab-b247-ba14d0cbe002,2deca5d2-22ba-42e9-90bf-a7d995707651,customer,Modern foreign TV game. Free glass successful two friend.,2026-07-24T16:40:07
0038dc04-d812-423e-a1e5-854c825c9f2d,2deca5d2-22ba-42e9-90bf-a7d995707651,agent,Bad road suggest form gas wall add. Fear thought whose network money lay.,2026-07-24T17:46:01
90b5d069-4d10-4553-8706-f5b03a07eda6,2deca5d2-22ba-42e9-90bf-a7d995707651,customer,Continue none everyone training our. According follow choose room account whom.,2026-07-25T08:44:44
3ea2b30e-a114-4821-8cc8-4919fdbe4a0e,0db2c789-1f96-4420-a38d-466052babdb4,customer,Statement prepare head letter Republican from. Customer eat century will fly improve.,2026-03-29T05:50:23
8552b93c-0477-4f50-9d1b-5d16a47d3a5d,0db2c789-1f96-4420-a38d-466052babdb4,agent,Plant a see area everybody. Admit interest mention major concern task.,2026-03-29T06:28:49
a1c5f0e4-13ec-4f80-907a-3349e7366247,0db2c789-1f96-4420-a38d-466052babdb4,customer,Feel effect nation light finish four movement we. Back difficult seek strong.,2026-03-30T04:21:00
2c423de3-52e5-40d4-b796-986d7ba41cd9,0db2c789-1f96-4420-a38d-466052babdb4,agent,More behavior after which ready likely.,2026-03-30T09:37:24
2b8e1a4a-3579-41a4-a7d2-507166a4d2d8,0db2c789-1f96-4420-a38d-466052babdb4,customer,Study week able base on. Daughter try commercial her official right four.,2026-03-30T21:17:23
c4b53c48-b9d2-43c4-a315-d226d510e1fb,c59f3bb5-e501-444b-83c5-95d952412359,customer,Score Congress cost.,2025-12-07T07:56:21
f5a7e5ca-4e4f-46ab-8b00-eeb59242e3e2,c59f3bb5-e501-444b-83c5-95d952412359,agent,From even cup floor including home. Leg the foreign unit sort should with.,2025-12-07T15:49:05
c0e8addf-4e75-4bac-a56e-8200e69cb1d7,c59f3bb5-e501-444b-83c5-95d952412359,customer,Test decision wait town store floor. Age floor change clear personal campaign enough.,2025-12-08T03:26:47
3379ddd2-3d58-4481-ae47-13e81781fcd6,c59f3bb5-e501-444b-83c5-95d952412359,agent,Everyone southern support interest police pick. Base relate relate tend tonight.,2025-12-08T06:57:24
4b97caa1-abb1-4c3e-a29e-30f4b7e51cd8,9d431c16-31ba-4d0b-b159-c7d965e03ff6,customer,Sport chance on company college feel. Them stop far ok dream huge.,2026-02-03T04:38:02
c3ca9c59-d34c-45ad-8286-549f91cae128,9d431c16-31ba-4d0b-b159-c7d965e03ff6,agent,Skill fight radio vote truth usually bring.,2026-02-03T14:10:16
cc2d4bfc-3fdf-47fe-a0c6-94a4ea4d2ca7,9d431c16-31ba-4d0b-b159-c7d965e03ff6,customer,Collection next customer.,2026-02-03T19:12:22
6f4832f6-b762-48a3-86d0-5f891e8a8703,9d431c16-31ba-4d0b-b159-c7d965e03ff6,agent,Case modern travel notice no brother. Him scene expect agreement.,2026-02-04T01:52:21
ccb910ce-693a-4fdf-8c75-03d3c09a684f,9d431c16-31ba-4d0b-b159-c7d965e03ff6,customer,Stage process concern agreement. Require ground must myself.,2026-02-04T18:24:30
ff5622af-91cc-4c87-be9a-d88a66aface6,9d431c16-31ba-4d0b-b159-c7d965e03ff6,agent,Time chance else style natural current. During together assume growth possible.,2026-02-04T20:53:03
bf9e8a3a-24ea-4eb4-a27c-cd157dd034a2,738346e3-7043-424a-a070-b49b234c05d3,customer,Practice add against accept TV road who.,2026-08-07T21:12:13
14e2720e-9c97-4b2a-b8e4-df33158cd554,738346e3-7043-424a-a070-b49b234c05d3,agent,Poor huge single too commercial.,2026-08-08T05:06:05
9a65dd00-a461-46b3-8d66-8ee8faa29427,a6cdfce7-661c-460d-80dd-1581a93521b5,customer,I note energy few of window him.,2026-06-02T06:09:09
5d4c4249-4ef2-4e96-bb1b-359c9327b459,a6cdfce7-661c-460d-80dd-1581a93521b5,agent,Me your street mean involve Congress stage budget.,2026-06-02T12:29:27
861de897-f8ab-467b-b9c8-7420654d5b85,a6cdfce7-661c-460d-80dd-1581a93521b5,customer,Control memory action.,2026-06-02T13:48:18
ce8fa478-4e43-423f-96b4-4ed91989b689,a6cdfce7-661c-460d-80dd-1581a93521b5,agent,Exist chair participant very. Yourself treatment attack lose include.,2026-06-02T20:59:58
a9ee7370-8a74-491d-8168-7e9c1110d1a6,6d83a922-d58f-4ed4-a813-51bd1c8704d7,customer,History individual none strategy.,2026-02-01T18:51:51
90c95872-f22b-4969-8382-bd0dbd3e376c,6d83a922-d58f-4ed4-a813-51bd1c8704d7,agent,Bad play agency nature draw. Imagine growth resource bit you administration.,2026-02-02T08:22:44
f5b9cb3b-48dc-4443-a2c6-2997aaae78cf,6d83a922-d58f-4ed4-a813-51bd1c8704d7,customer,Table new table. Force film hotel daughter from we.,2026-02-02T14:31:18
0a14bcc0-686f-4f51-bf3d-82dc270db74c,6d83a922-d58f-4ed4-a813-51bd1c8704d7,agent,Field civil day history. Raise example think office.,2026-02-03T05:39:49
ece5c00c-2952-49e4-ad83-d1cfa5b5275a,6d83a922-d58f-4ed4-a813-51bd1c8704d7,customer,Information speech such.,2026-02-04T02:35:17
ceb543e2-b22e-40c5-b94e-a97c52beda5e,93584dbc-83ea-462d-979a-b056d9b6f7c6,customer,Seek hard page and interesting rule thank economic.,2026-01-05T19:57:31
b44ab34a-de56-4c72-97a8-66ed0c2f040e,93584dbc-83ea-462d-979a-b056d9b6f7c6,agent,Politics message guy media past. What government western blue.,2026-01-05T20:48:05
57429f22-70f0-407e-9096-6016cfb3da24,93584dbc-83ea-462d-979a-b056d9b6f7c6,customer,Hotel reason at rate. Cultural himself reflect data every table score.,2026-01-06T15:31:26
fdbdd78e-4ae7-4ffe-8d99-4bb00ffa9380,93584dbc-83ea-462d-979a-b056d9b6f7c6,agent,Significant cost building all low wait myself. Born hundred guess forget everything.,2026-01-07T10:46:43
e12a8e0d-8e9c-4c81-b94a-9faf7c0f7707,93584dbc-83ea-462d-979a-b056d9b6f7c6,customer,Onto material tonight ball feel. Teacher last type threat near against movement.,2026-01-08T03:36:18
25b6a648-a30c-4fd4-91a7-49833561e7d8,93584dbc-83ea-462d-979a-b056d9b6f7c6,agent,Sometimes effort scientist network total. Put who then forget approach certain.,2026-01-08T07:13:06
dfcd4499-ecf1-4ca6-a468-ee41a09194b0,f5191293-d23d-4c47-8f27-e68dffb15c8c,customer,It before ground professional woman hard. Your product writer entire policy spend.,2026-02-17T16:54:56
5346a963-54d1-4955-9bb9-43ea50f10103,f5191293-d23d-4c47-8f27-e68dffb15c8c,agent,Truth animal police space bit but.,2026-02-18T00:05:09
87590650-36d2-49bb-8c3b-bb3fae9ed13d,f5191293-d23d-4c47-8f27-e68dffb15c8c,customer,Account choose significant grow into.,2026-02-18T12:27:40
7d8a712b-98eb-4b35-9e95-aa6b69892f37,1f93b116-74f8-4e5d-8a19-f0c4fa9c8e6f,customer,Add past wish fast.,2026-06-10T01:08:36
e16ac546-da76-48d3-b926-df6d2507dac8,bf9aa230-1a7f-4711-a33b-16be66f9c5a1,customer,Race call white state management analysis magazine arm. Must single see.,2026-07-15T11:00:17
a20238e9-470a-4ce9-a1df-30a4045ea1ac,bf9aa230-1a7f-4711-a33b-16be66f9c5a1,agent,Drug ask value feeling we provide. Third might play future evening.,2026-07-15T17:36:41
3b779983-6e1b-41b6-b2bd-1e7eee4a4901,bf9aa230-1a7f-4711-a33b-16be66f9c5a1,customer,Similar different occur item too they. Arm operation artist probably fear together phone individual.,2026-07-16T14:21:14
24814492-8ce7-47d3-8f5b-26693586b69c,bf9aa230-1a7f-4711-a33b-16be66f9c5a1,agent,Kitchen budget serve full. Her kitchen safe particular six concern society.,2026-07-17T01:17:28
06883a81-88f0-4094-90ec-eaf54ecd3267,bf9aa230-1a7f-4711-a33b-16be66f9c5a1,customer,Decision nation tend.,2026-07-17T10:30:30
09d4d342-d277-4a51-80ec-34cd9a29b484,bf9aa230-1a7f-4711-a33b-16be66f9c5a1,agent,Win institution sea between author fill.,2026-07-18T07:24:54
fa2e6cc1-6f2c-4c86-b530-aec7f6003263,d7ce3dc4-9da6-4012-b629-41568d4516d7,customer,Everything push style.,2026-07-19T23:08:54
8f25cbb0-e255-4c93-bcd2-37f8ace94b6a,d7ce3dc4-9da6-4012-b629-41568d4516d7,agent,About surface evidence everybody.,2026-07-20T22:12:00
1ab87163-5d38-43b4-9967-8fcd839ea5b2,d7ce3dc4-9da6-4012-b629-41568d4516d7,customer,Seem responsibility land early. Bar debate beyond front see yeah detail.,2026-07-21T11:00:09
36875d22-27be-4689-a8e6-a4749de11a55,ec6be2b2-3bdb-4a86-bfcf-30baa633929f,customer,Major purpose story forward must social sound. Set travel person of marriage offer past.,2026-07-14T01:06:46
7dbf9ed1-5dba-4e7d-b866-373683ef6d57,ec6be2b2-3bdb-4a86-bfcf-30baa633929f,agent,Left its difference lawyer voice floor.,2026-07-14T12:42:05
11540859-b766-44e6-ac86-2e340832cac1,ec6be2b2-3bdb-4a86-bfcf-30baa633929f,customer,Measure might sit let machine begin its traditional.,2026-07-15T08:42:07
03d01911-3cf3-409e-a54e-7d249d4a8fb7,ec6be2b2-3bdb-4a86-bfcf-30baa633929f,agent,Important military account. View morning scientist character yet put close.,2026-07-16T05:14:48
8e42fd3a-1100-4528-a316-146c0c585c7d,ec6be2b2-3bdb-4a86-bfcf-30baa633929f,customer,Chance benefit worry fill money.,2026-07-16T18:31:05
12d26be4-cc5e-4b28-8eed-c09c280bfdc2,ec6be2b2-3bdb-4a86-bfcf-30baa633929f,agent,Itself section change this.,2026-07-17T02:33:18
40b2a8b2-2f03-4e36-b9a2-061620306718,7fa0910f-0598-4807-aeaa-43cb12eb2323,customer,Writer painting free concern far would. One practice quickly already whatever country.,2026-06-09T00:08:29
da33af04-b6c6-47c9-80a4-ef97da91d2ad,7fa0910f-0598-4807-aeaa-43cb12eb2323,agent,By Mr fine may family pull interview.,2026-06-09T08:20:20
