id,customer_id,consent_type,granted_at,revoked_at,consent_version
c0adc8a0-4b88-4e5f-a167-52cc3b1cf45d,c5dde410-2c70-486e-bb0d-974b2798825b,sms,2025-09-27T18:23:02,,v1
435afb9a-87fb-4b76-93cd-122c0734dc98,7745384f-ccaa-4363-a18b-5e9ff0a824c0,analytics_cookies,2024-06-25T06:23:15,,v1
681f16d6-d0b4-48a7-8dd9-f0d0342f7604,31d39d83-97c5-4a86-8d98-c9ea5e4d6505,analytics_cookies,2025-01-22T02:37:06,,v1
f825fa63-0ef5-4448-a277-6ce894b83ca5,95381466-0836-4fd0-b05c-e8ca6147a51f,sms,2025-11-24T11:15:46,,v1
8564bfad-0f70-4f19-bb81-527edbe3215b,5b2179c5-dd1c-45b4-b99c-10f1c7c201f4,marketing_email,2026-05-11T14:42:13,,v1
3787dc23-996b-43c2-b2b6-73425e458797,058a019d-da8d-434a-8e8b-621c3b214928,analytics_cookies,2024-05-31T13:46:51,,v3
af5b9156-5441-4807-951e-079799c4feb4,fe21b6ad-ebab-42b3-b5ed-ad3529036009,marketing_email,2026-04-30T13:25:26,,v2
81129bfb-bf1d-43ba-942e-bd73f384b2bf,9db0e79f-fdea-4290-ba7b-114141f33d1f,sms,2024-08-20T04:29:08,,v3
a24b010d-a190-4fcb-9e13-00075ce09f0c,0f8ab48c-b1fa-4600-9712-1bc2a02d8f45,data_processing,2026-07-04T02:49:12,,v3
58a7de0a-5cff-41b0-bb43-14b19b2e4297,8e104807-9dc2-4625-a1b7-9d858ddd96de,data_processing,2024-07-01T15:52:53,,v3
e43fd5e7-3566-4281-9e32-afd77251b69f,51d5c171-5764-4f95-8919-dd46d204df4b,marketing_email,2024-09-24T02:20:42,,v2
ce17930d-0c5d-47fb-b516-44ab8580e5ae,4d6ee3e3-9ec6-4c2e-9552-a75af6d19f14,sms,2025-02-27T16:39:05,,v3
1c3dc78a-aa66-4ddb-9dea-ae78e438d715,8e104807-9dc2-4625-a1b7-9d858ddd96de,analytics_cookies,2025-12-12T01:49:35,,v1
65a53b44-558c-4558-9f02-209e17d90293,d477b62b-46ba-4eaa-a26a-8e3d43ea5a28,marketing_email,2024-05-01T19:36:33,,v3
c92e289f-60f2-475f-9e88-d20b63222d44,a5066e8e-de65-4798-9ed5-f6cae5f86031,sms,2025-04-10T16:46:11,,v1
76578f60-8a23-43b9-8942-7b204897f1f6,85e030d5-7bbc-494b-baab-665c95549265,data_processing,2025-10-09T16:25:09,,v2
d434f2ac-4e69-443a-b1e7-e455b2fddd37,7c66bbce-e687-4e15-be85-d960c3de159b,data_processing,2025-01-16T09:32:54,,v1
2130b6fb-8747-4b66-8c37-50bf2c0bfd06,0d2974c5-d4de-4163-bf27-73d86a77b048,marketing_email,2024-11-25T12:06:56,,v1
2bae5a05-7569-4ed5-a376-7268418eb2df,d50199e3-7c9b-4921-9920-d234b5fc561a,marketing_email,2026-02-13T06:27:35,,v1
2dd9948e-044b-4304-8a15-17af3cc94dc6,41db9c8c-af73-46c6-b7aa-64cee86dbe41,data_processing,2024-10-06T04:47:06,,v1
dbd6469f-954f-4092-a46b-2af61a737c88,2660b7ac-6c46-4392-8ddc-26194c532341,sms,2025-04-14T09:41:25,,v3
a38cfb27-866f-4cc1-9fca-9f79e29c81f6,1991aaf6-d1b3-45f3-a33b-7a9174d18f8b,data_processing,2024-11-05T22:08:06,,v2
1fec21c7-9c56-4930-994d-0d3684025412,0db82818-585b-4e3f-9898-2a72727c2e42,data_processing,2025-09-16T14:11:26,,v3
2932e523-0bd4-46ba-8872-769ac83da06c,bbfdba43-2871-4e95-84d9-e2ff45960e7d,analytics_cookies,2025-10-29T00:00:48,2026-03-29T00:00:48,v3
2e092ea3-1b4c-4302-9c1e-e3d7ac6775aa,1bf35f99-4627-4c80-a5f8-0797538eaf54,data_processing,2026-05-14T18:17:41,,v3
dba9aff8-e753-4269-a68f-91569bcc8495,3f78077b-93c7-4c4e-8976-f16cb11cfcfc,data_processing,2025-10-06T13:15:14,,v3
85324f17-3526-460f-82ca-c1aee2a055d1,f9f4d7f7-6884-4f0c-88d9-0d3432a666ca,marketing_email,2026-04-28T18:03:02,,v3
7b959d51-ee89-40fa-8882-532e127ae3d8,d0c20886-5575-4356-8218-337197faa2fb,analytics_cookies,2026-07-14T01:22:22,,v3
5e8263a3-f95d-4753-a760-6187f0522dcb,779b7f09-bfd0-4ab7-a46f-9f6eecb13030,analytics_cookies,2024-05-20T15:37:19,,v1
5725a7a6-68c9-4adc-b7e4-b6cc75c7acd0,45514547-8413-41d4-ba88-c1240763e5e8,analytics_cookies,2024-12-21T02:57:00,,v3
4844e4ff-b0b0-4f44-89ae-06a8cdf401fe,7c2a3f62-d757-4322-a213-921d7c370838,marketing_email,2024-04-12T14:52:00,,v1
9d56dc6c-dd09-4592-a7e4-c5792d0b6a00,1ed31084-8b68-49ca-91d6-7162d8521c02,sms,2025-03-15T06:45:19,,v2
bc9596cf-6c68-4e0c-86af-7a562f120606,8a77ab59-ae1e-4b71-ab66-66bda4615cfd,marketing_email,2026-02-06T03:04:16,2026-04-13T03:04:16,v2
638e4eb8-0df5-4bcb-9253-f69ca3393e35,534f7dee-6c8b-474d-b7be-41fa1dbbe93a,marketing_email,2026-07-26T02:06:05,,v1
144d1831-b8c6-49fe-974e-3cb20b6559ea,9eac28b8-2264-4e48-9c2c-b3f7384bc20a,analytics_cookies,2025-10-03T16:22:41,,v3
2713ecec-5e54-4fa0-b34c-6e1d794d581a,8ebb4b7d-ed19-43be-a647-6c3a9a6a166a,data_processing,2026-04-15T20:59:42,,v3
065893e9-637e-4ce4-a3ad-7674db995a5d,cfefbf12-9a5a-4d61-a708-d92f785af097,marketing_email,2026-02-05T21:26:25,,v3
75b306f3-63c7-4774-83c0-4c455a58f249,3d6f18db-a49c-4563-9445-68d4e02bd664,marketing_email,2025-12-14T17:25:06,,v3
98d28810-5394-4a8b-94bd-21c7bb1381a6,284f711a-5e5a-4929-bb5d-5ddba9a4a773,sms,2025-11-19T10:18:04,,v3
d64a1687-1668-49e9-9c52-a3fd19b1a300,1a1e8918-e445-4bc0-8fa1-5a470711d51d,data_processing,2026-06-19T04:08:14,,v2
84ce8402-04a1-4710-bd36-e941e62f65f7,b2664ec9-be42-46bd-9f6d-073a50105636,sms,2024-12-05T11:10:56,,v2
066fa0bd-3006-4e22-a7c2-1b364c78c327,b745eacd-b8ee-4507-82ff-98d3c4daffc7,sms,2025-07-11T06:13:03,,v1
6c88470e-59d6-4e47-b783-2d92f4d8535f,53352c2c-02b9-41af-b276-94d6d22379fe,analytics_cookies,2024-09-27T15:48:11,,v3
6cc6a8d9-1987-4463-9e69-9d0d90f2067b,ce5ac3ba-cbec-4482-816e-1ee6def437e2,data_processing,2024-11-22T23:44:42,,v2
a758b0a5-e32f-4599-b62f-82c63de78912,45514547-8413-41d4-ba88-c1240763e5e8,data_processing,2025-05-16T05:51:26,,v1
878d0837-5d83-42ba-9c1e-769d5a613086,b169789c-d0e8-4853-819c-555646263d18,analytics_cookies,2024-05-25T18:13:05,,v1
a3805e92-4624-493b-b435-af36ff6f2822,2977486c-8467-4a72-a290-db87a9022320,data_processing,2025-04-02T06:17:32,,v3
2a600fb4-05c3-41e5-98fd-89392ab35398,89b94667-2d12-4e7a-bfdd-f37056d10195,data_processing,2024-05-04T10:51:31,,v1
8912978a-6fe9-4c30-9c9a-5fa295756b9c,dc634429-12c2-417d-b460-f3ed4903d539,marketing_email,2026-06-03T13:48:51,,v1
5ce76ec2-e526-40fa-9a3c-56783acd5837,8386c889-4e1d-49ce-9d61-12c967dad0f9,data_processing,2024-04-17T02:18:44,,v1
c7703091-7410-463e-996b-d70021b8c2cb,3e5dc535-3e67-47d0-8eed-547c7f51e8c9,analytics_cookies,2026-01-28T03:06:02,,v1
470ce809-9819-48e0-9919-1eadf9064996,40c4aa0f-6d19-4084-820c-5764f87d9184,data_processing,2025-08-19T14:49:07,2025-10-20T14:49:07,v1
a997e0a6-8b51-497c-ae42-256846019ca4,cfefbf12-9a5a-4d61-a708-d92f785af097,data_processing,2024-09-23T22:41:12,,v3
cda2a3f5-2e8d-464f-9c10-21190581bcdf,3a1577eb-7860-498f-936a-da13e16cbd8c,analytics_cookies,2025-04-26T11:50:01,,v2
91d0544a-8b3b-4aa4-bf8a-aebba543396a,cf5dd5d1-b2dc-47d4-9be1-b6c0e5b07a12,sms,2024-05-28T01:00:20,,v2
b78cfd85-5189-43ee-82af-13fa136c5305,d6914b8f-0d72-4044-a61b-055adb02f005,marketing_email,2026-07-13T19:17:19,,v3
258af4c1-c9e7-4c7b-9505-b96060c62850,2dc965e2-d3fc-4bc8-a118-d1636dbfe8c5,marketing_email,2025-05-15T00:34:12,2025-10-21T00:34:12,v2
59243d66-7178-499b-b0c3-7625dce3a072,27e89b40-f32c-4604-8a79-6d1613bde382,analytics_cookies,2024-11-25T09:03:49,,v1
5afaed9b-6ac0-4d03-9450-dbb15fc8f3c5,bb35efe0-ac42-4801-bc72-7bea481716da,analytics_cookies,2024-10-28T02:54:32,,v3
9839541b-8d84-4af0-9ae2-edc692e4c429,2e2960d6-f2e9-4048-b234-fb21f0f72405,data_processing,2024-07-06T02:35:39,,v2
0c835cc6-19bc-4f46-872f-ca324f4fa563,6deb3adf-b348-4736-a975-af07bea72c06,sms,2025-07-21T14:54:45,,v1
936c2e4c-8f89-4c5d-9c7c-8100c654bf42,b761dca2-f8ff-4709-b645-9b0591dfa353,analytics_cookies,2025-02-10T13:56:34,,v3
e008339e-4caa-4b0d-88a9-3cc8fc6295fa,c3f68ead-12e5-4a95-9f20-2c9529a5f08b,marketing_email,2025-07-12T06:59:57,2025-10-09T06:59:57,v3
c331f313-17e0-4cd8-ae40-de4bc45e634c,7902cccb-bb75-45ac-92b3-688e65d231bb,marketing_email,2025-12-19T16:27:53,,v3
c98a84be-6009-4379-9eb4-f33b6922e2d3,da9de603-2c96-4356-820d-7c1e9ac4dde7,data_processing,2024-10-11T22:30:31,,v3
003deb65-f045-4662-8d66-a7ac53ee0e26,8f4f1f50-62c9-4870-bf5b-bdcd357f8ad7,analytics_cookies,2024-12-25T10:44:16,,v2
4f41b031-d235-4d58-b410-696142bb9d1d,0e4dbbf0-e4a8-4015-9595-c0b9bec0f9e5,analytics_cookies,2026-03-05T18:15:48,,v1
66dd113c-4e9c-4c56-90a6-cf35b6e2f941,3870073a-f764-4a2b-bc64-18e4569bf784,marketing_email,2025-11-13T09:56:34,2026-01-08T09:56:34,v3
c15411d5-78e3-4232-a52b-e7fe659af27c,64ad7907-f83e-403b-b5b4-b1deded9bb1d,sms,2025-02-01T03:05:44,,v3
1b764d7e-d649-49f5-af52-e5baa92ccf35,40cff0ad-5c91-46bc-b72b-737347aafb25,sms,2026-02-16T22:00:03,,v3
19147cef-2eda-4429-8aa9-14e92c263235,fa6de1f2-ff8e-43ea-8da3-98d975b096da,analytics_cookies,2024-12-23T01:29:39,,v1
b290871c-0804-4938-8795-59f4ea26e380,0a34659d-f0b2-4bdb-bf92-759aea838e90,marketing_email,2025-12-10T22:40:09,,v2
944be27d-9867-4343-984e-c1707574b254,8dcd5fa7-1a1d-413e-9468-5f4b02f2f3fe,marketing_email,2025-03-13T14:56:15,,v1
4575096b-8a9a-4efe-ab56-b7f053fe139d,2949aa7a-85ad-46d1-8409-bf608167f72a,data_processing,2024-04-22T02:13:15,,v3
77cc3b86-c32e-4e18-b00b-4efaa9d9bafd,ff4e2ef5-4f72-41f4-90ea-4f40665b9f5b,data_processing,2024-08-04T07:14:07,,v3
d76398ee-46aa-4781-91b6-c28177a96863,a4bf9059-6cd4-4e62-9a86-ff20975d7434,data_processing,2026-04-03T17:00:44,,v1
4249b3f0-c1ae-461c-8452-bad87bd72884,84f7f075-d17e-4662-a11c-bc80e28b12f5,data_processing,2025-05-22T11:24:12,,v2
308fb981-6a7e-474c-b119-0b728e8bfe14,11498734-cebc-4784-a055-6bd08a18f1dc,sms,2025-11-24T06:45:55,,v2
d0d0c673-5bd9-40d0-875b-180d6c0a8fd6,07365e1d-9d4c-4185-859e-d5757178280c,marketing_email,2026-04-18T06:55:47,,v2
1eb14754-d738-48aa-b418-436f6ac796bc,67d2941c-ef55-4f74-9994-431a09ee14db,analytics_cookies,2025-06-08T11:58:14,,v1
6b710b00-a845-439c-b3f9-5a0f7b80aa5f,1740f65f-2823-4d8a-9ff9-2bf6dfcddfb6,data_processing,2026-03-14T10:50:37,2026-06-08T10:50:37,v1
f77b18f2-c6cb-4dae-8390-a4fe7af4a5c1,ead66f31-3437-42c5-9145-8281898ce326,data_processing,2025-06-03T21:27:30,,v1
556dc71e-6f02-4941-a640-5fa0dd3e705f,b169789c-d0e8-4853-819c-555646263d18,sms,2026-08-09T18:26:39,,v1
d2f9931e-08a4-4b0c-b552-0071f03811cb,1a1fa253-a2de-457a-9397-7c6c80d5d589,analytics_cookies,2025-07-26T05:27:32,,v3
0a374d8c-4bf0-4347-98a2-d94d136a8183,03710ca1-feb1-4206-bd26-3bb8e6a1dac2,sms,2025-09-04T14:45:36,,v3
94f48bc4-2305-4c47-be3d-2f1b17adad3f,c9750567-c933-4797-9313-ec159ddcb6d2,marketing_email,2025-01-18T00:12:33,,v1
67e4b656-011f-43b5-8191-327fe1c106b3,6d622f69-5cf8-4eda-b7ff-4f57f0e66237,marketing_email,2025-02-08T21:23:31,,v3
d7a216f4-c389-464d-92fa-8ceceed591dd,01450c81-3eae-4663-a704-f91c175e17f0,data_processing,2025-05-09T06:04:19,,v2
be612e63-057b-4776-937b-65c36684b57f,d82c6a2f-7e02-40de-81c3-c42ef14d8460,analytics_cookies,2025-12-04T19:13:01,,v1
fadf26e9-1fa2-472b-9256-d246af2fb5d6,c5ee9489-e7ea-4da3-9a86-b34c76f6d340,data_processing,2024-07-23T13:17:02,,v1
ba185cdd-1f98-4d47-812f-0cc601b80f54,2949aa7a-85ad-46d1-8409-bf608167f72a,sms,2024-09-20T11:31:51,,v2
30a221e3-2e16-4837-8878-2ebc20080cb9,a0f290f7-884a-4d5d-b502-f43702abb2db,data_processing,2025-11-23T16:27:32,2026-03-25T16:27:32,v2
28b76f95-bd2b-420b-9a77-eb9c813c5ea4,12c154ff-46ac-45a7-921c-2404994ecc21,marketing_email,2024-08-09T01:51:56,,v1
e7021390-eeb2-4281-b4db-6e3f879a2f7b,2dc965e2-d3fc-4bc8-a118-d1636dbfe8c5,analytics_cookies,2024-04-02T06:40:24,,v3
6f7a633e-9489-4294-8296-41c5dcf01026,8f9052f4-d761-416e-8b74-a71f640df0d7,analytics_cookies,2026-06-18T23:56:26,,v1
fc622bb6-b401-4a6e-b13b-6f7947256686,37601558-3b79-4200-800f-fc03a28a5ec7,sms,2025-11-23T21:37:03,,v1
56cfce26-8bc4-4ba2-9633-e8389966a946,9aaa8391-995f-4006-8413-c590098fc46a,marketing_email,2024-09-13T20:29:08,2025-02-26T20:29:08,v1
647eeab3-21fc-4af0-9e00-a3083e2f7f5d,e7f5d853-30ed-4302-9303-e11752f57b2f,sms,2024-07-02T18:35:22,,v1
62242ad3-6c9d-4a78-b9d7-e6ded32f2cb6,57476af2-aff3-4f50-9313-77926b1859bc,data_processing,2025-01-07T06:22:58,,v2
16f60580-b387-44e5-bab6-fd4b1acb5f94,b0da7a9b-77d7-407d-8506-51705503fa05,sms,2025-08-05T01:15:26,,v2
02cc932d-d5ee-4b8c-9313-a494e232a8af,03710ca1-feb1-4206-bd26-3bb8e6a1dac2,marketing_email,2024-03-21T20:30:09,,v1
7ea508d9-fb1a-45cc-a0ac-7380984fb186,baa48fe5-b7a4-4ea7-8eaf-5387ded157f7,data_processing,2025-12-19T12:38:04,,v3
00c6ebd6-fea9-426e-948b-67faba3bb1c8,27e89b40-f32c-4604-8a79-6d1613bde382,data_processing,2025-09-06T10:13:18,,v3
cedf89da-249b-44b2-af4c-3601ee75f7d7,b66095e0-346f-477d-8c25-3b70d4dfab70,analytics_cookies,2026-04-03T11:51:34,,v1
0868e552-c84e-4cf3-b2c4-f39bf6f05fbc,723f776c-3ad0-4fa2-8177-a80f2cab59d9,analytics_cookies,2026-05-14T14:57:18,,v3
516e8acb-ab98-47f3-96ca-f4ed3f60ddb6,d50199e3-7c9b-4921-9920-d234b5fc561a,data_processing,2024-05-16T14:49:35,,v2
fc7fd168-0569-44e0-9a51-44ecbce905ff,aeb1bb4a-8548-48ed-a8e2-c31bc682b091,marketing_email,2025-06-22T21:36:51,2025-09-18T21:36:51,v1
a33c611d-2ead-4e55-80e6-c9700dfc9ef4,c3f68ead-12e5-4a95-9f20-2c9529a5f08b,analytics_cookies,2026-06-05T18:01:56,,v2
60c18538-c194-44ea-9967-576b37c9c46f,352810e9-e0fe-4062-a808-83f47ad5f4d4,sms,2024-11-15T10:56:26,,v3
9922f2f9-07ae-462e-8773-519949eff61f,2444fa55-4e76-4e0e-8880-6ccb037e3479,analytics_cookies,2024-08-08T11:32:22,,v3
d5a0d0ac-52cb-4d69-94e9-5bb670a75662,4423c47b-1f8b-4df4-bfe9-531cd8e6441b,data_processing,2026-08-06T11:35:13,,v1
d28a9f61-cc7c-4bfb-aded-402deda2a056,2e1fd151-264e-4a4a-8584-733dd5da3152,data_processing,2025-11-26T01:26:58,,v1
310838d1-dbb4-4334-b310-7b09e76877f3,4cd79f83-9fc7-43e4-a4c1-89402b7124e1,marketing_email,2024-10-04T11:07:28,,v3
e1aad349-1f7d-4787-b6bd-e82d74946764,e7297926-0c3c-47f0-a303-8e1ddfc0eb77,marketing_email,2025-06-30T16:40:58,,v1
bbf8f112-f38b-4cc4-9194-7ac414c1d8c5,a311b0c8-1b63-4405-8097-09a984512389,data_processing,2026-07-23T15:57:48,,v1
c35afa50-21d1-4358-8f79-c4ca06a902ef,7d624fe1-d3a6-4326-a6e6-32ebc0c46ea9,analytics_cookies,2025-11-22T00:01:58,,v1
0256ab72-2aab-4107-853e-57a5554c3218,670a79a3-05fc-4a33-8b9d-1b6df80347f4,analytics_cookies,2025-06-11T12:45:54,,v2
2ea06caf-64f5-4db6-9c91-db924edd7377,ed79e1d1-f247-47da-b20f-17c6184db706,data_processing,2024-06-15T01:57:11,,v1
fa9e03b7-056a-4c98-9c6d-2d58e516b741,28a5a7b8-b34b-47a6-91f7-8e384d6b6f59,sms,2024-03-17T17:45:20,,v3
8f3d766f-a894-423b-8bc5-cd6b0e2923c5,e8e92a9f-bec3-4873-951c-b05d0fe37715,sms,2024-12-14T01:41:03,,v1
14e9d101-c575-407a-85a2-18a69d52d48c,a0f290f7-884a-4d5d-b502-f43702abb2db,sms,2026-08-04T16:29:43,,v1
ed96fd6c-1a86-4b02-a067-1afb07d329ff,bcff2252-fa4f-4a03-88eb-6ff7b0e010a0,data_processing,2026-08-10T16:27:54,,v3
3c42560b-6dbe-4a6d-8a78-44f8f709be9e,78e4ffca-cfe4-42f3-9ef0-98ca1bb8cfa0,marketing_email,2025-08-19T03:44:21,,v2
b9be1896-f134-4777-899f-bc7712c83b7d,341ed9b2-1760-4720-a1b1-42681d273c63,marketing_email,2026-07-23T06:13:30,,v3
752f7e91-fd1e-4cae-8d13-894cf3127372,73d9c423-e9d4-428f-bfaa-b073b2c1f454,analytics_cookies,2025-01-10T08:47:53,,v2
d090a004-bee1-4573-ae02-a89121897035,eefcf9f0-dbd0-4907-a619-121deeb825dc,data_processing,2024-08-06T01:19:20,,v1
d960fae8-46d4-4802-b423-931c152f0a82,902c8ddc-8ba2-42a6-b380-4afc64f50ffc,data_processing,2026-02-06T15:54:58,,v2
3b08ddd4-dc39-4b7b-9dbf-85c19290eef5,5f22d013-c3f9-44a7-aeba-0975da12ffcc,marketing_email,2024-12-05T11:40:11,,v1
7ef31d57-be5e-4efd-9bda-c4140643e49e,58e0c4db-27d0-4c06-9252-c40364b1ae74,sms,2025-04-08T03:42:03,2025-09-10T03:42:03,v1
ba0e7f57-8e57-4dcf-8f37-6a3c0ad26737,9a689679-4c75-46ba-92d3-6b5b0c51a34a,analytics_cookies,2026-05-17T05:13:24,,v1
af670e6d-73b4-4c65-a8c7-362a45bc2044,fd9f1577-416e-472f-aad7-7bd5c56293f5,analytics_cookies,2024-05-01T17:18:37,,v3
c8f24c34-e37e-4ab7-bcaa-3a4e0ea9bb95,ed46daf6-4c46-4af8-a80d-c0cf0b307966,data_processing,2024-05-03T18:30:50,,v3
767ed197-3654-44a7-ac4a-db339fc42ada,701ab460-123c-42eb-bae0-fbe7a111ebd7,analytics_cookies,2025-04-09T18:10:24,,v3
11b28261-b6eb-41ed-ae1a-21250a368c56,254a6b6d-5dcb-4d20-88ce-e2e448935a93,marketing_email,2026-02-15T22:32:08,2026-06-22T22:32:08,v2
cabc5512-56dd-4caf-a13b-47fcf0bfdc48,a48b7707-e594-444f-854e-67d65eb9105d,data_processing,2025-03-11T08:43:54,,v1
55d5c509-8e96-42a9-873b-ee7bc24e815e,ff4e2ef5-4f72-41f4-90ea-4f40665b9f5b,sms,2026-06-19T01:30:52,,v1
cc9a25b2-4765-418b-80de-93b27889e859,5350fafc-45eb-4871-a195-d1cc090f9d9c,marketing_email,2024-11-16T09:48:52,2024-12-05T09:48:52,v1
3047ba8f-7075-45ce-9880-c61a5a473477,72492cee-bfcb-4501-9a63-5afe45f5215a,sms,2024-05-28T17:55:52,,v1
96231035-ecfe-4289-89b1-39b8c27e5b37,5daa5d95-314b-4f5e-8926-8d61c9d4daa1,sms,2026-07-06T11:03:03,,v1
1a43a6c5-46ea-4639-b433-f683bb9ea30b,f14bcc19-681e-43a6-94e0-9748a8455850,data_processing,2025-01-01T22:50:45,,v1
3e63814b-c8d9-4a00-9081-5477a1592fc1,387603c1-d2a6-475e-ab4c-9ba7aa78bb27,sms,2024-04-18T18:14:07,,v3
30674edb-379f-412e-9b0e-1e522f102b00,7863e37d-24c8-4e18-8730-ea7e2a65606d,analytics_cookies,2025-06-21T18:48:55,,v3
c141f986-705f-43c4-8412-911a7eb1104c,cf2dbf35-0461-492d-81bd-a783c553409a,marketing_email,2025-05-11T21:37:43,,v2
c62bb910-40c8-4070-9019-be31168b7a50,86fb0f27-e52e-40a4-8499-5f1610574213,data_processing,2024-04-11T03:52:11,2024-07-28T03:52:11,v3
dc87033d-23f4-4fb8-bf53-fff8d420aee9,b91c4cbb-67d6-4515-b897-dd13e44c1101,marketing_email,2025-12-17T21:22:28,,v1
bff49a51-d286-4d0b-a4dc-94bb4c25be3f,d6ca3f18-6708-4e27-9196-8a2238aba9b0,sms,2025-09-28T07:07:10,,v1
f2e7145b-804d-4c98-8f5e-44877d1d5bb4,71972ade-a5de-461b-aac8-49774ccb1a4a,data_processing,2026-02-11T05:50:28,,v3
2993eb42-b3a0-4113-adcb-2c049fbf47b8,254292b3-d9f3-4b20-be39-1db058d17bb9,analytics_cookies,2025-04-05T12:07:37,2025-07-17T12:07:37,v2
f757899d-90a9-4e69-be27-e51d90d5947a,f3feb7f9-9069-4fd7-be91-3800d1307935,data_processing,2025-04-21T05:39:29,2025-07-05T05:39:29,v2
554f2ae9-b08e-4ded-97be-c2e5c9970ef8,d51ebab3-97b1-482d-9ccd-7368f01000f7,sms,2025-07-15T18:59:04,,v3
52afa1cd-b896-43c9-b9a4-71c4ccd5c709,430e5411-6ed3-439b-93c3-e885b2a37d0f,marketing_email,2025-10-23T20:20:51,,v3
94443192-9581-4f89-9584-73cbcf0d1d5e,3e5dc535-3e67-47d0-8eed-547c7f51e8c9,data_processing,2026-06-24T02:28:59,,v3
47d4c466-1afd-4d6e-8c11-9119eb6b1aff,847d46dd-9721-4351-8bef-5c2292b57d6f,analytics_cookies,2025-02-01T15:26:10,,v1
a19daea1-5fd1-4e27-8b8a-a70c7fe95510,cc6587b9-1ad1-4f99-bb8b-dc23f1621ea6,data_processing,2025-08-30T01:43:36,,v3
065d428e-e55c-49ee-a45b-6d732adb7546,d285a28f-6fa3-4c70-9469-73e7fe1787ae,sms,2025-12-28T03:42:00,,v2
1a5e5ecf-66f2-48b8-8c85-2738a6aba162,13ae1187-ebff-4588-bbf0-db26b1bbb598,marketing_email,2026-01-12T15:21:05,,v1
f5831667-257b-4696-a114-2c8aeae0d7b8,33ab4667-4cdd-435a-875e-305ea36ebc4d,analytics_cookies,2024-08-01T19:22:53,,v3
472498ef-22b3-405e-919b-32933e40b872,d77ac8a9-6445-4f65-9a77-b0fb3abe853d,data_processing,2024-12-26T01:00:31,,v2
d3177a7e-2de0-4d88-8303-c0f861a523bf,a2053515-1d0d-41cb-a47d-485aed398e8b,analytics_cookies,2026-04-10T13:57:02,2026-06-10T13:57:02,v1
2ab096d4-c0ef-4332-896b-cb96d34cc148,8976b896-e0e8-4696-b268-5587e42efaa0,sms,2025-04-09T22:33:55,,v2
04f15cbf-e140-4730-b93d-d7a3c43b6f67,3fa371d4-77dd-4e91-9a2f-86801b001903,data_processing,2026-02-03T09:49:57,,v3
18ca57f5-8fd4-405f-bf2b-68bcac4a7cea,358fc32a-8446-4c62-b4a1-92b145a689e8,marketing_email,2026-01-16T06:23:32,,v3
6b4ef02e-b138-4a0d-b76b-725e39eef528,df8c3dd7-4bc5-4996-98e5-18e7ec0046e9,sms,2024-10-09T19:55:41,,v1
33cac1de-e6cf-4302-9733-a5f44963d6a5,f1c1c41c-e3ac-4d0f-9604-06a648c54aa4,data_processing,2026-04-07T19:18:06,,v2
46314736-2713-4e5d-9462-1d8ebd18ceb0,07571aa5-5581-4cf0-9a68-006051f37c8c,data_processing,2026-05-07T14:56:21,,v3
9fe124b4-83d3-4195-80a0-d92127471f13,d224c314-09b4-49c7-9490-53d3247615d2,marketing_email,2025-03-19T04:45:59,2025-09-07T04:45:59,v1
ba5f15ba-5104-4c2f-9408-75be767d10d8,5dbe3a93-bfd1-48f7-8040-dacc81b641f3,data_processing,2026-07-17T05:33:47,,v3
710d35c5-93d3-49de-a282-97a22de62bb1,a57c96be-0b7a-41c6-bd9a-9330e20c497a,marketing_email,2026-05-24T09:07:35,,v1
8cf7ad7b-2969-4898-ae36-4cdb606d1f43,3455f0ff-3219-4cd9-acd8-091f34518293,analytics_cookies,2026-03-08T20:07:20,,v2
e5b32fd4-e19e-4cd5-af67-af50d88a22a9,11498734-cebc-4784-a055-6bd08a18f1dc,analytics_cookies,2025-08-29T02:51:01,,v1
1c6b4427-0c6d-4874-83dd-9f3087896044,43df30db-068d-40fc-8576-7e2f6e62f2f6,sms,2025-05-29T08:14:55,,v3
ffafc880-a5ba-449b-bee9-189fd6a7b73a,98c7adf1-31bc-45c1-85fb-dbf53b4a53e2,data_processing,2026-05-24T19:17:52,,v3
3787298f-5d5a-4e3c-a9b2-a76802454676,4ed3232e-6117-4b38-9d59-265a217c91cf,sms,2025-02-10T13:34:45,,v1
f3ac28be-6bd4-4ed6-b296-f52f05389cda,13b24541-2c78-41cb-a6b6-e8713ab9a16f,data_processing,2025-04-28T14:37:49,,v1
597687a7-17b6-4f53-9118-c6f8e020cd3c,b745eacd-b8ee-4507-82ff-98d3c4daffc7,marketing_email,2024-05-18T04:43:53,,v2
ee20719f-6fb2-480a-acd1-82657a9b82d6,bd72d373-2261-4193-bee7-41d3bfd08ef1,sms,2024-03-31T04:24:32,,v3
5a4f2620-e8bc-41e5-a360-bc4b802da9eb,44df0dc9-35a6-4159-8141-4a8bf47c0e2b,data_processing,2026-06-18T06:28:26,,v2
b02343b5-748b-4dd7-98a6-1c28ed5a5231,11498734-cebc-4784-a055-6bd08a18f1dc,data_processing,2024-12-24T11:07:03,,v3
aa03bbfa-a871-43ff-bda9-2bb545569305,c710ee81-7487-44d1-b65f-69a898acaf69,sms,2025-12-28T22:20:33,,v1
a30d423e-cebf-4477-bff3-1485b9a79977,ff4e2ef5-4f72-41f4-90ea-4f40665b9f5b,analytics_cookies,2026-06-13T23:44:48,,v3
2399266c-c499-4d5e-955a-5cff5c54696d,43086963-8392-432e-84e0-ef1902202b4c,marketing_email,2024-10-18T23:57:05,,v2
09ebd28e-8ce1-49fd-9dcc-b574114ad65a,ce73a9b8-27f8-4c9f-941c-4b99a646fb32,analytics_cookies,2025-09-05T07:42:06,,v3
17b142a6-8698-4754-8275-c6d2e3658edc,a5f46489-06cf-45af-9efd-dbd27067716c,sms,2024-09-10T08:50:08,,v3
fe727ef3-1366-4e63-aa65-af3829d3e4cd,64fec69e-52e2-471f-9fbc-7a8e33f991bd,data_processing,2024-04-20T13:07:21,,v1
03e9129b-712b-4f90-af87-2d76f03f5822,ce8210c0-c537-4fd0-80ef-c3e8063b748a,analytics_cookies,2025-06-13T04:31:51,,v3
6a339ad8-687f-4a02-a8b0-9bac8f6e000d,7160f724-2528-4ac3-ba79-b6e99e6b8a01,analytics_cookies,2026-02-22T07:49:02,,v1
bbaab729-a42c-4163-afdb-4dbdd364f8b3,4d97e8a1-7720-4190-b326-dccfa2ec4426,data_processing,2024-11-28T16:33:43,,v1
a3ca5e03-2ba9-42b1-83c8-d4739e0975e8,c8544096-3228-4db0-b3de-4f0da1974b40,sms,2024-11-18T15:44:57,,v2
1d50c8f2-3e18-4d55-98ac-9855931e8e82,61004774-fb70-403c-ae81-a1e9cd187146,data_processing,2025-01-11T20:56:48,,v2
f0767376-25a9-43a9-8418-341e0631caa8,5bc5dd9e-3670-4c84-be25-41eace68a711,analytics_cookies,2025-08-16T17:07:11,,v1
10ac4162-1367-412f-8f8e-052f2f40480d,d10408ec-2013-471e-b6a9-e3bcf0e25322,data_processing,2025-10-05T00:04:15,,v1
28b433cf-7578-4b69-85a8-7ab905f4b554,53dda453-796e-4167-b482-7449bd52694f,marketing_email,2026-05-27T00:11:08,,v2
f54fff16-eb15-452f-9126-f38b49d9b15a,6a7675ef-2c9d-4e2d-80c0-b5f38fffb6ea,marketing_email,2025-09-18T19:48:15,,v3
de7938be-ae0b-46bd-9385-c1ddea68baf6,6d24a27b-89f9-4e69-8c83-6f87ce5b6d33,sms,2026-03-16T01:51:15,,v1
1f4a8776-e39a-4d1b-958d-181af7461f1e,6afcdfd4-7162-4241-9932-0cf1f3a2b6e7,marketing_email,2024-06-24T16:51:35,,v1
46668416-4a5f-41ab-a9f6-4c4d92ce5263,f4835f98-d82c-487c-8788-26a05c249db0,marketing_email,2025-01-18T00:19:42,,v3
e5c22648-348b-4eb4-b018-c5abef58b271,5b16d3ac-510a-4143-8a0a-785ce783f3d8,sms,2024-04-12T20:39:20,,v1
60434cef-5811-4c0f-b79c-385a73e900a5,30380af9-7c90-4e56-9717-61064c5ca79c,data_processing,2024-10-04T07:07:08,,v3
5f63a2e6-194e-402e-b27f-f0cc22b6671b,b745eacd-b8ee-4507-82ff-98d3c4daffc7,data_processing,2025-04-05T11:36:50,,v2
44c8b4c8-ed32-4b3a-b3f4-e1630eb47c7a,83864095-dda9-4a16-ab3a-ba6429fa3dbd,data_processing,2025-11-17T05:40:40,,v3
c2e07a93-ef6e-487f-a303-6f4a495e83e7,d64805ac-2294-4438-af7d-1f1483e8fd7b,analytics_cookies,2025-08-05T01:44:21,,v2
150d1128-e17c-4732-b044-94d0598e8dfe,7528c8de-b892-4894-8892-94a29730aa9c,sms,2025-09-28T15:18:55,,v1
579bca0c-d179-4d4f-9122-3f0272b08756,2e0d6ce4-794d-4494-bd1d-f44dbca8683f,sms,2026-07-16T21:18:00,,v1
23c4bc3a-66b6-4717-abd8-f1431ebf71f8,77b903b9-c97e-44ae-8274-9dea7b101277,marketing_email,2026-05-30T08:45:55,,v1
71f42211-9905-4d9a-b22b-a4eb0dfbf560,0f708081-5838-40db-84a9-ca8b6845336f,sms,2026-07-12T11:59:25,,v1
a2936e49-8073-496e-8c29-4d97e49dee60,bb0bc182-b8f7-4f26-b794-dca522dd4cec,marketing_email,2024-04-15T06:14:38,,v2
325bc7be-e344-4bed-b2d5-d9f972e9eb8b,33d208d7-91f2-4d70-9f75-c1bf87481c15,data_processing,2024-07-31T04:36:51,,v3
05bf3722-dfca-419d-ba71-84c778b66a30,cc9cb0b1-f5d5-4fbb-ae89-025a80fb57c1,analytics_cookies,2025-12-13T14:30:20,,v1
ceedbb47-1d4b-4c79-bc9b-ae58e406f80f,3f5140d0-d9ef-4655-a6ab-69e5e6921143,data_processing,2026-08-02T17:18:19,,v3
66be484a-38d3-4727-9437-9f585ad1f032,466ab61a-8180-4d06-90cc-2a380a0e6f0f,data_processing,2025-05-02T16:33:47,,v3
798be3f6-1502-4f36-9a18-639e0aa264af,2a0095cd-099e-45f3-a8ed-241dbe5cde18,sms,2025-02-20T14:37:27,,v3
bf61140e-fcb1-4a04-8155-1cfb595b0c4a,9bac4be0-d703-4f1d-a088-1bdb362d3246,analytics_cookies,2024-08-17T09:19:05,2024-09-12T09:19:05,v2
14576fe0-28c3-4fb7-838b-9ac1e49e06f3,7b971d80-7566-4bfa-93b7-b87270c4b732,analytics_cookies,2024-06-13T08:35:07,,v2
7ac971df-da98-4923-ab46-fbe85e7ac82e,9455079c-4344-4995-939d-8184d7eb02e7,sms,2025-07-19T16:12:54,,v2
ec7cb8e7-a49c-4198-b711-bbe7063818e7,63b6d2f8-4e38-4b4c-bf67-6651399b4453,sms,2026-01-24T02:39:30,,v3
396b8fb2-6dda-49b7-bee0-5ed97e495617,4041ba09-7a39-4b37-9e0e-f39a765d9c82,marketing_email,2024-05-02T01:38:53,,v3
97c9cb24-337b-4136-bb54-e561b2a70bec,a3f993fd-aeaa-43c7-9e5c-9ad7b7c0f8d9,sms,2025-01-09T17:49:43,,v2
573cba01-d075-4fef-975f-f7fc72acfde7,34a9dd73-95d0-45d9-a3fb-636e4e080a6c,sms,2025-01-27T12:10:11,,v2
3d555fbf-f141-4ce6-a58b-13302f7318fc,89a5d615-2bb0-4843-8177-90bf7f452bfe,analytics_cookies,2024-09-07T07:05:08,,v1
0ace0945-fe18-4292-873e-e4b2bdd4ea33,cec4dd97-5c6e-415b-ba06-47dc8ef4570f,sms,2024-11-29T20:18:59,,v3
a032ca55-119f-4e12-b07a-6e8da7bc76a6,6da78127-2929-4106-a298-2b58afca0a92,analytics_cookies,2026-06-07T02:37:02,,v3
45d42cbd-02a4-487a-83a4-d0337377ccf9,6da78127-2929-4106-a298-2b58afca0a92,marketing_email,2025-10-15T05:14:11,,v2
73adc3ee-dbeb-4330-930f-23dfc3302f28,bf03895d-6d44-49a2-8183-81c4e89eac75,sms,2026-07-14T20:10:26,,v2
3041ac22-c026-4011-9f97-a82fa15f8cf2,1991aaf6-d1b3-45f3-a33b-7a9174d18f8b,sms,2024-09-21T14:26:01,,v3
65b2cab0-e0bd-405e-817a-2660b637e956,b4cc95b0-6dbf-4264-a3ef-43fbbadf652a,marketing_email,2025-07-20T15:15:51,,v2
26b911bb-46d0-4c62-8156-b5b9d8ddc19d,cc6e430a-d0ba-4c08-8809-84cbb2347a9f,sms,2024-08-21T08:50:08,,v1
c6320088-1310-4625-aa93-11a3829599ac,f78c30cb-fcda-4209-9aea-0ae7ce4f7b81,analytics_cookies,2026-05-22T19:56:28,,v3
df9b2b12-d1d9-442f-9815-533a8417fc00,2a082be2-fc91-4d5a-accd-200e91693b07,analytics_cookies,2026-03-06T07:11:32,,v1
0c46bb15-e022-4d74-97a0-797aef8dcddd,2a6409ee-29ac-483f-a2a7-9074fcb50191,analytics_cookies,2026-02-10T14:26:57,,v2
e954670c-fdae-4886-bdc1-04650b5f1598,8834bd0d-66fc-44cf-83bc-c787f024b078,sms,2024-11-25T17:35:09,,v2
4b7be5cc-d873-4d03-b54e-37eba21b6641,eb16c915-257c-4e0d-8f75-ef88a49065b6,sms,2026-04-29T15:58:37,,v1
1563c701-ed7f-48a9-bad4-6d1c488d11ab,5c3c91f4-9d48-426f-9862-e165bf8f616d,marketing_email,2024-08-08T15:50:11,2025-01-29T15:50:11,v1
fa810028-9887-483b-8ea3-e57fe764e1bc,8dcd5fa7-1a1d-413e-9468-5f4b02f2f3fe,data_processing,2025-02-01T22:27:14,,v1
5223616b-203b-486f-97f0-cc8ca3506c4c,6a7675ef-2c9d-4e2d-80c0-b5f38fffb6ea,analytics_cookies,2025-03-14T14:31:35,,v1
c78bf2c1-097c-4756-a1dc-b604de7e10ef,099dd9b8-0a76-482f-92e1-f754d25d5aee,data_processing,2024-08-26T15:08:37,,v1
7cf86e72-9e8f-45a4-9870-ebd4dbce5d85,d51ebab3-97b1-482d-9ccd-7368f01000f7,data_processing,2024-06-29T00:07:37,,v1
862ea263-214e-4d82-9b03-d6a05e5ea147,fad2c57b-c35e-4270-8d10-2f067a5ee2b7,analytics_cookies,2025-01-03T08:07:06,2025-05-16T08:07:06,v2
37b704ed-e588-4181-a97c-da726cab317a,0a42e609-2a53-4824-bf02-0088bdb9b149,marketing_email,2025-01-06T05:30:17,,v3
0e80610b-d55b-4da3-a2b4-3f15694dadfb,b6552330-9932-4624-8855-b5b7aa13d3f4,sms,2025-11-25T08:54:12,,v2
71cb74e2-a1af-4a7e-b460-9ea796ecedb8,cf1ff13a-ac47-45d6-92eb-1583ead19df6,marketing_email,2025-03-19T08:05:38,,v3
b70e7037-ee66-4410-ad50-db04ca4a7bf5,6fcd3399-b9d5-4ab0-9d50-385be83fec9c,sms,2026-08-05T11:17:53,,v3
76a2e3ef-22a8-4636-9ef8-1b0c4bb91260,875e080f-6237-421c-b26b-433b3b0c6584,marketing_email,2026-01-31T10:06:24,,v1
98457a06-8c12-41ef-ab9e-18f6d464ebd9,b6552330-9932-4624-8855-b5b7aa13d3f4,analytics_cookies,2025-01-27T12:44:12,,v2
2d75a756-aa15-43d2-95a8-a8bce26ca1dc,6afcdfd4-7162-4241-9932-0cf1f3a2b6e7,sms,2026-06-25T21:25:34,,v3
2313125b-bc9b-4717-9758-f312143b8bb0,9bac4be0-d703-4f1d-a088-1bdb362d3246,sms,2026-02-26T03:31:18,2026-04-18T03:31:18,v3
7d7768e0-da95-43c0-8b3c-8f50ba8edb74,96aa3e1c-ce39-4f76-b813-c9b4d59c0cdc,sms,2025-03-21T20:49:36,,v3
038f71a5-1db2-4601-88b5-cb2a7510ba88,d7615aca-6de3-4a17-8fd0-212330ca9c28,analytics_cookies,2025-05-01T23:46:35,,v3
57435ca4-f375-4282-ae30-618927f0b504,2aee3fe5-2eb0-4391-bb79-d4d4ffdd9931,data_processing,2024-10-21T14:05:11,,v1
2badf7bc-5b51-4420-ba54-1d6d8747f4cd,534f7dee-6c8b-474d-b7be-41fa1dbbe93a,data_processing,2024-07-21T08:34:23,,v3
3ca5d057-15f8-4045-a2a4-cef65bee9d79,6a49a618-20de-4b7a-af94-1b4afeb9a85e,analytics_cookies,2025-08-26T15:53:29,,v3
22c0b43b-ebde-4eef-b136-4373294f8e08,f6489f0b-4a7a-4dd2-97d4-d0008f662858,data_processing,2025-11-04T15:10:29,,v1
849115f9-b006-4f34-8cf7-57372e42d20d,26ef1453-7eb5-4f13-9c8c-22a3f738d060,marketing_email,2024-09-25T16:26:31,,v3
b1f938c3-5d91-485a-9530-29cfa2ad77f9,0ea8c796-5c53-421e-9442-830bc190960b,analytics_cookies,2024-04-26T21:35:13,,v1
f6c1fc12-28e8-4dfb-a2bb-5db3338ef2e6,3cbc7f74-54e3-47c2-b02f-229f7ca60a5c,data_processing,2024-08-15T16:04:18,2024-10-03T16:04:18,v2
87902371-1637-4cba-a609-d5caee64c38a,90249383-3427-4005-a185-d20f5542dae5,data_processing,2025-09-04T17:32:49,,v3
507b04c3-8238-4cdf-b409-e3b189e0de49,4d481210-54e4-4e94-80f3-81ba408de5a5,sms,2024-06-23T10:50:41,,v1
8a3312d8-5413-47cb-827f-a7d4683bc7ee,b4624db2-8aba-4c57-a0f7-0f5cb8bf0a04,sms,2026-06-10T04:05:56,,v1
b2a22d3b-ce0b-4129-b822-c63253a1132d,5d59a09d-7696-4e1b-a171-abe3b79fff2d,analytics_cookies,2024-08-16T19:11:08,,v1
7cad0081-0906-4ae4-a391-3331880e0e03,94638355-4830-4837-8708-12531dc89dbf,sms,2024-03-26T17:14:33,,v2
5d87abb0-4aab-4dad-ba37-037db12ea392,3d2423f0-cecf-4060-b105-96b04f2ea442,marketing_email,2025-12-14T09:43:15,,v2
8007d34d-6f0e-4399-bed1-68ee890143f5,8c39c27b-eb7a-452f-9581-a78bdf3ed9eb,sms,2025-05-31T18:11:03,,v3
bdae75f3-6fcb-41e3-a833-eccf000c78e8,6cb96ee5-043d-47e6-a79a-67e7b0fa034e,data_processing,2026-05-15T06:15:41,,v2
a5b407d4-8e19-4cf2-852b-b9dc12972117,5a2b4f14-e7ac-4b3a-bf58-688bca696e5f,data_processing,2026-05-19T23:52:47,,v2
987513d8-457b-4c82-8ddb-d4b58b89d8c8,98c7adf1-31bc-45c1-85fb-dbf53b4a53e2,sms,2025-02-21T01:13:40,,v2
62e0b603-dad8-4c22-9f70-c513a51a8a14,93c6c6a9-16fb-43ad-bd64-1ee5eccdd750,marketing_email,2024-07-01T06:24:02,,v1
6c94d7eb-bfa0-4eb0-9921-45dd0f79244b,0bb6fcf3-0741-4179-af46-d26c45b77171,sms,2025-12-12T19:19:42,,v1
601cf7c5-1dbf-4d30-9f40-05bcbdd4b2fa,b418aed1-0951-4085-9fe4-e750e7fe45f9,analytics_cookies,2024-12-19T23:03:45,,v1
7e8966e6-fcc2-4a3c-8e30-cfacd132a2ff,f459a5e8-b280-49fd-904a-3cd3746f4f16,analytics_cookies,2025-02-06T22:32:15,2025-02-23T22:32:15,v1
6d6d4754-1246-4346-9f9c-182aaba36323,7755a749-3460-4f0c-a33c-428dccd20885,sms,2024-10-29T09:01:36,,v1
fbcf45e1-491e-4efc-8e2b-f6d3eedeeb0f,ddd9ed38-6351-4568-b08c-8f6c92cb84a8,analytics_cookies,2025-07-29T10:11:21,,v2
01529d16-172e-41a4-9715-26badb1d5528,fdd86eaf-7a5b-4598-9a08-6f4f207743bb,data_processing,2026-04-26T03:05:09,,v3
47f3c99f-a31d-48c2-8a8a-addab0e14f28,8d5fa184-5966-49ce-b3e7-4acfaba98bfd,analytics_cookies,2025-09-14T23:31:39,,v2
d06e4c12-01d8-47c4-8871-c454a14a8809,58e0c4db-27d0-4c06-9252-c40364b1ae74,analytics_cookies,2025-06-27T10:48:01,,v3
03a319ad-9269-4e69-891d-c974c3b20b31,a3867ed0-9303-4ce2-b40d-a9711a5efef0,analytics_cookies,2024-10-28T12:34:20,,v2
18cffb38-a91e-4657-bab3-0509aaea3e83,03a59f85-596f-4b87-9ab3-5f1a84f37beb,analytics_cookies,2025-07-09T04:58:59,,v3
e204bf6b-dcd6-45c4-88af-01af28a2a033,6faa20a4-1e8f-43a8-9a45-33ae5f675190,sms,2025-03-03T21:08:22,,v3
f4a21289-bd14-4f60-898a-326c3a84626f,8d5d45b6-2bf0-4380-85a0-b73fcbc86e94,data_processing,2026-07-05T07:43:09,,v1
3f0f6b14-e137-40a6-ac6a-36b444b9305b,a792d50a-1570-450f-901a-c26bc3b4a9dd,marketing_email,2025-04-22T04:10:15,,v1
07d23fd3-701c-471c-8a92-8adfe694630e,2e1fd151-264e-4a4a-8584-733dd5da3152,sms,2024-03-11T17:54:02,2024-04-24T17:54:02,v3
00a8356c-a8fe-4d3d-b67f-69edaa09dc74,c664111b-b80e-45ab-b2de-ee220ea29fbe,analytics_cookies,2025-02-23T20:24:30,2025-06-01T20:24:30,v1
a2668adf-8267-4a3b-87f6-eb9759c0f29d,4b503eb1-da2e-4115-8f64-b4dc888db448,analytics_cookies,2026-03-29T00:04:33,,v2
895b694a-9265-43b5-93ac-d09aea80d789,a3d91be1-b5d9-4d3c-bdd8-ab49cd378f30,data_processing,2025-05-18T00:59:31,,v3
97558251-adc5-4068-9761-b6a0f84f953d,d6914b8f-0d72-4044-a61b-055adb02f005,data_processing,2025-09-29T11:35:16,2026-01-31T11:35:16,v2
ac7e502a-906f-4970-a938-e3c67077344f,c710ee81-7487-44d1-b65f-69a898acaf69,analytics_cookies,2025-06-13T15:45:20,,v2
17a2cb9f-70b5-4272-a0d3-07eec85fa1ee,861181e6-5d97-48a8-bbe4-226caa976140,data_processing,2026-05-22T06:49:24,,v1
a35e27e3-5e21-449f-9f66-f8c588506f55,b01b46fd-8f75-4db5-806d-c5c5980008c4,analytics_cookies,2026-08-09T16:34:37,,v3
d9563922-32c3-4a4b-9610-74fa44ff1d13,5f8c9b91-24ee-43a2-b758-fece4c2fd787,analytics_cookies,2025-10-16T16:00:00,,v3
a7c856c9-6af8-4edc-a916-1214749f1b95,ed5f2f3e-8bef-4da7-b30c-90c3fa5f40ea,analytics_cookies,2026-02-24T06:10:55,,v1
5e0300dc-fc4b-4365-8bb3-e42f1d1991a4,acb70464-ce97-4c94-a4bf-b165bd1b2fed,analytics_cookies,2024-06-29T12:11:19,,v1
dcdf74b0-e03d-43d9-9e41-5318c1352a83,18e7baeb-a66e-4a7d-882d-355810698bc3,marketing_email,2026-04-24T07:01:41,,v1
2b494c59-e513-4830-8804-d9cef6c2311d,e4adb740-2faa-44fc-bc18-4aa698032414,data_processing,2025-02-15T03:55:23,,v2
dbdcac25-ff03-406f-afe8-775165aa5015,3810f8e6-9278-4c26-9be0-d6d6c35fe477,analytics_cookies,2026-05-10T19:18:46,,v2
78f8a6af-089d-4339-ab44-a1485f9ded50,b2263d08-d05d-4240-a470-6fe31527b9d2,marketing_email,2024-05-14T03:00:34,,v3
aa4b752e-ac81-4e67-a7a4-b3341210d3f9,a296a891-b126-44e1-a271-9228cc28b3bc,data_processing,2026-01-26T12:44:08,,v2
c5aada50-5a57-41c9-be6e-6391ddcf184a,7c2a3f62-d757-4322-a213-921d7c370838,sms,2024-12-20T04:54:15,,v1
043be9a7-1b42-4789-9d47-84637824d625,f3feb7f9-9069-4fd7-be91-3800d1307935,marketing_email,2024-09-19T23:06:58,,v1
7ab5eece-ea82-4ae0-a8f6-6f844f35f909,d33f758e-ba0e-463c-ba18-0cd99108c547,data_processing,2025-12-09T22:32:43,,v1
299e4c10-6422-4e8f-8d7d-74227163f0af,848c50eb-5e2a-4b53-b6b9-751bfad107b7,sms,2024-10-22T07:23:26,,v3
d20f33dc-1cac-4de0-b665-b05c82fa537f,51d5c171-5764-4f95-8919-dd46d204df4b,data_processing,2024-06-09T21:54:32,,v3
858b2b75-2479-4151-8e40-051cc9e4cbfc,430e5411-6ed3-439b-93c3-e885b2a37d0f,analytics_cookies,2025-08-14T13:38:25,,v1
b2db95b8-cce7-43cb-aab8-a97cfa1a8b62,bde10f4a-86e5-45d2-b176-3ec1222265c1,data_processing,2025-02-06T00:31:45,,v2
a6ed647a-1d65-48a9-8a1b-d97dfb36dce1,531465bc-638f-4adb-9b47-cf0c1dc55550,analytics_cookies,2026-02-24T21:24:50,,v2
12202e10-1f0b-4ee0-b2fb-d5cbbd3ae56b,63b14504-d172-4e5e-b0fa-abd9cb43352e,data_processing,2026-02-03T07:24:33,,v2
e7db95cb-d4ed-456b-9649-cb0a30a25707,fd788ea1-7f9f-477b-b5fa-9a64962eb7f0,analytics_cookies,2025-07-05T00:20:31,,v2
6fc3258a-331d-4bc9-9de3-6482796f93e5,2ef2eede-fcc3-4c79-a843-4f5ae828d591,analytics_cookies,2024-11-03T15:19:59,,v3
20384de4-06b7-44ba-b5f2-083a16ac9ad3,d85d8387-2b7e-46a9-9f28-dad061a5fc01,analytics_cookies,2025-03-26T21:28:55,,v3
9f8684ee-5aed-4c86-9901-75bbeb4a7773,76acc7d2-0fca-4530-89dd-39889b4f3bb3,analytics_cookies,2024-09-30T13:45:17,,v1
610fa216-ebbb-4965-b63e-e66a4d950e36,5b817ccb-b122-4044-b74f-bde3d1df714d,data_processing,2025-01-07T02:49:11,,v1
7fa9eb67-5db8-4564-b028-18c6ac3bd1fe,cb969dd8-a609-4b10-b213-d1011a90ef2b,analytics_cookies,2025-11-07T16:22:01,,v1
9585b609-c26a-4513-a455-f55c35285bcd,066ca82d-85b8-45e6-b262-bac0bb3c0e21,data_processing,2024-04-17T03:40:18,2024-08-20T03:40:18,v2
f47707e3-0301-4968-a7f1-a31fc86e9ab2,ed7f8737-2c99-408f-afd0-f91c740e414c,data_processing,2024-12-19T16:40:17,,v2
25a7d40d-e6f1-4992-add3-326ce4532b4f,0abcb3b4-7e1c-4638-a21c-af1df3702f27,sms,2024-10-19T01:23:22,,v3
e05f8dd6-f1f0-49f6-affc-76e26ad55bbc,fe2e9f59-c77b-4756-ad2e-fe864a560344,sms,2026-05-31T16:47:29,,v2
30b4dfde-a95f-4328-a811-0b3d36c3c05b,31006b42-8446-43cf-bd23-af4d84ca2c85,marketing_email,2025-04-04T19:29:14,,v1
a6685206-0c9b-46aa-9397-c8eda304f9b6,c9d0d7ff-0b5c-4b60-ac5e-0389909cf62a,data_processing,2024-12-15T10:32:53,,v2
60ae1371-f005-4cb4-9ab9-7dcab0b0e69e,d82c6a2f-7e02-40de-81c3-c42ef14d8460,marketing_email,2025-01-25T03:58:52,,v1
15576a93-9e2a-4ced-9d0c-1fbbf10649b4,fa7960f6-2060-4fc8-a154-148e0c543e8a,analytics_cookies,2025-11-26T11:48:06,,v3
29057b25-21b5-49ef-8456-f4a807f3cf6f,9094466a-3714-44da-802d-85c2317b80e5,analytics_cookies,2025-04-05T22:07:16,,v3
46286e1b-591d-45d2-98ea-579bb66bed7a,47ac22ab-9718-46c4-ac3b-e6473f31a413,analytics_cookies,2025-01-09T05:46:34,,v1
299fd598-c933-4a21-8270-01a152e14cf9,139f4019-998c-4c6f-8c4f-a97a756af68c,sms,2024-03-12T10:10:42,,v3
5d9d0522-5109-4ba9-b50d-82fe81854223,1d94038e-346e-4263-a10f-7fa4e5d1179e,data_processing,2026-06-28T08:01:47,,v3
868f327d-7adf-4987-9440-fb9b99d4db90,1ed31084-8b68-49ca-91d6-7162d8521c02,data_processing,2024-06-20T09:20:42,,v1
028aa69f-b3d6-46c3-b2c1-8c8e1027cf83,5948da4d-8a3d-4122-9885-6f62f017c7b2,analytics_cookies,2025-11-17T13:25:29,,v3
f8a92a56-9569-4a9f-8a55-fc1a426c478a,a692df88-38f3-4725-84a6-73ec7e6c7ab5,data_processing,2024-09-19T22:00:27,,v2
cc7f2726-97ca-4df6-bad7-884eb3e797f4,d285a28f-6fa3-4c70-9469-73e7fe1787ae,marketing_email,2025-08-30T11:09:46,,v2
e4b76631-82c2-4389-80e5-4a50346ac6fd,fa08fd03-3569-400d-9d63-e8ae15712195,data_processing,2024-07-10T10:43:59,,v3
5873322a-eb30-4cec-910f-01c43481de2e,22dc524c-5b2b-4982-a2a7-2a5f5a5b9ca5,sms,2024-12-16T19:44:03,,v1
08509d83-12a6-451d-a1a6-2055e9d2ff80,71f1cea1-588b-47f5-93c3-4e649541a9e4,marketing_email,2026-04-16T11:17:57,,v1
3fcaf401-fc13-44ca-a9ae-e9cf4c4c2094,82205f5f-43a1-4172-aab8-523ed6a89f26,analytics_cookies,2025-03-16T14:05:29,,v1
1ce183de-8734-40d2-b9e1-80291d7b95cd,7fcd9f31-c0cb-4414-9981-9d014f593081,data_processing,2025-03-05T20:19:35,,v2
4e08ebc1-1955-4cf3-bb56-55715cceff5c,a296a891-b126-44e1-a271-9228cc28b3bc,sms,2026-08-03T10:14:10,,v2
34b17222-8d83-4b97-ab9c-f47d0215efaa,0e7b96a0-3300-42a0-b46a-0376d91610eb,sms,2025-12-31T20:43:11,,v3
9eb10370-f77c-4617-942a-6bd75b356548,adc6b3eb-08c6-47a0-a6ce-19384284547a,data_processing,2026-03-27T12:21:44,,v2
c394ef2f-49ee-445e-85eb-3029970c7297,f7989645-3a12-42f6-a926-2a7388aeb297,sms,2024-11-02T01:56:10,,v2
c1557ceb-7459-4e85-ac71-736830bf0412,c9750567-c933-4797-9313-ec159ddcb6d2,sms,2024-05-07T12:36:29,,v3
322cc550-24cf-4b4d-bfae-cce7c1bc9785,92bac428-565b-4fba-a911-e9f3dc3c5ad8,marketing_email,2025-07-13T15:42:24,,v1
24ef154c-23c8-4276-a878-1dbafb1ca107,4dc2aa9c-8633-4861-b795-5b285cf76a1f,analytics_cookies,2025-12-24T21:12:54,,v3
44ab6d71-f68b-4330-a8c5-aa73c49bdb8b,153f6ea8-c8e7-4bfb-8273-72ac137733ea,data_processing,2025-02-21T17:18:23,,v2
910fa9ae-5628-4ece-8e41-f5dd6f84dbcf,a1be3ec3-e6d6-43ba-8011-02ffe7491e78,marketing_email,2024-09-07T03:45:23,,v3
b0a5fbe8-868e-4bce-a7bc-11b545ec70e5,99b2e147-d4f4-4a75-8f55-17304a277ed2,sms,2025-09-14T15:57:26,,v2
4769a590-d7ee-4dcd-a8ef-ee58346ca0e8,612533b6-7eaf-45a2-b9d4-06192ce5620e,marketing_email,2024-07-10T19:25:15,,v1
490e76e3-ab37-4138-a3af-e409f0e5590a,ab833d6f-87cf-4229-a1f8-707b52a55e5e,sms,2025-03-22T14:37:35,,v1
4dcef83b-023f-42fe-bfae-a03a7af86038,7bb37398-522c-4b94-95aa-882d79ae2041,marketing_email,2024-12-27T02:14:05,,v2
20274846-0be8-4bf1-8493-a275d853f887,41b09fe3-c0bf-4484-bc20-f48aedb5e7d5,data_processing,2024-11-09T21:36:33,,v1
37d9237d-f7f9-43a6-91da-5c84f8fb958a,d47a83f3-a765-4a20-b40c-e0993cf00e4f,sms,2026-07-22T15:36:49,,v3
baf274f3-d75c-40d6-addc-3b9e0d077f86,bbc4757e-2351-486e-9ca8-f73b9dac716f,marketing_email,2025-04-16T02:02:06,,v3
fb8861d6-56e1-46fe-a95e-6de1a08d0bf2,a31129ac-6e82-4a23-86f3-3d708e019069,marketing_email,2026-06-30T07:29:50,,v2
c5db0e20-f17a-467e-89b2-a052f670a90b,0206c59d-8464-4845-9680-9463df25efd9,sms,2024-05-25T03:06:33,2024-07-08T03:06:33,v1
997033c2-2fe3-44c3-a549-27a8b0a289c8,4b761c33-8a8a-4dbe-a0d0-fa3261b391ee,data_processing,2025-11-03T05:40:36,,v1
90857e46-38e3-42ca-8a51-bd34911406a9,3870073a-f764-4a2b-bc64-18e4569bf784,data_processing,2026-05-05T06:48:35,,v3
9e77ca4d-1e01-4c8b-b19f-7e2fbb09f319,0f1df561-31c0-417e-909b-4b054c45baaf,data_processing,2024-09-01T05:28:10,2024-10-15T05:28:10,v2
d7f98c0a-0bd7-49a1-b348-5a38a49f4f46,019bbbbd-bb75-49d2-8d74-d1c01012bd21,analytics_cookies,2025-07-30T22:09:09,,v2
866da56d-8b0b-46c1-94c0-46a088082dc5,303bc5db-08d0-4431-b6df-29c80d0321da,analytics_cookies,2025-01-03T22:14:27,,v2
5ff21c40-3738-4c5e-ab47-47bce1793e8f,0ea8c796-5c53-421e-9442-830bc190960b,sms,2026-02-15T11:31:03,,v3
8f589a97-1ee8-4d3a-952c-d9553c77aa97,da9de603-2c96-4356-820d-7c1e9ac4dde7,analytics_cookies,2026-07-27T14:48:12,,v1
dca802b3-7a05-4633-838e-ca7d3a0b19f4,f3abecde-d032-4605-876c-6373a9a9e65b,analytics_cookies,2025-10-03T03:57:00,,v2
a4b1a355-8a7b-4963-97f1-bf6b36f9a3d3,625c6012-3c16-4c27-ab0c-a8512e488ad7,sms,2024-08-16T03:12:02,,v3
537e1dfe-7906-48ba-a63a-1d1ed4bb5b1c,77475cfc-c7a4-44fd-aa82-b68053aa7540,analytics_cookies,2024-04-20T02:27:11,2024-07-25T02:27:11,v1
ede8ed6e-83bd-4b01-b76b-27f5a7d01fd2,e6ef189a-76de-4ef5-ace2-676d69273e22,analytics_cookies,2026-05-21T07:14:29,,v3
6842fdd4-3496-4b17-ad4a-8f919f06233f,d23755ac-d315-4dfd-ae80-4fa042f7d833,analytics_cookies,2026-03-11T19:32:03,,v1
ace3b986-e2f2-40b8-9868-a020f1ffae54,0a34659d-f0b2-4bdb-bf92-759aea838e90,data_processing,2024-03-02T22:14:31,,v3
4a942b6c-4794-4ac5-a388-00ade34d08bd,1435b563-f156-4cd8-9f3d-6224260e26a4,marketing_email,2025-07-09T07:12:35,,v2
33ca5142-e305-45d1-802b-28a602129d28,be999c23-fb5b-4060-b4aa-bd50fe8ab5f6,analytics_cookies,2025-03-20T16:16:16,,v2
0fa3c668-e423-4be5-a539-2a3a27dc525e,7160f724-2528-4ac3-ba79-b6e99e6b8a01,marketing_email,2026-03-01T21:36:55,,v2
2fe7a505-112e-4973-bb17-03e35d820397,a57c96be-0b7a-41c6-bd9a-9330e20c497a,analytics_cookies,2026-03-15T16:26:56,,v1
dace068a-51bf-4dfd-92db-a6808b914895,43317971-4c76-44db-9b97-011579286ea5,analytics_cookies,2024-07-30T04:19:42,2024-12-24T04:19:42,v1
11c564d9-05d1-404f-b9c9-f0508b8ba703,a1be3ec3-e6d6-43ba-8011-02ffe7491e78,sms,2026-03-07T07:30:14,,v1
70ba3521-519d-409e-83dd-9fd6b2d29daf,19fee9df-73a9-41e9-9777-18d2a79ab8b4,analytics_cookies,2024-07-08T20:45:44,,v3
fb565ddd-ea37-4be8-8e72-fcf488d882f7,8699b9d8-d299-411d-82bc-9ee94abdf576,marketing_email,2026-01-16T17:51:38,,v2
687c23ad-08db-474f-9d22-9a23b385ef6f,3bcd90d3-7d42-4c9f-ad46-04d8af612206,marketing_email,2025-04-01T01:30:26,,v3
a05e5e58-8e30-43cc-b9b8-d6ba8f75e431,6d91807a-84e4-47c1-8e47-925d52e0dd48,analytics_cookies,2025-01-07T23:33:20,,v1
d32a881f-c621-4bff-a52e-82d306c1f3f0,3bfe5d2b-8ab3-473f-b56c-cdd86fff8877,data_processing,2024-03-05T18:12:24,,v2
358823d1-b2ac-4887-9af9-b4bd5652d580,6ffc9798-2bb6-43ca-823b-e9dda0935299,marketing_email,2026-04-23T20:59:43,,v1
61d26526-35d7-4b17-b58e-4ff9e2a971d7,0f8ab48c-b1fa-4600-9712-1bc2a02d8f45,marketing_email,2025-01-06T12:00:47,,v3
de9d24de-a7a1-41a2-9c64-0ed766897989,9455079c-4344-4995-939d-8184d7eb02e7,analytics_cookies,2024-11-27T20:29:33,2025-03-23T20:29:33,v3
3e5fa64e-5060-4fe3-a5af-d8b462dbc351,3ad60b3b-8b4b-4504-9d49-adfd74fe548c,marketing_email,2025-09-16T12:29:28,,v1
59238950-99bf-4b4c-8c32-fdd30febffa9,8020c8de-2e83-4aae-8bd6-638db33f0978,sms,2026-05-18T18:40:35,,v2
da8d9ab6-937d-4363-a0d9-7b259461730d,aac35f19-8d02-4c6c-b979-74da55c9ddb1,data_processing,2024-10-12T04:30:23,,v3
5acf9af4-ff1a-401f-b1c8-8f331b0567d5,1826e2e6-ccef-4719-8707-4c18ec953356,sms,2025-07-03T16:24:32,,v3
80194a1c-feff-49d6-869f-29cf05241e5f,670a79a3-05fc-4a33-8b9d-1b6df80347f4,data_processing,2024-11-23T11:18:01,,v1
83390a57-8412-46d4-98c5-81ae3ee207d0,4d97e8a1-7720-4190-b326-dccfa2ec4426,analytics_cookies,2025-08-16T21:38:12,,v1
e32a7ecd-ff2d-4cf3-8ad9-a7cdba2a1310,28a5a7b8-b34b-47a6-91f7-8e384d6b6f59,analytics_cookies,2025-04-01T17:13:46,,v2
dfd6752c-6cb5-4eb9-9a25-de4595ac90fe,ea224baf-b892-4ba2-b9f3-d14cc512820c,analytics_cookies,2026-01-07T07:13:07,,v2
09172763-a541-4c5c-8187-50e448020efa,2251b079-d6df-4d71-bd74-d2a00e841a9d,data_processing,2024-06-21T18:57:02,,v3
da2fa14d-16c5-4cf5-8a62-f96fcf4c0ab6,c11308cb-8153-4e7b-9149-9b6b5c0aa137,data_processing,2026-03-25T20:06:29,,v2
92f181ca-9a06-4476-99d7-55b6d5ddf63b,5daa5d95-314b-4f5e-8926-8d61c9d4daa1,analytics_cookies,2025-04-14T03:58:38,2025-10-02T03:58:38,v3
8cf3d6f1-a69d-431c-b823-5610b14b4944,1b25718d-795f-4b30-a424-50167ae8c0ad,marketing_email,2024-06-08T21:28:02,,v2
0d377d7f-9c57-4a47-963d-3be386cd4ea3,c8544096-3228-4db0-b3de-4f0da1974b40,analytics_cookies,2026-05-28T00:41:25,,v3
c746a5bc-609a-405f-a14d-e079364b5826,5e3636fd-a0a7-44c0-96e8-3d906cdbb119,marketing_email,2026-02-19T08:47:47,,v2
eef5abaf-e5d2-400e-acfd-2de9c3f5014e,631f0e93-e48f-414d-b220-0c466b7fc584,sms,2025-02-05T20:56:06,,v2
244af2a2-e8d3-4edc-8289-049a75ed190b,8252af4b-fdbe-4139-b9a2-de4ceb670886,marketing_email,2024-12-18T04:02:00,,v1
100a95be-11b1-45e1-97d5-ced65ef77738,caa8f40a-63c6-4789-87ad-05b99d694a15,marketing_email,2026-04-19T00:20:28,,v3
5c75f715-44e2-4857-913f-453e54d12e8a,bd463573-d217-4411-9ac0-8b72bd7609cd,marketing_email,2024-05-12T21:06:07,,v1
22e024c7-5905-4c90-a53e-47aac2c5c61e,341da637-6927-4a64-8183-13ec96005b5f,analytics_cookies,2025-11-29T18:03:29,2025-12-30T18:03:29,v3
f3f6dd50-a0b3-467e-bc3c-26152726339c,26ce484a-a527-4fe1-903f-2809a03fd21a,sms,2024-07-26T18:26:35,,v3
bf74f690-5164-4ff6-a610-38dd58191eca,dcddb844-390f-4861-a4ee-0a32b75bb218,data_processing,2024-04-17T11:06:11,2024-10-01T11:06:11,v2
dad6a00c-9901-4d3a-8d56-2580a0d130e0,d6914b8f-0d72-4044-a61b-055adb02f005,sms,2026-06-22T15:23:16,,v1
b6e46b7b-da6a-4620-be0d-737b2cb437c2,f962820d-d110-4903-9fbd-86a2ba5a9687,analytics_cookies,2024-11-17T18:32:52,,v2
7cc37539-48d9-4d47-b299-74fdc946ed53,55ae024c-4a5e-49d8-be84-2f493dc83880,data_processing,2024-10-24T19:03:21,,v2
0027bf41-ec6b-49dc-8c81-c64f72d247c0,d7af9974-5b4c-4c70-85c5-1f7ff782da88,data_processing,2025-09-25T03:54:42,,v3
2dcadf34-f53b-4140-b3af-d8fb40b7d418,fd12529b-56bd-40cf-a742-a90ad36add5e,sms,2025-07-24T21:12:02,2025-09-26T21:12:02,v2
742485ee-1133-4eeb-ac40-fc8df2c99172,1922f6f3-ba06-4233-8d88-c1a9303a6a2a,marketing_email,2025-06-01T21:32:55,,v2
05116497-c387-4e02-bd31-2980b162cb56,33ab4667-4cdd-435a-875e-305ea36ebc4d,data_processing,2024-07-17T14:56:03,,v3
a0dda76c-7742-4ed6-b666-6c3d9238b5cb,84ee8f13-e5a2-4988-8f65-daa65801c5d1,analytics_cookies,2026-02-09T12:32:57,,v2
230efb8a-9eff-409f-9e25-e0b78c685367,b0da7a9b-77d7-407d-8506-51705503fa05,analytics_cookies,2026-02-26T17:48:14,,v1
c3b2cc37-7ceb-4544-81a7-7a9db0799f57,2aaf9fc4-0801-4163-8cc8-39558682f704,marketing_email,2024-12-02T19:10:16,,v3
2fe271d6-e222-41f0-a27e-e58a44e127ba,f8486fce-bc07-4a4f-a6e9-ed6a06ba996c,sms,2025-06-13T18:52:40,2025-10-03T18:52:40,v3
12d3b3a9-de2b-412c-a80d-68b34da270b8,d0c20886-5575-4356-8218-337197faa2fb,data_processing,2026-04-16T08:03:57,,v2
89e19361-7742-47a9-80eb-543192c4b656,1b221ed8-52ce-4d81-a181-c5317da12a7c,marketing_email,2024-11-29T10:51:16,,v2
62fe93e0-2aa0-45dc-abc5-bf4ede331515,34ec60c6-4248-4ad1-8dd9-759b309578a4,sms,2026-05-09T22:17:26,,v1
e0da80a7-6af7-4b9b-a946-afbb5e13aec0,4423c47b-1f8b-4df4-bfe9-531cd8e6441b,analytics_cookies,2025-05-27T07:23:50,,v1
07796ae9-9ba0-4398-b5dc-208c63e1653b,2347081e-7ae5-4085-a0d6-d1f551721f69,analytics_cookies,2024-12-27T23:50:22,,v2
85282d1b-897b-42cf-94b4-d40260279aa0,5ed25035-4723-4154-823d-a8c8b4c02e51,analytics_cookies,2026-01-17T18:13:39,,v3
adde2477-2e55-4a19-935d-981cd8608d3b,e0cbd2e1-eee7-409c-9cf1-707eb4f867ce,analytics_cookies,2026-05-30T00:47:30,,v1
15c4e5ed-d90d-4111-b3bf-34000cb0227e,94a6d963-227a-4d07-92a6-0bb60ebd66e6,data_processing,2024-03-13T15:02:58,,v1
f8486511-d79d-4ba2-8ca8-00d0a7a18b41,a4c57aeb-c65a-4a1c-954e-acc7a7ba7c74,sms,2026-03-01T13:51:02,,v1
0d5fbf2d-dc36-45e8-a238-cbae51122be3,4671e25f-30dd-4e69-bd9f-8b7f48135732,sms,2024-04-19T14:29:11,,v3
9ecce858-102f-4470-9dc9-d31f40c3b53a,b66b0e13-b74e-40e7-b3e7-1583f2f08a9b,data_processing,2026-07-25T08:57:23,,v3
e4a0f0f7-a11a-49da-9c47-6fcd279aa362,ce8210c0-c537-4fd0-80ef-c3e8063b748a,data_processing,2024-03-06T08:23:35,,v2
96f7ee5e-96ce-447c-af99-701494f264a3,58ebbf6d-7eee-4180-aa0d-151621abffcf,data_processing,2026-02-07T19:39:13,,v2
4650dfe4-c5ca-4df0-a7fe-ea342e2d7850,1922f6f3-ba06-4233-8d88-c1a9303a6a2a,data_processing,2025-05-17T19:16:23,,v3
153fc164-3666-4cdb-b095-65fec51ee8ac,be6fcaa5-9911-4bb6-b97c-47eb53c88b32,analytics_cookies,2024-06-02T11:30:16,,v3
2a258183-e425-4e19-b3c1-cc07d2c44cbf,d31efffd-fdc4-4168-ac26-83b67a6c5c47,marketing_email,2025-10-13T07:08:17,,v2
b3fa6e1e-de2d-4422-8d9c-ab1c77ae5e7f,05d8d4ba-5569-4f0e-985d-5f63fbfee659,marketing_email,2024-10-16T12:09:29,,v2
9d4dd1a0-b141-4564-8b78-a8cb656293c9,33f27548-d085-481a-aa4f-a851fbebe0cd,analytics_cookies,2024-08-25T06:24:21,2025-02-06T06:24:21,v1
e422dfe0-fcfd-4464-b0db-6381aa4146f2,e6173937-b216-46db-b863-ec7526285150,marketing_email,2024-11-28T01:46:31,2025-04-16T01:46:31,v2
d2e31001-60b0-4028-96f4-592f11fe3ff2,c6fb82d9-b6e6-445a-a3d3-0158405a9d16,data_processing,2026-07-09T19:38:00,,v3
6fed8df0-7110-48e9-9f1f-7bf32688ba5c,3cec8c73-424f-46c6-a5a7-cb5cd5141538,data_processing,2024-06-04T19:30:36,,v1
b9058dfd-1153-40d6-9422-e521c1428372,f4c4994a-5a77-4a2f-902b-4f69c22ccee3,analytics_cookies,2026-01-20T23:34:18,,v2
16b70d10-84c8-4f2d-9680-ecf03661da24,d3adc9f1-fd4e-45ad-9d75-0919a6617f7a,data_processing,2026-01-14T04:14:01,,v1
243cf3d9-3380-4de4-bda5-d74eb20705d4,a296a891-b126-44e1-a271-9228cc28b3bc,marketing_email,2025-08-23T09:51:43,,v1
c0e4fad4-0b7b-4c94-8783-5fb56ddb35fb,f78c30cb-fcda-4209-9aea-0ae7ce4f7b81,marketing_email,2024-04-11T16:33:12,,v3
d180fb62-786e-4924-84f1-a9387a8bbcbd,e7f5d853-30ed-4302-9303-e11752f57b2f,data_processing,2025-03-06T13:37:32,,v3
e115fc53-5a14-42d3-833b-2ed53bd4b048,4c710db6-7317-4d70-8dcb-6af9a4068e8d,marketing_email,2025-06-17T18:57:26,,v1
5ce46852-e80e-4731-b171-0a5c07fb38d5,7b971d80-7566-4bfa-93b7-b87270c4b732,marketing_email,2026-04-06T14:52:48,,v1
6f2254e2-a89f-4116-9ab5-3ef519cb38a2,a792d50a-1570-450f-901a-c26bc3b4a9dd,analytics_cookies,2026-08-10T17:04:56,,v3
16972313-a1d4-4240-8fda-45ce33300043,848c50eb-5e2a-4b53-b6b9-751bfad107b7,data_processing,2026-06-09T12:33:24,,v2
335a608d-3a37-46d7-99a8-ce34109c2432,b998f134-9c6e-4e5b-9a37-d0d9dbc72f85,marketing_email,2024-04-15T23:43:49,,v3
3e1614cc-c980-4ba8-bbc9-b509d8f33664,0e7b96a0-3300-42a0-b46a-0376d91610eb,analytics_cookies,2024-11-19T18:15:36,,v3
84f9bafe-1d82-44b8-9dfd-b5d03b56db65,71972ade-a5de-461b-aac8-49774ccb1a4a,analytics_cookies,2026-05-04T20:34:23,,v3
3b4ec68f-c4ae-4f82-aa67-da8db4a5c411,d63f06df-5e5d-4adc-b0a5-43b4bac6bf5c,sms,2024-12-06T01:09:35,,v3
d0468867-484b-4060-8f16-61f735b17a07,54c7fff7-8475-4ccd-a380-7e8187501723,analytics_cookies,2026-03-17T13:52:47,,v1
eb9f3d06-5153-4ed9-a6ae-dd870616c381,2aee3fe5-2eb0-4391-bb79-d4d4ffdd9931,sms,2024-11-23T07:35:06,,v2
2fc76782-c6f8-4b6d-afac-6e00fe8d2f90,ec4bebdf-042b-4c0a-9846-f86a1a9685e9,analytics_cookies,2024-07-26T09:02:00,,v2
543bc5fc-3338-470c-9192-d65b20066131,99b2e147-d4f4-4a75-8f55-17304a277ed2,data_processing,2025-02-21T12:00:02,,v1
38d07124-04b4-46d0-8ea3-05fe7c3c63f0,e0df02ff-f788-4191-9881-df0d6c775206,sms,2026-06-23T11:47:23,,v3
85f92ce9-a703-4811-b134-5c3506db8aa5,7c45f68c-bbba-4b82-9457-03de08fe8287,analytics_cookies,2025-04-06T14:35:43,,v1
19cd5db3-8b64-4012-9371-0198edc444b5,103fcba9-e7d7-4b76-b162-0fc8a31cfa6b,analytics_cookies,2025-08-25T20:35:24,,v1
1186286a-4b64-4edd-96d6-9bbb9f2b5fea,5bc5dd9e-3670-4c84-be25-41eace68a711,sms,2026-03-28T06:16:18,,v2
a38c9b62-2488-428f-861b-0ddea729c7e7,eccb6e23-700f-4b9e-803e-9c681f12dd9e,analytics_cookies,2024-05-14T16:28:33,2024-07-07T16:28:33,v3
77f32d1d-0dd3-478b-9551-5252d4753011,953ad96a-103b-4460-a3b5-14b78403eb5d,data_processing,2025-06-03T20:16:19,,v3
d8760dbd-08a6-419b-b911-320ae55edecb,3cec8c73-424f-46c6-a5a7-cb5cd5141538,analytics_cookies,2026-06-08T07:39:01,,v2
ac4e0081-5226-4b9a-8567-6a71a7263cfb,a768163c-0781-430b-8703-ce1ce473c762,data_processing,2026-05-13T08:08:56,,v2
3f8db65f-4ae2-485b-b001-d23cc62ac5c5,5bbca380-854e-47a4-ae5c-fd631650a115,data_processing,2024-05-17T01:22:55,,v3
1ae3e103-3144-4e8d-9f17-356dda5f4ffc,cbda2de6-06db-4a9f-91af-cc36e8ba0bad,sms,2024-02-28T20:49:31,2024-05-24T20:49:31,v2
43e63d11-b137-41dc-806b-04f2a701b4c3,249c5605-e2c1-49de-825b-aeef4ba19a9e,analytics_cookies,2025-06-06T18:38:45,,v2
ba69f30d-3374-4b8f-8b65-2e4fb85e7f60,e8e92a9f-bec3-4873-951c-b05d0fe37715,analytics_cookies,2025-08-22T22:16:11,,v1
4f3fea74-63dc-415b-b8e2-99551b8c26c4,153f6ea8-c8e7-4bfb-8273-72ac137733ea,marketing_email,2025-11-24T11:27:27,,v1
8ab071c1-0490-4f29-a5db-fc39f48ecd00,1b25718d-795f-4b30-a424-50167ae8c0ad,data_processing,2024-03-19T18:10:26,,v3
d3ecebd2-f881-49e9-8301-987b71059b1d,2f162c0f-4d00-4d10-88ca-6dd2b94f24f5,sms,2024-07-26T12:45:01,,v2
0cc61e59-c3de-4f5f-8c46-f773999247a1,4c710db6-7317-4d70-8dcb-6af9a4068e8d,analytics_cookies,2025-11-12T04:02:53,,v2
1addf407-0377-4fb1-a5be-2f6f872b3d76,33a6f9f2-9265-47a5-ab40-37c29c87ed07,analytics_cookies,2024-07-21T06:01:02,,v2
0121110d-ed9e-4c71-a03c-29bd6ee2edec,51e5a1ad-d8d2-4387-82fe-860a54c87f4b,marketing_email,2024-03-13T04:01:39,2024-05-04T04:01:39,v3
7bc0eec5-c185-4fac-b116-b868d8716b62,80968676-93cd-4bf5-a9f9-595055ff800a,analytics_cookies,2024-08-24T16:00:30,,v3
1a1631fe-7f56-448f-9859-81fd35cf81ad,2dbed2c3-1c68-4b90-a343-39b51de57b45,sms,2024-10-22T17:12:11,,v3
366a366c-4209-471e-896c-59058321a23d,b3f95dcd-caf0-4d0c-8890-a7b8e231c6b7,data_processing,2024-06-10T07:56:37,,v2
a00b10b1-0095-4118-95c1-fa68f88a337d,5e3636fd-a0a7-44c0-96e8-3d906cdbb119,sms,2024-11-14T00:43:44,,v2
fee64d34-e978-45a1-86bb-8ab83deed62b,7755a749-3460-4f0c-a33c-428dccd20885,data_processing,2024-06-01T18:33:10,,v3
a27aa974-ed0c-41f8-84e9-614c4602e0f5,fa5ae382-e7ab-4d94-bdfc-7d689bc335ab,data_processing,2024-05-31T20:40:05,,v1
a1e0056e-a4f3-46e3-a74e-93aa364ff7ed,102e02b0-7f44-4058-881f-7896edc964b2,marketing_email,2025-12-22T10:20:11,,v3
8c318acb-4106-491d-a7ee-cf61eceff809,c37c5233-7b26-4427-8ed9-ce36cc9ceb00,analytics_cookies,2026-05-04T05:50:12,,v2
e113da1e-287a-4091-80c9-c4c9b39e3135,31d39d83-97c5-4a86-8d98-c9ea5e4d6505,sms,2026-07-29T23:06:34,,v1
f2cb51b1-2de7-4970-8e0f-084a62cc7366,1acd402c-8758-4f7a-9a24-57636d44ede6,marketing_email,2024-12-08T12:38:38,,v3
ec0f1a71-4ee8-4ab5-bbbe-fea9f5cc444c,5b070f80-9227-43fd-951b-4c758d20070e,marketing_email,2024-10-03T07:11:58,,v2
c13f131b-aef5-40b2-ba85-f08ab86dad9a,2f162c0f-4d00-4d10-88ca-6dd2b94f24f5,data_processing,2024-03-30T11:52:42,,v2
f65d8d54-4b88-4b81-9977-94a97c6c2d0d,848bb1e9-3367-4758-8f73-e886fadfadab,marketing_email,2024-04-12T19:12:03,,v3
81d8a2da-6bb7-4257-804b-6ff5698e7956,d4d6e685-70a2-49ea-b511-383a54d18cfa,marketing_email,2024-09-13T13:08:13,,v1
fe008bec-f459-4e82-bc78-92c1ca2bba6b,f7989645-3a12-42f6-a926-2a7388aeb297,analytics_cookies,2024-11-12T06:53:35,2025-02-15T06:53:35,v1
e9659c60-b23f-4fd0-b322-58ac736b3002,167ce993-af12-4071-a5cb-fb3f09045741,marketing_email,2024-09-11T14:30:54,,v3
b891d0b3-517f-4e79-b9db-eddc4f4d5539,cbd53684-acf0-447d-b61b-35f8bcde6edf,marketing_email,2025-04-04T15:23:32,,v1
c32f3f59-5acf-414d-9477-53854dc558ce,a5f46489-06cf-45af-9efd-dbd27067716c,data_processing,2025-11-22T00:42:25,,v1
a48ac8fe-1032-4b1a-831c-e14c0aa7f00f,a3867ed0-9303-4ce2-b40d-a9711a5efef0,marketing_email,2024-12-30T23:47:06,,v1
5a3164fd-48a8-4d9e-9f7a-ae55a0db3dd7,2aee3fe5-2eb0-4391-bb79-d4d4ffdd9931,marketing_email,2025-06-26T14:36:54,,v2
3bfb787e-2553-42b5-885c-a5bb5dcf6343,15b9a6ba-816d-4956-936f-2894eff8b72d,marketing_email,2025-03-04T06:44:28,,v1
0e82ea13-d71a-4c38-b56d-7b3bd03a3f60,d6de888a-0aee-4f77-a7d4-daba8f0da415,sms,2026-05-11T03:09:34,,v1
a0358bac-bbe2-46e9-b79a-097814d2bedc,66983396-cb40-4613-8d6d-306b8f9ca5c4,analytics_cookies,2026-04-17T00:54:32,,v2
eb3cd21c-63c9-483d-96d7-e079ad740af7,a3f993fd-aeaa-43c7-9e5c-9ad7b7c0f8d9,marketing_email,2025-10-08T07:15:37,,v3
c3511840-7ae0-40b4-a27d-566bc634de7b,46d24c86-1a31-430e-b1c4-1f4d8632c5ee,sms,2026-05-03T01:24:15,,v2
bbf5e278-29f7-4db4-a420-48a923037244,0872893c-bf01-4853-b91f-a1cc0263fedf,marketing_email,2024-06-09T19:16:58,,v2
786eb6ae-2141-41bd-b176-aecbe9a29647,254a6b6d-5dcb-4d20-88ce-e2e448935a93,data_processing,2024-05-26T06:52:29,,v1
8215734d-bbaa-451a-a3ab-8cb779460b27,15aeedcc-eed4-453e-850c-7f876e54c4ab,marketing_email,2026-06-09T22:27:46,,v3
af44eb75-9e89-4996-a6c7-1e9b2dac0721,40da201b-b0f6-453a-97ca-b9d61306ad15,sms,2025-02-02T16:25:28,,v3
111c2d1b-c6f7-46ba-be04-0b6d577a424c,ffd40778-a37e-453c-81d1-9a769cac4692,marketing_email,2025-09-07T21:00:46,,v1
e7347119-0b6f-45f2-af70-f7d913966ff6,2dbed2c3-1c68-4b90-a343-39b51de57b45,analytics_cookies,2025-02-07T21:25:04,,v2
b713e7a9-b2af-4ada-9a44-af0cdb5a62c4,1fcec697-8153-4717-a361-5a4257e0c9b7,sms,2025-04-11T19:13:12,,v3
d2068d0c-d1e0-4aee-a544-51b8dc724f63,8e5c2f29-44ce-4f60-b818-8b728f60b79b,sms,2025-05-03T05:52:21,,v1
37ded8c6-6286-4a5e-8be0-b430ba367c90,797a1a0b-31a6-4422-af8a-98fd4e5e1114,analytics_cookies,2026-01-04T22:37:12,2026-03-11T22:37:12,v1
caeea09a-6bac-492d-b2dc-96cc72cee45e,102e02b0-7f44-4058-881f-7896edc964b2,sms,2026-02-09T15:08:12,,v1
99aef391-e54e-4097-be72-98003864a1a6,8cef9627-37e9-4bad-a5d7-69f87f291c90,analytics_cookies,2024-07-07T07:02:21,2024-12-10T07:02:21,v3
b01ccfd2-7e2b-4895-a23c-b44dcaab2ff3,f772193d-0b52-429c-ac06-5e9986fefa68,analytics_cookies,2025-09-03T08:35:17,,v3
bc3f9927-56d5-4d52-9478-aead3f7ab510,ce69d742-4723-467f-9e5d-262fff84a6a6,data_processing,2025-07-12T20:45:20,,v1
3ae3480e-edd7-4434-99a2-dd7ec80a2285,902c8ddc-8ba2-42a6-b380-4afc64f50ffc,analytics_cookies,2026-06-30T19:47:12,,v2
e3f4a53d-d26b-4514-8c7b-9c0eb35b8f55,03710ca1-feb1-4206-bd26-3bb8e6a1dac2,analytics_cookies,2025-02-19T06:46:48,,v1
8bd48501-f2b6-4115-85f8-107cf5fbf24b,fa5ae382-e7ab-4d94-bdfc-7d689bc335ab,analytics_cookies,2025-11-24T06:27:46,,v3
cb1d9bf9-4877-48d9-8cc6-caa7f01e1083,eccb6e23-700f-4b9e-803e-9c681f12dd9e,marketing_email,2024-12-05T16:14:47,,v1
247f471f-8485-4b3a-bab8-044598899239,6ffc9798-2bb6-43ca-823b-e9dda0935299,analytics_cookies,2025-04-21T07:06:48,,v3
a577cda1-0ca7-4cca-a3c5-2abd595e8a71,bb35efe0-ac42-4801-bc72-7bea481716da,sms,2024-09-18T18:28:52,,v1
ed30b0f4-c829-463b-a92a-5f0ef75b8b24,3cc240f8-bb78-4677-a387-18bb7667c3ea,analytics_cookies,2025-07-07T12:28:12,,v3
605815b0-7e81-41e2-be31-598317ef1923,625c6012-3c16-4c27-ab0c-a8512e488ad7,data_processing,2024-03-16T00:06:30,,v3
83e4ed56-9c00-4488-a0e1-98b288021fb0,ec4bebdf-042b-4c0a-9846-f86a1a9685e9,sms,2024-11-24T18:14:14,,v3
1da50015-0140-4d0f-a24e-5f3aa7c1ea11,b0382b3d-f5c4-4ecd-9e82-9ec911feb36a,analytics_cookies,2025-07-25T11:50:44,,v1
71d87dff-ca31-4793-9177-2179595a5871,07571aa5-5581-4cf0-9a68-006051f37c8c,sms,2024-07-08T10:16:08,,v2
2ab077c3-085c-455e-8da4-288daa416a7e,e8da2040-0489-4880-a881-ef127727f204,data_processing,2025-06-03T18:42:23,,v2
9194e0e5-8d84-49a5-bf71-ed340848075d,aa006c1b-6b97-4f02-99a9-57923d13eb8f,sms,2025-09-12T17:52:24,,v3
c78f3bb9-5260-4b73-9739-bf6b9206ce52,2dcc7662-f1ce-442c-b998-bbe351d5e186,data_processing,2024-11-15T07:45:09,,v3
48098766-5835-459a-9dbb-bb2c1bfab92c,ce69d742-4723-467f-9e5d-262fff84a6a6,marketing_email,2026-07-27T10:26:44,,v3
2022f43f-6584-4e51-bf13-850d35329f3d,e7297926-0c3c-47f0-a303-8e1ddfc0eb77,data_processing,2024-11-11T12:01:19,,v2
e36fb691-86e8-4472-8f4d-4564c5e5857c,65dbcba7-fbb7-4837-ace0-5cd3cc5dd4a4,sms,2024-12-07T08:47:05,,v2
28bb0799-0520-4256-abfe-9f38716baa1c,aef5051b-ee62-4974-994d-fbb200c5f89c,marketing_email,2024-08-06T03:13:40,,v1
0aa51dcc-a696-4829-bf40-d953f223b688,3f78077b-93c7-4c4e-8976-f16cb11cfcfc,marketing_email,2024-04-24T02:35:41,,v1
7bfe2a22-963c-47be-8bb3-4cac6bd590bc,aeea9d66-6c0a-4d7b-95ee-d3d25c66a5ac,analytics_cookies,2024-05-06T15:51:00,2024-06-20T15:51:00,v2
8ed1d67e-8478-4d21-b531-d14f06fc1be1,861181e6-5d97-48a8-bbe4-226caa976140,sms,2025-05-29T14:17:04,2025-06-15T14:17:04,v3
51cf91c7-b006-49e8-8ec5-9b1ec82bb052,e9647282-4e31-40a7-a07e-5d10cd7e447a,marketing_email,2024-08-17T14:16:59,,v2
fc2add27-172d-4c3d-818b-68ebf35bf019,71f1cea1-588b-47f5-93c3-4e649541a9e4,sms,2024-11-11T07:44:12,2025-03-04T07:44:12,v2
33e0b20a-91fa-42aa-a3dd-1d04b1ad9935,866ec748-2021-45f8-9170-6c393fca1e65,data_processing,2024-11-29T13:54:55,,v2
f654d4e2-a63c-4f8d-8c5c-00534b234a3f,c64e9b29-2c3f-4a02-bf80-175c5a980c92,marketing_email,2024-08-18T02:30:26,,v2
768a7d00-97e9-4e1b-bad1-d8b1da8314fb,e2141773-bfb8-4698-a4da-2be4540c14a5,data_processing,2025-11-25T14:44:48,,v3
0b1656af-7bce-4385-bb1a-8267ede4b651,3d0fd916-f8d9-4f59-9d2f-75d16ed75c58,data_processing,2024-07-11T00:48:27,,v1
4d83fd0a-b031-4845-b3c3-7245e9eaf3cf,e58c63e7-69a9-49cb-947e-5841010ca567,data_processing,2024-03-18T22:29:58,,v2
80996602-3297-49ed-8d55-50ae5c4cfb20,f7989645-3a12-42f6-a926-2a7388aeb297,data_processing,2025-05-21T20:00:19,,v2
1b38cf43-60df-4d35-addc-798a6b2d7fb2,922d63c5-873c-4693-9775-df99ba006ccd,analytics_cookies,2024-12-15T13:38:00,2025-05-24T13:38:00,v2
a66ceea3-a3c8-4c0d-8add-2f7d78b45c8e,7eaca096-c253-48ee-936a-8ea930759d59,data_processing,2026-06-30T01:00:06,,v1
880659b9-9035-49be-900c-8782722cc509,07ef23e6-1d65-4721-a3ce-889f1c58f021,data_processing,2026-05-17T17:47:02,,v3
0ae90065-6f22-40ea-9530-b4e5d6738fbd,8834bd0d-66fc-44cf-83bc-c787f024b078,analytics_cookies,2024-03-07T00:28:33,,v2
08f64896-3921-4245-899d-decc15115ac6,d6de888a-0aee-4f77-a7d4-daba8f0da415,data_processing,2025-12-11T19:23:35,,v1
da3be44c-1f9b-47a0-bd6c-3f8775485f5f,45ed3c5a-3c94-463b-91d2-73d3333fe5fc,analytics_cookies,2025-08-27T01:25:54,,v1
1374ec6c-6945-4973-9d7a-11197fde66e7,0488eb84-da07-441d-ba11-055850946457,sms,2025-02-26T03:18:50,,v1
966e1e08-a886-40cc-91a8-a5956f559941,90249383-3427-4005-a185-d20f5542dae5,analytics_cookies,2025-10-15T06:01:17,,v3
3e539240-988d-455e-a433-82232dcf65bd,84ee8f13-e5a2-4988-8f65-daa65801c5d1,sms,2026-01-17T14:20:45,,v2
d90d5d10-8b1d-458c-b0c7-e58cec71db23,ed79e1d1-f247-47da-b20f-17c6184db706,marketing_email,2024-05-15T02:52:46,,v3
0ebe260f-f9a1-4873-95f5-718b62ed81a0,8252af4b-fdbe-4139-b9a2-de4ceb670886,analytics_cookies,2024-09-04T10:25:12,,v1
cc78ef1f-269c-4259-a787-5e8e3d36b697,899ea741-e615-4f9e-ad30-286f6f306f00,sms,2025-05-11T11:27:57,,v1
31b44394-baf2-497f-a524-9c8b22152347,51d5c171-5764-4f95-8919-dd46d204df4b,analytics_cookies,2025-07-30T02:23:57,,v2
c3c1154f-bb7c-4ca6-a77b-36bfe7c47922,4675a031-3216-463d-8c4d-42ea1283bd56,marketing_email,2025-05-02T04:42:41,2025-09-08T04:42:41,v2
600aae12-59c8-4cc9-af8c-64d495b471ab,367f1e9a-938e-4d15-8ec1-50ce91fef6ce,analytics_cookies,2024-06-09T09:17:01,,v1
303ca66c-0b21-43bf-8100-139e76f8212e,3d0d96e7-a6da-4e11-a509-76b813d466f5,sms,2025-12-23T03:01:16,,v3
1e458a6c-0a1c-483e-8206-fcd71470f6f6,a2ae6f2d-02bc-447f-9852-0d197780e7d4,data_processing,2024-08-08T11:24:47,,v3
c1097398-1851-4188-9e34-7a36d9087bad,53ed5bac-fa7d-4b1d-a73c-6c2b9845c1d1,data_processing,2024-03-04T09:14:31,,v3
387eeaec-8929-43dc-b19a-f692636d3cd8,21e6a119-3caa-43ab-9905-08bda65f8493,sms,2024-06-12T00:35:28,,v1
3f9785f5-629e-4006-9a4d-5ba330754ff3,c108b321-1696-4fbd-8457-87fd61ca65d8,sms,2026-07-18T14:16:29,,v1
7b95f73c-d669-422a-a94b-2d06051cb9cf,d9464bcd-0a19-4058-8fc1-bea843e6c339,sms,2026-08-04T07:16:59,,v3
79694290-92b3-4b68-b27d-d38673831e34,f11283f0-4183-4d8d-a117-4b2a2c070ec2,data_processing,2026-02-27T14:15:17,,v3
a0770a52-ac0c-4321-8383-84384ec6ad24,eb16c915-257c-4e0d-8f75-ef88a49065b6,data_processing,2024-12-14T18:52:31,,v3
8cdb9bd2-94c9-45c9-a934-6dc54db5680c,3d0fd916-f8d9-4f59-9d2f-75d16ed75c58,analytics_cookies,2025-03-01T00:12:25,,v2
404d5cb2-e0a6-432a-9883-02e2d2034181,5a95b7ee-17bf-44cc-9775-835c337d4cb4,data_processing,2024-10-20T19:46:51,2025-05-02T19:46:51,v2
d27828c2-217c-4599-b9df-67d4eb3409ba,8699b9d8-d299-411d-82bc-9ee94abdf576,analytics_cookies,2024-03-21T03:51:12,,v3
b6aacd94-b6fc-43aa-b6f7-c381d8f4f237,1435b563-f156-4cd8-9f3d-6224260e26a4,sms,2026-03-10T07:18:24,,v3
7c05fec6-a28f-4ac9-bfd2-a9d4b57603f6,01a03f19-633a-4474-990e-57e75b98e60b,data_processing,2025-12-18T16:06:16,,v2
560e0098-9fe0-4afa-8eab-dd6ca41b4780,7767d63a-0293-4866-ae0a-724670463aa1,data_processing,2024-05-25T07:10:07,,v1
90e5ba57-06b7-4d1f-94f3-6a9f9416af31,64e25b29-1b93-4db3-a929-7fb7183288be,data_processing,2025-05-04T08:58:04,2025-11-06T08:58:04,v3
aec09a90-c62f-40c8-963d-b35a0f55fc1a,73d9c423-e9d4-428f-bfaa-b073b2c1f454,marketing_email,2025-06-04T02:22:40,2025-10-27T02:22:40,v3
734c7315-8bd0-4ed6-ba87-3b1d8091c757,d6cf7caa-9dd8-48c6-b4ee-5a02f62bb280,data_processing,2025-03-26T16:14:23,,v2
51ecf89d-729a-488d-b4f4-46078eb6f143,77b903b9-c97e-44ae-8274-9dea7b101277,sms,2024-09-03T01:25:15,,v3
4f2c7c91-a1a4-4fc1-870f-02888a72307c,0d0eb3cb-f3ad-4673-8ef1-3b4600242421,sms,2026-03-21T02:34:39,,v1
e6b22fdc-2f48-4d47-a425-66f6e23c30bb,c052cca8-a71b-4e49-b713-c012bcfce146,data_processing,2025-10-07T00:40:21,,v3
7737d2c3-530b-4cb0-bdce-b26bb3c76179,e215d555-cc18-4890-8969-89abf72d28ae,analytics_cookies,2026-07-21T14:25:46,,v2
f6c97185-a30c-403c-a225-64b8f5d5a569,a48b7707-e594-444f-854e-67d65eb9105d,marketing_email,2024-10-19T02:55:35,,v3
bf3beb0a-7827-4423-a584-96dc45d14539,66975479-1eec-445e-a34d-78b59cc44f64,analytics_cookies,2026-06-01T05:05:06,,v2
8dc7026a-374a-4d5c-b42b-5b99091f6920,f6722fed-e7e1-443f-84e8-a753dc7dcd63,marketing_email,2025-08-15T18:57:38,,v3
e622ef7b-75a6-470c-ad9d-022cf3ff8e70,af16d888-ff4c-4c16-a2f8-9e2a3a9677c7,sms,2024-12-30T15:47:44,,v3
4ce623b2-5542-429d-bf4c-d5d23955deaf,425be648-8195-4636-880e-d86e4cd8e38f,sms,2025-06-05T10:10:33,,v1
673a23e0-35c7-45e3-a339-ad0c02fc5cb1,c0ec2b5c-22e2-4010-a8f9-94431d5860c7,data_processing,2025-10-15T05:25:46,,v2
23eb20eb-f097-4f07-962f-38957a4684e8,2bdeb3b7-a894-4fcf-8218-e41167bc557e,data_processing,2024-06-12T17:22:36,2024-11-15T17:22:36,v1
9bdf9d51-5ba7-4be8-9774-9aa02ba8c685,3bfe5d2b-8ab3-473f-b56c-cdd86fff8877,analytics_cookies,2024-06-25T21:08:08,,v3
9e934c97-0b1a-4ab3-961c-804e79ba6ab7,0edeaba5-35f3-4e68-98ca-f412d9cd14b5,sms,2024-05-07T10:08:46,,v3
2527c6c7-fb38-4c82-a1ad-2b895a07a00c,cf5dd5d1-b2dc-47d4-9be1-b6c0e5b07a12,marketing_email,2025-01-09T14:09:04,,v3
0cad5e8a-6a07-4e66-8625-f385865b6eae,01a03f19-633a-4474-990e-57e75b98e60b,sms,2026-02-04T08:36:53,2026-07-16T08:36:53,v1
9291e552-5f5e-4f25-8b36-c4ffcbbf3e4a,d7615aca-6de3-4a17-8fd0-212330ca9c28,sms,2025-02-14T13:29:24,,v3
e394ff38-41f5-46b3-8438-6ed2baba119c,4423c47b-1f8b-4df4-bfe9-531cd8e6441b,marketing_email,2024-08-20T16:58:56,,v2
a810e2ad-f209-444f-9cf2-1eba8577d3a1,2a082be2-fc91-4d5a-accd-200e91693b07,data_processing,2025-09-12T13:30:37,,v3
d53c8966-5419-4146-9ee3-8acf15d0df85,83864095-dda9-4a16-ab3a-ba6429fa3dbd,analytics_cookies,2025-04-14T23:57:10,,v1
46906561-2860-4077-8ba1-bc6e4e1ac8a6,89c10b53-36ee-4f1c-8430-7090dbf04a44,marketing_email,2025-06-24T02:32:36,,v3
1e9ce709-25f9-4d42-be51-9a0b7dd30ed9,99b2e147-d4f4-4a75-8f55-17304a277ed2,analytics_cookies,2026-08-14T18:36:35,,v1
af7657cf-9142-42ff-8b5a-dcafc7407a85,5d5ea9b6-fefd-4e25-850a-9c2d365e7e27,data_processing,2024-04-13T12:12:06,,v2
49e04c88-605e-4967-9804-296c7c6c0254,be999c23-fb5b-4060-b4aa-bd50fe8ab5f6,sms,2024-11-11T00:25:25,,v3
0f187e32-e3d1-485a-a546-9c1a93b229a6,2f771a5a-3d76-48e3-985b-b7e91e092c46,marketing_email,2025-02-08T23:59:16,,v2
b294f74a-92bd-4128-b0f3-0e2f942cbd16,2444fa55-4e76-4e0e-8880-6ccb037e3479,sms,2025-05-21T06:43:29,,v1
95380f2c-053f-473c-93a5-f21c42f8d458,c8544096-3228-4db0-b3de-4f0da1974b40,data_processing,2024-09-25T04:36:34,,v1
4dc4b18c-82d5-4934-9804-bfd72b638f1f,63b6d2f8-4e38-4b4c-bf67-6651399b4453,data_processing,2025-03-11T16:40:10,2025-04-30T16:40:10,v1
f08f6340-f78e-4521-a324-e56f33698a9c,dec2b1be-3447-4044-b4e3-17848dfd390e,marketing_email,2026-08-11T00:19:39,,v1
aebe5cb0-9e9c-4b54-b65d-63c89a549886,3ad60b3b-8b4b-4504-9d49-adfd74fe548c,data_processing,2024-03-23T05:38:09,,v1
379c0e1b-2158-4d07-95fd-c605e11a7b94,0db82818-585b-4e3f-9898-2a72727c2e42,sms,2025-12-09T17:10:59,,v3
5b5c98ec-a147-4301-ae8a-68133fb34e1d,6939d1d2-fba3-4888-8c53-6898bb73c26f,analytics_cookies,2025-07-28T05:42:35,,v2
11b3e9ed-eade-4e79-8beb-0479a49c286b,797a1a0b-31a6-4422-af8a-98fd4e5e1114,marketing_email,2024-08-11T07:10:54,,v1
742b5f51-4a59-461e-bbbd-adf38c7b7a53,0327ed4c-b4a3-4746-9221-3bb172a05c50,analytics_cookies,2025-03-25T15:34:23,,v3
cea2afe0-71ff-4e71-9242-6c346e9fccc3,03a59f85-596f-4b87-9ab3-5f1a84f37beb,sms,2025-10-19T05:21:45,,v3
f2aff826-0f84-4e25-be9d-4e1c7ed5c4c4,b8edba64-3db4-4841-8f8d-dc00dce6fb67,sms,2025-04-18T19:07:02,,v3
ef5e35c8-cf9c-4297-b0ab-c0b23c81b5cc,ba2bf5e1-4b63-4bb3-b83a-f10438f84258,sms,2024-11-19T23:54:21,,v2
4dbe15e9-e7e2-4b51-9281-a6062489b98d,86fb0f27-e52e-40a4-8499-5f1610574213,sms,2026-02-11T01:40:53,,v3
8a57726a-9d10-4f71-b849-f5565348afa1,8976b896-e0e8-4696-b268-5587e42efaa0,analytics_cookies,2025-07-06T19:52:21,2025-09-03T19:52:21,v1
ea64c235-3710-4a99-8ffd-25fe04f04b4e,05e61dfb-4365-41c3-8f86-f9b259998765,sms,2026-03-27T09:28:16,,v2
b08436f4-a485-400a-8a4b-6286be3a9bf3,f639b5da-4c4d-46ef-8ffe-75cca075bc23,data_processing,2026-01-25T07:41:42,,v3
183ee9fe-7bcf-423d-96f0-3954cf219038,2e0d6ce4-794d-4494-bd1d-f44dbca8683f,marketing_email,2024-04-09T09:53:43,,v2
cb9b8d22-1661-43f1-aa65-f0dde55eb373,7745384f-ccaa-4363-a18b-5e9ff0a824c0,sms,2024-05-06T06:04:21,,v3
78c7bf39-73f6-49a7-be23-e130f5ba135c,69f9f173-1ee1-4ba2-a1be-005dc5f305fd,marketing_email,2025-02-27T02:58:03,,v1
7116522e-3279-4669-9071-901dc6ac2aad,8020c8de-2e83-4aae-8bd6-638db33f0978,analytics_cookies,2025-10-21T01:57:26,,v2
e95a9950-b372-4ae1-8fa3-d2a3d983349e,e0cbd2e1-eee7-409c-9cf1-707eb4f867ce,sms,2024-05-26T23:32:00,,v1
718dab05-6a9a-46de-9047-dbd302ea2764,748db0ca-899a-4da8-8177-2fa1ec2a9302,data_processing,2025-07-09T22:02:43,,v3
8254c63e-ba8d-48b8-9935-e7ffb67a262b,e8da2040-0489-4880-a881-ef127727f204,analytics_cookies,2025-10-01T21:30:53,,v2
d640dacb-9565-41ae-9d44-5d69c7628214,f3abecde-d032-4605-876c-6373a9a9e65b,sms,2026-03-29T14:43:38,,v2
4b244b74-d784-4820-87c8-3bebe4c1bfa8,4740d6a5-b760-477f-83d9-7d1c3e04f0ba,data_processing,2025-10-02T15:28:53,,v3
ad833a10-d302-4f1b-a1b0-1e1d7dcd1711,07ef23e6-1d65-4721-a3ce-889f1c58f021,marketing_email,2024-05-23T21:07:47,,v1
d22b751c-407f-44c4-a16d-b8f3995759fd,4cd79f83-9fc7-43e4-a4c1-89402b7124e1,data_processing,2025-06-22T10:07:25,,v3
b9c73119-11f6-4585-9736-4e6002b1c9b3,c50959f1-d990-44ff-837f-4062c769ae54,analytics_cookies,2026-05-13T22:33:38,,v3
b6761242-f63d-4166-88c9-e0afad81bf7c,b0fb926f-1c66-426d-b796-e9d801b13122,data_processing,2024-06-25T21:37:57,,v3
2f61fc59-194b-40ad-a6c6-e99dafd13e20,a0a83e46-f548-4a18-a79a-5ecdd85b6c8e,marketing_email,2025-06-26T03:13:47,,v3
8c4f0b23-9ba6-4632-8251-721eb5858624,bea5ef1d-43b9-4df5-b3d1-436f675ec066,marketing_email,2025-06-15T21:29:04,,v2
936b10d6-6003-4eb4-ab92-686744561394,bf03895d-6d44-49a2-8183-81c4e89eac75,analytics_cookies,2025-04-28T14:27:41,,v2
8f17a30e-1cd1-4b95-8b69-ed40531386b3,e69b7e32-9292-400a-b228-b3ecc6727760,analytics_cookies,2026-05-19T05:53:51,,v3
f0df8039-b742-4764-a263-d104c4d4082c,34ec60c6-4248-4ad1-8dd9-759b309578a4,analytics_cookies,2024-12-24T04:51:39,,v3
fbe60dec-b6fb-47d3-a119-2d992acd9191,0bb6fcf3-0741-4179-af46-d26c45b77171,marketing_email,2026-07-10T09:13:49,2026-08-10T09:13:49,v1
8f9c1f09-93ba-46cb-a902-e4cfaf1a5b83,446153de-73e0-4d85-a593-2c3ae8664564,data_processing,2024-05-07T04:29:47,,v2
0fd86735-4404-4af6-a87c-ec517a048014,2977486c-8467-4a72-a290-db87a9022320,marketing_email,2024-11-15T08:45:06,2025-05-24T08:45:06,v1
7598d27f-2ae5-435b-9fdc-8fc09a7b548e,3c7a4cde-d92b-4d90-a731-9c0461ae8c90,marketing_email,2024-07-16T20:42:45,,v3
37f5dcc7-97ce-4291-8d32-fdead8930a0f,758b4602-0ce0-440a-9584-ad59ce4216ad,marketing_email,2025-03-24T17:40:31,2025-06-25T17:40:31,v2
fc7ff1fa-f4b5-43c3-a995-475c64356228,066ca82d-85b8-45e6-b262-bac0bb3c0e21,marketing_email,2025-06-03T13:57:49,,v1
85c6fafe-cddb-4cd6-8626-42a0ec7a5b1c,acb70464-ce97-4c94-a4bf-b165bd1b2fed,data_processing,2024-02-29T21:11:55,,v3
68e2b070-30d6-4563-bfdc-0b00b8a3b636,438d7ce2-8d55-49cd-ab64-d781e25abb9e,marketing_email,2025-11-17T21:22:48,,v3
403b4f09-b324-4247-bb4c-d7a4dd4e6a20,367f1e9a-938e-4d15-8ec1-50ce91fef6ce,data_processing,2024-08-09T13:15:54,,v2
800e2331-20d0-487e-a4d6-e514cdfcdada,a9976a20-42e5-4c26-a2d0-6ab72973887f,marketing_email,2024-06-17T17:29:08,,v3
ed032b93-0067-44c3-a3cf-e802b8b3fe83,c404f9e5-cfcd-428e-8459-c1e1fd0d586b,sms,2025-05-03T05:31:51,,v1
8dc83437-311d-499f-a3b9-5fecce6a255c,bf060a41-af0e-4932-b757-4f010ccf07f1,data_processing,2024-05-14T00:48:19,,v1
b173bd92-02da-433a-9d68-391712e258ed,827eed18-8ab1-4e5d-ab00-5d8ac9bb168b,marketing_email,2024-09-11T00:28:27,,v3
bd91c797-90e1-42d3-9a5e-bbc58be0e276,a2053515-1d0d-41cb-a47d-485aed398e8b,data_processing,2025-06-07T05:37:59,,v1
4e63d4bc-0f81-4f87-a762-7199b1a7b10b,8f9052f4-d761-416e-8b74-a71f640df0d7,marketing_email,2024-05-22T02:32:19,,v3
dc824462-6d4b-453a-af17-9f07be0bf450,438d7ce2-8d55-49cd-ab64-d781e25abb9e,sms,2025-02-09T19:50:17,,v3
4f3a91c3-d504-4d48-8177-ab960d94c6e7,f639b5da-4c4d-46ef-8ffe-75cca075bc23,marketing_email,2025-08-26T23:20:29,,v3
3fcd328e-965e-41e6-92d4-f20572e25168,257291a7-c562-45b7-9229-49a527229518,data_processing,2024-05-24T07:52:56,2024-10-22T07:52:56,v2
da9aa012-b57c-48f2-9628-da0052e9a493,e9f40ffc-bea9-4cc6-abca-7fe897f37903,analytics_cookies,2025-04-21T07:44:43,,v1
a75f9a73-c48b-47e1-92ef-333df7109c7f,fd12529b-56bd-40cf-a742-a90ad36add5e,data_processing,2026-02-10T19:29:12,2026-03-23T19:29:12,v3
c25c5b48-7a96-4675-82bf-574b58769835,05fae288-07c2-4e99-a945-fa3fbfa123ed,analytics_cookies,2025-11-16T06:52:55,,v1
03f2e27a-e954-4e17-be80-82a224882f0c,2b4b540f-9423-4186-8164-4566e5e908f2,marketing_email,2025-04-16T10:08:33,,v1
65397cb3-c2bb-4f51-835f-1a6a8589c456,5d24b6bc-2eea-4766-a11d-b0aed43f038a,analytics_cookies,2025-07-21T08:29:52,,v2
2669a94a-97c4-4da3-bfc0-c2f3a7e132b1,120d57b9-de14-4717-aefe-ab126645435d,analytics_cookies,2026-05-29T13:58:32,,v3
e0648d78-ac36-40cc-9362-02f6833c68f5,b69dd468-7a0d-45e5-951c-ead1fcda2225,analytics_cookies,2025-06-28T15:35:30,,v1
1a1c4dac-1bbf-492f-ab04-8e30f63ac38f,c958448f-45d7-416d-a358-45098ec2a9da,sms,2026-02-06T16:16:56,,v1
96fa32eb-52ac-4aa5-83d3-8ac67b81bacf,a98f640e-492a-445a-8a0d-7d444e98f1a9,data_processing,2024-04-15T14:25:24,,v3
6936f504-50c0-4e5b-b96c-55bdcdd41e4b,9adbebb4-c5dd-473e-b0ca-c36f10577392,sms,2025-03-19T00:18:57,,v2
b00da17c-8acb-4957-8af2-ef805122d313,0ea8c796-5c53-421e-9442-830bc190960b,data_processing,2026-03-14T21:53:42,,v3
ef4d6432-a5dc-495a-bc65-fa757ebb79b1,b9915f58-4f74-4518-bb97-0b1e58c541a5,analytics_cookies,2024-08-29T20:12:13,,v2
de59fc95-4317-48c5-b0bb-e9a34960b232,7bb8fda6-2726-4199-a7aa-ed27cdfff312,marketing_email,2026-02-28T05:20:42,,v2
550837d3-485d-449a-b021-28f44b950fb7,07837268-1f07-43d7-a271-fa0ab4370eee,data_processing,2025-12-24T01:58:47,,v3
06fc98db-94b8-443d-9b33-443b88655f94,b81636bb-71f3-4ace-8eb7-628abe1eac07,sms,2025-06-03T05:32:51,,v1
a8b55878-13e6-490d-9ffc-8ccee46037e7,49a962c3-f4f1-4c85-accc-a1e3a243a202,marketing_email,2026-01-18T22:46:27,,v2
ded3bb80-406c-48ab-85f2-15df8983a055,84a120aa-c994-404e-9e74-8277a6f9eb4e,data_processing,2026-02-25T09:43:23,,v1
259300a9-bbc0-4c3f-881c-46e6ff2d5670,c958448f-45d7-416d-a358-45098ec2a9da,data_processing,2024-04-22T12:56:02,,v1
90f8b20d-bd89-489c-a31e-c0af2b7f0b79,017413ff-58e5-4097-93e6-84f98038b20b,marketing_email,2025-02-04T21:29:58,,v2
397dece7-f1c5-4e0e-8552-41e723b80a91,af16d888-ff4c-4c16-a2f8-9e2a3a9677c7,marketing_email,2025-12-11T07:21:57,,v3
1e32ce85-0074-4e1a-8878-3de241c2b68f,1d94038e-346e-4263-a10f-7fa4e5d1179e,analytics_cookies,2024-04-03T12:26:23,,v2
fb84861f-0d6c-451a-8b13-ef984d83ab6a,92bac428-565b-4fba-a911-e9f3dc3c5ad8,analytics_cookies,2025-01-28T01:39:13,,v1
c15c8bdf-9e05-44b7-8e10-a775aea70f63,c2457423-d813-4e9b-8cac-e77de71eef5d,data_processing,2024-05-03T15:46:03,,v2
9a874bfa-9e22-4856-aec3-201a0813e632,aeea9d66-6c0a-4d7b-95ee-d3d25c66a5ac,sms,2025-02-05T18:49:16,,v2
2d18ecbe-ae55-40b9-aef5-641b09694084,0f1df561-31c0-417e-909b-4b054c45baaf,analytics_cookies,2024-06-17T02:23:25,2024-10-23T02:23:25,v1
999c7d13-dcfa-4659-b8ed-8ca0e95a94a9,ff29ece6-95da-4800-acd2-b14950a339dd,analytics_cookies,2025-11-02T16:23:53,,v3
e97f8e7b-dbaa-4ab6-8d3b-33e2da804334,598904ac-fa48-43af-8fe9-41388451ae53,analytics_cookies,2026-07-07T10:33:44,,v2
34714b3a-cfc4-41b2-9ea6-31dd51fb8cad,3dc87d1c-7942-471e-b947-26b7ec78cedb,marketing_email,2026-02-20T03:43:08,,v3
f6719f95-aa9e-44cc-ab15-d5d59f8b3a86,863114b5-ba0b-4849-bbc4-d76d59fd0215,analytics_cookies,2026-02-18T02:22:22,,v1
341728bb-fc43-4a18-8489-39b239659bab,bf32ccad-096c-457c-9147-6f220d46e227,sms,2025-02-11T11:22:15,,v2
01e38e0e-b7d5-469b-9391-181f6cdf2eea,e8e92a9f-bec3-4873-951c-b05d0fe37715,marketing_email,2024-04-07T14:35:27,,v2
818f9339-5d9f-479d-8933-12aa5e420f52,4d481210-54e4-4e94-80f3-81ba408de5a5,analytics_cookies,2024-12-19T17:46:39,,v1
e550a2e9-f0de-4a94-98de-48046bc354bc,9c98b2d4-f4f3-440f-b28d-0e1ca7a152a5,marketing_email,2025-10-23T14:54:06,,v1
9e0e9edc-0769-4fa6-a898-3492c04aab9a,fa08fd03-3569-400d-9d63-e8ae15712195,sms,2025-09-22T17:19:55,,v2
c17ef0c1-0b6a-4a8f-884f-d71517104eae,0ed041f5-3d65-4f50-b23e-849b527ee107,sms,2024-06-16T15:37:02,,v1
a13ae855-3b20-49e0-bdca-8430a41a95c6,ed7f8737-2c99-408f-afd0-f91c740e414c,analytics_cookies,2024-07-03T14:29:24,,v3
89bb3e03-f761-453e-b8e3-ad35556489c1,31006b42-8446-43cf-bd23-af4d84ca2c85,data_processing,2024-09-28T07:06:00,,v2
69f4063c-df89-4f80-aaef-dcb6de2ef4a7,787f43ea-3f2a-4f90-967d-6479bad4f1a9,analytics_cookies,2025-10-02T19:27:56,,v2
7ca345a1-4036-4ed4-a82a-a928ebf97815,b8cf5c4c-27e2-4106-9058-eb38559661e0,sms,2026-02-12T04:18:26,,v2
529c9c4f-b2f9-45d1-9a71-74886331b96a,94a6d963-227a-4d07-92a6-0bb60ebd66e6,sms,2024-12-18T10:19:57,,v1
b9d920ea-60e5-493f-81f6-885fe08484b7,8ebb4b7d-ed19-43be-a647-6c3a9a6a166a,analytics_cookies,2025-11-19T01:47:45,,v3
f813fe66-1ae8-4f69-8a77-c85a1a97151e,8e6a03da-15e7-44e8-bec1-426b65edb389,sms,2024-04-03T12:56:17,,v1
a26bf3c9-391c-44a1-8ecd-d5730487654d,7c2a3f62-d757-4322-a213-921d7c370838,data_processing,2024-09-03T23:58:48,,v3
ce7ee281-58ad-4236-9c6a-bb9478e21bbe,7c66bbce-e687-4e15-be85-d960c3de159b,marketing_email,2024-03-26T10:53:39,,v3
bf951567-7f3e-45ff-bbbd-a89a105910b1,d0c20886-5575-4356-8218-337197faa2fb,marketing_email,2024-05-18T21:35:01,,v3
227db167-97aa-40b8-81f4-2a1abe683a60,167ce993-af12-4071-a5cb-fb3f09045741,analytics_cookies,2026-04-21T06:50:14,,v3
ef02221c-85d2-43c0-b4d2-1410df6b020e,3f13d579-3df8-478c-b978-eec7255facfa,marketing_email,2025-12-12T01:03:17,,v1
c1ebb2ca-4e26-4d72-bd5e-f3ba276237ea,848485f0-198f-4efa-8335-707db71a7434,data_processing,2025-08-06T02:39:43,,v1
1a9a365f-ac6e-4f99-828a-0c909a2676df,bb9bad76-c7ec-4f36-842c-54c3bbb40467,data_processing,2026-07-09T03:13:25,,v2
cf36c28b-14dc-4341-88ef-bc769d0e3ec2,15aeedcc-eed4-453e-850c-7f876e54c4ab,analytics_cookies,2024-10-22T01:57:22,2025-04-02T01:57:22,v3
489ba509-1f3f-44e6-ba4a-58f56539dca7,94638355-4830-4837-8708-12531dc89dbf,analytics_cookies,2024-09-08T05:48:44,,v2
6a58e17c-06e4-4804-aff1-9a8a92841a3c,73b79064-9e0d-4b3f-87d0-6ab33593b492,sms,2024-05-18T13:34:50,,v2
e0d371ee-363a-49e5-87bc-075ae8cd2d3d,a1a72036-c041-4a92-a719-9bbf0e21d53b,sms,2024-08-30T20:39:09,,v1
d964b851-6ef6-4670-88a3-fd1dc704ad55,9094466a-3714-44da-802d-85c2317b80e5,data_processing,2026-04-02T11:29:56,,v3
aa354c39-dacd-4460-ae77-36c153e4ea6c,8e91d584-8798-4b43-a077-64b5334460b3,marketing_email,2026-04-15T16:47:35,,v3
c992acb0-20fe-4fbc-995d-633ba6ec6e4e,84ee8f13-e5a2-4988-8f65-daa65801c5d1,marketing_email,2025-12-07T21:51:52,,v2
4db7e0b7-8f83-4116-bc60-706e858c5019,270b35bf-74ca-4601-91d8-16fe5196ca5a,data_processing,2026-06-06T19:04:26,,v1
551c80a5-195d-4e04-a1f1-3fd7a62fe455,e6173937-b216-46db-b863-ec7526285150,sms,2026-07-15T04:18:47,,v3
fbbc4399-e598-4bf7-b4cb-86889c4aa632,13b24541-2c78-41cb-a6b6-e8713ab9a16f,analytics_cookies,2024-10-31T03:58:45,,v1
c6a71884-ae7f-4f83-9c1f-cc70a7b73007,1435b563-f156-4cd8-9f3d-6224260e26a4,analytics_cookies,2024-04-13T22:45:15,,v2
14ef8c29-b021-4de1-9774-6dc409d60ee4,8639eac0-9cd8-4fe5-9e10-8526a16018d1,analytics_cookies,2026-01-27T11:20:55,,v2
eaa59cdd-5cc9-426c-bbcc-3909af570bd2,4ed3232e-6117-4b38-9d59-265a217c91cf,analytics_cookies,2025-01-05T04:07:39,,v1
e4e61f18-3c7c-42b0-80fb-45d299875d07,6fcd3399-b9d5-4ab0-9d50-385be83fec9c,analytics_cookies,2024-10-12T15:15:58,,v1
126c3e3a-f3ca-456a-8294-41010c12193d,b65fff66-1997-4dd8-bc91-1349a415e4a0,analytics_cookies,2025-02-27T15:06:14,,v1
a4e98f53-b7b5-40da-8799-f1a6f2aa77e2,efb0203d-c970-47ec-8644-2090a658224b,sms,2024-07-06T20:18:24,,v1
665509a8-8815-47a8-b9dd-4620603f03b9,8cef9627-37e9-4bad-a5d7-69f87f291c90,data_processing,2024-09-26T08:52:27,,v2
0088fd62-4a7e-4657-bd67-68f0c9dbbe2f,073c6c4c-9988-45b0-9224-7ad4e69d8c6f,sms,2024-03-15T18:28:29,,v1
9fa8abc1-ca64-4953-b583-09fd717138a1,bf32ccad-096c-457c-9147-6f220d46e227,marketing_email,2024-04-19T12:12:10,,v3
ec76ff6c-10c2-46e8-8e3e-bbdf20c01ca0,fd9f1577-416e-472f-aad7-7bd5c56293f5,data_processing,2025-11-20T19:38:37,,v1
d5c4892d-598b-4f8c-a183-4e8682b1c960,9bac4be0-d703-4f1d-a088-1bdb362d3246,marketing_email,2025-10-24T16:10:24,,v2
bb41a87a-c46c-4083-a6fe-fc494da18f63,51e5a1ad-d8d2-4387-82fe-860a54c87f4b,sms,2024-03-23T06:50:04,,v2
9d10e747-00f7-4025-adc4-f7bfa989d13c,aeea9d66-6c0a-4d7b-95ee-d3d25c66a5ac,marketing_email,2024-04-20T15:55:18,,v2
8f2dbb81-f087-4473-8f1d-61ff2d998ed6,4fc0f100-7ad9-49a8-9620-f0e3a0e42a80,analytics_cookies,2024-03-10T09:38:52,,v2
55d0757f-6b0f-4acf-89f0-ac3e512b0534,dec2b1be-3447-4044-b4e3-17848dfd390e,analytics_cookies,2025-02-28T04:41:33,,v2
65a04645-1ce4-4995-b985-6195ee58af49,71972ade-a5de-461b-aac8-49774ccb1a4a,marketing_email,2024-11-25T04:19:41,,v1
fce54455-7740-458a-8a2b-3fa8d71c7b0e,3a1577eb-7860-498f-936a-da13e16cbd8c,data_processing,2026-01-18T10:19:09,,v3
d1adba71-b13d-4d3a-b15d-a52b15a7f1af,c64e9b29-2c3f-4a02-bf80-175c5a980c92,analytics_cookies,2024-03-31T07:02:30,2024-07-29T07:02:30,v1
7bdc2562-8610-44e1-9dff-c8a331fb7e89,0f708081-5838-40db-84a9-ca8b6845336f,marketing_email,2025-08-03T01:58:01,,v3
198d809c-c184-4a1a-9061-9329cd16e34a,3f3af4f6-a87b-4f03-8669-2e1a8e3c6d8b,analytics_cookies,2026-01-10T03:40:11,,v1
4bc74ec3-39e9-405c-83c7-eed4fa6929b6,01450c81-3eae-4663-a704-f91c175e17f0,analytics_cookies,2025-07-07T12:36:26,,v1
0f4c0055-df8f-42ab-b215-2f11faeb56a1,d47fa6a3-60cc-4d46-8dc2-9b3fd5e43153,analytics_cookies,2025-02-28T14:14:46,,v2
9dcf903f-ce31-4796-8aab-f26d19a819eb,7c0459a0-2d38-460e-8653-72aefbf15570,analytics_cookies,2026-01-13T23:15:45,,v3
b6584b15-769a-40a7-ae84-c24cba22261b,a5066e8e-de65-4798-9ed5-f6cae5f86031,analytics_cookies,2025-04-11T09:53:42,,v2
c3e1d490-db73-4875-9293-17e6b09c093c,254a6b6d-5dcb-4d20-88ce-e2e448935a93,analytics_cookies,2025-11-27T15:12:44,,v1
1ad50b73-182f-4aef-9f62-f3e0f97050a9,64ad7907-f83e-403b-b5b4-b1deded9bb1d,data_processing,2024-07-22T14:09:41,,v3
a244b76e-a27f-4375-b75a-29dc6d009595,8f40d15b-7ab5-4fdb-b9a0-767514af456f,sms,2025-10-19T19:36:19,,v2
d1ce1828-62d3-4a00-9c75-e9bcfd2e2657,5bbca380-854e-47a4-ae5c-fd631650a115,sms,2025-08-10T16:21:41,,v1
d1d8c470-1937-490b-b8b4-29931cbf9a4f,72ad36e6-90e5-4d1f-8978-44a18ed7d4e0,analytics_cookies,2024-08-30T21:33:10,,v1
3b689b53-28c5-4921-bdcc-4e1212a49863,35292459-521c-4d3a-a786-3b68116663fc,marketing_email,2024-12-22T15:11:02,,v1
c519ac2b-e460-4e3a-9f94-43e245e01844,6d622f69-5cf8-4eda-b7ff-4f57f0e66237,analytics_cookies,2025-10-27T14:02:09,,v2
163076b5-031e-4f02-ab22-5770f2d8e393,12d19891-03e3-455b-b4f2-7d8f8f6b8f01,sms,2024-04-09T13:36:38,,v2
1f3cac0b-1d33-4b6c-9d61-c3af7a0e1550,b2263d08-d05d-4240-a470-6fe31527b9d2,data_processing,2025-09-02T03:30:18,,v1
abfae0ce-1998-427b-bd02-4b389fee76c0,c6fb82d9-b6e6-445a-a3d3-0158405a9d16,analytics_cookies,2024-10-27T22:41:35,,v1
a4e643e8-5a32-4c82-b7a3-dde1fef09705,2030e11b-f809-402e-8a1e-00aa3cb751da,marketing_email,2024-12-31T02:52:13,,v1
a3eb36cf-8d79-4090-9734-c8a7e660a6ba,4c11a926-7100-4d06-8910-5b0d5f3d7e9a,sms,2024-07-31T03:14:38,,v2
7efa2a69-facd-4590-a18c-886b30350e24,771f8441-b432-4b8a-8f8c-8890904c8a52,analytics_cookies,2025-05-27T07:07:06,,v2
e924f1e8-2e80-4f5d-9097-c7fffcc00d33,f1c1c41c-e3ac-4d0f-9604-06a648c54aa4,marketing_email,2025-01-07T07:49:54,,v1
0e17ab0e-4ad3-4aa3-ad12-e009e6e22dd8,89c10b53-36ee-4f1c-8430-7090dbf04a44,analytics_cookies,2024-05-17T02:10:35,,v3
856bf8a5-694b-4eb7-8480-101d33ce9586,42748981-2a95-4e95-91cf-9844c8aa9c69,analytics_cookies,2026-04-03T10:54:56,,v3
2a02980b-7c73-4856-8379-69c11b18181d,3b5801eb-5e85-44e1-abb0-6e1879e5e0ac,data_processing,2024-06-17T06:59:03,,v3
74842b90-5aaa-46b6-9309-280680063a9d,7c66bbce-e687-4e15-be85-d960c3de159b,analytics_cookies,2026-07-30T04:41:28,,v3
58418db3-3df0-429d-ae21-d73d3182428e,c052cca8-a71b-4e49-b713-c012bcfce146,marketing_email,2024-09-18T07:06:57,,v1
21701872-79b7-4cd4-b73f-bee75ae50936,529867fe-75f6-4cd9-b913-543b3d6e583c,data_processing,2025-01-29T04:20:27,,v3
02afaa84-9de5-4e6c-9369-92e87ee96936,eefcf9f0-dbd0-4907-a619-121deeb825dc,analytics_cookies,2025-12-08T19:15:21,,v1
723ba6eb-1753-4f4d-b0e1-6540804d2a53,e52a8700-3ab9-4c47-8a16-e799e997a931,marketing_email,2025-09-11T23:57:46,2026-01-03T23:57:46,v2
4d6c9420-7756-483f-941a-94c1969931b5,748db0ca-899a-4da8-8177-2fa1ec2a9302,analytics_cookies,2025-08-01T15:34:37,,v2
715df591-3138-4b5e-8c76-9ffc67c4c1d0,827eed18-8ab1-4e5d-ab00-5d8ac9bb168b,data_processing,2024-08-06T09:26:57,,v2
3b219970-d3fd-4aa9-a4e1-302af81843b8,2ba287a4-72ee-4028-bc13-39a65e78db4d,data_processing,2026-01-28T04:30:40,,v2
b6ec5215-d53e-4b58-b28e-1cc66ca3f511,a0a83e46-f548-4a18-a79a-5ecdd85b6c8e,analytics_cookies,2026-01-02T19:00:06,,v3
dfc0973c-5e9f-41a1-a6a9-f0dafb909541,3eaef1e6-c145-417b-875b-96a83a8a8dc8,sms,2026-05-30T17:35:20,,v3
d136b2ba-8a42-473f-a9cd-2dea308de729,7d0a9ece-1d73-43ea-98e7-8bbe21e890ec,data_processing,2025-04-12T13:44:08,,v3
9936b993-2977-465a-8471-4ada71d382d3,91c5349a-5fb8-43b5-8af3-1b0018617bc3,data_processing,2025-10-06T07:13:47,,v2
7dced297-bef2-4c9c-bfb7-00698279e687,62e44a82-c99b-4d04-9abb-f6a2eb97c7ec,sms,2025-09-22T08:04:33,,v1
827eb418-635f-46b3-8f20-12e2a665408a,01a03f19-633a-4474-990e-57e75b98e60b,marketing_email,2025-09-16T05:35:21,,v3
95accfeb-b394-47f0-8b0f-03523c4941bb,920c0197-3c76-4cb7-90f7-b1a687043563,marketing_email,2026-03-05T03:51:19,,v1
5577808c-5a2e-4790-97a8-3212fbba5dfd,a59ab98c-fe50-412b-aa83-a693a561092f,analytics_cookies,2026-03-24T07:44:42,,v3
1eaf1bad-aec0-4506-9999-bf3155a9e22e,ce5ac3ba-cbec-4482-816e-1ee6def437e2,marketing_email,2026-02-03T12:03:02,,v3
69cbcad5-0d29-44b0-86a2-856450ee937f,cec4dd97-5c6e-415b-ba06-47dc8ef4570f,analytics_cookies,2026-04-18T06:56:11,,v3
69d6791e-d50d-41d3-8cec-5bb002bd4368,f4c4994a-5a77-4a2f-902b-4f69c22ccee3,sms,2026-01-25T04:44:40,,v1
34954210-f4fa-44e7-8a54-a21988d3ce91,8f34cf8e-4ab5-436b-b34d-d43e654c8d6b,analytics_cookies,2025-05-19T12:23:18,,v3
13c81eb3-36fb-4c30-8c61-954b744de6d0,d6ca14b1-9b55-47f7-be97-787002ca26e5,data_processing,2026-04-07T22:31:24,,v2
0e8c6df2-7b80-49c5-8f54-6ad3941cd411,6a0e8a99-d39a-4600-9876-1344b693450f,marketing_email,2024-12-03T04:53:30,,v1
6398f713-80d6-4993-b925-c2f92148b0e4,f7d61334-5d22-49f8-a022-903921239047,sms,2024-03-03T15:22:18,,v2
b9abeac0-9c48-42e5-b644-6c43914f3871,afa83ff8-2b40-47b8-8bcf-1f9285c11695,analytics_cookies,2025-05-31T21:52:07,,v3
1da9b286-6d98-4c58-b9b4-dcb73222c0ac,44df0dc9-35a6-4159-8141-4a8bf47c0e2b,sms,2026-07-09T01:07:27,,v2
27c1dbb1-b058-47ce-b991-9fde3eb79ee1,8e5821f5-d035-421b-a56a-6ed02c100432,sms,2025-05-18T02:21:41,,v1
ef379c9f-3934-41cc-95f3-ca24ae8e5030,57476af2-aff3-4f50-9313-77926b1859bc,marketing_email,2026-04-19T09:31:33,,v2
9904f16f-85d5-49fa-a70c-8418c9e3d0fb,72fd6924-b954-4c8f-9c0b-2545d0efe53b,analytics_cookies,2025-09-10T09:13:16,,v2
83d471e7-67db-4606-8132-835fc95800cf,9368e74c-0581-4d77-9358-94e415a80423,marketing_email,2025-10-18T23:12:23,,v3
64a57df1-b06d-4604-9383-2e73b4ec93ec,4675a031-3216-463d-8c4d-42ea1283bd56,data_processing,2025-08-15T09:46:09,,v1
da022e92-8097-4182-bfde-5e16ba2fa844,28f88fb0-d9fb-4c32-8470-1738493e863b,analytics_cookies,2025-06-26T21:51:15,,v3
fbd13b77-f3ab-4416-a95d-abba8d64304b,7902cccb-bb75-45ac-92b3-688e65d231bb,data_processing,2025-03-01T12:59:36,,v2
49d3de70-5bbf-4bb0-9325-9d208c360bee,7eaca096-c253-48ee-936a-8ea930759d59,marketing_email,2025-12-30T02:42:35,,v3
fa84a84b-5bb4-49d8-848c-f8ec435c5130,5b817ccb-b122-4044-b74f-bde3d1df714d,analytics_cookies,2024-05-23T04:58:25,,v2
d7050757-3fd3-4231-974f-e711be5e7da4,3d0fd916-f8d9-4f59-9d2f-75d16ed75c58,marketing_email,2024-10-31T21:29:48,,v2
03e7de18-7527-4cf4-a952-84bd1a6162cc,e4d6980c-4b68-4255-97a5-2540f5ef35bc,data_processing,2024-09-01T10:03:31,,v3
bdc40c76-99d2-48a7-b1e0-dcbc7aa56639,c9276a13-5b0f-4ce9-8802-3e0ead192508,sms,2024-12-11T08:28:40,,v1
5984715f-5213-49b0-8c16-e5c7a2222698,7160f724-2528-4ac3-ba79-b6e99e6b8a01,data_processing,2026-07-06T21:40:46,,v3
3eff6efb-d563-455f-9e76-e618dc8453f3,b91c4cbb-67d6-4515-b897-dd13e44c1101,data_processing,2024-03-19T11:33:37,,v1
1929f5b1-35cf-4e4e-a0b0-856709edbd83,50a2d1c4-d788-4498-a6f7-dd75d4db588f,sms,2026-07-03T01:07:03,,v2
d50f1f08-139b-4a6e-a3ce-0f4a06b4d8cc,8e5c2f29-44ce-4f60-b818-8b728f60b79b,marketing_email,2025-11-03T19:00:39,,v3
995ec119-1257-4d44-9a2c-34b2e79a9ba0,117c9a65-4a4c-494f-8a54-64305d57c551,analytics_cookies,2025-02-02T03:27:40,2025-03-29T03:27:40,v3
ca3a89a1-be50-45d3-93ac-7bf471e0958f,598904ac-fa48-43af-8fe9-41388451ae53,data_processing,2025-07-30T12:51:07,,v3
092e53eb-7746-400f-936a-feefee61e146,85e030d5-7bbc-494b-baab-665c95549265,marketing_email,2025-07-30T14:22:36,,v2
bdcb913f-b31c-4bf9-b916-af47adaf7548,d77ac8a9-6445-4f65-9a77-b0fb3abe853d,marketing_email,2026-03-26T00:44:27,,v1
70f47ef8-ad94-47e8-abd5-034f1e7ad4ff,6ffc9798-2bb6-43ca-823b-e9dda0935299,sms,2024-06-29T10:04:32,,v2
6b19198d-4ab4-451d-8f45-b1a6a7608c70,e2141773-bfb8-4698-a4da-2be4540c14a5,sms,2026-04-12T21:45:07,,v1
64feeaa4-d4f6-4864-9b0e-5a70b9490712,2aaf9fc4-0801-4163-8cc8-39558682f704,data_processing,2026-07-02T02:27:49,,v2
6bf5fc3c-15c9-40cd-a0c3-afcb98334b13,e100dd4b-6c96-4036-88a6-8813aa5a718f,sms,2024-08-15T06:41:19,,v1
5a71480b-3d00-4579-8a40-e57fcd6a440b,303bc5db-08d0-4431-b6df-29c80d0321da,data_processing,2024-12-14T06:55:53,,v2
3adf3e55-7e01-4cde-bb15-e59f48e0682b,4d6ee3e3-9ec6-4c2e-9552-a75af6d19f14,marketing_email,2026-06-13T06:12:52,,v1
32d29dc7-fef4-4d9b-a387-ddcc0522746e,e77008c8-b7e1-4bb6-93d8-8383d6385531,sms,2025-10-05T21:16:53,,v1
e2e26103-5ed0-4018-a17d-a5bef863851d,93c6c6a9-16fb-43ad-bd64-1ee5eccdd750,analytics_cookies,2026-01-05T06:16:23,,v1
3b12f6d9-266d-4f04-85a9-0e4978220c7e,284f711a-5e5a-4929-bb5d-5ddba9a4a773,marketing_email,2024-06-01T14:15:06,,v1
53f9f061-218d-4e53-9c60-4153c5253cce,bf060a41-af0e-4932-b757-4f010ccf07f1,analytics_cookies,2026-01-10T09:32:54,2026-04-06T09:32:54,v1
67fd1617-f8c5-4a5f-80e0-17e1c49c4846,387603c1-d2a6-475e-ab4c-9ba7aa78bb27,data_processing,2025-11-21T17:12:41,,v2
be200c97-3085-4e11-9965-3ff261e2bbe9,249c5605-e2c1-49de-825b-aeef4ba19a9e,sms,2024-04-06T09:07:49,,v3
1f76feb5-4670-4c06-9611-adddf8a972d4,28c1b6d1-da1f-4187-98af-4e43f096b00d,data_processing,2025-10-13T16:23:30,,v3
7be36c94-d174-4c19-959d-4eca799e5b60,bbce772f-b9b7-49f2-b79e-fa5d953ced6b,data_processing,2025-01-14T14:12:45,2025-08-02T14:12:45,v2
acbc7ed1-31ce-4a2e-ac42-0f0a56fe6546,866ec748-2021-45f8-9170-6c393fca1e65,analytics_cookies,2025-12-04T10:03:36,,v3
790d4e0a-3304-42bc-ab57-095fcfa92053,23fd6560-8719-45ae-a5f0-6d81f0484750,marketing_email,2026-06-26T09:14:57,,v2
16c7bea3-4c5d-452e-ace1-c0ee1edc7691,859fee02-f1ae-4067-a05f-d5db7dbbb2d4,data_processing,2026-06-17T20:07:37,,v3
1b59eabd-3359-44b4-9e02-054c68e15e26,0855291e-0a0d-4e17-931b-beabbc173f85,sms,2024-09-14T11:43:51,,v2
9956dcba-e182-4d39-b7ca-fb8ce241588c,b6b6f9ac-f08b-4ef6-8e52-a2c0bb49b17d,data_processing,2024-05-13T09:11:47,,v1
3aca7357-91eb-4424-9c4b-90d2a01568ac,34ec60c6-4248-4ad1-8dd9-759b309578a4,data_processing,2024-04-05T14:13:14,,v2
29f2f3cb-4acb-49f3-932b-467442a4966f,e69b7e32-9292-400a-b228-b3ecc6727760,data_processing,2025-05-12T00:21:11,,v1
0231e895-1f1d-43f4-a66a-1677d3cf3a4a,2fac4408-7728-454c-94d8-16b7262380b0,analytics_cookies,2025-12-31T23:34:57,,v1
a8a33559-006c-498a-84fd-c4d0b58ef4cb,4671e25f-30dd-4e69-bd9f-8b7f48135732,data_processing,2026-01-07T19:46:24,,v3
efc11370-a444-49ae-a18a-acc1c33ee879,8639eac0-9cd8-4fe5-9e10-8526a16018d1,sms,2024-05-12T15:59:47,,v1
126609c2-49d6-4e79-98a2-12c49dc873ce,b4624db2-8aba-4c57-a0f7-0f5cb8bf0a04,data_processing,2025-10-24T16:23:45,,v3
f73cbe52-67aa-459d-a238-7fe07754ea51,e860f5d5-878c-468e-a446-059ba8434d4b,sms,2024-06-13T15:31:52,,v2
2c13f0e9-f67b-41a7-aede-ccf7a7dfb32c,0688ed48-bbd7-41d6-b5ef-c2cd771f72c2,sms,2025-11-24T15:06:49,,v3
256b54fa-ed78-43db-8364-b42a9e9e3424,446153de-73e0-4d85-a593-2c3ae8664564,analytics_cookies,2026-04-10T03:33:23,,v2
7fc7246c-0d2c-49d8-9365-cee6b11a823b,7e7c62c1-b8a8-4e9a-ab94-81a82d76e3e5,sms,2024-03-16T20:38:28,,v3
443c9bf0-86b4-44b3-a44c-2d1819311527,5a62f2b9-646a-4b84-b570-661ca33a139f,sms,2025-03-26T12:07:16,,v1
fc03f09b-c862-4851-bbf4-c7b6c610ddeb,848c50eb-5e2a-4b53-b6b9-751bfad107b7,analytics_cookies,2025-09-04T13:55:25,,v3
0aedacb7-43f0-4455-8828-d3eb76a9aa7c,bbffd265-99c5-491d-a03e-fee1fec9e123,marketing_email,2024-06-25T14:54:08,,v2
a13aafff-03f5-43ab-aa1c-5191cbd47b86,a2388294-855e-4447-a3d5-b3649380d30e,analytics_cookies,2024-12-01T03:45:57,,v3
9a623b96-afaa-44f3-b140-f0da9be2e8d7,aa006c1b-6b97-4f02-99a9-57923d13eb8f,analytics_cookies,2024-05-14T00:52:16,,v1
0a4ecac2-bde0-49e3-85bc-86eee038cada,9400a9f1-7dfe-440e-9992-ce7a2dd5b296,marketing_email,2025-11-21T09:39:14,,v1
247f6c6b-ce7c-42d8-852a-6d4fd55836cc,c6abaffa-11df-4987-9806-71dced92f534,marketing_email,2024-12-15T12:14:12,,v2
8afc807f-2dfb-4026-a9ea-e9e6b5c63065,84f816bd-12e2-4633-a419-fc80705977e6,analytics_cookies,2025-03-13T00:58:03,,v3
8c9a1d38-f628-475c-a5bf-16ad391bfb96,28c1b6d1-da1f-4187-98af-4e43f096b00d,analytics_cookies,2025-07-20T13:09:47,,v2
54eb6f4c-4c47-42fa-80b6-71a4af9089db,93c6c6a9-16fb-43ad-bd64-1ee5eccdd750,sms,2026-08-13T21:49:41,,v2
a2def9a1-939c-4281-87a5-e36f7689dc0c,e6e0c2ef-00b6-4d38-a129-32d4aa4e795d,sms,2025-04-12T08:14:54,,v2
8e352eec-d9a8-4d60-a5fd-65bec693ff40,43317971-4c76-44db-9b97-011579286ea5,data_processing,2025-05-31T22:16:39,,v3
d49c7e58-82e1-4fee-a2a0-35f05f6fd93e,438005c2-dd1d-48aa-8bfd-7fb06851b5f8,analytics_cookies,2024-05-11T07:53:47,,v1
ff9aca3b-79dc-4ab3-8638-3a190b1e0c6e,6fb41f2c-72b6-4e3e-b896-89be93d85e5a,analytics_cookies,2025-01-11T13:16:00,,v1
97188e92-8462-408b-86fb-2ab5302c78d2,bacd6bed-844e-4650-8181-7f73dd1352e2,marketing_email,2026-04-06T02:43:22,,v2
5a59e2ff-6c1a-46ba-aeb6-88beac1d031e,0488eb84-da07-441d-ba11-055850946457,analytics_cookies,2025-05-28T10:42:22,,v2
efb1b96d-8574-4a9e-a877-fc7165f4f388,1fcfe435-1e78-4646-a517-19906c49735a,marketing_email,2026-07-01T15:55:06,2026-08-01T15:55:06,v3
de263559-fae1-4c54-b1e6-44fcf94f061a,b65fff66-1997-4dd8-bc91-1349a415e4a0,sms,2025-07-23T11:35:18,,v1
a7fa54c4-b87f-43f8-80ba-2696b2c4414b,2e1fd151-264e-4a4a-8584-733dd5da3152,analytics_cookies,2026-01-09T21:43:56,,v1
f485d0ba-38a9-43e4-b718-f680eb8bb3a5,23fd6560-8719-45ae-a5f0-6d81f0484750,analytics_cookies,2026-01-09T05:27:25,,v2
230b4326-4558-451b-ba70-4b662170fa92,7b4010bf-8e77-489c-83e9-0056299e9429,data_processing,2025-08-11T11:34:32,2025-09-08T11:34:32,v3
cb7d1cce-2152-42fd-b608-73d8a2936e9a,3b5801eb-5e85-44e1-abb0-6e1879e5e0ac,analytics_cookies,2024-07-28T01:21:13,,v2
ab808178-2d84-4209-8818-2413a7f40e37,90b6264d-1278-47c8-a418-6498aac365ba,marketing_email,2025-07-21T22:50:58,2025-09-18T22:50:58,v1
d05cd2c7-f936-4cbd-8d88-401661a051c3,87a00a98-1d65-4fba-92f9-41ac07bce2bd,marketing_email,2024-12-12T14:39:38,,v3
c30bba26-d6a5-418b-a9db-ce9708e0bc6c,4a0fcf58-3784-4070-96a6-0925fc23e36f,data_processing,2025-01-11T13:17:22,,v2
096e8949-82bb-4533-8dd5-e66c5d2ed3eb,013b644d-5645-44bd-8ca3-d7d254b2ba18,data_processing,2025-12-11T06:12:31,,v3
ec0bde2b-fd80-4b36-bfca-9411b79e7e48,19fee9df-73a9-41e9-9777-18d2a79ab8b4,data_processing,2024-12-07T06:10:29,2025-01-05T06:10:29,v1
a301c967-12e5-4057-ac7e-7807e831a438,4041ba09-7a39-4b37-9e0e-f39a765d9c82,sms,2025-05-28T01:12:45,,v1
2fb8debc-bcd9-4aa1-b022-9a7270298ff5,22dc524c-5b2b-4982-a2a7-2a5f5a5b9ca5,analytics_cookies,2025-10-03T16:17:21,,v2
7edff4d3-c7b0-4a80-8656-85c59f457bfa,4559b465-3dfc-40aa-84fe-31c153b4c0d8,data_processing,2025-08-10T01:00:48,,v3
604930ce-3486-4288-acdd-b529aeff5552,17e24a9b-119c-4ea7-a53a-bb757c70ad0a,marketing_email,2026-08-14T09:54:13,,v3
9b762337-9de6-4cd2-8aa2-f5541b3b851d,ae6e644d-c310-4f23-84dc-5063fc2e2953,analytics_cookies,2025-08-23T16:45:54,,v3
1497d88f-174b-4a94-956c-64022f1a13d8,e6debecd-a5cf-4ced-957e-7fb31720480c,marketing_email,2026-07-04T01:48:17,,v1
2039e5e0-ee0e-458e-81d6-4663e939a6be,b8ccafb8-eae9-4e35-beb2-afbc3cb9690c,analytics_cookies,2024-08-03T12:39:14,,v3
f1dc0baf-af54-47cc-9013-aa5cbb455475,d477b62b-46ba-4eaa-a26a-8e3d43ea5a28,sms,2025-07-24T06:29:19,,v1
6bcf3e6a-5605-4546-abad-fe78ee744fe3,019bbbbd-bb75-49d2-8d74-d1c01012bd21,marketing_email,2025-02-02T09:04:44,,v1
d97416a3-1ea9-44b7-9612-d756e9c6d49c,058a019d-da8d-434a-8e8b-621c3b214928,sms,2024-12-21T20:45:36,,v2
aa6e2c3b-2ced-4832-8a26-f8d1e7ed28f9,3eb1c53f-4af3-42d8-8608-40548ce4843d,marketing_email,2024-06-16T11:40:44,,v3
ef2888e5-7af3-424f-b17e-d11f54458c78,f962820d-d110-4903-9fbd-86a2ba5a9687,sms,2026-03-06T02:15:59,,v1
b811e213-81fd-41b0-ba4a-20f9588d9d88,710200a9-2c6c-4f21-b3f1-3ed6aa684fa2,analytics_cookies,2025-06-28T23:57:40,,v2
f78e1903-18f0-43e5-a994-30c6e419d5f7,797a1a0b-31a6-4422-af8a-98fd4e5e1114,data_processing,2024-12-22T21:13:37,,v2
64907c2d-dc6d-4b31-a171-bfd30a59f350,e4bced79-6e2c-4b22-a6d5-199ed87ca7ee,sms,2025-11-28T14:03:36,2025-12-30T14:03:36,v2
0d1786ba-8da0-451a-a82c-3d103a45346f,859fee02-f1ae-4067-a05f-d5db7dbbb2d4,marketing_email,2024-08-12T06:11:13,,v3
3a47b1a1-74e8-4942-a288-1c82454e245e,953ad96a-103b-4460-a3b5-14b78403eb5d,marketing_email,2024-06-10T23:50:08,,v2
ffe97b23-74af-4c04-9dfd-bfac1ce95b07,a792d50a-1570-450f-901a-c26bc3b4a9dd,sms,2026-02-23T17:33:58,,v2
9c79a7a0-d4f4-47d9-88bf-cf38ab190837,a6e1b4c7-24c0-48ca-96ee-6d0a46348a82,sms,2025-12-17T15:59:03,,v1
af0bd11d-88c8-4b21-a05f-55999ee12e87,e58c63e7-69a9-49cb-947e-5841010ca567,marketing_email,2025-04-28T11:21:56,,v1
3484aec6-7fdc-462f-b9f4-4fe112511e4a,71ed3bfb-d094-47b4-bd02-9589f31e4c1d,sms,2025-06-08T22:51:49,,v2
8909253f-4cf2-4a04-bca9-2a14100c205e,191feb1d-2def-4cbf-a8f8-ee3eb3856ea2,data_processing,2024-08-06T16:53:15,,v1
c6ad4a52-b47d-4705-8273-0462c101ab9a,35bb651c-499f-433f-b5af-b793b285e727,analytics_cookies,2024-06-09T23:27:06,,v2
f9b7c888-e769-4dec-bdef-8142644dccb7,b7428f06-b3dd-477e-8569-96068f3d3dcb,data_processing,2024-07-07T23:51:42,,v1
c518b467-b269-4a06-b3ae-2a670778890c,993cbf30-efef-49e5-b5ad-7aaf3db149a3,sms,2024-10-24T15:57:59,,v3
595eff71-4759-4c69-a702-0348d21fce9c,7767d63a-0293-4866-ae0a-724670463aa1,sms,2026-05-17T22:08:28,,v1
d8dacaba-a7d5-4841-a035-8fb4d6889477,2444fa55-4e76-4e0e-8880-6ccb037e3479,data_processing,2026-06-17T16:04:44,,v3
16c8419f-26a6-419c-ac96-924f2c10d84f,c404f9e5-cfcd-428e-8459-c1e1fd0d586b,analytics_cookies,2025-01-17T05:50:00,,v2
e293f96b-ce97-438e-aa04-d2d88167e089,63af441d-70c7-4c4e-b495-80b967849285,marketing_email,2026-08-15T15:52:11,,v3
5b177bf6-1bd1-4c23-af9f-0e7f9584b731,ddd9ed38-6351-4568-b08c-8f6c92cb84a8,marketing_email,2026-03-19T12:49:14,,v2
44dc681e-57c8-41cc-aa05-a8936ec4188c,4feef355-aeb7-41f9-a391-7f991eeb7b15,analytics_cookies,2026-01-29T12:04:06,,v1
d8a5519d-b24b-440e-8f4a-3164e4ea3e24,0e4dbbf0-e4a8-4015-9595-c0b9bec0f9e5,marketing_email,2024-05-08T14:59:53,,v3
9273ca96-c136-4db8-ac1e-7c987431d0af,0b4a904c-b6d7-4355-b1ff-3744b3831112,analytics_cookies,2025-04-15T20:12:22,,v1
803d5494-829f-468c-a299-add3b77a0aab,0815e683-4b1e-4ea3-b9e8-9d06bbfaedb5,marketing_email,2025-01-10T14:52:55,,v1
12729fbd-1255-4f7a-8337-b27703812e45,3b0faafa-80d0-490d-bdd0-fe1f13d22058,analytics_cookies,2025-07-16T13:28:24,,v2
f0e84911-3d4a-4f72-92a3-5c99be0eb5da,8f054a96-7920-42dc-b286-f6980ea8dbeb,data_processing,2026-07-29T00:42:27,,v2
6e55bdb6-c148-467e-8590-61bc7ffb5d43,e8014144-a99b-4ca2-8418-56404aee2f08,sms,2025-11-20T11:22:15,,v3
b0c2ec5e-c09f-40e0-820e-2a1b255172a7,7bfeca78-8e06-4644-9d0b-1470c32aa9e7,data_processing,2025-02-11T03:41:01,,v1
9db714a2-54c5-4cc5-a303-12712a84bda8,e0df02ff-f788-4191-9881-df0d6c775206,marketing_email,2025-06-07T06:17:17,,v1
abaebf02-2e84-4546-8c5f-31aa17d34af9,31d39d83-97c5-4a86-8d98-c9ea5e4d6505,marketing_email,2024-04-22T20:09:58,,v3
0f68ed77-ed45-4236-abf6-f3b541458f18,7eaca096-c253-48ee-936a-8ea930759d59,sms,2024-07-23T20:29:23,,v2
f31201a6-2b54-4412-92a1-6134a7d1297b,50a2d1c4-d788-4498-a6f7-dd75d4db588f,marketing_email,2024-06-12T12:18:59,,v2
89d55b1c-39a8-495d-b97a-0058fbb302aa,e8014144-a99b-4ca2-8418-56404aee2f08,data_processing,2025-08-30T20:55:18,,v1
a8d63c47-37bf-45a6-80f6-427a41b08187,4b14013f-d7e7-44b8-a287-329bf6e298c3,data_processing,2026-04-22T12:36:02,,v2
ed70d366-2f34-4672-bf00-baa64bc70e77,132425e2-d22d-43aa-a372-e3d9bfd77f8c,marketing_email,2024-03-09T06:08:44,,v2
a7aa25e8-3125-40c5-b084-5c283c1757df,376d586e-00b0-4a49-9695-ddac46fb337e,analytics_cookies,2026-01-17T06:53:13,,v1
8349cccb-6055-466d-ab99-2ff7b97fe62b,b5b5a474-4e05-47bf-b9a2-872e5dc9a328,analytics_cookies,2025-04-11T15:19:59,,v1
8f65c888-3299-470f-a1c2-5bd4f125c414,d10408ec-2013-471e-b6a9-e3bcf0e25322,sms,2025-06-11T10:26:02,,v1
fc914ae5-4d15-472a-bab2-5b29d5c68718,fa2a460e-af12-4197-b38d-d2822d96e879,sms,2025-08-26T14:41:16,,v3
2e7f7ec2-2efa-4f4f-a6a1-06bca4ec99c5,ed5f2f3e-8bef-4da7-b30c-90c3fa5f40ea,data_processing,2025-03-31T06:42:07,,v2
aa8734b3-e0f0-4150-856f-0013102c953b,d88e53e9-6885-44c1-a0ce-e8ea44f2dcfc,data_processing,2024-08-14T21:17:27,,v1
a16caf88-a816-40d1-a192-61f57fdca65f,f8b1caa2-10e7-4302-963a-252a15b4a714,analytics_cookies,2026-02-06T19:12:53,,v1
ca72ec22-7f8e-4eaa-8dda-36369f7d724a,2480125c-2d37-405c-96b9-ca32b2c75b33,sms,2025-01-14T06:07:32,,v2
9d86421b-6f0e-4a15-9478-daff44232d1e,5f2b73d5-f495-401c-82ee-47cf4886bfa2,analytics_cookies,2025-08-04T15:40:21,,v2
71b4a6e5-1956-4716-92e1-fd63f8d6f691,7d624fe1-d3a6-4326-a6e6-32ebc0c46ea9,marketing_email,2025-09-02T17:00:21,,v2
6310bac8-a50a-48ba-93ca-586e326f808b,c712217e-16e5-4f51-a9f4-055b5176e747,analytics_cookies,2025-09-29T02:02:36,,v1
4c475d0e-1570-4659-bc02-e4ba084fffce,dcddb844-390f-4861-a4ee-0a32b75bb218,analytics_cookies,2025-03-17T12:09:54,,v3
56955e39-6044-4bdd-bd91-90788a23440e,a3c5ffdb-8383-4846-a0c1-c9bf88ba6832,analytics_cookies,2025-08-19T11:39:50,,v1
b9652d58-e834-48f2-a504-f72a906aba0b,547f74d3-e5b0-4e69-a707-74acc44f122c,data_processing,2026-01-17T05:48:47,2026-03-01T05:48:47,v1
b452ac51-6882-4434-b67b-21ce58c326d8,43317971-4c76-44db-9b97-011579286ea5,sms,2025-12-05T04:54:58,,v3
6f105172-57fd-455a-87fa-17ab31cdeedf,3f13d579-3df8-478c-b978-eec7255facfa,analytics_cookies,2024-05-25T16:54:22,,v1
210d40ce-9044-4361-b796-bf192286bc23,7532eee7-0f38-4249-9459-e40b83d75db2,sms,2026-02-11T01:27:39,,v3
44238f91-3be5-41de-aa4d-c7991897d034,c401aa52-5d86-4872-a6fc-75f431023457,analytics_cookies,2024-04-05T13:41:50,,v3
499a9ae7-2d3c-48a8-9718-0fd6eeca6024,333d41f0-5f4d-48cb-b3bd-042814f9b7f8,analytics_cookies,2026-02-15T21:38:43,,v1
f74f7726-806e-4e88-90b3-dbae7c6d2dcd,3810f8e6-9278-4c26-9be0-d6d6c35fe477,sms,2026-08-08T11:44:05,,v1
2bd20de3-007d-4011-9896-76dd00cc88ab,aef5051b-ee62-4974-994d-fbb200c5f89c,analytics_cookies,2026-05-09T17:04:02,,v2
b6bfd250-7bee-40d1-a3c4-c3c6dc6defaa,8f06b288-f9eb-454f-adef-47f12b7572d7,marketing_email,2025-02-07T12:38:25,,v2
86755414-adeb-405d-b718-cb85322bf327,314d5517-f29b-49b2-a076-3abe12756120,sms,2025-05-23T18:44:17,,v3
137fb779-758b-43eb-9b26-93473da5a132,b9915f58-4f74-4518-bb97-0b1e58c541a5,marketing_email,2026-03-30T21:23:41,,v1
aec9a77a-46ba-476d-8715-a159a6117ac3,bb9bad76-c7ec-4f36-842c-54c3bbb40467,sms,2025-04-19T14:48:07,,v1
a46b11c9-854c-4342-99be-168f1828ded3,cd8175bc-ff34-4742-8b86-61ec290e632f,analytics_cookies,2024-10-07T05:03:56,,v2
62a6fe51-9b30-440f-936c-25601401e5a6,890861ac-5e77-4568-aaff-807b37e6f872,analytics_cookies,2025-06-25T05:40:19,,v3
e0664230-fc13-4adc-a754-0821c228b5fd,72874237-a564-45ff-95cf-5fb3ab18e7c8,data_processing,2024-03-21T03:17:03,,v2
374aa119-dc8d-42f3-b32f-59839909c0a8,099dd9b8-0a76-482f-92e1-f754d25d5aee,analytics_cookies,2026-04-02T21:17:19,,v2
ad5358e0-e2e1-4c63-9c5b-4264645589d4,3483e39a-260f-4974-9366-50c2d833307f,analytics_cookies,2025-01-29T14:52:32,,v3
5363dfe2-efd7-4f23-8740-e8e34c34540d,6939d1d2-fba3-4888-8c53-6898bb73c26f,marketing_email,2025-08-12T01:35:29,,v1
ce8ce70e-e065-434b-ae48-ad5eda23cd7a,0c7084bc-19a5-4ad6-bb26-a25f9c09b324,sms,2024-10-27T12:57:54,,v2
73027b60-965e-43d8-a42c-8f512315dc71,7e52ce3f-191d-4d27-a0a8-76706fd6173c,analytics_cookies,2026-06-15T17:32:51,,v1
8597128f-d095-4724-a066-f033cc5be00e,e039c2ef-fe4c-4d60-97ee-99d043299f0e,data_processing,2024-12-18T11:00:48,,v1
b5eddc17-63ee-4690-8f75-e29a48a3079a,96f16837-3562-4765-b8dc-ddd863a970f2,analytics_cookies,2024-06-03T15:07:18,,v1
6f6340b2-905d-4344-80ec-a9c798480703,71ed3bfb-d094-47b4-bd02-9589f31e4c1d,data_processing,2025-11-21T06:13:52,2026-02-09T06:13:52,v2
200607da-ddcd-46de-8038-36181c580ff2,45233069-2809-4274-b243-98792794b3e9,data_processing,2026-03-07T13:40:00,,v2
1b29f889-f94a-49c3-a517-4f2360958a0f,f4c4994a-5a77-4a2f-902b-4f69c22ccee3,marketing_email,2026-04-03T00:41:01,,v1
73d9ffae-58b8-41aa-a6fb-056b769f9429,b1554012-ee9c-477f-a055-e067482499a6,analytics_cookies,2026-01-23T02:05:18,,v2
3bca92b2-e1f8-4081-a783-d36f1ceb3751,28447ab4-5e16-465e-acd1-7fcacd2d97e2,marketing_email,2025-06-28T10:15:21,,v2
3c0aec9f-ad47-46e7-b29e-08c0866bf0b0,2347081e-7ae5-4085-a0d6-d1f551721f69,sms,2024-08-22T14:27:48,,v2
f44ee03c-703a-4b68-b451-642a5dc69a9f,cf1ff13a-ac47-45d6-92eb-1583ead19df6,data_processing,2025-06-12T15:01:20,,v3
d5f9ca92-15e6-4d6c-81c6-6c954739fa68,c90ea8ef-05ef-4528-bb65-06a8180093d8,data_processing,2024-04-26T19:45:59,,v1
269b82bb-f2c3-4fed-9b64-5691cfce75fd,a5781cf5-d32e-4370-b0f8-4f229bc0efa4,data_processing,2024-10-27T20:01:51,,v1
1a47d5e0-7689-4df0-9fe3-eae4230ae371,36708614-1e24-453b-8593-b03eb1a7c5b8,marketing_email,2026-01-18T04:54:21,,v1
ae7e1872-4c1e-4b0b-b78a-bfb5faf80dbd,cc1fc998-ac73-4d63-9bb0-03e1756e8d0d,data_processing,2024-07-09T02:02:10,,v2
71fd8883-53a1-452b-a6a6-8eeabcc4e89a,4fc0f100-7ad9-49a8-9620-f0e3a0e42a80,marketing_email,2025-07-09T07:28:22,,v1
3c14d101-e9ee-4f03-9bef-53d3737fd19e,13ae1187-ebff-4588-bbf0-db26b1bbb598,sms,2026-06-08T23:29:36,,v1
a1098970-879f-4fc6-b910-876f88a58719,f4835f98-d82c-487c-8788-26a05c249db0,sms,2026-06-04T04:07:20,,v1
5c004473-c7ae-4f7a-a101-fc6de6c44b18,fad2c57b-c35e-4270-8d10-2f067a5ee2b7,marketing_email,2025-05-09T18:48:55,,v1
0e7bcb83-1e3f-4602-a5b6-41f24ad38e15,d2d5925b-c91a-440d-a613-0c76f88845cc,analytics_cookies,2025-04-21T12:08:54,,v3
f18972e2-d39d-431d-bbc4-0299e7f009ed,6939d1d2-fba3-4888-8c53-6898bb73c26f,sms,2025-01-22T19:34:44,,v1
9ddd695e-2ddf-47d4-b4b4-05b56fc839cd,87fc5559-9d20-4780-8c0e-b7c248cd6236,analytics_cookies,2024-06-25T13:12:40,,v1
d3bdd13b-ee91-4973-986e-84bd57e1dcb6,82205f5f-43a1-4172-aab8-523ed6a89f26,marketing_email,2024-12-14T05:59:59,2025-06-06T05:59:59,v3
88109d32-2651-4c26-94a0-41d14e9e64ad,7e06ea60-a336-46ee-a77d-ca114267af0d,analytics_cookies,2026-06-15T10:39:03,,v2
0d143f8c-564a-40f1-ac58-2235ea9bb549,285bfea1-4dec-4f9d-a9f6-3b3cb20fdde9,data_processing,2024-10-05T16:31:14,,v1
cd9387d7-9f6e-4239-965d-5a7d110bd50e,7ea9b687-48e0-4f47-9245-7a3e02c88fec,sms,2025-02-08T23:21:09,,v1
ff634b4b-b4d4-4fcc-b17e-c6a3894c71a9,fe1ef2c8-17e9-4560-bca8-d42ce43d899f,sms,2026-06-29T01:26:38,,v2
0b813f44-120e-4f12-860a-c5f4efc8db5c,4559b465-3dfc-40aa-84fe-31c153b4c0d8,analytics_cookies,2026-04-09T12:08:58,,v1
0b3ee3ec-84c2-43a4-a837-459984519586,848485f0-198f-4efa-8335-707db71a7434,marketing_email,2026-01-03T14:48:22,,v3
71538aab-6e8c-4619-8bb0-8adfa6f0738b,46d34d7f-a3a4-4386-89ba-fa5ac15e5a69,data_processing,2026-07-01T16:15:25,,v1
85657f35-8c04-4fc3-9acf-3dd9c9092369,212484cd-56e9-4934-ab9b-69d43228ee16,marketing_email,2025-01-04T03:20:38,,v1
ce2fc0a8-d3c2-490c-9760-22cf3c806825,3218db6b-84e5-453d-8de9-a966eecbacc6,marketing_email,2025-12-06T09:23:25,,v2
15af1371-ae2f-405b-a5ad-b81ff982999c,5350fafc-45eb-4871-a195-d1cc090f9d9c,analytics_cookies,2025-12-04T23:05:53,,v3
e49cc00f-6228-485e-86e2-e59ec938afed,99908d5f-92b2-4e74-812d-8fbf41ddc894,marketing_email,2024-06-13T05:21:42,,v2
5e1f7294-5e38-4c3f-8d2b-a474c01eb780,ab13dd68-d82a-4dbe-b352-0f4df96ff5e3,sms,2025-07-15T09:28:35,2025-07-18T09:28:35,v1
86b2f3cc-cc9f-4866-855a-f383e1c7dc8c,7755a749-3460-4f0c-a33c-428dccd20885,marketing_email,2024-10-29T07:05:22,,v2
0ced710d-2898-417c-a127-b762564ed084,96f16837-3562-4765-b8dc-ddd863a970f2,data_processing,2025-08-03T10:20:21,,v1
8516386f-09f3-42e8-afdf-9e6ac2d32d06,a31129ac-6e82-4a23-86f3-3d708e019069,data_processing,2026-07-18T04:13:49,,v1
586c0669-c05a-44a3-9e6f-27bf328af259,7c0459a0-2d38-460e-8653-72aefbf15570,marketing_email,2025-09-20T20:27:36,2026-03-02T20:27:36,v2
67017967-7c80-4ed6-a0f1-9b1365856471,296a6b8f-b21e-4485-ad7f-18c1262a0764,marketing_email,2024-12-28T12:49:37,,v1
9d0c6c0a-eeb2-47c5-ad15-b43bc52d6815,4acffd44-9d77-4c09-afdb-e7f93ee5518b,data_processing,2024-09-26T09:44:14,,v2
c2f205c7-0b44-4ab1-bc88-574123a2bedd,8386c889-4e1d-49ce-9d61-12c967dad0f9,sms,2024-07-07T14:20:04,,v3
1d37bb55-c0a0-445e-882e-fc22e54082e4,f0496969-2829-4c93-834d-07ef9042cd86,marketing_email,2025-11-17T05:24:36,,v2
09565a69-c1a6-46c3-8078-21133a35ed53,1757e1cd-b99e-42a3-9e19-1b1305127836,analytics_cookies,2025-10-20T07:19:35,,v1
115c1ea6-ade5-43e0-a8ab-23e190b0d6d7,1bf35f99-4627-4c80-a5f8-0797538eaf54,analytics_cookies,2025-03-04T13:40:55,,v2
d32277f8-caaa-4527-959e-f6b6abb21d3c,f6722fed-e7e1-443f-84e8-a753dc7dcd63,data_processing,2025-09-08T18:10:05,,v3
3ec6291a-ba1a-4cbd-ba9b-5dd10bccf935,aac35f19-8d02-4c6c-b979-74da55c9ddb1,sms,2026-02-02T19:48:18,,v3
09dcbdf2-8f97-4507-9076-7be7a2044405,23fd6560-8719-45ae-a5f0-6d81f0484750,sms,2026-03-07T20:54:57,,v3
8f8d559d-3699-4a65-800c-8e42b672d0ff,8020c8de-2e83-4aae-8bd6-638db33f0978,marketing_email,2025-08-16T20:39:17,,v1
5584fa91-b4bf-46dc-b582-774e8f737a77,6f80c5c6-04ed-4548-83b7-aee06e3700c4,analytics_cookies,2025-02-05T14:52:57,2025-05-03T14:52:57,v2
8ba82ed9-ad55-44cb-86e2-2be17be32ddb,9ff834d1-4ca0-4dd5-bb53-ea96ad8611bb,marketing_email,2025-09-04T13:23:27,,v2
6c743901-28ae-4b85-8de9-36861c5dd119,543b48b5-22b5-41e4-8e3c-704fc8f03e8d,analytics_cookies,2025-10-29T04:32:41,,v1
01d8c91c-d288-4a46-b835-940bb349db5b,143944c0-b4d0-48f7-ac1f-6ffaeff64a70,data_processing,2026-02-03T08:10:41,,v1
5db8babf-6dd9-424f-8903-268472bf4ba3,8c39c27b-eb7a-452f-9581-a78bdf3ed9eb,data_processing,2025-10-10T16:21:47,,v1
f2001609-0ff0-48cd-947f-9737efcac87a,df8c3dd7-4bc5-4996-98e5-18e7ec0046e9,analytics_cookies,2026-03-13T21:51:37,,v3
582e28be-510d-47a2-9f80-6136d95fd0f7,d50199e3-7c9b-4921-9920-d234b5fc561a,analytics_cookies,2024-11-10T06:43:21,,v1
f5a054e9-84ff-4954-9a55-9d4de83116ec,e6ef189a-76de-4ef5-ace2-676d69273e22,sms,2025-06-17T11:51:09,,v2
b2aa7346-17a1-4f27-91a1-9931c7a4a973,a054cb90-d7e9-4236-9533-fc7fd2b1fd77,marketing_email,2024-03-20T04:32:04,,v3
097a8811-d61f-486c-9580-63c337728f4b,ff29ece6-95da-4800-acd2-b14950a339dd,data_processing,2025-08-30T22:29:13,,v1
4931924d-73c1-4847-a84e-776e04c7f8a3,03410ea3-1e8a-40ef-9322-bc532f78f7ff,data_processing,2024-11-09T16:29:00,2025-04-22T16:29:00,v1
9dcc3d6f-af7c-43b9-af5f-a20f3274af29,b60e68c2-1b3c-4a8b-a056-a39fb4e6a320,sms,2025-03-19T17:14:34,,v3
c29523b4-0180-492a-98a4-4659132ea316,d1a4b7a2-e152-4377-ad2c-08cb61ad6688,marketing_email,2025-11-14T22:37:18,,v3
f77e4101-d21a-4494-bcf1-0697f6211c37,acb70464-ce97-4c94-a4bf-b165bd1b2fed,sms,2025-10-29T03:52:47,,v2
d0995087-1772-40be-8339-fd4dc7dff2a8,85e030d5-7bbc-494b-baab-665c95549265,sms,2025-11-24T17:57:31,,v2
afa460cf-48e0-4500-941a-92488864f5f0,5f31277a-2dcf-4273-81e3-312413596a23,data_processing,2025-06-27T22:22:15,,v1
ee6ddeaf-30b3-4ca8-9319-eb4facd78b0a,8f9052f4-d761-416e-8b74-a71f640df0d7,data_processing,2025-07-09T14:35:38,,v1
06b995ac-1c5b-4275-9cfd-749fa84868f7,3934f6b2-65db-491f-93be-76ec718440d9,data_processing,2026-07-14T01:56:50,,v3
6d4ee4f1-1f24-4947-9a87-4ad5f46f31c3,ed5f2f3e-8bef-4da7-b30c-90c3fa5f40ea,sms,2025-01-21T20:45:50,2025-05-06T20:45:50,v3
b60400b3-8f5a-4410-8f8f-da1d0ded9949,b01b46fd-8f75-4db5-806d-c5c5980008c4,marketing_email,2025-03-05T21:42:08,,v2
827fec70-8813-4af9-b4e0-01bafc506a6d,239409e0-b3ad-4bf6-ba7c-08628ee3cbee,sms,2026-02-24T15:54:00,,v1
9772f845-b09e-40da-8f11-8b789cdf1c43,0b4a904c-b6d7-4355-b1ff-3744b3831112,sms,2026-03-26T05:31:46,,v1
fd9e1ee9-cd52-4ef9-96f9-7960f7dbdc0b,b51ad0d8-7b4d-4859-8de9-fd9feb62c888,marketing_email,2024-11-21T03:53:09,,v2
72a72854-dc90-4e72-802a-4e960a47b960,52ecad80-29ad-4b94-8e45-82007ac63dba,analytics_cookies,2024-03-10T23:00:11,,v2
922194e3-db09-410f-9552-0e6efa7b54eb,4671e25f-30dd-4e69-bd9f-8b7f48135732,marketing_email,2024-04-11T19:55:07,,v2
d7a8880a-1862-4d1b-ab09-a36c458f9445,8cf43099-d49e-4e95-8b08-3d61df8b947f,data_processing,2026-03-19T08:26:54,,v1
d88d22d4-98fc-4268-a040-f629529fc786,69731d27-9caa-46cf-8933-d01e29b20043,data_processing,2025-06-26T09:57:02,,v1
039f882c-0b15-4d1e-8fa1-848396ecd20f,33a6f9f2-9265-47a5-ab40-37c29c87ed07,data_processing,2026-01-14T09:35:22,,v1
a0d48e3b-9e93-4987-aa1c-c74aaa54dfb0,848485f0-198f-4efa-8335-707db71a7434,analytics_cookies,2025-05-26T02:50:30,,v2
f51f1c21-e551-4ac8-b4fa-32698e628ca0,aeb1bb4a-8548-48ed-a8e2-c31bc682b091,analytics_cookies,2024-12-29T22:58:06,,v1
41831750-490e-4902-b87e-b8497ae047cd,e4bced79-6e2c-4b22-a6d5-199ed87ca7ee,marketing_email,2024-05-05T16:04:24,,v1
09446dfd-325f-4c14-9ef5-bca07d78af80,2d4e6ed6-f081-4049-b92a-7792dbe97b89,sms,2025-11-28T10:46:29,,v1
41fe7197-9488-4965-9b2a-9c6934e56ac7,5b16d3ac-510a-4143-8a0a-785ce783f3d8,analytics_cookies,2025-01-27T03:39:04,2025-03-13T03:39:04,v1
85bfb82d-d832-4e2b-9bc9-754301e5ca62,748db0ca-899a-4da8-8177-2fa1ec2a9302,sms,2026-01-23T22:59:53,,v2
ee2071b6-3b3a-4c0e-9ad3-72f4f9233e16,2a26f327-c9ef-40f4-bb8c-c809417caad1,sms,2025-09-01T23:10:09,2025-12-21T23:10:09,v3
3ffecbdc-b2e1-4391-89fe-fcec78882536,a59ab98c-fe50-412b-aa83-a693a561092f,sms,2025-05-16T08:45:35,,v3
831af36b-d962-41cd-9c31-fdc1ae42c76e,07ef23e6-1d65-4721-a3ce-889f1c58f021,analytics_cookies,2025-11-05T12:07:11,,v2
bad4aca3-cc50-418a-b257-aeabda0a6131,8678daa5-37e5-4e54-8c81-551df8fb8c0a,sms,2025-09-08T23:27:50,,v1
6cb8d6be-e8b1-4b62-887f-2b355910a003,33f27548-d085-481a-aa4f-a851fbebe0cd,data_processing,2026-02-16T06:35:42,2026-04-02T06:35:42,v1
365c848b-81f3-42db-8d32-84a770c12333,2d4e6ed6-f081-4049-b92a-7792dbe97b89,data_processing,2026-05-28T02:21:58,,v1
3c8614bc-42f1-4c79-b468-9fa004dc4add,efc6a229-f984-41c8-b741-83d9a46c5fd1,analytics_cookies,2025-02-27T23:58:36,,v2
7267acf7-be52-4c22-ba75-510747be6f68,2661b9e7-3b2c-40ea-b349-251363d10a4e,sms,2024-05-25T04:25:33,,v3
81f041bd-1b7e-47c1-8501-6cc29ce5cfc6,2e2960d6-f2e9-4048-b234-fb21f0f72405,sms,2024-10-11T20:17:56,,v2
3e71eb17-aed9-414c-b972-a906e5e64437,52ecad80-29ad-4b94-8e45-82007ac63dba,marketing_email,2024-09-16T13:21:37,,v2
492f3ac2-7a27-4300-8707-29ccd6f39f49,543b48b5-22b5-41e4-8e3c-704fc8f03e8d,data_processing,2026-01-31T06:13:03,,v1
aea585fc-ad1e-4315-8b27-f1133a5377e7,62b38185-a937-473c-b04e-833be36219e6,data_processing,2024-07-22T14:16:29,,v1
f451d5bc-5f5a-40a7-bd5e-8b4df0fa96f6,6fcd3399-b9d5-4ab0-9d50-385be83fec9c,data_processing,2024-04-13T16:30:26,2024-07-09T16:30:26,v3
84b7e1ab-9315-4925-97cf-8254e5916e13,91c5349a-5fb8-43b5-8af3-1b0018617bc3,analytics_cookies,2026-07-03T15:13:32,,v2
560fb653-d958-49c4-8775-2f638521d802,d63f06df-5e5d-4adc-b0a5-43b4bac6bf5c,analytics_cookies,2024-04-01T05:01:42,,v1
fb2ce114-584c-4cf9-9ad5-dada75b73a20,d7290d30-60da-438f-a6f7-99a66828a1ba,sms,2025-10-05T17:59:26,,v2
1c50bba8-19e1-48a0-9c4b-9131cba973fc,16e8d4f8-2451-446f-a254-3bc68e40621b,data_processing,2026-01-22T04:26:19,,v3
7b0843c7-6acf-4862-9e37-834053c2f114,438005c2-dd1d-48aa-8bfd-7fb06851b5f8,data_processing,2025-03-25T22:46:23,,v2
aec64080-f040-40ee-bc86-66f18edc864c,1233e680-06d7-4b38-8c6e-796ef158556a,analytics_cookies,2024-03-24T10:51:28,,v1
aabdf774-30ff-4018-87fe-1e2173fe1840,6da78127-2929-4106-a298-2b58afca0a92,sms,2025-07-05T22:00:02,,v1
672bf9e1-295f-4615-9af4-9ce4eaf765a3,f24f29fa-33e9-41e2-8965-ac4e39be3919,data_processing,2024-05-10T21:48:41,,v1
e43685e9-acd8-4950-ae8c-eb837c6ae155,c9d0d7ff-0b5c-4b60-ac5e-0389909cf62a,sms,2024-10-03T23:38:13,,v3
6b78a7fe-bba7-4da0-9824-89f4be03e157,0d0eb3cb-f3ad-4673-8ef1-3b4600242421,data_processing,2025-06-03T00:32:58,,v1
295c4fc0-0cad-4058-86ae-4529ee2b46f5,d5e5a6a6-cb8d-4d62-8551-298dee7f1f9f,data_processing,2024-07-17T06:26:14,2024-11-18T06:26:14,v1
4fc66d3b-e5f7-43d1-b9df-e796992f909b,e215d555-cc18-4890-8969-89abf72d28ae,sms,2026-02-06T09:17:34,,v2
b3fcc383-66d0-4daf-a45f-7ba630b1f9d0,a970776b-59ce-47ec-9e77-946229a8be45,sms,2026-06-10T10:20:32,2026-08-14T10:20:32,v2
029f86b0-72f9-4ab8-bc0f-06aabe45c288,35bb651c-499f-433f-b5af-b793b285e727,sms,2026-06-10T22:37:10,,v3
dd2eb27f-0245-4484-9a6e-993034e856a8,10d7cb3c-5a86-4eae-9da6-611ddf67fdd8,sms,2025-09-14T22:33:54,,v2
50481c03-1368-436f-b512-97fc8b8ecbdf,6058494e-8390-41a7-9c1b-182902dda8db,data_processing,2025-12-22T15:49:27,,v1
60aac884-c126-4995-8b49-6cfd3f98506a,10687c1c-9437-400c-a604-0e19882c65e1,sms,2025-11-26T15:11:39,,v1
8445e172-eb69-49bb-b196-c873bd33769c,1f2b91fc-75c1-4628-aec0-5cbebc88f0bf,marketing_email,2024-04-07T16:18:13,,v3
d782e5dd-4c34-4930-a45e-ac862bcd013a,8e104807-9dc2-4625-a1b7-9d858ddd96de,sms,2026-07-27T09:49:50,,v1
01ee60d6-d46e-412d-857b-f8ac3dee62e4,3b0faafa-80d0-490d-bdd0-fe1f13d22058,marketing_email,2025-03-10T02:49:20,,v3
19da1ebe-5faf-4dcc-a8f0-7969e920bab1,d5e5a6a6-cb8d-4d62-8551-298dee7f1f9f,sms,2025-07-16T00:56:52,,v1
3c45cc51-bcf9-4257-8bc8-dee4fac212f6,9813cce1-ec92-4b06-b6e3-ed8a73e34436,analytics_cookies,2026-02-14T19:14:09,,v1
6fd0b52e-7360-4056-b1c2-3e257ce2dce5,e69b7e32-9292-400a-b228-b3ecc6727760,sms,2024-07-04T15:38:26,,v3
1e3e4351-c4b4-4ded-8841-9cf6b8ab6497,1a1e8918-e445-4bc0-8fa1-5a470711d51d,marketing_email,2025-06-23T11:21:39,,v3
1b26e059-5c23-41b1-99cc-f343db148802,16e8d4f8-2451-446f-a254-3bc68e40621b,sms,2026-08-14T08:18:54,,v3
3e988cc0-553b-4514-9013-db23947054c1,4232e434-92ef-4ff9-a069-d1e5312ebda2,marketing_email,2024-06-23T07:54:56,,v3
2707ae21-12d1-4a69-9512-0ac4cca498ca,8d5fa184-5966-49ce-b3e7-4acfaba98bfd,sms,2026-06-05T13:14:45,,v3
18f1129b-2e5a-44c3-93e3-b0b4e0031afa,5350fafc-45eb-4871-a195-d1cc090f9d9c,data_processing,2024-04-19T08:00:39,,v3
f5a83027-8162-49d7-802c-7d8e844f1920,d7290d30-60da-438f-a6f7-99a66828a1ba,marketing_email,2026-08-12T15:58:48,,v2
659e0947-e0ec-49c9-a275-16cb0f590ce2,3e5dc535-3e67-47d0-8eed-547c7f51e8c9,marketing_email,2025-07-18T07:39:42,,v2
a106b924-ac43-4527-a465-3733305468b4,cc6e430a-d0ba-4c08-8809-84cbb2347a9f,marketing_email,2025-11-01T12:03:56,,v3
7847b299-eb12-4e01-9f07-961d9b432089,d7615aca-6de3-4a17-8fd0-212330ca9c28,marketing_email,2025-06-11T23:17:32,,v3
d5c5c2e6-f42a-4405-938d-1e1636107181,3cbc7f74-54e3-47c2-b02f-229f7ca60a5c,marketing_email,2024-08-29T05:59:51,2025-02-01T05:59:51,v3
86887d84-e255-4185-ad3a-10a4072d0959,7ea9b687-48e0-4f47-9245-7a3e02c88fec,analytics_cookies,2026-04-04T08:16:20,,v3
7fc07cdb-4c3f-4025-bb31-85a3239b46c8,359c05d0-e19d-463d-b3b4-43a0b4a3810f,marketing_email,2025-02-24T14:07:58,,v2
84cbcf95-af50-4dec-9d65-05b1ef4718f8,2660b7ac-6c46-4392-8ddc-26194c532341,analytics_cookies,2026-02-07T14:55:44,,v3
e8cf1554-daf7-41ef-aaf3-031a687284b0,9c98b2d4-f4f3-440f-b28d-0e1ca7a152a5,analytics_cookies,2026-01-12T17:21:31,,v3
797a3e8a-f4b8-475a-bc08-3665066a2c7d,d1c356c7-a230-4e49-abb6-3eb1f58155cd,data_processing,2025-07-22T10:43:07,2025-11-25T10:43:07,v1
69aeb2e3-d37c-4dc6-9c92-4f785ee951b1,44df0dc9-35a6-4159-8141-4a8bf47c0e2b,marketing_email,2025-05-25T01:42:31,2025-08-01T01:42:31,v1
e3bc6586-410b-4c11-9a60-93fadd3d1331,7b971d80-7566-4bfa-93b7-b87270c4b732,data_processing,2026-04-17T06:57:27,,v2
3d4acbfa-65a4-4bf8-b423-26399f98c37e,b4cc95b0-6dbf-4264-a3ef-43fbbadf652a,sms,2024-11-09T09:28:21,,v1
8f0623dd-b025-448d-830b-98e19d576b03,3d0d96e7-a6da-4e11-a509-76b813d466f5,marketing_email,2026-06-03T21:45:07,,v1
139d3d98-73bc-4405-a486-93c1c0450e16,9813cce1-ec92-4b06-b6e3-ed8a73e34436,marketing_email,2025-01-04T22:35:11,,v3
a1200edb-740e-4094-a22f-34e961d39968,50e6ae18-ad0a-4f68-bb3d-e1a8b80eb58f,marketing_email,2025-12-31T19:32:06,,v3
87f15710-36b3-48f3-9655-16d91b2247b3,bf060a41-af0e-4932-b757-4f010ccf07f1,marketing_email,2026-03-11T23:18:53,,v3
fb622ee6-782f-471b-9414-871ed4020a69,863114b5-ba0b-4849-bbc4-d76d59fd0215,sms,2024-04-16T15:51:10,,v3
9afef8f1-81e2-4e94-97e0-2318a38e2231,4126c950-a88a-4305-895c-96d7e076897e,sms,2024-09-27T20:16:47,,v1
14a064dc-0afa-47bb-884d-d042ef20c81d,9668fd00-799b-4cff-811f-a3e0528d255d,marketing_email,2024-07-09T16:47:39,,v1
37312f30-8549-4ac4-a8a1-02d1a34fec3f,631f0e93-e48f-414d-b220-0c466b7fc584,marketing_email,2025-07-30T16:31:24,,v2
f501a349-73f7-46a3-9a4c-6a411cbdcee4,70a0c69e-1bf5-4805-bf9c-4714e193f75d,marketing_email,2025-06-09T16:13:50,2025-06-28T16:13:50,v2
25930b17-1dc9-452a-a63a-c1025b70f790,8834bd0d-66fc-44cf-83bc-c787f024b078,marketing_email,2026-02-19T17:42:46,,v2
0bc11431-9f97-4506-89ac-b6132ff66e4f,12c154ff-46ac-45a7-921c-2404994ecc21,data_processing,2025-01-19T23:47:12,,v1
eee3289f-1204-4871-bf72-4b23f6419f4e,f6489f0b-4a7a-4dd2-97d4-d0008f662858,analytics_cookies,2024-12-21T13:56:07,,v3
a0c82ca3-e69a-4739-978a-5c8d40eb1592,7d4b9dcb-d4ff-42fa-9c58-5657c61f4954,sms,2026-04-16T21:20:03,,v1
45ea3b42-60d3-40f1-bfbe-4cc0aa174e05,e5873f83-602d-4424-9c5e-184c56c9d4ba,sms,2024-10-24T12:45:59,,v1
41b09c68-fbf6-48fd-9c7c-aecea23eb980,c9750567-c933-4797-9313-ec159ddcb6d2,data_processing,2025-02-27T19:04:19,,v3
4ef43de6-5c96-40a4-aec5-921324e93042,45233069-2809-4274-b243-98792794b3e9,marketing_email,2026-04-28T20:43:29,,v2
dc6e86dc-00bd-494e-bfe9-25fd763f5c10,ef097aa6-f4d9-4c16-bc17-a7cc87116f35,data_processing,2025-08-09T12:10:06,,v1
4e512ea6-552a-4cb1-b98f-a9814797d764,3d0d96e7-a6da-4e11-a509-76b813d466f5,data_processing,2024-09-28T03:03:55,,v1
f2c1957b-5d37-4974-8e63-1b77321368be,7e52ce3f-191d-4d27-a0a8-76706fd6173c,data_processing,2025-10-10T07:07:59,,v1
266d37fe-3fc0-4f29-91a1-a95ff9f48fd6,148d63de-77f4-461d-b3ca-5369e9a98e7b,marketing_email,2025-05-27T19:06:32,2025-10-28T19:06:32,v1
8a290f9f-e98f-4b22-b45d-e1ddb5942833,caa8f40a-63c6-4789-87ad-05b99d694a15,sms,2025-10-12T10:43:02,,v1
14779fdb-8f92-42fc-9362-3d964149d3c4,19d5ac88-a8cd-46b8-9f3d-d5ef3a0adfe2,data_processing,2026-06-30T03:42:53,,v1
1d8259c8-de80-4467-a8d3-8549f96c9f86,4d6ee3e3-9ec6-4c2e-9552-a75af6d19f14,analytics_cookies,2025-08-22T11:02:19,,v2
7196493d-9ad2-401c-8c28-0f78bced8d0f,a59ab98c-fe50-412b-aa83-a693a561092f,marketing_email,2025-03-26T16:47:47,,v1
cfb22ada-e339-4949-b013-1affc96fe785,b43ea9dd-823e-4930-9110-31ea0eaa05f3,marketing_email,2026-05-17T02:04:25,2026-05-21T02:04:25,v1
640eab72-3b99-45b6-8fff-fcd981bd9f60,23c5eb35-05e9-4347-8854-ee86ec27393e,analytics_cookies,2024-05-15T06:07:10,,v3
705facdc-a494-40d6-b77d-00cdaa1a2d22,05fae288-07c2-4e99-a945-fa3fbfa123ed,data_processing,2026-05-12T13:39:49,,v2
975c3c98-3d98-4fca-a953-a92b798d0bca,49a962c3-f4f1-4c85-accc-a1e3a243a202,sms,2024-04-13T20:24:04,,v1
33779ffb-91dc-4780-82b1-46fbe6ea4eaf,5a95b7ee-17bf-44cc-9775-835c337d4cb4,analytics_cookies,2024-04-26T09:58:57,,v2
d22a0652-7d18-4b68-9664-c82ad60e01b2,367f1e9a-938e-4d15-8ec1-50ce91fef6ce,sms,2025-03-27T13:53:53,,v2
5a621bd8-7a8c-41d5-951c-1562b6160067,a4512e27-9e9c-4aa8-bc00-11e9e1f1fd9f,sms,2025-06-09T08:50:30,,v2
c070a105-84c9-4e01-9240-011a19ef5f16,58e0c4db-27d0-4c06-9252-c40364b1ae74,data_processing,2025-04-18T04:16:22,2025-08-06T04:16:22,v2
c8bb2136-ccaf-4a26-8653-e23bf0e41040,8cf43099-d49e-4e95-8b08-3d61df8b947f,marketing_email,2025-07-25T18:46:58,,v3
eec44af1-3d79-4a6a-a1fd-dde00a3084e0,2aaf9fc4-0801-4163-8cc8-39558682f704,sms,2024-03-14T15:24:34,,v3
6ea8b02f-6a2c-4ef9-b6d2-d2e5a8f261cc,b91c4cbb-67d6-4515-b897-dd13e44c1101,sms,2025-07-26T16:26:23,,v3
2373fa74-d24b-4c28-8293-ff97d6e12006,6d883826-0157-47c4-a6cc-cb8134bcc6db,sms,2025-02-25T07:35:26,,v2
8a7a36de-07eb-46b1-82e8-a7af38d3ff78,257291a7-c562-45b7-9229-49a527229518,marketing_email,2025-09-11T13:18:03,,v1
74cb9b6e-c50b-44bf-be82-738696903ec3,3c4b0324-423a-4e3b-884c-c93438a59688,data_processing,2025-01-08T03:15:08,,v2
f864a860-3043-4316-8b15-37b7dfe53774,0313557a-f7d4-4834-be26-3977f30a5235,marketing_email,2025-10-25T22:53:07,,v3
eef0886e-31fd-47d8-b3fb-524093a3137f,62b38185-a937-473c-b04e-833be36219e6,analytics_cookies,2025-02-20T18:45:39,,v3
4e0e31ce-17e0-4ce7-9864-2ffebd817398,3b0faafa-80d0-490d-bdd0-fe1f13d22058,sms,2026-03-18T16:35:06,,v3
90be1681-b5ae-4d91-8948-9f63b38c51ea,bbe9e834-7071-42d6-8970-aa7301b72ec2,data_processing,2024-11-20T14:08:40,,v2
1c597c4b-fc8a-4936-b084-d04a4e0a79bb,139f4019-998c-4c6f-8c4f-a97a756af68c,data_processing,2026-03-28T06:00:07,,v2
8b553092-fa2b-4abe-a5f7-d76c84fa2a89,0f8ab48c-b1fa-4600-9712-1bc2a02d8f45,sms,2024-08-22T09:43:42,,v1
87b5fcc1-8028-418b-bd7b-d67d52547125,cc9cb0b1-f5d5-4fbb-ae89-025a80fb57c1,data_processing,2026-08-12T17:19:50,,v3
42341a5a-8e68-4eca-aeec-efcdd0deb443,3e28e5b6-fe21-474e-b5bc-95ac85c187ad,analytics_cookies,2024-06-06T00:53:25,,v1
a6e71fe5-dd88-4694-8582-d5e1d81dad66,1bcdbd0d-0e2f-4fdf-a8d5-214d3b49c7e2,analytics_cookies,2025-05-02T10:38:45,,v3
3f37f6fb-d497-4961-a533-a31d9a3f59c3,bf03895d-6d44-49a2-8183-81c4e89eac75,data_processing,2026-05-05T19:59:46,,v1
c6492ca2-5b33-4758-8522-3a0917ae2584,69819ace-cccb-4f20-aa31-be439b1b8e2b,marketing_email,2024-11-18T20:37:23,,v1
8370e8ca-a6f1-4ac8-884a-2e179c2257ec,0815e683-4b1e-4ea3-b9e8-9d06bbfaedb5,data_processing,2025-07-18T20:56:33,,v2
4b34cadb-d328-4d1b-bdd5-3faa98a93e70,9d37a85b-84b4-486d-b852-fd896a50fbf6,sms,2025-02-13T16:13:27,,v1
71f8ab9f-2c51-4fca-9ded-72d7a49cfa5c,e4d6980c-4b68-4255-97a5-2540f5ef35bc,analytics_cookies,2025-08-09T01:58:58,,v3
9fa40551-7b81-4961-b741-c2713d2dea4c,bb35efe0-ac42-4801-bc72-7bea481716da,marketing_email,2026-02-15T11:43:28,,v2
fe8ffcad-af9d-448c-b8e0-6f112183dbe6,8e5821f5-d035-421b-a56a-6ed02c100432,marketing_email,2024-06-23T13:38:47,,v3
bc6f402f-7150-497e-8039-30b6a9535a42,43df30db-068d-40fc-8576-7e2f6e62f2f6,analytics_cookies,2025-05-26T04:25:30,,v2
ef2b96b0-1564-421c-9316-8aa17504aa64,239409e0-b3ad-4bf6-ba7c-08628ee3cbee,marketing_email,2024-03-08T23:22:01,2024-04-05T23:22:01,v3
29974536-ecf4-447b-960c-2eb34c4d7c55,771f8441-b432-4b8a-8f8c-8890904c8a52,sms,2025-04-12T06:36:47,,v3
dffbb0fe-e05c-4eeb-84bc-741bcdd294b1,8fe1e8f7-9891-4978-ae6c-34234f35c728,data_processing,2026-04-14T10:29:34,,v1
04e1c8d9-19e6-4111-8d99-ee6e18c58e7d,66983396-cb40-4613-8d6d-306b8f9ca5c4,data_processing,2025-04-19T11:00:33,,v2
c01e65d6-0ded-4011-a323-46ada3f5368b,e648e7c1-b5f5-4d67-b78c-7d41956f4eaf,data_processing,2025-10-12T22:11:07,,v1
78b47abf-6a48-47e4-a0cf-13c73e3e1053,187d49e0-634f-4e10-a10c-3b0be7408be0,sms,2024-07-26T14:57:02,,v3
c8dd424f-955f-4ca1-91cf-bf184ac78ad4,35292459-521c-4d3a-a786-3b68116663fc,sms,2024-09-09T10:46:43,,v3
6a85db2c-bc03-4ccf-abf1-e787af374724,ff29ece6-95da-4800-acd2-b14950a339dd,sms,2025-01-11T10:43:41,2025-02-12T10:43:41,v1
0dc47986-2d68-4a55-9c28-b236e72d967b,f285aab8-56d5-40ad-92f1-61b0a4498890,data_processing,2024-06-14T11:14:31,,v3
a5a82952-0ff1-48ac-a9be-64c2d0405b62,cfefbf12-9a5a-4d61-a708-d92f785af097,analytics_cookies,2024-07-08T22:31:06,,v1
3ef4b0cf-6113-464f-9c46-214ced2a66fa,187d49e0-634f-4e10-a10c-3b0be7408be0,marketing_email,2026-04-28T22:15:29,,v3
375d8e43-c5fc-4956-add2-852a722fa21a,a3f993fd-aeaa-43c7-9e5c-9ad7b7c0f8d9,data_processing,2026-08-16T10:34:22,,v1
2629834f-2a85-4408-be66-c0a699f19121,0d78df79-b2dc-4cea-b7a0-712c91c0433d,marketing_email,2026-06-01T05:12:37,,v3
90dfb489-b02f-4b8f-816d-4f84d2234f7d,2bdeb3b7-a894-4fcf-8218-e41167bc557e,sms,2024-09-10T01:47:39,2024-12-06T01:47:39,v3
a3a7add8-fc67-47b6-9ba3-047823b16621,aac35f19-8d02-4c6c-b979-74da55c9ddb1,marketing_email,2024-08-28T05:30:33,,v3
b3b65166-9cf2-4160-8da6-ee6b146721bb,4ed3232e-6117-4b38-9d59-265a217c91cf,marketing_email,2024-11-25T09:23:50,2025-06-08T09:23:50,v1
0f964602-ac66-4a69-af20-a44230325d3d,94638355-4830-4837-8708-12531dc89dbf,marketing_email,2024-06-28T10:32:41,,v2
e3f72b04-2613-48c0-9d13-f94cbd102df8,4ba2a669-8d0b-4aef-96c0-aae24b7711ff,sms,2024-11-23T13:48:49,,v3
dd89bf54-0ea5-41e2-a66e-3e0b61c27a8f,b81636bb-71f3-4ace-8eb7-628abe1eac07,analytics_cookies,2025-08-09T11:00:28,,v3
ca637c47-161a-4e6c-bcbb-bc63551a337d,40353a67-5df0-44ca-9c10-b42fab44c6f3,analytics_cookies,2024-03-15T16:05:16,,v3
c5bc18e4-f382-44ce-bb28-0421952d9468,7528c8de-b892-4894-8892-94a29730aa9c,marketing_email,2024-04-18T06:49:04,,v3
d0c542e5-383c-4acc-9b74-235d45d5fc0e,4ecae9d3-e8de-48eb-baf6-e76c81c58c66,data_processing,2026-06-17T18:43:43,,v1
161366f4-3d46-4b36-bf6a-a7ae3d8c8fdf,33f27548-d085-481a-aa4f-a851fbebe0cd,marketing_email,2025-01-05T16:39:54,,v1
4b91ccb7-9113-4476-aa0b-96724e0924d8,fe1ef2c8-17e9-4560-bca8-d42ce43d899f,marketing_email,2024-09-17T02:08:53,,v3
aad812ba-33ac-4074-9a66-71a689f6cf0f,8e119f8a-036b-4da9-bbae-98ab4fb61e2f,sms,2024-12-01T12:07:12,,v2
c01bdf51-4193-4e38-92a7-aac21574522a,adf0d9db-c6a0-4226-a93f-30482ccd9d28,data_processing,2024-11-09T23:24:20,,v1
9ac1a1ab-ab3a-4c94-8b3b-dee8c0f68210,3d097c4e-dd09-4cfa-8460-39fd4fb8a1cc,marketing_email,2025-02-21T11:56:32,,v3
e615c29b-e77b-4843-b84a-be032b3957ed,0a42e609-2a53-4824-bf02-0088bdb9b149,data_processing,2025-05-10T02:49:48,,v1
9c9e50d6-b2e7-4fcd-a0c2-3a8d3e43734e,1380e029-b899-4413-a8da-0741720a6a06,analytics_cookies,2024-03-14T03:12:58,2024-08-27T03:12:58,v1
a80f1245-e4b8-4084-ad07-ec660f0015e4,22dc524c-5b2b-4982-a2a7-2a5f5a5b9ca5,data_processing,2025-03-25T21:31:35,,v2
1420f615-870a-4ac6-afea-468406b9e5ae,67d2941c-ef55-4f74-9994-431a09ee14db,marketing_email,2026-06-25T00:48:06,,v3
de608995-9495-4289-add0-2e5ecd5716e7,2a0095cd-099e-45f3-a8ed-241dbe5cde18,analytics_cookies,2026-01-26T20:17:15,,v3
ffbb265d-2108-404c-89e0-0ef1e85f2870,239409e0-b3ad-4bf6-ba7c-08628ee3cbee,data_processing,2026-02-09T23:16:59,,v3
af134a11-ef16-4a1c-af79-d4bbf8238fdd,0e4dbbf0-e4a8-4015-9595-c0b9bec0f9e5,data_processing,2024-04-08T13:42:21,2024-09-01T13:42:21,v3
aa302abb-133d-4b1a-bca9-b1e6464d2665,6d24a27b-89f9-4e69-8c83-6f87ce5b6d33,marketing_email,2025-07-07T13:21:18,,v2
64c52c1e-d269-4059-b703-210ba25aed3e,10687c1c-9437-400c-a604-0e19882c65e1,marketing_email,2025-07-03T02:03:34,,v3
990994ad-2774-4133-9e4f-3aba7b972521,7902cccb-bb75-45ac-92b3-688e65d231bb,analytics_cookies,2024-12-02T19:24:27,,v3
3217105d-19a7-45d1-9de1-03cdeb5d7ac0,8beae791-1455-41dd-a451-67f75ee83ea7,analytics_cookies,2026-03-24T06:18:17,,v2
cc905f47-5626-4a2b-9ff1-003fd13fa2b3,e860f5d5-878c-468e-a446-059ba8434d4b,marketing_email,2024-12-09T11:25:17,,v2
f20f2f7b-06b1-43c9-8c27-4da2340e00ca,ce8210c0-c537-4fd0-80ef-c3e8063b748a,marketing_email,2026-01-09T11:49:19,,v2
cc68c02f-b01c-4bbc-b2b1-a99604d7886b,bbfdba43-2871-4e95-84d9-e2ff45960e7d,marketing_email,2024-05-28T09:50:12,,v2
cce71fc8-fcc3-45ce-a206-793e09f33cef,c912d33f-5dc2-4ec9-a126-34b598046705,analytics_cookies,2026-01-29T02:29:27,,v1
9bc5a89d-1463-4c0f-85d4-426d9083c1a0,8e6a03da-15e7-44e8-bec1-426b65edb389,marketing_email,2026-03-27T07:49:44,,v1
977ee578-00b4-4dcd-9b86-21655f2e1e4e,fad2c57b-c35e-4270-8d10-2f067a5ee2b7,sms,2025-09-08T10:37:48,,v3
73627db7-d259-4834-be53-ab3cdebaa51a,961b1333-d41e-443a-9880-0b1c8c59e141,analytics_cookies,2026-03-22T06:46:18,,v1
75e63891-88eb-4f16-bbfe-c205ebae65ac,74b13d9f-159f-4adb-8b2c-a623d67b529e,marketing_email,2024-07-07T01:29:12,,v1
3828151a-974b-4ce5-88c1-a7fe7e74ee08,41db9c8c-af73-46c6-b7aa-64cee86dbe41,analytics_cookies,2024-10-09T17:13:55,,v2
75c21a8f-7cde-4e28-bff5-6650aac88a84,7767d63a-0293-4866-ae0a-724670463aa1,analytics_cookies,2025-12-11T11:36:56,,v1
13d5f81d-5b12-4e66-925b-36cc0f06fa08,6058494e-8390-41a7-9c1b-182902dda8db,analytics_cookies,2026-02-26T14:18:43,,v2
d8a14454-c880-406e-84f7-3bb078ff6aac,2068f48f-4c39-4084-81d1-95af149d8547,data_processing,2026-04-03T12:43:30,,v1
7c612270-6a45-499a-a618-78add907bbf1,74b13d9f-159f-4adb-8b2c-a623d67b529e,data_processing,2025-02-09T18:45:51,,v3
2c1a29fb-51bd-44f9-9349-7e57947c8588,f285aab8-56d5-40ad-92f1-61b0a4498890,marketing_email,2025-05-02T06:07:45,,v2
8de120df-1f8e-43b6-b417-016743990a34,e7297926-0c3c-47f0-a303-8e1ddfc0eb77,sms,2026-05-20T18:52:14,,v1
b5e9c0b6-61bf-49d6-be57-89bf37af59a5,40da201b-b0f6-453a-97ca-b9d61306ad15,marketing_email,2026-03-21T08:35:43,,v2
f6191f64-503a-4e5f-8598-8692f867858b,2fac4408-7728-454c-94d8-16b7262380b0,data_processing,2024-11-02T05:06:32,,v1
501c1174-cdbe-4657-b77f-e7d69071f5d8,7e2a9b35-5e70-4df4-889c-34732fd2ee32,analytics_cookies,2025-01-12T21:05:57,,v2
0b538c32-a32f-4bfa-8920-7fe2ef10b2d7,1095b08b-dad8-473d-9ec9-bafeb20e71c9,marketing_email,2024-10-01T09:02:34,,v2
39658443-d8e2-4a6f-b7ed-9f2d949a17b9,53dda453-796e-4167-b482-7449bd52694f,data_processing,2026-05-02T23:44:15,,v2
aabfbb5f-7b3d-430c-8638-9162e26cf59b,ab833d6f-87cf-4229-a1f8-707b52a55e5e,marketing_email,2024-10-01T09:03:49,,v3
93763dca-42c2-45a5-aaea-ca869667c0a2,cc1816db-c3dd-4c16-8ea7-18fe313472b9,analytics_cookies,2025-03-10T18:21:48,,v3
82085c35-ff25-4d22-8a1b-e9a0e6050c64,fa2a460e-af12-4197-b38d-d2822d96e879,data_processing,2024-06-29T18:41:36,,v2
8c74cc83-ea75-48d5-a2a2-595640f9e547,2661b9e7-3b2c-40ea-b349-251363d10a4e,marketing_email,2024-07-03T15:02:31,,v2
00cb20bd-d83f-4fc8-a1c6-5aa056f9f4c7,5c3c91f4-9d48-426f-9862-e165bf8f616d,analytics_cookies,2024-10-17T19:10:14,,v2
eb4e9e35-683e-4c9c-a2f4-b3600218fe39,d6ca14b1-9b55-47f7-be97-787002ca26e5,analytics_cookies,2024-04-21T04:21:38,,v1
a5944d2e-6c3f-454d-9425-17d197eaf6c3,8976b896-e0e8-4696-b268-5587e42efaa0,data_processing,2024-11-17T08:33:46,,v1
ca1eb5a4-c333-416a-a024-af1a247094d0,03410ea3-1e8a-40ef-9322-bc532f78f7ff,marketing_email,2024-02-28T10:22:42,,v3
a2ab27f2-518d-43c7-9435-45b51c19ee18,92bac428-565b-4fba-a911-e9f3dc3c5ad8,sms,2025-03-25T14:59:59,,v3
849f09a7-bc7e-4008-9baf-741d034fea45,4cd79f83-9fc7-43e4-a4c1-89402b7124e1,sms,2024-11-12T02:40:31,2025-04-01T02:40:31,v1
40f01156-68b7-432c-907c-dfaf52107677,84f7f075-d17e-4662-a11c-bc80e28b12f5,marketing_email,2025-09-14T23:44:15,,v3
f90a6f65-513d-4583-8534-7ef120e52d28,073c6c4c-9988-45b0-9224-7ad4e69d8c6f,analytics_cookies,2024-09-30T09:25:53,,v1
f7ffcfb5-7b39-473b-8ae9-b164f95c4cf3,7c0459a0-2d38-460e-8653-72aefbf15570,sms,2026-06-16T11:51:51,,v3
26b2af39-c256-4ab7-a013-4a86ce37969f,04b679f3-0691-47bc-975a-fdac41f52db4,sms,2025-08-12T07:23:54,,v3
1151b2db-7bf4-480d-ba7a-063d3dbac051,8e5821f5-d035-421b-a56a-6ed02c100432,analytics_cookies,2025-10-09T09:49:55,,v3
959c86c9-88c5-4ace-a459-c2c72c2085aa,4b761c33-8a8a-4dbe-a0d0-fa3261b391ee,analytics_cookies,2025-04-18T16:50:29,2025-08-13T16:50:29,v2
03c153c9-e111-43fd-93bb-765700f3da06,f35eb7b6-1b25-433b-90b5-29212b72f6e2,data_processing,2025-07-14T06:01:05,,v1
a915f0c6-5542-4f3d-9c2d-b3e6e3447b88,073c6c4c-9988-45b0-9224-7ad4e69d8c6f,marketing_email,2024-05-20T13:12:43,,v3
04855ba1-f11a-4d50-8919-1cb4b6bf75d3,9adbebb4-c5dd-473e-b0ca-c36f10577392,analytics_cookies,2024-09-27T15:49:32,,v1
7efc5af7-b930-40b8-a6e9-e978b817e727,341da637-6927-4a64-8183-13ec96005b5f,sms,2026-08-10T23:58:17,,v3
7f9ff3e7-0cfc-4e0b-b96d-635f9e136b11,65dbcba7-fbb7-4837-ace0-5cd3cc5dd4a4,analytics_cookies,2024-09-26T15:04:15,,v1
829b5f77-3fdc-4e68-a292-6b600cb39c73,fd12529b-56bd-40cf-a742-a90ad36add5e,analytics_cookies,2024-12-15T20:45:54,,v3
82970413-3e5d-4316-8d72-426bfca409d0,c1d42cf2-74d9-44b1-a0a2-c85935c413be,data_processing,2026-07-19T21:41:32,,v2
c237e9b7-1873-4073-84c7-239bc5b87df9,300faed1-594b-427c-894e-c46855f06f22,marketing_email,2024-12-03T12:16:15,,v1
94d81933-07ac-4c7f-8b4d-ba30b46fff79,cc6587b9-1ad1-4f99-bb8b-dc23f1621ea6,marketing_email,2026-01-15T01:54:57,,v1
2cc44ccf-e8ea-4f08-9cfc-fefd26bd0cd3,6b991ab8-8048-4161-b67d-7f862b2cc13e,analytics_cookies,2025-03-26T19:42:18,,v2
e842bf3c-7841-4d5d-aefc-b2787b8cc83d,63b14504-d172-4e5e-b0fa-abd9cb43352e,analytics_cookies,2026-03-31T20:19:39,,v1
865f7fdc-8283-4af8-aef9-3974fab250a6,4232e434-92ef-4ff9-a069-d1e5312ebda2,sms,2024-12-15T02:45:46,,v2
2ffca851-4cb6-4d8a-8919-c293b2325bd2,1a1e8918-e445-4bc0-8fa1-5a470711d51d,sms,2026-02-25T12:02:44,2026-05-26T12:02:44,v1
e04ac520-cc8e-4af8-a1af-207a25b2fd5e,ead66f31-3437-42c5-9145-8281898ce326,marketing_email,2024-06-02T14:41:33,,v3
705bd26e-ee82-4f3b-b884-d20fe4a9cc7f,ab13dd68-d82a-4dbe-b352-0f4df96ff5e3,marketing_email,2026-01-25T22:52:16,2026-07-11T22:52:16,v3
cdda9996-92aa-4865-aabe-98e9468d8ffc,b4eb2e6a-e0ab-46b4-8a7a-cb2e92d8e009,sms,2026-05-14T01:05:56,,v2
e337b630-b41e-46a3-8a09-f5f2b88e9ee5,37601558-3b79-4200-800f-fc03a28a5ec7,data_processing,2025-07-13T20:00:46,,v2
2aa51218-f5ec-47b2-8307-46b938176238,cc1816db-c3dd-4c16-8ea7-18fe313472b9,sms,2024-12-05T00:12:51,,v2
48454c63-0525-40e4-a62c-287c9d108541,f1c35457-d11b-4726-ae58-b98a09167675,data_processing,2024-10-26T06:55:53,,v3
64b01b23-4999-4948-b014-a522588d688a,14dec3ce-7570-4c3f-af8c-e9c0d74cfcd2,marketing_email,2025-07-06T08:47:12,,v3
1cf38156-0d5b-478d-b8a6-1c436a2063d0,438005c2-dd1d-48aa-8bfd-7fb06851b5f8,marketing_email,2026-04-02T14:05:18,,v2
8f473645-1c24-459c-ace8-e03be138a7c9,c11308cb-8153-4e7b-9149-9b6b5c0aa137,marketing_email,2025-03-26T04:38:10,,v2
a4111549-b9b4-4f1c-aa6d-f046e97b506f,3eb1c53f-4af3-42d8-8608-40548ce4843d,analytics_cookies,2024-09-21T13:28:31,,v2
274ef861-56e4-47c9-81b7-5dd125fe13be,9f72b282-1f70-450b-988f-9b3029fa121e,data_processing,2026-05-26T19:57:55,,v2
e2e41833-12dd-4ca9-bbc2-25c0c54988a5,0f1df561-31c0-417e-909b-4b054c45baaf,marketing_email,2025-01-20T04:08:33,,v2
e3a8db21-2592-44d7-a092-d3fe1ae3cce2,f8b1caa2-10e7-4302-963a-252a15b4a714,sms,2024-11-03T15:32:11,,v1
507386e6-3d2f-42c4-97c4-607c1d864f83,0313557a-f7d4-4834-be26-3977f30a5235,analytics_cookies,2025-02-27T14:09:16,,v1
64fdd331-597c-4168-8fd4-1e0c610b1fd2,a5781cf5-d32e-4370-b0f8-4f229bc0efa4,marketing_email,2026-03-10T21:37:58,,v2
8b806fed-e273-4987-92db-a291b8ede5dd,07837268-1f07-43d7-a271-fa0ab4370eee,analytics_cookies,2025-03-18T06:22:51,,v3
f5904d3d-71c2-4af2-90b7-0d6ce8f12af3,495a6541-1c93-4076-90e3-345d72d9c83c,sms,2024-05-01T02:21:50,,v1
ed2438fa-98fe-4a44-8c94-7fa7147ed063,71f1cea1-588b-47f5-93c3-4e649541a9e4,data_processing,2025-12-30T23:49:41,,v3
5a492c09-99cc-4970-9ee4-a9b187c15bf2,d4d6e685-70a2-49ea-b511-383a54d18cfa,sms,2025-08-26T15:43:35,,v3
f473f1ed-d34b-443f-92d1-8836050243b0,5bbca380-854e-47a4-ae5c-fd631650a115,marketing_email,2024-05-20T19:16:38,,v1
1e9e57fc-cdfc-4412-aad3-da5c0af4a81b,795d2b23-6186-4d66-beb4-690083c579a2,sms,2026-07-09T11:24:28,,v2
2baf3aaf-873b-4cf4-9129-71417d8f7337,eefcf9f0-dbd0-4907-a619-121deeb825dc,marketing_email,2024-10-23T21:14:47,,v3
1d133a2b-2c19-48b2-96f0-b855616d8622,71c65b56-3757-459a-ac5b-b50c76fb6a5e,data_processing,2026-02-18T01:36:07,,v1
13bdabea-c70b-4978-9d5f-921dd4328375,0688ed48-bbd7-41d6-b5ef-c2cd771f72c2,data_processing,2025-09-11T13:07:48,,v3
1f8b19c1-cf82-49ca-968e-af64a63172fe,285bfea1-4dec-4f9d-a9f6-3b3cb20fdde9,analytics_cookies,2025-07-27T02:28:26,,v3
eea91c48-366f-4a9e-81df-1c6f262f2a90,b7428f06-b3dd-477e-8569-96068f3d3dcb,analytics_cookies,2026-01-25T04:48:13,,v1
b1a227a4-3c9e-4f80-acf6-6dfc94b45e1a,f5e8b3ff-659d-4bc9-bdc6-6b7fe343bcab,data_processing,2025-12-08T11:48:17,,v1
d8848341-e0c3-4edc-9272-95f787b35c08,94e0e084-e14c-4061-80da-7e6030bf14d5,sms,2024-11-18T12:54:47,,v3
9569dd36-2089-4392-9307-aacaeda07e6a,9455079c-4344-4995-939d-8184d7eb02e7,data_processing,2025-10-01T06:36:01,2025-10-04T06:36:01,v1
f5ebebb5-8992-424b-a753-4751e24bf8b1,05d8d4ba-5569-4f0e-985d-5f63fbfee659,data_processing,2026-03-11T07:32:01,,v1
5c8df92c-f58a-4658-b439-18b72d2033b1,71ed3bfb-d094-47b4-bd02-9589f31e4c1d,analytics_cookies,2025-06-22T10:18:10,,v2
59bfc04b-6c47-4fb8-b8cc-3345d4c1d7d8,66975479-1eec-445e-a34d-78b59cc44f64,data_processing,2024-10-11T05:33:32,,v1
4896910e-7b9f-4fbe-8483-285f62f74299,0db82818-585b-4e3f-9898-2a72727c2e42,marketing_email,2024-07-02T11:29:10,,v2
1fd2d1b3-dbb0-45cc-b20f-58c0434da0ab,8fd99d74-d73b-4014-a8fa-a37b39befe36,data_processing,2024-07-30T08:05:07,,v1
46b6db84-2b0e-4be3-8482-cfeb43cfcac6,0f708081-5838-40db-84a9-ca8b6845336f,analytics_cookies,2025-05-04T21:24:14,,v1
8a2c687d-087d-4bc1-a2bb-70b19d4ec2c6,4dc2aa9c-8633-4861-b795-5b285cf76a1f,data_processing,2026-03-23T20:15:10,,v1
6f96f71e-1f56-4947-8e1d-f896e4e8c574,466ab61a-8180-4d06-90cc-2a380a0e6f0f,sms,2026-04-04T21:52:53,,v1
361c2be8-bdf8-4b6d-a831-9cda1975c244,47ac22ab-9718-46c4-ac3b-e6473f31a413,marketing_email,2026-06-21T00:04:04,,v3
333bf3e4-22f3-4791-a8b3-c356dfd9da6d,5e3636fd-a0a7-44c0-96e8-3d906cdbb119,data_processing,2025-12-19T00:25:32,,v3
b5048de8-922c-4bff-971c-e5cbcb029cb8,28c1b6d1-da1f-4187-98af-4e43f096b00d,sms,2025-10-10T05:41:00,,v1
a2a042c2-1da7-42ba-851a-c7ff5ceebc2a,2ef2eede-fcc3-4c79-a843-4f5ae828d591,data_processing,2026-04-08T17:15:07,,v3
6b6701f7-d04c-4200-9db7-69bc0292d4ea,53dda453-796e-4167-b482-7449bd52694f,sms,2024-03-12T05:02:21,,v3
0fbcb50f-baf1-433e-a4d5-21854eae4cbb,50e6ae18-ad0a-4f68-bb3d-e1a8b80eb58f,analytics_cookies,2024-11-03T21:10:30,,v2
9da4a14e-19ba-4b2c-9214-e0961e5df8af,6e4bc86a-7c8c-457f-bc7a-61c6187a18f4,analytics_cookies,2026-05-10T07:10:24,,v1
d77fd636-506c-48b9-9904-7404427d174f,3f3af4f6-a87b-4f03-8669-2e1a8e3c6d8b,data_processing,2025-06-23T19:57:10,,v3
3b344c54-a248-4262-8351-a2d89e9b6b45,376d586e-00b0-4a49-9695-ddac46fb337e,sms,2024-03-19T04:36:14,,v1
ed1b3adf-d7c2-4f2b-acfa-90b372c341e7,a5f46489-06cf-45af-9efd-dbd27067716c,analytics_cookies,2025-09-30T17:40:26,,v2
6d654247-4ee6-4e8d-aace-813881ec3939,1c3dc001-75eb-4fb9-b3ad-59a3be5b31ac,sms,2024-12-29T01:40:34,,v2
f002d8f1-f12a-4d10-a310-bee9f076d6c9,8e119f8a-036b-4da9-bbae-98ab4fb61e2f,analytics_cookies,2025-06-01T11:11:19,,v3
a939fbc0-13af-4259-81bd-dae7af88f30a,18b69140-479d-44b6-8369-04a49414f975,marketing_email,2024-11-23T15:59:44,2024-12-14T15:59:44,v3
77ff26af-b847-49dc-8ac9-2ce7d4d821c8,f6489f0b-4a7a-4dd2-97d4-d0008f662858,marketing_email,2024-03-15T13:43:55,,v2
5b6f0661-2653-4314-b767-a58492999b37,485b6c22-4f0b-4e0f-bfba-0c9d38a0122d,marketing_email,2025-05-09T02:04:04,,v2
6927aa76-f1d4-4d21-a41f-97521754ae6c,2030e11b-f809-402e-8a1e-00aa3cb751da,analytics_cookies,2024-03-27T10:42:50,,v3
ff461b57-258b-416c-9fdd-f6aa1dbb00e2,52ecad80-29ad-4b94-8e45-82007ac63dba,data_processing,2026-06-24T02:19:02,,v3
54740bdb-f6ae-4b58-87d6-db69d512fcf8,4b503eb1-da2e-4115-8f64-b4dc888db448,marketing_email,2025-06-16T09:59:53,,v3
9c1d0eb5-a9f5-4c43-9b8a-9a2856c7c964,787f43ea-3f2a-4f90-967d-6479bad4f1a9,sms,2025-10-17T05:26:23,,v2
a8de7889-9dd5-4b05-903f-9d67462bcf63,3934f6b2-65db-491f-93be-76ec718440d9,sms,2026-07-11T14:49:55,,v1
17ff035c-43ae-4677-bd0d-0c6c8e3ce755,e83c866a-6830-4488-8842-ce77146d8d41,data_processing,2024-05-20T01:46:47,,v3
bd38d4da-a62f-4af5-b0f4-e5cb56781110,a3867ed0-9303-4ce2-b40d-a9711a5efef0,sms,2025-05-05T06:45:36,,v3
9c19cf6d-ebef-4c0b-81b6-3e4d727bfca6,f285aab8-56d5-40ad-92f1-61b0a4498890,sms,2026-07-17T10:55:04,,v1
151ad94d-9a16-4ce3-a5d4-797335c571c9,8ebb4b7d-ed19-43be-a647-6c3a9a6a166a,marketing_email,2025-09-08T18:55:42,,v2
56fe7633-e23b-4b42-996a-565ac802c899,758b4602-0ce0-440a-9584-ad59ce4216ad,sms,2026-04-01T03:35:45,,v3
6e8f7a9f-aff0-4e2e-a09a-4c2ec4695263,d6cf7caa-9dd8-48c6-b4ee-5a02f62bb280,analytics_cookies,2025-07-27T07:42:29,,v2
caeae0df-622b-4ad2-bdd5-523a4e3f0c45,77b903b9-c97e-44ae-8274-9dea7b101277,data_processing,2025-05-11T02:06:36,,v2
04263cc6-7fca-4a87-a076-8854aecde309,543b48b5-22b5-41e4-8e3c-704fc8f03e8d,marketing_email,2024-12-29T17:45:45,,v3
c52a440c-8230-4a06-a826-b500c6f0082a,b4eb2e6a-e0ab-46b4-8a7a-cb2e92d8e009,marketing_email,2024-04-25T04:58:30,,v3
0e6d144c-9475-4c85-b8b7-d46c9e5d4c8a,b6552330-9932-4624-8855-b5b7aa13d3f4,marketing_email,2026-04-22T23:12:44,,v2
277b551a-e0f5-48fc-9e95-ba41a977f04b,abf52e51-d999-45fd-a6b0-6a9cd018fb47,analytics_cookies,2024-08-12T00:46:57,,v2
427c9556-11bd-414d-b8e4-083120464065,f8486fce-bc07-4a4f-a6e9-ed6a06ba996c,analytics_cookies,2024-08-27T20:44:58,2024-09-19T20:44:58,v2
57d64b9a-d323-4603-9a65-bd36f8546e7c,5ed25035-4723-4154-823d-a8c8b4c02e51,data_processing,2025-07-14T20:01:25,,v2
00c6be89-e444-4595-8ddf-c6e4e0dc4a20,7aa35447-7686-43f7-bb98-14b1bc5fe250,data_processing,2025-04-29T08:49:50,,v1
679c27e6-89d1-442e-b657-0236c11e813c,598904ac-fa48-43af-8fe9-41388451ae53,marketing_email,2025-09-10T11:11:55,,v1
66f4c52e-4fc7-42f0-ab26-12426dcc6dfb,a3d91be1-b5d9-4d3c-bdd8-ab49cd378f30,marketing_email,2026-01-11T00:12:06,,v2
23676027-e6f1-4436-9a4c-06db60ded510,fa08fd03-3569-400d-9d63-e8ae15712195,analytics_cookies,2024-08-11T06:31:10,,v1
8ac5659f-c0ac-40ea-831a-117aee6c7c24,fd788ea1-7f9f-477b-b5fa-9a64962eb7f0,sms,2024-07-13T20:44:45,,v3
3536054d-281a-4faf-86d8-42dc233c1a5d,17e24a9b-119c-4ea7-a53a-bb757c70ad0a,data_processing,2025-08-14T00:09:00,2025-10-07T00:09:00,v1
85599c5a-84d0-4ff5-9ca8-bb740aa0ec52,7e26cac1-f9ea-443d-a6d7-b0d624d82143,analytics_cookies,2026-04-08T03:43:09,,v2
140cd9bd-bd02-4133-854e-50f3f1697059,1a1fa253-a2de-457a-9397-7c6c80d5d589,marketing_email,2025-09-05T04:26:19,,v1
499f6e92-0825-4545-ba97-d4a35ade45d4,425be648-8195-4636-880e-d86e4cd8e38f,data_processing,2024-04-28T16:38:29,,v3
4452ff2a-47d7-417b-be5c-e5b8e133632e,08ed887d-1b8b-4850-a0ef-45b78a04e4d7,marketing_email,2025-11-30T05:58:48,,v1
9b9599d2-698d-42fc-92dd-68e5aaba654f,013b644d-5645-44bd-8ca3-d7d254b2ba18,analytics_cookies,2026-06-10T00:41:33,,v1
252ff9bc-4fa6-4da3-9cc5-e7186ab8cf77,943fb486-16d5-4258-99e7-8340b1862e76,analytics_cookies,2024-08-26T08:41:37,,v3
d21a7908-4ab4-4163-84cc-51ea19c02fad,7d624fe1-d3a6-4326-a6e6-32ebc0c46ea9,sms,2026-07-01T20:33:01,,v1
14fd1c2e-d913-43b2-aca9-ea01a6840ced,b81636bb-71f3-4ace-8eb7-628abe1eac07,marketing_email,2025-01-09T19:34:35,,v1
65ea855d-698b-4a7a-bafe-b6226b272c5c,40c4aa0f-6d19-4084-820c-5764f87d9184,marketing_email,2024-08-29T18:49:44,2024-09-13T18:49:44,v2
3cdac3a6-63a6-44dc-b717-c5aff1f508b5,863114b5-ba0b-4849-bbc4-d76d59fd0215,data_processing,2025-05-13T06:11:54,,v1
7c3a9915-396b-4203-be30-e4e9e3bdb002,94e0e084-e14c-4061-80da-7e6030bf14d5,marketing_email,2024-06-12T21:28:12,,v1
995be51f-be76-46df-b9e4-ed846e76c448,e9415456-41d5-4caa-84d2-e8a6d49cb1ae,sms,2024-11-15T03:46:11,,v1
07c78fde-8eef-43ef-90f7-853d2213e376,53352c2c-02b9-41af-b276-94d6d22379fe,marketing_email,2026-07-16T17:37:49,,v3
ee4c6945-610f-4518-babb-cc26e27ecdca,1ed31084-8b68-49ca-91d6-7162d8521c02,analytics_cookies,2025-12-03T13:17:15,,v3
a5627c53-001b-421f-87e5-6ea15750c4ed,2480125c-2d37-405c-96b9-ca32b2c75b33,analytics_cookies,2025-04-13T17:25:53,,v1
35829bb5-b886-4842-889d-c4ed440e56dc,6b991ab8-8048-4161-b67d-7f862b2cc13e,sms,2024-06-07T20:19:41,2024-07-09T20:19:41,v1
9c2e58cf-84a5-427d-a7e9-cf75dc994a0a,a692df88-38f3-4725-84a6-73ec7e6c7ab5,sms,2025-11-26T21:02:47,,v1
4ae60382-11d5-4760-9870-e26c3e460210,3eaef1e6-c145-417b-875b-96a83a8a8dc8,analytics_cookies,2025-06-21T19:18:03,,v2
c0170341-b7e8-479d-a16d-0028623b9101,c664111b-b80e-45ab-b2de-ee220ea29fbe,marketing_email,2026-06-25T10:49:58,,v2
7b18704d-9cc7-4da5-97f5-7d2f1f6c8372,0edeaba5-35f3-4e68-98ca-f412d9cd14b5,data_processing,2025-03-10T02:00:14,,v1
271276c5-1a47-499f-b9aa-5379cf4cb3c7,58491188-36e5-4fb3-ab3b-514e78a270a6,data_processing,2026-03-26T03:23:03,,v2
1ffd4978-b5fe-4e8e-a52b-5d2b3a74a3cc,33d208d7-91f2-4d70-9f75-c1bf87481c15,analytics_cookies,2026-02-17T05:44:08,,v1
e9c78b89-0147-4b6b-ad14-42e03ac38d79,285bfea1-4dec-4f9d-a9f6-3b3cb20fdde9,marketing_email,2024-11-17T05:23:53,,v3
0747a76d-5017-4e9c-be50-124e72d4dc8b,b4624db2-8aba-4c57-a0f7-0f5cb8bf0a04,marketing_email,2024-07-20T20:38:47,,v1
dc0f77cd-b940-41c2-b778-dc72a2337e6a,1069ad16-5cc8-4f60-83a5-08e7e0beeb5c,data_processing,2025-07-25T05:17:23,,v1
66405012-7903-4caf-af69-d007aad6a496,8a77ab59-ae1e-4b71-ab66-66bda4615cfd,data_processing,2025-01-23T17:31:00,2025-04-19T17:31:00,v3
52c7a1ef-c345-4842-9e91-62b1919a03af,f78c30cb-fcda-4209-9aea-0ae7ce4f7b81,sms,2025-10-23T17:37:10,2025-11-11T17:37:10,v3
92fc8844-7884-47fa-83cb-7f0026769a36,3218db6b-84e5-453d-8de9-a966eecbacc6,sms,2026-08-09T13:00:38,,v3
47945e48-0de6-4f88-a1e3-bcd4cd7db891,d224c314-09b4-49c7-9490-53d3247615d2,analytics_cookies,2026-06-21T07:52:16,,v2
55a464a8-c1fb-4095-860c-b41e03b8151f,2977486c-8467-4a72-a290-db87a9022320,sms,2026-05-15T17:12:20,,v2
53d48915-d27e-42b6-91f3-9ff531caee82,387603c1-d2a6-475e-ab4c-9ba7aa78bb27,marketing_email,2026-02-21T15:16:42,,v3
fc32a80c-05a5-4bb1-8863-91ebcc30d09d,cd67e795-f5fa-470f-9a4f-4060d5951279,data_processing,2025-06-19T21:09:18,2025-09-10T21:09:18,v2
76ea86e5-aa84-4c7c-b918-bdcee131ae5e,8c39c27b-eb7a-452f-9581-a78bdf3ed9eb,marketing_email,2026-01-25T04:30:53,,v1
24fdae58-0ffb-4720-be38-30973ea9eb07,84f816bd-12e2-4633-a419-fc80705977e6,data_processing,2024-05-03T21:31:11,,v1
81ff52d6-74cf-4640-9a7f-a85e34ae23bb,50a2d1c4-d788-4498-a6f7-dd75d4db588f,data_processing,2025-04-09T18:25:10,,v2
47a0221d-aa38-40fc-8779-f92475909ba4,6d24a27b-89f9-4e69-8c83-6f87ce5b6d33,analytics_cookies,2025-10-29T11:17:47,,v3
213315b3-6a49-46ae-8542-ec51b601942a,430e5411-6ed3-439b-93c3-e885b2a37d0f,data_processing,2025-09-01T19:06:37,,v3
ff628eff-f0f1-45ba-8956-ffa3dd69e3c8,f1c1c41c-e3ac-4d0f-9604-06a648c54aa4,sms,2026-02-12T16:25:44,,v1
40877af3-3417-44c9-bfcc-d3e8d4771a0d,3483e39a-260f-4974-9366-50c2d833307f,data_processing,2025-01-11T20:48:49,,v1
7845a9aa-3a02-44a8-aa3a-5cfe28ae9bba,19fee9df-73a9-41e9-9777-18d2a79ab8b4,marketing_email,2026-01-19T06:08:32,,v1
7fcccbda-3a14-499f-9afa-0b1edf392d9b,2d4e6ed6-f081-4049-b92a-7792dbe97b89,analytics_cookies,2025-01-21T23:14:02,,v2
d5fdd2d5-db73-4de5-9d20-93d776628df7,be6fcaa5-9911-4bb6-b97c-47eb53c88b32,sms,2024-03-22T16:58:43,,v1
5637b684-e324-472c-b0f0-da6a223d06e5,9368e74c-0581-4d77-9358-94e415a80423,sms,2025-04-15T10:38:52,,v2
89d9ff18-ab29-4916-ba78-e03494067028,191feb1d-2def-4cbf-a8f8-ee3eb3856ea2,analytics_cookies,2025-10-03T02:57:13,2025-10-14T02:57:13,v2
46cc00d9-02e7-4a66-a89c-d4d3881b48ec,5f2b73d5-f495-401c-82ee-47cf4886bfa2,sms,2025-04-23T10:35:44,,v1
068a233b-b871-4838-acb0-501e2bf0279e,672a02fc-236c-4c57-9ef9-218b783ce0e3,analytics_cookies,2025-07-31T07:38:58,2025-10-09T07:38:58,v2
d0d59f5c-3715-46f5-936f-48463d976fe6,6b9cd81e-126c-4c53-b6b5-575d78951256,marketing_email,2025-10-30T01:04:54,,v3
5da3f718-fe1c-43ec-bf44-5732d7f6d97d,f1c35457-d11b-4726-ae58-b98a09167675,marketing_email,2024-11-12T18:27:18,,v3
a119cff4-b02f-40a1-86dc-163cf96b2617,8d5fa184-5966-49ce-b3e7-4acfaba98bfd,data_processing,2026-04-28T16:08:11,,v2
3c6e6aba-7f45-4245-b921-6647905b4405,abf52e51-d999-45fd-a6b0-6a9cd018fb47,marketing_email,2025-10-29T11:42:41,,v1
73e024ce-9efe-4096-961e-d74542fba1da,6f2f044e-7270-4c80-8003-fd28bb66c57c,marketing_email,2026-03-30T11:31:55,,v2
f69fe736-ff07-4ced-9107-33412e5c813d,d4d6c47d-5048-4008-b088-4f13691fbefd,sms,2024-10-05T21:35:07,,v3
34747429-b6a7-4783-b935-67b5f4801c17,46d24c86-1a31-430e-b1c4-1f4d8632c5ee,analytics_cookies,2025-01-11T03:05:11,,v3
a245c4b8-4860-4f83-8d89-de9001e2df63,64fec69e-52e2-471f-9fbc-7a8e33f991bd,marketing_email,2025-09-23T02:37:06,,v1
be025e96-a065-4e01-a48f-de267ae60e18,da9de603-2c96-4356-820d-7c1e9ac4dde7,marketing_email,2025-05-03T22:51:43,,v1
3a018d4b-c281-4a03-9d4d-960c3b1ac01e,779b7f09-bfd0-4ab7-a46f-9f6eecb13030,marketing_email,2026-05-09T18:06:12,,v2
17b2914f-1bba-4ec8-ab7b-481737792c66,cd67e795-f5fa-470f-9a4f-4060d5951279,analytics_cookies,2025-01-04T14:00:55,,v2
da6575fb-e2ce-4e93-b7bb-5380359bf9d9,cd8175bc-ff34-4742-8b86-61ec290e632f,sms,2024-09-19T07:33:39,,v1
f8dac8d5-176b-4ed5-a8ec-464d1c7b458f,fa7960f6-2060-4fc8-a154-148e0c543e8a,data_processing,2024-10-14T00:24:42,,v1
db208757-b67c-4e80-9fcd-6794daaa97ae,d33f758e-ba0e-463c-ba18-0cd99108c547,analytics_cookies,2024-03-29T07:29:32,,v1
e0d6badc-b83c-40bb-acf1-fdacd4b05034,920c0197-3c76-4cb7-90f7-b1a687043563,data_processing,2024-06-30T22:39:32,,v2
0d4a99ad-1e6c-4e9e-bc29-ce22e27c0171,7bd64d99-cfe2-4e61-aed9-8b6f3d410468,data_processing,2024-05-25T22:51:33,,v3
d3695474-6bdb-4386-897c-bd0829ff9223,3207b0f3-9af4-4ba4-acb1-6ba8ea25f52e,analytics_cookies,2025-10-26T17:24:08,,v2
eb033960-37f7-44b4-9665-4cb75ce271cf,5f31277a-2dcf-4273-81e3-312413596a23,marketing_email,2024-08-04T17:20:25,,v1
ac65715d-77c3-4e71-9041-cb03062d3029,98c7adf1-31bc-45c1-85fb-dbf53b4a53e2,analytics_cookies,2025-09-14T08:31:23,,v1
e3a8f65b-ac6d-440d-adb7-53efe5e25673,627b564c-f368-4634-b7f8-d7e1c5ee980a,analytics_cookies,2025-12-16T19:40:33,,v2
69b593ef-7b27-4c79-bf2a-484255703cc7,fdd86eaf-7a5b-4598-9a08-6f4f207743bb,sms,2024-07-05T10:35:03,2024-10-10T10:35:03,v1
d9f18d10-1835-4de3-81bc-cd52e7fc57e4,0327ed4c-b4a3-4746-9221-3bb172a05c50,marketing_email,2026-06-17T07:35:00,,v2
b987ca5c-182d-476a-b8e7-295778c17cf0,771f8441-b432-4b8a-8f8c-8890904c8a52,data_processing,2025-02-16T17:51:10,,v1
7b1f02e3-82ea-4d80-a55b-811e5d7013a5,5bc10fee-ced7-43f1-91e5-597bd89faff6,marketing_email,2024-09-19T17:23:02,,v3
59cbbc55-8672-4f13-a092-10bc1e61b4f8,5b4df518-7c6e-4957-8906-e33505acee31,sms,2026-01-29T07:30:58,,v1
b03c4bd7-dc28-4baa-b458-df37216e16d8,28a5a7b8-b34b-47a6-91f7-8e384d6b6f59,marketing_email,2025-07-11T22:40:48,,v3
060e2aaf-b581-48f4-a752-49ac73824013,447fed8a-4bae-41c5-b5cd-cbf6a09c4782,analytics_cookies,2024-12-18T08:02:00,,v2
93a19217-6706-4def-bf0d-ce8821e26b69,efc6a229-f984-41c8-b741-83d9a46c5fd1,marketing_email,2024-12-10T18:29:32,,v1
febc50d6-e448-4c6b-b9b0-9ed679d05e2e,0c7084bc-19a5-4ad6-bb26-a25f9c09b324,analytics_cookies,2024-06-13T08:25:28,,v2
ed7b2d7c-1d29-4ecf-8f85-6bc3ef279f47,7e394ed8-8aae-477f-9649-5d3e7f5658fb,data_processing,2025-04-28T22:18:39,,v1
2827732a-73c1-44e2-960b-a3d3f7b7dae5,b0cab1cc-6689-4922-a78f-5c6e1c458cd1,analytics_cookies,2024-06-17T03:53:59,,v2
3de03958-eb42-4bca-bdc5-41ccc12649b9,125d87d5-a36a-4f4e-865c-3122386e88ca,analytics_cookies,2024-03-12T03:41:23,,v3
082506b6-e1c3-46b9-87c7-e3bc43e07aab,6bb3949d-b446-4beb-bcc9-01846e7ef85f,sms,2025-04-18T15:40:48,2025-10-23T15:40:48,v1
03337ec5-8bec-42bb-a7f3-39c193af41dd,7e06ea60-a336-46ee-a77d-ca114267af0d,sms,2026-02-08T03:30:06,,v2
59ab52be-23e8-42f3-8f74-6dadd8bbbc51,4feef355-aeb7-41f9-a391-7f991eeb7b15,marketing_email,2026-01-21T01:34:06,,v2
de70abe3-71fa-4b84-91ea-c282f75661ea,1b25718d-795f-4b30-a424-50167ae8c0ad,sms,2025-05-28T02:34:44,,v2
3e17ed79-2b03-48c2-a837-ba20670ba685,0488eb84-da07-441d-ba11-055850946457,data_processing,2025-06-11T16:49:43,2025-08-20T16:49:43,v3
233609eb-ba12-488c-9c80-a62a59f3f51e,6d622f69-5cf8-4eda-b7ff-4f57f0e66237,data_processing,2025-11-27T18:41:04,,v3
6e8fea82-90ab-417e-9b9e-fe43539daf0f,a311b0c8-1b63-4405-8097-09a984512389,marketing_email,2026-02-21T22:10:07,,v3
1fa8a3a7-b75b-4bcc-95c0-253165c89923,0a42e609-2a53-4824-bf02-0088bdb9b149,sms,2025-06-29T14:21:22,,v3
63b06fdc-53d6-416d-9102-f87138fe77a0,89a5d615-2bb0-4843-8177-90bf7f452bfe,data_processing,2026-01-04T16:51:45,,v3
65b060e4-bb9f-46af-9b65-1aa65b81c233,7e7c62c1-b8a8-4e9a-ab94-81a82d76e3e5,analytics_cookies,2026-06-28T22:38:14,,v3
1d0a0b7a-ce49-4c1e-9170-1db22b0131fe,878f6e41-bcd7-4f18-aa89-90133272eafa,marketing_email,2024-10-18T04:28:12,,v3
0a9d1a02-4546-4cd0-b969-bbff8243933b,f9f4d7f7-6884-4f0c-88d9-0d3432a666ca,analytics_cookies,2024-04-25T19:08:01,,v3
4ca460d5-5de4-4706-a6a5-fb75fd8e684a,e8014144-a99b-4ca2-8418-56404aee2f08,marketing_email,2026-02-02T14:05:58,,v2
b1092cda-2b43-4b4f-8d06-22722ec3f859,13ae1187-ebff-4588-bbf0-db26b1bbb598,data_processing,2026-07-24T06:41:26,,v1
0896f13d-6142-41a8-beaf-8493ead33a06,8386c889-4e1d-49ce-9d61-12c967dad0f9,marketing_email,2026-03-03T15:00:50,,v2
c00f8c10-d2ac-4a53-b3f7-286b07bb0b7e,6a49a618-20de-4b7a-af94-1b4afeb9a85e,sms,2024-10-27T16:15:34,,v3
a234113f-6572-483c-ac2f-a4ca9d6dc75e,352810e9-e0fe-4062-a808-83f47ad5f4d4,marketing_email,2025-09-26T03:09:55,,v2
8e3ad080-59ef-47b3-9c24-542876e44d7e,0c621caa-4854-43bb-ab8f-74e1f79ba3e4,data_processing,2026-01-19T11:45:38,,v1
1bafd702-cba9-4889-b2cf-8080972e3d01,859fee02-f1ae-4067-a05f-d5db7dbbb2d4,analytics_cookies,2024-05-22T07:18:09,,v2
2c857c12-fc58-4225-b4ff-525d342414eb,7e06ea60-a336-46ee-a77d-ca114267af0d,data_processing,2025-10-11T03:31:13,,v3
cb4b3fcd-a063-49c3-a7e1-fd47db36e8f4,627b564c-f368-4634-b7f8-d7e1c5ee980a,marketing_email,2025-06-01T02:05:47,,v1
316ba787-f4b1-4649-898c-eedcef144ceb,43217606-3354-4bb8-b967-c358331d8375,data_processing,2024-06-30T18:22:24,,v3
4c3f34c1-08f1-4f47-ac47-986e2d33fcde,dcddb844-390f-4861-a4ee-0a32b75bb218,marketing_email,2025-12-21T19:42:41,,v2
c35af04a-f98b-47be-b0e6-81d602c61abb,02c02023-75d2-4ad2-89f6-ed2c2e7ae6f5,data_processing,2025-12-08T02:09:52,2026-05-03T02:09:52,v3
bcbcbadc-d719-4129-9ef5-c9eb721a461a,7e52ce3f-191d-4d27-a0a8-76706fd6173c,marketing_email,2025-02-25T02:26:33,,v1
9b35d9a8-5b36-4e93-bf33-7689ae7526cd,63b6d2f8-4e38-4b4c-bf67-6651399b4453,analytics_cookies,2026-01-20T10:47:20,,v2
67501112-28ed-4176-97be-3ba9284e4aa7,73b79064-9e0d-4b3f-87d0-6ab33593b492,marketing_email,2025-09-21T19:40:13,,v3
d0662cd2-91c5-4637-bb0d-2471895dba85,76d2b7be-1fa1-441b-9de1-97c64d06c646,sms,2024-10-11T01:18:44,,v1
ba679677-c6dd-4d9e-88dd-ffd8fc685e7a,b761dca2-f8ff-4709-b645-9b0591dfa353,sms,2024-04-01T13:08:31,,v1
3e62968f-0313-4850-b9ae-a0da051e28c1,359c05d0-e19d-463d-b3b4-43a0b4a3810f,sms,2026-01-23T15:05:22,,v1
580858e4-2781-486e-b8cc-9418a9019b36,e648e7c1-b5f5-4d67-b78c-7d41956f4eaf,sms,2026-04-28T13:28:32,2026-06-28T13:28:32,v1
29cf451a-a6e2-483d-920e-64f3110e4aeb,72fd6924-b954-4c8f-9c0b-2545d0efe53b,marketing_email,2026-01-27T17:36:51,2026-05-23T17:36:51,v1
4dae9414-2c95-4e8a-8a15-f5d24e646ee0,50e6ae18-ad0a-4f68-bb3d-e1a8b80eb58f,data_processing,2025-11-20T20:33:51,2026-03-26T20:33:51,v3
657f2553-8e12-4782-9155-f433cb875c12,07837268-1f07-43d7-a271-fa0ab4370eee,marketing_email,2025-05-26T02:16:39,,v1
e76a27f0-f912-4506-b423-ada4a3a7d5ab,3207b0f3-9af4-4ba4-acb1-6ba8ea25f52e,sms,2025-08-28T05:51:06,,v2
57cf485a-1695-4864-8550-5ece1cd41542,438d7ce2-8d55-49cd-ab64-d781e25abb9e,data_processing,2026-06-02T17:05:14,,v1
45318cf0-7cbf-46d8-93c2-dbeb479bf434,bab8979a-8cd9-477b-bbd7-2e1dbab88437,analytics_cookies,2026-01-20T00:27:54,,v2
8d7caa74-13dd-4a77-8dd0-2fcbc27e94b4,f3abecde-d032-4605-876c-6373a9a9e65b,marketing_email,2025-07-26T13:13:05,,v2
940da4dd-3ea8-4148-8c57-bcbd6ba32576,67f25b4e-183c-4a43-9227-09966e445b42,marketing_email,2024-03-19T16:14:21,,v1
0579173e-bf87-4470-99aa-c76fbc94fe7e,df8c3dd7-4bc5-4996-98e5-18e7ec0046e9,marketing_email,2024-08-31T23:49:08,2024-12-07T23:49:08,v2
814d8768-a687-453b-a993-392540aae693,5484b02b-221a-4bbe-86a3-3eccdcf8d2ae,data_processing,2024-08-24T03:05:40,,v2
074ec2c6-2d87-4ff3-abac-ae228ad00036,14dec3ce-7570-4c3f-af8c-e9c0d74cfcd2,analytics_cookies,2025-03-14T23:22:47,,v2
73cfb9c7-d8c1-48c5-bfa2-d704c3c11b6d,41653b96-0020-4b26-86da-cb8f9aac99a0,data_processing,2025-08-06T13:34:20,,v2
b85e8e67-16e3-4f07-81a2-7ac2bf8f545e,8639eac0-9cd8-4fe5-9e10-8526a16018d1,data_processing,2026-03-29T18:14:52,,v2
6500fa11-5a66-4ee0-99a0-414fd3f83706,30380af9-7c90-4e56-9717-61064c5ca79c,analytics_cookies,2025-08-29T12:17:31,,v2
f534523b-9ee7-405c-8fb5-8bec2e2d54cd,4ecae9d3-e8de-48eb-baf6-e76c81c58c66,sms,2024-09-01T22:14:01,,v1
b688c437-d53f-416f-8102-0da2c826a308,d4d6e685-70a2-49ea-b511-383a54d18cfa,data_processing,2025-01-14T06:30:21,,v3
1bdfde48-9fc8-4fca-a8de-80289282f5dc,9668fd00-799b-4cff-811f-a3e0528d255d,data_processing,2025-06-17T09:25:41,,v2
2c8d7ca3-49df-4dbe-8bff-727194b0757e,05f69a50-2703-4591-a792-14e2e5994b43,marketing_email,2025-08-27T21:54:36,,v2
dd3a0d5c-1e97-406c-ad8c-abe2df08b537,77475cfc-c7a4-44fd-aa82-b68053aa7540,data_processing,2025-02-13T13:00:37,,v2
1165d4f2-9a9d-4a00-bcfc-f559966c4ed6,153f6ea8-c8e7-4bfb-8273-72ac137733ea,sms,2025-02-13T11:16:43,,v2
4747db5a-2aaf-4447-b85e-5a04444b8b7e,3eaef1e6-c145-417b-875b-96a83a8a8dc8,data_processing,2024-05-16T17:46:14,,v1
28134d70-c308-4ca9-8431-1a22d8a1169e,07571aa5-5581-4cf0-9a68-006051f37c8c,marketing_email,2026-03-09T23:12:22,,v3
e36f6341-7ade-45f4-953e-2b7d3b6b6fdd,9eac28b8-2264-4e48-9c2c-b3f7384bc20a,data_processing,2026-01-20T06:09:20,,v2
e1a9d97d-4019-424f-a2a9-d8ffa510eff4,d78e6e3f-3ff1-49b6-9dcb-129816aa0ecb,analytics_cookies,2025-12-06T21:49:07,,v3
b243625e-032e-40a7-ab9b-3919249ea589,adaf0597-4b7f-4b6a-8881-40f3787bc862,analytics_cookies,2026-06-24T21:41:55,,v1
d6b7a84b-0fec-4d60-9f48-05cedec82c6d,34b17474-7fef-4a04-8009-f83028f66521,marketing_email,2025-11-27T05:21:05,,v2
0b2407ef-581d-4de2-a4c7-b35afa823b4c,4c710db6-7317-4d70-8dcb-6af9a4068e8d,data_processing,2025-07-16T13:02:22,,v3
0c2381c6-a1bb-43c7-9011-e9d45ac87ae6,28447ab4-5e16-465e-acd1-7fcacd2d97e2,analytics_cookies,2025-09-13T17:35:49,,v3
fbf2f068-4348-4bf3-b891-ce0b33365129,6f1db361-6600-4690-8cd8-5520d4257b7f,data_processing,2025-06-28T01:47:04,,v2
3acd48e8-d6a5-4f66-8ed7-aa3b9482d34b,7e26cac1-f9ea-443d-a6d7-b0d624d82143,sms,2025-07-02T21:09:18,,v1
ef438e47-702e-4735-9b72-233cf58ff459,c502b1f4-b287-444d-b643-953150ebee0d,analytics_cookies,2025-12-07T10:36:17,,v3
73102d3c-dfdc-4219-b92c-6d1417447546,661d2fc6-9fa2-4c79-9d19-44c73cb68448,marketing_email,2024-03-15T20:04:57,,v2
fd356333-adb4-401f-a36f-7a64465b74a8,189edb91-3f25-4f32-bfb4-64bd4052cb1c,sms,2025-08-29T07:09:50,,v3
fed2f878-5c9f-4409-bb54-b20e2aff0837,efc6a229-f984-41c8-b741-83d9a46c5fd1,data_processing,2024-05-26T10:45:03,2024-08-28T10:45:03,v1
39416316-d15d-4dd4-96af-4538f5e1f4e9,49c4bc11-2495-438d-9b87-3c395574433f,marketing_email,2024-09-12T11:25:40,,v2
2317e040-7e8e-430f-91f2-79ec28320cae,72fd6924-b954-4c8f-9c0b-2545d0efe53b,data_processing,2025-12-07T10:09:41,,v1
63a6b1be-4ee9-4a4d-8a08-61a19bdebd4b,314d5517-f29b-49b2-a076-3abe12756120,analytics_cookies,2026-06-17T09:26:25,,v3
c1ede0ba-ca2d-45be-b3a8-038cfb6771d1,013b644d-5645-44bd-8ca3-d7d254b2ba18,sms,2025-06-12T15:29:42,,v1
2d1f07c2-9292-4ea9-bc49-74eccd285e2e,ae6e644d-c310-4f23-84dc-5063fc2e2953,sms,2026-01-23T21:32:14,,v3
825be881-445d-4d44-8d12-671abc1a998d,91c5349a-5fb8-43b5-8af3-1b0018617bc3,sms,2025-08-24T07:42:29,,v2
efb425f2-e62b-4c84-92ed-cdc49818d2c1,af3dbfea-4df6-42c8-9826-57806904f81c,sms,2025-05-11T16:12:11,,v1
87d24243-1afa-493e-aaab-4bb74b3272ff,0a34659d-f0b2-4bdb-bf92-759aea838e90,analytics_cookies,2026-02-08T20:52:39,,v2
635cfead-020d-4e46-b43a-3e208b899c8a,c052cca8-a71b-4e49-b713-c012bcfce146,sms,2026-04-01T18:40:15,,v2
320f59b7-b5a7-4c61-94f2-465d1c9f6e1e,a48b7707-e594-444f-854e-67d65eb9105d,analytics_cookies,2024-08-05T12:09:36,,v3
f23f4be1-07f3-4b33-9326-524ff573d9cd,b4eb2e6a-e0ab-46b4-8a7a-cb2e92d8e009,analytics_cookies,2024-10-15T17:30:16,,v3
bfb5dc9a-73c7-4d21-82b6-09af2bb5a4c0,f35eb7b6-1b25-433b-90b5-29212b72f6e2,analytics_cookies,2025-06-28T14:40:26,,v3
e6d44ad9-2d52-4b14-9c4f-9fcc0c7300f8,2030e11b-f809-402e-8a1e-00aa3cb751da,data_processing,2025-05-13T02:29:09,,v3
63aae442-f4b5-4efa-b74b-ef28b20b659a,e50d93de-3e78-4f09-8406-df4f27f26c8f,analytics_cookies,2025-09-29T03:04:25,,v3
1ef4a9c1-a8ba-4295-94ac-1c4d295445ac,d5e5a6a6-cb8d-4d62-8551-298dee7f1f9f,analytics_cookies,2026-01-11T11:08:19,,v1
1d9ad320-2cbc-49c3-878a-dd04158a19db,3bfe5d2b-8ab3-473f-b56c-cdd86fff8877,marketing_email,2026-03-28T23:34:43,2026-04-21T23:34:43,v3
ae8e3030-a4a9-4824-8342-bbcaa014bad0,834105ff-e792-4a6f-be6d-fb89b4d75d4a,data_processing,2025-09-28T09:43:54,,v1
7382a4ca-2f31-4081-8c62-3568e03ccccb,b43d4e7f-d2c2-4f0e-a706-cfd02d61a398,data_processing,2024-10-15T23:51:37,,v3
5bba0fca-9a33-4819-a23b-a0d4b8e89242,f3feb7f9-9069-4fd7-be91-3800d1307935,sms,2026-07-06T06:06:28,,v2
c466bb85-3644-48ef-98e2-a7550774fefd,d78e6e3f-3ff1-49b6-9dcb-129816aa0ecb,data_processing,2025-08-26T07:54:40,,v2
73e9ee48-578d-4a9e-b65c-304c768b169b,c712217e-16e5-4f51-a9f4-055b5176e747,marketing_email,2025-08-11T00:31:47,,v1
7cecf0b2-3a66-4052-a517-2a21d010933a,187d49e0-634f-4e10-a10c-3b0be7408be0,data_processing,2025-02-16T11:06:19,,v2
1e050c32-d9fe-4c72-9d0a-649a2a7ef975,45ed3c5a-3c94-463b-91d2-73d3333fe5fc,sms,2025-11-17T07:19:16,,v3
ebd9b154-0ebc-4cc7-b4d5-c8007856d83f,28447ab4-5e16-465e-acd1-7fcacd2d97e2,sms,2025-12-28T11:18:50,,v2
a29164f7-21b9-4c80-9da8-dee010b52831,b9915f58-4f74-4518-bb97-0b1e58c541a5,sms,2024-04-18T16:24:30,,v2
36c81cad-544c-4afc-91ba-d399e34eed8c,d64805ac-2294-4438-af7d-1f1483e8fd7b,marketing_email,2024-09-22T20:29:43,,v3
0dc49283-5a34-44a6-ae3b-0d486e777b5a,0206c59d-8464-4845-9680-9463df25efd9,analytics_cookies,2026-04-29T02:30:03,,v3
5493a8a0-3384-439e-a276-580313877e8b,f772193d-0b52-429c-ac06-5e9986fefa68,sms,2025-03-08T11:08:16,,v3
e0b6aec5-83cb-427d-95d4-c4ba8237f95c,2e0d6ce4-794d-4494-bd1d-f44dbca8683f,analytics_cookies,2025-02-03T21:30:22,,v2
1bd29281-fb1d-4850-b72b-2ccf8754c2d0,fe2e9f59-c77b-4756-ad2e-fe864a560344,data_processing,2025-10-05T01:12:25,,v1
fae4e633-4bf0-4041-9a17-c0be6602ae54,10687c1c-9437-400c-a604-0e19882c65e1,data_processing,2024-04-30T08:55:17,,v1
625bc331-8128-4798-a707-c0a5e6bed98b,50fb8eb8-955f-41ca-ab6a-faaff8141652,data_processing,2025-06-18T19:25:03,,v2
20881424-bf7a-45c8-aa37-a8064e9463b6,d477b62b-46ba-4eaa-a26a-8e3d43ea5a28,data_processing,2025-09-17T06:56:13,,v3
0da89e89-8747-4809-9002-dd021dbcb920,73d9c423-e9d4-428f-bfaa-b073b2c1f454,data_processing,2025-08-31T00:06:37,,v1
d7e0fae6-6c46-4425-986f-769ae87db835,9db0e79f-fdea-4290-ba7b-114141f33d1f,marketing_email,2024-09-30T16:01:16,,v2
04616c41-150e-4ae7-bc53-64e7ec7a69aa,f8486fce-bc07-4a4f-a6e9-ed6a06ba996c,marketing_email,2024-02-29T23:06:07,,v3
a88965ed-5e6c-40e1-a19e-706008aa7656,bcff2252-fa4f-4a03-88eb-6ff7b0e010a0,sms,2026-07-13T21:38:36,,v2
b30dace5-1334-402f-8e20-647dd7fa77ae,017413ff-58e5-4097-93e6-84f98038b20b,analytics_cookies,2026-05-14T23:07:39,,v1
2a89f87f-3064-491a-accb-c83294fcf7da,cbd53684-acf0-447d-b61b-35f8bcde6edf,data_processing,2025-08-10T21:59:58,2025-08-26T21:59:58,v2
af2073ca-4f9d-47c2-b993-06ca1c683b45,58491188-36e5-4fb3-ab3b-514e78a270a6,marketing_email,2025-11-05T04:45:33,,v2
90f5ead0-d460-4161-a1b6-2082965d43f8,d6de888a-0aee-4f77-a7d4-daba8f0da415,marketing_email,2026-01-03T01:56:53,,v1
b3186773-5181-436e-9e69-df79b817dc10,05d8d4ba-5569-4f0e-985d-5f63fbfee659,sms,2026-08-12T09:42:07,,v1
f01ffc02-c90b-4647-ab9b-08ca702b6b29,66975479-1eec-445e-a34d-78b59cc44f64,marketing_email,2024-08-13T20:14:41,,v1
2b66d7de-2c62-4f8c-8c29-d07f4c5d4bb5,49c4bc11-2495-438d-9b87-3c395574433f,sms,2024-08-24T19:54:52,,v1
d9a3f50b-f248-4eb4-a47f-e1692e69f216,dc634429-12c2-417d-b460-f3ed4903d539,analytics_cookies,2025-11-15T14:31:09,,v3
4403d102-4af6-4d9e-8f7b-b51e57a5b634,9813cce1-ec92-4b06-b6e3-ed8a73e34436,sms,2024-05-02T12:12:17,2024-06-19T12:12:17,v2
3770f457-113a-4a5c-bced-a899f62add7b,a1be3ec3-e6d6-43ba-8011-02ffe7491e78,analytics_cookies,2024-03-28T00:04:34,,v3
de9b926d-cb36-4fe8-b701-0e599cd1b212,74b13d9f-159f-4adb-8b2c-a623d67b529e,sms,2025-02-04T06:44:12,,v3
46a8cdf2-9713-4a8a-b485-ec79e87aa4af,1bf35f99-4627-4c80-a5f8-0797538eaf54,sms,2024-11-10T02:21:28,,v2
95dca4bd-4006-437d-ac11-20135d6cb186,5484b02b-221a-4bbe-86a3-3eccdcf8d2ae,analytics_cookies,2025-12-17T22:53:40,,v2
447cad51-7d18-4b2a-8431-0bed44046870,87fc5559-9d20-4780-8c0e-b7c248cd6236,marketing_email,2025-11-04T09:52:04,,v1
a68d08e1-1e9c-41d2-a27d-56379791fc26,d285a28f-6fa3-4c70-9469-73e7fe1787ae,data_processing,2026-01-29T05:54:43,,v1
f2f48158-dae3-4acb-8a30-a3aa11ecbeaa,afdabd06-a2b4-497a-93b8-7bcf582b5d3b,analytics_cookies,2026-06-23T09:59:42,,v1
27f48aaa-2115-43fb-a5e2-185868232ea1,e83c866a-6830-4488-8842-ce77146d8d41,analytics_cookies,2025-11-11T01:49:38,,v2
96f65a1b-17b1-4f44-b606-543b14ae2afd,40da201b-b0f6-453a-97ca-b9d61306ad15,analytics_cookies,2026-08-13T21:32:02,,v3
81b987b7-5400-466e-85aa-b2d476c54dcf,69731d27-9caa-46cf-8933-d01e29b20043,analytics_cookies,2024-03-08T00:27:17,,v1
acad5baa-e2a3-49d1-8b13-cf6acd4c5414,65dbcba7-fbb7-4837-ace0-5cd3cc5dd4a4,marketing_email,2025-09-14T00:52:53,,v3
e43cf10a-ffde-475b-b617-89c41a473401,d47a83f3-a765-4a20-b40c-e0993cf00e4f,data_processing,2025-10-23T03:43:00,,v2
d31fe082-e879-4210-9994-79b2791c46b7,3ad60b3b-8b4b-4504-9d49-adfd74fe548c,analytics_cookies,2026-07-10T11:12:05,,v2
f7091fae-5155-43c9-8b1b-42f9354eab1c,4fc0f100-7ad9-49a8-9620-f0e3a0e42a80,sms,2025-12-16T12:49:05,,v2
92bf29ff-bd4c-450e-8171-eeecad1a52cc,c50959f1-d990-44ff-837f-4062c769ae54,marketing_email,2026-05-28T05:41:00,,v1
410dd13f-4afd-4c88-8834-67fc6b1fefb9,e77008c8-b7e1-4bb6-93d8-8383d6385531,data_processing,2025-01-07T12:37:58,,v3
919a5da3-8559-4da4-8df3-7a3bc7b60b0a,1d94038e-346e-4263-a10f-7fa4e5d1179e,sms,2026-03-01T12:31:35,,v3
9e7ef072-69d5-4584-a8f2-b420efb5a83c,72874237-a564-45ff-95cf-5fb3ab18e7c8,sms,2025-05-26T10:20:30,,v2
d001a9fe-8e2b-4dd0-ae0c-5850401f5ada,89b94667-2d12-4e7a-bfdd-f37056d10195,analytics_cookies,2026-05-29T09:15:30,,v2
7d628095-6f1f-493d-8123-9ac151fab802,bab8979a-8cd9-477b-bbd7-2e1dbab88437,sms,2025-12-08T15:05:36,,v3
fb01eeb5-c298-4a6c-9770-ee239f292940,7d0a9ece-1d73-43ea-98e7-8bbe21e890ec,analytics_cookies,2025-06-25T12:36:06,,v3
aa5811d3-2ed9-4dc6-bf48-5ee8a861fc04,d10408ec-2013-471e-b6a9-e3bcf0e25322,marketing_email,2026-08-01T10:57:36,,v3
fa2fcc6a-7d72-4c18-9631-2a1e5c9b3263,89b94667-2d12-4e7a-bfdd-f37056d10195,marketing_email,2025-12-29T03:11:02,,v1
1973368d-7377-4e1c-a671-962cfe0c34a3,be999c23-fb5b-4060-b4aa-bd50fe8ab5f6,data_processing,2024-03-19T07:20:35,,v1
e6e89898-d510-4ae3-bf57-59cbaef63904,9adbebb4-c5dd-473e-b0ca-c36f10577392,data_processing,2025-03-08T05:45:28,,v1
eaf9feb1-a789-4933-9592-0443e30147aa,47e4f30d-f965-45df-8474-93d5aeaf7cb2,marketing_email,2024-09-26T18:09:22,,v3
cf34df91-ea56-48ee-8f36-e2313826f8ee,57476af2-aff3-4f50-9313-77926b1859bc,analytics_cookies,2026-01-05T10:35:33,,v2
5b57ae85-deb2-4ec2-996d-cdde969fd5c5,aa006c1b-6b97-4f02-99a9-57923d13eb8f,data_processing,2026-02-03T12:58:12,,v3
9029712c-8be0-4f3b-ae91-75e26909e455,a30edde1-4a46-4acb-905c-013e285a8101,analytics_cookies,2026-05-25T21:34:58,,v1
f62e4f20-dbc4-4dc8-831a-40adde7a7b40,723f776c-3ad0-4fa2-8177-a80f2cab59d9,marketing_email,2025-10-17T22:27:03,,v2
2b5627e5-6804-4728-adc5-5c30321ad866,3810f8e6-9278-4c26-9be0-d6d6c35fe477,data_processing,2024-06-09T16:00:20,,v3
99c1a9f5-22f0-4cda-b443-2543119adad2,4740d6a5-b760-477f-83d9-7d1c3e04f0ba,analytics_cookies,2024-12-25T09:26:25,,v3
8f4545eb-b56e-4ebf-bbf5-33c1614b5438,67f25b4e-183c-4a43-9227-09966e445b42,sms,2025-06-13T18:05:42,,v2
2dfbd1b9-508c-4aae-82a1-6d3819e66dd8,758d0e66-e551-46a4-b8f9-0a98d7161e93,data_processing,2025-02-02T09:37:58,,v1
dbff1037-3d7a-4cf4-bf43-1078167f43aa,a5781cf5-d32e-4370-b0f8-4f229bc0efa4,sms,2024-06-24T20:54:54,,v1
ce18b280-1889-4640-93c7-b7dfa27eaa31,953ad96a-103b-4460-a3b5-14b78403eb5d,analytics_cookies,2026-06-29T17:12:53,,v1
d0453c02-e744-418c-a2c9-83423d7b1150,265cf9a7-b023-492e-9e62-3896325f1c48,sms,2024-04-28T09:02:30,,v3
25d9da09-0ff2-440b-906f-2d2c1ce8350e,9668fd00-799b-4cff-811f-a3e0528d255d,sms,2024-03-13T13:58:56,2024-04-23T13:58:56,v3
00f4ebe2-e03d-4f03-be2b-0eb7eef198df,8fe1e8f7-9891-4978-ae6c-34234f35c728,marketing_email,2026-02-08T03:44:54,,v1
a5c2ecd4-a2a8-4657-b52d-715b4c4f4f06,66dda3b2-66cf-4b2b-90b2-91abe28f6aa4,data_processing,2024-08-02T21:50:50,,v3
01f634c6-e7ff-43d1-898c-e5cee4ac6785,66dda3b2-66cf-4b2b-90b2-91abe28f6aa4,analytics_cookies,2024-03-30T18:45:04,,v1
6ecadcbe-8091-484c-91ce-b8139ee31042,3f78077b-93c7-4c4e-8976-f16cb11cfcfc,sms,2024-07-02T18:21:51,,v2
88737882-f952-4499-bfd9-16a04ffeeacc,63af441d-70c7-4c4e-b495-80b967849285,analytics_cookies,2025-01-25T05:12:26,,v1
3372e306-b06a-4e27-9b6b-1494a1932b05,fd9f1577-416e-472f-aad7-7bd5c56293f5,sms,2026-08-11T09:59:47,,v3
5a147192-50fb-4d7e-9c4d-3621e2527504,cd709ef0-753a-4968-b981-ab264708b37a,analytics_cookies,2024-10-01T05:27:02,,v1
e90a844e-bc8b-4b67-ade6-768c2878d8a6,45ed3c5a-3c94-463b-91d2-73d3333fe5fc,data_processing,2025-09-23T20:16:52,,v1
48db615b-18d2-4fb8-9416-4833221986d7,943fb486-16d5-4258-99e7-8340b1862e76,marketing_email,2026-07-02T10:17:25,,v2
52811c0c-b0ce-451c-9a0d-94449b8643da,ed79e1d1-f247-47da-b20f-17c6184db706,analytics_cookies,2025-03-27T06:56:01,,v1
134a3ab7-a920-4c89-a0bb-e8709cccd39e,d47fa6a3-60cc-4d46-8dc2-9b3fd5e43153,marketing_email,2024-09-11T04:48:13,,v3
f53140b8-b8f5-431c-9942-3d9dc4a74147,a054cb90-d7e9-4236-9533-fc7fd2b1fd77,data_processing,2025-10-21T05:34:03,,v1
f2256a41-2607-4e21-a398-79484cbd29fa,2f162c0f-4d00-4d10-88ca-6dd2b94f24f5,analytics_cookies,2025-04-12T06:33:18,,v3
6fa19c12-7b2f-4f12-a881-203355d4a9d3,6bb94756-3d64-40f4-9ecb-bc26ede41625,analytics_cookies,2025-02-27T08:18:26,2025-09-01T08:18:26,v1
db4b876e-63a3-4a4d-bdc0-7107e2233a04,b8edba64-3db4-4841-8f8d-dc00dce6fb67,analytics_cookies,2024-03-23T02:18:31,,v2
d60badb9-74a7-4dcb-9509-a4b43253abff,51e5a1ad-d8d2-4387-82fe-860a54c87f4b,data_processing,2026-05-06T08:37:08,,v2
952010a5-b764-439c-b746-33c3d0a92e6d,0abcb3b4-7e1c-4638-a21c-af1df3702f27,marketing_email,2024-11-24T19:27:16,,v2
24f60eb9-5918-4a97-b0c4-8157af67c102,723f776c-3ad0-4fa2-8177-a80f2cab59d9,data_processing,2026-04-09T10:09:53,,v3
028de633-6ba2-428a-b2c0-dc37d4d4561a,c9276a13-5b0f-4ce9-8802-3e0ead192508,data_processing,2026-05-13T07:07:11,,v3
113101f4-bcb1-4c4f-9914-a2e4bc590ae0,0d78df79-b2dc-4cea-b7a0-712c91c0433d,analytics_cookies,2024-05-28T06:24:45,,v1
1ddc4051-8df1-4418-888f-ace53ec2a5b1,33a6f9f2-9265-47a5-ab40-37c29c87ed07,sms,2026-03-16T11:53:29,,v3
ee2d8572-b213-4b72-b9f7-7e0374804031,355d89d9-bf5a-41df-9382-a5e57cbbbec4,data_processing,2026-02-20T17:17:49,,v1
6a44c0e4-948c-40e3-b2a8-8e86208911b8,7532eee7-0f38-4249-9459-e40b83d75db2,data_processing,2025-08-19T08:13:38,,v2
878bafb8-8430-4356-b93a-801d66c7182a,33326773-e843-48d9-9641-9990733d705a,analytics_cookies,2025-05-03T00:52:24,,v2
9db08398-46ff-427f-944f-586ef6cc84cc,9ede5407-362e-465c-a234-482e1f2411c1,data_processing,2024-04-06T05:14:42,,v1
6c018211-7678-4625-81b1-ed038639dfb7,95381466-0836-4fd0-b05c-e8ca6147a51f,data_processing,2025-05-24T12:11:23,,v1
55f7da5d-ba55-4e21-bb42-e6dc33233cea,0abcb3b4-7e1c-4638-a21c-af1df3702f27,data_processing,2025-03-07T17:18:38,,v3
b1a1dca3-b5fd-43f9-ae96-f70778d2cd80,7532eee7-0f38-4249-9459-e40b83d75db2,analytics_cookies,2024-12-29T12:08:35,,v2
f0a8a396-afb2-45bf-b7c6-5c51e31a40d6,5bf14829-99bd-4d3c-b504-edd1e45593a0,data_processing,2024-03-10T15:54:47,,v3
1040d1d3-64f6-42cd-bfd8-7d5cd5b23f9c,066ca82d-85b8-45e6-b262-bac0bb3c0e21,analytics_cookies,2024-11-17T02:37:11,,v3
e188a1e3-d8e8-488c-a806-dcfb45119118,be6fcaa5-9911-4bb6-b97c-47eb53c88b32,data_processing,2026-06-15T02:22:21,,v1
127a6de1-f16e-488e-adb7-71d03af3fbad,c664111b-b80e-45ab-b2de-ee220ea29fbe,data_processing,2026-05-06T08:11:43,,v3
0e084d22-c854-42a4-8e79-61bb33fe87d4,72ad36e6-90e5-4d1f-8978-44a18ed7d4e0,data_processing,2025-11-07T09:20:05,,v3
65eb2b7a-4aa8-4b9f-8c58-b6e18313d256,13b24541-2c78-41cb-a6b6-e8713ab9a16f,sms,2024-05-04T21:01:44,,v3
130c0425-1a78-424f-88bd-805438445881,09a354a5-a7cb-4687-8a52-c4a71feba0d2,analytics_cookies,2025-06-05T14:36:45,2025-08-03T14:36:45,v1
69e1b20a-eba2-4e3c-bb91-cc3b01739b3a,416cd82a-8e13-48b3-a6e1-dadbf5a29d2d,marketing_email,2024-03-20T13:01:35,,v3
9795b591-96dc-44ab-9ccf-4afd8ab23a5b,920c0197-3c76-4cb7-90f7-b1a687043563,sms,2026-03-12T01:21:34,,v2
1ae767ca-9e51-4f59-adfe-46582236536a,bea5ef1d-43b9-4df5-b3d1-436f675ec066,sms,2024-07-03T18:29:33,,v3
436905bc-16ab-41f8-b058-63bc5b295a46,58ebbf6d-7eee-4180-aa0d-151621abffcf,analytics_cookies,2025-09-24T05:54:56,,v2
db75da28-d007-44cb-a065-b5b76fea440f,89c8f0cc-3bd3-4bf1-9560-ae8aad1315ce,marketing_email,2024-11-06T21:35:07,,v3
db85220b-ff4a-45b5-9a29-f84d0a636a13,54c7fff7-8475-4ccd-a380-7e8187501723,marketing_email,2024-04-26T11:07:34,,v3
060f748f-effb-4008-877c-1638efaea48f,148d63de-77f4-461d-b3ca-5369e9a98e7b,sms,2026-08-14T02:36:36,,v2
b8377108-9688-4555-a844-c967d28a4a5a,c5dde410-2c70-486e-bb0d-974b2798825b,marketing_email,2026-01-07T20:15:57,,v1
dab9d114-063b-4e5b-ae0e-3eeafe5b9b74,c630fcf6-11c8-465f-9498-0839aee67e55,data_processing,2025-07-13T14:01:05,,v1
dab9e8bd-cbab-4ce1-9b40-5f82a707a1c7,a2ae6f2d-02bc-447f-9852-0d197780e7d4,analytics_cookies,2025-01-10T10:14:16,,v2
030f9cfd-1cd9-4f7c-b9aa-d53085afebe8,4041ba09-7a39-4b37-9e0e-f39a765d9c82,data_processing,2024-08-14T08:30:49,,v2
0ac771b0-c4f3-4bdd-b49e-036f6a728e71,3785fc7c-35aa-4e40-b620-f54b10e8a832,marketing_email,2026-06-14T19:12:21,,v1
5a42bd66-5cc7-4087-9298-a3e4ba2caee2,05fae288-07c2-4e99-a945-fa3fbfa123ed,marketing_email,2025-09-11T20:06:30,,v3
301711f3-1b62-4db7-97ee-ca5dd2a8cc15,73b79064-9e0d-4b3f-87d0-6ab33593b492,analytics_cookies,2025-12-04T14:11:42,,v2
5095e63b-a036-4d1a-a9c4-246c74dc6b31,8e312b31-712d-4fc0-84dd-27ff2b1dd09b,data_processing,2024-10-07T06:27:43,2024-10-30T06:27:43,v2
7db9132b-1747-47be-a84d-4b55e0546a84,72492cee-bfcb-4501-9a63-5afe45f5215a,analytics_cookies,2026-04-28T06:57:41,,v3
6bced94d-79ff-4d34-b6f4-aabc8cd23663,86fb0f27-e52e-40a4-8499-5f1610574213,analytics_cookies,2024-03-15T08:15:44,,v1
b9dc505a-7c53-438c-997c-ee215ec1547f,6aff094b-52ed-46fe-8904-5752ec7e76ec,analytics_cookies,2024-05-12T02:50:35,,v3
0da7920f-da67-429a-a541-64c086ff4b93,2ffdab76-6ec7-4dce-bd58-e9b2f6da991c,data_processing,2025-06-22T10:31:32,,v2
d1260d09-90c9-41ec-80ff-75f47c55c0b0,55ae024c-4a5e-49d8-be84-2f493dc83880,marketing_email,2025-01-31T05:30:34,,v1
7d4f0c47-64e7-49e2-a021-5c4e67cc238a,1bc088f8-fdf1-442f-9491-1287abc066d3,data_processing,2024-11-05T11:15:25,,v3
a6bc230a-f249-4a55-9087-641d8cb32ac5,1757e1cd-b99e-42a3-9e19-1b1305127836,data_processing,2026-06-22T06:51:17,,v2
6957e9f6-497e-4142-8c93-199ef423a35c,41b09fe3-c0bf-4484-bc20-f48aedb5e7d5,sms,2025-09-24T06:37:13,,v3
221269ed-67da-481f-9294-a06befe6a8e5,787f43ea-3f2a-4f90-967d-6479bad4f1a9,marketing_email,2026-03-08T07:10:53,2026-05-11T07:10:53,v1
b3538ee1-7fb8-4587-b7a6-66f5ff320954,c11308cb-8153-4e7b-9149-9b6b5c0aa137,analytics_cookies,2026-06-05T23:37:33,,v3
5dcf0356-b278-406c-b93a-261424fa4539,120d57b9-de14-4717-aefe-ab126645435d,data_processing,2026-07-12T15:49:49,,v2
04bc8067-f111-4a4d-ac17-9b2b704f6290,a1a72036-c041-4a92-a719-9bbf0e21d53b,data_processing,2025-10-05T10:35:35,,v1
04eedaaf-73d6-4a0d-8471-0dcd2ca5159f,5b6d3273-0554-4f9d-bc05-2157626c1ad0,sms,2026-05-06T03:03:03,,v1
3a903b3a-6f20-4d7f-9eff-239a31e857f4,017413ff-58e5-4097-93e6-84f98038b20b,data_processing,2026-01-27T16:29:20,,v3
04a46c6f-08db-4c2a-8658-5753a2221135,b06bdac7-cb60-4550-a13d-62da39a1c53e,data_processing,2024-05-08T22:29:51,,v2
04421a1b-87b9-466a-bae2-7f8118a3e472,875e080f-6237-421c-b26b-433b3b0c6584,analytics_cookies,2025-08-11T21:54:08,,v3
0093e07a-430c-49f9-a6cb-0e9475709113,e7e3f8e8-5e9a-4cea-90ea-8ba71ec98685,sms,2025-01-26T06:59:45,,v3
6c06a49d-62da-44bb-bb54-6d42c14667a4,3f5140d0-d9ef-4655-a6ab-69e5e6921143,marketing_email,2026-03-03T20:41:34,,v3
b99a6512-c2af-4152-b8e6-46c00ae05504,84a120aa-c994-404e-9e74-8277a6f9eb4e,sms,2025-05-31T05:17:49,,v1
a755b4ac-7c95-4287-890d-fae8c17ef56b,0b4a904c-b6d7-4355-b1ff-3744b3831112,marketing_email,2026-07-05T09:33:52,,v3
995ceb44-37bb-40ac-b832-d604982b4af0,359ce707-dfea-41f8-be3e-8689b460486f,analytics_cookies,2026-06-22T21:18:52,,v2
c9536e9d-fa4b-480d-a37e-d5c35ced7356,c108b321-1696-4fbd-8457-87fd61ca65d8,analytics_cookies,2026-05-06T09:05:21,,v2
9a2ce65c-37bd-4b53-96f5-bcd0995d0ded,b0cab1cc-6689-4922-a78f-5c6e1c458cd1,sms,2025-01-03T16:48:49,,v1
d563425b-120c-4279-9141-4cd99802f6bc,5ed25035-4723-4154-823d-a8c8b4c02e51,marketing_email,2025-08-31T00:23:48,2026-01-08T00:23:48,v3
77857c2e-5e59-4ceb-8e7c-72549b0d6524,67d2941c-ef55-4f74-9994-431a09ee14db,sms,2025-12-06T11:03:22,,v2
dd38eacc-3337-44da-97ff-ef609ef878a9,59292cdf-6314-4444-aee9-45a78c76dcbe,analytics_cookies,2026-04-19T05:33:10,,v3
46710272-fb16-4b6f-a549-52a749f532ce,e860f5d5-878c-468e-a446-059ba8434d4b,data_processing,2025-09-16T01:06:36,,v3
4a6bc1c0-b8ec-4a6c-8ee5-162780c2b052,23c5eb35-05e9-4347-8854-ee86ec27393e,data_processing,2025-06-02T03:33:47,,v3
6706cede-9511-48de-b817-a08beee77991,5f8c9b91-24ee-43a2-b758-fece4c2fd787,sms,2024-07-13T19:30:48,2024-11-24T19:30:48,v2
f176d48e-6294-4755-bae8-9db9c4931977,49a962c3-f4f1-4c85-accc-a1e3a243a202,analytics_cookies,2026-07-15T07:49:53,,v3
4e789cd4-c8e6-4c97-b173-fe89d72977eb,1740f65f-2823-4d8a-9ff9-2bf6dfcddfb6,marketing_email,2025-07-11T21:02:46,,v1
c5b4accf-8e31-472d-824a-06d5c94d3fbe,5d59a09d-7696-4e1b-a171-abe3b79fff2d,data_processing,2025-07-07T03:13:17,,v1
fbf4d9ad-0062-46bf-8fe9-ac8fd4bcaec5,49421d99-2baa-4a3f-bbff-4e4d4e0062aa,marketing_email,2025-11-15T01:56:49,2025-11-30T01:56:49,v3
47cd71ac-629d-4238-8eb8-4bc2fd81b486,6bb3949d-b446-4beb-bcc9-01846e7ef85f,analytics_cookies,2025-02-21T07:40:51,,v3
494a01a2-527d-4569-87b5-badfb4b1f932,7d0a9ece-1d73-43ea-98e7-8bbe21e890ec,sms,2024-12-04T03:56:29,,v1
fcb1c8e2-8f5a-458f-a10d-841bedf17f2b,7745384f-ccaa-4363-a18b-5e9ff0a824c0,marketing_email,2025-06-17T08:10:30,,v3
8b5e0c14-15f4-4f0d-bc73-4da4fbca6584,f962820d-d110-4903-9fbd-86a2ba5a9687,marketing_email,2024-04-07T16:04:04,,v1
69fae846-1e1e-4c0d-b77a-13e838e55633,d0299f60-146d-4716-bc55-eb830a04779e,sms,2025-05-14T19:35:23,,v2
48dfa937-28f9-4534-a3ba-8aec2e193f71,3785fc7c-35aa-4e40-b620-f54b10e8a832,analytics_cookies,2026-06-21T02:29:35,,v1
735b7b44-b213-4483-be67-f97b8c67f25f,0000bd8e-496c-42aa-9430-fea7f9bd6a96,data_processing,2024-10-05T18:50:16,,v1
5b1c9c53-9653-49c8-a1e4-cd4ff4884b89,ae6e644d-c310-4f23-84dc-5063fc2e2953,data_processing,2026-01-27T11:13:14,2026-05-19T11:13:14,v1
16614c1d-5a1f-4a3b-ac97-a5434e61c4a6,0313557a-f7d4-4834-be26-3977f30a5235,sms,2024-09-05T04:02:18,,v1
72e8b15d-fc54-4c6a-ac53-bbb145f65831,446153de-73e0-4d85-a593-2c3ae8664564,marketing_email,2024-08-02T20:51:28,,v2
da68e6fc-d758-46ea-9cf6-939a406a0e80,1991aaf6-d1b3-45f3-a33b-7a9174d18f8b,marketing_email,2024-04-14T06:29:36,,v1
efe0660d-d9e7-46d5-93d7-748b5d20364e,e6ef189a-76de-4ef5-ace2-676d69273e22,data_processing,2025-02-28T15:40:58,,v3
a95048d8-5969-4757-857f-72d4652e1ec8,0bc37503-ab88-4833-9b4e-1355bdd20deb,marketing_email,2024-12-15T19:51:31,,v3
93099dcb-d96f-4c7f-80c9-e567983e434d,05f69a50-2703-4591-a792-14e2e5994b43,sms,2026-06-29T12:06:01,,v3
3952186d-14b6-485a-b0e5-8833577461be,5484b02b-221a-4bbe-86a3-3eccdcf8d2ae,marketing_email,2026-07-12T23:50:12,,v1
ca5f7494-5b77-4630-850c-a0044f865300,b2664ec9-be42-46bd-9f6d-073a50105636,marketing_email,2025-04-11T08:32:44,,v3
2c32504b-4662-44d1-832b-2e31a0775d30,5d59a09d-7696-4e1b-a171-abe3b79fff2d,sms,2025-05-24T02:54:53,,v2
4d7b3731-4b28-4167-942d-6db475d83dc6,3eb1c53f-4af3-42d8-8608-40548ce4843d,sms,2025-12-23T09:43:44,2026-04-03T09:43:44,v2
d8d48ff9-9723-4a7d-b157-552b7b3c079d,2480125c-2d37-405c-96b9-ca32b2c75b33,marketing_email,2024-03-20T17:33:34,,v1
23ab5eb6-4019-418b-83c8-14cea1487dcd,d3adc9f1-fd4e-45ad-9d75-0919a6617f7a,marketing_email,2026-03-24T06:14:50,,v3
8da75844-6b39-4e4a-b218-e3608c1f95aa,47ac22ab-9718-46c4-ac3b-e6473f31a413,sms,2025-04-23T16:56:09,,v3
c9e419d6-8a63-4372-b364-9810f4ebdb3a,97bbee89-2209-4d9a-9f20-d3327baf7efe,marketing_email,2025-06-14T23:54:33,,v2
fc6be843-022e-4c4c-9f3f-c1568302fa9a,80617fda-335d-411d-aed3-ca3917a8cff2,marketing_email,2024-09-17T10:01:55,,v3
88dae67c-1902-4069-abd2-41b8efaebbd2,b0da7a9b-77d7-407d-8506-51705503fa05,data_processing,2024-05-14T10:47:50,,v3
cb63b9a7-30cc-4f7c-8802-d6308adc85e0,59292cdf-6314-4444-aee9-45a78c76dcbe,sms,2024-05-07T17:59:14,,v3
c27493c6-8612-4604-bf4e-e1b6828093df,a4bf9059-6cd4-4e62-9a86-ff20975d7434,sms,2025-06-10T23:01:10,,v3
0cfe5616-978d-4100-a2b1-618839cde9ce,47e4f30d-f965-45df-8474-93d5aeaf7cb2,analytics_cookies,2026-01-03T19:04:22,,v1
3d1f7832-d1f1-4e06-bb66-801a23d33411,8fe1e8f7-9891-4978-ae6c-34234f35c728,sms,2026-07-31T09:49:42,,v2
a2cd80c6-5ea6-45e9-ba2d-b95c238eb355,43217606-3354-4bb8-b967-c358331d8375,sms,2026-06-24T17:18:00,,v2
177649cc-85a1-4183-8f37-c44df82abd4a,1bcdbd0d-0e2f-4fdf-a8d5-214d3b49c7e2,data_processing,2025-07-09T06:33:13,2025-11-18T06:33:13,v2
8a9c32ae-641b-4b99-97cf-52c105d039b2,3218db6b-84e5-453d-8de9-a966eecbacc6,analytics_cookies,2025-02-27T08:27:57,,v2
76134c8d-71b9-4b0d-b3c1-1cdfd792ba7d,43df30db-068d-40fc-8576-7e2f6e62f2f6,marketing_email,2025-01-29T16:04:35,2025-06-29T16:04:35,v2
946116bb-649b-4de1-8d48-d1f5ad0545f3,2dc965e2-d3fc-4bc8-a118-d1636dbfe8c5,data_processing,2024-05-17T08:09:03,,v1
d88fa530-2079-4ad1-9140-2e0ca6e4961f,2660b7ac-6c46-4392-8ddc-26194c532341,data_processing,2026-07-07T03:40:02,,v2
557d7697-81e0-4ae1-becf-805d73164ba0,e60ba363-7c8f-4fba-8c98-2d4952e8fbc5,marketing_email,2026-03-07T07:42:57,,v2
8bd0059d-fbb1-4328-818b-4f3f7143b231,b998f134-9c6e-4e5b-9a37-d0d9dbc72f85,analytics_cookies,2025-01-02T11:30:20,,v1
5c5d1626-977c-4321-b524-a8f3a78650ca,8416975a-1321-43a3-b3e1-577aee3b59ae,sms,2024-09-03T23:11:58,,v2
cdd44d80-cd7a-4ef3-bb94-b2a60dc9da68,cbd53684-acf0-447d-b61b-35f8bcde6edf,sms,2025-07-29T15:28:35,,v1
daf936a2-75b8-4762-87da-fcd780818ddf,b2664ec9-be42-46bd-9f6d-073a50105636,analytics_cookies,2024-10-21T22:35:45,2025-04-01T22:35:45,v3
eb12ed1e-3d3b-4e40-8125-82d2d0b04aa6,96f4e93c-c759-4fc7-b4a3-c8a153858bea,sms,2025-09-19T03:24:23,,v2
cc71e3d9-e46a-4552-8249-6891aa918221,4ecae9d3-e8de-48eb-baf6-e76c81c58c66,marketing_email,2025-08-22T07:59:41,2025-09-12T07:59:41,v2
47e075de-8b9b-4a63-ad6f-36f66facf925,672a02fc-236c-4c57-9ef9-218b783ce0e3,marketing_email,2026-04-22T13:08:54,,v2
8b0d0d26-6a82-4db6-8c39-b7a82d5653d5,7aa35447-7686-43f7-bb98-14b1bc5fe250,marketing_email,2025-02-15T20:43:35,,v2
2326523b-c3e8-42fc-a31f-bcdc0cd72d31,2a0095cd-099e-45f3-a8ed-241dbe5cde18,data_processing,2024-05-19T10:41:16,,v3
e90fc7c9-8a08-45b7-8911-6edf6422fb3c,19d5ac88-a8cd-46b8-9f3d-d5ef3a0adfe2,analytics_cookies,2025-06-13T05:35:58,,v3
292b21a9-3f09-4f05-9dd0-767301d59792,f11283f0-4183-4d8d-a117-4b2a2c070ec2,sms,2026-02-18T12:24:39,,v2
44a61eba-5140-4598-883d-76d41174fba1,3d097c4e-dd09-4cfa-8460-39fd4fb8a1cc,sms,2025-11-24T12:41:02,,v2
f7dfe9e8-c886-4c3b-8a31-c19cdab13dc4,861181e6-5d97-48a8-bbe4-226caa976140,marketing_email,2025-08-03T02:01:26,,v2
d885bcc4-5f03-4172-aca2-a17e4a7a7438,55ae024c-4a5e-49d8-be84-2f493dc83880,analytics_cookies,2024-09-12T04:17:34,,v3
5f08ca2c-2eb2-46ed-b98d-9b7a00a8b3e1,ba2bf5e1-4b63-4bb3-b83a-f10438f84258,data_processing,2025-07-06T06:19:03,,v1
