id,fulfillment_order_id,event_type,occurred_at
d14185a6-5c59-4441-863b-1a0e92de411a,40464aa5-9045-48b9-be92-2b767c28c79c,created,2026-05-12T06:46:40
d849f892-76e1-43a7-a40f-fc5e3fbc9a98,40464aa5-9045-48b9-be92-2b767c28c79c,picking_started,2026-05-12T18:43:19
76d08256-9ad2-4da2-9492-9ae064d8875f,40464aa5-9045-48b9-be92-2b767c28c79c,picking_completed,2026-05-13T05:46:00
2a34aa59-1edc-4cb8-a87c-005979f91323,40464aa5-9045-48b9-be92-2b767c28c79c,packing_started,2026-05-13T15:39:32
5f4a69e4-08f6-4c8f-9fd6-77886b3696e6,40464aa5-9045-48b9-be92-2b767c28c79c,packing_completed,2026-05-13T16:44:41
25a1a74e-284b-47f9-a412-66ce06c20633,40464aa5-9045-48b9-be92-2b767c28c79c,shipped,2026-05-13T17:29:52
479f4ffb-1968-470c-9633-bf231d9b9cdf,427f6ff2-264f-49a8-9a66-72498a536a80,created,2026-03-09T01:47:40
19ce96e1-5823-46cc-9513-a765cd1d1f72,427f6ff2-264f-49a8-9a66-72498a536a80,picking_started,2026-03-09T02:35:35
ceed0049-bb11-4b5b-922e-e43835535e5d,427f6ff2-264f-49a8-9a66-72498a536a80,picking_completed,2026-03-09T10:24:53
6a66e597-6ebc-4ca2-84fb-568fd29b8c3b,427f6ff2-264f-49a8-9a66-72498a536a80,packing_started,2026-03-09T16:20:11
97db3566-d386-48cf-ae2d-e4d9a9faa213,cadf9c1c-598c-4f17-96af-e495cb5c7013,created,2026-03-03T23:43:15
a9f34239-8ec7-4c28-b63c-0931e884b766,cadf9c1c-598c-4f17-96af-e495cb5c7013,picking_started,2026-03-04T03:44:05
8736da83-4183-4777-ab5a-eb6f604dcbf7,cadf9c1c-598c-4f17-96af-e495cb5c7013,picking_completed,2026-03-04T07:08:10
b76cfb00-fede-4af2-b958-e592e153626e,cadf9c1c-598c-4f17-96af-e495cb5c7013,packing_started,2026-03-04T12:22:32
8cd4cddf-56d9-4c24-9527-36d64e65346c,cadf9c1c-598c-4f17-96af-e495cb5c7013,packing_completed,2026-03-04T15:02:05
cbe593e3-e8df-44e6-8faa-d20de334e8cd,cadf9c1c-598c-4f17-96af-e495cb5c7013,shipped,2026-03-05T01:27:26
aa09cf8e-6892-4839-9974-9b0a003d93eb,c437206f-9756-498e-91e0-b9b89a869ef9,created,2026-03-18T15:44:48
b8f722cf-3ece-402a-833b-57aba9a0d3c8,c437206f-9756-498e-91e0-b9b89a869ef9,picking_started,2026-03-19T01:12:38
9bcbd904-65f2-4565-8ce5-d8284b59ef1b,c437206f-9756-498e-91e0-b9b89a869ef9,picking_completed,2026-03-19T03:19:09
9576b149-2bd6-43d5-bbf4-b9ca24bb5b24,c437206f-9756-498e-91e0-b9b89a869ef9,packing_started,2026-03-19T14:23:48
96712f39-9bdd-4e5d-a43f-0926fddde8c2,c437206f-9756-498e-91e0-b9b89a869ef9,packing_completed,2026-03-19T21:07:26
92a8027a-1661-4695-bd5a-a17884b4153b,c437206f-9756-498e-91e0-b9b89a869ef9,shipped,2026-03-20T00:49:13
892c6da2-721a-47ee-ae45-96ef3276e9ba,b29797a1-cdeb-4518-9a75-e461ec7fe92e,created,2026-07-21T19:24:55
f19fe2f2-02aa-4d0a-9007-f1dbb6a0bd84,b29797a1-cdeb-4518-9a75-e461ec7fe92e,picking_started,2026-07-22T07:09:35
443b326b-9e20-4ea1-8cc0-08221fcaf6cb,b29797a1-cdeb-4518-9a75-e461ec7fe92e,picking_completed,2026-07-22T10:25:09
458c54a4-6f7a-4731-b580-94e7f9c088e1,b29797a1-cdeb-4518-9a75-e461ec7fe92e,packing_started,2026-07-22T11:09:29
2530d697-59a3-49c9-8183-d8027d150f9a,b29797a1-cdeb-4518-9a75-e461ec7fe92e,packing_completed,2026-07-22T18:21:42
4c2d4020-f9ce-427a-a3b0-fa5d8bbd0196,b29797a1-cdeb-4518-9a75-e461ec7fe92e,shipped,2026-07-23T00:41:21
1294ad5b-8494-469e-9457-e94840ce879c,e1aafd8b-d81a-42e0-b5df-da340eb3425e,created,2026-06-16T15:37:35
7fe59fa9-2671-4316-b61a-c0baef8419f2,e1aafd8b-d81a-42e0-b5df-da340eb3425e,picking_started,2026-06-17T02:47:30
9bb4327b-497f-4f71-ba45-abca15b2296f,e1aafd8b-d81a-42e0-b5df-da340eb3425e,picking_completed,2026-06-17T03:25:37
78491b89-6311-45c2-a9f7-2398772f53fb,e1aafd8b-d81a-42e0-b5df-da340eb3425e,packing_started,2026-06-17T11:52:18
e6c74ae0-f01b-451d-bb80-c6cbce9ae4fb,e1aafd8b-d81a-42e0-b5df-da340eb3425e,packing_completed,2026-06-17T12:23:44
760c8a07-5873-4c71-aa00-2b60e3de7d43,e1aafd8b-d81a-42e0-b5df-da340eb3425e,shipped,2026-06-17T22:51:00
2b6f725c-a49f-45d6-a621-16f117801b38,3d9862a5-6596-4b5b-bdc8-d15a32abd5ce,created,2026-04-09T23:26:43
5e4e5b52-9a19-4dea-bc67-5787b804b1ef,3d9862a5-6596-4b5b-bdc8-d15a32abd5ce,picking_started,2026-04-10T05:22:20
1f6e2a26-4806-4ffc-8bb3-4ee89523cd71,3d9862a5-6596-4b5b-bdc8-d15a32abd5ce,picking_completed,2026-04-10T14:26:56
1e830a1a-7f25-47dd-8803-105a78ed61e8,3d9862a5-6596-4b5b-bdc8-d15a32abd5ce,packing_started,2026-04-10T15:30:19
fb5cf958-8963-4739-845b-1069bc5bd719,3d9862a5-6596-4b5b-bdc8-d15a32abd5ce,packing_completed,2026-04-11T02:36:45
3f1fc1a5-5692-4c2f-b54c-6f004750f73a,3d9862a5-6596-4b5b-bdc8-d15a32abd5ce,shipped,2026-04-11T11:34:05
1b96dfb3-3ca7-44b4-a0db-75867e8c99cc,b67ff3bd-87f6-4d42-8ae1-0bd0b53bd3b1,created,2026-06-07T17:29:52
842e4508-0cd9-4cd8-ab86-ea56640fd432,b67ff3bd-87f6-4d42-8ae1-0bd0b53bd3b1,picking_started,2026-06-08T03:38:09
895ac3d7-b908-4a99-80ff-53faa3d4dcf5,b67ff3bd-87f6-4d42-8ae1-0bd0b53bd3b1,picking_completed,2026-06-08T04:41:17
d45de69e-f5e5-428f-a321-3ae86d32db7f,b67ff3bd-87f6-4d42-8ae1-0bd0b53bd3b1,packing_started,2026-06-08T12:55:47
384a660b-a389-4f97-a61b-a93380466c38,b67ff3bd-87f6-4d42-8ae1-0bd0b53bd3b1,packing_completed,2026-06-08T19:37:41
8ba17b3b-9255-40de-81e0-ee7a023b057a,b67ff3bd-87f6-4d42-8ae1-0bd0b53bd3b1,shipped,2026-06-09T02:35:53
e0ac55cd-bb91-4aac-9684-b13d7492a789,eeafcc4d-3c84-4154-994b-dbf1361caea4,created,2026-06-08T09:55:45
d38cfcb2-aeb0-490b-9a38-2f898002ac87,eeafcc4d-3c84-4154-994b-dbf1361caea4,picking_started,2026-06-08T11:50:31
70e004cc-f911-4bf2-a9c5-e85f95efea3b,eeafcc4d-3c84-4154-994b-dbf1361caea4,picking_completed,2026-06-08T20:44:09
f08f875f-ded9-4312-847a-44a168640c44,eeafcc4d-3c84-4154-994b-dbf1361caea4,packing_started,2026-06-09T01:20:24
9e71d9f8-f6a7-4aeb-9cef-5c07c711181b,eeafcc4d-3c84-4154-994b-dbf1361caea4,packing_completed,2026-06-09T13:17:24
1f2f2652-1482-4a91-83a4-a39c9ad0f97d,98864751-a111-46d0-b72b-318600015bbd,created,2026-06-14T08:21:53
b2214a45-bee6-4b3a-8cba-674af4f968f5,98864751-a111-46d0-b72b-318600015bbd,picking_started,2026-06-14T11:01:06
0e21649e-b1cc-43ae-9cdd-73a07d3262f3,98864751-a111-46d0-b72b-318600015bbd,picking_completed,2026-06-14T14:54:50
a0d3c500-9006-4fd1-9540-fc29b50f87dc,98864751-a111-46d0-b72b-318600015bbd,packing_started,2026-06-14T21:12:14
781567a8-75d1-4de2-a555-5deb2176b611,98864751-a111-46d0-b72b-318600015bbd,packing_completed,2026-06-15T03:30:40
4b1f8686-8dbf-46c0-9299-5f5add3463ef,98864751-a111-46d0-b72b-318600015bbd,shipped,2026-06-15T15:26:26
e165bf7c-9d37-49ea-8753-86cc4fbcb63e,c1f8ac1e-6569-4a6d-8fe8-7865b0157f7d,created,2026-08-07T22:12:38
4637f5e6-b8ac-4372-9fee-14be23b09b92,c1f8ac1e-6569-4a6d-8fe8-7865b0157f7d,picking_started,2026-08-08T08:49:20
9f0e4cae-99e4-45c3-8585-4a01cdbb142e,2be583a5-5c69-49a3-9307-f84739b2f34c,created,2026-07-25T15:07:06
6f52eaa3-9a73-4e13-a8c6-3ca435eb71ce,2be583a5-5c69-49a3-9307-f84739b2f34c,picking_started,2026-07-25T16:04:45
88f3d9d8-da83-4466-b4e4-6b83f9fa5779,2be583a5-5c69-49a3-9307-f84739b2f34c,picking_completed,2026-07-25T22:45:41
ad2446b8-6eb1-43e9-a462-f1646d05a7c7,2be583a5-5c69-49a3-9307-f84739b2f34c,packing_started,2026-07-26T09:51:01
a08fb58b-c8f5-476f-b70d-d79c8f4b3012,2be583a5-5c69-49a3-9307-f84739b2f34c,packing_completed,2026-07-26T20:05:47
e7292e1e-f2c9-4e25-919f-a43c1d4eec75,2be583a5-5c69-49a3-9307-f84739b2f34c,shipped,2026-07-26T20:57:56
7d5c6b09-d13c-47bb-8db8-f05bcb8ccd17,b0006b44-c94e-44fa-8a45-5a90d4b79e56,created,2026-03-26T05:35:50
42cff124-2810-469a-bd54-6a0246323c35,b0006b44-c94e-44fa-8a45-5a90d4b79e56,picking_started,2026-03-26T14:32:51
8caf0a36-de4e-4eca-bd6a-97d75fe36447,b0006b44-c94e-44fa-8a45-5a90d4b79e56,picking_completed,2026-03-26T21:03:24
5958d071-62f1-4d5a-a955-da5576007dbc,b0006b44-c94e-44fa-8a45-5a90d4b79e56,packing_started,2026-03-26T23:24:16
f6863c4e-0767-4c79-863c-9632e5bfeed3,b0006b44-c94e-44fa-8a45-5a90d4b79e56,packing_completed,2026-03-27T05:41:35
6b980919-33ef-4052-adba-bb54165500b5,b0006b44-c94e-44fa-8a45-5a90d4b79e56,shipped,2026-03-27T16:09:59
9caeee88-b090-42d9-bf47-37294c173aa7,d287257a-1e7c-447e-a244-6aa1d7e46cc3,created,2026-05-27T22:59:12
e480ada3-6f13-45b2-b381-547f6d110b72,d287257a-1e7c-447e-a244-6aa1d7e46cc3,picking_started,2026-05-27T23:31:27
73d444ed-4534-42b0-bef5-30121e113576,d287257a-1e7c-447e-a244-6aa1d7e46cc3,picking_completed,2026-05-28T01:32:13
882728b0-6475-4804-87bb-80ba0cf5a76b,d287257a-1e7c-447e-a244-6aa1d7e46cc3,packing_started,2026-05-28T04:00:39
1c280ed4-fda8-4d56-a834-b2ae947090d7,d287257a-1e7c-447e-a244-6aa1d7e46cc3,packing_completed,2026-05-28T06:32:35
478546f3-0820-405a-bf1b-af3bdf3f7ea6,d287257a-1e7c-447e-a244-6aa1d7e46cc3,shipped,2026-05-28T07:51:07
ad40d3ac-9d2c-441d-a1bf-31bf03cf70ab,9a7f13fb-33bd-4f69-a457-70784a437ed4,created,2026-03-28T20:15:42
81aeb716-3ede-4ceb-a68d-d1e762318bc8,9a7f13fb-33bd-4f69-a457-70784a437ed4,picking_started,2026-03-28T22:37:04
413843b6-29f9-4ec1-a80f-2c3a30425bd3,9a7f13fb-33bd-4f69-a457-70784a437ed4,picking_completed,2026-03-29T09:20:04
4c8b07f2-0ead-4d83-af71-a9f4c62cb0e0,9a7f13fb-33bd-4f69-a457-70784a437ed4,packing_started,2026-03-29T10:12:00
01eb7997-63c4-4ec2-8689-4fe297fa8c8e,9a7f13fb-33bd-4f69-a457-70784a437ed4,packing_completed,2026-03-29T18:57:35
4af91e71-c9fc-479a-9d54-171b049446b8,9a7f13fb-33bd-4f69-a457-70784a437ed4,shipped,2026-03-30T05:33:36
328ad9d8-a601-4ce5-860d-889f7cdc6559,ed9b4881-f135-47e6-882f-186773281264,created,2026-07-23T11:50:19
c29dfc87-bf6f-46ad-bc92-1907584727e7,ed9b4881-f135-47e6-882f-186773281264,picking_started,2026-07-23T21:14:31
4e2d777c-c213-41fe-99b2-699a7fa9666b,014b914b-21a9-4b66-baa4-d528e36d8297,created,2026-03-01T20:14:08
2469be05-9f25-4fb5-8701-4a6158140810,014b914b-21a9-4b66-baa4-d528e36d8297,picking_started,2026-03-02T07:37:44
0a1529fb-d165-40c9-8414-209f6cdee4cf,014b914b-21a9-4b66-baa4-d528e36d8297,picking_completed,2026-03-02T14:38:02
06fd54ad-76ef-473f-8a9e-e5a690ddc826,014b914b-21a9-4b66-baa4-d528e36d8297,packing_started,2026-03-02T22:33:41
daf98bac-5cf9-49e6-a1b6-d9d72b70fa7f,014b914b-21a9-4b66-baa4-d528e36d8297,packing_completed,2026-03-03T00:24:56
1b684bc0-8e7b-4f3e-8baf-727db281a5fa,014b914b-21a9-4b66-baa4-d528e36d8297,shipped,2026-03-03T09:45:46
7fe2b8d6-3be7-46bd-b8e4-3b1582850589,3a97ad75-6968-42d0-8be6-3a76bd3618b8,created,2026-04-02T11:55:15
2c19f28d-2d2f-485d-9053-7821e996fff6,3a97ad75-6968-42d0-8be6-3a76bd3618b8,picking_started,2026-04-02T21:55:44
3c4ce677-f592-4ccb-8d1b-4087b1465fc7,3a97ad75-6968-42d0-8be6-3a76bd3618b8,picking_completed,2026-04-02T23:51:53
02d7dc26-7ebb-4f3c-be52-4041c1e65cd3,3a97ad75-6968-42d0-8be6-3a76bd3618b8,packing_started,2026-04-03T01:49:43
48ce8f62-b029-4b94-9800-24f4389adfd9,3a97ad75-6968-42d0-8be6-3a76bd3618b8,packing_completed,2026-04-03T05:14:00
7a154db5-40ff-4521-a57d-d5dd8ab64c15,3a97ad75-6968-42d0-8be6-3a76bd3618b8,shipped,2026-04-03T14:54:43
2bfb330c-04fc-42bd-997d-9d20703bb2d5,66cd5e6c-c257-4ed6-aadf-9b1457435f90,created,2026-07-02T01:48:11
2d777b5d-c665-4a11-9bb8-3ceacc30b2f0,66cd5e6c-c257-4ed6-aadf-9b1457435f90,picking_started,2026-07-02T06:59:30
c746b595-2b3d-4b1b-8d66-a7b543350e06,66cd5e6c-c257-4ed6-aadf-9b1457435f90,picking_completed,2026-07-02T07:31:09
d3cde007-b736-40f5-8f28-923d8f3503ff,66cd5e6c-c257-4ed6-aadf-9b1457435f90,packing_started,2026-07-02T12:29:50
a9eaf276-6b63-4364-8485-1b2e523c4a2c,66cd5e6c-c257-4ed6-aadf-9b1457435f90,packing_completed,2026-07-02T19:26:50
6f28fbee-80ab-4d53-84c0-e16e52139721,66cd5e6c-c257-4ed6-aadf-9b1457435f90,shipped,2026-07-03T01:56:03
74ea20a9-5587-4917-9aab-d286f7db6e9e,abcc0120-f74c-4d8a-a5e6-8b4a6add3c68,created,2026-07-09T23:45:30
f58dcf91-7c3f-40fa-bdf6-8c6597eea89f,abcc0120-f74c-4d8a-a5e6-8b4a6add3c68,picking_started,2026-07-10T09:42:11
52032dd4-915b-421b-97d3-20c0822fba65,abcc0120-f74c-4d8a-a5e6-8b4a6add3c68,picking_completed,2026-07-10T19:45:07
f627b285-311d-48ef-88a2-63a975e0c081,abcc0120-f74c-4d8a-a5e6-8b4a6add3c68,packing_started,2026-07-11T01:20:34
d45bd41c-d597-4115-a3ef-efcc602383a2,abcc0120-f74c-4d8a-a5e6-8b4a6add3c68,packing_completed,2026-07-11T09:46:40
d4a7f679-aa37-461a-ac6c-970e3a52f77f,abcc0120-f74c-4d8a-a5e6-8b4a6add3c68,shipped,2026-07-11T15:07:56
dc07d180-74ff-45ba-a90e-bd3c37b9f5d0,67c2bb22-2300-477e-83ea-83f18cc09aa6,created,2026-07-30T13:39:47
879c3aa1-2164-4fe4-8aa5-5befcee653d4,67c2bb22-2300-477e-83ea-83f18cc09aa6,picking_started,2026-07-30T16:42:35
8319c82e-2a98-4f54-8f82-088546bd0fc5,67c2bb22-2300-477e-83ea-83f18cc09aa6,picking_completed,2026-07-30T20:34:17
63539c16-e33f-4715-8fb0-82d6876536ec,67c2bb22-2300-477e-83ea-83f18cc09aa6,packing_started,2026-07-30T23:25:07
8693d78e-41db-4286-8abd-8de9cfda5dbf,67c2bb22-2300-477e-83ea-83f18cc09aa6,packing_completed,2026-07-31T08:21:44
1b400610-a4a7-4cd0-9916-d646638a5168,67c2bb22-2300-477e-83ea-83f18cc09aa6,shipped,2026-07-31T15:30:19
5c24a2da-2868-4c3c-b53a-3b2f9872ea84,aaf72c7b-0a3e-40d7-a56d-63a443a81d95,created,2026-02-25T08:10:10
6329b588-4a8a-4c81-ba01-93f529566e6e,aaf72c7b-0a3e-40d7-a56d-63a443a81d95,picking_started,2026-02-25T11:06:48
c366bc11-9cd2-4602-8dfd-8b895d070b3b,aaf72c7b-0a3e-40d7-a56d-63a443a81d95,picking_completed,2026-02-25T14:00:30
ae5289f0-1584-45b6-acf1-97060c3bc764,aaf72c7b-0a3e-40d7-a56d-63a443a81d95,packing_started,2026-02-26T01:10:46
1eda7a9f-9c13-4515-9c9b-6e523c9c4275,aaf72c7b-0a3e-40d7-a56d-63a443a81d95,packing_completed,2026-02-26T04:17:00
3f6fe0f8-36a3-44cb-a855-5b56d49f4e0f,aaf72c7b-0a3e-40d7-a56d-63a443a81d95,shipped,2026-02-26T07:13:35
f75b4d59-4ce8-4e05-93d1-1f04f814bbca,ae5aabfe-11ad-45ba-96b7-b8a220ea3e63,created,2026-04-15T11:35:08
62f0d109-f2f0-4f47-aaab-4622f16bd08f,ae5aabfe-11ad-45ba-96b7-b8a220ea3e63,picking_started,2026-04-15T13:43:08
2f1ff3f4-7df1-4fc5-a194-6bfd9f3d2c13,ae5aabfe-11ad-45ba-96b7-b8a220ea3e63,picking_completed,2026-04-15T15:20:24
30eaf800-e285-417a-a94a-6163e83e9ffb,ae5aabfe-11ad-45ba-96b7-b8a220ea3e63,packing_started,2026-04-15T22:39:27
9f49a79b-1774-42c4-830a-003eb1ee016f,ae5aabfe-11ad-45ba-96b7-b8a220ea3e63,packing_completed,2026-04-16T08:38:18
28a8ab10-656d-4c2d-9a81-a8c6baebc619,ae5aabfe-11ad-45ba-96b7-b8a220ea3e63,shipped,2026-04-16T19:08:21
d11df41f-bb40-4c89-a0c8-bdbd021be700,94ca9efd-f42f-48d5-9b82-8f7f20f86c94,created,2026-03-04T08:26:56
9959ac77-3c2f-4b45-8610-98d4fd172b42,94ca9efd-f42f-48d5-9b82-8f7f20f86c94,picking_started,2026-03-04T14:11:33
f0f2f269-7d79-4ae1-995d-827b21469f58,94ca9efd-f42f-48d5-9b82-8f7f20f86c94,picking_completed,2026-03-05T01:13:20
aa4a49ac-cccb-49c9-83e5-b79afe2f38a9,94ca9efd-f42f-48d5-9b82-8f7f20f86c94,cancelled,2026-03-05T06:19:03
16112d09-092a-439b-85e8-f64cbca4920a,5ce93ba8-b51d-4fd3-af37-d3d523c5228b,created,2026-07-10T03:51:37
760cded3-d5bf-4cba-9616-a7530bcbcd06,5ce93ba8-b51d-4fd3-af37-d3d523c5228b,picking_started,2026-07-10T12:46:50
3b043896-8710-439d-b9e6-07e632adf19c,5ce93ba8-b51d-4fd3-af37-d3d523c5228b,cancelled,2026-07-10T13:24:55
a437a066-8c16-4236-866a-a6c096e1af06,c8f618c8-3835-41bd-aedf-252e1e6041b3,created,2026-05-21T12:31:00
28e9cdd9-42d7-4c84-b99f-0bfe2b801ae8,c8f618c8-3835-41bd-aedf-252e1e6041b3,picking_started,2026-05-21T15:21:17
6aeeee99-4489-45d8-a371-fed211a45682,c8f618c8-3835-41bd-aedf-252e1e6041b3,picking_completed,2026-05-21T18:43:07
d9099405-5c01-463a-810a-dbbd3f957410,c8f618c8-3835-41bd-aedf-252e1e6041b3,packing_started,2026-05-21T20:06:40
625afc61-9141-4ea0-96dd-01b3b7653477,c8f618c8-3835-41bd-aedf-252e1e6041b3,packing_completed,2026-05-22T01:09:38
5226e805-6e6c-44c2-bb9d-ee9ff28caac3,c8f618c8-3835-41bd-aedf-252e1e6041b3,shipped,2026-05-22T07:52:28
11e85bfa-630e-4799-afc5-20f60acef232,cac5a14a-e9fc-4abd-956e-a34188c3daf6,created,2026-02-27T11:26:25
5c4266e8-9860-4436-82f4-cebe56506104,cac5a14a-e9fc-4abd-956e-a34188c3daf6,picking_started,2026-02-27T19:32:29
d67ca978-aedb-4fce-8e85-16c7a6f3570a,cac5a14a-e9fc-4abd-956e-a34188c3daf6,picking_completed,2026-02-27T23:49:15
048566ad-c3fd-47d3-9b4d-a8ce32997598,cac5a14a-e9fc-4abd-956e-a34188c3daf6,packing_started,2026-02-28T09:48:32
d9e60f8b-fdf6-40b0-be93-711f31d43542,cac5a14a-e9fc-4abd-956e-a34188c3daf6,packing_completed,2026-02-28T16:13:21
29380680-8a2e-495c-b454-9c87dc7bb9d0,cac5a14a-e9fc-4abd-956e-a34188c3daf6,shipped,2026-02-28T19:11:07
5ecb94b9-58c1-4643-9809-fe0d9ec5a38c,d0feed84-2b4b-4d21-9733-e458cee619fa,created,2026-06-04T08:01:55
9ea1333f-7331-4f74-ac4d-d5e2c000ffce,d0feed84-2b4b-4d21-9733-e458cee619fa,picking_started,2026-06-04T09:24:27
72d4b5d1-d36b-48e3-95e9-c7af9fc29fb7,d0feed84-2b4b-4d21-9733-e458cee619fa,picking_completed,2026-06-04T18:09:59
68d59fb6-6640-4d9a-9c1e-34f5181a04ab,d0feed84-2b4b-4d21-9733-e458cee619fa,packing_started,2026-06-05T00:35:40
4d679e14-50d4-439e-9f84-be6d1dbf417b,c4234eab-6a5c-4ffe-80b4-bed5f29c0695,created,2026-06-09T14:37:47
a1eb212b-cc4a-4fd0-bca1-aee5da994c0d,c4234eab-6a5c-4ffe-80b4-bed5f29c0695,picking_started,2026-06-09T18:31:34
c5794656-5a16-4496-adc8-634ae4b71e55,c4234eab-6a5c-4ffe-80b4-bed5f29c0695,picking_completed,2026-06-09T20:58:00
1cb8b008-cc0c-4680-85a8-9f8c9bab609a,c4234eab-6a5c-4ffe-80b4-bed5f29c0695,packing_started,2026-06-10T05:24:32
2ac1bf96-eb47-47b9-bcbd-cad5c9d83626,c4234eab-6a5c-4ffe-80b4-bed5f29c0695,packing_completed,2026-06-10T07:56:14
ebc30954-4b75-4af2-8c38-cf8a657159b0,c4234eab-6a5c-4ffe-80b4-bed5f29c0695,shipped,2026-06-10T14:28:22
8e756537-3d0a-499f-a20f-11cc7ff5fb53,5fa67f1b-44e1-4b30-bd3c-cc7102185829,created,2026-07-09T10:05:29
37d0dceb-5ae6-4931-96f6-5da438d3c22c,5fa67f1b-44e1-4b30-bd3c-cc7102185829,picking_started,2026-07-09T21:56:16
2ccb92ac-af9c-4c78-a781-54bd6be9f789,5fa67f1b-44e1-4b30-bd3c-cc7102185829,picking_completed,2026-07-10T00:57:41
b76f4ce9-3c61-453c-8909-0ed42d59f43a,5fa67f1b-44e1-4b30-bd3c-cc7102185829,packing_started,2026-07-10T07:01:03
fab6f11a-aedc-4326-b303-336018078aa8,5fa67f1b-44e1-4b30-bd3c-cc7102185829,packing_completed,2026-07-10T13:45:37
d64573c5-9ce9-4656-ab56-4ba34a613d46,5fa67f1b-44e1-4b30-bd3c-cc7102185829,shipped,2026-07-10T21:17:51
1fc38f61-c112-4c33-99ad-923c15463bff,29cd6cf5-7f15-42d5-8d2c-55e146c79209,created,2026-07-02T17:02:42
e27a0d4e-5aa6-430a-854d-c80fbf8faeaf,29cd6cf5-7f15-42d5-8d2c-55e146c79209,picking_started,2026-07-03T05:01:10
e07b42bb-3afd-4221-875b-f21679834739,29cd6cf5-7f15-42d5-8d2c-55e146c79209,picking_completed,2026-07-03T06:51:55
473307a5-2acd-4f16-bd88-8ed73fda6c94,29cd6cf5-7f15-42d5-8d2c-55e146c79209,packing_started,2026-07-03T11:28:45
7edc518f-4c48-4f58-8de4-2dad18f7d7c4,29cd6cf5-7f15-42d5-8d2c-55e146c79209,packing_completed,2026-07-03T12:38:28
41294ea1-241a-41b9-b21c-c765b852a998,30a9b244-131a-4fc0-94c3-c5a533c4240f,created,2026-02-20T22:06:37
7d68a598-3c09-419a-990b-624d9e28865b,30a9b244-131a-4fc0-94c3-c5a533c4240f,picking_started,2026-02-21T01:49:02
3086029c-89e5-40bf-9579-fd9a34fc5943,30a9b244-131a-4fc0-94c3-c5a533c4240f,picking_completed,2026-02-21T02:52:54
56529a08-061a-4168-a6aa-9cfc687914df,30a9b244-131a-4fc0-94c3-c5a533c4240f,packing_started,2026-02-21T07:24:20
2f0b8d12-9d75-4efb-a109-986c1af8cd0f,30a9b244-131a-4fc0-94c3-c5a533c4240f,packing_completed,2026-02-21T18:09:49
a42a810d-db77-4f5f-9071-c55dd875a310,30a9b244-131a-4fc0-94c3-c5a533c4240f,shipped,2026-02-22T03:16:36
4f830f0b-4c43-4d14-ae46-b62c76848f6d,c6390485-3776-4ccf-b826-4e48006473bf,created,2026-03-03T07:45:25
0d88fa7b-7632-4b3c-8daf-f34d473b86d8,c6390485-3776-4ccf-b826-4e48006473bf,picking_started,2026-03-03T10:37:51
7977c8a2-efd5-4e99-b605-0e1bcec6a8da,c6390485-3776-4ccf-b826-4e48006473bf,cancelled,2026-03-03T16:18:54
c4754ee5-74c7-4989-9eb0-534274f0e278,0cdbe6db-7e0e-4c83-a859-7538e9a34744,created,2026-04-19T23:10:20
dc58e121-17fa-4356-b077-8edd865ce2f9,0cdbe6db-7e0e-4c83-a859-7538e9a34744,picking_started,2026-04-20T01:45:58
49d5ff77-79cf-4540-81f9-11910e899f76,0cdbe6db-7e0e-4c83-a859-7538e9a34744,picking_completed,2026-04-20T09:47:06
3fa8ba66-d929-4845-a647-4fa2031ddeca,0cdbe6db-7e0e-4c83-a859-7538e9a34744,packing_started,2026-04-20T11:49:31
9284a982-3a4f-4bbd-aebe-ca92bcaf2bfd,0cdbe6db-7e0e-4c83-a859-7538e9a34744,packing_completed,2026-04-20T13:41:54
304c518c-3934-4dfd-85e4-8abffe12a1e7,0cdbe6db-7e0e-4c83-a859-7538e9a34744,shipped,2026-04-20T22:53:14
377f7dad-29be-4705-8b8d-6e0b58163dd3,754ac1eb-448a-4e81-b8df-727c54bd76d8,created,2026-05-10T14:04:42
09c64525-9782-46f9-bbcf-c30718f5b905,754ac1eb-448a-4e81-b8df-727c54bd76d8,picking_started,2026-05-10T20:58:14
f416c53e-4959-41e1-9514-bdcaf4d401c8,754ac1eb-448a-4e81-b8df-727c54bd76d8,picking_completed,2026-05-11T04:31:23
efede9bb-ee5b-4909-a2e4-5f0918f44b5e,754ac1eb-448a-4e81-b8df-727c54bd76d8,packing_started,2026-05-11T05:21:03
299c001a-8eea-4d5d-8c7d-f506ce09078c,754ac1eb-448a-4e81-b8df-727c54bd76d8,packing_completed,2026-05-11T12:04:17
8c3c3d22-1f75-46cc-978f-8282dcf46f63,754ac1eb-448a-4e81-b8df-727c54bd76d8,shipped,2026-05-11T18:14:34
3a41db23-d3a4-4f8b-ac00-8b865558564d,eb5b53b5-ef8f-447b-a957-02f3052a28c1,created,2026-05-18T06:22:58
945c77b3-3560-4657-b809-9e4f21e71b7c,eb5b53b5-ef8f-447b-a957-02f3052a28c1,cancelled,2026-05-18T08:09:09
959d5333-d5bd-4365-9b2d-a8143e71cc0a,342fd21e-c522-40d6-8a95-1b12cff2e156,created,2026-05-25T20:10:08
be5448d1-656f-4659-8823-905dd070bcd2,342fd21e-c522-40d6-8a95-1b12cff2e156,picking_started,2026-05-26T06:54:20
d1900d1e-1a1f-4422-85db-e748a46009e1,342fd21e-c522-40d6-8a95-1b12cff2e156,picking_completed,2026-05-26T17:22:59
8278fb23-3ee9-4d3a-8372-4c464857a00a,342fd21e-c522-40d6-8a95-1b12cff2e156,packing_started,2026-05-27T04:10:28
fc95d417-87e5-42dd-8d74-b6c7468ab731,342fd21e-c522-40d6-8a95-1b12cff2e156,packing_completed,2026-05-27T08:45:32
5753d7f2-e53e-44f3-8b9a-f19cd353ecf9,342fd21e-c522-40d6-8a95-1b12cff2e156,shipped,2026-05-27T19:48:27
9174bc07-e85d-4059-90b0-95b0b19e1c52,3dd6b9f5-c1fa-488b-b8f0-9f96b7b7e305,created,2026-04-08T11:31:14
3f8cc3c1-d041-47ec-90ec-bc1a22086f65,3dd6b9f5-c1fa-488b-b8f0-9f96b7b7e305,picking_started,2026-04-08T12:59:56
44b805d4-bf1f-46d8-9477-5849310a855c,3dd6b9f5-c1fa-488b-b8f0-9f96b7b7e305,picking_completed,2026-04-08T14:07:42
3800f2dc-4a34-46fa-bf0c-ace62a6106e1,3dd6b9f5-c1fa-488b-b8f0-9f96b7b7e305,packing_started,2026-04-08T18:35:27
2da8ad59-349c-4f8f-882b-fe7c108f4c6f,3dd6b9f5-c1fa-488b-b8f0-9f96b7b7e305,packing_completed,2026-04-08T23:34:02
a9066d87-85b3-4e59-b8b8-ec87500efbb3,3dd6b9f5-c1fa-488b-b8f0-9f96b7b7e305,shipped,2026-04-09T04:44:51
6d8e3fa1-4d6b-4a84-a033-7d43313fd6c0,6b2dd66c-b81c-4ae7-815f-1bd085eb8e99,created,2026-04-07T02:06:10
a37f2f85-f07a-4640-b605-203e0c082f05,6b2dd66c-b81c-4ae7-815f-1bd085eb8e99,picking_started,2026-04-07T11:30:28
f2a514f0-31d8-4d1c-ad99-b4d843530295,6b2dd66c-b81c-4ae7-815f-1bd085eb8e99,picking_completed,2026-04-07T12:09:53
2cffd2b3-1e45-4279-8cff-264c191d2974,6b2dd66c-b81c-4ae7-815f-1bd085eb8e99,packing_started,2026-04-07T23:21:13
f57756f1-b42e-4122-9c63-7f9101fa56a0,6b2dd66c-b81c-4ae7-815f-1bd085eb8e99,packing_completed,2026-04-08T02:09:15
96d8c915-88a7-4361-a010-137cd5377f4f,6b2dd66c-b81c-4ae7-815f-1bd085eb8e99,shipped,2026-04-08T08:57:57
839424f5-9ce2-4620-b671-630faadccf92,2cbe28c2-f3e5-4f1b-bc28-2ce3b8b66b7c,created,2026-06-01T19:11:55
89c48a98-005b-4e4e-b38d-f9cf97775cdf,2cbe28c2-f3e5-4f1b-bc28-2ce3b8b66b7c,picking_started,2026-06-01T22:44:05
638a0f01-5b4c-4969-aef0-8a4006294ccd,2cbe28c2-f3e5-4f1b-bc28-2ce3b8b66b7c,picking_completed,2026-06-02T00:11:33
f2ffa59c-1b2c-4d11-b62d-52b94a9cbdbf,2cbe28c2-f3e5-4f1b-bc28-2ce3b8b66b7c,packing_started,2026-06-02T03:21:30
f57dd861-50e5-4798-881f-f70f5018a8f0,2cbe28c2-f3e5-4f1b-bc28-2ce3b8b66b7c,packing_completed,2026-06-02T09:12:52
afaa9935-f1f9-4056-ae06-26a466cfce52,2cbe28c2-f3e5-4f1b-bc28-2ce3b8b66b7c,shipped,2026-06-02T19:52:08
a896cb93-2824-4df4-81fc-182273d24661,c0327adf-d914-492a-bcb1-da1fa929fc44,created,2026-08-09T01:23:58
75fe65ba-aa8a-4e26-ae66-89ae42223506,c0327adf-d914-492a-bcb1-da1fa929fc44,cancelled,2026-08-09T02:09:50
9d1812ae-4af3-4d04-97a2-853c4b93a4b8,0116d532-8a01-499e-8087-a1084d3f0387,created,2026-05-17T12:20:19
1e165c00-e12d-42b1-ada1-6ff61ea1a10b,0116d532-8a01-499e-8087-a1084d3f0387,picking_started,2026-05-17T20:05:05
e18efd62-f286-4ed7-98b4-ad1fcd38bb20,0116d532-8a01-499e-8087-a1084d3f0387,picking_completed,2026-05-18T06:56:28
88582cae-c83f-4033-8803-3d5bc5e37e83,0116d532-8a01-499e-8087-a1084d3f0387,packing_started,2026-05-18T10:40:21
e75df397-0b5e-4e5e-a389-982132a6a86c,0116d532-8a01-499e-8087-a1084d3f0387,packing_completed,2026-05-18T20:32:22
dc7f4261-ae74-4321-82e1-e7800d536cf0,046517b3-28e6-401b-b930-522b0d536b07,created,2026-08-06T11:33:22
6d26c341-fca7-4225-a99e-f4f0f01d7a0c,046517b3-28e6-401b-b930-522b0d536b07,picking_started,2026-08-06T17:25:14
7b2deaf5-ac13-4982-aaed-d1b7a20c240b,046517b3-28e6-401b-b930-522b0d536b07,picking_completed,2026-08-07T01:00:46
75aeb3f0-f4b3-4267-a5af-d162af3bc491,046517b3-28e6-401b-b930-522b0d536b07,packing_started,2026-08-07T05:20:49
2979d8eb-8844-4cfd-bad2-656ffebfc133,046517b3-28e6-401b-b930-522b0d536b07,packing_completed,2026-08-07T13:00:35
8724fa75-d442-4d15-a838-e14e7ffb9f79,046517b3-28e6-401b-b930-522b0d536b07,shipped,2026-08-07T17:11:29
a435185d-603b-4688-b012-53ed442e293b,1db81448-99c6-4b4f-8dd3-1d193755a21d,created,2026-04-29T09:20:18
2e9610e8-18a2-4c0f-a01b-62764f26dea5,1db81448-99c6-4b4f-8dd3-1d193755a21d,picking_started,2026-04-29T18:40:41
24f13647-28a1-4c0e-9dc4-fff8701f5988,1db81448-99c6-4b4f-8dd3-1d193755a21d,picking_completed,2026-04-30T01:01:40
01855c19-f6d6-43ae-94b2-50dea14987f1,1db81448-99c6-4b4f-8dd3-1d193755a21d,packing_started,2026-04-30T10:09:45
64cd0be4-5b12-421e-88b8-759b0a9dc184,1db81448-99c6-4b4f-8dd3-1d193755a21d,packing_completed,2026-04-30T18:46:12
34bdf6c9-198a-40ae-b39d-a4444b4fdc6c,1db81448-99c6-4b4f-8dd3-1d193755a21d,shipped,2026-05-01T03:24:01
80f10af8-03cb-432d-8542-e775f3781aee,69c4d1fa-9f77-489a-8f26-b7795eabc0c2,created,2026-06-19T04:46:58
0d63009c-55c0-4e26-825d-579e4aa1ae73,69c4d1fa-9f77-489a-8f26-b7795eabc0c2,picking_started,2026-06-19T12:34:35
35dd3411-4b72-426e-af50-d2501733aa36,69c4d1fa-9f77-489a-8f26-b7795eabc0c2,picking_completed,2026-06-19T16:36:54
18d3157b-f546-4d02-b9f8-1031fceb760e,69c4d1fa-9f77-489a-8f26-b7795eabc0c2,packing_started,2026-06-19T21:13:49
aa468354-ef05-41b5-ae00-7e22e7c21179,69c4d1fa-9f77-489a-8f26-b7795eabc0c2,packing_completed,2026-06-20T06:44:28
ed4f6e69-eb83-4022-a59c-9a1cfd0c446c,69c4d1fa-9f77-489a-8f26-b7795eabc0c2,shipped,2026-06-20T15:50:32
f6ddead1-597d-4a29-a182-f8a23656a870,5559401a-29ec-4c99-902a-f6c9cfea255c,created,2026-02-22T12:16:42
dcc1b5ff-8d7e-4e0c-b470-304fce3f4728,5559401a-29ec-4c99-902a-f6c9cfea255c,picking_started,2026-02-22T17:49:40
587b507d-23b1-43c7-b7a5-d9bc8cb3e0bf,5559401a-29ec-4c99-902a-f6c9cfea255c,picking_completed,2026-02-22T22:06:12
aad0d468-e7bf-4046-9b08-8e0e7796f558,5559401a-29ec-4c99-902a-f6c9cfea255c,packing_started,2026-02-23T07:05:54
3e599365-1edd-4d27-b31b-d14469e553b0,5559401a-29ec-4c99-902a-f6c9cfea255c,packing_completed,2026-02-23T09:13:22
11bc3c56-2509-463f-af88-cd699b516296,5559401a-29ec-4c99-902a-f6c9cfea255c,shipped,2026-02-23T12:26:50
5efe9f99-f1ea-428a-b3c0-2b8b8bd13d2e,907faace-2f68-46bd-a41d-cdb2a291b249,created,2026-07-14T05:27:00
d9881e91-cc53-4955-acb0-722fc4ad6d02,907faace-2f68-46bd-a41d-cdb2a291b249,picking_started,2026-07-14T14:50:46
70567ba0-c1d2-4695-8eb7-216152e44b72,907faace-2f68-46bd-a41d-cdb2a291b249,picking_completed,2026-07-14T20:56:30
70aa2afb-ee0d-474d-9c9b-894dac7f0cb2,907faace-2f68-46bd-a41d-cdb2a291b249,packing_started,2026-07-15T00:05:16
8c85b5c9-0ac9-42a0-8283-6d147c2c0321,907faace-2f68-46bd-a41d-cdb2a291b249,packing_completed,2026-07-15T05:52:48
2cd765d6-5460-47a1-bcfb-6f1f6c272826,907faace-2f68-46bd-a41d-cdb2a291b249,shipped,2026-07-15T09:27:47
cc5eb722-cb95-494f-95ff-c9fafbec9423,7cb6fa02-736c-44a0-b665-5c88a2d77bd0,created,2026-06-01T01:49:19
7bd0bf59-87db-4eb7-9c92-e867e2f37448,7cb6fa02-736c-44a0-b665-5c88a2d77bd0,picking_started,2026-06-01T06:16:54
2683e6b2-509f-4337-ad1e-4644d790cd4a,7cb6fa02-736c-44a0-b665-5c88a2d77bd0,picking_completed,2026-06-01T08:53:08
f8a96f9e-efca-4f5b-97aa-401fceac6d37,7cb6fa02-736c-44a0-b665-5c88a2d77bd0,packing_started,2026-06-01T13:30:17
0229760c-f1d5-428b-8a48-76216e3d4b0e,7cb6fa02-736c-44a0-b665-5c88a2d77bd0,packing_completed,2026-06-01T20:01:13
848c9035-de44-4868-9736-21343adc0f1b,7cb6fa02-736c-44a0-b665-5c88a2d77bd0,shipped,2026-06-02T01:22:37
b64fa885-ff4c-4fb3-8749-bf96c3b78756,fd4f3fd7-6b4e-4162-b9d2-ff873e0e8c1d,created,2026-03-03T02:25:05
8d1c25ae-18a2-4dad-bb58-ea1a1466b0ff,fd4f3fd7-6b4e-4162-b9d2-ff873e0e8c1d,picking_started,2026-03-03T05:37:01
9058860a-6e7a-41d2-b04d-f4cc6b69b29d,fd4f3fd7-6b4e-4162-b9d2-ff873e0e8c1d,picking_completed,2026-03-03T09:45:40
47702519-8b08-460b-a33a-63880e0fa865,97715ed7-7765-46ef-8ebb-0d21c205099d,created,2026-05-15T07:13:00
dd034691-fa0a-4705-90ee-75987fd10715,97715ed7-7765-46ef-8ebb-0d21c205099d,picking_started,2026-05-15T12:23:59
168568ca-8217-4be5-9fe1-9626d8caa77f,97715ed7-7765-46ef-8ebb-0d21c205099d,picking_completed,2026-05-15T22:57:27
71d833f1-8933-4491-a573-fd7f1076d53d,97715ed7-7765-46ef-8ebb-0d21c205099d,cancelled,2026-05-16T03:46:00
9dea9a2d-f5b0-4fe3-8d72-dbbf9145adaf,197a8d4a-7265-4e86-b966-6e7b00243d82,created,2026-02-22T13:29:30
d94f58fd-b88b-4817-89c0-291a1bf35648,197a8d4a-7265-4e86-b966-6e7b00243d82,picking_started,2026-02-22T18:30:57
7b0e3593-26ee-40d6-8ac3-59eb415e5342,197a8d4a-7265-4e86-b966-6e7b00243d82,picking_completed,2026-02-22T20:49:21
6409d026-3f0c-444c-ba36-8fdddf1fe35f,197a8d4a-7265-4e86-b966-6e7b00243d82,packing_started,2026-02-23T01:47:09
f0ceaee1-2a2a-4b79-a913-c6d110f940d3,197a8d4a-7265-4e86-b966-6e7b00243d82,packing_completed,2026-02-23T11:07:06
263c9c5d-5540-41aa-9712-3c3528957a58,197a8d4a-7265-4e86-b966-6e7b00243d82,shipped,2026-02-23T13:10:49
ad6eaf1e-96bf-4b33-9c0d-1150424cd1a2,9f0cfe29-1872-4554-b56b-43bcd1468ca7,created,2026-07-13T00:25:39
d23fd8bf-3a05-4c09-a449-7c14332338c6,9f0cfe29-1872-4554-b56b-43bcd1468ca7,picking_started,2026-07-13T08:33:25
63dba464-e1f9-45d1-98de-63ee3141b57b,9f0cfe29-1872-4554-b56b-43bcd1468ca7,picking_completed,2026-07-13T19:35:48
702cae31-9d18-4849-a03d-6b2a88b0a15a,9f0cfe29-1872-4554-b56b-43bcd1468ca7,packing_started,2026-07-13T21:26:00
265f7692-0f1e-476e-9a93-9584f6946eec,9f0cfe29-1872-4554-b56b-43bcd1468ca7,packing_completed,2026-07-14T04:31:49
710b79b9-a00c-4f5d-9fb9-f505db57d771,9f0cfe29-1872-4554-b56b-43bcd1468ca7,shipped,2026-07-14T15:18:37
96675cf1-9c6c-40d5-b279-84a45a51b4cd,5409a82b-6d6c-41f0-8cb5-b71437f2e234,created,2026-03-11T13:08:27
2b8d602a-1239-4327-931f-3a6ee7d59870,5409a82b-6d6c-41f0-8cb5-b71437f2e234,picking_started,2026-03-11T17:09:17
08232bbc-064e-48ac-9b20-5e0478a771bf,5409a82b-6d6c-41f0-8cb5-b71437f2e234,picking_completed,2026-03-12T02:04:32
92a07deb-926d-44f4-b139-0b5353c13f4b,5409a82b-6d6c-41f0-8cb5-b71437f2e234,packing_started,2026-03-12T08:11:49
83ba378e-f94a-4e2f-8981-207cce88706b,5409a82b-6d6c-41f0-8cb5-b71437f2e234,packing_completed,2026-03-12T19:45:51
73a553c7-f297-48a6-b5c8-ecb2bc543999,5409a82b-6d6c-41f0-8cb5-b71437f2e234,shipped,2026-03-13T04:25:23
8d19ce90-265f-4ea0-b652-41548d312dcc,90d8d844-c9b5-41a9-b86f-9ee1d1e14885,created,2026-05-18T01:01:59
741bb70c-ff84-4223-b8dd-54ab443360ef,90d8d844-c9b5-41a9-b86f-9ee1d1e14885,picking_started,2026-05-18T04:23:58
985c1d4f-8754-40df-a3c6-b8d0f94efc37,90d8d844-c9b5-41a9-b86f-9ee1d1e14885,picking_completed,2026-05-18T07:18:12
d642ea05-1007-4444-a0c7-1e9579f9d17e,90d8d844-c9b5-41a9-b86f-9ee1d1e14885,packing_started,2026-05-18T17:14:43
63deeaf6-d172-4ec2-b6ae-dc18ed741d4e,90d8d844-c9b5-41a9-b86f-9ee1d1e14885,packing_completed,2026-05-19T02:11:03
39e9b750-4805-4687-9dfe-1bebd1e000ad,90d8d844-c9b5-41a9-b86f-9ee1d1e14885,shipped,2026-05-19T09:30:59
394dc7a3-4140-4bd3-9455-a963bc65f44a,977eaf7a-59b1-44fb-b689-eaa556a67f57,created,2026-05-11T13:32:14
94319dbb-0b26-4e0e-ab8c-57d2608603ee,977eaf7a-59b1-44fb-b689-eaa556a67f57,picking_started,2026-05-11T19:04:37
f83deff7-6e23-48c1-b85c-59e9ce6b211b,977eaf7a-59b1-44fb-b689-eaa556a67f57,picking_completed,2026-05-12T04:21:10
9fe2a96c-137d-4329-86ef-91b79f746bab,977eaf7a-59b1-44fb-b689-eaa556a67f57,packing_started,2026-05-12T08:07:02
f25e78cb-9e73-4b8b-a12e-83ee5e13a925,977eaf7a-59b1-44fb-b689-eaa556a67f57,packing_completed,2026-05-12T11:22:43
9d5a76ea-2b20-4c2f-9dbc-f4f57b741e20,977eaf7a-59b1-44fb-b689-eaa556a67f57,shipped,2026-05-12T15:10:53
410751c4-d1f8-4a1a-852c-13bbb540c2f7,97299265-6f50-4d09-907c-0faadf79fe7c,created,2026-03-16T22:45:04
aea465e2-fac8-4962-be0d-a3d0f9283573,97299265-6f50-4d09-907c-0faadf79fe7c,picking_started,2026-03-17T08:07:17
8c0ed7eb-efd6-4ac1-9bc4-8ab324fc9d7b,97299265-6f50-4d09-907c-0faadf79fe7c,picking_completed,2026-03-17T19:35:03
ee93330a-8693-4ba4-9da8-bc34f5f622b5,97299265-6f50-4d09-907c-0faadf79fe7c,packing_started,2026-03-18T02:35:44
34fd9e43-bbcf-4bcd-8f0a-aaa185cfa146,97299265-6f50-4d09-907c-0faadf79fe7c,packing_completed,2026-03-18T14:04:37
aa33d1d4-322e-4866-8106-bfec76fe7ad0,97299265-6f50-4d09-907c-0faadf79fe7c,shipped,2026-03-18T23:25:26
67b4b65e-22f8-4678-9df1-21a944350eb7,e910eb03-78c3-4e89-9656-59a7da487be9,created,2026-05-22T23:12:04
ffb7b05c-ec47-43b6-9329-30f8b5c85969,e910eb03-78c3-4e89-9656-59a7da487be9,picking_started,2026-05-23T07:56:25
bf0095f1-3a69-4f4f-bab3-ffe2754358e5,e910eb03-78c3-4e89-9656-59a7da487be9,picking_completed,2026-05-23T18:40:55
21a06d4f-c105-4e41-a02e-12cd15877e30,e910eb03-78c3-4e89-9656-59a7da487be9,packing_started,2026-05-23T20:10:35
f8c8aee7-3053-4de9-a651-c7e404e23544,e910eb03-78c3-4e89-9656-59a7da487be9,packing_completed,2026-05-24T03:18:15
611ef091-3046-4f00-bcd8-4ebaf23c0bc8,e910eb03-78c3-4e89-9656-59a7da487be9,shipped,2026-05-24T05:23:37
4cc4097d-a894-44fe-a4c3-44277b6da675,3b748a93-51d1-4793-abcf-962a17db5c59,created,2026-02-26T00:29:26
f91d6427-d386-43e7-bc0d-c12c0cacebc0,3b748a93-51d1-4793-abcf-962a17db5c59,picking_started,2026-02-26T03:35:04
a35d0686-b14b-4fb6-8a0e-1915d4f086d1,3b748a93-51d1-4793-abcf-962a17db5c59,picking_completed,2026-02-26T10:25:31
361fcb77-c0d0-4223-aa0f-74dc4324717c,3b748a93-51d1-4793-abcf-962a17db5c59,packing_started,2026-02-26T14:15:58
8086ba4b-dc87-4aa3-bda0-919ebca5d6b7,7bda6a8f-1355-48fb-b9dd-4a555662ddb0,created,2026-05-13T23:10:23
c59618e4-52ad-4f16-85ac-56c66a31eceb,7bda6a8f-1355-48fb-b9dd-4a555662ddb0,picking_started,2026-05-14T09:49:19
e40fe148-f3a6-474d-bbb6-9ea3bf7fe534,7bda6a8f-1355-48fb-b9dd-4a555662ddb0,picking_completed,2026-05-14T18:06:28
a8ddfb7f-a32a-43a1-91f1-78e1a5e64989,7bda6a8f-1355-48fb-b9dd-4a555662ddb0,packing_started,2026-05-15T03:37:31
14f6d70c-2fe5-419d-b52b-aa409ab2c1bd,7bda6a8f-1355-48fb-b9dd-4a555662ddb0,packing_completed,2026-05-15T11:56:15
75841267-12f1-48cd-9d06-ca6eab7672a5,7bda6a8f-1355-48fb-b9dd-4a555662ddb0,shipped,2026-05-15T13:58:04
2fea67d2-3b10-4f58-afd4-556f8a56234f,098ec6ac-919b-4af0-ad72-8658f836bcd4,created,2026-04-22T22:36:38
8ed2c549-b623-4d51-9535-b0f3a1b51b15,098ec6ac-919b-4af0-ad72-8658f836bcd4,picking_started,2026-04-23T07:12:26
44ee45cf-27b3-432c-82cc-c4f1bf0f1117,098ec6ac-919b-4af0-ad72-8658f836bcd4,picking_completed,2026-04-23T17:25:46
33ff8578-5f34-48fc-85c1-ace5ba31ab98,098ec6ac-919b-4af0-ad72-8658f836bcd4,packing_started,2026-04-24T02:20:41
9e10c74d-44a6-42b6-8247-2248b1746aa0,098ec6ac-919b-4af0-ad72-8658f836bcd4,packing_completed,2026-04-24T04:14:48
5ec17249-b71a-411a-8331-81357c782b36,098ec6ac-919b-4af0-ad72-8658f836bcd4,shipped,2026-04-24T11:41:49
8fd3ca9c-e978-42f0-bc63-1366ce286822,e1050ac0-8b96-4a82-8fec-664f643ec9f3,created,2026-03-13T09:53:30
eee0e978-0d4b-4c1b-a75f-41c298e60684,e1050ac0-8b96-4a82-8fec-664f643ec9f3,picking_started,2026-03-13T11:29:18
4a19a690-7ffe-41b3-a72b-615e3050065a,e1050ac0-8b96-4a82-8fec-664f643ec9f3,picking_completed,2026-03-13T16:00:04
59b89927-81d0-40d7-83f2-5baf178ac72a,e1050ac0-8b96-4a82-8fec-664f643ec9f3,packing_started,2026-03-13T23:54:24
dcf8f778-e227-4da8-b0cc-0764e4418075,e1050ac0-8b96-4a82-8fec-664f643ec9f3,packing_completed,2026-03-14T02:42:45
6d7023a4-c752-4ae6-8fb4-5f5d1529898a,e1050ac0-8b96-4a82-8fec-664f643ec9f3,shipped,2026-03-14T13:42:30
9d5b5ae4-c166-4ce0-935d-7961cb2658ef,655665e4-6fbd-42b3-9ec1-aeae9d20de2a,created,2026-05-14T16:27:31
500e74fa-20ea-4ad8-986c-93c5b5b0f6a7,655665e4-6fbd-42b3-9ec1-aeae9d20de2a,picking_started,2026-05-14T22:11:27
8927feeb-8297-4d1b-9b24-bdc1f0aadac3,655665e4-6fbd-42b3-9ec1-aeae9d20de2a,picking_completed,2026-05-15T06:00:05
427c09cb-0a4a-40f6-a254-2a4d8ad57bf3,655665e4-6fbd-42b3-9ec1-aeae9d20de2a,packing_started,2026-05-15T15:56:54
57c1a4a2-33f1-4888-8816-1af6e36b547d,655665e4-6fbd-42b3-9ec1-aeae9d20de2a,packing_completed,2026-05-16T02:17:20
8ad6638c-f8f7-48c8-ab54-193d81ad1707,655665e4-6fbd-42b3-9ec1-aeae9d20de2a,shipped,2026-05-16T07:02:38
372bc9d9-7b0a-4708-a255-1d277c69f5db,7c9ce2f5-a247-4d73-84be-f440f6191db3,created,2026-08-11T01:27:03
e3e44e84-1531-4bc7-9674-4bd4776d408f,7c9ce2f5-a247-4d73-84be-f440f6191db3,picking_started,2026-08-11T11:43:29
8d842296-9193-4ffa-83e7-f79ccc5b0e9c,7c9ce2f5-a247-4d73-84be-f440f6191db3,picking_completed,2026-08-11T16:35:29
2d630c44-7864-4927-b33b-1afd01e0c759,7c9ce2f5-a247-4d73-84be-f440f6191db3,packing_started,2026-08-11T23:08:01
4cb3df44-0e7c-4a55-a858-e2e47a790075,7c9ce2f5-a247-4d73-84be-f440f6191db3,packing_completed,2026-08-12T09:33:33
ef29b533-6103-48f6-8311-0d64b1cce7f8,7c9ce2f5-a247-4d73-84be-f440f6191db3,shipped,2026-08-12T19:33:16
25c81f57-34e4-49e8-a109-2fe7d4710fd7,9879233d-83e5-462e-bd0d-80b88a837272,created,2026-04-24T04:36:06
c26ee4d4-0310-4574-99eb-4a9fa9a2abf4,9879233d-83e5-462e-bd0d-80b88a837272,picking_started,2026-04-24T05:44:54
88785d69-c1d2-49f5-8861-d0eeb093e13f,9879233d-83e5-462e-bd0d-80b88a837272,picking_completed,2026-04-24T12:13:41
fd885b54-e10f-4215-9748-dc2e678141de,9879233d-83e5-462e-bd0d-80b88a837272,packing_started,2026-04-24T21:18:59
85943a54-4ff4-4801-b1b0-61cc06b61f2b,9879233d-83e5-462e-bd0d-80b88a837272,packing_completed,2026-04-24T22:50:45
0f5fd8d4-a8a3-4093-9b5a-a2db2c990d5b,9879233d-83e5-462e-bd0d-80b88a837272,shipped,2026-04-25T10:31:56
aa815fd6-de78-4336-bed4-e6d9c91f350e,fc2fb75d-6861-487d-930e-30d94730b305,created,2026-03-07T03:18:15
4e17a8ea-621f-4092-8c43-6c3154275839,fc2fb75d-6861-487d-930e-30d94730b305,picking_started,2026-03-07T09:52:19
32109c12-dc3e-414a-b109-cbfa551390ac,fc2fb75d-6861-487d-930e-30d94730b305,picking_completed,2026-03-07T15:22:17
81074c2a-00a5-46f8-b433-b65df5e2bc19,fc2fb75d-6861-487d-930e-30d94730b305,packing_started,2026-03-07T20:56:18
398aa624-3dac-4867-9f9c-187d0b2b26fa,fc2fb75d-6861-487d-930e-30d94730b305,packing_completed,2026-03-08T05:18:49
5cfc4256-18e8-4150-b91e-a73c2f8c6d10,fc2fb75d-6861-487d-930e-30d94730b305,shipped,2026-03-08T10:45:42
62d4bffd-3f1e-4d2e-b976-9c6fbd58ed66,b284fb53-d03a-433e-a58d-3e7dfe84f0b2,created,2026-03-11T21:49:06
316394cf-ed51-41e1-b193-3240e25586dc,b284fb53-d03a-433e-a58d-3e7dfe84f0b2,picking_started,2026-03-12T02:11:09
4c5ee5ef-a635-4939-bb08-ad7574093130,b284fb53-d03a-433e-a58d-3e7dfe84f0b2,picking_completed,2026-03-12T07:49:27
1e975458-55d5-4dac-b0da-f268023bea2e,b284fb53-d03a-433e-a58d-3e7dfe84f0b2,packing_started,2026-03-12T17:39:28
77fbf03c-27b1-4990-b574-fe22f7040068,b284fb53-d03a-433e-a58d-3e7dfe84f0b2,packing_completed,2026-03-13T03:58:04
c38967d0-50c4-469a-9d17-2473668a1202,b284fb53-d03a-433e-a58d-3e7dfe84f0b2,shipped,2026-03-13T12:55:56
a4f31752-5a1e-4af1-b26b-aadfb3861786,f23b9360-1e7e-43fc-9142-ff6bb8b8856e,created,2026-03-08T16:56:37
442760cb-9b4d-436c-a054-bfa189477892,f23b9360-1e7e-43fc-9142-ff6bb8b8856e,picking_started,2026-03-09T02:57:25
76652f10-f54b-47ba-9fad-a771ac855f05,f23b9360-1e7e-43fc-9142-ff6bb8b8856e,picking_completed,2026-03-09T14:36:12
cc898224-877b-4fc2-9db0-2996e126382a,f23b9360-1e7e-43fc-9142-ff6bb8b8856e,packing_started,2026-03-09T16:24:39
31c46d31-c83d-4222-b7cc-691300cd2469,f23b9360-1e7e-43fc-9142-ff6bb8b8856e,packing_completed,2026-03-09T19:31:03
d492536e-0b19-4c91-9239-3436fb824451,f23b9360-1e7e-43fc-9142-ff6bb8b8856e,shipped,2026-03-10T03:41:12
0c92a1ba-ab7a-4f3a-b4ac-036da3315bc7,3c2f943a-8d84-4da3-ab08-e53ae46ef01d,created,2026-08-08T22:31:54
0b1bac7d-541b-47cd-8baf-4beee9d3a7f9,3c2f943a-8d84-4da3-ab08-e53ae46ef01d,picking_started,2026-08-09T09:34:49
e537b39f-84c5-43a9-92d1-0a5bf6818c82,3c2f943a-8d84-4da3-ab08-e53ae46ef01d,picking_completed,2026-08-09T17:48:37
5c98ae02-5c07-464a-bbc5-87526f3631ae,3c2f943a-8d84-4da3-ab08-e53ae46ef01d,packing_started,2026-08-10T05:29:00
ed761790-ab04-4f65-b436-8e8d515a1148,3c2f943a-8d84-4da3-ab08-e53ae46ef01d,packing_completed,2026-08-10T12:02:13
17daff82-c088-4883-9d23-ed42fd0531d3,3c2f943a-8d84-4da3-ab08-e53ae46ef01d,shipped,2026-08-10T21:54:02
c81921fa-4355-4556-8168-50b4f13c97e0,691f4637-0ac6-4af0-a2b5-e0636191d3e6,created,2026-04-01T12:04:59
67924bfa-f217-4f40-83e0-0c732fede103,691f4637-0ac6-4af0-a2b5-e0636191d3e6,picking_started,2026-04-01T13:24:33
4ff40ce1-3fd6-4dfb-98e7-2e1594a8c2dc,691f4637-0ac6-4af0-a2b5-e0636191d3e6,picking_completed,2026-04-01T18:02:51
f254d968-62bb-43ec-af48-4235008ab1e6,691f4637-0ac6-4af0-a2b5-e0636191d3e6,packing_started,2026-04-02T01:51:34
c53d4301-6327-4815-aafe-f07a6a0a7bf8,691f4637-0ac6-4af0-a2b5-e0636191d3e6,packing_completed,2026-04-02T02:23:47
220bf083-aca2-43c8-b1c8-449cf9843da1,691f4637-0ac6-4af0-a2b5-e0636191d3e6,shipped,2026-04-02T12:41:42
b27c31bc-a31d-4aaf-b854-fa451952afce,68bc75f3-5c6d-47f5-806b-2ff4ed70a426,created,2026-08-15T00:38:55
b55b524c-dcfd-4f90-83b2-cf5e93dc2034,68bc75f3-5c6d-47f5-806b-2ff4ed70a426,picking_started,2026-08-15T02:10:16
b3096a9c-9d77-4241-889e-42994b852e98,68bc75f3-5c6d-47f5-806b-2ff4ed70a426,picking_completed,2026-08-15T12:32:03
792cf6ee-a1d8-4014-b618-c19b489657ff,68bc75f3-5c6d-47f5-806b-2ff4ed70a426,packing_started,2026-08-15T14:04:18
7bc469d5-58ee-47c1-8c3b-33289692931d,68bc75f3-5c6d-47f5-806b-2ff4ed70a426,packing_completed,2026-08-15T22:39:35
cf1a03bb-143d-401f-ba76-0f9021b2507e,68bc75f3-5c6d-47f5-806b-2ff4ed70a426,shipped,2026-08-16T03:14:05
e41ca7d6-756d-4d6d-82df-82af48469373,06483b98-44ab-42eb-acd5-032f25f2caef,created,2026-07-19T20:29:00
37aefea4-c2e0-470c-a1c8-54767ac397aa,06483b98-44ab-42eb-acd5-032f25f2caef,picking_started,2026-07-20T06:53:05
10697611-14cf-420a-807e-922aff11c445,06483b98-44ab-42eb-acd5-032f25f2caef,picking_completed,2026-07-20T13:20:35
1d71269d-2e68-4141-8015-eed82f1c041c,06483b98-44ab-42eb-acd5-032f25f2caef,packing_started,2026-07-20T16:00:47
5ddb0396-766a-4399-b588-7f2075f2b437,06483b98-44ab-42eb-acd5-032f25f2caef,packing_completed,2026-07-21T01:34:45
90bffe93-d84f-4f94-9cf0-fdc7d226acca,06483b98-44ab-42eb-acd5-032f25f2caef,shipped,2026-07-21T07:23:00
568298d8-f388-4ab1-aaf3-deae437a5fb3,b01cf3f6-b688-451c-908d-19a0f600a567,created,2026-07-11T16:37:19
5abcbda5-f489-4f09-a9c3-883a1c152bb7,b01cf3f6-b688-451c-908d-19a0f600a567,picking_started,2026-07-11T18:19:37
0496d8b9-7c37-4aea-aec1-02fa182af933,d8d2470c-eb96-4ee4-ba7f-fb4758510ca7,created,2026-08-08T16:54:59
dd05cfdc-3375-4e3f-9f3e-533369576cf3,d8d2470c-eb96-4ee4-ba7f-fb4758510ca7,picking_started,2026-08-09T04:08:57
dd4b7d33-8d2b-4b4a-843d-f2886073b1d3,d8d2470c-eb96-4ee4-ba7f-fb4758510ca7,picking_completed,2026-08-09T11:48:20
ba50f0f8-6eb2-4d3d-8883-d0d76b487032,d8d2470c-eb96-4ee4-ba7f-fb4758510ca7,packing_started,2026-08-09T23:34:19
76f863fa-1473-4281-bb08-8a20bd51a320,d8d2470c-eb96-4ee4-ba7f-fb4758510ca7,packing_completed,2026-08-10T02:31:10
33be863e-c6e7-40a6-9073-e820683f65bd,d8d2470c-eb96-4ee4-ba7f-fb4758510ca7,shipped,2026-08-10T06:06:41
417ef946-c6d7-472f-aa09-6d3d3cb6a4c3,04731b7d-b262-4175-b756-c36922a25788,created,2026-06-20T13:28:52
80528f35-3991-4c28-b651-145d5ce25886,04731b7d-b262-4175-b756-c36922a25788,picking_started,2026-06-20T14:53:23
aa565658-47b9-425e-8908-148b15e4f08b,04731b7d-b262-4175-b756-c36922a25788,picking_completed,2026-06-21T00:31:59
dec6a7d4-2c2c-423d-932d-30c4964f1249,04731b7d-b262-4175-b756-c36922a25788,cancelled,2026-06-21T04:20:47
d494733d-611c-41fe-affb-1375f4726f60,3a674e34-aa4c-4547-9dbc-ce7436741ff3,created,2026-07-31T19:47:59
4e9ad872-81cc-4af0-8527-a408184f8f27,3a674e34-aa4c-4547-9dbc-ce7436741ff3,picking_started,2026-08-01T05:44:55
9e320d88-80ea-4ee6-b009-e3620fca9e98,3a674e34-aa4c-4547-9dbc-ce7436741ff3,picking_completed,2026-08-01T10:41:22
2521a944-6e1e-4660-a915-3db47db20526,3a674e34-aa4c-4547-9dbc-ce7436741ff3,packing_started,2026-08-01T11:57:50
50459b75-e147-4029-a096-f3d9712cd5d7,3a674e34-aa4c-4547-9dbc-ce7436741ff3,packing_completed,2026-08-01T15:01:02
540a6144-dba0-4bd2-a8b3-e91554a77e30,4cc4c222-e676-4e3f-88e2-74b47bf57801,created,2026-07-14T12:26:34
e0fb1881-941a-49ff-831e-8255bce64251,4cc4c222-e676-4e3f-88e2-74b47bf57801,picking_started,2026-07-14T23:23:49
92f3d6b6-b771-4cfe-885f-87229b83e9ec,4cc4c222-e676-4e3f-88e2-74b47bf57801,picking_completed,2026-07-15T10:12:52
1076bb20-4070-4979-a220-8875c5e13a4e,4cc4c222-e676-4e3f-88e2-74b47bf57801,packing_started,2026-07-15T17:28:49
1de0c47d-7c7a-45c1-a875-4183c3d00bdd,4cc4c222-e676-4e3f-88e2-74b47bf57801,packing_completed,2026-07-16T02:22:43
e53474ba-59be-4157-8fc2-e594c0eb118d,4cc4c222-e676-4e3f-88e2-74b47bf57801,shipped,2026-07-16T07:55:34
d14bc059-e3c1-4bc9-a358-6f2165b64de6,9d3b205c-8cdb-48f1-a80c-98fdb7835b97,created,2026-03-29T06:49:55
b1eb3e88-1013-44b2-aff5-de1de855d1e8,9d3b205c-8cdb-48f1-a80c-98fdb7835b97,picking_started,2026-03-29T15:17:03
ceda4f4f-0cfe-41f6-8e7f-1341878a6364,9d3b205c-8cdb-48f1-a80c-98fdb7835b97,picking_completed,2026-03-29T20:44:25
e1be8543-cccc-4bb4-9b11-f624e83d537d,9d3b205c-8cdb-48f1-a80c-98fdb7835b97,packing_started,2026-03-29T22:18:36
27932f69-a924-4b09-a14e-cfc3613b1061,9d3b205c-8cdb-48f1-a80c-98fdb7835b97,packing_completed,2026-03-30T09:51:43
5ddbc972-5232-4c49-846a-8040429d05de,9d3b205c-8cdb-48f1-a80c-98fdb7835b97,shipped,2026-03-30T13:35:18
503e8c83-634e-473d-857b-57056af76ac1,2abb4067-7b78-4201-80bf-f191fa565f32,created,2026-07-29T20:49:49
b455afe5-1c76-4b68-b45b-8db26d016321,2abb4067-7b78-4201-80bf-f191fa565f32,picking_started,2026-07-30T01:41:53
9a7c2dff-7df1-4eff-82ff-e593784ca11e,2abb4067-7b78-4201-80bf-f191fa565f32,picking_completed,2026-07-30T02:26:01
f32d20ae-b137-42c5-be76-9e4a9ca8887c,2abb4067-7b78-4201-80bf-f191fa565f32,packing_started,2026-07-30T10:53:31
5b3132b6-3f24-47e8-9bac-9947a2dd17ac,2abb4067-7b78-4201-80bf-f191fa565f32,packing_completed,2026-07-30T14:15:32
b3bd3c53-0ec0-4fb0-8c07-efa7eacec8f8,2abb4067-7b78-4201-80bf-f191fa565f32,shipped,2026-07-30T23:35:55
1005a064-7b58-4bac-980c-2324783582ae,e4fdcdfb-7ea5-4a7c-91fc-d44cf6196b81,created,2026-04-07T04:57:04
bb78aa6a-53d2-47b3-a6ca-978c2a38e545,e4fdcdfb-7ea5-4a7c-91fc-d44cf6196b81,picking_started,2026-04-07T07:37:09
ad329a78-735f-49c4-80e1-9eadc980ca11,e4fdcdfb-7ea5-4a7c-91fc-d44cf6196b81,picking_completed,2026-04-07T16:30:47
c5524aa1-6324-4bc9-809b-7529a2117def,e4fdcdfb-7ea5-4a7c-91fc-d44cf6196b81,packing_started,2026-04-07T19:26:32
bf0ca2a5-9499-431e-9e68-d82381f696ef,e4fdcdfb-7ea5-4a7c-91fc-d44cf6196b81,packing_completed,2026-04-07T22:23:54
22d7bbaf-2fa6-4036-83a4-0e64e730a329,e4fdcdfb-7ea5-4a7c-91fc-d44cf6196b81,shipped,2026-04-08T09:10:25
faf64f92-dbb8-4e85-a0dd-36339a698869,dfd5a856-7596-49cf-ab4f-5963113269a5,created,2026-08-06T22:24:48
8d862711-36c6-4308-a205-72e9f3b6104c,dfd5a856-7596-49cf-ab4f-5963113269a5,picking_started,2026-08-07T02:56:00
d88b6f00-48b3-4f54-b5d2-8ed2d77741d5,dfd5a856-7596-49cf-ab4f-5963113269a5,picking_completed,2026-08-07T11:17:25
b4bc05c2-17dc-424c-a950-6b091bd83ff0,dfd5a856-7596-49cf-ab4f-5963113269a5,packing_started,2026-08-07T17:10:57
2115195e-20d2-4f41-802e-0bb5d85f0af4,0acada42-1ad9-4a02-9a4f-d9b43d3e9e4e,created,2026-03-18T09:27:52
5a1f7d20-7a49-4441-903c-aa3cd3b8eb8c,0acada42-1ad9-4a02-9a4f-d9b43d3e9e4e,picking_started,2026-03-18T12:27:46
25e3859c-9ebc-4973-9ac0-c9871c6135ec,0acada42-1ad9-4a02-9a4f-d9b43d3e9e4e,picking_completed,2026-03-18T13:12:28
d51f98f5-a406-4a2e-a937-93a694af3c36,0acada42-1ad9-4a02-9a4f-d9b43d3e9e4e,packing_started,2026-03-18T19:52:35
44f60b7b-8187-44ad-9b2e-9cb09c556f70,0acada42-1ad9-4a02-9a4f-d9b43d3e9e4e,packing_completed,2026-03-19T02:33:03
be0c86c7-83e3-4786-9deb-d1c45afde6fa,0acada42-1ad9-4a02-9a4f-d9b43d3e9e4e,shipped,2026-03-19T09:05:40
87fbca53-0f9e-497c-9039-9cf547961d24,a0b6fdeb-12f2-4cf6-8bfa-ac4cdecc506c,created,2026-07-05T09:32:16
1ab16895-616b-4dcb-8836-c1e251cb1e4b,a0b6fdeb-12f2-4cf6-8bfa-ac4cdecc506c,picking_started,2026-07-05T15:33:20
f815159b-2f7a-428b-bdfb-5ff225a566bf,a0b6fdeb-12f2-4cf6-8bfa-ac4cdecc506c,picking_completed,2026-07-06T01:25:39
7912ca3e-0d0f-4c89-ba01-121a8ab2ac81,a0b6fdeb-12f2-4cf6-8bfa-ac4cdecc506c,packing_started,2026-07-06T07:53:42
13afbbec-a9fe-45c8-9a08-14be4f094876,a0b6fdeb-12f2-4cf6-8bfa-ac4cdecc506c,packing_completed,2026-07-06T10:25:16
060d7210-f10e-4122-a198-306690707011,a0b6fdeb-12f2-4cf6-8bfa-ac4cdecc506c,shipped,2026-07-06T18:14:30
888b9b24-c0c9-4d36-a8f6-b880e8cec7e3,179a8014-4b7d-49e9-b5cf-59a0bcc5f93e,created,2026-05-12T23:04:11
fb5a3a5a-e42d-4b17-b321-00a35b104f5a,179a8014-4b7d-49e9-b5cf-59a0bcc5f93e,picking_started,2026-05-13T06:25:58
fe391597-2d0c-4c99-9105-ad957a8297e2,179a8014-4b7d-49e9-b5cf-59a0bcc5f93e,picking_completed,2026-05-13T11:09:39
91c4bf2d-5e11-426c-a142-eb3bc6e1f443,179a8014-4b7d-49e9-b5cf-59a0bcc5f93e,packing_started,2026-05-13T19:34:09
b796ae6c-addc-4f51-b75c-1767785e513a,179a8014-4b7d-49e9-b5cf-59a0bcc5f93e,packing_completed,2026-05-14T07:01:48
1bb59746-3ea6-4f77-88ac-9d84d7d2b96c,179a8014-4b7d-49e9-b5cf-59a0bcc5f93e,shipped,2026-05-14T07:34:18
ebe5e3a2-8711-470b-9256-78deee3c9af0,9ff54836-8bbd-4fdc-9349-22fd6dbe24fe,created,2026-06-08T05:09:35
7bde36c2-949d-4d61-ba54-f951421b9cea,9ff54836-8bbd-4fdc-9349-22fd6dbe24fe,picking_started,2026-06-08T06:24:52
c4b9c6f9-3497-43df-8bb7-7b56e1cd1e12,9ff54836-8bbd-4fdc-9349-22fd6dbe24fe,picking_completed,2026-06-08T14:38:43
14100c87-44a7-4b34-96cc-6fdab2ccbfe5,9ff54836-8bbd-4fdc-9349-22fd6dbe24fe,packing_started,2026-06-08T18:51:02
e7f77b47-13ad-432e-8e94-f6b8c87c6b86,9ff54836-8bbd-4fdc-9349-22fd6dbe24fe,packing_completed,2026-06-09T05:06:22
5a630033-adcc-4a02-a291-0f3d7aaff64a,9ff54836-8bbd-4fdc-9349-22fd6dbe24fe,shipped,2026-06-09T08:43:52
6323f5ea-8f24-458b-a3c5-0c4c94748d76,755a2da0-025a-4afb-a71c-49d0b32449cb,created,2026-05-06T01:07:54
4bc83fda-c1d2-4cc9-b31a-277b15a9afa8,755a2da0-025a-4afb-a71c-49d0b32449cb,picking_started,2026-05-06T08:58:45
90876784-aade-4b1b-8572-f6861b2ee3b9,755a2da0-025a-4afb-a71c-49d0b32449cb,picking_completed,2026-05-06T17:50:29
a9a2be4b-4607-4c61-9d5b-d93e14e008e4,755a2da0-025a-4afb-a71c-49d0b32449cb,packing_started,2026-05-07T01:25:37
e8066b04-3ad5-4afa-9013-2a500729b628,755a2da0-025a-4afb-a71c-49d0b32449cb,packing_completed,2026-05-07T09:11:14
fb62652d-cd53-4f58-a3e0-c754c0ea63f1,755a2da0-025a-4afb-a71c-49d0b32449cb,shipped,2026-05-07T09:52:31
de950557-761a-4b61-bc2a-f7a7570f6f6a,e62dda94-e6ef-4dd3-8ecf-2d162f2a803d,created,2026-08-04T08:43:16
2fb469ce-b441-4b61-8e2b-78d7e2b6405f,e62dda94-e6ef-4dd3-8ecf-2d162f2a803d,picking_started,2026-08-04T15:37:39
c1b36b7d-43f1-4a46-8569-6cc4ebe0f924,e62dda94-e6ef-4dd3-8ecf-2d162f2a803d,picking_completed,2026-08-04T19:37:34
cc2458f3-e269-415e-9a60-acc778e18c5d,e62dda94-e6ef-4dd3-8ecf-2d162f2a803d,packing_started,2026-08-05T02:52:29
a7b36a5c-02f9-4964-b6f5-ef897b7b3710,e62dda94-e6ef-4dd3-8ecf-2d162f2a803d,packing_completed,2026-08-05T10:22:15
0c760b6a-881e-4d84-888d-daa1816eb6ec,e62dda94-e6ef-4dd3-8ecf-2d162f2a803d,shipped,2026-08-05T17:47:25
3255c0ed-4e7a-4fe1-8012-c3643844130f,8d160199-3742-4eb7-884a-0f0e21d3e4bb,created,2026-05-13T13:23:04
b80194e4-1b3c-496a-9507-efcfb2bce313,8d160199-3742-4eb7-884a-0f0e21d3e4bb,picking_started,2026-05-13T16:35:30
a5258168-52b6-4e1e-be00-2a3b73e11978,8d160199-3742-4eb7-884a-0f0e21d3e4bb,picking_completed,2026-05-13T23:08:12
7ad0cd65-1010-42f3-8343-db50ebdf9ef7,8d160199-3742-4eb7-884a-0f0e21d3e4bb,packing_started,2026-05-14T02:57:17
e31990df-257e-439d-87e3-ad1f484af349,8d160199-3742-4eb7-884a-0f0e21d3e4bb,packing_completed,2026-05-14T08:10:09
120d2069-c256-4e20-b1ce-73ae976d80e5,8d160199-3742-4eb7-884a-0f0e21d3e4bb,shipped,2026-05-14T15:15:50
6913ce02-83dc-46a7-95a8-bac17d41efa2,d8d2ece0-3bc4-4ae6-92db-8d9b733ec93a,created,2026-04-29T02:07:32
e45cc079-d9c6-4363-bbf9-eac9f8cbccae,d8d2ece0-3bc4-4ae6-92db-8d9b733ec93a,picking_started,2026-04-29T05:30:10
05c84518-53ba-4489-aaba-19f422e56e06,d8d2ece0-3bc4-4ae6-92db-8d9b733ec93a,picking_completed,2026-04-29T09:57:10
5b6eaaa5-ec63-49a5-ad2d-26b90d54ca57,d8d2ece0-3bc4-4ae6-92db-8d9b733ec93a,packing_started,2026-04-29T13:19:39
d935778a-0526-4527-9bbe-78e10457bbf7,d8d2ece0-3bc4-4ae6-92db-8d9b733ec93a,packing_completed,2026-04-29T20:42:05
6050e99e-d5d5-4865-b887-1ec892e9dda7,d8d2ece0-3bc4-4ae6-92db-8d9b733ec93a,shipped,2026-04-30T02:59:31
ad48f3f4-bf94-4785-bdad-1d8c9cf9f2fd,f2771387-2bb0-4f53-af82-67ff958abfdb,created,2026-07-06T23:28:21
a4113604-9b98-419c-ab74-fdf3a412a5c8,f2771387-2bb0-4f53-af82-67ff958abfdb,picking_started,2026-07-07T10:05:44
96ced316-9ad7-4106-8391-897d682e03c4,f2771387-2bb0-4f53-af82-67ff958abfdb,picking_completed,2026-07-07T13:34:26
997cd9a5-7879-4836-9617-3a4a9d208157,f2771387-2bb0-4f53-af82-67ff958abfdb,packing_started,2026-07-07T17:46:37
98f7e92c-a887-4c29-9dd8-57e5abd0143c,f2771387-2bb0-4f53-af82-67ff958abfdb,packing_completed,2026-07-08T00:58:23
f632255c-bd4b-4a0f-9c93-21ce76e5b38b,f2771387-2bb0-4f53-af82-67ff958abfdb,shipped,2026-07-08T08:00:21
de68255b-490b-460e-8448-a9efe6468994,fc9ae35a-0861-45d0-a55e-2f626dc561ea,created,2026-03-09T14:10:49
c683fb13-aa95-4e5d-aaa0-d02e32d6a786,fc9ae35a-0861-45d0-a55e-2f626dc561ea,picking_started,2026-03-09T22:28:52
c5390941-a5ba-40be-b94c-85b852013bd0,fc9ae35a-0861-45d0-a55e-2f626dc561ea,picking_completed,2026-03-09T23:00:41
50406df2-ea89-4e45-9d3c-4e4a353f5ef8,c97bd2d5-8b98-4b5e-adf4-c86fa03a9ac9,created,2026-03-05T11:13:09
3e7b6900-0a22-42bd-a4a6-6ba4e9606967,c97bd2d5-8b98-4b5e-adf4-c86fa03a9ac9,picking_started,2026-03-05T22:35:56
62165f5e-80ce-4aa0-903c-078349144e73,c97bd2d5-8b98-4b5e-adf4-c86fa03a9ac9,picking_completed,2026-03-06T07:00:47
cd883d8a-a462-4db8-9dec-0cdb8a5c0880,c97bd2d5-8b98-4b5e-adf4-c86fa03a9ac9,cancelled,2026-03-06T09:07:17
fbf717ba-52ca-4f84-b3e6-c54a1f361a9c,56b9d736-6002-4904-a4aa-d16270e91c1a,created,2026-03-03T00:11:01
40f46cf4-b41e-4ced-b88f-407f343f34d3,56b9d736-6002-4904-a4aa-d16270e91c1a,picking_started,2026-03-03T03:23:44
ea20b7d4-95e1-4121-b2c4-51ded283f6aa,56b9d736-6002-4904-a4aa-d16270e91c1a,picking_completed,2026-03-03T13:16:01
3099fb7d-7819-468e-b26c-a92c3799b496,56b9d736-6002-4904-a4aa-d16270e91c1a,packing_started,2026-03-03T14:00:08
cc17e5b4-ee4c-4cd1-aaae-684a6aacf914,56b9d736-6002-4904-a4aa-d16270e91c1a,packing_completed,2026-03-03T22:04:51
7b64396c-8cb1-4a2d-ba77-380adee4db97,56b9d736-6002-4904-a4aa-d16270e91c1a,shipped,2026-03-03T23:04:17
e80495c8-b253-4f0f-8b87-19fcd2e5561c,547dfbca-3725-45da-a301-09c3ca1bb755,created,2026-07-10T13:36:57
fd43238d-ea19-42d7-9725-b4b313965622,547dfbca-3725-45da-a301-09c3ca1bb755,picking_started,2026-07-10T16:04:56
7101365b-ef30-420c-800b-f0a2a7d70b44,547dfbca-3725-45da-a301-09c3ca1bb755,picking_completed,2026-07-10T22:48:37
961ff27b-8e9c-49cd-8071-2a49fe8b6321,547dfbca-3725-45da-a301-09c3ca1bb755,packing_started,2026-07-11T08:12:03
9a63b972-5de4-42f9-a37e-1fa522505490,547dfbca-3725-45da-a301-09c3ca1bb755,packing_completed,2026-07-11T19:28:20
8368f935-ff72-4e80-ae6f-cff161280d81,547dfbca-3725-45da-a301-09c3ca1bb755,shipped,2026-07-12T05:35:26
a6eb05b4-34d3-40ce-bbc1-d04d0bef2f68,c3386f7d-169a-4756-9207-c2276fed0dab,created,2026-07-02T10:47:19
aa5b72d8-3fcd-40ba-8b07-0c18de2cb2a5,c3386f7d-169a-4756-9207-c2276fed0dab,picking_started,2026-07-02T11:34:20
ebd57700-24d0-460e-a8cd-1a413de2376c,c3386f7d-169a-4756-9207-c2276fed0dab,picking_completed,2026-07-02T23:20:24
8d2a6fca-4d9e-4e2f-9aea-96489f68f76d,c3386f7d-169a-4756-9207-c2276fed0dab,packing_started,2026-07-03T07:13:45
ae32ce96-34f1-4271-855f-d62341e824ef,c3386f7d-169a-4756-9207-c2276fed0dab,packing_completed,2026-07-03T07:46:44
bd299c6c-9bec-4cde-8247-e0e5fe1f7a0a,c3386f7d-169a-4756-9207-c2276fed0dab,shipped,2026-07-03T15:08:12
03f6084b-3c79-4f4a-8733-ac1c5547a453,552fc56a-b08d-42fe-9697-423a33935e6e,created,2026-04-11T12:29:08
0c7e187f-5e8a-4cdf-9401-68e209cbfa34,552fc56a-b08d-42fe-9697-423a33935e6e,picking_started,2026-04-11T18:11:28
b5ad4fe5-6af0-47c6-9966-347aa29d9b1a,552fc56a-b08d-42fe-9697-423a33935e6e,picking_completed,2026-04-12T01:40:13
1260b5c8-da18-4c16-8d8c-f64fe90ae16a,552fc56a-b08d-42fe-9697-423a33935e6e,packing_started,2026-04-12T07:01:46
3c185c92-0971-4d4a-ac1a-9b6c9409bf21,552fc56a-b08d-42fe-9697-423a33935e6e,packing_completed,2026-04-12T14:01:09
1d0774a2-7f97-401f-9883-3c1697b64645,552fc56a-b08d-42fe-9697-423a33935e6e,shipped,2026-04-13T00:33:13
7960871f-de0c-458c-a775-6b84e098959b,d18c0152-a27e-4ebc-812a-53983f5cc38c,created,2026-07-10T11:15:28
cc809d08-eee1-40df-86aa-3c87403f7690,d18c0152-a27e-4ebc-812a-53983f5cc38c,picking_started,2026-07-10T17:28:03
86cdbee8-432d-4063-88e0-310aeaff2ba7,d18c0152-a27e-4ebc-812a-53983f5cc38c,picking_completed,2026-07-11T04:49:50
89c30b49-8931-4428-a1ff-34a1afd73f9b,d18c0152-a27e-4ebc-812a-53983f5cc38c,packing_started,2026-07-11T13:30:07
3e2d1d8d-1b96-41e8-be0c-447fb01b6886,d18c0152-a27e-4ebc-812a-53983f5cc38c,packing_completed,2026-07-11T22:08:26
94a5543e-d990-4528-a977-8dccaeb6670e,d18c0152-a27e-4ebc-812a-53983f5cc38c,shipped,2026-07-12T00:07:32
9a97bf7c-c21f-4093-886b-690a7c8d83ad,86bba77e-a196-4deb-be2c-9136be72f304,created,2026-02-26T23:10:22
8e1a64ab-f595-4f74-8b87-7c29901c9bbb,86bba77e-a196-4deb-be2c-9136be72f304,picking_started,2026-02-27T10:35:51
bc199b38-91c5-4b42-9aac-cf4e588cab2d,86bba77e-a196-4deb-be2c-9136be72f304,picking_completed,2026-02-27T15:08:19
a62e9e06-8fe4-4a18-a589-8b60442e2051,86bba77e-a196-4deb-be2c-9136be72f304,cancelled,2026-02-27T19:53:41
a4fc919c-5d14-4197-9728-ade41b8b3380,d8a22c8b-df11-4a42-a5e3-a805db789bf8,created,2026-07-29T05:27:19
5dd8e159-3432-405b-89d0-96ce7afc4984,d8a22c8b-df11-4a42-a5e3-a805db789bf8,picking_started,2026-07-29T17:21:02
ba271cac-1448-46f1-9b78-ea5863f14c04,d8a22c8b-df11-4a42-a5e3-a805db789bf8,picking_completed,2026-07-29T23:35:13
960a39c4-59cf-420d-8a8f-535b42d86a88,d8a22c8b-df11-4a42-a5e3-a805db789bf8,packing_started,2026-07-30T07:53:10
dd1a06ea-4712-4af6-88a3-59f36a109e1d,08036136-01f1-4579-9303-1529e38fee7a,created,2026-07-06T06:55:02
5b7a53b4-c70b-4044-9935-729f9d290187,08036136-01f1-4579-9303-1529e38fee7a,picking_started,2026-07-06T12:27:11
576566ef-ac8e-4a2b-b45b-6a99e97806df,08036136-01f1-4579-9303-1529e38fee7a,picking_completed,2026-07-06T12:59:51
52404ca5-2329-46fe-b5d5-81eadbd97e78,08036136-01f1-4579-9303-1529e38fee7a,cancelled,2026-07-06T15:47:51
8c99143b-4f21-43c2-8961-b730f632de7a,6dc3adb7-fcf0-446f-913e-2f3311ae365a,created,2026-07-05T05:45:21
dfaea8d4-3a81-4e37-8620-4420bdc27063,6dc3adb7-fcf0-446f-913e-2f3311ae365a,picking_started,2026-07-05T16:14:02
1ec735ba-a395-4d4d-a0c5-a5f344b9b0ab,6dc3adb7-fcf0-446f-913e-2f3311ae365a,picking_completed,2026-07-06T00:57:55
0f03dc60-62a1-4bac-a41b-35336bb5ab64,6dc3adb7-fcf0-446f-913e-2f3311ae365a,packing_started,2026-07-06T08:43:34
d60ca21f-7a07-44f8-a382-bba247b68752,6dc3adb7-fcf0-446f-913e-2f3311ae365a,packing_completed,2026-07-06T15:21:41
3ca9b1cf-5fb1-4812-aa0c-945a1aa35061,6dc3adb7-fcf0-446f-913e-2f3311ae365a,shipped,2026-07-06T19:25:47
d532dd82-09d1-454b-8b3f-746f04a3b045,d079e711-91e3-4f1d-a10e-fb87657e9c5c,created,2026-05-28T01:17:20
ca69410f-84bb-414c-a4f3-9cdaf46d3d79,d079e711-91e3-4f1d-a10e-fb87657e9c5c,picking_started,2026-05-28T02:15:59
254a5e67-047b-421a-9dab-7bc5f21b35e5,d079e711-91e3-4f1d-a10e-fb87657e9c5c,picking_completed,2026-05-28T13:30:01
cc0581a0-0fc1-46c9-830e-b93e04bc3eb8,d079e711-91e3-4f1d-a10e-fb87657e9c5c,packing_started,2026-05-28T20:58:11
6ec57ae8-0424-442f-8109-8755527a1c3e,d079e711-91e3-4f1d-a10e-fb87657e9c5c,packing_completed,2026-05-28T22:41:22
a951d249-d1cb-40b2-ac0e-95884a7f59ce,a05df974-db0d-45de-90ac-e5c622c301df,created,2026-02-22T01:01:38
50ae0649-481d-42e8-a8dd-7d1c4bf0217c,a05df974-db0d-45de-90ac-e5c622c301df,picking_started,2026-02-22T07:51:38
668f1706-6602-4222-94d6-e61baf7285ce,a05df974-db0d-45de-90ac-e5c622c301df,picking_completed,2026-02-22T15:43:18
81369170-f46c-4cd7-b989-45caa835f20c,32613a7a-c6b7-45d2-ac6d-8187f77d6dce,created,2026-03-10T16:42:26
3db15b0e-fc1c-40f7-a892-91daa3f9be2f,32613a7a-c6b7-45d2-ac6d-8187f77d6dce,picking_started,2026-03-10T21:28:48
64c2345a-dc6f-4f85-a329-2b9b0b9b9a93,32613a7a-c6b7-45d2-ac6d-8187f77d6dce,picking_completed,2026-03-11T06:51:52
3d5cceea-03ea-4403-86f5-3b22e113bf14,32613a7a-c6b7-45d2-ac6d-8187f77d6dce,packing_started,2026-03-11T10:56:29
68fd8cc0-5d22-4945-8e9c-55a548efa426,32613a7a-c6b7-45d2-ac6d-8187f77d6dce,packing_completed,2026-03-11T12:25:32
83cd1fbc-35c1-42af-9e24-b2c764c3463c,32613a7a-c6b7-45d2-ac6d-8187f77d6dce,shipped,2026-03-11T13:38:03
4310977e-e9df-441f-9b7e-d63018a634f2,d357742d-30bd-4c8e-ae65-20d5eb059e23,created,2026-02-17T01:15:10
5967ed90-c234-4821-939c-acb58799e5e2,d357742d-30bd-4c8e-ae65-20d5eb059e23,picking_started,2026-02-17T07:54:15
1c061607-c823-4cf5-ad3a-683d8c47019c,d357742d-30bd-4c8e-ae65-20d5eb059e23,picking_completed,2026-02-17T19:33:44
a6388451-2d0b-44bf-bb8f-39bb58882170,d357742d-30bd-4c8e-ae65-20d5eb059e23,packing_started,2026-02-17T22:44:05
66ce205a-6fcf-459a-a1e1-c9c54fd2404f,d357742d-30bd-4c8e-ae65-20d5eb059e23,packing_completed,2026-02-17T23:59:23
03d7fc6f-0c3a-484d-b047-d996ceccdcda,d357742d-30bd-4c8e-ae65-20d5eb059e23,shipped,2026-02-18T06:43:03
08ca0676-45b5-45a9-ac7e-62f4f2e3ace1,947e6609-362a-4100-ae12-62323558490e,created,2026-03-21T13:54:49
8795e1aa-49eb-47fc-8b5f-93d196cb084d,947e6609-362a-4100-ae12-62323558490e,picking_started,2026-03-22T00:25:56
c96bbb7c-29c0-485b-9632-c2d43365c88d,947e6609-362a-4100-ae12-62323558490e,picking_completed,2026-03-22T01:27:07
f2253d0a-2acc-4257-bdf1-7d91f0b3f564,947e6609-362a-4100-ae12-62323558490e,cancelled,2026-03-22T02:41:24
1c4b8f0a-418e-41a2-a076-82ebb55550e1,cc3b3605-b179-4c33-9f29-f9fade2ce7c1,created,2026-04-08T16:54:00
cf7b63de-df51-4b66-917e-d356a8048756,cc3b3605-b179-4c33-9f29-f9fade2ce7c1,picking_started,2026-04-08T23:49:01
f405a3c9-73b1-49e0-93e7-e490e80cfe03,cc3b3605-b179-4c33-9f29-f9fade2ce7c1,cancelled,2026-04-09T03:04:56
c27b063f-8b7c-4038-a1bb-675dc0504881,fdfe02ce-f4cd-4a2e-830a-1df7a71d497f,created,2026-02-25T18:18:30
ae7926b9-9aa7-4871-bc5e-b62a2aaae4ec,fdfe02ce-f4cd-4a2e-830a-1df7a71d497f,picking_started,2026-02-26T05:19:04
0193e9d5-3c29-45e8-afe1-f01c4ecee22d,fdfe02ce-f4cd-4a2e-830a-1df7a71d497f,picking_completed,2026-02-26T08:26:21
40c74633-6586-4dce-9b56-6f1d67243a96,fdfe02ce-f4cd-4a2e-830a-1df7a71d497f,packing_started,2026-02-26T18:47:47
fec75e68-585e-4261-86ea-cff6481b1b3f,fdfe02ce-f4cd-4a2e-830a-1df7a71d497f,packing_completed,2026-02-27T03:47:50
a47d3c01-c0b8-4f01-8847-98ffd2ec10b9,fdfe02ce-f4cd-4a2e-830a-1df7a71d497f,shipped,2026-02-27T12:58:41
a9e7d576-e67b-4588-ba30-c55ab97381f0,10f88f28-844c-49d0-bf0a-7d4fbf437c23,created,2026-03-16T06:06:40
49648f1b-a7c8-4f83-b85c-fd9f05120a60,10f88f28-844c-49d0-bf0a-7d4fbf437c23,picking_started,2026-03-16T11:44:28
da4cbc9b-db6d-4904-aa7a-db9b212abe17,10f88f28-844c-49d0-bf0a-7d4fbf437c23,picking_completed,2026-03-16T18:33:25
3a0e96b8-7367-4eba-8c72-757a6ec49890,10f88f28-844c-49d0-bf0a-7d4fbf437c23,packing_started,2026-03-17T03:56:24
653f55d5-5dbe-4833-aed8-f22ab7e2a2e2,10f88f28-844c-49d0-bf0a-7d4fbf437c23,packing_completed,2026-03-17T06:59:53
dd5bb724-9a19-4881-82cd-acbcf5556206,10f88f28-844c-49d0-bf0a-7d4fbf437c23,shipped,2026-03-17T08:03:20
7fd42867-970d-4b07-819a-5271e6edfd43,1efa1f15-8cee-474f-b63a-6dfd79bdb264,created,2026-04-07T05:47:40
6ca5a8de-e95d-493f-a91b-10a4ca5527b0,1efa1f15-8cee-474f-b63a-6dfd79bdb264,picking_started,2026-04-07T16:22:26
52aff43a-2c9f-4c8d-9f9c-610e38bc8898,1efa1f15-8cee-474f-b63a-6dfd79bdb264,picking_completed,2026-04-07T22:32:31
f3492b72-324c-4a50-aae1-a8b7df3f3fd9,1efa1f15-8cee-474f-b63a-6dfd79bdb264,packing_started,2026-04-08T05:56:36
ec34a8ea-9a75-433a-b677-2e65b4f078ec,141677d4-519f-4097-9b42-b01a22b2caa9,created,2026-04-06T06:47:31
621d6eb8-1f1a-4889-8224-ec3766068562,141677d4-519f-4097-9b42-b01a22b2caa9,picking_started,2026-04-06T10:16:19
cb4f5c75-4706-4f23-8ebe-e560877bc2e3,141677d4-519f-4097-9b42-b01a22b2caa9,picking_completed,2026-04-06T15:15:11
8a9def9c-39ac-4cc5-bbeb-eab97dbb67f5,141677d4-519f-4097-9b42-b01a22b2caa9,packing_started,2026-04-06T16:33:55
2301aaf4-3ea4-4e6f-b913-1749b8ec84d9,141677d4-519f-4097-9b42-b01a22b2caa9,packing_completed,2026-04-06T17:37:19
46e9535b-ef5c-47d5-80e8-e5abc62d0dd4,141677d4-519f-4097-9b42-b01a22b2caa9,shipped,2026-04-07T02:53:57
6e05d713-5d33-49dc-af8d-0819c4cf9ffd,7e3f5d53-faa5-4617-b1eb-6792248e2b54,created,2026-02-19T15:06:33
f4123cfc-a391-4d80-982d-ed8adeb4f944,7e3f5d53-faa5-4617-b1eb-6792248e2b54,picking_started,2026-02-20T01:51:02
e598da46-a9fc-4c96-95dd-52fca3601933,e1510d79-1279-4046-b02d-a5e22bb3aa82,created,2026-04-13T22:01:14
c0d25502-cf50-4cf7-8dd5-b2b3b8afe6d3,e1510d79-1279-4046-b02d-a5e22bb3aa82,picking_started,2026-04-14T09:16:39
66e73f91-795e-43bf-a988-b9d5df5159ee,e1510d79-1279-4046-b02d-a5e22bb3aa82,picking_completed,2026-04-14T14:09:58
8927585e-e198-46db-9430-bc881132d82f,e1510d79-1279-4046-b02d-a5e22bb3aa82,packing_started,2026-04-14T22:19:15
3fa13d4d-c3e4-4bb6-a927-bc0379efc2a0,e1510d79-1279-4046-b02d-a5e22bb3aa82,packing_completed,2026-04-15T09:10:20
df3cefe1-9aef-47e2-83d7-8c8128583dd0,e1510d79-1279-4046-b02d-a5e22bb3aa82,shipped,2026-04-15T13:30:50
7e780a32-390f-40b6-8ec1-231d0755e391,06f406d6-5b22-47b9-9bc6-41a699e485a6,created,2026-05-13T23:18:21
f89f6c7b-1d0d-47e6-81ce-b360bad432aa,06f406d6-5b22-47b9-9bc6-41a699e485a6,picking_started,2026-05-14T01:45:34
84d06405-27de-4aa2-a515-6e4b68c64ad7,06f406d6-5b22-47b9-9bc6-41a699e485a6,picking_completed,2026-05-14T12:00:40
04303757-5140-43c4-8c69-7d5964b339bc,06f406d6-5b22-47b9-9bc6-41a699e485a6,packing_started,2026-05-14T17:09:58
69a5ea36-d5a8-4011-a11a-ce2c5664cdc4,4d06b2a8-70e4-498e-b31e-602732a811f5,created,2026-06-18T18:25:31
76409a34-4d5b-4dee-b6ce-29ccac67aba5,4d06b2a8-70e4-498e-b31e-602732a811f5,picking_started,2026-06-18T19:29:36
a5308ef5-7c5a-4754-8293-e03a26eed1c1,4d06b2a8-70e4-498e-b31e-602732a811f5,picking_completed,2026-06-19T00:47:48
097fe7f4-dea1-4023-9e25-d40c99119c04,4d06b2a8-70e4-498e-b31e-602732a811f5,packing_started,2026-06-19T04:10:42
5268a8ef-711e-462f-ab34-3a4829f69e1b,4d06b2a8-70e4-498e-b31e-602732a811f5,packing_completed,2026-06-19T14:15:54
8b339d5a-31f6-4bd9-af46-7ff672a74b11,4d06b2a8-70e4-498e-b31e-602732a811f5,shipped,2026-06-19T20:53:09
e4db9620-3b86-45cc-9c09-a282e48ef430,14c34d2a-615d-43f8-ad3e-a12be17654d7,created,2026-03-04T22:20:30
2dfbd64d-821a-4d2c-baf1-040f77465ef5,14c34d2a-615d-43f8-ad3e-a12be17654d7,picking_started,2026-03-05T01:57:58
55ac8899-14a0-41f9-9e13-30813ded749b,14c34d2a-615d-43f8-ad3e-a12be17654d7,picking_completed,2026-03-05T12:38:43
ef3b5dab-710d-40df-9ade-218b4f87bc63,14c34d2a-615d-43f8-ad3e-a12be17654d7,packing_started,2026-03-06T00:19:53
fdf91494-bf1c-44f7-9eb9-f42a03663b91,14c34d2a-615d-43f8-ad3e-a12be17654d7,packing_completed,2026-03-06T10:00:27
f159a660-f308-415a-9e17-f584c75d3db3,14c34d2a-615d-43f8-ad3e-a12be17654d7,shipped,2026-03-06T21:12:53
6476ffcb-120c-4413-9740-0fcf10608937,47e2f589-b8dd-4a5c-9275-d58bb7eeacea,created,2026-05-27T09:28:40
5bf69c84-ce76-4c22-a54d-9d577f4a4955,47e2f589-b8dd-4a5c-9275-d58bb7eeacea,picking_started,2026-05-27T11:10:07
8537967f-05fc-4159-a7de-aae85038ec01,47e2f589-b8dd-4a5c-9275-d58bb7eeacea,picking_completed,2026-05-27T16:31:36
2825ed2e-8af2-4444-b293-e537a6963dcd,47e2f589-b8dd-4a5c-9275-d58bb7eeacea,cancelled,2026-05-27T21:55:42
e0fd7857-aae5-44a1-b441-51cb4160a120,f1640ddc-7946-471c-8fb0-6acf997676fe,created,2026-07-13T05:35:44
497afc60-3399-4297-be1f-86aebd9f498a,f1640ddc-7946-471c-8fb0-6acf997676fe,picking_started,2026-07-13T14:23:31
348ee980-9f87-4979-ae4a-bb0d275f3a21,f1640ddc-7946-471c-8fb0-6acf997676fe,picking_completed,2026-07-13T15:58:15
eb7d6178-0ae8-4bc2-b798-ecf1166d7301,f1640ddc-7946-471c-8fb0-6acf997676fe,packing_started,2026-07-14T02:12:59
bffb04b5-a04e-4ed3-a27a-2bc256c0b507,f1640ddc-7946-471c-8fb0-6acf997676fe,packing_completed,2026-07-14T11:59:03
47a53094-f650-4000-903d-8bb6ae401039,f1640ddc-7946-471c-8fb0-6acf997676fe,shipped,2026-07-14T21:41:34
64f29082-e464-4a82-83bd-bb36ffd20a17,aa216c0f-99ad-46c8-89c8-59e6b50d6109,created,2026-04-08T23:49:31
07221dfb-816f-4060-97cf-f18881c4b708,aa216c0f-99ad-46c8-89c8-59e6b50d6109,picking_started,2026-04-09T11:46:00
9724cf1e-b107-45d6-8ccd-be1ca909fd1e,aa216c0f-99ad-46c8-89c8-59e6b50d6109,picking_completed,2026-04-09T13:29:57
049cc751-a09b-4ced-a1c4-229a9adcc3f3,aa216c0f-99ad-46c8-89c8-59e6b50d6109,packing_started,2026-04-09T20:01:39
109bd722-e45f-4f67-b887-d988570fadfc,aa216c0f-99ad-46c8-89c8-59e6b50d6109,packing_completed,2026-04-10T07:13:30
ce4fdf1e-ca18-4b42-a952-47bbfd1bd453,aa216c0f-99ad-46c8-89c8-59e6b50d6109,shipped,2026-04-10T16:47:55
a5275539-2ffb-4217-aa64-e76747331e7d,7197b2f7-2a6c-4985-ab05-7d19be28b969,created,2026-03-06T10:25:15
ffeb5642-54bc-4e5d-b8ab-cf9d7fffb12b,7197b2f7-2a6c-4985-ab05-7d19be28b969,picking_started,2026-03-06T14:17:58
96958abb-b4dd-46a6-bfca-eaf4e7477275,7197b2f7-2a6c-4985-ab05-7d19be28b969,picking_completed,2026-03-07T00:36:34
b3fdb2b9-563a-4050-beab-55d132155f1a,7197b2f7-2a6c-4985-ab05-7d19be28b969,packing_started,2026-03-07T02:40:52
f8eaeede-7411-4d50-ad2f-0244cc97761a,7197b2f7-2a6c-4985-ab05-7d19be28b969,packing_completed,2026-03-07T09:13:27
126e426c-e6bb-4dc2-8110-4c24ef3acd5a,7197b2f7-2a6c-4985-ab05-7d19be28b969,shipped,2026-03-07T19:34:02
88fa9418-a33b-4df5-8646-e45f45590355,a4110fc5-4836-46cd-8a3a-b1f01ccfa159,created,2026-06-19T13:42:03
a1b7ac4c-1206-4ac9-99b8-08bb01be6d69,a4110fc5-4836-46cd-8a3a-b1f01ccfa159,picking_started,2026-06-19T23:53:19
17ffac60-2f7f-49c1-ae10-0dc7895db356,a4110fc5-4836-46cd-8a3a-b1f01ccfa159,picking_completed,2026-06-20T11:31:50
76a019d6-653e-47cd-b378-6cff403df3d6,a4110fc5-4836-46cd-8a3a-b1f01ccfa159,packing_started,2026-06-20T18:14:01
7fd1f2af-2f58-4874-8afb-bf5fa50ed208,a4110fc5-4836-46cd-8a3a-b1f01ccfa159,packing_completed,2026-06-21T01:40:10
d82bdb12-224a-42e0-9877-38102b97d537,a4110fc5-4836-46cd-8a3a-b1f01ccfa159,shipped,2026-06-21T06:04:56
dac0e953-573e-4106-824f-addc00064ed3,5338fc47-0830-4460-bfc7-27c2668039cb,created,2026-03-08T02:15:52
772c0af4-5690-48ff-98d2-ab54446a786d,5338fc47-0830-4460-bfc7-27c2668039cb,picking_started,2026-03-08T12:49:17
1e35ae10-84a5-4f57-83cc-250bd7488205,5338fc47-0830-4460-bfc7-27c2668039cb,picking_completed,2026-03-08T13:46:28
448154f7-a030-4d40-b853-ca3a0a201f71,5338fc47-0830-4460-bfc7-27c2668039cb,packing_started,2026-03-08T19:59:04
63f1adfd-e0a1-4e97-bb05-5fd2cfd77007,5338fc47-0830-4460-bfc7-27c2668039cb,packing_completed,2026-03-09T03:08:02
b460f8c6-7e55-4cfa-b25c-5178c7547944,5338fc47-0830-4460-bfc7-27c2668039cb,shipped,2026-03-09T07:32:18
6813bab1-cec1-4472-baec-576fbdc3a6e0,ac77e1ad-30a9-4e8f-bd09-5ffcd7dda0e7,created,2026-06-14T12:36:16
8e9f711c-d05c-4d57-aac8-3f8c9cf98169,ac77e1ad-30a9-4e8f-bd09-5ffcd7dda0e7,cancelled,2026-06-14T14:45:14
7e23abab-96a1-4d8a-8a98-a2a14408f51d,868d4bfd-0f8f-485e-987b-ba9a7ccacc56,created,2026-04-01T19:38:15
54a4599a-d742-494c-a7ac-c21d20011b99,868d4bfd-0f8f-485e-987b-ba9a7ccacc56,picking_started,2026-04-02T00:28:39
d0743d8a-8464-472b-ae9e-5d21ccb8e46b,868d4bfd-0f8f-485e-987b-ba9a7ccacc56,picking_completed,2026-04-02T01:49:42
39a9d8bd-d9cd-4e06-a846-3580e3c47603,868d4bfd-0f8f-485e-987b-ba9a7ccacc56,packing_started,2026-04-02T09:14:22
a292724b-74d0-4dd1-950a-7f420d994691,868d4bfd-0f8f-485e-987b-ba9a7ccacc56,packing_completed,2026-04-02T18:33:33
0c3ed61d-e76f-4f22-b4d6-1c6984263850,868d4bfd-0f8f-485e-987b-ba9a7ccacc56,shipped,2026-04-03T00:04:35
ddcb1ade-98d1-4ad3-aacf-22e60fb844d6,73f73008-2c3c-4498-95f8-834b19f1f1a7,created,2026-07-22T17:43:22
5ec51f19-51e4-4bad-bff1-c44176a929be,73f73008-2c3c-4498-95f8-834b19f1f1a7,picking_started,2026-07-23T05:08:10
ca4af0fe-7dc3-46fc-a61f-5accd09edd3e,73f73008-2c3c-4498-95f8-834b19f1f1a7,picking_completed,2026-07-23T07:36:27
1ee49b79-c3ca-4227-89a1-613418011cf0,73f73008-2c3c-4498-95f8-834b19f1f1a7,packing_started,2026-07-23T14:34:18
7de709a7-36c6-4b82-af1d-c15d6c090359,73f73008-2c3c-4498-95f8-834b19f1f1a7,packing_completed,2026-07-24T01:07:56
c179894d-f3cd-4648-ba42-99c759f9bf6d,73f73008-2c3c-4498-95f8-834b19f1f1a7,shipped,2026-07-24T09:29:06
f8e0f9cf-f252-4f64-b248-dfbe7ec8a257,f477a8e9-f3ee-4890-bad6-be44ba7921b1,created,2026-04-12T02:47:42
572e65f0-4cdc-4ffc-a66c-b3fe9ebf08af,f477a8e9-f3ee-4890-bad6-be44ba7921b1,picking_started,2026-04-12T03:45:24
d4216e0a-cd24-45ed-b0ac-a6e0492f55ea,f477a8e9-f3ee-4890-bad6-be44ba7921b1,picking_completed,2026-04-12T08:34:33
87f9980d-5016-49d8-b633-5d6f3d549465,f477a8e9-f3ee-4890-bad6-be44ba7921b1,packing_started,2026-04-12T20:28:53
e6c38fa6-77e4-42a0-882d-e063c477c61d,f477a8e9-f3ee-4890-bad6-be44ba7921b1,packing_completed,2026-04-13T05:34:36
15b6eca1-892b-448d-bfdf-f51d7136fac2,f477a8e9-f3ee-4890-bad6-be44ba7921b1,shipped,2026-04-13T16:51:56
44ce332f-df94-4609-a774-0fab0153c335,7c4d6fca-abef-4dbb-8b6d-14909cdfaa02,created,2026-04-19T13:19:00
923b1112-ebba-4199-8251-2a5c883a8aa6,7c4d6fca-abef-4dbb-8b6d-14909cdfaa02,picking_started,2026-04-19T14:35:51
0905385d-0c00-4b3c-b1aa-f859e6d9dc73,7c4d6fca-abef-4dbb-8b6d-14909cdfaa02,picking_completed,2026-04-20T00:33:08
d2d60a6a-e702-45f0-81b6-e7d752e34967,7c4d6fca-abef-4dbb-8b6d-14909cdfaa02,cancelled,2026-04-20T06:05:58
969086c2-5f12-4919-a917-fa38ebfe75df,2c566f04-fca4-48ca-ad03-5455a8555ef8,created,2026-06-07T07:46:58
a6063ca8-74c5-4be1-b3e8-414b1a4f888e,2c566f04-fca4-48ca-ad03-5455a8555ef8,picking_started,2026-06-07T12:48:53
0c9fdca8-905b-49d0-b784-3b43bee937a2,2c566f04-fca4-48ca-ad03-5455a8555ef8,picking_completed,2026-06-07T17:00:18
b2bc5f05-4e27-4b5f-9110-f19a25f0ae13,2c566f04-fca4-48ca-ad03-5455a8555ef8,packing_started,2026-06-07T20:42:10
c62e5447-e7de-49f3-b7bc-005445fe33e9,2c566f04-fca4-48ca-ad03-5455a8555ef8,packing_completed,2026-06-08T03:17:02
8ff36edb-745f-4887-a773-bffa68285926,2c566f04-fca4-48ca-ad03-5455a8555ef8,shipped,2026-06-08T08:42:39
ab88deaf-77ad-4bb7-b7ad-c3acaecf6a35,e0be67c8-1e82-4aed-a7c5-51eaabd0e16a,created,2026-03-15T01:38:05
447d4ba8-778f-46ee-abe5-a246699f15a2,e0be67c8-1e82-4aed-a7c5-51eaabd0e16a,picking_started,2026-03-15T07:38:36
39505838-ccce-467a-98e4-08ea6a225b2b,e0be67c8-1e82-4aed-a7c5-51eaabd0e16a,picking_completed,2026-03-15T09:46:50
686d1b28-d7e0-4231-a072-b4c0fe1915ea,e0be67c8-1e82-4aed-a7c5-51eaabd0e16a,packing_started,2026-03-15T14:47:25
1bd43cf3-8c3c-4b7d-85ce-bd61020bc9a9,e0be67c8-1e82-4aed-a7c5-51eaabd0e16a,packing_completed,2026-03-16T01:19:40
a481da16-286c-4324-9b5f-787df1f9f22c,3a5d1c5e-9c0a-457e-a42e-0e938d7edc7f,created,2026-05-08T05:17:04
549a96f4-8bfd-421d-bba4-f354abbb83bf,3a5d1c5e-9c0a-457e-a42e-0e938d7edc7f,picking_started,2026-05-08T10:33:31
6a100bc3-db1f-4f51-9fdf-f36b36d5ab72,3a5d1c5e-9c0a-457e-a42e-0e938d7edc7f,picking_completed,2026-05-08T11:27:01
3d708d33-45bd-42e7-9ec9-f741d68a8afd,3a5d1c5e-9c0a-457e-a42e-0e938d7edc7f,packing_started,2026-05-08T13:09:09
70148f55-0e47-4ccc-befb-cf7819b22528,3a5d1c5e-9c0a-457e-a42e-0e938d7edc7f,packing_completed,2026-05-08T18:56:05
cee54cce-bd0a-4283-bb7e-ddf50de1565e,8314f936-b890-4214-8286-4f83effcae13,created,2026-05-15T19:52:14
8ff7be39-3478-44ba-9887-37e58b425222,8314f936-b890-4214-8286-4f83effcae13,picking_started,2026-05-16T02:39:06
2c7a460e-1ad8-43c6-b15c-a7f073baee69,8314f936-b890-4214-8286-4f83effcae13,picking_completed,2026-05-16T06:42:26
6754df95-0882-4aa8-99d3-535afec614e7,8314f936-b890-4214-8286-4f83effcae13,packing_started,2026-05-16T12:00:42
7e92880b-5129-4355-a134-737510418e43,8314f936-b890-4214-8286-4f83effcae13,packing_completed,2026-05-16T23:33:16
8ccc2021-d610-4f76-bd46-e62d8c087142,8314f936-b890-4214-8286-4f83effcae13,shipped,2026-05-17T09:40:59
b8a3539a-3a70-4a00-b3fc-503008cbbe77,10d6991b-1910-41a2-975c-9b565ad588d3,created,2026-05-08T03:40:58
78b68789-b36b-42ef-b121-3f941b687bea,10d6991b-1910-41a2-975c-9b565ad588d3,picking_started,2026-05-08T07:23:47
77056798-028d-46a3-9d71-0a700d0bec29,10d6991b-1910-41a2-975c-9b565ad588d3,picking_completed,2026-05-08T12:06:01
bb2c410b-4c1c-4c44-b758-6debcf9cf133,10d6991b-1910-41a2-975c-9b565ad588d3,packing_started,2026-05-08T16:58:37
f3ae6d0c-6f03-49a6-a6af-ce8a09b7edbc,10d6991b-1910-41a2-975c-9b565ad588d3,packing_completed,2026-05-08T20:37:12
fe4d81c8-f079-42c4-b042-051725d07a87,10d6991b-1910-41a2-975c-9b565ad588d3,shipped,2026-05-08T23:20:50
6b08957d-f745-45eb-863c-ec66886508a7,07248fe5-f6a7-42a1-b11e-8799252f23b4,created,2026-06-03T05:01:47
3b6cba93-1383-4fc0-b45a-23c26b7b7859,07248fe5-f6a7-42a1-b11e-8799252f23b4,picking_started,2026-06-03T16:52:40
96a58d69-1190-4ed5-ae45-ee45c1b48be1,07248fe5-f6a7-42a1-b11e-8799252f23b4,picking_completed,2026-06-03T17:28:20
f6e4332c-4712-4f39-8a79-40eb68abc8b9,07248fe5-f6a7-42a1-b11e-8799252f23b4,packing_started,2026-06-04T05:05:27
e2dd9a98-1926-4523-84ee-b381524e15ee,07248fe5-f6a7-42a1-b11e-8799252f23b4,packing_completed,2026-06-04T12:27:10
2b4cf8df-927b-4c35-b88f-c157ea599d2c,07248fe5-f6a7-42a1-b11e-8799252f23b4,shipped,2026-06-04T16:52:34
db9105b5-4a1f-4e1a-8c68-45f85b38525c,de8d076d-e7a0-48be-a684-bd05df10e19d,created,2026-06-02T06:57:27
24ef8aa5-c4de-4a67-953b-9a0c094adad6,de8d076d-e7a0-48be-a684-bd05df10e19d,cancelled,2026-06-02T08:01:57
88294e39-037e-4432-a52e-c8e7947bd167,3cf3d242-4555-4263-aa29-56642cf3b2b7,created,2026-05-04T15:42:08
98a63725-475b-4f2d-9e00-679837ffeab8,3cf3d242-4555-4263-aa29-56642cf3b2b7,picking_started,2026-05-04T22:16:32
2982c792-b53a-4416-b89d-9e201585ee0e,3cf3d242-4555-4263-aa29-56642cf3b2b7,picking_completed,2026-05-05T06:37:36
df6e824c-7a27-433d-b4db-c8e4dee754f5,3cf3d242-4555-4263-aa29-56642cf3b2b7,packing_started,2026-05-05T10:16:23
3fa41dbf-2dcb-4003-8976-ff097d253bf2,3cf3d242-4555-4263-aa29-56642cf3b2b7,packing_completed,2026-05-05T14:54:14
88941618-8210-4d0b-80e9-c747378e30b2,3cf3d242-4555-4263-aa29-56642cf3b2b7,shipped,2026-05-06T01:24:49
9b8d9019-52f2-40b9-8745-907ac7e19c70,56ff699e-b8ed-4c7f-9011-d2feff9126b8,created,2026-08-06T22:12:08
d536e8ee-60a5-4c46-bd4c-0812c50261d8,56ff699e-b8ed-4c7f-9011-d2feff9126b8,picking_started,2026-08-07T02:57:03
fb920587-b2a0-4e08-8e0d-bab1e09a724d,12d5e781-04d4-4024-8f39-a3d5387514b4,created,2026-06-01T23:38:50
fb5e446f-59a8-482b-9eca-6179b7f20be5,12d5e781-04d4-4024-8f39-a3d5387514b4,picking_started,2026-06-02T09:41:28
12221b4e-bd5b-44b6-8ec6-1ece3feaa2c1,12d5e781-04d4-4024-8f39-a3d5387514b4,picking_completed,2026-06-02T13:48:26
da189053-63fd-444a-831d-bfbcb161b128,12d5e781-04d4-4024-8f39-a3d5387514b4,packing_started,2026-06-03T00:19:37
f2b8265c-1ec2-43f7-b3a2-669408e0c89a,12d5e781-04d4-4024-8f39-a3d5387514b4,packing_completed,2026-06-03T10:53:45
5be69d06-fb78-4f4d-98b1-4fc7412fa32b,12d5e781-04d4-4024-8f39-a3d5387514b4,shipped,2026-06-03T16:56:44
6cfc9d1d-f7db-4f13-8f00-116d01cc985d,035906e3-5b92-4b77-a345-72c1459147c5,created,2026-06-20T11:37:57
fc215725-48ed-4a54-b27e-3b899c1b141d,035906e3-5b92-4b77-a345-72c1459147c5,picking_started,2026-06-20T21:39:35
ff2cdd05-e130-4c35-9f3c-f0eeef01bc5a,035906e3-5b92-4b77-a345-72c1459147c5,picking_completed,2026-06-21T04:02:48
a6787663-c932-4ee4-911a-197b782ce8ec,035906e3-5b92-4b77-a345-72c1459147c5,packing_started,2026-06-21T10:30:22
5d8f2438-b0a3-4bb6-b7cc-dcaf3feeeaaf,035906e3-5b92-4b77-a345-72c1459147c5,packing_completed,2026-06-21T13:40:47
c8cbfcda-966c-4904-aca2-8d729ccf54d8,035906e3-5b92-4b77-a345-72c1459147c5,shipped,2026-06-21T22:00:26
0542bb45-c3de-4e4f-beb8-9200759a1867,c14b2a33-fd62-4a4b-bef3-632a0bbdeb34,created,2026-05-16T03:54:04
55995230-7402-4bd4-a9c8-15d1d4f5288c,c14b2a33-fd62-4a4b-bef3-632a0bbdeb34,picking_started,2026-05-16T10:31:02
74eb83fb-097f-4ec0-a888-f5f639279101,c14b2a33-fd62-4a4b-bef3-632a0bbdeb34,picking_completed,2026-05-16T20:58:43
fe45ac65-4028-4823-91f0-4810abe7190e,c14b2a33-fd62-4a4b-bef3-632a0bbdeb34,packing_started,2026-05-17T06:57:55
f326bc6f-7286-4fe1-8621-17716b49233f,c14b2a33-fd62-4a4b-bef3-632a0bbdeb34,packing_completed,2026-05-17T17:54:55
513aa3dc-f1e2-48b9-8775-f0d9a278b47b,c14b2a33-fd62-4a4b-bef3-632a0bbdeb34,shipped,2026-05-17T20:30:52
417fcc48-d701-4392-bdf7-1cea3673473e,5bac392f-247c-46f3-83ac-ac3718834de5,created,2026-08-11T04:51:25
361ae41e-cdf7-4f71-ace3-21c62fb6fdaf,5bac392f-247c-46f3-83ac-ac3718834de5,picking_started,2026-08-11T15:26:23
0d650a85-a23d-41e0-8d63-53f18486a18c,5bac392f-247c-46f3-83ac-ac3718834de5,picking_completed,2026-08-11T20:52:22
682c2b12-19dc-4211-b46c-7376d8b11f4f,5bac392f-247c-46f3-83ac-ac3718834de5,packing_started,2026-08-12T00:38:08
54da617c-e626-4b01-90fc-b581ee37f58e,5bac392f-247c-46f3-83ac-ac3718834de5,packing_completed,2026-08-12T02:36:55
aa50d754-fd62-4c95-ae72-5db25c3e387a,5bac392f-247c-46f3-83ac-ac3718834de5,shipped,2026-08-12T11:34:37
8a3a84ab-78fa-4206-8418-5875499849ae,2f4d8061-458e-4c16-9db1-5c3a5ff8d64e,created,2026-08-13T07:50:03
bc3226d7-c9fd-4077-b3f8-1a2077eb17c5,2f4d8061-458e-4c16-9db1-5c3a5ff8d64e,picking_started,2026-08-13T13:17:59
badd40a4-e0d2-4cc4-9223-7befde59c492,2f4d8061-458e-4c16-9db1-5c3a5ff8d64e,picking_completed,2026-08-13T15:08:16
43a157c7-405f-474a-a0ca-f8f607d92340,2f4d8061-458e-4c16-9db1-5c3a5ff8d64e,packing_started,2026-08-13T18:59:51
f7c35070-9f40-4ee3-9b5a-696f6b2d8e30,57633f3f-1b10-4e1a-b7ce-78b07159d0d9,created,2026-02-20T06:42:23
881a191b-8eba-496b-8e3e-8a2318e7c585,57633f3f-1b10-4e1a-b7ce-78b07159d0d9,picking_started,2026-02-20T17:17:00
2542e69f-b11d-4968-9ab1-3f4cbd733149,57633f3f-1b10-4e1a-b7ce-78b07159d0d9,picking_completed,2026-02-21T03:46:10
9c6ab5dd-ccd4-4048-890e-d3324ef900de,57633f3f-1b10-4e1a-b7ce-78b07159d0d9,packing_started,2026-02-21T09:42:22
5484c0f5-5a45-47ca-9fc4-ef00e403bb33,57633f3f-1b10-4e1a-b7ce-78b07159d0d9,packing_completed,2026-02-21T16:02:36
a219cab5-a4c1-4a80-b20c-f970209e2769,57633f3f-1b10-4e1a-b7ce-78b07159d0d9,shipped,2026-02-21T20:29:28
7d7af82f-0bf4-4483-b97d-5fb11692d27b,479a85b3-19b1-4471-95f1-7b3ea4fa7c02,created,2026-06-23T23:15:24
746b6503-1a50-433d-954f-3d424de14e46,479a85b3-19b1-4471-95f1-7b3ea4fa7c02,picking_started,2026-06-24T08:49:52
4378807c-785a-49f8-bc78-10ff33a38788,479a85b3-19b1-4471-95f1-7b3ea4fa7c02,picking_completed,2026-06-24T10:42:18
63bf41e3-8592-465d-a7e0-7fd21eacc6ce,479a85b3-19b1-4471-95f1-7b3ea4fa7c02,packing_started,2026-06-24T19:28:04
adc1ce54-1fe9-488b-9b19-4e0db2afdbc8,479a85b3-19b1-4471-95f1-7b3ea4fa7c02,packing_completed,2026-06-25T04:20:53
b8febb9d-9caa-47c5-913f-5f6948b2face,3fd59b06-bd57-415d-b99e-0b521f9b8b58,created,2026-02-26T02:52:53
1a67294c-b6c1-4682-85a2-896bd1940194,3fd59b06-bd57-415d-b99e-0b521f9b8b58,picking_started,2026-02-26T07:06:44
cbf8ad93-1bb9-464f-bdc7-ac4d4f77b717,3fd59b06-bd57-415d-b99e-0b521f9b8b58,picking_completed,2026-02-26T18:52:55
946c54f6-4163-4b3f-96d6-afdcb55d9322,3fd59b06-bd57-415d-b99e-0b521f9b8b58,packing_started,2026-02-27T04:09:26
00303c0c-39fe-4070-8f5a-60711f2c63a5,3fd59b06-bd57-415d-b99e-0b521f9b8b58,packing_completed,2026-02-27T07:15:08
42803df2-12a8-4cc4-9896-386faab9c908,3fd59b06-bd57-415d-b99e-0b521f9b8b58,shipped,2026-02-27T10:59:02
d963c449-29c8-42cb-b11b-f3da65293746,60b07840-284f-46fd-9801-ae7c86bd3003,created,2026-06-03T01:24:26
183f24c1-3a59-477a-bf12-295c8774b955,60b07840-284f-46fd-9801-ae7c86bd3003,picking_started,2026-06-03T06:33:47
c6058d12-897a-4f1a-bf56-3a9940b350d8,60b07840-284f-46fd-9801-ae7c86bd3003,picking_completed,2026-06-03T08:56:02
276af224-478b-45d4-b154-ddf89cbd0e8c,60b07840-284f-46fd-9801-ae7c86bd3003,packing_started,2026-06-03T10:10:43
467858ee-5fe4-4847-8fe5-592ae6dc075f,60b07840-284f-46fd-9801-ae7c86bd3003,packing_completed,2026-06-03T20:01:04
84d76f11-575f-41ac-8f10-dc70b8e71795,60b07840-284f-46fd-9801-ae7c86bd3003,shipped,2026-06-03T22:36:46
ca0b8c7e-50c6-4734-923a-d8a1d53f79e0,8c880353-9f06-4d4d-a518-7982fe185430,created,2026-07-03T09:37:13
b2d0a112-259f-49e3-894d-6f3d22c32938,8c880353-9f06-4d4d-a518-7982fe185430,picking_started,2026-07-03T13:16:57
6aabb839-a72e-4a24-bfdb-2f6e8f0bc5e2,8c880353-9f06-4d4d-a518-7982fe185430,picking_completed,2026-07-03T21:03:47
442cecbc-cd20-4886-8a34-9cc1df2250bb,8c880353-9f06-4d4d-a518-7982fe185430,packing_started,2026-07-04T04:32:30
fbb42f87-5083-487d-a1a3-e8a4bfebba39,8c880353-9f06-4d4d-a518-7982fe185430,packing_completed,2026-07-04T11:54:23
a9d06b27-fc16-4654-a981-d5f3e47a7c41,8c880353-9f06-4d4d-a518-7982fe185430,shipped,2026-07-04T20:44:39
6dcc82de-056a-493e-ba0a-aa1fe9e653ee,a613e9bb-3510-4427-8264-d4b9d140f6de,created,2026-08-09T01:17:33
8486deec-3a7d-4927-9706-84b6babf512d,a613e9bb-3510-4427-8264-d4b9d140f6de,picking_started,2026-08-09T08:09:34
9408bf33-0f0b-4642-81be-986e7c90b69d,a613e9bb-3510-4427-8264-d4b9d140f6de,picking_completed,2026-08-09T18:43:22
8e338a83-d717-4826-ba3f-d2caf94c06f5,a613e9bb-3510-4427-8264-d4b9d140f6de,packing_started,2026-08-09T20:25:07
b706404f-74d4-457d-a7ec-7a981353602d,a613e9bb-3510-4427-8264-d4b9d140f6de,packing_completed,2026-08-10T04:49:39
ac88910c-3fe4-40c7-8453-f47426785ade,a613e9bb-3510-4427-8264-d4b9d140f6de,shipped,2026-08-10T15:44:30
02fd16be-f7f3-4611-ade2-ea8430e29196,5e9eefd1-588a-4bbb-baba-686f261f5d0e,created,2026-04-11T09:39:26
f2572785-768b-43ad-98e6-e2e130e81107,5e9eefd1-588a-4bbb-baba-686f261f5d0e,picking_started,2026-04-11T11:14:29
256c0843-fa0e-4fd9-9833-9cdf9cd6b156,5e9eefd1-588a-4bbb-baba-686f261f5d0e,picking_completed,2026-04-11T15:18:44
e3f37aad-21f7-41af-ba09-014080d0e631,5e9eefd1-588a-4bbb-baba-686f261f5d0e,packing_started,2026-04-11T15:52:59
2ec94322-a72b-40ed-8d07-674e6390f2d5,5e9eefd1-588a-4bbb-baba-686f261f5d0e,packing_completed,2026-04-11T22:43:12
36be7f75-cf80-47d6-ba64-d8cfd2071c85,5e9eefd1-588a-4bbb-baba-686f261f5d0e,shipped,2026-04-12T04:36:13
1b411513-68b9-4e4b-a296-d3ec3316ad36,46924b9a-00c4-4604-b639-3813cb99e956,created,2026-05-27T13:56:55
c3ac1df8-1fd3-4f01-98fe-880049e83e69,46924b9a-00c4-4604-b639-3813cb99e956,picking_started,2026-05-27T23:12:58
8abb1dc4-b977-4b7a-9276-dacc0752861e,46924b9a-00c4-4604-b639-3813cb99e956,picking_completed,2026-05-28T03:12:02
932d564c-ff8f-486d-af5e-08223267e1ab,46924b9a-00c4-4604-b639-3813cb99e956,cancelled,2026-05-28T06:22:37
6ac1e256-efb8-48b8-9ae3-c23de5bf9828,c0221378-3def-4c79-a3ab-361c1cde2675,created,2026-03-13T07:36:13
d1f5f36c-bdfb-4c02-8078-870b3555093b,c0221378-3def-4c79-a3ab-361c1cde2675,picking_started,2026-03-13T16:49:05
53b35b19-2ad9-4134-a3f6-1a6ce4ced10f,c0221378-3def-4c79-a3ab-361c1cde2675,picking_completed,2026-03-13T22:18:20
9e729e16-2cbd-4b6c-8478-8f7d735a201a,c0221378-3def-4c79-a3ab-361c1cde2675,packing_started,2026-03-14T07:59:18
6161c1a4-3a54-4bd0-a05e-186ffac27778,c0221378-3def-4c79-a3ab-361c1cde2675,packing_completed,2026-03-14T10:00:22
40ba52d7-a569-415d-86b1-b8e0b4db3d92,c0221378-3def-4c79-a3ab-361c1cde2675,shipped,2026-03-14T14:32:38
b8ddd966-4671-4bec-8fb0-68a591103dd9,8243da33-d069-433d-a57d-587d38b30426,created,2026-02-17T17:14:13
793f8ea4-3a9b-4034-8b38-c2a16bac6f85,8243da33-d069-433d-a57d-587d38b30426,picking_started,2026-02-17T18:59:53
e80c70bc-7a85-4ed5-b627-cefdff1c9461,8243da33-d069-433d-a57d-587d38b30426,picking_completed,2026-02-17T23:03:30
f254ab28-3c06-4e17-8d58-80ed08c8d5af,8243da33-d069-433d-a57d-587d38b30426,packing_started,2026-02-18T10:57:29
403a8d6f-6289-4a91-9e88-b29bbfa7cb4f,8243da33-d069-433d-a57d-587d38b30426,packing_completed,2026-02-18T18:49:52
cfeb081c-13fc-4fca-a237-18522b396b2e,8243da33-d069-433d-a57d-587d38b30426,shipped,2026-02-19T00:45:20
749fa5fe-68d0-401c-8d46-15adb392ea93,3085979e-69cf-420f-b69b-5893f2324dbe,created,2026-07-06T22:51:46
ead8bcbb-e977-4e8e-8cc2-d20e887d0574,3085979e-69cf-420f-b69b-5893f2324dbe,picking_started,2026-07-07T05:22:33
f338a7ab-a09d-4ff1-854f-0ffc7ef6c168,3085979e-69cf-420f-b69b-5893f2324dbe,cancelled,2026-07-07T06:01:26
f4b95596-c529-4bec-931f-6c5b9a434f82,c76fab0e-6bdc-4dde-8673-516e9f9b7f49,created,2026-06-28T04:01:09
c26fb425-c219-4cbb-99ae-0303f6a3c1ad,c76fab0e-6bdc-4dde-8673-516e9f9b7f49,picking_started,2026-06-28T13:05:19
0c759e1e-b1cb-403d-9e9f-3c4fad35369e,c76fab0e-6bdc-4dde-8673-516e9f9b7f49,picking_completed,2026-06-28T19:02:48
43422e91-0f46-4a84-99b3-602ebd35eee7,c76fab0e-6bdc-4dde-8673-516e9f9b7f49,packing_started,2026-06-29T06:55:52
ab6ce076-443a-4319-8ad8-6c649aadbdaa,c76fab0e-6bdc-4dde-8673-516e9f9b7f49,packing_completed,2026-06-29T12:20:21
54894ffe-7017-4270-941b-c34154a396c7,c76fab0e-6bdc-4dde-8673-516e9f9b7f49,shipped,2026-06-29T20:26:47
9ced7d3b-dfeb-4610-929b-dcb8979eeb0b,9865da41-b1da-401f-aca6-6b52f3439904,created,2026-06-07T10:04:11
d4679c23-1279-43a7-8705-3c9218db3dde,9865da41-b1da-401f-aca6-6b52f3439904,picking_started,2026-06-07T19:28:20
705f685c-40b9-436f-86a5-4b8490df1484,9865da41-b1da-401f-aca6-6b52f3439904,picking_completed,2026-06-07T21:34:08
4f7424d1-5786-4047-8dc9-af300bc9272c,9865da41-b1da-401f-aca6-6b52f3439904,packing_started,2026-06-08T05:07:55
d4ee41f0-ad3c-4df6-a1a4-ef7df0c9cf3f,9865da41-b1da-401f-aca6-6b52f3439904,packing_completed,2026-06-08T16:33:10
e2ab32be-2d0e-4cb0-bca9-c3176d5fa1b9,9865da41-b1da-401f-aca6-6b52f3439904,shipped,2026-06-08T18:19:37
98091d69-3a0d-4ba6-af34-d765013aadae,1320c1b8-a4c5-4aab-a8f0-17434faa9fd7,created,2026-04-12T16:59:53
54d61343-bc0a-469a-8cdb-4aef1c03f60e,1320c1b8-a4c5-4aab-a8f0-17434faa9fd7,picking_started,2026-04-13T00:51:08
31ba2f10-4b30-4b59-8d1a-38ba0ae684cf,1320c1b8-a4c5-4aab-a8f0-17434faa9fd7,picking_completed,2026-04-13T03:07:49
d4bf0ba0-cca1-443d-ab55-dfb2386d9c5a,1320c1b8-a4c5-4aab-a8f0-17434faa9fd7,packing_started,2026-04-13T14:49:54
38819926-7274-4621-9c79-b71291a3c585,1320c1b8-a4c5-4aab-a8f0-17434faa9fd7,packing_completed,2026-04-14T00:16:46
44f81633-891d-446b-9240-21041d3b6f8b,1320c1b8-a4c5-4aab-a8f0-17434faa9fd7,shipped,2026-04-14T05:15:39
c4e3be7c-eeab-45c3-ab26-064870b89125,8d431efe-d7c3-4164-b609-f9cec44ac47c,created,2026-07-14T15:32:36
3a8bce71-ab0e-4ef6-b2e5-fd175a32d0ec,8d431efe-d7c3-4164-b609-f9cec44ac47c,picking_started,2026-07-14T16:43:43
634237c0-1360-4f2a-af27-822daf668c0a,8d431efe-d7c3-4164-b609-f9cec44ac47c,picking_completed,2026-07-14T18:31:25
882c7508-38d9-459c-a7e1-69db16261972,8d431efe-d7c3-4164-b609-f9cec44ac47c,packing_started,2026-07-15T01:57:04
84581dff-22b7-4b7d-a960-ee7750e3f9a8,8d431efe-d7c3-4164-b609-f9cec44ac47c,packing_completed,2026-07-15T08:36:22
a6f8b31b-eca5-4682-9951-c92fc0299cf1,8d431efe-d7c3-4164-b609-f9cec44ac47c,shipped,2026-07-15T18:10:38
c606c8c7-86cb-4bdb-97d6-b6e6424b6c0a,b577a720-2c8a-46b4-a105-fe92087788f4,created,2026-04-16T18:45:20
96bfc1e3-1abd-42fd-902d-b7824db210a8,b577a720-2c8a-46b4-a105-fe92087788f4,picking_started,2026-04-16T23:34:14
1825483c-603c-431f-b81a-2d679dcd7e77,b577a720-2c8a-46b4-a105-fe92087788f4,picking_completed,2026-04-17T05:03:13
93d8204b-4297-427c-9098-9a377eb4dca3,b577a720-2c8a-46b4-a105-fe92087788f4,packing_started,2026-04-17T09:32:17
81844240-97aa-4d45-a714-9c30964be211,b577a720-2c8a-46b4-a105-fe92087788f4,packing_completed,2026-04-17T10:40:17
7821a6c7-4d8f-4319-8871-75a57af28456,b577a720-2c8a-46b4-a105-fe92087788f4,shipped,2026-04-17T20:05:38
9c0fdaf4-302a-4b01-8525-bc3320208863,735d6547-29af-47fc-b2dc-ad3ae7dcc829,created,2026-04-04T10:43:43
309fa299-e329-4a43-a45a-4feb80ea4296,735d6547-29af-47fc-b2dc-ad3ae7dcc829,picking_started,2026-04-04T16:07:29
3b01b738-147c-4528-ab17-c994b6dadc0f,735d6547-29af-47fc-b2dc-ad3ae7dcc829,picking_completed,2026-04-04T23:35:35
6a0506e2-f6a4-4fee-970f-3eaa852ae55a,735d6547-29af-47fc-b2dc-ad3ae7dcc829,packing_started,2026-04-05T05:13:21
9d07baab-daee-4321-9cd6-f989faff7f9b,735d6547-29af-47fc-b2dc-ad3ae7dcc829,packing_completed,2026-04-05T11:38:53
2a60492e-1f80-4164-8130-dc2a62643e0d,735d6547-29af-47fc-b2dc-ad3ae7dcc829,shipped,2026-04-05T14:00:18
cb8e9f99-73e6-4b8c-ad69-ace4b67c1b68,48ef27f3-3944-4985-b0fd-d572a570e2db,created,2026-07-04T19:46:17
ded04baa-d1c3-4c79-8b49-cc5f944a37bd,48ef27f3-3944-4985-b0fd-d572a570e2db,picking_started,2026-07-05T07:39:07
ef66bdb9-0d4b-48b2-bbec-d2d38ad0dc9a,48ef27f3-3944-4985-b0fd-d572a570e2db,picking_completed,2026-07-05T09:29:46
9b652719-9057-420f-a23d-3df93f71668a,48ef27f3-3944-4985-b0fd-d572a570e2db,packing_started,2026-07-05T18:12:02
28093c13-9c33-4882-b7d3-4dee14bb213a,48ef27f3-3944-4985-b0fd-d572a570e2db,packing_completed,2026-07-05T21:07:14
7a4d6049-ac3a-48b0-b6ec-01eac099eb09,48ef27f3-3944-4985-b0fd-d572a570e2db,shipped,2026-07-06T08:23:34
8ae0a0f6-fe68-42e4-b4ac-b21fab901bd3,9e284b04-37be-4dfe-8cda-6c572d3a2ce8,created,2026-05-29T17:28:38
e97fc3ca-40de-4801-9e21-cabbc1421feb,9e284b04-37be-4dfe-8cda-6c572d3a2ce8,picking_started,2026-05-29T19:51:38
3693855c-d731-42e0-92c5-04eca02a588c,9e284b04-37be-4dfe-8cda-6c572d3a2ce8,picking_completed,2026-05-30T00:52:36
cd187078-483e-496f-8e9f-f8a801ee6f5a,9e284b04-37be-4dfe-8cda-6c572d3a2ce8,packing_started,2026-05-30T05:35:25
55605c4b-fc3b-42bc-9449-d89ff9bf0199,9e284b04-37be-4dfe-8cda-6c572d3a2ce8,packing_completed,2026-05-30T10:12:36
b40410e9-21fa-43ee-af9b-2b44bcc808d6,9e284b04-37be-4dfe-8cda-6c572d3a2ce8,shipped,2026-05-30T19:57:48
0e4e1c2d-d806-45be-b078-b25d07a55fe7,59d4b792-d828-4b56-81d7-3e550d3de190,created,2026-04-29T18:47:09
278b35ca-811f-4b17-9270-90ff1b5a62c9,59d4b792-d828-4b56-81d7-3e550d3de190,picking_started,2026-04-29T23:53:22
8c4cfbd0-1552-4e41-98a5-fa52176af1c7,59d4b792-d828-4b56-81d7-3e550d3de190,picking_completed,2026-04-30T06:18:05
9614fcde-0ff2-40ed-a106-43a5230af33f,59d4b792-d828-4b56-81d7-3e550d3de190,packing_started,2026-04-30T13:25:02
d9879400-5ec8-496e-9833-98d9ac49e23e,59d4b792-d828-4b56-81d7-3e550d3de190,packing_completed,2026-04-30T14:47:37
f9c36e8f-5b7b-49ea-88f5-0f4100c2656d,59d4b792-d828-4b56-81d7-3e550d3de190,shipped,2026-04-30T22:01:41
4173f062-9a48-40ef-8437-822d9dbf421e,90e2e571-bbf4-4a93-9181-96dd935cdac8,created,2026-03-16T05:35:23
0e568cae-a25a-4fba-8c2b-3f9c1de945e0,90e2e571-bbf4-4a93-9181-96dd935cdac8,picking_started,2026-03-16T16:45:52
0d4dca25-524a-4fdf-a44f-9b36739aa720,90e2e571-bbf4-4a93-9181-96dd935cdac8,picking_completed,2026-03-17T04:28:50
b578e714-67a3-490a-a26b-0d6534da236e,90e2e571-bbf4-4a93-9181-96dd935cdac8,packing_started,2026-03-17T11:14:54
fcf3037a-7628-4a1b-83fc-334638948e94,90e2e571-bbf4-4a93-9181-96dd935cdac8,packing_completed,2026-03-17T22:34:21
63d90625-ea6b-4fd6-8129-5d00f4bd02e8,90e2e571-bbf4-4a93-9181-96dd935cdac8,shipped,2026-03-18T06:07:14
b16be481-c723-45d8-b6f6-048df90a5c51,92303610-8485-45c1-a12d-f4cf0c803feb,created,2026-05-09T23:31:40
5b405962-b5f9-4355-b511-50137526818a,92303610-8485-45c1-a12d-f4cf0c803feb,picking_started,2026-05-10T05:17:51
08b3b7ce-d8b1-4690-ade9-72f77abe4e5d,92303610-8485-45c1-a12d-f4cf0c803feb,picking_completed,2026-05-10T12:36:05
eeeaff93-ed9f-4448-8f8e-c2345c9d2818,92303610-8485-45c1-a12d-f4cf0c803feb,packing_started,2026-05-10T21:20:43
6666a7c8-70d0-42d9-aacb-779e102684dd,92303610-8485-45c1-a12d-f4cf0c803feb,packing_completed,2026-05-11T05:52:18
aff04f65-41d0-4930-aaf1-df67c9eb6539,92303610-8485-45c1-a12d-f4cf0c803feb,shipped,2026-05-11T15:10:01
66a7b038-d96f-4eda-8e1a-ab307e463d6f,14b72347-31ff-47ea-9b23-ade1a71639ff,created,2026-03-23T21:12:11
6c3eec6e-ceb6-4d24-a7e3-9947847df83b,14b72347-31ff-47ea-9b23-ade1a71639ff,picking_started,2026-03-23T22:06:15
32ac69aa-db6c-4064-8ebc-84b4d8ec102d,14b72347-31ff-47ea-9b23-ade1a71639ff,picking_completed,2026-03-24T02:39:17
1b95e1bd-7df0-40a1-bf50-46da2210add4,14b72347-31ff-47ea-9b23-ade1a71639ff,packing_started,2026-03-24T09:57:32
4cbe5a0e-3229-4cf8-8939-9c1c7997e6c4,14b72347-31ff-47ea-9b23-ade1a71639ff,packing_completed,2026-03-24T21:16:34
5e6ea6c5-f957-43c5-a8a4-10a3dfeb6afd,14b72347-31ff-47ea-9b23-ade1a71639ff,shipped,2026-03-25T03:58:57
40bef723-c138-4024-80ec-b1c4cb3f8f30,81639527-ae71-4c5c-99c3-c1049d794f11,created,2026-03-20T08:13:03
c30499a5-4b28-4d27-a6a8-adea1b3d4143,81639527-ae71-4c5c-99c3-c1049d794f11,picking_started,2026-03-20T11:22:05
01a4dd0c-0ff7-41f3-9fc2-6bd76aadf73b,81639527-ae71-4c5c-99c3-c1049d794f11,picking_completed,2026-03-20T14:10:08
c624fd69-1510-47dd-b794-2fb767775ab0,81639527-ae71-4c5c-99c3-c1049d794f11,packing_started,2026-03-20T23:37:08
f5352365-b34a-44d7-8386-0aeee12fcffb,81639527-ae71-4c5c-99c3-c1049d794f11,packing_completed,2026-03-21T08:14:09
84a6508c-ee01-41dd-ae64-dfcfb659684a,81639527-ae71-4c5c-99c3-c1049d794f11,shipped,2026-03-21T11:05:29
f40cbc12-25f8-425d-9c81-3ff8988f4305,d32ec35c-8d77-449d-8e47-ff349b350078,created,2026-04-06T08:01:05
9853cf34-cf68-469d-9e47-e4580a0e8696,d32ec35c-8d77-449d-8e47-ff349b350078,picking_started,2026-04-06T16:37:16
1280b05d-bc23-42a3-9ec7-591ad888785a,d32ec35c-8d77-449d-8e47-ff349b350078,picking_completed,2026-04-07T03:45:04
4ddf55f1-1f5f-4da2-a0b5-cabaa1ff1f1b,d32ec35c-8d77-449d-8e47-ff349b350078,packing_started,2026-04-07T15:15:28
902fdb5d-023a-46a8-a105-edf8eda2d23c,d32ec35c-8d77-449d-8e47-ff349b350078,packing_completed,2026-04-07T21:15:21
b7032520-3500-4fbc-9304-e4644aa97e43,d32ec35c-8d77-449d-8e47-ff349b350078,shipped,2026-04-08T01:52:31
6315c72d-21c0-4293-a24f-d5f8f7770675,778f1cc2-c057-4cfc-a2d8-c7b8ad8153b6,created,2026-02-25T17:34:32
b03d9c26-8252-40e3-af5d-ce103a044196,778f1cc2-c057-4cfc-a2d8-c7b8ad8153b6,picking_started,2026-02-25T22:14:30
62dd6dd3-4350-44cc-ad6f-39f2aa5b7988,778f1cc2-c057-4cfc-a2d8-c7b8ad8153b6,picking_completed,2026-02-26T08:28:08
4bc6d1d4-a19b-41bf-820c-8cab1b924301,778f1cc2-c057-4cfc-a2d8-c7b8ad8153b6,cancelled,2026-02-26T12:29:33
7fabe030-5ec4-4c65-b300-d698c898d82d,c0934598-d2a3-4d4c-abc1-73165b4e7373,created,2026-07-17T04:47:33
5f2785fc-5c29-463d-b858-8cd77b9c2a56,c0934598-d2a3-4d4c-abc1-73165b4e7373,picking_started,2026-07-17T11:51:45
acbfc192-1bd4-45cc-8533-30c30475e038,c0934598-d2a3-4d4c-abc1-73165b4e7373,picking_completed,2026-07-17T17:20:33
a30f6e5d-fb60-4a27-a944-de5eb2f5ca7f,c0934598-d2a3-4d4c-abc1-73165b4e7373,packing_started,2026-07-17T20:49:42
7243132b-76b2-46a3-9ef5-db3810157813,c0934598-d2a3-4d4c-abc1-73165b4e7373,packing_completed,2026-07-18T08:03:42
deaf7f15-bd09-41f6-9963-eba97ff60e7f,c0934598-d2a3-4d4c-abc1-73165b4e7373,shipped,2026-07-18T16:17:54
8d5d7cf7-5f51-44b0-a913-a2b4ec7ec524,783a8fb4-f617-419b-93a3-7e243b3c1afe,created,2026-04-05T01:30:31
4b7e41a1-e7dc-4210-9544-563394336d3d,783a8fb4-f617-419b-93a3-7e243b3c1afe,picking_started,2026-04-05T12:53:50
55d1e3b5-c585-4952-a878-0e1c055d97ed,783a8fb4-f617-419b-93a3-7e243b3c1afe,picking_completed,2026-04-05T21:16:39
0e4b2321-12b8-4533-985f-e33987fb8d22,783a8fb4-f617-419b-93a3-7e243b3c1afe,packing_started,2026-04-06T04:04:17
c2307d77-d7ac-4320-935b-2cd0785d97ea,783a8fb4-f617-419b-93a3-7e243b3c1afe,packing_completed,2026-04-06T10:20:03
efba56f2-ef6b-4bb6-9329-2d6e71ef3bb9,783a8fb4-f617-419b-93a3-7e243b3c1afe,shipped,2026-04-06T11:38:15
c41df0fb-8065-4cb8-a945-d5807bf5b6a8,85b75468-0bd1-4c48-8152-43cc3cfa26f4,created,2026-05-24T00:05:33
842c3739-3e4f-4fc2-967d-51d0f4a0938b,85b75468-0bd1-4c48-8152-43cc3cfa26f4,picking_started,2026-05-24T04:56:31
eaeffc99-d606-4acf-b109-57d633677225,85b75468-0bd1-4c48-8152-43cc3cfa26f4,picking_completed,2026-05-24T14:58:12
24b90781-5b33-4b59-987d-5ceb18697313,85b75468-0bd1-4c48-8152-43cc3cfa26f4,packing_started,2026-05-25T02:51:27
4034af5e-7fbb-4e66-b715-8a191aab6ad9,85b75468-0bd1-4c48-8152-43cc3cfa26f4,packing_completed,2026-05-25T07:37:39
d5e2d541-dbb5-4822-804f-6f1f41fa7040,85b75468-0bd1-4c48-8152-43cc3cfa26f4,shipped,2026-05-25T10:08:06
b2bb80ea-21d3-4f74-b201-1e85aac49de1,9ce2133b-5624-4497-b67b-58e90849ee9e,created,2026-04-05T17:49:17
ee8caf9d-961d-4f09-9869-eaf1d22ee354,9ce2133b-5624-4497-b67b-58e90849ee9e,picking_started,2026-04-06T04:44:12
9a9827d7-a33c-4360-b5ee-2659532930f3,1649e696-217f-4ffa-bc0f-cc025b3da683,created,2026-03-13T00:24:36
3d95f814-e365-4928-a8ae-8efd2994f642,1649e696-217f-4ffa-bc0f-cc025b3da683,picking_started,2026-03-13T12:12:24
52a774f8-e047-4873-8c53-34f8c192c0f7,1649e696-217f-4ffa-bc0f-cc025b3da683,picking_completed,2026-03-13T17:49:19
6c593157-5654-4443-8d40-ed098060caa1,1649e696-217f-4ffa-bc0f-cc025b3da683,packing_started,2026-03-13T22:19:25
5409ff45-7c85-49a3-a41e-fc601d4b8310,1649e696-217f-4ffa-bc0f-cc025b3da683,packing_completed,2026-03-14T02:32:44
2b0e274b-0426-4a6a-b122-64cda142b894,1649e696-217f-4ffa-bc0f-cc025b3da683,shipped,2026-03-14T14:09:26
167f8d70-4d48-4244-9db4-b7f1abc52734,fef26c32-f839-4ebe-8180-fa574e93e329,created,2026-03-13T20:48:01
1b6f22a4-5f6c-4eef-949a-7fc6d2d1d420,fef26c32-f839-4ebe-8180-fa574e93e329,picking_started,2026-03-14T00:03:33
84abd521-8e71-4aea-9162-8fd3897d393c,fef26c32-f839-4ebe-8180-fa574e93e329,picking_completed,2026-03-14T03:59:23
a1e9f54d-7c9b-4c57-8355-13a4adbf564a,fef26c32-f839-4ebe-8180-fa574e93e329,packing_started,2026-03-14T14:35:26
752e3dcd-293d-4829-a843-63dc844971bd,fef26c32-f839-4ebe-8180-fa574e93e329,packing_completed,2026-03-14T20:17:26
cb95a89c-9359-44d6-a6e9-b7120791754e,fef26c32-f839-4ebe-8180-fa574e93e329,shipped,2026-03-15T03:27:49
252f3911-cf9e-4b5d-81d8-40124597749a,f28f0e3e-b670-426c-b0cd-27fa797a73c3,created,2026-06-05T19:52:33
df70aee4-5ede-4dff-85b4-6320d9b50efd,f28f0e3e-b670-426c-b0cd-27fa797a73c3,picking_started,2026-06-05T21:32:36
410db220-a46e-4d2d-a473-4f9a48f7876b,f28f0e3e-b670-426c-b0cd-27fa797a73c3,picking_completed,2026-06-06T09:09:40
62ce544e-54c6-46d2-9a70-b45aff0a5490,f28f0e3e-b670-426c-b0cd-27fa797a73c3,packing_started,2026-06-06T09:51:34
0b0be386-0728-4304-90f6-557e6b2fdb48,f28f0e3e-b670-426c-b0cd-27fa797a73c3,packing_completed,2026-06-06T11:35:10
514d3a6e-228d-4aff-96ed-012a628fe6c1,f28f0e3e-b670-426c-b0cd-27fa797a73c3,shipped,2026-06-06T12:13:56
2c0ff994-3cad-431b-a66e-a4b0b10f0446,192e6774-d6d2-404f-ab57-c56b527dfd76,created,2026-03-28T13:14:54
52b4e5af-ada9-40de-a48f-67355806a025,192e6774-d6d2-404f-ab57-c56b527dfd76,picking_started,2026-03-28T14:46:59
c15e3f1d-9601-45ff-b093-6ea56609754a,192e6774-d6d2-404f-ab57-c56b527dfd76,cancelled,2026-03-28T17:22:37
91d91b87-edbf-4665-8fbb-f86c11d89e31,61b8042f-12d4-4eb7-91c3-c27d400eeb1c,created,2026-04-07T16:57:35
fa57fb16-7119-4d05-9b3a-6767c7936089,61b8042f-12d4-4eb7-91c3-c27d400eeb1c,picking_started,2026-04-07T22:42:28
36e2ec78-06b8-490f-9a00-dfc6672bbf23,61b8042f-12d4-4eb7-91c3-c27d400eeb1c,picking_completed,2026-04-08T04:00:22
6196de79-efbc-4249-b324-1092d53414f6,61b8042f-12d4-4eb7-91c3-c27d400eeb1c,packing_started,2026-04-08T09:02:49
8db6dba2-c8bd-4088-aec7-a3b9fa5a6560,61b8042f-12d4-4eb7-91c3-c27d400eeb1c,packing_completed,2026-04-08T15:43:51
e24060dd-6660-4834-9705-c4e31dcbbc05,61b8042f-12d4-4eb7-91c3-c27d400eeb1c,shipped,2026-04-09T01:59:30
bad09144-d6d4-44f3-ab7e-d169e0345271,0ed65828-59ef-4312-9ff0-d8cd37ea0d66,created,2026-03-02T23:17:32
beef984a-475d-4323-ac31-6502099f233d,0ed65828-59ef-4312-9ff0-d8cd37ea0d66,picking_started,2026-03-03T06:52:04
043e4354-757c-49d6-9654-9abc6508b58e,0ed65828-59ef-4312-9ff0-d8cd37ea0d66,picking_completed,2026-03-03T11:31:32
8d67dc3a-eed5-49e8-8801-2aec3101f129,0ed65828-59ef-4312-9ff0-d8cd37ea0d66,packing_started,2026-03-03T17:00:36
f6699c10-d98e-419f-8711-adef510de52c,0ed65828-59ef-4312-9ff0-d8cd37ea0d66,packing_completed,2026-03-03T19:58:36
f172a23d-ce8e-431a-8c7b-04ddea57c264,0ed65828-59ef-4312-9ff0-d8cd37ea0d66,shipped,2026-03-04T04:25:32
fa9e62ef-b8aa-4e0c-8e82-87ed139d2d4e,67bc3290-61a5-4a12-87f6-5e229abac0df,created,2026-02-26T01:25:59
a370fdd0-cf5f-4aae-9506-e8328c7ee2ea,67bc3290-61a5-4a12-87f6-5e229abac0df,picking_started,2026-02-26T02:44:20
166224a0-d3ba-41b3-a0f7-fd560ceb764d,67bc3290-61a5-4a12-87f6-5e229abac0df,picking_completed,2026-02-26T13:04:54
e346c54d-7cd5-43ff-9392-0c09637e194a,67bc3290-61a5-4a12-87f6-5e229abac0df,packing_started,2026-02-26T19:58:39
e8484ef1-1a50-425e-b58b-3d914ce114c9,67bc3290-61a5-4a12-87f6-5e229abac0df,packing_completed,2026-02-27T05:21:40
7aac54c6-63c9-494e-8aed-1b27432afb24,67bc3290-61a5-4a12-87f6-5e229abac0df,shipped,2026-02-27T10:21:32
8a44397f-6842-41bb-97b2-74858b29a3f0,e33d60cd-b7ee-4573-a8b9-9d3cda13032f,created,2026-03-19T21:52:05
7c48fd50-3aab-499a-a97d-9b7935a4833c,e33d60cd-b7ee-4573-a8b9-9d3cda13032f,picking_started,2026-03-20T05:30:41
4eee1f4d-97cd-4713-ad5e-9264c080a4fd,e33d60cd-b7ee-4573-a8b9-9d3cda13032f,picking_completed,2026-03-20T17:04:31
16ee4c25-3f97-4e86-90d2-bc869596958f,e33d60cd-b7ee-4573-a8b9-9d3cda13032f,packing_started,2026-03-20T22:16:38
7ebbe1aa-a937-4984-bdd2-7357e5df186f,e33d60cd-b7ee-4573-a8b9-9d3cda13032f,packing_completed,2026-03-21T07:31:00
41702b9a-be44-4e11-b7fa-34a9953005a6,e33d60cd-b7ee-4573-a8b9-9d3cda13032f,shipped,2026-03-21T09:37:48
4b85b47c-5c14-4156-8f32-5a70f81d8ec1,e9401068-c62b-4d89-b694-127ea7b23cf3,created,2026-03-11T12:29:05
7b7ffab3-9815-4f27-b952-da4d42e2d2ae,e9401068-c62b-4d89-b694-127ea7b23cf3,picking_started,2026-03-11T19:56:44
879ee200-2383-46e8-b273-00b76063def8,e9401068-c62b-4d89-b694-127ea7b23cf3,picking_completed,2026-03-12T04:59:21
a6777221-ca68-4c02-a058-fdc3c029b65e,e9401068-c62b-4d89-b694-127ea7b23cf3,packing_started,2026-03-12T07:38:49
d1822309-c8b3-4c3d-9284-74b7a2b80b7a,e9401068-c62b-4d89-b694-127ea7b23cf3,packing_completed,2026-03-12T14:41:40
6338e46e-e95f-4909-8591-af1d42ae7978,e9401068-c62b-4d89-b694-127ea7b23cf3,shipped,2026-03-12T17:01:47
d5e07b87-0f03-441b-b3ad-d4b7632dd525,73777356-6a97-4a3f-8e33-1443f2ff2457,created,2026-06-30T13:20:59
332dd8d2-0c71-4996-b884-be8bf17a5fcb,73777356-6a97-4a3f-8e33-1443f2ff2457,picking_started,2026-06-30T15:15:25
7ecc6fd9-2564-4d3e-9918-9ec2b9202d97,73777356-6a97-4a3f-8e33-1443f2ff2457,picking_completed,2026-06-30T15:53:29
9a0c452b-5166-4d6c-99b7-c37b0fbe8b71,73777356-6a97-4a3f-8e33-1443f2ff2457,packing_started,2026-06-30T19:32:31
96792781-aae4-4033-b0e1-9672a16f7392,73777356-6a97-4a3f-8e33-1443f2ff2457,packing_completed,2026-07-01T02:56:05
967459f6-72bf-40c5-9e2e-5079977ead43,73777356-6a97-4a3f-8e33-1443f2ff2457,shipped,2026-07-01T08:52:07
b6095bb7-eab4-49d1-9953-f1c9c62ae56a,22d3ba04-9981-4526-82d5-3e22f13ff28c,created,2026-05-22T04:42:10
2b25274b-9812-4d17-94ab-d452d7d77a77,22d3ba04-9981-4526-82d5-3e22f13ff28c,picking_started,2026-05-22T06:43:05
455bf5fd-4f73-46d3-bea8-ab257877bff5,22d3ba04-9981-4526-82d5-3e22f13ff28c,picking_completed,2026-05-22T16:30:38
7f8d67f2-6676-48d0-ab2d-987cdbc5277f,22d3ba04-9981-4526-82d5-3e22f13ff28c,packing_started,2026-05-23T01:19:16
ac2b7394-ae27-4e22-8abc-9ad3cb253595,ae0d5f04-ba75-47b2-bc86-0d79aee7ca12,created,2026-06-21T19:20:56
9e50a7f4-50b6-4a41-9eb6-aa0d1c103915,ae0d5f04-ba75-47b2-bc86-0d79aee7ca12,picking_started,2026-06-22T05:42:09
758914a6-fd56-41ed-adbb-9a3ccbba89ae,ae0d5f04-ba75-47b2-bc86-0d79aee7ca12,picking_completed,2026-06-22T08:14:45
4b15f3a8-ed92-484e-aaa2-727624715821,ae0d5f04-ba75-47b2-bc86-0d79aee7ca12,packing_started,2026-06-22T18:45:15
018d3277-f92b-4fec-96ee-41adee2f3642,ae0d5f04-ba75-47b2-bc86-0d79aee7ca12,packing_completed,2026-06-22T20:24:22
467df2d7-7faa-4256-8bd1-3632ead0448f,ae0d5f04-ba75-47b2-bc86-0d79aee7ca12,shipped,2026-06-23T05:51:49
3d6a3b3a-6357-4191-ab11-fb27f9433577,b7b8e9ac-c2df-4211-bb7f-2eb68937cff8,created,2026-07-14T15:03:04
9f8e7ed7-3e3e-4a4a-a4c0-e3766add8324,b7b8e9ac-c2df-4211-bb7f-2eb68937cff8,picking_started,2026-07-15T01:03:54
db6eb6bc-ff1d-4569-b697-5d07ffe98404,b7b8e9ac-c2df-4211-bb7f-2eb68937cff8,picking_completed,2026-07-15T10:57:26
c7641e04-69c3-410a-8b91-30aa258fd2a5,b7b8e9ac-c2df-4211-bb7f-2eb68937cff8,packing_started,2026-07-15T19:17:43
2b357d12-8ecb-4110-b517-bf18de30819b,b7b8e9ac-c2df-4211-bb7f-2eb68937cff8,packing_completed,2026-07-16T06:12:40
c72c6e03-2d78-410c-b8d5-ff03ab241fd0,b7b8e9ac-c2df-4211-bb7f-2eb68937cff8,shipped,2026-07-16T12:32:52
f7e9fa71-9171-41f8-b4c3-ae2aedacf4bb,7b130de3-3a6f-41e8-ad0e-ca940987311a,created,2026-07-19T04:49:26
68e60cc7-c686-45a3-908a-a5e1a4f531b4,7b130de3-3a6f-41e8-ad0e-ca940987311a,picking_started,2026-07-19T15:36:38
d3717b9e-b63e-491f-b203-fa88ef9db49f,7b130de3-3a6f-41e8-ad0e-ca940987311a,picking_completed,2026-07-19T23:45:03
73061921-d395-48a0-b8d8-c426600c091e,7b130de3-3a6f-41e8-ad0e-ca940987311a,packing_started,2026-07-20T03:56:26
333769e6-dce2-4a96-9868-ab93aef91341,7b130de3-3a6f-41e8-ad0e-ca940987311a,packing_completed,2026-07-20T14:57:20
8d7e5091-a9ff-4353-a0ca-45ff786a4283,7b130de3-3a6f-41e8-ad0e-ca940987311a,shipped,2026-07-20T23:45:04
b203c8d0-bee7-4540-a0e8-dc32849b3606,c7ef24f0-b431-4722-9d18-2951f5651309,created,2026-04-05T06:34:32
4241cfe0-1725-4cef-bc4a-9bf33e18e524,c7ef24f0-b431-4722-9d18-2951f5651309,picking_started,2026-04-05T07:07:36
8c827f70-a4bf-4fee-9017-5535569e7a3e,c7ef24f0-b431-4722-9d18-2951f5651309,picking_completed,2026-04-05T16:05:10
ae424a8e-724d-4b53-b158-2aa05bc3f03f,c7ef24f0-b431-4722-9d18-2951f5651309,packing_started,2026-04-05T21:51:24
fed70fd3-498c-4ccb-b7b0-4ca27093fa19,c7ef24f0-b431-4722-9d18-2951f5651309,packing_completed,2026-04-06T04:18:43
640b50dc-3e03-4061-be5c-582779e2b751,c7ef24f0-b431-4722-9d18-2951f5651309,shipped,2026-04-06T15:34:16
11e721f8-8d31-416f-b2c1-0f6501076bee,fc43b0b1-6eda-4677-b60d-bef3e6b8bac5,created,2026-07-19T15:29:01
f452e16c-05f8-4e04-9b7c-1c139c8129f1,fc43b0b1-6eda-4677-b60d-bef3e6b8bac5,picking_started,2026-07-19T17:32:30
995a5d31-3eea-4f39-bb70-1833665207e3,fc43b0b1-6eda-4677-b60d-bef3e6b8bac5,picking_completed,2026-07-19T20:29:52
a0feff84-beeb-4e36-8b65-9d84efba5dbd,fc43b0b1-6eda-4677-b60d-bef3e6b8bac5,packing_started,2026-07-19T22:55:56
239fe904-0806-40f4-85b5-f65a9a767aac,fc43b0b1-6eda-4677-b60d-bef3e6b8bac5,packing_completed,2026-07-20T02:15:31
ca9d9c00-d570-4303-85e3-95b36e27c9f5,fc43b0b1-6eda-4677-b60d-bef3e6b8bac5,shipped,2026-07-20T12:53:08
867099f8-e823-4a7d-b7fc-f7aa1f730b05,e91f6cf5-ddb9-480b-a49c-1d0428cc6e23,created,2026-05-12T02:50:54
8ec11b52-790e-46e3-a547-701146f36365,e91f6cf5-ddb9-480b-a49c-1d0428cc6e23,picking_started,2026-05-12T06:39:39
c6589ecf-430b-4a6d-b023-7f61488eddbc,e91f6cf5-ddb9-480b-a49c-1d0428cc6e23,picking_completed,2026-05-12T12:35:15
94282dbe-45ff-474b-9547-90583ece3b39,e91f6cf5-ddb9-480b-a49c-1d0428cc6e23,packing_started,2026-05-12T21:20:29
5d346cb5-2595-4fab-b33f-d8159c59137c,e91f6cf5-ddb9-480b-a49c-1d0428cc6e23,packing_completed,2026-05-13T03:03:45
b5e9f007-d033-4799-890a-606ffb21fb90,e91f6cf5-ddb9-480b-a49c-1d0428cc6e23,shipped,2026-05-13T07:16:03
4af20085-ed2a-49c2-b108-26ee945f7c2d,09925e1c-f609-49a5-a80e-fcbd2074b0f2,created,2026-03-22T06:21:59
dbd286f6-0eec-4d20-9ce1-e3f7655d82f5,09925e1c-f609-49a5-a80e-fcbd2074b0f2,picking_started,2026-03-22T15:02:41
728f4264-90a9-4449-bf9b-3afa5353c363,09925e1c-f609-49a5-a80e-fcbd2074b0f2,picking_completed,2026-03-22T21:52:26
68f81f81-929f-4b6b-93a1-676064fb862c,09925e1c-f609-49a5-a80e-fcbd2074b0f2,packing_started,2026-03-23T08:13:50
ea810001-5e55-4e22-affa-a4979f77edb5,09925e1c-f609-49a5-a80e-fcbd2074b0f2,packing_completed,2026-03-23T14:06:17
3cbd5bd0-5432-4eed-b9f3-f980b1344ad0,09925e1c-f609-49a5-a80e-fcbd2074b0f2,shipped,2026-03-23T23:26:33
39dd2b0f-c653-4745-a687-196d3cef6a92,c217bbe8-8229-498b-a0a7-0c747001f265,created,2026-07-13T00:57:22
8bc0de3c-c33b-4b24-bbc2-8e898c6000b0,c217bbe8-8229-498b-a0a7-0c747001f265,picking_started,2026-07-13T11:39:17
fd8aef59-692b-44ce-84eb-b656bc85363c,c217bbe8-8229-498b-a0a7-0c747001f265,picking_completed,2026-07-13T23:27:10
af209c4f-28b7-410c-a0a8-499ac3a4b59d,c217bbe8-8229-498b-a0a7-0c747001f265,packing_started,2026-07-14T01:46:08
a8b96835-759a-47c1-b65b-8bd03cc2d25b,c217bbe8-8229-498b-a0a7-0c747001f265,packing_completed,2026-07-14T10:01:38
1689e41f-9167-40c9-9cac-f2d97452f53d,c217bbe8-8229-498b-a0a7-0c747001f265,shipped,2026-07-14T21:13:51
c99efbdd-8721-4276-a615-28d1922f30ca,99c02cbc-a01e-460c-a965-393a0c3054bd,created,2026-07-05T08:05:44
7d731367-bed2-40ff-84d5-9ebd32d065b3,99c02cbc-a01e-460c-a965-393a0c3054bd,picking_started,2026-07-05T10:12:03
20343782-9d73-4180-be6f-52d47d0298a6,99c02cbc-a01e-460c-a965-393a0c3054bd,picking_completed,2026-07-05T16:50:20
a8b74a8a-3815-4037-8ef2-e34b22edbb04,99c02cbc-a01e-460c-a965-393a0c3054bd,packing_started,2026-07-05T21:59:07
9b4806d2-aa78-4e7b-9b98-5ef9a8f279df,99c02cbc-a01e-460c-a965-393a0c3054bd,packing_completed,2026-07-06T08:38:19
6b1ac389-521b-414a-bf42-f317f36690d5,99c02cbc-a01e-460c-a965-393a0c3054bd,shipped,2026-07-06T15:23:27
0231b1fd-0306-4d07-9e6e-33a39a7b798c,73150190-d15d-47d5-afc0-fc5628be5439,created,2026-02-18T07:57:44
72138fd6-522b-4a5b-87b4-f9e20c659142,73150190-d15d-47d5-afc0-fc5628be5439,picking_started,2026-02-18T14:01:01
9eae2d71-a148-4f05-9487-51c59e9d7a4b,73150190-d15d-47d5-afc0-fc5628be5439,picking_completed,2026-02-19T00:03:03
390a0e41-5484-43ec-88f0-f42af21f2ec7,73150190-d15d-47d5-afc0-fc5628be5439,packing_started,2026-02-19T11:18:27
74c40876-546b-4cef-8629-511db43f4db4,73150190-d15d-47d5-afc0-fc5628be5439,packing_completed,2026-02-19T18:01:33
e59ef49d-bd20-44ed-b218-9148cfdc604e,73150190-d15d-47d5-afc0-fc5628be5439,shipped,2026-02-20T00:07:09
b0c61cff-6936-4df5-a2d1-e6273a13803d,6b27e2fa-b8f6-45fb-bd9a-592ff3d34157,created,2026-06-12T21:14:02
5c378512-2d72-4ce4-acdf-63c1546bda79,6b27e2fa-b8f6-45fb-bd9a-592ff3d34157,picking_started,2026-06-13T07:54:44
a6de82f9-3205-4c82-a63f-0146c88e6fcb,6b27e2fa-b8f6-45fb-bd9a-592ff3d34157,picking_completed,2026-06-13T10:16:18
86d4bdce-8ea2-4908-a9ef-5e068458ac9c,6b27e2fa-b8f6-45fb-bd9a-592ff3d34157,packing_started,2026-06-13T15:57:29
54979232-5d01-4152-9414-fda9f6645028,6b27e2fa-b8f6-45fb-bd9a-592ff3d34157,packing_completed,2026-06-13T19:59:28
11fa7868-4bde-408c-ac0e-2945a4d1d586,6b27e2fa-b8f6-45fb-bd9a-592ff3d34157,shipped,2026-06-13T21:41:33
6d482817-a1c0-474c-bf3c-e4642fae2f9d,d6fbb587-6561-46d0-8638-146815330df8,created,2026-04-26T09:54:54
5a0c7086-2c4f-491c-9937-3c53771a31bc,d6fbb587-6561-46d0-8638-146815330df8,picking_started,2026-04-26T13:24:17
8782a440-458c-45db-a8ab-71e0f443f770,d6fbb587-6561-46d0-8638-146815330df8,picking_completed,2026-04-26T17:43:20
f96c92e6-683a-4f84-8a17-a608511b939a,d6fbb587-6561-46d0-8638-146815330df8,packing_started,2026-04-26T23:30:56
3ded266a-695c-4e57-9513-f8c11f700e8e,d6fbb587-6561-46d0-8638-146815330df8,packing_completed,2026-04-27T11:09:26
bba64801-68bc-41ee-8cd2-825dc4b1740d,d6fbb587-6561-46d0-8638-146815330df8,shipped,2026-04-27T21:24:31
6b0cde80-2f0f-4241-815d-ea4986488887,c412df19-d1de-4481-b771-4695e30eeed1,created,2026-03-27T22:09:35
26e49b98-6d80-43df-8a6c-0db1733527c2,c412df19-d1de-4481-b771-4695e30eeed1,picking_started,2026-03-28T01:37:44
8c961a96-1303-477f-9b8f-e00a849989e4,c412df19-d1de-4481-b771-4695e30eeed1,picking_completed,2026-03-28T05:35:55
cf91b5ba-5fa9-4aac-8acd-5cafb79d45db,c412df19-d1de-4481-b771-4695e30eeed1,packing_started,2026-03-28T10:17:01
46864405-3095-497a-90e5-9387f725a0c8,c412df19-d1de-4481-b771-4695e30eeed1,packing_completed,2026-03-28T14:54:54
df2e02fd-b4c6-4b84-bfe3-56fb61bca0f6,c412df19-d1de-4481-b771-4695e30eeed1,shipped,2026-03-28T18:27:26
4f5a7779-d9b9-4a4f-a103-c345c21b226c,6e56d4b3-eaa3-4c7d-8050-4593ce52c850,created,2026-03-16T03:15:09
67d76bc4-8bf8-47de-a282-8ac65d46a3a6,6e56d4b3-eaa3-4c7d-8050-4593ce52c850,picking_started,2026-03-16T07:33:33
62926e46-4bd6-4656-acc0-f6a35d32ce0c,6e56d4b3-eaa3-4c7d-8050-4593ce52c850,picking_completed,2026-03-16T13:47:01
4396d536-b26d-4117-a566-61b3f744f1fe,6e56d4b3-eaa3-4c7d-8050-4593ce52c850,packing_started,2026-03-16T19:41:35
78d764d1-c979-4494-a8bb-7574e9d4e9a6,6e56d4b3-eaa3-4c7d-8050-4593ce52c850,packing_completed,2026-03-17T03:28:51
b3d54fd0-3632-44ed-9270-3a05d8708624,6e56d4b3-eaa3-4c7d-8050-4593ce52c850,shipped,2026-03-17T05:25:09
d7a6e50e-b87b-4862-9b2b-0ec6101d436c,4a70efdb-926e-45d9-b7de-f1d3b204c2c0,created,2026-04-22T03:01:54
72ef47be-89ec-496d-af7f-a463ca7c2537,4a70efdb-926e-45d9-b7de-f1d3b204c2c0,picking_started,2026-04-22T08:44:46
7b1aa22f-a41c-44c6-a930-27ba1583da4f,4a70efdb-926e-45d9-b7de-f1d3b204c2c0,cancelled,2026-04-22T10:03:14
1e7d958b-87c0-4086-815f-6063d19cad47,7c069cb9-1369-4536-94cb-3c5aacf8695a,created,2026-07-27T23:37:25
b6618e71-4e7c-4203-914f-4ac600e37432,7c069cb9-1369-4536-94cb-3c5aacf8695a,picking_started,2026-07-28T03:13:57
4d85c440-c47a-4198-b22e-334c31931054,7c069cb9-1369-4536-94cb-3c5aacf8695a,picking_completed,2026-07-28T10:24:56
cce0342e-622c-404a-990e-3179b1e28c87,0c22fef8-2caa-4cb5-9373-97bcb266a5d1,created,2026-03-14T14:35:27
548990a8-44a9-4fe6-abbc-8f89e8e4e033,0c22fef8-2caa-4cb5-9373-97bcb266a5d1,picking_started,2026-03-14T15:56:39
a0303fed-00ba-4743-8e5d-b1a2741622c5,0c22fef8-2caa-4cb5-9373-97bcb266a5d1,picking_completed,2026-03-14T23:45:32
f446c7b2-a2ec-4d7d-b41d-04fd79b8d043,0c22fef8-2caa-4cb5-9373-97bcb266a5d1,packing_started,2026-03-15T11:01:54
71d9d26e-b4da-4169-ae00-f4ded3992be3,0c22fef8-2caa-4cb5-9373-97bcb266a5d1,packing_completed,2026-03-15T11:53:33
03c7711d-218f-46c9-9138-ceae140b56bf,c987ecd3-2945-4042-b754-8fd919bf86e0,created,2026-03-13T09:42:34
8b3fe0f3-3ee6-46ab-812f-c4a7bc110b4d,c987ecd3-2945-4042-b754-8fd919bf86e0,picking_started,2026-03-13T13:09:55
b171d8b5-c5fc-4abf-b8b6-91da52835eed,c987ecd3-2945-4042-b754-8fd919bf86e0,picking_completed,2026-03-13T16:09:31
01f58682-8da5-4040-97e8-66fa06a0c295,05b1c32f-86f0-41c8-bbc4-692384e444bf,created,2026-03-25T16:25:15
8d0f6d29-203b-497c-be79-8157f09b2c66,05b1c32f-86f0-41c8-bbc4-692384e444bf,picking_started,2026-03-25T19:07:55
e17e2a66-edcb-4149-ba5b-c2f77574a5f5,05b1c32f-86f0-41c8-bbc4-692384e444bf,picking_completed,2026-03-26T04:30:51
77a019d8-6348-43e7-8c07-d6e1b6668d1a,05b1c32f-86f0-41c8-bbc4-692384e444bf,packing_started,2026-03-26T11:43:20
08cd3d51-ea6e-4981-a2d3-9a199266a1ca,05b1c32f-86f0-41c8-bbc4-692384e444bf,packing_completed,2026-03-26T14:14:53
93d228cb-f388-445d-bcbd-1b1a342e8768,05b1c32f-86f0-41c8-bbc4-692384e444bf,shipped,2026-03-27T01:16:25
8ec7a53b-9780-486a-adbf-c860facbf002,e26d76f1-12fe-4b82-9d3d-e32a94112803,created,2026-03-30T09:55:00
0668f38c-e6d3-4b27-a32e-08c667925ad4,e26d76f1-12fe-4b82-9d3d-e32a94112803,picking_started,2026-03-30T15:57:11
d15d8b7c-d35c-4e13-ab63-93514cdee9c0,e26d76f1-12fe-4b82-9d3d-e32a94112803,picking_completed,2026-03-30T23:56:37
1c1a7745-3391-4734-8ced-748b7e270f47,e26d76f1-12fe-4b82-9d3d-e32a94112803,packing_started,2026-03-31T03:41:49
1fe702dd-0884-41ac-b8aa-b1630a8c949b,2c52e56e-cd53-4b5d-b164-380d2ba96787,created,2026-06-11T04:13:08
312227e5-7fbc-409b-83a4-a3060081ba8d,2c52e56e-cd53-4b5d-b164-380d2ba96787,picking_started,2026-06-11T05:17:10
072dbfc4-792a-4d89-8e70-0f6f5a245cd5,2c52e56e-cd53-4b5d-b164-380d2ba96787,picking_completed,2026-06-11T16:18:44
da75ae0c-aaf7-43db-87c3-4190143cf0de,2c52e56e-cd53-4b5d-b164-380d2ba96787,packing_started,2026-06-11T21:09:16
03337567-827b-4c3e-aab6-0d663bcce669,2c52e56e-cd53-4b5d-b164-380d2ba96787,packing_completed,2026-06-11T23:40:34
9aba69d6-4ad4-4e62-8b8a-4d10a4026310,2c52e56e-cd53-4b5d-b164-380d2ba96787,shipped,2026-06-12T08:22:31
29163560-05bc-4306-bcbf-3038077bfabf,40bbec51-1d7a-4981-8343-2eb4842a234b,created,2026-02-20T20:15:01
58a939f7-21c3-43e9-9428-4dd99ea95db6,40bbec51-1d7a-4981-8343-2eb4842a234b,picking_started,2026-02-21T05:04:25
172c5b88-1d9c-4870-ae7e-0ecbc1e0fd73,40bbec51-1d7a-4981-8343-2eb4842a234b,picking_completed,2026-02-21T14:29:24
f265adcc-1879-4d97-be37-429e611aacb4,40bbec51-1d7a-4981-8343-2eb4842a234b,packing_started,2026-02-21T21:48:30
a1dca97f-0008-4dd0-a7b9-4af4d1252a0d,40bbec51-1d7a-4981-8343-2eb4842a234b,packing_completed,2026-02-22T09:38:55
670de77d-9b5e-4d03-a4af-656b500cbbd8,40bbec51-1d7a-4981-8343-2eb4842a234b,shipped,2026-02-22T14:03:34
26913b8e-abb7-462a-b410-b6159cebfe90,861c065c-743d-4812-be2a-db02252f309f,created,2026-02-25T15:39:43
d65554cc-35bd-4194-9787-1eb8d42e2f69,861c065c-743d-4812-be2a-db02252f309f,picking_started,2026-02-25T22:04:09
acc3a14f-7854-43b2-824c-9447ed3e32ee,861c065c-743d-4812-be2a-db02252f309f,picking_completed,2026-02-26T03:18:54
6c14b228-726a-4c60-a9e7-ed1edccc3603,861c065c-743d-4812-be2a-db02252f309f,packing_started,2026-02-26T07:02:57
b9758e1f-9bab-475d-b346-a5e6793eb6b3,861c065c-743d-4812-be2a-db02252f309f,packing_completed,2026-02-26T09:30:09
dd84bbed-d077-424f-becf-059e32a85d92,861c065c-743d-4812-be2a-db02252f309f,shipped,2026-02-26T18:56:34
48bf8ac8-2503-4794-8eb3-d741007f1cc4,8ef248e1-e274-496f-9488-4747c40a8f93,created,2026-04-04T21:46:18
70ff2ebe-f2a4-401d-9fb4-33b7b88bbea7,8ef248e1-e274-496f-9488-4747c40a8f93,picking_started,2026-04-04T23:23:22
6d5b73ff-d97b-41e1-84fd-8ddc218c74c4,8ef248e1-e274-496f-9488-4747c40a8f93,picking_completed,2026-04-05T05:06:54
d1d90c0a-2571-4d5c-9628-4bf45f419f90,8ef248e1-e274-496f-9488-4747c40a8f93,packing_started,2026-04-05T12:21:04
b4cc324b-8f4a-4a70-aff6-07c0b5436d70,8ef248e1-e274-496f-9488-4747c40a8f93,packing_completed,2026-04-05T14:21:42
69691c0d-a936-4fc6-b0c5-07fd75cf8e40,8ef248e1-e274-496f-9488-4747c40a8f93,shipped,2026-04-05T21:50:55
c970a133-f7d2-4d5d-9619-5049dd7235fc,4329f839-0711-477f-a643-86805b05712d,created,2026-04-05T08:51:51
f0371d1c-b5d7-41b2-a372-6e0e88c9a39a,4329f839-0711-477f-a643-86805b05712d,picking_started,2026-04-05T17:09:19
47c0f266-6c66-408f-8567-d807588a6929,4329f839-0711-477f-a643-86805b05712d,picking_completed,2026-04-06T00:02:46
52cdc990-ca1e-48ec-ba37-aed9d32d4817,4329f839-0711-477f-a643-86805b05712d,packing_started,2026-04-06T01:59:54
78279157-bbec-441c-be6d-644b78b7b440,4329f839-0711-477f-a643-86805b05712d,packing_completed,2026-04-06T02:53:14
d7f947a1-2555-4307-b48a-c47398a1d0c9,4329f839-0711-477f-a643-86805b05712d,shipped,2026-04-06T08:09:52
af89ba03-af05-4e4b-996d-a5da60aaf242,464da864-697c-4fd7-b7d7-26ae5f54b776,created,2026-08-14T05:43:58
ac88ef9e-06a7-47fa-b412-002caff98791,464da864-697c-4fd7-b7d7-26ae5f54b776,picking_started,2026-08-14T10:19:38
149da6ef-29a7-450f-a3e0-950bd1d13e86,464da864-697c-4fd7-b7d7-26ae5f54b776,picking_completed,2026-08-14T16:10:41
aa7bfc3e-efd8-46fe-8074-64d2399fed88,464da864-697c-4fd7-b7d7-26ae5f54b776,packing_started,2026-08-14T23:48:50
88ddaf94-6b3e-4c95-8ba0-a9b3c48aa682,464da864-697c-4fd7-b7d7-26ae5f54b776,packing_completed,2026-08-15T02:37:49
27e650de-4b69-41ec-aa8a-fda93f68d45b,81747e79-e1dc-4d8d-859e-6b6a280fbc02,created,2026-05-12T12:32:12
3545819d-ec1d-4563-b0a3-d4239edd1b28,81747e79-e1dc-4d8d-859e-6b6a280fbc02,picking_started,2026-05-12T18:49:59
025f17bf-eb1e-4e39-b47c-986b6601b2bf,81747e79-e1dc-4d8d-859e-6b6a280fbc02,picking_completed,2026-05-13T06:14:00
f69bc0b5-ea97-4ac2-ae9d-583c45928446,81747e79-e1dc-4d8d-859e-6b6a280fbc02,packing_started,2026-05-13T08:15:39
5d24f6be-0a44-4576-b10e-dfa480ab2497,81747e79-e1dc-4d8d-859e-6b6a280fbc02,packing_completed,2026-05-13T09:28:03
1650afe0-4efe-4f9a-baae-d5df20e52cce,81747e79-e1dc-4d8d-859e-6b6a280fbc02,shipped,2026-05-13T20:04:40
59e74e44-c28c-470e-93f3-5928a979818c,4b813f65-7b2f-4dcc-b7f9-f5754cb2b7da,created,2026-07-10T05:43:22
feea4677-8fd8-4aec-9e00-2e0aea8275ea,4b813f65-7b2f-4dcc-b7f9-f5754cb2b7da,picking_started,2026-07-10T07:40:21
b37f4d0d-2448-4cf1-aa0b-e285e33a4034,4b813f65-7b2f-4dcc-b7f9-f5754cb2b7da,picking_completed,2026-07-10T08:12:10
d81223f7-b6a0-4454-9fa5-0e479a2ad388,4b813f65-7b2f-4dcc-b7f9-f5754cb2b7da,packing_started,2026-07-10T18:59:46
675e0977-bf00-4886-b55c-4b028149a422,4b813f65-7b2f-4dcc-b7f9-f5754cb2b7da,packing_completed,2026-07-11T04:46:56
197af905-4fe2-42e0-b6db-f003d7513a62,4b813f65-7b2f-4dcc-b7f9-f5754cb2b7da,shipped,2026-07-11T12:50:11
6f059af3-3a38-4563-9a0c-a04213df68c8,eb9152eb-0a68-454d-a9d7-d5a26cef1c08,created,2026-04-02T04:09:29
53cdd167-75da-4cc0-a461-2f0e9fcea52c,eb9152eb-0a68-454d-a9d7-d5a26cef1c08,picking_started,2026-04-02T07:24:13
ee220b12-ed94-4ab0-8ffb-694c9ad819dc,eb9152eb-0a68-454d-a9d7-d5a26cef1c08,picking_completed,2026-04-02T09:27:21
1eca5f12-7b24-4a00-8753-a7560debdaa0,eb9152eb-0a68-454d-a9d7-d5a26cef1c08,packing_started,2026-04-02T19:06:32
9a9cdeb0-c840-4d8d-861c-0752d72b8c0a,eb9152eb-0a68-454d-a9d7-d5a26cef1c08,packing_completed,2026-04-02T22:13:26
5a4bf778-6b4c-43b2-b5e6-35144be4153d,eb9152eb-0a68-454d-a9d7-d5a26cef1c08,shipped,2026-04-03T00:28:05
b963ee48-e3f5-43a8-830a-4196880973f2,3cc66c1e-4a1a-4fe4-b44d-2aa6bd559131,created,2026-08-01T15:04:57
0a4fc46b-a7c6-4c90-a2aa-c228e86bf1a0,3cc66c1e-4a1a-4fe4-b44d-2aa6bd559131,cancelled,2026-08-01T18:55:51
289ec462-5f15-469c-9dce-29e43cecc09c,0eb81db2-fbe0-44dc-8deb-7abaa41c0db1,created,2026-03-09T08:32:02
4a1b80b3-bfd7-4b0e-a697-d3414f08704b,0eb81db2-fbe0-44dc-8deb-7abaa41c0db1,picking_started,2026-03-09T16:27:20
4a170a34-0836-40f4-ab25-10004a71e7d1,fb271c22-bb5e-4d4d-869f-b88d8cc5cd92,created,2026-04-27T03:51:19
a5ba5259-9d04-4d12-9074-597ed57a0fbf,fb271c22-bb5e-4d4d-869f-b88d8cc5cd92,cancelled,2026-04-27T04:53:08
bfd20ba7-bfa6-48ee-9fd4-102d30a7ed5a,9a9e58a4-f12b-4b3c-8863-a3f29e5cc05e,created,2026-05-08T17:09:45
787ed9f4-3662-448f-a6c5-7f3640ec75aa,9a9e58a4-f12b-4b3c-8863-a3f29e5cc05e,picking_started,2026-05-09T04:35:04
67542df5-8e15-411e-8304-f6a823706267,bf69c9c3-28b5-4dde-9734-ce9835873c08,created,2026-04-30T09:50:38
d7b3c445-9f5b-436c-beff-3b614452b629,bf69c9c3-28b5-4dde-9734-ce9835873c08,picking_started,2026-04-30T14:47:25
2234db1e-d6b4-4a35-b31c-afe24e110319,bf69c9c3-28b5-4dde-9734-ce9835873c08,picking_completed,2026-04-30T16:38:43
614b005f-6434-42b9-9232-c3c6a7f97c33,bf69c9c3-28b5-4dde-9734-ce9835873c08,packing_started,2026-05-01T01:26:48
f9a7a45a-669f-4287-b189-01ec4ed3cdc8,bf69c9c3-28b5-4dde-9734-ce9835873c08,packing_completed,2026-05-01T08:24:18
878955b7-23e2-4eb0-b090-bc3ee15df64e,bf69c9c3-28b5-4dde-9734-ce9835873c08,shipped,2026-05-01T20:15:48
98d6fd65-7876-4d4e-a8de-a204b87ce7cf,3caf2a4e-dede-4602-b378-4cf4d971031f,created,2026-04-01T16:41:50
874761be-2bb7-4b18-b098-c5517f450d1d,3caf2a4e-dede-4602-b378-4cf4d971031f,picking_started,2026-04-01T23:40:41
fe1acc80-eded-4847-b419-cb770a7f5e4a,3caf2a4e-dede-4602-b378-4cf4d971031f,picking_completed,2026-04-02T02:07:55
5dfa46bf-819e-4335-8987-c5dbbd2da4f0,3caf2a4e-dede-4602-b378-4cf4d971031f,packing_started,2026-04-02T07:54:40
a66654e5-ea27-49f4-abbc-375f947c4d19,3caf2a4e-dede-4602-b378-4cf4d971031f,packing_completed,2026-04-02T13:28:13
3f276a90-1396-4977-bad4-0f7447e005e8,3caf2a4e-dede-4602-b378-4cf4d971031f,shipped,2026-04-02T20:56:57
651c7732-8aad-4f25-9626-9e3c4efbb02a,a9c28db4-e922-48c3-af61-c76e17b0fce5,created,2026-08-09T10:45:49
4b565aca-0851-4deb-ab99-39a115420f0e,a9c28db4-e922-48c3-af61-c76e17b0fce5,picking_started,2026-08-09T13:18:11
c07d748a-b242-4c3f-a0e8-4241cf94bb8a,a9c28db4-e922-48c3-af61-c76e17b0fce5,picking_completed,2026-08-09T21:50:56
55c99893-53fa-4fe1-9503-63cf9946998b,a9c28db4-e922-48c3-af61-c76e17b0fce5,packing_started,2026-08-10T09:05:25
d2561d4a-3775-4ee5-adb4-f3499b0fe04f,a9c28db4-e922-48c3-af61-c76e17b0fce5,packing_completed,2026-08-10T17:01:52
e9f7015e-4683-43f5-8754-019dae1ab31f,a9c28db4-e922-48c3-af61-c76e17b0fce5,shipped,2026-08-11T02:51:23
a29fe437-afe2-4ef0-94cc-02d7122ebc2d,e787b8d0-9b67-4171-84f5-851ac677f3c5,created,2026-06-20T15:04:30
ad332cd4-1d65-4012-bf93-eda1a1d30261,e787b8d0-9b67-4171-84f5-851ac677f3c5,picking_started,2026-06-21T00:08:37
2687971e-d73c-450f-9fc0-768aaba5d045,e787b8d0-9b67-4171-84f5-851ac677f3c5,picking_completed,2026-06-21T07:28:26
d1e18e9c-4864-4219-aa75-ab922bdf8ec7,e787b8d0-9b67-4171-84f5-851ac677f3c5,packing_started,2026-06-21T16:30:29
1a78aa3c-e417-41e7-95f1-ea17a2659b65,e787b8d0-9b67-4171-84f5-851ac677f3c5,packing_completed,2026-06-22T00:26:42
d26ad829-617e-4366-a83e-df46c871cf76,4e954c15-be11-4f28-ae4d-355e19b8712f,created,2026-07-19T16:06:21
0a2efd6b-e585-4d06-ac9e-e7c5754b8e6b,4e954c15-be11-4f28-ae4d-355e19b8712f,picking_started,2026-07-20T02:56:04
a8194bbb-bed5-4ea4-be4b-9776b38f5f4a,4e954c15-be11-4f28-ae4d-355e19b8712f,picking_completed,2026-07-20T05:54:57
b55b9388-df43-4182-96e1-64a852d9e67d,4e954c15-be11-4f28-ae4d-355e19b8712f,packing_started,2026-07-20T11:00:17
bd440382-b9cd-4647-b514-71d49c0a49dc,4e954c15-be11-4f28-ae4d-355e19b8712f,packing_completed,2026-07-20T14:13:00
eb33256d-bd15-483c-9200-67b8aab5d6b0,4e954c15-be11-4f28-ae4d-355e19b8712f,shipped,2026-07-20T21:15:16
4ab21c9f-bc1e-4aeb-aa29-579df685ea7d,b40c19b6-46a9-4060-a638-8f302accf2f9,created,2026-02-21T23:51:06
70a9e456-668b-48f0-a0af-3d5b5f46bfb5,b40c19b6-46a9-4060-a638-8f302accf2f9,picking_started,2026-02-22T06:27:34
3196a175-f444-4182-8123-f7d9e5d374ae,b40c19b6-46a9-4060-a638-8f302accf2f9,picking_completed,2026-02-22T12:17:46
0d66f0f6-6644-4177-a46c-fddaa5dc01e3,ddfbed34-a093-40a5-9dab-9613155628f1,created,2026-07-18T11:00:59
692c1092-10f2-4b4f-a71a-4ce2be6dd7b2,ddfbed34-a093-40a5-9dab-9613155628f1,picking_started,2026-07-18T19:36:13
6a2832fb-89c4-4b5a-9730-7511a5a27798,ddfbed34-a093-40a5-9dab-9613155628f1,picking_completed,2026-07-19T03:50:08
575135f4-3eaa-441f-94ef-1911d5bb00d3,ddfbed34-a093-40a5-9dab-9613155628f1,packing_started,2026-07-19T11:41:52
58dbbab9-e101-4ba6-8508-2f6b9c8e9590,ddfbed34-a093-40a5-9dab-9613155628f1,packing_completed,2026-07-19T16:44:19
7ec3cb45-6744-43f2-bbc5-6ab50322f2cc,ddfbed34-a093-40a5-9dab-9613155628f1,shipped,2026-07-20T00:34:29
6925456e-b779-4925-a74c-0b03d72c532e,44853c28-1d3f-4ab6-a298-a9b5d700a6cd,created,2026-08-16T10:54:03
d67fe94d-1a6e-426e-bee2-ead47562cc65,44853c28-1d3f-4ab6-a298-a9b5d700a6cd,picking_started,2026-08-16T14:40:20
cc10e3aa-7ca8-453b-8da5-a0764b329bb4,44853c28-1d3f-4ab6-a298-a9b5d700a6cd,picking_completed,2026-08-16T21:28:13
4d6f3de2-6053-440a-be8e-103c013f692c,44853c28-1d3f-4ab6-a298-a9b5d700a6cd,packing_started,2026-08-17T05:18:29
d3f857a1-c9e5-4e4a-8d66-29369c7b9dd3,0f8ea11a-7334-4ceb-9f7e-6090231c9152,created,2026-05-28T07:55:56
6f90899a-7195-45e9-a719-c1a2a4a2d122,0f8ea11a-7334-4ceb-9f7e-6090231c9152,picking_started,2026-05-28T12:40:00
ff429c0c-f505-4eb9-8427-97edd9c69634,0f8ea11a-7334-4ceb-9f7e-6090231c9152,picking_completed,2026-05-28T20:09:54
f5ab6b7f-babd-419d-94a4-a4dba709e9a1,0f8ea11a-7334-4ceb-9f7e-6090231c9152,packing_started,2026-05-29T06:36:41
50a02851-5e63-4708-a0ca-e5d1011cccdb,0f8ea11a-7334-4ceb-9f7e-6090231c9152,packing_completed,2026-05-29T15:21:12
62d70018-9604-4fee-a5aa-20ad02f4416e,0f8ea11a-7334-4ceb-9f7e-6090231c9152,shipped,2026-05-29T20:03:41
126c181a-e873-42d9-9867-b1cac08f5056,ef955787-0539-4ff0-a64b-28cd0b98771b,created,2026-04-22T07:39:19
0548a0c3-26dc-448e-be61-ff709f28fa05,ef955787-0539-4ff0-a64b-28cd0b98771b,picking_started,2026-04-22T09:38:04
dae7dce8-8c0d-4e9b-ab4b-ce6613bd1283,ef955787-0539-4ff0-a64b-28cd0b98771b,picking_completed,2026-04-22T13:41:08
b8ef8ae3-a5e7-4f0a-bd1f-6b535b31109f,ef955787-0539-4ff0-a64b-28cd0b98771b,packing_started,2026-04-22T16:15:10
4fca9b10-f7cb-4170-93a3-3da8c6a5f7f8,ef955787-0539-4ff0-a64b-28cd0b98771b,packing_completed,2026-04-23T04:00:57
10165244-3193-4433-a5bc-8cc4f6f7902e,ef955787-0539-4ff0-a64b-28cd0b98771b,shipped,2026-04-23T11:25:02
b6829ab3-bc29-4987-baf4-2b4a74bfcce5,6918b3cf-cbd8-46aa-8120-81329eccc848,created,2026-06-12T17:28:56
e1b63985-9350-4847-b59a-3e12604f5e93,6918b3cf-cbd8-46aa-8120-81329eccc848,picking_started,2026-06-12T21:10:08
65e48b35-bc8c-47ea-851d-847fb3188b47,6918b3cf-cbd8-46aa-8120-81329eccc848,cancelled,2026-06-12T22:39:54
e63c6e2e-459a-47f3-ae27-732d3c6ea0be,515dce16-efeb-4b5a-8173-615aa7009f4a,created,2026-07-15T22:25:37
06289061-d2ad-4116-bfc9-e09cb3397e0d,515dce16-efeb-4b5a-8173-615aa7009f4a,picking_started,2026-07-16T06:47:57
86939113-a0a4-49b6-b506-5e0698d600e9,515dce16-efeb-4b5a-8173-615aa7009f4a,picking_completed,2026-07-16T07:59:01
b6bc50f9-285d-46dc-879f-9d989cadb87f,515dce16-efeb-4b5a-8173-615aa7009f4a,packing_started,2026-07-16T19:30:21
acf14d00-0294-4eaf-b8a2-9ac685242355,515dce16-efeb-4b5a-8173-615aa7009f4a,packing_completed,2026-07-17T05:29:08
f8ac5838-b7e6-437a-ac6e-f685cfc9e8f1,515dce16-efeb-4b5a-8173-615aa7009f4a,shipped,2026-07-17T06:42:45
3062685b-a133-4048-97db-3a652bed75ef,532cd911-2cf4-4ad0-8ddc-e9c2b756b8ae,created,2026-05-24T13:17:16
3b9d2309-6fec-418f-be15-69f9358719a5,532cd911-2cf4-4ad0-8ddc-e9c2b756b8ae,picking_started,2026-05-24T16:59:10
2f6f1380-d615-4a35-a0f3-2a4101939899,532cd911-2cf4-4ad0-8ddc-e9c2b756b8ae,picking_completed,2026-05-24T23:50:55
a0d290ed-7a92-4fd0-95d9-83069005d5e6,532cd911-2cf4-4ad0-8ddc-e9c2b756b8ae,packing_started,2026-05-25T03:15:57
e223d24d-f65f-4217-9af2-59f5383cc197,532cd911-2cf4-4ad0-8ddc-e9c2b756b8ae,packing_completed,2026-05-25T08:27:00
b8895d7c-7988-4a9f-87aa-4d9010c33faf,532cd911-2cf4-4ad0-8ddc-e9c2b756b8ae,shipped,2026-05-25T20:26:29
1c95c8c2-c0f1-49ec-8d43-0aeda0bad855,0fcf1d6d-42c5-4379-91eb-99d2a77fea02,created,2026-05-04T08:01:41
5e69c2b3-a26b-473a-b52f-adf79e87c819,0fcf1d6d-42c5-4379-91eb-99d2a77fea02,picking_started,2026-05-04T14:06:53
c6db310b-2842-4b4a-853e-6a396c3ede29,0fcf1d6d-42c5-4379-91eb-99d2a77fea02,picking_completed,2026-05-04T14:48:32
5d76fb3a-d112-4b8d-8a64-cdb96386eace,0fcf1d6d-42c5-4379-91eb-99d2a77fea02,packing_started,2026-05-04T16:03:44
9fe5de0b-7f1e-46d6-b713-458406083b5a,75d098c0-f692-4371-a0f0-f75b3a1e5807,created,2026-07-01T01:29:39
4dbb9221-dbeb-44b3-9ee9-912f360f5a71,75d098c0-f692-4371-a0f0-f75b3a1e5807,picking_started,2026-07-01T09:29:39
ffff7924-8c97-4c4c-9821-a667640b9672,75d098c0-f692-4371-a0f0-f75b3a1e5807,picking_completed,2026-07-01T18:40:07
f00fd498-d4ff-44ed-96f9-7e5d4237225b,75d098c0-f692-4371-a0f0-f75b3a1e5807,packing_started,2026-07-02T02:32:43
2cc23cd6-ced8-47d8-b18e-c2ef9bf8a079,75d098c0-f692-4371-a0f0-f75b3a1e5807,packing_completed,2026-07-02T07:19:36
db844b1c-1b59-4bc0-b1d9-8b1628f01789,75d098c0-f692-4371-a0f0-f75b3a1e5807,shipped,2026-07-02T10:36:39
e9199915-707a-437a-85fa-a3610ff0802a,a688d6bc-529c-4669-ae15-84785bd2f8ab,created,2026-05-31T16:01:40
1e082d73-1ac0-4d65-a850-d152890b409a,a688d6bc-529c-4669-ae15-84785bd2f8ab,picking_started,2026-06-01T00:02:44
a7961493-d934-4615-972d-aab301ed1154,a688d6bc-529c-4669-ae15-84785bd2f8ab,picking_completed,2026-06-01T04:10:20
f4f7fbd2-ebe7-42ab-a4d5-6f630483d8e7,a688d6bc-529c-4669-ae15-84785bd2f8ab,packing_started,2026-06-01T06:19:21
2582beca-1708-428d-ad1d-340e78d062fd,60721638-22ea-4b28-ac12-9f3760fa0c1c,created,2026-04-12T10:50:40
25bce5af-6fc0-476a-b602-2f58aa660798,60721638-22ea-4b28-ac12-9f3760fa0c1c,picking_started,2026-04-12T12:41:44
04fa41cb-1d01-4a62-9246-16c16848d1e8,2b8fad17-9a45-4298-a04b-45e5e31334d6,created,2026-07-14T23:36:40
cbd12e60-9146-4123-a779-cd40909bc75d,2b8fad17-9a45-4298-a04b-45e5e31334d6,picking_started,2026-07-15T09:56:58
1f73c460-5ccd-4fbd-ad15-a0959cc39149,2b8fad17-9a45-4298-a04b-45e5e31334d6,picking_completed,2026-07-15T16:01:59
17cf302e-8e67-43f7-ab4b-7839d72748d3,2b8fad17-9a45-4298-a04b-45e5e31334d6,packing_started,2026-07-15T22:37:48
9173e5f7-757c-446b-bcdd-bcb3cf329d11,2b8fad17-9a45-4298-a04b-45e5e31334d6,packing_completed,2026-07-16T01:51:17
f05ab8d5-df24-4e24-a29e-b3423f33839a,2b8fad17-9a45-4298-a04b-45e5e31334d6,shipped,2026-07-16T06:58:21
c90dc264-a47e-4eef-8cf9-7b4b0ec2e8df,4d2b773b-708a-4043-a61f-e330eb298966,created,2026-04-02T20:35:08
c9539847-7c83-4d56-86f1-c0ca0de5d28d,4d2b773b-708a-4043-a61f-e330eb298966,picking_started,2026-04-03T02:53:47
b7bbda67-d9a6-4e26-9b9a-b9a60dc47b3b,1d95faba-51ff-4431-9c5d-6fcbcdf1c20f,created,2026-04-08T03:41:43
bc9f6fe6-b58d-46cc-9cbf-0fb14fe0ec60,1d95faba-51ff-4431-9c5d-6fcbcdf1c20f,picking_started,2026-04-08T14:38:26
b67de78f-55cd-4032-a57a-8e809803a6e0,1d95faba-51ff-4431-9c5d-6fcbcdf1c20f,picking_completed,2026-04-08T18:44:08
5dfc3910-ebf4-47bc-b9a0-9b507f575bed,1d95faba-51ff-4431-9c5d-6fcbcdf1c20f,packing_started,2026-04-08T22:14:49
8f872bfb-afee-4032-804f-6f74873c8be4,1d95faba-51ff-4431-9c5d-6fcbcdf1c20f,packing_completed,2026-04-09T10:01:45
99967d24-31b3-4b61-9371-0c5528abebd9,1d95faba-51ff-4431-9c5d-6fcbcdf1c20f,shipped,2026-04-09T13:07:21
e25e47ca-2a11-429f-8844-cabcc3e434ef,73c8c86a-0438-4f5e-a785-b1b348f15cbb,created,2026-02-21T04:49:46
b63b1f43-e35f-4b67-b40e-a02f528e00cf,73c8c86a-0438-4f5e-a785-b1b348f15cbb,picking_started,2026-02-21T06:30:05
311e774f-a6f3-4031-a200-1ac581a24a24,73c8c86a-0438-4f5e-a785-b1b348f15cbb,picking_completed,2026-02-21T09:23:59
e44920c9-6a7b-4a93-8392-f08c3d5e705f,73c8c86a-0438-4f5e-a785-b1b348f15cbb,packing_started,2026-02-21T10:15:44
13797fc1-8fc9-45d1-b28c-e483b7b61cc8,73c8c86a-0438-4f5e-a785-b1b348f15cbb,packing_completed,2026-02-21T17:47:15
06a0e8ee-28d6-4857-8cb5-9f6c6a55532e,73c8c86a-0438-4f5e-a785-b1b348f15cbb,shipped,2026-02-21T22:14:48
ee8122b7-0b6b-44b5-886b-cc889c0453ff,cd99e9c2-a7ed-43ae-b8a4-30c43823c38b,created,2026-07-12T02:10:14
81c7a606-1e1e-443a-bc4c-2251f4d10d39,cd99e9c2-a7ed-43ae-b8a4-30c43823c38b,picking_started,2026-07-12T11:05:44
906f6dce-dfa4-4744-b549-8a9552ea983d,cd99e9c2-a7ed-43ae-b8a4-30c43823c38b,picking_completed,2026-07-12T16:41:06
82788ad9-b8c9-4128-a992-997bd89c238a,cd99e9c2-a7ed-43ae-b8a4-30c43823c38b,packing_started,2026-07-13T00:52:26
6fabbb8d-a7f6-4ceb-99cf-ae395e8ea075,cd99e9c2-a7ed-43ae-b8a4-30c43823c38b,packing_completed,2026-07-13T09:48:13
21723435-e936-4573-ba28-9ca8e3168ff3,cd99e9c2-a7ed-43ae-b8a4-30c43823c38b,shipped,2026-07-13T14:03:59
b1e91c1e-eda8-4b88-8ed2-5832767aceac,59e00f23-dd4e-4d35-83fc-85d6ca66e07c,created,2026-06-15T17:29:31
47d071d8-686b-4037-bdbf-fcbfe53d17d8,59e00f23-dd4e-4d35-83fc-85d6ca66e07c,picking_started,2026-06-15T18:07:31
cb95ee06-a0cd-4a72-8ab4-d68e4490a874,59e00f23-dd4e-4d35-83fc-85d6ca66e07c,picking_completed,2026-06-16T03:54:16
1091450f-265f-4f4c-8d96-6ff4b2295e16,59e00f23-dd4e-4d35-83fc-85d6ca66e07c,packing_started,2026-06-16T11:03:51
3cbb4622-6678-493a-991c-340a3dc16330,59e00f23-dd4e-4d35-83fc-85d6ca66e07c,packing_completed,2026-06-16T21:02:59
fe1759a9-1e91-41e6-920d-3016a36b7abd,59e00f23-dd4e-4d35-83fc-85d6ca66e07c,shipped,2026-06-17T04:38:06
39f081f7-f0f4-46f6-9154-fe28c4efd5eb,eae7a7f9-b013-4897-9a53-fe45c074ee8a,created,2026-07-15T14:13:20
c623cd72-e6a0-4e92-bc99-5a31171d70dd,eae7a7f9-b013-4897-9a53-fe45c074ee8a,cancelled,2026-07-15T14:44:12
3f4568c1-6157-41ed-8d30-e7674964b54d,05f24c96-296f-4df5-b1da-779957c6e46e,created,2026-04-02T21:51:45
63228955-0fac-4273-b908-e0ce53bcae45,05f24c96-296f-4df5-b1da-779957c6e46e,picking_started,2026-04-03T01:03:06
0cbc1511-c05b-47fd-b33a-8c9aba60cf78,05f24c96-296f-4df5-b1da-779957c6e46e,picking_completed,2026-04-03T01:51:29
12c2a613-36da-4834-87b0-82a076ffa40d,05f24c96-296f-4df5-b1da-779957c6e46e,packing_started,2026-04-03T07:54:43
ff11da63-ce5c-4c5c-8a9b-fbc5789023bc,05f24c96-296f-4df5-b1da-779957c6e46e,packing_completed,2026-04-03T16:26:32
55251537-4815-42c6-a494-c7f17349eb00,05f24c96-296f-4df5-b1da-779957c6e46e,shipped,2026-04-03T21:40:45
30ba02de-cc1c-4cc7-af8c-628af41a00bf,cf81ce40-b412-4049-952e-f17c0eeb4703,created,2026-03-28T19:20:30
1d1165c1-4aed-4104-a1d3-e6d33b29d1f9,cf81ce40-b412-4049-952e-f17c0eeb4703,picking_started,2026-03-28T21:09:52
0e2651f3-189f-47f4-9810-b3ee901ee14c,cf81ce40-b412-4049-952e-f17c0eeb4703,picking_completed,2026-03-29T05:55:17
9b218a73-695f-44c5-9eb6-e355415d9369,cf81ce40-b412-4049-952e-f17c0eeb4703,packing_started,2026-03-29T12:30:56
6d634b27-d146-4428-99d0-e5dca37afb03,cf81ce40-b412-4049-952e-f17c0eeb4703,packing_completed,2026-03-29T14:53:48
3f0f711a-cd67-42df-8074-35e1858a1748,cf81ce40-b412-4049-952e-f17c0eeb4703,shipped,2026-03-30T00:14:34
bbf6e4ed-2c78-485e-a7f0-a4f29b4825e5,18a10089-7c9e-4b4c-a380-55cd2441b0a4,created,2026-06-29T11:52:48
a061905c-4d49-438a-a77c-ccd148c97db2,18a10089-7c9e-4b4c-a380-55cd2441b0a4,picking_started,2026-06-29T19:14:19
6fd26e7c-25f3-4224-a736-fb741156a22e,18a10089-7c9e-4b4c-a380-55cd2441b0a4,picking_completed,2026-06-30T05:46:30
77193aab-9f53-4bf8-9001-022e207a4c0b,18a10089-7c9e-4b4c-a380-55cd2441b0a4,packing_started,2026-06-30T09:30:46
292f7140-31cd-4d2d-b242-842eb750eeef,18a10089-7c9e-4b4c-a380-55cd2441b0a4,packing_completed,2026-06-30T12:30:26
bae46d41-071d-4c15-a990-73200bf36926,18a10089-7c9e-4b4c-a380-55cd2441b0a4,shipped,2026-06-30T16:56:52
aaa8f8d3-d6b6-4f67-9bec-5fa554d73508,ee0a9862-fe54-46e2-9e56-145a6f3b9085,created,2026-03-24T21:12:49
8b9697c7-1250-4714-ad8b-70674d77d5bd,ee0a9862-fe54-46e2-9e56-145a6f3b9085,picking_started,2026-03-24T21:52:38
07b68c7d-ec93-41a4-8e2f-32cfa5e003bc,ee0a9862-fe54-46e2-9e56-145a6f3b9085,picking_completed,2026-03-25T04:37:11
3a79e253-c18c-4a74-8e3a-8e028aae2f7e,ee0a9862-fe54-46e2-9e56-145a6f3b9085,cancelled,2026-03-25T05:24:56
3dae2625-368c-4774-8ee1-ece91c9271d8,7ec17614-2714-43f1-b1cd-344ada5fd342,created,2026-04-29T11:51:27
6aca03a5-e5fe-457f-8417-c6c532537628,7ec17614-2714-43f1-b1cd-344ada5fd342,picking_started,2026-04-29T17:18:51
e42d58d6-f94a-4681-9664-43d4ea0a35b1,7ec17614-2714-43f1-b1cd-344ada5fd342,picking_completed,2026-04-30T01:42:36
3b7d5a12-4b04-451a-936d-603bb73692ed,7ec17614-2714-43f1-b1cd-344ada5fd342,packing_started,2026-04-30T07:03:49
6a9e8a03-b38b-4cff-adc1-1fbbd5cf4697,7ec17614-2714-43f1-b1cd-344ada5fd342,packing_completed,2026-04-30T08:25:10
e9bede6d-557e-4f6a-88d9-8a7b8340f99a,7ec17614-2714-43f1-b1cd-344ada5fd342,shipped,2026-04-30T16:49:35
4ccf4887-9a8d-4cf6-9b7e-c77b5ac1b9b9,d70fe01a-0b1d-4ef7-bb6b-a2a78c28ff5a,created,2026-08-08T22:44:09
73abf6c3-a551-423e-ae0c-01804fc21dd0,d70fe01a-0b1d-4ef7-bb6b-a2a78c28ff5a,cancelled,2026-08-09T01:21:57
22e834ed-3e9e-4ac3-902e-c1f207eef2cf,01afb8a1-1a71-46b0-98ac-33ef3e7df420,created,2026-06-13T12:46:54
ccc119dc-2c22-4b2d-becc-1c99dd5fcb45,01afb8a1-1a71-46b0-98ac-33ef3e7df420,picking_started,2026-06-13T22:59:20
98a8817f-5635-430f-b437-0968e648cbc4,01afb8a1-1a71-46b0-98ac-33ef3e7df420,picking_completed,2026-06-14T07:55:43
a3b7896a-1614-44fb-b854-857941ab65d0,913f20e2-06c7-4ac4-99bd-40307f9df77e,created,2026-07-16T21:41:15
e763d707-40cd-4ad4-b513-360787bec74f,913f20e2-06c7-4ac4-99bd-40307f9df77e,picking_started,2026-07-16T23:48:43
de0154ed-f0bd-483a-bb82-1e57b0d5a69d,913f20e2-06c7-4ac4-99bd-40307f9df77e,picking_completed,2026-07-17T04:01:24
4c2aebb7-d938-4f3e-a606-d4c84c509284,913f20e2-06c7-4ac4-99bd-40307f9df77e,packing_started,2026-07-17T11:14:02
c66aeeac-5d6b-4410-9464-189e1e0dfc5f,913f20e2-06c7-4ac4-99bd-40307f9df77e,packing_completed,2026-07-17T16:38:41
2c9c1f5d-4410-4eb6-a90a-693ea42e390d,913f20e2-06c7-4ac4-99bd-40307f9df77e,shipped,2026-07-17T21:29:44
598818ea-6877-496a-9b56-3d3a4f0aa00e,7f974ec4-74ca-4d33-9e31-d4afed0fca96,created,2026-06-10T00:37:26
b7afc552-2a4b-49b8-96fc-8ee06dc967c1,7f974ec4-74ca-4d33-9e31-d4afed0fca96,picking_started,2026-06-10T06:19:34
4f6d219e-c90a-4cbd-8bd8-67d97eda0f2d,7f974ec4-74ca-4d33-9e31-d4afed0fca96,picking_completed,2026-06-10T13:04:11
bc7af423-b38b-4f10-bd7a-ad02b2a95860,7f974ec4-74ca-4d33-9e31-d4afed0fca96,packing_started,2026-06-11T01:01:32
8b8db9db-9210-41ec-a41b-91631ffc0752,7f974ec4-74ca-4d33-9e31-d4afed0fca96,packing_completed,2026-06-11T10:18:09
0cea207e-17e1-4acd-a5b0-500256f9e25f,7f974ec4-74ca-4d33-9e31-d4afed0fca96,shipped,2026-06-11T21:29:50
3f3f7712-e697-4b5e-8e45-e88b67edd7b7,4714e434-04e9-4cd9-bd1b-d262f1bc75be,created,2026-03-20T00:06:24
3d3b1c69-7e9f-4511-8e00-2b17b81ffc93,4714e434-04e9-4cd9-bd1b-d262f1bc75be,picking_started,2026-03-20T04:28:11
ba7b303f-0d37-482e-8cc1-8b21e5181bee,4714e434-04e9-4cd9-bd1b-d262f1bc75be,picking_completed,2026-03-20T07:46:06
e1916764-8ffc-4eb6-a35e-acef341fe28e,98041701-f9da-4d08-85a4-b2c2acf1d4f3,created,2026-03-31T20:18:37
33465e64-5f8c-4928-a79b-7a3f10c218ce,98041701-f9da-4d08-85a4-b2c2acf1d4f3,picking_started,2026-04-01T01:19:11
90f8882d-8684-4635-9cc0-1a0e542678fe,98041701-f9da-4d08-85a4-b2c2acf1d4f3,picking_completed,2026-04-01T08:09:30
c14af2bd-9c62-4566-a698-2a8890ca8b24,98041701-f9da-4d08-85a4-b2c2acf1d4f3,packing_started,2026-04-01T18:55:52
ce7480dd-ad85-4edd-8e50-4018a142ce42,98041701-f9da-4d08-85a4-b2c2acf1d4f3,packing_completed,2026-04-02T00:40:54
ad1e6a0c-951b-4053-a021-c4d079880506,98041701-f9da-4d08-85a4-b2c2acf1d4f3,shipped,2026-04-02T09:07:49
a32c3f64-55e2-47b9-9800-5b8ce89301dd,4442529d-856b-486b-b70a-740b89353ba5,created,2026-07-25T04:24:55
78aa0fb0-1524-42bb-94fe-f7a2c9023284,4442529d-856b-486b-b70a-740b89353ba5,picking_started,2026-07-25T11:39:34
d85bd09e-284d-46be-ac4e-c8d256e4758a,4442529d-856b-486b-b70a-740b89353ba5,picking_completed,2026-07-25T17:50:57
e5ef9840-3342-402c-a72d-d595160a8749,4442529d-856b-486b-b70a-740b89353ba5,packing_started,2026-07-25T22:24:45
f1c3bd37-4d2d-4e7a-9853-bf8104ef8aad,4442529d-856b-486b-b70a-740b89353ba5,packing_completed,2026-07-26T09:17:31
59facd17-1dd2-408e-88bd-5b7b7f013310,778ca772-2728-4061-88a1-885c9de0767b,created,2026-03-14T13:25:06
2582caee-d7ae-4837-a37a-8f6934a6ca64,778ca772-2728-4061-88a1-885c9de0767b,picking_started,2026-03-14T19:21:55
1973bac0-5ced-4bf4-8f2e-1369b3fe67e7,778ca772-2728-4061-88a1-885c9de0767b,picking_completed,2026-03-15T01:21:36
1b25c5ec-218b-44f9-bfde-8b99a790747b,778ca772-2728-4061-88a1-885c9de0767b,packing_started,2026-03-15T10:57:32
b9212a05-d329-4086-90b9-ddc2dca8975c,778ca772-2728-4061-88a1-885c9de0767b,packing_completed,2026-03-15T14:10:28
30eaf2c6-5d0f-4581-9820-78155b96dee5,778ca772-2728-4061-88a1-885c9de0767b,shipped,2026-03-15T23:40:16
daef9bb2-4619-467d-8597-d8ee4a20e1f8,d25f4713-8296-4099-ae7d-2395c9602629,created,2026-03-21T12:17:55
4888041a-4701-4708-8604-8edce9827db8,d25f4713-8296-4099-ae7d-2395c9602629,picking_started,2026-03-21T17:14:17
a2700a10-e612-45ea-9125-70a3d289f4a5,d25f4713-8296-4099-ae7d-2395c9602629,picking_completed,2026-03-21T20:01:42
32d48541-0d87-451a-b7d1-1759ffda6e72,d25f4713-8296-4099-ae7d-2395c9602629,packing_started,2026-03-22T00:13:15
8a7e9a1c-7329-44d6-bdab-17bec91eca5e,7288d02b-95b8-4c2c-8631-c6f0859a8f57,created,2026-04-21T08:00:40
6430fc20-7fa5-4ab6-8a22-2b4c08569e58,7288d02b-95b8-4c2c-8631-c6f0859a8f57,picking_started,2026-04-21T13:30:11
0ac2fe81-2202-4865-b0e9-e93cac0e9669,7288d02b-95b8-4c2c-8631-c6f0859a8f57,picking_completed,2026-04-22T00:42:12
cf9789df-d7e0-409a-8e70-6a7af19d959b,7288d02b-95b8-4c2c-8631-c6f0859a8f57,packing_started,2026-04-22T02:05:59
318f03be-157a-46f8-98b8-d16d3be62e84,7288d02b-95b8-4c2c-8631-c6f0859a8f57,packing_completed,2026-04-22T04:33:11
cf76c27a-57b7-41dd-8474-e99e0b7d745a,7288d02b-95b8-4c2c-8631-c6f0859a8f57,shipped,2026-04-22T08:29:44
08c6da05-3715-4b91-bfdc-9ee0dd2d31fe,15d149b9-3f8e-442b-84e2-0c82cdae9b4d,created,2026-05-05T20:57:01
037c9b47-535f-4c56-abeb-46f74a733b82,15d149b9-3f8e-442b-84e2-0c82cdae9b4d,picking_started,2026-05-06T07:36:29
84230c07-5969-4558-845c-527204163cc8,15d149b9-3f8e-442b-84e2-0c82cdae9b4d,picking_completed,2026-05-06T16:22:44
c8895716-1330-485f-bfa6-cf9de43ebf88,15d149b9-3f8e-442b-84e2-0c82cdae9b4d,packing_started,2026-05-07T00:22:17
54cffb39-ce10-4e55-99b6-9fbb356c19d2,15d149b9-3f8e-442b-84e2-0c82cdae9b4d,packing_completed,2026-05-07T10:13:00
b8495859-4c7f-4409-ab75-2bffac5faa47,15d149b9-3f8e-442b-84e2-0c82cdae9b4d,shipped,2026-05-07T19:21:22
afe342bc-0a74-4ae1-9002-0bf180c65ef3,9eccda76-a3eb-4574-825c-561ae1948434,created,2026-02-19T19:48:01
fc54971f-79c7-4468-bae4-2099c745fd5d,9eccda76-a3eb-4574-825c-561ae1948434,picking_started,2026-02-20T04:10:05
72d1dd30-07ad-4efb-9454-008468232a6b,9eccda76-a3eb-4574-825c-561ae1948434,picking_completed,2026-02-20T13:15:31
d14ba413-bcd7-40c4-95ff-eb30d81a897b,9eccda76-a3eb-4574-825c-561ae1948434,packing_started,2026-02-20T15:47:52
9de485d4-5043-4462-951e-d01178f70175,9eccda76-a3eb-4574-825c-561ae1948434,packing_completed,2026-02-21T00:03:27
191fb175-6a19-4e08-b705-0ea5b9003f5c,9eccda76-a3eb-4574-825c-561ae1948434,shipped,2026-02-21T09:43:13
34dacb15-28ad-4f8b-82a3-3dcb6cd514af,d08d4960-79c2-4f66-8d3e-b2ff3d6b8305,created,2026-08-02T08:10:04
6fba25c4-a7c7-4306-984e-ae5f501448a2,d08d4960-79c2-4f66-8d3e-b2ff3d6b8305,picking_started,2026-08-02T10:49:17
4a72f16e-4434-41df-ace9-c39bd8bbb46b,d08d4960-79c2-4f66-8d3e-b2ff3d6b8305,picking_completed,2026-08-02T22:28:31
09ee55f4-fd26-4a7d-94c0-20117a1fe28e,07df0051-1c1f-48f7-881b-c7009b79ae29,created,2026-08-09T07:07:16
c4568633-f5b9-4039-b3e5-e19993c4eebc,07df0051-1c1f-48f7-881b-c7009b79ae29,picking_started,2026-08-09T13:07:55
83a569a9-33f0-4974-9222-47f9739f8ff6,07df0051-1c1f-48f7-881b-c7009b79ae29,picking_completed,2026-08-09T22:37:03
79cb31bf-4fd8-4204-ad8d-be1ceb4e8711,07df0051-1c1f-48f7-881b-c7009b79ae29,packing_started,2026-08-10T08:15:44
cbdc5ab3-2a43-47af-90b2-88d61579082b,07df0051-1c1f-48f7-881b-c7009b79ae29,packing_completed,2026-08-10T18:06:40
ec91c7f0-7ba8-4365-a3ab-a7605b0013e1,07df0051-1c1f-48f7-881b-c7009b79ae29,shipped,2026-08-11T01:00:02
91eb531e-1aca-4bea-9c44-2289edb28130,7bbe0193-9b44-4458-839f-88450fdcdbd9,created,2026-03-28T01:05:20
e709e0bc-dc1e-4df3-98a4-9435599709a5,7bbe0193-9b44-4458-839f-88450fdcdbd9,picking_started,2026-03-28T07:52:31
426ba24a-de91-413e-a313-0cd48fd8afa5,7bbe0193-9b44-4458-839f-88450fdcdbd9,picking_completed,2026-03-28T12:43:30
39f531a5-83f2-438b-8453-4c496819327e,4111ef87-b19d-4d53-99f8-dab33848fc47,created,2026-06-26T14:01:01
179f963b-dc20-4010-abea-ee8c68fc04de,4111ef87-b19d-4d53-99f8-dab33848fc47,picking_started,2026-06-26T18:38:19
39a97b34-3eb2-423b-abf4-7423fe3cd0f4,4111ef87-b19d-4d53-99f8-dab33848fc47,picking_completed,2026-06-27T03:33:02
a481fc8f-b972-4753-b0c9-783f569fa4d7,4111ef87-b19d-4d53-99f8-dab33848fc47,packing_started,2026-06-27T14:08:28
9ef98284-0bdf-453e-8ebc-0798c800db9e,4111ef87-b19d-4d53-99f8-dab33848fc47,packing_completed,2026-06-27T15:06:13
877e4382-a8b8-4b29-adea-a3bcb176073f,4111ef87-b19d-4d53-99f8-dab33848fc47,shipped,2026-06-28T01:35:53
455b3a32-e369-4f19-afda-6019f921c475,02d3ce3f-6d4e-4217-98a2-e9e648d5c6ab,created,2026-05-23T16:22:34
bd771659-aecf-4471-bce0-dab4007885b6,02d3ce3f-6d4e-4217-98a2-e9e648d5c6ab,picking_started,2026-05-23T21:00:24
dce3d64f-2b7d-4ab1-8323-8a173f3ac1b8,02d3ce3f-6d4e-4217-98a2-e9e648d5c6ab,picking_completed,2026-05-24T00:59:20
f7d1f786-a561-45ad-9135-30f92d2acf88,02d3ce3f-6d4e-4217-98a2-e9e648d5c6ab,packing_started,2026-05-24T10:11:05
9551e82c-32f6-404c-8e09-7763d5690f99,02d3ce3f-6d4e-4217-98a2-e9e648d5c6ab,packing_completed,2026-05-24T11:54:29
2152e8bc-ee72-4d51-be6c-f584e1b8636d,02d3ce3f-6d4e-4217-98a2-e9e648d5c6ab,shipped,2026-05-24T18:03:40
c5f32b02-f1bb-4e23-bf18-9b15b0930522,5f2b5375-afa1-4338-84a4-04fe1e005617,created,2026-07-15T06:45:11
b107f23d-f79c-449a-88b3-88b8f355c908,5f2b5375-afa1-4338-84a4-04fe1e005617,picking_started,2026-07-15T17:31:50
e6c94506-65a3-445d-86af-24de4a0956ce,5f2b5375-afa1-4338-84a4-04fe1e005617,picking_completed,2026-07-16T01:24:00
ae9459ec-8699-45e2-8e16-0d9cc6efe241,5f2b5375-afa1-4338-84a4-04fe1e005617,packing_started,2026-07-16T04:51:47
a4e5f1b8-7366-4f8c-8ce9-870360c99b67,5f2b5375-afa1-4338-84a4-04fe1e005617,packing_completed,2026-07-16T07:10:36
47e6f3d9-0a4f-4ce6-b3e6-5269f72064f0,5f2b5375-afa1-4338-84a4-04fe1e005617,shipped,2026-07-16T08:51:55
8165b077-fbbd-45ed-872a-ad22e4163d55,cbd3bb44-2252-4d7a-9aa9-d6c7270a377b,created,2026-06-04T11:58:22
d2cb67d7-9ceb-4260-a4d3-e27f109e58ec,cbd3bb44-2252-4d7a-9aa9-d6c7270a377b,picking_started,2026-06-04T21:12:53
0db594d5-2c83-4198-a234-88883a88d6c6,cbd3bb44-2252-4d7a-9aa9-d6c7270a377b,picking_completed,2026-06-05T00:05:24
657de50b-42a4-4b76-9bca-353ecc24a9d4,cbd3bb44-2252-4d7a-9aa9-d6c7270a377b,packing_started,2026-06-05T09:12:40
0ba196f3-2634-4208-9f1d-55dd2c3f4933,cbd3bb44-2252-4d7a-9aa9-d6c7270a377b,packing_completed,2026-06-05T19:31:48
e15def91-bc68-4c14-92ab-a943acb94e1c,cbd3bb44-2252-4d7a-9aa9-d6c7270a377b,shipped,2026-06-06T06:18:02
5497acd3-dcf3-4650-bec2-865f640c94b3,62a0d460-0415-4498-b8d3-040ad54dd4ab,created,2026-03-19T16:47:13
30abb62c-ab0a-4f04-ba35-f809a0ca779a,62a0d460-0415-4498-b8d3-040ad54dd4ab,picking_started,2026-03-20T02:41:14
8de106da-3104-4674-ab1b-7b7301cbc08a,62a0d460-0415-4498-b8d3-040ad54dd4ab,picking_completed,2026-03-20T11:49:19
5c853e2e-096a-4d3b-b9be-a642c80ba1db,62a0d460-0415-4498-b8d3-040ad54dd4ab,packing_started,2026-03-20T17:00:52
5db103bc-259a-445e-adc2-929e72da3774,62a0d460-0415-4498-b8d3-040ad54dd4ab,packing_completed,2026-03-20T20:04:14
5bb3b262-ba63-455c-a954-357b1d460113,62a0d460-0415-4498-b8d3-040ad54dd4ab,shipped,2026-03-21T04:10:57
76150833-08fc-4e7d-a2d8-bd1c74326179,672be145-beec-4279-929a-c3083b7fc156,created,2026-04-13T21:14:10
bd677e57-0756-47cd-99c0-611d52ea30c6,672be145-beec-4279-929a-c3083b7fc156,picking_started,2026-04-14T07:30:04
6d47153d-6a87-4e48-91fd-c281f61bd63a,672be145-beec-4279-929a-c3083b7fc156,picking_completed,2026-04-14T16:50:47
5ee09046-ebf6-4f26-9a92-f5e06036c523,672be145-beec-4279-929a-c3083b7fc156,packing_started,2026-04-15T03:04:16
46f91265-7824-438b-8e15-3b023c9619f7,672be145-beec-4279-929a-c3083b7fc156,packing_completed,2026-04-15T12:38:27
486cdb33-92fc-420f-bbba-880159c0ccea,672be145-beec-4279-929a-c3083b7fc156,shipped,2026-04-15T18:31:35
2d6675d0-8cdb-4539-aa14-18714a86a2ee,e595a724-02aa-415d-a569-9795dc4e1d5e,created,2026-02-24T23:36:57
e4939909-29c5-4a36-8be6-6030a2fc2646,e595a724-02aa-415d-a569-9795dc4e1d5e,picking_started,2026-02-25T11:26:35
dbae6825-a141-49b4-a842-4429c4e224f6,e595a724-02aa-415d-a569-9795dc4e1d5e,picking_completed,2026-02-25T13:41:19
602b1b7e-3cfa-4b5c-b83f-bbac4fdd430a,e595a724-02aa-415d-a569-9795dc4e1d5e,packing_started,2026-02-25T16:39:47
2004b5d4-3861-4e1f-9378-921153018f79,e595a724-02aa-415d-a569-9795dc4e1d5e,packing_completed,2026-02-26T00:24:51
e294b8b3-0aa0-40fc-8af1-97c6f7739620,e595a724-02aa-415d-a569-9795dc4e1d5e,shipped,2026-02-26T03:43:08
0ffd2911-3f6e-4831-9779-1e38d30636f4,e11a0fec-46fb-45e3-95b1-9121684b2533,created,2026-08-12T23:59:20
7d7b65db-6bf9-4005-9adc-9d009a7f75ff,e11a0fec-46fb-45e3-95b1-9121684b2533,picking_started,2026-08-13T08:53:07
04f87112-bbce-4f7f-ac96-d449c76253d9,e11a0fec-46fb-45e3-95b1-9121684b2533,picking_completed,2026-08-13T10:20:15
10edb927-98bf-41b9-94ab-eb1cb5fa0de1,e11a0fec-46fb-45e3-95b1-9121684b2533,packing_started,2026-08-13T17:47:38
3f4a99fd-11fe-47e7-9681-977ad08751cb,e11a0fec-46fb-45e3-95b1-9121684b2533,packing_completed,2026-08-13T19:09:55
b6502e47-74f9-46a6-8323-2668e39a0d9d,e11a0fec-46fb-45e3-95b1-9121684b2533,shipped,2026-08-14T01:03:23
b9277828-5da9-4727-8bd3-029e3dd7fd22,4e678b98-be72-4e94-ab78-023c0ae25d09,created,2026-06-01T00:26:26
2278eb8a-eb76-44df-8ebe-68a8ed404726,4e678b98-be72-4e94-ab78-023c0ae25d09,picking_started,2026-06-01T12:22:24
71d60ef5-01fb-4047-9a4d-556e25852fdc,4e678b98-be72-4e94-ab78-023c0ae25d09,picking_completed,2026-06-01T14:46:35
e8e13fe3-c334-480e-87a4-67fb56fa3303,4e678b98-be72-4e94-ab78-023c0ae25d09,packing_started,2026-06-02T02:02:22
582f78f9-c8fc-4bcf-a8e7-dcc751bd0221,4e678b98-be72-4e94-ab78-023c0ae25d09,packing_completed,2026-06-02T13:08:40
3e4d0b66-9319-4ab0-8e2e-a3f45cb8d490,4e678b98-be72-4e94-ab78-023c0ae25d09,shipped,2026-06-03T00:48:23
4d8533ee-5e73-4241-9a61-97b5fdb8b465,c210ee9b-cfc9-48d5-801a-9527752619ae,created,2026-03-02T18:03:03
7bd74eaa-d1ce-4995-94a0-604c3b339fe1,c210ee9b-cfc9-48d5-801a-9527752619ae,picking_started,2026-03-03T01:48:02
caff11c1-bc79-4b85-8a21-0563c05553a8,c210ee9b-cfc9-48d5-801a-9527752619ae,picking_completed,2026-03-03T07:33:43
fa342935-68c2-44d1-a9bc-74ab89f5354e,c210ee9b-cfc9-48d5-801a-9527752619ae,packing_started,2026-03-03T11:06:09
1861b7ce-200b-4288-860a-d43fec9668cf,c210ee9b-cfc9-48d5-801a-9527752619ae,packing_completed,2026-03-03T20:09:23
9e104b92-8b82-46b1-b16d-efc0fcfebcff,c210ee9b-cfc9-48d5-801a-9527752619ae,shipped,2026-03-04T03:30:18
f0476fe1-1753-4980-94b5-a2103f76c9b8,3cefe978-ed99-4369-bfda-04d8b28075b2,created,2026-07-07T21:34:10
05986026-f754-4587-a296-505b23737a2b,3cefe978-ed99-4369-bfda-04d8b28075b2,picking_started,2026-07-08T04:11:22
13d0ee73-cd96-4a9c-b159-af7619dab8ab,3cefe978-ed99-4369-bfda-04d8b28075b2,picking_completed,2026-07-08T09:17:55
44705a8b-dfbb-439c-9fe3-e0b542986836,66e23496-9d15-48be-9ac0-4c7001cd052b,created,2026-06-22T09:23:50
61585af5-61a9-44b9-85b3-578a17c99d9b,66e23496-9d15-48be-9ac0-4c7001cd052b,picking_started,2026-06-22T11:58:57
45f00670-686c-45de-b342-06f83f636356,66e23496-9d15-48be-9ac0-4c7001cd052b,picking_completed,2026-06-22T13:27:54
1fb3a7f9-757e-4f5e-be75-d44480d7aa75,66e23496-9d15-48be-9ac0-4c7001cd052b,packing_started,2026-06-23T00:18:37
296f8f92-6c91-4f04-9316-8aaa19a8d881,66e23496-9d15-48be-9ac0-4c7001cd052b,packing_completed,2026-06-23T09:24:42
d6fa3ec2-df54-440e-9a80-4cb6e18d574b,66e23496-9d15-48be-9ac0-4c7001cd052b,shipped,2026-06-23T10:04:02
9b269287-baf8-48ed-83a7-807e81ed0389,b78eeb68-a8de-4ef2-bdd4-7a30b3ad2774,created,2026-05-17T04:51:12
16e27b57-c619-4c4d-8ad7-9f8a3757f20f,b78eeb68-a8de-4ef2-bdd4-7a30b3ad2774,picking_started,2026-05-17T13:42:18
340b7c16-d913-404a-8f0d-ee6418769134,b78eeb68-a8de-4ef2-bdd4-7a30b3ad2774,picking_completed,2026-05-17T21:30:02
77f6d718-549b-4960-aa80-9bda2a4faaed,b78eeb68-a8de-4ef2-bdd4-7a30b3ad2774,packing_started,2026-05-17T22:14:44
e0016dcb-0dd8-4fa3-bfb2-e40e8d13defd,b78eeb68-a8de-4ef2-bdd4-7a30b3ad2774,packing_completed,2026-05-18T08:19:42
5444e716-3cbd-48d3-b079-6386905724e2,b78eeb68-a8de-4ef2-bdd4-7a30b3ad2774,shipped,2026-05-18T08:53:52
eb0eeb8c-3c76-4fc6-8ffb-bcd32bfd9740,0e0381f9-ab37-4a50-98ab-8f24ceff1ef3,created,2026-04-24T15:36:44
3328ed22-2a76-4f43-9c70-1e2013ea4770,0e0381f9-ab37-4a50-98ab-8f24ceff1ef3,picking_started,2026-04-24T22:06:50
bbdd9a11-8ebc-4892-a597-7d9fb438790b,0e0381f9-ab37-4a50-98ab-8f24ceff1ef3,picking_completed,2026-04-25T08:51:58
d56fa917-0b35-4bf6-8754-30839dff2ff8,0e0381f9-ab37-4a50-98ab-8f24ceff1ef3,packing_started,2026-04-25T15:46:17
f54202ef-da2a-4030-92fe-6cdab3b78a5f,0e0381f9-ab37-4a50-98ab-8f24ceff1ef3,packing_completed,2026-04-25T17:57:35
4421c8ad-5c3b-45c9-992a-66963e76c30c,0e0381f9-ab37-4a50-98ab-8f24ceff1ef3,shipped,2026-04-26T03:03:55
25eabd5d-da79-41d2-8784-0a5299906e81,9c820e13-8bb9-40ca-871c-ee60f6626c5f,created,2026-06-17T16:04:24
7bc6807c-675c-4187-b1f3-b2958f63f2e4,9c820e13-8bb9-40ca-871c-ee60f6626c5f,picking_started,2026-06-17T20:20:25
1a6e4988-08d1-4a69-a5d8-56d53f1bb99b,9c820e13-8bb9-40ca-871c-ee60f6626c5f,picking_completed,2026-06-18T01:21:36
cee4880e-3e63-430a-a0d6-1565834d0294,9c820e13-8bb9-40ca-871c-ee60f6626c5f,packing_started,2026-06-18T07:51:16
c6de3b1f-dad8-44d0-93f5-f702dd105523,9c820e13-8bb9-40ca-871c-ee60f6626c5f,packing_completed,2026-06-18T12:44:33
40dfb67e-5b35-4844-bea8-d0465d3b7d3e,9c820e13-8bb9-40ca-871c-ee60f6626c5f,shipped,2026-06-18T14:18:39
3c4eb1fa-d824-47a4-a61a-f4779d7c6cc8,5764c18d-96ca-448e-9ec5-8dd19d519ff8,created,2026-05-22T02:31:14
1fa1f1e4-7613-467a-b94a-3e912ed61373,5764c18d-96ca-448e-9ec5-8dd19d519ff8,picking_started,2026-05-22T03:15:08
c6c07e81-6cab-4b04-bc2d-90eb39a23932,5764c18d-96ca-448e-9ec5-8dd19d519ff8,picking_completed,2026-05-22T14:51:19
acd74188-e4d8-44bf-8869-9c5255a710fc,5764c18d-96ca-448e-9ec5-8dd19d519ff8,packing_started,2026-05-22T18:58:52
68e9986e-5101-4713-977b-1dcc048488f1,5764c18d-96ca-448e-9ec5-8dd19d519ff8,packing_completed,2026-05-22T20:23:07
e453e9cb-47d2-4ce3-ae89-e0c8eaeeaac2,5764c18d-96ca-448e-9ec5-8dd19d519ff8,shipped,2026-05-23T02:25:32
2d4021b9-a927-4ed0-820c-cc9300fa2629,252b9266-8db9-4d93-9a2f-195946224f57,created,2026-03-31T14:01:45
26cf5909-ec40-49d0-83c2-315faff48fef,252b9266-8db9-4d93-9a2f-195946224f57,picking_started,2026-03-31T16:58:43
382f6d70-129f-4ddd-9c35-27dd3940846d,252b9266-8db9-4d93-9a2f-195946224f57,picking_completed,2026-03-31T21:19:42
9e6893c7-811c-4a1d-a905-d9bed71548c6,252b9266-8db9-4d93-9a2f-195946224f57,packing_started,2026-04-01T04:42:21
4f7138d4-ad8c-46b4-a056-39d89ab5e956,252b9266-8db9-4d93-9a2f-195946224f57,packing_completed,2026-04-01T11:19:50
c62b3438-da87-4c68-ac2f-e1f6a84ca696,252b9266-8db9-4d93-9a2f-195946224f57,shipped,2026-04-01T19:42:13
e690c7df-69f7-4147-b14d-2510c83ab6fb,68e14e00-d171-40d9-aee4-64beeae251ce,created,2026-03-23T00:21:04
d9b1033f-d2fb-4147-a1e0-c36c36725dcd,68e14e00-d171-40d9-aee4-64beeae251ce,picking_started,2026-03-23T10:24:43
714dae53-c7b3-42cd-a8e2-db507a1ed8e1,68e14e00-d171-40d9-aee4-64beeae251ce,picking_completed,2026-03-23T15:59:07
13dd9431-2e04-4f9a-8803-01f16423735a,68e14e00-d171-40d9-aee4-64beeae251ce,packing_started,2026-03-23T22:42:10
5b31575d-a014-4f8b-9717-69ce25cb5c6e,68e14e00-d171-40d9-aee4-64beeae251ce,packing_completed,2026-03-24T03:17:07
9270fb1d-bc65-4f9c-9bf1-f75e5413884a,68e14e00-d171-40d9-aee4-64beeae251ce,shipped,2026-03-24T14:53:57
d590a67a-c755-48f1-8da1-bfe591b29bd9,530041f7-4197-4099-a67d-0590859e26f8,created,2026-03-28T01:24:29
3fd90968-3967-47fa-9e1c-df3837a7672d,530041f7-4197-4099-a67d-0590859e26f8,picking_started,2026-03-28T13:21:07
ffb6e586-a373-4dd4-ae34-2dd2422e83af,530041f7-4197-4099-a67d-0590859e26f8,picking_completed,2026-03-28T15:48:44
c762733e-d240-4084-bd73-3e37039f56cc,c43c2747-227d-4bbf-99b8-e89a9db4e8bb,created,2026-02-19T16:27:42
a28eda19-a652-4d8e-b5eb-dac0d79c74d7,c43c2747-227d-4bbf-99b8-e89a9db4e8bb,picking_started,2026-02-20T01:31:09
cb5edd17-4601-4c63-98ef-b7f48f4893ee,c43c2747-227d-4bbf-99b8-e89a9db4e8bb,picking_completed,2026-02-20T13:26:48
c9d7256f-ece4-4bdd-81a0-463675ca0704,c43c2747-227d-4bbf-99b8-e89a9db4e8bb,packing_started,2026-02-20T14:17:57
8d18e7c9-e190-487d-8c79-db011941db9d,c43c2747-227d-4bbf-99b8-e89a9db4e8bb,packing_completed,2026-02-20T19:41:43
b6342601-0a03-4bb5-82e0-b75a2a18c8d4,c43c2747-227d-4bbf-99b8-e89a9db4e8bb,shipped,2026-02-20T20:13:45
0317a4a7-d32c-44bd-8303-93866231ce07,c4d77358-d2b8-45df-a769-e7a580b2f3b2,created,2026-07-31T21:41:39
dbf6c009-89b6-4bb3-8f37-8e410d5a70e9,c4d77358-d2b8-45df-a769-e7a580b2f3b2,picking_started,2026-08-01T04:49:23
876cf406-22fd-48a5-863d-0132f25f8b8c,c4d77358-d2b8-45df-a769-e7a580b2f3b2,picking_completed,2026-08-01T07:23:25
f7f1b0d9-278d-40dd-83a6-d11511439a42,c4d77358-d2b8-45df-a769-e7a580b2f3b2,cancelled,2026-08-01T11:13:23
909ed4c0-3ac9-42e4-80e8-3318b42898a7,caa49ed1-3aae-49b2-a50b-85298a644281,created,2026-06-15T22:57:39
bf3ab4dc-0782-4f6a-9846-bb0c467927f9,caa49ed1-3aae-49b2-a50b-85298a644281,picking_started,2026-06-16T01:42:57
be424e1d-34a8-4e70-85e3-5f9e0c4c7cef,caa49ed1-3aae-49b2-a50b-85298a644281,picking_completed,2026-06-16T09:09:43
c78459d8-8a83-47bc-bc26-22592b8854eb,caa49ed1-3aae-49b2-a50b-85298a644281,packing_started,2026-06-16T18:57:48
54c4f125-172c-47df-bc26-25245954a8fe,caa49ed1-3aae-49b2-a50b-85298a644281,packing_completed,2026-06-16T20:50:56
89f31776-d4b6-4f73-b964-b1ec514bd3a3,caa49ed1-3aae-49b2-a50b-85298a644281,shipped,2026-06-17T00:59:44
76ed6a5f-acb2-4848-a12e-4a9f2a35c4c3,36f7548a-66ac-488a-bb9d-c46e48fa425b,created,2026-08-10T22:58:08
98f7420a-2467-42d6-934b-ea90102af861,36f7548a-66ac-488a-bb9d-c46e48fa425b,picking_started,2026-08-11T00:02:42
e3c40195-db71-4ef3-8a8a-a606ca3905b5,36f7548a-66ac-488a-bb9d-c46e48fa425b,picking_completed,2026-08-11T07:45:43
7cf3b313-fcbf-4215-8a60-4c7e69d93929,36f7548a-66ac-488a-bb9d-c46e48fa425b,packing_started,2026-08-11T12:44:14
df891987-eacd-42c0-a9cd-cc5443743fe5,36f7548a-66ac-488a-bb9d-c46e48fa425b,packing_completed,2026-08-11T13:46:06
f656b455-914a-46fd-be5c-04e5df6f0bf6,36f7548a-66ac-488a-bb9d-c46e48fa425b,shipped,2026-08-11T20:18:07
8c43e98f-3227-4efd-8fb8-d8f1adacf942,654ef05d-e0cd-4fca-8adf-d793ba826657,created,2026-06-22T14:43:37
c38b40a7-0bd3-47e1-ac79-e9c188360665,654ef05d-e0cd-4fca-8adf-d793ba826657,picking_started,2026-06-22T17:46:03
5f76b47c-37ae-4998-86db-048a74fd2f1a,654ef05d-e0cd-4fca-8adf-d793ba826657,picking_completed,2026-06-22T23:02:10
e5d41029-76df-4dd2-a6cc-a0b723aee565,654ef05d-e0cd-4fca-8adf-d793ba826657,cancelled,2026-06-23T03:44:42
520ff3b3-042f-4e00-bfa5-2d11f1b2650f,539bb449-c31b-4fb1-afee-51b0b50cadec,created,2026-05-27T00:06:14
fe5bbdec-4b99-4cc2-8891-c091ccf2c9d4,539bb449-c31b-4fb1-afee-51b0b50cadec,picking_started,2026-05-27T08:15:20
fb998932-f561-466f-b49a-905e5f803d4a,539bb449-c31b-4fb1-afee-51b0b50cadec,picking_completed,2026-05-27T20:02:38
90a4699d-da32-41a1-9b22-ca533e14b3a6,539bb449-c31b-4fb1-afee-51b0b50cadec,packing_started,2026-05-28T03:11:57
21b9cd2f-37bd-4b84-888a-0952802ae89a,539bb449-c31b-4fb1-afee-51b0b50cadec,packing_completed,2026-05-28T11:32:07
69b87c28-f512-49b6-a696-47b034f18201,539bb449-c31b-4fb1-afee-51b0b50cadec,shipped,2026-05-28T18:30:17
b17f9339-296f-4e93-90e3-52293b80f25b,d2faff39-9a7f-4c1a-88b2-c74ce807437d,created,2026-03-26T11:23:17
000259eb-182a-4366-8043-bf99bddca0f3,d2faff39-9a7f-4c1a-88b2-c74ce807437d,picking_started,2026-03-26T20:40:37
7c7c748f-9c35-4bbc-abdd-ba4ba0c0cf80,d2faff39-9a7f-4c1a-88b2-c74ce807437d,picking_completed,2026-03-27T06:36:55
73c434e6-0f04-4fe2-8c69-ddb49604ebba,d2faff39-9a7f-4c1a-88b2-c74ce807437d,packing_started,2026-03-27T14:51:16
921f0d95-93e5-440b-9350-efae8d5fd516,d2faff39-9a7f-4c1a-88b2-c74ce807437d,packing_completed,2026-03-27T17:02:43
82c5de46-3b82-41f0-9253-1271ae3122d8,d2faff39-9a7f-4c1a-88b2-c74ce807437d,shipped,2026-03-28T03:44:17
d0afcb3e-3e76-4ea7-bdef-edfc7935a4fa,383abdcc-1071-40c3-8676-3c63b98958b2,created,2026-08-01T22:38:55
6d906b49-32c6-4f89-881d-de5d69fd2de2,383abdcc-1071-40c3-8676-3c63b98958b2,picking_started,2026-08-02T07:23:24
86e12d08-78f6-45b3-aa84-374fd9510cc2,383abdcc-1071-40c3-8676-3c63b98958b2,picking_completed,2026-08-02T13:52:14
f2c38c45-de3f-445b-873d-b5bc483d644d,383abdcc-1071-40c3-8676-3c63b98958b2,packing_started,2026-08-02T17:42:11
3bcd67c8-8de7-43f2-87cf-5b6c21171335,383abdcc-1071-40c3-8676-3c63b98958b2,packing_completed,2026-08-03T03:46:51
3c202492-443a-49eb-8081-8904be7069d4,383abdcc-1071-40c3-8676-3c63b98958b2,shipped,2026-08-03T10:17:07
dfe10c0d-006f-4e58-a797-6d77fa6a8541,85f52544-ac7f-4b38-813e-becae17314fa,created,2026-06-11T09:25:17
48fcd3ea-7610-4b21-801e-fd1e47eb07e5,85f52544-ac7f-4b38-813e-becae17314fa,picking_started,2026-06-11T10:37:34
25fb1b41-0b48-4ac1-9e15-dba01d60dcca,85f52544-ac7f-4b38-813e-becae17314fa,picking_completed,2026-06-11T12:51:43
bf64a23d-be48-49c2-8fdb-9cf67801bca9,85f52544-ac7f-4b38-813e-becae17314fa,packing_started,2026-06-11T23:25:03
52d1ef2c-703e-445b-8df0-5f88a90a6e58,85f52544-ac7f-4b38-813e-becae17314fa,packing_completed,2026-06-12T09:55:01
b57cf74f-a8ca-4feb-9b60-00bbbb3b831d,85f52544-ac7f-4b38-813e-becae17314fa,shipped,2026-06-12T20:52:43
d1b33712-3b73-4543-ab0c-ce02147a1820,9de95b43-e538-4519-b770-801e5b361c0c,created,2026-05-01T08:09:05
5855795a-e608-4e90-a611-b5bbc8cd9854,9de95b43-e538-4519-b770-801e5b361c0c,picking_started,2026-05-01T18:40:15
da7692ba-d533-47de-a869-fabf9c704026,9de95b43-e538-4519-b770-801e5b361c0c,picking_completed,2026-05-02T02:03:47
b8617041-2bd0-4670-8e58-cc6b520ac1e5,9de95b43-e538-4519-b770-801e5b361c0c,packing_started,2026-05-02T06:48:25
23f92930-4330-4fe1-9d0b-3a36d888ae36,9de95b43-e538-4519-b770-801e5b361c0c,packing_completed,2026-05-02T11:08:48
6431b4b6-30a9-46d6-bede-7f4e10059449,9de95b43-e538-4519-b770-801e5b361c0c,shipped,2026-05-02T17:16:11
509c1e62-7971-4445-a55a-e25478aaac01,33ba7d54-1e6b-4c6d-841c-68aa2a63799f,created,2026-02-25T19:13:11
65c77126-6261-40ba-94ac-2c5ba2ee2d55,33ba7d54-1e6b-4c6d-841c-68aa2a63799f,picking_started,2026-02-26T02:45:52
3d16e7dd-1c33-4f98-aec1-323262df9b5d,33ba7d54-1e6b-4c6d-841c-68aa2a63799f,picking_completed,2026-02-26T08:40:00
37237ea4-8fbf-4c2e-bc1c-75c799a4c64b,33ba7d54-1e6b-4c6d-841c-68aa2a63799f,packing_started,2026-02-26T19:17:42
44e09ece-4a02-4eca-b05b-6b6ecc76f840,33ba7d54-1e6b-4c6d-841c-68aa2a63799f,packing_completed,2026-02-27T05:21:07
8c1fd979-6609-42d4-9424-d052c34064ae,33ba7d54-1e6b-4c6d-841c-68aa2a63799f,shipped,2026-02-27T15:48:18
c5c25321-e439-44fd-972d-7e13700ca891,f4c13fc1-b3eb-4b8b-8652-c607ce86bd4d,created,2026-07-28T03:07:56
49457eb6-2db5-4cde-bbdf-fc70e741d74e,f4c13fc1-b3eb-4b8b-8652-c607ce86bd4d,picking_started,2026-07-28T10:57:58
0d88b19a-a35f-4664-b8d7-ce31f30dc763,f4c13fc1-b3eb-4b8b-8652-c607ce86bd4d,picking_completed,2026-07-28T19:07:27
7b472547-a049-4e52-87cd-1bc6eb9daf37,f4c13fc1-b3eb-4b8b-8652-c607ce86bd4d,packing_started,2026-07-29T05:35:34
51c4febf-0c1d-4468-bd91-780148728a1e,f4c13fc1-b3eb-4b8b-8652-c607ce86bd4d,packing_completed,2026-07-29T09:51:13
74b9f8fb-4a19-4b6a-a316-5f9f97d69241,f4c13fc1-b3eb-4b8b-8652-c607ce86bd4d,shipped,2026-07-29T18:54:32
fc6abe54-8e32-4f01-b8c9-9e0449a55b17,be0eecd5-e2a1-4a9b-95ae-17a9a2db5ffb,created,2026-03-23T03:55:38
0c3efcb8-09da-47ff-8f06-b49dd7075042,be0eecd5-e2a1-4a9b-95ae-17a9a2db5ffb,picking_started,2026-03-23T04:59:26
27f35b0a-7291-4eea-8c5f-a593047a9913,be0eecd5-e2a1-4a9b-95ae-17a9a2db5ffb,picking_completed,2026-03-23T10:15:18
9a909277-b459-4f86-9012-1a8416861acf,be0eecd5-e2a1-4a9b-95ae-17a9a2db5ffb,packing_started,2026-03-23T10:49:14
cd65203f-f14d-4f17-b9f2-3d888f0feab0,be0eecd5-e2a1-4a9b-95ae-17a9a2db5ffb,packing_completed,2026-03-23T11:59:16
58e044c9-b33e-489a-b7c5-f00ebe64887d,be0eecd5-e2a1-4a9b-95ae-17a9a2db5ffb,shipped,2026-03-23T22:06:42
852ee5dd-82dc-4d97-b91a-7cb967d5d47a,ade3a8cc-7233-49a9-97ff-34b858a9e143,created,2026-08-02T08:56:12
22144dc5-8e79-48d5-acff-b43de378e390,ade3a8cc-7233-49a9-97ff-34b858a9e143,picking_started,2026-08-02T17:14:14
d8e3ae9d-6012-4054-a9a8-e8e243bb7e2a,ade3a8cc-7233-49a9-97ff-34b858a9e143,picking_completed,2026-08-02T18:33:20
769d4b57-0a73-4df3-a512-9b0f06b99179,ade3a8cc-7233-49a9-97ff-34b858a9e143,packing_started,2026-08-02T22:15:24
fbc84ef9-626f-48e0-9e66-2a4c402843ee,ade3a8cc-7233-49a9-97ff-34b858a9e143,packing_completed,2026-08-03T08:02:41
e8290f9e-b55d-42f3-9ee1-edf6881fd4ec,ade3a8cc-7233-49a9-97ff-34b858a9e143,shipped,2026-08-03T09:51:21
14f88854-2f21-46dd-a830-fb94a9f87b3f,d2cec749-2f35-49b0-b14a-2fb086fe3d81,created,2026-08-15T07:31:12
f4b04a50-d7fc-4f57-965d-020c7b4a0226,d2cec749-2f35-49b0-b14a-2fb086fe3d81,picking_started,2026-08-15T12:38:21
f28c928a-ffaf-490c-9e76-686144ee7d66,d2cec749-2f35-49b0-b14a-2fb086fe3d81,picking_completed,2026-08-15T19:27:47
41c289db-41e4-4d24-b112-822dc415c89b,d2cec749-2f35-49b0-b14a-2fb086fe3d81,packing_started,2026-08-15T21:40:23
132cbc57-9787-4b49-9131-4953b0fe2aad,d2cec749-2f35-49b0-b14a-2fb086fe3d81,packing_completed,2026-08-16T05:49:25
8cbf482c-6cbb-409c-b40a-dc7de8b6fa0c,d2cec749-2f35-49b0-b14a-2fb086fe3d81,shipped,2026-08-16T11:05:32
2eff440c-35ae-4003-9a03-4a3ba3e9fd34,f3bf66b5-62cc-470c-ac41-eda4393125c3,created,2026-04-21T21:50:05
c8308ecd-1bb5-48ef-bab0-a4dc2a252df8,f3bf66b5-62cc-470c-ac41-eda4393125c3,picking_started,2026-04-22T03:15:36
66813006-ae81-4943-8510-f35db4714940,f3bf66b5-62cc-470c-ac41-eda4393125c3,picking_completed,2026-04-22T03:46:44
1add3342-4a3e-4d5d-8cb1-2984431ea902,524ed8bc-28ca-4683-9089-d88d683a0ed7,created,2026-05-13T11:27:53
a7eb221a-0a94-4224-af2a-cebb02a7cfbe,524ed8bc-28ca-4683-9089-d88d683a0ed7,picking_started,2026-05-13T13:36:52
f9d9edb5-a0ca-4885-8776-58418b07b9d0,524ed8bc-28ca-4683-9089-d88d683a0ed7,picking_completed,2026-05-13T14:12:53
bddb56da-7085-4aeb-b351-ae3438c01272,524ed8bc-28ca-4683-9089-d88d683a0ed7,packing_started,2026-05-13T21:15:12
b4428a6f-7f35-44f4-921e-fd4adf9b1afd,524ed8bc-28ca-4683-9089-d88d683a0ed7,packing_completed,2026-05-14T00:49:13
56d31210-423d-4642-87c7-93dc2149ac50,524ed8bc-28ca-4683-9089-d88d683a0ed7,shipped,2026-05-14T02:31:50
9e2d6d03-f52d-4dd8-a84f-805bd6c6bef2,164e7442-439b-43e4-b7fe-9c7efbe8b58c,created,2026-02-25T12:11:56
76cd0c47-8649-4b72-9c1d-9b813b2bc051,164e7442-439b-43e4-b7fe-9c7efbe8b58c,picking_started,2026-02-25T13:22:20
705bf534-e11a-45e6-b4d5-0761ae8953dc,164e7442-439b-43e4-b7fe-9c7efbe8b58c,picking_completed,2026-02-25T18:22:09
591e17dd-399e-4401-96a8-7f9cd72b9974,164e7442-439b-43e4-b7fe-9c7efbe8b58c,packing_started,2026-02-25T23:48:01
b42e6499-e316-4085-9604-360b705eaa94,164e7442-439b-43e4-b7fe-9c7efbe8b58c,packing_completed,2026-02-26T04:32:54
57fff104-a001-4f44-8657-0d19a707801b,164e7442-439b-43e4-b7fe-9c7efbe8b58c,shipped,2026-02-26T05:50:08
d8dbe4cd-3277-4673-8a57-d77552c797c5,7279fd0d-ffe9-4aa2-a047-ebdc36f556a2,created,2026-07-15T12:06:43
48e6dea6-b2fe-4be7-b4ad-f3b2ed462d07,7279fd0d-ffe9-4aa2-a047-ebdc36f556a2,picking_started,2026-07-15T14:53:47
3e83f3f4-b8d6-4a3c-99aa-7edaf32afdfb,7279fd0d-ffe9-4aa2-a047-ebdc36f556a2,picking_completed,2026-07-16T00:48:04
cf63c6b0-93cd-4abf-a1cf-eae2c0dbf129,7279fd0d-ffe9-4aa2-a047-ebdc36f556a2,packing_started,2026-07-16T04:44:25
7b514424-119e-4b43-bd34-12c45aed966a,c40ee747-cce6-4412-8474-3242766f59d7,created,2026-07-18T12:30:17
9a8eee4a-27d8-4758-8829-58c3d5b63757,c40ee747-cce6-4412-8474-3242766f59d7,picking_started,2026-07-19T00:28:14
6752d06c-45a1-4c13-8d73-c785e9aabcba,c40ee747-cce6-4412-8474-3242766f59d7,picking_completed,2026-07-19T07:17:06
d9426fcf-d213-4e10-a3a9-2761647f3048,c40ee747-cce6-4412-8474-3242766f59d7,packing_started,2026-07-19T14:24:57
d8c88884-7673-4353-bc85-670719a7704f,c40ee747-cce6-4412-8474-3242766f59d7,packing_completed,2026-07-19T19:28:24
2b7b4613-6ddc-4590-950a-abd40930c7c5,c40ee747-cce6-4412-8474-3242766f59d7,shipped,2026-07-19T22:18:46
64d58335-5842-43c3-992d-b77b2cb41355,ee4d863c-8cd0-4d07-9f35-4c9a4b54a3b7,created,2026-04-17T11:46:12
2ee8953f-a965-4db4-b8fd-76f1fd80a94e,ee4d863c-8cd0-4d07-9f35-4c9a4b54a3b7,picking_started,2026-04-17T19:11:55
7108443a-f3ec-40c9-b8d3-10443cb71139,ee4d863c-8cd0-4d07-9f35-4c9a4b54a3b7,picking_completed,2026-04-18T03:09:14
9da8ca98-6647-4367-8afb-ee1c92fde1d7,ee4d863c-8cd0-4d07-9f35-4c9a4b54a3b7,packing_started,2026-04-18T07:25:30
63469c3d-1460-4fa2-aca8-77f658a08c89,ee4d863c-8cd0-4d07-9f35-4c9a4b54a3b7,packing_completed,2026-04-18T11:21:56
a3fe45db-0aea-4d16-a50c-5e345c08e3b2,ee4d863c-8cd0-4d07-9f35-4c9a4b54a3b7,shipped,2026-04-18T12:04:43
cdb6b865-19c3-4479-a38b-f6c9be45f18b,8aa964c1-2101-4702-8e1e-6b152d64a65c,created,2026-04-23T10:02:51
908565b8-a83a-4b21-9147-0ee918db82c2,8aa964c1-2101-4702-8e1e-6b152d64a65c,picking_started,2026-04-23T13:21:30
83d72995-4957-440a-83f4-5e61002ffe86,8aa964c1-2101-4702-8e1e-6b152d64a65c,picking_completed,2026-04-23T17:09:43
76586789-860b-4728-9c2c-38c98303a56c,8aa964c1-2101-4702-8e1e-6b152d64a65c,packing_started,2026-04-24T00:39:26
4a34c55d-8949-47c6-9746-f9155d41611e,8aa964c1-2101-4702-8e1e-6b152d64a65c,packing_completed,2026-04-24T02:26:11
47429764-19dd-41a6-bd21-31525fed7e41,8aa964c1-2101-4702-8e1e-6b152d64a65c,shipped,2026-04-24T12:38:20
2a229b56-c57b-4414-8cc2-66f9d5104cf9,c5e04b52-440e-4865-8045-a896d54bd68d,created,2026-05-09T21:05:26
77d29590-49e2-4cf1-b686-716fe6349580,c5e04b52-440e-4865-8045-a896d54bd68d,picking_started,2026-05-10T04:53:05
b7307a1e-f600-4b6f-8454-063702f8de6a,c5e04b52-440e-4865-8045-a896d54bd68d,picking_completed,2026-05-10T08:04:20
5e598460-103c-49ec-be1f-b442e4a38ebb,c5e04b52-440e-4865-8045-a896d54bd68d,packing_started,2026-05-10T17:15:32
c083ee92-1226-4f48-9e4f-a91e54ecad94,c5e04b52-440e-4865-8045-a896d54bd68d,packing_completed,2026-05-11T02:59:08
0e8cfecd-b869-42b6-963e-1ee44bb134a1,c5e04b52-440e-4865-8045-a896d54bd68d,shipped,2026-05-11T14:00:19
a81991a0-bf8e-4f7d-b0cf-9e3f144517fe,3861cef5-fe7c-40d9-8c68-f53f76d7f88d,created,2026-04-05T18:38:57
565f1f7e-845c-4422-b8bf-5734336946e4,3861cef5-fe7c-40d9-8c68-f53f76d7f88d,picking_started,2026-04-06T00:06:42
d14de84b-74b4-4a44-a57f-d4b5bb10f431,3861cef5-fe7c-40d9-8c68-f53f76d7f88d,picking_completed,2026-04-06T06:00:48
3be9ebcc-113b-4cea-8c11-70f92bc30e4a,2727d3a2-f320-4825-9081-88fee7e28fe1,created,2026-05-20T17:39:54
7dcfa4ec-a4b9-4cf4-9e9a-4df70c6439b4,2727d3a2-f320-4825-9081-88fee7e28fe1,cancelled,2026-05-20T22:54:46
ba9ec9c8-107f-4bc2-81d2-11b286091eca,42b53f9f-e14e-451f-bff2-bacd0d9aecfa,created,2026-03-15T20:38:19
c083459f-27ab-4d93-9fb1-b3edf0a2b949,42b53f9f-e14e-451f-bff2-bacd0d9aecfa,picking_started,2026-03-16T06:35:05
913f89c6-1263-499e-8c9c-c607fefd49ed,42b53f9f-e14e-451f-bff2-bacd0d9aecfa,picking_completed,2026-03-16T12:40:19
174f3ac2-88aa-4a46-8947-a0156309a3fd,42b53f9f-e14e-451f-bff2-bacd0d9aecfa,packing_started,2026-03-16T22:24:56
7c04550f-eccb-4291-bdbd-e9caeca0dd65,42b53f9f-e14e-451f-bff2-bacd0d9aecfa,packing_completed,2026-03-17T09:47:45
d0590e8c-eddf-4636-ad3b-481818d189b8,42b53f9f-e14e-451f-bff2-bacd0d9aecfa,shipped,2026-03-17T18:35:08
1e7bd8d0-eb72-4dc0-8fed-184c2438b027,f6bf9b85-306f-49b4-a411-dab9c323eebe,created,2026-06-11T20:42:33
ef6359cb-e089-4f58-95db-d82d5c6a9035,f6bf9b85-306f-49b4-a411-dab9c323eebe,picking_started,2026-06-12T05:28:44
01f9e7b3-fa20-4802-b995-fce27549618d,3d91f26c-3dd3-49ce-86a0-ec3a1c6db220,created,2026-06-06T10:04:21
7d4090ce-f496-45ab-927c-4f5941fb0cb9,3d91f26c-3dd3-49ce-86a0-ec3a1c6db220,picking_started,2026-06-06T19:47:05
964fff7e-114e-4a52-97b2-dfddf7498510,3d91f26c-3dd3-49ce-86a0-ec3a1c6db220,picking_completed,2026-06-07T00:54:51
093a2d04-7dcd-43e0-af1e-5d51b3908f75,3d91f26c-3dd3-49ce-86a0-ec3a1c6db220,packing_started,2026-06-07T03:19:56
f68168b6-b8e4-4c05-8814-8c91429b366f,3d91f26c-3dd3-49ce-86a0-ec3a1c6db220,packing_completed,2026-06-07T05:21:13
89b5224e-d167-4f06-bb05-f53a76a3562f,3d91f26c-3dd3-49ce-86a0-ec3a1c6db220,shipped,2026-06-07T11:47:43
f33317be-26f3-41fe-9b52-198f26c09689,3a6e83f1-1e88-401f-917c-b23cd0b187d7,created,2026-04-07T13:05:18
14f2d764-0b7e-434f-b0ae-53f338a58c96,3a6e83f1-1e88-401f-917c-b23cd0b187d7,picking_started,2026-04-07T16:07:46
33827a9d-4340-4ad2-ac42-f507579578f7,3a6e83f1-1e88-401f-917c-b23cd0b187d7,picking_completed,2026-04-07T21:05:54
974bc84f-10b5-4378-a929-68fd1e34ed73,3a6e83f1-1e88-401f-917c-b23cd0b187d7,packing_started,2026-04-08T03:33:56
3e28eac8-f28c-419d-9518-bfcf151d609a,3a6e83f1-1e88-401f-917c-b23cd0b187d7,packing_completed,2026-04-08T05:19:52
9fe91b52-2556-4100-a8de-6fde036eb267,3a6e83f1-1e88-401f-917c-b23cd0b187d7,shipped,2026-04-08T10:05:31
1d9f554c-5247-4a0b-bca9-e9c5c9e61b1d,a5d7547a-5f2f-4e4b-9397-18a7409bf784,created,2026-04-01T20:50:49
2d851631-5201-433c-ad96-380653d6858d,a5d7547a-5f2f-4e4b-9397-18a7409bf784,picking_started,2026-04-02T00:28:28
4cfbfee7-4b21-4958-9ff3-8b71a772ad3b,a5d7547a-5f2f-4e4b-9397-18a7409bf784,picking_completed,2026-04-02T09:05:36
8a7bad74-d1f7-4ebe-8c6f-b8e10303481a,a5d7547a-5f2f-4e4b-9397-18a7409bf784,packing_started,2026-04-02T17:17:40
02bb2b2f-0da6-4857-8ce6-3ad78fb134d5,a5d7547a-5f2f-4e4b-9397-18a7409bf784,packing_completed,2026-04-02T23:43:38
cfcfe18d-b907-40dc-9808-3885f0749b18,a5d7547a-5f2f-4e4b-9397-18a7409bf784,shipped,2026-04-03T03:09:16
5d7da3ec-6817-44ea-a52a-534cfc04a49e,35651999-32f9-4026-898b-59c4f16a1fa2,created,2026-05-08T21:41:27
d857fc5d-7748-48f2-8ea0-23119019ce9e,35651999-32f9-4026-898b-59c4f16a1fa2,picking_started,2026-05-09T08:45:02
74a4a962-004c-49f7-921f-d5b5f26de094,35651999-32f9-4026-898b-59c4f16a1fa2,picking_completed,2026-05-09T14:02:39
6a7e0172-bc82-46ad-9cf1-e523ddc76ee9,35651999-32f9-4026-898b-59c4f16a1fa2,cancelled,2026-05-09T19:35:05
a35b80a4-0be5-4fb7-9bfc-d297797d9f98,79bea76c-24bd-4e69-a707-4238dd13a76d,created,2026-06-01T19:34:51
7bc80e7c-239f-4ccb-9913-29c651340480,79bea76c-24bd-4e69-a707-4238dd13a76d,picking_started,2026-06-02T03:10:52
9e83f5fd-afb0-4bcc-b228-faa91decea5b,79bea76c-24bd-4e69-a707-4238dd13a76d,picking_completed,2026-06-02T05:58:47
113ffb9a-9fc7-43d8-b20c-21a15cca00ec,79bea76c-24bd-4e69-a707-4238dd13a76d,packing_started,2026-06-02T08:50:45
2c079ad0-f004-412b-97a5-0b39e80d9ad0,a9109673-a70c-4ab2-8cfc-a66cf4f01aee,created,2026-07-22T09:08:00
fb61cb9e-5d1d-4c69-9a32-4ccd8ff9c3d4,a9109673-a70c-4ab2-8cfc-a66cf4f01aee,picking_started,2026-07-22T10:22:25
2fa83f77-12de-44f6-9ed4-8d210d283fb7,a9109673-a70c-4ab2-8cfc-a66cf4f01aee,picking_completed,2026-07-22T20:55:35
d95c7455-f809-4393-a45b-2533676070e7,a9109673-a70c-4ab2-8cfc-a66cf4f01aee,packing_started,2026-07-23T00:51:38
773f6f70-12e3-43b6-ad7d-edfc08ee2f9a,a9109673-a70c-4ab2-8cfc-a66cf4f01aee,packing_completed,2026-07-23T11:31:04
9ae3523e-0f7a-4b55-982a-1097751f23d6,a9109673-a70c-4ab2-8cfc-a66cf4f01aee,shipped,2026-07-23T20:23:11
26d5aad7-68a1-49b1-977a-e60e3d39ccc3,adf8b01b-8cf3-4483-afe5-58380b22ce8f,created,2026-05-01T12:09:22
60302034-73db-4a21-986b-37be0ac84bae,adf8b01b-8cf3-4483-afe5-58380b22ce8f,picking_started,2026-05-01T19:44:13
7e3e3bd5-2df3-4b28-af5d-3a0f672dab69,adf8b01b-8cf3-4483-afe5-58380b22ce8f,picking_completed,2026-05-02T06:16:52
2fd16316-1f98-40e7-8f55-fae84c61559e,adf8b01b-8cf3-4483-afe5-58380b22ce8f,cancelled,2026-05-02T07:27:28
ff75a6f0-6e5e-4157-9159-977da0e47de8,503656c4-6beb-40d6-a7e3-79ac44000a43,created,2026-05-30T17:23:18
0216c24b-f657-43ca-aae2-ee0e9d61bfba,503656c4-6beb-40d6-a7e3-79ac44000a43,picking_started,2026-05-30T19:38:14
cd21e97a-13e8-4389-af36-6469d4a785fa,503656c4-6beb-40d6-a7e3-79ac44000a43,picking_completed,2026-05-30T21:14:00
260585f3-a8d6-49b6-84c9-b13e4eca472a,503656c4-6beb-40d6-a7e3-79ac44000a43,packing_started,2026-05-31T03:43:00
5edbcc9e-ebf3-43cd-a6b3-365281beef84,503656c4-6beb-40d6-a7e3-79ac44000a43,packing_completed,2026-05-31T09:27:35
73c93c4c-62b8-4462-8fed-1301190e9e89,503656c4-6beb-40d6-a7e3-79ac44000a43,shipped,2026-05-31T15:41:52
3427343a-5001-4c57-ab08-18b1b143d1ca,95eea7b1-717a-4429-bd23-0ac6af230507,created,2026-07-05T19:33:50
ad30138e-8da5-4551-963a-bc5884c29225,95eea7b1-717a-4429-bd23-0ac6af230507,picking_started,2026-07-05T22:57:19
bd0acd67-5c61-4cba-b2e0-867821a6599c,95eea7b1-717a-4429-bd23-0ac6af230507,picking_completed,2026-07-06T08:00:13
e49728f3-9690-4719-ac33-3efeff8ffa08,95eea7b1-717a-4429-bd23-0ac6af230507,packing_started,2026-07-06T13:05:06
746ba163-a72a-4ff3-a471-66d730c21211,95eea7b1-717a-4429-bd23-0ac6af230507,packing_completed,2026-07-06T19:02:48
403aaea6-81a5-4e9d-ab71-63c1ed673613,95eea7b1-717a-4429-bd23-0ac6af230507,shipped,2026-07-06T20:57:35
6a11b2eb-17e8-49bc-8f83-9e5a97fcfd32,6b2aee7e-95bc-4580-9ac7-3bc55d99b8ab,created,2026-02-22T09:33:22
14e16960-4bad-4cd0-bbc9-567e402be760,6b2aee7e-95bc-4580-9ac7-3bc55d99b8ab,picking_started,2026-02-22T10:51:38
eb2b055c-efac-42ec-b438-7a83e95b3c33,6b2aee7e-95bc-4580-9ac7-3bc55d99b8ab,picking_completed,2026-02-22T18:44:27
0c4f2c4a-9001-4d26-b52e-9a982bdba4d1,6b2aee7e-95bc-4580-9ac7-3bc55d99b8ab,packing_started,2026-02-23T03:00:51
a2f5f3d2-a0fb-4c85-9690-d803b8e33517,6b2aee7e-95bc-4580-9ac7-3bc55d99b8ab,packing_completed,2026-02-23T14:22:39
5ef622da-1c0c-4026-a6f5-5310e5af3c98,c5fc71e6-d7ad-4429-bace-dcbe73bbbcd6,created,2026-05-20T11:39:19
87637a71-95be-46bc-90cb-a6543a40e837,c5fc71e6-d7ad-4429-bace-dcbe73bbbcd6,picking_started,2026-05-20T16:38:23
4183bf4a-7186-4f26-8205-c7a28ff7c830,c5fc71e6-d7ad-4429-bace-dcbe73bbbcd6,picking_completed,2026-05-20T23:08:44
d1d069d2-9621-49be-8f4a-b7b49a807950,c5fc71e6-d7ad-4429-bace-dcbe73bbbcd6,packing_started,2026-05-21T02:45:55
b62558c8-c843-431c-9092-08663512018d,c5fc71e6-d7ad-4429-bace-dcbe73bbbcd6,packing_completed,2026-05-21T04:46:30
92208e25-1bf3-45f8-a6ca-59620981e3e3,c5fc71e6-d7ad-4429-bace-dcbe73bbbcd6,shipped,2026-05-21T13:09:05
33556d39-3b9b-450e-873c-47fdbc9e91c3,8672c217-b8d6-4b37-8059-62f05a163279,created,2026-07-12T16:13:09
d3a1bb03-4c22-49de-8122-498ccfdad557,8672c217-b8d6-4b37-8059-62f05a163279,picking_started,2026-07-13T00:03:50
b8f798a7-234f-487e-97ed-08920a40401d,8672c217-b8d6-4b37-8059-62f05a163279,picking_completed,2026-07-13T11:26:43
1863a051-ee75-4eb0-ac81-74e66b377056,8672c217-b8d6-4b37-8059-62f05a163279,packing_started,2026-07-13T23:23:27
a109785a-9f0d-41c9-b9f7-cefa4bdb489b,8672c217-b8d6-4b37-8059-62f05a163279,packing_completed,2026-07-14T10:33:05
10a5956d-68de-4ab5-aa92-7fdaa2fb229d,8672c217-b8d6-4b37-8059-62f05a163279,shipped,2026-07-14T18:56:41
2a92d4f0-b4bd-48e1-8e73-aa0ae91047a6,afa0bcdb-73a9-4c1e-899a-a1e9d7c2cdbd,created,2026-08-02T20:20:12
bd32acf7-9520-4a10-98df-9f3dd04b522c,afa0bcdb-73a9-4c1e-899a-a1e9d7c2cdbd,picking_started,2026-08-02T22:20:00
0e3a3cfc-c47b-4f33-91ec-d60e4f07136d,c82afe93-23f5-47bc-9bac-50db1021da0c,created,2026-03-15T19:17:02
e3f8f192-f79c-4484-a217-adf74a22db23,c82afe93-23f5-47bc-9bac-50db1021da0c,picking_started,2026-03-16T06:38:02
0b4ff146-0b1d-4902-b2d9-946fd72b79f6,c82afe93-23f5-47bc-9bac-50db1021da0c,picking_completed,2026-03-16T10:48:03
f9b78e6e-f8b0-48cb-811e-c96b16b65908,c82afe93-23f5-47bc-9bac-50db1021da0c,packing_started,2026-03-16T17:07:20
6b55e3bd-705c-4574-9fa8-5c02ece295a6,da44d3a9-f1c3-43a1-bb0b-d7d8b9508281,created,2026-08-12T17:56:55
a1f00280-6864-4b26-9426-7c8867fcbd26,da44d3a9-f1c3-43a1-bb0b-d7d8b9508281,picking_started,2026-08-13T02:55:32
53e9c518-5245-4cb7-a9db-317b87781e61,da44d3a9-f1c3-43a1-bb0b-d7d8b9508281,picking_completed,2026-08-13T09:35:03
64ab3763-4c55-4e0e-8aa6-cc4dee20530f,da44d3a9-f1c3-43a1-bb0b-d7d8b9508281,packing_started,2026-08-13T10:22:40
2b6b390c-c4de-4c1b-9dd7-e337b488c0f7,da44d3a9-f1c3-43a1-bb0b-d7d8b9508281,packing_completed,2026-08-13T11:21:43
781265ab-3794-440f-a86f-e9e7ae221476,da44d3a9-f1c3-43a1-bb0b-d7d8b9508281,shipped,2026-08-13T15:23:37
22efa2c6-b997-4132-9485-d1300c291028,1962a590-b8ff-4f10-bc49-f239fd8a2642,created,2026-04-09T16:48:49
1df48465-fe99-4841-b574-6de068309fa6,1962a590-b8ff-4f10-bc49-f239fd8a2642,picking_started,2026-04-10T00:53:48
08c938a7-d182-4f3a-a616-4c8227785228,1962a590-b8ff-4f10-bc49-f239fd8a2642,picking_completed,2026-04-10T11:53:30
af37569a-f376-47df-8999-110ac526f827,1962a590-b8ff-4f10-bc49-f239fd8a2642,packing_started,2026-04-10T17:53:07
cf4b9820-4026-4212-8213-8ac1b2b4211d,1962a590-b8ff-4f10-bc49-f239fd8a2642,packing_completed,2026-04-10T21:40:58
528e2ce1-9cf5-475b-b430-85e6f45fb424,1962a590-b8ff-4f10-bc49-f239fd8a2642,shipped,2026-04-11T08:32:24
8595af0e-0834-4f6a-929d-1f63daafed98,11dfa9f6-d238-4d1f-976f-da704c6b8ab0,created,2026-05-26T07:38:15
3b72da82-e708-42b0-a67e-0c98bee18d04,11dfa9f6-d238-4d1f-976f-da704c6b8ab0,picking_started,2026-05-26T11:38:05
4dbd3dcf-129f-4002-90a1-64777d79d780,11dfa9f6-d238-4d1f-976f-da704c6b8ab0,picking_completed,2026-05-26T22:41:58
352defa1-5bcd-495f-bdfe-8767c59d53ac,11dfa9f6-d238-4d1f-976f-da704c6b8ab0,packing_started,2026-05-27T01:08:01
0b79a025-093a-4e97-9cdc-fb8238f13f1c,11dfa9f6-d238-4d1f-976f-da704c6b8ab0,packing_completed,2026-05-27T02:34:59
f88613a5-6cd7-402e-b016-cd49ca9b55f7,c5d41468-90fe-4e18-8da8-840f296aa180,created,2026-06-20T03:43:07
ce21381d-1f68-47eb-817b-1c8b2b4d2ce3,c5d41468-90fe-4e18-8da8-840f296aa180,picking_started,2026-06-20T14:50:01
fefe50e9-7449-435a-9c4f-2ee1b89fe36c,63fefcf7-1651-4613-8a18-0041ef0dd62c,created,2026-02-22T16:23:38
0fe1d96e-54cd-4b2d-9410-50729f711207,63fefcf7-1651-4613-8a18-0041ef0dd62c,picking_started,2026-02-22T21:29:52
e1a89d9a-a2e8-45fe-bcd2-7d062f26de10,63fefcf7-1651-4613-8a18-0041ef0dd62c,picking_completed,2026-02-23T07:04:02
b7a34d88-6d25-484b-958a-ac6c607d6b9a,63fefcf7-1651-4613-8a18-0041ef0dd62c,packing_started,2026-02-23T16:55:22
7a1d24d6-092a-4ec9-af25-812c1b28619e,63fefcf7-1651-4613-8a18-0041ef0dd62c,packing_completed,2026-02-24T03:39:13
ad3168f1-41a0-49e7-8f79-938991193a64,63fefcf7-1651-4613-8a18-0041ef0dd62c,shipped,2026-02-24T14:53:12
61a4d562-fd68-4063-a0fc-c6deeb929db8,2fb1233f-4e75-4a1b-bf4d-29b0a086da31,created,2026-05-17T21:49:24
c42f5440-cd76-4299-8fcb-751b673efaf9,2fb1233f-4e75-4a1b-bf4d-29b0a086da31,picking_started,2026-05-18T05:51:13
cda49c71-6979-4d4f-a5c0-0fc89e49fa16,2fb1233f-4e75-4a1b-bf4d-29b0a086da31,picking_completed,2026-05-18T11:57:13
5327d240-da90-4b28-bf41-a92d14d3c867,2fb1233f-4e75-4a1b-bf4d-29b0a086da31,packing_started,2026-05-18T21:01:04
d6b04c02-2d24-4696-9ab8-1c7bb552b36b,2fb1233f-4e75-4a1b-bf4d-29b0a086da31,packing_completed,2026-05-18T23:21:42
06024a91-373d-41d9-ab00-c93d0bb30709,2fb1233f-4e75-4a1b-bf4d-29b0a086da31,shipped,2026-05-19T11:08:02
c12cf9ed-47f9-453a-a1a0-ea889de49ffe,37d86460-cce7-4fc4-9f42-58767283e6ba,created,2026-03-09T23:28:36
2c8f96c8-34a1-41d0-85cf-71e8e8e4633b,37d86460-cce7-4fc4-9f42-58767283e6ba,picking_started,2026-03-10T04:14:59
0e8901a8-0a6d-4fbc-814c-b3bc3d2abb3f,37d86460-cce7-4fc4-9f42-58767283e6ba,picking_completed,2026-03-10T10:01:11
6e391ffb-bbd2-44ce-9d4e-c0579d255f02,37d86460-cce7-4fc4-9f42-58767283e6ba,packing_started,2026-03-10T14:10:39
7e8383fc-8b9e-4a9c-affc-36693cc775dd,37d86460-cce7-4fc4-9f42-58767283e6ba,packing_completed,2026-03-10T14:59:16
f1649cc9-9b1e-4be3-b430-b991be7e978a,37d86460-cce7-4fc4-9f42-58767283e6ba,shipped,2026-03-10T18:39:00
4216fbeb-3600-4872-a41b-002d4fb90b11,95aede71-8dab-464d-9046-6c38676aa33d,created,2026-03-01T12:24:54
4b41b70c-575e-4fc9-9689-12a08ef129bd,95aede71-8dab-464d-9046-6c38676aa33d,picking_started,2026-03-01T14:32:52
13875140-e1eb-4a66-a4c0-815c2753c407,95aede71-8dab-464d-9046-6c38676aa33d,picking_completed,2026-03-01T22:13:33
e684bc79-0602-4ef4-85f3-5b70e4abae09,95aede71-8dab-464d-9046-6c38676aa33d,packing_started,2026-03-01T23:56:27
515e7a89-1bf5-45be-9473-451235bb6576,95aede71-8dab-464d-9046-6c38676aa33d,packing_completed,2026-03-02T03:32:42
b22295da-c31d-4b3d-982f-0fd6023f1caf,95aede71-8dab-464d-9046-6c38676aa33d,shipped,2026-03-02T06:48:14
bddf67dc-e164-476f-b61c-a4e0c56976d1,785cc867-091c-4088-9f7a-6217689f8493,created,2026-07-08T19:51:13
b6202547-1cb7-40fc-b92f-9ba681e6c690,785cc867-091c-4088-9f7a-6217689f8493,picking_started,2026-07-09T02:56:44
a9799a81-9b5a-4929-ae79-6a2842c6f270,785cc867-091c-4088-9f7a-6217689f8493,picking_completed,2026-07-09T04:28:21
a4d997df-8f29-49e7-acb1-bede5569da06,785cc867-091c-4088-9f7a-6217689f8493,packing_started,2026-07-09T11:26:15
052f14c8-af35-4eab-8b46-3c4d6ba2c053,785cc867-091c-4088-9f7a-6217689f8493,packing_completed,2026-07-09T21:42:28
ed02da03-f2c6-4bf0-b1c6-d6a3ea2ff006,785cc867-091c-4088-9f7a-6217689f8493,shipped,2026-07-10T06:32:52
80716966-ecf9-4167-8d98-2ec77c91fb15,248542bc-7a8b-4029-ac2d-cce56ac4c5d2,created,2026-04-24T00:41:37
234af000-ef72-4315-af8c-8925ab41e87c,248542bc-7a8b-4029-ac2d-cce56ac4c5d2,picking_started,2026-04-24T09:37:01
4e225867-3670-43a0-8307-c3e52eb7d869,248542bc-7a8b-4029-ac2d-cce56ac4c5d2,picking_completed,2026-04-24T10:27:13
625ed5ae-a3cf-4fcd-b6b5-18ecf3bdadaf,248542bc-7a8b-4029-ac2d-cce56ac4c5d2,packing_started,2026-04-24T17:20:14
11fa61fd-e6dd-4671-8e7b-bd156a4d00de,248542bc-7a8b-4029-ac2d-cce56ac4c5d2,packing_completed,2026-04-25T01:36:47
ef99dda0-2072-4823-af7b-1bd6b26a1834,248542bc-7a8b-4029-ac2d-cce56ac4c5d2,shipped,2026-04-25T04:49:24
f6fa2dca-6410-4081-806d-366b0097627b,e7c95052-b452-4b6c-9dab-e8e7250ff59d,created,2026-02-20T08:26:37
0b69fcac-172a-4d6e-98e5-5c5cf4f3b99a,e7c95052-b452-4b6c-9dab-e8e7250ff59d,picking_started,2026-02-20T20:02:40
55822e18-daeb-488d-bd91-50f84ed96a76,e7c95052-b452-4b6c-9dab-e8e7250ff59d,picking_completed,2026-02-21T05:05:17
22b781c1-b7cd-46da-8f2b-29ca28be4e0a,e7c95052-b452-4b6c-9dab-e8e7250ff59d,packing_started,2026-02-21T12:20:55
53329f12-01f1-40c7-927b-0a795812c290,e7c95052-b452-4b6c-9dab-e8e7250ff59d,packing_completed,2026-02-21T18:53:49
ba60fb18-e6ec-4de1-a215-aa1015f4ed40,e7c95052-b452-4b6c-9dab-e8e7250ff59d,shipped,2026-02-22T00:29:26
94564165-2a21-4a85-81d8-9d70eef36bfd,794471f7-aa90-4a0f-971d-d916df7ba608,created,2026-04-20T11:17:19
c80b38f0-a1f1-453f-b885-1352e2f72a0e,794471f7-aa90-4a0f-971d-d916df7ba608,picking_started,2026-04-20T20:43:27
5d4c193f-a2be-43bf-8ffb-306a009bda60,794471f7-aa90-4a0f-971d-d916df7ba608,picking_completed,2026-04-21T05:15:26
370132c8-ca0c-408b-acf5-05c619a5a102,794471f7-aa90-4a0f-971d-d916df7ba608,packing_started,2026-04-21T09:18:06
bd7bf17d-b792-4a37-a662-1a17471963fe,794471f7-aa90-4a0f-971d-d916df7ba608,packing_completed,2026-04-21T20:21:44
b036f081-75df-4214-adbb-7588e2a77267,60208eae-37f4-409a-8f86-f939c7257799,created,2026-03-06T15:08:49
15365866-1e22-4906-a247-71881b696002,60208eae-37f4-409a-8f86-f939c7257799,picking_started,2026-03-06T18:24:48
8b271a9c-2edf-42b4-91c8-e52205d320e3,60208eae-37f4-409a-8f86-f939c7257799,picking_completed,2026-03-06T23:59:05
9b4a553b-697b-4428-963d-f8a3537ec869,60208eae-37f4-409a-8f86-f939c7257799,cancelled,2026-03-07T03:58:50
a134b298-ed4c-4ac1-aa60-cc8b395b740c,d4829e24-7741-4415-a4bf-9c67238527b7,created,2026-08-08T14:47:55
ce17be0c-cd06-4895-8467-f6092d3d04af,d4829e24-7741-4415-a4bf-9c67238527b7,picking_started,2026-08-08T18:51:25
df328748-443a-458e-9b3e-943a3b49f44f,d4829e24-7741-4415-a4bf-9c67238527b7,picking_completed,2026-08-09T01:24:49
9559f508-0f12-458b-839c-b081afee1810,d4829e24-7741-4415-a4bf-9c67238527b7,packing_started,2026-08-09T10:14:01
41664ea0-8272-45dd-90e9-f301b021f78a,d4829e24-7741-4415-a4bf-9c67238527b7,packing_completed,2026-08-09T16:51:15
2e914a63-3fd4-4b73-9696-99b7563c33f1,d4829e24-7741-4415-a4bf-9c67238527b7,shipped,2026-08-10T00:43:03
8dabf863-cc96-4032-892e-10cf3d43859f,e031bfb4-ef2d-4ab0-8a60-f67b0a7d3b09,created,2026-07-17T22:13:08
78ee27a5-4590-4ce4-acda-0a7b2800b2e4,e031bfb4-ef2d-4ab0-8a60-f67b0a7d3b09,picking_started,2026-07-18T06:48:13
79a2e0e8-28d2-49db-b88b-99cd3a468b30,e031bfb4-ef2d-4ab0-8a60-f67b0a7d3b09,picking_completed,2026-07-18T09:08:35
449d0201-1935-4d38-8812-e4f8f6a5f226,e031bfb4-ef2d-4ab0-8a60-f67b0a7d3b09,packing_started,2026-07-18T18:40:49
0a12c3a2-3b43-4bc8-8e6c-9352b6b9144d,e031bfb4-ef2d-4ab0-8a60-f67b0a7d3b09,packing_completed,2026-07-18T23:21:44
e3e35582-71e0-4e49-9ff4-bed2fcdbe2d0,e031bfb4-ef2d-4ab0-8a60-f67b0a7d3b09,shipped,2026-07-19T07:16:59
0d755fa6-50bb-4884-b9b4-ec3730e9ea1f,718b6db3-fa7b-4a04-a528-b3aed48280a8,created,2026-07-11T23:56:44
ca76780c-fcb5-4a0e-8c27-4ba6ee9f8e61,718b6db3-fa7b-4a04-a528-b3aed48280a8,picking_started,2026-07-12T09:24:46
2190626a-9c96-45f1-82bb-a7d63b495f74,718b6db3-fa7b-4a04-a528-b3aed48280a8,picking_completed,2026-07-12T16:20:22
8b3e712a-3797-4b8f-886d-831b6f4e44f7,718b6db3-fa7b-4a04-a528-b3aed48280a8,packing_started,2026-07-13T03:14:57
43ca455e-0eda-49ee-b395-2bc6e653c39e,718b6db3-fa7b-4a04-a528-b3aed48280a8,packing_completed,2026-07-13T10:27:43
94a1633f-5461-4cf3-bd2b-bb41b80b655f,718b6db3-fa7b-4a04-a528-b3aed48280a8,shipped,2026-07-13T13:47:36
e70cef79-8f55-449f-8de2-3b61167ece76,81c26e77-9b41-429e-a17b-0e2d83de0ba2,created,2026-06-27T21:38:03
bcb563df-0f44-471c-bb44-8d78bd8ceae5,81c26e77-9b41-429e-a17b-0e2d83de0ba2,picking_started,2026-06-28T00:12:09
3fae5519-814e-4918-b7f1-575fbe5e4258,81c26e77-9b41-429e-a17b-0e2d83de0ba2,picking_completed,2026-06-28T05:32:16
18670b57-64c2-4e2a-89cd-abed80f0d81f,81c26e77-9b41-429e-a17b-0e2d83de0ba2,packing_started,2026-06-28T11:40:51
405e4838-8b27-4291-a1ef-120b62e5c359,81c26e77-9b41-429e-a17b-0e2d83de0ba2,packing_completed,2026-06-28T23:05:29
4b0a7565-3583-48f8-9b3c-0af8b0d70f80,81c26e77-9b41-429e-a17b-0e2d83de0ba2,shipped,2026-06-29T04:28:27
4d64c40b-22da-41f8-898c-92af995d91d4,a87233c9-0258-4119-8198-51e295d2b6eb,created,2026-07-12T13:24:52
7a7e6da7-a9de-4d59-902b-468731370c50,a87233c9-0258-4119-8198-51e295d2b6eb,picking_started,2026-07-12T17:06:24
01e8f148-9dbb-46c8-bbb4-bb781a6b52eb,a87233c9-0258-4119-8198-51e295d2b6eb,cancelled,2026-07-12T20:29:17
6b4397f2-23f0-4d52-866d-ce97dd060718,bc637c61-c1ce-4940-881c-9bcc75b632ca,created,2026-05-16T02:13:18
7169f27d-3c1e-446b-9803-db8e831246bd,bc637c61-c1ce-4940-881c-9bcc75b632ca,picking_started,2026-05-16T10:46:30
2a8bd680-0491-4f21-a03b-555f19615d6e,bc637c61-c1ce-4940-881c-9bcc75b632ca,picking_completed,2026-05-16T14:34:42
ca5e5845-657f-4fc5-804b-e81e464b3e86,bc637c61-c1ce-4940-881c-9bcc75b632ca,packing_started,2026-05-16T21:20:26
d6138e1c-b056-4551-b5b6-2e935652e077,bc637c61-c1ce-4940-881c-9bcc75b632ca,packing_completed,2026-05-17T00:12:39
4db074c7-be8e-4e39-aa13-00f3bf7d8c5a,bc637c61-c1ce-4940-881c-9bcc75b632ca,shipped,2026-05-17T05:36:17
2f6a0928-16ad-4284-a33b-239ce27c787d,329b8dc8-cc23-47a3-91d3-f260b30d0177,created,2026-05-17T22:53:56
23467346-14f8-4ea2-80da-b8643a40f9b7,329b8dc8-cc23-47a3-91d3-f260b30d0177,picking_started,2026-05-18T06:02:25
6a6fd955-6cdd-42d8-a6c4-4a898458a8cc,329b8dc8-cc23-47a3-91d3-f260b30d0177,picking_completed,2026-05-18T12:49:31
6e7e1b8d-64aa-4d24-a96a-7ec785e8796e,329b8dc8-cc23-47a3-91d3-f260b30d0177,packing_started,2026-05-18T18:40:01
5a20722c-eab3-4df5-b590-a26ffdccb5bf,329b8dc8-cc23-47a3-91d3-f260b30d0177,packing_completed,2026-05-18T20:41:20
98f350e0-3dd6-4b42-9e24-04aff63f9224,329b8dc8-cc23-47a3-91d3-f260b30d0177,shipped,2026-05-19T05:50:27
938c8dc4-1014-4c37-9b7a-7bd43a1cbd38,280a8be0-774c-4ada-bdbf-8b689a492a44,created,2026-04-26T11:27:23
d903ba74-23a9-47ca-be08-66648fe95286,280a8be0-774c-4ada-bdbf-8b689a492a44,picking_started,2026-04-26T17:52:24
0c8a322c-f7b3-4cf5-bb4e-bbe57a664628,280a8be0-774c-4ada-bdbf-8b689a492a44,picking_completed,2026-04-27T01:10:55
1d5a160e-779a-4f4b-9371-549d87a2cd74,280a8be0-774c-4ada-bdbf-8b689a492a44,packing_started,2026-04-27T03:58:32
c8ab5e83-3f1f-4198-9b29-65bf377522e7,ed3f077e-0021-4f6b-84cc-da65320e13d5,created,2026-08-15T22:23:24
0a73d70a-393f-4cf9-854b-09fabe64c936,ed3f077e-0021-4f6b-84cc-da65320e13d5,picking_started,2026-08-16T03:18:00
6d584b28-ef4f-4bf0-8679-55082a94cb11,ed3f077e-0021-4f6b-84cc-da65320e13d5,picking_completed,2026-08-16T06:24:34
0c4909f2-c801-47ea-8bd1-21810476cddb,ed3f077e-0021-4f6b-84cc-da65320e13d5,packing_started,2026-08-16T07:02:23
ff3a7e31-22c7-47ab-b3b0-99387889c3cd,ed3f077e-0021-4f6b-84cc-da65320e13d5,packing_completed,2026-08-16T10:49:04
f024d06f-fe1a-4987-8bf4-6a72ce2124ac,ed3f077e-0021-4f6b-84cc-da65320e13d5,shipped,2026-08-16T19:32:12
5a6b0484-1131-486e-9c1b-d8b3a38e9be5,04b0bc75-80f0-4d60-8a79-0b0e6f685e99,created,2026-05-10T03:33:48
fc3f1912-a5d9-44c9-80c1-74aa4f98fefd,04b0bc75-80f0-4d60-8a79-0b0e6f685e99,picking_started,2026-05-10T05:13:06
53e4a0db-ea28-4c4b-95f7-e30114ba3196,04b0bc75-80f0-4d60-8a79-0b0e6f685e99,picking_completed,2026-05-10T12:24:28
02d2a6a0-22c3-4b3e-bd20-cf7b8c12061a,085eab04-eb0d-4e5b-8d7f-c37fe7c4dd3b,created,2026-05-02T03:42:31
aaf2fab6-1554-4f40-8c41-9331ab3d796f,085eab04-eb0d-4e5b-8d7f-c37fe7c4dd3b,picking_started,2026-05-02T07:10:05
71599b7b-a290-4c4f-93c5-10a2c4d2021f,085eab04-eb0d-4e5b-8d7f-c37fe7c4dd3b,picking_completed,2026-05-02T08:32:35
28c15f5a-5792-4098-8532-0e92bd8d14b7,085eab04-eb0d-4e5b-8d7f-c37fe7c4dd3b,packing_started,2026-05-02T13:12:06
bb3a724e-1f9b-42d1-a8e8-ced30cc10cb0,085eab04-eb0d-4e5b-8d7f-c37fe7c4dd3b,packing_completed,2026-05-03T00:33:12
f40f53a3-ca09-4d56-a03d-4544b4253489,085eab04-eb0d-4e5b-8d7f-c37fe7c4dd3b,shipped,2026-05-03T01:29:08
fdb427ff-4ef8-4744-8f6f-e8e3fbbd7c14,b3d0bb59-b291-4f6b-a3e9-03e668b6eb2a,created,2026-04-03T03:39:10
ee744082-d9f8-4f4e-8a37-4142dbfb993b,b3d0bb59-b291-4f6b-a3e9-03e668b6eb2a,picking_started,2026-04-03T09:24:41
3f5e5f3f-7203-4f35-9569-ab4e8e023898,b3d0bb59-b291-4f6b-a3e9-03e668b6eb2a,picking_completed,2026-04-03T13:29:09
af3da38c-636e-4a00-8ba1-489b09e38f2a,b3d0bb59-b291-4f6b-a3e9-03e668b6eb2a,packing_started,2026-04-03T18:16:08
3c501584-50af-4fe1-b172-501a5d4117d9,b3d0bb59-b291-4f6b-a3e9-03e668b6eb2a,packing_completed,2026-04-03T20:48:24
50e81a48-3a83-44b5-910e-1b822af94845,b3d0bb59-b291-4f6b-a3e9-03e668b6eb2a,shipped,2026-04-04T02:15:57
e4c94471-1f76-4862-89fb-75fd4f1155ff,5db4021d-787e-4cc3-9b0d-95f0867777be,created,2026-08-14T18:39:20
abd0faf5-2d94-453a-83c4-d64422691b0c,5db4021d-787e-4cc3-9b0d-95f0867777be,picking_started,2026-08-15T06:07:54
197f66b9-9e82-4960-a5f8-52242f726ff4,5db4021d-787e-4cc3-9b0d-95f0867777be,picking_completed,2026-08-15T14:45:54
fe1821b7-47f5-4895-a310-d20190f52534,5db4021d-787e-4cc3-9b0d-95f0867777be,packing_started,2026-08-16T01:10:29
7f7c08ac-9d7b-4686-a332-6e8d788639ca,5db4021d-787e-4cc3-9b0d-95f0867777be,packing_completed,2026-08-16T08:53:07
ee3322e5-71d4-42d6-a4ec-17247f428f18,5db4021d-787e-4cc3-9b0d-95f0867777be,shipped,2026-08-16T13:01:04
fe3ebe8c-147f-43fe-b090-4f341400e732,bc409f9e-5cb8-4981-87ce-a29eb0262516,created,2026-05-08T20:39:40
14ec8917-8acf-49d8-b1f0-bd2d4bfa8025,bc409f9e-5cb8-4981-87ce-a29eb0262516,picking_started,2026-05-08T23:02:05
30298ff7-caca-4b4f-ad2d-08622d99405b,bc409f9e-5cb8-4981-87ce-a29eb0262516,picking_completed,2026-05-09T10:56:22
8ce32ff2-d7d7-478f-a15f-baf91047fb14,bc409f9e-5cb8-4981-87ce-a29eb0262516,packing_started,2026-05-09T15:11:25
d80f4eb2-31b9-4bf6-9d55-a273856b0106,bc409f9e-5cb8-4981-87ce-a29eb0262516,packing_completed,2026-05-09T17:23:38
cf8c3e27-b3a9-419e-92ff-4b313273d042,bc409f9e-5cb8-4981-87ce-a29eb0262516,shipped,2026-05-09T23:43:15
9118b912-3f19-4f92-977c-e30c55d7260f,9d1a1606-b1b2-4867-92fb-1cb1ee3ac05a,created,2026-08-07T08:01:02
4db7d8ba-07f8-42a7-8d1d-c1c819c62f32,9d1a1606-b1b2-4867-92fb-1cb1ee3ac05a,picking_started,2026-08-07T14:13:30
f21d8ccc-5a1f-4571-a1ee-b81225beeb56,9d1a1606-b1b2-4867-92fb-1cb1ee3ac05a,picking_completed,2026-08-07T23:51:32
48f2cb3a-7736-466d-998b-8eddd6cffd1e,9d1a1606-b1b2-4867-92fb-1cb1ee3ac05a,packing_started,2026-08-08T05:50:13
64b32065-ff73-4066-af7e-1f854b76926b,9d1a1606-b1b2-4867-92fb-1cb1ee3ac05a,packing_completed,2026-08-08T17:50:06
7b1d0b3f-837e-467c-a4b5-e681bc4c5847,9d1a1606-b1b2-4867-92fb-1cb1ee3ac05a,shipped,2026-08-09T02:54:10
996ed193-8ce1-465f-9397-7f3e2b2ec3d1,742a564a-4e75-4992-b1e7-242413ea1bea,created,2026-05-28T03:52:21
113221a2-c3cb-4713-a36f-002000202043,742a564a-4e75-4992-b1e7-242413ea1bea,picking_started,2026-05-28T15:13:12
3915ddaf-23e2-4011-866d-4f25824a561c,742a564a-4e75-4992-b1e7-242413ea1bea,picking_completed,2026-05-28T23:10:17
8bed0cb4-d2fe-4b63-ad4a-d1221ce12e65,742a564a-4e75-4992-b1e7-242413ea1bea,packing_started,2026-05-29T10:06:19
0ccce589-253d-41e0-9d52-5149e46b4c28,742a564a-4e75-4992-b1e7-242413ea1bea,packing_completed,2026-05-29T17:15:33
9ee89f57-9b54-47a6-9a8f-40902c19d277,742a564a-4e75-4992-b1e7-242413ea1bea,shipped,2026-05-29T20:24:13
fab85843-4b47-4108-a907-afdc9c803319,38830e2b-75f6-4491-9cb5-f1ef9e39971a,created,2026-07-23T12:37:11
5e84f925-a3d1-4aac-8913-48e2b2392b42,38830e2b-75f6-4491-9cb5-f1ef9e39971a,picking_started,2026-07-23T23:38:12
77f2ba76-cba7-49e7-9009-40c4f8500468,38830e2b-75f6-4491-9cb5-f1ef9e39971a,picking_completed,2026-07-24T04:38:16
051fd22f-d563-49ca-9f5f-d0154cda1dba,38830e2b-75f6-4491-9cb5-f1ef9e39971a,cancelled,2026-07-24T08:13:26
cdf341e9-a10e-44aa-8777-483a752de7fa,480b1fe5-dae4-4136-a658-079e2e40cbd8,created,2026-04-01T05:38:15
90ae8caf-4317-49aa-a801-25bccd446592,480b1fe5-dae4-4136-a658-079e2e40cbd8,picking_started,2026-04-01T07:39:04
08eb8973-2e2d-42ec-bc48-5217b6df78e3,480b1fe5-dae4-4136-a658-079e2e40cbd8,picking_completed,2026-04-01T09:41:08
1a3ffa66-9f5d-42f8-b37d-be9d9e9dd5b7,480b1fe5-dae4-4136-a658-079e2e40cbd8,packing_started,2026-04-01T14:47:31
7e1a8192-fabe-489f-94e7-5883e1dfd03e,480b1fe5-dae4-4136-a658-079e2e40cbd8,packing_completed,2026-04-01T21:55:38
aea615a6-7a8b-4031-ade7-1514818b71b6,480b1fe5-dae4-4136-a658-079e2e40cbd8,shipped,2026-04-02T01:58:57
72e9dfb8-4eb4-42a2-aadb-4270d3834b94,5570d907-9c68-40ad-b180-fdc1fe6ee649,created,2026-07-02T15:06:53
c0dea4cb-d5ff-4825-8da9-546522d3c6b5,5570d907-9c68-40ad-b180-fdc1fe6ee649,picking_started,2026-07-03T02:06:40
9764c71a-0059-4bf3-a5c2-a1ef244d8da5,5570d907-9c68-40ad-b180-fdc1fe6ee649,picking_completed,2026-07-03T12:32:59
14bd2f55-4b39-4428-86da-7c8c5ae34637,eff6ffa6-1934-4648-b168-e7568f6b4902,created,2026-07-09T00:39:58
2de75a88-4f17-4fdc-a7ff-50b10f97d68c,eff6ffa6-1934-4648-b168-e7568f6b4902,picking_started,2026-07-09T09:02:34
8cf16cf9-134c-4c03-b8d5-b63599871cc9,eff6ffa6-1934-4648-b168-e7568f6b4902,picking_completed,2026-07-09T09:46:04
2b2aecdf-a1c8-4800-bbdb-200be6ef7c68,eff6ffa6-1934-4648-b168-e7568f6b4902,packing_started,2026-07-09T16:27:10
ee65388e-8145-4eab-b5bc-5ea51e6efbf1,eff6ffa6-1934-4648-b168-e7568f6b4902,packing_completed,2026-07-09T17:04:42
765024bc-b06f-4814-80d5-3db8122c3489,eff6ffa6-1934-4648-b168-e7568f6b4902,shipped,2026-07-10T01:03:06
11788e96-8743-407a-b649-490db2d7f279,01bc363b-11af-46c9-9374-dfbe4d0d7758,created,2026-04-07T19:23:58
70d69d38-1727-40d5-bc48-f3803ccf4a90,01bc363b-11af-46c9-9374-dfbe4d0d7758,picking_started,2026-04-08T05:23:41
ca3ec184-e5a5-4b36-b258-4212ff9b6fb8,01bc363b-11af-46c9-9374-dfbe4d0d7758,picking_completed,2026-04-08T16:25:07
9655c710-88da-407b-864a-14247805af7a,01bc363b-11af-46c9-9374-dfbe4d0d7758,packing_started,2026-04-08T23:02:13
08bdbf0a-b244-4586-871a-367298b151cc,01bc363b-11af-46c9-9374-dfbe4d0d7758,packing_completed,2026-04-09T01:38:14
2590e483-d86a-42cd-a1af-8e8319af1c06,01bc363b-11af-46c9-9374-dfbe4d0d7758,shipped,2026-04-09T12:44:38
d272c215-6fa3-4030-a3bf-ded35761848b,c88e4090-bbbd-41bc-9135-deb757419033,created,2026-04-01T20:04:49
fac20333-8355-445c-89a3-3de7cb9c6a53,c88e4090-bbbd-41bc-9135-deb757419033,picking_started,2026-04-01T22:00:03
b908cee6-56b6-4e5e-a131-c67b7f652bdf,c88e4090-bbbd-41bc-9135-deb757419033,picking_completed,2026-04-02T06:05:38
042dd004-5338-47e3-b69d-72dcd23dcd9f,c88e4090-bbbd-41bc-9135-deb757419033,packing_started,2026-04-02T08:40:34
e607ec21-3d50-4c8b-b3f2-1083d8577694,c88e4090-bbbd-41bc-9135-deb757419033,packing_completed,2026-04-02T18:16:14
315f9140-7b12-400a-8ebe-eb4baf918c7c,c88e4090-bbbd-41bc-9135-deb757419033,shipped,2026-04-02T22:02:56
eafa06b5-f3d7-4343-9fcf-4e3d67e70577,10886803-2705-4a2d-90c9-f6635d84c1a5,created,2026-04-06T10:00:53
554a6f28-e39f-4748-8d89-94cb8a0385e1,10886803-2705-4a2d-90c9-f6635d84c1a5,picking_started,2026-04-06T19:41:55
f2c11a13-2338-4045-816c-d41e1431cd76,10886803-2705-4a2d-90c9-f6635d84c1a5,picking_completed,2026-04-07T02:21:25
34f1df34-be67-4245-bc1f-3eab6b583b1a,10886803-2705-4a2d-90c9-f6635d84c1a5,packing_started,2026-04-07T10:23:53
d5071efb-ef46-4ffc-b8e1-2e4c41e92129,10886803-2705-4a2d-90c9-f6635d84c1a5,packing_completed,2026-04-07T17:18:52
b621814e-632b-47e6-bc2d-5fc362506778,10886803-2705-4a2d-90c9-f6635d84c1a5,shipped,2026-04-08T01:54:14
7e1d8809-a334-4686-b171-e64779fe556b,584ef261-8977-4c14-8574-0a61020c4ca7,created,2026-05-30T11:46:08
0dd9dfae-8994-48c9-9655-03fb5b716bb6,584ef261-8977-4c14-8574-0a61020c4ca7,picking_started,2026-05-30T19:32:13
556a5c77-eccb-4047-b7d7-38778c60b33d,584ef261-8977-4c14-8574-0a61020c4ca7,picking_completed,2026-05-30T21:30:22
b0b3eaee-ada9-4444-9150-ad73d7006a49,584ef261-8977-4c14-8574-0a61020c4ca7,packing_started,2026-05-31T08:42:14
1aa2e214-dd68-4fa6-bce9-e07d9a6b2caf,838f9a7c-d9e6-4675-9df3-5d6af5100fe5,created,2026-04-14T20:27:15
8463e6fa-78ce-4ed6-851c-ebdfacdf02c8,838f9a7c-d9e6-4675-9df3-5d6af5100fe5,picking_started,2026-04-14T23:35:17
7430edcd-17b2-420a-a547-9c314f6c4c13,838f9a7c-d9e6-4675-9df3-5d6af5100fe5,picking_completed,2026-04-15T02:27:17
af2f46fd-2fe6-4019-92d5-7a4223912d99,838f9a7c-d9e6-4675-9df3-5d6af5100fe5,packing_started,2026-04-15T12:36:50
1bc96d68-85ab-4c15-81e8-5e9bdb1afe53,838f9a7c-d9e6-4675-9df3-5d6af5100fe5,packing_completed,2026-04-15T18:42:07
0dfb75fc-4b8d-4f86-b249-de615819ee80,838f9a7c-d9e6-4675-9df3-5d6af5100fe5,shipped,2026-04-16T05:01:53
b57c0c3a-4f41-4d1e-8498-478e27ff9046,167b9c56-9442-4050-9148-29bcd586c7d7,created,2026-06-20T16:20:30
83691e77-41aa-4cba-a4ed-c32939b2fe56,167b9c56-9442-4050-9148-29bcd586c7d7,picking_started,2026-06-20T22:45:22
d0519df1-97c8-4ef4-9387-5d62821581d8,167b9c56-9442-4050-9148-29bcd586c7d7,picking_completed,2026-06-21T03:27:37
0eff4ee8-5ac3-4e5b-8d35-da8ad49f901f,167b9c56-9442-4050-9148-29bcd586c7d7,packing_started,2026-06-21T06:01:29
6129925b-9418-49b1-9d98-a586a0cf25a2,167b9c56-9442-4050-9148-29bcd586c7d7,packing_completed,2026-06-21T16:25:38
3ffdbf4f-7ad1-458b-9bc0-9463138bf962,167b9c56-9442-4050-9148-29bcd586c7d7,shipped,2026-06-21T19:15:53
169a39c9-a63c-48ef-8997-498685dbd1ce,0d0d9a88-40bf-44b9-a3df-080a2704af59,created,2026-02-18T23:53:10
d51a95e9-9ca6-4c8c-b4e6-addc1c6bc4c9,0d0d9a88-40bf-44b9-a3df-080a2704af59,picking_started,2026-02-19T00:52:18
d0509e31-eb7c-4fee-aa10-b2540f8a0f81,0d0d9a88-40bf-44b9-a3df-080a2704af59,picking_completed,2026-02-19T04:13:01
251acc7e-4e52-43b9-b349-a1d74249945f,0d0d9a88-40bf-44b9-a3df-080a2704af59,packing_started,2026-02-19T05:56:52
e44094cc-0ac9-40ac-bc06-2ed14ce664c9,0d0d9a88-40bf-44b9-a3df-080a2704af59,packing_completed,2026-02-19T14:26:47
5fb4e746-e51e-494b-9f9a-769d64a23655,0d0d9a88-40bf-44b9-a3df-080a2704af59,shipped,2026-02-19T18:47:03
1e16c779-89f7-43e2-97aa-51abbf1b119f,39efa2bc-8bb5-42e7-b7be-9dd3807e5c56,created,2026-08-04T05:51:22
77cb75f6-0433-44ba-9944-1c1ffa2d5a75,39efa2bc-8bb5-42e7-b7be-9dd3807e5c56,picking_started,2026-08-04T08:53:33
110544cf-d60f-44df-bd7f-9eb75617ff3c,39efa2bc-8bb5-42e7-b7be-9dd3807e5c56,picking_completed,2026-08-04T14:52:12
5dafbe2a-62fd-4932-87db-664a9774164e,39efa2bc-8bb5-42e7-b7be-9dd3807e5c56,packing_started,2026-08-04T15:25:45
92008a63-5ebd-4c16-acef-a286215cddc1,f319bf27-61d2-4bbd-961d-ea71d38a3461,created,2026-04-13T22:04:30
05ead31a-6113-4229-a159-1c42a23d6e42,f319bf27-61d2-4bbd-961d-ea71d38a3461,picking_started,2026-04-14T04:24:48
ab5c978e-697b-43c7-8668-bb3eaa942b40,f319bf27-61d2-4bbd-961d-ea71d38a3461,picking_completed,2026-04-14T15:07:51
ffde1b9e-b28d-4ca2-82dd-cde75d380fb6,f319bf27-61d2-4bbd-961d-ea71d38a3461,packing_started,2026-04-14T18:40:53
a2061431-44b4-41f9-a538-1b48a28e754e,f319bf27-61d2-4bbd-961d-ea71d38a3461,packing_completed,2026-04-15T03:11:13
e0c4ebc9-97c1-4025-853f-8f5f40abca55,f319bf27-61d2-4bbd-961d-ea71d38a3461,shipped,2026-04-15T06:40:45
16a502a6-5e03-4d94-9fde-03cb4706fa2a,654fe481-9c7b-40fd-a89d-fd35986e393f,created,2026-05-25T09:03:08
3e03f2ea-c00e-4018-a2e9-9b80ab4f31c3,654fe481-9c7b-40fd-a89d-fd35986e393f,picking_started,2026-05-25T19:27:32
47d69d35-e681-45ad-974f-1a0ca7f0e87b,654fe481-9c7b-40fd-a89d-fd35986e393f,picking_completed,2026-05-26T01:50:56
f21ee9a5-0ff1-454b-83ac-32a9cbf68424,654fe481-9c7b-40fd-a89d-fd35986e393f,packing_started,2026-05-26T08:22:36
26ada4ec-092e-4e77-b95c-275924d4824d,40b59c2f-0741-4a1f-a13f-3fbe7c1acc09,created,2026-08-01T11:47:39
f1c43d1b-a59e-423d-a139-5761ce1bb4cf,40b59c2f-0741-4a1f-a13f-3fbe7c1acc09,picking_started,2026-08-01T22:17:51
b75a9124-e655-40df-900e-9dedc8040f3d,40b59c2f-0741-4a1f-a13f-3fbe7c1acc09,picking_completed,2026-08-01T23:38:12
6f8a34d3-0239-443d-9ae5-78ff5494bd57,40b59c2f-0741-4a1f-a13f-3fbe7c1acc09,packing_started,2026-08-02T03:26:09
1bd1022a-18a3-4661-8853-7925b81eb09b,40b59c2f-0741-4a1f-a13f-3fbe7c1acc09,packing_completed,2026-08-02T07:05:24
3bcefd0e-c3b6-4a99-83aa-d16b9c0a425b,40b59c2f-0741-4a1f-a13f-3fbe7c1acc09,shipped,2026-08-02T17:19:43
209030d0-cd6b-4bfa-b48a-707e30bc9230,9243edcc-3065-4486-a6cb-b51d5d00ee87,created,2026-03-14T12:06:30
5b25ba38-6937-4e2d-a996-0291fa21ed95,9243edcc-3065-4486-a6cb-b51d5d00ee87,picking_started,2026-03-14T23:30:37
c66a951f-26a4-4975-a414-359708060ab2,9243edcc-3065-4486-a6cb-b51d5d00ee87,picking_completed,2026-03-15T01:31:30
f6bf922b-d5f3-41bd-a43d-6d6578c69101,1dccdbfa-38b0-4051-97c1-9dcd3c18f8fe,created,2026-05-11T05:15:29
7e9b8f31-298e-4c5a-8243-ce3aac1f7e73,1dccdbfa-38b0-4051-97c1-9dcd3c18f8fe,picking_started,2026-05-11T14:37:05
3d91d693-8af5-4d9f-97c0-961d73adb00a,1dccdbfa-38b0-4051-97c1-9dcd3c18f8fe,picking_completed,2026-05-11T17:14:44
d65c5ec3-9135-4503-b665-7f9adfdfc098,1dccdbfa-38b0-4051-97c1-9dcd3c18f8fe,packing_started,2026-05-11T21:20:52
65fccf17-1130-4269-b990-7eb88148266c,1dccdbfa-38b0-4051-97c1-9dcd3c18f8fe,packing_completed,2026-05-12T02:19:56
3fd5a258-07e0-472e-9169-b1e4a518a6ce,1dccdbfa-38b0-4051-97c1-9dcd3c18f8fe,shipped,2026-05-12T13:38:41
373b245d-c5e8-484a-9a17-9f578d0fa9b6,efab38ba-9d3d-4cb2-894d-904af1eee470,created,2026-07-25T11:43:16
264279d6-883c-4466-9f51-9e2494ade70d,efab38ba-9d3d-4cb2-894d-904af1eee470,picking_started,2026-07-25T15:05:16
f7e73382-43e9-411a-82c0-e6c0be9b7f2b,efab38ba-9d3d-4cb2-894d-904af1eee470,picking_completed,2026-07-26T02:22:53
f63697f4-97e9-4719-b076-7425c4e96c0c,efab38ba-9d3d-4cb2-894d-904af1eee470,packing_started,2026-07-26T03:45:06
8e0f9c4e-2f84-41b1-bf5c-6910b0da1922,efab38ba-9d3d-4cb2-894d-904af1eee470,packing_completed,2026-07-26T11:05:33
3f8ca3d7-65c7-4dad-86a7-e280dfc3ea5b,efab38ba-9d3d-4cb2-894d-904af1eee470,shipped,2026-07-26T15:11:33
d33a19a0-ca73-4bdc-9696-94a525aed4f4,a839d605-dfdc-4d33-a4c6-69b3136d93b0,created,2026-04-27T22:41:12
ad95a613-675d-4a63-865a-454b8acbe96e,a839d605-dfdc-4d33-a4c6-69b3136d93b0,cancelled,2026-04-28T00:05:42
f75a41aa-2bfd-47e4-b22b-5152d5e77b93,47f7e737-c5b4-4e5b-8bdd-19533ae760eb,created,2026-04-15T22:31:15
85c601ed-ac44-492f-bcc6-2be90ac09a3a,47f7e737-c5b4-4e5b-8bdd-19533ae760eb,picking_started,2026-04-16T07:49:10
d481ac3f-fd65-4086-8c90-aab9115e64ec,47f7e737-c5b4-4e5b-8bdd-19533ae760eb,picking_completed,2026-04-16T17:37:43
467af9e9-1a21-4c38-b3bc-f42dea3010f8,47f7e737-c5b4-4e5b-8bdd-19533ae760eb,packing_started,2026-04-17T01:11:08
ef5569c2-4800-40a2-ac99-013a372552cd,47f7e737-c5b4-4e5b-8bdd-19533ae760eb,packing_completed,2026-04-17T08:32:42
86ec5c74-7615-4010-a83c-da77d84b59d5,47f7e737-c5b4-4e5b-8bdd-19533ae760eb,shipped,2026-04-17T10:42:23
311b1161-d393-4bf3-aa0b-465cf4536654,16e47de7-bbcc-499c-8b97-3d4ee2987b22,created,2026-02-20T04:05:04
7f9ca82c-e9a2-4a21-995c-339b414d1d9b,16e47de7-bbcc-499c-8b97-3d4ee2987b22,picking_started,2026-02-20T06:03:04
7de4fe43-8f18-48a2-8ce5-81925ef0720b,16e47de7-bbcc-499c-8b97-3d4ee2987b22,picking_completed,2026-02-20T09:46:12
33e12818-642c-4e49-bf70-435d8d1b781f,16e47de7-bbcc-499c-8b97-3d4ee2987b22,packing_started,2026-02-20T17:16:04
bd8c5065-751c-40b4-90a7-84c4b42c2488,16e47de7-bbcc-499c-8b97-3d4ee2987b22,packing_completed,2026-02-20T22:42:23
e56d96f2-ccf2-4c22-b620-8aa1bd36f45e,91078aef-a05d-4a09-9e7a-8baedb160ff3,created,2026-06-26T04:06:35
05517573-7c07-40d4-b3cd-6c3b9d4048aa,91078aef-a05d-4a09-9e7a-8baedb160ff3,picking_started,2026-06-26T13:38:50
645c7e88-922b-484f-a349-c98461ad8f56,91078aef-a05d-4a09-9e7a-8baedb160ff3,picking_completed,2026-06-26T18:04:46
0cd421e8-62a4-446b-b00c-3b09cca616f6,91078aef-a05d-4a09-9e7a-8baedb160ff3,packing_started,2026-06-27T03:06:20
a55758a4-91a0-4942-b54f-a297da0c83d1,91078aef-a05d-4a09-9e7a-8baedb160ff3,packing_completed,2026-06-27T05:43:32
b2138d35-260a-4391-825e-3bae73b98388,91078aef-a05d-4a09-9e7a-8baedb160ff3,shipped,2026-06-27T07:12:17
026218e7-46d1-468e-bf78-2d17da18f18a,58e4dac4-5b9a-4b54-b6db-4cb0578f0afb,created,2026-05-06T01:22:44
821c6084-b84a-4c86-9230-827215b7c055,58e4dac4-5b9a-4b54-b6db-4cb0578f0afb,picking_started,2026-05-06T03:16:25
edce9f31-55a7-48a5-a26a-a85eb5a4ff95,58e4dac4-5b9a-4b54-b6db-4cb0578f0afb,picking_completed,2026-05-06T07:36:52
5a8cb029-e176-4218-92d1-b8d4892c1f88,58e4dac4-5b9a-4b54-b6db-4cb0578f0afb,packing_started,2026-05-06T10:09:43
e65eef50-8ea6-43a6-a86e-da744021c190,58e4dac4-5b9a-4b54-b6db-4cb0578f0afb,packing_completed,2026-05-06T21:04:44
c5062639-f970-48bf-b9d8-63d03867cfec,58e4dac4-5b9a-4b54-b6db-4cb0578f0afb,shipped,2026-05-07T03:46:25
9d86db12-0bd4-410f-84fb-58141cd87720,36a1c9f3-7ee9-45b7-bd6d-c69d9d359f76,created,2026-05-20T19:35:22
b87412e2-6435-40cb-a1fc-34cf6c815edf,36a1c9f3-7ee9-45b7-bd6d-c69d9d359f76,picking_started,2026-05-21T00:57:30
fdd9c992-53b2-4d3d-9ef9-ff9a3db64346,36a1c9f3-7ee9-45b7-bd6d-c69d9d359f76,picking_completed,2026-05-21T09:35:40
170c4319-1a0b-4778-abd1-9621936ce536,36a1c9f3-7ee9-45b7-bd6d-c69d9d359f76,packing_started,2026-05-21T13:16:14
a0fbf069-1fed-4af5-ae47-6542896f74ae,36a1c9f3-7ee9-45b7-bd6d-c69d9d359f76,packing_completed,2026-05-21T21:25:01
9bb6724e-971f-49c9-a247-d56b48b8da8a,36a1c9f3-7ee9-45b7-bd6d-c69d9d359f76,shipped,2026-05-22T09:14:26
a1d4e908-8c36-495d-919b-a135d731d837,2f4b631c-88d7-4541-81d3-cf9f4f3d8507,created,2026-04-16T19:56:57
8bebd052-8cc3-489f-a0a6-5016e07abc56,2f4b631c-88d7-4541-81d3-cf9f4f3d8507,picking_started,2026-04-17T05:45:25
504cecfc-138d-4a0a-8ead-87289e2ebee5,2f4b631c-88d7-4541-81d3-cf9f4f3d8507,picking_completed,2026-04-17T12:08:00
0653ce4c-a075-4321-bbf6-657618454312,2f4b631c-88d7-4541-81d3-cf9f4f3d8507,packing_started,2026-04-17T18:57:26
b4eed3e1-53a7-4fdd-9162-bb158056cc52,2f4b631c-88d7-4541-81d3-cf9f4f3d8507,packing_completed,2026-04-18T05:22:41
74138b4c-d178-4c6c-9511-59c8e7d07759,0be7f1db-6df3-4b74-ab8e-6dabd5fbb64c,created,2026-07-20T19:54:24
ae98158f-fff1-4d26-b26b-e513117ceed8,0be7f1db-6df3-4b74-ab8e-6dabd5fbb64c,picking_started,2026-07-20T21:05:22
b9838ebc-af61-49c3-9feb-b19f53e0546e,0be7f1db-6df3-4b74-ab8e-6dabd5fbb64c,picking_completed,2026-07-21T07:22:58
60156ad1-32f4-4fc5-af7d-67af8a1193dc,0be7f1db-6df3-4b74-ab8e-6dabd5fbb64c,packing_started,2026-07-21T17:26:10
81f0be1f-bc2b-421f-b46d-6ca5af591553,0be7f1db-6df3-4b74-ab8e-6dabd5fbb64c,packing_completed,2026-07-21T19:14:12
6d91cd00-1b49-4514-b1ca-ac181a2981d2,0be7f1db-6df3-4b74-ab8e-6dabd5fbb64c,shipped,2026-07-22T01:27:05
5d0e416f-f080-4a03-91c7-aae87bb130f6,534efe01-ae5f-4de8-a90d-e9a76de8e232,created,2026-05-12T20:47:45
88c4cf28-cdfc-47d4-b8b2-fd46fe316d11,534efe01-ae5f-4de8-a90d-e9a76de8e232,picking_started,2026-05-13T06:42:08
f9c44bf6-58cb-436a-adb0-f911f53d2e67,534efe01-ae5f-4de8-a90d-e9a76de8e232,picking_completed,2026-05-13T17:08:33
099e1ad8-bde7-4eda-8178-56bcbdb31b1f,534efe01-ae5f-4de8-a90d-e9a76de8e232,packing_started,2026-05-14T04:03:09
1c9f4eec-079b-4fe6-a36a-11a37753fd97,534efe01-ae5f-4de8-a90d-e9a76de8e232,packing_completed,2026-05-14T14:11:38
a577762a-6773-45f0-ad18-bd13b01fc8f4,534efe01-ae5f-4de8-a90d-e9a76de8e232,shipped,2026-05-14T22:26:51
97ea592f-a953-4ae8-86a8-eb7a629e93e1,7ac33bc1-1bf2-46e3-9d10-2307bc87d969,created,2026-06-25T05:00:55
9e84c0c8-1d2e-4e79-bfab-0c814feee5f3,7ac33bc1-1bf2-46e3-9d10-2307bc87d969,picking_started,2026-06-25T13:09:25
16062353-9d9c-43dc-85a6-0d5c7813d642,7ac33bc1-1bf2-46e3-9d10-2307bc87d969,picking_completed,2026-06-25T15:18:37
478087be-46ba-4443-adc5-0314f87a08d4,7ac33bc1-1bf2-46e3-9d10-2307bc87d969,packing_started,2026-06-26T00:25:24
b37e3b38-a501-4063-b375-43c7d32f1b2d,7ac33bc1-1bf2-46e3-9d10-2307bc87d969,packing_completed,2026-06-26T03:18:50
5411c85f-af44-4fc4-a447-452ba4ca9945,7ac33bc1-1bf2-46e3-9d10-2307bc87d969,shipped,2026-06-26T13:14:39
71815269-676b-42e6-9329-555c7b07cf0a,0f955f4d-6237-4dca-bdbf-104abda5a265,created,2026-07-01T23:00:44
ff9b65b7-7ac4-470c-9da8-871dd94f735d,0f955f4d-6237-4dca-bdbf-104abda5a265,picking_started,2026-07-02T03:31:17
88671fe0-411f-4a98-bdf2-bf0980fd2dd0,0f955f4d-6237-4dca-bdbf-104abda5a265,picking_completed,2026-07-02T13:28:42
8cf97b91-117b-4b9b-b28e-6480b720628e,0f955f4d-6237-4dca-bdbf-104abda5a265,packing_started,2026-07-02T15:25:24
3ea8745c-ac1a-4953-8cf5-98d3f4d1f906,0f955f4d-6237-4dca-bdbf-104abda5a265,packing_completed,2026-07-02T21:06:39
7f20a1f2-0d7f-4ae2-8676-6e71b6af0631,0f955f4d-6237-4dca-bdbf-104abda5a265,shipped,2026-07-03T02:41:43
5f446528-a5ea-4721-aeea-8fde078cb8e5,eab3c652-48d4-4c68-be86-097e1eaba66a,created,2026-07-17T12:36:45
6fdb0509-06b3-44b2-b543-36c9b82d4b46,eab3c652-48d4-4c68-be86-097e1eaba66a,picking_started,2026-07-17T16:03:12
c920ede8-0fba-42c8-ac90-637342361f41,eab3c652-48d4-4c68-be86-097e1eaba66a,picking_completed,2026-07-17T20:20:19
39d74b18-a552-48ba-846d-3628bd9eefc3,1789eb68-78f3-4bdc-b366-4c51706f7e2d,created,2026-06-17T15:03:15
6a526fe6-11e7-4199-b307-8bcf1f525ab6,1789eb68-78f3-4bdc-b366-4c51706f7e2d,picking_started,2026-06-17T18:58:05
f02cfb68-7064-4f1d-b8b2-f19855b9bdbd,1789eb68-78f3-4bdc-b366-4c51706f7e2d,picking_completed,2026-06-18T03:51:47
23c19181-a8b5-433d-817b-6e6b30a640d7,1789eb68-78f3-4bdc-b366-4c51706f7e2d,packing_started,2026-06-18T12:56:26
64380c69-82a6-4815-9c36-e759418ce53b,1789eb68-78f3-4bdc-b366-4c51706f7e2d,packing_completed,2026-06-18T21:50:03
26d70217-4919-407a-8d43-45b7acd01057,1789eb68-78f3-4bdc-b366-4c51706f7e2d,shipped,2026-06-19T08:15:57
5fc19651-97ae-4946-8633-73215229c9ac,87e3e5af-eb38-4009-9815-0bfd2352c625,created,2026-06-06T14:48:35
e12f468d-c941-4272-96eb-10b583247aaf,87e3e5af-eb38-4009-9815-0bfd2352c625,picking_started,2026-06-06T23:42:34
4b308a49-f0c6-4a6f-9989-d04ed70a5af0,87e3e5af-eb38-4009-9815-0bfd2352c625,picking_completed,2026-06-07T01:48:19
4fad94e6-03df-4269-bb86-3134246e393a,87e3e5af-eb38-4009-9815-0bfd2352c625,packing_started,2026-06-07T06:02:38
aac9c2c7-ae6b-4d0b-b3af-ad52a42c9e72,87e3e5af-eb38-4009-9815-0bfd2352c625,packing_completed,2026-06-07T10:43:58
367bd1de-a04c-405f-8693-602e7e636724,87e3e5af-eb38-4009-9815-0bfd2352c625,shipped,2026-06-07T11:57:02
df790c63-2641-4c2e-8faa-08a2b24b6656,144997f7-1bbb-4a4c-9ab8-bd850b58195f,created,2026-06-21T16:30:22
47c48e73-2aa8-4501-b64a-bf640a5fc7d2,144997f7-1bbb-4a4c-9ab8-bd850b58195f,picking_started,2026-06-22T01:16:20
7d194aa3-0197-4ed1-8260-43399b9cfec3,144997f7-1bbb-4a4c-9ab8-bd850b58195f,picking_completed,2026-06-22T09:24:37
284f78d9-81a1-41a9-9441-248f24bf3ba8,144997f7-1bbb-4a4c-9ab8-bd850b58195f,packing_started,2026-06-22T15:30:24
09e3f0ee-b32a-4093-a7d6-bc62093ca073,144997f7-1bbb-4a4c-9ab8-bd850b58195f,packing_completed,2026-06-23T02:09:01
1ef527ad-2357-465b-91ca-896424f282ab,144997f7-1bbb-4a4c-9ab8-bd850b58195f,shipped,2026-06-23T05:06:11
1f0b1137-7dfe-419a-a4ea-1626aead8bd6,f8bc66b1-07dd-4d8c-bce5-19e7383a4cf4,created,2026-04-13T06:53:16
1905fbbd-b638-4060-a4e3-8f546cf190a9,f8bc66b1-07dd-4d8c-bce5-19e7383a4cf4,cancelled,2026-04-13T10:44:41
e0f40c92-9873-48fc-8716-7faae591aba8,87d23667-f2fa-4fa3-8a90-a6d997d1b760,created,2026-06-05T18:21:34
0f125719-2499-4120-b298-a57b2436ec30,87d23667-f2fa-4fa3-8a90-a6d997d1b760,picking_started,2026-06-05T21:45:12
f3585cfb-99a8-4c53-847f-7481a463140b,87d23667-f2fa-4fa3-8a90-a6d997d1b760,picking_completed,2026-06-06T00:55:41
54caeeb7-b413-4e6d-b659-e3086e730af7,87d23667-f2fa-4fa3-8a90-a6d997d1b760,packing_started,2026-06-06T03:24:28
fd324963-775a-4b4a-ad0a-d72526d31fff,87d23667-f2fa-4fa3-8a90-a6d997d1b760,packing_completed,2026-06-06T05:04:29
e8e9a97e-0fef-445f-8570-251dc705da8f,87d23667-f2fa-4fa3-8a90-a6d997d1b760,shipped,2026-06-06T08:24:31
3ff9a6ff-a9f5-4c3b-8bd1-39c44ed22a49,29f8e136-5f32-470c-88ef-ae53123ddc55,created,2026-06-19T22:01:37
25f7b48e-2f75-45f0-8c08-72d53a6ac486,29f8e136-5f32-470c-88ef-ae53123ddc55,picking_started,2026-06-20T09:06:58
d5de3ccc-adbf-4605-adf6-dd55883ecbcd,29f8e136-5f32-470c-88ef-ae53123ddc55,picking_completed,2026-06-20T14:13:31
124ac41b-75f8-4467-a22b-a104c6a287ae,29f8e136-5f32-470c-88ef-ae53123ddc55,packing_started,2026-06-20T23:18:51
1ffd4279-501d-4e97-a9ed-48b150f20b69,29f8e136-5f32-470c-88ef-ae53123ddc55,packing_completed,2026-06-21T02:59:16
9523b49a-75eb-4d29-a28b-4476968b8c6a,29f8e136-5f32-470c-88ef-ae53123ddc55,shipped,2026-06-21T08:15:36
c530f2bb-4daf-4780-b875-a6cf04c4e2dc,8744cdf7-3d7c-4b25-b4b5-fc8de774047c,created,2026-07-02T05:25:52
d3a52d50-4a1a-4846-b349-22ca43ac901e,8744cdf7-3d7c-4b25-b4b5-fc8de774047c,cancelled,2026-07-02T07:37:56
63804460-0ac2-4ba2-a427-799561545732,4aaad0c5-2abb-4ecc-8944-e995286e88db,created,2026-03-20T12:42:45
cde41ad3-b66c-4135-9aae-83ba0c277bf3,4aaad0c5-2abb-4ecc-8944-e995286e88db,picking_started,2026-03-20T19:55:28
e87a7590-ef7d-4b62-a508-98df7baee440,4aaad0c5-2abb-4ecc-8944-e995286e88db,picking_completed,2026-03-21T02:02:30
222c0a18-8572-4b5d-afdd-7df38ed379ca,4aaad0c5-2abb-4ecc-8944-e995286e88db,packing_started,2026-03-21T12:25:28
637dfa75-c430-4474-8f94-473ab6c7a536,4aaad0c5-2abb-4ecc-8944-e995286e88db,packing_completed,2026-03-21T23:32:13
19072652-a89a-4edf-ab40-15faa8ba94a9,4aaad0c5-2abb-4ecc-8944-e995286e88db,shipped,2026-03-22T06:43:09
324278e8-2910-478f-b39e-d7c2a390d24c,1178e089-114b-4de8-9224-519fceeb9112,created,2026-04-28T19:49:07
9c29b7a9-2312-4620-b309-1561313b6890,1178e089-114b-4de8-9224-519fceeb9112,picking_started,2026-04-29T06:48:09
01ef8be6-59f2-461f-aaca-8ebd9907bbe1,1178e089-114b-4de8-9224-519fceeb9112,picking_completed,2026-04-29T14:55:39
d7051054-bdfa-4a38-971c-b54e0f6366c6,1178e089-114b-4de8-9224-519fceeb9112,packing_started,2026-04-29T19:46:05
df984fbb-9a86-4887-a559-73999149b708,a5ade57e-d9ad-45db-882c-ca5f9ed07a71,created,2026-06-29T20:41:57
60620c7a-db0e-4e63-ac94-d8133c3e25e5,a5ade57e-d9ad-45db-882c-ca5f9ed07a71,picking_started,2026-06-30T06:29:21
2f974e10-4afc-456e-9b93-e7c3ef95f313,a5ade57e-d9ad-45db-882c-ca5f9ed07a71,picking_completed,2026-06-30T18:15:49
789253c9-99f1-4a6a-a8b1-056fb51f6765,a5ade57e-d9ad-45db-882c-ca5f9ed07a71,packing_started,2026-06-30T23:03:05
8ed1c5e2-e95b-447a-8ce8-7b1b73e4895d,a5ade57e-d9ad-45db-882c-ca5f9ed07a71,packing_completed,2026-07-01T08:07:53
f06b3fbf-5881-45d5-bb70-752aada73ad0,a5ade57e-d9ad-45db-882c-ca5f9ed07a71,shipped,2026-07-01T19:15:01
5384a43e-4703-43e4-b7c6-7f27f798e0e3,dbd66932-e230-4e0b-bb54-9e34f13ff138,created,2026-06-14T08:09:39
bedd74ee-2e3e-438e-a54f-ff7ab7b7caf7,dbd66932-e230-4e0b-bb54-9e34f13ff138,picking_started,2026-06-14T11:00:10
adc217f7-6b77-4cd5-8edd-f94e9bb17e57,dbd66932-e230-4e0b-bb54-9e34f13ff138,picking_completed,2026-06-14T22:47:27
8a0ac70d-05f4-4be5-b6cb-8e317a4088ed,dbd66932-e230-4e0b-bb54-9e34f13ff138,packing_started,2026-06-15T07:26:58
0c2299d7-19cf-4c54-881e-f8b38db0409b,dbd66932-e230-4e0b-bb54-9e34f13ff138,packing_completed,2026-06-15T13:17:30
cb4925dc-5747-41b1-b1bd-18dc1787cf19,dbd66932-e230-4e0b-bb54-9e34f13ff138,shipped,2026-06-15T16:04:35
d821e5a8-6402-414e-83d3-63878d4d46bb,73bde519-b70e-479c-b6ee-b28034316030,created,2026-05-15T18:35:20
5cf7640e-d538-4d55-8ccb-00a37a85031b,73bde519-b70e-479c-b6ee-b28034316030,picking_started,2026-05-15T20:58:54
09dd2c4c-96d7-4420-b675-c4aa2b67fde2,73bde519-b70e-479c-b6ee-b28034316030,picking_completed,2026-05-16T07:26:20
1ea9c7aa-01fa-4edb-b0b2-d72d4e7bbdae,73bde519-b70e-479c-b6ee-b28034316030,cancelled,2026-05-16T09:37:09
a9ad5746-4624-4a7f-9e6f-be093107a3a7,d5db0ff6-7058-4689-af42-52d3349c6da0,created,2026-07-07T23:00:01
ad077c62-81bc-4067-a472-292e58564f98,d5db0ff6-7058-4689-af42-52d3349c6da0,picking_started,2026-07-08T01:05:19
6f41593b-626d-42a4-b1e5-4a710699014d,d5db0ff6-7058-4689-af42-52d3349c6da0,picking_completed,2026-07-08T09:19:12
a88ca0ff-7c29-49ad-ba2c-16012834e630,d5db0ff6-7058-4689-af42-52d3349c6da0,packing_started,2026-07-08T14:25:01
1aa6402b-3348-4c8f-8d65-69a4fe7b7cac,d5db0ff6-7058-4689-af42-52d3349c6da0,packing_completed,2026-07-08T19:14:02
db21409a-f661-410f-95b2-9c650ba35ccf,d5db0ff6-7058-4689-af42-52d3349c6da0,shipped,2026-07-08T20:50:15
cc57283a-b255-4686-9194-8ae37313c80d,5d4aed80-f1cb-4943-95fa-8f4087f4314b,created,2026-05-11T18:04:32
8f50730d-3bbe-4c7a-87e5-a674bb23c28b,5d4aed80-f1cb-4943-95fa-8f4087f4314b,picking_started,2026-05-12T01:03:39
f18285f7-67c5-4cc7-b558-9438a466c4a6,5d4aed80-f1cb-4943-95fa-8f4087f4314b,picking_completed,2026-05-12T07:02:07
aa9fbf69-2008-4fde-95cd-18824b410387,5d4aed80-f1cb-4943-95fa-8f4087f4314b,packing_started,2026-05-12T08:48:33
16b055ef-55a7-41f1-9af4-f4d83678eb26,5d4aed80-f1cb-4943-95fa-8f4087f4314b,packing_completed,2026-05-12T09:57:48
15540fe8-ee5c-4d44-b8e7-df7bcc868d57,5d4aed80-f1cb-4943-95fa-8f4087f4314b,shipped,2026-05-12T19:48:02
d189b06f-6e10-401d-b7fe-593f21cbed96,7fd95c75-38a7-4b8e-8426-525df017addd,created,2026-04-13T01:53:29
cc2f98ad-44c6-4190-acef-d34fac9c88e1,7fd95c75-38a7-4b8e-8426-525df017addd,picking_started,2026-04-13T05:56:47
6aa4ebcd-7649-494b-921a-f9aebd14a538,7fd95c75-38a7-4b8e-8426-525df017addd,picking_completed,2026-04-13T17:05:53
333fbb51-a16b-4755-ae5f-a6f908c24388,7fd95c75-38a7-4b8e-8426-525df017addd,packing_started,2026-04-13T22:41:43
8f19fde0-d91b-46d3-bde4-f34990693cc2,dd83b656-7262-45b8-9015-f4b10ec9baca,created,2026-06-19T15:07:14
30edf518-769f-4ca3-9724-288c467144a4,dd83b656-7262-45b8-9015-f4b10ec9baca,cancelled,2026-06-19T17:00:13
0cb772a9-7ffb-44e2-af7c-3be45fd7758a,3456c62e-5452-41f0-8f87-80e835764f52,created,2026-03-18T14:19:23
bd6b2524-438f-4b04-87ed-65830b7edda8,3456c62e-5452-41f0-8f87-80e835764f52,picking_started,2026-03-18T23:19:41
0ee6c3a2-0126-412a-9308-8280cecb57ea,3456c62e-5452-41f0-8f87-80e835764f52,picking_completed,2026-03-19T10:23:01
0f66984c-6d50-4f80-8391-1f4343536a4f,2862aefe-5b9d-407d-ab0d-d35f54f4c633,created,2026-03-03T03:15:39
5bc7ff3c-9a5d-4933-83ee-2aac85ce421c,2862aefe-5b9d-407d-ab0d-d35f54f4c633,picking_started,2026-03-03T10:50:34
4d206d93-8552-4cb8-983a-163726e91332,2862aefe-5b9d-407d-ab0d-d35f54f4c633,picking_completed,2026-03-03T17:54:35
ef1e2e14-a892-48cf-875e-6ca9b7c87cd6,2862aefe-5b9d-407d-ab0d-d35f54f4c633,packing_started,2026-03-04T03:06:35
4480cd0e-1a69-4720-a9a4-d020687acdc1,2862aefe-5b9d-407d-ab0d-d35f54f4c633,packing_completed,2026-03-04T05:34:21
41366077-98d0-468e-af01-8df74f60b8dd,2862aefe-5b9d-407d-ab0d-d35f54f4c633,shipped,2026-03-04T15:58:20
cba7b18e-c387-4233-9b8a-4a9b96b1f2cc,542e75ad-8ae4-4ba3-b3b4-4633b2896eb7,created,2026-08-04T00:15:07
0f8ca923-bbeb-4d12-b2dc-99ee77d33254,542e75ad-8ae4-4ba3-b3b4-4633b2896eb7,picking_started,2026-08-04T01:08:09
46f270f3-205d-4dad-aa2f-6dc7b127561b,542e75ad-8ae4-4ba3-b3b4-4633b2896eb7,picking_completed,2026-08-04T05:30:23
f27a6a1e-21b9-43c7-b871-b31862d5e8f0,542e75ad-8ae4-4ba3-b3b4-4633b2896eb7,packing_started,2026-08-04T06:35:29
a77e0232-5eeb-45f6-8677-86960c376356,542e75ad-8ae4-4ba3-b3b4-4633b2896eb7,packing_completed,2026-08-04T12:25:54
5812895d-e5ed-4dff-a48f-f8c5474e8aea,542e75ad-8ae4-4ba3-b3b4-4633b2896eb7,shipped,2026-08-04T17:38:39
7ec5bfd1-88da-4289-a6cb-6ace215871ab,9b743d61-c1fd-4199-a0aa-8a540a5c25e8,created,2026-06-30T22:12:34
c2791aa0-67ba-40aa-bdc0-9817ab05ed9a,9b743d61-c1fd-4199-a0aa-8a540a5c25e8,picking_started,2026-07-01T08:22:49
ce46e8cc-ab4e-45c8-8891-b6456bdd3d8a,9b743d61-c1fd-4199-a0aa-8a540a5c25e8,picking_completed,2026-07-01T13:42:47
1b0172a0-3c3b-4e0b-b3ac-c7ee43a0a9fc,9b743d61-c1fd-4199-a0aa-8a540a5c25e8,packing_started,2026-07-01T18:09:13
ee769cc0-bdea-44b2-968c-6e08029fdf8c,9b743d61-c1fd-4199-a0aa-8a540a5c25e8,packing_completed,2026-07-02T04:50:09
40c533e2-c1e1-47fd-b2ba-57b829ebf26e,9b743d61-c1fd-4199-a0aa-8a540a5c25e8,shipped,2026-07-02T07:01:12
