id,cart_id,customer_id,started_at,completed_at,status,shipping_method,shipping_cost_cents,shipping_line1,shipping_city,shipping_region,shipping_postal_code,shipping_country_code
c2d9ed19-a5ec-4df6-9fce-7fa8090f0697,8d05bcca-5895-48d5-b607-44c11082ab38,a3d91be1-b5d9-4d3c-bdd8-ab49cd378f30,2026-05-12T06:23:40,2026-05-12T06:29:40,completed,standard,0,92529 Watkins Walk Apt. 111,East Amberfort,MH,12600,US
3c11c131-881f-4e3c-bed6-5737f9643212,f4f00938-40d4-4e00-bca0-5ff8ed59006a,9ede5407-362e-465c-a234-482e1f2411c1,2026-03-09T00:45:40,2026-03-09T00:55:40,completed,express,1200,931 Charles Gardens Suite 618,Lake Karen,AL,79575,US
4b859b06-ce1f-4e34-adb5-23f9f84cd4e4,0fbd7230-f403-4fe5-903b-03a6f04c09f7,,2026-03-03T23:08:15,2026-03-03T23:18:15,completed,standard,0,1620 Stephanie Plain,Lake Katherine,FL,97580,US
bbc91b60-90c7-4f3e-a804-32ca876bd9ad,c879f9e6-3b57-43c6-84d0-3ebdb83e09bf,,2026-03-18T14:59:48,2026-03-18T15:05:48,completed,express,1200,023 Fox Ford,North Andrewfurt,MA,26518,US
16c125ab-cb8b-49ce-b0a4-3114588df68c,70ee0916-0801-4702-a10f-e89e22d53f4f,3218db6b-84e5-453d-8de9-a966eecbacc6,2026-07-21T19:09:55,2026-07-21T19:16:55,completed,standard,0,7560 Reid Coves,Wellsview,NE,73545,US
304ef86c-a9e1-43a5-91f7-f3032bd2ca1f,39383d56-7ec4-4e98-a648-980b7d2022c1,,2026-06-16T15:24:35,2026-06-16T15:27:35,completed,standard,0,6593 Jennifer Mall,North Marystad,DC,27221,US
ea3d6a42-ee9e-4cea-970d-117e38786463,03260f88-9cb2-45f8-9097-3a545d926998,,2026-04-09T22:38:43,2026-04-09T22:44:43,completed,standard,0,0187 Jared Meadows,Jamesbury,NJ,05929,US
a6ccaa4f-ccfe-4b24-b073-a3d59a755b1d,c9414fe1-bb15-4bf8-97e8-d064ed9d7859,187d49e0-634f-4e10-a10c-3b0be7408be0,2026-06-07T16:31:52,2026-06-07T16:38:52,completed,standard,0,4596 Lucas Villages Suite 314,New Cindy,ND,88911,US
a7eb73fd-e44e-4cf0-b320-985f6da24df8,d10d8b31-8515-4592-89eb-9763b4b5f313,04edb858-b8d9-455a-a1f2-f236df11a91f,2026-06-08T09:22:45,2026-06-08T09:28:45,completed,express,1200,0229 Williams Inlet Suite 327,North Amyland,VI,06357,US
c46f2285-789e-4d4d-9611-7c23fa0a604c,e7661f2f-2a33-434d-85f1-2980bcfd7d43,4ba2a669-8d0b-4aef-96c0-aae24b7711ff,2026-06-14T07:56:53,2026-06-14T08:03:53,completed,standard,0,1996 Ryan Fall,East Carrie,NJ,44314,US
d2a9859e-eed1-41f8-902b-b5ed6b6d8147,6b5a3a1f-f967-4430-8da9-2043ca4abf21,2aee3fe5-2eb0-4391-bb79-d4d4ffdd9931,2026-08-07T21:47:38,2026-08-07T21:54:38,completed,standard,0,836 Wells Drive Suite 047,Gregoryhaven,TX,05877,US
9ffc3e91-0b72-4e0a-a484-7a0f8b63ee0e,0871fe18-c666-4386-954e-c9d64755a430,0a42e609-2a53-4824-bf02-0088bdb9b149,2026-07-25T14:25:06,2026-07-25T14:33:06,completed,standard,0,5915 Anthony Mount,Gibsonview,PA,86747,US
0e5df425-c648-43a8-abde-b7df521ed814,de78d2c9-43da-45d5-8b54-353953f52923,0872893c-bf01-4853-b91f-a1cc0263fedf,2026-03-26T05:10:50,2026-03-26T05:18:50,completed,express,1200,9155 Lopez Greens,West Thomas,RI,45471,US
e757fc80-0354-4bd7-a6bb-9f7a66cdfca0,261ef5b6-2166-41a4-b4dd-0b469c749c5d,2e2960d6-f2e9-4048-b234-fb21f0f72405,2026-05-27T22:13:12,2026-05-27T22:21:12,completed,standard,0,73929 Pace Shoals,Bowersville,TN,73175,US
c7a110d0-d260-4eed-a156-2e4c4e90e9bb,6696d564-ea08-4009-8b40-3f1193ec4ba3,,2026-03-28T19:44:42,2026-03-28T19:51:42,completed,standard,0,23095 Elizabeth Haven Suite 317,Port Matthew,MO,06861,US
8f8d7c25-f4eb-42f0-9012-61460c190e2d,84428938-5193-4eb8-9706-df57ab3bc5d5,,2026-07-23T11:22:19,2026-07-23T11:29:19,completed,pickup,0,1133 Martin Walk,South Brian,RI,67614,US
c9c307e7-73df-46a4-85fc-2fd5b2483a37,bcb9f3fc-0c11-431c-9d3f-49b333954c5e,77475cfc-c7a4-44fd-aa82-b68053aa7540,2026-03-01T19:52:08,2026-03-01T20:01:08,completed,standard,0,3236 Lopez Shores Apt. 774,Williamstown,NE,61263,US
ebb99bf1-db4b-4777-801f-038e0437da59,597fd7b7-283e-46a4-ade7-7f6da45dc4e1,,2026-07-17T12:00:05,2026-07-17T12:07:05,completed,standard,0,9790 Todd Union Suite 047,Baileytown,CT,49677,US
b8138734-be83-48ce-884f-a6f37b7e598c,0493b49a-9c43-413c-9ac5-c93e7761f3fa,33326773-e843-48d9-9641-9990733d705a,2026-04-02T11:34:15,2026-04-02T11:41:15,completed,express,1200,9520 Hughes Bypass,South Tamarashire,OK,02211,US
69d47978-74a6-409f-8507-3c829dc5c98a,b2e102b4-717e-41b6-89f2-1712f3403f8a,e6ef189a-76de-4ef5-ace2-676d69273e22,2026-07-02T00:44:11,2026-07-02T00:52:11,completed,express,1200,27846 Gonzalez Springs,Kevinport,PW,,US
97fa50be-01b2-4a4f-9c47-0eeb3e21cd18,eff95d5e-9ede-4d7e-be92-9b3c5cbdf392,53ed5bac-fa7d-4b1d-a73c-6c2b9845c1d1,2026-07-09T22:57:30,2026-07-09T23:02:30,completed,standard,0,8263 Jennifer Crossroad Apt. 964,West James,CO,03861,US
78cb0787-1720-471e-a05a-32c04f70132a,ef4ac8d9-7360-4c5c-858f-4df41d2e8aac,,2026-07-30T12:47:47,2026-07-30T12:55:47,completed,standard,0,2021 Sandra Ford Apt. 428,Hansenhaven,NC,93512,US
71ac8b68-d6ef-432c-ba8e-cfdc4ebb38b6,5c06f0f4-a807-4185-8add-941a10e23aa6,be6fcaa5-9911-4bb6-b97c-47eb53c88b32,2026-02-25T07:04:10,2026-02-25T07:11:10,completed,pickup,0,56638 Rick Trace,Davidville,NC,18315,US
b4ef3add-ced2-4795-9146-aef39ad48a81,600f68fe-2dd7-4a44-997c-583e31dfd84a,,2026-04-15T10:33:08,2026-04-15T10:39:08,completed,standard,0,83974 Nguyen Landing Apt. 853,Hannahshire,WI,22281,US
9f30001e-546c-4445-b1fd-6c8718388ef0,7af31582-1801-4f62-8a32-a8a1f9503579,ae6e644d-c310-4f23-84dc-5063fc2e2953,2026-03-04T08:08:56,2026-03-04T08:15:56,completed,pickup,0,0930 Park Summit,Johnhaven,TX,80349,US
475a8ad6-d8aa-4a17-8047-dfbdb3a25822,0bdd460c-0032-4b03-80d1-8b09181cbe39,2661b9e7-3b2c-40ea-b349-251363d10a4e,2026-07-10T02:52:37,2026-07-10T03:00:37,completed,standard,0,37638 Daniel Stravenue,Alexaville,KY,86784,US
ac032b7a-4f23-450e-a4d1-f030ac384f68,ede98a9d-6ae6-45ee-a04b-04d0f202a8d6,3f3af4f6-a87b-4f03-8669-2e1a8e3c6d8b,2026-05-21T12:00:00,2026-05-21T12:09:00,completed,express,1200,86376 Chapman Streets Apt. 624,Cannonland,LA,78920,US
d464285a-9f24-4852-b084-eef52e281cc2,c449d696-1234-474e-83e3-c3ec9b70041a,,2026-02-27T10:28:25,2026-02-27T10:34:25,completed,standard,0,163 John Inlet,South Pamela,ME,71483,US
c57a63d8-6a8a-4d78-82e3-eb7e426c34b8,2ca09a53-1e16-4d54-836a-8db5927dcf02,19a47a26-3ca3-42d2-9e2d-8da79f09b587,2026-06-04T07:06:55,2026-06-04T07:14:55,completed,pickup,0,0079 Green Flats,Cervantesstad,IL,53097,US
ff975f45-0642-4955-b4e3-591efb9ec864,fb420136-fb13-42db-93a4-faf9c9c46acd,,2026-06-09T13:31:47,2026-06-09T13:39:47,completed,standard,0,6333 Reed Square,Danielborough,CA,33142,US
5b6dcc44-3266-4809-9242-b528f04cd566,dc0c0fd7-fab7-4aa0-a13c-5108b92c0b15,8c5628d0-6d15-4a6d-80f2-9c723e39ba83,2026-07-09T09:20:29,2026-07-09T09:26:29,completed,express,1200,83647 James Plaza,Cooperside,GA,62322,US
c69dbb95-6574-4632-91a9-87ebcdca6894,ba8d699f-0bed-4011-9913-3021e662b599,,2026-07-02T16:37:42,2026-07-02T16:43:42,completed,pickup,0,7426 Carlos Drives Suite 700,Noahport,ME,32750,US
abb786fa-90b0-4ac2-8ccc-29f2b67381ef,d544467d-a745-4408-9fc9-47a64d6410d5,628b0262-278b-4522-aa31-ed61da01b78a,2026-02-20T21:53:37,2026-02-20T22:00:37,completed,standard,0,58189 Sharp Spur,Arianachester,CT,15189,US
f41c0386-5952-43b8-ad5c-3a317d992a0b,2d1e775d-e703-45c5-8e40-e73ce246af9e,,2026-03-03T07:11:25,2026-03-03T07:17:25,completed,standard,0,3392 Horn Skyway Apt. 058,Pughfort,NC,34539,US
63b34c6c-5627-45ca-9755-20ec5b186896,94d8febd-ed56-4374-b4ca-e792b6543351,ce8210c0-c537-4fd0-80ef-c3e8063b748a,2026-04-19T22:14:20,2026-04-19T22:21:20,completed,standard,0,6383 Williams Ports Apt. 306,Joshuaville,WY,72506,US
ec8caff4-aa6c-4804-b81a-de9ca4ec5b80,6ff72b5b-d492-46c2-84ce-b016c8110572,,2026-05-10T13:26:42,2026-05-10T13:34:42,completed,standard,0,3762 Kyle Union,South Jeremiahmouth,ND,19031,US
58da401e-9e8c-42c3-b22c-5e4e80d05671,597e5f42-84b9-401d-b7e4-93bc2a148461,afdabd06-a2b4-497a-93b8-7bcf582b5d3b,2026-05-18T06:07:58,2026-05-18T06:11:58,completed,standard,0,29462 Mary Ramp Apt. 556,Port Judytown,AS,28631,US
03267644-c31b-4e7b-b6bb-000350caec96,9b4b4bea-3e7c-4fda-a5e3-f36085b1c751,,2026-05-25T19:37:08,2026-05-25T19:45:08,completed,express,1200,77747 Estrada Alley,Joeland,NH,47549,US
e48f9f64-adb3-4286-9ade-f4dd8f2abd7c,fa11e1a9-e989-4c3b-a77c-e60c0c39da54,,2026-04-08T11:07:14,2026-04-08T11:14:14,completed,standard,0,659 Harris Forges,Lake Mollymouth,AZ,96232,US
0f61e28e-7a75-4a43-9adb-42c84c77d741,d9c225f7-2e80-494a-8afa-8d312625464c,,2026-04-07T01:46:10,2026-04-07T01:52:10,completed,express,1200,6285 Allen Glens Apt. 702,Monicaborough,DC,85002,US
c4bf1fca-d874-4ab0-ab5e-9c6e819f7d25,2f203ed8-c721-4f88-b544-f1e2623b6bc6,0688ed48-bbd7-41d6-b5ef-c2cd771f72c2,2026-06-01T18:24:55,2026-06-01T18:32:55,completed,standard,0,48889 Clinton Mount Suite 224,Pamelabury,IN,34087,US
9fcc9915-a7ff-44c1-8d0f-59f1a67ca6cb,2132d19b-048a-4628-a3a2-61b1140bba19,,2026-08-09T01:09:58,2026-08-09T01:15:58,completed,express,1200,3455 Hampton Village Suite 976,Chadbury,MH,34571,US
22f3f369-c0e7-4646-91a7-f308c385d8a7,7b2f5f1b-b00e-4ee5-bace-06c4c5ef37cd,,2026-05-17T11:54:19,2026-05-17T12:02:19,completed,standard,0,14476 Christian Court,Laurenside,VI,64201,US
07a77e4d-c633-4662-8ec9-5ca617650869,574f4b13-5820-4883-9bb8-dd7f7209fa89,fe2e9f59-c77b-4756-ad2e-fe864a560344,2026-08-06T11:21:22,2026-08-06T11:27:22,completed,standard,0,6242 Alexander Rue Apt. 276,North Derrick,AS,55008,US
80c232ae-96d2-4f09-93ee-582eba557cc9,b774f526-b3c2-421e-81d1-40b73e815661,caa8f40a-63c6-4789-87ad-05b99d694a15,2026-04-29T08:13:18,2026-04-29T08:22:18,completed,standard,0,0695 James Overpass,Ramseychester,CO,57826,US
f6b601ad-1a76-4066-aab2-5d90f10347b3,c4fa2427-9349-42d5-abd8-5590f3f98019,b65fff66-1997-4dd8-bc91-1349a415e4a0,2026-06-19T04:19:58,2026-06-19T04:25:58,completed,standard,0,38503 Jones Port,West Tinachester,PA,97401,US
9d7dea03-72cf-4913-a3ef-6579fe6d7253,46fbed0d-dcd0-4f4e-8ed6-d6bc17599f8f,3e5dc535-3e67-47d0-8eed-547c7f51e8c9,2026-02-22T11:20:42,2026-02-22T11:26:42,completed,pickup,0,484 Julia Street,East Alexandraton,IL,30331,US
00f771f2-d1c2-46bf-90f9-4f7c1bcf2090,5a59f19e-fceb-4985-92a4-b345337b8eba,0e4dbbf0-e4a8-4015-9595-c0b9bec0f9e5,2026-07-14T04:26:00,2026-07-14T04:35:00,completed,standard,0,293 Derek Dale,Richardville,IL,27293,US
169e6146-8054-4a64-a17d-b4c46081d30a,602cd1ca-9a77-4831-89da-d4f71950e019,a2effce6-3ad2-4811-940b-bbb5a4ad9b67,2026-06-01T01:02:19,2026-06-01T01:07:19,completed,standard,0,3970 Floyd Radial,Powellville,NH,63195,US
93f44239-0645-40ee-a85f-c626346cf3dd,f8314f1c-203b-4d48-8e5c-99c7ff5e03c5,,2026-03-03T01:25:05,2026-03-03T01:31:05,completed,standard,0,2672 Jonathan Islands Suite 480,Davidbury,OH,67334,US
80658fd7-2c3d-4f43-b96a-adadf0fee152,89a2e121-aedc-4b8f-8413-907e29949843,b01b46fd-8f75-4db5-806d-c5c5980008c4,2026-05-15T06:46:00,2026-05-15T06:51:00,completed,express,1200,639 Poole Unions,Andersonfurt,VA,23270,US
8ca92c1c-838f-4163-8436-e1706d5d9e49,f3cbb9cf-ba1d-42be-950e-715edfd75d1e,27e89b40-f32c-4604-8a79-6d1613bde382,2026-02-22T12:33:30,2026-02-22T12:38:30,completed,standard,0,9246 Douglas Forks,Kingfurt,NH,93940,US
c2bb61fc-dbbe-41b9-9ed5-0964d211fda8,47578b73-336d-4424-879e-fa0a2cd90853,24ea0325-a7d6-4388-b86c-7b51e5805b26,2026-07-12T23:47:39,2026-07-12T23:52:39,completed,standard,0,904 Jay Rest Suite 723,Burkeshire,GU,24340,US
5ced0d38-c0a3-4e10-995a-ae91c02d809b,34bb4528-1f84-465e-8ece-6f1ffb747579,d5e5a6a6-cb8d-4d62-8551-298dee7f1f9f,2026-06-27T07:08:23,2026-06-27T07:13:23,completed,standard,0,09548 Joshua Vista Suite 374,Brownmouth,FL,94448,US
0858ca5c-3561-4293-b365-8eb1aaaefd46,e3eafb87-0a50-479a-94ce-e851b33db6a9,,2026-03-11T12:16:27,2026-03-11T12:19:27,completed,standard,0,2846 Daniels Walks,Kaitlinburgh,FL,90675,US
d0d9c309-c68c-4433-8b5e-b571b1f70ad3,77dd3078-1a9a-4cf2-8c66-4018c7758ab5,3455f0ff-3219-4cd9-acd8-091f34518293,2026-05-18T00:12:59,2026-05-18T00:17:59,completed,standard,0,2515 Marie Vista Apt. 447,Josephtown,WA,83230,US
c4e03e5e-a541-49b2-9909-4c279c76c16f,f211106e-f075-4353-b521-be6b5c0d3d16,,2026-05-11T13:14:14,2026-05-11T13:20:14,completed,standard,0,8267 Gerald Passage,Lake Natalie,MI,51519,US
eb933685-b3ec-4129-a0a0-d1de0e39ccda,038096ef-aade-4790-978c-520d9cc10de0,afdabd06-a2b4-497a-93b8-7bcf582b5d3b,2026-03-16T21:41:04,2026-03-16T21:49:04,completed,standard,0,29462 Mary Ramp Apt. 556,Port Judytown,AS,28631,US
beffe539-6497-4fd5-b1be-e9aa178b26b0,bfa7fb09-eb8d-4a63-860a-23f55a1b222b,387603c1-d2a6-475e-ab4c-9ba7aa78bb27,2026-08-03T07:46:06,2026-08-03T07:52:06,completed,standard,0,200 Nelson Glen Suite 539,Brandonside,OK,09667,US
29a6dfe8-7391-48a2-9074-9bbadba1c225,0554611c-14d5-4475-8747-f0ffcbd83318,b01b46fd-8f75-4db5-806d-c5c5980008c4,2026-05-22T22:26:04,2026-05-22T22:32:04,completed,standard,0,639 Poole Unions,Andersonfurt,VA,23270,US
79a74e0b-856b-48bc-9c50-17c460cb9650,27bffd87-b08b-439e-8e5b-8d1c9be27982,50fb8eb8-955f-41ca-ab6a-faaff8141652,2026-02-25T23:43:26,2026-02-25T23:50:26,completed,standard,0,1976 Heather Freeway Apt. 012,Ibarrastad,NH,83215,US
5c135492-9767-445e-93c9-4310edc46ee8,c2116b7d-aa41-420e-bf6b-9fe29dd4b049,,2026-05-13T22:31:23,2026-05-13T22:37:23,completed,standard,0,75075 Jennifer Orchard Suite 231,Vargasstad,PR,18087,US
598cf036-8365-42cf-b742-93f4ae0bb8cb,d6eeb4fe-47fa-4a72-b02e-d9ae209817c3,,2026-04-22T22:22:38,2026-04-22T22:28:38,completed,express,1200,942 Corey Valleys,Port Tinashire,HI,31685,US
2b2b234c-91d7-41a7-b6f7-9d27f8021705,f3a05c54-d669-48dd-bf01-c239b452d0ae,,2026-03-13T09:15:30,2026-03-13T09:23:30,completed,pickup,0,6648 Sylvia Locks,North Colinburgh,NY,39069,US
fa1a10e8-e7bc-4e4e-9d4f-2c35fecfad9a,b28c81fb-e825-4299-a6a8-049545439b9a,2347081e-7ae5-4085-a0d6-d1f551721f69,2026-05-14T15:37:31,2026-05-14T15:43:31,completed,standard,0,833 Williams Bridge,West Michele,KS,23507,US
e1523113-2408-47fe-b8f4-cb38467b02ed,82f1ebfe-5dda-4322-914b-963618071562,84f7f075-d17e-4662-a11c-bc80e28b12f5,2026-08-11T00:42:03,2026-08-11T00:49:03,completed,express,1200,6484 Mendoza Islands,Molinaberg,FL,28002,US
c559b52d-8fb4-4591-92b7-59fe381e6e50,7c2a75ef-8164-4a65-ab0e-a5e6cbcbea3c,,2026-04-24T04:13:06,2026-04-24T04:18:06,completed,standard,0,051 Randall Heights,West Johnfort,WI,47559,US
0e48c2cb-a7ca-46c9-9a57-4534ed34838b,56dd9da0-ec53-4876-b104-30afc634900a,bea5ef1d-43b9-4df5-b3d1-436f675ec066,2026-03-07T02:50:15,2026-03-07T02:58:15,completed,standard,0,362 Dudley Pike Suite 236,East Philipside,PA,,US
9e18ab06-684d-496c-822b-548d809605d1,6bf8a61b-d1d7-4ca3-9425-e5abaa856436,d50199e3-7c9b-4921-9920-d234b5fc561a,2026-03-11T21:27:06,2026-03-11T21:32:06,completed,standard,0,5837 Jeanette Park,South Keith,TX,78070,US
d5b53df9-8837-4f8c-b691-5730e6319d0e,451dade0-a97c-4d69-b90d-6da0457fbe78,eccb6e23-700f-4b9e-803e-9c681f12dd9e,2026-03-08T16:21:37,2026-03-08T16:26:37,completed,standard,0,521 Amber Lodge,Rebeccaburgh,SD,39142,US
e84ba598-8893-4391-9f6c-555e982cbe7f,0e461f5e-fe74-4695-98d6-33d41fe8d1d6,,2026-03-31T01:30:39,2026-03-31T01:36:39,completed,standard,0,2408 Sandra Port Apt. 291,Donnafort,IN,45599,US
8dfe4a7e-d409-4ebf-aa5d-14ef8ec9e8da,e73477ba-dd76-425a-a20f-158bc06e43b0,0a34659d-f0b2-4bdb-bf92-759aea838e90,2026-08-08T21:30:54,2026-08-08T21:34:54,completed,express,1200,5027 Victor Island,Port Tarachester,KS,68749,US
4cdcbcc1-ac4d-4f3f-a5a9-e3e1b8f2684d,7035f60a-e0c9-4872-aab7-a99306e9735f,9400a9f1-7dfe-440e-9992-ce7a2dd5b296,2026-04-01T11:29:59,2026-04-01T11:39:59,completed,standard,0,2989 Stephanie Manors Apt. 974,Jorgeborough,VA,03126,US
511a6b5c-078d-4cc4-b9fc-e6387e9244f1,2c5d9252-7f03-40b1-8920-1af461c4fc39,,2026-08-14T23:50:55,2026-08-14T23:55:55,completed,pickup,0,47534 Stanley Grove Suite 563,Perryside,VA,06000,US
62826370-cb52-4cba-8b6c-983485390e88,5cbb7fab-0e10-4520-bcb7-598ac3938f55,c630fcf6-11c8-465f-9498-0839aee67e55,2026-07-19T20:08:00,2026-07-19T20:14:00,completed,pickup,0,431 Liu Brook Suite 502,East Anne,DC,68477,US
77fbefc4-134f-47ef-b6b7-6ea73afa5d54,000b8fa6-8d61-4ef3-9b11-0f11163b0905,d18e4429-67b8-4ac0-8d74-6c1d026d15a7,2026-07-11T15:46:19,2026-07-11T15:51:19,completed,standard,0,8589 Henderson Pass,Henryhaven,WI,72964,US
4c27d0c1-e69d-472d-a15a-5ff3fb484f39,29361c1f-4047-4582-bac1-14f72c7fd159,,2026-08-08T16:31:59,2026-08-08T16:40:59,completed,standard,0,38064 Ramirez Mission,East Sean,IA,51845,US
10d63f74-6f8c-46f4-b448-4ae868a0a596,1bbbc1ab-2779-489b-9a47-993b9976ffd9,c401aa52-5d86-4872-a6fc-75f431023457,2026-06-20T12:38:52,2026-06-20T12:44:52,completed,standard,0,58295 Melissa Ports,Port Laura,GU,91362,US
42ce4004-3ea6-4875-8bbe-36d3d69249c1,375d163e-ae4a-42ec-85f4-3c9897314b2b,,2026-07-31T19:30:59,2026-07-31T19:35:59,completed,standard,0,732 Peterson Green,Heatherville,AK,52432,US
2beb3529-3cd5-4526-aeb1-3a7b49f82e39,4e6cd492-ace2-4584-bb26-7195c6235e0a,1bcdbd0d-0e2f-4fdf-a8d5-214d3b49c7e2,2026-07-14T11:35:34,2026-07-14T11:38:34,completed,standard,0,7951 Jeffrey Station Suite 319,Jessicamouth,OR,55651,US
1f615482-9d72-4ed7-814b-e0ee2f5b0f45,b57cdb8d-84ec-4255-b83b-22bb6ad61a0f,,2026-03-29T06:30:55,2026-03-29T06:35:55,completed,standard,0,78171 Fowler Lights Suite 215,Stephanieport,MN,36101,US
3a6286c7-62e1-431d-b2ac-abfb67cf0b59,53587280-b035-41d5-9eba-6055c05c2d1e,69731d27-9caa-46cf-8933-d01e29b20043,2026-07-29T19:53:49,2026-07-29T20:00:49,completed,express,1200,878 Danny Key,Allenbury,AZ,89964,US
8b94c4b7-6cca-4321-bf97-d1b058dabcc4,12e4c0cd-7ae0-4782-9a0d-e9fc7f949f47,b2263d08-d05d-4240-a470-6fe31527b9d2,2026-04-07T04:14:04,2026-04-07T04:21:04,completed,express,1200,904 Daniel Mountain,Barnesmouth,IN,39188,US
a9c0dbe6-195e-4b5c-b353-d2f8cea32154,12410c18-0d67-4570-9881-71314c4195a4,98c7adf1-31bc-45c1-85fb-dbf53b4a53e2,2026-08-06T21:39:48,2026-08-06T21:47:48,completed,express,1200,8332 Becker Walks,Alyssahaven,OR,80777,US
a41b4c9d-928d-4c1c-93cb-8adad95988b4,2a10b816-d531-4ba9-9c1d-47a0056b77c9,,2026-03-18T08:59:52,2026-03-18T09:04:52,completed,standard,0,24911 Tommy Hollow,Robinsonville,VT,07370,US
7a3eb917-d344-44e0-9da4-995e90d0b878,7baf051f-5b19-4edf-ac97-8ca2969904f4,a31129ac-6e82-4a23-86f3-3d708e019069,2026-07-05T08:31:16,2026-07-05T08:41:16,completed,standard,0,9927 Tara Skyway Suite 515,East Dennisport,TX,52093,US
cc38dea8-23b9-4159-ba36-b05297fdbcf5,ce879146-33db-40ec-ad99-0e9e456a2130,ce73a9b8-27f8-4c9f-941c-4b99a646fb32,2026-05-12T22:43:11,2026-05-12T22:50:11,completed,standard,0,34485 Lambert Groves Apt. 241,New Anitaville,IL,71611,US
8e81e7a3-caf4-4738-923b-526e2d4ccbcf,875d6f15-96d4-4ab7-a5b1-10a7216f09f3,,2026-06-08T04:42:35,2026-06-08T04:50:35,completed,standard,0,000 Eric Crest Suite 811,North Marymouth,MS,38384,US
f299adf0-9635-4ad7-8abd-2c20642e4045,c0ad246f-a1a0-4997-83d6-1e00d6445a74,fa2a460e-af12-4197-b38d-d2822d96e879,2026-05-06T00:38:54,2026-05-06T00:42:54,completed,standard,0,5799 Eric Streets,Saraborough,PA,04374,US
8f5e6f2f-15f5-4766-be37-a390c1a0a6ed,6f34ee57-815a-4888-8712-57242707d7d2,bab8979a-8cd9-477b-bbd7-2e1dbab88437,2026-08-04T08:02:16,2026-08-04T08:08:16,completed,express,1200,59026 Walker Mountains Apt. 980,Lake Annettestad,PA,68542,US
623f0fc2-f1a3-43d3-9530-ad11900e78c5,3510bc0f-0a54-4df4-99bf-4955941ecb00,19a47a26-3ca3-42d2-9e2d-8da79f09b587,2026-05-13T12:41:04,2026-05-13T12:48:04,completed,express,1200,320 Ellison Ports,Lake Ambershire,MN,11270,US
c2c09c99-6c65-4ed7-98de-5eb6b7b0c629,0ada652e-b265-4449-8d15-df1b80ea3ce9,,2026-04-29T01:03:32,2026-04-29T01:09:32,completed,express,1200,5848 Wagner Court Suite 802,Aaronberg,GU,99065,US
067a719d-ddaa-4e45-b535-1f6606abb521,25112ef8-9697-4e9e-8b41-37adb6980ee0,249c5605-e2c1-49de-825b-aeef4ba19a9e,2026-07-06T22:57:21,2026-07-06T23:04:21,completed,express,1200,223 Murphy Estate,South Erikastad,AL,,US
f1b01b3f-35ee-4cb3-b16c-e1ac2270e4e9,2e42a1a3-8c7c-4062-b7cc-44a7f92debd9,,2026-03-09T13:43:49,2026-03-09T13:49:49,completed,express,1200,72359 Jane Junctions,Port Nicoleview,MO,50240,US
e34200cb-464e-4a30-8075-e2705b919f52,54982e54-2f8c-45fd-85d0-d7f472122634,62e44a82-c99b-4d04-9abb-f6a2eb97c7ec,2026-03-05T10:14:09,2026-03-05T10:20:09,completed,standard,0,5025 Christensen Park,West David,CT,56720,US
7d2f7fc8-28a5-423d-aa04-1feabd721464,775cf92a-db8c-407c-aca1-f27618730d06,8f9052f4-d761-416e-8b74-a71f640df0d7,2026-03-02T23:50:01,2026-03-02T23:57:01,completed,standard,0,18385 Cox Terrace Suite 006,Kevinstad,LA,85987,US
14b9de07-e85d-41a8-af17-7bc91649dea2,425cd83b-b98a-4211-85e8-e5e9487236ae,,2026-07-10T13:01:57,2026-07-10T13:09:57,completed,express,1200,535 Christopher Road Suite 954,Port Diane,WI,31917,US
75928a6c-c3d1-4a85-937c-11c489c9c921,88020b67-a6cf-4ee3-9bcb-60c6ad253263,848485f0-198f-4efa-8335-707db71a7434,2026-07-02T10:06:19,2026-07-02T10:13:19,completed,standard,0,84895 Richmond Harbor,New Sylvia,NH,53448,US
096aa2ec-2fd3-4ab0-af1c-01e1ce0125e7,d4cd7db1-f80d-48a8-bf03-6a4be9200048,359ce707-dfea-41f8-be3e-8689b460486f,2026-04-11T11:51:08,2026-04-11T11:59:08,completed,express,1200,2801 Samantha Vista,Richardsonshire,HI,58128,US
0fd1c945-1394-4215-ab20-cd620f757202,5212caae-0379-45e2-86a5-da123cfb29b4,,2026-07-10T10:41:28,2026-07-10T10:49:28,completed,standard,0,108 Wyatt Squares Suite 944,Staceychester,OR,77897,US
7dcf8c42-26cf-4088-bc85-377dcaf22f13,8191131e-2166-4681-91fa-00f27941c7ef,,2026-02-26T22:20:22,2026-02-26T22:28:22,completed,standard,0,993 Schaefer Island,New Mariaport,FM,43258,US
6e8a55d7-3cd0-4a85-9534-790f889f76ea,c107f7d4-22e4-4cc8-8272-560167437225,,2026-07-29T05:00:19,2026-07-29T05:05:19,completed,express,1200,0600 Caitlin Summit Suite 366,Grahammouth,WA,97091,US
92fe3f3d-f0b0-4cd1-88e9-611b8a70ff70,8e3c1188-c66a-4161-8d29-b5c4d07a8bca,,2026-07-06T06:28:02,2026-07-06T06:37:02,completed,standard,0,90391 Patrick Mews,Byrdside,GA,90013,US
46dc5764-fd47-41ba-ba12-0591fec95da9,e88b4825-89bd-4c8c-8843-0c8d6611fcde,63af441d-70c7-4c4e-b495-80b967849285,2026-07-05T05:00:21,2026-07-05T05:05:21,completed,standard,0,9141 Li Lock,North Jacobview,NM,60107,US
669e5c74-1577-48da-9815-bdb6cf822b26,763f6c3d-cbf0-43c3-929a-0f00c7f7d50e,,2026-05-28T00:46:20,2026-05-28T00:50:20,completed,standard,0,365 Maldonado Circle,Jonburgh,FM,02666,US
ce852f53-dee0-4a82-baec-e5532d3f91d4,410fb1fb-9c20-4fba-bef4-59d4ec07aa02,0f1df561-31c0-417e-909b-4b054c45baaf,2026-02-22T00:25:38,2026-02-22T00:32:38,completed,standard,0,222 Cynthia Throughway,Jonberg,MI,,US
719a9d92-ed1f-4578-a7c1-a57c7863f908,79385bed-f5d4-4d36-bdc2-8d494577c71a,,2026-03-10T16:23:26,2026-03-10T16:29:26,completed,standard,0,156 Dawn Lake Apt. 406,South Brittany,GA,73788,US
e47524a1-2f79-48f1-8777-3de2d88f921c,24821986-70bf-4fe0-a971-80bea25266e2,14dec3ce-7570-4c3f-af8c-e9c0d74cfcd2,2026-02-17T00:25:10,2026-02-17T00:33:10,completed,express,1200,0066 Nixon Courts,Michaelport,MP,09060,US
7460f697-1dd6-41d4-8be7-8c13157090ce,66a7eee2-7bd8-4ee8-a9e3-ffab1a740409,b66095e0-346f-477d-8c25-3b70d4dfab70,2026-03-21T13:30:49,2026-03-21T13:37:49,completed,express,1200,22069 Calhoun Island Suite 120,Lake Derekmouth,MH,41624,US
2e01b80f-3f11-4c87-b897-fda00e7f02fd,470dac13-082a-422b-89f4-8858407615d6,,2026-04-08T16:31:00,2026-04-08T16:39:00,completed,standard,0,71707 Mcintyre Falls Suite 861,West Anthony,ID,89424,US
7bda6d1a-f057-4258-bba6-cb8c70dc2c39,936bef3e-c1d8-4972-9dfd-fcdcfc526234,,2026-02-25T18:01:30,2026-02-25T18:08:30,completed,standard,0,05704 Webb Lakes Apt. 330,Kennedybury,SD,35609,US
cf972f4c-b0bc-4f7b-a618-abfaa1f576be,51928fcf-6653-4bff-946f-3c537cc3b8ff,,2026-03-16T05:16:40,2026-03-16T05:23:40,completed,standard,0,6247 Taylor Place Suite 335,Katherineshire,LA,93786,US
a93c2669-9c6a-44d9-85ba-3f669fc56a86,546d4bfb-d056-47b0-9c65-8127ec2011fd,2dcc7662-f1ce-442c-b998-bbe351d5e186,2026-04-07T05:28:40,2026-04-07T05:37:40,completed,standard,0,4815 Molly Plains,Nicholsfurt,ME,01606,US
cd022971-7184-4c49-9a53-894e99ab8243,ff9c5336-0a96-49bd-ac38-164f0c72114f,,2026-04-06T06:22:31,2026-04-06T06:29:31,completed,standard,0,480 Nelson Cliff Apt. 359,Ballardton,NV,98072,US
a8f24487-213f-45a8-8bc5-0b6921ee33a2,40f021fc-bf5a-4c2c-9129-7ad3d21370b6,0f708081-5838-40db-84a9-ca8b6845336f,2026-02-19T14:27:33,2026-02-19T14:34:33,completed,standard,0,1960 Johnson Run Suite 052,Khanmouth,KY,01696,US
6982453b-eea2-4503-93bd-52cffb9c734c,467667d5-5010-44ff-80b1-19e8addbb4f0,aa006c1b-6b97-4f02-99a9-57923d13eb8f,2026-04-13T21:20:14,2026-04-13T21:25:14,completed,standard,0,598 Deborah Haven Suite 788,Riverston,UT,86331,US
38a82fb9-3c8c-4ff4-9e0b-274eeb1f530f,10e56260-283a-418b-9804-fcc3bcd243c5,,2026-05-13T22:48:21,2026-05-13T22:53:21,completed,standard,0,30560 Oneal Lane,South Stephen,KS,39308,US
6d469572-4a94-4377-b1d5-c69c82f89cca,41a33d18-2780-4687-937b-1e04b4b3bd83,,2026-06-18T18:15:31,2026-06-18T18:19:31,completed,standard,0,2249 Vicki Springs Apt. 970,Maynardfurt,VI,35755,US
a0c930d4-2cda-483a-b0ea-c0e2fe6c52e5,2cdf4dfd-ea9e-4331-b4fc-3f500aa0056c,1c3dc001-75eb-4fb9-b3ad-59a3be5b31ac,2026-03-04T21:24:30,2026-03-04T21:30:30,completed,pickup,0,8077 Shelia Keys,Jocelynmouth,KY,17443,US
12d98fd6-40b2-4719-a477-3f1474a7638d,efa509b0-6ea4-4efc-87ec-902ae76234bd,,2026-05-27T08:56:40,2026-05-27T09:03:40,completed,express,1200,6099 Williams Shores,Dayside,NC,84426,US
67cc2884-c2dc-443c-9d6b-0ee016ace43a,3550498e-f987-4437-a158-fbcb7b6b7d51,,2026-06-29T17:35:24,2026-06-29T17:42:24,completed,standard,0,323 Irwin Mills Apt. 733,North Robertside,WA,31584,US
1cf47add-67e3-404b-b25a-33ceeceaec8b,4363aef0-47d9-4039-a260-ca01c3770967,6a0e8a99-d39a-4600-9876-1344b693450f,2026-07-13T05:11:44,2026-07-13T05:16:44,completed,standard,0,98763 Flynn Run Suite 846,Jamesfurt,KS,,US
9f479218-b1e8-4555-8ea9-15e5625e85dd,f45c9f4f-d9b3-4152-9e98-dd65a04bfb5d,4c11a926-7100-4d06-8910-5b0d5f3d7e9a,2026-04-08T23:11:31,2026-04-08T23:20:31,completed,express,1200,96727 Heather Prairie,Andrewview,MI,27323,US
63597562-ff17-4061-b4e4-c98e09674dc9,4e8d6ad5-7665-466a-9d47-534c4ca8af14,80617fda-335d-411d-aed3-ca3917a8cff2,2026-03-06T10:12:15,2026-03-06T10:19:15,completed,standard,0,546 Leonard Trafficway,New Josephport,MI,55165,US
4c6f812a-9e6c-4051-bb58-de0c8d48b36d,eff5342f-d67d-4ae0-bf8b-c4ba6f4a8979,2251b079-d6df-4d71-bd74-d2a00e841a9d,2026-06-19T13:12:03,2026-06-19T13:17:03,completed,standard,0,12206 Lisa Islands,New Jamie,ND,52282,US
38c4b00a-d279-4183-88e0-55f70899a71b,53e02450-e6f4-4145-94c0-6ef870d9a739,6afcdfd4-7162-4241-9932-0cf1f3a2b6e7,2026-03-08T01:20:52,2026-03-08T01:26:52,completed,standard,0,839 May Road,North Jessica,IN,84059,US
903bc6ab-9847-4caa-8e97-90d0976eecc2,47add280-d977-43d4-9548-585fa66fdb4f,14dec3ce-7570-4c3f-af8c-e9c0d74cfcd2,2026-06-14T12:23:16,2026-06-14T12:30:16,completed,express,1200,0066 Nixon Courts,Michaelport,MP,09060,US
e0369ad1-b4de-42e6-a92c-0fa687b07974,c1e16b6d-8647-46ef-8159-006ff82256c4,,2026-04-01T19:18:15,2026-04-01T19:25:15,completed,express,1200,8087 Mcguire Lane,Tracyshire,VA,21728,US
5050c77f-07c4-401d-bbb5-92b89d5ceb34,dc90cce2-e01e-44a6-b9cb-9afa1060635d,612533b6-7eaf-45a2-b9d4-06192ce5620e,2026-07-22T16:43:22,2026-07-22T16:51:22,completed,standard,0,71286 Christina Coves Suite 410,North Ashleyview,WI,58943,US
31d0db05-c20f-411b-b7a8-4e9d2d61f930,8ae94738-6e9a-4fc1-be66-4e5c02c560e4,85e030d5-7bbc-494b-baab-665c95549265,2026-04-12T02:11:42,2026-04-12T02:18:42,completed,express,1200,258 Michele Loaf,Jonesberg,IL,50742,US
8cd00b1e-a4bc-4d3f-beea-787da58dbb88,2592921e-03fb-44bd-a194-a44e8497a4db,0edeaba5-35f3-4e68-98ca-f412d9cd14b5,2026-04-19T12:36:00,2026-04-19T12:42:00,completed,express,1200,99240 Ward Plains Apt. 872,Fullermouth,NY,08901,US
e5316120-a579-43be-b2d1-a1d90cfa6d06,a4d68745-0ac0-4a9a-bde9-679bfcc7404b,d9464bcd-0a19-4058-8fc1-bea843e6c339,2026-06-07T06:51:58,2026-06-07T06:57:58,completed,pickup,0,73109 Barrett Pine,Brandonbury,PA,94590,US
187bb5eb-e113-4884-b755-9c434ffce8ab,d51e8eba-65b8-4f14-8b6f-cd2119d49f5d,2a26f327-c9ef-40f4-bb8c-c809417caad1,2026-03-15T01:21:05,2026-03-15T01:26:05,completed,express,1200,15291 Jennifer Mews Suite 713,East Sophia,GU,35392,US
8d41557f-4454-449a-886b-2f0ec1be9680,0d350637-e3bb-4324-aad2-1536b5404816,1233e680-06d7-4b38-8c6e-796ef158556a,2026-05-08T04:11:04,2026-05-08T04:19:04,completed,express,1200,820 Barbara Forest Suite 489,Michaelton,NC,26800,US
02ceb63e-d2a0-4eaa-94e5-475afd20aa29,ebaf9727-0442-43e6-b7d3-1ccfd87094e3,2347081e-7ae5-4085-a0d6-d1f551721f69,2026-05-15T19:06:14,2026-05-15T19:12:14,completed,pickup,0,833 Williams Bridge,West Michele,KS,23507,US
62afe121-b024-4dd9-b17f-3820a3632e31,4b18b57b-a735-4541-abd2-0a007993a9b8,,2026-06-17T17:49:28,2026-06-17T17:55:28,completed,express,1200,326 Patrick Squares,Erinland,ND,12724,US
1d8384a7-24f6-44e8-ae01-2f1560de8918,01f766e4-1e9e-4468-971e-882e286217c1,,2026-05-08T02:44:58,2026-05-08T02:51:58,completed,pickup,0,172 Watts Burgs Apt. 692,Wolfview,MT,94606,US
048d6f6d-ff89-4dde-b6c3-b8c4ceef3b87,b1a83498-9ed6-42bd-b1fe-2d5bd732b557,7fcd9f31-c0cb-4414-9981-9d014f593081,2026-06-03T04:17:47,2026-06-03T04:22:47,completed,pickup,0,75384 Denise Islands,North Pamela,CA,29304,US
c144a978-aee9-4c13-8d33-1461582cf573,4a0dae29-b66f-4e76-b334-22a34a37b557,,2026-06-02T05:58:27,2026-06-02T06:01:27,completed,standard,0,07855 Richard Center,Millerport,AL,24693,US
f19fe4f5-af76-4118-90cb-6b1dc963d231,97bcc3aa-a815-40fc-8b23-2b6ba0997fac,19a47a26-3ca3-42d2-9e2d-8da79f09b587,2026-05-04T15:27:08,2026-05-04T15:33:08,completed,express,1200,600 Fisher Landing Apt. 554,South Courtneytown,GU,79720,US
51e4de45-ba6f-46b3-9ee8-8e3d4c56a478,f3baaa15-6412-4097-a897-c63a4467d1f9,96f4e93c-c759-4fc7-b4a3-c8a153858bea,2026-08-06T21:48:08,2026-08-06T21:53:08,completed,standard,0,919 Jaclyn Cliffs,Sarahville,LA,,US
24c8bebb-d0e7-4c13-97c7-b22b3b06779c,f6e22107-71c4-49af-a760-645675ca57bb,,2026-06-01T23:09:50,2026-06-01T23:15:50,completed,standard,0,7761 John Via Apt. 383,Fitzpatrickland,TN,61318,US
d8f40a8c-b041-40b7-83b8-8c5982a6261c,bb9f5a7d-bd71-4264-87ab-e19c8cddf1ea,4cd79f83-9fc7-43e4-a4c1-89402b7124e1,2026-06-20T11:19:57,2026-06-20T11:23:57,completed,standard,0,788 Turner Forges,Jeanetteside,DE,22928,US
cda4c6a8-9fef-44b4-b6c4-f3fb8dcec15d,c3e81108-772b-4160-af24-b922490c57a0,6a0e8a99-d39a-4600-9876-1344b693450f,2026-05-16T03:26:04,2026-05-16T03:34:04,completed,standard,0,98763 Flynn Run Suite 846,Jamesfurt,KS,,US
9915c523-e847-4642-99ae-8d21d912b4c9,4eb52c72-2465-4b94-af20-594e83f41ab4,1439dc05-4ab9-4995-90c7-d9437ae94f50,2026-08-11T04:33:25,2026-08-11T04:39:25,completed,express,1200,137 Hughes Row Suite 300,Lopezshire,MI,02745,US
7ec0a894-3a66-400f-8054-79ece312d520,0ce36ea4-8f92-4b40-b32c-5fa2143da0d8,,2026-08-13T07:01:03,2026-08-13T07:06:03,completed,standard,0,25779 Brandt Drive Suite 320,Debbiemouth,ND,02770,US
12fc46bd-0e34-471b-a11f-e0ecadf71fd5,e911e4d8-65ea-4b8f-b6f1-61d171f41768,3fa371d4-77dd-4e91-9a2f-86801b001903,2026-02-20T05:50:23,2026-02-20T05:56:23,completed,standard,0,51797 Tina Inlet Apt. 113,North Kimfort,WY,65192,US
db93585d-bb3f-437c-a74c-7b275b4bdf58,624451f6-411f-4991-afec-c99325ed7b24,120d57b9-de14-4717-aefe-ab126645435d,2026-06-23T22:49:24,2026-06-23T22:53:24,completed,standard,0,8803 David Forge,Millerland,UT,26851,US
bd2fbf5e-fe19-4b24-aa11-bfb3db4c4841,9febd932-dc5d-4978-b9dd-62be2d1720a0,dcddb844-390f-4861-a4ee-0a32b75bb218,2026-02-26T01:47:53,2026-02-26T01:54:53,completed,standard,0,30609 Lisa Trafficway,Port Jeffreyton,OK,72011,US
b68a9b74-c293-40be-9fa0-f97f4b2e4075,b5aec199-a956-427a-ba34-693c0f6e5fee,c052cca8-a71b-4e49-b713-c012bcfce146,2026-06-03T00:34:26,2026-06-03T00:41:26,completed,standard,0,589 Rodriguez Spur Apt. 263,West Tyler,IA,76206,US
5d2f0819-690a-440a-a17a-b362dfba8b5c,a8026594-7b83-4379-8a88-77c600adb40d,40c889c0-2020-4661-bb9a-564950b1a262,2026-07-03T08:42:13,2026-07-03T08:50:13,completed,standard,0,03083 Myers Rest Apt. 062,Jonesborough,CT,23505,US
f3dd4e24-d3b2-48b9-ace9-cfdcd0379884,a6b7c6bb-082f-41d1-8e46-6c07c6a41b05,d82c6a2f-7e02-40de-81c3-c42ef14d8460,2026-08-09T00:41:33,2026-08-09T00:47:33,completed,standard,0,8925 Eric Spring,Maddoxshire,NY,12308,US
76032c4d-5b0c-418e-b23f-a5f3553e7c60,9f1f0615-b39c-4fdc-87e2-4a4f57ac9544,,2026-04-11T08:41:26,2026-04-11T08:49:26,completed,standard,0,37067 Dana Falls,South Erictown,TN,17497,US
1c30efa3-8720-49da-955b-6622c37438fa,29744ce4-1a97-4e80-a5ec-89d2ee83c9dc,,2026-05-27T13:47:55,2026-05-27T13:51:55,completed,express,1200,2357 Parsons Locks,Whitechester,WV,41317,US
8a2b45fd-c09e-4e6f-a89d-f80284072c4e,ffc0a3f4-485d-4092-8a42-ae4f5734fe7d,,2026-03-13T07:25:13,2026-03-13T07:30:13,completed,express,1200,97600 Michael Square Suite 742,West Heatherbury,MD,86065,US
643cdcac-c4c3-46d3-904c-4a44aa24481b,e6842ca8-8213-46a3-a7db-fc3e7e6a26e6,e9f40ffc-bea9-4cc6-abca-7fe897f37903,2026-03-09T00:13:05,2026-03-09T00:20:05,completed,standard,0,002 Rodriguez Tunnel,East Jessicamouth,MA,52075,US
af26272d-d7e7-4b14-bb0a-3e86dc6fc2fd,c6c4e4f5-8f4f-4fae-8d18-a27947633c1e,f24f29fa-33e9-41e2-8965-ac4e39be3919,2026-02-17T16:29:13,2026-02-17T16:35:13,completed,standard,0,2776 Wolf Viaduct Suite 066,Port Rebeccaport,PA,70912,US
f9c5c835-4a98-47c0-8bb5-719f77436bc9,4feecc1a-c819-4bd4-aa44-19f42a27cd85,7fcd9f31-c0cb-4414-9981-9d014f593081,2026-07-06T22:12:46,2026-07-06T22:19:46,completed,standard,0,731 Amanda Groves,Suttonfort,KY,14203,US
8da6809e-f357-44e9-99f8-570dc6dfdfbb,cbca85fc-846b-427d-bfb1-667c4ca5cbd4,19a91b0b-51dc-434f-978a-177588409f99,2026-06-28T03:27:09,2026-06-28T03:36:09,completed,express,1200,5759 Morris Port,North George,WA,78304,US
2fd3d01f-825a-4129-87b6-b1f916ed7176,2fcf8890-d5d7-41f4-a3e2-fb5f2193a7cc,47e4f30d-f965-45df-8474-93d5aeaf7cb2,2026-06-07T09:45:11,2026-06-07T09:52:11,completed,express,1200,528 Mahoney Island Suite 566,Charleneshire,ND,28540,US
0070167a-89d9-4c8a-bd82-56468671d135,2ea9040a-3f23-4f41-98c7-f6aea8155049,,2026-04-12T16:05:53,2026-04-12T16:13:53,completed,standard,0,26047 Flores Isle Apt. 081,North Sheila,IA,13696,US
90fe9d55-3a62-4e3c-b9e5-fa7c6ca62305,d3e617e4-fbc1-4267-8c6e-2f6e2e1d5f2a,d9464bcd-0a19-4058-8fc1-bea843e6c339,2026-07-14T15:01:36,2026-07-14T15:06:36,completed,express,1200,73109 Barrett Pine,Brandonbury,PA,94590,US
c239366f-2f12-47c8-be98-83258ae7555e,99400c77-b667-4bd3-ad58-ad85f9b4f59d,270b35bf-74ca-4601-91d8-16fe5196ca5a,2026-04-16T17:48:20,2026-04-16T17:56:20,completed,express,1200,3943 Sanchez Trafficway Suite 375,Lake Johnchester,MN,10946,US
ee223367-93d9-4246-a839-b90a11cb955c,52fce3af-2646-4980-8a1c-343005b33474,4b761c33-8a8a-4dbe-a0d0-fa3261b391ee,2026-04-04T10:14:43,2026-04-04T10:20:43,completed,standard,0,2006 Hernandez Isle,Andrewshaven,VT,64815,US
f6a23028-16bd-4ae3-99f2-e35d8e087f4d,e2bf5b2e-64d3-4ccc-b054-be6bea7a7afa,,2026-07-04T18:55:17,2026-07-04T19:01:17,completed,standard,0,642 Franklin Parks,Cunninghammouth,MD,25507,US
7adc6c35-419e-4962-a6bd-0d25bf258982,2a0fe427-3b90-4339-ba78-e02c72b66e6f,,2026-05-29T16:27:38,2026-05-29T16:34:38,completed,standard,0,7060 Wagner Flats,East Maureen,AL,02934,US
a4424dea-5fee-465b-93a4-9cb2817e1f5d,573615aa-b7c4-4b9e-894f-216634c322ae,05e61dfb-4365-41c3-8f86-f9b259998765,2026-04-29T18:06:09,2026-04-29T18:13:09,completed,express,1200,724 Dalton Parks,Lake Michael,NJ,40270,US
2519bf98-cd79-4cc1-9606-506d46045c2b,cc7f6693-49e3-43f1-b300-af5323c2e4ad,,2026-03-16T05:22:23,2026-03-16T05:27:23,completed,express,1200,935 Austin Fall Suite 612,South Katherine,DE,17532,US
f17b832d-fa05-45bc-b7f8-f6c76beccefb,5a18ec57-c0a4-446e-86e3-3dc85f87157f,faae2750-9c1c-4c70-96ed-e845374e4e5e,2026-05-09T23:02:40,2026-05-09T23:08:40,completed,standard,0,220 Robertson Cliffs,Lake Sean,OR,,US
a541ad93-67d5-42c4-b806-3bb109d27d48,e1983ce1-cf42-4ab5-873f-25ed72a8eac3,132425e2-d22d-43aa-a372-e3d9bfd77f8c,2026-03-23T20:07:11,2026-03-23T20:16:11,completed,pickup,0,111 Walters Corner,Acostahaven,RI,21459,US
22be12aa-e6df-4f51-9735-031470529c61,73b03e24-5c32-4e18-93c8-cd070365065a,9455079c-4344-4995-939d-8184d7eb02e7,2026-03-20T07:15:03,2026-03-20T07:23:03,completed,standard,0,22526 Griffith Turnpike,Briggsville,OK,56528,US
0c1858c3-5ceb-4f6d-b981-311741ca9ed5,db51b1b5-241a-4bd3-b90d-442d17aaf9f4,cd709ef0-753a-4968-b981-ab264708b37a,2026-04-06T07:00:05,2026-04-06T07:06:05,completed,express,1200,9143 Joel Expressway Suite 539,West Angela,ME,35468,US
85c47c55-a7c6-4127-a4d4-0c48ed0d3e82,0a434828-8d1b-4bda-a5eb-ec711feeda74,0313557a-f7d4-4834-be26-3977f30a5235,2026-02-25T16:34:32,2026-02-25T16:42:32,completed,standard,0,360 Gonzales Flat Apt. 691,East Williamshire,VA,68199,US
a341a4c6-0cb2-4028-8856-2fed657ee2b8,88e4fbde-0c59-40c0-95b0-c84b18c6df1f,529867fe-75f6-4cd9-b913-543b3d6e583c,2026-07-17T04:08:33,2026-07-17T04:15:33,completed,express,1200,79799 Simon Mountains,West Jennifer,PA,44787,US
d7cbbe47-abda-4e75-a787-fe7447802686,96ffbdf9-1f15-47db-b665-22d310fd8547,,2026-04-05T00:44:31,2026-04-05T00:48:31,completed,standard,0,0007 Lowe Bridge,Ashleyberg,CA,15409,US
d45d0d92-d717-4d9e-80af-5abc582cae97,863313b1-92d7-4b33-a953-fb97d1627214,d7290d30-60da-438f-a6f7-99a66828a1ba,2026-05-23T23:05:33,2026-05-23T23:13:33,completed,standard,0,7548 Calhoun Walk Suite 876,South Matthew,UT,64683,US
2219ff42-6b9f-4957-90b4-d639dbe004ff,62be7fdf-9f2f-49c5-b111-a68ac5c595a8,50e6ae18-ad0a-4f68-bb3d-e1a8b80eb58f,2026-04-05T17:01:17,2026-04-05T17:07:17,completed,standard,0,19165 Lopez Passage Suite 231,North Eric,OR,09578,US
635ae531-4762-4d80-b75b-a0b46dbd73be,c10b99ff-42a4-4e90-a462-4571dd501eba,,2026-03-13T00:11:36,2026-03-13T00:17:36,completed,pickup,0,9602 Julie River,Bushchester,MA,41952,US
2bca818c-1b5d-423b-b541-1edb064d3b61,17710191-d3ae-4b81-80ca-83ed125031a3,,2026-03-13T20:11:01,2026-03-13T20:16:01,completed,standard,0,726 Kennedy Squares Suite 282,South Melissa,GU,83783,US
ffc97ac4-d47e-4f77-9eaa-6f62703a5197,a86ddd21-0ddb-4543-be94-56e48ca3379b,,2026-06-05T19:23:33,2026-06-05T19:30:33,completed,pickup,0,4190 Julie Squares,South Joshua,GU,33917,US
fa444501-947c-4cb3-9c6f-30f7ce997515,cc4fbc33-c45c-4a1a-b74e-18fa826d79e7,2dcc7662-f1ce-442c-b998-bbe351d5e186,2026-03-28T12:23:54,2026-03-28T12:27:54,completed,standard,0,4815 Molly Plains,Nicholsfurt,ME,01606,US
511fe5f1-0cf5-4526-b667-7688e165292e,76c570c0-710a-4754-a302-5be6c7c58924,6a0e8a99-d39a-4600-9876-1344b693450f,2026-04-07T16:15:35,2026-04-07T16:21:35,completed,standard,0,98763 Flynn Run Suite 846,Jamesfurt,KS,,US
8c68ff6e-275f-4db0-9b1b-efdd0b19f6d5,4dbc3110-f3cc-42b2-a92b-6279b78cbae5,a46b9550-42ae-47e4-9a08-0f32481d5191,2026-03-02T22:49:32,2026-03-02T22:53:32,completed,standard,0,37106 Jackson Unions,Taylorside,MT,52851,US
3b58b6bc-f994-4dce-ba3d-1a02cc6019ef,b2dc01cf-250a-478f-9907-b9e2c0745030,,2026-02-26T00:59:59,2026-02-26T01:03:59,completed,pickup,0,6542 Richard Ports Suite 411,Jacksonburgh,MA,72279,US
f29b41d5-6f17-4304-b0a4-bad544f2a771,1cbde731-5773-4b32-876f-e933d2f02215,102e02b0-7f44-4058-881f-7896edc964b2,2026-03-19T21:09:05,2026-03-19T21:15:05,completed,express,1200,61770 Michelle Center,Robbinsfurt,WI,40259,US
7f4520ac-c074-471c-86e0-de2db9dbecd4,9c182e48-b382-4d49-987e-2db2ac07170e,7eaca096-c253-48ee-936a-8ea930759d59,2026-03-11T12:06:05,2026-03-11T12:11:05,completed,express,1200,172 Rachel Neck Suite 545,Timothyfurt,FL,75371,US
0c5b4cc9-002e-4f0b-832e-e211529a0273,12127163-2246-4c9e-b79b-20e7537fc10a,,2026-06-30T12:23:59,2026-06-30T12:27:59,completed,standard,0,819 Courtney Road Suite 213,Kaylaborough,TN,71897,US
d4e5516c-0273-4725-bb0a-91947112e12b,bbc0f582-c5aa-46a7-b866-861e5f7d6f10,e0df02ff-f788-4191-9881-df0d6c775206,2026-05-22T04:00:10,2026-05-22T04:04:10,completed,express,1200,7010 Michelle Squares,Ernestmouth,WV,80067,US
1253f337-ebe1-462d-9a36-078b33db07d5,734fc7c8-151a-44f6-8724-701435a97dcb,,2026-05-10T11:14:49,2026-05-10T11:18:49,completed,express,1200,6190 Hill Extensions,Michaelville,ID,95257,US
ab4b757e-e7a2-4bf4-87f9-784e7872a8e3,32fb9a3a-c6bf-4f51-a3e0-d49fd46832d2,,2026-06-21T18:36:56,2026-06-21T18:42:56,completed,pickup,0,18864 Young Forest,Lake Jamesberg,RI,19430,US
b5a27489-6cf6-4a30-b671-e0aab725c04e,50b49fd5-0ce8-42c8-8314-182d575c4ab4,355d89d9-bf5a-41df-9382-a5e57cbbbec4,2026-07-14T14:09:04,2026-07-14T14:16:04,completed,express,1200,49782 Patton Village Suite 128,Bensonhaven,TX,93902,US
3998f953-04fb-4866-bdeb-a44f7c293e06,18be32bc-82a4-4cae-a486-68ada15c0c80,485b6c22-4f0b-4e0f-bfba-0c9d38a0122d,2026-07-19T03:58:26,2026-07-19T04:07:26,completed,standard,0,79833 Robles Falls,East Hannah,NH,23757,US
ce99ecb8-a883-4816-9a66-435aa072f2f8,fb7b8c47-ef7a-4297-a3a4-3f1dac5e258b,3d6f18db-a49c-4563-9445-68d4e02bd664,2026-04-05T05:39:32,2026-04-05T05:48:32,completed,standard,0,8849 Aguilar Mill Apt. 857,Cynthiashire,MI,99359,US
d6c130b7-b6a9-457a-b6e3-5ab0c165d0a9,faecf8a3-bc82-446f-932d-094eded88b0d,cfefbf12-9a5a-4d61-a708-d92f785af097,2026-07-19T14:22:01,2026-07-19T14:31:01,completed,standard,0,61675 Ramos Camp,East Angelaport,FM,93045,US
afda4288-304d-4828-acdb-80d4f560bb27,eabe34da-4a37-4956-93f2-bf1fbab91fb3,86fb0f27-e52e-40a4-8499-5f1610574213,2026-05-12T01:57:54,2026-05-12T02:06:54,completed,standard,0,6947 James Points Apt. 533,Mooremouth,KS,57841,US
7602e90c-6ebe-4c70-81e6-6290637dd557,854c63fe-1d22-45a6-a1fa-1ed95b5f55a8,,2026-03-22T05:45:59,2026-03-22T05:51:59,completed,express,1200,63805 Marshall Turnpike Suite 254,Valdezhaven,AL,70991,US
e4678531-6bba-4b08-97cc-ed88add10492,2aac299b-3675-4966-acc0-532114e308f2,cee4269a-3771-43d9-adc4-762ba3bc1782,2026-07-13T00:40:22,2026-07-13T00:45:22,completed,express,1200,602 Cunningham Shoals Apt. 222,South Kylemouth,LA,82611,US
59a509e1-46c4-41a9-aed8-47e5bf14ae89,6a1f3ec8-5e13-4fc1-afc5-e9c1f81e0e36,,2026-07-05T07:20:44,2026-07-05T07:27:44,completed,express,1200,4729 Jerry Lane,Lake Robert,PA,84460,US
2c0a1e64-f743-44fd-96f8-1f6cdd160d2c,fa966a15-ea0d-43eb-b27e-2294c9c11581,b6b6f9ac-f08b-4ef6-8e52-a2c0bb49b17d,2026-03-23T13:44:04,2026-03-23T13:52:04,completed,standard,0,708 Michael Points Apt. 668,West Angela,MS,70532,US
606fbedf-f840-4729-a0fa-afa9c4707986,4b337089-b572-475f-a91b-1886986a4411,672a02fc-236c-4c57-9ef9-218b783ce0e3,2026-02-18T07:07:44,2026-02-18T07:15:44,completed,express,1200,84376 Morris Parks Suite 793,Drewland,PA,92111,US
dcff6de2-05fa-4bc4-afd2-a3e47bc96aaa,428348ec-8c48-4371-bdbb-28a0c27ee6f7,97bbee89-2209-4d9a-9f20-d3327baf7efe,2026-06-12T20:10:02,2026-06-12T20:14:02,completed,standard,0,197 Norman Station Suite 851,South Amanda,MS,88937,US
638232fb-36cf-4fab-bf38-fd4ecdd0f183,1d6be760-0e09-498f-8d42-1b2ecf0ef63e,4041ba09-7a39-4b37-9e0e-f39a765d9c82,2026-04-26T09:39:54,2026-04-26T09:46:54,completed,standard,0,09297 Maurice Stravenue Suite 953,East Gary,SC,91363,US
57d75ad9-ee23-4847-9aaa-4e6fa3850623,ca32b273-f2ce-4753-8f52-f28e91256846,,2026-03-27T21:30:35,2026-03-27T21:37:35,completed,express,1200,299 White Field Suite 715,Dominguezside,VI,04367,US
e347ec1d-7f68-4a9e-91fa-25704568b78b,8474a1a7-8b05-46f9-8378-7248c03c1fed,902c8ddc-8ba2-42a6-b380-4afc64f50ffc,2026-03-16T02:50:09,2026-03-16T02:59:09,completed,standard,0,5401 Chen Rapids,Jeremyton,AL,91568,US
51c8e52d-a43d-449d-b927-deef8853935d,3742a3ed-593f-4861-a1c4-9ff82c339296,a296a891-b126-44e1-a271-9228cc28b3bc,2026-04-22T02:06:54,2026-04-22T02:13:54,completed,express,1200,7456 Cardenas Landing,West Shelby,MS,19082,US
2b36f8e1-6afa-4adf-9e1b-2ad6d66a9552,11c166c1-6243-49d4-837d-dfca60b21dc5,e77008c8-b7e1-4bb6-93d8-8383d6385531,2026-07-27T22:55:25,2026-07-27T23:05:25,completed,standard,0,877 Kelly Parks,Wagnerside,MA,71349,US
322150bc-1b4b-46a4-9bd0-707c1a3e256b,fd147896-ef76-4ab6-8811-43ac4fc95309,,2026-03-14T14:04:27,2026-03-14T14:10:27,completed,standard,0,79438 Kelly Land,Lesliefort,HI,27184,US
eb1ddce5-5bb5-41cb-a429-96d3460e45fc,6839600a-6819-46d8-8df2-a8b0eb5a5940,,2026-03-13T09:04:34,2026-03-13T09:11:34,completed,express,1200,146 Wilson Road Suite 239,Alexanderborough,KY,47943,US
8d7381af-4947-4e3e-8ac6-43c868390c46,9374cbe8-1f05-4f74-bb9e-6d1126c5dd4e,495a6541-1c93-4076-90e3-345d72d9c83c,2026-03-25T15:43:15,2026-03-25T15:50:15,completed,standard,0,85478 Jasmine Island Apt. 618,Jamesside,TN,82562,US
207fb05f-11d9-4ed8-b9b5-01c1acda8a5a,e8419e06-60ef-4bce-9e30-07b982c9d6e5,,2026-03-30T09:03:00,2026-03-30T09:11:00,completed,standard,0,5966 Stephen Plaza,Port Karenfurt,NH,37998,US
29cc28f9-d1b3-4987-a42f-5caa478745c6,947700c2-84b9-44b7-8369-183f14e67bb2,,2026-06-11T03:23:08,2026-06-11T03:29:08,completed,standard,0,0470 Joan Junctions Suite 080,East Brandonhaven,VI,05181,US
5da6d562-c745-4e75-aeb1-328f97c95271,670aade6-c742-47f1-b7ba-da703d5bfdd7,,2026-02-20T19:58:01,2026-02-20T20:06:01,completed,pickup,0,06902 Wright Hollow,Port Brian,SC,77073,US
51c3b093-c793-4fe6-9856-95ea3050953a,80d5d686-7e38-4825-a457-e201a61d1cf8,,2026-02-25T15:02:43,2026-02-25T15:07:43,completed,standard,0,63395 Nixon Isle Suite 767,Sanchezview,VA,45612,US
0b9dfc8d-dca5-4503-abb7-3721dae9e2b9,be5e8541-da55-4b73-8393-77f646104b97,2e0d6ce4-794d-4494-bd1d-f44dbca8683f,2026-04-04T21:21:18,2026-04-04T21:27:18,completed,standard,0,28946 Morgan Mission,Jessicaburgh,ID,26851,US
61b9bb20-e3d1-4ffc-91b8-752c1132bca5,c3e0da00-1205-4ee2-9121-f955ffc78348,1922f6f3-ba06-4233-8d88-c1a9303a6a2a,2026-04-05T07:54:51,2026-04-05T08:00:51,completed,standard,0,5245 Calderon Island Suite 469,Farmertown,WV,53464,US
67771298-9c43-4f27-9eb7-0821c4e6319a,dfc215da-1e28-4d9f-9a1a-ae40b0ecd995,,2026-08-14T05:01:58,2026-08-14T05:05:58,completed,express,1200,27314 Anne Island Apt. 484,Port Lucasside,AS,32137,US
a4885651-89d0-4fce-be41-914c6a984a0c,477fba70-46b1-43db-88d4-f95fae04d149,,2026-05-12T11:38:12,2026-05-12T11:45:12,completed,standard,0,779 William Point,Bradleyburgh,AK,14943,US
3dc449cf-3450-4c68-a886-9c21a41831fc,a658e608-1910-41fa-8c00-e4ef00715ce6,723f776c-3ad0-4fa2-8177-a80f2cab59d9,2026-07-10T05:11:22,2026-07-10T05:17:22,completed,standard,0,842 Mary Square,East John,AZ,,US
563eda74-21cb-4c18-8540-3bad33c13a8e,f3505c7b-538d-40fa-b7b8-7db20b1ad229,d47a83f3-a765-4a20-b40c-e0993cf00e4f,2026-04-02T03:55:29,2026-04-02T04:04:29,completed,express,1200,27961 Jose Land,New Benjaminfurt,MO,,US
754de991-f08e-4c2e-ab8c-b4799701e228,4c0c11d6-8b53-4a49-882d-cc8d0806d8f3,,2026-08-01T14:00:57,2026-08-01T14:06:57,completed,pickup,0,6286 Martinez Mission Suite 638,North Carla,VI,09799,US
11234e0b-1283-4d0a-8a19-f13b8802b460,5274a088-59ed-48bf-9eb4-570a580de345,,2026-03-09T07:34:02,2026-03-09T07:41:02,completed,standard,0,001 Raymond Canyon Apt. 217,Josephfurt,MH,72107,US
5451ff82-4190-4e0d-9f9a-37fd1a487e8c,ae006cef-0c99-474d-b9c0-e243b27a24b2,bb9bad76-c7ec-4f36-842c-54c3bbb40467,2026-02-28T21:54:16,2026-02-28T22:02:16,completed,standard,0,72311 Erik Turnpike Suite 128,Garyview,TX,94220,US
d5a6b890-1834-4f4d-9784-bcc216d04978,b8d3e397-342e-4b7d-8952-b74eecd21a38,090fb913-1317-4169-b150-64e304451d38,2026-04-27T03:18:19,2026-04-27T03:24:19,completed,express,1200,2637 Ryan Spring Suite 539,Thomasside,TX,77423,US
08aaa4b1-8ef4-4e8d-8f08-b9128dd269b3,b0881502-c646-497d-96c5-fef80d4ca0bd,72874237-a564-45ff-95cf-5fb3ab18e7c8,2026-05-08T16:24:45,2026-05-08T16:30:45,completed,express,1200,0665 Jonathan Via,Gregoryland,NM,26803,US
bd5a8e5b-a701-485f-87e7-01f9ed4f669e,7f473392-4b35-4276-a82c-d7e6369d3735,,2026-04-30T09:17:38,2026-04-30T09:24:38,completed,standard,0,9739 Robert Villages Apt. 503,Johnstad,SC,03128,US
43b564c5-1735-4e4c-bb18-b5a4834f99cf,19f40f36-6454-45cf-a87b-3933f78ceb2a,d3adc9f1-fd4e-45ad-9d75-0919a6617f7a,2026-04-01T15:44:50,2026-04-01T15:52:50,completed,standard,0,2585 Tim Summit Apt. 238,Port Sheri,IN,86904,US
942e4be1-17fd-46fa-b554-f38ea4447adb,7a45e91c-830b-4252-ac1b-ddaee5621658,,2026-08-09T09:56:49,2026-08-09T10:01:49,completed,standard,0,2079 Alexis Crossroad,Erinhaven,WI,20417,US
d6f568e5-f94b-42e6-a94f-4b550be76db6,5242d795-a96a-4e66-a999-d88457257010,,2026-06-20T14:30:30,2026-06-20T14:38:30,completed,express,1200,5397 Barry Ways,Mackstad,PW,27345,US
33839eaa-89ff-43fb-85cf-a3a7d48c8bc6,384411ec-dbc6-46a0-bff1-c550bbdba2aa,e6e0c2ef-00b6-4d38-a129-32d4aa4e795d,2026-07-19T15:24:21,2026-07-19T15:29:21,completed,standard,0,12920 Mcbride Crossing,East Baileyburgh,CO,,US
853bb768-d554-4db5-9893-b3e0464541f2,823f5413-5062-4d45-8c50-fdc677d47a94,,2026-02-21T23:13:06,2026-02-21T23:20:06,completed,standard,0,855 Kelly Corners Apt. 382,Lake Nicole,NH,85887,US
0486bd6e-0223-45e8-8b72-dcda0c462c2b,d5f29722-978b-419d-895c-b12961a09416,,2026-07-18T10:25:59,2026-07-18T10:34:59,completed,standard,0,1791 Chad Groves Apt. 123,Davisbury,AK,00543,US
4d974546-91ca-4526-8c18-2245159ce8b4,98003a9a-2220-4201-ad1a-c66f3507040f,787f43ea-3f2a-4f90-967d-6479bad4f1a9,2026-08-16T10:28:03,2026-08-16T10:34:03,completed,express,1200,3858 Angie Stream,Laurenmouth,MH,91044,US
671967f1-6539-45ae-9c14-f8dd3707ba05,cbf3f1e7-76e4-4660-a623-af423ea4bcbd,e9647282-4e31-40a7-a07e-5d10cd7e447a,2026-05-28T07:28:56,2026-05-28T07:36:56,completed,express,1200,6371 Karl Causeway Suite 963,Lake Meganville,OR,44651,US
6470f4cb-1b03-4dd9-ad46-a3716c20fd8c,98cdbd8d-969f-4d5d-96dd-d731036bb38f,,2026-04-22T06:45:19,2026-04-22T06:50:19,completed,express,1200,09340 Fields Park Suite 763,West Katelyntown,PA,87968,US
debf14ea-c1aa-44d4-89c2-c24fb8204bed,d4c18feb-c253-4d02-ba30-a207c600d786,2aaf9fc4-0801-4163-8cc8-39558682f704,2026-06-12T16:28:56,2026-06-12T16:33:56,completed,standard,0,99201 Dawn Lights Suite 918,South Gabriel,NE,33645,US
11e12029-3d01-4244-89a5-186d87cee1ad,8f19311f-a516-49be-b5b8-65b7ac8450a2,,2026-07-15T21:32:37,2026-07-15T21:35:37,completed,pickup,0,489 Matthew Villages Suite 696,West Andrewstad,SC,94415,US
ad2c587b-93fb-4f47-9e15-9847bcc633e3,a26663e3-83c6-4e4e-98a7-725099f6cfcf,,2026-05-24T12:36:16,2026-05-24T12:44:16,completed,standard,0,498 Lori Spring,West Amanda,AS,09339,US
7d46132f-2b05-47f1-912d-959aba4685ca,958947b4-17b5-43dc-b632-2e10b51ef265,,2026-05-04T07:04:41,2026-05-04T07:10:41,completed,standard,0,748 Gomez Trail,East Lindsayberg,GU,86926,US
4da79b72-5228-4e3e-843b-68d1c4a4784b,5e9db869-a526-4401-b4b6-acfc87dc58a9,2a6409ee-29ac-483f-a2a7-9074fcb50191,2026-07-01T00:25:39,2026-07-01T00:34:39,completed,express,1200,8423 Ashley Heights,Biancastad,VI,29995,US
e469fc98-1f1f-42f4-a0c4-c6c74318f4f3,fc9a806a-7f8e-443c-a0ee-90eb00315d85,187d49e0-634f-4e10-a10c-3b0be7408be0,2026-05-31T15:22:40,2026-05-31T15:27:40,completed,express,1200,442 Tammy Rue,Craigton,WA,43219,US
833c46e7-3507-44b2-b7c3-8c66404632ed,3953bcef-27d6-416b-a81d-bbd5c200debc,33d208d7-91f2-4d70-9f75-c1bf87481c15,2026-04-16T19:00:23,2026-04-16T19:08:23,completed,pickup,0,699 Mcneil Pines Apt. 904,Timothyberg,MP,63329,US
42920e51-240c-4a8e-8dba-6c38f8d22aee,7fe11084-2569-4e2b-b84c-7254f748860c,f044be50-29c1-40c4-a16c-a1dd1f95d6f3,2026-04-12T09:53:40,2026-04-12T10:01:40,completed,standard,0,1817 Robinson Haven,Jamestown,RI,12551,US
c511644e-a03f-48d1-beae-4ca909fee59e,2fde32dd-e01b-4e6d-b9e2-92b0233627cb,,2026-07-14T23:23:40,2026-07-14T23:28:40,completed,standard,0,443 Donald Fall Apt. 906,North Amanda,MI,51869,US
d21e4e06-d005-4429-a747-f68748bb0200,b408db5c-ebb7-4f7a-aa94-c2459923197f,8e5c2f29-44ce-4f60-b818-8b728f60b79b,2026-04-02T20:06:08,2026-04-02T20:13:08,completed,standard,0,36268 Donna Bypass,Sharonmouth,MP,34911,US
07da5825-95f9-4e45-b944-9c25c53c5583,3acb360e-21f5-4778-9403-583038ba96bf,6939d1d2-fba3-4888-8c53-6898bb73c26f,2026-04-08T02:56:43,2026-04-08T03:02:43,completed,express,1200,8595 Rachel Islands Apt. 993,South Anna,FM,03043,US
5562c740-99d4-4163-a994-440f5789fd24,23cbf71a-1942-4b24-afd5-4e6a20f5211f,,2026-02-21T04:08:46,2026-02-21T04:13:46,completed,standard,0,517 Timothy Turnpike,Lake James,MN,08887,US
18860ecf-735e-4fda-a6b3-9edb255f2946,c5f5f8fa-742b-4b29-9031-e84ab230122b,f4c4994a-5a77-4a2f-902b-4f69c22ccee3,2026-07-12T01:39:14,2026-07-12T01:45:14,completed,express,1200,6810 Green Parkways,Davidville,NV,39555,US
a0a9aca5-a2b2-4314-b074-3d4ab437d3f9,736e435c-a9d0-4519-8bb0-8c510579a611,7c66bbce-e687-4e15-be85-d960c3de159b,2026-06-15T17:06:31,2026-06-15T17:12:31,completed,standard,0,860 Hanna Crest,East Raymondmouth,AZ,52498,US
aa80f285-11da-470d-ad1f-d4e452c2150d,d82fa49d-a2d6-4cdc-b01a-b22b12f39e24,f35eb7b6-1b25-433b-90b5-29212b72f6e2,2026-07-15T13:07:20,2026-07-15T13:14:20,completed,standard,0,50812 Alexander Roads,Bradleytown,ID,26430,US
97a749d2-7850-441e-99be-05d74b5c6955,fb2d5fb7-eeba-4a8b-b745-0094f3678d35,,2026-04-02T20:51:45,2026-04-02T20:56:45,completed,standard,0,98691 Marshall Common Apt. 599,South James,NC,52703,US
b3adb742-8313-4391-8d28-7fada940bd58,a5fad31e-cabb-47b8-afd5-64df9b320d5b,,2026-05-11T13:07:54,2026-05-11T13:11:54,completed,standard,0,360 Jay Rue Suite 921,North Sylvia,DC,18306,US
53e23de6-bb01-427e-b87e-44759e631c37,be1a4265-2c78-45a6-97bd-c3db8364985e,612533b6-7eaf-45a2-b9d4-06192ce5620e,2026-03-28T19:08:30,2026-03-28T19:14:30,completed,standard,0,71286 Christina Coves Suite 410,North Ashleyview,WI,58943,US
e9ef0d52-776d-4f5f-b861-79146f7daece,711a4722-29a1-473f-a5bb-293be519b84c,,2026-06-29T11:12:48,2026-06-29T11:20:48,completed,express,1200,30270 Townsend Gateway,Jeffreyshire,MO,07275,US
d1977379-6e50-4112-a480-85c9b06b55dc,d6658bd4-9b52-4c1a-8cc5-622d20d15c33,19fee9df-73a9-41e9-9777-18d2a79ab8b4,2026-03-24T20:34:49,2026-03-24T20:44:49,completed,standard,0,5399 Michael Haven,Lake Nicholas,WA,32958,US
174cce56-731a-4a45-9a09-ad8f00ff6689,47a4e861-a113-4e88-bce7-9988be166746,,2026-04-29T11:39:27,2026-04-29T11:44:27,completed,standard,0,0727 Brittany Lane Apt. 468,East Tony,CO,68531,US
c5145d70-a44c-42f6-8c57-84ff07b390a0,c52c7581-5881-4de9-bbd5-cf3d283daf60,,2026-08-08T22:03:09,2026-08-08T22:10:09,completed,standard,0,1450 Patrick Springs Apt. 802,Stacyberg,MA,96703,US
6e5d0114-701d-4b00-b1e4-07d2b00826bf,516a9d2a-c311-403b-a1b4-6cc5af753afe,c9276a13-5b0f-4ce9-8802-3e0ead192508,2026-06-13T11:45:54,2026-06-13T11:53:54,completed,pickup,0,846 Johnson Camp,Bushville,OR,63616,US
69eff574-2d75-407a-bb6e-264632566ede,75b832e0-36be-4496-82eb-37d9c7fc09ae,,2026-08-01T09:27:53,2026-08-01T09:32:53,completed,pickup,0,73658 Long Grove Apt. 346,Kerrymouth,MH,72177,US
4962d1f5-f553-4e20-998d-fe1be949ce9d,edef0475-688c-4606-aa24-ba017c761a95,,2026-07-07T21:42:58,2026-07-07T21:47:58,completed,standard,0,58573 Garcia Harbors Suite 884,Hernandezberg,NV,88510,US
dd48ff52-5cb0-48b8-b7eb-771120e5c22e,f0f5ca1a-d918-4db8-9fa9-fc89932410d8,,2026-07-16T20:54:15,2026-07-16T21:00:15,completed,standard,0,59056 Yang Spur,Cliffordstad,TX,01632,US
758f51cb-b19f-4bc8-a599-e5902012b635,747ee012-b22c-4ddb-976f-0518d5fb752e,8e104807-9dc2-4625-a1b7-9d858ddd96de,2026-06-10T00:09:26,2026-06-10T00:19:26,completed,standard,0,58273 Dennis Turnpike Suite 207,North Adrianland,VT,85927,US
077dfc5e-0bb2-47c8-a515-68336ee54c26,e52e001c-f053-4527-bdaf-af81facdba73,758d0e66-e551-46a4-b8f9-0a98d7161e93,2026-03-19T23:45:24,2026-03-19T23:52:24,completed,express,1200,4556 Christopher Camp,Davidside,MT,98430,US
680120b7-8603-4f6b-a7de-384be760769e,8657c824-c677-4d14-8854-ea791dcc5b00,24ea0325-a7d6-4388-b86c-7b51e5805b26,2026-03-31T19:18:37,2026-03-31T19:26:37,completed,pickup,0,904 Jay Rest Suite 723,Burkeshire,GU,24340,US
29f46b45-2b5b-4890-8ac9-0d9e242095a4,10885579-45e1-474b-8e9b-a3d64b530f74,5ed25035-4723-4154-823d-a8c8b4c02e51,2026-07-25T04:01:55,2026-07-25T04:07:55,completed,express,1200,3009 April Lane Apt. 565,East Ronaldshire,KS,34750,US
0e1b7071-6f6c-44fb-8f7a-6e73da639393,00eaeb52-3da7-4d4e-8411-7303be135714,890861ac-5e77-4568-aaff-807b37e6f872,2026-03-14T12:32:06,2026-03-14T12:42:06,completed,standard,0,52478 Oconnor Courts,Lake Michael,GU,18559,US
5e9d244f-ae40-44b9-a66a-7ef654bf9196,0b626e1d-8dc7-4d61-8c86-4a20fc0ba1b1,5b16d3ac-510a-4143-8a0a-785ce783f3d8,2026-03-21T11:58:55,2026-03-21T12:04:55,completed,pickup,0,3561 Brown Stream,New Keith,MD,85681,US
87d2d805-ea81-4a0a-a8c3-d7901ee5743d,dee83f3f-f14d-4564-a51e-b278452d31bd,adc6b3eb-08c6-47a0-a6ce-19384284547a,2026-04-21T07:15:40,2026-04-21T07:19:40,completed,standard,0,9632 Serrano Ridge Suite 232,Kristinebury,VI,26003,US
9204eef5-a92b-4c47-9d34-3cbbf1842398,b4b8b043-d60b-4df4-b0ac-3dcdea1a16e7,1233e680-06d7-4b38-8c6e-796ef158556a,2026-05-05T20:09:01,2026-05-05T20:14:01,completed,standard,0,820 Barbara Forest Suite 489,Michaelton,NC,26800,US
1bce7dd2-ee69-4f9d-b2eb-38927ccff6a8,75f8fb80-0b5b-4651-8026-e08593abe28a,,2026-02-19T19:18:01,2026-02-19T19:24:01,completed,standard,0,870 Rachel Corner,North Matthewchester,UT,55697,US
41cafba0-3d03-420e-9a03-2a44d51e0696,fecc8ed9-a0e6-4e07-ab46-54d605318da4,,2026-04-20T12:55:02,2026-04-20T13:02:02,completed,standard,0,66805 Yoder Estates,New Rebekahhaven,PA,96158,US
1d38cb36-4a5d-4019-8bd7-8af6fdf6ec58,7370581d-6175-46cd-b375-c2eb8a06c4c8,15aeedcc-eed4-453e-850c-7f876e54c4ab,2026-08-02T07:02:04,2026-08-02T07:10:04,completed,pickup,0,24822 Stacey Fork Apt. 509,North Dana,WV,49646,US
b37b879c-b3b8-41b5-9f1b-13de6bcf1a82,bcd826a9-3c83-4751-ab36-26d3defd3d8f,72492cee-bfcb-4501-9a63-5afe45f5215a,2026-08-09T06:11:16,2026-08-09T06:17:16,completed,standard,0,070 Kim Mall Apt. 856,Christopherville,ND,22541,US
627b38c7-aeed-49ac-b4c0-0c7def23ae62,38b0f4fc-821f-4606-896a-2237fd1d28e6,,2026-03-28T00:21:20,2026-03-28T00:27:20,completed,standard,0,215 Mills Pass,Savannahfurt,IN,70695,US
37c3abd1-ece4-457b-9ec6-11f270056a17,a94428f9-c6f5-4543-a515-ab76d31c508f,f4835f98-d82c-487c-8788-26a05c249db0,2026-06-18T09:48:29,2026-06-18T09:55:29,completed,standard,0,843 Brian Loop Apt. 272,South Kristie,SD,55421,US
96c00355-cf89-4b6b-b421-01326a6c3ae5,8b2d7ec4-73db-4529-97e8-92b93635d5c6,943fb486-16d5-4258-99e7-8340b1862e76,2026-06-26T13:01:01,2026-06-26T13:10:01,completed,standard,0,3240 Mccarthy Fall,Donaldmouth,MT,,US
cf995d47-0373-4c76-98ec-df2f62e7643c,4ead2d28-42cc-45bc-bf33-18bb172e9c5f,0815e683-4b1e-4ea3-b9e8-9d06bbfaedb5,2026-05-23T15:58:34,2026-05-23T16:02:34,completed,express,1200,32823 Jennifer Drives,Lake Amberhaven,VA,29835,US
1f91b07b-e349-4e3a-aa24-c8e8b94970d6,53aa1e59-c941-4e27-9b4e-9b5621be347f,9c98b2d4-f4f3-440f-b28d-0e1ca7a152a5,2026-07-15T06:31:11,2026-07-15T06:37:11,completed,standard,0,2475 Torres Court,Lake Andreaberg,MA,47761,US
a8d70b24-db60-494c-b793-5fa4c1064acc,8c0687c5-fd6f-40a8-a230-0196c33efbaf,59292cdf-6314-4444-aee9-45a78c76dcbe,2026-06-04T11:31:22,2026-06-04T11:37:22,completed,express,1200,246 Torres Haven,Hartfort,CA,44178,US
9ac05cc6-169b-4b69-9f49-991a4773ca6f,de56e807-3962-4f10-91fc-87de983eb6e7,,2026-03-19T15:46:13,2026-03-19T15:54:13,completed,standard,0,59784 Bailey Isle Suite 838,Jennifertown,ID,20368,US
50d1d686-2262-48cd-98f0-31f6430ffbc5,883c22a4-d459-4de6-bc73-7902e3b1baa9,a3d91be1-b5d9-4d3c-bdd8-ab49cd378f30,2026-04-13T20:19:10,2026-04-13T20:24:10,completed,standard,0,92529 Watkins Walk Apt. 111,East Amberfort,MH,12600,US
dba99e5b-db40-4d92-80c5-25c6a9782915,1aed060f-9934-4e20-9d58-9c9af82f2035,8f34cf8e-4ab5-436b-b34d-d43e654c8d6b,2026-02-24T22:41:57,2026-02-24T22:46:57,completed,pickup,0,15391 Linda Turnpike Apt. 074,Lake Katherine,VA,01334,US
6956e0f4-3bfb-4109-b121-3f362f5604dc,29014383-7458-41c0-b821-0df663915c7e,d4d6e685-70a2-49ea-b511-383a54d18cfa,2026-08-12T23:43:20,2026-08-12T23:48:20,completed,pickup,0,02032 Morris Ports,Webbstad,ID,82907,US
15804970-6eaa-4f79-aba0-c26028c78f11,19358087-3691-4ae8-83e0-d1dbd5b54656,,2026-05-31T23:35:26,2026-05-31T23:41:26,completed,standard,0,18528 Benton Roads Apt. 826,West Karenmouth,VI,92199,US
8fdf5696-a3f0-4ba6-a2a0-79ad511f9900,3e2a15cf-c567-47e8-9996-9e89f172a139,,2026-03-02T17:33:03,2026-03-02T17:36:03,completed,standard,0,91450 Cain Green,South Jillburgh,NC,99330,US
94ace6a1-cbd2-4a5c-ab52-2e47e1e16efe,081ccbd5-8943-48cc-b73c-32609ed03d44,17e24a9b-119c-4ea7-a53a-bb757c70ad0a,2026-07-07T21:17:10,2026-07-07T21:22:10,completed,pickup,0,21192 Noah Forges,Younghaven,TN,42149,US
6cca5067-15de-48c2-ac97-6d9c62d2969f,d9375437-2e9b-43bb-879f-daa145f13539,3218db6b-84e5-453d-8de9-a966eecbacc6,2026-06-22T08:37:50,2026-06-22T08:44:50,completed,express,1200,7560 Reid Coves,Wellsview,NE,73545,US
136a7345-bbb6-49e1-8a87-b8778f2b493e,8d87d891-9040-4505-8940-41ece39039a4,,2026-05-17T04:08:12,2026-05-17T04:15:12,completed,standard,0,3786 Jessica Place Suite 562,Lake Dianechester,TN,37080,US
b6a19b4c-534b-4704-b4f9-37e6ce42ac4c,6e2c7cb5-4730-4a69-b15e-36fd0d3ce8e5,0855291e-0a0d-4e17-931b-beabbc173f85,2026-04-24T14:43:44,2026-04-24T14:48:44,completed,standard,0,78013 Peters Heights,North Angela,MS,79206,US
3e64a3ec-f911-4f6e-87b3-1239057d67ba,568d1d85-b1a1-4a7f-a3e2-b9313ca00a1d,3fa371d4-77dd-4e91-9a2f-86801b001903,2026-06-17T15:06:24,2026-06-17T15:13:24,completed,standard,0,5598 Torres Crossing Suite 265,Chavezburgh,RI,68253,US
27571885-ec10-4b63-9ef6-019a3b9a15d1,b79f6ea0-98a8-4810-a075-ebe06126aa4c,d6914b8f-0d72-4044-a61b-055adb02f005,2026-05-22T02:09:14,2026-05-22T02:16:14,completed,standard,0,4901 Carroll Islands Suite 277,South Alanton,MI,63442,US
7c989325-1b3d-45b5-9ad8-c1f1433447ed,7eb3c114-c460-460c-a6f8-58d6b46035c3,,2026-03-31T13:01:45,2026-03-31T13:10:45,completed,standard,0,69490 Hernandez Plains Suite 605,Danahaven,VT,57250,US
3ec86309-feba-4e1b-ad1f-87725ece8a0d,c5cd929d-51f0-4335-9f77-5f8c0e4b8ef8,f4835f98-d82c-487c-8788-26a05c249db0,2026-03-22T23:25:04,2026-03-22T23:31:04,completed,standard,0,843 Brian Loop Apt. 272,South Kristie,SD,55421,US
cda0d31d-573b-43a2-8dc3-7a131dff2343,eaa4a562-7393-418c-8b5d-0503f01f2be6,,2026-03-28T00:29:29,2026-03-28T00:32:29,completed,express,1200,811 Wiley Prairie,Lake Anneborough,RI,59140,US
2fdede09-005e-4e94-9d24-743050673091,b080d5f8-127f-430c-9ab1-e9c24f577648,2b4b540f-9423-4186-8164-4566e5e908f2,2026-02-19T15:34:42,2026-02-19T15:37:42,completed,standard,0,035 Aguirre Summit Apt. 170,Carterton,AS,82981,US
86037b75-b2c0-459e-abd0-be5726599bc2,1fb0f205-cf93-4413-977c-6d7af5e7777b,,2026-07-31T21:18:39,2026-07-31T21:25:39,completed,express,1200,51771 Johns Spur Suite 063,Clineport,PR,96347,US
f108e134-604b-41d4-ab96-117dcb3ee07c,6b43e3e6-943f-406f-9f24-15c39b77983d,701ab460-123c-42eb-bae0-fbe7a111ebd7,2026-06-15T22:38:39,2026-06-15T22:45:39,completed,standard,0,6949 Aaron Prairie,Patrickchester,NY,07464,US
d47526e6-51ea-4339-9249-b66542faacc1,c3406729-2f29-4a0f-8b39-dd093ed590fd,,2026-08-10T22:00:08,2026-08-10T22:09:08,completed,standard,0,4317 Brent Unions Apt. 467,New Michael,UT,94860,US
4f08ac35-c0cc-48b2-a31b-47f1c721c957,0cd21bc2-671f-4869-b5b3-f6d65f7e43cb,,2026-06-22T13:45:37,2026-06-22T13:52:37,completed,standard,0,02475 Callahan Union,Samanthatown,SD,18287,US
4da9abe0-8209-424c-b80b-7434d826f8d2,bbfa634a-be21-44f0-8198-0a075185c3ac,ac4632eb-3a22-4956-896e-0a3899a647f1,2026-02-24T00:33:27,2026-02-24T00:40:27,completed,standard,0,83745 Hammond Trail,Paulahaven,PA,88251,US
6e1ad76b-7283-4c87-ac18-ed95d26eb3c9,5397c77a-e9fd-4f06-87e6-3a5c9a548f7d,5960ff74-c2aa-4a55-9cee-c8f0532e2256,2026-05-26T23:04:14,2026-05-26T23:10:14,completed,pickup,0,2517 Hale Mountains,Guerrabury,WV,13060,US
ae23f2a4-7d54-48f1-a950-1ae14e72a175,75e10d24-6883-4660-91d6-69abe83621ce,9db0e79f-fdea-4290-ba7b-114141f33d1f,2026-03-26T10:23:17,2026-03-26T10:29:17,completed,standard,0,569 Abigail Mission Suite 038,Terrellton,OH,51278,US
e5d9543c-f8a8-41b2-899c-2956ae219563,a09a73c5-79c8-48b6-8a16-4e2b7c80f3f5,3d097c4e-dd09-4cfa-8460-39fd4fb8a1cc,2026-04-28T09:50:11,2026-04-28T09:55:11,completed,express,1200,4801 Snyder Lights Suite 794,Perezchester,LA,56594,US
6098ea5f-46dc-4d20-9743-535f86eed2bf,86fe915c-99c5-41ef-af54-dea1deeae412,f8486fce-bc07-4a4f-a6e9-ed6a06ba996c,2026-08-01T21:44:55,2026-08-01T21:53:55,completed,standard,0,851 Hart Prairie,Craigside,LA,55864,US
858d1698-fa52-4cdf-903d-2f156ced2832,2b3788e1-eccc-4992-b529-79bec054efd5,b745eacd-b8ee-4507-82ff-98d3c4daffc7,2026-06-11T08:27:17,2026-06-11T08:33:17,completed,standard,0,15502 Patrick Stream Apt. 546,Johnsonview,VA,86077,US
5f264045-45c5-4532-aebb-1b6eb997500f,539abe97-9df7-4cd3-8b32-8c4a7caf2d58,,2026-05-01T07:34:05,2026-05-01T07:42:05,completed,express,1200,95547 Chad Underpass Apt. 984,East Crystalhaven,PA,76885,US
790edfbf-2ec5-4861-96be-07d8d5898aba,0525cc62-5c5d-44eb-b258-15f5d8d0a824,,2026-02-25T18:09:11,2026-02-25T18:14:11,completed,standard,0,8592 David Inlet Suite 417,South Matthew,NM,79895,US
12b03779-5564-4672-bc05-ea16b3c139df,01d01466-a7a5-45f5-90c6-99d22470bca9,19fee9df-73a9-41e9-9777-18d2a79ab8b4,2026-07-28T02:03:56,2026-07-28T02:12:56,completed,pickup,0,5399 Michael Haven,Lake Nicholas,WA,32958,US
055f2707-2727-4c7d-8d48-3951394a835d,bd5ba1ec-7218-4019-b1aa-d72051158344,298ca377-a08e-4e0d-91d6-b0b5aff14c1b,2026-03-23T03:35:38,2026-03-23T03:44:38,completed,pickup,0,979 Erin Bypass Suite 550,Jackiefurt,WV,71151,US
8c3e7afd-12b6-4427-afd1-80f301ce6362,136b9468-5761-49a6-9dbd-cdd2e5fcf94e,,2026-08-02T08:07:12,2026-08-02T08:14:12,completed,standard,0,08509 Dennis Plaza,Carterburgh,VA,80979,US
21fc58e9-9674-4c1b-bb56-a7ba435e3afe,ff90e80d-badc-4b1f-8c5d-ba1cee5e96f8,4b14013f-d7e7-44b8-a287-329bf6e298c3,2026-08-15T07:16:12,2026-08-15T07:21:12,completed,standard,0,107 Smith Knoll Apt. 042,Natashahaven,TN,73999,US
a42d0b85-b47c-497e-b5b5-e568f846f52e,dceb4607-0e70-4e30-83ce-ba714a37827a,,2026-04-21T20:56:05,2026-04-21T21:00:05,completed,express,1200,238 Villarreal Key,Scottfort,MA,33220,US
e67a2e1b-e9dc-4621-8b15-fef5c065a5ef,f684834b-1f61-42be-bb3a-046f1c98bfbc,3cec8c73-424f-46c6-a5a7-cb5cd5141538,2026-05-13T10:55:53,2026-05-13T11:02:53,completed,standard,0,951 Scott Corner Apt. 003,Perezville,MT,58749,US
423164cc-0632-4a11-8b24-3a5f1fdc04da,ad401bb0-586d-4492-b179-be60ed8bf396,93c6c6a9-16fb-43ad-bd64-1ee5eccdd750,2026-02-25T11:34:56,2026-02-25T11:42:56,completed,standard,0,753 Murray Orchard Apt. 161,Martineztown,GA,68650,US
c879e41e-4fee-40fb-96dc-96ff51b49004,103a9308-3115-4352-8fd7-fe8643eafb35,11498734-cebc-4784-a055-6bd08a18f1dc,2026-07-15T11:38:43,2026-07-15T11:41:43,completed,standard,0,2444 Green Meadow Apt. 838,Haleyfort,PA,81705,US
54b78d30-2800-4968-a560-ec8096401277,438214b4-8ccd-4223-a039-3e6d07263f03,43df30db-068d-40fc-8576-7e2f6e62f2f6,2026-07-18T12:12:17,2026-07-18T12:18:17,completed,standard,0,4851 Owens Villages,New Sarahland,DE,12371,US
3a08a221-6907-4df7-8436-135d3351a025,e82c71b6-eee6-41e9-b982-a022d080a19d,,2026-04-17T11:03:12,2026-04-17T11:08:12,completed,express,1200,43522 Sanchez Heights,Sarahfort,MI,84617,US
0e5a30d1-7310-4c9f-b738-9a1784d1c680,6c963a00-262c-4afc-8519-7c1f87a9f8dc,,2026-04-23T09:22:51,2026-04-23T09:27:51,completed,standard,0,948 Miller Fields Apt. 973,New Daniel,CT,26882,US
0cea8c17-4403-410e-a0e7-6fc61a0bfb05,0f20dce3-9cfa-45da-853a-c93326e7160a,,2026-05-09T20:29:26,2026-05-09T20:36:26,completed,standard,0,41625 Adams Island Apt. 753,East April,VI,08389,US
fe05dd37-55ed-4ad7-a396-2cea4d9e3d34,3cef6d43-0aa5-408b-adcf-8cf4090adb51,8e104807-9dc2-4625-a1b7-9d858ddd96de,2026-04-05T18:14:57,2026-04-05T18:19:57,completed,standard,0,58273 Dennis Turnpike Suite 207,North Adrianland,VT,85927,US
f384b88d-3200-41ff-ab91-9ba1304d6c62,c8719675-44e2-4224-877a-b1df9d7804f6,faae2750-9c1c-4c70-96ed-e845374e4e5e,2026-05-20T16:34:54,2026-05-20T16:41:54,completed,standard,0,220 Robertson Cliffs,Lake Sean,OR,,US
7232559d-d246-4cd5-905a-1f310ae6754b,381e7e72-f25c-4585-ac42-410f069c01ec,,2026-03-15T20:25:19,2026-03-15T20:32:19,completed,standard,0,6982 Hoffman Ranch,Silvaport,NH,80547,US
81f25385-cefb-4d60-aa59-8ce2837620ca,7d6aeb88-d4ab-4075-9d53-dcf070053968,f7d61334-5d22-49f8-a022-903921239047,2026-06-11T20:24:33,2026-06-11T20:31:33,completed,standard,0,05052 Sanchez Pines,New Jennifer,MI,73003,US
dea73aef-b915-4ef4-b6bd-f3f862016447,05096fab-1f68-4e7a-8a4d-84fd7cec3212,0a34659d-f0b2-4bdb-bf92-759aea838e90,2026-06-06T09:07:21,2026-06-06T09:15:21,completed,standard,0,5027 Victor Island,Port Tarachester,KS,68749,US
d0c969f0-efa9-482a-9c67-7c1999a051b1,76272c18-3b5c-4e23-a869-52fea4c7c333,3d0fd916-f8d9-4f59-9d2f-75d16ed75c58,2026-04-07T12:42:18,2026-04-07T12:49:18,completed,standard,0,9844 Jacqueline Neck,Lake Heatherborough,CA,52607,US
b9c567fe-1638-430d-b7b4-148421ba2da4,18a9014c-6463-4d08-9fdc-cf5610e029ba,3870073a-f764-4a2b-bc64-18e4569bf784,2026-04-01T19:55:49,2026-04-01T20:00:49,completed,express,1200,7303 Moss Court,South Paul,ME,42845,US
94a148ff-b6cf-4d5b-a303-6def9eb56ebc,b2f7c151-8a62-4458-baf1-eb57ce4ff996,,2026-05-08T20:59:27,2026-05-08T21:06:27,completed,pickup,0,1403 Perez Rapid,Port Christianville,MH,24226,US
74c91638-bc8e-4bb8-a0df-74b8ec17ab3f,26271599-c940-4b96-b4a9-87e8554cafa3,d4d6e685-70a2-49ea-b511-383a54d18cfa,2026-06-01T18:47:51,2026-06-01T18:53:51,completed,express,1200,988 Wolf Curve Suite 652,Lake Rebeccafurt,SC,06794,US
bccf365f-8dc9-4581-bb27-52870a6d270c,9fefa07e-c1d7-4dc0-a54a-d107322ac222,,2026-07-22T08:51:00,2026-07-22T08:57:00,completed,standard,0,44750 Rogers Roads Suite 492,North Cory,KY,90214,US
82770870-6e22-4c09-85a2-cef788ead908,c5b16bd3-06b7-4cda-b8d7-70297c37b470,,2026-05-01T11:20:22,2026-05-01T11:26:22,completed,standard,0,92737 Michelle Ford,Garciamouth,MT,56476,US
14bc5ece-108a-4887-94f5-9d6c481d9c4a,4081235e-fc4e-4f60-9878-950589890959,,2026-05-30T16:57:18,2026-05-30T17:02:18,completed,standard,0,15945 Michelle Isle Apt. 970,Taylorside,CA,46385,US
0a0ab9af-503b-4f47-a11f-8cc46f1839b4,e26eaeff-a517-4fed-8332-efbe888ac0a1,21c61b96-d053-45f3-9730-c3483fe288d2,2026-07-05T18:33:50,2026-07-05T18:41:50,completed,express,1200,0938 Proctor Rapid,Williamport,SD,17538,US
b1675349-4004-4de4-8eb6-32f65635e6d2,720eec7e-edf3-494c-9b3c-aa2b6fada4a1,d285a28f-6fa3-4c70-9469-73e7fe1787ae,2026-02-22T08:48:22,2026-02-22T08:55:22,completed,standard,0,1391 Murphy Prairie Suite 363,North Gregory,KY,58103,US
fc707f82-7fdd-4ca1-b6ec-8ae0a0454dc2,2f49c931-49eb-487f-8636-795e46dfe960,5daa5d95-314b-4f5e-8926-8d61c9d4daa1,2026-05-20T10:49:19,2026-05-20T10:56:19,completed,standard,0,341 Anderson Flats,New Travis,WY,55024,US
48203751-2399-4d8f-98ab-15982a636244,4e8ab632-a150-4dfa-9087-c772922961b4,,2026-07-12T15:54:09,2026-07-12T16:00:09,completed,express,1200,8408 Julia Stream,Lake Andrewberg,PR,64031,US
db684d16-e410-4625-9625-631d96c9c58d,bb4f685f-2162-4fdf-bdfb-f7f8dad5e19c,7767d63a-0293-4866-ae0a-724670463aa1,2026-08-02T19:35:12,2026-08-02T19:43:12,completed,standard,0,92134 Jose Cove,Port Alexa,SD,50694,US
be93624f-f891-425e-8013-fa0dbe8dace6,ea2ab712-c4be-4e1f-8822-614cdd73d6c2,5d5ea9b6-fefd-4e25-850a-9c2d365e7e27,2026-03-15T18:55:02,2026-03-15T19:05:02,completed,standard,0,321 Wilson Ranch Suite 581,Thompsonfurt,CA,78916,US
86e6e632-857a-4340-a61e-a6f0c6805d5d,443e0b7c-55cd-4246-b14d-b6607167de0e,189edb91-3f25-4f32-bfb4-64bd4052cb1c,2026-08-12T17:37:55,2026-08-12T17:47:55,completed,pickup,0,723 Brown Greens,North Garyfurt,NJ,40001,US
f381ff2c-89ca-4ded-b80d-e72d9065a9d7,44654465-d652-4094-bee7-3f409e6b6c19,,2026-04-09T16:13:49,2026-04-09T16:20:49,completed,standard,0,8894 Ellis Drives,Edwardview,GA,74070,US
f3335d03-e495-44c1-be1e-8cf82ab03b81,069c7090-c15b-45fc-8c47-1fcc4cf20ff2,,2026-05-26T06:50:15,2026-05-26T06:57:15,completed,standard,0,504 Ochoa Glens Apt. 151,Timothyland,MS,60069,US
060aa6ff-3324-4f18-ba9c-380a4a23d5d0,4efd71eb-63c5-4347-9ac4-03e979535482,9f72b282-1f70-450b-988f-9b3029fa121e,2026-06-20T03:22:07,2026-06-20T03:29:07,completed,standard,0,335 Lauren Circle Apt. 585,Davisport,NV,87750,US
d4f49cb8-135a-449b-9974-78ab8634b3d3,26d6312f-f017-410b-aa87-508e7ef0bc3c,05f69a50-2703-4591-a792-14e2e5994b43,2026-02-22T16:03:38,2026-02-22T16:09:38,completed,standard,0,09001 Davila Stravenue Suite 463,East Christine,OK,99031,US
775437b1-d549-41bd-bfa4-83e9a472d52d,45530a63-5232-4a06-b2e4-11ab6f3bdcf1,2251b079-d6df-4d71-bd74-d2a00e841a9d,2026-05-17T21:16:24,2026-05-17T21:22:24,completed,standard,0,12206 Lisa Islands,New Jamie,ND,52282,US
45efd694-89c6-4b54-a116-4f30ce3419e6,6d18c76a-e44d-46c9-b734-1640a0f98ff7,,2026-03-09T23:05:36,2026-03-09T23:10:36,completed,standard,0,0904 Mcmillan Heights Apt. 035,New Spencer,TX,89632,US
edcd9b38-b341-4138-93ec-826ed7d84bde,1102d5bf-beaf-43c2-8f3d-8307b28661fa,d47a83f3-a765-4a20-b40c-e0993cf00e4f,2026-03-01T11:43:54,2026-03-01T11:51:54,completed,standard,0,27961 Jose Land,New Benjaminfurt,MO,,US
85d295c5-6fef-4c94-b47f-43620a1022b1,78e58b4d-37bf-4c9d-b3b7-919b632bab47,3934f6b2-65db-491f-93be-76ec718440d9,2026-07-08T19:17:13,2026-07-08T19:26:13,completed,standard,0,7161 Tiffany Flats Suite 813,North Jonathanton,FL,46611,US
cb4755b2-19a3-43d4-a783-ff2104eeefb6,561cdb65-e4f0-4889-9fe7-54502dc1f479,3785fc7c-35aa-4e40-b620-f54b10e8a832,2026-04-24T00:08:37,2026-04-24T00:17:37,completed,standard,0,5238 Morales Dam,Angelachester,MT,08151,US
036dfe4f-93eb-4e6d-8f67-0cdfaf3a043f,d1626e8c-ce9c-485c-aaa6-2d10180e2a74,05e61dfb-4365-41c3-8f86-f9b259998765,2026-02-20T07:38:37,2026-02-20T07:45:37,completed,standard,0,724 Dalton Parks,Lake Michael,NJ,40270,US
badc4c27-1c4f-4674-bdaa-b2bce42f32fd,74aba196-697e-4e36-8c6f-fa1e4a4b7ae4,37601558-3b79-4200-800f-fc03a28a5ec7,2026-04-20T10:56:19,2026-04-20T11:01:19,completed,standard,0,949 Leslie Shores,West Kristenton,KS,80528,US
d031d2c4-0188-4c5e-9aa3-78cfabbb5f2e,b4a1cc6c-d080-4744-bcbe-09a7c25ac6e8,,2026-03-06T14:31:49,2026-03-06T14:40:49,completed,standard,0,01220 Meagan Island Suite 618,Port Diana,ND,10644,US
0f98207c-bbb5-4fe7-8808-a7d8dc66a583,5333d5c9-f825-411d-824a-758df120cb1c,f78c30cb-fcda-4209-9aea-0ae7ce4f7b81,2026-08-08T14:05:55,2026-08-08T14:13:55,completed,standard,0,83402 Ho Groves,Lake Tinaborough,ND,15729,US
9ad28bc4-c3f6-4063-9281-879d7062b21e,804d3890-c257-43d2-b258-7f90cee53c27,5a056723-8fb6-4708-ba04-edc4e2854e74,2026-07-17T21:56:08,2026-07-17T22:00:08,completed,standard,0,53641 Carter Coves,Mariaborough,CT,28890,US
4f5c6dcf-bb41-4820-b798-260d3b39e94b,1c7ef490-4e6f-43d5-965c-1eaf53b22a79,,2026-07-11T23:01:44,2026-07-11T23:07:44,completed,standard,0,9734 Virginia Divide Suite 152,Justinville,PA,65744,US
7e7440aa-96bf-40b2-9d88-db3febb80ce5,97793199-7142-48f6-b9f0-e332cf6c26d4,848c50eb-5e2a-4b53-b6b9-751bfad107b7,2026-06-27T20:46:03,2026-06-27T20:51:03,completed,express,1200,6714 White Summit Apt. 417,New Paul,MN,09702,US
2979126e-fe61-487f-be0f-51d346cfc954,02abc901-1f8a-4202-8950-9093329af915,,2026-07-12T12:51:52,2026-07-12T12:58:52,completed,standard,0,566 Freeman Lane,North Joy,MS,85460,US
0126f30f-f68a-4dc6-8bed-56fdde5b943a,32d8d320-c316-4be8-a87e-67c005f82a85,cfefbf12-9a5a-4d61-a708-d92f785af097,2026-05-16T01:23:18,2026-05-16T01:29:18,completed,express,1200,61675 Ramos Camp,East Angelaport,FM,93045,US
35998918-883e-43b5-9369-eb57c8f8b69a,a4a3c90d-0fb4-4db5-8568-288b0f19bcc6,,2026-05-17T22:00:56,2026-05-17T22:08:56,completed,standard,0,495 Nicholas Gardens Suite 535,Davischester,KY,57736,US
40cdf154-76d1-4b1a-bb4a-0d4c68bc1add,e54491a5-e684-413f-923c-d169ad91eee4,,2026-04-26T10:42:23,2026-04-26T10:47:23,completed,standard,0,320 Ortega Loop Suite 461,Estradachester,NJ,85266,US
738d985e-83b1-4cf9-b010-bd263f9ed9c7,83cd0025-9c85-46f2-adfe-27df80440f68,670a79a3-05fc-4a33-8b9d-1b6df80347f4,2026-08-15T22:05:24,2026-08-15T22:13:24,completed,standard,0,384 Brady Canyon,East Kevinside,AL,69682,US
e751ce34-1ff3-432d-b292-d0bfeaeff03b,e42ab070-3f4f-4722-b92c-b834b7cd282c,77b903b9-c97e-44ae-8274-9dea7b101277,2026-05-10T03:00:48,2026-05-10T03:04:48,completed,standard,0,540 Mckenzie Shore Apt. 348,Parkerstad,MH,90317,US
660206f7-b792-481a-859f-f56495ce17e5,7bec0fab-ecf6-4cf8-8e22-6a009b86ee29,,2026-05-02T03:12:31,2026-05-02T03:19:31,completed,standard,0,7021 Phillips Springs,Port Courtney,AL,64651,US
74888b68-e776-4f00-8355-16bb5d30a964,a8f55dcc-94e4-4631-a72c-b50994d0c64c,,2026-04-03T03:15:10,2026-04-03T03:21:10,completed,pickup,0,58652 Kimberly Haven,Lake Jenniferborough,NC,16262,US
dd402de5-dd01-4c95-a9a6-ca4f65ece88b,5748dfa4-0b8c-4e13-967e-2eb25ab6f477,bbffd265-99c5-491d-a03e-fee1fec9e123,2026-08-14T18:14:20,2026-08-14T18:17:20,completed,standard,0,394 William Inlet,East Mariamouth,IL,65983,US
2d59f7b6-927c-4004-9de2-495badcfb082,af728224-c5d0-4e9d-901c-242c79267d8d,,2026-05-08T19:48:40,2026-05-08T19:55:40,completed,standard,0,4853 Thomas Bypass Suite 077,Port Jose,CA,61915,US
14a6fa06-c781-4669-83c4-6991ed5d7c25,ff2dc254-9577-4b55-ad1b-8bb39e67f146,26b9f21d-cabb-40f3-b28e-71549d01a6e1,2026-08-07T07:30:02,2026-08-07T07:35:02,completed,express,1200,872 Fields Forest,South Laurenview,MA,00704,US
bcf32f46-3b0c-471d-8a30-872f5e7725fd,90ffb6a0-452e-49de-9b92-b3b27f99bcf9,1439dc05-4ab9-4995-90c7-d9437ae94f50,2026-05-28T03:14:21,2026-05-28T03:22:21,completed,express,1200,137 Hughes Row Suite 300,Lopezshire,MI,02745,US
ea990970-6cbe-476b-9ce8-2f00874b9d6f,f0996127-cd6b-41d6-abb5-0976623e159a,,2026-07-23T11:35:11,2026-07-23T11:44:11,completed,standard,0,815 Michelle Row Apt. 032,North Anna,ID,85878,US
25e9158d-321b-4241-9197-7912db79750d,e16c1bb2-1249-4ee0-8e20-42d8bc3ef86e,,2026-04-01T04:48:15,2026-04-01T04:55:15,completed,standard,0,0866 Rachel Crest Apt. 827,East Jonathanstad,NJ,85177,US
b21d4b15-6387-4fde-8237-3b3992fa2c59,8c3d0881-7a00-43b3-9b3d-45d369e24342,5d59a09d-7696-4e1b-a171-abe3b79fff2d,2026-07-02T14:27:53,2026-07-02T14:33:53,completed,standard,0,979 Mills Route,Reginafort,ND,30271,US
b1cdb79b-fcbb-4471-921d-7dad2e3ff8e1,79491518-6d57-466d-8972-c3aeeaa45987,,2026-07-08T23:53:58,2026-07-08T23:58:58,completed,standard,0,345 Underwood Port Apt. 405,South Conniestad,MN,67708,US
81286eac-b6d2-4ce2-905a-1004b0e5c7a3,ef196c6f-4add-481c-a6ce-4fe77b9fbd63,8639eac0-9cd8-4fe5-9e10-8526a16018d1,2026-04-07T19:02:58,2026-04-07T19:07:58,completed,standard,0,68011 Jesse Way Apt. 376,North Erinside,NV,94667,US
75b3fb9b-8729-4c1a-9370-124e83ba7570,c447f355-40be-4fa4-9a92-38e638237c50,,2026-04-01T19:06:49,2026-04-01T19:12:49,completed,standard,0,5510 Ross Light,Port Jessicamouth,GA,62187,US
52000ed8-b0eb-4e2f-a09e-35ae002af898,d93729de-eea1-4ae9-b8fc-0a56a76c727c,e50d93de-3e78-4f09-8406-df4f27f26c8f,2026-04-06T09:31:53,2026-04-06T09:39:53,completed,express,1200,97054 Ortiz River,South Michael,PR,82372,US
df153bb2-fbba-48b4-81c2-4b6e071e9984,d97e2e0d-97b3-47fe-860d-d5dd4aec73d8,8e5c2f29-44ce-4f60-b818-8b728f60b79b,2026-05-30T10:42:08,2026-05-30T10:48:08,completed,pickup,0,36268 Donna Bypass,Sharonmouth,MP,34911,US
6c570515-45b5-4739-9652-58cb5edab474,65c93333-5fe3-4e7a-8aca-f119aeaf71d8,1435b563-f156-4cd8-9f3d-6224260e26a4,2026-04-14T20:13:15,2026-04-14T20:19:15,completed,pickup,0,3227 Gregory Parks Apt. 885,Evansside,PR,74928,US
deb8d72c-f8e7-4882-9aae-bb819e981a7d,172985bd-973c-45be-9cf9-639d9efe8fb7,,2026-06-20T15:49:30,2026-06-20T15:55:30,completed,standard,0,99141 Larry Mountains Apt. 577,Williamsborough,MO,86024,US
62b50ee7-3964-4752-8226-2d6511224c88,6b553018-dd2c-4556-a64f-5cb2ba8663a0,,2026-02-18T23:16:10,2026-02-18T23:23:10,completed,standard,0,722 Jennifer Via Apt. 253,Williammouth,TN,36824,US
a92f350d-ba86-437c-8bdd-a0f12077daf1,7ad55960-732e-429f-9f71-2e12971bef5d,4675a031-3216-463d-8c4d-42ea1283bd56,2026-08-04T04:51:22,2026-08-04T04:58:22,completed,express,1200,987 Conrad Light Suite 155,Tiffanyton,DE,16769,US
26e29980-da29-4d5d-bf49-5f5ace4800ea,73f9ad80-c8a9-4f75-addd-3579daf019a3,8fe1e8f7-9891-4978-ae6c-34234f35c728,2026-04-13T21:11:30,2026-04-13T21:15:30,completed,standard,0,5676 Murray Points Apt. 612,Kristinshire,NY,49405,US
3796752e-8bdc-464c-ad1e-ede308d15bc2,650839bf-d2b0-4b86-9ea2-46831b7a9abd,cd67e795-f5fa-470f-9a4f-4060d5951279,2026-05-25T08:22:08,2026-05-25T08:29:08,completed,standard,0,9876 Melody Ports Suite 872,West Zachary,ID,,US
e93054a7-dbbd-49fc-8e6d-f950e78df4ca,ecdf7e30-e4fd-4ca3-a7a8-080c64c847ac,f4c4994a-5a77-4a2f-902b-4f69c22ccee3,2026-08-01T11:04:39,2026-08-01T11:12:39,completed,standard,0,6810 Green Parkways,Davidville,NV,39555,US
26c340dd-c203-43b7-bcba-86578a418037,3848f4c0-9a3c-491c-ac5d-fe9d2cd8dd3e,2e1fd151-264e-4a4a-8584-733dd5da3152,2026-03-14T11:03:30,2026-03-14T11:10:30,completed,standard,0,2159 Alicia Village Apt. 700,West Richardchester,CT,41212,US
08a90f41-0175-4d79-855b-9ab1b0738847,9369cd90-b8ad-45f0-b1a3-24ff0ba611a0,,2026-05-11T04:11:29,2026-05-11T04:16:29,completed,express,1200,811 Bailey Ports Suite 525,Leeside,IL,26842,US
87db9d23-204e-4208-8965-5d6cf9508843,f42ae4c3-ea18-40e3-a534-64475a1fc044,,2026-07-25T11:07:16,2026-07-25T11:12:16,completed,standard,0,45610 Woodard Spur Suite 395,Joshuatown,UT,88968,US
7d059853-49cc-415e-8c19-42343f6a22b1,541c4aca-11c8-4e25-8995-970fca83716d,4ba45839-9bf9-4071-b1ca-52719a49c9fa,2026-04-27T21:41:12,2026-04-27T21:47:12,completed,pickup,0,47323 Walsh Squares,Jessicaville,HI,66461,US
f1046886-db37-47d5-a018-e4d45566e9e9,5795c166-7473-4db1-879d-1cf328d66621,35292459-521c-4d3a-a786-3b68116663fc,2026-04-15T21:43:15,2026-04-15T21:50:15,completed,standard,0,1091 Christina View Apt. 267,West Brittneyhaven,CA,80813,US
25d36682-893a-40b4-b118-ea290d1142fa,adc5edf3-9862-4d17-9467-852efde5e238,72ad36e6-90e5-4d1f-8978-44a18ed7d4e0,2026-02-20T03:49:04,2026-02-20T03:54:04,completed,standard,0,29271 Brian Gateway Suite 871,South Jean,GU,43345,US
ff63eea6-af71-4cd8-a009-d6a6993800c1,9e5b9918-bc68-4237-b52b-1c892b1930ae,,2026-06-26T03:22:35,2026-06-26T03:27:35,completed,express,1200,833 Rich Lodge Suite 069,Jamesbury,NJ,19978,US
29ee6c57-4265-42bd-81a1-bf273cb8da2f,012c5398-fc60-4281-987a-5c58585fec0b,,2026-05-06T00:19:44,2026-05-06T00:26:44,completed,standard,0,13182 Shawn Key,East Emilyport,KS,99903,US
b72cbcc0-c3b0-4d1e-825e-605e4a2e696e,57395fdb-a04e-469f-af0d-ba870eebd38e,e100dd4b-6c96-4036-88a6-8813aa5a718f,2026-05-20T18:30:22,2026-05-20T18:37:22,completed,express,1200,5809 Melendez Rue Apt. 273,East Kevinland,MA,50841,US
e5bb6096-71fa-4032-a95a-1457ed10bad5,de04c42b-7993-4092-ae61-b028f80caf56,02c02023-75d2-4ad2-89f6-ed2c2e7ae6f5,2026-04-16T19:18:57,2026-04-16T19:24:57,completed,standard,0,419 Baker Flats,Lindaberg,VA,37428,US
14670361-a7b3-4c78-ad78-0a8331b7d72e,31b42e88-3bd1-41e1-bafd-2aa71b55e714,2a26f327-c9ef-40f4-bb8c-c809417caad1,2026-07-20T19:32:24,2026-07-20T19:39:24,completed,standard,0,15291 Jennifer Mews Suite 713,East Sophia,GU,35392,US
5d770424-be34-47e1-8da6-0e0e70b5adf8,19745709-ea9f-40bf-afcd-85c8d329dce2,,2026-05-12T20:12:45,2026-05-12T20:19:45,completed,standard,0,28739 Wells Park Suite 790,Randallbury,SD,95720,US
a4efb3da-96d5-489f-903e-3317fa804897,daccfd9b-e0cd-4d0c-aa40-3e55c5ec6cbf,fad2c57b-c35e-4270-8d10-2f067a5ee2b7,2026-06-25T03:56:55,2026-06-25T04:02:55,completed,standard,0,9743 Wiley Greens Apt. 882,East Brandon,MA,66103,US
da646324-162a-41f9-9341-a4726c310b45,5dcef4a4-529b-4ea0-b439-3f2b1a4a77e9,,2026-07-01T22:48:44,2026-07-01T22:52:44,completed,pickup,0,9371 Hardin Vista,New Crystal,AS,86041,US
0b328781-f171-4bc0-81c1-7f80ac82282b,b86588ef-6610-4538-9073-467c066fc2d5,b8cf5c4c-27e2-4106-9058-eb38559661e0,2026-07-17T12:00:45,2026-07-17T12:08:45,completed,standard,0,5104 Carey Ways Apt. 081,Romeroview,WY,95257,US
cf65109b-54f6-45cc-bdc2-d0150f57d326,799ed0c4-24fb-4b0c-8b44-e463f3573c61,,2026-06-17T14:49:15,2026-06-17T14:54:15,completed,standard,0,4418 Cameron Shores Apt. 209,Lake Sydneyside,MO,80578,US
ae1531d4-c02e-4db7-a6ed-a0a151ad4818,0e96605a-2a14-4205-a792-32f20bddfa0e,fe1ef2c8-17e9-4560-bca8-d42ce43d899f,2026-06-06T14:01:35,2026-06-06T14:07:35,completed,standard,0,9096 Sharon Lake,Irwinborough,AR,,US
71021a79-71f6-4e22-8e68-ee86b007e04f,40ad49e1-e2e5-455f-b0d2-ac45c9c5677b,10d7cb3c-5a86-4eae-9da6-611ddf67fdd8,2026-06-21T16:07:22,2026-06-21T16:12:22,completed,standard,0,1687 Rich Springs Apt. 903,East Melissaport,MS,21237,US
38657a6a-e79e-48bf-ba8f-2a013e848a17,381e8c67-f7ae-432d-bed0-271092e3af05,,2026-04-13T05:57:16,2026-04-13T06:05:16,completed,standard,0,37372 George Manor,South Markbury,AS,40213,US
e007877c-46ac-4105-b001-36d888cf7a3c,cbb253c7-7de8-4e51-a342-1b95aab0169c,,2026-06-05T17:37:34,2026-06-05T17:42:34,completed,standard,0,91255 Gates Court,West Yvette,FM,92912,US
57949e49-19d6-4de6-a9fe-8a93c1c22b4d,1f456fa5-e154-4c5d-9de2-f259790892d3,,2026-06-19T21:39:37,2026-06-19T21:44:37,completed,standard,0,965 Cynthia Turnpike,Zunigaberg,WI,39442,US
022b86f0-f76f-4681-b28d-becdfd46f084,e35db423-2115-4a62-8283-34e44d5ade62,b60e68c2-1b3c-4a8b-a056-a39fb4e6a320,2026-07-02T04:51:52,2026-07-02T04:59:52,completed,standard,0,833 Kenneth Circle Apt. 884,Port Nicholas,UT,01931,US
416a9ffb-85c5-408e-aba0-728c2bb20346,148188d0-9334-4f23-b69e-2369ffd08080,2251b079-d6df-4d71-bd74-d2a00e841a9d,2026-03-20T11:59:45,2026-03-20T12:02:45,completed,express,1200,12206 Lisa Islands,New Jamie,ND,52282,US
d0af6f43-e827-4e8b-9f0c-da4c29a37d07,3c73e60d-2b2f-4d53-a613-354a12f8ec1f,,2026-04-28T19:13:07,2026-04-28T19:17:07,completed,express,1200,467 Campbell Underpass,Cynthiashire,AR,36900,US
af9e17ad-dff5-4b74-8410-28d5ec8221a0,fa55dcbe-9a34-4569-8201-47cbd3ed9761,8cf43099-d49e-4e95-8b08-3d61df8b947f,2026-06-29T20:02:57,2026-06-29T20:08:57,completed,standard,0,74883 Sharp Knoll,Port Sarahshire,AS,86829,US
47d53111-4518-4524-8400-1e4c1dbdc6ad,4f356f0b-cce2-4079-90f0-1b9ad40356f4,0c7084bc-19a5-4ad6-bb26-a25f9c09b324,2026-06-14T07:05:39,2026-06-14T07:13:39,completed,standard,0,374 Miller Mission Apt. 581,Port Davidville,IA,10254,US
c7021253-d34b-47df-b6cb-0af445f41381,adcc3212-fdbc-4566-bdfb-66cf2aec4b31,,2026-05-15T18:26:20,2026-05-15T18:30:20,completed,express,1200,67729 David Radial,Lake Brianbury,TN,01134,US
1b900645-d1eb-402a-9b4b-cf384c2d5150,15dd9525-4d19-4576-bfbd-ed8569be1601,,2026-07-07T22:44:01,2026-07-07T22:50:01,completed,express,1200,210 James Circle Suite 645,Sarahshire,ID,99136,US
58048e1b-964a-4f80-a765-fb0420fbea38,d1b293b0-a6c2-4e2f-9a69-28da8a88faa5,8834bd0d-66fc-44cf-83bc-c787f024b078,2026-05-11T17:07:32,2026-05-11T17:15:32,completed,standard,0,369 Davis Mountains Apt. 350,Michaelbury,ND,44204,US
a18271ab-80cf-470c-bea9-5f4e51148ff9,755e1aa2-c8e8-4f31-897a-91f3f39627bb,8f9052f4-d761-416e-8b74-a71f640df0d7,2026-04-13T01:27:29,2026-04-13T01:33:29,completed,express,1200,18385 Cox Terrace Suite 006,Kevinstad,LA,85987,US
f45ef13f-3ea8-451d-86d8-95b59d7108de,442f03d0-5742-43a4-a58d-94199bbdd733,b3f95dcd-caf0-4d0c-8890-a7b8e231c6b7,2026-06-19T14:44:14,2026-06-19T14:49:14,completed,express,1200,13062 Kathryn Valley Apt. 369,Samuelberg,NV,78751,US
5183c9e1-6766-4b74-ba79-04366757a1f1,c61be9cf-6da5-4bef-b780-80672c6a55e9,2661b9e7-3b2c-40ea-b349-251363d10a4e,2026-03-18T13:41:23,2026-03-18T13:46:23,completed,standard,0,37638 Daniel Stravenue,Alexaville,KY,86784,US
78480988-1dde-4010-aec2-78c5fc1d8166,d05267d9-ced9-48d4-b316-a4fafdc1b211,,2026-03-03T03:00:39,2026-03-03T03:08:39,completed,standard,0,70900 Baird Summit Suite 604,West Chelsea,AK,08015,US
d18393e9-fe4a-4487-8c7a-d52deea7f528,36daf1bb-90d4-4c2c-9396-52e2e7d6442e,2f76575f-2d85-40ca-8f3b-82b14debc678,2026-08-03T23:50:07,2026-08-03T23:59:07,completed,standard,0,2696 Adams Ridges Apt. 649,Smithville,MO,77930,US
671b6a01-0a22-4dda-b767-60b2cde9de39,a74342af-5ad3-43b9-bacd-7e42e9499682,3207b0f3-9af4-4ba4-acb1-6ba8ea25f52e,2026-06-11T07:25:47,2026-06-11T07:33:47,completed,standard,0,156 Edward Parkway,Romeroton,NV,36229,US
1c8e3665-fd7e-4fd2-b12f-188720f2bdd8,9b19cce0-5ae6-4829-8d9b-5e6135a9f67f,65dbcba7-fbb7-4837-ace0-5cd3cc5dd4a4,2026-06-30T21:10:34,2026-06-30T21:17:34,completed,standard,0,915 Scott Canyon Apt. 824,South Jeffreybury,IA,30101,US
dfa88644-5574-4a16-9cfc-40d0cea0d253,e9409b29-8911-4b42-9117-545319e38668,41c59ae8-bcd0-4d00-b8e9-bfaa0ce5913b,2026-03-05T13:55:20,,failed,express,1200,5553 Griffin Causeway Suite 742,New Kelli,OH,85473,US
a4668297-073b-4a24-9bb3-8ccd89527647,b9642cb6-b5cb-4948-966a-0760ac8c3da7,,2026-03-12T00:01:13,,abandoned,standard,0,00566 Jacqueline Spring,Wagnerstad,ME,88767,US
7e734cb3-afaf-4202-91d6-17d35e2e0402,58e1df2f-be69-471c-b6e5-db20ef324f71,a3d91be1-b5d9-4d3c-bdd8-ab49cd378f30,2026-07-06T08:12:39,,abandoned,standard,0,92529 Watkins Walk Apt. 111,East Amberfort,MH,12600,US
8836db09-3528-41b0-8487-1767bc4d8bd9,fb78f7ab-de23-4b5e-82ef-c55a33cd5b0b,65dbcba7-fbb7-4837-ace0-5cd3cc5dd4a4,2026-06-13T04:38:45,,abandoned,standard,0,320 Sanchez Brooks Suite 768,South Jacob,NC,76640,US
43f54645-8908-4bc9-8216-a2c92ffb0a22,41cbc593-79c6-4d5d-bad1-00569cc286ad,0206c59d-8464-4845-9680-9463df25efd9,2026-06-18T00:50:46,,failed,express,1200,7128 Melissa Harbors,Davidview,KY,34180,US
be65a509-25c9-4308-ae65-5371625217ce,4acd1552-d633-4498-abb2-5fb7087399f2,8f34cf8e-4ab5-436b-b34d-d43e654c8d6b,2026-07-05T20:09:57,,abandoned,standard,0,15391 Linda Turnpike Apt. 074,Lake Katherine,VA,01334,US
2fcd3729-d49e-4a4c-88a1-e46236c18658,ae7db8dc-1fe8-462d-9477-1510c4a42c78,,2026-03-07T05:00:09,,abandoned,express,1200,0683 Lopez Plains Apt. 455,Joanchester,NC,32291,US
e6aaf002-14e9-49de-96d3-e9046f7ab4d7,256633ba-15c7-4ff1-a7a6-41479eb30585,,2026-04-10T14:58:31,,failed,express,1200,38369 Carla Mountains Apt. 734,South Gloria,AL,50087,US
947288bf-49b2-42fd-b55a-6a2280619a7f,82007ad5-ad3b-4dbb-8d9a-6a65cd22dc8e,,2026-05-09T16:20:20,,failed,standard,0,2966 Nicholas Gateway Apt. 923,Kingshire,NY,28610,US
7d4e63a5-f23d-491e-8390-e6dd6c122258,87f193fb-7556-4526-8eec-76666e0a5b40,,2026-02-17T00:53:11,,abandoned,express,1200,467 Martin Mill Suite 008,South Carla,AZ,13745,US
4ad267dc-94a0-4ce6-be89-9b5b37ebad16,82abe9cd-fa92-48f2-8188-90f9c4d1f9f2,,2026-07-15T18:58:50,,failed,standard,0,9314 Bautista Gardens Suite 390,South Donnaside,NE,52498,US
e090bbfa-4d15-4183-a0c1-057dd00189c8,eab7921d-f23c-4046-ba7d-be20eaea4dfc,a1a72036-c041-4a92-a719-9bbf0e21d53b,2026-02-28T22:01:10,,abandoned,express,1200,911 Huffman Mission Apt. 699,Barbarahaven,CT,85919,US
674bca9e-6026-40a2-8e7d-668bbade3633,2ad8780e-4859-41d0-9b84-4e2e3d5662d4,,2026-08-07T08:58:46,,abandoned,standard,0,63815 Brooks Mountain,Christinatown,NH,98087,US
1adc54f1-6410-45ac-9bed-7532053b4e50,574ae2d6-b542-4793-81f3-d9a7858f7d6a,bcff2252-fa4f-4a03-88eb-6ff7b0e010a0,2026-07-19T12:39:58,,abandoned,pickup,0,8517 Bryant Squares Apt. 274,Guzmanland,CT,71517,US
af69b295-ae39-487b-b405-1af396f596e4,2151ee2a-db14-497c-b125-9671a2cd8e33,866ec748-2021-45f8-9170-6c393fca1e65,2026-06-11T06:13:16,,abandoned,express,1200,41595 Alvarez Squares,West Kevin,AS,74148,US
c29c749f-756b-48cb-a52c-d356335daf61,f35b293f-6c3c-4b86-96f0-5b1149c56f7f,,2026-03-29T03:19:20,,abandoned,express,1200,416 Angelica Walks,West Joshuaview,ID,34206,US
afe9c7c3-d0ae-45f1-b846-f1893b5c645e,12a0d386-45c0-46d3-b65c-defe34cd4d36,b43d4e7f-d2c2-4f0e-a706-cfd02d61a398,2026-04-15T01:16:56,,abandoned,standard,0,199 Anderson Plains,Lake Andrewfurt,CO,92871,US
b72141e2-404c-4708-8fe3-c002b7a624d6,ec1af937-786c-4d73-ae8a-0c5b9a0510c4,adc6b3eb-08c6-47a0-a6ce-19384284547a,2026-03-25T14:22:05,,abandoned,standard,0,9632 Serrano Ridge Suite 232,Kristinebury,VI,26003,US
93fc1424-6e1a-45cf-bccb-d0365d1676b3,678f326f-1e6a-4b22-99e6-b0de8ba3a556,,2026-03-29T17:04:28,,failed,standard,0,510 Thomas Unions Apt. 999,Tinabury,WA,08126,US
dd04b6ee-6ef0-4970-9991-87351b7c94ca,1742f3f6-aefb-4a06-aad8-ef7c23ac69eb,,2026-05-23T08:21:15,,failed,standard,0,9096 Conner Flat,Joneshaven,AR,63596,US
51c738ec-b26a-4058-9f74-4e34a3bd9b19,a4399aab-eedf-4def-8cb4-5e6771840264,303bc5db-08d0-4431-b6df-29c80d0321da,2026-07-09T16:45:11,,abandoned,standard,0,833 Beck Locks,West Williamview,OH,70592,US
382d0d28-4e68-4903-9245-d83abab4cdf2,1c42bd1b-a668-4665-a31b-d13a25568353,8c5628d0-6d15-4a6d-80f2-9c723e39ba83,2026-06-10T06:28:58,,abandoned,standard,0,83647 James Plaza,Cooperside,GA,62322,US
cfaf022a-33e4-4df6-b42a-61cf37804734,7ff64959-eb57-4d8f-b790-f1882828c5d5,,2026-02-27T08:16:45,,abandoned,standard,0,8843 Troy Walk Suite 042,Calebstad,MP,02631,US
116d2309-376d-493c-b181-f429e76dfa14,8d69c056-ed9a-4c4d-b8b6-ea100ee0147b,f8b1caa2-10e7-4302-963a-252a15b4a714,2026-04-30T22:14:12,,failed,standard,0,080 Davis Alley,North Markport,AK,74960,US
4b6b717b-65f6-4462-b81a-c8844f9b580b,18bbf258-b545-46d0-bc37-a973b9a5ef71,9eac28b8-2264-4e48-9c2c-b3f7384bc20a,2026-04-25T02:45:08,,abandoned,express,1200,1735 Gallegos Hollow Apt. 842,West Kristenborough,PW,12638,US
277b7eda-a86c-4d76-b444-ef9536e16caf,d1f32add-a25c-4767-b6c6-610354e4f070,bb35efe0-ac42-4801-bc72-7bea481716da,2026-06-22T12:05:36,,abandoned,express,1200,185 Hawkins Centers,Parkerport,WV,18007,US
3f360e04-7613-45d7-8f31-2d5d8725d02d,c79f8e1c-980b-47e8-b57c-93d7d82464f6,3455f0ff-3219-4cd9-acd8-091f34518293,2026-05-31T02:11:10,,failed,standard,0,2515 Marie Vista Apt. 447,Josephtown,WA,83230,US
a3bd770b-a390-4c2d-8758-38a16fcada63,bef298b5-6a72-4e9b-a078-50ac6788e163,,2026-04-21T15:35:44,,failed,express,1200,964 Glenn Forks Suite 683,Clarkport,WI,23373,US
d34eee56-2f3b-48f6-8bb0-79409ae56b1d,bf4f284d-78a4-4d85-b0dd-21b35e867f8f,,2026-03-16T10:39:03,,abandoned,express,1200,51784 Acosta Flats Suite 620,Manningstad,LA,94336,US
780828f3-69c3-4b1d-a52a-255535c444fa,b2290784-a7f1-42dc-86e5-e24e90a1fe1e,4ba2a669-8d0b-4aef-96c0-aae24b7711ff,2026-03-12T13:41:59,,abandoned,standard,0,1996 Ryan Fall,East Carrie,NJ,44314,US
9fffed70-000b-416f-a1e1-67f0e38f6cc5,604ff792-9740-4978-bdcf-f70170a8d017,,2026-04-07T02:23:39,,failed,standard,0,3447 Kaitlyn Pike Suite 617,North Tara,WY,12433,US
2d8b8a7f-559a-4e9a-bcb7-b303248aa1a3,d7936102-64ed-4da3-9164-47ff87a0a161,3207b0f3-9af4-4ba4-acb1-6ba8ea25f52e,2026-03-27T12:31:46,,abandoned,standard,0,06634 Richard Ranch Suite 897,Rodriguezton,SD,33130,US
2a601dc3-ec5c-42fb-b3cb-437b5776c7e6,bcfc105f-cc08-49cb-bb90-8f9aef9d2c5f,a48b7707-e594-444f-854e-67d65eb9105d,2026-04-06T06:05:13,,failed,standard,0,41748 Johnson Fords Suite 813,Raystad,WA,79606,US
ca9cb53f-ab1a-4c3c-bb3c-6aa395fe88c3,8e83010e-9f1c-4c8a-9dbd-b89be24d3ab7,c11308cb-8153-4e7b-9149-9b6b5c0aa137,2026-07-22T09:35:39,,abandoned,standard,0,85174 Russell Burg Suite 521,New Carrie,PR,13624,US
2b741c83-f498-43bb-b9a3-832d2952682b,ea2910a2-1bb3-440d-872c-5f675f06c9f7,,2026-03-06T12:22:12,,abandoned,standard,0,290 Danielle Parks Apt. 684,Theresachester,IA,37350,US
7465ca22-eca4-4a61-ad67-e0fdac2586ef,9a557d04-c437-41b0-b02f-2587eb351bd5,7bb8fda6-2726-4199-a7aa-ed27cdfff312,2026-08-03T00:10:57,,abandoned,standard,0,71695 Adam Orchard,Rebeccaland,FM,66584,US
3beb3618-6287-4389-b3c4-48421db81352,de8c6e38-10f5-44c8-a2fa-eeee9f24a194,f3feb7f9-9069-4fd7-be91-3800d1307935,2026-03-12T16:32:22,,failed,pickup,0,51477 Martin Streets Apt. 388,Anaberg,UT,92088,US
e3e17d84-0b49-42f0-94d4-c3ee5c918f7d,262d1fa9-578f-42d5-a2a1-76038b675a24,d23755ac-d315-4dfd-ae80-4fa042f7d833,2026-05-29T21:30:04,,abandoned,express,1200,2429 Marsh Flat Apt. 652,Waltershire,IN,03218,US
cdffd740-8b61-4b5a-93b8-8f54aa41c2e7,c3a48db1-9084-40c8-a4cf-bacfcc9c3a6f,d6914b8f-0d72-4044-a61b-055adb02f005,2026-03-29T11:43:07,,failed,express,1200,4901 Carroll Islands Suite 277,South Alanton,MI,63442,US
79c5a5e2-35d6-43db-bd4f-d7fb6bcb32e8,cdb1f65e-dce9-46a2-8aa0-b755298961a5,314d5517-f29b-49b2-a076-3abe12756120,2026-08-05T17:49:14,,failed,standard,0,4613 Hoffman Orchard Suite 883,Smithfort,VA,52096,US
d09c6511-ff0c-4fb4-9c32-d11d679d1be9,f04bd05c-1c88-4f6f-8e59-bb26d8ddfbb9,43217606-3354-4bb8-b967-c358331d8375,2026-03-14T06:20:15,,failed,standard,0,36502 Richards Locks,North Tanya,OR,91039,US
6df2bd17-4007-4fef-9fcf-a98e2d3117c1,fd390c5d-942b-4736-a4a2-12b597eb5abc,f03fb49f-283d-405e-bf8d-52046ca6e77d,2026-02-27T08:16:30,,abandoned,standard,0,497 Logan Pines,Fowlerland,ID,,US
5949f203-64f6-4f51-956b-1de19845b7d1,3cc040f6-d1ef-4bc9-8b40-da4911001114,f9c2b37f-2e88-4008-a277-99f35c4760bf,2026-05-15T02:34:25,,abandoned,standard,0,1754 Brittany Drive,Walshport,NV,87106,US
a3a144e2-f353-493b-a68c-15ab76506afc,3904d087-df05-44cd-b923-f546b79bb1a3,,2026-06-11T13:48:48,,abandoned,standard,0,81442 Kim Avenue,Lake Jacquelinebury,CO,63282,US
02cd5d42-1f0a-4cfa-9ce6-a43e6dbadbf8,66b93e43-a426-4fa5-adfc-0b7e55a8f4e7,1380e029-b899-4413-a8da-0741720a6a06,2026-05-30T18:56:32,,failed,express,1200,54768 Tammy Parkways Apt. 683,Port Erin,WI,02692,US
e2dacf0b-cc9a-488c-8040-68aa828e618a,c21022ee-c19a-47b9-a06b-423c123d218e,,2026-06-25T22:40:17,,abandoned,standard,0,846 Bridges Rue,New Kyle,FL,49581,US
d7ee0006-0d71-48b0-9340-0e3c0a77e5b2,5d4ed1f7-4b35-4b58-a1da-65fee6ac8ca6,,2026-04-01T17:00:29,,failed,standard,0,6855 Doyle Street Apt. 913,Hutchinsonton,MH,06576,US
c66fb059-8cff-4cb0-9444-0c26325d5a9c,2453876a-c6d2-4ef2-9c29-fc7822ce99aa,,2026-02-24T10:12:53,,abandoned,standard,0,407 Collins Mission Suite 557,Mccarthyshire,SD,41803,US
9d27aa72-5967-4f02-9752-212aac033ec9,a5676110-10cf-441f-8540-c2816c7986e5,59292cdf-6314-4444-aee9-45a78c76dcbe,2026-07-21T18:32:04,,abandoned,pickup,0,246 Torres Haven,Hartfort,CA,44178,US
31fa8b13-4fae-4546-8219-363fd71f126e,d4d86af7-a567-400d-b72c-dcbe395c9099,,2026-06-29T00:22:07,,abandoned,standard,0,405 Diane Mount,South Ronaldshire,VA,92663,US
1dc1b28c-a499-4ab4-84cf-c2f28173f8c1,102ab64c-fe85-4e00-9051-b2c8e54e2432,45ed3c5a-3c94-463b-91d2-73d3333fe5fc,2026-06-05T12:03:03,,failed,pickup,0,40559 Whitney Curve Suite 711,West Shawnaborough,NM,92940,US
d091f526-a1df-4047-9949-2704dad874d7,32cfcb26-9165-4bbc-b5b4-c7c592c21b11,b0fb926f-1c66-426d-b796-e9d801b13122,2026-04-03T04:14:21,,abandoned,standard,0,16667 Marie Circle,Allenchester,AZ,66589,US
5edaff1f-70fe-4652-a22b-fc03292bd885,cede3ff6-307a-42e6-b14b-8ace36bf4476,c958448f-45d7-416d-a358-45098ec2a9da,2026-06-30T01:49:55,,failed,express,1200,31261 Perez Via,West Jennifer,VT,73245,US
ce9fa148-ea93-4df8-9d86-a4acec4d93fc,d064dd64-5e4c-4e14-bb6a-8854a8cb562b,,2026-07-16T23:27:41,,abandoned,standard,0,54027 Kyle Prairie,Nixontown,AZ,72105,US
6dc416c7-c97e-4e5a-8695-cd5197607f20,cc259c0d-aa0c-43e7-891a-64c4ff71f3bc,6b991ab8-8048-4161-b67d-7f862b2cc13e,2026-04-11T17:16:06,,abandoned,standard,0,159 Riley Place Apt. 845,Thompsontown,VT,96430,US
f4c3716f-9ee1-4c36-b608-8ef9979e91a1,98147be3-73d9-4826-832d-deafb23fff5c,97bbee89-2209-4d9a-9f20-d3327baf7efe,2026-07-31T19:11:53,,abandoned,standard,0,197 Norman Station Suite 851,South Amanda,MS,88937,US
fd34169e-497e-484d-8347-b4f90ed476ed,af2cabe1-0682-49f9-ab83-c970979ee080,,2026-06-20T03:06:15,,abandoned,standard,0,0405 Ryan River Apt. 135,Hollyside,OH,30127,US
4e81e376-7bd5-4bac-a205-a7500749bc86,a9983466-1baa-4427-b63b-86db0363b106,6bb94756-3d64-40f4-9ecb-bc26ede41625,2026-06-29T01:28:10,,abandoned,standard,0,0798 Ryan Throughway,Williamsmouth,AK,53891,US
281941e6-9519-4078-a482-2c8a6a5e6d16,48f73d93-3901-4e2e-9eb0-2def375c0b3d,5261268c-aa94-438a-921a-05efc0d414ac,2026-05-31T07:32:19,,abandoned,express,1200,26984 Joseph Plaza Apt. 339,Glendaberg,VT,85709,US
64628f53-aac7-4a72-8b77-f39e65cb766f,b0a38efa-e5c8-4d31-8aff-2307e9774627,91c5349a-5fb8-43b5-8af3-1b0018617bc3,2026-06-03T16:57:19,,abandoned,express,1200,90534 Carter Walks Apt. 042,Lisaberg,KY,45057,US
1e521731-b87b-4dec-b87c-d4e1a17a7623,f5808b3a-a667-4825-b4fb-e5e06a4e0c8d,58491188-36e5-4fb3-ab3b-514e78a270a6,2026-03-18T04:02:45,,abandoned,standard,0,4603 Mary Glens Suite 173,Stewartville,VI,50945,US
8ac6f418-3b7c-4182-8588-ebe3fea40b17,31540986-53ad-4adb-8ae9-6c4e7a7a71ac,284f711a-5e5a-4929-bb5d-5ddba9a4a773,2026-04-28T04:37:41,,abandoned,express,1200,1293 Michelle Branch,Lake Lindsayland,FL,76883,US
5287e08a-0488-4797-bd4c-e50eae10737e,e3a4a8e7-993e-459c-a4d1-a27bcfa3203b,359c05d0-e19d-463d-b3b4-43a0b4a3810f,2026-03-22T17:54:02,,failed,standard,0,34272 James Village Suite 217,Jenniferside,AR,09318,US
172de6bb-6150-47cc-87bd-a1995de7b698,19986e76-aec7-47eb-857c-a60f93aa1f1f,,2026-05-25T02:51:49,,failed,express,1200,63393 Michael Stravenue Suite 865,Port Brian,MD,98707,US
09bc9019-071b-4a16-ba84-807dbc8159dd,55f00ebb-8fbe-473e-9010-e230ef40af78,d4d6c47d-5048-4008-b088-4f13691fbefd,2026-04-12T19:18:16,,abandoned,standard,0,335 Jeremy Harbor Apt. 619,East Scott,TX,36607,US
c51a201f-09e0-48ac-93e0-d1f7145f12df,18f82918-d872-4ec6-98ad-739b5fb69413,,2026-03-02T20:37:29,,failed,standard,0,347 Cathy Vista,Port Cynthia,MI,18502,US
5cb92a05-9f3c-4677-b3ce-22fe7f5ed260,256b5fb6-0d43-45a2-b59e-3e12c562a360,d23755ac-d315-4dfd-ae80-4fa042f7d833,2026-04-28T03:46:09,,abandoned,express,1200,2429 Marsh Flat Apt. 652,Waltershire,IN,03218,US
ee979906-a6f7-48a7-b524-ca32084cce94,b9bd2816-924e-408f-b72b-b6401689242e,26ce484a-a527-4fe1-903f-2809a03fd21a,2026-06-16T01:19:53,,failed,standard,0,5882 Moss Key,Thompsonfurt,MN,61775,US
6867a1ff-4825-442a-b832-5d8c2801e210,ed427318-e22d-4ad3-a910-b67bb17abadc,94e0e084-e14c-4061-80da-7e6030bf14d5,2026-02-22T08:52:07,,abandoned,standard,0,161 Hawkins Cliffs,Amandafurt,OR,54691,US
a431a12d-a0d1-4aa9-831d-bc457e71fda2,ad52de94-b0dd-49c6-84a3-18c4deb684b4,e4adb740-2faa-44fc-bc18-4aa698032414,2026-05-25T07:33:52,,abandoned,standard,0,14281 Tran Land,East Amanda,HI,32698,US
1b7c9438-7446-4ad0-829b-9c18405b5cf6,0bdaeda9-e4eb-42f6-b31a-051394e6397c,87fc5559-9d20-4780-8c0e-b7c248cd6236,2026-05-01T15:27:29,,abandoned,standard,0,5274 Lori Flats,Lake Jennifer,LA,49453,US
fcc0850c-2150-406a-b40e-f774313640ca,42c8d22a-9db6-45de-96ee-11219318b998,,2026-06-05T22:04:29,,failed,standard,0,00597 Alexis Orchard Apt. 704,Hortonborough,NC,98872,US
5967173e-23b2-4239-a1b4-cf09a990798a,94715545-4024-4331-aa52-794d33cc9d47,8f9052f4-d761-416e-8b74-a71f640df0d7,2026-07-02T07:54:21,,failed,express,1200,5968 Steven Keys,West Tonya,NY,23416,US
91ec046d-5772-406e-b174-a9f47fead344,fe5e1c89-650d-43ef-bb80-3fc228eb2f07,5b2179c5-dd1c-45b4-b99c-10f1c7c201f4,2026-04-05T04:49:54,,abandoned,pickup,0,949 Brown Mountains,New Brett,LA,97150,US
96c23a2c-84b7-4458-afd8-547672268a7b,ade9633e-7684-459d-9080-4cf24c0ffe65,,2026-06-15T09:00:27,,failed,standard,0,792 Haney Lock Apt. 192,East Davidhaven,SD,16662,US
25024ebd-f65e-48e1-a75d-12d6c5036cd5,3b4bf07a-6245-4c99-8daa-05ea9b393a81,,2026-05-09T07:19:07,,abandoned,express,1200,33618 Cardenas Springs Apt. 608,West Travisstad,MD,78055,US
e91facbd-7b01-473b-bdf6-bf4b374612f1,06cc66e6-5a2c-40a4-8c13-eb8daba61c81,,2026-06-24T11:22:42,,abandoned,standard,0,6656 Gutierrez Cape,Johnsonbury,KS,15420,US
bde93b24-1692-4f1f-9fd8-4b8207f7168c,0f0f5a88-bacc-4834-a956-2571415d7162,,2026-03-11T04:51:02,,abandoned,standard,0,3881 Jones Islands,South Tony,MI,31282,US
79b440a6-f65b-4cee-b158-d01384b9d87d,3a71aa81-f11d-445b-8a74-b8e1eeac83f1,,2026-07-25T06:11:59,,failed,standard,0,6241 Whitney Villages,New Francisco,VT,45159,US
7ea3028b-6aa0-45b6-963b-e4e638ffc3b2,538ecc6c-755e-46a2-b9bd-ea6f836b4c46,,2026-05-31T14:03:40,,abandoned,pickup,0,957 Lori Trafficway Suite 573,New Chadberg,PR,88399,US
69d10d8b-f7dd-4b5a-824b-41adcf01c181,ef6b3387-8621-49c6-aed9-9be67f668b25,7bb8fda6-2726-4199-a7aa-ed27cdfff312,2026-06-02T01:18:18,,failed,standard,0,71695 Adam Orchard,Rebeccaland,FM,66584,US
e67b6103-69f2-4916-9b5f-7a685ecfd11a,dca3abe0-34c0-4c35-abdd-682717c164ac,2ef2eede-fcc3-4c79-a843-4f5ae828d591,2026-04-13T23:44:05,,failed,standard,0,370 Moore Fields Suite 100,Perryfort,NH,86789,US
e260958a-1980-4f9d-84f4-58b370762770,863849cf-6c33-49df-a438-7e224a38e976,b51ad0d8-7b4d-4859-8de9-fd9feb62c888,2026-06-26T19:19:53,,abandoned,standard,0,2392 Brooke Plains Suite 510,Fullerport,VA,04112,US
dd28601c-560f-4cf3-9944-cd6fd5d87340,ad7fa328-d0ff-4b3d-aa99-8161a62c7add,,2026-07-28T14:52:31,,failed,express,1200,6775 Robert Meadow,South Jennifer,NJ,69396,US
a877d479-9ac2-4720-af7b-0ca4f3c3f20b,bbb873db-935b-43e2-9efc-57a7a79eec04,,2026-03-19T12:52:28,,abandoned,standard,0,7462 Hart Rue,West John,IN,05499,US
2ec7d48c-9522-4157-a36f-0e9fe8934f48,cd7b4680-5125-41d5-b8d5-f75932dcff1f,,2026-03-21T18:12:26,,abandoned,standard,0,536 Vaughn Plaza,Coxchester,ME,45099,US
3c12edf1-cedd-46d1-8c03-6f7b8155947e,80ae4729-0793-4495-8b41-f47a7a6c390f,ab13dd68-d82a-4dbe-b352-0f4df96ff5e3,2026-03-25T00:47:43,,abandoned,pickup,0,11708 Reilly Pass Apt. 186,Kevinberg,GA,99831,US
2cb3bd5a-4ca5-4500-be00-27c5f0908e92,bc7e5b83-925c-4738-854d-40f2882b7504,8e91d584-8798-4b43-a077-64b5334460b3,2026-02-25T12:01:49,,failed,express,1200,0961 Smith Summit Apt. 595,New Josemouth,NV,47439,US
c8a58826-5158-45da-b981-711ded39b675,510d0f0c-adf3-4670-a3f5-9c283f570ed4,5d5ea9b6-fefd-4e25-850a-9c2d365e7e27,2026-02-26T08:48:48,,abandoned,pickup,0,321 Wilson Ranch Suite 581,Thompsonfurt,CA,78916,US
d69dcb1a-bd69-4ea6-bfef-fea0443e1365,7f38af4a-cd45-42a5-bf51-d415763f2bc5,62e44a82-c99b-4d04-9abb-f6a2eb97c7ec,2026-06-19T22:42:43,,failed,standard,0,5025 Christensen Park,West David,CT,56720,US
b2e7b096-8e44-48fa-96b7-9fa9b062072c,868baf44-c673-4368-b1f4-1db826b5cd49,,2026-04-17T09:05:04,,abandoned,express,1200,08753 Jonathan Mission Suite 850,West Alyssamouth,UT,96469,US
fd63605c-953d-4c8b-9c5d-e3e01dba766d,9e116c02-0d5a-45e7-857f-a123d11e34fe,,2026-03-19T17:18:03,,abandoned,standard,0,45596 Brandon Village,Ashleyton,GA,22232,US
83765771-b595-4ae8-9be7-c4be8f621735,57762cee-a407-4341-b8a1-dfa3d27b2100,a792d50a-1570-450f-901a-c26bc3b4a9dd,2026-03-25T08:02:36,,abandoned,standard,0,192 Donna Land,West Kimberly,IA,64060,US
a8aa0713-ccd8-4ab2-aae7-c7ea76c05cb3,66cb1bec-89fb-497a-bb2d-2ea760bfe032,,2026-06-01T04:27:52,,failed,standard,0,939 Brittany Drive Suite 381,Castilloberg,NC,48723,US
8495e4a5-7f30-4ffe-a556-5f0ac879b8eb,47fab705-b7ff-4df5-aca6-d173b52eb30f,,2026-06-11T11:13:50,,abandoned,express,1200,670 Sean Springs Apt. 486,Whiteburgh,PA,77759,US
87f25195-c22d-4769-be16-ecddcf8373c9,9dab5255-08d2-49ba-a20c-f9115ad09b03,6d91807a-84e4-47c1-8e47-925d52e0dd48,2026-05-29T04:16:10,,abandoned,standard,0,021 Chan Knoll,Sullivanborough,NC,02515,US
542f1a8b-738a-4299-a3f8-4699f670ceb9,52571a67-b3db-4b60-ad9e-7c1035bca85d,a2053515-1d0d-41cb-a47d-485aed398e8b,2026-06-17T18:01:16,,abandoned,standard,0,1847 Kelly Walks,Ramirezburgh,IN,54170,US
94351ffb-a706-4858-bfc7-23ccde5b7c46,ef0c3594-17da-4c35-b882-97fbe1c5599f,,2026-08-01T13:53:47,,abandoned,standard,0,9914 Johns Stream Suite 506,South Brentmouth,NC,41240,US
7f246954-e2a6-4799-9c38-208d22895c1c,b0e9b4bb-8f48-4e23-9e9b-50125d6fcf91,066ca82d-85b8-45e6-b262-bac0bb3c0e21,2026-03-28T16:57:37,,abandoned,standard,0,826 Clay Falls Suite 915,Lake Christopher,DC,83274,US
10c7e0b5-4c90-4554-8aba-adc027a5145b,9c12d94d-b19a-4a90-9079-94b68427206f,,2026-06-12T09:45:11,,failed,express,1200,870 Stephenson Viaduct Apt. 198,Alexanderbury,WV,12301,US
1a5c2584-3d55-4295-97fd-256faee5cf43,acd72c5d-14f9-4a74-bca1-f0ebc0ffdab6,,2026-08-14T18:16:43,,abandoned,standard,0,042 Diaz Drives Apt. 207,New Erica,MH,35591,US
b3b702ed-6251-42ad-b8b0-d129109c7ea0,997020c7-d163-4fef-baf1-5d4c091234db,e94d8a6e-9b23-411a-baf2-75f02c42d8cb,2026-02-20T23:39:16,,abandoned,standard,0,8254 Stephanie Cliff,Port Lisa,VT,,US
f69cf207-6184-47a5-b5df-ba3a3d9efd7a,07562428-ff45-484b-97d0-0eadfd4bba8a,80617fda-335d-411d-aed3-ca3917a8cff2,2026-07-02T15:39:22,,abandoned,express,1200,546 Leonard Trafficway,New Josephport,MI,55165,US
5f150015-225a-46fb-9cc6-cf62607d178d,0f8f84a2-15cc-4f13-8106-80c0b96daeec,,2026-06-10T22:23:17,,abandoned,express,1200,5034 Olson Crossing,West Fred,NC,38962,US
f74a0cf5-670b-4f5c-a663-abe3c9ef7705,20aad4b6-0c34-47a4-8a68-eee04769c7e6,ce5679e9-296a-4566-ba46-98a3e0a94136,2026-08-03T21:29:08,,failed,express,1200,854 Craig Passage Apt. 879,Lake Cindychester,FL,84317,US
4801882b-10bf-4e47-a62e-6c8e63f6018f,f8916a1d-40aa-4bd8-b472-99104a46002a,c6abaffa-11df-4987-9806-71dced92f534,2026-04-20T01:56:33,,failed,standard,0,5973 Wilson Motorway,New Ericfort,FL,84415,US
3891b6d5-6311-4c5d-8e7f-69f9986b1fd3,685e1e6f-9b86-40bc-8f12-ad4e16c167f8,eccb6e23-700f-4b9e-803e-9c681f12dd9e,2026-05-17T23:07:15,,abandoned,express,1200,521 Amber Lodge,Rebeccaburgh,SD,39142,US
3ea3296f-1614-4dea-b0db-84e6a88917f6,e4ab626a-44b9-4b40-9e95-527d5876d432,40da201b-b0f6-453a-97ca-b9d61306ad15,2026-05-19T02:36:10,,failed,standard,0,15950 Julian Plains,North Jasontown,WV,41017,US
881f17da-dcbe-4239-bde6-1eed77192412,6fd8a62a-eaa6-4a41-a23b-a8f4ec4cec72,,2026-03-25T07:17:18,,abandoned,express,1200,346 Schmidt Road Suite 622,New Meredith,NM,40467,US
2f2f78eb-a50a-4402-99c6-00f37ce72a36,ee5273f4-4ca4-4098-b33b-23ba08117e75,,2026-08-02T22:52:05,,abandoned,express,1200,00571 Jacob Estate Suite 121,West Wayne,IL,57526,US
e1fbf149-6ecc-49d3-a8c7-372de797fd71,015c2221-b840-4bde-91f3-5420498e101f,ead66f31-3437-42c5-9145-8281898ce326,2026-06-20T06:59:44,,abandoned,standard,0,071 Stanton Lane,Paultown,DE,61147,US
dff2d262-fbdc-4754-b3bf-85788aaad806,e2fd4e45-e913-46b6-9617-e77c1fc2f90c,,2026-07-22T15:30:25,,failed,standard,0,04130 Williams Course Apt. 505,Rossberg,MS,06846,US
6524e0ba-b2ab-43b5-8c04-7393c02b70f6,571985df-cbdb-4e53-a0c4-089234a2264f,2d4e6ed6-f081-4049-b92a-7792dbe97b89,2026-03-20T15:36:41,,abandoned,standard,0,2787 Alec Views,Whiteland,MD,24295,US
bf7ab878-ca2f-4901-a84b-26617145c3ce,a3b1a6bb-b953-455c-b81d-a111a75fa8d1,5a589b0f-69ac-4256-aea8-df379845f417,2026-05-06T13:32:39,,failed,standard,0,861 Craig Squares,Andradeburgh,WY,24145,US
5f6c56ed-9de5-4b4f-a35e-6c671fa5276c,9a920c42-35a1-4086-a864-beef6756bd64,ab13dd68-d82a-4dbe-b352-0f4df96ff5e3,2026-06-08T20:06:37,,abandoned,standard,0,5883 Compton Landing,Randolphside,HI,08590,US
d5e1aa36-9504-46a2-80c6-5426bc4a182b,fb198a98-195f-4674-8814-d8fcf4f95780,7aa35447-7686-43f7-bb98-14b1bc5fe250,2026-03-20T00:21:03,,abandoned,standard,0,03346 Alexander Street,Lake Rachelmouth,MN,01904,US
ec910fef-bffb-40a8-8eb0-129a321eb998,72d3519e-844c-4d26-9c87-89a017156c38,0abcb3b4-7e1c-4638-a21c-af1df3702f27,2026-07-29T10:29:35,,failed,standard,0,14559 Jennifer Mews,Martinezside,VA,77528,US
c118787e-15d6-4f77-b119-378188976024,eb033dfc-b6cb-4392-8cb7-c06f182be5fa,,2026-05-04T07:36:48,,abandoned,standard,0,3688 Justin Roads,Terrellview,AZ,86092,US
2515bb39-7d94-4da2-a19f-4382651227d9,0c978b45-5b53-4465-9174-eaaee2206923,a054cb90-d7e9-4236-9533-fc7fd2b1fd77,2026-03-29T09:50:09,,failed,express,1200,71261 Newman View,New Erica,SC,24472,US
53f26c50-645c-4872-a23d-184d99519531,cb41a6ef-21f2-4a98-9b1b-1146daf3cd48,416cd82a-8e13-48b3-a6e1-dadbf5a29d2d,2026-05-10T02:13:01,,abandoned,standard,0,71130 Lopez Burgs,Stanleymouth,MI,35310,US
0b2ee4e7-13bd-4dc2-a38d-689f2bafd1dc,dd26564e-9844-4081-b0de-0ffb910f298e,117583ee-3cd8-4690-89c9-d804aedc86a8,2026-08-02T14:13:17,,failed,express,1200,206 Frazier Wells,Spencerview,PW,75482,US
d134b1b2-e34b-4dd6-9974-36d25d522222,b858e612-f30c-439e-9c3a-6846e26acf60,748db0ca-899a-4da8-8177-2fa1ec2a9302,2026-07-06T14:38:57,,abandoned,standard,0,7422 Catherine Walks Suite 430,New Kevin,OR,02082,US
33e8813c-d800-47d4-adc7-631be1831933,be840aab-b37b-45a6-b5b0-41a9c44d3ac0,,2026-06-28T07:19:57,,abandoned,standard,0,01285 Benjamin Island Suite 334,Ryanburgh,MP,27725,US
360f4ab9-2206-4667-862f-5f7d0d56c48b,e1078ee4-ecc1-45ed-b535-494d5abe1ddb,,2026-04-08T07:07:27,,failed,express,1200,408 Gina Rapid,Lauramouth,NV,34466,US
524d0b87-729d-4481-aaed-6657b076dbff,5916efea-93ff-4194-a80f-b071b163722c,797a1a0b-31a6-4422-af8a-98fd4e5e1114,2026-06-20T17:43:44,,abandoned,standard,0,251 Lisa Village,Dannystad,TX,37425,US
64d12ef5-0732-46e1-a12a-80fbef2e2846,23d95224-a7d8-4429-a00c-ba860920e5ce,902c8ddc-8ba2-42a6-b380-4afc64f50ffc,2026-07-07T19:53:07,,abandoned,standard,0,5401 Chen Rapids,Jeremyton,AL,91568,US
55949844-a5d0-4c15-b44c-1619068203f7,611837c2-1956-49a5-8f64-6843bab8e990,,2026-03-11T16:26:36,,abandoned,express,1200,66489 Rodriguez Island Suite 558,Matthewberg,ME,94162,US
6cc60afa-d797-4bda-a376-ad5f9ef414b2,ba59c322-01f9-424f-bc43-aec465c19884,d78e6e3f-3ff1-49b6-9dcb-129816aa0ecb,2026-05-18T04:02:55,,abandoned,express,1200,98315 Jacob Port Apt. 073,East Joann,GU,,US
319de576-a05c-4197-b819-aecb8863eb20,34fd806f-a858-45cc-bdce-c9a608add101,120d57b9-de14-4717-aefe-ab126645435d,2026-05-08T16:37:59,,abandoned,pickup,0,47841 Wilson Prairie Suite 973,Keithborough,AZ,44196,US
c0de5a91-df12-42b9-99bc-060b51776ff0,dffee3db-8c7c-4150-bac5-4dbcf2f3adcc,80617fda-335d-411d-aed3-ca3917a8cff2,2026-06-23T06:56:48,,abandoned,standard,0,546 Leonard Trafficway,New Josephport,MI,55165,US
ac5bf1c5-02a7-48f8-b6a5-42f0441bffd6,bf16b9b2-a662-4f94-ba17-5d228775399e,,2026-02-28T11:31:17,,failed,pickup,0,43740 Avila Rest Apt. 290,Whitneyberg,AL,57661,US
fbac28fe-70f3-4ad1-a24d-e257c1bf8403,fc793517-95fc-4585-b73e-cf12a15be943,aa006c1b-6b97-4f02-99a9-57923d13eb8f,2026-04-22T11:11:14,,abandoned,standard,0,598 Deborah Haven Suite 788,Riverston,UT,86331,US
daa94c9c-15b3-4308-81e9-1e31363f880c,8f992942-0d22-474d-bf8d-90538b011afc,,2026-03-04T08:36:17,,abandoned,standard,0,83550 Wells Valley Apt. 401,Francisfort,VT,80570,US
5927606c-b61b-4fd1-aa91-b465c70abed2,a24c938d-cc1d-4e79-abfc-f6e20c035e81,40da201b-b0f6-453a-97ca-b9d61306ad15,2026-03-25T05:38:30,,abandoned,pickup,0,15950 Julian Plains,North Jasontown,WV,41017,US
794df5c4-3eae-434f-a462-5a894d4bbdef,53bc229d-922b-40c7-92f5-8717f5da8d3a,,2026-04-25T17:44:55,,failed,express,1200,7979 Smith Port,North Hannahmouth,AL,70828,US
5b54d0b6-85c2-4522-afd0-61a79227a851,cfa469b5-a699-443a-aab0-d2e4b0f5d6e7,,2026-03-13T04:25:05,,abandoned,standard,0,157 Kent Mountains Suite 138,New Carrieberg,FM,87453,US
c1acc31c-43b6-4c7d-a06d-f6591cbe7578,a1c19b7d-9278-4c6c-8b1b-3c2107744a3e,,2026-07-15T20:23:11,,abandoned,pickup,0,26376 Roach Mission Apt. 314,East Kathrynfurt,NV,40007,US
304f6312-5b0a-4ab5-af4d-e06de504e54f,6b948800-7ed2-4b09-b487-da3725b32bd5,117c9a65-4a4c-494f-8a54-64305d57c551,2026-08-03T02:22:21,,abandoned,standard,0,051 Caitlin View,Port Tyler,MT,50723,US
33d0cab3-4b1f-42ad-8459-07b2404760c3,451eea37-6c62-4d23-a937-eeb6bebc1e32,,2026-03-02T23:34:26,,abandoned,standard,0,073 Francis Squares,Heathermouth,NM,20398,US
f138502f-33e3-4507-b6f9-46456e3f29d9,ccd5cb2d-20cb-4f51-93a6-c83a1a29496a,,2026-08-04T00:49:58,,abandoned,standard,0,79493 Melissa Manor,North Jamieton,SC,87652,US
78bc654c-94a8-40e7-8bed-15736f2dbf61,f68a1983-b3b0-427b-b1ec-058ca1ac778e,63b14504-d172-4e5e-b0fa-abd9cb43352e,2026-05-17T05:12:48,,abandoned,standard,0,9116 Jason Creek,Gregoryburgh,WI,96768,US
f1770ec1-b0b0-4e63-a8fe-8340d286eaaa,cff93a85-a5bf-4407-b41a-a609a07ecc18,,2026-02-17T03:24:45,,abandoned,pickup,0,1795 Mark Isle,Lunachester,MN,76479,US
855c53f5-a857-4c5b-b9d2-8232b89fad13,a6bcbe86-4646-4bd9-acd3-9718508e8736,,2026-05-04T14:58:19,,abandoned,standard,0,7445 Amy Track Apt. 780,West Melissaville,AK,76736,US
4bae5dc5-a582-4a77-a5bb-0c311fd2a34d,f94bb3ba-b9ff-4cd7-872d-c5e84091be02,,2026-03-10T19:34:18,,abandoned,standard,0,125 Anna Greens,New Mark,PR,47036,US
35615743-1856-47ba-bde8-c5d316d764fe,713c48eb-18a3-4e8c-8ad1-5a3aac1c73a2,f1c35457-d11b-4726-ae58-b98a09167675,2026-04-02T21:09:20,,abandoned,standard,0,97359 Miller Mountains Apt. 563,Ericksonview,CA,12989,US
be7d8abd-c505-4deb-9e69-4791363d906d,afdb60eb-5941-48f0-b402-0fe5ae6ff87d,,2026-05-05T22:11:05,,abandoned,standard,0,125 Stewart Alley Suite 285,Lake Carlaburgh,OH,61177,US
bc0416d3-875e-4642-85d8-44c6a6e04830,0c39a163-6900-4687-9e61-dabb34cde89c,46d34d7f-a3a4-4386-89ba-fa5ac15e5a69,2026-07-02T12:39:02,,failed,express,1200,2610 Perez Viaduct,Brownshire,DC,26664,US
85e6ffb3-d19b-4812-93da-b6fea7c5f603,37bf2bab-31a3-4761-b97f-9c6af05e91ba,,2026-05-30T04:10:13,,failed,standard,0,2947 Rogers Islands,Ayalafurt,NC,36056,US
4aa4748e-08b5-4d81-b736-c2693ef28a99,863f0efb-d2d2-4521-ae17-45b71341415a,b0382b3d-f5c4-4ecd-9e82-9ec911feb36a,2026-03-12T17:35:15,,abandoned,standard,0,0155 Tucker Pine Apt. 788,Shannonstad,AS,88752,US
d9daec39-2504-48af-928c-c77e26bb73c1,8d44995a-7580-4795-815d-939e9e803537,,2026-08-14T21:44:01,,abandoned,standard,0,8538 Jason Lights Apt. 529,Cathyfort,NY,76479,US
edf86f0b-77fc-44b5-8997-5cb44b11f5cf,ee60bae7-b254-48ae-a432-608a1f6102ef,,2026-03-23T06:21:33,,abandoned,standard,0,488 Bradley Centers Suite 992,West Julia,MO,51191,US
a7fd34cb-26d2-4973-9477-6b5a83f90718,aa59a141-3f4c-4cf5-b51d-031d515908b9,,2026-08-01T13:20:47,,abandoned,express,1200,64155 Pruitt Parkway Apt. 622,Mortonside,NJ,85186,US
5329f02c-22fc-471d-a723-71aa054de7d0,16e010bd-f944-44a4-b9c8-08000a047f5d,cb969dd8-a609-4b10-b213-d1011a90ef2b,2026-07-22T18:33:35,,abandoned,standard,0,15226 Flores Manors Suite 695,Port Sherry,PW,32732,US
4c0aefe2-25ce-4efe-8fa3-b7ebc75b699f,b6ba4203-11e5-4bba-a31b-5df1f5362e2b,495a6541-1c93-4076-90e3-345d72d9c83c,2026-02-18T07:50:27,,abandoned,standard,0,85478 Jasmine Island Apt. 618,Jamesside,TN,82562,US
cd5401f1-b46e-4f21-84c9-577016773cf2,7ebea8f5-0eea-4b3a-9b19-c4c2726b1366,,2026-06-26T20:51:15,,failed,express,1200,93910 Welch Walks,South Danielland,ID,55463,US
88b77f45-8591-4d94-a602-14dadbb2eb2a,01bb7a74-454f-4c93-92ed-cdf78ee6c09f,,2026-06-03T23:33:26,,abandoned,standard,0,7759 Erik Tunnel,Kristieport,AS,45222,US
4c124612-a36a-4bce-979e-7d5b9109bab5,32d893eb-fac3-4c14-a474-814f026be92d,5ed25035-4723-4154-823d-a8c8b4c02e51,2026-06-07T15:44:35,,abandoned,standard,0,3009 April Lane Apt. 565,East Ronaldshire,KS,34750,US
35b31084-5922-49fa-9ca8-a3b71c6765f0,1451d183-7e46-4e2a-ab51-f10bc098d3f3,,2026-05-19T23:21:39,,failed,standard,0,46564 Gail Islands Apt. 629,Myersshire,VA,68046,US
dffccb4f-80ed-4f1f-887c-2a3551a5f2f1,1fad53c9-2860-4ce5-91c5-6945dccf1a3a,b4413ac0-2fc9-4c91-b188-71c109d9be8f,2026-07-29T13:35:36,,failed,standard,0,9472 Danielle Junction,Welchshire,MO,09852,US
5da7ea17-5b73-40de-8519-91e86c8e55fa,32528fdc-f94b-4f1a-b251-3ba432cb070a,,2026-05-01T12:41:11,,abandoned,standard,0,384 Brittney Plaza Apt. 395,Taylorhaven,TX,24836,US
ee12aecf-b0cc-41b9-a46a-994e7d0aa968,994158a6-b38c-4ba0-bd96-6d61268c3515,,2026-05-27T03:52:43,,failed,standard,0,5836 Bryan Ports Suite 076,West Michelle,ME,84617,US
df56932f-26f9-4895-93d2-a721a2a2c51c,5580af0e-2d33-4950-a936-d4ea2f05538d,faae2750-9c1c-4c70-96ed-e845374e4e5e,2026-08-08T11:17:16,,failed,express,1200,220 Robertson Cliffs,Lake Sean,OR,,US
b0eabf82-56dd-4276-9982-6e109a6c3cde,75be6668-1ee6-41cc-88c3-1f53f7c97531,,2026-02-28T13:46:07,,failed,standard,0,248 Lawrence Ridge Suite 600,Lake Chadland,MS,72765,US
