id,shipment_id,event_type,location,occurred_at
baaae782-e041-4c84-8f0c-14216078c62c,3e59914e-62e6-4c76-9c4e-0b68dc4ded3c,label_created,Regional Hub,2026-05-13T20:51:22
2bce69da-fdf7-4f84-b557-86e1fc2b6be8,3e59914e-62e6-4c76-9c4e-0b68dc4ded3c,picked_up,Local Facility,2026-05-14T15:42:48
9fbd803d-f484-4a00-ae96-69a57f21005d,3e59914e-62e6-4c76-9c4e-0b68dc4ded3c,in_transit,Regional Hub,2026-05-15T07:18:23
dad427f8-6a45-4dbe-ae33-6c28b3e76a7c,3e59914e-62e6-4c76-9c4e-0b68dc4ded3c,out_for_delivery,Destination,2026-05-15T18:31:10
9336356b-8749-48b7-8a09-3cc8d9653862,3e59914e-62e6-4c76-9c4e-0b68dc4ded3c,delivered,Regional Hub,2026-05-17T22:29:22
9ee8fb71-b355-4b06-840b-07d43af8079b,ec394f08-9d85-44f6-8268-a183aa37ae0e,label_created,Destination,2026-03-05T12:35:09
2b1f0b1b-153d-4a62-92f9-8f57345f4027,ec394f08-9d85-44f6-8268-a183aa37ae0e,picked_up,Origin Facility,2026-03-06T02:24:37
7106f55f-8bee-4467-bee0-5c6852f64457,ec394f08-9d85-44f6-8268-a183aa37ae0e,in_transit,Local Facility,2026-03-06T16:27:17
032b1bbb-4ef6-4828-a02a-48c1ef4719a7,ec394f08-9d85-44f6-8268-a183aa37ae0e,out_for_delivery,Local Facility,2026-03-07T00:23:01
8ce6f148-55bc-48cd-a157-6569c57ad101,ec394f08-9d85-44f6-8268-a183aa37ae0e,delivered,Local Facility,2026-03-07T20:59:52
c33c7c97-c924-45e7-824b-fd3ccfa75cf8,0eafed5b-9185-450d-96e4-0406080ae9c9,label_created,Destination,2026-03-20T23:39:55
f6891b31-1931-4c85-857e-90dbdc8184a0,0eafed5b-9185-450d-96e4-0406080ae9c9,picked_up,Destination,2026-03-21T01:50:52
52c913e7-c0b1-42d5-b464-9635950e5501,0eafed5b-9185-450d-96e4-0406080ae9c9,in_transit,Origin Facility,2026-03-21T09:54:55
79dbc092-5764-40f2-a6f2-c923fe00395f,0eafed5b-9185-450d-96e4-0406080ae9c9,out_for_delivery,Origin Facility,2026-03-21T21:35:23
04437a8b-229c-4776-a8f5-a42b07ab260d,0eafed5b-9185-450d-96e4-0406080ae9c9,delivered,Local Facility,2026-03-22T09:58:30
f71516e6-6f36-453a-b95d-86dca9278437,232eeff4-fe79-430d-80ad-d2444f64127b,label_created,Local Facility,2026-07-23T14:46:45
a917f930-ac27-4174-b5e3-8a18c145a1fa,232eeff4-fe79-430d-80ad-d2444f64127b,picked_up,Regional Hub,2026-07-23T18:37:11
3c4380f3-2283-4fde-a671-7ab4fb93dbdc,232eeff4-fe79-430d-80ad-d2444f64127b,in_transit,Local Facility,2026-07-24T07:57:02
d6802394-c4c9-4f50-843d-4445034a0b1b,232eeff4-fe79-430d-80ad-d2444f64127b,out_for_delivery,Destination,2026-07-25T11:03:01
a868e542-dd3f-4bae-a5bb-1072e57b3338,232eeff4-fe79-430d-80ad-d2444f64127b,delivered,Regional Hub,2026-07-28T17:42:27
1c60221f-b22b-4fec-9e2b-ae007b2b3c6d,0782dcd3-6a47-4fc9-bff3-a69448209086,label_created,Local Facility,2026-06-18T02:41:47
a9f76c48-d4f9-4ee5-a9b1-8214228bf3d3,0782dcd3-6a47-4fc9-bff3-a69448209086,picked_up,Destination,2026-06-18T19:39:13
97dce915-5a8d-4f5a-92f3-a9df38ca2f93,0782dcd3-6a47-4fc9-bff3-a69448209086,in_transit,Origin Facility,2026-06-19T21:08:02
e37ed859-fd00-4f60-bfeb-cf77c121a4f5,0782dcd3-6a47-4fc9-bff3-a69448209086,out_for_delivery,Destination,2026-06-20T18:03:25
2cb8971f-9cd5-4302-99e9-d6348720c5dd,0782dcd3-6a47-4fc9-bff3-a69448209086,delivered,Regional Hub,2026-06-23T18:14:22
c9d0c318-a6a2-43cc-b367-549e41bf4e48,0fe0265d-ad8c-44fd-bf49-f639ca38509a,label_created,Regional Hub,2026-04-11T15:50:32
9b6d1ec5-f9f2-414c-be43-8f29dbc96cb1,0fe0265d-ad8c-44fd-bf49-f639ca38509a,picked_up,Local Facility,2026-04-12T18:36:27
a27c1e06-d378-4319-956b-04bf2f7fc90f,de30afe6-aee5-4210-9a9e-28912f5f7a9d,label_created,Local Facility,2026-06-09T23:53:44
30681109-2cc6-4f78-be3d-252ca2a82250,de30afe6-aee5-4210-9a9e-28912f5f7a9d,picked_up,Regional Hub,2026-06-10T14:51:36
ab98e233-9b04-410d-82fc-f31848d45de2,de30afe6-aee5-4210-9a9e-28912f5f7a9d,in_transit,Local Facility,2026-06-11T00:39:46
fb2db26e-1624-400b-b314-37ac7cc84ee5,de30afe6-aee5-4210-9a9e-28912f5f7a9d,out_for_delivery,Regional Hub,2026-06-11T05:12:02
edd0232a-f7db-42ab-ab28-4ae354a613f5,de30afe6-aee5-4210-9a9e-28912f5f7a9d,delivered,Regional Hub,2026-06-11T14:12:04
61c9c942-9688-4f03-a3df-58bf6f21c595,62d48ffd-3e7a-46fa-8fc1-a3cf6bbf9397,label_created,Regional Hub,2026-06-16T01:17:49
1af0a456-e773-47d4-af23-a6e64d7d1594,62d48ffd-3e7a-46fa-8fc1-a3cf6bbf9397,picked_up,Destination,2026-06-16T03:38:10
a47cd15d-0bc8-4972-ad48-845d5cc6c567,9c372c67-5d27-4f49-a604-fb815b9cadec,label_created,Regional Hub,2026-07-27T21:29:06
372c87fd-723f-4359-b370-521a93e88850,9c372c67-5d27-4f49-a604-fb815b9cadec,picked_up,Destination,2026-07-28T21:37:43
1f653063-54d3-4424-baa5-40c158922ca5,9c372c67-5d27-4f49-a604-fb815b9cadec,in_transit,Local Facility,2026-07-29T18:07:12
7aaef151-10a8-40d6-8ae6-d10b4ad182f8,9c372c67-5d27-4f49-a604-fb815b9cadec,out_for_delivery,Regional Hub,2026-07-30T05:28:55
8ad83191-8f15-46f9-a0b4-042597dfaf37,9c372c67-5d27-4f49-a604-fb815b9cadec,delivered,Local Facility,2026-07-30T15:33:01
5301622c-bf20-4293-a7c2-5492ed194235,bbc3dc9d-df80-45df-9da3-c91e9e88421c,label_created,Regional Hub,2026-03-27T20:01:21
b5b1c20f-3567-42e7-9709-9e3dfef14701,bbc3dc9d-df80-45df-9da3-c91e9e88421c,picked_up,Regional Hub,2026-03-28T16:38:25
5ea21b88-5af4-489a-b824-4b666e879712,bbc3dc9d-df80-45df-9da3-c91e9e88421c,in_transit,Local Facility,2026-03-29T04:13:49
379da8c7-8f02-45c0-96c0-3b3570b33699,bbc3dc9d-df80-45df-9da3-c91e9e88421c,out_for_delivery,Regional Hub,2026-03-29T06:53:46
6f0c0687-e1d6-4344-9b57-bea31693380d,bbc3dc9d-df80-45df-9da3-c91e9e88421c,delivered,Local Facility,2026-03-30T03:50:38
b2dee000-619c-4fd9-a0f2-24c2f45c1526,b0c36243-385b-4e60-899d-cd42556c9514,label_created,Local Facility,2026-05-29T01:08:07
792cd1f5-e272-4a08-81f4-5a5958ca3444,b0c36243-385b-4e60-899d-cd42556c9514,picked_up,Local Facility,2026-05-29T11:32:28
36853eb2-c7bf-4f29-8ac5-738ee6780069,b0c36243-385b-4e60-899d-cd42556c9514,in_transit,Regional Hub,2026-05-30T10:06:53
2e21e979-66ca-4cbe-974f-543ab10c31e1,b0c36243-385b-4e60-899d-cd42556c9514,out_for_delivery,Regional Hub,2026-05-31T12:48:51
c40078a8-0623-4439-87b4-560aff122ca2,b0c36243-385b-4e60-899d-cd42556c9514,delivered,Local Facility,2026-06-01T03:33:05
6b32ed2e-fb27-46a2-b25f-62e273807ccb,4d9549a5-212d-4aec-972c-f32844d08cb3,label_created,Destination,2026-03-31T04:16:41
6ca30897-50f0-48e7-b9d7-18edabeb8323,4d9549a5-212d-4aec-972c-f32844d08cb3,picked_up,Origin Facility,2026-03-31T18:33:23
a514393f-f36e-4515-a2b2-7b40810fd26d,4d9549a5-212d-4aec-972c-f32844d08cb3,in_transit,Regional Hub,2026-04-01T04:05:17
643227df-be26-43a4-8cdd-2e6970315c47,4d9549a5-212d-4aec-972c-f32844d08cb3,out_for_delivery,Destination,2026-04-02T08:42:41
bacb5aa9-d88c-4f15-ab07-c974ad61ba2a,4d9549a5-212d-4aec-972c-f32844d08cb3,delivered,Origin Facility,2026-04-03T14:00:17
98a9a173-9392-4b43-bf42-f7ee4d08562c,aff6ee40-3722-4de9-a578-f2f9851ad94e,label_created,Destination,2026-03-04T14:29:10
781102ed-1bc2-417a-bda7-7d84c39b68f5,aff6ee40-3722-4de9-a578-f2f9851ad94e,picked_up,Origin Facility,2026-03-05T13:24:22
cf18a0ad-606f-4dd9-a2b4-43b99eb5b8bc,aff6ee40-3722-4de9-a578-f2f9851ad94e,in_transit,Local Facility,2026-03-05T16:24:11
b414ea38-7516-46ee-b027-76e65308f5c8,aff6ee40-3722-4de9-a578-f2f9851ad94e,out_for_delivery,Origin Facility,2026-03-06T11:19:41
68d0ca56-a852-4efa-a4fe-330efeb0c7ee,aff6ee40-3722-4de9-a578-f2f9851ad94e,delivered,Destination,2026-03-07T08:40:54
80a9501e-4303-4b0a-be92-ba6f831226cf,fdb06766-b423-4232-af51-7e6361811eb8,label_created,Origin Facility,2026-04-04T20:13:01
186a267a-8358-4236-b6ef-7899653e369c,fdb06766-b423-4232-af51-7e6361811eb8,picked_up,Regional Hub,2026-04-05T05:38:31
479e0410-2037-4ebd-89bc-9c85539fc284,fdb06766-b423-4232-af51-7e6361811eb8,in_transit,Origin Facility,2026-04-05T17:38:17
40d729cb-12d8-4b41-988f-8288e3257adf,fdb06766-b423-4232-af51-7e6361811eb8,out_for_delivery,Regional Hub,2026-04-06T23:07:00
bd662e6c-7ecb-4ad2-88ad-8a4f8f269897,fdb06766-b423-4232-af51-7e6361811eb8,delivered,Regional Hub,2026-04-07T19:21:05
355db6c7-aa50-4ece-84a4-eab392e3a26c,9ae90621-fcee-4735-b34d-6fe33ed7ae67,label_created,Regional Hub,2026-07-03T07:46:10
7f2c6044-738e-40e4-a795-e6c07cb310c7,9ae90621-fcee-4735-b34d-6fe33ed7ae67,picked_up,Regional Hub,2026-07-04T10:51:46
c70099c0-8651-435e-9dad-d81c3f733802,9ae90621-fcee-4735-b34d-6fe33ed7ae67,in_transit,Origin Facility,2026-07-04T15:48:11
d5a6ff43-dba7-47b4-ae39-cd42f3f9ff5d,9ae90621-fcee-4735-b34d-6fe33ed7ae67,out_for_delivery,Regional Hub,2026-07-05T03:07:36
86b4dd21-f96f-415f-a964-ad5736da2d9e,9ae90621-fcee-4735-b34d-6fe33ed7ae67,delivered,Destination,2026-07-05T21:16:46
ff975111-5d9c-4553-83a1-f57919dd4686,f6307a7e-26d6-4d91-a78a-88af916d7bd9,label_created,Origin Facility,2026-07-12T13:05:16
53a6ab55-5902-4ff6-aecc-6ac2b6fa2dd0,f6307a7e-26d6-4d91-a78a-88af916d7bd9,picked_up,Destination,2026-07-13T18:54:49
b488a510-4726-4b2f-90e4-cbd96ac36a45,f6307a7e-26d6-4d91-a78a-88af916d7bd9,in_transit,Origin Facility,2026-07-14T18:01:21
04d8f01f-8360-4437-9cc9-c413b2d64d9b,f6307a7e-26d6-4d91-a78a-88af916d7bd9,out_for_delivery,Origin Facility,2026-07-14T23:16:57
1628b540-e248-48ba-bb3d-7c91dc6ccdf0,d6e20d22-d603-42f1-a13a-2d01facc7358,label_created,Destination,2026-08-01T13:45:21
6b9dd33b-ebe9-402c-8a7d-cc377bac67ae,d6e20d22-d603-42f1-a13a-2d01facc7358,picked_up,Destination,2026-08-02T10:07:03
eefe08e4-9906-4109-bdc9-d42209cf2aa7,d6e20d22-d603-42f1-a13a-2d01facc7358,in_transit,Local Facility,2026-08-02T16:21:26
8a03f6b1-fc8e-41d6-8301-eaf1f643b72e,d6e20d22-d603-42f1-a13a-2d01facc7358,out_for_delivery,Regional Hub,2026-08-03T13:52:31
3e088761-98ed-47ec-ad49-695925f378a1,d6e20d22-d603-42f1-a13a-2d01facc7358,delivered,Regional Hub,2026-08-04T00:24:45
73f84c2b-06d8-4a11-ad31-b238655365e9,e487eb5f-4a1c-4565-afbd-ea5dd284e13c,label_created,Destination,2026-04-17T11:00:47
bf3490a3-e08d-42b8-b8d0-e79786aafaa9,e487eb5f-4a1c-4565-afbd-ea5dd284e13c,picked_up,Local Facility,2026-04-18T14:56:01
3a357ad9-5423-46c8-8073-940d71ca7eac,e487eb5f-4a1c-4565-afbd-ea5dd284e13c,in_transit,Regional Hub,2026-04-19T14:09:02
07a20853-5cda-4dc9-bb65-59bdc35db292,e487eb5f-4a1c-4565-afbd-ea5dd284e13c,out_for_delivery,Origin Facility,2026-04-20T01:22:06
8a746c71-683e-4ec7-af8d-e8dc31e7d624,e487eb5f-4a1c-4565-afbd-ea5dd284e13c,delivered,Local Facility,2026-04-20T09:38:27
ffe5213c-639b-422f-bdc6-1b9a78088491,bd16c497-ef98-49d3-903a-2ae60bae20ac,label_created,Local Facility,2026-05-23T03:54:19
2a8284a8-c32f-4beb-9ea1-259da1ccf83e,bd16c497-ef98-49d3-903a-2ae60bae20ac,picked_up,Destination,2026-05-24T03:36:13
ee5028f0-fa16-4110-80ec-cd6c5b2c0e46,bd16c497-ef98-49d3-903a-2ae60bae20ac,in_transit,Local Facility,2026-05-24T22:52:56
7c28281c-50ba-4df8-abad-6129c0d5a9b0,bd16c497-ef98-49d3-903a-2ae60bae20ac,out_for_delivery,Origin Facility,2026-05-26T00:40:40
f10ff624-b376-43c6-9e77-41277a7ee948,bd16c497-ef98-49d3-903a-2ae60bae20ac,delivered,Local Facility,2026-05-26T15:22:13
a11c7e43-3fa1-45ab-be69-0e7446c607db,c068cb30-3bdf-4c83-b234-e0255e624ae2,label_created,Destination,2026-03-01T21:02:47
20b15e21-4b74-4e3e-ab52-92060a512c92,c068cb30-3bdf-4c83-b234-e0255e624ae2,picked_up,Origin Facility,2026-03-02T00:15:49
67972530-9e39-4850-8072-c70ad33fc0d8,c068cb30-3bdf-4c83-b234-e0255e624ae2,in_transit,Destination,2026-03-02T08:45:12
790cdec8-a14b-4c06-a7f6-0f49b26ab895,c068cb30-3bdf-4c83-b234-e0255e624ae2,out_for_delivery,Destination,2026-03-02T14:16:00
efc379c5-e473-4572-91fb-cbaffa9eeca0,c068cb30-3bdf-4c83-b234-e0255e624ae2,delivered,Regional Hub,2026-03-03T15:39:10
b8dcf070-64d3-4aaf-89c4-b4d2acab473b,a70ecf39-e330-468f-af69-33c2ab9ac069,label_created,Regional Hub,2026-06-11T00:01:22
42a58bdf-686b-4564-88ff-c241261f5bd3,a70ecf39-e330-468f-af69-33c2ab9ac069,picked_up,Local Facility,2026-06-11T21:11:03
c938b2a2-da3d-42b5-bff9-8e9289314d6a,a70ecf39-e330-468f-af69-33c2ab9ac069,in_transit,Regional Hub,2026-06-12T23:05:13
280f6273-4d09-4226-9165-094ec96194c6,a70ecf39-e330-468f-af69-33c2ab9ac069,out_for_delivery,Destination,2026-06-13T22:18:26
2809e647-1f57-4d73-8690-51524960ce62,a70ecf39-e330-468f-af69-33c2ab9ac069,delivered,Regional Hub,2026-06-14T08:37:46
edb3dd61-3177-4e63-b31c-8c8074c824a4,c2fe7d01-fd75-433e-a474-94807ca5d91e,label_created,Origin Facility,2026-07-11T19:15:41
3b2ed661-2d4b-44a4-98e0-f6a02a182ecb,c2fe7d01-fd75-433e-a474-94807ca5d91e,picked_up,Destination,2026-07-12T18:19:20
fff78283-effb-4829-9d40-d822af2c2001,c2fe7d01-fd75-433e-a474-94807ca5d91e,in_transit,Local Facility,2026-07-13T04:19:51
9de1411c-6ca5-46b6-a1ff-3bf1c1d69c80,c2fe7d01-fd75-433e-a474-94807ca5d91e,out_for_delivery,Regional Hub,2026-07-13T23:46:57
f58c3258-67fa-4760-a43c-85c1577ee637,c2fe7d01-fd75-433e-a474-94807ca5d91e,delivered,Destination,2026-07-14T12:00:04
b88f748e-25ab-4037-9634-1c2da95ae542,5e6eb2ea-65e8-41a2-85f5-ac12c2c1d070,label_created,Destination,2026-02-22T16:09:26
1c9fa246-561d-4ca6-9684-95dc28517c3a,5e6eb2ea-65e8-41a2-85f5-ac12c2c1d070,picked_up,Origin Facility,2026-02-22T20:53:17
949739ea-277a-4f23-bb80-9fafce5aaae3,5e6eb2ea-65e8-41a2-85f5-ac12c2c1d070,in_transit,Destination,2026-02-23T23:40:50
cc3e9802-2ee4-49a7-b613-ca8c5e8f1a90,5e6eb2ea-65e8-41a2-85f5-ac12c2c1d070,out_for_delivery,Local Facility,2026-02-24T09:17:47
e57c8370-c38e-44bd-b793-4a44cc1ac076,5e6eb2ea-65e8-41a2-85f5-ac12c2c1d070,delivered,Regional Hub,2026-02-25T10:32:40
8be03444-1ee2-447b-a642-155e2dd40bb7,7637e032-db53-4047-bc7f-e036a9d6384f,label_created,Destination,2026-04-22T00:46:11
d76d83d9-0e32-43d2-9ac2-261c0c69298d,7637e032-db53-4047-bc7f-e036a9d6384f,picked_up,Regional Hub,2026-04-22T23:29:10
f84de50d-aa26-4b7e-a879-45693bb0cc07,7637e032-db53-4047-bc7f-e036a9d6384f,in_transit,Origin Facility,2026-04-24T03:00:40
09fe51ce-40ee-4c5b-9714-0be59a15f039,7637e032-db53-4047-bc7f-e036a9d6384f,out_for_delivery,Origin Facility,2026-04-24T15:30:24
fb695c9f-8bcb-419d-ae45-b0fc667de1dc,7637e032-db53-4047-bc7f-e036a9d6384f,delivered,Local Facility,2026-04-24T17:51:44
e8ffd14c-f4f6-4777-b8a1-f4b403668674,22148f4a-d543-4903-beab-d931e08588bd,label_created,Regional Hub,2026-05-12T04:17:12
bd015f00-1f8a-4b96-8d15-bdbc7e1a775e,22148f4a-d543-4903-beab-d931e08588bd,picked_up,Origin Facility,2026-05-12T21:45:09
a38e81cc-ce1b-4cca-9734-04182224fe70,22148f4a-d543-4903-beab-d931e08588bd,in_transit,Origin Facility,2026-05-13T05:09:20
ef9a7ef2-e986-4379-8c9f-730ecfec4c52,22148f4a-d543-4903-beab-d931e08588bd,out_for_delivery,Destination,2026-05-13T22:49:10
2825daa2-ac08-43f5-920b-20bf8ca7bdcd,22148f4a-d543-4903-beab-d931e08588bd,delivered,Regional Hub,2026-05-14T04:09:42
c929c9e2-5062-4e80-9eb9-23761a4b859b,7e7165c6-304f-4b74-8e44-24d78b2a0afb,label_created,Destination,2026-05-28T11:46:52
59a4f931-c0ca-40ea-99b6-699937cf04e4,7e7165c6-304f-4b74-8e44-24d78b2a0afb,picked_up,Regional Hub,2026-05-29T11:58:34
d8afbad6-15a8-41c7-abc5-90fab5ca20e8,7e7165c6-304f-4b74-8e44-24d78b2a0afb,in_transit,Origin Facility,2026-05-30T00:00:48
d4c383ae-75be-4f84-ac1c-6a21020190f9,7e7165c6-304f-4b74-8e44-24d78b2a0afb,out_for_delivery,Regional Hub,2026-05-30T17:57:30
2d1de8aa-f9c7-4b3a-916c-bd826cba600e,7e7165c6-304f-4b74-8e44-24d78b2a0afb,delivered,Origin Facility,2026-05-31T14:40:50
5257ef0b-2159-4f8f-b1b5-6b8249e7c43f,5cc2b8ec-4fbe-4bd2-93cf-d34589298f1d,label_created,Destination,2026-04-10T10:35:16
df7bd7f6-9f00-4818-82a3-516c80fd9016,5cc2b8ec-4fbe-4bd2-93cf-d34589298f1d,picked_up,Regional Hub,2026-04-10T19:28:40
3e53b44d-5cb5-4993-a819-1218ff23ff45,5cc2b8ec-4fbe-4bd2-93cf-d34589298f1d,in_transit,Local Facility,2026-04-11T06:27:08
7403d749-98b4-47b5-bcb8-5ae7e8906d74,5cc2b8ec-4fbe-4bd2-93cf-d34589298f1d,out_for_delivery,Destination,2026-04-11T18:15:54
dbf75e65-01dc-4181-bf65-ec6076e2e71a,5cc2b8ec-4fbe-4bd2-93cf-d34589298f1d,delivered,Local Facility,2026-04-12T05:12:09
283db074-001d-42e8-8324-67d7b2e273cc,296b878e-4c33-41ec-ac5d-ba1bcd6256f6,label_created,Regional Hub,2026-04-09T05:27:25
27959cf2-2fd8-429e-af55-6130d16a076e,296b878e-4c33-41ec-ac5d-ba1bcd6256f6,picked_up,Origin Facility,2026-04-10T03:26:40
cd1b5768-c171-45c8-a94f-fcb4b4ffe538,296b878e-4c33-41ec-ac5d-ba1bcd6256f6,in_transit,Destination,2026-04-10T16:01:08
8f850fd5-d40e-4217-829a-79569b0f7b16,296b878e-4c33-41ec-ac5d-ba1bcd6256f6,out_for_delivery,Regional Hub,2026-04-11T17:05:09
e13db4a8-d696-4e6f-8174-21177f3a2e4b,296b878e-4c33-41ec-ac5d-ba1bcd6256f6,delivered,Destination,2026-04-12T02:06:34
23877498-8944-4f4a-b71d-cd52612a497a,8d022f3b-5d9a-4b8f-9978-6b572d0c8c9b,label_created,Destination,2026-06-03T09:29:11
802c8d48-2b5d-401a-9983-26f8f1931151,8d022f3b-5d9a-4b8f-9978-6b572d0c8c9b,picked_up,Origin Facility,2026-06-04T12:02:13
7411796d-777d-4ee4-a2f0-3e3e3a7d72c2,8d022f3b-5d9a-4b8f-9978-6b572d0c8c9b,in_transit,Regional Hub,2026-06-04T22:31:35
5dacfdb7-0656-406e-a569-d3d63f58b836,8d022f3b-5d9a-4b8f-9978-6b572d0c8c9b,out_for_delivery,Destination,2026-06-05T14:33:55
db15fb2d-bc70-4bdf-a541-077bdb0265fa,8d022f3b-5d9a-4b8f-9978-6b572d0c8c9b,delivered,Local Facility,2026-06-05T18:16:23
54aee8d9-7a52-41c0-a18b-335829b08bef,3752dccc-ec22-4f74-ac77-45623cc6333a,label_created,Origin Facility,2026-08-07T19:12:15
a4955cd5-af74-4c71-a539-0db75556fa85,3752dccc-ec22-4f74-ac77-45623cc6333a,picked_up,Regional Hub,2026-08-08T08:00:40
e7b9cf97-7a80-4c40-b3c3-c2d8d049b7ec,3752dccc-ec22-4f74-ac77-45623cc6333a,in_transit,Destination,2026-08-09T08:17:28
8415187b-ad20-4da6-8720-10340b46ec6b,3752dccc-ec22-4f74-ac77-45623cc6333a,out_for_delivery,Regional Hub,2026-08-10T05:52:25
5573fe45-cbb1-4209-92d0-f3ec19b2337d,3752dccc-ec22-4f74-ac77-45623cc6333a,delivered,Regional Hub,2026-08-11T06:32:16
064e1dab-8ee7-419e-9a33-c9b949398765,5c3acd00-eab1-4a87-bd85-9d7861a06f39,label_created,Destination,2026-05-01T12:00:21
3ed35b78-41e0-4896-98fd-674aa2d40327,5c3acd00-eab1-4a87-bd85-9d7861a06f39,picked_up,Destination,2026-05-01T22:58:58
580e225c-2d48-44ef-a29f-a0d8baa33477,5c3acd00-eab1-4a87-bd85-9d7861a06f39,in_transit,Local Facility,2026-05-02T19:41:34
3e0370cf-fb88-4d98-9955-200ed49b757c,5c3acd00-eab1-4a87-bd85-9d7861a06f39,out_for_delivery,Origin Facility,2026-05-03T17:19:50
3537a82e-0244-4df4-98d2-5d7abaac36bb,5c3acd00-eab1-4a87-bd85-9d7861a06f39,delivered,Local Facility,2026-05-04T14:48:45
6349f6fa-e6cb-467d-b329-6dbe00a249a3,ecff6641-ad73-4574-9784-20af0b2ca887,label_created,Origin Facility,2026-06-21T20:56:06
323e4546-d20a-4957-97ce-ddcaf2e7eaae,ecff6641-ad73-4574-9784-20af0b2ca887,picked_up,Destination,2026-06-22T01:13:44
33ebccd3-525b-4038-a8b6-ce1468763c9d,ecff6641-ad73-4574-9784-20af0b2ca887,in_transit,Regional Hub,2026-06-22T13:48:13
2a25b8c8-2cd7-450c-a051-6a8ac115a161,ecff6641-ad73-4574-9784-20af0b2ca887,out_for_delivery,Regional Hub,2026-06-22T23:29:31
141892b6-6ce8-40c3-9457-1c999e13c741,ecff6641-ad73-4574-9784-20af0b2ca887,delivered,Regional Hub,2026-06-23T06:22:18
b4493900-c2a6-4611-b861-0924f025e1cb,7d8ab389-0f22-4008-a9fe-38192ddbc1ad,label_created,Origin Facility,2026-07-16T11:41:48
40a94f40-14b5-4ceb-8eea-2fc136cbed77,7d8ab389-0f22-4008-a9fe-38192ddbc1ad,picked_up,Regional Hub,2026-07-17T14:27:38
b4b87739-d2c8-4262-a481-8b0d6fb14ffe,7d8ab389-0f22-4008-a9fe-38192ddbc1ad,in_transit,Origin Facility,2026-07-18T02:26:51
9a5594f0-0798-4532-adeb-4ba9c1df1230,7d8ab389-0f22-4008-a9fe-38192ddbc1ad,out_for_delivery,Destination,2026-07-19T06:35:56
90c5bd21-9dcb-4c1b-a900-b8bc22d5c03d,7d8ab389-0f22-4008-a9fe-38192ddbc1ad,delivered,Local Facility,2026-07-20T03:20:37
92b53569-3d74-4258-a25f-e098ce26fab8,04bf62a4-9a96-44c1-90f1-b1e522abd86d,label_created,Regional Hub,2026-06-02T17:37:05
003aab6a-77fd-4652-ab01-2b5595250456,04bf62a4-9a96-44c1-90f1-b1e522abd86d,picked_up,Origin Facility,2026-06-03T07:46:53
003f5a3c-1036-4f14-afe4-101871bbd50c,04bf62a4-9a96-44c1-90f1-b1e522abd86d,in_transit,Local Facility,2026-06-03T10:26:36
90407508-3dee-4931-8951-7d3aa69786ea,04bf62a4-9a96-44c1-90f1-b1e522abd86d,out_for_delivery,Regional Hub,2026-06-04T16:18:40
849b4436-1f36-4af9-9026-aa25d540ba9a,04bf62a4-9a96-44c1-90f1-b1e522abd86d,delivered,Local Facility,2026-06-05T00:53:51
0fb2a1ce-110a-47ec-99e9-31d27a3f1d4c,36aecdd5-12ce-4c4f-a3bf-5816f6f88f02,label_created,Local Facility,2026-02-23T23:47:39
75e1e994-d877-4e50-aa54-19c55bcf1cb7,36aecdd5-12ce-4c4f-a3bf-5816f6f88f02,picked_up,Origin Facility,2026-02-24T06:03:13
9dbea102-7469-4907-8e59-6019d4b8b171,ebb8325a-a012-434e-b2a8-49091d63f2df,label_created,Local Facility,2026-07-15T08:06:40
17987df5-e3da-409a-9b35-c62d75dc13f7,ebb8325a-a012-434e-b2a8-49091d63f2df,picked_up,Destination,2026-07-16T03:49:14
f4b4bd04-772a-420e-ab86-e78208c5a36c,ebb8325a-a012-434e-b2a8-49091d63f2df,in_transit,Local Facility,2026-07-16T08:07:50
bb3e8884-a136-4ed3-95a5-9f43988c146e,ebb8325a-a012-434e-b2a8-49091d63f2df,out_for_delivery,Destination,2026-07-17T07:22:22
78d324ab-8336-4bf8-a5b1-1dc7765f6380,ebb8325a-a012-434e-b2a8-49091d63f2df,delivered,Destination,2026-07-18T08:27:09
57212b16-6f11-443c-9694-df772bd3a8a7,4c9dcdb7-48d0-4ac6-bc73-7c77243dfe17,label_created,Local Facility,2026-03-13T09:27:04
c67a534a-e69d-4d3e-bdee-e607d2ca6a01,4c9dcdb7-48d0-4ac6-bc73-7c77243dfe17,picked_up,Origin Facility,2026-03-14T02:46:24
f6650829-2ba8-4afa-a2be-7f569edc8b95,4c9dcdb7-48d0-4ac6-bc73-7c77243dfe17,in_transit,Regional Hub,2026-03-14T16:29:53
3acd3afb-5558-42e7-83ef-5871cef76615,4c9dcdb7-48d0-4ac6-bc73-7c77243dfe17,out_for_delivery,Destination,2026-03-14T19:04:05
1358876a-f4df-4529-a48a-7a052c45a36b,4c9dcdb7-48d0-4ac6-bc73-7c77243dfe17,delivered,Origin Facility,2026-03-15T01:32:03
def32b83-9630-4401-8be8-a59185a85e5b,b97fc5a0-8e84-4952-a547-79373dea5b82,label_created,Destination,2026-05-20T08:29:32
a757b0e9-80a3-49c0-9841-aaafdc434146,b97fc5a0-8e84-4952-a547-79373dea5b82,picked_up,Regional Hub,2026-05-20T12:36:48
d33649f2-b303-4970-98b7-3a47a1fad5ae,b97fc5a0-8e84-4952-a547-79373dea5b82,exception,Regional Hub,2026-05-20T17:36:48
8cbbeffd-cb02-4e46-bc71-65987f8166b0,456ac74c-fac3-4348-bbe4-8705911e25d2,label_created,Regional Hub,2026-05-12T19:35:16
2fba7c68-44a7-4d9b-87cd-6e8e46d6c40f,456ac74c-fac3-4348-bbe4-8705911e25d2,picked_up,Local Facility,2026-05-13T16:50:05
c206f470-4f11-47e2-bda0-8be76670670a,456ac74c-fac3-4348-bbe4-8705911e25d2,in_transit,Regional Hub,2026-05-13T19:58:53
5e46fd13-a9bc-4f29-9116-6290b93e3c48,456ac74c-fac3-4348-bbe4-8705911e25d2,out_for_delivery,Origin Facility,2026-05-14T07:46:01
f3923730-289c-4b43-bcfb-cf65618193d0,456ac74c-fac3-4348-bbe4-8705911e25d2,delivered,Destination,2026-05-16T21:07:08
22651c19-80e4-4dfc-b469-4f6dc271dcb9,52fa26c4-806c-431a-be3f-52c21f148c57,label_created,Destination,2026-03-19T05:03:52
c1046193-6a1e-4b35-9bfa-c71378daea53,52fa26c4-806c-431a-be3f-52c21f148c57,picked_up,Destination,2026-03-19T09:26:28
60017fe7-4213-4fb9-bfc8-a03ec3ae8714,52fa26c4-806c-431a-be3f-52c21f148c57,in_transit,Regional Hub,2026-03-19T15:39:49
37821d83-d031-4f66-9237-c216a5571226,52fa26c4-806c-431a-be3f-52c21f148c57,out_for_delivery,Local Facility,2026-03-20T04:18:39
2981ce0e-b6be-46c6-8efd-b6f0d1170378,52fa26c4-806c-431a-be3f-52c21f148c57,delivered,Origin Facility,2026-03-22T04:49:04
a5873e3b-bc43-4277-924e-f5952ce51940,c6c8ea5c-5287-40f9-8283-92b18321ddc7,label_created,Regional Hub,2026-05-25T02:00:24
1f7b2548-523c-4d32-b64c-7f39edd1618f,c6c8ea5c-5287-40f9-8283-92b18321ddc7,picked_up,Local Facility,2026-05-25T22:56:07
20eb081a-b6cf-4f7f-9841-b48112a2b899,c6c8ea5c-5287-40f9-8283-92b18321ddc7,in_transit,Destination,2026-05-26T15:40:01
3ae5d669-8ffe-4214-8035-2560fa8daff3,c6c8ea5c-5287-40f9-8283-92b18321ddc7,out_for_delivery,Regional Hub,2026-05-27T13:30:22
1d7edc2b-39da-4968-bc72-efd51cbc22a9,c6c8ea5c-5287-40f9-8283-92b18321ddc7,delivered,Destination,2026-05-27T18:27:39
6a67a948-def9-47b1-8ae2-bae2cf11b753,bec99671-96da-4e99-bf34-c84308eccf4d,label_created,Origin Facility,2026-05-16T17:38:03
33237682-6ed4-4b36-9a5c-9e34e2b5ce80,bec99671-96da-4e99-bf34-c84308eccf4d,picked_up,Regional Hub,2026-05-16T23:15:43
88292880-c4ed-4b27-8526-d7162fc9ab86,bec99671-96da-4e99-bf34-c84308eccf4d,in_transit,Destination,2026-05-17T10:36:12
83303836-76af-4e8b-8afb-24de9de0793a,bec99671-96da-4e99-bf34-c84308eccf4d,out_for_delivery,Origin Facility,2026-05-17T14:55:07
e12ada5f-1c9b-4716-84db-d317ce8fbd95,bec99671-96da-4e99-bf34-c84308eccf4d,delivered,Regional Hub,2026-05-18T10:33:06
178c4b42-0798-4436-9b97-add81837e642,c0ff5a31-45fa-4e5e-ac4f-abfba27a8ddd,label_created,Local Facility,2026-04-24T15:31:31
eedf3550-0fce-461a-8f90-0bdeaa7fa584,c0ff5a31-45fa-4e5e-ac4f-abfba27a8ddd,picked_up,Origin Facility,2026-04-25T01:45:19
2f6a0169-210d-4326-8ca3-e6808b434c78,c0ff5a31-45fa-4e5e-ac4f-abfba27a8ddd,in_transit,Destination,2026-04-25T20:43:30
b03b9b4a-9716-406b-bc58-eda4d4060aa1,c0ff5a31-45fa-4e5e-ac4f-abfba27a8ddd,out_for_delivery,Local Facility,2026-04-26T22:47:53
1c1fbe52-a01b-4e50-859d-4baf47714fda,c0ff5a31-45fa-4e5e-ac4f-abfba27a8ddd,delivered,Origin Facility,2026-04-27T17:36:47
f0fc6305-c1fb-4165-82f3-9b4c112909aa,1356c050-43f1-4fc2-8e7f-95d2311e2566,label_created,Destination,2026-05-17T04:52:48
b519c329-2c38-4eb7-afbc-f84eb8576408,1356c050-43f1-4fc2-8e7f-95d2311e2566,picked_up,Local Facility,2026-05-18T08:21:54
388fa353-04e7-4c1a-b3a8-080cf8797e01,1356c050-43f1-4fc2-8e7f-95d2311e2566,in_transit,Origin Facility,2026-05-19T04:07:58
2707a2c0-2ce9-41b8-b75e-6d8afc9283b3,1356c050-43f1-4fc2-8e7f-95d2311e2566,out_for_delivery,Regional Hub,2026-05-20T07:11:21
345e58f2-6b32-4d51-b3f3-c8316b807b92,1356c050-43f1-4fc2-8e7f-95d2311e2566,delivered,Origin Facility,2026-05-21T03:23:33
49ee4a37-c02b-424e-a19d-586df93cbd43,504312de-06b3-429d-a3ef-f6cae965a1ae,label_created,Local Facility,2026-08-13T19:18:57
33ee6664-6854-445b-ab09-39f3242bc049,504312de-06b3-429d-a3ef-f6cae965a1ae,picked_up,Local Facility,2026-08-14T18:36:48
578d3a74-d61f-43af-970b-3e514099c570,504312de-06b3-429d-a3ef-f6cae965a1ae,in_transit,Regional Hub,2026-08-15T19:22:52
27c6e9dd-8a90-4668-ba50-9c7cf609c47c,504312de-06b3-429d-a3ef-f6cae965a1ae,out_for_delivery,Regional Hub,2026-08-16T06:22:03
812a1725-2136-4b01-a610-8d7af7cfe91a,504312de-06b3-429d-a3ef-f6cae965a1ae,delivered,Destination,2026-08-16T13:28:22
33b99df1-ac50-49fb-a60f-43386ffa9e81,194ca19c-e0e2-4474-8ad1-505f33fd466e,label_created,Regional Hub,2026-04-26T06:12:40
c09c57ef-d6f9-4f68-b2af-42335320dc9e,194ca19c-e0e2-4474-8ad1-505f33fd466e,picked_up,Origin Facility,2026-04-26T13:41:36
b6dbd826-1fc3-4bf0-8702-a17736df82b2,194ca19c-e0e2-4474-8ad1-505f33fd466e,in_transit,Destination,2026-04-26T20:48:20
e97f5411-71db-439d-8578-2932142f7e4d,194ca19c-e0e2-4474-8ad1-505f33fd466e,out_for_delivery,Local Facility,2026-04-27T07:58:06
3706357a-f557-4281-b919-d70c6d7df3ba,194ca19c-e0e2-4474-8ad1-505f33fd466e,delivered,Destination,2026-04-27T13:06:25
28ac262c-5ddb-40f7-9c0e-feceabc40571,b34a96fd-588c-4766-8e4a-67b12a63e930,label_created,Local Facility,2026-03-08T22:19:47
925f7d4c-1fcc-4313-9839-d471bafb7c79,b34a96fd-588c-4766-8e4a-67b12a63e930,picked_up,Regional Hub,2026-03-10T02:24:15
ae225fd7-8350-4b43-8b6d-977486676cc2,b34a96fd-588c-4766-8e4a-67b12a63e930,in_transit,Origin Facility,2026-03-10T13:20:50
d68c1283-5cbc-4ac7-b566-8dbee753259c,b34a96fd-588c-4766-8e4a-67b12a63e930,out_for_delivery,Destination,2026-03-11T02:44:24
5e2bf0c8-8475-4b8d-b025-d7c88926b531,b34a96fd-588c-4766-8e4a-67b12a63e930,delivered,Local Facility,2026-03-11T09:43:06
a937651e-a10e-487d-9c2f-0fb38029664f,40eaacdb-b8d1-402e-bd0c-31c2cfd98af5,label_created,Destination,2026-03-14T16:50:26
645fb4cb-e7a0-43b1-b508-9fb807fd6c6f,40eaacdb-b8d1-402e-bd0c-31c2cfd98af5,picked_up,Origin Facility,2026-03-15T09:22:52
47601b42-c123-4dfe-92d1-001c9984d366,40eaacdb-b8d1-402e-bd0c-31c2cfd98af5,in_transit,Regional Hub,2026-03-15T18:23:44
9827a5d1-c70a-4672-a618-9c38653376d9,40eaacdb-b8d1-402e-bd0c-31c2cfd98af5,out_for_delivery,Local Facility,2026-03-16T09:19:47
ca0a48c1-7017-45e7-bf03-b47fde746731,40eaacdb-b8d1-402e-bd0c-31c2cfd98af5,delivered,Destination,2026-03-16T15:13:21
412fd46f-c391-4ca2-99da-2fcfd1a5783a,c69cd275-0b62-4dec-bd56-1ed2dc6231cb,label_created,Local Facility,2026-03-10T08:39:02
d12e1a9a-7265-447e-a546-e1e9744f4bba,c69cd275-0b62-4dec-bd56-1ed2dc6231cb,picked_up,Origin Facility,2026-03-11T06:40:56
bf666ac4-a340-44e1-ad80-4c88ff864839,c69cd275-0b62-4dec-bd56-1ed2dc6231cb,in_transit,Destination,2026-03-11T13:46:02
422f31ac-c367-48bc-b435-961233e27719,c69cd275-0b62-4dec-bd56-1ed2dc6231cb,out_for_delivery,Origin Facility,2026-03-11T17:59:16
7b89142c-fe37-4fd2-8c4e-e4a08bd767ca,365645cb-e937-4081-a7ef-cd43ce2a9c58,label_created,Destination,2026-08-11T19:09:39
959c0a03-a98e-491e-8b56-3f02aa46cdff,365645cb-e937-4081-a7ef-cd43ce2a9c58,picked_up,Destination,2026-08-11T23:03:01
be6cb997-8168-443d-a9f1-7f0bf408118f,365645cb-e937-4081-a7ef-cd43ce2a9c58,in_transit,Destination,2026-08-12T22:58:58
d098fa70-97f2-44c1-8427-23b7ba2778f2,365645cb-e937-4081-a7ef-cd43ce2a9c58,out_for_delivery,Local Facility,2026-08-13T05:08:21
e05935c2-c621-4d63-aa60-aa8db4f91ccc,365645cb-e937-4081-a7ef-cd43ce2a9c58,delivered,Destination,2026-08-13T22:24:31
f3a221ae-6a17-40a7-9f34-9fa319a6beef,b0a923c0-e7ed-4eec-8ab7-7a2a7ab607d8,label_created,Regional Hub,2026-04-03T00:14:37
bb507763-ec06-454d-a6c5-86d3cfa442d6,b0a923c0-e7ed-4eec-8ab7-7a2a7ab607d8,picked_up,Destination,2026-04-03T13:44:09
ef973099-5eb1-4ef9-884b-35ca8a8c5c71,b0a923c0-e7ed-4eec-8ab7-7a2a7ab607d8,in_transit,Regional Hub,2026-04-04T10:35:46
3368b4a0-af35-4434-87ee-ec28dddcab0a,b0a923c0-e7ed-4eec-8ab7-7a2a7ab607d8,out_for_delivery,Local Facility,2026-04-05T13:24:40
33f56316-3b3b-46bc-8018-9b74e74f035c,b0a923c0-e7ed-4eec-8ab7-7a2a7ab607d8,delivered,Origin Facility,2026-04-10T15:39:31
90ee6489-869c-4e25-9d12-c5a123237c79,d43a4684-27d0-48e8-9c3d-e7a4d2dea0d0,label_created,Destination,2026-08-11T11:53:20
1bf53188-731e-4a41-86f3-d88532bef8e9,d43a4684-27d0-48e8-9c3d-e7a4d2dea0d0,picked_up,Local Facility,2026-08-12T09:59:44
60dbdce9-3cab-4ce3-8d75-5c0167f82dd0,d43a4684-27d0-48e8-9c3d-e7a4d2dea0d0,in_transit,Origin Facility,2026-08-12T15:41:58
93f02b06-f9f0-49a5-ab7e-918557847ab1,d43a4684-27d0-48e8-9c3d-e7a4d2dea0d0,out_for_delivery,Destination,2026-08-13T02:17:28
42dcb865-2996-46f6-9cc9-9bae82ce6bee,d43a4684-27d0-48e8-9c3d-e7a4d2dea0d0,delivered,Destination,2026-08-14T01:12:10
66985e33-4b79-4151-b1a9-0a724951a2c3,52d0bfeb-deb1-4b96-9f87-aca69019f418,label_created,Regional Hub,2026-07-16T23:11:40
b541203c-cba5-44fd-9b7f-8bda82777566,52d0bfeb-deb1-4b96-9f87-aca69019f418,picked_up,Regional Hub,2026-07-17T11:40:55
f4409e48-eed8-4da2-b788-bb0403499060,52d0bfeb-deb1-4b96-9f87-aca69019f418,in_transit,Destination,2026-07-18T10:41:04
4de759b2-8d15-41d0-8b99-9b4c61b97e83,52d0bfeb-deb1-4b96-9f87-aca69019f418,out_for_delivery,Local Facility,2026-07-18T19:49:41
216abbe3-7000-48cf-b62e-de065115366c,52d0bfeb-deb1-4b96-9f87-aca69019f418,delivered,Destination,2026-07-22T06:48:35
47444973-3207-4970-8aaa-010105dd6937,6c7eeea1-42c4-472f-93f1-4c102f4c8a42,label_created,Regional Hub,2026-03-31T10:43:01
83c8d795-e3cd-4432-b1e2-37a8ced91286,6c7eeea1-42c4-472f-93f1-4c102f4c8a42,picked_up,Local Facility,2026-04-01T00:33:36
d112d018-bb89-496e-adf7-cfc704cf4475,6c7eeea1-42c4-472f-93f1-4c102f4c8a42,in_transit,Destination,2026-04-01T07:13:06
4c597306-cf6d-402e-b953-b02858db62d0,6c7eeea1-42c4-472f-93f1-4c102f4c8a42,out_for_delivery,Destination,2026-04-01T23:06:04
f488615f-2123-47b3-8af5-cc0d0061f8f2,6c7eeea1-42c4-472f-93f1-4c102f4c8a42,delivered,Destination,2026-04-02T15:20:04
a7b39978-2bf5-4294-81ad-26575f37f44c,7aa7557e-b7c1-4010-b3dd-00041559d985,label_created,Local Facility,2026-07-31T15:03:14
e7fc22a1-aa4e-407d-9294-faf252d98683,7aa7557e-b7c1-4010-b3dd-00041559d985,picked_up,Origin Facility,2026-08-01T14:57:59
d415139e-6160-49c7-8c76-e301ad4fdd09,7aa7557e-b7c1-4010-b3dd-00041559d985,in_transit,Regional Hub,2026-08-01T17:10:21
b56717ec-dc12-4b4c-bf6d-df9ec39fec12,7aa7557e-b7c1-4010-b3dd-00041559d985,out_for_delivery,Local Facility,2026-08-01T20:47:51
1b913ed6-f857-4763-b656-b9669bf9ff9d,7aa7557e-b7c1-4010-b3dd-00041559d985,delivered,Local Facility,2026-08-03T01:50:38
23970a07-4270-4137-b156-9fb79ba2867e,082b092e-ea08-46b9-a790-331b2570a028,label_created,Origin Facility,2026-04-08T14:59:33
861bfb1e-5d40-4c28-944d-67f7ec63fd53,082b092e-ea08-46b9-a790-331b2570a028,picked_up,Origin Facility,2026-04-09T06:49:00
eaa6b966-83d0-4339-a73c-fc29499eab56,082b092e-ea08-46b9-a790-331b2570a028,in_transit,Destination,2026-04-10T08:16:42
7716e528-37cc-4dde-84b7-826bb47c55a0,082b092e-ea08-46b9-a790-331b2570a028,out_for_delivery,Regional Hub,2026-04-10T21:35:43
b277de10-7cdd-4e43-b304-17e2333800a7,082b092e-ea08-46b9-a790-331b2570a028,delivered,Origin Facility,2026-04-11T17:02:42
360d9295-cc58-447b-9d92-ec0ea21b1292,1364185c-4197-492e-b783-e0bfe2830688,label_created,Local Facility,2026-03-20T02:12:06
d0de8c2d-7ecd-438e-8d0f-0f5d8a9dc06a,1364185c-4197-492e-b783-e0bfe2830688,picked_up,Regional Hub,2026-03-20T18:15:22
d52bd158-486e-4b23-85af-95a2ae4b8fd6,1364185c-4197-492e-b783-e0bfe2830688,in_transit,Local Facility,2026-03-21T19:42:32
b928d061-6749-494c-b53c-c8a96efe4573,1364185c-4197-492e-b783-e0bfe2830688,out_for_delivery,Regional Hub,2026-03-22T09:27:32
7c963aa9-6162-4fde-8f56-c642984d613f,1364185c-4197-492e-b783-e0bfe2830688,delivered,Destination,2026-03-22T16:21:13
083ad051-f7de-4b44-8176-cbed6e1950d5,f8c488d3-905c-4f3b-8aa2-c72a0d286545,label_created,Local Facility,2026-07-07T09:01:40
902c6b9e-4915-448d-b01f-72742f0b3452,f8c488d3-905c-4f3b-8aa2-c72a0d286545,picked_up,Local Facility,2026-07-07T19:56:57
dd4f0134-04eb-432f-997c-7592873ce97d,f8c488d3-905c-4f3b-8aa2-c72a0d286545,in_transit,Regional Hub,2026-07-08T13:19:59
f0b0f438-094f-4024-9a8e-ee7c5b6299f1,4d72029f-e54a-4700-9ca9-886d70a61473,label_created,Destination,2026-05-14T19:14:19
0162ddde-7b1b-4430-bbd8-b37814605f04,4d72029f-e54a-4700-9ca9-886d70a61473,picked_up,Regional Hub,2026-05-15T11:41:35
8c2943a8-7641-4304-9aa4-30f9ffedc3a0,4d72029f-e54a-4700-9ca9-886d70a61473,in_transit,Destination,2026-05-16T16:22:08
9603e874-fb2f-475c-b8bc-d3c07ef66179,4d72029f-e54a-4700-9ca9-886d70a61473,out_for_delivery,Origin Facility,2026-05-16T23:46:31
de747308-4616-4841-8b51-ec376f32306c,4d72029f-e54a-4700-9ca9-886d70a61473,delivered,Origin Facility,2026-05-17T13:15:43
63ef6592-93ee-4d6f-ac6d-fa0a83245af7,78890314-c817-441a-9d99-fa5a898946df,label_created,Destination,2026-06-09T23:12:40
77a26c8f-8241-4d8d-9150-b67c541be74e,78890314-c817-441a-9d99-fa5a898946df,picked_up,Local Facility,2026-06-11T04:05:32
ed874108-275e-42bf-abbb-ecfc42865c3d,78890314-c817-441a-9d99-fa5a898946df,in_transit,Regional Hub,2026-06-11T06:50:41
2e23aa9d-b7c2-4943-a490-f5e1214c6964,78890314-c817-441a-9d99-fa5a898946df,out_for_delivery,Local Facility,2026-06-11T09:19:58
ba3d99ca-a269-474f-8e35-cff44e35750d,78890314-c817-441a-9d99-fa5a898946df,exception,Regional Hub,2026-06-11T13:19:58
d7b9a206-6a95-4dda-a912-dcde0e791b0b,0daaa700-d9e3-4933-ae72-eb4a16b4126b,label_created,Regional Hub,2026-05-08T14:52:29
9b5b42a0-a189-40b7-a3e4-26b3e547c49b,0daaa700-d9e3-4933-ae72-eb4a16b4126b,picked_up,Origin Facility,2026-05-09T07:17:30
a2ffa5f8-f54a-4160-82c0-b3bf5278525f,0daaa700-d9e3-4933-ae72-eb4a16b4126b,in_transit,Local Facility,2026-05-10T10:32:17
40019c8a-ae82-4d21-b571-77d026ad0758,0daaa700-d9e3-4933-ae72-eb4a16b4126b,out_for_delivery,Regional Hub,2026-05-11T01:54:39
3fd36250-0dd9-4d72-ad6a-1988a0b17d50,5a52e690-910c-4c48-b899-2c394a251ae2,label_created,Origin Facility,2026-08-05T21:07:45
d77eeafb-b634-4d70-a161-e0782ad0f119,5a52e690-910c-4c48-b899-2c394a251ae2,picked_up,Local Facility,2026-08-06T13:10:54
24777bfd-0a6d-47a0-b546-390d17b65cad,5a52e690-910c-4c48-b899-2c394a251ae2,in_transit,Origin Facility,2026-08-07T01:18:50
5fb4139a-1963-40ab-b2f9-451001c19a7c,5a52e690-910c-4c48-b899-2c394a251ae2,out_for_delivery,Local Facility,2026-08-07T06:00:48
c74642fb-85d7-456e-a1f2-51fede1f5ee9,5a52e690-910c-4c48-b899-2c394a251ae2,delivered,Regional Hub,2026-08-08T01:52:19
0d8c8fcc-b6bc-4429-8fda-6fe4c41e12c7,b2cf341a-0f5b-4067-8238-ab1c784f8efc,label_created,Origin Facility,2026-05-15T12:29:52
4eeee9f3-7522-4e67-9786-74d6724d2696,b2cf341a-0f5b-4067-8238-ab1c784f8efc,picked_up,Origin Facility,2026-05-16T16:50:02
c250dfbb-b621-4a25-918d-c039352805be,b2cf341a-0f5b-4067-8238-ab1c784f8efc,in_transit,Local Facility,2026-05-17T18:47:04
5d73c44d-9872-4f65-b934-6cb85871b028,b2cf341a-0f5b-4067-8238-ab1c784f8efc,out_for_delivery,Destination,2026-05-18T17:46:57
682b6aea-02df-42a4-8d24-eeb2f14609b1,b2cf341a-0f5b-4067-8238-ab1c784f8efc,delivered,Destination,2026-05-19T08:24:14
21a70b7a-c292-41e0-b841-c22b9f1838a7,8bab8c87-17b5-4a8f-b5d4-cbdd4b1bcdad,label_created,Local Facility,2026-04-30T09:50:05
6f7da0dc-45ba-46e3-9934-017fe59c3cd5,8bab8c87-17b5-4a8f-b5d4-cbdd4b1bcdad,picked_up,Regional Hub,2026-05-01T13:40:34
80e28fc3-3adf-4b6b-ba04-5958047136ff,8bab8c87-17b5-4a8f-b5d4-cbdd4b1bcdad,in_transit,Origin Facility,2026-05-02T08:49:18
290d57a0-360a-4060-bcac-0c73c3ff1d9b,8bab8c87-17b5-4a8f-b5d4-cbdd4b1bcdad,out_for_delivery,Local Facility,2026-05-02T23:18:53
8a198662-63a6-41b3-af19-e32dd04f7f2c,8bab8c87-17b5-4a8f-b5d4-cbdd4b1bcdad,delivered,Origin Facility,2026-05-03T23:56:03
9aec7d82-b3e8-4972-aedf-a5f5c0dcddf9,ab904450-37b2-4047-a683-419366f27ccc,label_created,Regional Hub,2026-07-09T06:48:56
56074b86-59f9-4763-a00a-ecdb8865e970,ab904450-37b2-4047-a683-419366f27ccc,picked_up,Destination,2026-07-10T08:51:16
a79a3a21-a831-443a-ac99-ddb751d14e63,ab904450-37b2-4047-a683-419366f27ccc,in_transit,Origin Facility,2026-07-11T12:55:08
3cda29bd-9a59-4123-99a6-493dca0c87c2,ab904450-37b2-4047-a683-419366f27ccc,out_for_delivery,Origin Facility,2026-07-11T21:17:15
26aeac00-3480-49fd-9d6a-c52026cba1e5,ab904450-37b2-4047-a683-419366f27ccc,delivered,Regional Hub,2026-07-12T09:03:52
480bb3f9-d4fb-4a86-8c53-bd69f1ef6cc6,194a860c-b8b8-4287-8b02-98e33fd64428,label_created,Destination,2026-03-04T21:11:06
35e6aa72-2244-4004-bc97-fc0ba3eefdbf,194a860c-b8b8-4287-8b02-98e33fd64428,picked_up,Regional Hub,2026-03-05T04:14:27
37e44147-5248-4b37-88e4-162bf8c62d91,194a860c-b8b8-4287-8b02-98e33fd64428,in_transit,Origin Facility,2026-03-06T03:42:18
efe44ff5-56a6-4b7b-8bc8-89cbda70de13,194a860c-b8b8-4287-8b02-98e33fd64428,out_for_delivery,Origin Facility,2026-03-07T03:48:41
ad26895f-04b4-4ef7-ba84-42b52976af5c,194a860c-b8b8-4287-8b02-98e33fd64428,delivered,Regional Hub,2026-03-07T20:09:42
0fbded06-d495-4fa4-b8b1-65805a8632a3,83c04fbb-085c-4571-b985-347d34c0323f,label_created,Regional Hub,2026-07-13T05:51:07
fda38a38-d709-41f7-9fc9-05b0a093dfff,83c04fbb-085c-4571-b985-347d34c0323f,picked_up,Local Facility,2026-07-13T15:54:40
5981e039-66f2-4631-abbc-4bb7c7d72f66,83c04fbb-085c-4571-b985-347d34c0323f,in_transit,Origin Facility,2026-07-14T21:21:01
eba5c3d1-6012-44c7-9522-baf2400b5af3,83c04fbb-085c-4571-b985-347d34c0323f,out_for_delivery,Regional Hub,2026-07-15T21:06:34
4c3c318e-7872-4b94-83ab-56f6d402aba1,83c04fbb-085c-4571-b985-347d34c0323f,delivered,Destination,2026-07-16T18:18:50
b65c9971-75de-4f93-915d-050c83eb2fea,30541e37-49d6-498f-9032-9c5ce536c487,label_created,Destination,2026-07-03T22:37:48
98cbbf39-0dfa-44ee-a2cf-3d218a6cc1ec,30541e37-49d6-498f-9032-9c5ce536c487,picked_up,Destination,2026-07-04T01:01:58
a3be6dde-3497-42db-8ac2-db921aedd8ba,30541e37-49d6-498f-9032-9c5ce536c487,in_transit,Origin Facility,2026-07-04T21:30:57
194a30dc-9bcb-47f0-8e44-34d29ec73707,30541e37-49d6-498f-9032-9c5ce536c487,out_for_delivery,Local Facility,2026-07-05T18:30:46
35e3def8-bffc-476a-ac7b-c1daafd5a0fe,30541e37-49d6-498f-9032-9c5ce536c487,delivered,Destination,2026-07-06T02:47:25
74e12810-5475-4ede-a2cb-688d64fa6141,1fbdefd3-86ae-4fb8-91bc-1b0b71c8dd3c,label_created,Destination,2026-04-13T15:10:52
a3007afb-b694-4b62-b695-25019dd21612,1fbdefd3-86ae-4fb8-91bc-1b0b71c8dd3c,picked_up,Local Facility,2026-04-14T12:30:04
aa345e2e-241a-44c5-be59-0cd2ac803313,1fbdefd3-86ae-4fb8-91bc-1b0b71c8dd3c,in_transit,Destination,2026-04-15T00:08:33
93fb0255-5a33-4543-8dc9-54028fe1ebd4,1fbdefd3-86ae-4fb8-91bc-1b0b71c8dd3c,out_for_delivery,Origin Facility,2026-04-15T03:52:08
8cf61184-bbd9-4e5f-8cd8-938ec61a4e1c,1fbdefd3-86ae-4fb8-91bc-1b0b71c8dd3c,delivered,Regional Hub,2026-04-15T18:01:13
16352a7d-e03d-421d-af0f-61b9f2c958d4,0b89c99f-cd85-4cf2-a228-4396e1a32bf6,label_created,Regional Hub,2026-07-12T08:26:38
a9b8b23b-dd02-4a03-92b1-d139f491432a,0b89c99f-cd85-4cf2-a228-4396e1a32bf6,picked_up,Origin Facility,2026-07-12T21:04:56
ed7e8b9a-03b9-4788-9297-9ee8bcae9f76,0b89c99f-cd85-4cf2-a228-4396e1a32bf6,in_transit,Origin Facility,2026-07-13T07:56:03
4c7bdc1a-9121-4919-bd54-d78483fa770a,0b89c99f-cd85-4cf2-a228-4396e1a32bf6,out_for_delivery,Destination,2026-07-13T19:46:09
4ce7fd98-507a-40b1-8f07-1f4a488ac8c8,0b89c99f-cd85-4cf2-a228-4396e1a32bf6,delivered,Regional Hub,2026-07-14T16:19:15
c4d5f3be-b53e-47e7-88f3-f0ca6bd3e06e,916a0b7f-b83c-44a0-83f4-5c75bf636fe4,label_created,Regional Hub,2026-07-07T10:26:46
7a8a8858-27f3-49e0-b28b-c2e2314eec66,916a0b7f-b83c-44a0-83f4-5c75bf636fe4,picked_up,Destination,2026-07-07T15:49:00
69d7dd02-c80a-455c-bea5-68b442f95cc3,916a0b7f-b83c-44a0-83f4-5c75bf636fe4,in_transit,Local Facility,2026-07-08T09:00:06
c8b15406-4389-41ef-99ed-17b9f54367fc,916a0b7f-b83c-44a0-83f4-5c75bf636fe4,out_for_delivery,Local Facility,2026-07-09T02:39:16
66ba55d0-ff5a-47b6-bf44-2758d01e30d9,916a0b7f-b83c-44a0-83f4-5c75bf636fe4,delivered,Destination,2026-07-10T08:48:52
967598aa-8233-411a-8d95-d49c1f1eb386,31828692-eea3-4f4f-b26a-b8f7a58bd745,label_created,Regional Hub,2026-03-12T01:49:02
95d3d57c-ee1e-4ad0-89b8-12c5d10d5f06,31828692-eea3-4f4f-b26a-b8f7a58bd745,picked_up,Origin Facility,2026-03-12T14:11:24
239871fd-9e66-42ca-9e3c-45ac40ddc8e9,7037286b-820b-478b-acee-2756ecbca9a5,label_created,Regional Hub,2026-02-19T03:12:20
64bba017-abbc-4d9c-8215-43a1b7a30d67,7037286b-820b-478b-acee-2756ecbca9a5,picked_up,Regional Hub,2026-02-19T17:35:37
398cccf2-d0f2-49f4-b6ef-64182fa3ebc6,7037286b-820b-478b-acee-2756ecbca9a5,in_transit,Origin Facility,2026-02-20T17:06:16
2fc809ed-aca8-4be0-b02e-44672c1dacc4,7037286b-820b-478b-acee-2756ecbca9a5,out_for_delivery,Regional Hub,2026-02-21T02:16:18
a8146de4-6b12-4d85-807f-6b6ef0fed0c6,7037286b-820b-478b-acee-2756ecbca9a5,delivered,Regional Hub,2026-02-21T07:40:25
41c2b450-c58d-4249-a2eb-b6edc209c2fb,bccd340a-3257-438b-b829-f283e5fbcdd0,label_created,Origin Facility,2026-02-28T13:47:19
cea42976-d21e-4a41-9e38-df8a17886cd3,bccd340a-3257-438b-b829-f283e5fbcdd0,picked_up,Regional Hub,2026-03-01T14:24:45
127e459b-bcf6-4bd4-8efa-c27d1f6092f1,bccd340a-3257-438b-b829-f283e5fbcdd0,in_transit,Local Facility,2026-03-02T00:19:05
7fbfd7e1-b114-49a4-8bc2-ffc1063f7904,bccd340a-3257-438b-b829-f283e5fbcdd0,out_for_delivery,Destination,2026-03-02T13:41:10
7c49cca1-b4d4-47d8-a45a-6ca0ea8bbb43,bccd340a-3257-438b-b829-f283e5fbcdd0,delivered,Destination,2026-03-03T15:09:23
07b7c3b8-7764-4129-98d5-78e8d234743a,85210da6-23af-429b-bf02-5583dcee6d6e,label_created,Destination,2026-03-18T00:24:03
8969b5b0-b3b8-449d-a286-558f7207db42,85210da6-23af-429b-bf02-5583dcee6d6e,picked_up,Origin Facility,2026-03-18T16:42:14
1aa2d9bf-15b7-40bf-943c-7b3715ad43a5,85210da6-23af-429b-bf02-5583dcee6d6e,in_transit,Local Facility,2026-03-19T21:19:51
abcc8a1b-1618-4fcc-8095-5920abb26b44,85210da6-23af-429b-bf02-5583dcee6d6e,out_for_delivery,Origin Facility,2026-03-20T03:23:29
0c7e185a-611c-4913-afd9-01e4cfbd6ccd,85210da6-23af-429b-bf02-5583dcee6d6e,delivered,Regional Hub,2026-03-21T03:51:11
a260b8c6-f16a-434b-b3c8-0e19cae5bd09,0dbb0d51-a813-4a87-a80a-b7d9c6d59249,label_created,Local Facility,2026-04-07T19:26:23
1ee147f5-6332-42d7-9ee5-a48bc34e6157,0dbb0d51-a813-4a87-a80a-b7d9c6d59249,picked_up,Destination,2026-04-08T18:29:23
aa3a71bd-f74a-4785-8afa-2c8326ee2f38,0dbb0d51-a813-4a87-a80a-b7d9c6d59249,in_transit,Regional Hub,2026-04-09T18:46:23
f7df71c8-ec89-4a39-a26e-796365851b35,0dbb0d51-a813-4a87-a80a-b7d9c6d59249,out_for_delivery,Regional Hub,2026-04-10T12:52:12
84949cc3-b85c-4b91-8ed5-6283c1abe969,0dbb0d51-a813-4a87-a80a-b7d9c6d59249,delivered,Destination,2026-04-11T10:15:11
06d732ae-8e2c-4daf-8713-2700a58bbd5d,fbb8cfb3-761f-484b-9dac-19994b711257,label_created,Destination,2026-04-16T00:35:18
78df6ba0-922a-49de-a0b0-9761bc81f8d9,fbb8cfb3-761f-484b-9dac-19994b711257,picked_up,Local Facility,2026-04-17T00:02:18
84a17b01-83e9-4444-bef1-dd2c77005fa6,fbb8cfb3-761f-484b-9dac-19994b711257,in_transit,Origin Facility,2026-04-18T04:10:40
19ec4727-445f-46c3-b34a-a3c72b216bbf,fbb8cfb3-761f-484b-9dac-19994b711257,out_for_delivery,Regional Hub,2026-04-19T08:43:15
70e6ca73-6c8d-4d8c-bfb5-a54749cb5535,fbb8cfb3-761f-484b-9dac-19994b711257,delivered,Destination,2026-04-22T11:26:23
435c7918-eafa-45b1-bdfb-b194052c4549,3da5bc65-7073-4fc9-95ac-d3022f327fa7,label_created,Regional Hub,2026-06-20T04:12:55
4a839914-5b28-4eb0-8dd4-bead42aef31a,3da5bc65-7073-4fc9-95ac-d3022f327fa7,picked_up,Destination,2026-06-20T08:14:41
4649f168-fe37-4148-aa30-d8cce7243367,3da5bc65-7073-4fc9-95ac-d3022f327fa7,in_transit,Origin Facility,2026-06-21T06:23:26
d8420fa8-f3d0-485e-9b18-0bff5e3d3276,3da5bc65-7073-4fc9-95ac-d3022f327fa7,out_for_delivery,Local Facility,2026-06-21T17:45:00
2f01b991-f2bb-4526-9fc3-2d65bd600e6c,3da5bc65-7073-4fc9-95ac-d3022f327fa7,delivered,Destination,2026-06-22T08:12:23
8da65f0c-0a0d-4e0d-bebd-ec36400676c4,a134c737-5bf1-4d67-a6ec-77c021b93e72,label_created,Local Facility,2026-07-15T01:40:32
28b4fdac-df01-4b23-9c36-bf07710ed1fd,a134c737-5bf1-4d67-a6ec-77c021b93e72,picked_up,Local Facility,2026-07-15T22:38:14
701e0619-a6bf-4a68-9375-99e3ba1b67d3,a134c737-5bf1-4d67-a6ec-77c021b93e72,in_transit,Regional Hub,2026-07-16T21:19:15
6c9598b6-540e-4385-bebe-d58521e1f4a5,a134c737-5bf1-4d67-a6ec-77c021b93e72,out_for_delivery,Destination,2026-07-17T19:34:46
96e0f530-c45f-4a78-b697-7966bdd1a6e6,a134c737-5bf1-4d67-a6ec-77c021b93e72,delivered,Destination,2026-07-17T22:14:21
7d9d991e-1137-4b36-b761-1bb8c799c2e9,8a47b3b0-b22e-480c-8b5d-4e059ce1ee0b,label_created,Destination,2026-04-11T07:37:47
1815f7a4-ae30-44be-b398-e037e365af49,8a47b3b0-b22e-480c-8b5d-4e059ce1ee0b,picked_up,Local Facility,2026-04-12T13:06:19
fd66057d-d5af-454e-a642-740ef815be21,8a47b3b0-b22e-480c-8b5d-4e059ce1ee0b,in_transit,Regional Hub,2026-04-13T09:41:27
ca49c053-7587-427a-9709-dcaa710d55d0,8a47b3b0-b22e-480c-8b5d-4e059ce1ee0b,out_for_delivery,Destination,2026-04-14T13:18:13
defcda3a-a0ca-4039-b58e-c41dd38e351e,8a47b3b0-b22e-480c-8b5d-4e059ce1ee0b,delivered,Destination,2026-04-15T00:49:16
498674ef-41ff-48f6-aba6-347752e57a13,6a10f4c0-7792-461c-8191-e9527c61f118,label_created,Regional Hub,2026-03-08T06:34:11
1d68ddf4-b9d5-4cd1-aef1-0c3d0c799df7,6a10f4c0-7792-461c-8191-e9527c61f118,picked_up,Destination,2026-03-08T13:00:53
99ffe512-cb6a-4250-b626-d83164a73c27,6a10f4c0-7792-461c-8191-e9527c61f118,in_transit,Local Facility,2026-03-09T06:23:19
1c234b4f-9301-4b89-ac7b-12e7313993a2,6a10f4c0-7792-461c-8191-e9527c61f118,out_for_delivery,Destination,2026-03-09T17:48:18
f9e71d4b-9df2-4f56-89b2-d96261db4b4e,6a10f4c0-7792-461c-8191-e9527c61f118,delivered,Origin Facility,2026-03-10T14:29:48
a2cbcae7-c8da-40a5-9d01-93e6a7a9fd7f,906142b4-8809-4392-b6da-549e5e7a6ca6,label_created,Local Facility,2026-06-21T20:07:22
1da8a408-2e28-416e-b1e1-a69e805c284a,906142b4-8809-4392-b6da-549e5e7a6ca6,picked_up,Local Facility,2026-06-22T02:09:14
fc7064c6-21db-4dc1-87ea-16f34fd26edb,906142b4-8809-4392-b6da-549e5e7a6ca6,in_transit,Origin Facility,2026-06-22T17:26:48
13bf9b3b-29da-4abb-999e-5fc67d53b377,906142b4-8809-4392-b6da-549e5e7a6ca6,out_for_delivery,Destination,2026-06-23T04:43:45
7310e3bb-3bbe-41f9-a447-773afb13e136,906142b4-8809-4392-b6da-549e5e7a6ca6,delivered,Destination,2026-06-23T17:15:14
0bb5b5f3-ac0d-42a4-88d9-319cf1ce677f,2ef75b73-2777-4258-b374-990ff89a202d,label_created,Origin Facility,2026-03-09T19:54:32
deb3d669-9c16-45c9-83f6-16736002be76,2ef75b73-2777-4258-b374-990ff89a202d,picked_up,Destination,2026-03-10T13:13:24
8c5c6338-d3ef-4dbe-9ae9-38b2694a5c94,2ef75b73-2777-4258-b374-990ff89a202d,in_transit,Origin Facility,2026-03-11T18:05:08
0723bc64-6c99-4d0d-813b-a4747228a51c,2ef75b73-2777-4258-b374-990ff89a202d,out_for_delivery,Destination,2026-03-12T17:30:02
fe8e19ec-fc57-40e6-98e2-9b711b806187,2ef75b73-2777-4258-b374-990ff89a202d,delivered,Local Facility,2026-03-12T20:12:59
2a020209-aaaf-4ea0-8f97-f53b88bd7375,4845022d-e469-40a3-82c5-211fa41f5e2b,label_created,Origin Facility,2026-04-03T09:35:09
6dfaaa3e-aee6-47ee-b1f7-4f5229f5b671,4845022d-e469-40a3-82c5-211fa41f5e2b,picked_up,Local Facility,2026-04-04T14:24:27
bda3a004-09ae-447c-95cd-8889e5b21766,4845022d-e469-40a3-82c5-211fa41f5e2b,in_transit,Regional Hub,2026-04-05T13:23:52
73547095-ec09-47f0-9485-c0e2de1492d6,4845022d-e469-40a3-82c5-211fa41f5e2b,out_for_delivery,Origin Facility,2026-04-06T11:21:50
c992d811-1215-4728-9de0-d6679f161930,4845022d-e469-40a3-82c5-211fa41f5e2b,delivered,Origin Facility,2026-04-07T04:49:02
0bdadba5-29c2-4d4c-b28f-a2405e6e9bba,11be58d6-be31-4f4b-9624-ee27ccd4eda7,label_created,Local Facility,2026-07-25T08:32:20
6ad02b3f-6753-415a-8c31-de33f4b6f22b,11be58d6-be31-4f4b-9624-ee27ccd4eda7,picked_up,Origin Facility,2026-07-26T11:41:59
40928d19-fc12-4329-899b-9358784b8d8e,11be58d6-be31-4f4b-9624-ee27ccd4eda7,in_transit,Regional Hub,2026-07-27T11:39:48
14e13f96-2d70-4ce5-ae2d-06d92463eafd,11be58d6-be31-4f4b-9624-ee27ccd4eda7,out_for_delivery,Destination,2026-07-28T08:40:47
196a7ab9-2ed8-49e9-8628-d5ef6cadfdb4,11be58d6-be31-4f4b-9624-ee27ccd4eda7,delivered,Destination,2026-07-29T04:03:56
76579ab6-a9e9-4c17-ab1b-b34515cbc4f6,70f436f2-c635-4b2d-af17-fe24f197f054,label_created,Origin Facility,2026-04-14T17:40:07
1ec470d5-37f2-4f6d-9c1e-7d04ec1fa58a,70f436f2-c635-4b2d-af17-fe24f197f054,picked_up,Local Facility,2026-04-15T17:25:54
2e3c6532-c59a-4bee-b6b4-e83406c64f2d,70f436f2-c635-4b2d-af17-fe24f197f054,in_transit,Regional Hub,2026-04-16T08:27:05
d41c8abd-4d9f-4365-bf22-055fd897368f,70f436f2-c635-4b2d-af17-fe24f197f054,out_for_delivery,Local Facility,2026-04-16T18:19:47
cb78f30e-a9be-4d60-be27-c93f78700247,70f436f2-c635-4b2d-af17-fe24f197f054,delivered,Destination,2026-04-17T08:58:06
b948e2ce-7833-4fe7-bbcb-1fb429496a1f,ba5508e9-aa32-4144-9e62-e5f367210d63,label_created,Destination,2026-05-06T18:47:46
df65a926-8dc1-484c-b86f-32ad12e154fd,ba5508e9-aa32-4144-9e62-e5f367210d63,picked_up,Origin Facility,2026-05-07T18:28:11
a227dfa4-d767-48cb-93eb-732f0ca12399,ba5508e9-aa32-4144-9e62-e5f367210d63,in_transit,Local Facility,2026-05-09T00:19:07
b6ac9faa-eccd-4815-b89e-687d10a8c76a,ba5508e9-aa32-4144-9e62-e5f367210d63,out_for_delivery,Destination,2026-05-10T03:14:12
00717fbe-bc7f-4b4d-a5b5-a1876de7a2dc,ba5508e9-aa32-4144-9e62-e5f367210d63,delivered,Regional Hub,2026-05-10T22:30:03
68c83ec8-95cd-4765-b091-3ac261a0f7b8,a107a224-2171-45ad-b4a8-54a1b725a6de,label_created,Local Facility,2026-06-04T05:37:22
61ffe5cc-9889-42f0-930b-45f0dd999d04,a107a224-2171-45ad-b4a8-54a1b725a6de,picked_up,Local Facility,2026-06-04T10:52:49
7fe3768d-9014-4c98-aa31-c5e73e22c8e7,a107a224-2171-45ad-b4a8-54a1b725a6de,in_transit,Regional Hub,2026-06-05T00:15:49
42cf340b-582b-4026-80a9-05564ffa6d78,a107a224-2171-45ad-b4a8-54a1b725a6de,out_for_delivery,Regional Hub,2026-06-05T21:25:40
cd75fe9c-4ace-438f-a0f0-3fd2ac848654,a107a224-2171-45ad-b4a8-54a1b725a6de,delivered,Regional Hub,2026-06-06T08:11:18
f38d9fa4-bb70-471a-bd66-3d38be4570a1,e91c3bc0-3305-4ff9-bdb9-3be6719d7062,label_created,Destination,2026-06-22T04:56:12
acf4870f-281f-419c-922e-d8c910a980e6,e91c3bc0-3305-4ff9-bdb9-3be6719d7062,picked_up,Local Facility,2026-06-22T21:48:11
006eec21-4b89-4a98-9e86-77511114ca01,e91c3bc0-3305-4ff9-bdb9-3be6719d7062,in_transit,Origin Facility,2026-06-23T06:09:32
e2545b06-639a-4076-85cf-e91698df1615,e91c3bc0-3305-4ff9-bdb9-3be6719d7062,out_for_delivery,Local Facility,2026-06-23T16:37:21
c579a162-a13a-4553-ac81-962ba969c516,e91c3bc0-3305-4ff9-bdb9-3be6719d7062,delivered,Regional Hub,2026-06-23T21:30:52
6e35c6d9-831d-4639-9cb4-3acc9a58397a,f90a0b36-9d80-45f2-bebe-538842626d3f,label_created,Origin Facility,2026-05-18T14:33:18
d0546ac0-84b2-46ae-a87e-63eee49191ca,f90a0b36-9d80-45f2-bebe-538842626d3f,picked_up,Origin Facility,2026-05-19T03:52:33
6f530279-ebd2-4b8f-b680-881f0791f967,f90a0b36-9d80-45f2-bebe-538842626d3f,in_transit,Regional Hub,2026-05-20T05:32:32
88b88fbc-6753-4410-9fc4-5714083bbd01,f90a0b36-9d80-45f2-bebe-538842626d3f,out_for_delivery,Regional Hub,2026-05-21T00:44:09
c5fa8094-35f0-4b89-90d2-d73f41271aed,f90a0b36-9d80-45f2-bebe-538842626d3f,delivered,Origin Facility,2026-05-22T04:25:50
c471e863-d5ec-4dd5-8c36-b908d54f08cd,341ad07c-3ec3-4c30-9c46-e42183353786,label_created,Origin Facility,2026-08-12T18:39:15
269ea7ea-6f43-420f-a02c-f4402c9f28e4,341ad07c-3ec3-4c30-9c46-e42183353786,picked_up,Destination,2026-08-13T03:18:09
379fbd11-93a2-4acd-88f2-ca414525dccf,341ad07c-3ec3-4c30-9c46-e42183353786,in_transit,Local Facility,2026-08-13T10:34:22
7307f0cc-32d2-4314-a424-c12f48440cea,341ad07c-3ec3-4c30-9c46-e42183353786,out_for_delivery,Local Facility,2026-08-14T11:51:04
a520feed-7236-48c9-9e7e-b2749d42cf2d,341ad07c-3ec3-4c30-9c46-e42183353786,delivered,Destination,2026-08-14T17:04:28
dd9ecc1c-07d0-460d-81b5-525e12dac3f2,399df822-71a9-41bd-80ef-d4174e833b70,label_created,Destination,2026-02-22T20:35:23
7bad4728-1982-4945-ac9b-edd5e68fc96f,399df822-71a9-41bd-80ef-d4174e833b70,picked_up,Destination,2026-02-24T01:41:57
ad860fa1-5178-44b6-a4da-025c208811eb,399df822-71a9-41bd-80ef-d4174e833b70,in_transit,Destination,2026-02-24T09:46:12
02c9000d-a1e0-461d-8fe4-1fd4ca284c61,399df822-71a9-41bd-80ef-d4174e833b70,out_for_delivery,Local Facility,2026-02-24T17:03:04
faca71a8-b599-4d19-b915-38b8d15f15af,399df822-71a9-41bd-80ef-d4174e833b70,delivered,Local Facility,2026-02-28T22:48:52
576e1233-5f32-4027-9be6-8aa94352b29d,3057e087-9e4d-4c6c-a8ea-d3e4264733ce,label_created,Destination,2026-02-28T06:09:55
028c9153-50ee-42df-91b9-70c2f857fba4,3057e087-9e4d-4c6c-a8ea-d3e4264733ce,picked_up,Local Facility,2026-03-01T08:10:28
75b87b21-f50f-4280-b30c-0fc86badd212,3057e087-9e4d-4c6c-a8ea-d3e4264733ce,in_transit,Origin Facility,2026-03-01T18:26:06
7f2f55f3-f0dc-450d-bde0-6664a70f2114,3057e087-9e4d-4c6c-a8ea-d3e4264733ce,out_for_delivery,Origin Facility,2026-03-02T05:25:11
2a980ed4-1c6e-469e-b6b9-7f507eac505c,3057e087-9e4d-4c6c-a8ea-d3e4264733ce,delivered,Regional Hub,2026-03-02T18:23:26
65674593-e1a5-4d6e-974b-d93d9f3d3776,52d483b5-7781-4f85-bc5b-c39ef1ab3178,label_created,Local Facility,2026-06-04T07:25:03
67c049b7-5e55-4cdd-a19f-8d135bff1863,52d483b5-7781-4f85-bc5b-c39ef1ab3178,picked_up,Origin Facility,2026-06-04T20:10:16
b2712a3f-6917-486a-8d76-8fe636997d64,52d483b5-7781-4f85-bc5b-c39ef1ab3178,in_transit,Regional Hub,2026-06-05T02:25:23
3ba280bc-0e6a-4710-8f9d-4ed3fde8a10b,52d483b5-7781-4f85-bc5b-c39ef1ab3178,out_for_delivery,Regional Hub,2026-06-05T14:59:30
e3497bfd-6dd0-435c-ad5a-348edf36d2fb,52d483b5-7781-4f85-bc5b-c39ef1ab3178,delivered,Local Facility,2026-06-06T05:13:32
04d5b41b-ac8e-4225-8401-9d4ae81bbc36,a70c6745-5f86-4fe2-af67-74bcc3ddaa6b,label_created,Destination,2026-07-05T10:16:57
ed7ddc4d-e7a2-4a05-8f0c-4a1814ca9973,a70c6745-5f86-4fe2-af67-74bcc3ddaa6b,picked_up,Origin Facility,2026-07-06T16:11:31
fa3564fb-e673-449c-b03b-f008aee0c2f3,a70c6745-5f86-4fe2-af67-74bcc3ddaa6b,in_transit,Local Facility,2026-07-07T21:15:40
7aa0ade6-1d4c-4055-8a0c-d23f37315dc1,a70c6745-5f86-4fe2-af67-74bcc3ddaa6b,out_for_delivery,Destination,2026-07-08T23:47:26
6856fc20-8ca5-48bd-beb9-e08fc385d9f2,a70c6745-5f86-4fe2-af67-74bcc3ddaa6b,delivered,Regional Hub,2026-07-09T14:19:02
eab3f926-a623-48eb-8a5f-ecb029e829e8,5a55298f-02c2-45ae-b8a1-b0140dcbc1ed,label_created,Origin Facility,2026-08-11T11:14:26
e7d9441f-f76f-41f4-b6de-8f36e54fa1a0,5a55298f-02c2-45ae-b8a1-b0140dcbc1ed,picked_up,Local Facility,2026-08-11T16:22:09
4c602bac-dc18-4cb9-8348-01aa97d01f8a,5a55298f-02c2-45ae-b8a1-b0140dcbc1ed,in_transit,Destination,2026-08-12T06:15:10
20c9f2f8-2466-40e0-907b-55d72e1c23d4,5a55298f-02c2-45ae-b8a1-b0140dcbc1ed,out_for_delivery,Origin Facility,2026-08-12T12:00:29
8d1f72e6-1455-4855-bac6-667b6e62e561,5a55298f-02c2-45ae-b8a1-b0140dcbc1ed,delivered,Destination,2026-08-12T21:23:14
2808c66a-7b1a-4049-a8b1-037f36c82e72,3d2de827-ec68-4762-afb4-d902b26c8198,label_created,Local Facility,2026-04-13T04:10:19
0208266f-5e88-4847-a7e2-2e89a16ec81b,3d2de827-ec68-4762-afb4-d902b26c8198,picked_up,Local Facility,2026-04-13T12:56:34
0e12bafe-c90e-4a6c-8e86-f5a7d02665cd,3d2de827-ec68-4762-afb4-d902b26c8198,in_transit,Regional Hub,2026-04-13T19:56:44
c0a4c272-ec9e-4c92-88cf-8c710a348650,3d2de827-ec68-4762-afb4-d902b26c8198,out_for_delivery,Destination,2026-04-15T00:06:53
1f4e9aee-ed8c-4a50-9773-06981ae25989,3d2de827-ec68-4762-afb4-d902b26c8198,delivered,Origin Facility,2026-04-15T10:12:38
a55a5d6c-67da-4959-8b0a-c5ce27c263ec,74999c13-4f36-421b-a751-cd83d2b525fd,label_created,Regional Hub,2026-03-15T18:10:27
e63aa2ef-838c-4875-8508-e0134192e0c4,74999c13-4f36-421b-a751-cd83d2b525fd,picked_up,Origin Facility,2026-03-16T16:43:44
e16430f7-5f38-4471-883a-d71e7907277d,74999c13-4f36-421b-a751-cd83d2b525fd,in_transit,Local Facility,2026-03-17T22:12:38
b22bee04-bb9f-48bb-9f66-4fec06fede55,74999c13-4f36-421b-a751-cd83d2b525fd,out_for_delivery,Regional Hub,2026-03-19T03:44:26
d6c5bd7b-83cf-4de8-a145-23566df0ae89,74999c13-4f36-421b-a751-cd83d2b525fd,delivered,Origin Facility,2026-03-23T02:05:05
5d24778d-f122-4f2b-97b4-325d6894a9e1,3ff7ca1d-96e5-4e12-9f39-1502d1dcd7a2,label_created,Local Facility,2026-02-19T20:16:38
c160b48d-e003-429f-85d0-e2bd3d9bf478,3ff7ca1d-96e5-4e12-9f39-1502d1dcd7a2,picked_up,Destination,2026-02-20T08:14:41
5fb80347-e336-4a60-886d-d73709f76deb,3ff7ca1d-96e5-4e12-9f39-1502d1dcd7a2,in_transit,Destination,2026-02-20T15:33:09
f4afd836-0832-4711-9511-8cc1d3cb4cda,3ff7ca1d-96e5-4e12-9f39-1502d1dcd7a2,out_for_delivery,Regional Hub,2026-02-21T20:00:50
2d0687ad-33b2-4630-bda8-9cb35f59cdd7,3ff7ca1d-96e5-4e12-9f39-1502d1dcd7a2,delivered,Regional Hub,2026-02-22T22:06:03
6308260b-a8db-4059-bb59-455f2d6f6aa4,c0049166-08e9-4a24-9661-9f666b8d2497,label_created,Destination,2026-06-30T01:18:17
bf52c76b-7cdd-4869-848e-d211ac9123ba,c0049166-08e9-4a24-9661-9f666b8d2497,picked_up,Destination,2026-06-30T07:19:03
29532a72-c0b4-46c7-a249-b99c6a355984,c0049166-08e9-4a24-9661-9f666b8d2497,in_transit,Regional Hub,2026-06-30T21:37:50
43b95e6f-e8c4-4bd5-ac6e-de517a6e94c4,c0049166-08e9-4a24-9661-9f666b8d2497,out_for_delivery,Destination,2026-07-02T00:19:09
16524465-8748-4846-b21e-17d934dc0a99,c0049166-08e9-4a24-9661-9f666b8d2497,delivered,Local Facility,2026-07-02T04:32:49
78a8bcaf-3c6b-44e0-94a4-8ba8576276ab,6ce6bc85-eb3e-4153-97c3-4b0d335b04d4,label_created,Regional Hub,2026-06-09T07:37:29
e823eaa1-b74f-4e75-952b-386c16e79e57,6ce6bc85-eb3e-4153-97c3-4b0d335b04d4,picked_up,Destination,2026-06-10T07:52:51
60b8743b-4826-4a60-981b-c323c79323a9,6ce6bc85-eb3e-4153-97c3-4b0d335b04d4,in_transit,Destination,2026-06-11T01:54:32
fea58cc8-bac4-4875-9b3e-080ee7cd9ff4,6ce6bc85-eb3e-4153-97c3-4b0d335b04d4,out_for_delivery,Destination,2026-06-11T11:44:54
2e7ec551-9aca-418c-8082-2d3a5caf9c08,6ce6bc85-eb3e-4153-97c3-4b0d335b04d4,delivered,Local Facility,2026-06-11T15:58:38
da0d4773-3069-452a-9379-75f408e9934b,2bfc360f-2cb9-4292-84a5-ffefa601ca6f,label_created,Destination,2026-04-14T17:45:48
7ed59609-6fac-43f2-840a-0e5af9bbdb30,2bfc360f-2cb9-4292-84a5-ffefa601ca6f,picked_up,Regional Hub,2026-04-15T15:18:20
fee0ebf8-07d5-4000-b4a7-25aab68006fd,2bfc360f-2cb9-4292-84a5-ffefa601ca6f,in_transit,Regional Hub,2026-04-16T15:59:34
66008e13-ed74-4a1d-885c-bcc22c3c8390,2bfc360f-2cb9-4292-84a5-ffefa601ca6f,out_for_delivery,Regional Hub,2026-04-16T19:10:05
7a4a8975-47dc-42ce-9376-46f89cbeb1f1,2bfc360f-2cb9-4292-84a5-ffefa601ca6f,delivered,Destination,2026-04-17T12:27:02
93b3a154-944b-407a-9546-38c8cfa1c98d,9f77f8fe-74fd-4a16-8652-2ae9a3ce84e0,label_created,Regional Hub,2026-07-15T22:55:33
b8870721-56f6-4d32-b924-9d625efec3d6,9f77f8fe-74fd-4a16-8652-2ae9a3ce84e0,picked_up,Destination,2026-07-17T04:35:49
6e951484-d277-494f-bfe9-7773bd0cb69e,9f77f8fe-74fd-4a16-8652-2ae9a3ce84e0,in_transit,Destination,2026-07-18T07:36:33
738217e0-f4e7-4e1d-afc4-9bbf23180d5d,9f77f8fe-74fd-4a16-8652-2ae9a3ce84e0,out_for_delivery,Regional Hub,2026-07-18T19:18:21
72837f99-560b-4d2b-aa2c-9374add8a834,9f77f8fe-74fd-4a16-8652-2ae9a3ce84e0,delivered,Destination,2026-07-19T16:45:10
f4e3faf9-189f-4037-be46-de45d40c46a2,da6cd6b4-e263-4a19-8768-b07092a9678f,label_created,Destination,2026-04-19T00:21:51
898410b3-2f76-4a23-ae05-30ec2c3c8f68,da6cd6b4-e263-4a19-8768-b07092a9678f,picked_up,Local Facility,2026-04-19T13:04:20
f453e060-f18f-4266-a7c6-065122ebbfc0,da6cd6b4-e263-4a19-8768-b07092a9678f,in_transit,Destination,2026-04-20T14:46:13
5ab22d9d-2ee9-4a4b-84a0-f55ec828b703,da6cd6b4-e263-4a19-8768-b07092a9678f,out_for_delivery,Origin Facility,2026-04-21T11:31:13
85c7c024-2f89-43e0-8adc-3c45e9dc3987,da6cd6b4-e263-4a19-8768-b07092a9678f,delivered,Regional Hub,2026-04-22T16:48:23
c60e84b8-a125-4673-b1d5-45ddf4768f2b,9edaad75-ddad-4c58-98fb-fbd712187698,label_created,Origin Facility,2026-04-05T18:12:34
5181653a-b532-47b2-af9e-acd6cc1e79bf,9edaad75-ddad-4c58-98fb-fbd712187698,picked_up,Origin Facility,2026-04-06T22:09:19
7912f213-5a71-4890-b225-75c1491158b3,9edaad75-ddad-4c58-98fb-fbd712187698,in_transit,Destination,2026-04-07T12:33:26
23a5d5ca-242b-4080-8701-a776c016292e,9edaad75-ddad-4c58-98fb-fbd712187698,out_for_delivery,Regional Hub,2026-04-08T17:22:48
6e777a94-2c6b-4fe2-82a8-bc36e36dbc7d,9edaad75-ddad-4c58-98fb-fbd712187698,delivered,Regional Hub,2026-04-09T19:25:58
1ee34249-d9fe-4c60-b571-cfcb849765fd,161a92b0-b169-4277-998a-e3ee7326ca7d,label_created,Destination,2026-07-06T22:22:53
3bd5c44a-63e3-4a75-9bb4-4f0e8cd21500,161a92b0-b169-4277-998a-e3ee7326ca7d,picked_up,Destination,2026-07-07T19:40:03
736ba849-bd67-4738-be4f-d58ea4fa5ed9,161a92b0-b169-4277-998a-e3ee7326ca7d,in_transit,Regional Hub,2026-07-08T04:42:45
9b2e1164-7ac7-479f-a5d9-f3164dbd60c5,161a92b0-b169-4277-998a-e3ee7326ca7d,out_for_delivery,Regional Hub,2026-07-09T05:18:26
30cf3f22-46e7-437c-ac1b-4050546e5ab8,161a92b0-b169-4277-998a-e3ee7326ca7d,delivered,Destination,2026-07-09T18:55:25
9bff950d-9751-4d95-954f-4dd608ff14ec,5da041b8-4f0e-47cd-9b35-71ccd42cea4b,label_created,Regional Hub,2026-05-31T08:28:16
8bfd7256-a3a9-4d8f-a893-52073e1e2d19,5da041b8-4f0e-47cd-9b35-71ccd42cea4b,picked_up,Destination,2026-05-31T22:43:46
fa3171c9-cc3e-44b4-8e61-ba9d0886ec2c,5da041b8-4f0e-47cd-9b35-71ccd42cea4b,in_transit,Destination,2026-06-02T00:38:39
abb178cb-8280-404e-a1ca-2dd45c5d906f,5da041b8-4f0e-47cd-9b35-71ccd42cea4b,out_for_delivery,Destination,2026-06-02T12:35:11
5a950644-56ef-4a73-ab24-f566a22eef3d,5da041b8-4f0e-47cd-9b35-71ccd42cea4b,delivered,Regional Hub,2026-06-07T02:30:50
c1e76f5f-6075-46e0-a5b2-2db599dfcab8,02f664c5-c4a9-4f88-a4d0-00661e3f59f0,label_created,Local Facility,2026-05-01T16:52:33
afed9027-9a0a-4e05-9b2b-80d62dae9099,02f664c5-c4a9-4f88-a4d0-00661e3f59f0,picked_up,Regional Hub,2026-05-02T21:42:46
26217157-4ed8-4701-b647-3e10de3b7e11,02f664c5-c4a9-4f88-a4d0-00661e3f59f0,in_transit,Local Facility,2026-05-03T02:20:27
cff98499-567a-4335-b181-5e85482f04e1,02f664c5-c4a9-4f88-a4d0-00661e3f59f0,out_for_delivery,Local Facility,2026-05-03T12:28:15
6eebfa69-b526-4997-8401-2cf724da4558,02f664c5-c4a9-4f88-a4d0-00661e3f59f0,delivered,Local Facility,2026-05-04T05:59:29
f282c2c9-d8f1-4dbc-9ccf-2e9ddcd8e79f,426e9496-0d9b-4ec0-913a-4108bd656afc,label_created,Origin Facility,2026-03-18T17:16:47
b1126ea1-ed7e-4626-b317-bb191aaae289,426e9496-0d9b-4ec0-913a-4108bd656afc,picked_up,Destination,2026-03-19T05:59:05
1113ca92-c0f8-46ee-a731-13a705b530a2,426e9496-0d9b-4ec0-913a-4108bd656afc,in_transit,Origin Facility,2026-03-19T14:35:19
71883e3c-f601-4c1d-80cc-5f0300bc98c0,426e9496-0d9b-4ec0-913a-4108bd656afc,out_for_delivery,Origin Facility,2026-03-20T02:07:08
6d47c4d6-6d8e-4b7f-aa33-6a9b3de6827b,426e9496-0d9b-4ec0-913a-4108bd656afc,delivered,Local Facility,2026-03-21T00:36:34
97b62e86-ecc1-4925-85f0-0b93bc8bfe75,2abff4b0-e984-4825-9dbb-041748658c58,label_created,Origin Facility,2026-05-12T00:24:59
cce9e83f-91c4-4f05-bfc5-4629ccf925ea,2abff4b0-e984-4825-9dbb-041748658c58,picked_up,Regional Hub,2026-05-12T03:06:58
cfb90355-68cb-40b7-9cf2-888b76939193,2abff4b0-e984-4825-9dbb-041748658c58,in_transit,Regional Hub,2026-05-13T08:02:14
37815f0e-7531-40cd-b2f7-4a6f21c9d899,2abff4b0-e984-4825-9dbb-041748658c58,out_for_delivery,Destination,2026-05-14T04:42:28
2316a561-7c4b-4749-8f65-08c037a565df,2abff4b0-e984-4825-9dbb-041748658c58,delivered,Regional Hub,2026-05-14T10:04:36
8c0ba2b0-15c8-4dca-a424-36948b604790,61ebc732-cd73-4840-82eb-44cf9620d4a0,label_created,Origin Facility,2026-03-21T22:56:42
0b374428-de69-431a-8581-c67bfac80160,61ebc732-cd73-4840-82eb-44cf9620d4a0,picked_up,Origin Facility,2026-03-22T19:13:37
fde5fd1b-00ae-4333-801f-b75e94ebb29d,61ebc732-cd73-4840-82eb-44cf9620d4a0,in_transit,Regional Hub,2026-03-23T09:54:21
2deccb3d-04dc-44c7-96b8-3271eee12d4d,61ebc732-cd73-4840-82eb-44cf9620d4a0,out_for_delivery,Regional Hub,2026-03-23T21:32:34
4a12b8ea-4f8b-4346-ac36-1f473fb66fe3,61ebc732-cd73-4840-82eb-44cf9620d4a0,delivered,Origin Facility,2026-03-25T01:06:20
0d897ea4-3502-44a7-94ef-14359e30f1c7,eb7bec9d-8d4c-4827-8789-32dc4c72b9c3,label_created,Local Facility,2026-04-09T03:10:29
687e07da-3820-4c0e-973a-aad6ada29015,eb7bec9d-8d4c-4827-8789-32dc4c72b9c3,picked_up,Origin Facility,2026-04-10T05:08:15
9875800e-1c96-42ba-aba8-9f0daf7937b8,eb7bec9d-8d4c-4827-8789-32dc4c72b9c3,in_transit,Regional Hub,2026-04-10T13:42:50
703effa6-1dfd-4af3-a91a-bc2374ba9f54,eb7bec9d-8d4c-4827-8789-32dc4c72b9c3,out_for_delivery,Origin Facility,2026-04-11T14:41:55
91531250-743b-484f-9e2f-5c430a4ef0c4,eb7bec9d-8d4c-4827-8789-32dc4c72b9c3,delivered,Regional Hub,2026-04-12T08:29:52
32df61b3-af45-4905-8896-07e886c08f36,4bcc1d9c-973e-434f-8e8b-23fed6a507cf,label_created,Regional Hub,2026-07-19T05:07:00
9ac43359-a6bf-4836-999c-fc59b8ef0fec,4bcc1d9c-973e-434f-8e8b-23fed6a507cf,picked_up,Regional Hub,2026-07-19T10:47:00
f197439f-2bd2-47a6-9762-6f2636f1d4b9,4bcc1d9c-973e-434f-8e8b-23fed6a507cf,in_transit,Origin Facility,2026-07-19T14:16:48
000e6882-ee57-45cd-ab57-23d46447e3ae,4bcc1d9c-973e-434f-8e8b-23fed6a507cf,out_for_delivery,Origin Facility,2026-07-19T20:54:55
d54e89ce-beae-46a9-b339-50e66607f361,4bcc1d9c-973e-434f-8e8b-23fed6a507cf,delivered,Local Facility,2026-07-20T17:06:59
a69ed61b-662b-40ad-8f75-2b5ee8faa966,3d583b68-3c06-45fa-9d7a-dc981d4b43e3,label_created,Local Facility,2026-04-07T10:50:09
5476ab03-9738-4114-92f6-ca4534ecf283,3d583b68-3c06-45fa-9d7a-dc981d4b43e3,picked_up,Origin Facility,2026-04-08T10:51:51
fbb5bec5-c865-4324-a14a-131d77da1a8d,3d583b68-3c06-45fa-9d7a-dc981d4b43e3,in_transit,Destination,2026-04-08T23:55:55
c2f66e34-969e-43cb-9772-d77ea9af2f5c,3d583b68-3c06-45fa-9d7a-dc981d4b43e3,out_for_delivery,Origin Facility,2026-04-09T06:10:25
5719d2f1-386c-4006-beab-c2e0defcbffc,3d583b68-3c06-45fa-9d7a-dc981d4b43e3,delivered,Origin Facility,2026-04-10T00:47:32
5ebf001d-c3c9-47cf-a22c-cffda937629a,baae83e2-c156-423c-acbc-a55468c57f84,label_created,Origin Facility,2026-05-25T21:02:49
6d31a8c1-8e34-40ca-a723-ada933b84440,baae83e2-c156-423c-acbc-a55468c57f84,picked_up,Origin Facility,2026-05-26T19:03:22
d1ddce71-7336-406f-953d-fd0d34950b5d,baae83e2-c156-423c-acbc-a55468c57f84,in_transit,Local Facility,2026-05-27T09:16:47
35dc2220-bf02-4713-966c-c26daadd872b,baae83e2-c156-423c-acbc-a55468c57f84,out_for_delivery,Local Facility,2026-05-27T11:28:27
eb0a7e82-dcf8-42c2-a228-7bf5b61e0c88,baae83e2-c156-423c-acbc-a55468c57f84,delivered,Local Facility,2026-05-27T17:30:22
56d28d61-c19e-4112-9090-efc37e024061,cab7e495-5783-4e63-a400-53ab350674c1,label_created,Local Facility,2026-03-16T00:33:13
90735b65-64ac-42e5-97f3-71fde985ef09,cab7e495-5783-4e63-a400-53ab350674c1,picked_up,Regional Hub,2026-03-17T00:51:42
308dd130-b82d-4c77-a4b8-a21c50bfb834,cab7e495-5783-4e63-a400-53ab350674c1,in_transit,Regional Hub,2026-03-17T21:31:53
3daa618b-0ac2-4934-9a9d-820d45fc995f,cab7e495-5783-4e63-a400-53ab350674c1,out_for_delivery,Destination,2026-03-19T02:54:41
1ff2dfbc-2fa6-4254-b1e0-0f413f4dcd22,cab7e495-5783-4e63-a400-53ab350674c1,delivered,Local Facility,2026-03-19T13:39:06
35a2322a-2690-4c67-9cbf-8094d979c83e,e8c78ed3-12f2-482d-9dd5-3e0f686842a0,label_created,Regional Hub,2026-04-10T07:14:02
3498a335-f30c-4b0a-8647-ba43800a69f6,e8c78ed3-12f2-482d-9dd5-3e0f686842a0,picked_up,Destination,2026-04-11T05:33:38
cfaa956a-f445-41fa-a0bd-8689da75d6cf,e8c78ed3-12f2-482d-9dd5-3e0f686842a0,in_transit,Local Facility,2026-04-12T09:27:23
812ba4d0-4684-4e4e-a7ff-693ea1121465,e8c78ed3-12f2-482d-9dd5-3e0f686842a0,out_for_delivery,Origin Facility,2026-04-13T15:25:31
d941bdd3-a730-4f83-b11e-5678f3b94f86,e8c78ed3-12f2-482d-9dd5-3e0f686842a0,delivered,Destination,2026-04-14T01:23:34
a9ab050f-f68d-417b-8069-39413ce7cf29,cb0112c7-5c02-464f-98f8-29f84c85bcb8,label_created,Regional Hub,2026-03-05T07:58:45
050a532c-53c5-4f1b-a4c0-e75466a7eb69,cb0112c7-5c02-464f-98f8-29f84c85bcb8,picked_up,Local Facility,2026-03-06T01:20:00
aaa6051c-b522-472b-886b-ed78efd6636c,cb0112c7-5c02-464f-98f8-29f84c85bcb8,exception,Regional Hub,2026-03-06T02:20:00
133b1b0d-384a-43d5-8faa-0cfab02be476,c2920980-5f57-448a-9c47-60710fe08645,label_created,Regional Hub,2026-03-22T08:21:25
d418b249-ba20-4bd4-80f9-f92dbef825bf,c2920980-5f57-448a-9c47-60710fe08645,picked_up,Local Facility,2026-03-22T21:17:14
afe5a058-8cd5-45bf-b317-86fadf731cc8,c2920980-5f57-448a-9c47-60710fe08645,in_transit,Local Facility,2026-03-23T19:17:27
d41713a7-79a7-4022-8a73-1ba3e3766754,c2920980-5f57-448a-9c47-60710fe08645,out_for_delivery,Destination,2026-03-24T21:39:43
18b894a2-ed33-4859-8cc4-6a2d07e41615,c2920980-5f57-448a-9c47-60710fe08645,delivered,Destination,2026-03-28T20:13:45
6a7d6eef-2e78-49be-8bc4-ddb61067fb34,1b3104b0-9749-4d59-9448-68049b21c736,label_created,Destination,2026-03-12T20:13:07
4fe59eb3-7329-4e05-bad6-c8b3e015e60d,1b3104b0-9749-4d59-9448-68049b21c736,picked_up,Origin Facility,2026-03-13T21:53:59
86fc36f6-21c0-415b-9813-8a3e45415845,1b3104b0-9749-4d59-9448-68049b21c736,in_transit,Regional Hub,2026-03-15T01:28:21
d3faec31-df6d-40a4-9000-eed71a41640e,1b3104b0-9749-4d59-9448-68049b21c736,out_for_delivery,Local Facility,2026-03-16T04:05:03
a768ec4e-1d23-463d-8a86-e48a3febafcc,1b3104b0-9749-4d59-9448-68049b21c736,delivered,Regional Hub,2026-03-16T15:23:26
aaff55e0-7c98-42d8-ae43-c5218d7a169a,428071d4-5609-4073-8543-45376eeea57b,label_created,Regional Hub,2026-07-01T11:57:50
1ad24f40-ab1b-4e0f-82c6-2bf3508ff76d,428071d4-5609-4073-8543-45376eeea57b,picked_up,Destination,2026-07-02T07:45:43
78eab558-8ee8-4779-924d-7778c8128682,428071d4-5609-4073-8543-45376eeea57b,in_transit,Destination,2026-07-02T20:57:51
0c70cbb7-4c3b-45b3-8419-4c2cd75e3bff,428071d4-5609-4073-8543-45376eeea57b,out_for_delivery,Local Facility,2026-07-03T23:14:25
17f36d04-815c-4b18-a927-c57f54637c62,428071d4-5609-4073-8543-45376eeea57b,delivered,Destination,2026-07-05T02:10:38
af0390f4-181b-4a52-a180-cfa6c539e174,d0e27928-ebdd-4fde-a4e4-d8c8640ffc52,label_created,Origin Facility,2026-07-17T15:28:03
d2cc25e6-6b90-4a6f-85ed-8ccf0b99f724,d0e27928-ebdd-4fde-a4e4-d8c8640ffc52,picked_up,Destination,2026-07-18T09:25:33
8be0136e-ca90-483b-8fb6-bf17d946e619,d0e27928-ebdd-4fde-a4e4-d8c8640ffc52,in_transit,Regional Hub,2026-07-18T19:01:58
12228e56-5674-47b0-8794-fd0b17d0b746,d0e27928-ebdd-4fde-a4e4-d8c8640ffc52,out_for_delivery,Regional Hub,2026-07-18T22:37:27
8ab85dd6-c8d7-4109-8da5-92130a36baaf,d0e27928-ebdd-4fde-a4e4-d8c8640ffc52,delivered,Destination,2026-07-19T07:12:51
e95d89f7-4900-437c-98ff-204a12081964,0052e516-9e9a-48d9-a262-0d9a021872ca,label_created,Origin Facility,2026-07-21T06:41:09
422e8353-3314-424b-968f-7bfc0efda486,0052e516-9e9a-48d9-a262-0d9a021872ca,picked_up,Local Facility,2026-07-21T15:04:17
e6635fab-696d-4e0e-9799-d16c762e9939,0052e516-9e9a-48d9-a262-0d9a021872ca,in_transit,Local Facility,2026-07-21T17:58:47
9e0d5fac-1194-4ec7-96dd-b00ed1ec0f70,0052e516-9e9a-48d9-a262-0d9a021872ca,out_for_delivery,Local Facility,2026-07-22T05:21:20
e3053c37-2fbe-4386-891d-99a76bdd9bec,0052e516-9e9a-48d9-a262-0d9a021872ca,delivered,Destination,2026-07-22T23:30:00
22adfde0-3fa5-48a6-86e6-69de4b1d22d0,f95f40f0-a552-4809-ba14-76c8f0d4944c,label_created,Local Facility,2026-04-07T14:46:50
7e9a4a40-ff37-402f-bbc7-c61edd38a6f6,f95f40f0-a552-4809-ba14-76c8f0d4944c,picked_up,Local Facility,2026-04-08T04:49:37
d74b2815-178d-4281-a5a1-27c195d2882b,f95f40f0-a552-4809-ba14-76c8f0d4944c,in_transit,Origin Facility,2026-04-09T02:50:19
aace3176-5bc8-4698-9477-240a83733c53,f95f40f0-a552-4809-ba14-76c8f0d4944c,out_for_delivery,Origin Facility,2026-04-09T06:58:57
321fb5a5-2ca4-47db-8adb-a491a701a639,f95f40f0-a552-4809-ba14-76c8f0d4944c,delivered,Destination,2026-04-09T22:18:01
c0be6427-b070-4b4a-94f0-62fa2d3ac685,9fb74f16-1191-496f-968e-bf83fd5193e0,label_created,Regional Hub,2026-07-21T02:35:15
8ab4b8f8-9de6-404e-bb71-e48769f5dd1e,9fb74f16-1191-496f-968e-bf83fd5193e0,picked_up,Local Facility,2026-07-21T10:55:44
5012c454-3677-4534-a298-5d722354fd6a,9fb74f16-1191-496f-968e-bf83fd5193e0,in_transit,Regional Hub,2026-07-22T14:29:12
efec63ab-a887-4b72-95e8-8095a7d23413,9fb74f16-1191-496f-968e-bf83fd5193e0,out_for_delivery,Origin Facility,2026-07-22T18:09:15
e1c6f9dd-1897-437b-9508-3c4b14259aa1,9fb74f16-1191-496f-968e-bf83fd5193e0,delivered,Destination,2026-07-23T16:23:53
3216a401-3d8d-475a-8d80-f62219c07735,afd1e1fe-c094-4126-997e-ec0a57727587,label_created,Origin Facility,2026-05-13T15:09:14
7e400136-4a68-4615-a629-33fa2a888155,afd1e1fe-c094-4126-997e-ec0a57727587,picked_up,Destination,2026-05-13T23:23:25
95d718b2-2a7d-4ba2-99a4-b6d20970ad3c,afd1e1fe-c094-4126-997e-ec0a57727587,in_transit,Destination,2026-05-14T02:19:59
3ca9df6d-cb12-417d-9a56-bf751f2b6693,afd1e1fe-c094-4126-997e-ec0a57727587,exception,Regional Hub,2026-05-14T08:19:59
97e7f864-c3e3-4937-99ba-92e5b76e6f69,965b00cb-dd24-4417-af31-7a8bacc052d0,label_created,Destination,2026-03-24T20:57:12
cf2e09d0-297e-47e5-b6be-371c1fcf5591,965b00cb-dd24-4417-af31-7a8bacc052d0,picked_up,Destination,2026-03-25T03:05:38
244e0916-50d5-4544-968e-83bc2ac81cda,965b00cb-dd24-4417-af31-7a8bacc052d0,in_transit,Destination,2026-03-25T08:16:10
a74bce9b-cf83-47ee-a8f0-f2a93d27bb34,965b00cb-dd24-4417-af31-7a8bacc052d0,out_for_delivery,Destination,2026-03-26T12:44:32
de9d8d02-6bc4-4267-aafb-769a493b960a,965b00cb-dd24-4417-af31-7a8bacc052d0,delivered,Destination,2026-03-27T17:23:22
c35da446-2387-49fe-be1d-82e5225108ab,87850d22-27c7-4574-b6bb-3265f3809949,label_created,Regional Hub,2026-07-16T01:38:35
448bb6cb-5944-45d3-9d1c-36f97514742d,87850d22-27c7-4574-b6bb-3265f3809949,picked_up,Origin Facility,2026-07-16T09:05:29
6f281072-e5db-4484-af0c-78626f30f533,87850d22-27c7-4574-b6bb-3265f3809949,in_transit,Origin Facility,2026-07-17T09:39:43
bc18da95-8a8b-4249-820a-91fdc4cc7489,87850d22-27c7-4574-b6bb-3265f3809949,out_for_delivery,Regional Hub,2026-07-18T07:21:54
d3586967-0b6b-4b74-9534-49a83b976369,87850d22-27c7-4574-b6bb-3265f3809949,delivered,Local Facility,2026-07-19T12:31:33
e1867e1c-2936-495c-92c8-2499eee66ecb,20ccadd1-897d-462b-b7d7-2542278643ea,label_created,Origin Facility,2026-07-07T20:31:10
f5b6bfc2-12bd-498f-b2d7-f3603d586e3f,20ccadd1-897d-462b-b7d7-2542278643ea,picked_up,Regional Hub,2026-07-08T05:44:39
e61fe65f-3b94-4b1d-9385-0a48b56eeaf0,20ccadd1-897d-462b-b7d7-2542278643ea,in_transit,Regional Hub,2026-07-09T02:40:20
8ec4dd84-6e18-4112-8d47-3314f8bc210a,20ccadd1-897d-462b-b7d7-2542278643ea,out_for_delivery,Origin Facility,2026-07-09T09:05:38
de55d23a-c2db-4fe0-817d-f44e80fdf71e,20ccadd1-897d-462b-b7d7-2542278643ea,delivered,Origin Facility,2026-07-09T23:17:37
a10c9c6f-54a5-48b2-b7e6-27ff83b8801e,b652c7b7-d565-422d-82d1-bf61475e097b,label_created,Local Facility,2026-02-20T02:30:26
ef9e1f3e-77d1-4118-ac3b-2c4cbea5e414,b652c7b7-d565-422d-82d1-bf61475e097b,picked_up,Local Facility,2026-02-20T12:01:43
425bcb1b-a919-4959-b482-157ffc7cad91,b652c7b7-d565-422d-82d1-bf61475e097b,in_transit,Local Facility,2026-02-21T07:22:53
6cc979ec-fd84-45d4-84fc-eb3a4cab236f,b652c7b7-d565-422d-82d1-bf61475e097b,out_for_delivery,Destination,2026-02-22T02:11:07
840152b0-fa28-43a3-acaa-803c6055a9eb,b652c7b7-d565-422d-82d1-bf61475e097b,delivered,Local Facility,2026-02-22T18:11:42
82370a54-8714-459a-a5d7-fb8f086c4dbb,375b4dff-7028-4684-8350-c0b7caf69ac0,label_created,Origin Facility,2026-06-14T22:13:22
a6f91913-234b-4a01-96b9-cf84b7e7a10c,375b4dff-7028-4684-8350-c0b7caf69ac0,picked_up,Destination,2026-06-15T06:10:06
3c0105fc-e0ec-4918-b97d-5e572fc099cc,375b4dff-7028-4684-8350-c0b7caf69ac0,in_transit,Local Facility,2026-06-15T19:29:19
7c879825-a32a-4934-99a6-04db7b689635,375b4dff-7028-4684-8350-c0b7caf69ac0,out_for_delivery,Destination,2026-06-16T21:29:29
3e355b1b-9058-4edc-90bb-97c5c78765e0,375b4dff-7028-4684-8350-c0b7caf69ac0,delivered,Regional Hub,2026-06-17T18:00:56
4f0a179f-2502-483c-883f-456fed809d74,4d35a20c-aa7f-414f-b606-20679799e5a5,label_created,Origin Facility,2026-04-28T02:44:19
195e89c9-2389-469c-a5fc-edc47b951d84,4d35a20c-aa7f-414f-b606-20679799e5a5,picked_up,Local Facility,2026-04-28T20:34:25
71d68665-c80b-4c53-b2ef-46886bd39ae7,4d35a20c-aa7f-414f-b606-20679799e5a5,in_transit,Origin Facility,2026-04-29T14:38:36
fa6a662d-8b13-4913-a920-d38830041674,4d35a20c-aa7f-414f-b606-20679799e5a5,out_for_delivery,Origin Facility,2026-04-29T18:06:38
2a909b7b-9241-404c-89e4-1b9660faa230,4d35a20c-aa7f-414f-b606-20679799e5a5,delivered,Destination,2026-04-30T22:22:31
99e66e79-f0ab-463d-8d7e-56330fddfe2a,ef6afd93-b2f4-41af-b729-c5e3f066c197,label_created,Regional Hub,2026-03-29T19:35:49
fed32169-f45a-4fce-a35a-80776336082d,ef6afd93-b2f4-41af-b729-c5e3f066c197,picked_up,Origin Facility,2026-03-30T06:46:00
4a45043c-b7da-472f-b45e-3de80a94040b,ef6afd93-b2f4-41af-b729-c5e3f066c197,in_transit,Local Facility,2026-03-30T16:02:47
d58e02e9-9956-4d61-8c90-bc0ba4daf3d3,ef6afd93-b2f4-41af-b729-c5e3f066c197,out_for_delivery,Origin Facility,2026-03-31T11:47:22
8f8f97c7-de92-493d-a096-833372cf6f7a,ef6afd93-b2f4-41af-b729-c5e3f066c197,delivered,Destination,2026-04-01T04:21:57
475dd23a-2019-41bf-b3e3-c4d3ce9d301b,c2660969-d15f-410c-aec4-6d9e15c9d5f9,label_created,Origin Facility,2026-03-17T14:11:10
c14b9e23-3eea-407f-85b0-59e5fc08cd5d,c2660969-d15f-410c-aec4-6d9e15c9d5f9,picked_up,Origin Facility,2026-03-17T16:43:45
857a7e6e-2edb-4d56-ae05-55562398a817,c2660969-d15f-410c-aec4-6d9e15c9d5f9,in_transit,Origin Facility,2026-03-18T06:51:23
8d773a83-a5d3-4d2e-a202-bb4c7ae033f4,c2660969-d15f-410c-aec4-6d9e15c9d5f9,out_for_delivery,Origin Facility,2026-03-18T17:27:17
7c4c87bd-c838-4efc-b037-e29a099e2b1b,c2660969-d15f-410c-aec4-6d9e15c9d5f9,delivered,Origin Facility,2026-03-19T06:01:35
11250c91-2e46-4a00-b50c-3145e0e6061a,0cbfda0a-42b7-4158-9959-8b6fd92842a8,label_created,Origin Facility,2026-03-28T02:46:19
f1d5a5c0-f628-4448-87f0-8a894e8f0ed0,0cbfda0a-42b7-4158-9959-8b6fd92842a8,picked_up,Local Facility,2026-03-29T04:20:46
ee57c463-9636-4687-8e69-7e4cb30bc9c9,0cbfda0a-42b7-4158-9959-8b6fd92842a8,in_transit,Origin Facility,2026-03-30T03:52:22
ec42b094-6c7b-4ed7-82af-c27d33f98610,0cbfda0a-42b7-4158-9959-8b6fd92842a8,out_for_delivery,Origin Facility,2026-03-31T03:47:37
01046301-8561-4ac5-9f5e-1d6a36549f34,0cbfda0a-42b7-4158-9959-8b6fd92842a8,delivered,Regional Hub,2026-04-01T08:00:54
d7c7d440-1bfb-45e7-8c5c-789667309c38,5144c38e-9bb4-41ef-9592-bee4cc69140a,label_created,Origin Facility,2026-06-12T20:53:25
b1101e22-6967-4d9d-9e7b-7760b7f5f1f2,5144c38e-9bb4-41ef-9592-bee4cc69140a,picked_up,Destination,2026-06-13T01:38:57
7a747f2e-7231-4dab-b2d3-22b7df57acf5,5144c38e-9bb4-41ef-9592-bee4cc69140a,in_transit,Regional Hub,2026-06-13T04:46:15
9a30835e-814c-4bcb-a7a1-78fdaa41ebfd,5144c38e-9bb4-41ef-9592-bee4cc69140a,out_for_delivery,Regional Hub,2026-06-13T08:51:59
918697f8-9348-41e1-a39f-7642cbacf5e9,5144c38e-9bb4-41ef-9592-bee4cc69140a,delivered,Regional Hub,2026-06-14T02:14:37
a08012f0-cba3-446c-93c2-24c7da49b088,b9c71310-b49a-4e95-8d16-9b88e9376c81,label_created,Local Facility,2026-02-27T04:51:23
088072b6-728f-4088-9c80-03e74e8112ac,b9c71310-b49a-4e95-8d16-9b88e9376c81,picked_up,Local Facility,2026-02-27T10:39:58
ff232b64-4319-4421-b760-6fbda5995d65,b9c71310-b49a-4e95-8d16-9b88e9376c81,in_transit,Destination,2026-02-27T18:09:39
08bdb220-94c5-4dd6-bbdf-b81c01eaedc9,b9c71310-b49a-4e95-8d16-9b88e9376c81,out_for_delivery,Local Facility,2026-02-28T05:43:32
c75f3176-0314-491b-aed2-3ee44f8f2bc6,b9c71310-b49a-4e95-8d16-9b88e9376c81,exception,Regional Hub,2026-02-28T13:43:32
bbbdd355-1007-433d-ba28-2bd787dbd922,ccc505ad-45c5-49a0-b40c-79dcbc591a1c,label_created,Local Facility,2026-04-06T19:05:08
e264ff5a-e3f8-407f-9f96-469d507b4f4a,ccc505ad-45c5-49a0-b40c-79dcbc591a1c,picked_up,Local Facility,2026-04-07T11:33:50
84a35319-78ca-498b-ae52-18bc00494815,ccc505ad-45c5-49a0-b40c-79dcbc591a1c,in_transit,Regional Hub,2026-04-07T22:58:25
f0e9c0d3-e9eb-466a-ba3e-fc78698eeec1,ccc505ad-45c5-49a0-b40c-79dcbc591a1c,out_for_delivery,Origin Facility,2026-04-08T07:44:50
b3b538d5-403f-43ff-9647-00bc793bce2f,ccc505ad-45c5-49a0-b40c-79dcbc591a1c,delivered,Regional Hub,2026-04-08T11:15:16
2d7c926d-f82e-45ed-a13f-d75ca7e6fc2c,28280765-03a1-4f66-8b8a-64c0b2fa8160,label_created,Origin Facility,2026-04-07T03:11:43
8a66af63-482c-4843-86bf-fcc22efa936b,28280765-03a1-4f66-8b8a-64c0b2fa8160,picked_up,Origin Facility,2026-04-08T07:52:07
37f9b16b-b736-4a74-84e2-175dd609f80a,28280765-03a1-4f66-8b8a-64c0b2fa8160,in_transit,Local Facility,2026-04-08T22:21:55
34da1d81-8beb-4461-81fa-0e47fcc9d61b,28280765-03a1-4f66-8b8a-64c0b2fa8160,out_for_delivery,Origin Facility,2026-04-09T00:57:14
7cc4a1da-6b88-4830-aa68-7aabd3223d18,28280765-03a1-4f66-8b8a-64c0b2fa8160,delivered,Origin Facility,2026-04-10T05:11:26
be66b356-3b68-4773-a759-a9ef3633080d,c6155a0e-1e90-48f8-97fd-179009a78f2e,label_created,Regional Hub,2026-05-13T23:13:20
66c78350-1cea-4835-b615-1a305d63b6ce,c6155a0e-1e90-48f8-97fd-179009a78f2e,picked_up,Origin Facility,2026-05-14T12:44:08
117666b3-86d3-4485-bffe-5d8a5e1d5025,c6155a0e-1e90-48f8-97fd-179009a78f2e,in_transit,Origin Facility,2026-05-15T07:34:43
1c62decc-c222-4a5a-bb34-0e8a27e782bb,c6155a0e-1e90-48f8-97fd-179009a78f2e,out_for_delivery,Local Facility,2026-05-15T16:48:23
d3def989-87a8-4f9e-ae9b-804e4ad07b80,c6155a0e-1e90-48f8-97fd-179009a78f2e,delivered,Destination,2026-05-16T13:45:57
28212863-4ed4-48d9-a101-262e66ed0160,3a1cf27a-c8e0-4437-919d-09dc52689002,label_created,Destination,2026-07-12T02:08:05
56070efe-a3ca-40c4-a827-28bed04c69c2,3a1cf27a-c8e0-4437-919d-09dc52689002,picked_up,Local Facility,2026-07-12T12:08:54
e6c010dc-0a15-4347-be21-6de9f0450b8b,3a1cf27a-c8e0-4437-919d-09dc52689002,in_transit,Regional Hub,2026-07-13T15:06:12
0b150140-216e-4834-97b2-8a60ac1c2b94,3a1cf27a-c8e0-4437-919d-09dc52689002,out_for_delivery,Destination,2026-07-14T17:13:15
c72fb95a-b4cd-4bc2-9ba6-3048df5e6436,3a1cf27a-c8e0-4437-919d-09dc52689002,delivered,Regional Hub,2026-07-14T20:33:49
e9da1a1a-6f8c-4b75-ba94-615767e94b93,36286750-aace-4c7c-882a-28552a20d5c6,label_created,Local Facility,2026-04-03T05:34:33
22b474ce-2800-4872-b55f-5b1d321aacf3,36286750-aace-4c7c-882a-28552a20d5c6,picked_up,Local Facility,2026-04-03T21:32:13
9207e5bc-839a-481a-9927-181d8ec42f4e,36286750-aace-4c7c-882a-28552a20d5c6,in_transit,Regional Hub,2026-04-04T04:07:13
29b14a52-a168-4ebc-81ca-3609b002acb4,36286750-aace-4c7c-882a-28552a20d5c6,out_for_delivery,Destination,2026-04-05T09:58:17
744a75ab-189c-49e0-b04f-ceba4659264d,36286750-aace-4c7c-882a-28552a20d5c6,delivered,Origin Facility,2026-04-05T14:44:54
3c5369bd-09cc-4d08-b9e6-17d034eea4b9,1750ec7e-9ee3-4b46-a899-37fb85a5ba83,label_created,Local Facility,2026-05-02T19:19:21
7962aa0b-2211-4eef-b2b5-55c4d448246f,1750ec7e-9ee3-4b46-a899-37fb85a5ba83,picked_up,Local Facility,2026-05-03T00:07:48
04ef8e50-1d17-491a-a0ad-3128841d2ce9,1750ec7e-9ee3-4b46-a899-37fb85a5ba83,in_transit,Origin Facility,2026-05-03T05:38:57
365a3e7b-c661-4f70-ab49-95e449aa091e,1750ec7e-9ee3-4b46-a899-37fb85a5ba83,out_for_delivery,Local Facility,2026-05-03T08:57:53
f76740ff-ee05-476d-b6e1-3dcf8bf8bf4c,1750ec7e-9ee3-4b46-a899-37fb85a5ba83,delivered,Destination,2026-05-04T04:33:52
adbbfb43-3a5d-44d5-a2ba-8d219911f503,22c48206-324b-448f-b5e6-cb2f6869ea33,label_created,Local Facility,2026-04-03T20:44:42
1b807b17-a268-4f90-9be6-1b693afe1898,22c48206-324b-448f-b5e6-cb2f6869ea33,picked_up,Local Facility,2026-04-05T00:45:03
8e387725-16d3-4195-a090-bd9389a5aa34,22c48206-324b-448f-b5e6-cb2f6869ea33,in_transit,Origin Facility,2026-04-06T03:32:40
8d2e87fb-9cea-466b-aaa9-304accc8ca24,22c48206-324b-448f-b5e6-cb2f6869ea33,out_for_delivery,Regional Hub,2026-04-07T08:36:28
2fab3df7-17f9-4d4d-87a3-2451770d2787,22c48206-324b-448f-b5e6-cb2f6869ea33,delivered,Origin Facility,2026-04-07T17:30:35
6683e917-426c-4d74-88e7-58145a66907b,2d5ea933-e98e-4b91-9348-5969d11346b3,label_created,Origin Facility,2026-08-12T06:54:06
80472db0-d3dd-4a48-940d-6394cae60cbe,2d5ea933-e98e-4b91-9348-5969d11346b3,picked_up,Local Facility,2026-08-12T12:04:04
8923c341-fec2-49c0-8ed6-bf9d0743e8e5,2d5ea933-e98e-4b91-9348-5969d11346b3,in_transit,Origin Facility,2026-08-12T21:36:00
c7234623-13df-4cc8-8b43-e9e0f5f0508b,2d5ea933-e98e-4b91-9348-5969d11346b3,out_for_delivery,Destination,2026-08-13T07:30:06
68c30ec6-dedf-4fc7-b5b6-8bf2b316fc11,2d5ea933-e98e-4b91-9348-5969d11346b3,delivered,Origin Facility,2026-08-14T03:57:59
e9ad5f58-a27c-4d99-ba2b-bb69d17f68c9,8a3f5b80-0e75-40b8-92a6-2e20f22dc1ba,label_created,Origin Facility,2026-07-22T01:21:49
6f9ab2ab-b0b9-4b01-aa24-4aceb543e2fd,8a3f5b80-0e75-40b8-92a6-2e20f22dc1ba,picked_up,Origin Facility,2026-07-22T19:20:39
2448eefd-a135-4e4b-8efe-e8e2d9dab7fd,8a3f5b80-0e75-40b8-92a6-2e20f22dc1ba,in_transit,Local Facility,2026-07-23T23:19:15
8cd22aa4-ba67-4fe6-a2ff-aee470e80d97,8a3f5b80-0e75-40b8-92a6-2e20f22dc1ba,out_for_delivery,Destination,2026-07-24T08:41:35
b1957b8c-7821-4b15-a6e8-969891edc917,8a3f5b80-0e75-40b8-92a6-2e20f22dc1ba,delivered,Destination,2026-07-25T01:18:06
f642e2f4-a668-4709-9a3d-de5e12fdf773,4b3f8056-f5cc-4043-8ba9-134d265dff94,label_created,Origin Facility,2026-07-20T15:22:59
12bc9705-1d25-41df-8cf5-cd1016c54e98,4b3f8056-f5cc-4043-8ba9-134d265dff94,picked_up,Origin Facility,2026-07-20T23:58:13
d6a8d4c8-ace8-4dc2-8f54-0560037bd728,4b3f8056-f5cc-4043-8ba9-134d265dff94,in_transit,Regional Hub,2026-07-21T11:15:28
852081e3-dad7-46b2-ad18-d982fe12f56a,4b3f8056-f5cc-4043-8ba9-134d265dff94,out_for_delivery,Regional Hub,2026-07-22T07:50:48
5a692ed9-cf59-4f7f-a54b-c466c6d65dd2,4b3f8056-f5cc-4043-8ba9-134d265dff94,delivered,Local Facility,2026-07-22T20:33:17
97fb1368-0756-4af4-be04-29a423ecbc4d,efbdfc45-aef5-405e-a5e8-a03a8b61e819,label_created,Regional Hub,2026-05-30T03:43:21
ebe826f9-9f9c-49bd-9b10-a14fb7fdcfcf,efbdfc45-aef5-405e-a5e8-a03a8b61e819,picked_up,Local Facility,2026-05-31T01:14:06
e8a971fd-f645-4104-ab0d-6f425ffb79e2,efbdfc45-aef5-405e-a5e8-a03a8b61e819,in_transit,Origin Facility,2026-05-31T05:44:24
ce7f7aca-e507-48d5-b5ef-3c1bd3862c96,efbdfc45-aef5-405e-a5e8-a03a8b61e819,out_for_delivery,Destination,2026-05-31T20:21:25
1d3ffbf9-0039-45ce-ab56-5b0e2f1b6edb,efbdfc45-aef5-405e-a5e8-a03a8b61e819,delivered,Local Facility,2026-06-02T11:07:45
f8fa7178-1da3-41f6-870b-6eb6ba52bc1c,47777a8c-1570-4925-8481-25642f086e04,label_created,Destination,2026-04-24T04:56:16
d56e256d-045d-461b-a6f9-e594d41c8088,47777a8c-1570-4925-8481-25642f086e04,picked_up,Destination,2026-04-24T08:41:09
d53adc33-969b-4f26-80d5-f92e3a3b4d8d,47777a8c-1570-4925-8481-25642f086e04,in_transit,Origin Facility,2026-04-24T14:27:52
e4c11743-fe6c-41ef-b371-4e030b0a153d,47777a8c-1570-4925-8481-25642f086e04,out_for_delivery,Local Facility,2026-04-24T18:11:54
73ca7316-7a37-48c7-82cc-215f3f829db4,47777a8c-1570-4925-8481-25642f086e04,delivered,Regional Hub,2026-04-25T17:39:31
b0653a45-599c-4ad3-9bfc-d2950bde1907,698b4920-8d2a-4d6a-9600-58294dfc3065,label_created,Origin Facility,2026-05-26T14:25:05
5fb96a1b-64bd-4301-b24e-041681418a95,698b4920-8d2a-4d6a-9600-58294dfc3065,picked_up,Destination,2026-05-27T01:51:51
5dcbd45a-09e0-4acc-bd74-24baed1f0d3c,698b4920-8d2a-4d6a-9600-58294dfc3065,in_transit,Local Facility,2026-05-27T14:21:38
7baf8d20-5155-4686-9f41-a16c749ff2a4,698b4920-8d2a-4d6a-9600-58294dfc3065,out_for_delivery,Local Facility,2026-05-27T17:30:18
acc7a19c-8a3f-49f7-9800-4bbf2e801328,698b4920-8d2a-4d6a-9600-58294dfc3065,delivered,Origin Facility,2026-05-30T03:32:15
763165ab-f628-492b-b194-aac6043a612e,1dd281af-db60-41e3-adae-f78bc0fd9b29,label_created,Local Facility,2026-07-03T06:50:35
89aba0c2-8529-423f-86a0-75c1314d34a6,1dd281af-db60-41e3-adae-f78bc0fd9b29,picked_up,Local Facility,2026-07-03T14:22:10
8a65caeb-da28-4687-80ae-31e3d22100cc,1dd281af-db60-41e3-adae-f78bc0fd9b29,in_transit,Local Facility,2026-07-04T00:13:34
a9d7be1c-354c-402d-a62a-82fe28953547,1dd281af-db60-41e3-adae-f78bc0fd9b29,out_for_delivery,Origin Facility,2026-07-04T19:19:20
f8a8ba14-9eeb-424c-8eca-772026549bb9,1dd281af-db60-41e3-adae-f78bc0fd9b29,delivered,Destination,2026-07-05T13:42:40
aa8b6932-1923-4f54-9041-7f70dbb2cb6b,a6b40d25-911d-4a27-a052-b4abcb546248,label_created,Destination,2026-07-17T04:01:27
ca219518-1ff7-46cd-9a0a-10b9269610a6,a6b40d25-911d-4a27-a052-b4abcb546248,picked_up,Local Facility,2026-07-18T05:42:47
a81eda86-f966-4a18-8bcd-25549ea48b85,a6b40d25-911d-4a27-a052-b4abcb546248,in_transit,Regional Hub,2026-07-19T02:54:59
6bf31d68-ba81-4e4a-bffb-0ade42cd8256,a6b40d25-911d-4a27-a052-b4abcb546248,out_for_delivery,Origin Facility,2026-07-19T21:54:30
d3e6b004-c45e-42e3-b002-97c386d8c556,a6b40d25-911d-4a27-a052-b4abcb546248,delivered,Local Facility,2026-07-20T08:11:14
05ea2d12-e439-4678-9c5d-a39ada7c4425,6d4b4698-20ad-4c26-b988-c4d3c777a0e5,label_created,Destination,2026-04-09T23:30:26
969b736a-8a26-4811-8712-9e16d5ad2b55,6d4b4698-20ad-4c26-b988-c4d3c777a0e5,picked_up,Regional Hub,2026-04-10T14:05:54
ba4d75c0-bd13-489d-afa7-837850e36949,6d4b4698-20ad-4c26-b988-c4d3c777a0e5,in_transit,Destination,2026-04-11T09:02:20
e922ef34-d59e-4322-a59d-d37b07201888,6d4b4698-20ad-4c26-b988-c4d3c777a0e5,out_for_delivery,Origin Facility,2026-04-12T04:39:26
a697dfec-a331-4b27-9c08-85a24dde8486,6d4b4698-20ad-4c26-b988-c4d3c777a0e5,delivered,Origin Facility,2026-04-12T21:38:57
3a9aa2a6-8679-4cd1-a24b-45ab46b0cdd1,9cae5e83-f940-4403-9105-1700c5090a6c,label_created,Local Facility,2026-02-22T06:10:15
bfbb8c73-b4d2-4fbc-a6d1-83f66ce938a3,9cae5e83-f940-4403-9105-1700c5090a6c,picked_up,Local Facility,2026-02-23T09:46:08
9505d814-cbfb-426f-9443-bbf705ab82ca,9cae5e83-f940-4403-9105-1700c5090a6c,in_transit,Local Facility,2026-02-23T21:02:59
0233c288-0e68-41ab-b7dd-c56178ec1ded,9cae5e83-f940-4403-9105-1700c5090a6c,out_for_delivery,Origin Facility,2026-02-24T18:45:34
3b8c60c9-a0f1-4c88-9904-616295f06164,9cae5e83-f940-4403-9105-1700c5090a6c,delivered,Origin Facility,2026-02-25T15:58:24
857c8f01-411c-4fdf-bca3-b020a79a705c,37607e53-d772-4bbb-86e5-0120c7509fed,label_created,Destination,2026-07-14T13:42:32
8d6bbb23-d53d-4cd8-8156-8e339847e212,37607e53-d772-4bbb-86e5-0120c7509fed,picked_up,Destination,2026-07-15T12:06:54
ec7d0f80-844c-4516-8a3e-900d7f8b584c,37607e53-d772-4bbb-86e5-0120c7509fed,in_transit,Origin Facility,2026-07-15T18:52:00
31e01362-a92e-4571-8144-145cfb5848d4,37607e53-d772-4bbb-86e5-0120c7509fed,out_for_delivery,Origin Facility,2026-07-16T15:25:01
df0ad08e-69c6-4bc3-83c6-3fe5d49dacdf,37607e53-d772-4bbb-86e5-0120c7509fed,delivered,Local Facility,2026-07-17T13:15:59
0460bb18-ddc7-442b-9214-5f233da5c5df,e1eddeaa-beb7-42cd-9502-d448b3940b71,label_created,Regional Hub,2026-06-17T13:41:08
aab45088-f975-4f84-99ef-ff314c16cbd5,e1eddeaa-beb7-42cd-9502-d448b3940b71,picked_up,Origin Facility,2026-06-18T16:40:31
2386f54e-96ef-4faf-b90e-d2249618e712,e1eddeaa-beb7-42cd-9502-d448b3940b71,in_transit,Destination,2026-06-19T20:11:59
4b5c8b75-1e74-4e78-b798-1ae21ceb0679,e1eddeaa-beb7-42cd-9502-d448b3940b71,out_for_delivery,Destination,2026-06-20T21:27:24
4aff0aa7-674a-4e23-80aa-2d4cf080ad50,e1eddeaa-beb7-42cd-9502-d448b3940b71,delivered,Regional Hub,2026-06-21T09:08:40
7820168d-143e-491c-9d32-c0ae7282d863,359b74ee-e538-4d07-9a9b-71bab36b6711,label_created,Regional Hub,2026-04-04T18:34:26
36a9120d-99ce-4802-81e3-05dbb1a161d8,359b74ee-e538-4d07-9a9b-71bab36b6711,picked_up,Regional Hub,2026-04-05T12:01:04
2f2a5328-eeb7-45b9-a846-0c4998d39aaf,359b74ee-e538-4d07-9a9b-71bab36b6711,in_transit,Regional Hub,2026-04-06T10:08:27
9fd28d63-0f25-47c0-934e-81e8c14731a7,359b74ee-e538-4d07-9a9b-71bab36b6711,out_for_delivery,Local Facility,2026-04-06T15:08:39
cf5532e2-0f01-40bd-ad40-496968b068c3,359b74ee-e538-4d07-9a9b-71bab36b6711,delivered,Local Facility,2026-04-06T20:47:42
b860044c-9cd8-4b32-95ea-71d2c5c9a9c8,37d86815-2e24-460c-a000-538b36997f86,label_created,Destination,2026-03-30T02:39:36
c254d2c2-24f3-4694-b7b3-360861b6b16e,37d86815-2e24-460c-a000-538b36997f86,picked_up,Local Facility,2026-03-31T01:05:04
690a999d-8fb7-4bf3-9192-84b818dc095e,37d86815-2e24-460c-a000-538b36997f86,in_transit,Regional Hub,2026-03-31T23:19:47
33302cac-c704-4ae4-a112-4d391e42ea22,37d86815-2e24-460c-a000-538b36997f86,out_for_delivery,Destination,2026-04-01T16:00:06
32e05069-0ba3-4d11-846f-f2655c1e9c54,37d86815-2e24-460c-a000-538b36997f86,delivered,Origin Facility,2026-04-04T17:05:45
806d752e-b680-49a8-99a8-eec35cca167e,5a5220f6-7463-4dd7-ae22-370df1db7a78,label_created,Local Facility,2026-07-01T08:00:32
0364b968-1617-49d9-ae47-7c2951d915b2,5a5220f6-7463-4dd7-ae22-370df1db7a78,picked_up,Origin Facility,2026-07-01T15:13:05
f697ee68-5a35-4cb0-9c11-c108daf12d95,5a5220f6-7463-4dd7-ae22-370df1db7a78,in_transit,Local Facility,2026-07-02T11:19:19
3f220cad-8bd5-441f-9ef2-1edae7792dee,5a5220f6-7463-4dd7-ae22-370df1db7a78,out_for_delivery,Origin Facility,2026-07-03T16:46:28
c4db8a63-9a74-4044-9cf8-93a996a874ef,5a5220f6-7463-4dd7-ae22-370df1db7a78,delivered,Local Facility,2026-07-04T01:21:29
5d80148f-b3ac-4a0f-855c-8bdfaeac5b04,c6c5ac16-7a7f-4580-9c63-083ed4d98c31,label_created,Destination,2026-05-01T05:53:38
9e98fa0f-646f-4983-8dd9-f175439b69c7,c6c5ac16-7a7f-4580-9c63-083ed4d98c31,picked_up,Origin Facility,2026-05-02T04:51:36
35ceaa94-a1c0-40e1-9d67-c295afb97a50,c6c5ac16-7a7f-4580-9c63-083ed4d98c31,in_transit,Destination,2026-05-03T10:31:58
d1d2aca9-5819-431f-8b24-86d24a43106d,c6c5ac16-7a7f-4580-9c63-083ed4d98c31,out_for_delivery,Destination,2026-05-04T13:03:43
11d3899c-dd80-4013-b133-15eaac286858,c6c5ac16-7a7f-4580-9c63-083ed4d98c31,delivered,Regional Hub,2026-05-05T05:41:38
9fb49f4e-fb98-4f4e-aa06-d4af302f383a,067f6834-00a7-4595-b383-5518f375813b,label_created,Destination,2026-07-18T05:39:37
ba117e94-7b56-43a5-a7e9-b89665144485,067f6834-00a7-4595-b383-5518f375813b,picked_up,Regional Hub,2026-07-18T09:21:22
4f328580-9518-4986-800f-169b81ee2f6b,067f6834-00a7-4595-b383-5518f375813b,in_transit,Destination,2026-07-19T07:32:52
cd8e607b-9289-496e-8ff8-5251c7bdd183,067f6834-00a7-4595-b383-5518f375813b,out_for_delivery,Destination,2026-07-19T11:33:33
166353ea-7b63-4707-80e2-54fad6d39910,067f6834-00a7-4595-b383-5518f375813b,delivered,Destination,2026-07-20T03:36:49
e1676435-8d5b-4fb0-86ba-b1a6accdca2f,cffa6c3c-229a-4d00-8ccb-5fe268e2af5d,label_created,Local Facility,2026-06-12T13:04:08
dcfb53c2-c8a1-415f-b929-a295f600be29,cffa6c3c-229a-4d00-8ccb-5fe268e2af5d,picked_up,Regional Hub,2026-06-13T03:28:28
16112721-f1d4-46ae-be80-ccb75ff51d5b,cffa6c3c-229a-4d00-8ccb-5fe268e2af5d,in_transit,Local Facility,2026-06-13T19:20:24
abea805a-bbc0-41c3-a481-120ef199fef9,cffa6c3c-229a-4d00-8ccb-5fe268e2af5d,out_for_delivery,Regional Hub,2026-06-14T12:27:05
77b870c7-aae1-4834-b699-ab4c87d2178c,cffa6c3c-229a-4d00-8ccb-5fe268e2af5d,delivered,Destination,2026-06-15T05:45:17
4155b95a-fa93-4980-9d13-f74a9dcfe8aa,1819bdc2-425a-4187-a8fa-bb4ef07058df,label_created,Local Facility,2026-03-16T10:54:25
9c9079a2-d80e-4c33-bf2c-a8de236dcabc,1819bdc2-425a-4187-a8fa-bb4ef07058df,picked_up,Regional Hub,2026-03-16T16:50:23
1d809a61-ac45-4326-a4de-d6308406320a,1819bdc2-425a-4187-a8fa-bb4ef07058df,in_transit,Local Facility,2026-03-16T19:22:54
fea629dd-2ff9-4562-aa69-98134ad4300c,1819bdc2-425a-4187-a8fa-bb4ef07058df,out_for_delivery,Destination,2026-03-17T20:23:48
5a0b92e4-558f-46d5-b175-2902bd381184,1819bdc2-425a-4187-a8fa-bb4ef07058df,delivered,Destination,2026-03-19T01:46:13
39f23907-1d5e-48a4-a46b-eb8f3a675e3d,aecada3e-04db-4138-ba95-57bd1ae1719c,label_created,Regional Hub,2026-04-22T19:35:29
302c48ac-2c51-4730-944f-5ffa27d80370,aecada3e-04db-4138-ba95-57bd1ae1719c,picked_up,Destination,2026-04-23T09:02:41
eaaea59f-b335-4b55-ace0-e09e77c38d42,aecada3e-04db-4138-ba95-57bd1ae1719c,in_transit,Regional Hub,2026-04-24T11:01:45
8ba2edcb-e577-4fd6-99e3-945509dc460e,aecada3e-04db-4138-ba95-57bd1ae1719c,out_for_delivery,Destination,2026-04-24T21:57:19
6648722d-fdaa-4e16-ba6d-e89b019b5449,aecada3e-04db-4138-ba95-57bd1ae1719c,delivered,Local Facility,2026-04-27T10:37:01
a0660a42-874a-429b-8729-f879a8454215,aa084e32-0e65-46ec-8320-8b3ec7f5444c,label_created,Local Facility,2026-05-08T14:05:05
64d5788c-a0b2-4c8a-b299-1307d6381944,aa084e32-0e65-46ec-8320-8b3ec7f5444c,picked_up,Origin Facility,2026-05-09T14:33:28
a0606450-0041-49ab-8823-a6f0f14b0c3a,aa084e32-0e65-46ec-8320-8b3ec7f5444c,in_transit,Origin Facility,2026-05-10T16:33:53
5c9877bd-e43f-46f3-9196-7dbb8b46b670,aa084e32-0e65-46ec-8320-8b3ec7f5444c,out_for_delivery,Local Facility,2026-05-11T02:43:50
c87daab8-7677-4fc3-b8cc-073dac5f40c9,aa084e32-0e65-46ec-8320-8b3ec7f5444c,delivered,Local Facility,2026-05-11T22:59:38
3f2cced0-10ea-45c6-83fc-723eae34fec7,ef0a2d50-5e37-4c0f-8de9-893ed889ec63,label_created,Destination,2026-02-21T13:37:45
a1cfe830-60c6-4a11-9fe0-dac9e55c75f9,ef0a2d50-5e37-4c0f-8de9-893ed889ec63,picked_up,Origin Facility,2026-02-21T19:23:50
41f75fac-ddb0-4a76-9400-2eec427667c3,ef0a2d50-5e37-4c0f-8de9-893ed889ec63,in_transit,Regional Hub,2026-02-22T17:51:46
858f392f-356d-4b37-ba2e-526bfbfc446b,ef0a2d50-5e37-4c0f-8de9-893ed889ec63,out_for_delivery,Regional Hub,2026-02-23T12:50:16
524ab4a3-2407-4579-ad73-879c017bd612,ef0a2d50-5e37-4c0f-8de9-893ed889ec63,delivered,Origin Facility,2026-02-24T12:56:07
c054bbb1-7e6c-44b7-be8d-17fb5fc02469,d8a6b26f-bd17-4008-816b-807409ef166d,label_created,Regional Hub,2026-08-11T06:07:39
f953029f-fc98-4b16-986a-fa26bface9e8,d8a6b26f-bd17-4008-816b-807409ef166d,picked_up,Regional Hub,2026-08-11T20:34:00
1428a471-c51f-4d6b-8f0d-0787b984fe69,d8a6b26f-bd17-4008-816b-807409ef166d,in_transit,Regional Hub,2026-08-12T22:43:22
44f069ac-0372-4f1b-958a-d67fd52bf3db,d8a6b26f-bd17-4008-816b-807409ef166d,out_for_delivery,Destination,2026-08-13T19:16:09
b5d4d6e2-921b-4c17-bb20-e28fd123216e,d8a6b26f-bd17-4008-816b-807409ef166d,delivered,Destination,2026-08-17T06:12:41
4b89a450-aecf-4b0e-b695-d3a2c6e72f6d,c62c5b04-cfc1-4738-9ef6-1710d6d7eec9,label_created,Destination,2026-06-29T05:44:41
d95c7e8f-b71e-4d3a-bd83-0efa3f045d96,c62c5b04-cfc1-4738-9ef6-1710d6d7eec9,picked_up,Local Facility,2026-06-29T13:41:29
713eede6-1e4b-4de0-a787-7c662d297b77,c62c5b04-cfc1-4738-9ef6-1710d6d7eec9,in_transit,Origin Facility,2026-06-30T06:40:11
cb3a7dac-b9ed-4dc9-a0b7-865e2fda8cde,c62c5b04-cfc1-4738-9ef6-1710d6d7eec9,out_for_delivery,Regional Hub,2026-06-30T17:41:16
a2498a55-5d5f-4af3-b14a-f028fb0ad878,c62c5b04-cfc1-4738-9ef6-1710d6d7eec9,delivered,Local Facility,2026-06-30T23:34:03
2fcfebaa-1759-4e06-b063-999abfb59c98,5001bc11-e7f9-4674-bbda-f8bbc80d4d5d,label_created,Destination,2026-05-25T23:17:01
78a94dff-ced7-4eda-8d31-3d15eb5d5edf,5001bc11-e7f9-4674-bbda-f8bbc80d4d5d,picked_up,Origin Facility,2026-05-27T01:48:19
25046631-8b62-41d3-8b59-58409725337e,5001bc11-e7f9-4674-bbda-f8bbc80d4d5d,in_transit,Destination,2026-05-27T03:59:23
c957afaa-cf0d-4c56-a188-e106e7d4124c,5001bc11-e7f9-4674-bbda-f8bbc80d4d5d,out_for_delivery,Origin Facility,2026-05-27T06:08:17
dd342bbe-e030-47b2-8907-2fa047ef9fdb,5001bc11-e7f9-4674-bbda-f8bbc80d4d5d,delivered,Regional Hub,2026-05-27T17:39:51
cbeab26f-3d65-4f8b-b23b-5eaee781fa91,634e556a-5549-4a75-9d09-445fbe3fc0e9,label_created,Origin Facility,2026-07-17T05:24:30
6b5199ff-bf32-45ee-bc43-448e31ef0ac0,634e556a-5549-4a75-9d09-445fbe3fc0e9,picked_up,Regional Hub,2026-07-18T08:11:18
916a65d9-969b-46bf-b00e-9c13f4d90f24,634e556a-5549-4a75-9d09-445fbe3fc0e9,in_transit,Regional Hub,2026-07-18T23:33:44
b9d8ddaa-8c60-4e89-a06a-911ffc1334c7,634e556a-5549-4a75-9d09-445fbe3fc0e9,exception,Regional Hub,2026-07-19T03:33:44
afcd4387-1cb9-4a3f-af50-750250ae2324,8cdcabff-a074-4ef0-9006-a54690f192ff,label_created,Origin Facility,2026-06-06T17:08:15
8f02f852-2758-4af9-bd97-46a5cf832023,8cdcabff-a074-4ef0-9006-a54690f192ff,picked_up,Local Facility,2026-06-07T01:22:14
144a4587-ba60-497c-bcc4-e32f81b24c85,8cdcabff-a074-4ef0-9006-a54690f192ff,in_transit,Local Facility,2026-06-08T05:34:07
9655d8d4-2c7b-4af6-aef7-28f760a0d8d1,8cdcabff-a074-4ef0-9006-a54690f192ff,out_for_delivery,Destination,2026-06-09T02:29:05
6a2f044a-d136-438b-a3cb-87abc866adb3,8cdcabff-a074-4ef0-9006-a54690f192ff,delivered,Origin Facility,2026-06-10T07:55:22
bfd65671-0805-4d91-ae2c-50af4c40aadd,589a3b55-5c94-4a31-a529-44fe48a86074,label_created,Destination,2026-03-21T10:57:06
8a5dc115-d981-451b-a95f-5c9ac1e9ee81,589a3b55-5c94-4a31-a529-44fe48a86074,picked_up,Regional Hub,2026-03-22T03:08:27
9fc71810-c42a-4c86-8097-296c8d015e8d,589a3b55-5c94-4a31-a529-44fe48a86074,in_transit,Local Facility,2026-03-22T14:53:53
7d11cc34-8bd9-4cee-b414-db2993d58137,589a3b55-5c94-4a31-a529-44fe48a86074,out_for_delivery,Regional Hub,2026-03-22T21:40:53
7841db45-f495-4621-b4ae-371371f6eb7d,589a3b55-5c94-4a31-a529-44fe48a86074,delivered,Regional Hub,2026-03-23T21:14:28
1b048aae-a74f-441e-a3ee-6704f075d430,f5df48aa-274b-42eb-a7ec-870cc98819bb,label_created,Local Facility,2026-04-16T11:41:48
0fb5c59d-3bf7-4d46-947d-2db41ac6794c,f5df48aa-274b-42eb-a7ec-870cc98819bb,picked_up,Regional Hub,2026-04-17T00:52:20
ebea82ad-e457-4e67-a9b1-3dd2cedaa8fa,f5df48aa-274b-42eb-a7ec-870cc98819bb,in_transit,Local Facility,2026-04-17T06:39:02
d4b9c9df-4a19-458b-82ac-f5ec4c467ce8,f5df48aa-274b-42eb-a7ec-870cc98819bb,out_for_delivery,Local Facility,2026-04-17T18:51:17
7a9211b7-f1d6-4188-84ee-eff3e3bc7b1f,f5df48aa-274b-42eb-a7ec-870cc98819bb,delivered,Regional Hub,2026-04-18T08:56:32
f9425e92-9c46-42ac-9f1a-475f8829d611,d2ae935d-b46c-41f5-b98d-7996a4c5acf0,label_created,Local Facility,2026-06-03T13:46:55
a4b378ba-cbe3-4000-a9c5-a73f60a5c79e,d2ae935d-b46c-41f5-b98d-7996a4c5acf0,picked_up,Local Facility,2026-06-04T16:39:14
d5b006c4-77c7-498a-8248-f077ecda0f2e,d2ae935d-b46c-41f5-b98d-7996a4c5acf0,in_transit,Destination,2026-06-04T19:13:06
9fda0a6c-2245-437a-9faa-14fa98fd4d39,d2ae935d-b46c-41f5-b98d-7996a4c5acf0,out_for_delivery,Local Facility,2026-06-06T00:17:19
fe46c061-af0a-450b-aef4-607204eb5478,d2ae935d-b46c-41f5-b98d-7996a4c5acf0,delivered,Regional Hub,2026-06-06T05:37:16
7868322f-af9e-4e38-820c-d0e0153ca762,68cc2a72-7d6f-4658-b919-7a2c2fb998ab,label_created,Destination,2026-03-05T08:14:51
91583331-b637-439a-b5b8-e0f179343f41,68cc2a72-7d6f-4658-b919-7a2c2fb998ab,picked_up,Destination,2026-03-06T00:45:55
2bdc0551-ae87-4dec-87d0-ebe41d0728d7,68cc2a72-7d6f-4658-b919-7a2c2fb998ab,in_transit,Destination,2026-03-06T11:42:21
63f6b84d-6677-4e48-8a67-af1d374b6833,68cc2a72-7d6f-4658-b919-7a2c2fb998ab,out_for_delivery,Origin Facility,2026-03-06T19:07:42
d7ef032a-ed30-4815-a158-6a08a6294e9f,68cc2a72-7d6f-4658-b919-7a2c2fb998ab,delivered,Origin Facility,2026-03-07T04:05:09
9e5740cc-163e-40ec-a009-c13735d2f929,c87ad493-c63a-4e65-bab5-6372750925f7,label_created,Destination,2026-06-23T14:34:35
21b6286b-d873-4afa-9fd8-fce47e6e45cf,c87ad493-c63a-4e65-bab5-6372750925f7,picked_up,Destination,2026-06-24T06:55:28
53b3b5ca-34ad-474a-9e8b-217747be2210,c87ad493-c63a-4e65-bab5-6372750925f7,in_transit,Origin Facility,2026-06-24T09:39:44
e459ae13-3a44-45bb-a002-a5a9c3a0657d,c87ad493-c63a-4e65-bab5-6372750925f7,out_for_delivery,Regional Hub,2026-06-24T17:50:24
3918190b-7576-496c-947e-a2d45728085b,c87ad493-c63a-4e65-bab5-6372750925f7,delivered,Local Facility,2026-06-28T17:06:17
a5495116-f335-41b3-9f8f-e9a541e8d9ff,991b5081-805b-42bc-b25c-626aa2f613e6,label_created,Local Facility,2026-05-18T17:35:10
b7fee309-b56f-4a64-923a-15de4ca4b1bc,991b5081-805b-42bc-b25c-626aa2f613e6,picked_up,Origin Facility,2026-05-19T08:33:00
bf5c251b-99fb-4596-a4fa-af982e475917,991b5081-805b-42bc-b25c-626aa2f613e6,in_transit,Local Facility,2026-05-20T10:42:50
7697e3b5-ab14-4726-ab78-8720f386faec,991b5081-805b-42bc-b25c-626aa2f613e6,out_for_delivery,Regional Hub,2026-05-21T10:07:43
8ece7753-df22-4be2-a224-1df6cc6eaf0b,991b5081-805b-42bc-b25c-626aa2f613e6,delivered,Destination,2026-05-22T14:40:14
35d3f0ba-775d-4a45-aea6-2b5132f3cb94,7eb53270-c03d-4960-94b8-53f595a3c672,label_created,Regional Hub,2026-04-27T08:01:37
88761b5f-7f76-4fe4-ace3-f9859c34a174,7eb53270-c03d-4960-94b8-53f595a3c672,picked_up,Destination,2026-04-28T09:32:48
35b9c050-5cc3-46b5-ac0c-3890d263841d,7eb53270-c03d-4960-94b8-53f595a3c672,in_transit,Destination,2026-04-29T01:39:37
bd3f041b-42c4-49dc-92be-80b298f71ba2,7eb53270-c03d-4960-94b8-53f595a3c672,out_for_delivery,Regional Hub,2026-04-29T11:49:22
330f515d-5a50-481f-a705-818e53670e2c,7eb53270-c03d-4960-94b8-53f595a3c672,delivered,Regional Hub,2026-04-30T07:44:00
df354058-7f90-4b6d-a27d-63beaac3eb72,418586fb-0b8c-43a2-9a03-fb1e49038e36,label_created,Local Facility,2026-06-19T15:10:15
bf98b61f-5938-43d9-ade0-74326a3bc076,418586fb-0b8c-43a2-9a03-fb1e49038e36,picked_up,Local Facility,2026-06-20T16:36:40
8e9a903c-373f-4ff3-8a8e-593782320304,418586fb-0b8c-43a2-9a03-fb1e49038e36,in_transit,Destination,2026-06-21T21:01:14
bbe64d75-3232-4722-93c1-5957827211c4,418586fb-0b8c-43a2-9a03-fb1e49038e36,out_for_delivery,Destination,2026-06-22T22:36:58
8bc45a63-1724-4d5f-9431-459df5d189b1,418586fb-0b8c-43a2-9a03-fb1e49038e36,delivered,Origin Facility,2026-06-24T03:52:50
250a21fb-75a6-4d3a-89ce-313841376689,81579860-827a-4426-a286-bde70edfe26f,label_created,Destination,2026-05-24T01:50:06
ea9774e3-6a2b-4e7c-b32b-506a66e8439f,81579860-827a-4426-a286-bde70edfe26f,picked_up,Regional Hub,2026-05-25T01:58:09
dd91126a-f4ac-41a0-bfd7-52785de1b218,81579860-827a-4426-a286-bde70edfe26f,in_transit,Destination,2026-05-25T09:20:26
b7db3f0c-b855-459d-bdf4-ffa7827927ae,81579860-827a-4426-a286-bde70edfe26f,out_for_delivery,Destination,2026-05-25T14:03:04
aef46fdb-ab93-460e-bbd2-1486cc3881f0,81579860-827a-4426-a286-bde70edfe26f,delivered,Origin Facility,2026-05-26T03:27:03
3140bb4a-3602-411a-b6d4-a863d50b7b95,a7cc8c28-9fd1-4d33-9bbb-718439ed8490,label_created,Origin Facility,2026-04-02T01:07:38
173bbf50-00de-4d53-985f-0aec4022789c,a7cc8c28-9fd1-4d33-9bbb-718439ed8490,picked_up,Origin Facility,2026-04-02T04:17:03
78b4e638-1837-4a51-a5cb-b4bb70f4e3dd,a7cc8c28-9fd1-4d33-9bbb-718439ed8490,in_transit,Regional Hub,2026-04-03T04:31:09
a34b910b-1f21-467b-9a20-c4c678f48db1,a7cc8c28-9fd1-4d33-9bbb-718439ed8490,out_for_delivery,Destination,2026-04-04T01:19:21
e703e2fe-ee45-4ff1-a0db-1cafcc335d95,a7cc8c28-9fd1-4d33-9bbb-718439ed8490,delivered,Origin Facility,2026-04-04T11:44:02
3e7454dd-8c00-46e3-80a1-a35dc146f18e,c2e2659f-6378-4124-b8df-0631d7c50847,label_created,Destination,2026-03-24T16:59:47
2ce37f88-081c-43da-814e-6d8325e2ba52,c2e2659f-6378-4124-b8df-0631d7c50847,picked_up,Local Facility,2026-03-25T19:12:10
c32c6588-1f2f-4c30-b83c-f5f08a0c8759,c2e2659f-6378-4124-b8df-0631d7c50847,in_transit,Destination,2026-03-25T21:33:01
45084519-8be2-481b-b030-fae47ab6bc6f,c2e2659f-6378-4124-b8df-0631d7c50847,out_for_delivery,Origin Facility,2026-03-26T23:34:24
e2a7c8a6-fcad-473d-b438-dc215c9de11e,c2e2659f-6378-4124-b8df-0631d7c50847,delivered,Origin Facility,2026-03-27T15:48:18
5a160977-c89a-44a2-817e-5f57ab6be97b,2245e5d3-f985-40ed-a3a6-0320881ef020,label_created,Origin Facility,2026-02-21T11:13:38
b0cc69a9-af27-44b0-a1fc-f5d057645cdf,2245e5d3-f985-40ed-a3a6-0320881ef020,picked_up,Regional Hub,2026-02-22T09:52:57
ec911de1-4049-4afc-a5fb-39f5e362ce10,2245e5d3-f985-40ed-a3a6-0320881ef020,in_transit,Destination,2026-02-22T12:51:50
1c1a4f24-c2b1-46c2-9fe2-5af6a0f193ae,2245e5d3-f985-40ed-a3a6-0320881ef020,out_for_delivery,Destination,2026-02-23T00:46:39
a6fdb398-3350-4dd4-9c0e-30398731c693,2245e5d3-f985-40ed-a3a6-0320881ef020,delivered,Regional Hub,2026-02-23T23:41:47
c4899727-a4bf-4bfc-b21a-b40a446fc718,79f7b3ed-4f39-49af-851f-ab0e01032b90,label_created,Regional Hub,2026-06-18T04:59:40
4d3f21d2-58b3-497e-a518-22a70da36d0a,79f7b3ed-4f39-49af-851f-ab0e01032b90,picked_up,Destination,2026-06-18T20:12:49
02c9f246-6576-4794-afaa-52f398a1de8b,79f7b3ed-4f39-49af-851f-ab0e01032b90,in_transit,Regional Hub,2026-06-19T23:40:27
602de6de-d914-4ccb-a972-5d99736592ab,79f7b3ed-4f39-49af-851f-ab0e01032b90,out_for_delivery,Local Facility,2026-06-20T04:33:20
986a58be-dad4-4196-9238-12cd00dd4c99,79f7b3ed-4f39-49af-851f-ab0e01032b90,delivered,Destination,2026-06-20T10:29:34
3a829519-a258-4274-867e-0de2af863321,f0c04078-85e3-4ce4-a04c-9b081c286cd8,label_created,Origin Facility,2026-08-12T16:35:25
c77ec617-11fb-4995-af56-807336e1ea49,f0c04078-85e3-4ce4-a04c-9b081c286cd8,picked_up,Local Facility,2026-08-13T15:05:46
9077ef4f-72be-493c-b9c1-e09f025c704e,f0c04078-85e3-4ce4-a04c-9b081c286cd8,in_transit,Destination,2026-08-13T17:33:40
514932d4-49aa-4fe8-99f7-9ae3cd6ce820,f0c04078-85e3-4ce4-a04c-9b081c286cd8,out_for_delivery,Regional Hub,2026-08-14T17:58:08
c7648d01-5e78-4ea8-bb52-f4c8851eee26,f0c04078-85e3-4ce4-a04c-9b081c286cd8,delivered,Origin Facility,2026-08-14T22:42:48
8bcac801-3313-4535-b084-480684afcd41,2a1a778a-3c93-47e4-9e0e-78d459220bed,label_created,Destination,2026-03-28T18:00:09
c7301269-c772-4ff5-bee2-008902f5dc21,2a1a778a-3c93-47e4-9e0e-78d459220bed,picked_up,Regional Hub,2026-03-28T23:14:40
bf5f895e-eed3-4f02-a01a-140418a11e69,2a1a778a-3c93-47e4-9e0e-78d459220bed,in_transit,Origin Facility,2026-03-29T12:06:50
df1c69fa-0973-4765-bf72-7d502bacf7ca,2a1a778a-3c93-47e4-9e0e-78d459220bed,out_for_delivery,Destination,2026-03-29T21:59:02
a739b144-ae67-4bd6-a6b9-24c4b14b231d,2a1a778a-3c93-47e4-9e0e-78d459220bed,delivered,Regional Hub,2026-03-30T18:20:11
403348a9-e7c0-405b-87a5-11f89882f7c0,b810d25e-8d2f-4337-a32a-0242e94110e2,label_created,Destination,2026-08-04T13:44:19
96ffdc2e-45c7-4081-b817-2e5cc47e1079,b810d25e-8d2f-4337-a32a-0242e94110e2,picked_up,Regional Hub,2026-08-05T11:56:17
52187ee2-21af-4ad8-8053-04b61d5a0e16,b810d25e-8d2f-4337-a32a-0242e94110e2,in_transit,Origin Facility,2026-08-05T16:26:07
ea3d2818-bdcb-4399-acb4-ac51c90009d1,b810d25e-8d2f-4337-a32a-0242e94110e2,out_for_delivery,Origin Facility,2026-08-06T01:42:21
c783b161-d38e-4ac6-83f7-d9240bb1ebbb,b810d25e-8d2f-4337-a32a-0242e94110e2,delivered,Regional Hub,2026-08-07T07:17:10
cd8a62c7-f3ce-45cf-bd46-e45a1ad6d086,3571c6be-e8ca-494b-8252-4b3e1f4d32af,label_created,Destination,2026-06-13T19:38:43
bb607264-8a77-4608-b3c3-d63477ae0ad9,3571c6be-e8ca-494b-8252-4b3e1f4d32af,picked_up,Local Facility,2026-06-14T16:21:03
bf1b9330-d023-443f-9ae6-dff6ee79afa5,3571c6be-e8ca-494b-8252-4b3e1f4d32af,in_transit,Destination,2026-06-14T23:30:48
8f4c35f6-9b4b-44b6-be94-bf503a801d15,3571c6be-e8ca-494b-8252-4b3e1f4d32af,out_for_delivery,Destination,2026-06-15T03:18:03
669bf376-47a1-4bf1-8f35-effb496ffee3,3571c6be-e8ca-494b-8252-4b3e1f4d32af,delivered,Origin Facility,2026-06-16T03:33:45
9ddb41f6-210a-4c79-9080-66e218645045,7e84fcfc-6693-4a55-a880-7f23da3b999f,label_created,Destination,2026-05-02T22:42:14
e98ab766-60c5-4ba5-9d9d-e2dfd737554b,7e84fcfc-6693-4a55-a880-7f23da3b999f,picked_up,Regional Hub,2026-05-04T03:47:27
4491ca1a-59fd-4aad-aa55-c32f1a92621e,7e84fcfc-6693-4a55-a880-7f23da3b999f,in_transit,Destination,2026-05-05T07:33:51
75958b2c-ae2e-49b3-b4e4-72bb1e3a5264,7e84fcfc-6693-4a55-a880-7f23da3b999f,out_for_delivery,Regional Hub,2026-05-05T21:48:03
69a61840-ab32-4f2f-a8df-64bfe53382c7,7e84fcfc-6693-4a55-a880-7f23da3b999f,delivered,Destination,2026-05-06T21:22:32
124e2bc2-65dd-41a7-82ee-94df97c3dc25,c3d21c96-2788-431d-b91d-ecef4ac62186,label_created,Destination,2026-02-28T11:54:36
17999880-4a0f-4a62-aa28-cbafb3aa9610,c3d21c96-2788-431d-b91d-ecef4ac62186,picked_up,Local Facility,2026-02-28T22:10:59
ad6f90a6-beb8-49e9-8c70-171744454a74,c3d21c96-2788-431d-b91d-ecef4ac62186,in_transit,Local Facility,2026-03-01T05:58:02
77cff7a7-f6dd-491b-808b-a8293a810eb9,c3d21c96-2788-431d-b91d-ecef4ac62186,out_for_delivery,Regional Hub,2026-03-01T08:57:13
06330b6f-debf-4885-93f5-852055871f35,c3d21c96-2788-431d-b91d-ecef4ac62186,delivered,Local Facility,2026-03-01T19:18:37
8b35ef34-9ac2-4cb3-9de7-60488076b26b,8dacf5cb-f3c3-4b60-9dc5-f4994275423a,label_created,Destination,2026-08-04T10:10:47
eeea065b-ee73-4e87-9001-6c59ec912091,8dacf5cb-f3c3-4b60-9dc5-f4994275423a,picked_up,Local Facility,2026-08-04T14:53:22
3d0e2165-6c68-4df1-b4e1-ab26e9148e99,8dacf5cb-f3c3-4b60-9dc5-f4994275423a,in_transit,Local Facility,2026-08-05T18:54:53
c0216823-1610-496a-bb56-437f0e6af7ff,8dacf5cb-f3c3-4b60-9dc5-f4994275423a,out_for_delivery,Destination,2026-08-06T01:01:34
de139a85-5445-4364-8c3a-6555295d40ee,8dacf5cb-f3c3-4b60-9dc5-f4994275423a,delivered,Origin Facility,2026-08-06T22:13:24
9fae84fd-c257-4677-9772-b3b898350ec7,f362c1fe-4865-4880-8074-7a57d47a0c83,label_created,Destination,2026-08-17T13:28:06
d9fb11e8-c5eb-470e-a92f-bffa1313d7e6,f362c1fe-4865-4880-8074-7a57d47a0c83,picked_up,Local Facility,2026-08-18T18:47:35
18befc52-95a3-415b-8a41-8e8a47a64f4b,f362c1fe-4865-4880-8074-7a57d47a0c83,in_transit,Local Facility,2026-08-19T10:57:56
1a15ed26-fa02-4499-a734-a32356b0c7d2,f362c1fe-4865-4880-8074-7a57d47a0c83,out_for_delivery,Origin Facility,2026-08-20T14:43:12
cfb2e71b-d5d6-4125-b6e0-f76740a00de8,f362c1fe-4865-4880-8074-7a57d47a0c83,delivered,Local Facility,2026-08-20T21:13:59
1ee7b9b6-a9f6-4884-9919-7a41b1f6df79,479b2aa8-d9f1-405b-8f6b-e5c6804c197e,label_created,Origin Facility,2026-05-15T03:29:42
93289c25-fb03-4aab-aac8-4a737a56eab6,479b2aa8-d9f1-405b-8f6b-e5c6804c197e,picked_up,Origin Facility,2026-05-16T06:35:55
7cb3961d-12e9-4c77-a152-23c9c2a8a0c6,479b2aa8-d9f1-405b-8f6b-e5c6804c197e,in_transit,Destination,2026-05-17T04:44:56
839da714-70a0-4e83-937f-c2290df7b71b,479b2aa8-d9f1-405b-8f6b-e5c6804c197e,out_for_delivery,Local Facility,2026-05-18T03:17:38
6ec3a7dd-fc62-41c7-abb4-d2db7bcf19e8,479b2aa8-d9f1-405b-8f6b-e5c6804c197e,delivered,Origin Facility,2026-05-18T12:50:55
b780fcb8-ea11-4235-ba43-29fcf56b637c,12f6ebc2-c82b-4bda-86de-9eed627d0b9f,label_created,Origin Facility,2026-02-26T10:13:01
c941ada5-cdea-408e-9b5b-34797b19fd7f,12f6ebc2-c82b-4bda-86de-9eed627d0b9f,picked_up,Origin Facility,2026-02-26T14:49:12
233e92a4-fd56-4749-8824-82ce7db294ba,12f6ebc2-c82b-4bda-86de-9eed627d0b9f,in_transit,Origin Facility,2026-02-27T19:22:31
c93cf540-5c7f-4e14-ae2a-6be3f18a471e,12f6ebc2-c82b-4bda-86de-9eed627d0b9f,out_for_delivery,Local Facility,2026-02-28T02:43:47
3920ae26-980a-44b3-8419-95cb03d1c42f,12f6ebc2-c82b-4bda-86de-9eed627d0b9f,delivered,Regional Hub,2026-03-02T22:30:10
4f81651f-7c9c-4ea1-a86f-68ac40fdbc11,315aa809-f50a-41ea-b350-b6b51e3f4649,label_created,Regional Hub,2026-07-20T11:30:02
cd45a470-0d36-4ca9-a190-04614ae6d112,315aa809-f50a-41ea-b350-b6b51e3f4649,picked_up,Origin Facility,2026-07-21T11:19:01
6faa65da-1efa-4cf0-a865-0ea0ca51117a,315aa809-f50a-41ea-b350-b6b51e3f4649,in_transit,Regional Hub,2026-07-22T04:57:50
e73b041d-af79-476b-885a-4076ee6d51be,315aa809-f50a-41ea-b350-b6b51e3f4649,out_for_delivery,Origin Facility,2026-07-22T13:10:05
21485a9d-0bf1-4217-ba7c-ec1a87ab36e9,315aa809-f50a-41ea-b350-b6b51e3f4649,delivered,Regional Hub,2026-07-26T19:13:19
80210e2d-704b-4577-9000-4e48bb6ad8d8,b2830d75-f93c-4ca7-ae0b-cc59e2ce753a,label_created,Local Facility,2026-04-19T10:14:23
380b75e0-76a1-4ccb-ae1b-590a647a53bb,b2830d75-f93c-4ca7-ae0b-cc59e2ce753a,picked_up,Regional Hub,2026-04-19T15:49:00
adbf0902-3301-4a6c-9a6a-f8347275b5f2,b2830d75-f93c-4ca7-ae0b-cc59e2ce753a,in_transit,Local Facility,2026-04-20T05:23:31
1b70e6f3-42fa-4583-ba93-31f7eb246666,b2830d75-f93c-4ca7-ae0b-cc59e2ce753a,out_for_delivery,Destination,2026-04-21T04:35:32
971fb788-fad7-4a9c-a6c8-cdcb0a9746a1,b2830d75-f93c-4ca7-ae0b-cc59e2ce753a,delivered,Local Facility,2026-04-21T18:41:28
6cecf930-eacc-46e4-ac68-73f3b2759bbf,9816f26a-6b66-44a7-af28-9ee3c1814dc8,label_created,Regional Hub,2026-04-25T02:31:19
b963ebae-f0e8-4015-baef-408d4d8caa6c,9816f26a-6b66-44a7-af28-9ee3c1814dc8,picked_up,Regional Hub,2026-04-26T05:23:35
c02d22fe-07dc-4639-98b0-1e44b626b510,d90f1064-b7e1-4d83-b5ac-359e35934226,label_created,Destination,2026-05-12T16:04:51
54457972-a81e-44b5-bd9d-0d73c105d53d,d90f1064-b7e1-4d83-b5ac-359e35934226,picked_up,Destination,2026-05-13T14:56:18
b57bde3d-6839-4ddd-a1a4-cdbe715caa49,d90f1064-b7e1-4d83-b5ac-359e35934226,in_transit,Regional Hub,2026-05-13T19:55:09
297718a2-2c8b-4e14-955c-f83c510cb721,d90f1064-b7e1-4d83-b5ac-359e35934226,out_for_delivery,Regional Hub,2026-05-13T22:28:26
212bd259-eb6d-4e1e-bc45-7b48e1a4b33b,d90f1064-b7e1-4d83-b5ac-359e35934226,delivered,Regional Hub,2026-05-15T02:49:10
5542c1b7-d04c-402e-961e-28310695b600,1feb2c0a-0338-4fad-9a67-5930f28ee104,label_created,Regional Hub,2026-03-18T16:41:43
76bc1da6-4bc1-4b6c-b5c0-2fc2c0350f42,1feb2c0a-0338-4fad-9a67-5930f28ee104,picked_up,Local Facility,2026-03-19T13:42:15
34e1e937-00fc-49e0-aa25-52414a663bfd,1feb2c0a-0338-4fad-9a67-5930f28ee104,in_transit,Regional Hub,2026-03-19T17:19:14
df027fc3-481b-40cc-b8e4-fe7579b187ff,1feb2c0a-0338-4fad-9a67-5930f28ee104,out_for_delivery,Regional Hub,2026-03-19T22:41:43
bca027a6-0a20-4b6a-8020-c9e78512264f,1feb2c0a-0338-4fad-9a67-5930f28ee104,delivered,Local Facility,2026-03-20T01:15:11
58525f84-8c52-42b0-a1e5-290a233b51cd,ce2b0a83-045a-40e5-b502-0355972b8004,label_created,Destination,2026-06-08T12:16:21
10a8c00b-4184-414a-a098-24645a4e2a6e,ce2b0a83-045a-40e5-b502-0355972b8004,picked_up,Origin Facility,2026-06-08T16:36:03
5904b9a0-b42e-4f72-987d-317fbda7771f,ce2b0a83-045a-40e5-b502-0355972b8004,in_transit,Regional Hub,2026-06-09T18:23:51
5c47ce3f-7a34-44eb-a5db-b615d2c7857e,ce2b0a83-045a-40e5-b502-0355972b8004,out_for_delivery,Regional Hub,2026-06-09T21:52:48
edf245bf-16fe-4ff7-a033-a0cd6b62f39d,ce2b0a83-045a-40e5-b502-0355972b8004,delivered,Local Facility,2026-06-10T08:03:29
9396395e-849e-4ce0-8544-d5551225d0e4,a76d6008-db58-4535-9e12-4343391c6635,label_created,Origin Facility,2026-04-08T13:06:35
6efafa72-76c8-4942-afe8-6df877bf9273,a76d6008-db58-4535-9e12-4343391c6635,picked_up,Destination,2026-04-08T18:21:42
d3541a2c-359f-4076-9932-6ab31805e163,a76d6008-db58-4535-9e12-4343391c6635,in_transit,Origin Facility,2026-04-09T01:34:25
5e8fe2a9-a7a3-4a00-87a3-b8b97d105807,a76d6008-db58-4535-9e12-4343391c6635,out_for_delivery,Origin Facility,2026-04-10T01:09:25
6bdbc026-dea3-4359-98ea-9770fa716bc9,a76d6008-db58-4535-9e12-4343391c6635,delivered,Regional Hub,2026-04-10T05:49:24
c031fffb-e0c3-4e8d-a893-f47ed46d8908,a8fd600c-ab86-459e-8148-1a66a7e7fc05,label_created,Destination,2026-04-03T17:40:03
9204ddb6-f61c-4964-a7b3-371ac6e92984,a8fd600c-ab86-459e-8148-1a66a7e7fc05,picked_up,Regional Hub,2026-04-04T17:36:35
397e501c-0aa5-4afe-98d7-948c862c2669,a8fd600c-ab86-459e-8148-1a66a7e7fc05,in_transit,Regional Hub,2026-04-05T22:15:43
db56f367-f99b-43b4-bf68-19ac9feea1d8,a8fd600c-ab86-459e-8148-1a66a7e7fc05,out_for_delivery,Destination,2026-04-06T09:29:45
32645512-5528-46db-8ef9-7af1a656d4c6,a8fd600c-ab86-459e-8148-1a66a7e7fc05,delivered,Destination,2026-04-10T11:34:18
143426c4-96f4-4be8-a021-62b74b99f3b0,d9355e37-0543-4d25-b8f7-3a755ec54dc1,label_created,Destination,2026-07-24T14:16:32
d59e9a4e-8d6a-41c8-bbe7-a8f916159f19,d9355e37-0543-4d25-b8f7-3a755ec54dc1,picked_up,Origin Facility,2026-07-25T11:46:21
401861fe-42db-4b87-8f7a-feee1a445ed4,d9355e37-0543-4d25-b8f7-3a755ec54dc1,in_transit,Destination,2026-07-26T09:24:31
d074c26d-6e68-46e3-9f42-ce094e1dd0a2,d9355e37-0543-4d25-b8f7-3a755ec54dc1,out_for_delivery,Local Facility,2026-07-27T05:47:09
0e42ba26-a5a5-41e1-b717-0e540923f51c,d9355e37-0543-4d25-b8f7-3a755ec54dc1,delivered,Regional Hub,2026-07-28T07:06:44
bcb05305-1f31-42f7-bee5-bad713b4599c,40916571-c56e-4cf1-9803-49df93cc1937,label_created,Origin Facility,2026-06-01T03:54:27
a2c25bf2-20bf-41f9-9093-be9cc933b676,40916571-c56e-4cf1-9803-49df93cc1937,picked_up,Local Facility,2026-06-02T01:29:50
5bcf226d-89bb-4143-b7c2-6a0603ae318d,40916571-c56e-4cf1-9803-49df93cc1937,in_transit,Destination,2026-06-02T06:19:48
e8718280-197a-4984-b2cd-a764310a3612,40916571-c56e-4cf1-9803-49df93cc1937,out_for_delivery,Destination,2026-06-02T12:38:46
3f35501f-7c72-4d66-9a12-19b055e26182,40916571-c56e-4cf1-9803-49df93cc1937,delivered,Origin Facility,2026-06-03T03:21:34
87468bfc-d2b8-4964-8447-aa0ed2a2ce06,052a584b-6c3c-4c6e-80d7-50ea0a84982a,label_created,Destination,2026-07-07T04:13:44
89c08107-1377-431c-9d00-157121af1561,052a584b-6c3c-4c6e-80d7-50ea0a84982a,picked_up,Regional Hub,2026-07-07T13:14:57
edddf27e-ee5f-4156-a4ed-ab6c3a557775,052a584b-6c3c-4c6e-80d7-50ea0a84982a,in_transit,Local Facility,2026-07-08T17:42:08
df705b24-88c1-421f-a412-6ec0cccbbc66,052a584b-6c3c-4c6e-80d7-50ea0a84982a,out_for_delivery,Destination,2026-07-09T14:59:41
18d0b15c-07e5-4fbc-b74e-95202e6326bb,052a584b-6c3c-4c6e-80d7-50ea0a84982a,delivered,Origin Facility,2026-07-10T05:12:32
281128ae-4746-4e4e-beb9-4125a5ae4335,266eb237-6ba8-42a1-96e0-d19c265d813f,label_created,Origin Facility,2026-05-21T23:40:29
ebeb9957-59fb-442e-8a7b-6e92596c2da4,266eb237-6ba8-42a1-96e0-d19c265d813f,picked_up,Local Facility,2026-05-23T01:07:08
cd6f3bbd-0b60-4301-941f-bbb4732ad541,266eb237-6ba8-42a1-96e0-d19c265d813f,in_transit,Regional Hub,2026-05-24T07:00:49
76db0c66-7eaf-447a-97d5-f2ac5091a5c7,266eb237-6ba8-42a1-96e0-d19c265d813f,out_for_delivery,Destination,2026-05-25T07:22:04
fa28532f-5683-48a1-af05-c512a75b5aa1,688f74cd-3e5b-4db8-a98a-832e46e332a9,label_created,Local Facility,2026-07-15T16:25:56
97084534-ea9f-4f67-a520-5c1895d1bdb8,688f74cd-3e5b-4db8-a98a-832e46e332a9,picked_up,Regional Hub,2026-07-15T23:51:07
8288c0f6-d449-4fc8-98a6-6801d1e6f001,688f74cd-3e5b-4db8-a98a-832e46e332a9,in_transit,Local Facility,2026-07-16T04:52:24
29423ea2-f60a-47fd-aac9-32ada84c7459,688f74cd-3e5b-4db8-a98a-832e46e332a9,out_for_delivery,Origin Facility,2026-07-16T10:56:41
d3245e8c-c116-4041-a3dc-2d8bae92dce1,688f74cd-3e5b-4db8-a98a-832e46e332a9,delivered,Destination,2026-07-17T01:03:52
c2b22e95-4891-4598-9afb-b5c97fc56c6b,721f3598-153a-4128-b851-31e31f603751,label_created,Origin Facility,2026-04-12T05:34:35
5d0aaee8-92d5-44bc-bc0a-266d15c504e9,721f3598-153a-4128-b851-31e31f603751,picked_up,Local Facility,2026-04-12T16:30:23
cd6affb5-a5fb-4a4b-898c-37d00158a059,721f3598-153a-4128-b851-31e31f603751,in_transit,Destination,2026-04-13T11:06:58
46e18afd-1890-4117-95ea-32a9083e9a41,721f3598-153a-4128-b851-31e31f603751,out_for_delivery,Regional Hub,2026-04-14T10:11:26
298bf7ad-712a-410c-9e24-26334ea411d3,721f3598-153a-4128-b851-31e31f603751,delivered,Destination,2026-04-15T03:16:44
8ab1dac1-8964-4c79-8051-ad014f0f25a8,74442945-d848-4528-bd5c-d40059bea8e1,label_created,Regional Hub,2026-02-25T05:28:37
53af6ba5-4dad-4465-920f-005d05f299a3,74442945-d848-4528-bd5c-d40059bea8e1,picked_up,Destination,2026-02-25T08:38:49
6e7ce235-9076-4a54-a819-5bf45882de9b,74442945-d848-4528-bd5c-d40059bea8e1,in_transit,Local Facility,2026-02-26T09:59:10
b3f9a97b-d942-4ce2-a68c-aa7fc3e5566b,74442945-d848-4528-bd5c-d40059bea8e1,out_for_delivery,Regional Hub,2026-02-27T06:25:46
83f2ebe7-8ff5-4815-bbb9-3e065e296c8c,74442945-d848-4528-bd5c-d40059bea8e1,delivered,Regional Hub,2026-02-27T22:00:19
5595b567-3c92-4eeb-b606-8cb2925278d8,48a418b9-f201-47fb-a172-f7b4e0b2168f,label_created,Origin Facility,2026-05-20T05:17:25
beefbe79-0ff8-4566-9cf9-57a653354af6,48a418b9-f201-47fb-a172-f7b4e0b2168f,picked_up,Regional Hub,2026-05-21T00:42:06
8ebae5d1-5002-4639-b764-c02af0d69865,48a418b9-f201-47fb-a172-f7b4e0b2168f,in_transit,Local Facility,2026-05-22T00:49:37
24435e51-cf2a-4586-9bf0-a74bad48a744,48a418b9-f201-47fb-a172-f7b4e0b2168f,out_for_delivery,Local Facility,2026-05-23T01:09:07
0895f825-faf6-4920-bcec-52806561a274,48a418b9-f201-47fb-a172-f7b4e0b2168f,delivered,Origin Facility,2026-05-23T07:56:22
54a6a5b9-35b3-4062-8af3-8ae5427621f1,e194d48b-bb28-47f9-9563-f14ec5b4c5a9,label_created,Destination,2026-03-11T13:27:08
c59fb86f-c0ef-40f8-9a14-7c39bce0b214,e194d48b-bb28-47f9-9563-f14ec5b4c5a9,picked_up,Local Facility,2026-03-12T00:32:23
e55c8d81-6cbc-45c6-9a35-8a0ef853dd4f,e194d48b-bb28-47f9-9563-f14ec5b4c5a9,in_transit,Regional Hub,2026-03-12T18:58:35
17cf2d2b-51f7-4af4-beed-b45d2dbe1034,e194d48b-bb28-47f9-9563-f14ec5b4c5a9,out_for_delivery,Local Facility,2026-03-13T12:37:47
fa4c4d34-e377-4d60-a464-26e28f1c6bfa,e194d48b-bb28-47f9-9563-f14ec5b4c5a9,delivered,Regional Hub,2026-03-14T18:20:51
f97c9841-8db9-40ec-96a9-7c17758dc1e0,976d1eb4-efe0-4341-b391-032d52a17c63,label_created,Local Facility,2026-03-02T19:18:21
d1ddb4cc-2a60-4af5-8ea0-3469372d9fa1,976d1eb4-efe0-4341-b391-032d52a17c63,picked_up,Origin Facility,2026-03-02T21:45:48
ff51b0b1-698e-46da-a6c3-832939730f91,976d1eb4-efe0-4341-b391-032d52a17c63,in_transit,Origin Facility,2026-03-03T15:25:21
bb1e18ff-ce69-449c-a32e-7de9b3437091,976d1eb4-efe0-4341-b391-032d52a17c63,out_for_delivery,Regional Hub,2026-03-03T21:41:46
edc4aff1-baf5-44a2-8681-715f0b659484,976d1eb4-efe0-4341-b391-032d52a17c63,delivered,Local Facility,2026-03-04T06:38:19
6cdf49c5-a79c-4687-b864-31f65a6a4455,ebd07660-6f9f-4d67-a583-677a6be60019,label_created,Destination,2026-07-11T11:22:21
23009e51-9506-45e0-9dde-9da04bdee203,ebd07660-6f9f-4d67-a583-677a6be60019,picked_up,Destination,2026-07-12T11:25:59
bdb6bcba-fe5a-481c-851b-6604bc647f4b,ebd07660-6f9f-4d67-a583-677a6be60019,in_transit,Destination,2026-07-13T13:36:10
9b8b8514-daca-41b8-8cf7-0cda05dd34a3,ebd07660-6f9f-4d67-a583-677a6be60019,exception,Regional Hub,2026-07-13T17:36:10
3da75a43-46e4-4cb2-9ff5-f330586b6232,bdfe57d4-2f6e-4d06-8e42-0e30a2483323,label_created,Destination,2026-04-26T01:39:13
1a67f5fa-e29e-4c47-a2e5-756ac9e00d93,bdfe57d4-2f6e-4d06-8e42-0e30a2483323,picked_up,Regional Hub,2026-04-27T05:10:24
c3338c28-3856-430f-a2dc-202553b47830,bdfe57d4-2f6e-4d06-8e42-0e30a2483323,in_transit,Origin Facility,2026-04-27T12:37:13
6a6104a2-b44c-4653-b18f-a6c79b8fe459,bdfe57d4-2f6e-4d06-8e42-0e30a2483323,out_for_delivery,Destination,2026-04-28T03:37:20
ceff837f-f3c8-48ca-9c79-216bb393d2b3,bdfe57d4-2f6e-4d06-8e42-0e30a2483323,delivered,Local Facility,2026-04-29T01:51:06
50183269-812a-4c9e-82ec-38b18e88295f,6dc1d484-7e96-4099-bdeb-99329dbb5afa,label_created,Destination,2026-02-22T14:22:47
ab54bb3b-76c8-4338-9095-cf59a32badaf,6dc1d484-7e96-4099-bdeb-99329dbb5afa,picked_up,Destination,2026-02-22T22:44:35
1bb53e8c-fd4f-475f-8027-baab07eb3c22,6dc1d484-7e96-4099-bdeb-99329dbb5afa,in_transit,Regional Hub,2026-02-24T01:40:07
0d0d1b62-b8f1-484a-ac33-5afddab5c680,6dc1d484-7e96-4099-bdeb-99329dbb5afa,out_for_delivery,Destination,2026-02-24T11:14:50
6ad16d25-04cb-4ae5-a33b-0d67be4494d8,6dc1d484-7e96-4099-bdeb-99329dbb5afa,delivered,Origin Facility,2026-02-24T14:04:05
1f064ab7-7e3b-4187-a330-74d91b6b9386,635e8630-02f6-467d-818d-30cbbb3c052b,label_created,Origin Facility,2026-08-10T23:06:46
3b7c23b6-5c96-4c24-ba04-43fd3dc730e7,635e8630-02f6-467d-818d-30cbbb3c052b,picked_up,Origin Facility,2026-08-11T16:14:16
9ed19798-7f79-495f-9076-2e0f19a5e5f9,635e8630-02f6-467d-818d-30cbbb3c052b,in_transit,Local Facility,2026-08-11T22:44:29
fe7a376d-3886-4ee4-872b-2c58687d3efb,635e8630-02f6-467d-818d-30cbbb3c052b,out_for_delivery,Origin Facility,2026-08-12T01:20:57
c5c1bc86-f537-44da-9a3c-2a4e41f71219,635e8630-02f6-467d-818d-30cbbb3c052b,delivered,Destination,2026-08-13T02:06:18
42f8cea6-a4d5-4295-b1c3-03f258604543,b529090c-6708-470a-aecb-640b46cce1ed,label_created,Destination,2026-07-19T18:01:02
b22806e2-d303-4556-9d06-adaf0d1a1646,b529090c-6708-470a-aecb-640b46cce1ed,picked_up,Local Facility,2026-07-20T18:14:49
65dbd10a-b20d-4d2a-809d-b66651c50c4f,b529090c-6708-470a-aecb-640b46cce1ed,in_transit,Local Facility,2026-07-21T06:44:39
86cf9a73-7033-4935-a869-bca01adf86c4,b529090c-6708-470a-aecb-640b46cce1ed,out_for_delivery,Local Facility,2026-07-22T07:24:25
1f1e9ffa-f3f5-40cc-a09c-b35e47ce39cc,b529090c-6708-470a-aecb-640b46cce1ed,delivered,Origin Facility,2026-07-22T17:48:26
2b12a5c5-d7b8-42c0-b00c-fb783b4b1897,faf83a5c-0112-4a26-9c4d-3aa8ac11ab13,label_created,Local Facility,2026-07-13T23:15:19
17e2fb32-2142-4680-9c04-2c44b419f663,faf83a5c-0112-4a26-9c4d-3aa8ac11ab13,picked_up,Local Facility,2026-07-14T12:17:17
74dcb09d-9384-4132-9598-2fb23e104991,faf83a5c-0112-4a26-9c4d-3aa8ac11ab13,in_transit,Regional Hub,2026-07-15T15:08:45
3ff14a9a-0f41-4989-bf4e-a605a6a9966f,faf83a5c-0112-4a26-9c4d-3aa8ac11ab13,out_for_delivery,Origin Facility,2026-07-16T16:20:52
9297823c-ba84-4813-a6ee-5d4f1de06a2b,faf83a5c-0112-4a26-9c4d-3aa8ac11ab13,delivered,Local Facility,2026-07-17T01:55:28
ad8a165f-2124-417a-82eb-e76d8614c3a7,06907b26-b4ee-49f6-b057-9576c770e156,label_created,Origin Facility,2026-06-29T12:56:30
19fc788d-464b-4ce0-b9fe-da8ed6bbb09b,06907b26-b4ee-49f6-b057-9576c770e156,picked_up,Local Facility,2026-06-29T18:16:54
21e98fc1-1835-481e-a326-b0c5237bed20,06907b26-b4ee-49f6-b057-9576c770e156,in_transit,Regional Hub,2026-06-30T07:29:54
59ff42d6-d7a6-4739-ab1e-ec9e52c8d1f5,06907b26-b4ee-49f6-b057-9576c770e156,out_for_delivery,Regional Hub,2026-07-01T09:38:07
b1ebf693-d1ac-4ef1-8285-12988cdb14d9,06907b26-b4ee-49f6-b057-9576c770e156,delivered,Destination,2026-07-05T22:01:05
aa62ebee-3323-4980-a195-0bf0cf603903,d0e4f334-1763-4c4b-a9f4-05795448d8e2,label_created,Local Facility,2026-05-18T04:22:23
663e0c24-e389-45a0-a98b-1c2145dd8488,d0e4f334-1763-4c4b-a9f4-05795448d8e2,picked_up,Regional Hub,2026-05-18T14:23:39
9e899f52-6f56-4e6d-a861-d426b7e49076,d0e4f334-1763-4c4b-a9f4-05795448d8e2,in_transit,Local Facility,2026-05-19T19:40:26
5e4b5dea-1b0d-4489-a479-e68eeaffeed1,d0e4f334-1763-4c4b-a9f4-05795448d8e2,out_for_delivery,Local Facility,2026-05-20T04:23:08
74120926-09b5-405d-9405-bdbf2e627990,d0e4f334-1763-4c4b-a9f4-05795448d8e2,delivered,Destination,2026-05-21T03:26:13
1742b507-39d2-4b23-a78d-71b050bdf6fb,63a8174a-97e4-420f-ae42-548b5e3f88f4,label_created,Destination,2026-05-19T17:43:33
c4183a0c-4f84-4546-99c3-41b41fe0f31f,63a8174a-97e4-420f-ae42-548b5e3f88f4,picked_up,Regional Hub,2026-05-20T18:34:07
1c1e1fd2-67b8-4737-aef5-f98373dbc6b0,63a8174a-97e4-420f-ae42-548b5e3f88f4,in_transit,Destination,2026-05-21T04:07:02
433bef84-7a60-47e6-bf20-1c2ac78a4bfa,63a8174a-97e4-420f-ae42-548b5e3f88f4,out_for_delivery,Destination,2026-05-21T18:00:22
9117a944-2d85-4ceb-b965-a2603988253e,63a8174a-97e4-420f-ae42-548b5e3f88f4,delivered,Origin Facility,2026-05-22T17:49:11
4529138b-4fd8-4ce7-887b-48d02faf0058,a3c475af-e600-40fe-b66b-d3d6bf39bd41,label_created,Destination,2026-08-17T12:14:55
476d3f8f-312b-48b1-84e1-403f4d85c121,a3c475af-e600-40fe-b66b-d3d6bf39bd41,picked_up,Destination,2026-08-17T23:32:39
0c9b1f7b-da3e-46ae-a61d-b5d90f59a875,a3c475af-e600-40fe-b66b-d3d6bf39bd41,in_transit,Local Facility,2026-08-18T19:25:57
8ac280b8-88b5-437d-be4f-f685795f26d6,a3c475af-e600-40fe-b66b-d3d6bf39bd41,out_for_delivery,Local Facility,2026-08-20T01:20:54
0530c587-3488-4661-8324-d70f8a2b18ea,a3c475af-e600-40fe-b66b-d3d6bf39bd41,delivered,Regional Hub,2026-08-20T05:07:27
23f73c11-257c-44a8-aba2-2abc8ce9b67d,f595f833-5cb0-4df1-b7b6-20b571bcd663,label_created,Destination,2026-05-03T20:49:44
68016318-9174-450a-886f-3cd97c1b0107,f595f833-5cb0-4df1-b7b6-20b571bcd663,picked_up,Origin Facility,2026-05-04T15:06:49
f8a5082c-de51-4b34-9eca-ccb5f877355e,f595f833-5cb0-4df1-b7b6-20b571bcd663,in_transit,Local Facility,2026-05-05T07:33:42
45ffc1bc-4573-4020-a88c-0caa134815b9,f595f833-5cb0-4df1-b7b6-20b571bcd663,out_for_delivery,Regional Hub,2026-05-06T10:46:00
63a69c9e-8872-4c98-adde-fb96be8c8075,f595f833-5cb0-4df1-b7b6-20b571bcd663,delivered,Regional Hub,2026-05-07T11:05:14
24cda70a-6cd3-45bc-ae6f-80d33380d8d0,a3ca813e-5295-42c4-b1ef-4485bcec2b71,label_created,Local Facility,2026-08-17T09:49:03
bbbb1519-089c-45c5-b485-b73ca06bacba,a3ca813e-5295-42c4-b1ef-4485bcec2b71,picked_up,Local Facility,2026-08-18T03:21:01
83dc427e-6405-4a79-b039-878ee7e1f5dd,2b2e3627-7041-489a-9bb9-8fffdb4fa335,label_created,Origin Facility,2026-05-10T08:43:49
6af6e011-bebf-48bb-96d5-28a235539bdf,2b2e3627-7041-489a-9bb9-8fffdb4fa335,picked_up,Regional Hub,2026-05-11T07:00:00
b33ac91f-74b4-4724-956a-ea8e8ab630a9,2b2e3627-7041-489a-9bb9-8fffdb4fa335,in_transit,Origin Facility,2026-05-12T00:34:20
9c476593-f26d-4dda-b5d9-07d62efdc23b,2b2e3627-7041-489a-9bb9-8fffdb4fa335,out_for_delivery,Destination,2026-05-12T22:15:46
b0960724-bdcb-4ebf-80b8-28cc20b0835e,2b2e3627-7041-489a-9bb9-8fffdb4fa335,delivered,Destination,2026-05-17T02:25:02
170c6f2a-04b8-4cf2-8f94-4a9490cf0d88,4a6d388f-194f-4343-9315-f6e311c003d4,label_created,Origin Facility,2026-08-09T22:13:26
01a8c87d-74d7-4378-89fb-d6ccfbf4e791,4a6d388f-194f-4343-9315-f6e311c003d4,picked_up,Regional Hub,2026-08-10T12:25:41
0d4f9384-0b6d-4834-acfe-d7d61006b032,4a6d388f-194f-4343-9315-f6e311c003d4,in_transit,Local Facility,2026-08-10T18:12:32
5472f089-7c35-4139-9b04-a8ee59167582,4a6d388f-194f-4343-9315-f6e311c003d4,out_for_delivery,Local Facility,2026-08-11T23:02:05
9f3d8c02-7a06-4e99-81fd-6fd6e3660f03,4a6d388f-194f-4343-9315-f6e311c003d4,delivered,Local Facility,2026-08-12T03:31:13
d3b48172-4bd6-475d-8969-15f1654623ea,8217abba-bfc7-4452-a2a3-2c8e77a07f7d,label_created,Destination,2026-05-30T19:57:09
bcd70b85-33a6-4f94-b60d-617d0be3dd90,8217abba-bfc7-4452-a2a3-2c8e77a07f7d,picked_up,Local Facility,2026-05-31T08:49:46
8ad36a45-13a2-4b60-9b46-a601dcfbbc88,8217abba-bfc7-4452-a2a3-2c8e77a07f7d,in_transit,Regional Hub,2026-06-01T02:57:41
4c5d0ca7-3a0b-44e6-8093-8705ddfddf37,8217abba-bfc7-4452-a2a3-2c8e77a07f7d,out_for_delivery,Local Facility,2026-06-01T14:11:59
bd08f9b4-99f7-444d-ab04-eb814cdea91c,8217abba-bfc7-4452-a2a3-2c8e77a07f7d,delivered,Destination,2026-06-05T22:26:00
a63d3e71-a6ac-4a53-a7b5-71629f867088,b9a28ff8-53ee-43c8-aeb0-7078967cd5b0,label_created,Regional Hub,2026-04-03T06:13:51
9df5bbf7-11ac-45ae-a673-8d7e1be228d9,b9a28ff8-53ee-43c8-aeb0-7078967cd5b0,picked_up,Local Facility,2026-04-04T04:24:55
ec067043-5471-4611-bcd0-d5cd1359601d,b9a28ff8-53ee-43c8-aeb0-7078967cd5b0,in_transit,Destination,2026-04-04T23:53:44
af38de83-4552-470e-8fc1-78c1896af52f,b9a28ff8-53ee-43c8-aeb0-7078967cd5b0,out_for_delivery,Regional Hub,2026-04-05T03:43:53
9bcd8ab6-865d-468d-b244-010d664d5f3f,b9a28ff8-53ee-43c8-aeb0-7078967cd5b0,delivered,Origin Facility,2026-04-05T22:16:31
e7a24ef4-d673-4382-93cd-ccc1a7c8a4d3,31eb998c-f9e8-4a02-9f7a-672e37a69262,label_created,Local Facility,2026-07-11T04:25:45
bb5054b4-fd0a-48a7-88f3-5ac115e79f37,31eb998c-f9e8-4a02-9f7a-672e37a69262,picked_up,Local Facility,2026-07-11T07:10:29
719f3026-c845-49f1-82b8-62d3b0849a97,31eb998c-f9e8-4a02-9f7a-672e37a69262,in_transit,Origin Facility,2026-07-11T19:34:06
216f1db2-7cf5-48fb-9642-7e4d3c5cfa99,31eb998c-f9e8-4a02-9f7a-672e37a69262,out_for_delivery,Origin Facility,2026-07-12T16:10:54
59c3d1fc-7a32-48a2-ba66-1b6ea57d36ef,31eb998c-f9e8-4a02-9f7a-672e37a69262,delivered,Origin Facility,2026-07-12T23:21:30
b91667fe-b0ac-466c-afb3-db5ace1fc1c6,6b1f60f7-b105-46dc-bcc6-cb919dbefb3a,label_created,Destination,2026-04-10T04:34:51
2be555be-d030-448f-aa87-4ab0f7111f5d,6b1f60f7-b105-46dc-bcc6-cb919dbefb3a,picked_up,Destination,2026-04-11T03:27:46
cd54ecfc-eeb4-4582-ba02-c83ed297aac4,6b1f60f7-b105-46dc-bcc6-cb919dbefb3a,in_transit,Destination,2026-04-11T18:03:02
10cdaa2d-a238-414a-9918-6d245124f533,6b1f60f7-b105-46dc-bcc6-cb919dbefb3a,out_for_delivery,Origin Facility,2026-04-12T16:15:02
1bfecd8d-ddc2-477a-83cb-82550f45474c,6b1f60f7-b105-46dc-bcc6-cb919dbefb3a,delivered,Regional Hub,2026-04-13T13:22:00
872e4ee9-21e2-43f6-b8d7-77643896b8d1,be2c9044-c44f-4a11-91ad-c1d646954bd1,label_created,Origin Facility,2026-04-03T12:15:30
510524c0-6574-4157-b85f-ea5c69d51bef,be2c9044-c44f-4a11-91ad-c1d646954bd1,picked_up,Regional Hub,2026-04-04T08:10:18
1dc96b32-ae76-4a99-8843-508824dbe360,400feba3-7a2c-4e02-b654-eaac01d77bba,label_created,Destination,2026-04-08T14:08:53
fd1973a8-3731-4383-9d07-c0fcdc1e3c08,400feba3-7a2c-4e02-b654-eaac01d77bba,picked_up,Regional Hub,2026-04-09T17:41:02
37de4298-156b-4cf6-b147-19da0a58010b,400feba3-7a2c-4e02-b654-eaac01d77bba,in_transit,Destination,2026-04-09T21:52:58
78e02f88-e635-46de-ad25-401336bb50a6,400feba3-7a2c-4e02-b654-eaac01d77bba,out_for_delivery,Destination,2026-04-10T11:25:01
aaedabec-f9e8-449b-90e3-c462164e4539,400feba3-7a2c-4e02-b654-eaac01d77bba,delivered,Destination,2026-04-11T01:52:36
9da55169-f1a8-4cfb-b841-30d6d1808b90,4b2d9eb8-ae61-4b09-910e-370d333eca4f,label_created,Regional Hub,2026-06-21T22:19:54
9a4559d1-7070-4085-8a04-d80e15e6a863,4b2d9eb8-ae61-4b09-910e-370d333eca4f,picked_up,Origin Facility,2026-06-23T02:55:59
7461f1a4-6043-4cc2-b0ad-22d695037570,4b2d9eb8-ae61-4b09-910e-370d333eca4f,in_transit,Destination,2026-06-23T19:31:42
3e9d67d7-6a71-4045-9a31-13a726743fb6,d68a67b7-0549-4ab2-8cf7-cf18748d6449,label_created,Origin Facility,2026-02-20T09:21:10
b1801e1a-b4c3-46c5-84f2-aa7d58a3a93b,d68a67b7-0549-4ab2-8cf7-cf18748d6449,picked_up,Local Facility,2026-02-21T00:01:16
b66bf371-cfcd-4b65-a220-ee12f95a53e3,d68a67b7-0549-4ab2-8cf7-cf18748d6449,in_transit,Destination,2026-02-21T20:51:02
f8e3cc95-b0dd-4de1-b241-759bafc5fe5f,d68a67b7-0549-4ab2-8cf7-cf18748d6449,out_for_delivery,Local Facility,2026-02-22T08:51:15
bebbb690-113b-40bb-bbdc-4f34abb3141a,d68a67b7-0549-4ab2-8cf7-cf18748d6449,delivered,Destination,2026-02-22T20:12:15
8337dfa6-7462-481b-90b3-8505e965054f,fe6c311c-cf3c-4b02-914b-80bdac265fe7,label_created,Destination,2026-04-15T15:11:31
13256551-060a-4486-a2d2-7ebe13fc7ea5,fe6c311c-cf3c-4b02-914b-80bdac265fe7,picked_up,Origin Facility,2026-04-16T07:55:55
3bec9d1b-7cde-4b32-9954-5edd2ed20c51,fe6c311c-cf3c-4b02-914b-80bdac265fe7,in_transit,Local Facility,2026-04-17T12:13:22
2c1c2c1f-6c01-423a-ba8c-74b6bffa77e0,fe6c311c-cf3c-4b02-914b-80bdac265fe7,out_for_delivery,Local Facility,2026-04-17T19:16:57
b0b89e7a-565d-451e-8996-b57c6e6f4e05,fe6c311c-cf3c-4b02-914b-80bdac265fe7,delivered,Local Facility,2026-04-18T13:25:21
5dd0a587-5f5b-4acc-abc1-5b3cf2648d44,53179368-f606-4397-98f0-a11369c40ef4,label_created,Destination,2026-08-02T19:39:07
7da51a85-7b61-4409-b3c3-1c9a5c63a5a0,53179368-f606-4397-98f0-a11369c40ef4,picked_up,Destination,2026-08-02T23:32:54
65e4f58d-201e-4010-a421-ee7902d8aa59,53179368-f606-4397-98f0-a11369c40ef4,in_transit,Regional Hub,2026-08-03T13:43:19
ab46ce5c-cc94-4e13-8fbd-626ee6f1dbd7,53179368-f606-4397-98f0-a11369c40ef4,out_for_delivery,Origin Facility,2026-08-03T16:32:39
5429bf80-d4b0-41dc-8dea-035ef78bd0c8,53179368-f606-4397-98f0-a11369c40ef4,delivered,Origin Facility,2026-08-04T03:33:48
6c139eb6-7ca2-41f0-8c92-90367810a800,c3bf8a67-829a-4b70-a0bf-0f477f21d9df,label_created,Regional Hub,2026-05-13T11:40:39
cfc3b66e-6d97-4fb4-88b6-e1df9cabf350,c3bf8a67-829a-4b70-a0bf-0f477f21d9df,picked_up,Local Facility,2026-05-14T05:27:23
89a5a6b3-9e68-439e-b2d3-bd478e0f1176,c3bf8a67-829a-4b70-a0bf-0f477f21d9df,in_transit,Origin Facility,2026-05-15T07:31:28
948bb2fa-f65f-482e-b822-14f01a0f6006,c3bf8a67-829a-4b70-a0bf-0f477f21d9df,out_for_delivery,Origin Facility,2026-05-16T10:44:45
f6ef9a01-3125-4afe-8a25-a9c7e7d5abfc,c3bf8a67-829a-4b70-a0bf-0f477f21d9df,delivered,Local Facility,2026-05-17T16:07:44
f954c7f0-8f35-46c9-add6-d0ff55a0e49f,ea4bff2f-0ee9-4fc4-9091-8dda6c9173db,label_created,Destination,2026-07-27T15:43:35
451bea1b-0017-49d9-a18d-6f79db626ea3,ea4bff2f-0ee9-4fc4-9091-8dda6c9173db,picked_up,Origin Facility,2026-07-28T09:30:39
617cf736-ba50-44ab-92bc-40b2921f2829,ea4bff2f-0ee9-4fc4-9091-8dda6c9173db,in_transit,Origin Facility,2026-07-29T11:17:18
4f186741-4c5c-4147-92b9-ce9ea0e1adcb,ea4bff2f-0ee9-4fc4-9091-8dda6c9173db,out_for_delivery,Destination,2026-07-29T17:48:35
94d4bd12-345f-4e2e-8fcf-f452799e0619,ea4bff2f-0ee9-4fc4-9091-8dda6c9173db,delivered,Destination,2026-07-29T21:47:40
2f03972e-cac3-4dec-bc13-06bc47ab4de2,40794327-e88a-4db9-9a82-ef2676be289c,label_created,Regional Hub,2026-04-18T13:43:11
79509b2f-56d7-4280-ac89-047109e37ce5,40794327-e88a-4db9-9a82-ef2676be289c,picked_up,Destination,2026-04-19T02:57:18
76a6b1b2-5fb7-4eaf-bf2d-fc6aa9571c99,40794327-e88a-4db9-9a82-ef2676be289c,in_transit,Local Facility,2026-04-19T22:36:28
7ee8d70b-71be-47fe-8b7d-7098d3f5b85c,40794327-e88a-4db9-9a82-ef2676be289c,out_for_delivery,Destination,2026-04-20T22:41:55
c27f1cc9-0b05-4795-b6eb-2b8f85dc406a,40794327-e88a-4db9-9a82-ef2676be289c,delivered,Local Facility,2026-04-22T01:42:16
7d4556ff-c2db-4bb8-9eb2-ae2e152a09c6,e58e2df6-034a-4ef6-8610-c9034e6beab1,label_created,Regional Hub,2026-06-27T23:04:45
72448969-0f80-4cd7-ae10-5d9c5855f9d0,e58e2df6-034a-4ef6-8610-c9034e6beab1,picked_up,Regional Hub,2026-06-28T07:57:40
690c513e-c8bb-4028-a4bb-1a192c2ee995,e58e2df6-034a-4ef6-8610-c9034e6beab1,in_transit,Regional Hub,2026-06-28T19:31:49
c97c413c-84ad-4352-8b2a-e10c3fbad333,e58e2df6-034a-4ef6-8610-c9034e6beab1,out_for_delivery,Destination,2026-06-29T13:07:34
ce4e45e4-d8e5-478d-a1aa-2db1d1a26007,e58e2df6-034a-4ef6-8610-c9034e6beab1,delivered,Destination,2026-06-29T21:02:03
f5b253e7-b804-4490-87de-ab90e01f87ce,6df78255-8e8e-4a0b-b255-84c38dfbbe03,label_created,Origin Facility,2026-05-07T20:47:23
94835c39-f943-4939-9b61-587beaada590,6df78255-8e8e-4a0b-b255-84c38dfbbe03,picked_up,Local Facility,2026-05-08T07:22:16
f9e7c551-b6b8-44d7-96ca-180fbc41e5a2,6df78255-8e8e-4a0b-b255-84c38dfbbe03,in_transit,Local Facility,2026-05-09T05:03:50
452f3fb7-4e18-4504-a185-700608d03fca,6df78255-8e8e-4a0b-b255-84c38dfbbe03,out_for_delivery,Origin Facility,2026-05-10T04:12:08
716a6922-39e8-44de-b48a-d63f30fc054e,6df78255-8e8e-4a0b-b255-84c38dfbbe03,delivered,Destination,2026-05-10T11:22:05
3d2ac09d-9cbe-4235-9e50-cfd8dfffa668,66c5ea38-744c-4e0d-aef4-bce137134071,label_created,Destination,2026-05-23T09:22:39
1a483a01-c097-4cf7-8025-cc5eb0a13315,66c5ea38-744c-4e0d-aef4-bce137134071,picked_up,Origin Facility,2026-05-24T07:14:43
4fbee9bd-1f81-4667-a766-ecba8a11ac20,66c5ea38-744c-4e0d-aef4-bce137134071,in_transit,Local Facility,2026-05-25T09:56:14
e541c6cf-5e27-499c-b7f6-ec236daaff45,66c5ea38-744c-4e0d-aef4-bce137134071,out_for_delivery,Regional Hub,2026-05-26T05:22:41
b2edd17b-8536-4421-9e30-35d256c269b9,66c5ea38-744c-4e0d-aef4-bce137134071,delivered,Local Facility,2026-05-27T10:16:55
cb07acc9-649c-4aca-9173-ffcee20e0202,0b3559eb-88c0-460f-9909-c071bd362a3b,label_created,Local Facility,2026-07-22T09:26:42
bab03214-f6ec-406a-b28f-2ac2aa59dada,0b3559eb-88c0-460f-9909-c071bd362a3b,picked_up,Local Facility,2026-07-22T16:17:51
19cbc506-162a-490c-b06c-e25d99b5fbe6,0b3559eb-88c0-460f-9909-c071bd362a3b,in_transit,Local Facility,2026-07-23T15:14:11
15dd3d20-fa50-489b-83ce-e4ae26bb5318,0b3559eb-88c0-460f-9909-c071bd362a3b,out_for_delivery,Local Facility,2026-07-24T17:12:01
f1775e87-eea5-404f-85a5-3e994241d718,0b3559eb-88c0-460f-9909-c071bd362a3b,delivered,Origin Facility,2026-07-24T21:26:31
a96ecae7-24e2-489c-815a-f34d01550f31,f2a499c5-eead-4890-9d2e-63cba01d3dbb,label_created,Local Facility,2026-05-15T02:46:17
9150562b-d042-4e4f-8864-50cda3f8f2d4,f2a499c5-eead-4890-9d2e-63cba01d3dbb,picked_up,Destination,2026-05-16T02:55:19
75b6c75e-ca90-4fb5-8401-dffd33194fdf,f2a499c5-eead-4890-9d2e-63cba01d3dbb,in_transit,Destination,2026-05-17T06:30:59
53d211ee-dc84-43c3-a8a2-eec2d9e1334f,f2a499c5-eead-4890-9d2e-63cba01d3dbb,out_for_delivery,Destination,2026-05-18T11:24:52
a9d810a6-2144-4749-a8c3-e0edc17bdfaa,f2a499c5-eead-4890-9d2e-63cba01d3dbb,delivered,Destination,2026-05-20T02:08:43
bc81046c-a80a-4538-8c45-3c9b3cad62f1,ce678a0c-1b6a-45e5-b254-ab0f71720678,label_created,Local Facility,2026-06-27T18:31:22
dfd0f135-5450-400c-9a45-18f532e48888,ce678a0c-1b6a-45e5-b254-ab0f71720678,picked_up,Origin Facility,2026-06-28T08:03:15
ed30ff51-e012-4900-9c90-65835d3f3f20,ce678a0c-1b6a-45e5-b254-ab0f71720678,in_transit,Regional Hub,2026-06-29T06:54:36
1da2cc6a-c115-4a63-8eaa-57af66a624c7,ce678a0c-1b6a-45e5-b254-ab0f71720678,out_for_delivery,Regional Hub,2026-06-29T20:07:53
8924b6c2-5665-4eea-9281-c67ecb291c17,ce678a0c-1b6a-45e5-b254-ab0f71720678,delivered,Local Facility,2026-07-04T21:11:33
586c85f3-0577-42c5-965f-2480ef8e565f,681c3f3d-cce6-4d9b-8381-6945fed935fd,label_created,Origin Facility,2026-06-19T20:00:10
a790ef94-14e0-413d-a9f8-1725b8868cd2,681c3f3d-cce6-4d9b-8381-6945fed935fd,picked_up,Destination,2026-06-20T23:10:14
83f7ea63-15d6-4d41-a016-0850f7088a4c,681c3f3d-cce6-4d9b-8381-6945fed935fd,in_transit,Local Facility,2026-06-21T04:22:59
e8892cd0-44b1-4679-b6f2-b61d43621f8c,681c3f3d-cce6-4d9b-8381-6945fed935fd,out_for_delivery,Origin Facility,2026-06-21T07:39:13
c8163216-1880-4c33-a9c4-7d9f57c4bfec,681c3f3d-cce6-4d9b-8381-6945fed935fd,delivered,Destination,2026-06-21T23:32:11
4d9aeded-5e90-4540-81dc-c56c5b3d0cee,569df8ca-139a-4da7-90fd-4cc3aa4c0017,label_created,Origin Facility,2026-06-08T16:28:35
b6db7609-bbd1-4807-8dd4-f4f966ee3988,569df8ca-139a-4da7-90fd-4cc3aa4c0017,picked_up,Local Facility,2026-06-09T01:40:22
164add27-85d0-4d4b-b43f-e01b635ab3b5,569df8ca-139a-4da7-90fd-4cc3aa4c0017,in_transit,Regional Hub,2026-06-09T12:18:41
5cec8027-b95d-4adc-bb8a-8d4817c98c13,569df8ca-139a-4da7-90fd-4cc3aa4c0017,out_for_delivery,Origin Facility,2026-06-09T22:02:03
999b7a8a-c028-4aac-831a-893e3006d248,569df8ca-139a-4da7-90fd-4cc3aa4c0017,delivered,Regional Hub,2026-06-10T19:48:29
34456962-82a4-4056-9428-1b750ea42c66,19f2b4ca-e850-4fdc-92cf-d154c08fc119,label_created,Local Facility,2026-06-23T21:23:18
dca83951-95cb-4b6f-9964-c1f58fa6fff2,19f2b4ca-e850-4fdc-92cf-d154c08fc119,picked_up,Origin Facility,2026-06-24T10:01:27
c4b42810-5f30-431e-9f93-364826e267a2,19f2b4ca-e850-4fdc-92cf-d154c08fc119,in_transit,Regional Hub,2026-06-25T13:08:53
80528e56-c163-4ce7-a6d7-556e58dcb5ab,19f2b4ca-e850-4fdc-92cf-d154c08fc119,exception,Regional Hub,2026-06-25T23:08:53
449c9bc0-3f1f-4afd-8099-a19c95c67d91,cd5d14a1-9de8-41e0-aa0f-a5435a4fcb03,label_created,Regional Hub,2026-06-07T11:13:07
b8983ffb-14e1-474b-b470-39969f4fd099,cd5d14a1-9de8-41e0-aa0f-a5435a4fcb03,picked_up,Destination,2026-06-08T11:35:41
d9199f1f-61d3-4fe8-bdec-761eb33e840c,cd5d14a1-9de8-41e0-aa0f-a5435a4fcb03,in_transit,Origin Facility,2026-06-09T04:15:29
571deaab-de74-4d69-a04b-74cc4f7bd908,cd5d14a1-9de8-41e0-aa0f-a5435a4fcb03,out_for_delivery,Regional Hub,2026-06-09T12:48:20
2ec868bb-f82d-4fbb-a3d9-a31b4b42b2da,cd5d14a1-9de8-41e0-aa0f-a5435a4fcb03,delivered,Destination,2026-06-10T14:12:15
c7cbfd99-9b90-42e0-ad6f-0603e925b74e,8e3a2310-c1e8-44a4-b842-aaa66e04cb92,label_created,Regional Hub,2026-06-22T07:34:16
ba9c3d51-91fd-4fe9-9407-0aa600c5aa58,8e3a2310-c1e8-44a4-b842-aaa66e04cb92,picked_up,Regional Hub,2026-06-22T21:01:15
cd78cfe0-798b-4d8c-9cfd-54ff260ad54c,8e3a2310-c1e8-44a4-b842-aaa66e04cb92,in_transit,Origin Facility,2026-06-23T00:50:24
e7969d8f-a274-4d03-a723-50f89ac1943a,8e3a2310-c1e8-44a4-b842-aaa66e04cb92,out_for_delivery,Local Facility,2026-06-23T10:04:16
dda2a045-d228-40a6-acf1-1ad2c7a7dddc,8e3a2310-c1e8-44a4-b842-aaa66e04cb92,delivered,Local Facility,2026-06-23T21:28:36
e6cace3d-3ab5-4be5-b910-49f2bfaa11e7,22145782-3d32-4dba-93d5-cd358fbbc8ec,label_created,Origin Facility,2026-03-22T15:40:59
597276ad-ef28-42cf-bef8-8b87b0d10d17,22145782-3d32-4dba-93d5-cd358fbbc8ec,picked_up,Destination,2026-03-23T15:25:37
9343770b-60c9-4500-8af5-d55ee8ae3dbf,22145782-3d32-4dba-93d5-cd358fbbc8ec,in_transit,Destination,2026-03-24T09:06:01
23b266df-2902-439a-9ae6-45c40083b377,22145782-3d32-4dba-93d5-cd358fbbc8ec,out_for_delivery,Regional Hub,2026-03-25T11:00:49
e2ae5b46-258b-460a-ba85-a178492332ee,22145782-3d32-4dba-93d5-cd358fbbc8ec,delivered,Origin Facility,2026-03-26T01:08:17
2e8f96bb-61cb-49df-89ab-7a7f67d4e199,e7d1d4ea-3aac-4a95-9d6a-d69f40e26c9e,label_created,Origin Facility,2026-07-01T23:37:52
30bc1422-8d8a-41ab-9815-d07a52887f8f,e7d1d4ea-3aac-4a95-9d6a-d69f40e26c9e,picked_up,Destination,2026-07-02T20:55:38
dc7e31f3-5510-487a-a4b4-1214f2e0abb2,6b6dc774-3fe4-4615-a299-79163a8ddd74,label_created,Destination,2026-06-16T03:01:20
3a4a13fb-d16d-47b4-8f15-7d3f7c798809,6b6dc774-3fe4-4615-a299-79163a8ddd74,picked_up,Destination,2026-06-17T01:13:53
982bf816-66f1-45b6-b568-7ef2316e3a27,6b6dc774-3fe4-4615-a299-79163a8ddd74,in_transit,Regional Hub,2026-06-18T01:41:12
11699cf2-3332-45b2-a910-371778db96fb,6b6dc774-3fe4-4615-a299-79163a8ddd74,out_for_delivery,Origin Facility,2026-06-18T16:43:52
958e9c9d-57ea-4dd4-8389-aec0f031f8c8,6b6dc774-3fe4-4615-a299-79163a8ddd74,delivered,Local Facility,2026-06-19T08:13:09
78991ec4-cd0f-41b9-8be9-5a8692f01672,2ee6fe82-a9c7-4481-ab87-35e39095ecfc,label_created,Regional Hub,2026-07-09T19:04:15
116086c6-28a9-4607-9a21-2eb2aa2703be,2ee6fe82-a9c7-4481-ab87-35e39095ecfc,picked_up,Regional Hub,2026-07-10T01:41:12
9c97e5d3-66e6-4035-835b-4d32094bcf97,2ee6fe82-a9c7-4481-ab87-35e39095ecfc,in_transit,Regional Hub,2026-07-11T00:18:25
7fe8abff-a50a-454c-9ad6-db9177435e10,2ee6fe82-a9c7-4481-ab87-35e39095ecfc,out_for_delivery,Regional Hub,2026-07-11T05:39:19
550d1723-d1d4-4f93-ba7e-80ee3c19db1a,2ee6fe82-a9c7-4481-ab87-35e39095ecfc,delivered,Local Facility,2026-07-11T20:32:37
840e50c6-7f5c-4869-8c5e-0bd62ccfa996,6138860f-5bdc-4224-a47a-279ef6d69734,label_created,Regional Hub,2026-05-13T09:50:18
d2782c4f-752b-47e1-996e-5064a6dec62a,6138860f-5bdc-4224-a47a-279ef6d69734,picked_up,Regional Hub,2026-05-13T15:53:40
ce8a6db7-a1a6-4d2f-b64e-8f3c59b8a40a,5cc2791b-b8d4-40c4-9251-70ea4f20b1f1,label_created,Local Facility,2026-03-05T04:29:08
cb8f4682-cce3-45eb-8a5b-622319de2210,5cc2791b-b8d4-40c4-9251-70ea4f20b1f1,picked_up,Origin Facility,2026-03-06T09:27:42
1e8ba952-7b6c-4aa3-a38c-212a8690772f,5cc2791b-b8d4-40c4-9251-70ea4f20b1f1,in_transit,Origin Facility,2026-03-06T11:54:11
dd70dfa6-a8e0-49e8-baf9-c5cf162018eb,5cc2791b-b8d4-40c4-9251-70ea4f20b1f1,out_for_delivery,Regional Hub,2026-03-06T16:39:47
f389d67e-10ef-4640-8610-f7c453020b60,5cc2791b-b8d4-40c4-9251-70ea4f20b1f1,delivered,Regional Hub,2026-03-07T13:47:37
3b92249e-a8b9-4719-9a89-c867bdc277b0,46d35eac-57a7-473e-8076-0ee69ae0660a,label_created,Regional Hub,2026-08-05T02:49:45
70c5ab10-32a6-4b2e-8eac-44be1ab86fe9,46d35eac-57a7-473e-8076-0ee69ae0660a,picked_up,Origin Facility,2026-08-06T04:49:16
18c74288-1499-4cc4-9980-70a6a632d3d9,46d35eac-57a7-473e-8076-0ee69ae0660a,in_transit,Destination,2026-08-06T17:19:06
9e3ea62f-2f1e-43df-bc69-94665022cb68,7b4e012e-9f06-4114-a0a7-5c62d68ad17d,label_created,Destination,2026-07-02T23:12:08
093f205c-d391-49b0-9b8f-49322d10849e,7b4e012e-9f06-4114-a0a7-5c62d68ad17d,picked_up,Origin Facility,2026-07-03T22:28:57
3b171045-f821-4460-918e-e69d2a4ba61f,7b4e012e-9f06-4114-a0a7-5c62d68ad17d,in_transit,Origin Facility,2026-07-05T03:56:21
3a60f4f3-ddff-414b-b206-edc98802e81e,7b4e012e-9f06-4114-a0a7-5c62d68ad17d,out_for_delivery,Origin Facility,2026-07-05T12:38:58
f55414c0-0696-4456-a97c-68d166db523c,7b4e012e-9f06-4114-a0a7-5c62d68ad17d,delivered,Regional Hub,2026-07-05T17:05:51
