id,order_id,address_type,line1,city,region,postal_code,country_code
5f351f3a-cf5c-4042-b29a-00338e177a27,34b8044b-f532-4932-ab91-df5268c93576,shipping,3269 Tran Lights Apt. 307,East Tina,MD,22456,US
d27059e3-5636-48c6-b2f1-41b2a0c3d096,34b8044b-f532-4932-ab91-df5268c93576,billing,990 Kristen Bypass Suite 431,Jessicaberg,OH,88312,US
fe20708b-1ff1-449a-a544-9baf9a3128f6,aa9c2cba-5598-4a03-b3c5-0cfee41519c8,shipping,12204 Perez Burg,South Pam,PR,08023,US
30424c1d-cc68-4087-abc6-72b5770fe3d9,9d651c23-4935-440a-993c-3f32b9919895,shipping,2116 Elizabeth Park Suite 301,North Stephen,VA,53171,US
84b87ad8-ba7c-49cd-b56c-2470f466d28b,581d22a6-f3ad-44bc-ab9a-74b0230ce126,shipping,480 Diana Islands Apt. 210,Lake Janetchester,SD,93543,US
4641933f-563b-4ed4-b346-d0cfbdd5db4f,ca57856a-5cbf-4707-b858-eee7c26acbcd,shipping,869 Suzanne Garden,South Michael,NH,89623,US
44040a9f-c42f-4a15-9d95-5f74e379c82b,c404ee8d-f8e7-4020-9c0e-993a0b738e08,shipping,1483 Joshua Squares Suite 964,Dennisborough,OH,22029,US
89c7b2fa-5d5b-414a-9952-0add495fccf6,4e30ae81-4a11-48c0-8010-72dc7fe7ed59,shipping,32731 Amy Road,South Mark,IN,50859,US
bfe1c51c-a55b-4201-b0bd-a88feff24846,bd5e3568-9468-4e7e-9f15-13d8f2ec17c7,shipping,9387 Arellano Groves,Anthonyshire,VT,20718,US
a05de498-b689-4b54-8487-e836a3ad0106,bd5e3568-9468-4e7e-9f15-13d8f2ec17c7,billing,826 Bobby Shores,Jasonfurt,MH,40840,US
81102ef2-b6a6-4104-bd7d-ab25a65de579,f2405ee7-52f4-4a9e-8820-248609978a83,shipping,46931 Howell Mall Suite 673,New Terrymouth,IN,63914,US
3125cc25-baa3-48e9-8f8f-0636eab05fd7,f2405ee7-52f4-4a9e-8820-248609978a83,billing,4137 Case Views,Brownside,AK,99748,US
4a5e2917-239d-4599-854b-6e325f357f24,fbbea6a7-576b-4f86-bc69-696831f3f3e3,shipping,7559 Ronald Brook,East Monique,NY,53005,US
8c229631-00e4-429c-b74e-f1f59c658836,142e93fd-4251-47c6-8f95-b6b8fd7228d5,shipping,98603 Howell Point,South Jessica,AZ,69568,US
d5cee42e-b580-4ece-bf81-bbf8ff0d5418,1e6a3dc0-b9fd-4017-9b25-40a67016957e,shipping,827 Ashley Stravenue Apt. 352,Toddmouth,AK,94045,US
c37d6a00-bc01-4adc-81fb-4003e4f1bd5f,d8631820-6427-45e1-b520-8123688f1f93,shipping,46185 Goodwin Landing Apt. 115,Bellmouth,HI,35138,US
ea222998-616b-4027-84c9-fb805bde3303,eb076421-168c-40e6-9748-0b3232b99af1,shipping,10545 Copeland Fields,South Terriville,MH,02557,US
8a3f4da5-fa97-4f30-8b67-7ac0df8dee60,eb076421-168c-40e6-9748-0b3232b99af1,billing,484 Krause Terrace,Wisefurt,NJ,86820,US
056eef92-b8bd-4e4e-b4f1-faf2d8c42830,36a19837-ddeb-4b38-a9a9-8da73c91b26d,shipping,984 Rebecca Gardens Apt. 480,Port Elizabeth,LA,37669,US
24f391d6-b692-461b-ad9d-fa9380395327,c1a27c06-18ae-4057-b12f-5195f0da654d,shipping,4411 Cooley Inlet Apt. 688,West Deborahbury,MN,54849,US
57606628-286b-4820-b405-73d0761eda5f,b994b1db-2e67-4277-9bba-8b19120f8fc8,shipping,3030 Carr Brooks Apt. 761,Vincentton,PR,95989,US
6985bc87-ad87-4308-bbe9-0acbe44edc82,1f8086ac-08a4-47ce-9b18-ac655929024b,shipping,671 Lisa Square,North Staceyshire,KY,59762,US
13a8442d-bc8a-42e1-b72a-eeea24ea090a,c9263372-ad12-48ae-8f4f-515ff5b82a98,shipping,4029 Sara Via Suite 657,West Joann,OR,11899,US
451e9599-1379-44c7-a226-d71b3ba25074,6f18dc7c-0b74-47b8-8b85-8f430536f8c0,shipping,432 Lindsey Oval,Fitzgeraldbury,NC,29809,US
40cf5b48-12e8-45aa-9411-ba8c693f426d,54eb1721-5d0e-4958-a3cd-a517322df5e1,shipping,11453 David Glen,East Michael,AL,65249,US
ecec15cc-0cbf-445c-bad6-ff2d86c1c086,b369c1c1-200a-4887-9048-4fdf300b6d9b,shipping,18152 James Harbors,Johnland,FL,39693,US
0c794295-4306-434f-94bb-dc5702246020,b369c1c1-200a-4887-9048-4fdf300b6d9b,billing,12738 Johnathan Forge,Christopherhaven,PR,55008,US
85c18282-234c-481c-a7b9-36163357ef4c,f44c8bbc-b78b-437f-aaa1-35375e5f2895,shipping,7756 Hernandez Court Apt. 724,Alvarezberg,NJ,42298,US
57f49b3a-4470-4018-980a-1b9cc0427348,4e7541c1-06b8-4eab-bf29-4f2bc47c974f,shipping,51184 Green Garden,Jasontown,NY,83927,US
4febdd21-35c3-4b52-ada0-5d8d79781b34,da9d695a-2ac5-4f4f-90be-86420e86f119,shipping,961 Perez Courts Suite 262,North Kimberlybury,ID,54020,US
f7039a8d-1358-47a0-8c06-60ab310ecc92,8d09a4a2-a35b-4d1e-bce4-58611b53a7a9,shipping,3674 Sanders Meadows Suite 352,North Kimberly,OK,53175,US
c9086480-f8a6-406d-a26e-ede36c68dfc9,a29f5ae9-186d-45cc-baae-e0bd96ebd5e1,shipping,0897 Ramirez Expressway,Taylorchester,WI,15512,US
9bcd7e6e-0836-4608-a260-da5fdab1129d,3af5f001-a231-48ec-a42c-d464a84ab2ff,shipping,8013 Kyle Centers,Laurenhaven,AZ,78337,US
3bdaa401-cde2-44f0-830e-142e47d4b655,b50e044f-cab8-447a-9ee6-3e54cd5a563d,shipping,5455 Stacey Ports Apt. 006,Smithland,VT,60596,US
51217479-f7f7-498e-a94d-68815c71204f,01b232bf-ae2d-4ee0-aaac-37f45a197f39,shipping,89827 Williams Roads,North Courtneyberg,NH,88263,US
a3b4f68d-65d1-4e49-ae12-ef351d1adb5a,e09c5300-1ea1-4a38-bd16-ddaaeb28f069,shipping,321 Hubbard Estate,Port Christopherton,ND,02694,US
d6370d07-2cfe-4b8c-9191-84b87353e7ee,a2038761-418d-4084-a1b0-6c615ec135c5,shipping,5184 Brown Ferry,Joshuamouth,DE,61470,US
decc4f27-71c4-4d4b-9920-8b94e6721ae0,d450652f-f18b-4111-8ff0-994984e0fa18,shipping,3470 Benjamin Mountains Suite 534,Lake Sabrinaside,KS,01682,US
77336cfc-65a5-4227-b35b-f37db89b1bc9,5517adae-807f-482b-9972-cf050d0b9f9f,shipping,249 Jeffrey Shoal Apt. 827,North Danielle,FL,35700,US
6c32d224-7e16-49e1-9608-cf9fc45d3d45,d639ef5c-7218-4777-b052-e48b8bae6dc7,shipping,371 Mitchell Pike,Port Stefanie,NH,82644,US
3abcfda3-8c66-4eaf-81b5-46e2929ef67b,cefb6a9a-f49e-4acf-8ae5-20a0485df33e,shipping,597 Frederick Turnpike,Williamschester,NC,29927,US
b8a6cabe-55ab-46a6-ab20-2cfca93db530,4d07cbab-5642-4847-adfc-dd6a0f9c358f,shipping,99085 Veronica Green Suite 585,New Laura,ID,95473,US
2199ca17-33ae-4820-b2ea-0b0ca6953337,3059d904-8013-47a4-8bac-63d0372bb9c1,shipping,53302 Peter Throughway Suite 535,South Zachary,WI,79681,US
5e83cd86-7085-468a-9bfa-6884855156b9,ab84870d-f569-4db7-a212-0d7af37a328e,shipping,7784 Sandy Street,Port Mitchellville,VT,58272,US
b1013c4a-9070-4900-b4ce-b527381f243d,ab84870d-f569-4db7-a212-0d7af37a328e,billing,098 Angela Locks Apt. 141,North John,ID,84276,US
0af41207-aa0a-48f9-a313-4efef6473fca,e73b3d66-4bec-4b42-b257-69be143c4ffb,shipping,67714 Rita Forks,East Robert,MI,65187,US
07144748-68aa-43fa-b096-cf9048e138c5,15a4996a-14a0-49a4-8e6e-c47ed566a7a7,shipping,628 Jade Walks,New Jennifer,CA,52737,US
0a84584a-1fec-4012-b55c-bd283f02cd90,42dd10f2-9ba3-4c37-a4bf-afd05616511a,shipping,63510 Debbie Radial Suite 375,West Angelica,HI,61946,US
d0d4310c-f0d6-4805-b9f7-605bedf90537,42dd10f2-9ba3-4c37-a4bf-afd05616511a,billing,636 Kevin Meadow Suite 033,Bellville,NY,49721,US
3ccfa7cd-861c-4bd0-811a-766ffdfccc4b,911d75b9-1cdb-4186-abaa-00dfddb0ed9e,shipping,3906 Sampson Prairie,Chrisburgh,PA,78077,US
11f7f6f0-ca75-4fd2-b197-6e41c6d523af,75df6f04-fdbe-46fd-8b4e-fa71a9a81637,shipping,135 Gonzales Plain,Mercerstad,GA,87567,US
eee7b0f2-3911-49e3-a685-8cf1674e799c,daf4bb19-90ab-4761-83ce-7dfc5550cf6b,shipping,0688 Robinson Shores,Nicholasport,WY,54296,US
a30127d4-786e-4716-9f7d-c62f1418147f,0b1ff8ea-9937-446e-81e4-37eb2a4389e1,shipping,6403 Lori Flats,East Krystal,SC,82838,US
616eb3e0-9d50-4ae4-8e97-33290d424077,4358e9b8-35f6-4946-93aa-8fa97f464a60,shipping,72421 Gray Forest Suite 792,North Colinmouth,PW,97147,US
e6d44a9e-7915-48e1-a1a6-fce056ba055d,4358e9b8-35f6-4946-93aa-8fa97f464a60,billing,229 Reyes Square Apt. 379,Reillymouth,MO,08117,US
adb957fc-edd8-4b66-8772-1fb9cd558144,99c53d62-76c8-4ed1-b823-1a1dda072d33,shipping,975 Jennifer Parkway Suite 711,Stevensborough,RI,14115,US
47598cb2-b291-4452-9106-101031a1c0e6,bed1babd-9572-4b47-9e61-d89c9486f0f6,shipping,01096 Adams Heights Apt. 238,New Christopherville,GA,18254,US
2aa80215-b81f-4792-97d4-b9ba7cbef213,698fc565-d482-42e8-8fa3-e48822274dd6,shipping,482 Hall Heights Suite 746,Johnport,WI,27998,US
dca44d0b-6a51-414e-96f8-659fe70d2eb0,698fc565-d482-42e8-8fa3-e48822274dd6,billing,957 Elliott Groves Apt. 607,Port Nancyland,AK,86761,US
1a810f8c-632d-4595-a23b-b81e091d83d3,7f80db95-8f52-48a0-b340-1724c7321523,shipping,80320 William Pine,Scottville,WY,82501,US
56d08109-e91b-4c0b-b27b-c16d7013a9f9,00c24c48-2a9c-41e3-8c8a-8a8e9921b4b0,shipping,5318 Sue Junction Suite 574,Port Jacobchester,GU,07991,US
65563f69-56de-4c08-8016-b8b2d5852f38,b8fe392f-372a-4fd3-a78c-be36ec4ad977,shipping,5559 Cristian Heights,Smallton,UT,89685,US
5c30c1ed-1e32-46aa-b173-6019027db1d1,41138834-b74c-4295-8ab6-3c904317cba0,shipping,5182 Torres Key,South Paulton,FM,17699,US
bd8cafa0-53c8-457e-a766-05ce0ab8bf18,8c48813f-b6f7-4e84-9dcd-ef79fde5f998,shipping,421 Rebecca Islands,North Samantha,NY,23742,US
60f65d61-d6fd-4c8b-8ae1-1983d45580ba,b9570fc9-b1f9-4c44-b2ab-afaa24d36505,shipping,915 Kenneth Estates,Jeromeville,MT,22891,US
5bb3755e-a72c-4a72-aeeb-7df9a5209b4c,b9570fc9-b1f9-4c44-b2ab-afaa24d36505,billing,36002 Amber Pines Suite 663,Stephensfort,MS,06079,US
06102153-ee68-4c6a-912e-82d90eb61563,5c365c1a-9a58-4b21-82a8-7884365d8517,shipping,98036 Tyler Mount,Heatherview,ND,11584,US
b5798d39-cab6-456a-a99e-eddd360bfaf5,4c6b200e-934a-408e-be9d-720cbc60739f,shipping,27473 James Port,Port Karenchester,VI,86885,US
1201394e-e55a-4362-a649-5c34ce8e9fe3,1cae5e3d-453b-4ec3-b764-cbf96bdb7fc9,shipping,9845 Palmer Pike,New Claudia,ME,14604,US
9898e619-9960-4395-8bf4-87a4e3979ec1,42bd4f1f-07bd-457a-b894-c8e7c74a1e27,shipping,1563 Matthew Knolls,Melindaview,AK,86675,US
c25607a3-c136-4ea5-8c0a-d916b15cd308,2b188713-5ec2-4a08-a376-b48c3c57bb92,shipping,1446 Harris Meadow Apt. 246,Fryburgh,KS,40125,US
6e33c69c-584b-4160-8cda-807d506013d9,fd9e0b78-11d7-400a-bf23-a72cc9e6f6c7,shipping,2102 Taylor Trafficway,Port Karenport,WV,53395,US
9ad72f99-4fa8-4343-bcfe-7f4ceb310605,6fa85714-4f6c-4f4f-942b-d9d9f222acb4,shipping,3734 Caroline Islands,West Garyside,AL,40405,US
7594bffe-198c-4dc0-9fd0-a47499c40a2c,c7be8c1e-e0e4-48aa-af57-4c332f9df141,shipping,2744 Brian Forks Apt. 106,North Seanmouth,IN,08326,US
01d4d03c-31ed-4fa2-9f65-5c9210d3dfdc,c7be8c1e-e0e4-48aa-af57-4c332f9df141,billing,91140 Katie Extension,Cynthiastad,PA,12488,US
e8bed423-2501-4753-9c61-3e52973fd8a7,1742bba0-be16-402a-b5a4-9e2c91503790,shipping,31199 Dale Squares,Andersonport,IL,34830,US
11077b16-5a8a-4aea-9071-e04593ba6acc,495141aa-3f3a-4250-9a05-5e8cf3664738,shipping,0538 Mckay Place Apt. 676,Darrenmouth,VI,34880,US
d8ca50f1-a103-4089-85a5-59ec6115fd1c,43d29e6e-7300-4bab-8bca-bb458371b1d4,shipping,458 Casey Stream Suite 791,Brandonview,MT,83253,US
e1eb7fcb-7092-42ad-83ef-4de3892faaf2,43d29e6e-7300-4bab-8bca-bb458371b1d4,billing,04768 Kenneth Circles Suite 584,Westport,AZ,67281,US
2dc5315e-1b03-4391-a4de-e93a971c0c12,ffbffc13-21b0-4f0c-a8fe-e8662c6b5803,shipping,7354 Martinez Pine,Aaronhaven,DE,27549,US
d32328a1-407e-4fe5-a1b4-ef6e00f6290b,e2255131-073f-474f-b042-c2ecb7b29521,shipping,7328 Mitchell Path Apt. 098,Haleyborough,VI,50426,US
9ccbd5f5-6f2c-4dc0-a8b8-d2ec87541092,9a257a6d-789b-4250-9741-e7c139ec4c94,shipping,435 Gallagher Avenue,Cruzbury,IA,58436,US
6c5ec28b-eb94-46f1-a6f7-10fbe767a896,9a257a6d-789b-4250-9741-e7c139ec4c94,billing,8424 Michelle Groves,West Kimberlyfort,VI,47091,US
557dbcc7-7faf-4ab0-888b-d0acde29edba,f6364d40-8d70-4d25-9c83-f2e73131c55d,shipping,22255 Hayes Flats Suite 872,Stephenside,PW,10908,US
d67c5f63-8d77-4e7d-9cd9-8f02554246b3,9d9b4f2f-a73b-4195-a829-6afa81cc716f,shipping,1671 Beverly Ford Suite 677,Lake Brianburgh,MD,19542,US
b7a7a7f0-b0de-48ca-8afb-b7631d0c5291,1676bd7d-db73-424e-899f-1b7d17062218,shipping,693 Torres Landing Suite 045,Meganhaven,TX,85761,US
b4d009c4-1e9f-4a46-919d-270ec1d95f17,2ffd9af2-e824-432f-8bb4-ce57951a4348,shipping,53805 Corey Village Suite 013,Foxshire,IN,63459,US
a84171ee-a19c-4306-8e09-a74edebb77a2,66cd91bc-83b5-4085-b53b-92f1762d8b18,shipping,8599 Sandra Pine,Susanchester,IL,67184,US
c3c2a590-1549-4eed-a546-836b29e7bbdf,77bbdb3f-2dad-494a-9ea7-0f7ccf7716c2,shipping,84596 Fields Views,New Ryanberg,PR,64128,US
554feb56-3881-464c-bbde-9f0fda1465c8,f9ec1cac-a460-4e3f-b576-b62f0a5101a4,shipping,0706 Jeffrey Glen Apt. 009,Joshuamouth,VT,06070,US
9d0b83e0-de4c-48ff-aaa5-2a1cab5d8d16,9d8cbb41-97b3-4417-ac53-d50458ace10f,shipping,132 David Ford,West Benjaminberg,OR,16353,US
86873e74-7960-4595-9556-90483e0ce09d,9d8cbb41-97b3-4417-ac53-d50458ace10f,billing,79153 Gregory Station Suite 317,Jeffreyborough,GA,87548,US
bfe7c53a-a873-4b4f-be46-ed271b2faf3d,995029c3-b02b-4bc8-9a0c-48453c7cfc9b,shipping,804 Cooper Fork Apt. 936,Heathfurt,VA,21311,US
57a8e37f-ebfe-459e-a093-5c2ea1316bb7,13476fc4-98e9-44c6-b87e-84ff2f73d799,shipping,0094 Knapp Mall Suite 506,Salazarville,MP,74782,US
f3fd41a9-9c44-495f-b979-63e0845779e6,c7c52841-d091-469e-8625-e6ef13598fee,shipping,9518 Jasmine Street,Frederickshire,ME,17969,US
771f26c9-29aa-4284-9b13-c93ded0a1716,3bf58df4-d78e-408c-8ae4-ee225fd58107,shipping,101 John Spurs Apt. 263,Carrilloland,ID,47517,US
fcbb084e-edf1-486d-a855-776e5cda38f9,5277173f-e976-48ae-8274-43eaf42392e9,shipping,606 Tommy Common,Lake Joe,MO,92217,US
b4667839-657b-44c5-bf44-e8483bb76e90,4116622f-d45b-4838-9ba4-beea8ebdb2fe,shipping,7458 Kelly Corner Apt. 821,Teresabury,GA,50803,US
4bb5d08e-d999-4501-a2af-32b0d7570da6,af0d4b1c-fc0e-4d43-b9d4-04f8d71c318f,shipping,0027 Tanya Manor,East Linda,AZ,31136,US
28996232-c7b1-407b-8b90-0e1951aa04bf,4dd35bac-0ab4-4c7f-b622-65a510e2ca54,shipping,54150 Jonathan Viaduct,East Donna,NJ,40986,US
6eeb3d8c-1ad4-4565-90b1-a17fb52f0518,93f581fc-c7ab-44a3-9e24-057be96d02da,shipping,15839 Vincent Tunnel Suite 917,Weisstown,MT,30889,US
25f80dbb-48d6-45a2-8459-55f02ed2a903,77a5e1ee-9347-4663-ae56-b8848f85b239,shipping,66665 Walker Islands,Thomasland,KY,86809,US
54aa6d8f-41d9-4e64-b55d-8584d628ccea,7ac694d0-a9d2-4baf-bcc6-3e5c91c1a961,shipping,791 Russell Land,Lake Brandi,OH,86856,US
c50c7112-2df0-4aea-ae30-0ddb8c228fad,4567835b-4878-468a-8d01-59eda4631021,shipping,022 Baker Stravenue,Teresamouth,WY,71626,US
4fef62fd-65f9-4130-9dd1-a51b98f9177c,af3780ea-897d-4ed6-af98-f197013e91e0,shipping,02149 Carter Ridge,Danielport,FL,74821,US
de1caf15-f27b-4946-963f-b9276bdb9518,f74c80e0-458c-4c5a-a28d-8cbf109d5e3b,shipping,9324 Heather Ridges Suite 782,Buchananland,MT,48762,US
b43efb7b-45b4-4f18-80bb-62b73821f80b,010790be-ba8e-4402-a8ae-e46500e581e3,shipping,502 Danielle Terrace Apt. 247,Spencerburgh,NH,03147,US
5cd5355a-772c-458f-bd75-9d77e08f7fea,431941d1-bff3-4002-9be2-a100d86d40af,shipping,516 Robinson Prairie,Lake Cindy,MA,88648,US
2acf5fe8-341f-4b76-b882-83c65ca65430,a4b680de-788a-4f1f-97f2-9e4fc91dbc77,shipping,541 Farley Village Suite 602,Blackville,AZ,54070,US
606c4294-ad04-4aa9-a1a4-04c632efa97f,161d2da8-72fa-4b28-8b4e-02dbbd9cd015,shipping,9623 Anderson Trace,New Kevinshire,DE,94715,US
50e2480a-bb14-430b-9ea4-9e2104384a3d,1ab49b08-d90e-4ca6-b496-6fe143d08ad6,shipping,7088 Christopher Fort Apt. 701,Connorbury,MP,47184,US
acd49d0f-3c25-464d-84b0-457971ae8088,1ab49b08-d90e-4ca6-b496-6fe143d08ad6,billing,12798 Brown Glen,South Paulborough,WI,47972,US
3e0b414c-19c7-4c59-86d7-5ae9258e405b,22d8eb6f-4bd1-43eb-9ba4-05fe9b472c87,shipping,151 Snyder Run Apt. 404,Lake Margaret,MD,67002,US
2df692fe-3c40-44f5-85ae-a504a89d5cbd,22d8eb6f-4bd1-43eb-9ba4-05fe9b472c87,billing,882 Michael Hollow Apt. 151,Anaville,OH,42148,US
6d82f5c1-0826-4b7d-9ed4-3918113b1ba3,c51ed77f-0d06-4f49-8d2b-92a07a8c701b,shipping,25499 Jacob Vista Suite 032,Sanchezside,MP,62489,US
fdc49258-1cd5-498e-87ad-bbfc886b0a3b,4cd78a38-63b9-4fca-9f73-ca2db6e051f6,shipping,6072 Charlotte Pass,Lake Amber,CT,54505,US
4cc15686-aa0b-48a5-9be1-9fa19fa5d4ff,2876f6d7-f2f0-4add-a9df-fcbb75771d4a,shipping,62413 Velazquez Bridge,Evanbury,AR,84004,US
0bf23dec-6724-4832-9afd-5614a2e2417b,7b84fc9b-042d-4df7-8fdf-4557c8450af4,shipping,665 Brenda Green,Shannonchester,IN,63050,US
4488d162-3472-4ac1-99c7-076213d24ec2,8129982c-851c-43e9-87aa-bcd93e3081ab,shipping,1328 Jacob Landing Suite 673,South Tonya,OH,79339,US
1c38b0fd-8206-4bb7-b374-686a4e6178ff,8129982c-851c-43e9-87aa-bcd93e3081ab,billing,4283 Christopher Spur,Karenton,ND,89304,US
effed422-fa8f-46e3-9705-ea6e4379b58b,a7afbd0e-e8d5-4099-be61-3f810725932b,shipping,904 Jon Stream Suite 567,Dylanside,CO,71838,US
e86af579-c2fb-4ea5-bd61-6ea3e80a407a,08d54f8b-0869-4ebf-a477-9d13d5895060,shipping,296 Carrillo Lights Apt. 396,Lake Anthony,MS,82337,US
36974dc1-8798-49fb-82e4-7c6a5955a6b0,a3bfd0d6-823e-414a-b3a5-b163c63579b9,shipping,057 Kevin Fort,Owensmouth,UT,28866,US
f2279a19-f074-43bc-906c-62fb29ee5858,a3bfd0d6-823e-414a-b3a5-b163c63579b9,billing,05324 Castro Mission,Sanchezside,MI,32893,US
55dbd7b4-641d-4306-b2ec-9eb400a22794,57054f7e-3dcc-4b7d-995d-d0cd02c3607e,shipping,317 Flores Crossroad,Lake Julie,CA,72490,US
19f26492-d6be-4e82-a7e8-d96726a48cdd,486e1b41-f9ca-4ca7-b6ae-78c8b44f000b,shipping,258 Douglas Fort Apt. 874,New Mistyburgh,MI,36273,US
33d4374b-e250-4d9f-94f8-6b5c2f47d1b8,6ec74e7e-a2cb-4287-8f61-916dcde711b2,shipping,743 Harris Alley,Anaville,TN,65699,US
c14a02d9-34df-4ba7-a52b-477706aa53d5,c14bd7ba-1f46-472d-83ab-4c10045de03a,shipping,0496 Norma Station,South Aaronland,IL,72055,US
27fbbefb-9f22-4235-87ea-6e9f0556048a,c14bd7ba-1f46-472d-83ab-4c10045de03a,billing,3294 Patterson Spur,Kylehaven,NV,72745,US
bbfc7202-cd05-4c7c-b801-496ae0bd7a45,fc852cd3-68df-4544-a089-d459f30117a3,shipping,799 Warner Center Suite 371,New Jenniferville,AZ,46973,US
f0f2eb0d-91d7-4824-83bd-837689dc30ca,40786b8d-f637-4aac-aa7f-61f8e4878d44,shipping,01072 Walker Camp,Lake Tonymouth,OR,69360,US
ead27596-67a0-4f65-bc12-ce24d49a60f0,259b1c58-795c-4f19-8900-7adefa16cf99,shipping,3008 Todd Street,New Dalemouth,MT,66090,US
688d9d3a-13a0-4c85-a0f0-770f58e8e449,d9fd1532-d66f-4004-a384-18b0ad9e8774,shipping,405 Eddie Mount Suite 348,Port Nancyland,WV,60482,US
25cdf427-023b-4a87-a4e2-556676be5534,47473db5-153b-4f97-b0e9-5616106bf6c5,shipping,07297 Gregory Trail,East Gabriellaview,AS,32339,US
643550cb-59a7-4196-8466-f4ae128251f6,dcbcee2c-f179-4506-9bf8-11e4cfecb041,shipping,617 Logan Alley Suite 419,West Garrett,AR,38347,US
6bee0601-d9ed-4da6-bf5f-7f3fb36539ee,83dfa4c8-2187-4d99-a392-aa50b42f57a9,shipping,69498 Contreras Ridge Apt. 689,West Margaretmouth,MT,29214,US
b342039c-ec38-4b77-833b-da8baf5aa949,83dfa4c8-2187-4d99-a392-aa50b42f57a9,billing,37135 Beard River,Lake Traceyborough,CA,92305,US
1a5bd70f-e8ac-40a3-abcd-494a4f2c0a25,dd9caa1c-7c95-4cdc-ab1c-11389a06171f,shipping,93437 Parrish Forges Apt. 210,East Josephburgh,MI,99560,US
c8b5f296-a11f-4fd0-a6cf-2f37c20a149f,dd9caa1c-7c95-4cdc-ab1c-11389a06171f,billing,44059 Stephanie Pike Apt. 127,Port Robert,ID,58549,US
5ba3f19a-9479-42d0-ae68-ddcfa10a30be,8ad23843-3205-4e20-8e14-1c77711361c5,shipping,8068 Ian Branch,Bradleymouth,PR,99739,US
348665bc-0441-4a1b-abc5-5a7a14d644ac,2eb4df40-6bd7-497c-b36d-f36b1686f7bd,shipping,830 Evans Prairie,East Kathleenburgh,CT,18398,US
b7e649da-b801-4cc8-8c4a-4fd165008f66,604d77dc-0375-4cc1-9f56-8a9d4162e5f5,shipping,494 Conrad Squares Suite 114,North Christopherbury,NE,93674,US
fc06797e-ecb5-4606-8a86-7041cb8b86e8,73b5466a-e859-4bdd-b960-af977ab938a9,shipping,615 Sanchez Walk,Lake Derrickberg,WA,82920,US
8c144848-2640-494d-8e17-9bec0c763ebd,73b5466a-e859-4bdd-b960-af977ab938a9,billing,369 Franco Creek Apt. 612,Thompsontown,GA,01662,US
ab681f1d-8164-44e0-b31a-ce8b657a814b,8da79b4c-5db8-42c5-ae81-6c1107d06712,shipping,6940 Wallace Shoal,Meyersfurt,OH,73287,US
8abd469f-18ea-425b-b939-271bbfa24c69,8da79b4c-5db8-42c5-ae81-6c1107d06712,billing,21943 Tammy Tunnel Apt. 170,West Stevenborough,AZ,90391,US
4a192b1c-2899-4a7b-ae30-b7ced15e8f77,3ee08440-4eef-4bee-b22b-cc0087e76ce5,shipping,150 Kristen Station,Lake Stephanieshire,MD,53773,US
3e5e5cf1-2563-4d5e-bb39-bdefde33d875,6f2be4db-4eb1-4120-a31a-f07e3563d92d,shipping,97902 Walter Shore,Port Frank,TN,56193,US
62bab416-77bb-42df-a3db-3110861b6805,fb29e235-1f33-4535-9dac-12c8c34b4a37,shipping,937 Garcia Ranch Apt. 308,Kimside,CT,72974,US
db72d96a-276e-431c-8b33-54c996a1acae,38128dd7-c691-4eb9-8abf-058d4de03481,shipping,9375 Miller Passage Suite 715,East Sarahton,FL,10110,US
bfe853eb-9c57-4208-8773-1e5d09b689cd,38128dd7-c691-4eb9-8abf-058d4de03481,billing,5762 Brenda Parkway Suite 568,Smithside,OK,55115,US
caf5afae-2b50-4cbc-9774-39461dcceac3,0c8b0bba-841e-454d-8e99-c378c277316f,shipping,41474 Miguel Street Suite 757,Port Brittany,WI,51834,US
ce014490-57a0-45d0-b0b6-8a83cdfa2680,bbad157a-77e2-40cf-8d25-48fb94a01cd7,shipping,2743 Ryan Pines,Evanburgh,OH,95812,US
d86813b2-e0f9-4f34-8786-cd2ba0c1b046,f7d71d1a-3e92-4928-972f-4a971e3438b5,shipping,6694 Timothy Plain Apt. 316,Nguyenfurt,MS,67533,US
c536b84c-512a-494e-b820-5c8edfcee3c1,f7d71d1a-3e92-4928-972f-4a971e3438b5,billing,58183 Santiago Underpass Suite 249,Lake Cherylborough,NE,08010,US
ba6c8ac9-1f5b-4084-b1b5-7cee90d487a4,e7a7e878-f08d-4ff3-b52f-8f42596fc7a8,shipping,82246 Powell Fords Apt. 139,Lake Nathan,NY,98327,US
114ae8f9-faf1-413e-bdef-219effc86e57,54d4a0e4-60fd-4e9e-9144-235aade6dd62,shipping,2536 Nelson Estates Apt. 986,Reneemouth,MI,24084,US
260788ce-da6c-4308-8a37-fd310621fb4c,54d4a0e4-60fd-4e9e-9144-235aade6dd62,billing,62513 Michael Rest Suite 076,Rebeccachester,MT,36081,US
ec4347fe-b926-47bd-9c15-78bd5265e4a4,7425c4c6-a958-4ca4-a978-4e18d234a287,shipping,6144 Bruce Villages Suite 782,East Holly,VI,43235,US
7f605d42-4bcc-4b62-bb73-8bfb161c74be,4ee4d9f9-27ef-4ecf-b25a-444910b256d2,shipping,7336 Ayala Pike,Johnsonview,WI,22324,US
c8552fc5-1d25-44b5-9812-ef78dc11028c,b268782d-4596-4eaf-a87f-184f6f1a8a6a,shipping,69174 Hernandez Street,Dixonport,MN,25325,US
2161c676-d987-4c55-9536-5c8c2fa260bd,6ba63807-84be-41c3-a87b-0f041e4b7744,shipping,38094 Walton Stream Suite 582,South Nicole,CT,29614,US
b1ae19f7-dd63-4024-a314-217fdf56e55f,de076f77-622a-41c4-af33-1d9231ceedf5,shipping,03623 Smith Turnpike Suite 528,Lake Davidfort,RI,24594,US
20bf6d21-f2de-4799-b86d-6cc5a3546775,ef021c99-d582-4da9-8e5f-c4e73ab829cc,shipping,74922 Young Hill Suite 781,Wilsonville,ND,16206,US
6f7eb0c2-aca3-4f61-b577-fb631f714fe0,a6b50cc1-e956-47a5-abf7-7bbd24970291,shipping,204 Gamble Valley,Morrisborough,GA,03242,US
3bf454b7-4494-4fd4-a0b6-103eeb8148c8,032f5025-c737-4134-9199-bfde6147e820,shipping,697 Berry Islands Suite 074,Lake Barbara,NV,02807,US
6f947e89-0758-42f1-957b-0c29fe05ec82,032f5025-c737-4134-9199-bfde6147e820,billing,08448 Howard Mews,North Amber,LA,79082,US
46181b5b-0556-4549-8899-ef201c4846f3,afabc65b-acd4-49a8-9c82-17cde828d762,shipping,0973 Leon Drive Apt. 267,Michaelmouth,AZ,70751,US
e08a88db-9583-446c-8f7a-e2ed715c3718,40cf2001-2560-41f3-8597-df7f9962eab7,shipping,190 Morris Island,Smithfort,VI,60661,US
04ef459b-7884-42cd-9555-5e7b4339a039,0a58db27-743c-4aba-99d6-8e004b84f3f0,shipping,20788 Anne Valleys,East Andrewbury,HI,14565,US
f1a2fdc0-cba0-4365-8a50-9472ef437e90,18ce4fa4-aee7-4e07-900f-d83f9a374b6e,shipping,459 Alan Trace,Laurenberg,PA,69917,US
063f5d83-b2b1-4a7b-977e-8991fc5e2949,ecb879fc-2257-4ecc-a0c0-413825ae6adc,shipping,7825 Allison Branch,Waterston,NY,16129,US
7ea90e9c-89b5-476f-b7a4-e59792c2bf0b,22db94ee-0d12-4f85-8233-a3625d92439b,shipping,053 Mark Flats,New Ninabury,NJ,03040,US
6ea34ad3-3c29-4b6c-a23d-24d90b246c79,b1862969-d503-432d-8719-82abe3254638,shipping,287 Ryan Rest,Port Ambertown,AS,86127,US
31c59d9e-b10f-4c97-8ac4-d618c375b056,aa818db3-9343-47d1-bef1-8576d0a3f593,shipping,06309 Cruz Walk,Jillside,NE,52831,US
2d66fd5d-787e-4a3c-838e-16180e6b032c,d589cbec-3a0a-4961-995d-544607d95686,shipping,945 Yvonne Manors,West Alexanderfort,AR,96482,US
da75249c-7097-4207-a4f2-0aec6266de8f,d589cbec-3a0a-4961-995d-544607d95686,billing,024 Bradley Cove Suite 004,Greenmouth,MP,38203,US
e4d71b94-e0b4-4ceb-a139-c4a515b6d79f,0e107c26-afad-4cec-bb95-728f38c961c6,shipping,44168 Christopher Oval Suite 591,Bishopland,AL,79345,US
b93c17b9-eabc-4014-9118-b7f7a42b8bad,e8834276-a50e-463f-884a-fa8d9a0835cf,shipping,38919 Marie Spring Apt. 083,Schneiderhaven,NY,19944,US
963b4332-c19f-4b82-953d-2fcc208ab9ea,7314fd20-1137-4d99-83f4-895dfe899c5f,shipping,1663 Jessica Islands Suite 031,Barbaramouth,ND,12830,US
4396eb4b-6dd5-4853-8efe-3b151e874d3d,b2e608e5-8d2b-4a7d-ad2f-dd04cb540803,shipping,145 Paul Stravenue Apt. 746,Perezfort,NE,24364,US
16e6a77e-e97a-42c7-84bc-9383a369c885,590ede4a-2784-4037-9efd-79784ff65e4e,shipping,2661 James Trace,New Codyborough,NV,13435,US
68ccba85-8921-40e9-9390-9ee921fbb73d,b2733bb1-1404-486c-8c29-932b26b1125e,shipping,6063 Walker Mill Suite 892,East John,CA,88695,US
4baa6a20-c213-45a4-ab1c-ee213dd90abd,c5fa54b1-216f-4940-aef0-35415b93af01,shipping,46079 Garcia Springs Suite 453,Port Nicholas,OR,64530,US
300715a0-1bdd-42af-ad21-3f56aa1b6962,666a6865-2ac9-4f22-8d3b-76f375a114ec,shipping,65248 Matthew Club Apt. 354,East Katrina,OH,64760,US
951da964-20f0-474b-9110-9d62e0e62060,25a48d89-10b2-4217-89de-91aa8468a84f,shipping,67446 John Squares,Leroymouth,ID,75922,US
bc0e3e69-1398-4f26-9645-1afb7e69bdfb,bbce5209-f2b8-4c50-900b-b69cc058f319,shipping,537 Johnson Ridges Apt. 948,Lake Garyborough,WY,93723,US
e9fce3a3-442d-44ea-b3cc-b8c72506bc73,e285985b-2d18-4fd5-b6d9-a9945bebf353,shipping,05808 Henderson Forge Suite 731,Cookhaven,IL,68166,US
25f76dbd-18e8-42d3-8228-1f44929d77af,7561b638-1f25-42b4-9727-e65df5d8cf08,shipping,1409 Haley Mountain,Thomasstad,CO,10256,US
1da1b401-777e-425f-b3c3-e300352c90c3,5c13841e-1652-452a-8528-d2499a3cd66e,shipping,0364 Holt Camp Apt. 324,Jasonmouth,AZ,20143,US
23ab013a-1447-472e-8704-82e888bea556,5c13841e-1652-452a-8528-d2499a3cd66e,billing,42108 Jacqueline Tunnel,Smithmouth,VI,62464,US
11172637-4d50-478b-b5c2-7f56463b5cd7,b368b40b-044e-40c4-b3e6-43aa15f6d79d,shipping,564 Baldwin Ridge,West Jamestown,IN,36501,US
daf9a85a-202b-45d2-a271-47b0e1944995,01b18876-bffd-4620-8868-a5a73c8f5ead,shipping,83839 Brandon Plaza Apt. 693,New Sandra,AL,73416,US
d6fb57d5-6b17-4fe6-9e59-7a3b5cf1c8cc,548b06d0-6bcb-41a8-97b0-d1d7f99d6a58,shipping,24513 Kathleen Drives,Williamborough,FL,10778,US
be0cd496-e76c-423d-83ed-15441fdebf21,400ef9cd-67c0-4bd0-b4b6-2d44d6ec2cc7,shipping,036 Martin Road,East Jonathan,NV,32018,US
4544e665-5310-4c05-8cca-5a99777cecea,a5f37ed6-5f65-461d-9418-3b2dc7b52a22,shipping,933 Melissa Plains,Kingland,GA,64476,US
fd511fb3-bf19-40fd-9525-94eb1d81a564,b29649cd-ade3-4ab4-8de4-68f07e8d9cc7,shipping,318 Carroll Knoll Suite 585,Jessicaburgh,SD,60457,US
34cb541a-5322-4292-bf09-1c2779900840,f2b653de-4797-4296-bd30-1295a0ec0505,shipping,2900 Taylor Loop Apt. 248,Davisburgh,NH,22386,US
8885ce8d-8ef9-44bf-bcf3-18db849b70ea,8b144d52-2bdf-4f51-9725-74804fe15833,shipping,19018 Tara Summit,Christinemouth,AZ,04605,US
68ab6595-f559-437b-b2dd-30e76ad26326,edba58b0-8ebf-4dd2-a36d-c01c4d5aa87f,shipping,512 Ricardo Valley,Maynardton,NM,70488,US
9d26b325-51d7-44cc-88ba-3b4664067f4f,58a849d8-d3b3-4431-9d60-206babbc66d6,shipping,7797 Hicks Flats,Hinesborough,ND,30454,US
8b6568c0-9d0d-40c8-958c-c9d1a2dd6121,65b4b3fc-ec5b-4082-b2c3-016b813f7289,shipping,37103 Mark Junction,Letown,MO,38340,US
498837e3-d760-434d-af03-5f7c354dc500,65b4b3fc-ec5b-4082-b2c3-016b813f7289,billing,83336 Brown Island Suite 541,Mollychester,SD,21091,US
b92f9ec5-96e0-4e8a-8296-a84808bf9852,c01da84d-360c-4db1-9c9f-b91e90f3102f,shipping,8911 Green Shore Suite 642,North Ericaside,UT,93389,US
6cdf2ac8-f847-4ab1-ad87-8afccc089d0a,c01da84d-360c-4db1-9c9f-b91e90f3102f,billing,0812 Heath Road,Garciaview,SD,70540,US
f333edac-078e-4ab4-841e-ad0bc2dee1c4,2efe99a0-d2c3-4ea3-82d1-cb6922244115,shipping,749 Turner Way Apt. 783,Kevinville,IA,96624,US
f4fc5ad2-158a-4a9f-9d2e-d69958e8b8b2,c55b888c-10aa-492f-85dd-eb8800adcddd,shipping,3106 Deleon Valleys Suite 224,South Stephanie,SC,63775,US
ce735861-f6ef-45ad-97b1-a939e745aa51,59f20e51-d9c4-411e-91fe-d18fec85b3e6,shipping,908 Arthur Hills,Tamiburgh,HI,11936,US
199c7a97-2562-479f-97c8-395467e76371,588fdb72-fb72-463d-876b-8db5f849a531,shipping,4681 Lopez Common Suite 747,Christopherfurt,WA,58331,US
1b9fdd27-c526-4712-8adb-de902d34ee76,7460beed-b554-4125-b175-10fdf38f8a12,shipping,89116 Mark Overpass,North Katherine,PR,97022,US
dde606f6-8e1d-4b4b-bca3-f4ee5797d477,0df95f26-de45-4ddd-9761-fce86106f17e,shipping,724 Murphy Prairie Apt. 904,Port Jennifer,SC,37890,US
5d206755-6300-4071-b6fd-d96eb5d31c54,0df95f26-de45-4ddd-9761-fce86106f17e,billing,249 Yvonne Meadow Apt. 108,Port Anthonyview,SD,83253,US
39d94d92-96df-4007-80f2-56c4ebc07d17,9191e7b7-e30b-43e3-843f-d16bc309da52,shipping,528 Daniel Extensions,Jasonton,MT,63233,US
361360cd-c644-4767-bc5f-f5ea8bcc06b6,9191e7b7-e30b-43e3-843f-d16bc309da52,billing,345 Wilkins Run,Heatherville,AZ,67333,US
b3e44c4f-21cc-4d58-b776-97e966965756,d862eb90-e2b2-44d1-aae1-af5771d671b8,shipping,304 Emily Mission,Brooksville,WY,08209,US
f4ffd899-3c08-4be0-b2ab-699b3c8a2116,d862eb90-e2b2-44d1-aae1-af5771d671b8,billing,955 Steven Land Apt. 093,South Michelle,MT,99887,US
2de574b6-910d-48b6-9a26-be7b7c72e0a4,96e9291f-2820-4666-88a8-8b47ecc46e09,shipping,2609 Jay Fort Suite 875,Wallbury,WV,13996,US
a3aa435d-d890-4872-8dcf-c7a549423419,d1e66b63-6084-4a0f-a338-7b398db02a1c,shipping,4760 Charles Islands,Kennethmouth,KS,60793,US
885ca83b-1db4-4a45-8a34-ef62e04ad167,75706769-6a8a-4798-a3be-50e422cfb008,shipping,3358 Oconnor Square Apt. 038,Grimesberg,DE,44961,US
40c6d05a-9e85-4129-8431-4c0bb09b4b08,7ac605ae-2a70-4b1e-99c1-cfa621072c08,shipping,64950 Randy Mall Apt. 684,Kathyland,VT,09703,US
8a318fa0-8922-4f93-a2a6-abde12696838,db237c79-fd76-4eef-a773-2ded3e4eb4d3,shipping,868 Cassandra Islands,New Thomas,NY,00669,US
7254d852-df70-4f8f-a2b1-f1e4812dfdba,66531fd3-0d0e-4c36-8e17-82c7fad9306b,shipping,268 Norman Stream Suite 610,Johnhaven,GA,15489,US
32ffcbb8-895a-4e86-aa9b-a5b388efc883,66531fd3-0d0e-4c36-8e17-82c7fad9306b,billing,20737 Kevin Extensions,New Willie,IA,90282,US
e6ec2e8b-347f-4490-9516-f97641047a84,32ba4ce2-68cf-470d-a93e-63aa84b81adf,shipping,6730 Samuel Terrace,West Timothy,IL,07470,US
7197a744-044b-474a-af80-3e7f52ab3163,2952f888-d363-46c8-ae56-08010921bbd4,shipping,2022 Marc Spring Suite 149,Greenechester,MO,28492,US
76e0fbb1-a2ed-4876-a2f9-44818c0d71c8,01708483-ae1f-4dbe-bc0e-cfc208bc618f,shipping,3559 Sarah Mountains Apt. 708,Smithshire,KY,63875,US
bacca58b-9b62-43f5-807b-ab625b569356,54f46c4f-1141-4a95-9539-11ad9180bb69,shipping,320 Cunningham Island Apt. 211,Port Amandatown,IL,68443,US
47e61408-a7fe-4e8f-963f-1b9d537d482c,461bcbf7-6753-4693-befb-67ff97cdbd1f,shipping,144 Christine Brook,Wesleystad,CO,12497,US
fc106158-a4d7-4af0-8e72-b42206a580a3,b0b72df8-effe-44c8-bddf-abcf09a09339,shipping,678 Patricia Harbor,Washingtonborough,PA,51412,US
ec1df625-11e0-41bb-bf14-c3060ea46a17,5ab6bd6c-cbbb-42e7-9039-cf2f9318084e,shipping,762 Kevin Mountain Apt. 864,Blackshire,CT,00913,US
e9d44ace-8e25-4a2c-b93c-61a5c8dce338,ba8f34ee-3b8a-498d-883f-995c87edc918,shipping,8391 Alvarez Meadow Apt. 185,South Kimberly,VI,05021,US
68ee34e6-a8ab-4860-9457-c4e707ab523d,4cbf3ed4-c9bc-4d41-9dc9-fafaae3c86a6,shipping,9629 Michael Falls Apt. 137,Smithtown,MN,25967,US
e96efefb-8b06-43bc-9646-3ab8996c5746,4cbf3ed4-c9bc-4d41-9dc9-fafaae3c86a6,billing,22465 Johnathan Wells Suite 667,Maureenshire,VI,86340,US
61ff1101-aa78-4625-8902-5fe4b952e0e3,adc6bec5-0ba1-42d6-ba0d-115ce63f4b48,shipping,45457 Jennifer Ways Apt. 118,Port Cameron,ND,80014,US
3baaa08e-24b1-47ac-a3f0-c4c1fc1772bb,138fed4c-b293-41f4-8863-5ebe01f398af,shipping,22510 Vanessa Pines Suite 508,North Tonya,SC,97567,US
d39f1597-6bd2-4c7b-8a58-58a334cb6275,138fed4c-b293-41f4-8863-5ebe01f398af,billing,4800 Peter Fields Suite 780,Sarahchester,WV,58097,US
3fde5787-ec58-4655-b246-af3ef413a150,1363086e-846c-4c96-b7f8-ab4c6edd538e,shipping,772 Gutierrez Loop,New Robert,NV,49476,US
f0f31170-6b1b-472b-9b84-3e038af630c7,1363086e-846c-4c96-b7f8-ab4c6edd538e,billing,025 Robert Spur Apt. 500,Brentview,MN,49869,US
6b30336b-3480-4ff1-a354-3a6cfe348fc9,afa5734f-c485-4f04-9222-a8601527a106,shipping,19337 Erin Skyway,North Jamesborough,DE,28887,US
f0110571-a47a-44ef-b142-0f03172e3425,a3bb91a7-d812-493e-ad8f-86dab08fd916,shipping,0878 Stevens Path Suite 342,Port Martha,VT,99402,US
3230df43-4c99-4cf3-8ebb-458da84996a7,b655d8fc-7c04-451e-9020-48d21ecdea8a,shipping,9567 Julie Hill,Port Michellemouth,PW,81378,US
2001ec14-99c3-4501-a0c6-c75d93bc16cf,b655d8fc-7c04-451e-9020-48d21ecdea8a,billing,130 Rodriguez Union Apt. 455,Port Deborah,RI,70091,US
21e65785-1dc7-4209-8726-f35fe85d46ed,ac92f736-7474-4657-8d43-fca1278887ef,shipping,68290 Robinson Point,Lake Lindsey,VI,51768,US
85476774-cade-4ef4-ad5f-11a38f669b85,430c6882-7829-4400-9bbd-ae48da24e936,shipping,10909 Bryan Forest,East Wyatttown,DC,75641,US
9f20b4ab-0b57-4ca1-b2b0-0a4cdcf4084e,13428834-5a4f-4b46-a3ca-8eeef89d2590,shipping,87327 Ricky Rue Suite 554,Perryland,WV,57075,US
4e723880-c8ca-4bb2-a0c3-2105f2e0d49b,14a148e5-9f78-418e-b8d7-45c31fd19c01,shipping,963 Cole Prairie,Port Cassandra,MP,08994,US
5d689ec2-2313-4d8d-b9f6-c15c511969b6,ce82ba72-c2c2-47f2-a1a9-93aa46f00a35,shipping,933 Clarke River,Sherylmouth,NE,79890,US
1066a167-0bfc-4db4-bcc1-468c130f47d7,2d01cf33-3170-4e84-b12f-433676d44694,shipping,016 Johnson Vista,Laurieshire,IL,86278,US
3779e8b4-a618-47ee-a294-6e6788f76c7e,3af44425-8690-47dc-b18a-d0d3af490038,shipping,29024 Murillo Motorway,Schroederville,KS,68557,US
72e43714-39db-414b-8b88-162e9ca2d47a,d7027c83-91e5-49de-ba7b-3d16dbe33fa2,shipping,2066 Timothy Camp,North Brian,FM,77037,US
4b1a4fad-8329-4b10-8806-ad3638743cc6,a6454e5e-6962-42d0-b9fb-e7fa1ecafda6,shipping,59333 Bradley Orchard Suite 820,South Larryport,NE,92296,US
490567e9-1a87-447e-8062-8ebe6291d1c4,a6454e5e-6962-42d0-b9fb-e7fa1ecafda6,billing,378 Nicole Harbors,New Albert,MH,24571,US
22b06435-0878-49d6-80f7-24a9cef8c8af,962790ea-3646-4516-bf83-47f37fe3f401,shipping,20142 Greg Gardens,Joseberg,WA,17350,US
d7b4f031-2342-4da4-80a0-1032120e61db,962790ea-3646-4516-bf83-47f37fe3f401,billing,826 Howard Island Apt. 675,West Markmouth,FM,15881,US
ad30a570-3336-4f30-84b9-96b4453712eb,6a2216e4-9927-4aa3-9024-5ed0859eb25a,shipping,2734 Richard Lane,Dannyview,GU,76411,US
5a0d6ab1-8b54-49d7-81aa-4c752d2ea3a0,1061c921-6052-44e7-8ff2-44b93f9d5931,shipping,4164 Hamilton Track,New Amberside,MI,21622,US
757211f3-4ede-4b12-a496-0fc2e1616277,d4c131ac-30d9-4c79-add7-03ee7da92315,shipping,915 Wright Mountains,Contrerasville,MH,18949,US
bfffea89-8b2b-4d8f-98e9-0c66223c8923,e07c16e5-c764-47b4-943a-c71000e8e986,shipping,7213 Young Way,Davidville,AS,59266,US
4cb7100f-caa7-4520-b49e-6da29311c4d7,e07c16e5-c764-47b4-943a-c71000e8e986,billing,938 Cathy Lodge Suite 891,East Joshuaville,MI,12112,US
c5d31656-eac9-43a3-9645-0e2ab5d559eb,e5368bb2-959d-4bf8-af18-42eba87b6397,shipping,86833 Sheila Point,Lake Kimberly,WA,76266,US
bef1da46-6321-4287-afc1-8c7817902228,1f04bb2f-14b3-4f24-a2d9-e3fb903c01ac,shipping,0469 Cox Tunnel,Bassmouth,CA,19475,US
16a994f5-9995-495c-a525-7e21311aee64,5fa5bece-8c22-42ac-b88d-d0a16647777b,shipping,87651 Matthew Prairie,Lake Edward,NM,36415,US
a8d57fcf-ffe0-4710-ab51-5afd39982b6d,5fa5bece-8c22-42ac-b88d-d0a16647777b,billing,1010 Andrew Crest Suite 946,East Lindashire,NH,92301,US
bc6eb19d-ae49-4804-91f2-813d55c36531,2af28ad8-77e5-43be-b66d-251ee2e9fb35,shipping,60669 Walter Groves,East Jeffrey,VA,04470,US
d302a6ac-bf1b-4ca9-84f2-c737b0c5fdd5,2af28ad8-77e5-43be-b66d-251ee2e9fb35,billing,285 Edward Orchard Suite 017,Jessicaburgh,MA,28103,US
8b44893e-abd2-495e-9448-69c51e236260,3b0f76a6-0018-4b84-ab19-f1a74bb32c6d,shipping,0023 Phillips Dam,Johnport,NJ,53840,US
252a2bb9-5683-47ac-bb6c-7efbd39af4f2,3b0f76a6-0018-4b84-ab19-f1a74bb32c6d,billing,30971 Donna Row Apt. 167,Bradleyborough,LA,92808,US
c7325d59-a92f-4749-b575-af4c7a24f895,9043609d-d787-4cbb-8fbb-229a7afdb268,shipping,994 Courtney Stravenue,Oconnellport,WV,76583,US
48eb2e97-2bcc-4e5f-aa00-ba67dbea231a,9043609d-d787-4cbb-8fbb-229a7afdb268,billing,40277 Mills Expressway Suite 231,Port Nicholas,FM,89466,US
78f32d0d-7eda-485d-9bab-b0d71cbc91b4,d0692d6b-ad31-4d5d-9d6a-74b5f33061c9,shipping,60520 Chase Fords Apt. 081,South Michealtown,DE,17680,US
c9480501-e7c2-4835-8988-8444479af969,2b548a96-740b-43dd-9eaf-44fb3b84f2d6,shipping,14375 Robinson Shores Apt. 752,Valeriehaven,ND,65228,US
bd1c2c43-f3d3-4fc8-9b68-c8ad2c732ef5,0ea44583-a6d3-404d-ad92-93d0d0839022,shipping,8374 Eugene Dale Suite 164,East Richard,ND,69283,US
4e59ab29-5594-4820-9307-c3d34740070f,0ea44583-a6d3-404d-ad92-93d0d0839022,billing,65070 Cindy Circles,South Zacharyberg,AR,12943,US
0c8f0c82-31f3-4d68-be83-42d3e8192a9f,fbdb5aa9-8918-40d9-9e89-b2965e5132a2,shipping,892 Bradley Parks Suite 138,Cummingsport,IA,31838,US
e97b1f3a-3d66-4e70-986e-21ddee89dba9,fbdb5aa9-8918-40d9-9e89-b2965e5132a2,billing,5493 Patricia Summit,Murraytown,DC,52399,US
1028e815-9f5e-4e43-b1c3-43a5f28dce1d,642e4b65-9e27-4d7a-ae87-0c9114c78b0b,shipping,4663 Cindy Shore,New Michaelmouth,FL,05235,US
437b0bfa-06ff-496e-86f1-9a708399c0cd,db8e2355-1021-4e79-b847-6b2d64f69029,shipping,8070 Lambert Harbor,Lake Vincent,VA,96997,US
ede4bee9-341d-40f7-938d-8f1cc2df4b8c,fdc06560-ffa2-45b6-82ef-f9e522d64a1e,shipping,7524 Ramos Greens,Grantville,MI,55197,US
bd9da68d-165f-4648-b5f7-726e2b87f25c,fdc06560-ffa2-45b6-82ef-f9e522d64a1e,billing,19510 Julie Row Apt. 445,Campbellbury,IA,77658,US
02290bd8-0b2f-402e-b4ef-4f5f4ad53559,a8bf62e4-4c18-43de-bb08-f9f9aa5240e3,shipping,336 Miller Divide Suite 520,Collinstown,CA,33877,US
f1a5e9d8-29c5-4a1f-94a2-1d010bfd84af,cd81b055-707d-4819-946d-6388f004c5c9,shipping,7357 Allen Fields Apt. 737,North Thomas,AK,70619,US
5832d6ef-4e0f-4d5e-b018-bb7550537319,1990a66b-4295-43ad-81c8-ca80ade6842d,shipping,6205 Mccann Lake,Port Rebeccaview,PW,37700,US
b75959d8-3ad0-4896-8675-4b5bcf0b47b1,1990a66b-4295-43ad-81c8-ca80ade6842d,billing,718 Griffin Roads,Denisestad,KY,64872,US
0eb15f85-3055-43ff-90d4-f2afe03be306,50039304-40af-44ef-9b91-a3aae107d7e0,shipping,028 Escobar Pike,West Maxwell,OH,33642,US
a3f06ee8-3cb4-458f-bb03-5941befc0179,7d33d710-129a-43c5-ad6c-2843ea321d1d,shipping,12740 Landry Greens,New Danielland,NJ,23865,US
9fcb59fe-cdd1-4e44-adf5-e4b2de7e4feb,3306a861-be31-4aba-baa5-d1ee0b758f23,shipping,60390 Jonathan Circles,Lake Michael,NC,93588,US
c7ce25a0-f631-421f-bdf2-ea3f47958e26,47b00355-2162-4356-8931-941dd6da050c,shipping,5054 Christopher Street,Levihaven,GA,46205,US
78333e11-0fc7-4712-b28f-c112bd028dd3,5695723f-5900-43d3-aa99-2bbeef31ecf6,shipping,466 Sheri Islands,Lake Brittany,ME,69453,US
46500248-e8d7-4422-a577-fa4d70d839be,5695723f-5900-43d3-aa99-2bbeef31ecf6,billing,2250 Zimmerman Divide Apt. 141,Smithtown,KY,42054,US
afa3a06b-8293-4b94-ba9b-691d32cf558a,26e57540-179b-49e7-96c1-d785dbd47cf7,shipping,075 Burnett Roads,Stephanietown,WI,10605,US
b74aa295-4d25-4733-8b92-8c24b516023d,55bf517a-1b59-4633-8021-1e0e8ba4289f,shipping,605 Kevin Plaza,Gamblefort,PA,37449,US
d3a09ddf-c693-4c35-88ce-e017b3bfbe85,b3686528-2f09-4f86-b670-28ab78ca49ca,shipping,081 Jennifer Ridge,New Kim,NJ,38748,US
4b01eabc-5fa3-4c1a-8994-be5dd083ad17,7ba21696-1b99-407d-8e27-004989e6010f,shipping,2641 Brown Rapid Suite 391,New Daniel,CA,39758,US
72d87784-1d67-45de-88e9-c557764f0b87,7794a64e-6afa-417b-b309-f80eccdc9217,shipping,05929 Tonya Lake Suite 175,Hunterland,GA,34137,US
db7e5940-afe9-4d0d-8e1e-99a82e592566,43864c28-1837-4cce-8097-05ce153a65e8,shipping,0107 Samuel Crest,New Amanda,NE,89543,US
b29f9ca0-7192-4ed6-9542-ef93e3248903,193ac423-eea9-41d3-bbe2-06c2cff97063,shipping,99625 Sharon Corner,East Melissa,MA,30437,US
01a8e024-583b-47c5-a077-5fbec069a148,db925bb9-874c-4f6a-9c1a-6d8198c2d392,shipping,25267 Anderson Forges,East Brandymouth,OH,32110,US
46b5d819-554e-4614-96ce-9e13e6152878,c044cd57-368a-49ea-ac7d-83d789fee5cd,shipping,31220 Tami Cove,East Linda,NM,72963,US
955f7bf0-67ba-4d46-9d3e-2a6f65fda2fc,2bf32bfe-eb0e-4d6c-86f0-2f438b76d984,shipping,4642 Shawn Lodge Suite 289,East Adambury,HI,52911,US
ff5d009f-5068-494c-b4be-2095050af893,fe59d0c6-c4a4-4b39-bff6-e396cd7c260d,shipping,997 Noah Street Apt. 366,Morrisland,WA,32244,US
c5b5f29c-167f-43ed-8b70-4b8165aa5870,3f12a16f-c32e-47de-88b1-c68170487342,shipping,97100 Ellis Vista,Matthewport,MN,64652,US
f73cab38-ae9e-4b28-8b79-7f6649845d20,cd757091-dda2-41bc-9d0f-171a95e4cba9,shipping,595 Carr Spur,East Jessicaland,NV,93613,US
e387d46d-cf0b-4091-a478-ce4b769d6b73,d8a885ce-fd5f-42bf-b345-cca0d5a2d60c,shipping,8750 Floyd Point,Lake Tanya,NC,54657,US
9c1660c0-0a6b-401f-b91a-5591c58129b6,c6891c58-fe68-4298-ae02-cbf2113975ae,shipping,133 Laura Lock,Stevensland,PR,21175,US
e8659c25-3671-40f8-a46e-01ae25d6b5dd,30779b0a-8384-4f22-b660-c396f0d9629b,shipping,11213 Monica Lodge Suite 232,New Lauraberg,NV,39355,US
19bf31bc-b84d-4789-8b15-9f26bcc194cc,74ac2dfd-f52d-4329-8615-dca1cc993f2f,shipping,773 Victor Viaduct,East John,VI,35963,US
6910851d-3197-4d0b-a58b-b08336b06129,79bddc94-c686-44c1-b865-379526bdedd5,shipping,489 Lane Loaf Apt. 923,New James,VT,87626,US
068fc368-61f5-4059-b3a7-10abc0a49d93,967cda66-5a60-416e-bcf4-bf331332e86c,shipping,90761 John Avenue,Doughertyview,NH,71361,US
1146cc52-339a-48c1-a15a-20c7e9c20e9b,253ed1db-2808-4a72-ac14-47ec4b995b93,shipping,1462 Adams Ferry Apt. 505,Jeffmouth,DC,05377,US
0498eac3-3286-422d-b247-38ca642f2e9b,3fb6451f-0083-47ef-9ccb-7faa7e2f3b02,shipping,6524 Webster Fort,Halemouth,DE,82456,US
8cc19a41-a82f-493f-bc84-e367209a0a8f,fe6c0f7c-cb59-422e-b8e3-abfd358a0952,shipping,27361 Fields Alley Suite 933,Jacksonbury,OH,79004,US
35c80866-cc0d-4c17-be75-f84b035100e7,11600f68-fc96-4b12-88f8-dbe23cb800b5,shipping,67968 Smith Curve Apt. 166,North Helentown,ID,02452,US
79bea220-1d9f-4cb6-97b3-fe4def9cbcd7,ecc4f420-ed94-4141-806d-710b8c9f63a6,shipping,522 Sharon Passage Suite 017,Bradleyfurt,FM,19220,US
f0f1722c-c509-437a-8d94-0a86ceaef8ef,1ff3b5f3-27a8-4dc5-ad44-096ec798c422,shipping,321 Michael Drive Suite 201,Annaview,DC,03307,US
23b5533b-df23-4f7f-a4b1-814edaca47be,6f1aada1-f21c-4a67-a94f-a71f2fdae718,shipping,9571 Shannon Course Suite 687,North Nicoleton,DE,55944,US
e0ce3a6f-93cd-43aa-a979-539878b161fb,5719b9d8-9e8f-49d8-b97a-0fc1fa71fc34,shipping,24121 Meyer Valleys,Reyesborough,WY,18645,US
a689f0ab-3146-47db-99be-269d0229cbda,de8b33a7-77a8-405d-9323-2001a2fde5b3,shipping,1680 Sonia Wall,Anthonymouth,WA,95359,US
e2240e1a-e1d8-4af1-a570-4edf38c76778,ba8e07c5-dd45-4e6c-bb0c-6ab9d5cbb90a,shipping,15970 Robert Highway Suite 674,Port Douglasborough,CO,74827,US
175bbe24-a91f-4882-8356-67136ff248e2,9235d269-6baf-4379-8a95-8d35a7491125,shipping,85016 Coleman Track,North Andrew,NJ,89123,US
54bed0e7-9932-4788-8609-646a9773a380,8d76633d-abbf-4e3c-84fb-32e3338fdd7b,shipping,44823 Allen Hill Apt. 617,North Micheal,FL,93798,US
86383dfe-960c-496f-a496-ae73d77df8c2,f276036b-63e2-42fa-aaaf-c013e9533a08,shipping,22765 Reed Drive Apt. 122,Wilsonmouth,ME,57788,US
6502e4d6-e62e-47cc-bc8d-c0b3eb33c7cb,cde07d8d-c2c1-4a47-82e6-ab914ab07dd3,shipping,340 Thomas Divide Suite 786,East Donnaville,ND,84736,US
4f9a5b64-4d0d-4240-aa1f-49528d9b4ff8,19e89c97-4f1b-41ec-b93c-5bf27fe12ad6,shipping,308 Vazquez Ridges Suite 221,Waltonstad,LA,82151,US
cc549712-250f-4cde-800f-b125cfdb6450,3597a59b-bdce-4705-8c53-bf5a90b463f8,shipping,77706 Castro Fork,West Ronald,WA,54451,US
206ef233-06c4-4725-a8cf-1c10656c17cb,8de7fa8c-9a6b-440a-b1d4-1e4062bec7d3,shipping,389 Lowery Roads,West John,PW,92260,US
22ad7d73-2799-49b2-9e5f-0069e65f4bc5,fecefc8d-0f67-4286-9e3c-460fb3e882ec,shipping,72541 James Squares,Brandonville,FM,35206,US
ac11594f-78ae-41be-bcbe-a8ab3fdbfc99,e7dd9743-8e8e-41ac-bae9-2c413d760d9f,shipping,847 Church Falls,Lake Tamibury,WA,66329,US
507c2879-8b1f-4580-998f-0518e200ba3f,e7dd9743-8e8e-41ac-bae9-2c413d760d9f,billing,44002 Hanna Flat,Traviston,KS,37772,US
5cbc1238-c907-4cab-8cba-858541349519,df5a9d59-4664-4ac6-b746-2e3b706b1f8f,shipping,72791 Mcmahon Union Apt. 384,Carlsonborough,AR,80462,US
a269a36f-7bfb-4375-9956-9f648dcd3441,5c01a3cb-b196-4de2-bcf3-ce7c2f0ad6ba,shipping,16707 Sheila Mission Suite 709,West William,DE,50758,US
97fad0c3-8ade-4721-8336-b486ddf609fd,e876dba5-6ee4-41e6-8fe4-7425d3a0d56b,shipping,41538 Ronald Parks Suite 207,Port Kimberly,KY,19634,US
f850cb9c-128a-4de7-a60d-a648c138bb30,e876dba5-6ee4-41e6-8fe4-7425d3a0d56b,billing,241 Nicole Village,East Allison,PA,84011,US
0e6a211b-9561-4e37-b13c-8af821cd229c,7f5ec099-820b-4795-9977-1d51a18e85b1,shipping,3896 Madeline Fall,Andersonchester,PW,86066,US
dd370b7b-262f-4991-8879-b81be0afdcde,4f5c3fdb-af35-4631-94e3-41e98c5fd729,shipping,199 Sullivan Knoll Apt. 134,North Chadview,AZ,32319,US
d15f1ace-2034-4d38-863e-e1928e178725,4f5c3fdb-af35-4631-94e3-41e98c5fd729,billing,75895 Erica Forest Apt. 505,East Ruben,NM,01110,US
284bb702-b410-4308-9db6-3872b335965c,80851af7-1fcf-4c81-bf10-38fa281f449c,shipping,454 Rodriguez Port,Port Erinmouth,VI,52365,US
480c032e-69e1-4881-bf37-a376a8a1b905,98405cb9-b969-4cc0-b9dd-3064213cd0cb,shipping,40103 Alexander Village,Hillside,MS,65172,US
a9f1989e-bc11-4a34-b63a-6013cda235bd,889de526-9a1c-42dc-baa3-7aad3403a3c4,shipping,2708 Bell Lake,Wheelerburgh,NE,89166,US
67b2bd57-1eb6-4991-9cc1-9d6e1fd544cc,954a78d3-a86e-410b-9c1d-1546102f10e3,shipping,1072 Branch Streets,Lake Sherry,DC,85979,US
29f07e66-43fd-4990-a136-d7fdc070313c,52526ec4-0ab0-4f5d-8def-fff0079ab980,shipping,3817 Carolyn Station Apt. 102,Madelinebury,IA,45717,US
d524c43c-e51e-4eac-a696-9ae2f69c99a6,52526ec4-0ab0-4f5d-8def-fff0079ab980,billing,424 Romero Plaza Suite 475,Sherryshire,IL,64837,US
d79ad630-e71e-450d-aa70-6f7d2c6af964,c005abcd-3bc2-4941-b127-4db1d778aa41,shipping,9273 Mary Place,Ellisonbury,VA,63648,US
a2399685-cf33-4e1c-8fde-c57dada100ed,497e9f20-595d-4870-a646-dd6c03c5dbcc,shipping,21681 Fuller Trace,East Lindseyport,NJ,93986,US
86be9d08-be56-41f5-9871-7cfd13c30982,497e9f20-595d-4870-a646-dd6c03c5dbcc,billing,1147 Christine Bypass,Scottport,VT,13319,US
93aa2b72-4a99-4d53-bb54-ccc245450dc5,8025d125-5312-48e2-8aa2-b1519a02de25,shipping,924 Coleman View,North Anna,PR,78289,US
1b5644b5-c28e-4b57-9ce4-d03f9e5cb4a3,2a068c0d-45cf-481c-9667-89cefd94b936,shipping,762 Rojas Summit Apt. 268,Nicholasport,UT,84073,US
a5a6fe0f-1696-4ff1-8bed-c16f9e6147e9,d56c72c1-91a8-4e6e-a45c-8f676da39213,shipping,4064 Wells Village Apt. 697,Keithfort,ME,97679,US
e342d298-5c31-4658-bd4e-696f8625e562,d56c72c1-91a8-4e6e-a45c-8f676da39213,billing,262 April Key Suite 921,Jonesstad,CO,12635,US
38456d02-e488-4fd3-bac3-d35ea384042d,dcbc6552-6069-4a48-a0d6-9af97e71475c,shipping,0612 Garcia Tunnel Apt. 232,Wyattville,VA,65382,US
0c05b8df-752d-4713-92ff-34a480c9a543,3203a4bf-d5b1-4398-ba13-2b1437af97ff,shipping,419 Adam Hill Apt. 731,New Karen,OH,31504,US
1b380b8f-d83f-4646-953f-fbb786df6afa,f1569365-8355-4019-b9eb-a5978f991b57,shipping,57266 Jill Mountains Apt. 396,Lake Michaelville,MA,93451,US
b9cf93e3-743d-4b59-91b8-9bcd73ee099c,35b63734-d4a9-422b-8113-0e4a2a039c18,shipping,72413 Steven Knolls Apt. 702,Sheristad,CT,65327,US
c628546e-ff08-4814-a6ce-7629e29b8303,35b63734-d4a9-422b-8113-0e4a2a039c18,billing,88050 Coleman Crescent Suite 646,Ashleyborough,GU,50950,US
91463323-ac02-4ac0-a091-9bee8aa2ccaa,16a77894-923d-486f-8014-af7599ae1b7b,shipping,25291 Jenna Expressway,Tinaside,AZ,76949,US
bf3f9338-b279-42ad-89a2-e14e41890131,3ab417a1-3612-4a4d-bb06-967d923908fc,shipping,3639 Hart Parkway Apt. 209,Port Gregory,IL,07128,US
0a50ad7e-58f8-4e56-8772-b36d9afa6489,8e2c3d13-3b5f-4055-9138-5b5a28546259,shipping,1569 Joseph Cove,Youngfurt,WA,12428,US
5da81fb7-d679-4a04-b72f-cdd84e863bf4,a04951a6-eda7-468c-8d7d-39bb5ffa9874,shipping,773 Brooks Glens Apt. 291,Patrickshire,FM,77490,US
9c98eacf-b721-4e9d-834d-7a51c2f7712b,2f50c8ad-448e-4656-9d23-b753afb5a2e1,shipping,180 Eric Stream,Nicholasbury,IN,83200,US
e5e3de5c-e08a-400c-9609-b37503a5da19,4c0eae0f-3eeb-4b1e-b7f2-b4a6b3d46468,shipping,9791 Barnes Shoal,Brewershire,DE,92262,US
f8ed8bb8-ed5e-49d7-bfa1-10f64b70fb8d,49b6d9d4-d3f1-480a-b53a-b6685d6ebabd,shipping,41304 Jonathan Cove Apt. 217,North Troy,WI,30428,US
c50b85cd-903f-4638-b55e-36e8855c6a87,49b6d9d4-d3f1-480a-b53a-b6685d6ebabd,billing,35205 David Terrace Suite 913,East Georgeton,PR,93491,US
516d4b2c-d609-480a-8c78-ea779903917b,c25ef448-fd66-422f-ab18-105397fecd37,shipping,6021 James Place Suite 218,Wilsonchester,PA,46299,US
80065e97-aeba-47a7-8225-b3eb4273ab30,c25ef448-fd66-422f-ab18-105397fecd37,billing,609 Carter Villages,Ashleyfurt,NC,05949,US
4abfab81-787c-4b7c-999d-0a4eb68628f3,30c01ef4-2ea2-4c4c-bb3c-cfe17e3f1e5c,shipping,1356 Jenkins Bridge Suite 945,North Catherine,NV,60193,US
bdc1d796-adfa-4650-82e0-082227d30fd7,30c01ef4-2ea2-4c4c-bb3c-cfe17e3f1e5c,billing,32351 Hinton Lodge Apt. 929,Lake Jeffreyshire,MI,57639,US
5724d77f-d4a8-4fef-818d-1508be63ae7f,a7dda7d8-4c47-4d9a-8229-889d52e85e3d,shipping,64684 Chad Road,Gallaghermouth,NM,97023,US
becf035d-974e-4031-b665-7f6e182cb9af,69203f62-552e-47f3-8668-01b5defe296f,shipping,21418 Mackenzie Divide Apt. 426,Stephenton,MO,77588,US
7b34d277-406d-4cb8-8e94-66d7af613efa,8c5fc64f-c597-46ca-b5f6-2a9f1ca34087,shipping,941 Pace Crossroad,New Jenniferbury,NY,39662,US
8dc40eea-91fd-4a3c-b7ed-fc020125ccba,7375896b-af5a-46e2-b44a-1746a7f4af79,shipping,89427 Lisa Way,Coffeyfurt,OR,12734,US
49bbc0c7-fdce-4dbd-8994-38e68edbfa98,7375896b-af5a-46e2-b44a-1746a7f4af79,billing,801 Mills Port Apt. 793,Lake Adam,IL,35040,US
fcf42efe-1a54-41c1-800a-bd825ba27738,09892eb6-9336-4364-a5ed-975467984ad2,shipping,613 Sean Gateway,Sosaborough,MO,84308,US
2c0fa4ad-2286-47f8-a312-da99556d4a1b,09892eb6-9336-4364-a5ed-975467984ad2,billing,433 Sean Loaf,Port Wendyside,WI,86568,US
e9330f15-84b5-405c-a0f5-0e03d37b0821,d22476da-c6e6-4f71-9b90-77232f7fd406,shipping,4582 Mary Ridge Suite 114,West Anthony,HI,58613,US
407b878b-19e9-4102-8c6f-a08b02ca2a43,f9a4c34f-a64b-4850-b6f5-121ab080a1ad,shipping,640 Roberts Trail,Jamesburgh,NM,28055,US
c7d140a5-ee72-4e59-bd73-c47e59ef3066,3cc9e79d-8f4c-4177-b505-d01f7b34ac97,shipping,567 Tapia Rapids,Barreraton,OR,51622,US
4b1e9072-5c2c-4441-b61b-db0af0e6a932,b0ff893f-e1e2-43d3-8798-43d3c370aac5,shipping,05466 Webster Extension,Thomasville,SD,89955,US
98ddab7e-ebf3-4d60-8aba-b4a964e2cdca,b0ff893f-e1e2-43d3-8798-43d3c370aac5,billing,8717 Johnson Loaf Suite 765,West Roberta,MD,60843,US
d95f6e3c-ed64-4109-b5d7-24df23da0232,d6ba9f7d-02c4-4f99-8d6d-0d56fe1af583,shipping,9611 Connie Keys Apt. 558,Shirleyview,IN,06367,US
4bc96e8b-ae0d-4b49-9f6b-74a823136a9b,fcec7044-3a5d-4af0-bfa9-29c96ff76c5b,shipping,8552 Scott Centers,Port Andrea,NE,26597,US
3e1ddfd0-21ac-4946-9b93-d16363b250b6,cb93ff33-06b5-45be-819f-7fe573904f8b,shipping,4129 Howe Centers,South James,WA,18705,US
6d5fcf26-b9f8-45eb-9492-5749cbdca5d6,966428ff-affb-4291-aa69-d698635f18a1,shipping,3637 Jason Curve,West Shawn,AK,94396,US
65a4f1a1-2010-4b8b-83c2-8799d29627f3,0463bccc-105b-437f-8f43-2cd07d77e2f8,shipping,0308 Williams Mountains,Nelsontown,MT,87379,US
1a6ef18c-bceb-4afa-b6fe-63e605d662f4,87ddaf9b-19a7-4f96-a7b1-a621d94c939b,shipping,659 Amanda Circles Suite 986,West Brittanyside,KY,53359,US
4e550b66-78f5-4b8e-936b-1dcabd0926d6,87ddaf9b-19a7-4f96-a7b1-a621d94c939b,billing,0827 April Crescent,Tylerville,TX,66909,US
d44696c9-6dd6-4e35-9052-7fa0f1287be6,985522c9-d40a-459f-9b8c-93ac28e104e2,shipping,46245 Malik Path Suite 950,South Tanyamouth,AR,49745,US
4ac44a68-f0fb-4df1-889c-e4c3434488d1,3cf72666-08d6-4165-991d-1ea351cf041c,shipping,95521 Michael Mountains,West Aprilport,MT,03258,US
0f1a68fa-a1a3-47a3-bbb4-9caa209ece85,0c000169-14f7-420e-8c85-610f520ea6b3,shipping,1598 Chavez Fork,Edwardshire,MI,06320,US
bb7aca3b-0fcf-4bde-aa77-8206f51bb0f3,0e87caed-2268-4064-8a83-cc223014af84,shipping,980 Elizabeth Way Apt. 117,New Davestad,MA,14229,US
1aff4bb1-2ee6-4c28-b56c-620a579b94fc,0e87caed-2268-4064-8a83-cc223014af84,billing,33707 Jean Islands Apt. 879,New Melissafort,NH,81537,US
411d364c-e9bf-4e7f-a6ff-c77c1e99dd8b,ca84916a-7ce0-4aae-97b0-40e0e46c4b40,shipping,60321 Michael Trafficway,Anthonyberg,ND,93566,US
a7fc3fba-1296-4cff-b5fe-e082d60e07ee,38f0e85c-d851-410c-b8bb-1412e2210670,shipping,10728 Rebecca Locks,Lorishire,FM,26555,US
feb176de-fd1d-42dc-bda2-f7273e7c9e9c,d5fc4167-e15f-4cee-93e8-d9e16a58eca8,shipping,1133 Butler Center Apt. 224,Davilamouth,VA,47284,US
4f5050e7-132e-447b-a377-cfff4de19fc0,6e4d87a4-e1d7-4128-a3db-3ccfc8c2e3eb,shipping,519 Joshua Spur,Hamptonfurt,MI,97978,US
f727ee7a-86a8-40aa-9dde-4bfd9001ad24,40ff60ed-00f5-4cd4-a481-bc974098a793,shipping,09877 Glass Trace Suite 959,Kellyland,DE,30413,US
c8eb109f-0f5e-46ec-8552-0143e6721c54,219b850f-e619-4868-a60b-6fe475819769,shipping,3621 Burke Tunnel Suite 128,Ericfurt,ME,42940,US
cdace784-710a-47ea-ab30-775ec3833f2b,ce0feffc-4d57-4568-beb8-e8cff6fcdadc,shipping,25831 Cruz Drives,Port Shannon,MH,76866,US
0af87ec3-0ffb-47ff-a896-c96929f2fc9d,713f94a0-08d5-42c3-9f92-a3293d1c8ac5,shipping,70898 Daniel Camp,Torreschester,KY,83791,US
e8b4cd64-18a2-4f72-91ae-11cff39e70fd,713f94a0-08d5-42c3-9f92-a3293d1c8ac5,billing,796 Jack Meadows,Jeanborough,KS,54905,US
e9772a73-9c48-4aee-9c4e-d6f3d693d60e,53989f60-f289-4c5b-a047-42071bab4419,shipping,0915 Linda Rapid,Kerrside,WA,86906,US
9380a9d2-6133-4919-93af-cc077ef8ad2e,277e370e-72eb-4f35-a6a3-6de1ac661c97,shipping,67597 Robertson Point,Margarethaven,GU,36196,US
b7db6a46-a4bf-428b-83cb-6fa00f03c03e,00e49e69-2d9b-4fee-bc31-a5b5244fb960,shipping,81832 Jennifer Summit,Farrellbury,MS,93863,US
7cda8b39-9430-4b73-85ea-a52973fea977,8cadca50-6766-484b-ae57-2abd817f8372,shipping,61971 Kelley Junction Apt. 911,East Maryberg,RI,49517,US
c84fe22e-0079-4c65-b732-f189d8974854,5e14fe0d-04ca-4eef-b3c6-49746a6c9099,shipping,85545 Levi Mall,Jonesfurt,ND,38631,US
183a680e-1f1d-4dcd-ad33-73ab28f50df2,5e14fe0d-04ca-4eef-b3c6-49746a6c9099,billing,8638 Williams Flat Suite 031,Robertberg,TX,27679,US
35aa392b-641f-48a3-977f-429545db66ea,fdb06ba6-7a65-4cd4-abe1-d8f3bcbe9a22,shipping,9192 Stevens Cape Apt. 310,Ashleytown,AZ,09893,US
f3d423c2-727c-4ad5-b627-a49a62f2b3e2,fdb06ba6-7a65-4cd4-abe1-d8f3bcbe9a22,billing,0003 Steven Isle Apt. 870,Kevinhaven,KS,44405,US
f386fd44-a9b9-4c23-b13e-e087762460e1,2c096ba9-89f7-4e22-a88e-3e680764ba1f,shipping,258 Jonathan Plaza,East Melissastad,CO,36864,US
74d94c24-c0cf-4f68-9e59-b8df0e31db79,fe7d886d-0b26-4175-9bac-7a20866998a1,shipping,10220 Aguilar Walk,Lake John,VA,16543,US
e737f0cf-8f5f-4802-8662-cf0f63e9b1db,72217c7e-2c60-43df-9765-8eee2c02959a,shipping,3323 Washington Loaf Apt. 600,Lake Veronica,NM,40718,US
31b61913-41c1-490e-bf97-bc2d214bed65,33d6b6bf-3953-4984-be4b-07746d9649c8,shipping,6202 Edward Estates,West Dennisburgh,MH,40923,US
7b3774da-1836-4b2b-984d-cf2a3d61bcb6,33d6b6bf-3953-4984-be4b-07746d9649c8,billing,6222 Gonzalez Lodge Apt. 695,South Bethland,KY,12685,US
fd1a8c95-a99f-4c24-874e-013b66848096,ee721080-1c73-4215-bc0a-7add167d977b,shipping,7947 Landry Meadow Suite 388,Maryhaven,MD,75376,US
6e3ce408-b797-4567-bfd8-5756b182bfbf,e10c517c-1f00-4c9e-8f1f-02f23038eb96,shipping,469 William Burg,New Teresa,IA,88029,US
3d1b695c-af24-4a25-a093-80693e70bcbf,779a277d-b32a-49b2-823e-fb9643dfcec2,shipping,26199 Renee Rapid,East Jason,PR,74510,US
a784e533-2686-41a9-aeaa-6117af84d390,88f5db11-c077-4a9e-a3b6-c20208b5da91,shipping,815 Knight Glens Apt. 598,Henrymouth,IN,39153,US
fe42d1e5-1fa9-4b67-a3e2-222096faee77,b989063a-3908-418e-8fee-6e88936c9c07,shipping,545 Gilbert Plaza,Ruthport,FL,47961,US
cb183597-03cb-4a1c-b29c-27859ef27b02,b989063a-3908-418e-8fee-6e88936c9c07,billing,15259 Combs Spring,New Paul,NM,58338,US
85fb0bdf-9bc1-4b8e-b8c9-2e3f53cbd53a,2e6870d6-2fa1-4fba-9707-4a0460779929,shipping,727 Harold Points Suite 118,Bensonfurt,KS,35550,US
6cb8d863-f043-4e08-b816-f60287c24446,98f836d2-65e7-4280-9664-2ade26114c6f,shipping,6603 Roberts Point,Lake Jenny,DC,13962,US
feba8356-4819-4ba0-bcad-a6f4e37a114d,673409a1-dd29-4be4-b022-22c55a71e9d9,shipping,09556 Hunter Orchard Suite 794,East Michellechester,KS,88972,US
d61cdd8a-3608-42c0-ac49-51ae9775b6a8,92486abc-cb63-4ca3-af1c-762aebab4791,shipping,1792 Jason Terrace Suite 403,South Matthew,NJ,63558,US
4c30e271-0502-48e2-a17a-f1954b84311b,eed5c6aa-fa93-47c3-897b-f11e7ea7a18e,shipping,67918 Morgan Cliff,Michaelmouth,IA,10746,US
a2b2f8ea-52c6-4d6d-bc8f-a362eea86192,eed5c6aa-fa93-47c3-897b-f11e7ea7a18e,billing,911 Katherine Falls Suite 194,Jonesmouth,ID,07134,US
e236b1bf-1479-436e-9a92-54f5a01ccb21,4ae09afc-bf48-46fc-ad50-1f5e80aec7c4,shipping,2717 Sean Keys Suite 722,Mooneymouth,IA,52606,US
9cc3e470-39c2-4a29-abd7-1d867c4497cd,4ae09afc-bf48-46fc-ad50-1f5e80aec7c4,billing,4825 Hensley Alley,Danielborough,NJ,21106,US
0539e7bc-f058-4229-8682-ccbea7761956,99a5daa8-3063-423b-8d77-d0ada3611d76,shipping,7711 Wiley Glens Suite 495,North Marymouth,OK,76850,US
c930bf31-4535-4f80-b5bf-fd86b71961a9,185098dd-1cad-48db-9b73-76d81d8475cf,shipping,4748 Wilson Mountain,Latoyaport,MA,68445,US
37c85cf6-e9d7-4190-8367-1e01786f4c57,185098dd-1cad-48db-9b73-76d81d8475cf,billing,5241 Melinda Locks,Vargasfort,IL,13862,US
3dc5af5c-c057-4f31-a7a8-0e4d0ee43684,d7886a1c-ea3b-46c3-a5dd-ef0332aa6a83,shipping,937 Shawn Junctions Apt. 571,Port Brendahaven,MA,33413,US
632078db-f848-419e-91cf-3c05bb25d418,de115c6c-0b28-4527-a77c-a9f3ad6a27b7,shipping,694 Jones Walk Apt. 725,Lake Austinton,DC,27790,US
5f856111-2981-4b09-bb1d-3beb4ae53738,f9b37057-36c1-4a95-a383-833affe840dc,shipping,99079 James Streets Suite 523,Murphymouth,FM,46764,US
dfa54835-bf8f-42c5-91c2-2462b55ade6e,53186f2e-7142-47d9-939d-dc624bc69a78,shipping,091 Erin Expressway,Lake Corey,AZ,55980,US
72f767cb-918d-4649-b4a8-34807c80e5d6,53186f2e-7142-47d9-939d-dc624bc69a78,billing,769 Eugene Square,North Robert,SD,11402,US
753e0183-09ce-4bfd-b3bb-f02972985899,203c07b1-d66a-43ac-8cd5-76392e8d04d5,shipping,24720 Kathleen Port,Port Sheilamouth,LA,96091,US
cdb6bbf9-8dfe-4a8d-bd81-6eb2317d4d2a,203c07b1-d66a-43ac-8cd5-76392e8d04d5,billing,9267 Russell Isle Suite 407,Shanestad,MS,56117,US
0078a695-233b-4a49-b0dc-fc8774d7783a,0fb3cd27-fae3-4de8-aa40-e4b5e20a6465,shipping,626 Hunt Place Apt. 478,East Christopherland,IN,13743,US
bab063d7-5cff-4426-8c99-1e8867651681,0fb3cd27-fae3-4de8-aa40-e4b5e20a6465,billing,114 Hernandez Walks Suite 948,Montesborough,GU,47966,US
f992a5aa-912c-4e82-a658-62c1e9ed1180,c7b3cb98-bd7d-4121-8849-bfbe8cca436b,shipping,8756 Mario Flats Suite 802,East William,MI,59378,US
8d650dd6-6ed9-48ec-ada8-0d72e65d040d,32e8fc45-a6f9-4cbf-9082-e1f7c0ea9eb6,shipping,41592 Bailey Greens Suite 564,Reillytown,MS,67175,US
8c668900-00af-437b-a398-791afa8b730e,32e8fc45-a6f9-4cbf-9082-e1f7c0ea9eb6,billing,58999 Jamie Locks,Stricklandhaven,PA,23455,US
8d4a3e6d-1d65-479b-a5ea-4d1694356e5c,31fb4859-6784-4096-85d5-2ff7602e545f,shipping,80099 Abigail Highway Suite 334,Diazburgh,CO,50796,US
65257cb0-3961-4698-9d6f-4fd982c5c592,31fb4859-6784-4096-85d5-2ff7602e545f,billing,84384 Bradley Key Suite 692,New Kevinborough,PR,02692,US
ce68fc8b-98c2-40dc-a4a9-c2fe82f4f192,42b097ca-f885-485d-8777-77d989650cf2,shipping,830 Meredith Greens Suite 454,New Ericmouth,MS,31521,US
5c476c1b-84a0-4131-9c66-25b59b38ad45,7c41f6e2-9386-420e-adcf-ea572e3d3a6f,shipping,92092 Adams Estate,New Christopher,OR,02327,US
e69ffc28-072c-4d00-8777-50736579b387,7c41f6e2-9386-420e-adcf-ea572e3d3a6f,billing,749 Robert Squares,West Mathew,SD,56565,US
febe1d16-40a1-46b8-8290-cc0914c2ed07,80d2c331-e8f0-4afc-be57-1f9843550be3,shipping,076 Miller Passage,Heatherville,AZ,25331,US
fa49cdd5-58dc-499a-8c48-8208e559af49,b36f079c-6f8c-4ca8-a4dc-c5e7155a81bf,shipping,14652 Christian Coves Suite 466,North Joshuamouth,TN,72525,US
70c9a76c-ef48-4107-9c22-29f505247c28,65149695-b81d-44e1-9c21-a66cce935cef,shipping,895 Jennings Bridge,Clayland,KS,00997,US
0e7a1f98-0b0c-4262-91ad-7ba2645c8349,a4941b9b-d802-4e6e-9933-1bce80974eff,shipping,0716 Wilson Mission,Luisville,VT,26446,US
0a1a4d95-7d30-4751-94aa-6acfd45c631b,513959d8-2606-4fe4-ac23-a3b3aab9c7ce,shipping,654 Lisa Haven Suite 634,New Rachelfurt,NV,22153,US
eac82a65-1332-401a-b653-87ff369e64a3,6d699c77-7621-41aa-9d9a-130416c2177b,shipping,946 Diaz Avenue,South Mary,RI,81232,US
791da973-25c5-491a-8abf-1329452aa32d,d44a1f96-ceb0-440f-ab3a-3c9084b61364,shipping,311 Jeremy Points,Lake Jenniferfurt,ME,01554,US
25816eb6-1f55-4a14-a9ee-0ef828a97d00,d44a1f96-ceb0-440f-ab3a-3c9084b61364,billing,56446 Jamie Mountain,East Laurastad,MT,54254,US
d2d7e44e-2604-4d3f-9e52-e15c0d10eef7,49332d11-3f2f-4afc-89e2-cfa2efadab6d,shipping,454 Estrada Mills,Christopherhaven,ND,02330,US
89a8e8ff-90d4-490d-8a29-f5d8f47f9f81,54570bb6-0f2f-475c-b065-0c09a9a22a6b,shipping,81215 Stout Court Apt. 313,Susanbury,NC,30068,US
f90e3d7f-4213-4e0d-b969-f22b3692af4a,e87ebab2-2c01-485f-ab1e-68826aa313c2,shipping,313 Campbell Mount,South Xavier,KY,53255,US
d4abfd61-ab28-4ec4-94bb-46d07644f75d,e87ebab2-2c01-485f-ab1e-68826aa313c2,billing,85753 Woodward Corners Apt. 844,Richardmouth,RI,47385,US
cc30d109-0ec0-4504-a723-a7046f73f5c5,56de8d98-b002-4163-ad23-4e8c495d17d8,shipping,32501 Joy Courts Suite 593,East Anneview,WI,22224,US
846e9c3a-00c0-428d-a25b-97ff20aad04f,aea21ff5-ff05-4051-bd15-d71f085790b4,shipping,61022 White Walks,Murphystad,PR,13580,US
e8d75017-d3a0-4601-b862-2334bca620fa,27b80cf5-b0ea-48a9-ab10-62d3738e8ca7,shipping,105 Gill Rest Apt. 816,Port Richard,IA,03736,US
eec86991-960e-41e5-99c9-de1833bb0b40,a047efc9-00e6-4214-89d6-e4a996a91ca3,shipping,5605 Robinson Pike,Lewisside,LA,93540,US
cd1f5a39-dea4-4937-87ce-17589d96b7af,125cf484-e72e-4d54-b46d-c711763cf21b,shipping,33905 Deborah Creek Apt. 319,Lake Melindaville,MH,44230,US
d7bf00e8-4dd8-49f4-b5d8-2616dd32e27c,5670abe8-12cf-403d-b881-d7ce4e973deb,shipping,887 Vaughn Summit Suite 030,Chasetown,WI,29129,US
2b898ea0-b896-4d76-85ce-855b733da27b,5670abe8-12cf-403d-b881-d7ce4e973deb,billing,4894 Horton Lakes Suite 297,North Annafort,RI,52563,US
7be18e33-d9e5-4863-9f68-2316cd0b5ef1,e7b823f6-2e5c-459d-942e-6c7d2b74c6e8,shipping,488 Christina Haven Suite 459,North Patriciachester,PA,88532,US
0fc3540c-06e1-483f-9dc8-60c1e6c4c0a4,0912e2a6-962b-43c6-8810-41ffcc8b74b2,shipping,5697 Jones Radial Apt. 937,Smithstad,NJ,88473,US
3a1056c5-c22f-4d8f-873c-a5064b3de54b,6cd6b518-3527-47c1-8336-739ea2598e1c,shipping,129 Robert Spring,South William,WA,33997,US
725efcf3-fe88-4160-839a-e33c6f42e5a9,6cd6b518-3527-47c1-8336-739ea2598e1c,billing,8545 Bradley Fall,Allenview,OH,31178,US
7e69865f-23cc-4862-9550-6c910b81e9a3,86ac5da6-d34e-4ded-9f54-5e54d8049921,shipping,3462 Lee Hollow Apt. 718,Hugheston,ND,86249,US
a3ec84c8-6bf7-4a04-8105-77a2627d983e,4eb7a666-2c1a-4964-b634-31e8832e5042,shipping,2897 Davis Forest Apt. 481,Medinashire,AS,42920,US
f6d67a3b-95cf-4a77-9d2b-2602cddba4ed,9cda650d-aeb4-4ddf-b368-76ef63adcabe,shipping,4255 Evans Heights,Davidfurt,AZ,37046,US
f257936f-a2a7-4f57-bc10-44ce1a9139a6,62abb127-9c9c-42e5-8b57-fc966d4a319a,shipping,892 Brewer Lodge,Garrettmouth,OH,61726,US
cc37fe78-e61b-42ec-9ccd-1e44c1dd1367,2ce24163-b49f-4fab-bceb-ce27858acaf8,shipping,256 Suarez Route,South Erica,OH,20003,US
2c1ded14-f71f-4be1-98b7-f822c546d9c7,0f1104c1-3b0f-4edb-b53e-e4ba49b3cd54,shipping,286 Flowers Port,Port Darlenebury,AK,22513,US
9b3996a5-8be2-4eae-a3d2-74e8d887c243,211a6b98-0807-42ea-b48b-5f256a6e52a3,shipping,594 Butler Cliffs Apt. 045,Maryberg,CO,21856,US
4edcd21c-2b40-4bd3-bfb5-4b6ddd53c1ec,46301cda-31a2-40e1-a169-ea1a4f20def7,shipping,85023 Bailey Plaza Apt. 065,East Jessehaven,AL,36600,US
13813eba-d21d-4f42-8961-a1f131751b43,46301cda-31a2-40e1-a169-ea1a4f20def7,billing,437 Lee Square,Aaronshire,MN,49699,US
4820a9df-e125-4f48-979f-7172a4d31651,0a2a12da-18d8-4b3e-926b-fcd4369732fb,shipping,71713 Steven Road,Amandaview,FL,45306,US
3ff9668e-0185-4551-a69c-985775e0b964,c99f3984-a1b6-4fa3-aa40-b79eb9c08774,shipping,5421 Anthony Fork,South Curtischester,IA,12422,US
ac384320-cc1f-4911-99a5-76ab95e56a13,3983a242-b3e7-472d-abcb-70d8dac4a98d,shipping,53487 Nancy Forges,New Kristi,NE,45002,US
fe15d494-a28b-4897-ac3a-d0a0a6fbdd61,3983a242-b3e7-472d-abcb-70d8dac4a98d,billing,865 Olsen Dam,Lake Alanview,OK,68392,US
e1087e44-a2e3-4211-a22e-f09d8c5d0d0a,93060471-f67d-42f2-8969-8791b14fe394,shipping,607 Archer Ports Suite 209,North Christopher,NM,17657,US
7e6541e8-8df4-424b-80d2-4c5b83dea6c3,b9570650-1de2-4e95-ba4f-4dd3640a2f45,shipping,868 Kevin Ridge Apt. 136,East Josephport,FM,13653,US
ebb10abd-a0d4-4f63-8466-38babf6b0feb,2c14a925-057c-441d-a96e-f5ed1d0fd221,shipping,64221 Jennifer Mountains Suite 428,West Jacob,FM,38874,US
891a7207-f560-4444-8763-7044188b2e3e,aac09282-7bf3-4f58-b86a-5e2c2239f588,shipping,689 Courtney Meadows,Dudleyport,RI,20339,US
e6b48af8-7552-412e-9ebb-5fbce0ea320e,e1b7fbc2-8144-4aaf-9893-482544988c90,shipping,5907 Victoria Brooks Suite 186,North Anthony,TX,99702,US
c26a362c-e9b9-4c51-bb95-e949a7423f2e,c3758349-a891-461f-b2c9-a0d5f705b3f4,shipping,093 Katelyn Island,West Rachel,AR,13424,US
6a52d8ea-a2ab-4dc9-ba48-3ef8b35c9d70,3256a3b1-b10f-453c-bda0-d0be33a9ca33,shipping,882 Christopher Mission,East Lisa,AZ,88349,US
2f27b0ab-46e3-4189-afd5-4bfe038af18f,7f377b60-ab29-413f-89b4-66626f678029,shipping,5273 Marsh Oval,Port Courtney,AK,36800,US
c85fdc78-8624-4d33-b0e0-37ce0b17b584,c5c4f316-6256-406f-a648-6d945718d7f8,shipping,915 Kimberly Way Apt. 127,New Stephenton,CT,13383,US
db26d7fd-8367-47c6-846e-c9553cc9032b,aa752df7-3b1f-4112-8a84-c9df762c9ed6,shipping,396 Anderson Roads,Dianefort,VI,33589,US
9a18bc11-a75e-4cc5-881d-b2ed66d52ac8,aa752df7-3b1f-4112-8a84-c9df762c9ed6,billing,2274 David Knoll,North Stephenfurt,SD,02081,US
8df0136d-e140-49eb-bced-d8549db4f74b,d3ab5e10-6490-4374-a5cb-f6219805fa7b,shipping,8234 Lindsey Parks,New Tammy,NC,34353,US
94790582-6964-4a06-bde7-10be5fbbc39e,d3ab5e10-6490-4374-a5cb-f6219805fa7b,billing,4807 Farmer Plaza,Ryanburgh,KY,75037,US
c06bab47-b70a-4903-858c-4f74df63b0e8,12924e77-6454-4b8c-b8e2-71d2adcb7ca6,shipping,11355 Evan Stravenue Apt. 774,Andreaside,MD,36157,US
23f2cc40-681e-4473-a197-0ebded42cc0c,12924e77-6454-4b8c-b8e2-71d2adcb7ca6,billing,2155 Williams Circle,Tiffanyhaven,NH,04316,US
cad5c4db-d976-4a30-8d34-f11e3d2f9178,1c3dbdb1-bb55-48f0-a5f1-54176f3ceddb,shipping,54578 Weaver Park,Dunlapland,NC,98006,US
4d5afd1f-4f06-4a3e-84c0-b4827bb75d00,a6e4926f-b046-4e94-9d2a-6e7f42bab406,shipping,358 Kelly Meadows Apt. 881,Alexandrafurt,PR,06617,US
53bef82a-402b-4bb7-a0b8-33e534e6824f,c1d3bf82-4a89-4c26-a97d-1243a1cbfb39,shipping,428 Mitchell Knoll Suite 217,Lake Katherine,DC,09187,US
8c3c4fde-bad2-4268-95f4-595af249ebb3,c1d3bf82-4a89-4c26-a97d-1243a1cbfb39,billing,52908 Kristie Mountains,Maxborough,TN,70250,US
b89979d2-a089-418f-88db-257c00116208,b816b080-e564-4cee-a68a-69aebb6174ea,shipping,0777 Owens Ford,West Joelland,NC,02637,US
0819fb1e-27fc-414a-aef9-71348377daaf,865729b9-02bc-4d19-8e21-d099ab5f8d9c,shipping,847 April Track,Brownshire,FL,72880,US
fb428865-0058-4ce1-a427-9315ba4df43f,41ddf403-ac5b-4f19-a36c-969b4fd62e03,shipping,307 Wendy Club Suite 974,Littletown,FL,59758,US
bf90353e-880c-45ce-9c91-a4b5436d51e9,29520907-bb09-423e-90b7-beac28b10a11,shipping,563 Jessica Burg Suite 101,West Kevin,GA,92652,US
86f173de-ce27-48d9-aff4-bbe685e6ebae,29520907-bb09-423e-90b7-beac28b10a11,billing,50050 Nancy Islands,Port Katelyn,IA,60526,US
376683f9-8a5b-4c63-921a-bd5ae6507d6e,158eb176-9482-47d3-97d4-4a6b96f07693,shipping,4473 Doyle Valleys Apt. 244,Haynesmouth,MP,12473,US
857661a4-edea-481e-8977-0e94fa40d075,9f1f21ad-0d83-41de-b46e-e8506ab29a7f,shipping,11366 Justin Squares Apt. 009,North Tammyborough,KS,86297,US
40b09ab2-7fa7-437d-85c8-3b9a422bade6,9f1f21ad-0d83-41de-b46e-e8506ab29a7f,billing,77675 Troy Stream,Lake John,IN,03828,US
989cc290-e110-49e2-9bbf-aa77bbc1904b,ce7de2c4-1b5d-491f-b648-f6b58b17061d,shipping,6265 Floyd Burg Suite 657,West Anthony,IA,32213,US
4d7ccd20-044b-4e44-84c9-9d5ac47ba97a,761bae61-a67f-423d-8c45-ab1652ce669d,shipping,9638 William Locks Apt. 035,Mikaylaville,MN,26321,US
e7f352dc-46ea-44c4-bcbf-7a2314ff04b3,4092754f-c0f2-4547-8033-b701e043ca92,shipping,07123 Mccann Extensions,Estradaview,IA,06951,US
52806398-5cae-46f7-875a-3ca7e96e56b9,560df201-46cc-4a5e-b4e2-94bf6695802a,shipping,97319 Woods Ferry Suite 867,North Derek,OH,68034,US
0c38cab9-04ba-4405-b619-2017278b1ec1,08b7f672-ad36-4940-b089-ed696d63be07,shipping,408 Porter Forks Suite 571,East George,CT,11893,US
c8dc4d28-d569-45d2-879e-a62785296682,c3e536a9-6e8a-4e9d-af4f-2e224938bd0e,shipping,61008 Moore Island,West Michaelhaven,IN,34130,US
591c1d1b-95f4-4d87-b2b1-84b8030ed446,62d4933c-f520-4002-97e8-57cad7fe5028,shipping,265 Miranda Radial,North Samuelside,TN,10947,US
14accb03-8bc3-4e61-ac34-9d353334b7aa,8340e2d4-d4db-47a3-a7ef-9dbc8b1a74c5,shipping,48587 Matthew Dale Apt. 589,Royborough,ID,51594,US
05d4c531-8324-42c4-a3a8-ad1595c48260,155d79cd-ac10-41f2-9293-3b876c24cf0a,shipping,066 Miranda Forest Apt. 305,Hernandezview,ID,22675,US
6f913947-e071-4384-a843-99c04e7a72f5,47ef33d5-32a7-4324-a2f3-e37b9567fb9c,shipping,717 Haley Skyway,East Lauraside,NJ,57674,US
025bc1a3-3a82-4d8c-8402-ad8270234cae,8db43ace-96e4-4724-a87b-b46f30419990,shipping,4150 Brandon Forks,Campbellview,RI,25720,US
9906b9d6-711e-44e7-8cfd-ff3950555194,f4b03720-0339-4f74-9c39-fc11993abe1d,shipping,440 Glover Loop,Karenton,NC,18322,US
4373a818-11b7-46e5-a404-d414d2f0a8d8,f4b03720-0339-4f74-9c39-fc11993abe1d,billing,9199 Laura Stravenue Apt. 995,Timothyfort,CT,80120,US
324ffa69-704c-4850-8d0c-1454abfa84a0,80191191-19d6-478b-8902-5d79b8eccb22,shipping,74671 Hinton Lake Suite 190,Jameston,ID,76191,US
c2a00945-80e8-4f97-8878-1898b84a8fee,80191191-19d6-478b-8902-5d79b8eccb22,billing,3630 Jones Branch,Port Krystalbury,WI,60005,US
66bac67b-c69e-46d0-bdbd-9d126e343aef,ee0f7637-0fe9-4640-9b8f-60c14b8255a1,shipping,121 Reginald Mission,East Molly,NM,02225,US
e8f2beb6-0d84-4387-8a45-9f46c402803c,cbf2f1c4-5985-482b-bd63-857c59a7827c,shipping,327 Jason Walks,Russelltown,NV,22381,US
50d5d623-f782-40e7-958b-7f4c99da5493,8bacb7fa-d9f4-4a0f-9df5-668aadf06b38,shipping,183 Paula Plains,South Jessicaburgh,VI,87844,US
f72596a7-dd35-4d6d-b705-a7c53d7c5f89,3b15e258-fd1b-4f31-994a-0a3b41d5107c,shipping,875 Bryant Port,North Angela,LA,29397,US
fa8e8ae9-e3f5-4c90-9ae1-e895ff11b8b0,5b9048d9-763b-436a-bc1f-124c5c409de6,shipping,244 Donaldson Track Suite 277,Michaelstad,SC,42347,US
33e6435c-6779-4641-9494-760bb9d94f67,5b9048d9-763b-436a-bc1f-124c5c409de6,billing,430 Martinez Glen,Smithport,CT,07789,US
cd053ed4-79db-4e64-ae67-cc9cf917fdc9,ab54bb1a-4bc7-49a9-ac26-b6bdd6e10e72,shipping,298 Carla Light Apt. 254,Reynoldsmouth,AR,39611,US
8dd3a550-49ef-48c9-b519-0194afcd53c6,ab54bb1a-4bc7-49a9-ac26-b6bdd6e10e72,billing,2321 Linda Throughway,North Juliaside,PR,97754,US
98931cac-1bc1-4405-9df3-aac18838209f,36360817-88d6-43e2-8f1a-74c65a2ea015,shipping,12300 Amanda Passage,Paulabury,MA,32260,US
9d7c124e-0759-4a92-ba3e-1ec76bbd491d,0037b013-a1f5-4621-bb1f-15cfaa53f342,shipping,950 Donna Lodge Suite 592,South Melody,WV,34209,US
fa41e388-74bb-4072-9467-a247f021273b,af487577-77ec-4a56-94c3-201786a12905,shipping,06420 Jeanette Pine,Wendyville,SD,52286,US
024cdfeb-2162-4d93-b363-240f6c902530,a1c66e31-c7bb-4fff-ba07-0f842a97abdb,shipping,2874 Steven Station Apt. 956,Aguilarshire,GA,17789,US
db070d7d-1382-49be-8419-372a4168cd11,35957c10-b2d9-49fb-9df8-d3839ed2f0a8,shipping,613 Katherine Island,Hubermouth,GU,04750,US
c309b134-1a02-4e58-ba4a-012ccd16a58d,78a17a3f-5897-4b77-8274-2130b8ac6440,shipping,28258 Tiffany Mission,Phillipschester,UT,40189,US
a7908652-aa39-43ff-b3db-a07002afea3d,78a17a3f-5897-4b77-8274-2130b8ac6440,billing,7484 William Brooks,Johnsonville,FL,20635,US
f2e142b3-7fac-4f60-bb2e-c20b46f0e1af,1c8b3f3d-53a0-42f9-872f-9f01476f2a12,shipping,963 Fernandez Common Suite 165,Gonzalezland,NE,67812,US
37a65fc6-2fd0-47d9-af35-b4cbe5e5dce6,1c8b3f3d-53a0-42f9-872f-9f01476f2a12,billing,17792 Bell Cove,Phillipsmouth,VI,09597,US
22274472-fb43-461a-9f29-6f2a345b05ad,e2b88840-6e1b-42bf-a997-396bef1c21c3,shipping,6386 Austin Oval Apt. 621,Port Danielleborough,NJ,92271,US
59cb312d-5a1a-44ad-a745-1a1cd5d6c6c4,19b1fe8a-5256-443e-8b12-ee7e49014dd7,shipping,95024 Coleman Way Apt. 772,New Crystaltown,NE,58541,US
553395f5-1c59-4d61-84f5-8dc10d961fef,19b1fe8a-5256-443e-8b12-ee7e49014dd7,billing,3674 Weaver Wells Suite 886,East Megan,AS,59840,US
007e9047-5d56-44d4-8d76-52bdbb4ffd8e,5780e410-9ceb-46a6-b46e-1265361a3cda,shipping,0707 Cory Mews Apt. 655,East Timothy,MD,10610,US
b14c2903-8398-4ed4-a6e5-0abc94f11415,d938f39a-3ac7-45f2-9fe8-e4e62623ff3d,shipping,1645 Christina Underpass,North Martha,GU,58678,US
edcadd3b-2ec7-4907-8c96-10d0880c1d9f,2d8a2979-085c-4604-97c2-f28b2ca9b671,shipping,8791 Nichols Flat,West Katherinemouth,WY,99122,US
170f90e4-9858-4628-94b6-42fdb88392f9,2d8a2979-085c-4604-97c2-f28b2ca9b671,billing,5593 Patricia Place Apt. 017,Hallside,AK,92243,US
a536eb96-8064-498a-9343-098b47bc0cd0,10d47ff9-82c3-4882-9d35-2702ddf41420,shipping,39000 Murphy Via,North Whitney,GA,52657,US
477128c5-d041-4814-b072-8c0762de23a4,04d2e752-7058-4c3e-a353-3296dc61e437,shipping,37998 Pamela Parkways Apt. 931,New Carlchester,MO,04970,US
fdefdb5a-cc97-4a07-a231-2aa5e0e4a61b,04d2e752-7058-4c3e-a353-3296dc61e437,billing,781 Taylor Fords Suite 243,West Jessicaton,ND,05587,US
15191f94-e0d0-4053-b453-e8d7eb957c3d,0bf65e83-f9ef-41a4-ab2d-8700fdf73abb,shipping,74800 Alan Terrace,Marcville,AR,54879,US
b188b814-3c80-4d49-9253-33b0e265b729,0bf65e83-f9ef-41a4-ab2d-8700fdf73abb,billing,186 Jeffrey Estates,East Erinburgh,CT,57963,US
212475d7-49c2-4ce7-97e7-9df331f292aa,61c8a23c-1f30-4554-b5fe-83a47c2498eb,shipping,025 Candace Glen,Lindahaven,MN,49567,US
3437de20-41f4-402a-849d-6562c31fd5b6,8fa39f67-fd13-49ea-b2b8-8a910459cfb6,shipping,5544 Gregory Crescent,Port David,LA,37831,US
467d6ce9-a832-4459-a7bd-29497c3576b4,8f184f1a-8651-4698-8ffc-d541f50cc1cb,shipping,1241 Mary Motorway,Nicoleborough,MN,91323,US
48449a60-1303-4918-b80d-4f7f0997af68,8f184f1a-8651-4698-8ffc-d541f50cc1cb,billing,04837 Dan Shoals,East Bruce,MA,49966,US
437f335b-4cf2-4505-ad27-e475d752112d,958b4ddc-b7c8-4337-9c26-0aa78630123d,shipping,3048 Nunez Pass Suite 656,Russellfurt,AS,05887,US
7e369603-a55f-4704-abcb-3b09522b076b,1319e655-aa24-4c26-853c-392a510e5ed3,shipping,6650 Michael Ford Apt. 867,Laraport,MA,51316,US
48696a64-28fb-4e49-b441-049deaa03643,189a4c8b-2599-4c04-aa76-2fc8b64bfc6c,shipping,4806 Wyatt Manors Apt. 797,East Kathleen,RI,06857,US
7911f43f-be74-4349-bbdf-6597b083c63c,4f38ecb6-31d8-4b16-a5e5-df9108dbacc0,shipping,02468 Hanna Spur,Port Charlesland,IA,05767,US
c9964027-eb06-446a-89de-39f73c195bf8,fc17e1f9-6781-4899-b362-f0435c2f7704,shipping,57788 Robert Springs,Schneiderville,VA,20149,US
4a725cd8-5774-4f1d-96e8-caeeb1f398e7,697b0ff2-e58e-4e1b-b8a9-b66468f74d12,shipping,2777 Jones Mountains Suite 272,East Justinshire,MT,79701,US
118017e9-40fe-4a20-8bc4-8c1006952482,938a340d-598e-4719-b83d-6d1ac3ee5c27,shipping,26782 Michelle Terrace,Blackhaven,AL,69953,US
fcc8d48e-bd35-48e1-b1ce-94b63a63fb4b,5bbf0fef-2690-4219-92a3-0b49dc90243e,shipping,741 Wiggins Turnpike,West Michael,SC,22265,US
b6b7109f-227f-4cc9-a59e-c899714bbb1b,b2596017-97a5-43ce-8fd4-9d094640a538,shipping,85088 Andrew Summit,Wyattview,NV,20883,US
14377125-45b0-4c6b-bd43-74ea672fc73b,50603b0d-e6b0-4c66-869b-6c78f9df2e17,shipping,945 Ashley Centers Suite 695,East Kellymouth,FM,05622,US
a473b6b4-38e7-4aca-b987-7d40d391c1b5,50603b0d-e6b0-4c66-869b-6c78f9df2e17,billing,6435 Proctor Mill,Jacksonmouth,KY,61100,US
2377bbe0-b823-44cb-bccc-10fbc994e7c2,34f1bc2c-7509-4deb-aae6-3701f6f6dc4b,shipping,81893 Gloria Crest Suite 800,Jessehaven,ME,80711,US
2995e5da-e040-4115-8fc4-50e64da4da06,48c2cefb-06ea-44c2-9b77-8dafd9e3fc80,shipping,2538 Cobb Roads Apt. 622,Kentfort,GA,55321,US
c4fee2c8-2b32-443a-912c-a77774968689,af024f3f-b9b6-4e05-8e7b-a4323a02bd77,shipping,563 Thompson Islands Suite 794,Lake James,LA,72151,US
3d17d92d-1085-4e9a-92cb-7ebf6ce904cc,af024f3f-b9b6-4e05-8e7b-a4323a02bd77,billing,74801 Christopher Stream,West Lauraburgh,NH,22398,US
11748852-c98c-43b6-b095-32f5dd47472f,ace9585e-eaf6-4013-8fdc-74e402128b93,shipping,095 Mcmillan Cliff Apt. 424,Ryanburgh,MH,70379,US
0dbfd331-9258-4613-8482-5f6c784d078e,0f8cf2cc-d45a-4935-834d-54e851c9162d,shipping,43645 Patterson Meadow Suite 138,East Seth,MD,92340,US
04640233-6706-4567-8e00-a89dd63ec11e,cb7b2236-7d6f-40ce-837d-c3fb264455ca,shipping,2980 Rodriguez Lakes,Rhondamouth,NE,86939,US
27bc2b4a-42d6-4ee9-8bb3-486c2cab7c7f,93439400-e8aa-4465-809f-06a0bf0f508b,shipping,545 Charles Knolls,Ashleyhaven,TN,68892,US
79e48482-89db-4eb2-8189-539576ec9898,0590ff0f-43d1-42c6-bb6f-1b7d9cfd4ca9,shipping,187 Johnson Station,Port Brucemouth,LA,91268,US
01e6545e-91b3-4160-8c97-3131ef9728d0,602628fc-b045-4ae3-8918-f8f7b9cd2a77,shipping,71467 Sara Locks Suite 138,South Kevinport,WY,27779,US
c3732486-ff7c-4f48-8db8-1f0c3df72ad2,602628fc-b045-4ae3-8918-f8f7b9cd2a77,billing,805 Richard Ridges,Rachelport,NH,04879,US
f10f1c0e-d144-4a58-b55d-c951a2ea0d1b,e39a94b3-7545-43ad-b39f-3755e9ac3553,shipping,544 Megan Light,East Ernest,MP,01818,US
c429460e-c1ec-4eaa-b090-e7a9cdc8fb16,ab2b8f4e-2e2f-43f9-a268-96fb2dd95d39,shipping,11372 Chambers Shoals Suite 085,South Michaelville,GA,15224,US
2a71a5f7-ecb1-4c13-877f-cd28a6b08a2f,7961e24c-6008-480d-8204-f3c138475d41,shipping,737 Perry Tunnel Suite 623,Howardhaven,MO,49818,US
86c4f1a0-eaba-4e58-9d10-7b7a88aa9ee6,7961e24c-6008-480d-8204-f3c138475d41,billing,7733 Dickson Plain,Andreaside,OH,50839,US
ee5806ec-72ba-4f51-be92-e480f54c9e0b,15bd856e-6031-4fa7-b2c5-d70304d9c7e6,shipping,196 Armstrong Spur Suite 285,Lake Phillip,TX,14468,US
4c060a05-cd28-48de-902b-38379a5489e0,15bd856e-6031-4fa7-b2c5-d70304d9c7e6,billing,11218 Valerie Neck,Riverachester,NE,59988,US
6f300cfe-8c62-4d96-9d14-72beb6c1d2be,62b92223-a0e9-4d8d-8184-ff42a92dc9aa,shipping,6018 Robertson Extension,Williamsshire,TN,72912,US
16258ea8-9346-43b2-86b5-15c91931c506,62b92223-a0e9-4d8d-8184-ff42a92dc9aa,billing,2169 Knapp Creek,Bakerstad,MP,02983,US
0b5d3621-21b2-4549-880c-8de7794389da,fbeb74a6-1f7a-469e-84ce-c0bd219434f9,shipping,559 Richardson View,North William,HI,98796,US
da82dc16-554e-405f-bd10-3e02c5a8c683,62c9061e-d3d3-480d-b456-e4cf7c0a25f5,shipping,570 Sutton Vista Apt. 764,Williamschester,FM,67533,US
4be40a33-249f-4464-8aba-2467a18b3d9a,4fa6b02e-c09e-4918-bc53-2619b3c273e4,shipping,07707 Mccoy Throughway,West Laurafort,DE,41481,US
a668edb4-e78b-4069-b71b-12c282a9d4b4,90a60475-89bc-48ca-a582-e20397b38cfa,shipping,80269 Villegas Shoal Apt. 965,Ashleyborough,AR,64316,US
13091d19-a390-422d-a028-279ad20ad5af,4148c63f-14be-426a-9ff5-a64a90ea4b27,shipping,9999 Margaret Prairie Suite 804,Richardsontown,MI,34796,US
92898e95-6c02-4c4d-9b88-77f4f8d19589,b22909be-2198-4816-a3f6-f858f749edcb,shipping,75026 Michael Terrace Suite 224,Kennethchester,GA,86963,US
df1b10eb-5479-4f6e-b47e-3cdadaa9a0e8,b22909be-2198-4816-a3f6-f858f749edcb,billing,275 John Stravenue,New Kellyborough,RI,98328,US
a8f6bd6a-20c0-44d2-aab3-ea3ea522d0a1,4e64654b-9ca2-440c-9cbe-67b811652602,shipping,44262 Hernandez Oval,Lake Johnathan,OR,46112,US
998c0568-8dac-4bfc-91c9-b994e8ad2be5,37d6edab-53aa-4bac-8837-fdc4f57b6511,shipping,810 Erika Lane,Lake Robin,MP,98467,US
e3493f59-d064-4cb4-8951-87fd2131e00f,2ec118c1-0957-4116-9cca-84f9e015a2c6,shipping,9836 Nunez Valleys Apt. 797,Samanthaport,CA,38547,US
6892fdc7-9ea4-4efb-97a6-08fee3b505da,2ec118c1-0957-4116-9cca-84f9e015a2c6,billing,5865 Reyes Mission,Amyport,TX,54074,US
fbf7ad2d-99ea-4c69-9102-65b03fe11a3c,fda3a65e-ce85-42ee-bc17-3af1804f646a,shipping,909 Janet Mission Apt. 733,West Lori,PW,87920,US
7f652cc1-348a-43b1-ab02-0e4d8cd4b743,2c6b6b60-5cc5-4ffd-b07b-e9c41bc6e0d2,shipping,341 Hoffman Station Suite 104,South Eric,NY,80577,US
e09f2730-7c39-4b62-b5af-7e3e22f0c427,2c6b6b60-5cc5-4ffd-b07b-e9c41bc6e0d2,billing,0998 Kathy Spur Suite 026,East William,RI,66803,US
c278579d-75c4-4aae-91c5-76c1e35405e5,635c8480-c86c-4fbb-bd73-7c2c08fd4e0d,shipping,43537 Dennis Divide Suite 183,South Joshua,MD,03899,US
145b180e-a5de-4b2c-a2be-efc9ebe06912,a2a0b184-3378-415a-a3f1-4ec80131868c,shipping,384 Kelly Manors,Beltranshire,IL,56169,US
3b68b275-6013-4882-a502-a5c5c3162cbd,a2a0b184-3378-415a-a3f1-4ec80131868c,billing,445 Fitzgerald Plain Apt. 853,East Nicole,AZ,91114,US
04bab1f8-c255-4291-8f2f-39e2e056817d,d5370fc1-dba0-4f84-b638-9b635bcb0d77,shipping,749 Williams Fork,Barberchester,MT,40613,US
c73333e4-3948-429c-9b51-daf78782e29e,214c966a-6de3-4b96-9019-4459a5ab9a48,shipping,6427 Kyle Points,Rebekahbury,WV,45398,US
42a269cf-98a4-4511-8249-6faefde9e313,9f24465f-007e-4d54-82aa-33f1e5c8f742,shipping,441 Roberts Islands Suite 142,Barryberg,CT,93197,US
3cfd7858-0eb4-4af7-8032-b8e3d014f7a8,9f24465f-007e-4d54-82aa-33f1e5c8f742,billing,411 Emily Crossroad Suite 120,Freemanland,AZ,78860,US
8ec0688f-5877-4ccd-84cc-d051355e0b1c,cabb129b-bc3e-44a8-8d66-e02a986aced4,shipping,9002 Mark Port Suite 171,Lake Jamesberg,MA,95381,US
81491ba1-e77e-4087-9aa9-9f0ee275b9f8,f89dff58-0d1b-4e46-aebe-1d20a3f69a80,shipping,41067 Ryan Manors Suite 091,Lake Jenniferview,NM,22728,US
b885e84d-647b-455e-883f-5aa3c638901f,e2938117-9c57-4ab2-b9d8-11645b56e048,shipping,498 Koch Loaf,East Nancyhaven,ID,53647,US
f8c94e7e-dcbc-4364-804b-e129ed4c5220,dba34d5b-8cf5-453d-9a32-cb0a374d4d68,shipping,738 Michael Ports Apt. 525,Perezshire,NC,14618,US
44492aa6-e32d-49f6-8840-7b43818b3b0e,e918f362-df92-406f-9e5a-dab70f4548e4,shipping,800 Rodriguez Extensions,Shahburgh,SD,08724,US
6233c1b2-89d6-494a-a943-d1f649fe9156,e918f362-df92-406f-9e5a-dab70f4548e4,billing,620 Denise Center Apt. 333,West Jaredton,NE,24753,US
70b6792b-1076-4cfb-b100-6b90b158a986,593dfff9-ce96-4657-b2cb-caca247d0de9,shipping,3918 Wright Prairie Suite 876,Reedville,TN,84655,US
3b024f64-fbc1-4778-a0f3-d60959e44d99,593dfff9-ce96-4657-b2cb-caca247d0de9,billing,7027 Steven Pines,Melaniefurt,MA,38789,US
68653f7e-6511-4a2f-94cd-49240b3c2cbb,c9b72dee-e540-4ebb-8393-31098acda4b9,shipping,3851 Woods Stravenue,South Matthewchester,PR,41978,US
a3774a79-1aca-4333-b88e-83017f37a8d8,866e5671-8f36-4319-9ee5-232b757515b3,shipping,419 Nicole Inlet Apt. 219,South Michelle,IL,50080,US
ee418d6c-9423-4089-b591-7b7f432de0d1,1e35da9d-09a8-450d-8d62-a2033126002d,shipping,29016 Weber Ferry,South Edward,AL,62766,US
4a2fc755-f4a3-4668-9684-818e5c353770,1e35da9d-09a8-450d-8d62-a2033126002d,billing,89438 Simpson Land Suite 284,Cochranmouth,VA,55138,US
46ff4c6d-1120-4b53-b2c3-106ddd6e9cab,c3b388de-c7a3-4797-b83b-c9d4d540046c,shipping,88172 David Ville Suite 394,Bethmouth,UT,39576,US
ecb55879-4adb-4fde-aa80-99257ede8b75,626353e2-3cc4-4a71-a0bc-48466a73a193,shipping,995 Mark Valley Apt. 990,New Jillhaven,NY,34003,US
2552484f-38a8-4d59-a7a3-fa42792eb706,98ac62cf-37d1-464c-80a9-23f7a87d2a9f,shipping,6640 Davenport Village,East Stevenview,MH,59148,US
c120b283-4362-44b4-9642-7c3beaf47fbf,40e58a57-62a2-4d73-bd9c-f0d3af830a7c,shipping,65652 Rodriguez Orchard Suite 408,Lake Charlesfurt,KS,12788,US
7d79d6d3-1d3a-4e25-a119-b823d8f6eb41,880c9171-db2d-4746-84ba-e289cf26c55d,shipping,9925 Gonzales Valleys,Russellside,AR,30408,US
5b636066-981b-4e64-bb2f-ad26ce7ac19e,880c9171-db2d-4746-84ba-e289cf26c55d,billing,7793 Avila Summit Suite 117,West Teresaport,FL,25933,US
b9c3ee51-d106-40a8-a7f4-b67c1232476a,27cabeb0-16a0-45fc-b9cc-c81891c11fc6,shipping,19547 Wyatt Shore,Johnsonport,NV,07961,US
f5572cfc-fd8d-4585-baa6-85aca2ff679a,de1e10b6-b439-472e-a0fe-11c91400bd2b,shipping,126 Rodriguez Stravenue Suite 209,Valdezview,MA,01890,US
2c26b829-f0f1-4502-84f7-84a08dee52df,0e8f09f7-9d33-4398-8cbe-676eace1d09d,shipping,497 Reynolds Vista Suite 515,Frankside,CT,22691,US
a7adfc63-70d8-46ba-984e-feb14f93910e,eede15d6-68b6-4991-acb6-62cd04cb378b,shipping,9680 Clark Canyon,New Jonathantown,NY,14760,US
9c657f8d-011d-47a0-bf69-5c9396fc2286,9c8ec563-eb9b-482e-b4cc-7f231d435d31,shipping,7464 Savage Pike,North Anaton,MN,89423,US
3e200e98-0f2c-4d52-a9c3-2a3b463c83b2,9c8ec563-eb9b-482e-b4cc-7f231d435d31,billing,06860 Sharp Isle,North Erin,MS,46281,US
818bb9ba-60aa-442d-a478-94e7f2945355,f7c4caa3-d159-4d22-a142-5efa54603269,shipping,83289 Montgomery Club Suite 341,Georgemouth,TN,54676,US
56ebaef2-5844-4ea4-82aa-dde79129e342,f7c4caa3-d159-4d22-a142-5efa54603269,billing,329 Daniels Drive Apt. 629,Lake Alexanderfurt,KS,05828,US
d5af2e61-2a2d-4dec-bc70-b721955a9dfc,9634937e-5eed-4879-91ea-b4d722a6b346,shipping,01448 Adam Cliff,Montesshire,PA,43613,US
37a53f4a-9e15-458d-9e59-ab3cc2846e8c,5c56bdc1-60ae-4678-b594-449511ca14fc,shipping,709 Jeffery Glens,North Samuel,MI,20386,US
8a2ecb02-c796-4d6e-b489-442f3831bdd6,e8532e7c-dd28-424a-826d-1e87922c718d,shipping,4459 Rebecca Estate Suite 302,Brianburgh,MN,07652,US
bab5d2d8-a11a-4e41-8c1e-86808fcb3da0,534f0e50-453e-420a-8025-8c0041da25a2,shipping,04662 Brandon Loaf,Port Stephaniehaven,MN,31146,US
f9f5670f-6fdc-4b07-b277-5be61127a9d0,8606ffe4-bd7b-4b55-97ad-fa993aabcf38,shipping,27082 Gomez Crossing,North Samuelville,ID,93210,US
ce0379c7-650e-41fa-87d1-89bacd7d4a9d,8606ffe4-bd7b-4b55-97ad-fa993aabcf38,billing,25396 Terry Harbors Suite 975,Port Stacey,ID,90479,US
a6f7a0dc-65ff-4633-bf67-1b989bfbeb74,5d90254d-2c42-402e-bd4c-527e93b9320b,shipping,605 Lance Well,New Shannon,CO,02174,US
7e58618e-302a-411b-ac6d-8937db43c540,5d90254d-2c42-402e-bd4c-527e93b9320b,billing,538 Taylor Shores Suite 874,Port Julia,IN,56288,US
e8e94137-eafb-415e-b353-6653e6974fd4,1cefe9dc-388a-4a48-a2c0-befa084fd47c,shipping,22591 Susan Gateway,Richardsmouth,MO,84313,US
1e79bdfe-f8f5-4c1b-9321-5468acb0755d,e7cb4a8a-5c42-4e64-81c7-acfbc31a870f,shipping,082 Erica Estates Apt. 239,West Karen,NJ,64634,US
c189d6df-8b07-4b2c-b585-e6f1a7b6195c,cec89e31-f791-4146-9c8b-4dc3bfd07756,shipping,9758 Sarah Village Apt. 280,Devinshire,VI,84295,US
0739c5c9-e2df-4d90-a144-0e4d8060a03f,8803a86a-2ddf-47d0-9cf4-10ecda65b257,shipping,090 Beck Square,Lindaport,DC,78214,US
6233f706-627d-45eb-a98d-45d1eaed930b,9a4ed7eb-e4bc-4b80-bbe4-d85c3c6b3cc7,shipping,569 Knox Lane,Gonzalezview,MS,44894,US
a8b03db2-bbaa-4073-9fce-2ac5f92d604e,b12a7e76-40d1-4882-a0b6-d5401c4d8e35,shipping,891 Jason Camp Suite 333,Lake Christinefort,TN,46055,US
af97a872-57bc-4c92-8da3-96fe73fe5087,85592a7b-64cc-4b26-b8fb-73763daac310,shipping,4985 Aguirre Knolls Suite 730,Port Michael,WY,01273,US
44ea5e4d-b3e0-4f94-8e6f-b7c170740c7b,f67f0226-9d23-43ca-b224-3e42a8909e91,shipping,105 Hubbard Rest,Ashleyfurt,NV,37089,US
d31a6923-9895-43a4-986b-565f128b4777,f67f0226-9d23-43ca-b224-3e42a8909e91,billing,828 Stefanie Port,Williamland,NE,37913,US
9b70a925-1953-41e7-bc55-66f2445d4bf0,006d4073-b8a1-4193-ab7e-f76f32ae3aaf,shipping,85857 Patterson Greens Suite 735,Deborahville,AZ,25388,US
330d90ed-5f49-4173-a2c5-0ecab2062ae0,8689217e-5c1f-4e7d-acee-c71d14f4f19c,shipping,08587 Brown Stravenue,Amandachester,AL,09371,US
82b5350e-52c2-41ef-8d7b-a86c84fec1d1,8689217e-5c1f-4e7d-acee-c71d14f4f19c,billing,46013 Kristi Court Suite 694,Kimberlyland,ID,87750,US
3e4d4ab3-7a43-41c3-9e9f-d1112c99f64c,5bcb82aa-65ed-494a-a5b6-6bd2e32f8d49,shipping,261 Brandon Walks Suite 508,West Eric,DC,60910,US
d9bab864-197d-4acc-b4da-d468d316fb6d,f0010bd3-0ea0-42c1-9fcc-c94f03375330,shipping,58421 Coleman Cove,Peterfurt,ND,59439,US
3c96fee5-12b5-4f2a-a6ff-e77211b7050e,c9bd80ff-c4f7-4e51-8e8f-e1aa4802d64f,shipping,10609 Vasquez Camp,New Micheleville,UT,87190,US
0e6586f6-5d73-43b9-ace0-46da207ee760,c9bd80ff-c4f7-4e51-8e8f-e1aa4802d64f,billing,712 Wesley Prairie Apt. 650,Port Jamie,OK,29233,US
6be1c939-ea57-4d70-8cbc-8a03222296bf,27506e8c-f2ba-4dbb-82b6-c8a21107df3b,shipping,8908 Andrew Drive Suite 326,Raymondmouth,OH,05639,US
eda14e62-020b-4472-88d8-a52cc03b8888,2da05b4e-0980-435c-a483-2fd1ad119bba,shipping,710 Christine Fields,Faithfurt,ND,47484,US
fc841c51-33a4-4bb0-8c22-2be53be26808,04fad2ce-3944-42c4-9ea4-cb2761e85977,shipping,57045 Mcbride Inlet Suite 793,North Angelamouth,VI,79869,US
5b95c60f-94d6-42d9-8185-9f06ce77361c,a22050fc-04b9-4b61-9a77-970713f56057,shipping,00512 Gregory Road Suite 692,New Darryl,GU,22663,US
a36a8fb8-d676-476b-8cf4-802bccca820f,e552a4e1-5fbf-45d5-af29-dd8226221288,shipping,58688 Woods Overpass,Garciahaven,VT,65634,US
d93bf87c-1e90-4b1d-b295-ae7fdee7f092,e552a4e1-5fbf-45d5-af29-dd8226221288,billing,4008 Kimberly Brook,Port David,CT,21181,US
729d726b-7178-44fd-9180-baa1465b1d93,03259d77-0fe3-4158-ae9d-9faa4fad40d0,shipping,1443 Lisa Extensions Apt. 694,Martinmouth,FL,42493,US
d969cf77-4262-4b66-a3a3-15e92e470a3f,9289f0b9-ac77-48ef-bae8-736d6540440b,shipping,0817 Estrada Estate Suite 954,Clarkport,MH,72421,US
0c53eb51-0c96-4f42-a44f-54b0e4ea736e,c30805fe-94d9-4d8a-9526-f4f51b6cd069,shipping,6439 Lee Gateway Suite 294,East Juan,TX,17393,US
edaa0f69-f0ff-4d26-9964-b0f0f2376c8f,c30805fe-94d9-4d8a-9526-f4f51b6cd069,billing,189 Horne Valleys,Larryport,MD,81399,US
72f86290-25d3-46ce-87d8-168a0caf87be,86630b1a-6ff1-4c02-a5a7-70952c7fe593,shipping,96156 Matthew Lake Apt. 490,Chapmantown,VA,90816,US
98263542-f93c-4ad1-bdba-9b60cf072697,0fee29a9-c8d9-4e5c-82dd-35d27bef1cab,shipping,709 Lori Mission Apt. 480,Blevinsfort,KS,67527,US
1bb880d6-75f3-4f8d-a4ba-44e699b8f881,9750be15-7eb9-450a-96f9-2c261db1fb65,shipping,1101 Victor Club Suite 217,Seanshire,UT,02620,US
a86f87c7-b209-42e1-b380-fc80530a2414,a2577405-cafa-4c1f-892a-973728dbca4a,shipping,104 Taylor Loop Suite 912,Rogersstad,MO,45688,US
a5ff30eb-f6f3-4eae-aa34-c11a39680b57,80f2dfa7-c5c2-4932-8a53-4cc0d73f2c98,shipping,27596 Turner Causeway,Victoriafort,AR,16066,US
13ad617c-b46b-4dd1-8485-8a30e5239ef5,80f2dfa7-c5c2-4932-8a53-4cc0d73f2c98,billing,220 Wang Forge,Wilsonville,VA,85968,US
beb07de7-2f3e-472f-84a4-55e57224b478,8ece74ea-251d-47e6-a7be-e3b253309a67,shipping,868 Harris Mountain Apt. 066,Rodriguezmouth,MA,39377,US
5ab76123-cbd1-40e5-8f5f-78a022a05bae,42b01fb5-ad36-4832-b3a9-d1dbeb884678,shipping,82443 Lee Groves Suite 892,Brandimouth,ND,85390,US
a8eea11e-238f-4405-96c8-649f50db6650,821a35ec-4aac-4627-b986-ce61590a3270,shipping,529 Clayton Glens Suite 687,New Susanfurt,MH,01630,US
93e437bc-4ce4-45a5-bc07-324d65eebe7c,8d2148f2-f4a3-462d-a46b-ef0125a371ba,shipping,4103 Matthew Canyon,Crystaltown,CA,62064,US
0494b18d-fd9c-4a66-b157-1a2b319b4fb3,efd666a4-b5fd-49c6-a144-93178bc6beaf,shipping,13716 Andrea Falls Suite 051,Mccannchester,PW,40489,US
2562978c-0565-4b63-b9f2-7cf11751ed12,1e17ae86-66e1-4afa-a29a-50fb9e977a69,shipping,009 Timothy Curve,Jenniferstad,ND,19610,US
5a4fbf5e-ee0f-4d26-bf28-668ebbcd1798,52c32826-eace-45a3-abe2-b07ca9e665cc,shipping,29564 Jasmine Square,Lake Brenda,AS,18385,US
e8c8b699-19ed-4922-ad97-76190dd66cb5,e7417268-f6e8-4ffe-9bf2-3d00b8dadb48,shipping,2951 Fischer Plains Suite 961,Lake Kelsey,MS,72470,US
6e7d4aa6-f647-4281-9fb4-08db667796e0,75aa46c2-6825-4b19-b225-5c709de880bb,shipping,9549 Tim Mall Suite 106,South Teresa,AS,29461,US
a21692d0-c511-45d2-a817-4c7181d70eff,ea9b0f11-e082-4de8-b2fb-3ec3590e54c8,shipping,00519 Beth Pike Suite 864,Lake Jessica,AR,82373,US
020f4c82-9aeb-4e52-8829-b865b9cf6bcc,197387dc-f013-493c-902c-2f8bfce9a50d,shipping,2798 Hall Glen Apt. 657,Patrickberg,AR,00674,US
3c57c693-637c-495f-be35-9b42c73b2f6f,d6f4fd2f-d839-4029-9e31-a829b07cb104,shipping,39820 Zachary Trafficway,East Jeffrey,AL,41974,US
d1d6293c-53ca-409f-bebe-a4334a1a60c2,fbeeb338-9b90-4f58-8dfb-eda98bfd6d89,shipping,4587 Berry Via Suite 605,Hendrixton,ND,76228,US
5adf93b6-803f-48b9-b423-37c3b6fb064d,c1ce4818-ea79-4508-9bb9-dc18c010df74,shipping,1704 Henry Divide,Lesliemouth,MD,86143,US
6ff03b3d-75e3-449a-8fbd-0f37ce436607,c1ce4818-ea79-4508-9bb9-dc18c010df74,billing,68669 Peggy View Apt. 318,Wrightton,ND,51698,US
1c457f02-df29-421c-aeeb-3f4d8a411c4e,a215799b-b28c-452a-b520-8212a47cd1bd,shipping,00978 Jennifer Route,Matthewchester,VT,21703,US
896a8dea-bb01-467e-b5e5-1c8b1547bc00,de2c67d9-70e4-425e-85b4-0da6ca56232e,shipping,87478 Rodriguez Lake Suite 485,Youngborough,NV,56580,US
adc01762-33c7-460f-89ed-abd5496c5cb2,de2c67d9-70e4-425e-85b4-0da6ca56232e,billing,93028 Marie Motorway,Port Travisborough,ME,08946,US
72094ba9-7d2e-43c2-9566-f75376bbada7,681486c5-913e-4bdd-874f-781aa4d42499,shipping,757 Michael Mall Apt. 472,Alexanderfurt,VT,02219,US
64773248-260a-4a17-a000-f6c619f9e7d3,681486c5-913e-4bdd-874f-781aa4d42499,billing,42147 Morgan Vista Suite 521,Wattsbury,AS,03143,US
9576d926-d69b-48f7-aa53-777d43bf84c5,31b74dab-9363-4ddf-880d-d18773c6a29b,shipping,572 Stephens Views,Nicolehaven,ND,44249,US
cbd0e279-1e47-4afb-be41-1b0ebddf7052,c83604ef-4ad8-4902-8b5f-3571b4934cc8,shipping,03477 Christopher Alley,New Julieville,OR,27792,US
ac24acaa-7307-4bc5-8d37-6516a7f3b27e,6dd90fc4-6fe8-47f3-b35c-ace19e93a617,shipping,681 Larry Land Apt. 053,Davidside,MD,74495,US
99da4ec3-a30b-4917-a778-43dd9c592573,ffafdf5a-c4c8-493c-ab6a-bd85987f07b8,shipping,693 Roberson Village,Port David,DE,40281,US
f3305fd1-4615-4a7b-9f36-e7e6af4ff53e,022186fe-66be-4ceb-8e40-eb845afbac7e,shipping,893 Roger Meadows,Coxfurt,VI,08649,US
c171f5c8-3251-4314-94eb-ee18530df448,6ec3f1f7-7c51-41ed-8a41-08dfb1ab7498,shipping,5874 Nicholas Alley Suite 516,Jenniferview,GU,30749,US
cfbc681c-19bb-4f4b-9a57-91f48c6c0b58,9d2b6f24-6aca-483e-8632-f6dcb05bef35,shipping,0312 Christopher Plaza,Lake Edward,WY,88739,US
486d89f5-4afc-4b48-aca3-42fa7f483cd7,c36731df-d6f2-4c43-bf91-7fcbeef95b4b,shipping,63865 Aaron Causeway Suite 527,Katieport,GU,80790,US
fc145a25-ac41-46f2-a84c-3b1f2c6835aa,d43be125-ccb2-4a66-9c17-96e2609b13aa,shipping,06596 Kimberly Street,East Alice,TX,99418,US
1010dd52-02e2-4e5c-a8c7-2fb582c37fb9,65b7beb3-e599-4057-a772-62184bfe0fad,shipping,039 Diana Row Suite 817,Galvanport,MP,08962,US
30d87601-9d5e-4a30-8fe0-01dd800d5f68,bebbeddb-377f-493c-a35a-7639d89263d3,shipping,4596 Francis Manor Apt. 871,West Kevinchester,NC,17525,US
f6972a72-3b0f-41f4-970e-28503f5b3048,a07a3db6-5f72-40e5-9cd2-d9f1d71bccf7,shipping,71032 Hunt Bridge,South Laurie,NV,88807,US
b921406e-0533-4e82-bf43-7cd160d4ac59,e6c14c75-aed3-416f-b0bf-c43ca14906ff,shipping,82704 May Flats,Lake Donaldchester,WV,01100,US
bdef29a5-2c8c-47f2-8c83-66111d1c4874,ac6cc72d-58e2-4e23-88b1-603d271f6973,shipping,948 Joshua Path,Whitemouth,NY,24321,US
5fef3232-978a-43ab-a02f-30bae36a41ab,53102a1f-5766-4f47-aaa7-31f1b3bb5387,shipping,683 Kristen Mission,North Christopher,RI,36918,US
d805fb93-b99a-4cf1-84f0-0d229d45f64c,d083dabd-2946-4515-9bbc-5cebd7f10bfb,shipping,130 Rachel Groves Suite 877,Port Alexa,IA,44534,US
f47b414a-35c9-476e-ab44-4e297770de3b,05dc3b3d-09ed-481a-92a4-72ae0c261983,shipping,58939 Wolf Station,Meghanchester,UT,91668,US
c81506f1-31d4-49d5-93a1-06d74a4f8795,db564ed8-bc72-488a-a22d-53f4f014f0b6,shipping,894 Le Street,Lake Lisaborough,WV,91747,US
b442d3cb-c76c-4100-9154-39bd4825e8ca,db564ed8-bc72-488a-a22d-53f4f014f0b6,billing,5925 Williams Ville Suite 463,Tuckerbury,NC,82573,US
2e8e2ffe-8f60-4875-bdb3-f4ebe4410b00,1df4c919-385e-487f-a763-ecd90d6802e1,shipping,43208 Shields Vista,South Jefferystad,WA,83236,US
ecaee35e-f6a1-4531-b808-17d920104d4c,610f7900-9d13-4db1-a975-40db7143de5f,shipping,74420 Palmer Pass Apt. 247,Michaelville,KS,33033,US
f868e0fe-a813-447e-b933-dd8be8be91a5,c02c684c-b452-464f-9d87-5b4d15eeae7b,shipping,355 Donald Summit,Blakefort,NJ,09790,US
082f8eba-bef9-4ca8-b513-68a8e7d6fea5,c02c684c-b452-464f-9d87-5b4d15eeae7b,billing,65395 Tate Streets Suite 358,North Benjaminchester,NY,16686,US
c884b3b5-2d0b-4b3f-bab4-e5b7df9238f9,511fb853-00cf-4f90-be49-bdde045a3f62,shipping,658 Garcia Locks,East Christine,CT,57862,US
03f07e51-5c42-4358-9c96-3887ea53e700,c6798b0c-09e2-4ff7-b3a4-487081687c33,shipping,3480 Jimenez Road,New Brianstad,MA,46206,US
dab9d24a-b901-4bd1-b2fc-a388210306b6,e1d2f9ed-1b64-4571-81b7-6aa93f8ad152,shipping,45053 Eric Heights Apt. 675,New Brookefort,MD,35016,US
631dfaea-dcdf-4dbf-97f5-a3641370068f,f558afea-8108-4470-bc61-3fa03678018d,shipping,5768 Gabriela Plaza Apt. 890,Tonystad,MT,06619,US
30689551-0efd-4b7e-99a1-61b27a46ef3f,f558afea-8108-4470-bc61-3fa03678018d,billing,613 Jones Ports,Lake Shelly,FL,58933,US
dc2a8c94-3d52-4e9f-ab35-90c46d27844c,38dad612-b059-43d1-9c65-aeb28b41bbe7,shipping,63710 Michael River Apt. 296,West Jaredland,OH,10601,US
9f94962d-74d4-431f-a139-c4c1792657e0,a2b5d585-7555-4c0a-8046-6f5f760ffbc5,shipping,3869 Charles Unions,Smithmouth,PR,23271,US
5f2ee359-25b1-42ab-a145-30a867bfcf30,834005bd-fc12-4914-8139-cae2f3582395,shipping,07425 Schmidt Mountains,Port Melaniemouth,MH,59850,US
2488c806-cd03-4454-90f9-e67deeb94922,834005bd-fc12-4914-8139-cae2f3582395,billing,9301 Stephanie Parks,Russochester,NY,44482,US
e8a67a2b-2dd0-4695-98ab-716bdc3d0926,814e48e4-2940-4e40-8966-b144c2576542,shipping,774 Patricia Loop,Port Jessicaside,PA,70792,US
0c1f6f3d-9ff5-4caa-aeab-ef0d2cc3f161,814e48e4-2940-4e40-8966-b144c2576542,billing,5814 Richard Fords Suite 213,Wrightland,DE,06374,US
ecaaaed7-6c1d-469e-8e8c-989b43dcca08,c6970373-b116-42c7-b36b-49474154d685,shipping,617 Mary Fields,Lake Charlenemouth,AL,60267,US
979d7191-a907-4487-80b0-accdf76dd78c,680fac18-0b2a-43a5-94c4-407a3f22b191,shipping,189 Dillon Street,East Stephanie,KS,77749,US
e402f32a-916c-4a58-aaac-1d23ead032ef,3c7d5fed-681f-41db-814b-d20f2d0fcb4f,shipping,66504 Alyssa Throughway,East Wendyfurt,ME,37364,US
d1c4919f-2834-4f92-a58d-aeb30b209134,b980fe71-aecc-4324-8d4f-d678c3fcd64e,shipping,65634 Gina Street,Jonathanfurt,UT,92215,US
58f3d76b-b32b-45b3-b796-11867b4fcbfa,c1f6a82a-72cc-4580-82d2-b4937cb37379,shipping,40212 Jesse Creek,Stephanieview,MD,31910,US
a8f52f0d-b395-4e8e-8f9d-87194a24ba86,c1f6a82a-72cc-4580-82d2-b4937cb37379,billing,545 Ortiz Grove,Davidport,TX,24001,US
39d66eb6-9a01-434d-9ef4-040f116f550c,b5aae373-7702-415d-b774-2cbf137975ff,shipping,6642 Luis Coves,Colemanville,MN,35482,US
33330595-ce72-4539-94af-eac02d294468,e76fb186-4d29-48e6-83c1-5949659e91fa,shipping,729 Leslie Mission,New Jamesport,NJ,07008,US
c1d42c09-0bb4-43d4-9e2e-d21fc9f56a03,4378343a-4a9a-43a9-9b2b-9795532571d9,shipping,2329 Megan Fields,Charlesfurt,WA,97978,US
2ea6b722-f5c8-4d30-ac1e-5e81829827eb,02456c76-d9a9-4401-a71d-977df479aba6,shipping,26894 Fowler Overpass,Patrickport,NM,00567,US
865ca5d9-5d54-479c-83f5-73cacf844b58,01f0d82e-501c-4b4a-8fa2-b50d33738074,shipping,599 Weber Oval,North Martinton,KS,01327,US
4be61be1-b4f4-43d6-8829-1497b985c8d4,01f0d82e-501c-4b4a-8fa2-b50d33738074,billing,4476 Graham Stream Apt. 645,North Samanthafurt,KY,65807,US
bbe4bb8e-e354-419a-be19-4077a4a15d98,1dec14e3-ca08-4729-aaeb-d3ba6562e858,shipping,7763 Mary Field,Joshuaport,PA,93244,US
63173dc2-946a-4818-842a-c2b481831e27,2d99f309-b23f-4176-bc57-7f86a9d2f5b5,shipping,90289 Sanchez Prairie Suite 258,Markfort,TX,61168,US
0054d32a-5e70-481f-bce5-681aa86e00bc,48b9f948-bdff-4abe-8164-e87bc91759cd,shipping,1677 Jackson Ramp Apt. 671,South Rubenview,WV,87891,US
992c507e-06fe-4514-8c08-1a6e801ef10c,29f18c9a-e885-42c2-928c-cee9288c5c76,shipping,2232 Daniel Extensions Suite 102,North Jonathan,SC,08634,US
2a7c1f5a-afa8-4c57-a55d-bac6a5339a72,2c14c772-019f-4fb1-b704-29b70f878503,shipping,692 Veronica Trail,Hintonburgh,AL,57311,US
4dd80616-7fd6-41a8-a7c1-0d5749145260,f881025f-3fb7-4fb1-bde2-dadefcc58198,shipping,632 Kyle Lock Apt. 414,Amyside,UT,68610,US
bf8c70ce-0638-4838-b849-a5342ab20161,41c0c1f0-93eb-40a2-a73d-309ff63ac5b4,shipping,0828 Davis Green,Port Johnborough,PR,47319,US
47d71540-d93f-4a11-863a-ed0c54b5b62c,a4bf089f-b5a8-49fe-b70a-8030db213b85,shipping,37831 Louis Valley Suite 729,Sancheztown,MI,39739,US
2ee923ba-1914-4d72-9e3f-fe2ae9386938,a812a667-2df5-49cf-bfd9-2fa164d2ed18,shipping,9080 Daniel Walks Apt. 882,Spencerborough,NY,23938,US
a2e15995-5c7f-4ba2-a5b0-0956dbefc989,452ca81b-9bd9-4dd2-b4af-850c64228bf1,shipping,6647 Garcia Canyon,East Derekstad,MP,69021,US
9304e919-b3e0-4fc4-8c76-6966a50c7df8,8e178070-5307-417b-9c6c-657379b224b8,shipping,396 Michael Flats,East Emilyville,VA,05743,US
38071b2c-5d50-439f-bbcf-271217fa5d11,e308d3f5-2e26-4a1c-80a4-ca1fa915f2e1,shipping,3909 Burns Oval,Heidifort,GA,83657,US
d46ef7c0-6ad1-4119-9113-aae1a76d61cc,c66d4b1d-0440-44b7-bfde-3f9d6e54b00b,shipping,230 Roy Views,Port Christian,MH,32901,US
14378ea6-240a-48e2-8b0b-1079b45b3a3e,46d8f6b2-7b93-473c-a155-f51fc626a929,shipping,414 Keith Rapids Suite 342,North Laurafurt,MT,26159,US
0bea7ced-0e6d-44c3-b6f7-5bfa3f378f58,b42b3b5b-ccff-440d-be42-abcc9bd91740,shipping,25906 Alicia Loaf,Lake Whitneyfurt,WA,75496,US
aab0c1e3-0dae-4511-a04b-d3aabc1deb16,da23b099-e78e-483e-b0f4-f9a9f92ff418,shipping,69957 Henry Prairie,Wilsonberg,WY,55599,US
9d7acd6a-206e-416b-b711-b85c0c5480cb,997784f4-5f85-4fe6-aa10-d5ba33d8e814,shipping,2730 Michael Spring,North Lance,CO,06030,US
60d0e836-2e3f-4bb9-ac71-2c2f5133251f,63934cc3-2fa7-4cbb-82c4-adc21ffdbdf6,shipping,2211 Emily Manors,Maldonadoside,KY,13000,US
8ff96ed2-bb65-4d83-9562-9b704ba6806f,4d3313ab-553f-418f-8985-79b8a454c63a,shipping,965 Megan Islands,New Ronald,AS,91346,US
1c7fa3e1-5d26-4842-9740-1735e94bd2db,96941fcc-69dd-4a1c-8cfa-1d98cdbbc812,shipping,537 Murphy Streets,Bowmanfurt,RI,88209,US
76c43a04-3705-4f07-a267-94f85249663b,5d7cc235-cb2a-41d2-83c6-f759223cf591,shipping,172 Ramsey Divide Apt. 943,Lake Erika,NY,34989,US
8f61a428-3a15-4246-946e-6057d3089e3c,524dc901-6759-4234-8776-3bd019917e1d,shipping,92519 Patrick Road Suite 103,Bradleyville,IA,20414,US
0b76f092-da0d-4dfe-9327-43dae615392d,c3a58feb-706c-4e2a-a2c6-0c3b5516f0ab,shipping,30851 William Loop Suite 559,Port Ryantown,MS,20919,US
676d9747-e816-44af-aecb-2ac348122d17,c3a58feb-706c-4e2a-a2c6-0c3b5516f0ab,billing,84108 Bates Roads,Charlesborough,GU,92512,US
4cd33884-b48a-41ce-bcf0-5d28affd5126,90773c68-5236-48fa-8b7d-a1a88033d877,shipping,43664 Jennifer Squares,Jameston,RI,22491,US
418a5b87-aa51-4533-8dbe-7bbf2b0f9b43,b4e0a04f-ce45-4c5a-a1c5-c00fa3bc9770,shipping,4168 Lucas Crescent Suite 350,Dominiqueport,OH,93012,US
f02be085-0daa-4be2-93d4-a39691d9e190,572e3190-d928-43e7-aee0-745edf35a542,shipping,2877 Isaiah Shores Suite 746,Port Laurenborough,WA,63980,US
5e6c447b-13b2-4b7d-9965-bb7cb303d11f,85b93275-95bb-4dc1-81f5-7d87b424dd77,shipping,0868 Jason Inlet Suite 256,North Lauraberg,DC,34584,US
09886321-6054-45cc-a7b8-e28903dc2689,1fa07883-5146-414b-b5ec-d65d4f0e2de4,shipping,22349 Andrade Mews Apt. 774,South Alisha,MD,07255,US
5943db73-3fdd-4aea-a47d-180cba1dd802,ab180c0c-1c66-459d-8a84-6c2ab5662f65,shipping,20588 Albert Harbors,Melissabury,CA,62405,US
9bf275c1-45c1-4114-bef9-6d4c106276a1,dafe74a9-8dab-4b44-b21b-2c5a68ee89b0,shipping,22081 Snyder Keys Suite 020,Joshuaburgh,WA,21727,US
f59b7624-e46f-4fb2-969d-302aa9d92daa,274e2e4e-7432-45dc-98dc-196ccf91b00d,shipping,6352 Mcdonald Islands Suite 537,New Tinafurt,PW,13408,US
5e3827e9-6244-4985-8c6d-e4423e0f9eed,1d4876cf-e8a3-43b7-bdc6-306399bda01f,shipping,4560 Kelly Bypass Suite 319,North Hannah,VI,79246,US
219e1e7b-0a45-46e7-84c5-dad87f0fa910,1d4876cf-e8a3-43b7-bdc6-306399bda01f,billing,493 Frank Curve,Gallegosshire,NV,49998,US
2d5db0f7-2664-43c7-8f26-c7fb1375c9f0,c38711be-36bf-457a-b122-82078681045c,shipping,815 Stephanie Gateway,New Matthewview,TN,78971,US
ddc938d3-c538-4cad-8931-f32732e0a42b,c38711be-36bf-457a-b122-82078681045c,billing,7922 Hall Lock,Christophershire,PR,26168,US
13e6e465-5f3c-4dad-a349-e178f10879ff,25706485-1ff3-4ba5-bd68-1d19806dfdbe,shipping,067 Welch Course Suite 764,South Amber,OH,13608,US
5bb07a95-28be-4917-a4b6-4227f55c3ade,5b9ccf09-64e3-4b5d-8ba9-eb9111bf910a,shipping,859 Williams Field Suite 017,Evansport,TX,29037,US
1110035f-4223-4e47-837f-0e69144c69e2,5b9ccf09-64e3-4b5d-8ba9-eb9111bf910a,billing,064 Cruz Manor,Catherineside,GA,84822,US
510578af-4a1d-4ba5-b012-5517dee01a7d,edd13eb2-a4f0-413b-8a18-e6634227fffc,shipping,42662 Mata Manor Apt. 911,Greenemouth,ND,37357,US
28ec8fa7-6016-457c-a1a9-51ea9be0b3df,cb56c7a7-d2f7-4fe4-9776-d09dbf280d3b,shipping,164 Dustin Mountains Apt. 009,Martinmouth,WV,26173,US
650712fe-58cd-4f79-a8b9-cf8161ceb138,25bb9095-d4b4-4ff6-97b3-8057684e22b2,shipping,32491 Baker Vista,West Ashley,NY,09890,US
baf6391b-c36b-45c3-9a08-c3b00fc3791b,25bb9095-d4b4-4ff6-97b3-8057684e22b2,billing,688 Lowe Causeway Suite 237,Lawrenceview,OH,60597,US
179acdbd-b481-43aa-8728-322bc543b88a,4a13c587-a31d-4359-9215-120ffcb7cee3,shipping,493 Wendy Shore Suite 353,South Pamelafort,AL,69964,US
ac8a8fb0-a9e9-4c01-b2a9-8e9dd2806ac9,d230d0b7-322a-41e5-93c3-bc392c579259,shipping,50795 Robinson Shores Apt. 386,Jamieborough,AR,97859,US
f767f768-1eec-4829-812a-1919a526f4f8,9be2b989-12c4-4d89-ae49-aa766de98545,shipping,824 Melissa River,Kellyport,HI,46554,US
1b740136-89cc-42fa-943f-350fbc8891aa,84eb8369-655f-4b9f-a319-fccf7e70e319,shipping,503 Martin Turnpike Apt. 250,Vazquezville,PW,01896,US
4130738f-0f6c-48eb-b638-f5a373c215d8,e3448d32-9b88-45ab-97c4-a80430bc6701,shipping,6243 Bell Glens,Shannonchester,WA,69357,US
8e3f9d98-c030-44ab-9605-12a875ee5e72,b7f9fbb8-c1f0-469a-a3ee-e3142aa1e325,shipping,274 Burton Ramp,Tuckermouth,CO,23114,US
11b1d815-5a66-4fa3-999b-8040462ebda6,b66ca02f-c10b-49e1-a0db-3819dcb04d64,shipping,043 Cynthia Well,Port Julie,NH,45032,US
28d28c6d-0a4c-4325-9a1f-6c0780d2c668,55e9cc15-9582-454e-8e04-4712b862b76c,shipping,12288 Daniel Row,Theresahaven,AR,23271,US
8609644b-a218-45c1-acf5-a5de3b04c7dd,10579643-c17c-46ab-9eea-d33fcfc4b41b,shipping,522 Cooley Ramp,Port Morganland,VA,93406,US
1ae1a537-e908-4fa3-ad80-59956fee7523,c1be5142-2f85-43a3-923a-5277343cc337,shipping,981 Moody Mountains Suite 795,North Stacey,AL,48512,US
fc5399c8-7572-4b3a-a86f-194e3c30d4c4,e4494cc9-c45f-4419-8e1f-2686b84d2e3a,shipping,777 Maurice Creek,South Joseph,VA,27734,US
d138f1e5-b7f1-4951-875c-f4e66e4b5599,e4494cc9-c45f-4419-8e1f-2686b84d2e3a,billing,247 Jason Manors,Cliffordmouth,SD,60366,US
ecb6eb26-789a-4d47-8c2e-1b3a6742a72a,4700356d-634d-4dab-a51e-1b22de20207f,shipping,041 Ramos Ranch Apt. 549,Lake Michelle,IL,03565,US
5cda635c-0919-43e4-bc62-961897564fae,82071cc0-e2bf-44a1-bf6d-0613cd9d3e4b,shipping,8033 Scott Garden,Chavezmouth,TN,16986,US
959bb2be-0034-485f-bfb6-da09c895782f,20c2dca4-fa8a-45d9-8390-ce052f219a4f,shipping,6115 Smith Turnpike,Levinemouth,MD,37683,US
9186101e-b935-4886-8cc8-35c834f4949b,20c2dca4-fa8a-45d9-8390-ce052f219a4f,billing,67212 Nguyen Plains Suite 505,Richardstad,KS,93951,US
9df837e0-7618-4681-b235-5e755038a38d,1bdbbc72-5793-47d9-992f-be18faccab3f,shipping,95898 Lloyd Way,East Timothy,AR,93797,US
464187b1-ca92-4f48-a090-ecc2b9a9994a,f1ddc5d8-89d4-4fcb-ba49-629d0901b0ac,shipping,228 Huff Garden,Port Nicholasport,HI,59378,US
3a234a22-7af3-44b7-859f-6a1022431e66,f1ddc5d8-89d4-4fcb-ba49-629d0901b0ac,billing,8401 Anderson Shores,South Jameston,ME,69540,US
25bc3c82-3632-4199-85a3-257eb0ec5bca,6216ab28-2f66-4ac1-8ebb-eb7fb455443e,shipping,16188 Paul Lane,South Austinstad,UT,30770,US
474c573e-d78c-4881-b807-4e28623dbab6,3788c458-c016-4193-861f-f19201d62220,shipping,046 Meyer Junctions,Scottshire,NY,66134,US
f83a9750-3baf-4585-8996-77e1bbd2eb5a,c3441976-df28-4849-bedc-e8e6265893a7,shipping,1076 Chambers Heights Apt. 855,New Erikmouth,MD,33691,US
72f841d9-9228-4fdc-994a-23cd5245cfd0,c3441976-df28-4849-bedc-e8e6265893a7,billing,966 Matthew Squares Apt. 120,Lake Carolyn,ID,79575,US
0b04beb1-fbd8-413d-9235-ed30eb4c2096,1e6a762d-df8c-4227-97cf-30dcb90eb9f2,shipping,7543 Sherry Trafficway,New Kaylamouth,CO,31375,US
c226ee45-598f-43bb-ac19-2ed69c430535,6e11631f-84dd-4953-9c36-94997c29cbc5,shipping,4110 Taylor Highway Apt. 189,Andersonstad,WY,95519,US
e1753965-7e83-4f47-ba9c-995267a1d254,e6b9f4d7-cd7a-45e8-98af-81663cf37951,shipping,1993 Singleton Estate Apt. 986,Perryberg,PR,39960,US
2f8977ac-1d5c-4a0e-b14b-0c428da29044,e6b9f4d7-cd7a-45e8-98af-81663cf37951,billing,12689 James Creek,Kennethville,MI,64167,US
cd62a181-2fc9-4049-83eb-14acb51c2ca0,fd78f23b-faba-4503-90ce-c2e18813b820,shipping,58769 Victoria Fords,South Jasmine,PW,63505,US
5506e248-df6d-4303-a2c5-1804e3d4c4cb,5d9f3977-ec9b-4a0b-9ae5-8914111e1374,shipping,206 Charles Grove,North Ruthhaven,GU,65976,US
699f8d69-e33c-4548-9464-e2ac849a5ed9,a9d9a98a-37e1-4205-8049-064d750772d5,shipping,1398 Alexandria Inlet Suite 138,Port Theodoreview,AK,40421,US
3d47827e-0ce7-46b5-b9cb-5667cf54b69d,eb31812b-af59-4ef3-95da-01f618406a92,shipping,06520 Deleon Walks Suite 403,South Jeremiahshire,DC,00626,US
0918bc95-4277-4240-8959-278c6db3802a,eb31812b-af59-4ef3-95da-01f618406a92,billing,949 Payne Union Apt. 616,Johnnystad,AZ,84599,US
c475594c-a975-4fc6-973a-244ba5533fc6,f2d270b1-fd23-4870-b335-96cf5a8b363f,shipping,254 Morris Mills,South Danielton,OR,35999,US
2c449f1e-e7cf-4c71-9041-efbda90551eb,05df862f-61cb-4020-8198-47ae19ed5b5f,shipping,902 Avila Brooks Suite 811,Rogerstown,MP,27416,US
4edb5bb9-aa43-467b-8500-ece426077c40,cb76c79e-8fd1-4859-ad2d-9459c6054719,shipping,411 Joseph Extensions Apt. 832,West Edwardville,NH,85166,US
cba39a54-21d9-476d-aabe-fd53a2eea864,cb76c79e-8fd1-4859-ad2d-9459c6054719,billing,01208 Daniels Views,Flowersmouth,NJ,98979,US
ba140448-dbe9-4c14-acb3-0c669c2be93a,0eb46584-20bd-4208-a80d-e0a08ce05178,shipping,175 Angela Rapid,Turnerport,AZ,99508,US
0639745f-e50b-4c11-8d5c-3ff11ba6b1e8,1324fb05-7dfe-4dd7-ba91-660ea20af5a7,shipping,732 Lawson Island Suite 877,Davidside,MD,28661,US
d6312eb7-b91e-4a19-aabd-0499e0ed6957,e92c9b23-18d8-4bdd-abc3-83cb09ae1636,shipping,06194 Gomez Cliff Suite 625,East Danielland,IN,97775,US
998a46b7-d987-4dc5-b43d-a0d9741d8f01,b7e669de-8115-4611-8cfe-425d83219a52,shipping,288 Nicole Hill Suite 460,West Sarahport,FM,21710,US
abd3e495-7d21-459c-9833-8bf7d4d19555,b7e669de-8115-4611-8cfe-425d83219a52,billing,718 Mark Roads Apt. 792,North Lisa,PW,56395,US
cef5cb95-30b0-4155-899f-dee3833b7052,d612db17-ba52-484c-8734-b35b151c19c1,shipping,7421 Brooke Burgs Suite 570,Arnoldville,AR,50856,US
0de03f48-d6fa-45bc-8c11-e33513ebb461,d550deea-22a0-491d-860e-a9ffb52b08c4,shipping,8406 Miller Alley,Reidfurt,MO,73234,US
73b72904-3fa7-47d6-85c2-182ddf163336,af3e1b1d-bb5a-4688-8621-eb63dbac3cd4,shipping,3573 Woodard Oval Suite 692,Amyport,OH,65882,US
82d4353f-5c7e-431b-9ba2-47adc8a8567b,7cdddf08-4ef7-4ce8-a8dc-114489c83838,shipping,67487 Yang Ridges Apt. 921,Deniseberg,SD,43660,US
0e92d3f0-6635-4072-9420-9a42c092387b,50f532c8-5cfc-4432-894f-32426be86c50,shipping,9032 Micheal Skyway,Port Clintonchester,NH,31651,US
84e54a0d-df34-4855-a86c-64ea1e4a5cab,e2a6c963-f866-4706-8f6a-6aaddf1208e8,shipping,2375 Green Field Apt. 883,Greeneview,DC,40489,US
46ce60f9-9608-4d27-8ee1-9b55f2fc5a6d,c1f0c57c-0aec-4a4e-9aef-918d47dd4617,shipping,60775 Poole Crossroad Apt. 566,Port Kylie,KS,33091,US
148823ce-4c0f-4025-ab53-996835ee1593,e875139e-5c47-40cf-98a9-bd76cb493962,shipping,369 Bethany Corners Suite 999,Port Lesliefort,MD,27719,US
8a043832-3733-47b3-83b9-2b21e3eb6c87,af912af1-198b-4a69-a851-52f6e5e5d2ab,shipping,0315 Stephen Pine Apt. 941,Briantown,WV,66858,US
a9cd333b-831f-4f6e-be7b-de71cf25f6ec,af912af1-198b-4a69-a851-52f6e5e5d2ab,billing,028 Love Land,South Carlos,PA,61557,US
93f504cd-90c6-4b76-83ce-33cf04de941a,55e18389-5a5d-40ae-b2e0-0707b45edebf,shipping,2108 Gary Trail Apt. 092,Snyderton,NV,44677,US
1027a501-09d8-4600-a7c7-a5ff311bcbcc,18139ca8-a9eb-4f5c-9953-7c7d17b621bf,shipping,59126 Barbara Wall Apt. 409,Starkshire,NM,90092,US
f7f768ce-164d-4685-afcd-d823853bc521,edcc8977-45ff-4f06-be37-e02cd5a1fec2,shipping,598 Laura Rest Apt. 890,New Albert,PR,30140,US
d23de489-4eae-4864-8e5f-6702ba5ac566,2a53ba25-791d-42a2-9429-2e95959cb789,shipping,0891 Casey Mission,West Hannahchester,MT,82549,US
bf6745ec-a539-4c17-86ec-55e97844dba3,0ca1f71f-7c90-4249-8b03-c6be8ada9987,shipping,1839 Garcia Green,Nelsonbury,LA,04059,US
6687f2b4-605d-4a44-99ab-3c4c03d6d78d,02ffc725-2e75-4fea-8cf7-d1f2c7cb0d3f,shipping,55734 Stacey Pass,New Bryanborough,FL,01337,US
f6f7ff2f-5472-4eb3-a9ff-ba2605386b91,c2fb1f6b-a38b-4736-bfb4-88a0cfc266f6,shipping,76360 Pratt Street,Madelinemouth,PA,84278,US
5d99864c-4915-4491-b200-76206352c9ae,c2fb1f6b-a38b-4736-bfb4-88a0cfc266f6,billing,92209 Sanford Forges Apt. 273,Cummingstown,CA,15369,US
b553406a-9150-424c-84eb-481a5dd7e3a9,4fb9a4ce-e01b-496b-9a3e-570d966e2ffa,shipping,231 Bowers Burg,Shepardburgh,PA,90027,US
80b49fc1-f301-4c00-ab38-1a7b3affa646,6e445a8a-b5ac-4dec-b4c4-fdf75a6841f8,shipping,20942 Katherine Parkways Apt. 803,East Christopherfort,RI,98878,US
358ad629-497f-4599-912a-0f738e4cdd81,bac50038-6803-4f4c-a53b-52d9372d6963,shipping,56158 Schwartz Meadows,Powersstad,MO,81442,US
5f912dcd-9e49-4925-b316-58b0ef55d644,45c27622-3f11-42a6-9529-61cd323d3c40,shipping,0485 Franco Brook,Lake Teresa,FM,45033,US
504a8532-bee2-47b7-9d98-2a423bf21f1f,0f781010-1064-4567-9aa9-e344bfe19842,shipping,7423 Smith Estate Apt. 632,Johnstonfurt,OK,42053,US
ddfd174b-18dd-43be-8304-a44d834b0d55,0f781010-1064-4567-9aa9-e344bfe19842,billing,237 Keith Divide,New Amandashire,RI,47818,US
71cd87f4-a269-4b71-9303-ad1c4aef4b2a,b1338482-a553-4a16-af28-e35c5df64644,shipping,87166 Stephen Hills Apt. 178,Martinezton,SD,72638,US
bac16f14-38ed-4e81-9fa1-f574fe5f4814,b1338482-a553-4a16-af28-e35c5df64644,billing,23479 Willis Locks,Derrickfurt,GA,45834,US
445bfe56-212a-4d83-988f-5b34fa285aa6,ec706cce-3a1a-4f36-b324-91b85825e9e1,shipping,8142 Christopher Underpass Apt. 523,Larryville,AK,04696,US
c3adb8cf-49d0-422f-9f34-64b0ab21feb1,d2326992-95ed-4ff5-968c-74721390d2fa,shipping,9420 Donald Route,West Taylorstad,WA,00664,US
c242b006-3617-42b3-910b-bd28c370b7e8,d1dfa4e2-20ee-4898-a979-cba350951c50,shipping,90942 Lucas Throughway,Wileyview,DE,86970,US
8654b8c4-7849-4588-81c8-601f098d66d1,dca0d0e8-fd0d-462a-a922-3d1a5099e639,shipping,01735 Christine Center,Meghanhaven,GA,88636,US
efbea0f2-ba73-4967-9416-307a5f6aabb8,cc55add9-ec90-435d-9972-9b6868059f44,shipping,901 Dana Throughway,Lake Ryanmouth,IN,93182,US
26ee982c-d6ba-448e-b74c-a7e3996db761,adca7bf3-f892-4718-a484-4c45cbb65012,shipping,88678 Miller Crossroad,Robinhaven,NH,22808,US
dce42e6d-dc48-4018-b15a-0ea356e2ed7b,adca7bf3-f892-4718-a484-4c45cbb65012,billing,449 Amanda Spurs,East Mary,IA,47478,US
8bfedfaf-108d-4c9b-be11-faf74a5dcc0a,ae84cc63-4e8d-4951-8c68-fc6685743efa,shipping,4763 Christopher Causeway Suite 360,Lake Vanessaview,DC,48045,US
588b004c-0025-4694-93fa-7fb96e15b3b7,27156fac-92f6-4828-9c1b-7f5edd87f3fa,shipping,231 Ricky Summit,Port Zachary,DE,22136,US
166d7148-95a6-4157-86f9-cb8c4ba844e7,e68e9184-a999-4bdd-aeca-4291f8906cfa,shipping,215 Suarez Pines Suite 064,South Elizabethville,KY,18334,US
1f92e4b0-3ac0-4303-967e-5738ff35dc77,0de62490-348d-4974-b801-9bbccb65abe8,shipping,8252 William Vista,Jessicaside,CT,42446,US
0541f5e6-21da-4271-ac47-0710a1087f96,0640ef53-3666-42b5-a290-7ba52940e0a8,shipping,348 Jonathan River Suite 049,Laurenfurt,GU,58864,US
405db22d-1d55-49f5-a752-66b81bc31f20,0640ef53-3666-42b5-a290-7ba52940e0a8,billing,311 Burnett Fords Apt. 472,Stevensmouth,MD,17893,US
13227dca-784d-44fb-8605-fe7c9e55f5c2,b03c3cb0-6e29-4f86-8274-83e4e3059e43,shipping,52017 William Meadow Suite 131,Carolland,ND,60870,US
f153407f-1f7f-4c36-a34d-e3b15cc50f0f,114eadb5-7912-4f9a-8850-0f8d5297dfab,shipping,9953 Howard Forges,Turnerchester,MO,05131,US
9a8c5ccd-363b-42c9-aceb-33e6ac359fc4,39d23266-1d4f-4467-bf61-828ff902510b,shipping,8281 Moore Hollow Suite 388,East Cheryl,OH,59594,US
8cc056f9-d738-426f-b4fb-73075dc33cf7,39d23266-1d4f-4467-bf61-828ff902510b,billing,6045 Hill Parks,Lake Dean,MD,06343,US
86454577-86b7-4250-8e9c-f12488e9824b,405503ce-1085-481b-9697-96dcc4a2a5b5,shipping,58087 Caitlin Knoll,Port Blakeborough,IN,07567,US
b45eccc4-5246-41f3-adbe-b24cab0d362e,0799863b-64f2-47a3-8d41-a315713662d6,shipping,595 Blake Mall Suite 572,Lake Jamesfurt,IL,54919,US
862f2efc-c09c-4852-93d8-3a92a45274c1,0799863b-64f2-47a3-8d41-a315713662d6,billing,51484 Annette Neck Suite 162,Mccallland,FM,65467,US
3388e1bf-69e1-4bb9-8316-93dac2aa6cda,063542cf-85c5-41ee-9f16-88083032b072,shipping,294 Adrian Oval Suite 648,Port Jennifer,IN,87703,US
ac57f91c-1596-44e3-8ef9-9b09769e1b65,b15921a5-a560-444b-9037-a42158c3046b,shipping,73388 Ryan Forest,East Ryanside,VT,82558,US
f9c58b8e-abcc-481d-91e6-347441c4cb04,3a6d336c-6193-4b52-99b1-f1e77b74fd60,shipping,99899 Phillips Curve,Jordanchester,NC,98495,US
76d02253-2f65-46b1-99f4-5510e0781b84,50d17fee-3399-4103-b58a-640ba4e78ed9,shipping,03447 Baker Station,West Derrick,OH,04414,US
f4c8eaa4-4080-4633-86ba-d68200966807,bcbcc502-f73d-4001-9931-e42f237a64bc,shipping,937 Jill Rapid,Guzmanview,WY,45797,US
d5863d1b-20ca-4943-9b91-b0f2584a61d7,89438248-adac-41d2-8fc4-7f7b6a5c3fc5,shipping,142 Burgess Way,Ortizstad,OK,56362,US
c8eeb81e-05c4-42e7-8039-f59d9122ce5f,659a175e-d3f6-4d63-b51e-ba51e8a1aab5,shipping,86626 Lopez Greens Apt. 480,Wayneland,CT,42949,US
32b629a4-4c94-47b1-a81b-f9a81fac1a61,ab67bd20-0ffd-450c-aa11-32e194ed0aff,shipping,6872 Wheeler Run,Saramouth,MN,59408,US
34195922-be39-49eb-a9df-d942cc041520,c5497397-d9b1-40ba-88dd-3175e9b60fe8,shipping,764 Mccann Glens Apt. 079,West Michaeltown,NY,89750,US
0efffff1-5011-44bd-a25b-bafeb8f133c0,c5497397-d9b1-40ba-88dd-3175e9b60fe8,billing,5038 Tyler Square,New Carolyn,AZ,59089,US
83dad095-ee14-4425-900f-e9672af49b7c,a52f3579-be93-4ffc-b881-2a70dd3f0ef5,shipping,23153 Torres Coves Apt. 929,Lake Nathanbury,AL,23201,US
ddbbc26b-1654-4fc2-88d2-e98b94eb5729,f12cd8b6-8b91-4d9c-bf03-4c500e0b2366,shipping,2871 Peterson Forges,Karlaborough,CT,40066,US
b9ca5d6a-a9af-4c3c-bdcc-6411daa62bcb,4f2c9581-6f3f-47ad-a454-2c43b3133bbe,shipping,990 Roberts Villages,Porterport,PW,29205,US
48c69859-c5d8-495a-bde5-72b85dd950e8,6a9ac54a-8ad7-479e-aaa2-09742b47785c,shipping,3954 Patrick Light,North Debraborough,MH,20590,US
970c883c-8b15-4f22-b4b5-5ce4140c55d8,88baa1f1-0bb9-4216-ae7e-de3133bb194f,shipping,16904 Bernard Cape Suite 799,South Sheenafort,UT,40371,US
82fbeeba-d831-4d09-972e-3e7d8f735240,2d367529-24f7-4061-b41d-0c0760c8454e,shipping,41069 Kathleen Ramp,Michaelburgh,VA,84732,US
3a080f8c-e86c-4f2b-aa9c-c3345401a866,cf21ee7d-2bd7-46e0-bbd5-de9f196be6ad,shipping,83928 Alan Ways Suite 345,East Charleshaven,ID,68633,US
627f2b6f-9d91-4adf-84b8-1eca8c1ca2ea,0b25ad73-a10f-4f95-bb5a-faa6df7aea3d,shipping,09223 Samuel Locks,New Craig,MD,68387,US
300e82f3-6db5-41f7-9876-dde650caedab,f6e7ef14-fd0e-47ee-953d-c90aa71be0bb,shipping,75722 Taylor Falls Suite 760,West David,PA,33463,US
da9b46cd-da16-4943-b72a-22283c0898d4,c12a7053-6535-4593-bd95-ed7ad08658ff,shipping,459 Sara Court,South Sharonfurt,FM,39978,US
1881733a-d8b5-49bf-a47a-3d75821c49e8,73512d4a-4602-4b30-85fa-f3e5b4ad43a8,shipping,20348 Latoya Turnpike,Port Glen,PA,43070,US
a4c3f5d7-5384-459c-81d6-355c74d28d65,5c9e0d37-f4cb-4c4a-8689-3aa9bf43e566,shipping,530 Jennifer Center Apt. 478,Carmenside,DC,62370,US
942001bb-9728-4869-b7d9-b2ef9c2993ad,5c9e0d37-f4cb-4c4a-8689-3aa9bf43e566,billing,87716 Kenneth Green Apt. 099,East Haroldfurt,AK,98613,US
2196a768-e549-49e5-b5ae-c54387f6afa4,07eaed9b-7ddc-4f3f-9ab5-5c9afad3cdd9,shipping,6498 Melissa Roads Apt. 596,Juliaborough,TX,28012,US
c68070f7-0fb3-4612-a987-2aa21e21faf2,3d03f880-b41b-467c-a08b-4b93cbb4c038,shipping,2111 Lynch Mission Apt. 080,North Jennifer,NC,68930,US
f7e6bcaa-179b-4ff5-99b0-b40624888c72,e8823588-7a40-4a03-acc0-4efb2a5fcbfb,shipping,0483 Jose Crossing,New Amychester,OK,05739,US
c5b909b9-1395-4f75-a20a-22fa2cd2b802,fb7363da-d984-4092-a0ec-2395efc6eee8,shipping,6802 Michelle Keys,Rhondahaven,NM,43859,US
8a67b3b5-9429-4cfd-bb02-f94a5d9c2f18,07628c06-a981-4937-953f-fd0a0e57e4f6,shipping,909 Perez Trace Apt. 727,Nelsonfurt,TN,36732,US
cb3fb6d7-c8b7-42d1-aaf2-fb8acfc55131,07628c06-a981-4937-953f-fd0a0e57e4f6,billing,80482 Schmidt Branch Apt. 166,Port Markview,MD,42432,US
8ec3c9f7-2b71-47a2-96a2-3f1422316759,29ff640d-e488-418d-a483-a5dee7a8f008,shipping,01429 Jessica Well,Brownland,WV,35625,US
8000257d-d25f-4b43-9355-684d297404d9,c524a6f3-8d2c-4be2-b23a-0c70424912db,shipping,307 Daniel Summit,Alexanderfurt,MO,74052,US
a5840fc4-619d-4c9c-b795-72f6e7777749,c524a6f3-8d2c-4be2-b23a-0c70424912db,billing,25123 Michelle Keys Apt. 030,Lake Terri,IL,02129,US
ec174334-d46d-4000-bddf-65f57664fa14,75f5aba7-6abe-4d1e-a1f8-d282d6d20e63,shipping,41646 Elizabeth Forge Apt. 421,New Robertberg,NJ,36599,US
0f23d7ba-6e1b-429b-ba28-769e8d5f8da8,75f5aba7-6abe-4d1e-a1f8-d282d6d20e63,billing,4687 King Ford Suite 312,Kristinborough,CA,04619,US
1a13e614-5295-4a42-9e62-762de54b6e9d,ace2393b-8f8e-49d9-9c7e-18185dc852d8,shipping,125 Carol Garden Apt. 701,South Lisabury,AL,33090,US
78acbe70-05df-416b-9c7d-c0d134bed227,4720e379-5651-4f4e-b027-b59f69379e8e,shipping,956 Rebecca Square,Lake Jerry,NY,91769,US
6480ab79-3b69-4909-bc97-cde244dd7547,4720e379-5651-4f4e-b027-b59f69379e8e,billing,815 Samantha Roads Apt. 179,Davisshire,OK,22191,US
7c622c4c-da37-488f-a308-e1cc4557445f,269c0c6e-339e-45e3-aaf0-ef85ff4555eb,shipping,468 Wilson Mill Apt. 531,Vangberg,WA,55562,US
0d677127-73f6-46aa-8834-88bbd0aad4b1,f167d3a2-034d-4c16-b6ff-f56dc62da6b4,shipping,84656 James Fort Apt. 512,Maryton,NM,25346,US
a1ad4771-5a89-47d4-93f1-9336417ff948,c3083112-61dd-4433-9342-d20aeae302a2,shipping,5549 Dean Junctions,Saraborough,MP,01290,US
d14cb88b-e569-4fa2-80ca-5ce67853fe6b,17c11ee6-ccdd-4aba-bede-0a5b0f2e01b4,shipping,0366 Tracy Parks Apt. 805,Delgadomouth,FL,31017,US
44c6690e-4e61-4a09-91a3-cd47021c2fe0,1ffd8ce6-a6e2-4fd6-b984-b1d3a6f54b9e,shipping,1767 Chung Street Apt. 069,Port Marybury,WV,35191,US
c01574a7-266a-4a8a-b767-d5d69cfc2585,54ee3748-abc1-4f33-9ad7-f3bb155ecfe6,shipping,429 Wright Ways Suite 665,Braystad,DC,05964,US
be8034f9-9592-41f4-8bf4-ef29d3d7411e,0b3cbfa7-55b7-4d81-bb4e-13fb2b1586ac,shipping,2276 Hudson Harbors Suite 281,New Aaron,IN,10780,US
60d5f7f4-069f-4e64-ab92-c7df5be2cc25,91fbe4cc-2e6b-4b1a-a823-bf27a9179f5c,shipping,636 Michelle Forest Apt. 906,East Patricia,OK,93815,US
dddfb822-21ba-4569-9c58-09376eb94653,91fbe4cc-2e6b-4b1a-a823-bf27a9179f5c,billing,52189 Kendra Village Suite 406,Villegasmouth,MP,26201,US
06cbcc19-ae68-48b4-9fda-05443013d789,4a27e3f5-2db2-46f9-ad90-75b12cddd080,shipping,1000 Schwartz Station Apt. 197,West Matthew,AZ,14042,US
f22f7d57-9b65-403b-9963-8cf4949e7bf2,8403c3f3-aa4b-46e6-8aaa-3c4cef5d1935,shipping,4739 Olson Brooks,South Tiffanyhaven,MI,75038,US
5efe7ad7-ec11-4691-90d1-1ee7df62e43b,e3f7d827-0372-4251-a2c6-e44ce48549ca,shipping,237 William Field,Josephstad,MO,58334,US
9263f855-8e88-4264-a6ac-5086b9ff1d42,db419916-c9d5-4106-ad65-6f12fc3c50bc,shipping,7688 Lopez Mission,West Charles,ME,91971,US
ca53bd00-e005-4e7f-aca0-1b77b09659dc,db419916-c9d5-4106-ad65-6f12fc3c50bc,billing,07215 Hart Wells,Skinnerchester,TX,76963,US
c508b10a-eccf-44fe-bec1-6bbdf6a32f52,0c0c4b74-5ec6-4bbd-accf-1e53a5a248e9,shipping,977 Matthew Via Apt. 361,Hallview,MT,15438,US
4ab5973a-6482-47ca-9e82-cf2ea395ed7f,11ed119c-b49a-4e58-a160-db238190fe89,shipping,4076 Rachael Courts,Elliottfort,ID,37366,US
5f47945e-b21e-4323-9169-da4c33125b9c,11ed119c-b49a-4e58-a160-db238190fe89,billing,82196 Gibbs Valleys Apt. 259,Torresburgh,RI,28759,US
4a006839-040b-4895-aa0a-ecced9279a06,8735fa20-f377-43ec-9634-349e1f3cdb47,shipping,37876 Travis Meadow,West Elizabethchester,NE,87187,US
5b66930b-3328-4119-8a4d-b63745381ce8,8735fa20-f377-43ec-9634-349e1f3cdb47,billing,9136 Bell Glen,Garyberg,NV,63743,US
f21ec994-ee6b-47fe-98a1-f19ea193fc28,b2e613ff-f03a-4d92-bf4a-6b67bf7ba28e,shipping,95826 Jordan Falls,Danielstad,VA,58926,US
2b960c8f-afca-409b-9502-e238a8791112,b2e613ff-f03a-4d92-bf4a-6b67bf7ba28e,billing,23977 Hoover Mountains Apt. 079,New John,NY,08587,US
39ecf64a-9205-4acb-9fec-6c5a9b87ee7c,ecaa6269-d405-4369-bf86-0887b19967e1,shipping,3166 Kevin Divide Apt. 602,Cynthiahaven,TX,21193,US
f3ea6569-7d93-4a12-b2cf-f5fc47e4ae7e,69738767-7dd3-4a58-936a-df281cd5ef99,shipping,35174 John Ridge,Huynhtown,VI,47214,US
98e6c4ea-6b11-4610-acb3-2194eee17870,8ad11309-ed4c-4b64-a1eb-6e1a5c1b2367,shipping,548 Joseph Place,Edwardland,NM,49009,US
43514279-456b-4c2c-ae25-d31125ff81a9,43c71f95-474a-42ee-9782-9cf72e2c1378,shipping,18908 Brittany Squares Suite 682,Port Amyburgh,AZ,51983,US
20fd2921-cc90-4e9a-bb7b-d252a3e40237,9e53d5f3-c140-401a-972d-b00db44e1400,shipping,721 Alec Rest Suite 977,East Wayne,IN,35536,US
5ad72f90-1ea6-4ea8-ba54-b56aeb94e4b5,9e53d5f3-c140-401a-972d-b00db44e1400,billing,231 White Village Apt. 742,North Michaelbury,PW,46337,US
f2e05ba3-057c-41b6-8f40-0c4353951e13,3d0868e4-ac86-443b-a61a-89cc37e43630,shipping,764 Selena Point,West Steve,ID,03019,US
91451932-4c21-42eb-a95a-845816915d20,8ee2ac15-f2ce-4e1e-a05a-c11ec6d31348,shipping,5191 Victoria Via,Davidsonville,IA,06834,US
4c089aea-89de-49a4-8703-cc6d3aea175c,b2563b2f-3562-4cb8-9993-1e06c89dc3cb,shipping,19681 Williams Locks,Mcgeetown,NV,39138,US
7c0502ac-4bba-443b-b981-4770aa8b2170,08a17759-cab7-4108-a145-a24a311ea285,shipping,600 Regina Harbor,Elizabethmouth,MD,22956,US
0cd22038-8a62-4132-be90-1064ca3d93d4,5ea1bfee-d1d1-4f47-9e56-bf26f7b0b740,shipping,9213 Harris Pike Suite 507,Melissafort,LA,63614,US
59e4e3fa-a324-4de7-9381-3c88cbf0262a,231e9bc1-719f-40a7-9607-06e1bb71bcc6,shipping,39573 Frank Rapid,Saraburgh,KY,33759,US
e24aad71-fc3a-41ab-a823-c9b8d4bad094,b5b38a41-bef0-441a-b7ae-881c9239be4a,shipping,8800 Hill Mountains Suite 581,Sellersberg,CT,09100,US
52eec2a2-c940-48cc-ae93-5c22f6a7b8c5,b5b38a41-bef0-441a-b7ae-881c9239be4a,billing,70388 Ashley Heights Suite 679,Port Kathryn,WY,14651,US
63e7560b-f4f7-4716-9a4c-83c85c3dc9c6,54ad415e-3ae5-4e63-8661-4751cb7f55bc,shipping,82631 Clark Fort,Oscarville,IL,01940,US
69fe600f-7d2f-4df9-bbf1-179a363c6072,c5bf903b-d53d-4f73-b4e9-c064b2da87af,shipping,554 Jacqueline Rue,North Jenniferberg,NV,86385,US
0ff1bee7-ff00-46ab-a64c-afe16eba4ae2,ae71ba50-c349-4ae9-a2dd-ab5157b9264e,shipping,268 Ernest Crossroad,Clairemouth,PR,52498,US
d6ec3a36-8125-461c-96eb-fef3bdf787cb,f2486a02-96b4-450f-88b3-f954a7a3a288,shipping,0448 Sarah Mountains Suite 578,Port Kimberlyhaven,WY,48104,US
fe2c695a-23f2-40c5-add9-6fe5a0ae0e07,f2486a02-96b4-450f-88b3-f954a7a3a288,billing,355 Steven Via Apt. 659,Sheppardstad,MI,23122,US
2c08ae2e-4421-415e-8624-a263eadf82e0,7e342efb-f996-405d-9079-0e2a2b1a64ff,shipping,9497 Kathryn Ford,Eddiehaven,AS,54285,US
69a7f2fe-2d5f-4e35-8c2f-b22b59121431,25d08c89-8b9c-48e7-92f4-2ab209ba5c4d,shipping,838 Hill Extensions,West Mary,TN,06619,US
8ee8dee7-f18c-4f40-bd5c-e7878a2d5fe5,25d08c89-8b9c-48e7-92f4-2ab209ba5c4d,billing,36430 John Greens Apt. 414,North Deborahland,CA,97219,US
d7b8e56f-9672-4e7f-a881-d44a3acebf38,cb12eeed-54c2-4c24-b9c4-6fd4cd33c752,shipping,39103 Patrick Viaduct Apt. 414,Carmenmouth,WY,45722,US
506e3835-2617-4431-86b7-75cfd556082a,b056d9db-7018-4fe6-89bc-2da1f6181cc2,shipping,28345 Ramirez Port Apt. 461,North Andrew,PR,80909,US
f9022bbb-4ca7-46d0-a542-43cff5952f36,94483622-1d70-4e84-87ae-eb044a6327b5,shipping,32696 Vazquez Street,South Andrew,GA,98092,US
d087c3e2-535f-45f7-945f-0d8278161bef,768e4d9b-d533-4d97-8916-ee972ac2c47e,shipping,58677 Lisa Mills Suite 352,New Savannah,OR,64348,US
c6dc34ce-9c94-49c5-858a-e41fde2d16ee,41ec493f-5e30-4ed3-add5-ebfc4b2d891f,shipping,014 Strickland Station Suite 472,New Jessicaberg,VT,20082,US
5cd175da-c2f2-4eb9-9116-4841234dcb01,aa65c121-b8da-41ec-9a3a-2ac368f7827f,shipping,6730 Samuel Orchard Apt. 595,Port Jillburgh,KY,67447,US
cbec6f11-b5d3-4979-a0de-5d94565f3e11,76dbb6d2-e86e-438f-a32f-9d39a99f7017,shipping,4998 Christopher Meadows Suite 822,Lake Andrewtown,IN,78968,US
61a47b13-6e21-4dc5-8d8b-b79be5c72d3e,8daf5e0c-7059-4eb3-b8a7-f118aef3b7a6,shipping,46337 Rebecca View,North Taylor,CT,55162,US
bf881488-d9b0-4717-9b9d-e9d8902723f1,8eaa2af9-5102-4ff8-aadc-c404038b4b29,shipping,95332 Arias Fall,Leonside,WV,49563,US
13cf8537-6adf-468e-a475-36b9384c16e3,1e448a53-b93a-4a10-8979-332a83ea282e,shipping,97191 Carl Locks,Timothymouth,CA,85462,US
f3b534a6-4576-4d78-bc29-227c1137851e,1e448a53-b93a-4a10-8979-332a83ea282e,billing,80514 Woods Flat,West Michaelbury,MT,41045,US
3c6c394d-ff30-4690-8173-e8c24166c685,ca86c6cf-2e6d-4c00-84fe-b94c08929c4c,shipping,7544 Robert Center,Bergview,TN,29270,US
b7f52275-49a4-4f19-ab5d-7d130f3824e7,44066f03-54b3-46ef-8449-a7b2b8c82e5b,shipping,939 Erickson Spur Suite 423,New Joshua,MH,83499,US
32e20727-0f25-4340-9f68-f88050bfac16,44066f03-54b3-46ef-8449-a7b2b8c82e5b,billing,342 Williams Manors,Turnerton,UT,57097,US
84489c4f-1c39-4f2c-b9be-dd5c7ef5e9ad,bc4c3229-cf11-4066-9f0a-eca3178acd80,shipping,539 Devin Estates Suite 835,Welchton,MN,24368,US
a4614219-7d8f-43f6-86cd-853016286c72,48f3ccd4-2862-49f2-b315-a2a5c3a5313c,shipping,518 Vincent Ranch,Dillonland,UT,54035,US
e9e1c49f-7c43-4ead-b06c-3d64128dab37,50586fb8-f6cf-4bbe-9847-13667317f93f,shipping,53124 Theodore Loaf,North Gregory,MD,35478,US
998fd873-cb2c-4fb3-9e12-b96387795b92,09a3c14b-85f7-4f68-bc25-80663f7d37c0,shipping,98076 Dustin Pines Suite 070,Kathleenport,TN,98699,US
fcec4c43-f1b6-444f-bb99-4a590bd2fe31,1e6063a0-5cba-46b2-a938-ac265dcc390d,shipping,3717 Candice Shore,Smithfort,MD,23243,US
ce444e58-c51d-4006-83b1-2756ddf462a5,1e6063a0-5cba-46b2-a938-ac265dcc390d,billing,66368 Timothy Ridges,Lake Lisamouth,MO,59136,US
93999902-3371-477e-bb01-365d5629c271,03563b46-a85f-4f64-88fc-2b0039ccc73b,shipping,97099 Erica Roads,Alexisfurt,MT,88247,US
11e25666-67c5-439c-8f34-6765fb9f183b,70eac358-e2a2-4cbe-9583-a25bdf0d60ce,shipping,566 James Throughway,North Dominiquechester,TN,47264,US
3fb82d49-03bc-46a7-a51e-caed376ec3c9,70eac358-e2a2-4cbe-9583-a25bdf0d60ce,billing,5715 Mario Road Apt. 124,Petersonberg,NV,32572,US
2694fd8d-36dd-4d65-84f5-100c97ab0bdb,0b9e36b8-214a-44f4-afe5-3d71670e0cd4,shipping,390 Rodney Parks Apt. 852,New Robinside,CT,77027,US
e2f49586-d0f4-4c41-bb44-c7dbfca6d468,7d68976a-0304-47be-ae92-b506847d60d7,shipping,87356 Brown Spur Suite 806,West Brian,RI,80712,US
76c3f451-b47d-465a-a8a3-aa261e88ad04,7d68976a-0304-47be-ae92-b506847d60d7,billing,14099 Davies Land,Port Elizabethburgh,FM,79342,US
b455e61c-1095-420d-ae01-6215f79613e5,c369e8a3-cd21-4df4-a63c-20e631974521,shipping,07193 Gabriela Park Suite 621,Johnsonberg,AL,51873,US
b9d058b5-ac21-4e33-8c7e-a04c29435403,b82f6d0a-117d-4b18-898c-df4bf1765b56,shipping,9788 Lee Motorway,New Joyceberg,OR,72757,US
ac9387e0-a073-4509-8c97-d80e3ef25ac4,82efd7bb-85d1-4b4e-92a2-690ad5dc0a41,shipping,7498 Linda Harbor Suite 179,South Stevenfurt,AR,72848,US
6bdfd017-fc00-4ce1-96ef-125f6c40c22a,82efd7bb-85d1-4b4e-92a2-690ad5dc0a41,billing,9473 Anderson Point Apt. 686,South Teresa,NC,58467,US
ca563172-87cc-40c7-970d-691e7e6c115b,c465625c-274a-45ff-84a9-87713349cdb4,shipping,708 Brittney Port,Lake Cathy,PA,58513,US
5f180754-1425-40f4-b37d-f244a19583f2,15f88f3a-ae85-494b-90ca-e22f2d436762,shipping,38738 Kelly Mount Apt. 289,East Shawnmouth,NM,97314,US
eb9149c1-0e73-4ac5-b240-392084440e92,02fadcec-a136-4e1a-a744-d0fbc0f9ac29,shipping,3482 Long Mountain Apt. 959,New Richardburgh,UT,26770,US
fa269abc-a3b1-4256-ba9d-56c247e24191,6a7c5d9d-7faa-4789-8b5e-3dc3cecee255,shipping,84956 Reilly Plains,Wrightshire,DC,96278,US
1a9879ed-d1da-4917-9c32-94debe447cb0,7f397f03-67c1-41ab-a664-4d7807d3bdc9,shipping,6777 Christina Garden Suite 513,Derekville,DE,65247,US
2948e20d-26d5-43ab-852d-b4fd1a7d9ef3,ab2e3d7b-5c47-451b-9521-5f2482d466c1,shipping,1340 Casey Fords Suite 735,Jenkinschester,PW,30369,US
bb3ffff9-80f2-4a0c-a4ca-264dec3da361,8d025551-64d3-4ea7-beba-dcd03d846ff4,shipping,4254 Hines River,Pittsport,ID,34258,US
e0ba0d7e-1c9d-4607-b317-0d1ba54921ec,f21214e4-9f33-4f77-b902-d03d5682a86e,shipping,03942 Christopher Shores,New Kevinstad,WA,77191,US
4b6f1da9-02ed-4f9a-b9d8-f838ade94a15,17a51aa7-ad3a-4c66-894f-e3048484a2ed,shipping,8076 Valerie Overpass Suite 591,West Davidfurt,DE,65234,US
df2acfa2-2077-44fd-803c-74dd02ae6baf,ce8e77b6-ab70-43f1-9f5c-72fae340c622,shipping,91209 Mario Plains,South Katelynberg,IN,69313,US
9f64dd48-6fb2-44f0-937d-cfd3e8705337,d0a8ffb6-b404-47ff-b721-ea58a45caa89,shipping,15814 Diaz Underpass Apt. 372,Boonefurt,WA,67392,US
8e513559-d54b-4ace-957a-e28c47f39836,607e427f-5261-4351-a58b-592ce44c9c04,shipping,8036 Roberts Terrace,East Sarah,MT,97005,US
b45d35ff-db93-4c51-94fb-c1d90507bc1d,a084458c-2fe1-44a3-b967-75d423117672,shipping,85380 Allison Gateway Suite 598,South Ericport,ME,41680,US
25268300-243c-49c5-a8b6-da4cf0381b98,a084458c-2fe1-44a3-b967-75d423117672,billing,2971 Brian Harbor,Port Rhonda,TN,48098,US
0fa33575-e339-423e-b375-b9929054a790,99e4d27a-4e8d-4877-b24a-b33c39eccedd,shipping,444 Ramsey Knoll Suite 734,East Carol,CO,76663,US
bf5fcc50-bbd0-4332-ae44-20a9ad6602cd,38fa0e85-abf6-408c-aed6-75856b06aaf2,shipping,364 Walker Orchard Apt. 260,Pageview,MA,06806,US
e0b3a9e6-1a46-4d71-b1a2-ee4db798d33a,e5e3e1d9-c04e-49e7-9e28-d7c7fcf9d7e9,shipping,24194 Molina Mountains,Port Christophermouth,WA,34005,US
0755afd9-e077-407b-a6e5-cb4938283a93,d3af3f98-a875-4a42-8537-ff82e98bfc85,shipping,40441 Willis Gateway Suite 570,North Alisha,AL,87535,US
282059e5-09a2-4e14-ac2e-5f2f9d4fbbde,d3af3f98-a875-4a42-8537-ff82e98bfc85,billing,95368 Jesse Branch Suite 908,South Christopherview,DE,49916,US
64fb6574-250b-409c-852d-55afc7e31392,3f0a9bfb-0721-4a8c-8572-9945d65d9aad,shipping,000 Edward Pass,Christinafort,KY,44948,US
49b2eb50-4512-416d-8d21-cbbfbc8d1ff2,a30c691d-e09c-4ae5-a6b2-e1585d197805,shipping,266 Henry Pike,Lichester,OK,21716,US
d8706dfa-a28d-449c-88bc-f40e051d2f60,a30c691d-e09c-4ae5-a6b2-e1585d197805,billing,763 Christy Avenue Suite 491,East Adamview,WI,88737,US
d2261983-4074-4a81-8b1c-14294b2bce85,19b966a6-bfd0-400a-ad04-3e31e9f590bb,shipping,317 Poole Flat,East Robinhaven,NC,46052,US
8c8edf90-5e58-49a1-84e3-e9ff5245ea6d,9e3f3eaa-330f-4c20-9ff2-8452f6843257,shipping,3705 Melissa Way,West Christopherstad,MO,73967,US
e1511a53-a6cb-4cc1-ac88-9bd064af599f,72c4602e-9bca-4b98-abcd-aa12ff4d0c7b,shipping,34424 Angelica Haven Apt. 413,Millerborough,FM,92252,US
12e983cc-6ddf-4a28-b55d-32718f40deef,1f88f492-b597-49ac-bc18-bf39cd0b9dfe,shipping,72333 Wyatt Manors,Port Andrea,OK,18863,US
ae6373e8-ebc9-4880-82a6-486c43d7b6c1,a6bf5530-15c5-47f7-9ed5-1f1ae5cdf83f,shipping,3551 Morgan Trail,Jonesfort,OK,50441,US
5119940a-f7ea-40e3-abdf-0f3dedd13d19,dfaf9ade-4349-4cea-b9d0-a7351c619ba2,shipping,771 Chen Inlet Suite 200,West Erikamouth,NY,71637,US
e0243e97-6ba7-4cdf-b5cd-000ff7da77c3,d2a3caec-64eb-473f-b7ec-0bb3b0249941,shipping,3218 Patricia Mews Apt. 333,Taylorshire,RI,22299,US
a8bdda6d-3188-4065-9df9-0d9b7bc2ce57,6304a8f7-2e99-490d-bcc3-37b940d18272,shipping,7624 Heather Throughway Apt. 237,Jonesmouth,AL,27181,US
f3cfa3dd-f316-4ae8-9efc-2d184b5bb6c7,81d7b0f0-1b4f-4b19-a0aa-7832dc46adb3,shipping,9401 Wolfe Falls Apt. 871,Jacobsborough,NC,05536,US
75eb20ca-f58e-4304-85ac-73015b19960e,b1d8f318-e177-44cd-8be3-5b1dac7e9f71,shipping,359 Jones Land,New Wendyview,ID,19594,US
99ac5b9d-bdbb-4ae9-9bc1-2d3b34d9f7e7,5efd9ed3-3652-4747-b1fe-4eab7def2c22,shipping,78292 Eric Junctions,Molinafort,NM,93938,US
8f66c175-6c9b-4913-8502-72dccff74864,4681540d-503c-4b8b-ba72-4442bc1e99a2,shipping,2022 Stephanie Islands Suite 618,West Bethany,IL,44109,US
8a479d7b-ecb9-4caa-be26-e0405346dd65,f811f445-e9e6-4f7a-ace7-d5522ddf5c3a,shipping,733 Angela Villages Apt. 082,Stevensport,MS,85200,US
08b782f6-f401-4cb9-bcab-2f3ef04d6373,f97cf928-52df-40e8-81db-b2b1e64f9d16,shipping,7457 Jones Land,Ingramfort,NV,73805,US
d2fc6dc2-edbe-4997-9ae8-66b2d201c6a8,0ad59b89-67b9-438b-8e1a-30f5fe9e9115,shipping,66920 Sara Fields Suite 512,New Johnmouth,FM,78523,US
09e49850-2dc4-4056-8353-527c198ea411,07b1560e-8430-48fe-a8e2-12e1246132e3,shipping,885 Jordan Ridges,Lake Tashaville,GA,78615,US
e9965b60-5261-4960-bef6-3b089bdab7b0,f760685f-67b0-4a5c-b84d-20250fa4fac2,shipping,70326 Nicholas Flat,Smithland,FL,10478,US
c8de841c-1ee6-479e-ac7e-67e63947b0b2,d2558f1b-2d87-4ad3-ae23-b9b1297b9f62,shipping,315 Timothy Road Apt. 430,North Sydneymouth,IA,82274,US
090c494b-a7f4-46a5-afbf-18d07076527a,d2558f1b-2d87-4ad3-ae23-b9b1297b9f62,billing,26704 Michael Court Suite 129,Rickview,NM,80386,US
0fd1a6bf-9de1-4606-8dc9-77f6266cc3a6,06f4f937-8a28-4605-8dbf-5f8ebaf22036,shipping,38285 Ian Expressway Apt. 062,South Kristytown,OR,79103,US
66631f17-dbf1-4e8f-a262-04e0bdbbb903,8045a3a9-ac4a-47ad-8c39-e4ccf33e9e36,shipping,70247 Young Brooks,Port Monica,AK,79676,US
5baada5b-0a76-4479-aacb-3abeb3a24374,1517fce6-1dcc-460d-9bbc-ab04d0b75260,shipping,848 Warren Cliffs,Vickistad,FM,45368,US
aa189a62-b7e4-4720-9237-1f5a3a1fbfcf,0f2d905b-1da4-458d-b87f-2692b78292b2,shipping,472 Montgomery Groves Apt. 281,Paynefort,OR,43474,US
90c66f55-9f87-47b5-a074-13adafede0a0,79e0957e-8de1-44f5-8844-08ff4b97ead6,shipping,451 Jamie Hill Apt. 003,East Ryan,OR,88952,US
a2f7b80c-ecd2-4ccc-af1f-b5143522647e,76b6e325-7215-4ad7-9f3f-d2d365845659,shipping,311 Pace Point,Lake Mistyland,WY,18772,US
bd5d7c0c-6ee7-4f95-8524-fb94d40eab61,b7982543-46d9-4e9c-a6f8-f27163ca4cf9,shipping,106 Carter Mews,Rogersmouth,MH,27424,US
c56237aa-a4c6-40bc-bc12-eb5f1620dfc8,ae21d0e6-c0e1-4de0-a1ee-b9211265f691,shipping,245 Smith Keys,East Donton,AL,36288,US
62930180-a2a0-43ab-acf3-481e50f8ad33,25998b3a-e031-4b9e-82ea-681215d4e1f0,shipping,6219 William Fork Apt. 203,New Christophertown,PA,26001,US
af498991-7ca4-4820-9778-7338f5338644,85f81cfc-eee5-4f1d-9932-9f8b5265cbdb,shipping,56433 Howell Stream,Lake Derek,UT,19913,US
d93629ea-8830-42da-8f59-355f4ce660b4,81244f1c-7b14-489c-892c-6d2b06c9799b,shipping,76530 Jenna Mountain,Jameschester,IN,74987,US
ae99806a-a040-4a4c-b73c-88c85b988169,e8d64694-136c-414e-a9e4-5429b0df0ddd,shipping,2849 Michael Ports Suite 798,Sloanborough,AZ,78340,US
a052c1ac-daa8-4a3a-8ca5-8eb21c9afb6e,1dad257b-9a58-451b-b8cf-0c01088d4262,shipping,58208 Perry Cliffs,Samuelhaven,IL,05907,US
90130516-010e-4b37-bf50-70be56fc6df3,1dad257b-9a58-451b-b8cf-0c01088d4262,billing,837 Robert Manors,New Zacharyside,KY,07053,US
e002310c-0b4b-48c2-ab70-3cc136d32322,a1410894-b49e-4cb9-8d53-8bad1f907fd3,shipping,347 Wilson Centers,Davisville,DC,18750,US
fd5e06f6-437b-4fa3-b4c4-3801a347307f,a1410894-b49e-4cb9-8d53-8bad1f907fd3,billing,584 Patrick Land Suite 639,Port Samantha,ND,65033,US
001ffc6b-2b2c-48ba-9a46-b1090ec59b63,a37dcfa6-655d-4161-b79b-e034694f243a,shipping,511 Jorge Forges,Kellyfort,VA,93600,US
a48e2bb2-4309-4f99-9099-7dc1e8834604,c3ff361b-6cae-4bfc-ab62-f123645ce44f,shipping,0439 Peterson Underpass,Nelsonmouth,IA,97917,US
85c82b3e-1049-4264-8511-9f1682892d29,c3ff361b-6cae-4bfc-ab62-f123645ce44f,billing,99580 Johnson Parkway,South Brianna,CO,32021,US
6854c922-d8ff-4bf0-a284-ad2716c846e4,6548a11c-f9e2-4d22-adee-8d6dfa3898b8,shipping,244 Tami Road Apt. 360,West Nancy,OR,11250,US
699e5b1c-fa06-4824-b2b9-9b17f95f23b0,0a01def5-884b-4c75-81c9-87af3e907d19,shipping,5941 Susan Hill Apt. 611,North Dustintown,NY,90580,US
a9e353ca-41a5-4047-aaaf-8665430b7e71,53e0acb4-a962-4fe8-b8c8-07ee94ec9dde,shipping,05011 Barbara Road,Lake Dylan,HI,61494,US
0ed5629d-43b6-4359-9e11-6a0aec69782e,53e0acb4-a962-4fe8-b8c8-07ee94ec9dde,billing,4586 Thompson Glen,Patrickshire,ND,95359,US
cd790c37-ffa6-4afc-ad46-a5d020756b59,36da46d6-470b-4fb4-80e7-1728fa415681,shipping,055 Tyler Ridge,Port Michelleshire,TN,86188,US
d7f813fa-2b9f-4df3-b685-6aa71f7faa83,ce6b9b8d-2368-4c77-becb-d8779b54f228,shipping,964 Brian Hills Apt. 207,Lauraside,WA,40136,US
7a7f0d68-de94-444b-adff-ce8ca429ee9a,e69e98ac-28cf-49dc-9203-e471f6a1dd95,shipping,60470 Williams Junctions,Wardport,VA,92747,US
18f735b3-7e9e-4e9b-a962-8c83abc585ac,7c52f25f-5e32-4cf1-9add-6cbcb35d928c,shipping,9339 Hampton Mews,New Jessica,IL,02427,US
b40540a6-6749-4aa3-bcf2-8a10333ba8f9,12e6eeaf-a0a0-423f-9a8a-e8b55c15e77f,shipping,53687 Nicole Glen,South Logan,VA,84191,US
720a7973-3ce2-4bb6-9120-905782c9ecc0,dab92a87-3064-4928-8179-7a4bcfc97792,shipping,552 Carla Viaduct Suite 411,South Dominique,VA,33499,US
cf0cf9ac-6510-4a4b-8464-cc54baa727a6,5f210797-bf39-431d-900c-8119f67950b6,shipping,00576 Jennings Roads Apt. 812,Jessicashire,MS,67994,US
acd16f1d-e3ac-4216-8ba8-520d3e9c5fa4,13b16d34-779b-492c-913a-5e2e5075b3aa,shipping,8528 Lopez Circles,New Kelly,ID,44741,US
29234e51-deda-4ac4-a264-5535f5d4fa7d,6ab57b3a-a204-459a-9f41-07edbfbc3d93,shipping,86239 Miller Inlet,Patriciaton,NJ,64810,US
eb247df0-b457-4288-960c-4640d6693e24,a4e5f440-fe62-4634-a43a-284c2482057c,shipping,952 Landry Dale Suite 087,Anneview,AR,77995,US
64ded2f2-6be7-441f-9196-33b56ea3656d,e5b57354-7cad-4cad-b7e8-75b129fa7a12,shipping,44941 Reynolds Throughway Apt. 682,New Karen,LA,14423,US
f8f6f278-b3f4-4245-940b-b871bf4b0c56,6a26cf5b-d78a-4486-93a5-08ae6611faf4,shipping,2045 Johnson Glens Apt. 765,East Bryanview,MP,00760,US
8ba7329e-a731-4349-890a-d756caccc6fb,93b19239-2a7b-4a07-8ad6-ec40dafba8ce,shipping,9997 Hebert Lodge,New Tomfort,PW,61970,US
1b8015dd-7c78-44f3-8825-8f9462998498,2f755f58-76df-4949-a8f7-c235d999f646,shipping,9001 Chad Squares Apt. 021,Morenostad,CT,14940,US
f8e966b3-c169-46fe-b1a6-32738ae41467,031e2e4f-0e27-448f-874c-abb4a1b0c690,shipping,714 Michele Forks Apt. 435,South Wanda,TN,63350,US
70e0c3ca-50ab-4d26-9f92-6b29149e0b54,73b4ac58-1d61-48f6-8a13-b9386dbf5189,shipping,96159 Daniel Port Suite 050,Mannfurt,WI,52493,US
90333443-ea4e-4bca-b7a0-b96615502821,73b4ac58-1d61-48f6-8a13-b9386dbf5189,billing,9218 Veronica Bridge,South Timborough,TX,20405,US
8ceb5f18-fb76-4dfe-82d7-d4d84c7d2e39,bfeb3810-26d3-44fa-8ce3-2eb9b98876b4,shipping,029 Anthony Route,South Spencerton,AZ,97378,US
f72031cc-4fa7-4fe2-aca2-85047ed5c028,bfeb3810-26d3-44fa-8ce3-2eb9b98876b4,billing,91990 Kennedy Freeway Suite 857,Christiehaven,MA,12701,US
d5b1fe46-44a8-4087-be2c-2abb6a21a146,458714ac-58fe-46a8-bf4f-f0f736320d34,shipping,38650 Brandy Views,Richardbury,VT,69556,US
0f68d8ed-f8d6-4d53-a1eb-e59793a0c669,f8c250df-8461-4a4c-a7a0-d26dd10cac35,shipping,7503 William Hill,Edwardton,RI,96604,US
7bb63369-23b7-4140-94ae-9b1f8e611280,970f6ede-a583-4c9c-9dcf-17717cebc0b5,shipping,761 Garza Track Suite 158,Bryanborough,MO,52888,US
1a1333e5-b919-41e3-8d83-0ae6f4cc51a7,826ec79a-fe0a-4d47-81d5-1d31b0edb9d7,shipping,5124 Daniel Ferry,Greenchester,NV,88942,US
f1c617fc-b3fb-401d-8762-31aa5ce44ca1,845badae-ea27-41a7-8a38-580779a5d7a4,shipping,48643 Lisa River,Robertsontown,NH,50375,US
3a0f3083-9a98-4d51-beef-67c0073f9b51,7bbea67a-12d8-480f-ab74-a1039cf04d13,shipping,554 Rachael Manors Suite 767,Mclaughlinton,WA,93077,US
4a853f00-2679-4067-9bf1-06be3efcac58,9c6e09ec-5ad3-485d-871a-d453fcb80b5b,shipping,7455 Kelly Isle,Bennettberg,AR,11339,US
d0095773-11ca-4d6e-b795-c348159fac0e,9c6e09ec-5ad3-485d-871a-d453fcb80b5b,billing,01367 Armstrong River Suite 540,North Brian,PW,81111,US
ec21738a-6b51-47af-979c-da88e453231c,5ba219d9-0448-4d69-9c9e-b9fe913335fa,shipping,629 Jennifer Roads,Laurentown,WY,32602,US
bc3e0144-63e2-4fec-883f-9364973d2602,5ba219d9-0448-4d69-9c9e-b9fe913335fa,billing,111 Thomas Lodge,Stephenmouth,DC,33017,US
28def19c-8a73-4513-99e3-e834f5739ba4,90cfc42a-02e5-47df-8ad9-2b635cecc1ee,shipping,3574 Brenda Well Suite 316,Lake Jamie,RI,94685,US
79a6326c-e639-4de0-907b-1845557eb415,e304fcd3-8bd5-42fa-9e52-fc3182b5e06d,shipping,4826 Jackson Squares Suite 206,Lake Haydenmouth,WI,41733,US
dbccb8c6-0c25-4264-afef-2f1fd53e51cb,6386020a-2fb5-44c7-bb2e-8473a2b94756,shipping,204 Bryan Junctions,West Keithbury,LA,11426,US
de421ae4-9719-4fb8-8bbd-0f1c2da14fa9,24c1c213-f6a8-470f-94ba-d5e704919e2d,shipping,94659 Heather Lakes Apt. 005,Fischerview,NY,24562,US
1e5ef3bb-3acb-4b2f-83ce-416924207e61,0394a88a-f44a-427c-a42d-4d9ad77c3a47,shipping,7026 Luna Prairie,Petershaven,ME,52548,US
550bd397-b873-4ad0-9c15-7d0397af9401,a3571d7a-0f41-4bc5-bc51-80f56e65093f,shipping,042 Russell Drive,New Ashley,ME,23979,US
6269f9b0-a667-4b43-b072-b36cb0fa8aa4,9b33276c-4860-40c9-99ff-d4ad4c32afef,shipping,85922 Lisa View Suite 787,Willisborough,GU,13729,US
519aa546-990c-41ec-98fb-cce902933951,a48699df-6a62-4ad8-aaa6-fb2f792ca560,shipping,0863 Campbell Mews,Port Kathleen,NH,91279,US
0702246d-47da-4ef0-9531-e1d4ccb83db2,e2b1f173-f285-4f8f-9cd3-2b2f302099c1,shipping,833 Lawson Walk,Williamberg,MA,78490,US
c21d6387-ce40-4038-a8ed-821a3e612b05,fb2db70b-7ecc-4fd7-98cd-051739fd9eb6,shipping,39787 Pamela Inlet,North Lindsayfurt,GA,33028,US
5a292b0b-7500-4c7a-ada4-e9eeda086478,27126482-ddfc-4b1c-a6d3-d370bca47a7c,shipping,25992 Walker Prairie,Jenniferport,DC,30448,US
297fd78a-be9e-4fad-8f99-ec1a52489515,27126482-ddfc-4b1c-a6d3-d370bca47a7c,billing,644 Kelley Crest Apt. 984,Apriltown,AR,19788,US
7940b600-0634-4ffe-8f5c-58f852209fa9,bcb7c140-2501-4bca-8601-69f4916919d8,shipping,7781 Clark Dam,East Marctown,TX,41396,US
55740260-8316-4e0e-936a-045bf60475e0,0653e1c7-a874-47dd-bf71-21f9463fd47f,shipping,31100 Corey Keys Suite 831,Port Joseph,NM,02277,US
791cbb90-9c58-481f-be7b-7d5f98bb5043,0653e1c7-a874-47dd-bf71-21f9463fd47f,billing,6302 Williams Avenue Suite 207,Hurleyville,MD,97193,US
0e71500b-0627-4ab2-ad87-9d2826195276,1a250103-e4de-41be-a424-e1089ecf4be0,shipping,3431 Harris Trace,New Danielside,IN,26641,US
cbd959b2-09d4-48bb-a2e0-63a79c706733,63ba90c5-da92-4c0b-b489-1b31e66ce1d8,shipping,26826 Sanchez Ports,Robertfort,CO,42961,US
b7020d7a-8fd2-4d70-b608-53d67f57ba9a,14c27323-fa0c-4e8b-bd8a-2dad89f75bda,shipping,844 Wright Cliffs Suite 761,Tracymouth,WY,07564,US
30c48b27-8edd-4c8b-aa71-9abce1ea3f6d,ee7ab528-2065-4f7e-b5ce-5d7b6ccd6097,shipping,86107 Smith Ways Suite 807,Parkview,FM,07000,US
2c4ea9fc-ed03-4dd5-995f-51f04140606d,dd69dd4d-e607-451e-b2be-7b6f0fedbf88,shipping,8245 Charles Spring Apt. 506,Martineztown,KY,90158,US
de9994aa-0362-46a3-9b46-a9d879f0a3c1,06649815-3af5-4919-8ecd-ca14fb0d5d76,shipping,36617 Rodriguez Passage Suite 687,Port Carolyn,MH,76821,US
ef4d758d-3932-411e-a875-fd66b85c2cbe,834cdc84-5403-434b-8fbd-3d44ef980bb8,shipping,62606 Candice Estate Suite 268,Robinsontown,OK,25593,US
7007b747-087a-47aa-89ac-20751fc679f2,4416ea2d-5bfb-4c2f-b457-ffdfaa091f54,shipping,371 Stanley Mount,Kellyfurt,AS,59986,US
73dbc77c-9be9-49eb-94a7-82ffae1a7c63,16f23265-0b89-4b94-8695-d144c83ad904,shipping,98513 Francis Tunnel Apt. 834,South Katherinefurt,KS,10941,US
76bc86a0-9329-4e8a-ae04-4063baea09c8,2dac931a-e173-429c-a874-32f2bd444f33,shipping,39542 Mahoney Common,East Marilyn,FL,82141,US
2be868dd-fb63-4832-a077-eae53620b86e,0ca49577-b18c-476a-ae68-fed702ed930d,shipping,6504 Dawn Isle,Andreaburgh,PR,10901,US
6da46a82-b753-4e94-a772-fe41f985bdfc,0ca49577-b18c-476a-ae68-fed702ed930d,billing,2089 Cruz Court Apt. 873,West Gabriel,NJ,13511,US
16744c1a-8fe7-41ee-9403-ec6c3a06f779,155de99e-3fdd-4bfd-a082-da2e6b4ea76c,shipping,482 Wilson Ports Suite 788,West Brittany,MH,61375,US
a2e694d7-adc7-4b27-b4aa-679bc4aacba8,40e2c65d-2e77-40b9-968e-e4a24bcb9d13,shipping,73529 Foster Burgs Suite 002,Lake Benjamintown,AZ,61626,US
64a8d6df-adc1-4c64-8145-13b1ef64f998,1612bd0d-1729-4d31-a630-f38252c5b698,shipping,62604 Anthony Turnpike Apt. 019,Katelynhaven,PW,33307,US
ade2bdad-e14c-4ee1-8d32-457f02a8bacf,dc674ca9-af54-48a5-8b15-20006d324394,shipping,485 Christopher Radial Suite 101,Byrdfurt,OK,52482,US
04788cfd-1c15-4caf-af00-3d379c1cc6a5,392b66e2-7dc7-4b90-83a8-f7882f9795f9,shipping,8673 Snyder Fork Apt. 213,East Ryanstad,MI,83831,US
1ede28ff-5a89-41bb-85fd-56dbe5784219,fa231b54-beef-418b-9d39-02f02b77e634,shipping,992 Alec Green,East Heatherfort,MD,70845,US
ed84c760-1b8a-4c33-b415-01f904f0b047,6330582d-1f4a-4885-9ddd-e0a19817c474,shipping,68429 Mark Causeway,West Williamborough,KY,70078,US
a15aa4d1-ea84-4a45-932d-2f846e6fb9d8,d6f720fd-cfce-458a-9fca-f6653fe2cea9,shipping,800 Weaver Corner,Justinview,ME,93443,US
7618b49d-5b54-41bf-9b5c-e105fb7a2661,02a15a04-ae64-4da7-bed0-a32848a34039,shipping,2070 Tate Island,East Johnshire,AZ,44581,US
896fa3f7-d080-4680-9ff3-dc1a5caec91d,1a0db1f0-d7a3-4c45-8bb0-48f8e2f54cd1,shipping,01474 Kevin Way Apt. 302,Pennyburgh,FL,60035,US
1e4b2449-df74-442e-87bf-594011c8957b,1a0db1f0-d7a3-4c45-8bb0-48f8e2f54cd1,billing,07833 Foster Shoal Suite 278,New Joseph,LA,72445,US
4f9f6ebf-3104-4f0a-95e2-467108fe5a1b,b899d1ab-a5bc-4476-85a3-4799cc425022,shipping,0658 Jessica Prairie,North Jenniferchester,PA,07323,US
7e133e99-d5ea-4bc4-8f44-c43a7e4b3f39,45ed022c-4fa8-471f-8961-3ee954844290,shipping,40640 Sharon Forest,Turnerton,NE,01126,US
123efd8d-92bb-47bc-acf6-6d12b54a2625,9525a6a6-9abb-495f-b541-1f3f8b82f810,shipping,2865 Nathan Roads Apt. 660,East Joshua,MT,01665,US
c67457ea-d671-4d5c-93bd-1635ba3b3e17,9525a6a6-9abb-495f-b541-1f3f8b82f810,billing,473 Richard Keys Suite 181,Jonathanhaven,DE,26655,US
856138a1-d372-4bf4-814d-e04ab07d3eeb,78d71cac-b6b4-4e39-8f89-5f58635a8865,shipping,250 Melissa Ridges,East Jessicashire,IL,42997,US
dbe2beac-0777-4abc-a52d-8d2c94da7856,78d71cac-b6b4-4e39-8f89-5f58635a8865,billing,30734 Hawkins Haven Apt. 931,South Susantown,DC,94697,US
9f692e14-006a-404b-b145-d5b79b96edfd,b3b55437-7b56-4eb1-a07f-19c5d0148661,shipping,6810 Brittany Stream,Bautistabury,KY,05882,US
03dcb976-8e32-4422-8a1a-db171fc8e1f3,af0c8e39-615c-4f1f-85d9-403b3460421b,shipping,090 Randy Ports Apt. 579,Anthonyville,RI,40571,US
79f47c8a-d6c0-4e66-ae4b-91a961395a25,2786892d-0c4d-4af6-a2fc-05a44375989f,shipping,6556 Ford Square Suite 990,West Theresa,MT,86713,US
22da46f4-3e9b-43b5-a196-19ed2426ac78,11055512-8a4b-4308-a486-f3b632f567c6,shipping,751 Banks Ferry Apt. 712,West Cynthiaside,PA,16307,US
9ae0232e-6244-439e-ac00-241a0e39012c,e36b14ee-a6ac-4fd9-a553-817ce21229fc,shipping,36085 Golden Light Apt. 939,New Andrea,AL,37795,US
92cd3116-c72d-4a5c-a418-04f55fd61585,25e17931-042a-4cac-9704-591d5c79a28b,shipping,71248 Erin Drive Suite 304,Castillochester,NM,73585,US
12d3d82f-7f9f-4462-b813-4c9239571d32,25e17931-042a-4cac-9704-591d5c79a28b,billing,0976 Travis Square,Vasquezberg,GA,16656,US
d1fd058c-be5f-48f4-af22-cca759e495c9,b1f18edb-766b-44ed-a5ab-0031773f2634,shipping,4958 John Fork Apt. 974,West Gloria,TX,23754,US
7998b6a4-fa0b-4340-80aa-6756e5848afe,b1f18edb-766b-44ed-a5ab-0031773f2634,billing,835 Garcia Shore Suite 571,North Patriciastad,RI,24051,US
2c1b10a1-eba7-4a68-855b-689e52efaa6c,914e802a-2ebb-48b8-be0c-b8574f635c86,shipping,630 Watkins Avenue Suite 820,Port William,MS,55616,US
08358b2c-d4f4-4fde-9337-17ec14a2636f,fd2c43d6-feb1-4fc9-8dd4-be041cc80326,shipping,5469 Glenn Skyway Apt. 636,Donnachester,GU,49422,US
6dd07fda-a1f5-43de-8252-99179bcec068,fc9fc5ec-9926-4b93-bc9f-11871f5240b1,shipping,63219 Newman Mews Suite 764,South Maureenport,NY,97042,US
0267c08e-e2a3-4d33-b27d-ed71c9498b46,788400d5-2ad4-4445-b44e-e2158bd85c64,shipping,9062 John Islands Apt. 512,Amandafort,AK,06656,US
cbd3b9a1-bcb3-40de-8055-785137e59842,086cd52e-fcb7-413e-9c49-b566b93babb7,shipping,769 Brian Curve,North Jacobview,AR,50637,US
5bf05546-8d52-41ea-bd6b-d65a7765e654,0191af11-303b-4319-9337-48ee868f0098,shipping,0996 Brittany Lock Apt. 649,West Jason,AL,32306,US
c781af95-fac8-4e30-8193-8f8f5aa3b1ff,cb8c4010-dba6-4682-87b1-3e8a1ddf25b5,shipping,094 John Circle Apt. 149,East Shannonborough,IA,06029,US
da6116c3-8099-4f62-b9e8-f6a966915918,01f9e133-6ba0-4763-871b-5399945a5658,shipping,6864 Knight View Suite 212,Port Benjaminside,SC,12774,US
4d1e5e5e-e13f-43be-977d-01ba1e1b8d83,01f9e133-6ba0-4763-871b-5399945a5658,billing,453 Jennifer Lake,Rhondaberg,GU,18581,US
442f5d4c-f172-4763-a533-978d3abe7be4,567f8209-3d1b-46d5-957c-556fcc51cb1d,shipping,619 Christopher Stravenue Suite 121,Williamberg,ND,33075,US
fa5c36d0-93d0-4121-bc8f-ca587e329d2a,c1685bd6-3ebf-4664-9d44-5418cd7abe05,shipping,2728 Watson Square Apt. 312,Victoriaside,MP,39618,US
f9d801ac-6c74-4cb6-bb7e-f5a8e6338743,73bf9a07-946e-4e34-8652-55cd114ff4e9,shipping,4798 Michael Prairie Apt. 750,Evansside,UT,66752,US
70c33893-05be-4441-977d-b492c8563c56,0abc103c-5897-4139-97c5-fff374c45d43,shipping,22448 Sanchez Village,Carpentermouth,VA,93065,US
3b8d9c59-6a96-49f3-8d1d-1d34eaa38f53,0abc103c-5897-4139-97c5-fff374c45d43,billing,2052 Anderson View Suite 282,Contrerasburgh,MN,05825,US
8e31e8bb-4bb7-4431-a6b5-2e9a8285ae20,680ea065-733f-4910-b9ed-98eb14d18334,shipping,29331 Marcus Brook Apt. 144,New Julieside,NM,41588,US
adc6a10e-505e-4adc-a72c-af0f588ae9ea,dd7b2130-a815-4e23-830a-d43ebcf11ca0,shipping,9002 Jacqueline Summit Apt. 014,Nicholsburgh,OK,18923,US
9b244764-a9f3-4f4a-a1ae-1c9f1f066843,d9cf05dc-8ea1-401f-93fe-4136ffd46551,shipping,88052 Dalton Mount,Lake Marychester,DE,50636,US
355a08fd-52ca-4e45-888e-6086e82fe82a,14ab299f-8aef-435f-96c2-423aad55cca2,shipping,45601 Smith Manor Apt. 631,Lake Rickyberg,OH,19463,US
ce28ac5e-4e6b-4829-bee5-7de9c55c9e8f,035550cf-544f-41fe-9c3b-7433b8112aa5,shipping,5933 Brian Hill Apt. 442,Bentleymouth,MS,38859,US
7ef7cbc1-9287-4ad1-ae37-d95e4fcbd960,035550cf-544f-41fe-9c3b-7433b8112aa5,billing,29980 Sandra Prairie Suite 115,Lisaborough,AZ,03844,US
91875d8e-fd4d-4174-8bda-56ad78c6e2a7,299524ab-1a3c-4ea8-8a1b-80bbea48a112,shipping,68399 Clark Landing,Mcmillanburgh,IL,48739,US
68548257-c088-4d0e-8c18-de9db13da7b8,7704eccd-8a3d-40d2-ac1b-a713049c17b0,shipping,5954 Garcia Fords,Port Sylviamouth,TN,83067,US
7b820392-ab87-405b-9475-dd75026aa359,a89088c7-2009-4c5f-ad65-a3a2964a7494,shipping,399 Gregory Wall,Shermanhaven,PA,04173,US
855e9084-851f-4f9e-88a3-72373a5131cc,a89088c7-2009-4c5f-ad65-a3a2964a7494,billing,49342 Amy Prairie,South Tina,LA,49607,US
ef35a4ca-8e06-4b9e-914d-208e7f3b8eaa,6411c630-b355-410d-8b2d-f87e4254c7a3,shipping,3726 Jeremy Ports Suite 906,Lake Antonio,NY,35613,US
a5d08f65-a51a-42fb-93dd-abecad14e761,3f062802-291d-44df-a332-e5ed256b85b8,shipping,3571 Holt Tunnel Apt. 145,Brandibury,NC,46484,US
23182f24-335f-4ae6-ab60-785f2d97a438,b44f3d0a-b422-49e3-a360-214712ca1cf4,shipping,67001 Johnathan Keys Suite 144,Brownborough,MD,29596,US
c8d17fad-4291-46cc-8ebb-43096575996f,75c4b4df-92b8-42cf-871d-d93b57bb19dd,shipping,267 Joseph Overpass Apt. 566,Heatherton,DC,08857,US
39282468-130a-4a92-9772-c55e7babdc20,e25d41ab-81d9-4862-9965-4f5d717cb16f,shipping,996 Taylor Plaza,Lucasstad,CA,60201,US
90c7189d-2838-421b-a4d3-f258fda914d7,9670fa48-bfde-47a1-9488-e025d23c46aa,shipping,8702 Kevin Turnpike Suite 686,Josephmouth,IN,01710,US
2764df40-b129-4939-b416-917c69c7777a,9670fa48-bfde-47a1-9488-e025d23c46aa,billing,1622 Mcmillan Mountain Apt. 622,Lake Laurie,CO,40511,US
08e975b2-b498-4372-93f5-0b83b463fdd6,03c8b2ef-668f-42e4-8972-6c75d40a52f7,shipping,6095 Guy Ridge Apt. 218,East Kristen,FM,17910,US
898a2d67-b023-4fb9-a9d6-9417874863b8,a7bc48a1-7a33-4615-b646-e7ad46702e56,shipping,0529 Michael Glen,East Joshua,MT,15202,US
1b282c2a-e9b1-4af2-9b0f-205bc194287a,b172dd2a-914e-4f29-a92f-26b88c03ae99,shipping,667 Kellie Forest,Roberthaven,AK,89238,US
f0fcf411-c876-4f9c-bc29-d31d7b702295,0a4050fb-e0b4-4fba-8c2d-419f691b3f08,shipping,121 Gonzalez Falls Apt. 433,Williamsberg,IN,46012,US
357ff2d5-4c72-423b-aef9-fa6d74210a3c,8486fc15-2a18-4e95-826a-8e7e9c210404,shipping,412 Gallegos Plains Apt. 457,Port Paul,VA,90555,US
6a5ee287-0d9f-4385-a280-fbc47068598b,156d394b-6727-453a-a8fe-39761af790be,shipping,5997 Blair Rue Suite 023,Port Gregoryberg,IL,01868,US
e37c1d4e-465c-456c-82f6-0ade7f517289,97698ec8-242d-4de0-9e94-97eeccfea07b,shipping,130 Murray Park Suite 316,Watsonton,MA,85256,US
adc242d6-f777-497c-9605-be83a4acc6b9,11a6dddb-8434-42f2-b85d-75751997f2f9,shipping,0131 Williams Glen Suite 607,Cliffordstad,ME,86304,US
dff9df63-25c2-4abb-8fb7-1ccad872574b,f74919a5-dcea-4972-b703-83a94e5d65dc,shipping,539 Anderson Ridges Apt. 607,Coxmouth,DC,17070,US
bb4dc076-3c1e-4bce-bd33-a5ca2859013c,0814bd51-5dfe-4cb3-b463-70edc53e807a,shipping,5891 Richardson Lodge,Blackwellborough,MS,59679,US
1fedc94d-8515-4c5d-97d9-58dbe5676a94,0814bd51-5dfe-4cb3-b463-70edc53e807a,billing,3475 Wagner Locks Apt. 878,Henryside,NM,12873,US
5073e18f-c000-4fd3-9a3a-db5543b2656b,0daed178-6162-456a-8a31-2391e481b8ef,shipping,3541 Phillips Springs Suite 618,West Anthony,OH,91280,US
1b81afe6-5f32-4f0c-b608-d6290ec481f1,62827cc7-1219-42ca-83de-5fb66f64075e,shipping,488 Washington Ports,Zhangberg,AK,48077,US
e2e548c6-e5ac-4e85-9ea1-365e7d7a0db9,3f78ddac-ed26-4980-b279-e0341b7a6792,shipping,1952 Young Terrace,East Jamesbury,FL,69646,US
23a03942-0420-4f1a-8ca5-1a3063b2f8a4,3f78ddac-ed26-4980-b279-e0341b7a6792,billing,27489 Nicolas Mall Suite 431,North Mark,IA,11418,US
4ffa7084-d282-4179-b91f-4423a6632920,754b217b-af69-451e-8faa-c80610186091,shipping,0393 Riley Plain,Youngland,UT,14273,US
56e054da-49b8-4ab3-bdce-3bdf82112141,6d00ba9c-f738-4240-9873-e92e963930dd,shipping,617 Meyers Ways,Port David,RI,53019,US
ce63d090-ae0c-4ac2-8a57-9b2c165f2d55,2f9eb049-eb83-41b2-8847-db17b5091865,shipping,135 Gregory Circle Suite 982,Brandonbury,ND,14339,US
fcb322a4-417a-4184-a206-f79539985e6f,4053c14a-694d-4914-adcb-63db2971045d,shipping,171 Donna Lane,Flemingfort,PW,91818,US
d98d18fc-bc00-4ac1-a08b-5854907d68b7,5128b28f-1b27-4151-8bab-c68daf41aceb,shipping,792 Castro Wall,New Bruceberg,OH,43020,US
b4be190e-2f65-4ab0-9eda-d368fb92c02a,5128b28f-1b27-4151-8bab-c68daf41aceb,billing,6461 Franklin Coves,Lake Luke,VA,67390,US
488f7ae6-0c21-4a40-a988-1c2e55eb01d5,8d5977d8-3e64-4c42-bfac-e1edd6448fca,shipping,81807 Miller Village,Mcdonaldborough,RI,51945,US
c0d1bf64-6a0d-4787-9279-cb1229e1f442,db264fa8-740a-4044-96e6-8fceb598a5eb,shipping,49332 Marcia Squares,North Brooke,KS,28814,US
639456a8-2602-4f10-9a9b-148f9deb1a6e,cd508bb5-233b-48c4-a3df-734b5e94e9a4,shipping,231 Ferguson Estate Suite 601,Timothyview,NC,00812,US
fb242ac6-ae46-4167-84ab-1fc28ab4ee3e,782f99f5-a772-4ed8-8e6b-b3ef8e846cfb,shipping,77046 Villarreal Course,Marshallshire,IN,58077,US
b58ffed6-db0f-49eb-88bc-9cf68edcb150,0d8c4ffa-d6e6-490d-92d4-d15e2a7735ec,shipping,141 Jessica Manor Suite 109,Jenniferstad,OH,44600,US
4f2e93c4-b787-47f2-99eb-440b0e689f6d,3ed6db14-fa01-48a3-b992-cfaf46463a47,shipping,7231 Campbell Union,Thompsonbury,TN,08599,US
47ca5598-19e3-4ea7-a51a-5af5ce2c9aba,2ac9adc5-0206-4727-86c1-0432fde64cc0,shipping,288 Richardson Mission,North Jose,HI,75364,US
3c580ec3-7ce7-4a58-86bd-7b4f42af1a35,2ac9adc5-0206-4727-86c1-0432fde64cc0,billing,69462 Ochoa Heights Apt. 612,Danielmouth,PR,73307,US
c279c26d-f20c-4f44-aa8b-8f59aae3adfb,594d8103-b352-427d-a86a-c46d22f2c115,shipping,97928 Randolph Crossing,Daviston,AS,42744,US
5905a8a9-0eee-47ef-af7b-7953506ece54,ebbd42c5-55f6-4cf4-b537-6798536d274b,shipping,50041 Ball Branch,Cherylborough,FL,93029,US
206ac5e7-cc77-4df3-9e3d-aaa4cd2e8187,5c71bd1a-9b05-481a-95a6-7aab718062d7,shipping,9413 Timothy Junction,Hobbsfurt,SD,77491,US
ecb59135-3e22-472f-826b-a78a8aa3c9ab,5c71bd1a-9b05-481a-95a6-7aab718062d7,billing,7049 Whitaker Fork,South Cherylville,KS,24137,US
7770df0b-e229-435b-92b1-6357d53f0282,9a2f943d-0792-428d-92fe-87e6af65b131,shipping,189 Harry Mountain Apt. 591,Aaronfurt,VI,13277,US
00c0f3b0-eeb1-4c50-8069-88985df38766,056f20a9-bd56-4c32-a29f-13a33399bbb6,shipping,26064 Victoria Mountains,Lake Nicolemouth,TN,25357,US
47cd270f-28bd-4687-b218-51084b1da88e,da73d9d1-fff5-4976-ad64-df8e618e8fa6,shipping,1661 Mendoza Fork,Leonside,RI,94894,US
508fc783-0087-46c8-aa09-ec0379dac945,c6c0fb26-b580-49d8-af5a-2b7474d06fd7,shipping,0883 Evans Glen,Port Megan,ID,20451,US
a864f372-e3f1-483c-8722-a9d44c25e7a1,7ea3a29d-07bd-4ccf-9812-2b5960c7ac1f,shipping,624 Brown Canyon Suite 758,Joshuabury,KS,68354,US
ddcdae5b-f3af-43b4-b2aa-c9eb539a7cde,a6136afd-e5e8-4216-9cf0-4f39ec7d8706,shipping,784 Jason Rapids Suite 154,Alexisfort,FM,34275,US
a901c4c2-24ea-4e1e-8b14-ba55acd14d75,a6136afd-e5e8-4216-9cf0-4f39ec7d8706,billing,897 Jones Mission Apt. 013,North Melinda,NJ,84336,US
e72f96f7-c864-40d5-9b99-77ce627c2376,c5bc18a4-be73-4adf-82e0-3aee05fc2512,shipping,95209 White Prairie,North Randallberg,IN,54935,US
324cf44f-3179-4a97-a01d-9bb377ab738b,c5bc18a4-be73-4adf-82e0-3aee05fc2512,billing,83064 Brady Plain,Millerberg,NE,43256,US
b627b668-795f-481a-a99e-23ba0cb13fcb,83a4f3b2-da2a-487f-b362-6c78790c0d8c,shipping,09186 Daniel Viaduct Apt. 440,Marshallfurt,AZ,25179,US
c3029f71-2b2c-428b-9974-33c85b2e7947,83a4f3b2-da2a-487f-b362-6c78790c0d8c,billing,8108 Felicia Junction Suite 805,North Maureenchester,HI,47540,US
0a522466-20dd-410f-b02d-cdc9d8f009ec,bdb3e8e5-10e3-42f3-a1ab-6ed087dc56cc,shipping,2164 Kathy Mews,Mckeefurt,DE,21280,US
56183635-c649-42b7-915d-8ad32a7d3645,038f0890-9269-4dd4-81f0-53bdb8f4e1d9,shipping,0123 Castillo View Suite 707,Thompsonmouth,OR,82325,US
7d491afd-18f9-4476-ae17-f83aa81015bb,038f0890-9269-4dd4-81f0-53bdb8f4e1d9,billing,255 Montes Place Apt. 401,East Joseph,NM,65836,US
cdb14048-6989-481f-b915-035b7827db3f,8cc128f9-09af-483f-8d3e-353c35f3bc1b,shipping,7174 Amy Manor,Deborahview,MH,81851,US
59bd607d-848f-402f-be32-1eb6bd40a02c,91bb555b-440f-4b32-ae4a-5a0a4bee1b0a,shipping,33869 Ryan Haven Apt. 582,South Michael,MI,24873,US
3c5dceb5-8bdd-4e8d-8ef7-9cceb962f8c5,91bb555b-440f-4b32-ae4a-5a0a4bee1b0a,billing,6425 Kristin Islands Suite 231,Jenniferburgh,AS,06085,US
4e0d8f58-7dec-4a5f-b26b-5fcf179c9b9e,8d7f5c73-8ca7-4ebf-b256-2fbafe7c7bef,shipping,54788 Briana Ridge,Christianton,NC,14876,US
92f9249a-64b7-40d4-9f98-de8196296a10,8d7f5c73-8ca7-4ebf-b256-2fbafe7c7bef,billing,87243 Melissa Spurs,New Brandyburgh,VI,29049,US
87d83043-ee0d-4e5d-bc53-4430c59110a0,f58774f0-c824-44bc-b80a-837bd9d0ea15,shipping,816 Lisa Lights,Francisfurt,DC,21388,US
acc67b33-06d9-4395-bb1c-60d5497f3dac,4de7ad30-6bfd-40c5-bf34-b5117f5d20c4,shipping,113 Megan Court,Ashleyberg,TN,32300,US
17be2b8b-8f2c-419a-897b-0324cffa5dc1,dd88713e-81f0-49f8-80e2-7d010049428e,shipping,50604 Amanda Green Apt. 509,Jessicastad,VT,50667,US
30761b6e-9da9-41c5-888d-7f78cdd4ea6c,dd88713e-81f0-49f8-80e2-7d010049428e,billing,60476 Ortiz Glen,East Heatherton,VT,16306,US
fa809093-30f0-40f1-8c52-f4c83df82604,90567cf5-cfdb-4ea0-8b5d-e912962d2d76,shipping,8733 Jordan Branch Apt. 499,Port Hunter,ND,96670,US
0ed6f665-be7f-4b4e-86da-2a3d484eb2da,90567cf5-cfdb-4ea0-8b5d-e912962d2d76,billing,826 Lee Mountains,Lake Jacob,GA,40397,US
33cf2961-b084-490c-8618-3d29044cfbd7,18c900d1-df66-4239-b67c-dfb102b89aff,shipping,91863 Wilson Curve,North Jessicamouth,IN,10945,US
63661f82-8fb4-4e0c-9c5b-75ad30c3c04c,f37dfd67-aed8-41ba-8878-329f22584e36,shipping,9819 Brian Summit,Macdonaldshire,IN,72489,US
70d26a6a-4ac2-42e9-a453-a6995f2846a8,ea4815c1-1981-4cb8-92db-0c8b0e5f7526,shipping,98488 Mueller Park,West Lawrenceview,MI,87304,US
de8c3ca9-56e7-4034-b080-a79dd5814568,c76c6d90-eecd-4585-b942-66ad5ffc4a21,shipping,0638 Randolph Court Apt. 566,Cooperberg,IL,95521,US
826d3b79-fd86-47b6-9d46-dcc99f752d54,a8fee1f0-47f1-450c-b056-932e7dd023cd,shipping,81157 Baker Harbors,Port Kyle,MO,38092,US
081a5dca-a5da-49e9-b09e-4ed93a804a18,9529b71b-f3b1-463c-a5f1-5792f65f317d,shipping,6312 Patrick Terrace,West Jacob,CA,78959,US
64f00cb0-7d85-410e-9acc-966fe5c276bb,9529b71b-f3b1-463c-a5f1-5792f65f317d,billing,115 Joanne Ports,Jordanbury,FL,25790,US
d497cf25-ea02-4c8e-912b-9534b1c16a89,cb074f83-7c7e-4a20-bb11-f28e2034a5ce,shipping,58211 Carrie Estates Apt. 229,Lake Meghan,VI,16001,US
a639719d-a182-4e93-9de8-3723ba973743,355c8020-5bc4-4993-bb6f-3aae0af2eb0a,shipping,571 Davis Turnpike,Ethanberg,IL,46658,US
54023bd7-3446-4db8-b29b-fd7d29e686a2,355c8020-5bc4-4993-bb6f-3aae0af2eb0a,billing,2612 Renee Mews Suite 267,New Randy,CO,54960,US
80bfe532-0598-4e76-8f9c-c4b4d5a1bcf9,815f08d1-8364-4ba5-ae3c-2a957c1ea2fe,shipping,395 Connie Viaduct,Port Sean,FL,69363,US
3c7ccc04-b251-48d4-9091-5fd7eb338cd4,f42e71ba-b71d-4ad6-8800-5a128689ddcb,shipping,55137 Perez Locks,Lake Linda,WY,13682,US
84d8b436-bcdc-4dc2-9452-1db9e4964cb4,b4743cf4-2963-447c-b3d4-d5b0fe2aad84,shipping,44125 Sherman Route,Jaimeshire,ND,74837,US
6bbe5a32-4e09-4f72-801e-5df938fcc9e3,b4743cf4-2963-447c-b3d4-d5b0fe2aad84,billing,44885 Young Via,Ferrellhaven,DC,07787,US
aa1cb575-1007-4d1e-a3cd-8db6ba21380a,0e3504ca-b4a2-4859-984a-12f30769bba0,shipping,6822 Rangel Cove,Lisaside,UT,06157,US
a33cf0fc-bf48-4b5c-82cb-7c90b67080ee,e31d099c-416b-478d-8665-14990b82cbb3,shipping,064 Lewis Mountains Suite 117,Edwardsborough,FL,39158,US
485ee11d-5490-4d7a-bcfd-a38a2a67ab23,65bba503-cf5f-471c-9e31-c7d6005b9cc1,shipping,617 Katie Landing Apt. 653,East Angela,PR,00592,US
2b704549-9ac8-415e-8b32-4c5732615975,e31643f9-9299-4e26-8e57-9efc62114597,shipping,704 Nolan Shoals Apt. 529,North Patrickborough,AR,52846,US
d1d49cf9-4a21-49a3-835b-0b2d13ae0f0e,454fe762-bfe7-4b99-986e-99113714de7d,shipping,49906 Smith Inlet,New Carrieshire,ID,72147,US
038da71c-6638-4df6-80d7-b78085983fd0,454fe762-bfe7-4b99-986e-99113714de7d,billing,19792 Daniels Shores,New Natalieport,NV,06443,US
02d811b6-9969-4173-9f7a-3ffa79f7bbb4,bf36357f-6629-48fc-bf7c-b49801edb98d,shipping,0009 Parsons Cliffs Suite 693,Lake Laura,PR,42999,US
d5d4a791-8dce-4e4c-a466-1d3155fbad15,bf36357f-6629-48fc-bf7c-b49801edb98d,billing,9791 Jessica Bridge,South Mark,MP,59846,US
6f4021cc-1cf5-40da-afec-82db3c4f2c9a,9848a500-8358-4eb6-9695-202740f9495b,shipping,53013 Gary Green Apt. 087,Shelleyborough,OK,92297,US
a371aa27-3227-4784-b9fd-6f3d2ed8f810,9ec7c1d4-4661-43de-814c-e41401c7da95,shipping,22558 Tonya Prairie,Barbaraport,MA,25983,US
3f031aff-f8d3-4f1e-9e05-3e91dc7e4204,8f9e5c38-0e8d-4ef6-82e9-117e3e5b3e03,shipping,1866 April Harbor Apt. 597,Alvarezport,MI,88672,US
3c78f959-af40-4dab-a24b-2bff57aa441c,8f9e5c38-0e8d-4ef6-82e9-117e3e5b3e03,billing,6768 Ruiz Inlet Suite 791,Reidside,SD,06619,US
648165d0-34e5-4f9e-ac6b-f60ff76540c6,9c75b9a3-583c-4286-b34c-19df499faffe,shipping,747 Bailey Port,Jimenezfurt,NM,39626,US
a2e37a3a-b490-4af0-9075-15328bb8165e,9c75b9a3-583c-4286-b34c-19df499faffe,billing,766 Sanchez View Apt. 215,Christineport,MO,81904,US
e3fd85ef-181e-421c-bc7b-12d79da927f7,3779ac7f-b27b-40ed-931a-32377abc081c,shipping,86607 Saunders Freeway Suite 133,Lewisbury,WY,53744,US
34c9a619-834c-454e-8ff1-c134d182cfa1,86cf8d64-ba9e-4246-a2f0-441d9db888e2,shipping,220 Cox Radial Apt. 540,Lake Staceybury,VT,17047,US
d16b14b3-8978-4a5d-b8b1-d5042ae73e22,c1eebe9a-a1a5-4b70-984e-04d264ab2532,shipping,3457 Coleman Canyon Apt. 476,Sarahfort,ME,91000,US
cad11c1a-d0b4-449c-8dd3-c6b0b8d6edc7,968c4c15-e6e1-4a9d-a61e-9492627a24a6,shipping,4390 Shaw Stream,Maystad,GA,23684,US
17c82ac8-80f3-46b4-ad09-0d42dcc08eaf,2df5af6f-0903-499d-bfbb-26d408ac16e8,shipping,5637 Black Square Apt. 668,East Katherineborough,DC,30012,US
b1e6387c-53cd-4698-aff2-72545e9988d6,55311ed8-bf33-4c64-b730-6b9b7a378c5c,shipping,355 King Mall Suite 109,West Ronald,VT,06057,US
83acfd09-5310-487a-a759-cb2eef5a4c7d,3881c0fe-c222-4174-a083-37bc9847fc00,shipping,03579 Nicholson Tunnel Apt. 448,Brookefurt,CT,26621,US
0ce62a42-ebba-4a8b-ae74-65dfd340a10f,3151a26d-10f5-42da-951a-3050820a84eb,shipping,15940 Christian Garden Suite 971,Jonesview,OK,84069,US
20fc0488-1848-42ef-bd2f-176855771ae9,53ee4dea-8dd8-4c9d-9a48-fb810706e625,shipping,2065 White Lakes,South Davidburgh,WV,67048,US
ea9e1786-395e-4d68-a225-0b82c1898f2d,d44bc895-daac-4de2-970b-7446e2d3742a,shipping,50289 Carrillo Locks Suite 547,Johnsonberg,NC,75205,US
1c7d7868-1057-4a54-8868-9fa438051438,2ee7c7f4-fd1d-4015-8c44-3076799e2794,shipping,08433 Glenn Spurs,Wrightside,NJ,26284,US
99cb1f57-707d-417a-8807-8944c727c10a,2ee7c7f4-fd1d-4015-8c44-3076799e2794,billing,090 Brewer Field,New Robert,WY,72977,US
a838b797-8799-4161-b879-aeed935ce7c7,7098a536-05b6-4c4b-b4fd-a42a6ee8a297,shipping,905 Christina Forges,Port Kimberlyfort,KY,44737,US
c3aa1e5e-267d-405a-9a69-d19af6e2b9b2,77fb4ef2-ab98-49c2-ba9f-57dc2172aeba,shipping,828 Allison Fords Suite 519,Rodriguezview,VT,72285,US
8a60c41c-8bd5-4ea2-9791-201e083c688b,fa716689-a427-47e2-a2fb-8afa7134b640,shipping,362 Taylor Dam,Port Katherine,GA,35266,US
d4b0cf8b-ee3a-4460-879d-990219924747,cb934621-7c71-4833-a4cd-7f83d36f5bc0,shipping,946 Holly Manors Apt. 020,New Devinmouth,PR,43866,US
4a2020e4-4132-4315-bad5-438c9fb9cb3e,92ed0656-01b9-43b8-8968-0885d55a6331,shipping,4708 Moore Locks Suite 523,New Derrickchester,AS,02955,US
de410cce-11db-467f-b7cd-c88f1295a33c,259ed5bc-835f-44a4-ac4b-645fca029dac,shipping,330 Brian Camp Apt. 711,Morseton,MP,98772,US
0f26e966-5f06-47b5-bd97-7d60f66d8d7a,fb865f31-6112-498e-a0b9-df1e24dd0cea,shipping,699 Mark Mission Apt. 149,East Matthewland,WI,77250,US
e79d3f35-4caf-462b-ae41-ddea8be0995f,fb865f31-6112-498e-a0b9-df1e24dd0cea,billing,543 Hancock Pass Suite 158,Rodriguezmouth,VA,82211,US
c1fb30b3-0dd2-4bd4-942f-21dd67cdb39b,611abdfa-ed3e-46c7-83fa-1a55ce27934f,shipping,678 Scott Squares Apt. 233,Edgarville,AS,16397,US
95ff6955-950c-4f63-8b5d-1fd01f84e44c,9555dc84-1b96-4d56-aec8-174cd9376e4d,shipping,726 Regina Canyon,East Angelaport,TX,25492,US
da6ab3f2-3b8b-404e-bde8-30e603569428,9555dc84-1b96-4d56-aec8-174cd9376e4d,billing,0408 Sarah Curve Suite 327,Valdezside,AZ,12372,US
8afa938e-ccf0-4db6-8d73-53a9b3537038,2e0106fc-c971-4cd5-888b-343993dfd7da,shipping,871 Ian Manors Suite 660,Sextonburgh,OK,61694,US
fd4a61b8-3ed8-412c-9ce7-4b00413c8019,1b14f3f1-0a7a-4fc9-b0d4-3fd4c5f3f751,shipping,313 Li Shoals Suite 262,Willieville,MI,13371,US
4fa3dca8-1d56-4229-b177-898c86479063,1b14f3f1-0a7a-4fc9-b0d4-3fd4c5f3f751,billing,109 Sullivan Mill,South Dawn,IA,78060,US
5eecc13d-23fb-43d7-82d2-21efaa020a19,12e38dd3-3d99-4f3f-89a4-15b534b72032,shipping,7715 Russell Haven,Stevenburgh,LA,33933,US
ee1074da-32ae-40d0-980f-3d548782f0ec,f8cce1f0-bfc6-4856-ba99-f3d24dfa7848,shipping,5038 Theresa Vista Apt. 757,Alvaradoton,SD,01543,US
8a00d63f-c66a-4cb9-9274-0bd44d345698,9c30bcfe-2e28-4986-9e23-9bda9e42d362,shipping,8310 Stevens Villages Suite 052,Lake Johnnyborough,AK,53938,US
aec2a945-e10e-4ce8-8d9d-316c7204a41e,9c30bcfe-2e28-4986-9e23-9bda9e42d362,billing,61120 Stephanie Camp,East David,LA,58179,US
b4aa40ec-0603-425a-bab2-9e69b7b16240,3e3a374e-8ed1-48ec-8e33-dc8f23e22efa,shipping,350 Scott Unions,West Kristiberg,IL,67349,US
30a44c08-313d-46bf-bd2c-3c05fdab9d7c,a6aba555-3dc5-4ebd-932a-d53f7346aa8b,shipping,8191 Daniel Glen,New Geraldtown,VA,77030,US
b8a78c4b-86af-47fa-9735-a7c59109182a,a6aba555-3dc5-4ebd-932a-d53f7346aa8b,billing,1019 Thomas Crest Suite 764,Shawnport,CA,76552,US
a89c61b2-6a34-4682-9361-1cdc2ae5325f,83f13dc1-9c26-475f-8ac2-d2fc9724c27c,shipping,7546 Williams Mountains Suite 856,Joshuastad,NV,77018,US
16b1f5cf-0ca8-4dff-992d-abd7ac995059,b087a9f4-0cd6-4fc9-82b6-d63162296de9,shipping,2783 Ramirez Mews Suite 960,North Loganstad,OK,20965,US
cfb54a99-9275-4f63-aa1f-d23af380079b,da58e373-9651-4a2f-a156-d084861bf5ff,shipping,1736 Alice Mall Suite 786,Troyfurt,VA,65056,US
68ed1157-9e12-45f2-9e16-09423d0db303,800198ab-2cde-43a6-9edd-0bff60f4a286,shipping,460 Edward Island Apt. 773,Christinaton,ND,33951,US
d58687c0-95c4-4cf2-8196-aed25114570f,7d2c3cc5-169e-48bb-af50-0a591f142a68,shipping,6319 Miller Track Suite 285,Lake Christinemouth,FM,29881,US
d73351be-e043-45e1-b588-1897f4c43e30,6499ea61-fff2-4635-9632-73f50cdc4f81,shipping,54680 Tucker Drives,Matthewville,MO,67792,US
215ceea7-f56c-48e8-9f74-6945df590459,6499ea61-fff2-4635-9632-73f50cdc4f81,billing,5574 Jeremy Fort Suite 852,Howardshire,MH,18997,US
cbd85efa-0146-4e01-997e-9b47deac4a55,305e5a04-2d89-407e-a77f-a374db97db9b,shipping,537 Ricardo Ridges,Velezton,MA,58969,US
90bfb8a6-6013-4a36-801c-a75d3fed460f,b19aef42-b74d-426b-900e-8697c6eefa19,shipping,89758 Dickerson Vista Suite 920,South Steven,GA,01118,US
8ef91f63-db66-4c60-af98-a75183e7f34a,b19aef42-b74d-426b-900e-8697c6eefa19,billing,39416 Richard Lodge Suite 233,South Matthewfurt,ME,46744,US
1561e7ad-9621-492c-aec3-362c665e179f,a98309a7-24ab-42d3-bd5c-1ca085a4b510,shipping,118 Sarah Parkway,East Christina,WI,78844,US
d8a729ae-60fb-49f4-bc46-83c9f78a6184,a98309a7-24ab-42d3-bd5c-1ca085a4b510,billing,306 Lara Neck,Vegaton,ME,07333,US
31d81143-4666-4196-b066-ae0b2016e6d6,3a30e749-c09a-4325-9871-8bcdeeef4d11,shipping,92827 Lisa Plain,Lake Kimberlymouth,ND,94983,US
8c36082a-3fdc-4722-b545-92fe9f9b3646,5d789454-0def-4ab7-b672-6bdae436741a,shipping,93858 Jacobs Views Apt. 996,South Kathleenborough,KS,02250,US
232477cb-ed19-4422-96b6-6a5308d808e7,0bf51b94-f96c-42a9-9968-3e3807e988ce,shipping,6529 Timothy Tunnel,West Heather,PR,25322,US
8d0d6f80-edb1-4ddc-99fc-e52bfb29e661,a9f9ca8f-2857-4733-a803-4020ca6221d5,shipping,621 Joanna Rest Apt. 873,Tarafort,AK,59102,US
a6767985-dc7a-4e18-8cd4-5607a8fc7b60,a9f9ca8f-2857-4733-a803-4020ca6221d5,billing,9974 Lisa Centers Apt. 147,South Mark,SD,58365,US
b59a00fb-74db-4528-b0a0-178b6350591c,ee067b16-56cb-4803-bf19-60ce19f0e9ff,shipping,494 Vazquez Isle,East Thomas,LA,16102,US
c6fe021d-17fc-472c-a21f-18485c149ac5,ee067b16-56cb-4803-bf19-60ce19f0e9ff,billing,30556 Cheryl Corner,New Jennifer,OK,05695,US
07b8c253-277f-4890-978a-d1f141cd3b10,f53e0e1f-f077-43d5-b46a-e1e7c3c05ead,shipping,13528 Savannah Mountains Apt. 384,East Josephshire,WY,70875,US
75b24c37-da3d-4637-9afa-d1ce3ab44334,3a0ad3b7-b57a-496c-ab90-5031041a8325,shipping,92742 John Cliff,South James,OH,25320,US
761d0651-0c64-4a5b-887d-6bef158144cc,3a0ad3b7-b57a-496c-ab90-5031041a8325,billing,83416 Nguyen Mission Suite 314,West Valerieberg,AS,81107,US
31fb606f-f6d4-462d-b54a-789065315210,dc63812f-06e0-4826-a493-7d1d448a80aa,shipping,976 Danny Trafficway,East Jameschester,KS,88931,US
960b9a02-02aa-4b33-9d16-bdac67f9aeec,4669d188-5124-4f6e-b48e-a0c52825c49a,shipping,650 Velez Prairie,East Lisaton,DE,64968,US
b4d0da29-4c8e-435c-9cfe-581baae2a273,36be2acf-ba7b-4f8b-956d-712847bf5c8b,shipping,296 Hughes Meadow,South Carriemouth,PW,65203,US
b5f7693a-ef22-4c0f-b476-e87289373d59,f17cd80c-0a2b-4d12-9a59-3fb465a6db9e,shipping,661 Gabriel Burgs,Port Gary,MO,10638,US
3313a6c6-460d-43f9-a7e5-c8d32a32d14b,718d30e0-622f-446c-adbc-0ff1865eec93,shipping,88216 Kelli Valleys,North Dakotaburgh,GA,69563,US
7aafbef2-54c9-42d2-824c-bbce2bca2c66,a21656e5-49ea-45e8-862e-6490dc2ec3fa,shipping,747 Mike Garden Apt. 747,Lake Jenniferview,NJ,22676,US
67415876-a48d-4fc5-b371-9d009b16ce85,c95bcf14-5ea3-4a8a-a6a2-a6a02adbc8ec,shipping,363 Morrow Fords Apt. 588,New Lindaland,IN,02037,US
8f033db9-9c23-4b50-9fa2-d2d1cf42950c,c95bcf14-5ea3-4a8a-a6a2-a6a02adbc8ec,billing,967 Aguilar Trafficway Apt. 525,Hammondtown,DC,76101,US
3c9bd55c-7f0e-42e5-bd46-5919d522cdef,b92c18bf-01a9-4f4b-9792-279f90c201f7,shipping,0448 Johnson Forge,West Williamview,MT,90063,US
67364e29-fb23-4703-9686-d2f8aacbc11d,495c67fe-0d82-4995-bd44-578a67d58dc6,shipping,2044 Philip Trail Suite 003,Romeroville,WV,80559,US
1ed2a0e3-2d53-4f26-bbeb-7f64d54199dd,9b87e3e3-6789-435d-a033-76ad5979066b,shipping,788 Matthew Port Apt. 612,East Toddborough,TN,62911,US
159e2a3b-f227-4e31-bd1f-fb17afc91976,bb14cc49-7aa5-4ee7-a982-67b358fbaa8f,shipping,08122 Cassandra Lock Apt. 536,Robertview,IN,56293,US
7b57cf7b-5b91-4037-9d3a-91402a1b10ed,3d0c9019-61dc-4939-b0e5-fd5e2cdd9ac4,shipping,5997 Lowe Station,Curryhaven,WV,78749,US
b891a43e-194a-45cf-8e35-49e415796808,1cc33c96-42e3-4b1f-9ccc-4b5f2184c39c,shipping,46463 Joshua Isle Suite 211,Williamsfurt,OH,26102,US
7ddffe02-c244-4f19-8e90-5e17ec8edc40,6d46a706-d202-4e92-bc7f-aa22eefae59b,shipping,254 Alexander Path,Bradleyshire,MI,95628,US
cf38365c-c9c7-4172-be7f-1b59d20b0a6f,6db07a3a-68e5-46b3-8322-c02d97c35be5,shipping,768 Christopher Centers Suite 235,Michelleborough,NM,72814,US
b7f1195e-61a4-4750-beb5-77932cbaeee5,5facf238-9539-4e70-ba9a-b8586fcb2831,shipping,1933 Castillo Ways,North Kristina,KS,79460,US
554d6afe-a9c7-4aa8-893c-d542efe9b305,9bcb495d-3fbe-4ad0-9489-104861701977,shipping,648 Walker Burg Apt. 674,Cortezview,SD,20136,US
21590daa-ad09-4e0e-8c84-ccd4f85805f4,293b267b-c623-40d6-b8d8-9acb2d6f21c4,shipping,44840 Madden Tunnel Apt. 321,Christopherview,NJ,77978,US
6145ba19-0fa2-408d-b605-6f4a9befda82,293b267b-c623-40d6-b8d8-9acb2d6f21c4,billing,67854 Patel Plaza,Jessicaburgh,AK,79190,US
09ef686e-9f8f-43b7-a479-e753e0b763bc,533f430c-5b3e-42c8-8e7e-920512a489d9,shipping,14672 Michael Plaza,Taylorview,FM,77578,US
9ba262ea-deeb-4204-b950-42e11c95d333,b727d88a-3ea3-4c4d-a0c5-5a93ec271305,shipping,3282 Villegas Square Apt. 213,South Diana,TN,35212,US
edf23309-b1c7-4282-8765-c924768efaf7,b727d88a-3ea3-4c4d-a0c5-5a93ec271305,billing,00953 Tucker Mission,Lake Matthew,MD,05191,US
4edc83e3-9dfd-4502-8825-e9e9ff182de8,c77a98c9-efd8-4a3f-b03b-b46bb8283c3a,shipping,1036 Rosario Locks,North Andrewside,PW,81056,US
d9e34539-6f14-419e-98c5-f9c294a2abda,c77a98c9-efd8-4a3f-b03b-b46bb8283c3a,billing,714 Wilkinson Points Apt. 255,Donnaville,OR,37895,US
8533b7d0-ced7-4c8d-b3bc-e7d06704f203,1dd5e6fc-1121-4c0b-9879-d2c0eeb27c3a,shipping,343 Joel Lodge Apt. 912,Bruceburgh,HI,99203,US
86f221db-7062-47d8-83be-870a5eb86bcb,d7481829-81f3-4122-8688-751b775ce270,shipping,7471 White Estate,Christophermouth,IL,54113,US
2bfacc22-3c6d-42a6-8662-5b09a4dde4c3,ebecddda-37b7-499c-b8b7-0db576b6add3,shipping,84086 Vance Plaza,Mercedesfurt,CO,46020,US
10d50121-2600-4c85-bffa-06d90f04f6e1,4048ddd1-a80d-4b4a-82af-927fd2bd9605,shipping,92850 Joseph Points Suite 959,Wardmouth,FM,77422,US
9a02433a-0f32-48a6-bb07-d9f1c415fff5,ec057115-f1c3-4d61-9b48-8d3bae736db2,shipping,9360 Kennedy Curve,West Timothymouth,MD,58784,US
113d5abd-7e33-44f7-8812-07b911ad470d,ec057115-f1c3-4d61-9b48-8d3bae736db2,billing,69849 Mitchell Shore,West Alyssa,GA,14863,US
0fd524a8-fead-4636-8e8a-3446ea634c2e,9b64eff6-4125-47ae-9b33-99d7a0ebc769,shipping,322 Ashley Mountains,Chaseburgh,FL,52326,US
dfafba89-c4d9-422a-b402-a3393c199015,9b64eff6-4125-47ae-9b33-99d7a0ebc769,billing,16568 Kevin Path,Longfort,WI,58577,US
26d03f50-562d-4bb4-b764-bc79cc1098fe,54384ce3-72d5-49e8-8a8b-d725fa5e1d4f,shipping,2148 Lopez Rue,Andreabury,NM,12684,US
ea73e648-3737-4f84-9744-184a1606be64,68093e41-c9bf-4b5e-aaa5-e622168f49f2,shipping,510 Morales Lakes Suite 704,Lopezbury,MN,49352,US
25db61d3-97c7-41ad-beca-1c6e096df135,aea22e7a-df4a-4887-8a0e-67da18ff85b3,shipping,262 Wright Mission Apt. 452,Pricebury,PA,82939,US
e83ae1bc-9643-435e-ac06-042c0b035fc5,898963f8-4af7-4613-8220-39726ed21df0,shipping,7215 Graves Ports,Port Brenda,VT,12128,US
81cf9aa1-8caa-4e7b-ac3b-2de0c53d2446,dd2e21c8-1678-4630-a1d7-981c39fa533f,shipping,75419 Farmer Avenue,Michaelfort,NH,79898,US
c2ade46d-b6a9-4b3a-ad10-a0184d69b02a,9bb27499-8e5a-46ad-beba-7ad71852c4d1,shipping,4283 Stacy Knolls Apt. 121,Michaelberg,NM,22468,US
6e07e426-6915-48be-ba53-44288763fe06,bd7d48d0-b7b7-4129-8b7d-6c93b8db8297,shipping,3256 Walsh Fall Apt. 218,West Brianna,MO,07041,US
d6c2ee89-c767-4024-a582-fabf6ad2b048,bd7d48d0-b7b7-4129-8b7d-6c93b8db8297,billing,89524 Katherine Stream,New Jennifer,MI,93748,US
647af7ba-4ade-4a3d-b636-3166900089f3,6211c3b2-38ae-4d13-993d-f9cfe316e0ee,shipping,673 Robyn Mission Apt. 996,Taraside,DC,42116,US
6f4c3621-8cde-4184-b870-4318c292f145,b31dff56-3c72-4392-a207-b47ed572a0ba,shipping,6497 Nancy Lodge Suite 158,North Rebeccamouth,MN,10102,US
4278ddda-4c59-4c7a-8802-5f834af91e28,2c7deaf2-7526-4542-919a-bab4028ea289,shipping,886 Fernando Cape Apt. 085,West Robertland,TN,29334,US
7bb8706b-7dfa-4e1e-863d-808b092b712e,a6ca1210-4d71-48d4-9f86-4362f049e1fd,shipping,62213 Thomas Street Apt. 400,North Jessica,OH,85850,US
0210b54d-4810-4cd6-8a1f-9ca0f733db25,d61e8ad2-7862-45cc-8c4b-2e4ea3436f3b,shipping,205 Seth Plains,Jeffreybury,ME,31954,US
d193b4ea-9778-49b8-b856-0d63c642cc25,d61e8ad2-7862-45cc-8c4b-2e4ea3436f3b,billing,844 Pham Turnpike,Joyceport,MI,43789,US
e7cad6f8-c0af-4bc4-b0e1-a9a774c394a1,a79bdde4-25d7-4372-bbfd-e8dcfb4c1ea1,shipping,50296 Amanda Station,Ruthside,MA,12377,US
98d034b0-3f9b-4bc0-9291-5b0c457ba8c2,074870d5-fe75-47fd-881c-0c15ae24ee00,shipping,77002 Keith Mount,Larsonstad,WV,54415,US
2d64f5ce-8124-4129-8c4d-1e59460bb4d4,074870d5-fe75-47fd-881c-0c15ae24ee00,billing,0697 Stephanie Row Apt. 917,East Sarah,HI,39339,US
8d9c816c-af0f-4fcb-9b33-99e48c089a48,1213b5c5-efc5-40e3-bfce-ef678d8e78ce,shipping,9686 Christopher Fords Apt. 614,Robinsonfurt,WI,16778,US
25ce1128-6726-48e5-9138-eef45329d8f4,d384471d-be27-4ace-ac6f-076c754d628b,shipping,0902 Taylor Gateway,Sandrashire,IN,24691,US
21b5a972-b575-409b-b091-01f7ec526a16,0f3209eb-c8c7-40a0-9157-a719c698631b,shipping,4757 Pamela Vista Suite 061,Carterbury,HI,72839,US
64188b50-4c37-46c0-acf6-434f35b8ff25,0f3209eb-c8c7-40a0-9157-a719c698631b,billing,261 Fox Path,Lake Patricia,CO,68841,US
ea9ab0f7-7486-4548-8d8d-63a47d46404c,98fc6aa6-1654-4c90-a0f5-34a116a8fa00,shipping,77994 Galvan Cliff Suite 766,Olsonburgh,UT,79185,US
a82b6d01-4770-462a-bf2d-296e92c8a0f4,98fc6aa6-1654-4c90-a0f5-34a116a8fa00,billing,5022 Levine Bypass Suite 542,Williamsmouth,LA,93927,US
eb77f7da-69b0-42c0-8bc9-5a844989f273,fb2beecb-30c3-401c-b319-a73ae375a2c3,shipping,00873 Farmer Fall Suite 627,Davisstad,IL,13192,US
8d540d31-b159-4aa5-8f61-0b835cde6744,53903faf-3a0d-4e01-a7b1-3f70a4cb5ff1,shipping,65324 Murillo Brooks Suite 181,Wongborough,IA,24170,US
b579c83f-3acd-43a4-b46c-3422a44fa8ef,ebb2e482-ea47-4f72-841c-12b68a4d9470,shipping,59759 Joy Forest Suite 461,Stephaniechester,NJ,57865,US
ec52f8bd-9997-4c1b-a8a4-4cc014cc3654,8a1440bc-f98e-4a04-aa2e-fbf84ab3b247,shipping,046 Shannon Meadows,Franktown,WA,64816,US
4f57c68d-f2c1-4cd9-a897-cd4d6bc6b7f2,aea2bb9f-c660-4308-8d42-1ee9022774c3,shipping,9481 Jackson Springs Apt. 097,Johnberg,ID,99633,US
df36500b-2768-4f0b-a62b-48cd2f86af39,aea2bb9f-c660-4308-8d42-1ee9022774c3,billing,100 Harding Harbors,Lake Craigberg,GA,90397,US
c9dbbf4c-866d-481e-a34e-558fbf084346,eaf69da6-bc32-44aa-bfad-e45bdc2f5a22,shipping,372 Armstrong Oval Suite 594,New Andrewhaven,AR,44663,US
119f0c51-ee41-47ce-b22a-d2a2ac50ee50,eaf69da6-bc32-44aa-bfad-e45bdc2f5a22,billing,80224 Molina Track Suite 915,Odomville,FL,90162,US
edb58b07-1fa7-4a6c-a7c8-5a6d8fffd987,59b6b1fa-4bd4-4ff2-9daf-47af8916a88b,shipping,5094 Wilkinson Summit,New Dylanville,AR,52483,US
59111017-e0bd-4b28-b5d9-3d32493e74f5,59b6b1fa-4bd4-4ff2-9daf-47af8916a88b,billing,718 Kevin Mission,Warnerport,KS,66586,US
35ee2dfc-3a66-4c97-972c-6dbc24d184a6,955db3ca-784c-4c3f-a8bb-ddb8c3364d54,shipping,2828 Perez Summit Suite 621,Gardnerburgh,IA,84346,US
42ee5b53-0be3-428c-b684-1a5be708133c,89daae96-befb-4c81-82b5-cceac74b3e48,shipping,1781 Stephanie Gateway,Adamfort,IL,50120,US
4f3793d9-99e5-4daa-86c7-f4d315572eeb,8cac2d1f-88bf-486d-b1ca-daa241e4885d,shipping,15422 Mary Forges Suite 499,Dorseyshire,WA,64408,US
674f103e-9fc1-4678-8ef3-029a08ede1ab,78761ff8-f39d-4d5e-8a50-b2db29eac42b,shipping,5902 Kimberly Cliff,West Nataliechester,WI,38906,US
0142be49-f079-4f48-949c-8ad181da2a57,aa2c2574-ffa2-453d-8d00-a95d36b24acc,shipping,4212 Bobby Ridges Suite 348,New Loristad,ME,08268,US
2396c01b-1415-4670-ad99-c7e2e9c39afc,6e586975-08c2-48ad-9292-91e743b43268,shipping,99911 Baker Stream Suite 431,Vanessafurt,NV,16763,US
be2267c0-034d-45d0-ba06-a6eed2af6b31,c3cfd38e-fb7c-4944-8981-beefe411eaa2,shipping,013 Michael Tunnel Suite 483,Paulfort,MP,97100,US
eeb17f70-6bfc-412b-86d8-3ab6ea927756,c109f3d5-a8c6-4235-8160-3759b0df1b7c,shipping,55237 John Corners,South Zachary,NE,01512,US
64edcc91-f364-4031-b2d6-78e28c5ab65e,02a1c2c0-993c-4287-b3a2-2f1ea657aa08,shipping,479 Holmes Divide Apt. 714,Veronicastad,VI,72171,US
8f319174-7dcb-4815-8a4c-6e6edd2957ad,fe19931f-a1e5-4885-9d5b-1b600700fa3e,shipping,08289 Rodney Forest,Gutierrezport,SC,22415,US
cc0a9146-f136-46e2-9bd2-e5edfd5ba922,70b32ea5-f2df-44d6-8738-29e13824b704,shipping,65654 Robert Pike Apt. 097,North Michaelmouth,MT,08185,US
dfb15542-d003-4f20-b910-8c51bc4ec558,87e73e19-5e9e-46b5-a523-5784d2ffa139,shipping,81226 Luis Way Apt. 011,North Christy,RI,97711,US
35aebc28-aebb-4146-b2d2-e09391f4e5dd,429f3d1b-188a-4033-ada5-6192cff94377,shipping,85472 Ashley Plaza,Johnsonchester,WY,29311,US
f802401d-a7a0-41d4-a7eb-8f6149e9d551,104893ed-ab50-48bb-96c4-78dd61dda4c7,shipping,29495 Sarah Fall,Port George,TX,88294,US
8d7f76df-5d7c-4144-b43b-e83bfe795bff,da5ccf3f-9f2a-41f6-9cb0-99d56342edeb,shipping,76861 Priscilla Passage Suite 685,North Christopher,PR,51619,US
041c9614-587e-49b9-adc4-fceb50d2e78d,da5ccf3f-9f2a-41f6-9cb0-99d56342edeb,billing,403 Smith Spur Suite 379,Beckmouth,SC,29903,US
e79bcb29-33cf-4a01-92ec-a7797068d201,632d77f0-70ff-4ae5-911e-d185d51223e9,shipping,3857 Wanda Oval,South Jessica,PW,73997,US
bc1bbb5a-4d6a-4431-ac5d-72d1d887a10a,632d77f0-70ff-4ae5-911e-d185d51223e9,billing,76890 Williams Mill Suite 941,North Gregory,ND,01180,US
1584be03-4867-429b-9060-e317a14082c9,b77e2d6e-8c14-4fbe-8a75-0a862613c939,shipping,703 Felicia Road Suite 525,South Kimberly,HI,07932,US
302a32bc-8fac-460b-9622-e61972436b8a,e27b6c00-0d0e-40d9-b9f9-4b0e14decde6,shipping,437 Hahn Throughway,Port Matthew,CT,15914,US
f8a37017-c68d-49b9-afbe-3c98f99eaadd,e27b6c00-0d0e-40d9-b9f9-4b0e14decde6,billing,4064 Justin Roads Suite 207,East Brent,ID,01579,US
680aa02d-f76b-49b4-86c1-ee252d8e11e3,1e13e523-4899-4c2f-bd4d-10a142131c55,shipping,04598 Brown Mall Apt. 486,South Jodi,VI,21996,US
8fa499eb-6ab6-43f8-bab4-39542687456b,67116176-f556-4e56-a82b-2baf10567129,shipping,500 Brandy Alley,New Andrew,KY,43846,US
1e653509-3f12-4174-8f5f-8781d8242acb,742e8234-bf3f-4955-b3b9-ac2ab98e3ba5,shipping,40890 Jacqueline Mountain,Sierraland,AS,66743,US
4e0ba6b7-8a1d-429f-8e7a-19d40e9c9873,925de922-44fc-40a5-b8e2-c1d308aa5fd1,shipping,74333 Medina Divide,Bettyland,CO,59272,US
49ed56e0-7bb1-4178-8117-7360165a517c,e26d641c-9a1a-4f49-a603-d441c5cfc66e,shipping,993 Tammy Drive Suite 592,Staceyburgh,MI,40526,US
feb1d9ff-29f3-40be-9e19-a6e83efbb3da,adc2c3f1-9d8c-43ab-bba4-513986d74593,shipping,6503 Adrian Estate Apt. 468,Wilsonberg,DE,12407,US
cc7c8da9-30ff-4b61-a7f1-4c9c2be0365a,052cf0e5-f85f-484d-8d20-0ae32ec1a8f4,shipping,437 Nolan Park Suite 689,Ramseyport,NM,30157,US
ced88a79-a91a-43a5-90de-5aedebbe2589,0a40c1a2-2962-45a2-b623-c85fb383116c,shipping,931 Donald Isle,West Stephen,CO,46900,US
88c7903b-5830-43d9-8494-845a566d68ef,57a94705-c955-4fae-a0c0-1a803088e822,shipping,852 Terry Via,Richardmouth,MD,08691,US
4e68b3b9-e530-4d7a-b25f-b14fa3644f7c,57a94705-c955-4fae-a0c0-1a803088e822,billing,92210 Cross Ports Suite 581,Gordonhaven,GU,68448,US
63ca0889-f2ed-448d-8a0b-433a7cbf9698,3bc34170-c38c-4ae8-853d-8d5ce7a48373,shipping,7789 Patterson Court Apt. 356,Cruzmouth,MN,36236,US
9cde1299-1aa3-46dd-ad84-a226d31f70eb,bcf67ca7-ea36-4b46-903f-d2b44458fa40,shipping,69710 Davidson Crossroad,Toddstad,ID,14225,US
4088734b-aada-4f5f-94d2-f5bbd5ab456e,b834d1cd-c110-460c-ad4c-d1930e3b0db9,shipping,11329 Cannon Wall Suite 485,South Jeffrey,GA,53414,US
38890d71-f301-4c77-8c65-34067def5f98,ca0c3c96-4db7-4d01-99e7-3e8cc7fd2c19,shipping,0780 Ward Meadow,Briantown,NJ,69397,US
90fb2cd1-72a8-4603-93bf-ca35c7f878de,4e516e03-558f-478b-aa61-970b8c4d9562,shipping,99098 Peggy Grove Apt. 837,South Bruce,MT,47359,US
60e3d50d-7fff-4d29-b059-73803c9b316c,19bbca0c-d124-4486-addc-aa8ceb57b3d4,shipping,215 Thomas Inlet Apt. 545,Lake David,NC,50484,US
4fe195df-5af5-4a89-b148-9c889a9d2506,264fff85-c73b-4838-9b46-fa9633297b86,shipping,6124 Caitlin Forges,Larryland,MA,04283,US
1c28ecf6-4559-4770-bb98-3b17192b0d8b,9eb65170-2a5a-4685-9ca3-1d60468ba5f8,shipping,24632 Barrett Estates Suite 101,Wardland,WA,41244,US
cea91232-522a-4084-823c-d7d0482297a2,cb40c15c-2006-44a2-9783-d02dc3986c74,shipping,84748 Clayton Union,East Amanda,MP,15831,US
af30138d-0bed-4574-8f2c-2925b76e76e8,cb40c15c-2006-44a2-9783-d02dc3986c74,billing,4691 Larsen Course Suite 165,Jamesville,WY,72851,US
cf4bf70b-8efb-40b1-8da0-c45144e1e839,96cf85e0-e234-4410-85ac-c35e296e325b,shipping,18517 Wilson Walk Suite 712,Port Mary,NJ,24435,US
cd4f8552-ab3b-4404-a102-bf6869f51fc9,db38d234-2f23-4f44-b591-181aecad89f6,shipping,9766 Garcia Underpass,West Nicolemouth,UT,02685,US
a5f83b9a-459e-4ab2-a0ba-8db999c1a712,3e267a69-ff31-44c1-8e84-e822cca99424,shipping,18677 Myers Wells,Patricktown,CT,94298,US
52b5eb4b-584a-4359-bc84-48fc56917d5f,b073137b-100d-4c72-be07-9fe9ce922c34,shipping,092 Andrews Brooks,Murphytown,MN,67355,US
c4c9ab3f-a16e-461c-8e49-cdd0013e2f7a,b3a7ee68-8627-4036-ae12-41b98062f5c8,shipping,2372 Prince Prairie,Lake John,HI,02603,US
29bd6d5d-f732-4226-ae03-cf603cda0581,b3a7ee68-8627-4036-ae12-41b98062f5c8,billing,365 Melissa Road Apt. 792,Garrettstad,MN,64733,US
ba7bd024-16d2-45f2-9c73-bcd586aa9b88,4daefd1d-ce0c-483d-bd5d-8c908ea38b04,shipping,9971 Amber Vista,Rogerborough,IN,90325,US
5da51de0-4909-4c77-93ef-fdc80f469567,12420215-9d93-4ad1-9732-06390cbc2f2f,shipping,2771 Geoffrey Walk,New Kevin,CO,55405,US
b86c4640-75bc-49fe-a882-e70520e5f931,1b3f9785-dbfa-4211-81ab-9a75055a7d63,shipping,04870 Holly Stravenue Apt. 408,Lake Donald,WI,08439,US
de68ae9b-99cb-4acc-a125-21254e2c129c,353ea7be-5c4e-419a-9733-59e8d9d222ee,shipping,0566 Heather Lodge,East Bryanview,ND,42210,US
8f43b0c0-f783-40c1-9a5d-c1c993e06057,ad094de6-ba95-4c4d-a964-e90fa5add36a,shipping,96272 Jessica Pass,Michaelland,WA,06054,US
29224d27-ea29-48c6-b78d-f174d91beaf4,31bdb228-0c20-40da-8695-22d869721525,shipping,538 Jessica View Apt. 016,Robertsonton,NY,97676,US
ccb2bb2a-d11c-47c0-9c4e-039d7813da1e,5bbbce4c-9e38-43c1-a233-cc1757370afc,shipping,75719 Cook Mews Apt. 590,Phillipsville,PW,04817,US
9cb34f29-4d7d-4d33-a4c1-a12af269c2dc,5bbbce4c-9e38-43c1-a233-cc1757370afc,billing,312 Miller Squares Apt. 279,South Edwardmouth,VT,82407,US
4eebf568-516b-4ba8-bec0-3d48cc2a92ab,0091df9e-0a9e-4f92-bafd-5836f1484c1f,shipping,213 Pamela Radial,Sabrinastad,GU,83225,US
e2424a1c-2702-442a-92c0-637a0f0682ae,3b849c23-5ab3-412e-9355-7759155c492a,shipping,2045 Smith Turnpike,New Georgeborough,SD,39799,US
be05c3a0-0ba7-40a0-a5c2-d95f22c2a1a7,efb40a7f-2353-465d-a62c-b7385d7d3e14,shipping,61388 Scott Light Apt. 553,Christianside,LA,57678,US
29edfe81-d1a2-4a41-ae04-96db8fe6a5a0,1c5deb83-acc0-4391-88e0-ac032fd2f602,shipping,852 Carey Crescent Suite 973,Amandaville,FL,70149,US
0283aabf-e793-4e00-9e6f-ca90013e2401,68b3304b-ccc6-4782-95c7-2c9eaf137684,shipping,128 Craig Valleys,Lake Timothy,VT,99753,US
f75e9693-ae2b-4e58-ad10-8241b750a9f3,e3b0fa73-d85e-4fbe-94ba-cd47fcd054a3,shipping,732 Matthew Ports Suite 010,East Rachelfurt,DC,67160,US
b9d9ddfe-6b80-4127-aa17-ee77a6f52856,a573390f-8d63-4c65-87e4-3ad15370734d,shipping,321 Taylor Spring,Kingport,PR,97924,US
9dd806e5-c3a8-4d88-afb4-ab646a8ebffa,b579cf0c-c5e9-487a-b797-d47afbc9da59,shipping,687 Micheal Mountains,Griffinhaven,OR,21377,US
35297c05-942a-41c4-bcf8-4d6128615a05,15e456b5-3a8a-49ed-9bf2-cbf8c97e0394,shipping,31008 Martinez Dale,West Michael,SC,85677,US
c26b3547-ba91-4a5e-ba1b-d7f164f817d9,cc4c66a4-72b4-4f43-ba36-9b619cb36398,shipping,28836 Mary Drives Apt. 670,Markborough,DC,61396,US
ba2884f4-8bbf-465f-b359-87a31658e762,cc4c66a4-72b4-4f43-ba36-9b619cb36398,billing,187 Russell Estates Apt. 177,Phylliston,MA,51539,US
865e3c80-aa1e-4c12-a88d-bd2425aad854,1cac8c1b-bcb6-4797-9d97-9256c8ab3d8b,shipping,19985 Haynes Shores Apt. 290,East Thomasport,ME,22451,US
422f53c9-43cf-4447-a85d-5dbe7b1aff93,654567c2-3cd2-41fd-b12a-662026c0a284,shipping,40349 Philip Valley Apt. 479,Port Charles,OK,04079,US
0bdf242e-f9e9-44ae-9873-8883e2c07d5a,5968cc83-be13-47e5-93ec-8822e4946109,shipping,082 Richard Harbors Apt. 764,Port Isabellaville,PW,39523,US
ab0f775c-380c-41ae-a0cb-8b1bedf41e8f,dbd2d279-6990-41b7-8603-261d5e14baba,shipping,25362 Charles Forge Apt. 970,Port Pamelamouth,RI,85803,US
535a1db4-9e18-4722-8c55-4b95d0932bb6,dbd2d279-6990-41b7-8603-261d5e14baba,billing,7278 Fox Village,Camachoberg,GU,94790,US
378525d5-c6b4-48c1-b456-ec2ad0162b17,af3fa1d1-4dfb-42c0-ad84-56cf2ac904ce,shipping,865 Short Locks,North Desiree,WA,08245,US
75cd46fa-5eb9-423e-a399-85a81a9106a1,b5a630f7-3306-4442-a00a-ad735f461dc5,shipping,292 Kent Rapid Apt. 403,Shaneshire,NM,79163,US
8132aaf1-ab24-4731-927f-8bd8b65d6bde,8382933d-024a-4c36-8d54-5729637368d0,shipping,966 Allen Knoll Suite 211,Anitastad,MD,38576,US
61561e63-9732-42db-8843-dc0ce55fd885,a65f7c85-aa52-48d7-9d86-14e7818fb870,shipping,27279 Dickerson Valleys,New Wesley,AL,14572,US
f4f91e73-154f-4ba6-a64c-5335b85fcdbe,e202959b-b766-445f-9384-bf0237f48c9f,shipping,347 Mark Villages,Christophermouth,MP,32934,US
f66b6b2f-cd90-439f-b64b-90a8932544ab,e202959b-b766-445f-9384-bf0237f48c9f,billing,3056 Oneill Springs,Port Heidiburgh,MT,84886,US
fe6f0acc-3d79-40b3-ab9f-4d8558780025,6354e7a8-649e-4ba3-be6a-ca1fef1fb673,shipping,54554 Kurt Unions,Lindseyland,WI,62018,US
3e0478de-231f-4afd-ad32-92b26851e00d,6354e7a8-649e-4ba3-be6a-ca1fef1fb673,billing,31528 Jasmine Drives,Brownchester,VA,04023,US
d849f983-42e7-4db5-8c74-008aeb6fb35b,caf9f8bc-f100-41d9-8ca8-94fe08d47a52,shipping,50616 Mccarthy Dale Apt. 291,Johnsonbury,AS,74839,US
8a69b995-dbd0-4f66-9798-883d91a931d9,1d7c7c42-e26d-4677-9a48-f8e027786b8c,shipping,7224 Sarah Cliff Apt. 078,Michaelside,VA,55114,US
a9b10988-60f8-4af4-b896-ca697b76cb5b,f104f640-2a00-4fa7-92e7-465ef65d8f6c,shipping,5344 Nicholas Knolls Apt. 599,New Davidbury,DC,01653,US
ec1d7b36-8372-4d54-934e-0bf612fe8f0b,06180f0a-e7ed-4463-a7c7-dbb7f7e3024c,shipping,8414 Mary Mountain Apt. 560,Bondchester,RI,47105,US
5e7c6ba1-5d67-4b64-b62e-e936e5193fba,7f7f246b-7553-4fbe-8e5b-86c1686e22a9,shipping,131 Reid Circles Apt. 558,Collinston,OR,30115,US
35532bc1-f239-4047-a641-e4a8a625765b,bc62c31e-c542-4657-8a68-c716faf96cd4,shipping,444 Andrew Ramp,Lake Erika,MI,51866,US
ed5a41d9-9e5e-403d-8872-74f93e6e7541,d703884e-43ae-4ca9-a154-23ce466cb8c3,shipping,7746 Hunt Rapids,West Amy,MT,08144,US
928b862e-f4b6-4df4-9632-5d3554043afc,d703884e-43ae-4ca9-a154-23ce466cb8c3,billing,23356 Boyd Point,West Phillip,WV,95375,US
92105d39-137e-450a-90b9-9f9038d2d2de,79a83886-5100-4d6f-b182-3fdc4af6be8a,shipping,17101 Kimberly Meadow,Hawkinston,IA,23801,US
f40b4f6c-7a97-4eca-97bb-711ae2da9566,24b2ffad-e7c2-4488-a867-4e2c362abf93,shipping,277 Samuel Trail,South Brian,UT,33321,US
17750d30-b19d-4e4f-a011-93b1d3a2e8ef,f67a46bc-64ab-4750-bfeb-b91e528eb985,shipping,646 Wilson Drive,East Sean,DC,13552,US
a9fc9bea-a0d8-43bf-812c-d6c4dce4ba90,cd2370a7-2e2e-45bf-8ca5-b2562370272c,shipping,6957 Cox Point Apt. 218,Knoxbury,NE,19831,US
b511eade-2106-47bc-a4c3-ef294a7a75c9,5bd9870f-3c7d-4556-9ef5-4f1dd5ebbd63,shipping,810 Katie Motorway Apt. 283,Brooksbury,AR,12657,US
d50d2650-1f00-4915-88b4-9f57d7c1e051,2d4ef752-1276-47ec-94e7-0fdd17fcc493,shipping,358 Joseph Tunnel Suite 141,Michaelfurt,DC,94744,US
0a657e5c-35c3-4913-b06f-c586aad300ad,2d4ef752-1276-47ec-94e7-0fdd17fcc493,billing,82126 Leslie Meadow Suite 889,Lake Brendamouth,AS,52669,US
34939ec4-a691-4731-a7ae-b2f32fa942bd,bfc26979-a5e3-4197-9fdc-984a82382a2f,shipping,63540 Holloway Crossing Suite 682,New Johnside,OH,71206,US
c13c6d28-a557-42c7-998a-ac5036cca3c4,75b456d5-229b-4e55-af6a-f03603c0ff8f,shipping,8408 Debbie Ridge Apt. 615,Mayerview,PR,32979,US
05951fe2-c8f0-4223-81b7-e8b85a4ea1de,885828d3-30e0-4cf0-a8f9-9c2708ddc6ec,shipping,4190 Kimberly Lodge,Jacobborough,FM,30197,US
d3d9dd8d-6037-4246-ba0b-f3ed4e824c70,885828d3-30e0-4cf0-a8f9-9c2708ddc6ec,billing,90533 Frazier Divide Suite 099,Dixonmouth,NH,02618,US
056d0a3d-d45e-4248-bf19-c7727827b9ad,30d16ea3-30a2-491d-89ea-14447b83298f,shipping,796 Chang Key,North Melissa,MI,48975,US
84c56dcf-992f-4f19-91dd-bf17dd68866e,30d16ea3-30a2-491d-89ea-14447b83298f,billing,310 Aaron Expressway Suite 717,Annaton,VI,53247,US
6b4e0301-69b5-4914-b96d-39e40a9890cf,a11f4e00-e80f-44d1-80d3-3569fa708ac7,shipping,37002 Donna Drive,Waltonview,AZ,37860,US
a41e14f1-71d4-4b54-b652-7ce362a875d2,bff777c3-4b8a-46d8-bca3-b3bf08bb22bb,shipping,4151 Kimberly Corner,East Brettstad,SD,26616,US
851270b9-5e56-416f-8abf-a7b108b39b89,b9a4836a-9a93-426b-9fb1-ba3b69723d7c,shipping,6744 Hale Lodge Apt. 408,Micheleton,WY,08489,US
7e87c194-882f-48ce-bd4d-43a81261ebc6,b9a4836a-9a93-426b-9fb1-ba3b69723d7c,billing,6221 Lauren Parks Apt. 645,Gentryhaven,IL,82002,US
22da4efc-3075-4808-9d37-c02af106c540,f7901ec1-68c9-47e6-ab15-f57e80a458fe,shipping,08630 Christopher Divide Suite 332,West Moniquemouth,VT,08270,US
94c999df-17f4-42b9-bd48-fd847f017baf,47453635-942c-49b8-a3f9-6dc599180cba,shipping,767 Lewis Knolls Suite 448,Grahamfort,NV,79634,US
64502bd3-a079-4023-8556-889c6988ef89,ef458ed0-b2cd-4662-8ac1-095c38df55d3,shipping,96858 Rachael Pines,South Maxwell,VA,78297,US
b2472b9c-2f16-4f9a-9e6f-b5cb7c145b05,9551ec0b-d490-4582-aa90-7f1a31a7d4ec,shipping,05183 Angel Trail,South Valerie,MH,34291,US
4300a5c1-9921-4f93-9655-0a3879db1dcf,63b33c13-97a2-4a8f-8629-2862ac7f96fe,shipping,331 John Canyon,Lake Bradleyshire,MH,43491,US
1038c8cf-f5e9-4c3f-bde4-59b3c9c6a12f,2f3c3de6-6232-4e2d-9657-684219564543,shipping,388 Nicholson Junction Apt. 397,Garciafort,DE,92082,US
a1ba6bf6-3d2f-454b-97d0-2205cb859abd,17adbcd1-ea13-4f59-b638-d89a79c8f57d,shipping,82044 Lisa Harbors,East Matthew,MP,90922,US
0f977c4e-e8cc-441a-a727-cf63f2dc7536,8addbf63-4f44-4684-baa2-216a47b142cf,shipping,2497 Michael Place,New Samantha,KS,83348,US
1409c9f4-2bcc-4fb2-8196-a0ba579beee1,ad8ee773-66dc-4591-bf39-4e8611d9e75e,shipping,3545 Krista Branch Suite 518,Mendozamouth,WY,36677,US
70181c61-99f5-4781-987f-d44303c741d4,4f75a168-f104-4042-aac6-5247b4c53a41,shipping,60773 Pena Mission,South Misty,WY,36547,US
54efb800-f423-4bbe-919a-e769be073e01,8d4fc29e-706d-4987-99ed-aa020870f651,shipping,3221 Garrett Rue Suite 115,Port Donaldbury,HI,46019,US
43511034-30e9-409e-bd8d-dfb4f672612a,f7726c4e-cfa9-4afb-910d-d9fa59335832,shipping,4232 Diana Divide,Susanmouth,MD,97596,US
e24f23ee-88b0-4a7d-81c0-ffdfa1acaf2f,d4061ad9-78b0-4e34-9dab-a60e3949d0d6,shipping,82116 Raymond Center Suite 080,Christineshire,MP,47436,US
5ca7715c-02b7-42e0-9e8d-fe1af9a92909,850e02de-6523-4970-952a-ae98fcfc5967,shipping,408 Hudson Cove Apt. 888,West Kimberly,MO,85333,US
2dc1680b-72bf-4dd4-89ec-caead8eb5169,ac1ba626-a13c-41cd-bdbe-9a618ac278f2,shipping,1558 Jasmine Unions Suite 617,South Kyle,TN,61560,US
df5cc774-c415-4588-bf80-f004b24ce34d,386dc340-ea2f-4a24-94b9-f79b63f71516,shipping,4340 Cook Wells Suite 498,West Taylorton,NM,69493,US
8c49c404-1177-4187-acc3-353859c9a623,7798b601-a234-4f12-840e-9205ca814389,shipping,61121 Glass Pike,Josephside,ND,26841,US
3a1a295c-127c-4982-9f5a-a8f470e7f699,d2c90023-d929-4070-aa10-8ff184cfa62f,shipping,1565 Lopez Ridges,Port Helenside,PA,88970,US
fe8cc3b2-396b-44ed-b0a3-9a23582c33fa,b4af69c5-6b76-4e8c-969f-b82ab1edf686,shipping,8097 Hernandez Passage,East Laurafurt,CO,53771,US
62215169-ec96-4a1d-8372-17ba034c2af1,e9df1f46-79da-4829-9202-728db51b5b82,shipping,6152 Chad Highway Suite 414,Brianville,OH,04654,US
6973ffd8-b05d-4dc5-8edd-0876a98582b8,e9df1f46-79da-4829-9202-728db51b5b82,billing,1794 James Fords,North Larrybury,NC,80582,US
7763fa0c-3cb4-483d-819d-66150a602d88,c1ccffa8-1697-43ea-a742-17c953c74b17,shipping,71287 Cervantes Fields Apt. 385,Catherineberg,AR,26226,US
7094a7d4-7f90-47f5-8602-3bbf88631af4,828ebbdb-8e6a-4884-8ecb-341460cf7c24,shipping,04516 Gardner Throughway,Gonzalezton,MA,79441,US
3e6901b3-db64-45f1-b7bb-9fbac90edcc0,828ebbdb-8e6a-4884-8ecb-341460cf7c24,billing,432 Harris Tunnel,Shanefurt,WI,79973,US
91bb4fda-6eee-41df-a00c-2a5a65ac0cce,43b69794-19bd-41de-a7fe-d97c960bbce0,shipping,58885 Cantu Fords,East Justinville,WY,93432,US
8e4c18c3-9260-41d3-a5a0-87d81e8b8566,a32d0c60-c7a4-43a5-9f41-16c5ceb715c4,shipping,42827 Mercado Mountain,Lake Thomasview,PR,09226,US
fa0e7d17-27de-4ce0-9c76-b2a139800877,a32d0c60-c7a4-43a5-9f41-16c5ceb715c4,billing,0815 Samantha Lodge Apt. 516,Melissaburgh,VI,02050,US
2fbdb472-b761-481e-b1b6-b868323edc2d,938df3a5-91cf-432b-97e2-27ef55a89a96,shipping,23914 Ashley Shores Suite 618,New Monique,AR,56417,US
2cbd1965-4409-40ee-863f-5e1901c6c69b,2d42742d-316a-4cd9-bfb6-699557fe546b,shipping,6850 Christine Extensions,Haileyport,CT,03995,US
506e11df-7e59-44de-9464-e9c5e32b05fb,c678aa44-c73e-4fe5-8052-99645755cc32,shipping,3032 Nicole Plaza Suite 237,West Wandahaven,WI,94308,US
e56432b4-9900-4f42-95bc-a5e9b1c22d93,33952293-5cd9-4eed-b083-9480e286954b,shipping,049 Martha Rapid,North Dianechester,AL,61894,US
400480f9-4fb7-4191-b7f0-f2c3f1bce7b8,a54ba536-9245-46d6-b1e0-1c65f2be756c,shipping,51267 Lisa Motorway Suite 053,New Mary,OR,63600,US
cd631edb-fb22-4d63-bf18-346bd7ed8001,a8a05eb7-7cca-48d8-9d34-36cf6bbc6ce0,shipping,7326 Jeffery Crossing,Riosborough,AZ,26110,US
1d5e233b-adb8-4491-8bbb-803966ca3f4a,20f74abb-ad8a-4043-819c-8fc6a0ad72f2,shipping,5192 Yang Valley Suite 920,Wellsland,AR,35824,US
cbbe97d9-0b3b-413a-9514-e6ef3c872b7a,f3e57312-2963-4040-8495-d394d113a7d8,shipping,5592 Lambert Summit,Knightville,WI,12397,US
6a2f6975-25ef-4216-8ca9-17db2d3eeb1a,b3dccd38-8035-4df1-9f7a-87f74784fa71,shipping,5658 Wu Islands Apt. 231,Port Brittany,AL,38002,US
31986000-4ea7-4d50-bd0a-eba5796074a7,eff80def-972e-435d-a709-05c07d4bebcd,shipping,0135 Davis Underpass Apt. 970,Wardport,DC,49566,US
1dce9042-b030-45bb-bd39-6ca00c4836d7,78fcb020-ffad-4652-b30c-8db58e86e1fa,shipping,4465 Hodge Mount Apt. 182,Boonetown,WY,26238,US
247f6372-4578-4208-9b31-c9d2fe5f7926,bc2ee90b-3522-48db-b5df-c87d992a896d,shipping,6478 Ruth Burgs,Port Eric,MP,11955,US
dd3a070a-0611-49e6-b0cf-b7f507a016dc,430ec332-b3f4-49a0-afa6-e55659533c38,shipping,239 Johns View Apt. 677,Lake Jerrymouth,GU,42701,US
96af17a6-4d06-4551-8a13-17c01611d34b,681337a2-9f38-4ae2-bcaf-5192b6754c80,shipping,7360 Patterson Point Apt. 141,Andreberg,NM,46200,US
2f14cba4-5de9-4667-9d3c-f95ae2ba19d0,168a81cb-a879-4e9d-bdaa-1d4da0a9296d,shipping,666 Mercado Views,New Ronald,IL,04115,US
137c0050-6d8c-4cc8-ab43-34b83174e6d7,40df06e7-ffd1-46d4-a883-4fd26e8b01e9,shipping,650 Brianna Square,Stephanieville,SD,30366,US
68207a9f-2392-4dc0-bda3-ae1393ce6f3c,b2dd1073-cbb9-4d4c-8f3c-8b754861f181,shipping,2231 Julie Vista Apt. 137,Gregoryside,MH,80280,US
30907890-137f-4017-9045-96d277429fe2,b2dd1073-cbb9-4d4c-8f3c-8b754861f181,billing,5510 Jack Isle Apt. 858,West Danielleville,PW,11294,US
49b308c5-6be6-412e-a4ea-e3f2ae040bec,fcbdd55d-f1ae-4216-8f1b-48a98bdd65e3,shipping,12914 Penny Passage Suite 124,South Linda,MD,24072,US
a64a71c2-572e-496b-a8c8-eaf45ddb36f2,8e884018-9ff5-48b0-861f-8b4f43287e4c,shipping,65909 Hunter Points,New Ralph,ME,54213,US
a4c5e249-dcf2-4f36-affd-56b06fea9f66,10ec5f05-68d1-421f-bd49-dcb1cb55dca7,shipping,1196 Jimenez Forge Suite 528,Aprilbury,CA,45763,US
d90dd7ed-ca17-49bd-b17d-b1ed4bb27e3f,2a17b43b-fa54-428b-a4a4-511d2609e625,shipping,896 Paul Plaza Apt. 077,Doughertymouth,WA,67781,US
561b8747-2788-449a-97d5-58233cad73a5,b23e051a-3cfa-4d83-b7a1-db7d6db82d91,shipping,2763 Corey Pike Apt. 442,Annastad,MP,04421,US
65433249-09bc-491d-a516-a4b03a92a148,fd6c1a38-3ddd-4b02-af1c-f35f3a7a0a22,shipping,432 Stephanie Forge,Port Amberchester,MD,75898,US
0edb6bd6-fe03-432f-9ed0-b480da42a5c1,ad332641-cac4-4ca0-8ba2-fd3f7392f144,shipping,14603 Evans Mount Apt. 238,Doyleview,WY,82012,US
4d55d95f-e952-4649-8f32-e6a646f52b8a,426be0fa-606c-4482-98c0-416027fe0a92,shipping,159 Perkins Camp Suite 858,Jasonhaven,WV,20430,US
d47c6c0f-7310-463f-98e4-6752d9910eea,426be0fa-606c-4482-98c0-416027fe0a92,billing,413 Brown Island,Shawnton,WI,46655,US
f64e7368-2d32-4a95-b006-7fa85e7122fd,46cbcd9a-6a53-4878-8989-3f4caf22c5c2,shipping,62707 Nelson Garden,New Mark,CA,58928,US
12f7a655-a1d8-4e99-ba53-4c0c8ef26445,46cbcd9a-6a53-4878-8989-3f4caf22c5c2,billing,5681 Lopez Springs,Shawnside,UT,31163,US
25d0d5df-6386-4fae-84c1-75166b233527,0e5bcde5-5908-4f95-9008-9788606d002f,shipping,62730 Chang Plaza,South Brittany,AS,52296,US
c31f2ef6-eb82-4720-af07-1495eabda681,8e8ecdd0-54c4-45a4-a7db-d06d7835ebf5,shipping,9849 James Court,West Crystalbury,IN,27132,US
7d64ac18-ed06-464d-aad4-31b773905f4a,7b646a0b-5b85-4e47-a08c-69410c0fedb6,shipping,4698 Obrien Island Suite 018,Thomasstad,IL,11249,US
1748a8ff-d1e9-4d0f-b1cc-2618f5322c93,e88f8f17-17bf-4994-a3dc-a59c6b61f53b,shipping,3751 Stokes Islands Suite 342,Lake Susantown,OH,69273,US
4ccd65db-f4a5-4f2f-a022-96a01d1791cb,ecf5047c-fcb6-49e4-8af1-44733d5d5336,shipping,67526 Tammy Lake Suite 160,South Patricia,DC,29231,US
ac193e6c-ebb7-4520-8bb4-5cb1bcb28381,ecf5047c-fcb6-49e4-8af1-44733d5d5336,billing,2150 Shah Wall,Susantown,ME,91567,US
9b04251c-dd30-4f9b-a921-4b7e67a8e008,d0bdc404-c98b-433e-a23d-82af21ed66aa,shipping,545 Jimmy Inlet Suite 265,Nicholasstad,ID,86016,US
995e23d7-eed8-4909-983e-f5c9804df63f,bf30f019-cea8-4ce4-86cf-387695c70d09,shipping,55688 Gregory Common Suite 488,North Diana,OK,64520,US
fa75e9b3-2d47-4bd6-848b-f39cf5485e92,cbd350d4-cf38-40e3-898c-bbbb10387ad8,shipping,521 Hill Inlet Suite 652,New Annhaven,OH,19705,US
aa370a86-ba5c-4f4c-9b7e-2c4cdf66e309,2929b513-409b-41b0-90fa-593984f9562f,shipping,843 Johnson Mountain Suite 921,East Pamela,WA,26635,US
03b9d85b-491a-44ba-b2e3-403a0a4925de,f2eb39f1-fa8a-4aaa-98d3-789657589d2e,shipping,105 Shaw View,Sandratown,NE,00920,US
c4553ae1-8d61-4ed3-9202-8acc9be6c52a,daeb4390-894a-4ac4-ad12-8d8551962860,shipping,8524 Thomas Hill Suite 806,Becktown,AZ,25811,US
30163fff-edb2-46f9-9e30-5548548a1000,daeb4390-894a-4ac4-ad12-8d8551962860,billing,52053 Garcia Plaza,Port William,WV,94571,US
7d3d8106-d6b5-4b25-865f-896148cb72b6,6ab5a69f-1f04-4322-946c-0dc206a96eb2,shipping,8072 Brenda Square,Port Jennifer,LA,68231,US
8494e395-8ea5-42c8-8584-e9b9e08d3427,ef9fb900-b9cc-44f0-8744-2a3266801da6,shipping,276 Tracy Lights Suite 471,Davidbury,IL,31632,US
0cc078c8-e73c-47af-b662-6bec0476d99a,1591dec2-689f-4175-9e89-fa63f5756426,shipping,100 Griffin Summit Apt. 398,Pughhaven,HI,90711,US
49d7da11-545b-45bf-b991-d097192ac8f7,8a2f92a3-203f-421b-813f-69ec018b52ae,shipping,96373 Hicks Parks Suite 760,West Williamport,AZ,06312,US
1999c9b3-1857-4af6-ab27-a73e8db06499,267aeb8a-e80a-4645-80d3-b8bc95545f0e,shipping,931 Roberto Isle,Lake Mia,IA,57022,US
7a6860f2-81cd-4feb-9326-929ce2794a83,9b1b580e-7f0f-4b96-899c-f0d71920e10e,shipping,2073 Pace Islands Apt. 646,Scottmouth,FM,95321,US
045f6231-6f8f-480d-b84c-5dab2b27be56,9b1b580e-7f0f-4b96-899c-f0d71920e10e,billing,116 Richard Estates,Belindatown,OK,42789,US
5f4346f4-f043-4263-9fbd-4cf6ba223baa,757ab059-cac5-4782-b634-dad2b2429cfb,shipping,48985 Suzanne Shoals Suite 510,Joemouth,NJ,49497,US
84812d82-c9c1-4f21-8d41-39fc4540949e,88b930dc-6d7c-4dcd-8a51-86064cf2b7d3,shipping,434 Mckenzie Village Suite 004,East Nicolas,KS,28366,US
f7660032-26e9-40d2-b46f-bc8b0e98308d,1e417557-6f6a-4699-8f5d-01ab62ecf0ef,shipping,4067 Kimberly Street,South Vincentberg,TX,77293,US
71537a33-848f-4c3e-8890-c11ad1b9ee67,1e417557-6f6a-4699-8f5d-01ab62ecf0ef,billing,1723 Susan Locks Apt. 949,Ronaldport,TN,86637,US
f25471f7-57e0-48c8-9539-67467e91ddf7,bf4be6c9-d8ce-4676-bae1-72c905ada614,shipping,402 Virginia Plaza,New Williamhaven,MP,93848,US
16cf4230-79c8-4bfe-b8d9-228bcfa347cd,8a7c2fed-bdd4-46fe-8d87-dea1fd4e3f81,shipping,1581 Johnson Pines,Chavezborough,PW,66071,US
f8f77569-3a72-41f3-a4f0-eebe17dcda96,e80bc0f0-3258-42a8-8483-fec7dd6f3e6b,shipping,15286 Tracey Flat Suite 397,East Heather,OH,73200,US
ccfd9545-0bd6-4aec-82ad-199095118fdf,85f4f90a-f5f7-4b81-a2af-9c5475aed67d,shipping,0697 Ortega Locks Apt. 077,East Laceyborough,MP,80973,US
8ae6512d-f055-4e71-a48a-0d30af3f69b9,85f4f90a-f5f7-4b81-a2af-9c5475aed67d,billing,8347 Gonzalez Overpass,North Travismouth,VI,62374,US
9056bc8a-b59c-4284-af80-06746908bf95,287b48fe-e3e6-457f-895e-0bbe512cf2e4,shipping,09604 Herring Forges,West Karenfort,NV,54149,US
dbc08830-48f4-40d6-81e6-a7475560a2e9,d9c81417-9d66-4ed3-8374-3eb2b1df6b0f,shipping,887 Jackson Trace Apt. 420,Emilyville,OK,61568,US
a051f206-e328-4d3d-a4a7-ad40a0d7558a,31ec1e54-9a05-41e3-a543-f6c09ee90669,shipping,2382 Morgan Highway,North Ashleyview,MO,73855,US
feb1593d-568e-43c1-b4ea-3f09c3011e54,420c32ea-fc8b-494f-948c-c2fc10c2ae9f,shipping,565 Zachary Trail,East Tammyview,SC,31858,US
a658a295-f0f4-4a9d-9274-54ec9061daf0,420c32ea-fc8b-494f-948c-c2fc10c2ae9f,billing,9923 Tamara Keys,West Jayshire,VA,64249,US
963613ff-1100-4a7e-952c-5864878df025,ed5bd8f7-20ec-443b-be4e-d96b322d6c9c,shipping,52353 Rose Way,East Edwardfurt,OK,99863,US
6b71a282-2f93-4afd-a1d8-fa88eaab5841,32258035-c485-4059-aad3-2cf2988958a0,shipping,93242 Nancy Neck Apt. 398,Lake Kenneth,IN,42584,US
dd1c4653-20ba-4fcf-9a14-b10523aea9d4,ba1ca011-a604-4481-b101-a8f8986eaa7e,shipping,4129 Erica Garden,Holmesland,MT,70624,US
c08f2910-c41f-4682-a216-7ed34a283403,0b7ef426-479e-40d7-931b-06d5ce77f4b3,shipping,075 Thomas Walk Apt. 350,West Nicoleberg,AL,31793,US
4a47a605-fe47-4408-8e72-504430f3a54f,0b7ef426-479e-40d7-931b-06d5ce77f4b3,billing,499 Haney Mews,Kimberlystad,NH,04945,US
a5fb49ff-50f0-465d-999e-31e7e086de72,b0a4250b-3d4d-4a41-9694-395b2cb104f1,shipping,4696 Scott Forges Apt. 118,Mccoyside,SC,27153,US
ae737747-5ba6-4d12-82c9-e5a44694b394,9e656e9b-d824-4fcf-810c-ec6a367f077a,shipping,27258 Paul Forge Apt. 317,North Joel,MH,40429,US
d83a7c3e-bcef-408f-bebd-15b93f93cf41,ffe110be-ec2e-4197-ba3d-26d260deb535,shipping,242 Johnson Ramp Suite 869,Whitemouth,NJ,65591,US
20d6454b-4a6f-43f5-9bb4-71b7f8a909f8,c432accc-5add-4110-93e4-0e4435b88517,shipping,9019 Curtis Roads Suite 766,Jonathanbury,AL,66206,US
93e9fa81-7ab7-4170-ba44-0005c160af57,115870ad-b8e6-46d9-b706-6dbdd1b58004,shipping,9442 Morris Islands Suite 067,Taylorberg,PR,11694,US
f2921a72-d603-4265-92cd-bb4047a100ca,5aaf0bf1-53b2-4063-a1a2-876d98906966,shipping,84708 Steven Plains,New Kendratown,KY,80354,US
bd003ee3-ad96-4767-a9a5-852f4fd0f2d1,a5b132ef-6376-47ec-b984-3fb291a1d117,shipping,9652 Amy Common Apt. 305,North Ianhaven,FL,07589,US
7504bc69-64b5-4291-8d21-8ac37b678e74,66be20db-173a-49f7-8d7d-2c0f8cfa444c,shipping,94922 Jessica Fall,West Michael,WY,65338,US
3a0ab095-e3bc-4e94-9e55-6ef396d44fdc,85666218-7463-44b1-aa0a-832dea9f5610,shipping,9965 Orr Gateway Apt. 145,Alexanderbury,ME,85327,US
fcae6aaa-abf1-415f-a9f8-07f04dae79ac,38a5a035-cd40-4cee-8bad-7063c3ebd0f3,shipping,164 Stark Wells Apt. 808,Goldenberg,RI,07426,US
81c6aeab-8d50-478f-bf79-a404de1b5e81,5840ddb8-ebb5-4a54-9a91-42e68a8aec56,shipping,578 Allison Streets,New David,LA,99099,US
c5c47028-9090-47f8-a2cb-e2b31c97b721,8e9aca37-3f19-4acf-b8ec-96ada107add4,shipping,17740 Valdez Circles Suite 766,Lisamouth,SD,65940,US
53a25969-859b-4f1d-acaa-449965e91d96,a9152bdb-e5e4-4f70-937a-7a2b549f48d8,shipping,0582 Brandon Mountains Apt. 252,New Amy,MT,14569,US
bdbdbec3-b5bd-43b6-a103-d9fadaf43b0c,80a728de-cc94-4f01-af17-d18ea13e85e9,shipping,09414 Rogers Well,Haleymouth,ME,24125,US
8b996463-3d75-4947-8bfb-2995d24b94dc,fc65ff78-6e4d-40b2-97e2-d85813ffae7e,shipping,487 Dana Terrace Apt. 742,Morrisstad,MA,62626,US
274fbf5f-f916-49a2-a90c-addc54852c9c,fc65ff78-6e4d-40b2-97e2-d85813ffae7e,billing,8302 Robin Turnpike Apt. 095,Port Christineshire,ME,60544,US
5f666fe7-9457-43a8-b024-4d2983dbf2de,10b376ac-5e01-4334-b467-787d80b4159c,shipping,0484 Nathaniel Ways,Vaughanbury,NV,24516,US
669e8da7-8e2d-4b3e-acce-0a6b72808962,b7ed6b68-4d60-44e4-b820-85a077b64eea,shipping,89742 Barnes Roads Apt. 541,Kimland,OR,13560,US
3647d376-7ff7-45f4-a66e-82bec852166b,b7ed6b68-4d60-44e4-b820-85a077b64eea,billing,361 Pena Junctions Suite 744,South Sierraside,MI,18720,US
e36bf816-7064-4bf0-ae92-d31a752ed3d6,1cd765ad-8636-4e74-9b5c-a01e6fb6c96e,shipping,967 Wendy Lock Apt. 017,Berryland,VT,03648,US
bfb8f565-d26f-485b-967c-fdc155476da6,51113624-5041-4978-999d-7957ac91abe6,shipping,113 Wyatt Rue Suite 736,Choiburgh,KY,44177,US
3c4565c4-eff7-40d1-b5f4-ab103457abb9,4da86526-b6a1-4817-ae08-a6f5200d454a,shipping,20494 Vanessa Spurs Apt. 125,Garnerborough,FL,99829,US
95f03002-2959-4b1d-84e2-5959cf4b9ee9,368cd08a-c2ca-4940-827d-1705a0066f9f,shipping,10234 Coleman Squares,Brendanborough,WA,28764,US
faeee492-0eb8-4ca3-8611-ca173679d826,1c56f629-2f71-4c8a-8c3e-8ca8cdcae537,shipping,38276 Tamara Flats Suite 426,North Elizabeth,PA,43924,US
aa0cfbdf-8a9d-4202-bbc9-18823bc86ce7,d7d6ba60-9b74-4047-8842-bb65bf528d49,shipping,229 Patterson Meadow Apt. 628,South Brandon,LA,96473,US
c1bfaef8-5d5b-4e2c-b0b2-34354dd731b1,067ea1f4-70e0-4502-a738-2c6de34bdf2f,shipping,64159 Richard Trace Suite 324,South Christopher,VT,47409,US
ab0c9cb2-1423-4901-b11e-00966985310e,067ea1f4-70e0-4502-a738-2c6de34bdf2f,billing,8894 Bradley Mountains Suite 630,Ronniemouth,ID,26661,US
de5b69b1-ac5f-429a-8296-d4fbe3f57f48,6779a026-f7dd-4bf1-9633-2d8e12b0c4f3,shipping,827 Vernon Locks Suite 288,North Adamburgh,OH,43954,US
11dffaf5-35e2-4501-8c7c-3c72a0d67a79,0e99087a-4b81-4951-833d-959fa4fae58c,shipping,9274 Buck Place,West Melissaport,IL,17352,US
9c960003-e392-46db-8833-cb8c403101a1,0d1a7fde-18cc-4ec2-a577-d855a0cc5f5b,shipping,84852 Erica View Suite 312,Jessicabury,TX,71307,US
01209046-dcd2-4d8d-9441-f890cbded169,7c45d9c4-302f-40f8-b1e4-f108ce40903c,shipping,07134 Haley Lock,Charlestown,FL,16131,US
40583be1-524c-4e0f-a9bf-addd74d17e1c,bd3256a9-43e2-47cf-a3a7-6815dd802261,shipping,45350 Jackson Rapids Apt. 503,West Chadstad,NM,65891,US
2e0e364c-4718-4eab-acca-c9ac64fe53c7,65b98832-23b8-442a-a741-fe82b13f2097,shipping,7826 Ernest Rue,West Jasonberg,MH,38360,US
ce5f93ea-c1d6-45f8-b243-65753056061b,6614bb9a-b3ed-4cf0-a53f-46adc6ef9520,shipping,37156 Robinson Burgs Apt. 958,Williamschester,DE,37153,US
ed88f951-5a3a-4012-9369-fd8996d69535,644e3312-a5d5-4e3d-bfdc-af9c2ffab89a,shipping,98596 Holly Knoll,Williamstad,LA,88394,US
be30b4f2-c995-4d92-91ab-b6bdf86ad44c,d8e6eb0e-4bda-4568-ab88-ba75109ec256,shipping,76685 Kristen Valley Apt. 167,West Sandrashire,AS,35442,US
9c4b0ba3-b74f-47e6-b1bb-18573616a00e,bb257fd2-e895-4f39-ac68-38ea14c678a6,shipping,20507 Jennifer Ramp,Lake Thomasborough,ND,83440,US
e0c42c2e-3edf-4ec6-8a91-c0a733a51ff0,ceda0d3a-4997-4f34-aed4-ab7a8db219e3,shipping,2189 Murphy Ford Apt. 469,Lewischester,AS,88428,US
2f907278-829e-466b-a1d1-666447aad9cf,af245f4a-a7f2-43eb-af1b-c30a15e292ff,shipping,026 Joshua Camp Suite 457,New Mariaside,VA,29504,US
0a2d19b2-10f5-45e5-860a-b5a0ae6fdd08,9fc47251-67cb-4978-a705-ec2979776cce,shipping,6144 Thompson Union Suite 947,Cortezside,OK,02006,US
8b0a1b35-1669-4f61-b421-30868f0a9a61,d987b41c-7e90-453e-a24b-42ec4fc93acc,shipping,9071 Noble Green Apt. 264,Aguilarmouth,IA,82531,US
1c6fb257-dc69-4278-8340-993f11a1518f,9b9c312d-ea39-4f3e-840d-05d9b397a382,shipping,42597 Elizabeth Skyway Apt. 111,North Meredithburgh,UT,09962,US
158a5259-0ac8-431b-a0a8-1a64de020c84,32c48c10-5080-41b8-bf51-09cbd0d7a596,shipping,3508 Diana Roads,North Christopherland,MD,27049,US
2d524446-3071-41fb-b953-b77a60978e4a,e8ab594a-0cc1-4581-8f6d-2dd721b860be,shipping,922 Amy Cape,Scottville,AR,17573,US
e6191c39-3991-462f-97a8-afe4ece28121,c6b3b99d-fecf-444b-8686-baabd3781104,shipping,522 Catherine Gardens,Port Heidi,MP,26453,US
06a5f26b-fe40-4489-a3b7-9a285773a4c0,c6b3b99d-fecf-444b-8686-baabd3781104,billing,61225 Chandler Place,East Kevinstad,OH,10393,US
dd3f872a-3977-459f-9d9f-c3e02617eff8,09b66436-1840-4650-ae2e-56f5b69bdaaa,shipping,521 Norton Run Suite 856,Schneidertown,RI,55191,US
5fef759c-6203-4acc-aa9e-612052e6e6e5,09b66436-1840-4650-ae2e-56f5b69bdaaa,billing,68258 Weiss Well Suite 679,Seanhaven,FL,08815,US
d3b16ecf-671a-43a0-a4f6-667f8c1b1192,92355cb9-d7d0-4ab2-a1f2-48ba9b0f23f9,shipping,61530 Becker Ways,Cisnerosshire,PR,23763,US
479b9573-f23c-41cd-b9f1-38bd0855f03d,617c4cc6-d3e9-406b-9f60-48d54cb29911,shipping,89864 Anderson Walks,West Davidborough,IN,05266,US
71f9ed5e-53f3-4cda-9538-dd70ac6aa1aa,617c4cc6-d3e9-406b-9f60-48d54cb29911,billing,22346 Clark Shore Apt. 895,Watsonview,MN,52883,US
69305dc4-e26c-4e07-85ee-de9acc222fff,e56a3dc9-520c-4243-a843-e453ef7f1889,shipping,23698 Stephanie Mountain,East Robert,LA,15472,US
5102ebdf-6fcf-4e46-a602-1c71e75e36e8,2c9865a2-65db-4757-a31c-ffc8f04dca8b,shipping,98389 Carroll Meadows Apt. 714,Anthonyburgh,CT,95234,US
31abd56c-4102-4e2e-9eb6-bb15c48afb5a,735c7d70-f4ae-4653-984c-4da86b990e48,shipping,341 Haley Row,Terryberg,FM,36471,US
484fcadb-c1ff-4ca7-9bcf-1eb548f8d944,2f63f82c-5e56-4016-8c16-e8d2151ef1cc,shipping,98842 Chris Drive Apt. 437,South Billy,GU,83625,US
2f2e3f4a-9d78-4f28-9eb4-ee8d55f2c740,be03f192-bad9-43c1-b9df-d357e9114a6b,shipping,41914 Anita Run,East Evelynview,DC,33000,US
ea7c3be0-fe64-4d8e-ad1d-1bd0f4e84314,5c213115-5c64-4242-9d8c-aaa32406fdd8,shipping,484 Mario Views Suite 703,Port Benjamin,AK,76525,US
97836141-a394-4536-ba0c-5ca3d61dd856,5c213115-5c64-4242-9d8c-aaa32406fdd8,billing,48146 Justin Plains Apt. 143,East Taylor,WV,83041,US
0801f06a-22fb-4709-9e72-db568a077ea4,01f807ce-9a73-4ef9-a438-fd0f697096b6,shipping,21357 Martin Court,New Jacqueline,OH,34778,US
83b78864-cdae-4a9a-8cc8-e9e693f9ed69,ee456e7b-aa05-4c03-925b-d719df1bd30b,shipping,48247 Bentley Way,Franklinchester,UT,88894,US
6369a65a-6d57-45e3-b980-0392c275634c,ee456e7b-aa05-4c03-925b-d719df1bd30b,billing,623 Thompson Ways Apt. 905,East Andrewchester,MN,71700,US
877ecd3a-9c44-4f0e-8bb3-595cdc340547,f088f11b-c254-4980-a481-bc50d44984cc,shipping,764 Anderson Crossroad,Christopherstad,AS,30021,US
32a3ec83-97b8-4169-8bc4-231fb894dfa3,b53e65e4-c987-4ccc-8f2f-903104ab791f,shipping,6760 Benjamin Plaza Apt. 172,Thomasport,ID,36929,US
005b5554-870e-4b7d-abec-4babf85a3173,b53e65e4-c987-4ccc-8f2f-903104ab791f,billing,01860 Jonathan Island Apt. 594,East Alexaport,TX,62082,US
d8f935be-67ac-436b-a350-b44c10892740,feb3bf73-894f-4817-9da6-afeefdef65d4,shipping,375 Gregory Mountains,Lake Alexanderberg,NM,93873,US
2fbba696-c763-46dd-a91b-fff6aa97ad1e,feb3bf73-894f-4817-9da6-afeefdef65d4,billing,883 Carter Meadows,South Suzanne,FM,15034,US
7dd0642b-c7b0-4c6d-a3e2-6a4741ae7928,814eb8a8-1761-4466-9f4f-661d78063467,shipping,67500 Robert Forge Apt. 234,Mullenport,SD,25921,US
64ca30b5-544b-4322-922c-b5384aca029e,88cca31f-3435-4a63-acd9-b1efaa1c3b55,shipping,67964 Michelle Mount Apt. 620,South Valerieberg,GU,83775,US
89bdaad5-7dcb-4a89-bca6-972b9d5436ea,7677078e-112e-4684-9f34-dbb6d381fed3,shipping,23047 Hickman Fields Apt. 015,Owenside,NJ,03166,US
ee20bbc5-b4a7-4e29-9f7a-664847ecb6e6,15d0cab9-2ee9-47b7-81d2-a0b1edf5a08e,shipping,535 Isaiah Fort Apt. 448,Stewarttown,PW,96954,US
1adfa167-eb11-479f-8700-c8fc812cfd52,15d0cab9-2ee9-47b7-81d2-a0b1edf5a08e,billing,4325 Willis Fall Apt. 126,Lewisborough,TX,13052,US
3310c248-f914-4a4b-9571-211e2086a529,ab5b5a3c-5b24-4d4b-adf2-987b79799790,shipping,26204 Bailey Inlet Suite 986,West Brian,WI,58176,US
5ca89227-7758-4813-b7d0-783bd6f34f24,5fa1f54c-d659-4e0d-84f8-a14008217b3c,shipping,40126 Williams Expressway Suite 915,North Ashley,MD,59106,US
ed91b971-fcac-41f2-99a5-876595d4a582,8f7750c5-261c-4fd1-beb0-39b68c183ab7,shipping,8894 Daniel Island,Port Curtiston,VI,45861,US
67295931-53f3-43e0-a40d-7698c94700f6,8f7750c5-261c-4fd1-beb0-39b68c183ab7,billing,3276 Kelley Trail Apt. 365,Lake Ronaldside,FL,32067,US
088c5326-49ee-4c04-92b4-69b9a6e3b192,a889b092-7fad-4280-a526-616a07575419,shipping,3921 Robert Mission Apt. 089,Morsemouth,NV,86671,US
5e8e9352-ba56-400a-a40c-5f93158bd7ae,cecb3b37-b3ec-49eb-b47b-52cb6ed68a05,shipping,133 Williams Pass,Lake Nicholasmouth,NV,11634,US
074246ee-bf97-41fa-9a7e-1573a600086c,cecb3b37-b3ec-49eb-b47b-52cb6ed68a05,billing,20371 Jesse Key,Lake Victorstad,NV,87607,US
438f47e9-27bf-4cde-87f1-ecccd309ddcb,9709b33a-cb1a-426f-bf10-91c0b56a06ac,shipping,33385 Strong Crossing,Timothychester,PA,47075,US
6b0a9f3d-f8ed-433b-86a9-2f907c449a4c,31da17c1-3961-4f43-a361-83221ee1c038,shipping,8207 Jerry Knolls,West Patrickview,GA,66451,US
767f7aec-52bf-4578-ad89-7fed8d815246,bf14ab76-d343-46c3-a6b2-0d93305be99a,shipping,97647 Phillips Landing,Johnport,PW,48832,US
75d03860-136b-475a-8c3f-fa6b922e32bd,73c31d15-e070-4f55-8582-4ad47ec3d82c,shipping,7238 Anita Glen,Stephenburgh,OR,42685,US
2ef1d285-f9ff-4c47-a734-f9ad74dba225,520cb2e3-73e9-42f4-8034-c10b40a84b55,shipping,603 Yang Row Suite 523,Ericside,PW,53411,US
e52bd5ae-ae2a-4b47-9cc0-d3bc56196264,520cb2e3-73e9-42f4-8034-c10b40a84b55,billing,5018 Matthew Spurs Apt. 913,East Kimberly,NM,52230,US
824396da-33ec-4022-80a7-039d4cc49ea1,793afa9b-5179-4994-821b-d2169048cba8,shipping,301 Martinez Streets Suite 527,East Richardstad,FL,19143,US
cde7b5d8-9d6e-49c0-8996-a90268b08249,046f2fee-0dd9-4214-a024-05f8ed369e0e,shipping,4888 Leon Motorway Apt. 399,Lake Megan,AK,96990,US
5c88e2f7-187c-4d99-9d44-23fcb19bb0d3,a8c51713-8b59-460b-b9c6-61476bc79179,shipping,71997 Gary Gardens Suite 542,Cristianburgh,ID,42152,US
98f26495-d574-4c1f-85d6-24a5b681bd7e,7816a4d6-4ed2-4a0c-8f06-d7fd0bdffc3b,shipping,03893 Andrea Fork,East Ashley,UT,16575,US
b2e3fb5d-8438-4b96-a47e-c1a281992269,658d0659-9e1a-45ac-baba-aed82fd741f4,shipping,369 Brown Estate Suite 959,New Gregory,NY,83032,US
1d7242e0-3683-47f3-9940-4bf29627bd79,ec5b17ef-d59d-4c6b-8898-602fb8aac63c,shipping,33493 Amber Station,Lake Travismouth,MN,97399,US
e2fe01f2-016d-41b2-bc89-d434ae84a8e0,30c0f756-293e-45c5-b473-58ab87de783f,shipping,008 Conway Mill Suite 567,Christophermouth,MT,95168,US
dd4634d9-823e-4ca8-bb45-1879b23dc1e3,318df8a8-b15d-48ed-806e-5ddabfa360f9,shipping,2099 Maynard Drive,New Michaeltown,OR,59911,US
97ea8713-c436-43cf-87b5-ca264a3686c1,5d84520d-e4f3-4fc9-aa9b-76957c0e0b10,shipping,7016 Heather Junction Suite 598,Mccannmouth,SD,88615,US
bfc93db2-94fa-4e99-9b66-2327b8427897,83278237-91cd-4347-a512-62ae50d35700,shipping,125 Taylor River Apt. 830,Harrisberg,WY,93094,US
26e23051-2bda-4dfe-90a0-d87c7377a9ab,9fddb863-6d80-4101-a2fd-953f714b0d22,shipping,208 Deborah Ports Suite 271,East Margaretchester,HI,06950,US
89096fb2-e62d-4882-941c-9fe462323ac6,83c7e1ad-4b01-4c80-9abf-8db163ef8258,shipping,80522 Pam Inlet Apt. 346,Loriton,MT,54606,US
1914873b-7bde-495d-882e-e785327ad27b,b162eca7-4711-43c2-b1c1-2c5ac5060f4c,shipping,0471 William Throughway,Jonathanchester,OH,53866,US
40a7cc7c-d0dd-4a90-bb89-db7b30bf05f6,a04749f0-b2a9-4b6d-b108-8ab6b37e0026,shipping,25883 Janice Crest Suite 729,Priscillashire,MH,71270,US
9cbe4be2-a2f1-43cf-9eec-bb23fc7d4bd6,a30f0f64-6b8c-4354-bced-98517b142618,shipping,545 Joy Path Suite 296,New Melissaburgh,AL,58745,US
674339c9-74bf-403e-8267-25a349f920ef,c26600f5-9e91-45a2-99cf-7a82fd0ec944,shipping,95109 Lisa Curve Apt. 104,Gallowayton,FM,00730,US
7818ec59-b62f-4ac4-b414-71a9320d7475,b823e7bb-87b9-4807-a29c-03a197a8d36a,shipping,00043 Justin Crossing,Karenshire,FM,26001,US
308663b7-2ecb-4e1b-b31c-261a1788f2a4,c4aa5938-aa5f-4f57-9645-01cb1e3e284d,shipping,36582 Campbell Union Suite 040,South Allison,NH,43099,US
be6d1a80-c937-4be1-928b-dc19e38d567c,0acef945-872b-40ff-bb18-7e240d87cf81,shipping,01908 Simon Fall,Jerrymouth,UT,67952,US
e5e05e7a-e8f3-41a6-a64b-424651f8be7e,ad66c923-761e-4917-a147-7a5b49fd49db,shipping,55908 Anderson Flat Apt. 856,South Donna,KY,43193,US
8d8adb4e-a115-4e7a-91b3-9dd0e8e30045,0ef1d06a-35b4-450c-89c3-45eb69dba74e,shipping,08568 Donna Stravenue,North Mark,IA,22096,US
2e9aac2c-9d89-40bf-bbab-345a6645ed3d,730133e5-dd14-40d2-aa2e-f0c7f0ad022f,shipping,462 Ross Camp Apt. 504,Allisonfort,PW,44150,US
77cce802-da95-447d-9fd1-e0b70619099c,01aea8fc-5403-48ad-bc29-6f2799aa1f3b,shipping,3878 Patrick Trail,Lake Mollymouth,GU,13510,US
c8002d69-01a1-4679-ad6b-51c32ce6bc9f,dcf8f3dd-9b4a-4773-bda2-18fcf6715657,shipping,0805 Jonathan Park,Port Chris,NH,78484,US
036f78da-d6ec-4ebc-bee9-84f724a9c4b6,0e2c549c-6543-41ce-a4b9-2c1718b0a733,shipping,50742 Garcia Landing Suite 203,North Rhondaberg,IA,04242,US
12138c77-b8ef-457f-9061-347e6cafb8b7,0e2c549c-6543-41ce-a4b9-2c1718b0a733,billing,06631 Estes Ranch,Hopkinsberg,NV,13488,US
f0fde707-c842-45ad-84d6-ac5c82a59105,8ccfdb5d-dc82-4445-a524-9c48315a7d35,shipping,1841 George Park,Evanshaven,AS,67386,US
af6c0a31-6ad2-46b1-9256-26d5957e4a25,df2626d4-7c46-4b78-bb75-71dec8ea8a88,shipping,560 Norris Path,South Rebecca,LA,78076,US
b88df862-c21b-4b9a-89bc-5846209f596c,38461312-fadd-4a88-af01-7352f210466c,shipping,8662 Newton Circle,New Lucas,WV,95030,US
3405cdd2-5828-4c47-ba65-023b79febc14,38461312-fadd-4a88-af01-7352f210466c,billing,6704 Schultz Plaza Apt. 659,Josephbury,NY,73820,US
f3f1968e-0237-4d88-81a8-ee5588765b48,a1556714-9c48-4db1-8196-438110f9f0c6,shipping,2008 Meredith Center Suite 374,Lake Amy,AL,08589,US
1914e5b4-6e4c-41a9-8ba2-c8127197cc56,a1556714-9c48-4db1-8196-438110f9f0c6,billing,288 Mcdaniel Mountain,West Joseville,PA,99185,US
06c10a15-e42c-4a40-b405-d9dc05b6e485,3d18fb57-ba97-4aa3-95f4-461bd9208ed3,shipping,9591 Elizabeth Station Suite 700,North Danielhaven,MN,57938,US
af1d403f-3181-4b9f-9cd1-6a8407e5062d,c19d8a1b-4838-409d-8414-1c20580fe828,shipping,1577 Amber Bypass Suite 752,Conradton,DE,56405,US
e58ecee8-60f2-49c9-a401-8fbde3f0ac45,7faefad6-490f-4cca-96ac-700b5bb90c41,shipping,33500 Amy Groves Apt. 176,Charlesshire,MI,38869,US
d92a39cf-b82f-405d-8113-a26a39895889,cba558d1-8f04-4ef3-a35e-bb69954803cd,shipping,6545 Peterson Pines Suite 227,East Barbaraside,PW,91455,US
444bc6d4-f62d-4ac1-ad27-82f23b5deedb,cba558d1-8f04-4ef3-a35e-bb69954803cd,billing,60243 Caldwell Village Apt. 245,West Sarahview,NV,27647,US
08735d9f-70fa-4f6c-a890-c4bfd605fe41,0d249bb3-def8-477d-b544-4ccc5d13f860,shipping,9454 Castro Tunnel,Hallhaven,RI,66427,US
a571bac4-3d6a-49bf-afdb-4fe281e1d9c1,0d249bb3-def8-477d-b544-4ccc5d13f860,billing,82377 Juan Run Apt. 547,Jessicaview,ND,73062,US
5ebdf7bf-3744-463a-b0f6-cf8ae964aafc,8938179b-a1c3-4b4f-95d3-6dffd18816ae,shipping,832 Karen Rest,Dixonside,ND,84402,US
d1dc6271-8bbb-4a98-8b5c-d4d1c3731240,8938179b-a1c3-4b4f-95d3-6dffd18816ae,billing,0802 Jason Highway,Chavezmouth,CO,83628,US
8a0396f8-9e32-4d49-ab35-f31c50ae996e,b03acc61-66d1-4088-81c7-3ef49a2a47cc,shipping,290 Joshua Underpass,Lake Christopherfurt,MI,73347,US
847e3a17-b8b2-4e37-b580-7c5315f005bd,18f18f45-c3d8-4b28-b2a7-e1c4771f7c9b,shipping,08697 Amanda Freeway,Michellefurt,PR,22206,US
5bd54547-b6cf-4ed1-9fd3-f2739386cc2c,c87b0df6-d2c8-48b9-b788-ba8676c8f6ba,shipping,23306 Saunders Meadows,New Christopher,MN,99523,US
0a338948-01c6-489f-9898-535bf93ca8eb,c87b0df6-d2c8-48b9-b788-ba8676c8f6ba,billing,2419 Elaine Mall,Davidmouth,CA,13101,US
78a7ee18-110a-4e3b-908e-0dfa6468c980,f3f97005-0fed-4ab3-9929-3611f25c04aa,shipping,00995 Austin Meadow,Port Donaldborough,KS,15558,US
afb0f218-f819-4f09-aa72-2486bdd8f37f,bc643279-4d61-4755-825c-6e8a9f622546,shipping,499 Cunningham Vista Suite 436,Aaronport,CA,80430,US
2a60a703-e4ee-4b14-ac5c-04bb3050f1ad,44e027a3-5c1a-43b3-8f9d-eedb2be2afac,shipping,6149 Jones Harbor Suite 973,Jillborough,AL,62584,US
5f03b7ea-35e6-440e-b338-9b430c751218,44e027a3-5c1a-43b3-8f9d-eedb2be2afac,billing,09558 Oneill Well Apt. 227,Taylorborough,ME,85959,US
abc46140-d7fe-4df6-9686-f88003e55c6d,60b6b5eb-8617-4357-9fb5-1bd87426b208,shipping,864 Bill Inlet Apt. 111,East Shawnchester,WY,98841,US
e0593307-1fc8-4f36-9433-385a8f1a6d34,e6d6e146-63c1-47a5-9cf3-4cde915d313b,shipping,6260 Nicholas Green Suite 604,Ibarrahaven,UT,89157,US
6f8329f5-b611-45d5-8e76-d2307cc7ba4f,021f2376-1f0d-41e7-a452-a0340db41e91,shipping,0383 Andrew Crossing,Jimhaven,VT,20039,US
599fc1e0-0a71-43c3-9dc4-a7ec93ceebe8,3a0f7839-97d0-4a14-9fba-23b8103a0c1f,shipping,8065 Andre Route Apt. 494,West John,MI,53004,US
c60239a7-dfec-42e3-a67d-73b45d9a3822,c0b3509b-0e83-4bae-bdad-6db25dca1542,shipping,7571 Kennedy Lakes,New Michael,CO,30415,US
d6583c04-52d9-4f43-ae79-e89e184931e7,fd7a3b0c-d054-4006-bcd0-b9c24a48c1b5,shipping,631 Susan Estate,West Andrew,ID,90821,US
fcf37e30-6782-433f-b0cc-2f92cbd80c81,904f1984-54ce-4c44-a5ab-e907912194e2,shipping,2999 Murphy Point,Jenningsfurt,CA,32217,US
0f84b787-ac2e-45f6-8955-946c54ad5f80,904f1984-54ce-4c44-a5ab-e907912194e2,billing,6184 Kenneth Walks Apt. 458,Camachoport,NJ,08573,US
81e4fd83-24e3-405a-b179-8810b25fc69f,90611a86-6ee7-46c5-a2e3-01249f25e684,shipping,8969 Robin Land,Lawrenceburgh,FL,20267,US
62cf5f31-bc9f-4dc2-a076-628272b6dfdb,e7d313bf-f3e3-4d58-b2e4-f53449f7ddd7,shipping,57690 Brown Plains Apt. 262,Flynnland,GA,46555,US
00798373-0fe6-46fd-8d9e-04613cd1d8d4,1237ea2e-a1b0-4bf3-9f11-555b8dcc7b4b,shipping,976 Julie Centers Suite 950,Melissabury,SC,08458,US
e9795543-0502-449f-b31b-77ddb990f86d,1237ea2e-a1b0-4bf3-9f11-555b8dcc7b4b,billing,85528 Rivera Valleys,Sonyahaven,NH,26719,US
4cd5685c-0beb-4898-8a9d-543b16c10f28,e6e465ed-5ee7-4cee-9159-bc4011ce6422,shipping,91025 Andrew Corners,Lake Savannahville,NJ,48619,US
c0024ca6-6611-4ef2-a526-76bcd29764fa,0e25cc3c-aedc-4c65-9da1-a9a6dda5233c,shipping,27366 Lucas Forges Suite 081,New Edwardfurt,AL,37903,US
c74be24d-5956-46de-9f19-d30d79bedd1f,5c809dfa-6e82-46fd-930f-269fc2ffa3e8,shipping,3381 Olson Tunnel Suite 742,Loganshire,WV,34267,US
8c5074d6-6bbf-4147-a3d2-edca1079c51e,ca8ac146-fa48-488c-be1b-18fd246a404b,shipping,20326 Sullivan Point Apt. 563,New Carmen,VT,86892,US
16662aab-52b1-4e10-a56d-3c0bfe333a2e,ca8ac146-fa48-488c-be1b-18fd246a404b,billing,2014 Diane Summit Apt. 043,Palmerbury,NY,15789,US
25d28ef8-fa8f-47e5-aa5c-2538418efbc2,e72fdeb4-bbc3-4f62-b6a2-656e75996dc0,shipping,11153 Laura Orchard,Port Vanessa,PW,38875,US
afd81ebc-b71b-4630-8ac3-581e14e1b070,799d9266-9abe-4a89-a056-770590c637aa,shipping,382 Joseph Orchard,Port Tamara,IN,04335,US
d03f8fa4-4d55-4abb-b9e3-28a4b509e311,cdb793a8-3063-4734-b2c6-b1ca12478746,shipping,985 Cross Port Apt. 102,Garybury,GU,05435,US
9b8b082b-1d6d-42df-a8bb-87870152f4d8,ca3616c3-65fb-4170-b48a-7a17c9fb51b7,shipping,4850 Carter Mills Apt. 643,Jacquelineberg,CA,42862,US
d52ea518-86d6-400b-8139-a42f247eec2b,ca3616c3-65fb-4170-b48a-7a17c9fb51b7,billing,3725 Johnson Path Apt. 274,East Sierra,LA,23951,US
9ae6da96-a687-4ce7-9f99-5064a7772265,71ed64ce-cbf5-4e74-a70a-46bc3517859d,shipping,6686 Garner Common,West Ashley,KY,53078,US
e00bdba0-45c5-4541-af31-e42e96a5663a,f6dec37e-6e55-4429-8225-a0930ff33cc2,shipping,32303 Reed Street,Port Sheilastad,TX,77558,US
22e248f1-d0a0-4a16-982f-fa7b24b5693b,1c27900e-3333-40d6-b69b-35eb43881b52,shipping,629 Brock Drives Apt. 896,North Adrianaview,UT,72752,US
20330701-92f6-4a23-8670-e004585e8e2a,1c27900e-3333-40d6-b69b-35eb43881b52,billing,964 Matthew Crossroad Suite 524,Port Pennyfort,IA,20828,US
25fd2b5d-c95d-4e20-86f7-414769098491,6870e11a-fb11-4e77-99c7-b89718dd465b,shipping,150 Cuevas Landing Apt. 098,Parkermouth,AR,85844,US
9706a0c4-7b0d-4be9-8c92-c066246debe4,6870e11a-fb11-4e77-99c7-b89718dd465b,billing,845 Smith Port Apt. 772,Peterburgh,HI,05579,US
6a135845-9476-4049-98ab-a694411672fa,c2aa227f-afed-4428-b264-9986c0c1fbab,shipping,8959 Emily Courts,Brownville,MH,36785,US
50aeebd7-f2ce-4d61-9822-5a3e9d86a03e,c2aa227f-afed-4428-b264-9986c0c1fbab,billing,72303 Nixon Track,North Melissaton,IN,98840,US
5e0b6622-ec82-443c-923c-45974c92bbfe,ab180d95-ba43-46e0-b997-a6754793a20e,shipping,20343 Rivera Ports,North Nataliemouth,HI,72407,US
c933e56a-d925-475f-a5ef-7eb4e456c97c,3e5880eb-f389-4e3c-95dc-c86e0980fbc1,shipping,27165 Acosta Oval,New Nicholasfort,MA,89973,US
dbabee9e-7d98-43e0-b6f3-894051e1bf03,b8c5d262-8fd5-45e9-b58e-fb9e0ad4e41f,shipping,9399 Eileen Village Suite 111,Port Michelle,IA,99868,US
e9dce70f-5fa0-43bb-8519-5d84080cf24a,943f2cd7-edeb-4b5a-bbb5-cc02c0dc68c0,shipping,2990 Howard Haven,Port Kevinshire,VI,59963,US
c1587762-2519-42be-8fc1-dbc2f27165ec,66cacd12-86a8-441e-9eab-bb05c3a864c5,shipping,66474 Richard Pike Suite 587,Brownfort,DE,59768,US
66cf438a-e697-477c-97b3-bc587c86affc,394fb57f-20b2-4ca2-bd8b-6718c719092b,shipping,8398 Colleen Ways Apt. 409,Port Larrytown,AL,38555,US
f79528a9-da68-49ed-9240-f75bb1ba981a,394fb57f-20b2-4ca2-bd8b-6718c719092b,billing,9476 Maldonado Station Apt. 330,South Philipchester,MP,43680,US
cb17c8e8-9e22-4295-8fa3-62d6ac4ca347,64d45ea0-c453-412f-82c4-b45f7083e14a,shipping,2025 Ashley Unions,Matthewland,CO,40703,US
5c080d15-61e6-49a6-95e4-cb1ccf1fe03d,8ac0d721-e9e1-41ed-b07b-29763b8db2cf,shipping,108 Wright Well,Griffinbury,MS,62694,US
7db5187c-3854-4110-8906-351e5c007d76,8ac0d721-e9e1-41ed-b07b-29763b8db2cf,billing,6485 Jessica Station Suite 093,West Karen,NM,24414,US
b5128514-d8fd-48ee-a1d0-522044507625,ea6a3c88-2df4-4487-9ad8-ccaa0f3bec05,shipping,4456 Clark Spurs,East Christine,MI,32473,US
4cc91e35-d4a7-4825-bfa5-9993d00e512a,74d778e3-a801-40d4-abca-79c71cf6aedf,shipping,03395 Pamela Course,Evanberg,HI,63323,US
d120357d-1a66-46de-baa1-564a4da7b4df,4bc73235-6557-4e46-b9c7-2267c3473c07,shipping,2924 Fernandez Well Apt. 709,North Lindseyshire,KS,94314,US
4bcbe694-d2d2-4c7b-bf0c-8c9d722e256d,d8b06357-7dc1-4f4f-9f36-9a6e028eba7f,shipping,01032 Wilson Lodge Apt. 956,Conniemouth,HI,57686,US
f8c801d9-79d9-42d0-a571-b926bc74c69e,873637fd-c9b3-4b21-83c0-5e5fb094d091,shipping,097 Santiago Island,West Gabriellaberg,VI,00674,US
146b587e-1a2b-4837-88b4-6ec82310fc91,873637fd-c9b3-4b21-83c0-5e5fb094d091,billing,06810 Kevin Spurs Apt. 449,West Aarontown,AS,99613,US
e42bd277-d08a-496f-a879-12c2ac17ca4a,72dd80e8-89bb-419c-b385-d147d920b80f,shipping,116 Rachel Street,East Brian,RI,53703,US
295014f7-70c7-421c-b6fa-267d35541c88,7c840b84-bfec-440b-a007-08c96df990f0,shipping,753 Schmitt Ridges Apt. 205,Tommybury,PW,07388,US
1e1ff5d9-9330-40bd-87ce-eab37f7a55b2,b7520055-cd76-4f77-b5f7-ea9fef1b5d28,shipping,010 Anthony Neck Suite 298,Gabriellastad,VI,51166,US
21fb82e1-99f3-47bf-b533-7914f0491090,3a050cc6-9d98-4251-9e9e-a6290cddb390,shipping,624 Sergio Fords Apt. 355,Collinsland,PR,66720,US
a2e6fc72-c2dc-4714-affe-e17826f4deeb,3a050cc6-9d98-4251-9e9e-a6290cddb390,billing,656 Kenneth Row,Matthewview,AL,37403,US
dcd2d7fc-a301-4ffa-8f05-dfd2b1802a1d,e2fd4d63-718b-4b45-ae66-22b798a08c63,shipping,583 Laura Grove,Dickersonbury,NH,01194,US
ed7ee32a-b615-46fb-aef3-6d21906d4290,713e62b1-0c1a-4fb7-b3af-bb52f0f8d687,shipping,20238 Padilla Ports Suite 260,Sabrinachester,ME,13958,US
6e394475-a1ac-43d1-aa37-6914fe5ca250,818ac0da-7846-4d19-9bd7-d87c4c2e66fa,shipping,17683 Mitchell Oval,Lake Cody,CT,76577,US
fb4d2a21-e5e0-4ca9-a1e7-05af8a1a24b1,4b69bee2-b60b-4ddf-9e40-c56870a5072a,shipping,345 Lindsey Canyon Suite 209,West Mandyburgh,NH,98023,US
6e21919d-cc02-4aa4-a2a3-df9dfe9e8c66,3935f0b8-e1e6-46c4-9b1c-e516937d9e62,shipping,74228 Hill Summit Suite 337,North Bryan,NH,53441,US
aa7d800a-15ac-4a09-b233-f3e774552e9c,f1573e91-f9e0-4a59-a753-f377fbad7a76,shipping,5803 Pratt Fall,Jordanbury,VT,55817,US
0e50f019-518d-41f2-b7e2-cd732134a156,1a75541b-4e5b-41b3-a153-a7a0922fd9c5,shipping,004 Rachael Drive Suite 496,Lake Shaneborough,WV,25116,US
8ffd6200-4fc5-42ab-bbaa-580149f187e5,ce9cec1d-2072-49ae-8b4a-d5265ce64173,shipping,4220 Jessica Bypass Apt. 548,New Mathew,ND,36567,US
14746b7f-a4d4-47d2-ba66-282846d4a4a4,e3578600-1e1e-4fc5-b565-a891b12f42bf,shipping,347 Cameron Shoals,Lake Richard,MO,62682,US
464377d2-7e5a-436c-898f-b87832e0745e,c316c055-fc78-4d11-bb10-a9d9c2d7849c,shipping,46116 Grant Shoals,Sandersside,VT,63923,US
34c5c9ad-22c7-4cc6-9e9b-5e7c0e667834,55ee01ba-737d-4740-8343-7b9c2c5e92cc,shipping,58073 Elizabeth Crossroad Suite 904,Jeremyhaven,AL,16480,US
7ebf4e03-3f83-4480-8074-45e1ddf9bad3,d278ba14-d81f-43b3-b250-e1bb48a6fc46,shipping,328 Kelsey Mission Suite 315,Alvarezland,NC,09211,US
05ab336b-f46e-45a9-914d-66d05d41ea66,dadc0db8-3121-4d4f-a1ac-de3593cb94ef,shipping,52223 Christian Spring,Lake Jonathonberg,IN,57058,US
f1989c26-b726-49de-a29c-37982adc5305,e341761e-f5d7-4f99-8ac8-cb35bf745aa9,shipping,814 Griffin Forge Suite 456,East Hannahville,MS,34723,US
c8a28c47-74dc-4bca-90b7-e2db754acd02,b83cc3fd-09de-48ce-9ff4-90bbd7b099d0,shipping,0236 Michael Shore Apt. 073,Lake Gabriel,ME,51099,US
62f699c8-c8b9-40ab-9043-d1a4a0720e5c,c29c317f-60c9-4582-b89b-767a44ab42be,shipping,1492 Howard Trail,North Coreystad,RI,09703,US
a68f3c9f-5167-4503-855c-ab5afced3c01,c29c317f-60c9-4582-b89b-767a44ab42be,billing,63218 Zachary Club,Brockberg,CT,05371,US
61c8fc56-6454-47f8-ae0d-aba50e78c7f4,bbe3f353-9890-47bc-b7a0-cde118ac1619,shipping,854 Christian Green Suite 298,South Kendra,RI,33773,US
e1412bcc-f762-4fbf-97cb-a8faa13a078a,54c4b92c-6879-4513-bb1e-d9ccacc16ca5,shipping,249 Ortiz Ways Suite 490,Rachelfurt,KS,52995,US
a2deff1f-7da3-4b2c-9ad6-3590891afb93,164451fb-ac82-4e3d-ab86-e31d0ef73ecc,shipping,5970 Morales Turnpike,North Amanda,OK,75977,US
e2129291-fb48-4b40-8798-7c6b8242680f,edd5d81f-20e3-40c6-b850-fa7a0e4116e4,shipping,3816 Eric Branch Suite 804,Mikeshire,PW,93096,US
11937776-0fcb-4226-8eaa-c66e61fc6d7a,58e1987a-c4e7-4520-a2ca-cfb1c3c5bdb7,shipping,83775 Linda Circle,East Tiffany,OR,63234,US
3ebdd67b-fb55-44e5-a5c4-d72a8f93ca13,58e1987a-c4e7-4520-a2ca-cfb1c3c5bdb7,billing,16672 Troy Cliff Suite 544,West Arthur,UT,86163,US
a751181e-e7fe-4d74-a797-3e78f29496fd,b6198c8c-8b00-464b-b4e9-7b3bc5000a71,shipping,5420 Luke Flat Apt. 309,Anthonyberg,ME,84997,US
7456e360-e38b-4497-83ee-08348207eec8,c34062c3-ee02-4358-9742-40e52aca605c,shipping,937 David Flats Apt. 512,Lake Loganfurt,NH,30359,US
82746e5b-f5c7-412c-83ec-ffb4e3e3839c,36f88e06-fa8b-4936-bb16-90be12b75ce7,shipping,529 Hess Knolls Suite 105,Bellview,GU,08507,US
b5a1c805-4b00-4342-989a-bb1c823fc6b5,36f88e06-fa8b-4936-bb16-90be12b75ce7,billing,34405 Megan Drive Apt. 700,Deborahhaven,SD,77462,US
0fe52f22-1055-4444-b8ff-36c8c2ea08d4,85e3a486-7da4-438e-8c26-d5d6145c71e6,shipping,38414 Gibson Fork,Ashleyberg,NY,32627,US
eff0b40d-2172-4e4b-9714-5b0ce0d874c5,ddaa9922-67ac-4a64-aa8b-b68bc504f4f3,shipping,0518 Castaneda Manors,East Fernando,VT,34026,US
5528a0fa-b3cd-42f3-87d5-4c3df99fc61e,ddaa9922-67ac-4a64-aa8b-b68bc504f4f3,billing,2171 Wesley Ferry Apt. 200,West Jeff,PR,31286,US
2cbd8ecd-8002-4959-8e59-0cddcc2710a3,c629a790-19cd-4cf0-8779-f333eb60a6f6,shipping,348 Joshua Causeway Apt. 743,East Suzannemouth,AZ,37691,US
29994f15-aba0-4664-bbc3-490b33f40676,15863f4a-a4b9-4b13-8a9a-fca8abd1adc7,shipping,6109 Cody Corner Apt. 729,North Wendy,GU,17411,US
6bae2a59-2111-4166-9db3-1ac4c2f09757,48d8a010-7757-4bd2-a8ce-8ec3aebbaad6,shipping,84652 Torres Haven Suite 798,Emilyhaven,FM,10541,US
615ba36e-3fe7-4e4d-9e33-13e650f107b0,48d8a010-7757-4bd2-a8ce-8ec3aebbaad6,billing,421 Anna Inlet Apt. 673,South Sara,AR,22078,US
f5c650c2-a3ce-4b3d-95f7-687a5d791d93,9c447878-29bb-4224-a846-da338d057bdd,shipping,97597 Duane Streets Apt. 879,East Jessica,NM,39395,US
93198d3a-261f-4212-8aeb-216149c9ae89,8c745d97-96cf-43d6-8a8d-2b739f73b8d8,shipping,31079 Emma Fork Apt. 028,Lake Jacob,MO,27570,US
ae5ac803-8f94-4571-a48a-544f52663de2,8c745d97-96cf-43d6-8a8d-2b739f73b8d8,billing,34398 Rick Expressway,East Jessicaland,PA,38576,US
bd33e9d2-0712-436f-9a08-563c00f239a1,8126d2d0-4d18-437c-90cc-538134a00db1,shipping,3453 Simmons Station,Wilsonmouth,MS,36822,US
50a65e56-6142-40ee-aed0-1abaaf5c0b65,8126d2d0-4d18-437c-90cc-538134a00db1,billing,407 Mueller Lodge,East Nancy,MP,72954,US
4f082663-be58-4b40-adc1-f017d2999f28,4a687f1c-2cb8-48cc-aa3f-5d0812a82bfb,shipping,816 Marquez Fort,Tuckerborough,FL,82495,US
918931b3-d799-47d0-b20d-a1f83aa8c216,4d88c7ff-d756-496b-bd00-701c230fdbb6,shipping,4473 Justin Wall Apt. 330,East Andrea,MI,98085,US
a33e2ca4-565c-42e0-9a62-9e9dd54a913c,4d88c7ff-d756-496b-bd00-701c230fdbb6,billing,6036 Bass Place Suite 494,Kristenport,CT,17286,US
938f6596-32c1-4451-acdc-75d05c7e8bcd,325990d9-b85a-4adf-8696-8d6f667ac222,shipping,464 Barron Mountains,Nobleside,WV,70511,US
a01a3896-251c-409b-b448-79223c68124d,325990d9-b85a-4adf-8696-8d6f667ac222,billing,35686 Kaitlin Manor Suite 877,Katherineton,AS,01585,US
e652f607-522f-4b81-8d24-4e939768e36c,61cf6e7c-c4b5-4a18-b2d8-d91c5c0b1e06,shipping,97025 Jones Overpass,Travismouth,MO,82492,US
b093a46b-5d9a-4343-8507-fd6734b4fbb9,0820d574-643c-46da-8faf-f09f1de724d4,shipping,147 Natalie Trafficway Apt. 334,Wellsbury,IA,06743,US
5f320ee2-ae9b-43ce-b4bf-68690cb1a75b,0820d574-643c-46da-8faf-f09f1de724d4,billing,3321 Amy Forest Suite 378,South David,FL,91561,US
a6281376-eef4-414f-9ad5-7ba05b4020bd,823bd7cd-82f3-4bf6-9f75-c226c42195b8,shipping,1821 Peck Plains Apt. 269,West Shawnport,WA,95009,US
f5a204eb-b0d4-402d-9310-2d2ac547882f,a7826912-8455-4a92-bfa0-e39194de3702,shipping,79516 Benjamin Land,West Jennifer,KS,38318,US
94311035-eeec-466a-8abd-943dac0d1cd5,0837b9a2-6b35-4984-9155-7d21272ab5bf,shipping,3145 Ashley Viaduct Apt. 353,North John,KY,79858,US
c96e4063-d053-46e0-945f-3a5eb58787c6,77a08e30-ff66-4116-83da-c6943009c6a2,shipping,5045 Clinton Tunnel,East Brittanychester,OR,32591,US
946550fa-86d1-4871-81a4-d0cbc79d381e,e3bb4eb0-4360-4c80-9ca0-2973b85d8991,shipping,2269 Welch Ramp,Wilsonmouth,VI,51694,US
b187f781-6af1-4442-aade-588d1b16d01f,a5417a5c-896e-46ce-bffe-b5c0abe2b112,shipping,59371 Dustin Trail,South Gwendolynborough,CO,24203,US
f43430fc-be1d-4b08-83ea-dbfc25f26a27,7c0e93a1-ada1-4fc1-8677-357bb9cb3b7f,shipping,81712 Smith Ridges,Hendersontown,MH,12529,US
eb7ccb50-7d52-4fdd-9244-bb9df3e8593e,7c0e93a1-ada1-4fc1-8677-357bb9cb3b7f,billing,2912 Mueller Drive,West Deborahbury,TX,27342,US
0f980056-579f-4694-81cf-9bba97770e86,c935dd60-246e-4643-8cc8-de68eb4e8ed9,shipping,20995 Theresa Ranch,Amandahaven,WY,19506,US
b3408707-ae80-46b6-b11c-6395dcfe6787,112a66a0-fccd-490f-91fd-fdd42ff49dbd,shipping,26622 Timothy Harbor,New Karlaville,PR,90131,US
e21e776c-609a-40d0-8f2e-eee073f3fa0f,112a66a0-fccd-490f-91fd-fdd42ff49dbd,billing,0480 Gomez Passage Apt. 211,Carolmouth,AL,29185,US
f844f8eb-43d0-4968-8af2-2e4bd183adf3,8bbb60f5-0307-4112-b249-996d4907aa3a,shipping,6491 George Bridge,Port Morganland,RI,72948,US
a23f64c1-5c61-402d-8ce6-a14f71c48279,a6cc8a1a-a81d-4094-8077-0e63d711aeee,shipping,73014 Monica Rapids,North Jamesmouth,MD,24020,US
af9ecbe3-ea1e-49f8-bf24-1a70ab19016d,219ecb2e-e655-4fb8-9808-8ca4ee875afc,shipping,857 Bridges View,Birdborough,WI,93634,US
0ffb584f-afda-4923-9b69-5c968a04bf53,219ecb2e-e655-4fb8-9808-8ca4ee875afc,billing,02137 Peter Port,Clayberg,DE,80654,US
d7445430-5e8c-4ed3-82e6-20608e5729c8,48b07049-feb0-41de-8434-a6854fd7fb59,shipping,63007 Andrew Crossing,North Timothy,WV,05599,US
cae58235-5f10-4606-90c3-b706e4c7c9c3,0b98482d-a03f-4bbf-ad17-032cae83f632,shipping,463 Brown Villages,West Elizabethhaven,CT,67680,US
ed9f2fd8-6163-4349-b0d3-3357ca3afffa,80bbb1c5-f86a-4b18-a627-cfc635ec67fe,shipping,311 Williams Prairie,Drakemouth,OR,54578,US
5de4cecd-805e-4161-ad82-cb5797a18224,80bbb1c5-f86a-4b18-a627-cfc635ec67fe,billing,073 Ingram Ridges,Whiteheadstad,VT,47088,US
055a1cc0-3ed8-49d2-b089-736d945edd96,3b90bb39-b995-414c-bb1a-7b53ab513356,shipping,19043 Ellis Passage,Port Jamesville,UT,69107,US
de83f3b3-1466-48d7-9ee2-3aadb974e965,f5f2cbcb-167e-4f08-92bd-44f97d6317ed,shipping,010 Dougherty Walks,West Andrewville,AZ,80897,US
c5909da3-fcc3-4e03-ad10-698a1b90b71c,f5f2cbcb-167e-4f08-92bd-44f97d6317ed,billing,94837 Rivera Cliffs Suite 399,Knightfort,LA,99033,US
6b4a6c35-4992-485f-8781-4dfafd1ec4db,20b3a462-02e6-4590-8e14-6d8a0ccc2365,shipping,544 Rebecca Rapids Suite 761,Blanchardport,CA,42367,US
e03ef05b-3ba8-4049-ab1a-dd0b71666370,c8cd8cf0-4f8c-4a6c-ae78-cebc3889da49,shipping,24806 Ann Wells Suite 383,West Iantown,OR,92052,US
680641ac-63c3-4dd3-8bd5-127dd4584d25,afb85398-ea9b-49a4-acd3-6e759a451574,shipping,3396 Sanchez Vista Apt. 094,Ortizshire,NH,97160,US
1ffe80fa-07a9-4b51-8834-965dc47ddb19,504c2735-491b-48b6-9a8e-6ac07f967c54,shipping,317 Megan Key Suite 830,Leroyshire,NY,56055,US
d71e0c76-8361-47b4-acb7-9aa0447ae07d,01c33ac4-e79b-46bd-95f3-87cef1b8c28f,shipping,1440 Nancy Radial Apt. 539,Diazberg,MT,06267,US
68d76bc8-1812-4994-b96a-12c5221c9d52,01c33ac4-e79b-46bd-95f3-87cef1b8c28f,billing,7654 Kyle Knoll,Mooreport,AL,80307,US
15f0d9af-0f61-4782-996d-2a1a37537966,07f5cbbb-cb45-4582-8682-dc8284a4dbbd,shipping,33474 Monique Loop Suite 911,Thompsonport,MS,61034,US
11389242-2ae9-4ae7-9cd0-2724e425a93f,725bbf4d-d43a-4947-9994-ab1b2e6a2b2f,shipping,97427 Young Tunnel Suite 408,East Margarethaven,NE,61335,US
4396306d-1762-419b-a67a-95e71489c639,7b0e5eab-3945-4094-a434-5a13de7ff5b7,shipping,880 Owen Lakes,New Denise,MN,96465,US
46f351c8-0494-4dbe-8d01-dda69a40cdde,2271b9b4-de2f-4521-9398-9f7952e28cc2,shipping,45446 Crystal Terrace Apt. 311,North Breannahaven,FM,10184,US
81df2e44-9c7e-436e-b7c0-983894b887ce,2271b9b4-de2f-4521-9398-9f7952e28cc2,billing,674 Morales Stravenue Suite 935,West Jeffreyfort,ID,74078,US
44439e29-dd7c-4254-884a-61009784a243,3268ddc8-8d9b-4c95-95cb-0e1d8eb79018,shipping,67571 Harrington Circles,New Brendan,CT,20042,US
993f181d-7123-406b-a87f-24b415594fc7,9cbb57b3-3613-4f99-85a7-98e3def6d86e,shipping,39176 Francis Ville,North Cindychester,KY,24983,US
6fe7c02c-abd3-4129-bc65-48f3bccc3811,5009781c-5f06-4973-93b4-15e5b2faf48b,shipping,432 Elizabeth Trafficway Suite 825,Amandaburgh,AZ,69662,US
05731d5c-b8e6-4248-ac3f-e6b7713ef504,5009781c-5f06-4973-93b4-15e5b2faf48b,billing,15310 Rivera Locks Suite 465,Greenburgh,AL,75901,US
df7bb02f-8ed1-443b-b48d-7e6fdb715091,71788f5f-d2fd-4573-9428-fd8fe4ab1b70,shipping,355 Hill Trafficway Apt. 432,Lake Margaret,AS,10421,US
f785eac2-9cd7-4d5c-9b66-08a9e0321e8a,c9807e40-617f-4ee7-bf36-f71870b7c33b,shipping,70833 Bailey Shoal,North Danafurt,IN,37357,US
1ca9363c-a47a-42f1-bd30-97924f0bea81,c9807e40-617f-4ee7-bf36-f71870b7c33b,billing,58969 Conway Mountain Apt. 917,Watsonborough,MP,76054,US
bc3e764e-c3db-4d7e-aa80-ffcf66940c91,beb69f57-f2c6-4464-a284-78cc489b1fe6,shipping,951 Matthews Manor Apt. 328,Port Nicoleborough,MH,71718,US
d5f0a13b-ece2-4724-89d7-09503531d95f,82325edd-35fc-4299-a3ea-161bfd71ebae,shipping,2660 Spears Route Suite 974,East Jefferymouth,PW,25874,US
dca2a760-bd45-4d59-80e5-19fc86eb7d18,82325edd-35fc-4299-a3ea-161bfd71ebae,billing,38002 Richards Flat Suite 442,Amberberg,ME,45933,US
95eafbe0-1c22-4658-8250-f45a8edbe9a4,85a2a002-442d-455d-937a-bb843417db7c,shipping,164 Ryan Freeway Suite 130,Pageside,IN,46138,US
9397ee82-3172-42ce-9675-0a4f63281bc8,3c052cc7-1f66-4baf-9232-3e728360c39a,shipping,375 Shaun Mission Apt. 380,Martinland,OK,99560,US
631ea666-b145-42a6-b87e-e43cb76086f4,b31f639a-52e7-46f0-80c9-144eca2db051,shipping,03533 Thompson Brook,Port Meganstad,RI,46041,US
0a3242a1-7f0c-4272-89f7-78515acde952,9b46f00c-d686-429f-84f2-86bf6c87157e,shipping,2605 Paige Estate Apt. 172,Port Patriciaport,NY,03519,US
5e7d2a51-ba25-4c4a-ae26-ba91890c3208,329eb454-5e04-4b57-b4b5-a6083fec9bda,shipping,06203 Eric Ridges Suite 399,New Patrickside,NM,65730,US
916558da-848d-4071-9b5e-66734f247e93,329eb454-5e04-4b57-b4b5-a6083fec9bda,billing,94703 Veronica Plain Suite 587,Lake Thomasstad,MA,52062,US
a80537cb-5c55-4887-9b41-eb3da1843432,a8c43706-2582-46fd-92e9-91e64243804e,shipping,682 Jasmine Viaduct Apt. 363,Rebeccaburgh,OR,56792,US
0145dce3-494d-4a2e-a2fd-df75b5f6e7b9,a8c43706-2582-46fd-92e9-91e64243804e,billing,1821 Aaron Fort Apt. 612,Wrightshire,NE,56184,US
55ac87bd-ddcb-4141-818b-2c9b167c3bfb,691e5e18-50ce-4a5d-bc28-d48f46db757a,shipping,786 Aaron Mall Suite 124,South Brandishire,MI,71031,US
4dbffca8-d987-4174-975d-253e081f0469,1edb27e1-0cd8-470d-8ec2-f40f67f7997d,shipping,20294 Sean Motorway Suite 946,Brownbury,MO,99530,US
1deca95a-a67e-4b2e-b0a8-3f27ed25231d,1edb27e1-0cd8-470d-8ec2-f40f67f7997d,billing,856 Collins Mills Apt. 567,Butlerville,NM,45793,US
ea97631e-c214-46ee-a630-91e945124224,db340f5a-97d3-4f33-a665-bc5d4fc8fb2f,shipping,250 Joshua Throughway Suite 337,Lake James,SC,14706,US
bb3d9178-6b25-4d92-af5d-46850ee3bfa8,d19fca4a-1fb7-4955-9a81-9d037a8b886c,shipping,717 Lisa Mission Suite 653,Tranbury,KS,81044,US
ea1276be-e001-4f29-8a87-d917ad0c848d,12b4446f-e3fa-4214-bc9c-9d1b454e3ad5,shipping,6368 David Lane Suite 308,Robinport,VT,66834,US
0a7109d3-c0fd-4a23-a4e7-602c48ce9bbc,5b752b41-2a57-4cbd-bcba-7bf058031646,shipping,896 Allen Walk,Josephborough,GA,92558,US
9c64a7dc-ffde-4e4c-aced-dee9c34d8f19,5b752b41-2a57-4cbd-bcba-7bf058031646,billing,221 Hunter Points,Travischester,SC,95736,US
ebad9f0e-8f80-4a1d-baf8-bf388b215df4,e88a716d-0c1c-463f-adfe-b0a525c84811,shipping,633 Victoria Mountain,Perrybury,OH,13823,US
a7375e40-d8b6-45cb-a401-fe85d7763e8d,80ec04e0-c742-4db2-a6fd-8440cb6db8b7,shipping,484 Tucker Skyway Apt. 941,West Davidbury,FM,62001,US
633b6ebe-2dc0-4a07-8806-ea021129e72a,8a153a75-f78a-449b-8177-3f4671087360,shipping,161 Taylor Squares,Lutzchester,SC,91546,US
595ae1ff-5803-42b6-a049-2cd13c2e2ebb,8a153a75-f78a-449b-8177-3f4671087360,billing,080 David Springs,North Elizabethstad,MP,76955,US
9187041e-dd80-4464-a9e1-7784b131ea45,527eaa25-d7d1-4635-b51f-9bfd82c634a6,shipping,078 Stephenson Parkway Suite 062,Brooksside,NC,90028,US
e78a0080-1b76-4445-a87f-ab87b3358980,e1b7e847-e635-4b79-969b-a1134ea86443,shipping,32828 Jessica Lock,Gardnerland,MA,22121,US
1c2a3fa7-32f4-4c16-97ec-aa0c2b0c420d,e1b7e847-e635-4b79-969b-a1134ea86443,billing,78400 Knox Keys,Lake Taylorville,PW,53246,US
79f728b5-e406-44d1-af9f-691ffce80896,cdd9eb53-11a8-4232-bdd1-64a85edfb39b,shipping,9031 Jordan Ports Suite 365,Mezaside,WY,01404,US
7e4fe22b-6ca2-41a3-ac0d-3280a7fc1d8c,39822313-41a2-46d1-b4d4-38622b18540b,shipping,3438 Shannon Track,Georgeshire,ID,01461,US
a3e9d4b9-9c4b-4205-b2e1-eab419a88c56,39822313-41a2-46d1-b4d4-38622b18540b,billing,070 James Locks,Melindamouth,MO,67920,US
99216458-3341-4b5d-885e-383e12e518a1,0e7143fc-c5a5-406c-84a0-2efd9c4eb900,shipping,869 Smith Green Suite 834,South Erikberg,GA,47267,US
65d7ee91-4cd9-4f9e-80a8-a7789f7d1dcd,a79fe485-a7a3-480f-ba1e-38cc9b4c929e,shipping,8669 Carter Road,Jaredmouth,ND,03725,US
359599a2-b7d9-46c6-9615-fc697d8535cd,498c8dd2-7c48-482e-9cdf-d61de1b87f65,shipping,2365 Michelle Trail Apt. 813,Lake Dianeview,NJ,80796,US
e3230753-51f0-4709-bf64-a24ea31b1236,5ffe30da-6f33-4e11-a59b-08430d60b839,shipping,22627 White Expressway,West George,WA,16151,US
2f27df41-c304-4a3a-881e-8208ed8e4593,0d39dbdd-85f3-4b07-82da-46dda5f26a35,shipping,7048 Mary Manor,Dustinfurt,NM,19995,US
027f1489-4392-4394-a52b-46243d765aea,39673adf-e9d8-413f-a050-00a06c2084b0,shipping,97904 Krystal Estates Suite 421,Valerieborough,MH,45998,US
53bd725b-008e-4649-b844-5b86a628e83d,dc27134e-9a6a-472d-b7e1-b308ab268527,shipping,37713 Zhang Field Apt. 178,Lake Kimberlymouth,MN,12932,US
23f10ddb-1e1a-4495-b314-fb65c6806e91,c7115ba2-2e95-48fb-b98f-673ea34a6072,shipping,993 Bailey Forges,Ericaborough,VA,12586,US
84bc621b-5eaa-4c13-8464-07f5b358e3f1,c2610bc2-e588-4417-aaa6-e5627a8db9c2,shipping,40617 Lane Shore,South Erik,DE,11571,US
c92f3387-e359-4f2c-b45b-345840272aea,a932a686-2960-4242-8bf2-89ac3b557429,shipping,751 Jasmine Circles Suite 643,Edwardmouth,RI,78925,US
92f5de90-56e4-4e8e-b74f-08a7c2477d27,2932ad7a-4cb3-482b-9332-0929cbe2de08,shipping,854 Hudson Plain,Walterville,AR,12377,US
2cdbe385-814e-4d82-8556-47d2d16988c9,25bddccf-4d3b-4c32-b9e0-4c6964eecb1e,shipping,8946 Martha Drive Apt. 953,Saramouth,HI,92881,US
27e58e60-b0c2-41cb-b847-ee52337ff124,6e475592-06d6-467c-bb02-f1bb7ba9d5f9,shipping,85565 Joshua Pines,South David,MT,11551,US
770da21f-a2f0-4358-81ce-e8fe21de66f5,f597786f-53bb-4ac7-b737-5109f1fde56a,shipping,71394 George Row,Port Vanessa,IA,05398,US
6f4c549e-5c2a-44bf-919e-03610ebab416,f597786f-53bb-4ac7-b737-5109f1fde56a,billing,2407 Johnson Street Suite 210,Edwardsmouth,DC,76347,US
f10ede59-8abf-46c5-940d-6999777872bb,1217aef0-98b1-4488-a18a-20da7ee44c71,shipping,68508 Leslie Vista,Port Tony,WA,57250,US
d014ab8f-b181-4deb-959c-ea46554cb1a7,8f2e05d1-7e7c-4bd2-a3c4-f8fde99c3b7a,shipping,2379 Wong Estate,East Robert,SD,53242,US
d9520b52-9a98-49ec-88cf-7f6df1c84a7e,8f2e05d1-7e7c-4bd2-a3c4-f8fde99c3b7a,billing,37447 Henry Isle,Port Debra,MS,89011,US
22ab695d-7bcd-49af-9c35-90045172e34f,364a0597-5c78-48f9-a223-8c4a1149d28f,shipping,684 Harrison Canyon Apt. 137,Jeanetteville,CT,34682,US
aa7bd426-30be-43ae-a903-c057421618c5,76203474-67c5-42e8-a5d9-27b7986728f0,shipping,2011 Martin Plaza Apt. 455,Matthewshire,ME,56806,US
da83d185-c239-497c-97d2-b98de5a63d47,08e6f85e-d30a-469b-8b65-e1cf7ea1c2d4,shipping,57000 Thomas Circle Apt. 431,Brownmouth,KY,05980,US
9272e05a-1b69-46c2-bd29-656455204340,08e6f85e-d30a-469b-8b65-e1cf7ea1c2d4,billing,716 Elliott Drives,Port Dennismouth,SD,32084,US
8b91f554-930e-4b75-b35a-f2d001ff78aa,0acf680c-972c-494b-b1f2-ae05e0f8d520,shipping,150 Garcia Crossroad,Moorehaven,WV,52938,US
9215e91d-8adf-4966-982c-cce21f67aa97,9b981842-0f4c-4ace-b1a2-2e675f162498,shipping,09492 Daniel Ranch Suite 443,Johnsonberg,OH,24640,US
f4e69647-9b0e-460c-a0bd-64a9e028136f,e283327b-c243-49d2-95da-102dcade5730,shipping,28258 Timothy Mission,New Sarahstad,WA,90907,US
ca894409-9624-490e-a186-b9f0b2e5e0ce,f4ffab68-ec20-4d40-9f90-086ddc062797,shipping,8606 Jennifer Dam Apt. 812,Lake Catherine,CT,58243,US
9fa015aa-a136-4122-bc6d-a9c851864077,f9e79b4c-3d14-480d-a4eb-734619aaf3c9,shipping,61782 Crystal Village Apt. 173,Schwartztown,LA,85031,US
c0cc5520-338e-408d-a4f5-28960147ce61,ef91aa14-6346-4806-af0b-3d9da0a3d4b8,shipping,2438 Kara Square Suite 236,Desireemouth,VI,25262,US
2fc0a7dc-bd07-4ca0-aee3-346dc974f963,4e21169d-10f1-46a8-a0c4-92ca999a5bc1,shipping,8989 Penny Manors Apt. 932,South Alexander,ND,82668,US
5fa0a3c3-335b-4eec-bf5e-d069c409fa74,0d7565e9-2eef-430a-a07a-aea01d8281df,shipping,0833 Jacob Route,Williamfort,DE,99548,US
d4cd742f-f3d4-4446-8def-184acb676d08,0d7565e9-2eef-430a-a07a-aea01d8281df,billing,626 Jimmy Ports,Payneport,MT,48161,US
2ac50206-2aae-4846-8171-749558a25a0d,8a53dd50-0f42-4e95-a5ae-37e34cdbfd64,shipping,612 Ross Mission Apt. 193,Mollyburgh,CT,34048,US
5e5a4393-fc9c-43c3-981c-2aebcdf60155,b9882f03-1e18-4779-bc86-98134469c3ac,shipping,13026 Pierce Extensions Apt. 350,Smithfort,VI,82411,US
6df98088-ad1e-42c9-ae3b-7e0cb3a68f01,2e2c2101-69db-4d14-882b-492206a1c068,shipping,139 Robert Oval,Kleinborough,ID,93210,US
a3260704-918a-479a-b3b3-1936911b3dc3,cb48c9ff-0fbd-4446-85bc-32164a288d16,shipping,362 Long Garden,Samuelstad,HI,54583,US
89a56397-b2c0-4111-ab63-a2333452dbaf,85c8dd2f-862f-4e31-8dc1-8d1c0f4e5378,shipping,092 Benton Harbor Apt. 622,Marieview,MD,18537,US
c5c127bb-e713-4e4f-8895-6c669afe39e6,a89e80d2-c213-4156-83f1-f76939700bd4,shipping,790 Megan Ridges,Lake Frankport,WV,19696,US
cd639681-e0bd-4114-968e-532ce6229c44,38586467-8cf4-4fa6-a913-a569325340e0,shipping,26426 Logan Glen Suite 632,Port Michelle,NH,80430,US
e3e6d9e0-10f0-4226-9d74-94becb4bbdbb,cd76a284-5e34-44da-83e8-596cb9c72ac4,shipping,460 Daniel Springs,Elliottfurt,FL,98954,US
0c1c9b7a-1782-4086-940a-f8f765090c98,7e3bd721-84bc-4159-b070-ffa400e016be,shipping,44257 Norris Corner Apt. 879,Daniellebury,IA,15126,US
660e1d83-a559-4ce6-b9bd-41e72ac4a81a,7e3bd721-84bc-4159-b070-ffa400e016be,billing,2681 Stein Spurs Apt. 566,East Julia,WA,67812,US
ac7a24ac-0c86-4dfb-a977-a922e9315e11,3696ef79-d882-4485-a1a0-f42112dd0711,shipping,7020 James Bypass,New Amanda,GU,49036,US
92d5e784-e082-4ecc-93e2-9dff9e954468,3696ef79-d882-4485-a1a0-f42112dd0711,billing,35510 Day Fall Apt. 119,West Cathyhaven,MA,80671,US
00d9151a-cbc5-4828-838b-7250b599b57d,492322f3-6451-4872-9c8e-20cc2dfbddff,shipping,0454 Berry Ranch Apt. 293,Jonesfort,MN,48075,US
204ff913-d731-438d-9741-ebf826bfaa0d,c414a9a1-55eb-4bd9-8282-5c4b7aaa6af0,shipping,0818 Landry Harbors Suite 489,Blackburnmouth,MN,64801,US
03a03968-ba08-49df-8030-dbeca4ee25ee,c414a9a1-55eb-4bd9-8282-5c4b7aaa6af0,billing,28000 Robert Forest,North Normanshire,VA,43275,US
f9772166-8365-4c43-ab85-850686b3999b,d9d0da29-9f71-47e1-8d0a-13a304688d25,shipping,051 Isaac Inlet,South Melissamouth,MO,63614,US
13db91a1-315a-438e-b10d-bf61c48e84cc,d9d0da29-9f71-47e1-8d0a-13a304688d25,billing,2716 Reese Square Suite 566,Gouldborough,DE,73225,US
5fc842f4-4761-41e7-80bf-b1462ca70b72,e9ba0590-8a75-4ef5-8a73-bd2346ba7285,shipping,2050 Smith Radial,Garciatown,MH,08170,US
6fadc7e5-a49d-4b7a-be78-d50354a65316,19fe4fcf-ca0c-4ba6-b8d0-fd1ac235d4be,shipping,028 Catherine Trail Apt. 154,North Rachelshire,DC,43159,US
7ed61f76-af18-40bc-97cf-2cab8a553f50,8f427c46-9a41-4b54-8dfa-270eb1a68d5e,shipping,8608 Adrienne Hill,Janetshire,FM,96430,US
240ba07d-c8a4-4bee-9b56-a33aa314172b,0f5f7f38-c141-46df-ad14-ad386ef3c720,shipping,00429 Tyler Mission,Lake Lisatown,MD,52842,US
79c3ccf8-e845-4578-83a8-125ae533c468,51a19da0-a071-4325-92e8-29c7bf44a189,shipping,11422 Flores Canyon,Nguyenland,RI,98649,US
8641a34c-4486-44bc-8ac6-2a37cd8c0479,c12dae81-7fd2-4d93-82cd-7032fadce664,shipping,51277 Mason Grove Suite 181,Prattstad,HI,55554,US
1bad1e31-8363-4f26-860f-2ef0dfb98b8b,c5dbbdb4-18d9-4992-98b2-a106925c3a87,shipping,605 Richards Circle,Bradton,VA,10563,US
b4b68549-fb63-44c1-9441-a31a39cf5cc7,c5dbbdb4-18d9-4992-98b2-a106925c3a87,billing,495 Peter Walks Apt. 674,Melissaland,WY,92447,US
0f22ca43-f2ca-44c0-b9ae-0d8be5309914,16e02a78-49c3-4aac-81f4-96216c485413,shipping,0108 Jacqueline Keys,East Paul,MD,96044,US
503e6901-9f3a-48f7-a65e-e0fa2e1b7171,9e0f5574-3db9-4683-9a6f-2116357cc95f,shipping,0582 Christian Trafficway,West Melissa,NJ,27532,US
5576c6e1-1ff3-4813-a51a-1106df60dbf1,96ea4528-9cb5-4405-af1e-15a71ba00a00,shipping,25581 Angela Lakes Apt. 622,Lake Michael,WV,81220,US
e4be3b71-384c-47b1-8149-bb434414377c,277c5ee4-733d-47f0-8e5b-dcc627892d1f,shipping,841 Melissa Point Apt. 848,Smithside,OR,50527,US
b7b22444-f8ea-4a98-8a64-74f05db09ed8,c8045245-9fb0-4098-b824-fede2304b975,shipping,781 John Island,North Traciport,OR,89779,US
7969c017-bad2-433f-94ba-c7c9ea2a3daa,6ef8d1c0-df69-4a4f-b276-f9c69106322e,shipping,5364 Amanda Ways Suite 192,South Matthew,AL,83925,US
6cd3e9b7-af32-47fd-9669-b3484eea1055,37fb7d55-f8c5-46ad-bea3-260c2e292d9f,shipping,783 Nathan Heights,New Williamstad,FL,59678,US
613d5024-39c4-40ce-8db8-d1c3f11efcae,4b8d844f-af26-4d04-b4cf-a41e29479d69,shipping,66394 Jason Underpass Suite 821,Grimesbury,OK,10240,US
e2083dbc-5d42-4ac3-a5a9-e161063f02bf,35d04f94-4193-4b51-ba33-8bc395fd1a65,shipping,48985 Matthew Prairie,Jessicachester,NC,24224,US
f921967c-a0a8-464d-b7a7-35a5f0d6a961,18ac985f-d5f7-4806-99d2-351fcbb53ea2,shipping,98232 Jason Radial Apt. 466,Port Stevenside,TX,80656,US
71c36288-936e-474a-b040-b8264f31597e,1cdfad4e-960b-4f66-8063-d14a621aa917,shipping,4976 Thomas Burgs,Kimberlyton,WA,93365,US
c836c796-a54f-4a8e-8f91-cd51a414b0e6,fb0fc33d-0d03-4ce7-8e8d-3fa173565a60,shipping,929 Perez Plains Apt. 084,New Terrymouth,MS,40292,US
d7178316-9684-49bd-9caa-cc168a7a4b86,1cc63133-5ba6-4eb9-a4a1-c989d5009d84,shipping,428 Holmes Walks,New Nicholas,GU,95676,US
b1ae5cf4-d80c-4b93-9f27-501242faaf57,6e168015-bf52-408c-8afc-812fff308aa0,shipping,4331 Mejia Village,Lake Christieborough,GU,32379,US
a92a41fb-cd82-46f1-a996-e7c7239e71aa,9095fe68-011b-44a7-bec8-3f4000dbf188,shipping,471 Jeremiah Points Suite 143,Frederickburgh,DC,38095,US
19f02192-b2e0-4c24-a153-baaffa354ada,311c0f97-1ccc-45da-8c61-1b77ccd17f08,shipping,6362 Burke Place Apt. 336,Ryanfort,NV,09852,US
d7f47ec3-7e7b-4107-a2f5-250e57bd1ae2,bf27f113-3770-4a45-b909-8bb01f47abfa,shipping,9631 Noah Parks Apt. 993,Mitchellmouth,NE,41321,US
c4a31576-b31c-412f-84b0-36775ad12c32,43e4908d-2b25-49a3-99da-04ed7144614a,shipping,718 Kelly Via,West Johnland,DC,58133,US
eacbbcc2-4620-480d-99c5-d766475f72dd,508b9d23-bb10-494e-a3e7-d7baff91a09a,shipping,14459 Hall Village Apt. 928,Lake Stephanie,LA,67816,US
7ce41646-d3e8-4263-8ea3-d20200f3df15,dfde0900-e454-4bda-a7dc-c1c301061cd5,shipping,7015 Powers Alley Apt. 642,Gomezfort,WY,17889,US
a6992817-d010-4c27-95c7-7b86095ce552,a9a74620-c40d-4b54-a8fd-d667d39186cd,shipping,368 Tyler Canyon,Boyleberg,TN,36453,US
c28756cf-6a25-427b-995d-580366e28c20,036c061d-29e6-47fa-af0e-b6cb49d35ef2,shipping,155 Amber Center,Williamsview,NJ,41693,US
0328c5c7-7c1b-4368-a4da-577fbd9fb77f,f94f244a-f10b-4419-953c-8a80dcb048f5,shipping,5028 Deborah Ways Apt. 790,Rogersborough,SD,47965,US
c75f7157-b258-4021-81e7-04ff063d2771,540e1c38-b33c-4408-b487-5aa6efefb978,shipping,2679 Wright Trafficway,Scotthaven,TX,18599,US
2401d4a0-215f-4655-b71e-d5265a7cf8a5,91b53452-7124-4206-a7c6-080451055d65,shipping,51424 Michael Ridge,Walkerville,KS,48505,US
4b0322a2-efa3-46fa-8c0b-2ac390181dfd,98c57b1b-d027-4a5a-b30c-3a845d346046,shipping,867 Elliott Lodge,New Christopher,NH,15861,US
afd81d15-50a8-4bb6-bb0f-6d1cdb2f6091,98c57b1b-d027-4a5a-b30c-3a845d346046,billing,51822 Vanessa Locks,North Ashley,OK,70976,US
00105c6a-fca7-4077-81a3-21d7fd88a78f,687b2b30-898e-4e59-bf59-d7f7c4d94358,shipping,7726 Duncan Street,Ruizburgh,VI,14942,US
6dee9180-dc39-4d98-a60d-d2baa7204e23,c58a9981-1bfb-4590-8832-3933ad5744bc,shipping,940 Hernandez Spring Apt. 765,Bennettberg,MH,31910,US
d706563a-79a9-4ecb-88f6-8bb9e92fc441,c58a9981-1bfb-4590-8832-3933ad5744bc,billing,813 Romero Common Suite 647,Lake Taylor,VA,39301,US
7b9c626c-3ed4-49ac-b14b-b7717b9e4fb5,923e07bb-86d4-4d15-813f-568e3916ea2c,shipping,867 Lori Mission Apt. 530,Parsonsfort,ME,49390,US
413badc7-07f6-466c-b29e-7be52fcb6e96,923e07bb-86d4-4d15-813f-568e3916ea2c,billing,9050 Rivera Corner Apt. 624,Castilloside,MS,06663,US
dafb3d51-c1c5-4108-ad35-1ff4590fec00,844a933d-f063-4b98-9cc3-02696136792f,shipping,5790 Nicole Circle,Lovemouth,OK,33398,US
948a3cac-c666-4a7b-81d3-e29300f27d25,eab496f4-9c8e-4f7d-bd93-55e10494d0f4,shipping,428 Smith Meadows,New Jenniferstad,NY,25894,US
c4196254-8327-45f7-814f-ce745b1bf6cc,da7b2dc3-b337-4e7a-8084-32e0db6b57ae,shipping,378 Derek Junctions Apt. 073,Joshuabury,PW,14455,US
aa0f9252-2b90-4011-a099-9bcc29cee9ae,c77d993e-386c-4d93-b7d4-e8566c149007,shipping,73997 Baxter Corners Apt. 221,Pamelamouth,FM,56374,US
18a1e825-a0d9-4642-a33d-4b7862772055,3d8662fc-a224-424f-aa02-52839a54ec63,shipping,70327 Carlson Circle Suite 345,Rubioborough,NJ,58014,US
d54cb93a-6774-4b7c-a65f-15f18b3d732f,3d8662fc-a224-424f-aa02-52839a54ec63,billing,376 Sara Pine,Lake Teresafurt,PA,74456,US
6e447911-11bb-46fa-8e94-684c7480b8a3,b40794eb-f35a-46eb-a804-8e5395bda522,shipping,2130 Wilson Street Apt. 893,Richardshire,VI,07539,US
e6dc15f9-1d9d-4814-b5a2-5b30f7f2a889,9b60f412-2c34-43f1-99a0-9997735389c7,shipping,2116 Jeffery Field Apt. 649,Lake Timothystad,UT,81953,US
74140bcc-7f9c-45ea-aba6-54c18201d82b,7062f331-c6eb-4b40-9c68-d2c0e38df2b9,shipping,50726 Jessica Knoll Apt. 290,Andrewborough,CT,69535,US
84ca31e8-b3b2-4ce0-b954-2b28ca1c6f9a,632575d4-7194-4c35-8374-f3f6bbe6a766,shipping,10749 Richards Brook Suite 767,South Melanieburgh,LA,94679,US
647d857c-ef25-4deb-b92d-346b7fa1649f,632575d4-7194-4c35-8374-f3f6bbe6a766,billing,15665 Johnson Hills,South Georgeborough,VT,30046,US
b4746b9d-c0e5-482b-a4f7-4d34bba7dc3e,b385c6a2-8df6-4a74-9cf4-5ed0c4365144,shipping,41503 Lindsay Heights,North Aprilmouth,IL,11241,US
8379ed24-8c08-4ad0-b027-1123564a25c2,92368b4e-d694-4940-b7ee-c348f5a763b9,shipping,20560 Murphy Mission,Port Michael,NE,76819,US
53ace153-345a-4bb4-a9a3-9eff67a2f4c3,7f3e2d06-0ffe-41be-8a4e-73854637ff20,shipping,221 Campbell Mountains,Port Patriciastad,IL,56439,US
79cce300-36c7-49d3-a295-86fb712e86bf,abbd7b07-70ff-4485-befc-9772782c61e9,shipping,69084 Cowan Meadows Suite 311,New Lisa,ID,07921,US
d6668a66-5b2b-4c73-bfcb-5335388a2152,9816af1f-33e5-4831-b442-e0883b3dc79f,shipping,71803 Richard Prairie Suite 122,West David,NM,32766,US
f5bc199c-5e2c-4460-bde5-b375d07ce83c,6462bd8a-6b3d-4639-af3d-1ec93415b0c1,shipping,82982 Fields Loaf Suite 265,Thomasfurt,AS,77849,US
8b0529e6-c7b7-49cd-aed9-fef9014e0402,6462bd8a-6b3d-4639-af3d-1ec93415b0c1,billing,87176 Clark Lakes,Lauraview,NC,67392,US
227231b9-f929-4b1e-b89f-d48e25638f25,c90e696f-a8cb-4fc7-be75-38229decd7b7,shipping,00300 Melissa Springs,Suzannestad,NM,44615,US
bd64ec55-2adf-4228-8760-f793c0821385,56698ded-d476-4b07-99d6-50c7c62a766a,shipping,892 Jennifer Bridge,Lake Anafort,AR,62653,US
9959e8a6-72e9-4c1f-b2d7-670302591d8a,cc2397f8-48b7-4d00-8f9e-c13b425573d7,shipping,3265 Brown Landing,North Joe,WY,33715,US
f10a14cb-05fe-459e-b8e4-b29daf139cbb,1cdadc02-50be-4525-a83c-b682db04a13e,shipping,0939 Cassandra Stream Suite 599,North Robert,AS,88441,US
7c6c627d-977e-441c-afb4-24bdbfb71a08,2c14ec23-02ac-4ddd-8d7b-6e19b0f059d1,shipping,17476 Johnson Square Suite 633,East Patrickside,AL,23189,US
7c8a3566-0a5b-4f78-8cee-c8197d88bdbe,9a0fb9d6-e134-4621-b3ef-d4a05faa6277,shipping,81360 Cook Brook,Tamarastad,AK,10998,US
edca6778-16da-4535-9286-f186808c249f,9f5aa7a1-05f2-499c-b72e-1fdb57b51864,shipping,10683 Taylor Terrace Apt. 840,Lake Steven,NC,60331,US
11f78575-0d3e-499e-adaf-c2e538038e5a,9f5aa7a1-05f2-499c-b72e-1fdb57b51864,billing,8196 Louis Spring,East Billytown,MP,13357,US
71170cb8-e031-4b05-a50c-1cffae06e619,f9357db2-6b57-45b2-b994-5c408c043870,shipping,72401 Mcguire Groves Suite 341,Lake Brian,AL,14525,US
18acf21e-a776-4ae7-96ca-ff23ea6a7ac9,f9357db2-6b57-45b2-b994-5c408c043870,billing,263 Dean Underpass,West Aaron,DE,81268,US
add6f9eb-7694-40ab-8b16-1c66bff0d102,30effb1a-8d8f-4adb-84e6-f8cf0d39da74,shipping,065 York Roads,Salinaschester,NM,41925,US
e220ffae-9481-403e-92a2-ac255018a6cf,89b83d17-f02f-4479-8493-4bd45ebda1f3,shipping,315 Reyes Row,Port Dylan,CT,60849,US
5685236c-44d6-4443-b41e-981e729f3749,89b83d17-f02f-4479-8493-4bd45ebda1f3,billing,605 Hannah Cape Suite 676,Hernandezbury,MS,83146,US
085b9a34-74bf-4c77-ad48-b9feb0a75f98,b1e4395e-297e-4e89-a808-e3c88ff96662,shipping,86090 Edwards Pine,East Raymondville,WY,78650,US
dbd4f38f-48c0-4075-922c-64378bc849f6,99a4641c-1abf-434e-b8eb-d587b1c57887,shipping,7749 Valencia Dale Apt. 301,South Sarah,NJ,04764,US
a46c9a41-7f7f-43e5-be77-a1a07570f40e,99a4641c-1abf-434e-b8eb-d587b1c57887,billing,295 Bradley Locks Suite 458,Port Denisefurt,IN,65050,US
5c51de9c-4de5-40e7-9373-d10b1b73ed4c,1e3b744e-e9f3-4fac-860e-447dec431509,shipping,7765 Stephanie Shoal,North Phillipstad,AS,67853,US
3aea8ec8-9ef7-4b17-8d26-1abf054e1a01,d16cb96b-d9d8-4afe-843e-0b2253c978ce,shipping,0329 Jo Point,Lake Melinda,VI,38176,US
3dce8e5d-9181-493d-af2c-4fcaccd6de8a,a89bcda4-289f-48d2-9c8e-0b0413b7c7d0,shipping,2589 Hanna Knolls Apt. 434,Barberfort,MI,61026,US
0c2fbf4c-3892-4de1-a025-eea14207ba48,0da32e2b-c624-4bfa-8233-8e0d72593060,shipping,46688 Lopez Villages,Lake Anthony,MS,03885,US
5edae02c-32a3-4e72-9a6c-302e3964812d,0da32e2b-c624-4bfa-8233-8e0d72593060,billing,2474 Shelly Corner,Garciafurt,MO,10699,US
a7471b75-5094-4014-925d-943455aaff23,24f529b5-7a4a-4337-94a3-06ac8de82268,shipping,92827 Blake Via Apt. 009,Bradmouth,AR,24460,US
6124e19f-2295-4a72-a304-fdbb5cba83a7,f1c562cb-31a9-46cc-ae18-e4d3e3077821,shipping,331 Wong Shoals,West Williammouth,PW,19706,US
6c683cf5-2702-434b-bd60-f7186b848697,98e05489-abda-4848-9074-0d19e007cb60,shipping,240 Singleton Lake,Port Lauren,MO,74200,US
d1cc67f5-3e96-4b1b-9c0d-4284a762f6f5,a04dd300-0b0c-48d4-8d08-b7908a57b0bd,shipping,97930 Anderson Junction,Amandabury,NJ,40471,US
3bc41eff-b495-4440-a684-a45a0d0a0265,a04dd300-0b0c-48d4-8d08-b7908a57b0bd,billing,2423 Denise Overpass,North Amandachester,SC,90158,US
bfb893d3-95bd-469c-b350-9086bb99a216,225867a8-e35d-46c4-ad38-d2d81d1f5883,shipping,397 Lara Gateway,Gonzalezview,KS,84165,US
4f520aab-8e5e-464d-8e3a-271f40ed1c56,cca12ad8-735a-4011-baaf-18234afe7f33,shipping,0707 Sabrina Walks Suite 184,Moniqueside,NC,47839,US
e33710ed-2cf3-4946-93be-f2a80f5db1ff,cca12ad8-735a-4011-baaf-18234afe7f33,billing,41726 Joshua Dale Suite 880,Port Jamesborough,MN,49689,US
6c9d5a63-2abf-48a7-9877-49f71ba883c2,9430c87d-dc7a-4435-afa1-c22992de4dc6,shipping,59573 Mcdonald Inlet,Lake Richard,KY,07033,US
6d49eae6-0552-477b-a1e9-ac0ca98012e6,c04fe71f-db76-4b7b-942d-83ea574bcb76,shipping,4659 Hogan Mountains Suite 776,Matthewtown,CA,58298,US
395e3b7b-9881-4c20-94ee-a6420421d19a,2d98403c-36de-471d-80a9-0b0222b8734d,shipping,94210 Robert Land,West Scottberg,VI,24297,US
a202cffd-3f92-4970-b76e-5f7df9b5fb14,3bcf9f5e-0d49-4c55-84bc-8344af59f057,shipping,10569 Jennifer Avenue Apt. 331,Lake Gary,MO,52076,US
3059db9f-9cb3-4201-8720-5b626d5f61c8,3bcf9f5e-0d49-4c55-84bc-8344af59f057,billing,700 Joseph Mountains,South Danielview,KS,62049,US
9e83758d-2510-42be-8f5d-c20b83d58dc0,1d41c3bd-acd1-4798-8eac-006229c50004,shipping,718 Diaz Union Suite 538,Lake William,KS,10717,US
1b65bb74-fa1d-4f38-a295-4f1915826636,5d286407-f327-4193-9a3f-bff17dad8a95,shipping,830 Edward Mills Apt. 113,Jessicamouth,PR,33280,US
2b5caac7-eef6-49e7-9be5-9aad7ba67df1,647949a6-0298-4585-8ad9-aaa66c41f60e,shipping,373 Sanchez Mountain Suite 109,Ashleymouth,NJ,53510,US
8fd28949-1ca0-4888-b450-b581e18d83b5,647949a6-0298-4585-8ad9-aaa66c41f60e,billing,7432 Gonzales Views,North David,KY,21717,US
f7607605-e909-49af-995b-8c1cc76b8d5d,509e49cd-9096-436b-8a22-972b502ae9fb,shipping,70803 Martin Terrace,Mooreberg,VA,14254,US
032cfc67-a617-4046-a22d-e06fd29bd904,509e49cd-9096-436b-8a22-972b502ae9fb,billing,4058 Tony Overpass,Andrewville,AR,81203,US
a7194ba7-3908-4ed9-893b-af511dc5e3ed,46c1689d-c897-4019-a284-a77da1969c5b,shipping,558 Black Ferry Suite 958,Ayalaton,AK,73587,US
b0ae7eb6-3fdd-4043-bbd6-ee74d1badcda,46c1689d-c897-4019-a284-a77da1969c5b,billing,46340 Kane Shores,Lake Kristinberg,WV,67938,US
1b2e6273-8f04-4961-b225-380698020002,05049acd-1d18-4da2-b0cf-1dfdfd2a2796,shipping,521 Mcmillan Burg,Hayesmouth,IA,76207,US
258f3faf-5f9c-4b38-9137-2d85d20547ae,cf7c31cb-1a8a-49c2-8c6c-e034cafc9041,shipping,64091 Hoover Center,Griffinborough,NV,90634,US
fa7dd3d4-0031-4d3d-a8c2-0849a310add1,982ed20e-0372-409f-88a6-4e45479f9f0a,shipping,2334 Malone Walks Suite 170,West Brady,KS,98981,US
ccf3f59b-de1f-4d50-bbb1-0ab5af2e3688,422d61fe-0c0b-4193-9ec0-81b1458065d2,shipping,59266 Jackson Isle,Adamsview,NE,17490,US
20f124f5-7c87-4924-8d74-fe5623056e05,90b1b361-8ef7-46ce-8a35-d1d63d990729,shipping,5604 Steven Springs Suite 495,Lake Johnside,TN,85761,US
c896bde2-74dc-474b-9c7d-bf9dc74bcc9a,41b2ed58-4e5c-448b-b203-314b29efbd1a,shipping,0261 Lopez Vista Apt. 113,Lake Matthew,DE,85260,US
4aa595e8-6524-43ac-9e97-b879a2a55622,de9182cf-9291-400d-a8c8-dcfa53717067,shipping,9162 Phillips Squares Apt. 390,South Mindyside,ND,25359,US
a8ea780a-5e29-4906-8423-0a4ccc533ab4,de9182cf-9291-400d-a8c8-dcfa53717067,billing,4535 Aaron Ranch,West Robert,WA,90498,US
38decd62-c9f5-458b-900d-8fbdea331601,dd24877e-d9c3-43a5-80a4-e351cbde8bbc,shipping,120 Joann Square Suite 929,Morenoberg,OK,16386,US
3268191f-71f6-4bcc-b38a-2a3d13ed0687,dd24877e-d9c3-43a5-80a4-e351cbde8bbc,billing,324 Courtney Valley Suite 619,Hendersontown,NH,72348,US
3d9e66bc-34a5-47d4-ac84-6f8ff85d513d,9dd9d1a5-fb00-4866-b9e6-8876d82b6800,shipping,5244 Melissa Heights,South Michael,AR,41619,US
5f5987dd-9c45-479e-9235-e2386ff1358b,d4a62fba-adbd-4104-85c5-62ae98da206a,shipping,2843 Jesse Run,New Connie,NY,80160,US
be54674a-c5c9-4609-bf21-3893d0e6f714,894a621b-d07c-4d3d-a48b-5cdc8eedda87,shipping,1040 Carol Spring,Masonland,FM,92620,US
b02c7c5c-810d-459d-9e88-b30aeaa79fbb,bed104f3-c74b-442e-93e4-dbe210249ed2,shipping,053 Howard Plains Suite 464,Randyfurt,ME,47326,US
67443320-3a43-425f-9758-756e1eb93924,bed104f3-c74b-442e-93e4-dbe210249ed2,billing,514 Watson Branch,New Dawn,IA,11919,US
4b42d824-d7a2-429a-a995-723cfdcc705d,7b88aef4-63b7-4664-acdb-2f760c9b41d7,shipping,444 Christine Orchard,Jasonview,NM,95168,US
ec3699d9-277a-4ce8-9265-4395b7faf154,cb25ef31-2156-4426-afd9-39713b58906e,shipping,590 Jamie Burg Apt. 693,Beanview,TX,39758,US
d359e705-af1b-4e53-8e45-c762c32a31b9,99c9f98a-8913-4762-9a51-58e494e323ac,shipping,97517 Elizabeth Parkway,Adamsmouth,HI,92993,US
ba2f4d36-371c-4bb4-97fa-667ebd4fd846,9852a978-6540-4dd5-8128-c4d638c1d47b,shipping,4512 Walter Trace,East Evanburgh,NV,80132,US
325b295d-94c6-4ef4-bd5a-c616779641ab,09716afb-f3b7-4784-93e4-bccaca4ed3fb,shipping,473 Sarah Spring Apt. 397,West Jamesburgh,PA,40110,US
5ecc5618-a5a4-4163-8f21-1dd1552934c3,b3927798-85af-4676-a273-cb153e53cfec,shipping,2072 Mercer Forest Suite 163,Mercerburgh,PA,85261,US
92f16a13-1b6b-4f60-b707-d503fa350e8e,e848d1e3-efdc-4cdb-bac8-c991210e5419,shipping,03442 John River Suite 298,Barnesstad,KS,72626,US
288c9506-21d8-46bb-b3c6-645416d30517,bc34b998-b4de-4608-a4fc-bd9db1c38f74,shipping,3189 Joann Rapid Suite 136,Schmidtview,CO,94199,US
1311588b-c88e-4ca7-8575-b3cfb68925bf,82d7e5ef-42f8-4834-b0a8-1c4470385d4e,shipping,757 Kathleen Inlet Suite 266,Cooperstad,ME,10265,US
27b77e2c-ae28-42db-825e-276f475f1554,4f2201bf-d2ce-40b9-a9a9-e26e4c114102,shipping,602 Ochoa Knolls Suite 947,Williamburgh,MT,02058,US
61e55509-6c7d-44ac-bc94-debee4fef381,cb625c29-eade-4ecc-bb7a-3d395ed332a0,shipping,628 Anderson Dale Suite 888,Dawnfurt,IN,14365,US
fdd76431-b61f-4f65-9cdb-9707d35b1a1c,01d88c89-ce23-4960-aa64-6086713842d0,shipping,9657 Smith Stream Apt. 001,North Rachelfort,NM,15206,US
0747ed7c-cba2-4802-a669-26d1f9dc908a,1047dbf3-845c-414b-8d99-59c94acda807,shipping,996 Watson Island,Brendanview,PA,82726,US
88e85b6f-af21-49a8-9062-61ab8fd7b5a5,a8d56797-c0e0-453a-8824-88c4f84a4b3e,shipping,3704 Garcia Inlet Apt. 336,East Lindsey,WV,23065,US
48fcbf99-cad0-4826-be3a-3234b5298cea,92d329e8-797c-434c-be7f-023d938a5eec,shipping,790 Carter Cliff,North Scott,SC,04402,US
9670eaa9-e7d6-4a09-a598-988a9bd02829,27a831de-ec71-426f-bcfa-dd6113fcc9a9,shipping,28144 Rodney Locks,New Richard,PA,88539,US
8dd71959-c82f-4650-ae9f-12a1d0d7aa18,af59ccac-4245-43ab-bf1e-1f6bfce1ec1c,shipping,78555 Rubio Plaza,Wendyburgh,MT,66093,US
aeca05d0-99e4-4350-856f-ee383f8568e1,e2a559a0-9ade-44ef-a7c2-3f8399706276,shipping,082 Diaz Islands,Riddleburgh,KS,42334,US
1d1f4d3c-ec5b-4a6b-8e80-edbaf79ae067,8599ac5b-9d12-4b21-b781-d884a4ecf27d,shipping,67870 Ayala Parkways Suite 213,Elliotthaven,DC,94589,US
b1593914-82b9-4042-94a9-39e360e90abb,53b8cdf1-d4c4-454a-b2b9-56a0472167b1,shipping,963 Galloway Brooks,South Gregory,ID,97568,US
1475b3c8-0e74-4d3e-840c-7b3c393e1368,bf059971-0dc3-4ea6-8220-3835dfb58e66,shipping,92110 Mclaughlin Club Suite 681,Kingview,CA,92474,US
e048401d-a005-41bb-96e7-821f47919f03,b2fa5028-147c-4846-b8d1-70caee0eb22a,shipping,9338 Caitlin Valley Suite 993,Coleville,MO,29990,US
b5458d60-8ad1-4615-8cca-73b127b52647,b2fa5028-147c-4846-b8d1-70caee0eb22a,billing,691 James Views,North Luistown,CT,03884,US
101cfe00-3696-4f6e-b469-390dcd5180f2,783e4354-afce-45b4-86ae-21ed24188e60,shipping,301 Olson Plain,Martinezstad,CA,54130,US
c9fa1c23-1d73-4d64-940b-3ad298ec92d4,cc8e727a-9a23-4f8a-a474-4a6ac8ec4f1d,shipping,8013 Charles View Suite 702,East Angelmouth,TN,77453,US
e5c9306b-1068-46e2-ae94-e1f1f347264a,4245a053-7c3b-4881-91d6-7db793cbb83d,shipping,60261 Rogers Stravenue,North Judithburgh,FM,91681,US
47344d28-b0a7-42ea-9946-03665e6eff72,723bead2-b321-4b09-b1e6-d98b4a54bc65,shipping,045 Smith Mountains Apt. 516,Markmouth,GU,50106,US
375b9cde-0c31-450e-a465-5b689447fdb7,a9da88e1-5864-4c8f-a0cc-9f600ca13085,shipping,667 Porter Vista Suite 765,East Robert,MA,61557,US
310a359d-3157-4302-b343-42cd5aaf3ac1,6d6ee4ee-e084-434e-804e-9bc4d772b19e,shipping,11819 Bryant Plains Apt. 340,Huntermouth,FM,57789,US
1133cbd7-43fb-4667-9998-6dafbdcc914a,6d6ee4ee-e084-434e-804e-9bc4d772b19e,billing,0323 Morgan Land,Port Melissa,DE,95386,US
1bbad62a-772d-49c3-a11e-b187f25feffb,847fdd2d-6c7b-4667-84a2-3ec25aefb5c3,shipping,92897 Emily Trail Suite 371,East Brandonshire,MI,27499,US
f8868faf-4f25-4ad4-8387-7fc03dfa6ddc,18ce0943-f09b-4fd8-87bd-768c907afc57,shipping,53644 Myers Well Suite 050,Lake Louisburgh,MD,23095,US
94cb962e-ecdf-4a15-a7ed-e45a55836d40,ef57db28-935a-49b0-a9bf-223d0fb794e1,shipping,8594 Baldwin Ferry,Brownberg,SD,01662,US
a2e318ed-0ae9-4b0a-8d71-97d4872a0982,26373502-f8ee-4fdb-9f18-b39796959102,shipping,404 Tyler Cliffs Suite 244,New Robertfort,TN,04343,US
4b128cb6-652c-4721-8fd0-3f18eab6f062,4216e7c0-a47f-4b0b-8eb4-077a0512baf3,shipping,4119 Johnson Loop,South Amandaview,AL,17159,US
02e88be4-99b9-4dba-b153-45aa5fcac799,52bb32c0-1326-425a-8cda-3a49adf2d428,shipping,20703 Lopez Points,Smithchester,OK,89386,US
ef74c5cb-956f-4de6-a50b-2aee1acc28d9,59344d58-697a-4481-8b1c-a30acb88c77e,shipping,34941 Holly Springs,Porterstad,SC,43872,US
96455176-4720-42a4-8b7f-3e676d9853ac,08a9a74b-9532-44cd-ba9a-a3245b83d1e7,shipping,84396 Zimmerman Junction Suite 492,North George,GA,28448,US
aad9a542-2aac-492a-a329-d3b9114098f6,df0a9897-bfc0-435a-b88b-1aa230ab3d57,shipping,9546 Dickson Place Suite 914,Port Melinda,MI,67378,US
5cd41165-f819-46e5-a888-72f48fb095ae,43d2f360-44c6-409a-aa57-22ebe65b5369,shipping,461 Harry Coves,Port Christopher,VI,23159,US
ead480cd-35c0-4752-b694-dab4209fcf68,43d2f360-44c6-409a-aa57-22ebe65b5369,billing,576 Morales Lock,Mariaside,LA,05043,US
93e08bb5-6d91-453a-a2cb-6619f1d15e00,f8a797a9-ff2b-40cf-81b0-cae6bcc79981,shipping,0814 Taylor Wells Suite 719,Haynesland,NC,91516,US
9e165c20-2639-468c-8410-c825f6d32727,f8a797a9-ff2b-40cf-81b0-cae6bcc79981,billing,6049 Goodwin Oval,West Stacie,IA,48865,US
1713f8e4-6996-40d8-bd0a-17f4e050aedc,7a318601-465a-4ad5-9648-79f7901bba94,shipping,940 Anderson Neck Suite 336,Veronicachester,CT,91203,US
df367a1e-24f7-4d3d-ae18-7d0ef8a2232e,d08a4757-3b75-4a19-b9bf-5c4aaff5d3d7,shipping,12787 Edwards Mountains,Bradleyhaven,CA,53541,US
44b3cc35-d4ae-4e5c-b8a5-83970a3edaea,d86b786c-b54c-4887-aceb-d9fdd7b05ae8,shipping,928 Jessica Forges Suite 769,Charlesborough,MD,08548,US
bb211d13-cb7d-4c1b-8d87-51973d06dd5b,8ee8dd01-3563-4986-9046-0751803648f1,shipping,96129 Darryl Extension,Khantown,MO,24095,US
4badf845-77e1-422e-8435-837153cef8c0,dfd4a362-cd5c-48c9-8b2d-b2cc8810dc99,shipping,4227 Melissa Mountain Suite 145,Port Theodore,AS,15813,US
954c72e2-f375-4318-81f4-deed4585ce9d,1f727fff-0be9-460d-bd81-4745c6e21a0e,shipping,6733 William Knoll,Lake Elizabeth,MI,17976,US
38cc31f4-3194-427a-b484-fdfde6dc1b7a,15fb8388-126e-4a92-b9cf-495c2a22fe3f,shipping,61886 Jeffrey Islands Suite 371,Port Dillonville,NV,48173,US
65352640-670b-4180-a1ed-63ab5ca92e6c,75573c08-a020-499d-ba7e-7435dbb6a270,shipping,382 Cline Valley,West Kristina,NV,10288,US
38f643af-a178-4513-b0eb-614f95a41adf,d86abe36-9758-47ca-a197-1e25decd91d9,shipping,9026 Mitchell Spurs Apt. 799,West Alejandro,ID,92453,US
0f449eae-44a5-44b1-b908-3c3c4ebc3d2d,091ffef9-f4b2-4760-a3d2-74aa4e1d57aa,shipping,8679 Christine Trace,New Paulshire,MS,55813,US
a4a1deba-94c5-46e8-876c-29adbc43d742,a4d01e8f-7616-4039-bbbd-473198623a74,shipping,9950 Jeanne Common Apt. 294,Susanburgh,NV,60564,US
1e127ec7-2aad-4e73-87b6-7970d184a710,a4d01e8f-7616-4039-bbbd-473198623a74,billing,1576 Hunter Lakes Apt. 131,Lake Emilymouth,SC,91180,US
7bfdac89-339b-4c9e-a3d3-11de0ace03be,35c20389-bca6-4c69-af52-a5196d728412,shipping,077 Miguel Cliff Apt. 185,Lynchside,NY,05003,US
4ec867e3-1f26-4a14-9f3a-0f498f8332ed,35c20389-bca6-4c69-af52-a5196d728412,billing,96424 Julie Radial Apt. 784,Osborneborough,OH,24734,US
099ac1ca-e4fd-4f3d-9ffb-11d623bc245a,b4b93eda-5b3e-4c1c-9c20-663330460051,shipping,195 Garcia Cape,East Christina,IL,73961,US
7e29756a-f078-40b1-8039-c2f4525b648c,a21d5fa9-0c80-4e40-a30e-764543374f10,shipping,137 Kristina Inlet Apt. 377,Port Sarah,FM,48796,US
0e76a043-f63a-43e8-abc0-1d242b0f6ff0,3670cf27-aaa7-4867-8456-443fd22b758f,shipping,86994 Reed Forest,Elizabethton,NV,25945,US
a0830f3f-3bf9-4300-bbc3-2695820ae3c1,8fc700a4-5b70-48dc-955b-f8d2174e4b8a,shipping,5580 Barker Mountain Suite 533,South Christianmouth,SD,39834,US
05f739de-ee4f-4711-863a-ce50e3bb5f78,85b28ba7-fa59-4d41-94fd-c195cf0930ac,shipping,74948 Shannon Union,New Joseph,AR,60767,US
2788d28c-ec00-4936-bda0-f513f40bdf17,c2bb1cc9-4143-4a5a-b514-4950b18da7b3,shipping,96663 Schultz Fork,West Jennifermouth,MI,40984,US
e6f2c773-f388-4305-bbf2-5ad10443eeb9,c3397b61-d37d-496e-a893-1639c0923ac9,shipping,02845 April Neck,Bakerhaven,CT,51773,US
7157e78f-6244-4fda-8bfe-8065a7d94ab6,7b597b93-cc7a-423c-ae4c-593c88ad55c7,shipping,5572 Kevin Expressway,Kennethburgh,AR,66327,US
ed3f468d-7ed6-4eb3-b4db-48ae78bdcdd8,410b8c1b-fc5e-46eb-ac53-7204a2f74d56,shipping,1705 Casey Brooks Apt. 270,East Rebeccaborough,AL,81634,US
466c1538-2c9f-448f-9e54-dfc633f72ae3,1b4b31fb-d3af-4448-a0e6-8cd6dfb39c87,shipping,9728 Barker Village Apt. 089,Danielport,KY,64159,US
6780098e-12bb-4766-820f-00b33cf20ae9,1b4b31fb-d3af-4448-a0e6-8cd6dfb39c87,billing,416 Leon Fall,Ballardhaven,CO,74965,US
ba3b851a-a9d2-4403-8d30-831a3c6e3310,71da6575-7709-483b-87cd-40a07bf3c69c,shipping,231 Miller Mountain,Deniseborough,NM,24090,US
c4c703b8-4f6f-44d7-83ee-929c9ca909fb,dcd4a9a7-b89f-4401-a938-fc5547d13868,shipping,45837 Brian Motorway,Davidborough,TN,94326,US
136c01ac-b7a2-42ba-bce5-9d8e1a486000,7f6d59f8-46b5-4fbe-a0eb-020cfc872e2b,shipping,182 Aguilar Coves,North Melindastad,MN,77990,US
c132ddcc-2e8a-485c-b86c-2cebe43e594c,539d041a-0c83-4f59-819c-e83448d907ee,shipping,425 Malik Loaf Suite 100,South Jenniferton,ID,80181,US
75e77b93-8b4a-4598-90eb-00cb36ceb14e,539d041a-0c83-4f59-819c-e83448d907ee,billing,54183 Zimmerman Point,Tylerside,MP,82991,US
fc7396b5-6f70-43a5-87e8-06d01bc0cede,a69b4d76-c1ea-4f17-914d-ee3e04ff77e5,shipping,9501 Christopher Landing,East Stephanie,ND,24758,US
93b7f7d9-4306-4ac4-8304-f052d98946c6,3344b47f-4f41-4233-8c00-62b44621af6a,shipping,71645 Ballard Pass Apt. 876,Espinozaborough,PA,15620,US
a84d737f-00eb-4f20-b38c-7e971b07e7f9,2276cddf-80e7-434d-8b89-051bb2dce3ab,shipping,72737 Maria Plaza,Brittanytown,DE,12274,US
5eb901d1-b754-4ed4-b7aa-1932cc920475,090d1842-d43d-4678-a13a-c3686b9dec20,shipping,304 Jimenez Plains,Port David,IN,15932,US
ee0cc1bc-386a-4668-b96d-c3d33a026278,d50f1804-87ca-4960-82de-c21d8b511056,shipping,3331 Gomez Fork Apt. 395,New Jamesland,PR,25316,US
89098849-8b98-462c-a129-6181ab3a724a,446afa56-00b4-43b5-a44d-db98f5d4fb0d,shipping,80145 Black Drives,Lake Randall,SD,61232,US
dda9ae93-5954-478f-b236-ce349aac55de,955c9780-8f8c-4ea4-8a90-ddd5d3fe1310,shipping,7445 Cooley Square,Nicholasberg,NM,10923,US
fec31b58-51ab-47ee-a28f-988bfda2ffe8,905c060b-f5dc-4ed7-a8df-12f6674568a4,shipping,14343 Smith Mountains Apt. 533,Ericchester,PR,03285,US
525189e0-1537-407e-ba3e-d54aca626f94,09bd4892-9c6f-434e-850e-c0b2b28472a5,shipping,5030 Mills Square Apt. 075,East Brian,WA,02591,US
e2a41aba-6c1b-4cfb-a21f-e357e82965c7,e3745149-a38d-4f23-ab2d-47f066011079,shipping,11456 Tran Street,East Angela,LA,02487,US
24026608-be5d-4008-942c-bc16927d2c96,13404ede-69ab-4159-bb46-1dc3cb24892b,shipping,2267 Williams Plain,Carolfort,SC,95241,US
0bc28300-71e2-4b59-b1cc-0d2bf39ced3a,16a1f75e-406b-4358-ac59-c34a7b6be1fa,shipping,6055 Taylor Club Apt. 848,Danielborough,OK,35018,US
ab58cf00-9232-45a1-8959-f6bad3d2445e,945c4bdd-6d3a-45f1-b517-faa9ea333890,shipping,87132 Parks Lane,Port Victoriaton,CT,83044,US
02a34161-03b9-458a-9c05-91b068e9eaab,62eca845-b9e6-45e0-a0b5-84d794e57798,shipping,2325 Gregory Streets,Cruzville,WI,87099,US
ab2100bc-c05c-4160-8764-5d1e2244ad50,13d668dd-8a67-43d0-bf47-6284e01f5294,shipping,5750 Robinson Harbors,Erinbury,IN,32880,US
285cc46f-fe5f-483a-a2c0-c67197183c0c,3b59000c-f229-47f8-be46-b0cac09d4112,shipping,9541 Cunningham Coves Apt. 640,New Katie,MA,38291,US
c298d152-cdb6-48be-aa7c-c1e7711485ba,78494692-06c3-4d41-b3b6-8f92131eb569,shipping,9189 Shields Falls Suite 782,Charleschester,MI,14944,US
af4d522b-0e1f-44a0-8303-5f2bc07171e5,78494692-06c3-4d41-b3b6-8f92131eb569,billing,517 Roberson Village Suite 827,Riceview,MS,53680,US
3552d1d7-b992-40cd-b326-f7285e8b29bb,2892de6a-6553-433f-a2a3-0e85a5f60534,shipping,094 Nancy Crossing Apt. 848,Lake Felicia,VT,41646,US
8f21f490-7273-427d-b3b5-c5bf5a8f7334,92640ea3-9e40-47fe-9d10-674fcfcf00de,shipping,0703 Sara Hollow Suite 452,East Taylorton,IA,73931,US
cae9538b-3122-43d8-9028-13e0436a73f8,de28c67a-b574-4c4a-a0ec-64f7b4206705,shipping,131 Davenport Spring,Margarethaven,CT,39468,US
45cd2d21-23a7-4c4c-bc30-ea1ed0e6293d,d28fd5d4-1121-46a4-8229-2d6821eaea52,shipping,74293 Amber Shoals,Cynthiatown,VI,51587,US
bc8f6d47-cf93-40d8-9fde-ff590ff34795,d28fd5d4-1121-46a4-8229-2d6821eaea52,billing,9135 Miller Glens,Derrickfurt,PR,38366,US
70f83dce-6f30-41ad-9227-674adaf14c5c,789dd7ff-5cb6-4b8c-ac8d-28f2ec724d5e,shipping,0827 Michelle Lake Apt. 610,West Coltonberg,MH,12135,US
2887f7f3-8b8c-42d7-a53a-54d044e32cba,2a6469e5-29a9-444c-97fa-afe4e2e14e33,shipping,2854 Larson Heights Apt. 700,Port Erica,IA,44208,US
58b20b15-d36b-41f0-a4b6-a050b1f18228,337f4d45-5bf8-4a69-9da0-b6a334919160,shipping,2259 Mack Station Apt. 597,West Danielmouth,CA,81464,US
68f76938-8537-49a1-8090-97ed2f9ffcd8,a164e2da-2652-41f1-88f7-0d1e1e9603fd,shipping,963 James Land,West Deborah,MH,40727,US
5178f011-c099-4a67-96bd-3a9d8bad098b,302907ca-4f66-4941-95f0-d40802542a75,shipping,306 Sanchez Passage Apt. 838,Markborough,MI,48574,US
bab5dbf9-8698-4093-b5d8-459c47dc05ef,302907ca-4f66-4941-95f0-d40802542a75,billing,427 Christensen Inlet Suite 202,East Michaelchester,CO,29279,US
8c1e2fa6-fee3-45d6-927e-0bdc5f6a05ac,f6596da9-3202-4a2e-b559-5f19805f2ab6,shipping,612 Nancy Vista Suite 533,Smithfurt,MI,57407,US
3bf27098-0e6a-4df0-b6f7-35e7479f2fad,df31ab00-3765-4f6d-ac76-2034fcccc970,shipping,70995 Rivas Plaza Apt. 922,Lake Andrew,WY,56560,US
87f4c363-ed2f-4838-b5a2-ff0f26e5c0bb,a2c0a164-1022-4309-9d1b-75d51d86b5de,shipping,286 Hampton Heights Apt. 559,Laurenland,HI,33974,US
f5fcc467-917b-4d1a-a061-7373fc022d32,c02b79a9-ddc1-44b6-b803-720655ee3e39,shipping,53299 Holden Summit,East Matthewstad,MH,72999,US
fcd568de-9e83-4684-8c93-36ea08aba950,253ba5be-5311-43d5-9f40-b9be4ed02e65,shipping,24917 James Isle Suite 425,Christopherberg,MO,28271,US
fb2e4a21-1112-43c7-9338-ba32d9926133,1ec72a19-c635-470e-a5db-2124394cbaa6,shipping,326 Norris Plain,East Karlmouth,RI,43443,US
88fc92d4-3cd9-419c-b602-ab8f891ee755,a6c2d5ad-7e57-441d-ad21-923fe64437d4,shipping,222 Stokes Locks Apt. 553,New Robert,WV,91873,US
f8409741-84dc-4114-b60a-8fc445d16247,b29dd448-7c65-4fa9-a9a5-1bfc77943067,shipping,71122 Kevin Stream,Lake Stacy,CA,47932,US
4b04abba-cd51-4706-a2bc-f7549b1999a8,f300f8fa-6a3e-44b3-b670-a940cdcb5983,shipping,59363 Michael Wall,North Tylerberg,PW,84824,US
1d04cf77-0f93-4b48-9eef-6b3c60ec787f,f300f8fa-6a3e-44b3-b670-a940cdcb5983,billing,98044 Bill Prairie,Bankstown,NC,92686,US
793f016b-f5a7-4b6e-b6e5-942de8539bc3,3700a59c-cf3d-4f09-95e5-3ed8cf7bcb00,shipping,480 King Curve Apt. 591,Garrisonmouth,LA,93440,US
66d690ad-e633-4d8a-baa3-b31e4fa93e09,a133d569-7731-4dec-9e94-6e8358b6ccdb,shipping,4318 Larson Mission Suite 898,New Paul,AZ,66688,US
dab6094a-2007-4881-a1b1-b9c3468d5d7d,9f8d8694-3538-44ba-8ea1-1465b4bba685,shipping,776 Orr Mission Suite 767,East Rebecca,NE,44833,US
15385367-5612-4304-9dbc-4d6e4f67da57,a1499820-38fc-475e-a980-62e0647f9dc2,shipping,51820 Michael Stravenue Apt. 580,Toniside,NH,02555,US
5754ec2f-aae0-4732-bb69-4c0f96944693,42293e8b-3d2c-413d-b3ea-63e81d0cc9e1,shipping,18973 Robin Ridges,North Michaelside,UT,94618,US
5a6d48fb-532d-4961-bd37-3f4b371efc58,d2544574-e0cd-4d67-8d62-cceda868ba0a,shipping,5135 Jason Turnpike Apt. 769,Port Jasonville,PW,11754,US
c9fab7ba-0258-4313-b14f-151a368c620c,d2544574-e0cd-4d67-8d62-cceda868ba0a,billing,6294 Sarah Lock Suite 484,Douglasstad,AR,55670,US
a55bf35b-8ade-413e-b955-f4cf4f4aad4e,02902e12-2925-42ac-b77d-1d61713096f0,shipping,069 Thomas Radial Suite 680,West Timothy,WA,02091,US
cfcc9b00-6b8d-4761-89ad-0fc3de8d8cbe,02902e12-2925-42ac-b77d-1d61713096f0,billing,729 Jill Island Suite 167,Andreachester,AL,28202,US
ef2e4be9-73a8-4dc2-bf3e-67810024cb16,7ee2b2bf-d3ca-430b-af22-570cfcac5d5b,shipping,39080 Thomas Forges Apt. 336,Lake Michaelville,GA,97960,US
4d22d8f8-895d-494d-b0f5-1edd273ebda4,2b52c336-7948-4872-ba9c-f1c493958ad1,shipping,96340 Kyle Underpass,East Curtis,WA,10559,US
ac7a1adf-481d-4d75-b225-13d25d369efe,2b52c336-7948-4872-ba9c-f1c493958ad1,billing,574 Bridges Loaf,Woodview,VI,93151,US
5f12273e-8cc9-49f7-aa67-73af8afce3a7,ac2c7291-6056-44a3-8020-a20701814eea,shipping,858 Tracy Forks Apt. 201,New Williamshire,AL,87719,US
08a878be-7576-408c-ac3c-201eb2dfa123,96785dd5-cf6e-487b-9694-d521eea38d04,shipping,93713 Hall Lodge,Sandraside,KY,07457,US
bc04d33d-db56-4e6d-ad62-99777e4c5192,96785dd5-cf6e-487b-9694-d521eea38d04,billing,7331 Carlson Land,Hammondville,AK,68314,US
50a61d9d-9acd-4310-ae8d-9d8512fe89d4,87c7ed10-4cc1-4e85-81b3-80ac4cdb084b,shipping,29510 Gerald Neck,Lake Joshua,MP,11108,US
284c45fb-9133-42d1-8e6a-a5b5e726d33d,b83806a2-3d8d-42b6-8a56-715436434a8c,shipping,28918 Allison Parkways Apt. 753,New Mary,VT,58395,US
d4d5408e-c6ce-449d-bf87-39cb25cb07eb,63f88377-5ee5-406e-b31d-331b58224147,shipping,9777 Brooks Lake Apt. 328,East Matthewton,WI,59666,US
e18dde5d-57cf-4420-a057-32c04909705a,8346251e-dc73-49bd-a2c4-ea72cae9067e,shipping,506 Lisa Fields Apt. 087,East Tristan,CO,37263,US
e2f86d1a-2926-4b2e-a9e2-b7a6f75a1ce2,dd87e177-df92-4a84-8a55-37f1ad3cc8d5,shipping,0477 James Estate,West Veronica,VI,62035,US
3ed183b6-aa07-46a3-91ad-fa9de2afd729,42675dce-be83-4c20-8dd5-772f3a446d34,shipping,81329 William Cliffs Apt. 240,Russellbury,NY,74186,US
3da4a485-e74b-4d4a-afb5-a8aca64c9ed1,697b388a-2375-4e3a-839c-d9defb846f3b,shipping,05213 Zamora Junctions,Hansonport,AL,24639,US
93d971fc-c928-4d9b-a294-37846b86ba77,9d202dfa-46a5-4aea-aec7-df538bb7a91a,shipping,056 Richard Meadow Suite 181,West Katelynburgh,IL,35270,US
eff69d6d-dac3-42e1-b0ba-ea908973d514,eddd2519-6b4d-477c-87f9-3b76d062ed34,shipping,9489 Rita Terrace,New Brianview,UT,87506,US
e782a984-674a-4d0a-a20b-4824772263a4,eddd2519-6b4d-477c-87f9-3b76d062ed34,billing,1768 Christine Lake Suite 247,Lake Angela,MI,49138,US
5dd48079-5fa1-4fb7-9ba9-0e4b4082ccda,4eeaee06-a378-49d7-b30b-0a093defa49e,shipping,74887 Thomas Village,Kingstad,DC,39281,US
4b7879d0-6616-4d53-bcbe-601776390bd4,45a363da-ea7d-4961-8569-693a40b92caf,shipping,2896 Wright Orchard,Torresview,AL,21612,US
91e7ba9f-5f22-4be8-842b-fd1dbf04adfe,a9c5cf89-bfa9-4c18-9521-6336d1056bb4,shipping,55077 Boyd Field,Lake Rhondaberg,MT,27675,US
b26814fa-f727-4dc7-803e-8499959d3d2e,38184a3d-e846-4ce8-b79a-0f58ee302d59,shipping,8880 Mack Lights Apt. 745,South Mark,IL,48138,US
426211eb-22ae-4318-97d2-59d91ac7534b,361dc852-2086-4dfa-897a-fe70b28fcb6d,shipping,8758 Aaron Ville Suite 743,Stevenport,WV,92782,US
de6c51c2-ed9d-4294-a682-6a8bd3f5736f,dea82fe9-0589-49ac-9a3d-4330e3326b94,shipping,422 Hodges Union Suite 858,Port Henry,MS,82819,US
eeb5b8c0-02e7-4119-8ac7-90c0d2974e11,1b2cfe0e-9ea1-49f3-bee7-3f2f593a12d0,shipping,669 Betty Brooks Apt. 718,South Devin,TN,52233,US
487f55a9-306b-4102-9ca0-b85e978158f9,1b2cfe0e-9ea1-49f3-bee7-3f2f593a12d0,billing,032 Brandon Dale,Palmerstad,AZ,86572,US
93e720a2-199f-4f7c-af96-c710f32e13f1,489c2ab6-520d-49b8-9706-7bd96f743e7f,shipping,7994 Angela Common Apt. 934,Port Garyside,NC,21689,US
b9eacca1-ee15-473b-849e-26cca5a77b2c,6ac058ce-da51-4ce2-9aa2-ee1dd8ebee79,shipping,1370 Raymond Fort Apt. 795,Port Wesleyville,MD,57261,US
bb0a94b7-1f0b-4fb6-8dd4-f7467d9fcc84,b0695685-7869-4ab1-88b7-b68b850fd9f0,shipping,98199 Timothy Lodge Suite 092,Lake Coreyfurt,CT,96801,US
9f886959-f324-4055-b972-ccc821b34785,5c4ec712-733d-4c27-97fb-30d55616e604,shipping,722 Carter Vista Suite 003,Davisburgh,CT,82059,US
d5f176a4-77f0-4956-96b0-3368bdec4e2c,2c0979b6-d14e-4648-bcd3-5a6757f25a32,shipping,715 Harrison Port Suite 516,Lake Tammy,IN,95817,US
8ce74dc1-6744-422a-8df6-ea83dfbbd692,45216928-5ee7-4f34-8bc7-f17bf248637f,shipping,2780 Sabrina Manors Apt. 055,Michaelstad,CT,99233,US
5fcab1a8-22f0-4925-ae7f-491a32e0f190,45216928-5ee7-4f34-8bc7-f17bf248637f,billing,4226 Dominique Center,Chavezstad,MS,46259,US
98de2673-d0aa-4a7b-8277-148d18c2ab5b,da2f2e57-d164-41f8-ac10-f5e0556077e9,shipping,724 Derek Square Suite 518,West Veronicabury,NJ,13730,US
bf75909a-f1e6-4171-aca7-b120e5f677ea,5744e81b-0e20-49c2-b8bf-778b4b91d215,shipping,058 Aaron Pike,Beasleyfurt,MI,24247,US
497ec859-e78f-48d3-a21c-a9da2fed6df3,1a658628-53d2-4c09-8204-cc0345f5f3f1,shipping,95046 Barker Mews,North Theresachester,VT,96905,US
caef9ac5-0ecd-4415-a106-3c2a4121ba97,f2270ffd-900e-4ab1-a162-ab822e3a9606,shipping,5943 Eric Light,South Rachelville,SD,92691,US
21f94ecc-9d28-4a0b-875a-14165a0a1e05,b04d8e1d-e116-409f-8020-f07da438e62e,shipping,29719 Sharon Divide Suite 127,Jensenton,SC,71090,US
90c78873-b127-486e-bd80-61d7fc652724,b04d8e1d-e116-409f-8020-f07da438e62e,billing,8627 Garcia Bypass Suite 020,Zamoraport,VA,41638,US
13517f33-7bc2-4856-b45e-268d63e72f40,5b35023f-28e7-4211-b64d-ef475106fe88,shipping,169 Thompson Expressway,South Ronald,MO,98436,US
e3d0a090-78ea-4c3e-835d-969a72bc20f7,2e50cdff-d243-464a-b640-00a8ec2d8109,shipping,6605 Leonard River Apt. 333,North Jane,NJ,40776,US
2236b585-c07a-417e-a4af-f4191f9a654e,2e50cdff-d243-464a-b640-00a8ec2d8109,billing,16602 Morgan Skyway Suite 184,Hutchinsonshire,MN,35585,US
0404048d-7647-40d5-9249-f672ad56b362,d7b49c2d-6183-40f6-9a94-93f5715e357d,shipping,999 Davis Walk,Kristinmouth,NH,40141,US
e28e60fc-2b28-424e-bcee-0ce2ad6c5234,d7b49c2d-6183-40f6-9a94-93f5715e357d,billing,54439 Frank Extension Apt. 831,Weekstown,TN,22134,US
65420a18-cdc5-421b-9bb3-95540d334fef,021c3866-4607-4cd4-bc94-53ab379295cf,shipping,518 Torres Crossroad,Mathewston,GA,96285,US
f4fcbcbb-eeb1-480c-a68e-db0fda0e730d,021c3866-4607-4cd4-bc94-53ab379295cf,billing,5980 Hannah Meadows,Barrberg,AZ,84529,US
2cab6b7b-2d72-417f-b032-8e89f0ee1712,47cd4de5-03ec-449a-b76e-53fa1b0c913c,shipping,1953 Turner Island Apt. 008,Wagnerfort,ID,64009,US
72c19bdc-dd17-4f21-8250-83b4ffbecbb1,47cd4de5-03ec-449a-b76e-53fa1b0c913c,billing,95236 Sloan Course Suite 180,East Scott,CA,37486,US
939b98eb-db16-4f65-aff5-c660ac617bd2,ca1e5085-611f-4d00-97a5-69eb5d5b2b1e,shipping,21894 Carter Lakes,Kyleside,MH,61561,US
b94dc71f-1cce-4f65-b159-5156f81429cc,b2614b0e-bf73-41ab-80ac-7220f55ab776,shipping,82503 Lopez Parkway,North Ryan,NC,97299,US
3ccb7758-b33f-4051-9653-6a7abbccb58d,db050d1d-7335-4c4b-9f6c-18dfd66dec89,shipping,342 Griffin Dale,Nelsonside,MD,16993,US
4d74078f-5654-40e4-9194-fafe70f4cd19,db050d1d-7335-4c4b-9f6c-18dfd66dec89,billing,32155 Watts Vista,East Amanda,FL,77365,US
80c22a54-da7d-4456-a9ae-b0268de79b11,a2dfe2ed-e2dd-4d97-a73a-95e80a779ced,shipping,325 Crawford Square Suite 014,East Taylortown,KY,81793,US
76870be3-0ada-4161-bd64-63c9db1d59d5,ec5212d1-34c9-4517-b469-e9c9437bd581,shipping,60451 Henderson Key Suite 024,Stoneton,SC,85801,US
aa230a1c-772e-4b19-b21e-058a633091fc,ea08e7af-a21d-4b79-89b2-303604169e62,shipping,661 Hamilton Hollow,Georgeland,AR,17095,US
556e299f-a414-4d48-89d8-359e2bce77d0,180a85e6-39b4-46ad-a906-1f9da8f9dcab,shipping,5389 Jill Junction Suite 420,Englishstad,MH,74752,US
0230ba73-037e-429a-8d35-53d5a1befe50,e955a3a9-a284-4a9b-ab01-98a075469a38,shipping,660 Amanda Parkway Suite 514,East Michaelville,GA,91431,US
6b774059-be2e-476d-862c-0109e3141795,f03d8ce4-5966-4fd5-a435-13c42ef82de1,shipping,9764 Jodi Estates,Mathisberg,SC,97989,US
e8698451-11fd-4c2e-92e5-038315820f49,9a180fa2-3ce5-43c7-8e77-062d0e16c860,shipping,789 Harper Ramp Apt. 209,Allisonborough,CT,34614,US
154c52b0-bdd8-444f-8610-80585d991261,e88c22dd-9b04-4066-aed4-f57484038544,shipping,477 Wiley Well Suite 137,Johnstonmouth,VA,30329,US
43d78992-5f58-4718-b499-12dde5fa5852,e88c22dd-9b04-4066-aed4-f57484038544,billing,93466 Bowen Overpass Suite 535,Lake Marvin,SC,97621,US
747c56d3-aa27-41fd-b6be-ba8b4df86b02,f50ff45a-4e57-4207-b9e2-437cc1224115,shipping,924 Amanda Extension,Tinafurt,NH,37932,US
20a8002b-36c6-4b5b-9828-eff8d6883656,d5b116e6-58d5-4e81-acdb-d91ed898fd53,shipping,445 Brittany Avenue,East Julianshire,WY,48600,US
82229b3b-04de-476e-a5a6-f0262ee1f101,562b1255-8be9-4056-9760-28ceff3da907,shipping,223 Jennifer Glen,New Lynn,MP,60228,US
fbf85bfa-6c14-4cf8-b443-f88f2b4be75c,88f21e44-c584-4ff6-bf3c-f12a2cbcd14e,shipping,0539 Meyers Loop Apt. 509,Ericton,MT,18448,US
5e34ba14-2ee0-4b3f-94b6-092f59471a69,50bbdaa9-66b0-4e00-9c31-9f8ddd2f8c68,shipping,05160 Flores Inlet,New Danaberg,NV,97589,US
9ba66da1-7390-442e-93d8-c7f05a009530,542982df-0d68-41f8-a348-4089bc7b15a0,shipping,446 Manuel Manor Suite 640,East Megan,VA,31559,US
fd23e3b3-6ab9-4538-a507-ffcf0f87a898,a0baf1ab-7299-4869-a254-1b51ea0084c8,shipping,81383 Roberts Underpass,Port Eriktown,FM,17345,US
12794996-c968-4f4d-9f4c-62cd53b7ec1c,7578fdb5-dff8-4435-9fe6-cd8d5c13d6a4,shipping,006 Taylor Freeway Suite 550,Jamesmouth,ME,58351,US
0668320d-29b8-48ac-8930-946a28be1c0c,7578fdb5-dff8-4435-9fe6-cd8d5c13d6a4,billing,4474 Scott Dale,South Ruthside,FL,60278,US
19b5a1be-b148-467e-97a3-a6bb2704e777,b0ee6c78-be77-44fa-979b-a6f9bd844f78,shipping,561 Eric Rue,Richardburgh,UT,24123,US
ff48a444-9f83-488a-bb93-905ec6681e85,e4dff052-e3d6-4e21-9747-77ed9da515f9,shipping,67109 Beverly Brooks,Lake Dominicside,VT,89685,US
557f61d6-bb07-4bfc-a754-62f8b488c357,c165f494-e936-4d1f-94c4-258a88334f6a,shipping,6946 Christina Run Apt. 045,Kiddborough,OK,59277,US
b6603c6c-7a83-4f0d-bb1e-13502d922525,c165f494-e936-4d1f-94c4-258a88334f6a,billing,52099 Christopher Valley Suite 860,Scottport,MP,11250,US
18022a88-0023-491b-bc44-d1761226c606,3f92156a-148b-432a-95b3-4a11586a25c4,shipping,14477 Andrew Parkways,Port Randy,AK,16632,US
a1c10496-b5db-457c-83bf-3d6895a48413,f4715914-5413-45b9-9769-944d7e501b14,shipping,079 Johnson Mountains,Tracychester,WV,53350,US
46fc9225-df86-4788-9cce-0eb3cbd1a789,abd4c649-df9e-4cf5-bb2d-21e5584b9eb3,shipping,7646 Rivera Falls Apt. 694,Watsonside,OH,44772,US
f154fc7b-e72c-4074-bd3e-2c0105bbd360,11191b08-736a-497c-bc56-009a6d3e7215,shipping,22300 Catherine Freeway,Joshuaside,PA,89432,US
742991ea-5945-41eb-b685-3630466e90c5,38270850-1b72-4898-a245-2a78c7cd37c7,shipping,721 Larry Falls Apt. 528,East Margaret,SD,55202,US
cc830cbe-aa22-47c0-851f-36e8c2ba9ced,39476ab4-089e-45a9-b1d5-03c02e4a3bd6,shipping,40335 Curtis Hills,North Reginaldfurt,NJ,51684,US
58a64514-7882-4a62-bdf0-24856acef5f0,9a4fc04b-0b86-4893-8fd2-b14260d21d2f,shipping,01355 Lori Passage,South Melissa,IN,03301,US
7c16b03d-0366-4945-b4c9-af2ef300f805,18c323d7-59aa-4fea-bd5d-93b5f5715cdc,shipping,921 Tyler Plains Apt. 975,East Wayne,MP,83910,US
f1aa8965-62ba-46c4-b275-16983d3f2502,18c323d7-59aa-4fea-bd5d-93b5f5715cdc,billing,775 Lee Underpass,Garciahaven,MD,83522,US
8b75307a-828d-4b34-b1fd-5e338b1e1d67,9cd16603-d2c6-479d-a5ad-823a961fea61,shipping,39396 Carson Garden,Lake Kellyburgh,MD,54793,US
f5786cbb-b88b-4891-b934-f461f6324d8d,53f65a99-79d0-4aea-bd4f-7ccb3ccee070,shipping,2990 Moore Locks,Batestown,NJ,62175,US
13a33361-0458-48d9-8646-1ecae876ec61,53f65a99-79d0-4aea-bd4f-7ccb3ccee070,billing,964 Rebecca Divide Suite 089,Port Mary,MH,95548,US
8e94b34f-1efb-4d90-b35d-222873f2e1bd,b24a3df2-5463-4778-b0f0-36c7b1fcea8f,shipping,54143 Greg Heights,Hamiltonshire,WI,84489,US
bdf78989-4768-4edc-85b9-a4fbba8d00a0,30a33bc2-b683-4d2c-bcad-d86845435d5b,shipping,23135 Allen Parks Apt. 528,Joshualand,MH,93214,US
0663d17f-6607-49d5-8170-a88022129b22,c74e2617-95d5-4c36-abab-2d6c98f860b5,shipping,89128 Mills Point Apt. 073,Port Stephenchester,MN,48046,US
17083466-237f-410b-bb9a-26de64f17ff2,bbb3e200-9c44-4fdc-bd5e-41bd3df916a6,shipping,2989 Nguyen Branch,Lake Saraland,PW,36902,US
6310119b-326f-41f4-81c6-6a7805c79cff,0a93b8d8-3394-4765-83d5-b1314a6459e5,shipping,839 Charles Court,Campbellville,ME,04461,US
1a9c2336-4aad-4783-8f0b-b24ed01aee6c,2e7ef34e-c91a-4d93-9f2f-d482b28d3cbb,shipping,7422 Moore Port Suite 599,Brownborough,TN,03132,US
0837d48f-c1fb-4c5d-8b99-e54f1249f1bc,9dbcae9a-0481-4425-bae4-d210881ff4dc,shipping,813 Kelly Track Apt. 617,Rhondamouth,KY,11684,US
fb29a1f8-2fac-4df0-9ecb-80e143c49100,6a8e6276-62cc-42fd-8bbf-6f41acc6251c,shipping,3175 Devin Isle Suite 444,Gonzalesville,MN,64101,US
67e31b18-dd6c-461e-ae3f-199cd3b12b0c,e88735d0-4064-4d80-ba7e-6708fc933263,shipping,240 Bradley Trail Suite 422,Smallview,SD,16380,US
a4f9b6e5-2629-47d7-82ba-789e03134150,9fe166e1-04fb-45e7-b2b4-3a9e5a1ec3c4,shipping,6858 Jared Overpass Suite 432,Katrinaview,HI,00947,US
ed65469c-a8bc-46a5-b4f8-7d157da3f511,bb3c67ce-852e-4e27-acc0-08158b8497eb,shipping,26885 James Radial Suite 364,Lake Robert,NJ,85604,US
8573254b-316d-496e-b398-1138e831a1c4,630cb74c-9f35-43be-b084-0093bcf60c3f,shipping,2532 Thomas Walk Suite 398,Emilyborough,CA,18635,US
20717a5c-d8a7-4a52-85b6-12d1523b6d15,b2c1b31f-54a9-4de1-bb64-3465c4878134,shipping,13937 Emily Square Suite 334,Stephanieville,CO,35002,US
a7e288a9-caff-4543-83bd-3d0ade5e3da1,a652e9db-b2e2-4468-a8dc-5a87a5c4b6b0,shipping,63789 Johnny Keys,Nathanmouth,MP,57489,US
3dc78973-bb2b-47db-a6d9-e59c03f76340,a652e9db-b2e2-4468-a8dc-5a87a5c4b6b0,billing,291 Smith Summit,Michelleshire,MS,77456,US
09ea1177-7486-4aed-b21b-948e49722a54,9dc6fec1-4fb7-4fb4-991f-06b195b580ed,shipping,01802 White Lock,New Robert,PA,69251,US
aafb1bee-8469-414b-986c-24be318e6b83,e249f43c-1587-4869-bbf5-4d220c16d485,shipping,7222 Elizabeth Square Apt. 445,South Abigailshire,NV,01714,US
2ee1f888-6832-488a-bb75-c5860f313899,61bb9fe2-74bb-4319-98be-47481adeec02,shipping,50096 Andrew Trace Apt. 928,Rachelborough,IA,13553,US
f69e5bed-2546-4165-a47d-303d234fa7ee,ad530868-72c6-4183-9841-dd0c4a87ad96,shipping,03315 Carol Skyway,Gomezfurt,NY,12423,US
b87b0c3b-f96b-49f4-9a8c-4e8816364476,eeb5c7dd-76c7-44da-a862-35b49890a2b9,shipping,386 Jeffrey Springs Suite 371,Browningfort,AS,84422,US
81979790-44e7-4399-b0e5-7de96d60e4cb,eeb5c7dd-76c7-44da-a862-35b49890a2b9,billing,367 Lee Canyon Suite 485,Diazton,NC,52746,US
c9020623-d051-4155-ac4f-3201c8c3fc3c,85c0f359-c7e0-42c0-886d-6af51a610166,shipping,2399 Moore Summit,New Kimberly,AR,03745,US
fab701c8-beb8-4a43-b2ff-5c400a6016b5,2f7e13f9-33f8-47b8-8b4d-fb2d6644f43a,shipping,711 Powell Knolls,North Rachel,RI,02036,US
a5015209-5236-4a2c-999d-c97fe8c9e426,2f7e13f9-33f8-47b8-8b4d-fb2d6644f43a,billing,930 Cherry Freeway,New Juantown,GA,82176,US
6e0fd425-967b-4689-8312-8d2bd1e933fd,0fe22b4b-2ddd-498b-8381-2220a214dc82,shipping,9560 Rodney Divide,Lake Albertville,TX,09927,US
0952d6f4-18e0-4f64-8fd9-dbbb063c3824,456441c2-daea-43a2-99f3-2db79fdd5b7c,shipping,012 Rivers Underpass,North Davidfurt,MP,84990,US
cc725ebc-2192-430b-9276-a3c1e31552e6,456441c2-daea-43a2-99f3-2db79fdd5b7c,billing,76882 Leah Groves Apt. 324,New Shannonchester,NC,25257,US
c5f86f9c-47ab-4ee7-bd05-1a08deae958c,2ee1c7c6-8ba9-44e3-8a52-351c5777c5a1,shipping,613 Jonathan Trafficway,South Christopherberg,ID,58738,US
3caf5183-c616-4beb-a1fc-d436b5d3ed38,8caa27d2-1302-4fcf-8198-e6a6dec78b3a,shipping,8437 Rice Lock,South Peter,SD,85158,US
c9e93d4f-0069-443a-af0a-5c686ca184f8,e1450f5b-f4b1-4bd1-bfdf-752385b85038,shipping,14505 Brittany Extension,Luisside,AS,39016,US
6428589e-287d-45e9-aaac-b56f074787f5,6a6563ad-4abe-4462-9dc4-441724960fbf,shipping,2260 Ricky Isle Suite 795,South Joanna,NJ,65191,US
271c14c8-6a1a-4db0-aca4-b2faa3ca7101,1bdc1756-6c9e-4fba-9c27-282df47b7d36,shipping,662 Jodi Squares Suite 935,West Jennifer,AK,76085,US
ad3c23b4-67ad-40ce-95ae-cdaac128a774,c8cc2fa7-aab0-4a18-9afe-aa23bd5bb13b,shipping,4718 Hooper Knolls,Hughesbury,NJ,87566,US
3e199f42-7aa4-42d6-944b-e08c34dd9787,c8cc2fa7-aab0-4a18-9afe-aa23bd5bb13b,billing,740 Guzman Port Suite 712,North Patricia,AK,42950,US
3ece293b-04d2-4ec3-8df5-2a7b1cbd4401,2e906307-513d-4410-8801-1e1c72fab1af,shipping,50534 Conrad Green,Port Jessicafurt,OR,20770,US
bedde7b2-6ff5-4d76-ab7e-ac6f8d1e7ea6,33c146bf-791e-4044-900d-85b0e4b45885,shipping,92784 Cook Ways Apt. 084,New Christopherton,MT,28763,US
fbf120f8-ea9a-406d-9f00-0b543753602f,02c801bb-81df-4e08-b7aa-1edc6c2d197a,shipping,731 Mario Spur,Anthonyhaven,ND,05360,US
320901d7-9158-4056-beb9-6061f6a98134,91318e43-c2a9-461c-9da0-58d69aec6243,shipping,95199 Soto Greens Apt. 902,West Russelltown,AS,86181,US
0cdcb3ab-a17c-47f8-a307-40805048bf9d,ae1f47de-7f6e-4714-b93e-8ea5f6cbdea7,shipping,06662 Amanda Corner Suite 626,Sotoview,CA,52944,US
3eb812a2-8bb3-4214-b359-0aec1ad2f497,ae1f47de-7f6e-4714-b93e-8ea5f6cbdea7,billing,771 Holly Common,Mendeztown,MP,95276,US
2debc449-3fd6-4a0a-88a1-05e41b627a0a,b3b30f37-fe0d-4fb4-a279-c788d2aa0861,shipping,0228 Jennings Knoll Suite 354,North Stephaniemouth,KY,51333,US
38c0c20e-fa82-4f2e-ad9d-d2e2c15abd87,0e15d5dc-4eb9-4097-9e1a-c14cab2c5c6c,shipping,561 William Springs Apt. 811,West Todd,IA,75913,US
6c32bda5-71c0-44aa-bb58-f6f94bc61942,0e15d5dc-4eb9-4097-9e1a-c14cab2c5c6c,billing,96289 Davis Unions Apt. 621,West Elizabeth,AL,45396,US
707d3bef-8232-4f22-9595-777d80c7343b,c5e604aa-5b9c-4f6a-80ec-63b98d6e2f88,shipping,78547 Allen Streets Apt. 488,Port Davidfurt,CA,49662,US
3b9150e6-300d-4a6f-9e80-53ab9e872ce8,6f017e88-824d-40ed-8ed5-6a28925d4424,shipping,4558 Richard Greens,Lechester,OK,94326,US
ce3b7ac7-bc54-4d87-8e71-75e0d08acfa5,7c5c3a49-08a3-4308-9007-82e9e0a9d6dd,shipping,727 Lopez Points Apt. 580,New Benjaminstad,WY,05000,US
e30e8389-782e-474a-9c11-da7731823118,7c5c3a49-08a3-4308-9007-82e9e0a9d6dd,billing,6420 Patterson Stream,East Jimmy,AK,58787,US
3e30adc3-a85d-4c84-a3cf-08395b6e9294,3c3ce79e-f402-4cb1-ade0-18b71badd825,shipping,673 Miller Plain Apt. 348,South Nicole,SD,62551,US
2f18338b-3ba8-4267-9d8e-3b74ae6c349e,3c3ce79e-f402-4cb1-ade0-18b71badd825,billing,642 Megan Point Suite 525,Baldwinmouth,AZ,76340,US
0bcb4323-d694-4219-8df8-68130fbb4d60,3d69f850-b6b3-49a3-a911-e23d8d30a482,shipping,64538 William Port,Lake Karen,DE,02794,US
36fb3da2-19fb-42be-b6bd-e78a36ccfbe1,1d7ac71c-f966-4ee1-9af0-6af511423bfb,shipping,445 Thomas Locks,East Brian,VT,25657,US
b7bd7834-d466-48d3-9d6e-72131ecf241c,1d7ac71c-f966-4ee1-9af0-6af511423bfb,billing,428 Sandoval Fork,Ortizmouth,PR,90093,US
75a76414-3c0d-480c-b91c-b7c70a599f18,8e419c2c-f615-4abe-883e-61eb3f665c2c,shipping,43753 Michael Neck,Kingberg,AR,36849,US
39a1c580-9c9d-4021-962a-ab99478bf5df,26d60a23-4f8c-4e33-ac29-27b25d8248f4,shipping,783 Wendy Fields,Cooperborough,MI,20390,US
de88c003-0183-4966-a105-f6a23bfbbd95,5002d491-b0c4-4a4e-a40f-2165c8a09856,shipping,6615 Lawrence Shoals Apt. 227,New Alexander,IA,66381,US
3f1a1dec-235a-45bd-8773-713316e06ab5,5002d491-b0c4-4a4e-a40f-2165c8a09856,billing,8312 William Via,Davismouth,MS,39757,US
463a5fc0-b7f7-4705-9fea-bea9998b93e3,a5ea2e1f-2357-4376-9270-d133de15345e,shipping,3182 Cox Lake Apt. 314,Dianeport,PW,16245,US
e8472977-5560-4f4a-a72c-1763ef43f1fd,7a66b4ea-d9b2-422b-8e80-3a13db3c89df,shipping,1075 Russell Ways Apt. 713,Floresport,VA,24973,US
d5d31e24-a47b-4f3e-8c42-2c4cfb9bffbe,402c1920-42b9-44fe-bc2c-b050b1a9fca2,shipping,7484 Rachel Well Apt. 651,East Andrea,IA,71741,US
b9b124d8-99f7-491f-8ec6-b2f83e0be28d,5cb5affd-3658-4ddb-9331-7b9a5f128c97,shipping,9767 Wilson Rapids,Thomastown,MP,63601,US
e17ec74c-c30d-4829-946c-c288193d4587,5cb5affd-3658-4ddb-9331-7b9a5f128c97,billing,8290 Holt Freeway,Bradleyshire,CT,21169,US
36706fee-d6ec-4847-99bb-56e8eff53c21,47661aae-ec9b-4346-a006-abbc2d96d433,shipping,94529 Kyle Turnpike,Jacobside,OR,59775,US
591987c4-7001-464e-981c-c7865dfdf091,325e6a71-2672-4399-a749-a44945224390,shipping,27213 Paul Canyon,New Randall,NV,81636,US
87fb6b35-9eec-4ed6-9029-0722fb17fb93,6abd6169-0b5a-4b7d-82d1-42e6314b8dd7,shipping,9453 David Greens,Mariaside,NE,61190,US
be204ec1-6f7f-4e19-9f7a-16a70d0e9626,75576b34-5de8-48f7-aa24-cdcfe33d7e6e,shipping,01687 Joseph Village,Samuelport,KY,40793,US
06193e4f-404a-414d-a735-2a901e7591f6,c031bbde-5cdd-4906-ab7d-c1e88e923d52,shipping,9481 Katherine Knolls Apt. 297,Port Jason,NH,36645,US
34d09159-a78b-4556-984e-df48e97a3745,c031bbde-5cdd-4906-ab7d-c1e88e923d52,billing,1727 Preston Cliff Suite 808,North Jefferyfort,WA,89833,US
63c6f0a5-6fbb-4f9e-afa2-2ff02f18e972,c59da619-a9cb-4f08-9f65-7dffcdb8522d,shipping,5802 Salazar Burgs Apt. 942,Rachaelstad,SC,79898,US
de984046-3af2-4920-9be7-03f3d53c6e1f,c59da619-a9cb-4f08-9f65-7dffcdb8522d,billing,822 Stephen Shores Suite 825,West Angelaville,KS,27892,US
95f0af4a-db08-4940-b2d4-3a7afc919150,fe13a8d0-db73-410f-af46-158a5ff051b2,shipping,453 Jeff Lodge Apt. 215,Shawntown,MI,07586,US
24257b67-5e93-4dca-82d6-ecd433415353,d5d728c9-ba2b-48e8-b9c5-bbbbed4d253b,shipping,68667 Keller Ridges,New Ebonyberg,CT,75045,US
3132bdbe-a411-47db-a30b-c4d77b13f7ea,6951215f-de0e-4436-a627-a140049eb58f,shipping,5347 Kent Street,Walkerfurt,OK,57511,US
79c8ceef-5d43-4f9c-a40a-f01ac7673556,56dda8bb-2078-47ef-a3bc-16c496dbcc21,shipping,38616 Serrano Unions Suite 998,Lake Jamesland,OH,35169,US
c6e1a525-884b-4b4a-b511-34e236de1001,a38f5314-efd9-436d-bad4-d4154ddf2bc8,shipping,77308 Brett Square Apt. 711,East Christopherchester,CA,77282,US
f40f9fb0-8357-4eed-930e-086e919888bf,8e5a5e16-4681-4419-8e29-f75bf20bb17b,shipping,3355 Pittman Lake Apt. 038,Marktown,NV,44677,US
b87b5b59-8aa9-4260-bd79-89ef480d1f47,8e5a5e16-4681-4419-8e29-f75bf20bb17b,billing,80551 White Common,Lake Susanhaven,TN,84065,US
6994817b-1cb8-4eaa-981a-70347edc5900,b7dd8ee5-2996-483c-907b-9eebdbc7f41c,shipping,8317 Austin Ferry,New Patriciafort,NJ,43506,US
346e4c1d-d5ba-41fc-bd33-094500dc7830,6fcfea8f-4d5b-44ba-9b03-eaadc2c729ed,shipping,3757 Jack Island,Port Steven,ND,59026,US
00e7a78d-cf8b-45c2-9f97-c75f72ace965,299fbee0-0733-4cde-b8a1-b7e228f2c8b9,shipping,492 Alicia Bypass,Davidshire,PA,20186,US
be0fe54d-e5a6-4fff-a673-660480812290,299fbee0-0733-4cde-b8a1-b7e228f2c8b9,billing,9181 Leonard Common Suite 337,New Michaelhaven,AZ,93966,US
fbf9427b-3145-48b5-99fb-0dd18c01fe7b,596402ca-3c0f-4a05-8bf5-059eb50c4022,shipping,279 Black Roads Suite 693,West Andrew,RI,66272,US
336d9b06-ae0c-4434-a5b1-04b27888672e,e25e3939-58c2-4e6d-a2ad-b7d9dee87933,shipping,7688 Angela Port Suite 545,North Alexandrafort,WI,19758,US
e87b2dc0-f8b9-447a-82d2-2ca2efe519d3,3dfe3b3c-67c0-4500-9f0a-25068061e90b,shipping,649 Fernando Club,East Terryville,SC,92400,US
770de150-a432-4f09-8c3a-2a48a4e0d025,80682d7d-d73d-40fc-97e5-c04df6045e25,shipping,22960 Jennifer Turnpike,Burgessview,OR,85189,US
1306c816-a594-49f8-af6c-1f3daf6ea4f7,fff127e2-6bd8-493f-a72b-ba788c5aa925,shipping,71375 Jacob Place Apt. 908,Joseton,NV,56587,US
6ae7b1d5-e579-4750-a4c8-7ebefa3cc7cc,25f87d4e-cbd8-4cd2-b39a-5aeca18a53a3,shipping,9960 Snow Hill,Jenniferstad,MH,55349,US
9f4b514c-0335-4dbd-8143-55ebc713a478,01456204-497f-4611-9371-010302f83022,shipping,569 Antonio Squares,Cruzmouth,OH,81023,US
024d1a53-0182-46e8-a245-e101b34aa1cf,1c3a5645-fbb0-4d46-881b-658417f4c778,shipping,73226 Lindsay Ridges Apt. 875,North Robertmouth,AS,66538,US
61088bd6-fbd2-46c8-9500-383ed5f5174f,1c3a5645-fbb0-4d46-881b-658417f4c778,billing,7662 Robert Throughway Apt. 242,East Jenniferville,ND,81111,US
9c9f7416-63d3-4914-8083-fcba8264b7fb,0ae3b120-476b-45db-ab12-8dc4d8e69c17,shipping,23006 Thompson Shoals,South Aliciafort,VT,71321,US
d38b5d69-7349-46d4-bdb8-efff98adfc1f,ddd5318f-a2ff-4716-ab17-7ac0d47cab15,shipping,03861 Jennifer Grove Apt. 910,Lake James,AK,07374,US
0396db79-7efe-41d2-960a-3f723b513c5f,068adb39-23d0-4ef6-8ada-31b5466d3b46,shipping,8872 Amy Canyon Apt. 606,Rodrigueztown,LA,18249,US
7679c304-1eb6-4a9c-9ed6-74344b7fa19c,9fdaf50a-3e19-4610-87e7-1cd2fb5c913d,shipping,146 William Street,Port Phillip,AK,34436,US
a3b51ab3-39ad-4f81-922b-26807aa7e61b,2e097f53-ea6e-4414-8d10-8ebde185ac0f,shipping,13213 Cummings Mountains Apt. 756,Jenniferchester,LA,75541,US
7b6adc79-edc7-4130-8f36-4753e7490db3,d0cb6127-c63e-41c7-94c7-5cb76e1a8390,shipping,928 Meredith Turnpike Apt. 195,Stevenborough,MA,07299,US
6d5e4052-05d8-483a-b898-e4c8fd28c886,a64400cc-f99e-43ab-ac41-c56ed03a9546,shipping,6022 James Flats,Castillobury,LA,96759,US
347f7f1a-296f-4c48-a36c-41437d30c385,045b69c2-974c-41e5-bb64-bf919818e962,shipping,1307 Megan Tunnel,East Hannah,FM,84225,US
9ef4f55a-76b9-4d21-a137-637d44094672,75dd5ece-3710-4965-8bea-048bd2c7879b,shipping,40561 Peterson Passage Apt. 948,Toddbury,GA,84738,US
b48f1fd0-3606-493a-a6ea-4f9a1808ffbd,e4d99ed6-8ab6-4147-91ae-0d10f3b2e82f,shipping,944 Phillips Path Suite 045,East Connortown,IA,27252,US
58c8abb2-8bbf-4378-b766-353d96bdadd9,af68e6f2-7813-43bf-b788-160343485d12,shipping,188 Edwards Heights,West Jasonfort,OR,02013,US
643c205d-6141-4714-bb6a-5842e0242a28,e00587a4-5b60-41cb-8c99-4376d6263c66,shipping,6029 West Curve Apt. 281,Travismouth,GA,51925,US
b3a69ed5-471a-4695-a1f0-5914b387de6a,4e26e446-8027-4068-abe1-2dd4f21e9391,shipping,9490 Luna Drive Apt. 134,Reginafurt,HI,21251,US
19992168-4d63-4963-89e9-3ffc47b4a7dd,d0c3f245-ecdc-4532-9220-1e0a7500d592,shipping,9575 Lisa Isle,West Catherine,TX,01814,US
886d9330-a5ff-4aaa-8d85-ad37eceba249,39279342-561c-414d-ae70-919fa1e548e0,shipping,4902 Michael Mission,West Nicole,MP,34233,US
d78e1da5-ce71-481d-a944-15279d8a8a0a,d67213fc-307f-4571-bab7-3bca947f16d5,shipping,13306 Margaret Forges,Davisport,MT,81678,US
f98c4d78-70c0-4010-b6a2-c7e6271aac44,48e90983-27ba-4b04-a59c-aa7b13fbedcc,shipping,939 Richard Run Apt. 164,Kimberlyton,OR,55368,US
b10478d4-851f-4a65-9264-49dce62ae028,06d6435e-38bc-48a3-8b3a-9c851f9d36a8,shipping,25944 Jackson Skyway Apt. 660,East Jennifer,OH,30372,US
5895fa7c-9f2c-437a-a75e-f34e1035728d,5abd87f0-c070-4f34-a1bf-4e07b9e651dc,shipping,130 Ware Avenue Apt. 249,Grayfort,PW,83845,US
c61013d8-37cd-4028-a31b-bb0207009921,5abd87f0-c070-4f34-a1bf-4e07b9e651dc,billing,09074 Jennifer Corners,Lake Elizabeth,MH,17793,US
a33c8fd6-3fc4-4df6-9502-66cf65b15670,c4424a30-0b5c-4fce-8664-299f78f6c409,shipping,8792 Rodriguez Road,Matthewfort,PR,27965,US
71f77ce7-9da4-4f64-b09b-10ae7a09bd7c,a594ef1a-8a61-403d-989d-f316689a4604,shipping,61980 Trevor Estates Suite 003,North Paultown,AR,69585,US
bece6b59-d226-4e34-b5cc-3e51bca2b431,7fc38a52-22fe-49ab-b38d-363b345767e2,shipping,896 Jimmy Land,North Thomasshire,MP,49700,US
b0dc1d30-c9dc-4428-99cb-ca30a6822371,468125d9-ee7e-4284-abc2-b816d9b2aa00,shipping,9787 Ponce Hill Suite 783,New Samuel,MH,10124,US
82a63105-874b-421d-82db-a804b8a7b09a,65488f70-5940-44b8-9fda-1634826c2445,shipping,980 Bailey Plain,Rachelchester,RI,01341,US
524fd94f-867a-428b-8b57-d82438fac0f9,c26cb5d1-9a97-42df-b919-f148fadc9601,shipping,1752 Avila Plaza,New Branditown,MI,70116,US
7fa9d441-97ce-4860-aa30-e5d52c959ad8,3157fbaa-a241-4550-b869-3017c300ac97,shipping,1825 Aaron Wells Apt. 495,Tracyfort,TN,29427,US
9644f472-e8f9-47e0-a27c-5f966e8fd784,cd8d2bd1-7856-4737-b2c1-cd643a2bb22c,shipping,3330 Solomon Field,North Annetteville,RI,30575,US
e9db1107-3ced-4072-afe4-2b354d6234d4,cfb08a4e-ed39-4b69-98fa-373d35533db2,shipping,0520 Reginald Curve Suite 080,Cindyland,VA,60997,US
0352d20f-fcfa-4c8f-900e-ee27f43a4d49,cfb08a4e-ed39-4b69-98fa-373d35533db2,billing,02337 Andrea Fort,North Kellyfurt,KS,57733,US
9d141abd-a3a4-44b0-8e08-70cd6662e443,68a0d150-ac04-40a8-a30f-a9c93652514e,shipping,4720 Melanie Center,South Maryfort,NH,63568,US
74068309-3ceb-4817-811d-2967f9641b4a,7f163aaa-63f4-42d9-8242-47884a6f42d4,shipping,31673 Thomas Ferry,West Rachelside,MA,93859,US
35586133-0bd3-457b-9fec-ef77e5751cbb,920a25f6-ba7d-4aee-b729-54f0d55a921f,shipping,289 Terri Park,Angelicaberg,MI,89847,US
b48b903d-46b7-46c6-8f59-4a43b3cb700d,71f2a016-f472-4d51-bf39-66600476db85,shipping,8664 Cindy Crossing,Melissachester,NM,84831,US
5fce5eb3-d4bb-49ea-b23e-bb8761fd8e19,71f2a016-f472-4d51-bf39-66600476db85,billing,9024 Cheryl Extensions Apt. 567,Warnerland,GA,52380,US
3da34feb-2285-4496-bd4a-13c2d47b8f1b,33380fc4-2408-4613-99e7-d35f4e73bebb,shipping,3345 Orr Grove Apt. 678,Youngtown,KS,53893,US
025b09ab-c571-492d-8496-0bf5ab805ca8,d9eb349a-e1a7-40db-a3f7-7d96918cb1a1,shipping,9489 Obrien Knoll,Brittanyshire,IL,79575,US
293ac8e4-54a2-4817-b35d-092bc73bb02b,d9eb349a-e1a7-40db-a3f7-7d96918cb1a1,billing,2294 Gregory Overpass Apt. 656,West Mary,LA,62946,US
ad3b430a-0855-41cb-8724-e84dbd63fc35,1678250d-2de1-4eb8-afd4-9d56a80da0eb,shipping,3989 Freeman Harbor Apt. 175,West Kylefort,IA,65429,US
64294301-0cb6-4031-9d03-a44e146daaad,6adc3a75-73cd-44f2-8b1e-bb264fe2069e,shipping,340 Vasquez Mount Apt. 506,Ashleymouth,DC,09141,US
99feea68-c736-43ba-8096-fc88256d4f60,73c59de6-4e4b-4dad-8010-008417e427bc,shipping,848 Fowler Burg Suite 936,Chapmanville,NH,27426,US
1b296e8e-d901-4eb4-acd3-74277d3dd894,73c59de6-4e4b-4dad-8010-008417e427bc,billing,54159 Patterson Square Suite 239,Lopezchester,PR,22494,US
77d210fd-219e-473c-9566-d8190cbe47b8,83b94438-03b2-4e8f-820f-6d84174f1a04,shipping,9314 Foster Forest,Denniston,NM,25709,US
5e733897-1f73-4508-b698-f4d02b0a0120,b15dcf93-6fd7-4b24-8694-dd10ebd01bac,shipping,75104 Rodriguez Fort,Johnsonton,CA,22380,US
ebc44ed1-f1fd-42b7-a020-843ce8c24953,07a2cff3-8e2f-42a1-b4fb-0f74710cb0c5,shipping,34919 Lynch Forks Apt. 268,Oconnorshire,FM,13483,US
e99dbb0a-108c-4af7-aaa4-d21ec13a1ed5,b937bf9f-dd78-4787-8dd2-6292b1cf5cf6,shipping,75446 Thomas Harbor Apt. 970,Marcusfurt,WY,93927,US
f87128e2-691a-4f75-ac77-de9cd31e5b50,7ecfc8de-dc16-4eda-a749-34c799c03647,shipping,57556 Christopher Mission Apt. 133,Raymondville,AR,64501,US
e142bc9b-6962-41b2-876b-b13b09d5bfc1,22c7bf8d-cc2b-4ebf-abe8-65a6cb299b5a,shipping,6201 Michelle Greens Suite 621,Howardstad,KY,03847,US
6a603009-9b96-42e0-bb4c-8548534d7ccb,6e47d9f4-c2d8-499b-b106-698739cc3737,shipping,01766 Morgan Route Apt. 208,New Stephanie,DC,62467,US
9e1a175a-5384-4aee-b6f2-7093205f74b6,6e47d9f4-c2d8-499b-b106-698739cc3737,billing,309 Emily Plain Apt. 757,Carlsonstad,PR,27341,US
31d035a1-1ddb-4155-be55-d17eb4e05cfb,c0ffe83f-e303-4b7a-8760-f4964a9d9da2,shipping,3937 Oscar Key,Hoview,GU,72538,US
e7a7d034-aa6f-49e9-a2de-eb423572a5e8,51251eba-1169-4713-94c9-2a74ed1a233f,shipping,0199 Terri Squares,North Christopher,NY,83646,US
8a790830-2bfc-4f84-aecc-f4e0db31abbc,eeb54b1a-c2af-49c2-94d5-d401954e7660,shipping,7503 Bailey Well,South Ericfurt,DC,84751,US
7b41f402-4d8b-4b79-b3fd-d2a72c257e90,1029f2db-3cd3-4135-accc-660e16b087e8,shipping,2793 Edward Rapid Apt. 634,Brucemouth,MS,99298,US
c7cfd06e-7caf-4002-a12e-b7491e551bfa,1f3bc0f3-56cf-4266-89ea-a0778c3aed3f,shipping,78243 Jeffrey Hill Apt. 219,North Kevin,OH,04314,US
6d9260b3-a528-4236-94a6-f89b26c7ac09,1f3bc0f3-56cf-4266-89ea-a0778c3aed3f,billing,299 Lauren Villages Apt. 540,North Teresa,NY,82017,US
ceeff4b3-9570-4ea3-8844-e5a1ea3338f4,5fe697a7-1b27-455f-aeba-3b072e60ce61,shipping,13723 Velez Turnpike,South Matthew,WY,43119,US
7703b80b-67e7-41fd-b6a7-038396f2a8d3,3d01895a-e30e-4d5c-871b-b562d37bcb89,shipping,43918 Katherine Underpass Suite 256,Lake Bettyshire,WI,75074,US
b062eda9-319f-4b98-a834-43e822bcdeab,d3af0d84-5afe-412f-a606-4755a06819b7,shipping,7085 Rojas Rapids Suite 367,Lake Andrewland,OK,09305,US
efe297bf-8170-4db8-b20d-ccace89a5393,eb6e9d6a-10f4-41d4-9a0e-0d63692fb58b,shipping,8169 Mathew Gateway Suite 855,Grantmouth,WI,69549,US
f5f298b8-12a1-41fd-a165-163ed95fa4e9,445a1efb-fc18-47f4-98f0-a37627bb024b,shipping,853 Dave Island Apt. 354,West Jessicatown,PR,22627,US
8146b4b4-2da3-44ef-b800-acee4ce7cfed,e6c6da86-4540-4139-ac96-2f523e75d52b,shipping,776 Matthew Corners,Lake Garytown,KY,44391,US
78a150d9-9152-4075-92ba-24f275e59d75,e6c6da86-4540-4139-ac96-2f523e75d52b,billing,70740 Roberts Springs Suite 035,Mariafort,NC,91017,US
81e87e21-18dc-49cb-94ef-2f7d3a2c30d9,82647373-95c0-48f5-a1bd-5e09dfc564d0,shipping,949 Anderson Pass Apt. 884,Paulhaven,PR,97841,US
3ef2e6df-5a16-40d3-a5ad-985dfedccf20,986780f2-9265-45e6-806f-547dd725d3c6,shipping,028 Danielle River,East Taylor,MD,17636,US
8d15a47a-47dd-4d36-a540-a5d93de0d76e,62988f72-c351-4bbe-89ba-5ef5f5b7c730,shipping,47521 Perry Shore,East Sarahberg,ND,13303,US
bffba0ac-ab35-4d25-8d70-e9ed4c94584f,5aa72934-5541-4031-a43c-2262bc683da4,shipping,783 Long Spring Suite 090,Wyattfurt,VA,62334,US
62b9866b-8355-4de6-b0c6-76ca6a25e9e3,844cd2db-2e34-4d69-81a9-9fa5f730dea8,shipping,81762 Hayes Trafficway Suite 529,Port Thomas,VI,40110,US
82bf5377-de02-426d-986e-12ee4b03aa4d,2ed7d4bb-1cde-4c63-818d-3e508564f43a,shipping,60879 Mcintosh Rest Apt. 968,North Stacyside,WY,41475,US
a13d318f-41e0-49f2-b6e8-c711f6e41428,8995fb63-c848-49e3-925f-9aa2ffe96f38,shipping,220 Davis Branch,Bethshire,MH,59125,US
5c73642a-2292-4cb6-ba4a-1d62ee80db2e,b991fd7b-9ad9-45e6-91e9-d95e6e09a4d4,shipping,6849 Michael Hollow,North Johnville,IN,48767,US
583dc06e-91fb-44be-9f15-e80ae77c3afc,23db51b1-272b-4b8f-9472-c562041f31af,shipping,1335 Vincent Route Apt. 284,Lake Elizabethstad,TN,27769,US
878207a4-dc07-4fd9-9a10-71651b6a78c8,8be2523d-0303-40af-99d5-76ffbd3b7e2f,shipping,331 Regina Divide Apt. 394,Amychester,MI,19993,US
f893f375-c190-4e08-abe5-a642859083cd,48236ebc-8282-4e22-9983-1da01c1bfc98,shipping,7610 Hoffman Turnpike,Johnsonville,GU,38133,US
34f3f2fa-702f-43f3-a220-4c11d95c1792,4ceeb80b-3bb9-474f-b01f-3f68b344fd9e,shipping,7690 Natalie Valleys,Lake Thomastown,RI,37319,US
74d5a8e4-2b9e-4349-b455-60acd96b0e4c,291ded95-5ada-4247-a51f-64f04fa7554c,shipping,73547 Scott Extension Apt. 556,East Carolynville,IN,08701,US
075fbd71-da01-46b9-a91c-faa97398fd14,e776ef32-f4c9-4f8a-99c7-e35198b9b2cc,shipping,539 Anderson Village Suite 315,East Johnburgh,WV,74360,US
5a1dd398-9cba-476e-b417-043d32577504,2c5a5a0c-5704-4b52-a631-9c2dedc32de6,shipping,75394 Curtis Hills,Lake Debra,AK,32173,US
1a339cb1-db6f-474b-9166-fa4122f12b75,7be6417e-5f35-40c5-9928-e9ca1f2d15b7,shipping,3851 Nunez Manors Suite 593,New Jamieshire,MD,58861,US
502465c9-0957-4f58-bf0f-419ab8da7b3f,7be6417e-5f35-40c5-9928-e9ca1f2d15b7,billing,100 Ward Circle Apt. 075,Stewartfort,NY,52361,US
964ec89d-f6a0-41a0-99ea-abf725aa20a3,1e0a3a65-8830-4584-ba3d-cad16f144c25,shipping,7141 King Way,Lopezberg,MS,01646,US
2054d977-267e-49a6-8cc0-aded9834d273,c25e899b-d1cd-4931-b5d2-0732b239a32c,shipping,606 Carter Groves Apt. 636,Tylerberg,ID,24096,US
1c691423-cca1-44c1-8f24-3706ec25f973,fede72f7-717f-469f-b597-1f2ba999ad2b,shipping,945 Sanders Squares Apt. 687,Mariastad,WV,34500,US
3d413a33-890d-412a-b00b-c84037f58b51,4521dde6-6723-4146-93ad-d1ca498fb7bc,shipping,00824 Espinoza Crossing,Port Gregory,NJ,66646,US
bb702c36-d39e-4c66-a489-dfbbe0060928,e70a05ce-ff74-4fa6-841a-390e908e2448,shipping,134 Samantha Lake,North Lauraland,PA,56583,US
3222021a-7938-472e-804d-1d57662246c6,0fc0ce71-5dda-414e-ae46-43d9d555f28b,shipping,452 Alexander Manor Apt. 044,Longville,PA,00743,US
9c84a485-c8e7-4256-9398-9f3b00137a04,380efae6-79dc-4460-a6de-bd530cbaeaa5,shipping,3874 Gentry Mount Suite 200,Evansmouth,SC,82466,US
09911812-6c15-4f5f-8376-38aff4317c56,380efae6-79dc-4460-a6de-bd530cbaeaa5,billing,47952 Gonzales Fields,West Markchester,TX,96767,US
19489eeb-1dff-460a-9e31-ca933f12681d,11b35e34-7256-4e4c-b841-e5459e3868ed,shipping,24396 Charles Extension,Romeroburgh,OK,02160,US
a93bcc92-aab6-4665-947c-598a3dfc7a3a,11b35e34-7256-4e4c-b841-e5459e3868ed,billing,34352 Elliott Crossing,Brockchester,WA,28273,US
8aa1441a-01a1-4960-a91a-e287cbd91cb6,740f1942-f3eb-49f2-8e93-dd25b8717376,shipping,00315 Ruiz Pine,North Tina,DE,04778,US
1c5b0646-4c34-43ee-8175-9cf81b370fcb,0fb92630-7e3e-4ed8-bece-afa1a39d8253,shipping,08491 Maria Manors Suite 442,Josephshire,ID,15960,US
c0c2051f-a988-48ab-8610-195d3ab548a1,0fb92630-7e3e-4ed8-bece-afa1a39d8253,billing,27623 Alexandria Gardens,Port Brian,AR,74595,US
27f2d23c-8ea7-4e2d-8bc1-20ce86c4ce14,2662623a-a1a9-4f1d-a31f-a9151c9c5a0d,shipping,733 Bradley Court Apt. 003,Johnchester,UT,50721,US
e6462927-633a-43de-a508-3ea8b115cd00,2662623a-a1a9-4f1d-a31f-a9151c9c5a0d,billing,00037 Choi Meadows Suite 539,Jonathanport,AR,57727,US
bfe4a9b5-467f-40d4-adf0-f6b4c657b272,dac423e8-45e0-4dde-8679-7767f3701557,shipping,393 Marissa Port Apt. 248,Garciaburgh,NY,63035,US
fbb7131b-6945-495b-9d7b-c5760064ca8c,05eab401-35cd-4fb4-b298-2b0991cf3135,shipping,17435 Fields Prairie,Port Mariatown,MI,66223,US
56242b02-be1b-491f-853e-712a1ebd82ad,05eab401-35cd-4fb4-b298-2b0991cf3135,billing,07742 Abbott Meadow Suite 253,Williamshaven,WV,92276,US
74d4e047-21d4-4e42-b4da-7884f0174b52,4624606f-ca61-4e40-b056-cb0ee327a18b,shipping,0857 Sara Shoals,Antoniohaven,CT,49107,US
9072da87-1f7a-457b-81c8-dfb5ca91d333,4624606f-ca61-4e40-b056-cb0ee327a18b,billing,83853 Karina Bypass,Parkmouth,GU,95797,US
d3afff22-1e4b-4622-9e79-bd7e6e1df242,969c592f-a607-49cf-8b7a-89740ea46044,shipping,165 Leon Squares Suite 500,South Crystalton,SC,18114,US
6377aaa9-7210-4b9b-a98d-ac870dae9bb1,43a6cecc-52b6-481e-a94c-e14787193a0f,shipping,15139 Anthony Inlet Suite 614,North Ryan,WA,51058,US
a6df8f4f-5da9-407a-bf73-eb08dc4b6fd9,0ff2f156-4829-47c1-9dcc-73c27eda0d08,shipping,814 Monica Haven,Nicoleport,NH,93406,US
6d6ac79b-6ad4-4da8-b716-c08d41e5a231,765d13ed-8ce9-4433-83fa-d2869cc8f566,shipping,21096 Martinez Hills,East Melissa,NV,53404,US
bc94d742-9af3-44d3-b829-a7797ce9ee4a,765d13ed-8ce9-4433-83fa-d2869cc8f566,billing,0526 Scott Dale,North Jose,SC,64097,US
14498833-693d-4839-8f28-b3edcf2b89b4,5e8a6957-7535-4cc6-a346-480c68808f36,shipping,07260 Patel Streets Suite 506,Ericchester,AZ,85141,US
e57dc13f-3788-4e21-afdc-b725e1c555cb,0d401317-23bf-4cbc-ae42-e5bd32f8a76b,shipping,078 Lee Spring,Garnermouth,NE,98819,US
322d5d81-a106-4e33-a4da-e95128f34df7,bd547c71-47b5-4ac7-beda-cf9315cf5caf,shipping,4246 Lopez Curve Apt. 573,Lake Juliemouth,CT,66598,US
f5ba71f6-c9b4-421c-8903-33dac7072713,0d44f799-3ff9-493d-bf0b-c06b56434c20,shipping,625 Wright Parkway Apt. 771,East Jill,AK,31901,US
22fd1eef-deb4-4eba-81a2-6c01b049e5d9,62bc8a9d-ce2d-4a5e-a25f-0c007021043e,shipping,7682 Andrews Ville,South Karentown,NE,70502,US
b3536ced-d181-4410-8e29-f4d8223d37e5,ca7b6743-2b46-42bd-8be7-ded2adb9c267,shipping,7494 Adams Port Apt. 033,Guerrerofort,ME,67446,US
db761c33-4ee5-43cb-8454-97e986693883,8a37a64c-11b9-48db-bf81-c162e4aee35a,shipping,6147 Arnold Manor,New Cynthiaville,PR,41052,US
a0446c49-78ac-40cb-8d4c-4a51727a0376,aa71af73-ceac-4640-9200-039d44b9978c,shipping,159 Deleon Common,Robertberg,CO,41082,US
b6a336a3-4f62-44be-ab7f-cde1a295ca23,826b0d88-1f6e-4932-a4b1-bf9d972f9e71,shipping,8243 Sharon Harbors,Lake Meganshire,TX,94920,US
49487c42-48ca-4c06-887c-dc16a82ff871,1a4aa5e0-49ce-496d-9f6c-3808329f049b,shipping,812 Garcia Streets,North Mariah,FM,66280,US
54a4e654-c4fd-4f44-a64d-2edaf23e4519,e946ad75-f77d-48d7-ab9b-069289d72e26,shipping,9390 William Pike,East Douglas,OH,72334,US
a1f59f75-f346-4d66-a1c4-001e6d0b9ac8,e622ee46-6344-4524-8a53-209843864aef,shipping,02012 Lisa Ports,North Lisaville,UT,47327,US
55524341-c197-4b74-a70b-a85572af4dbe,49c3f25a-2942-4651-a9e6-3a7f2b88fc02,shipping,5698 Joseph Pines Apt. 255,North Jonathonland,NM,22532,US
ee0074c3-b2db-4f18-9ee1-032fd17c99a4,d559b058-c30c-4c90-ab31-efe200a566e0,shipping,911 Luis Prairie Suite 566,East Michaelstad,VI,86075,US
6efa1e5c-0d22-4637-bcf2-ee68c87fef91,d559b058-c30c-4c90-ab31-efe200a566e0,billing,057 Murphy Forest,Middletonburgh,MA,38660,US
413f8aec-a845-4861-be02-c25c52f56d4e,5a357803-8d85-47a8-bb2e-87f75531e64b,shipping,555 Erin Heights,North Cynthia,TX,21015,US
3c73a5d2-d44f-4935-a7f7-9c4ca866c8db,548e5b7f-8977-44a4-b807-6e65c3818cb4,shipping,0801 Mcbride Island,Seanchester,KS,06668,US
cf99f5f7-f890-483d-815a-f4f09433c2ee,c6a8446d-ae5f-420c-a56b-b901247e036c,shipping,658 Shelley Fields,West Blake,OH,99231,US
26ad69b2-9b63-41e1-af56-b12429c6d39b,56626989-aaaa-4cf2-9c0f-4fd2a0158d4b,shipping,21378 Kaitlyn Meadows Suite 084,Chamberstown,TN,92647,US
45f30fc3-7860-4af6-a96d-32031ccee9f9,846d6388-0913-446d-91d1-3d2f43132806,shipping,43283 Moore Street,Joannemouth,FM,56243,US
db82cdb3-6576-4f1b-9ff9-8cf7b5e1d723,846d6388-0913-446d-91d1-3d2f43132806,billing,601 Robert Place Suite 120,Saraton,ID,72279,US
84220da9-ec8b-4b86-be17-a0b7f9a89d4f,dff9da4e-05cf-495c-9e77-ce46e2f0f8aa,shipping,37160 Scott Village,Timothychester,MA,13663,US
7b528a93-5b1b-42e3-b6f6-03efcb09c35c,dff9da4e-05cf-495c-9e77-ce46e2f0f8aa,billing,5420 Fernando Shoal Apt. 719,Lake Kennethville,GU,08585,US
43f824bb-d16a-449b-a0a6-fb074e18750d,ab6c780e-bff8-4b8b-ae5c-f2cdf5b9d930,shipping,41954 Amy Valley,Morrisfurt,WA,67329,US
79c10205-457f-4f8d-a8f8-d151dc11665b,ab6c780e-bff8-4b8b-ae5c-f2cdf5b9d930,billing,357 Stephanie Mountains,Glassfurt,TN,02129,US
f6d9454f-6021-43c3-9887-05226c55c0de,158a6c89-3875-4d19-b050-b52ffdc972e0,shipping,48610 Jennifer Keys Suite 310,Edwardsborough,AZ,29784,US
9335812e-e05f-4351-8bbd-da9261d2f3c8,e3a6a6d0-34ae-4681-bdea-88b6234ed8e2,shipping,175 Susan Way Apt. 048,Davisfort,MS,22581,US
190b2e46-303f-4297-9771-9da122500146,f8e4ee10-653b-4d81-be11-ba38df306ce9,shipping,077 Natasha Crossing Suite 928,Mitchellberg,CO,28299,US
5a13a1cf-beb9-4bdd-b681-f29cfb852240,d9b732e3-c1da-42be-9054-70d49d81e075,shipping,792 Mary Gateway,Port Daniel,ME,21658,US
51d59414-fcaa-4d7c-9b6b-a978761161aa,d9b732e3-c1da-42be-9054-70d49d81e075,billing,906 Janice Roads Apt. 242,Flemingmouth,MP,72515,US
6b356b27-d397-41aa-975e-8eb2547189f2,40f0644f-39aa-46a2-928a-85dfc0f2b0a4,shipping,0991 Casey Tunnel,Cynthiafurt,FL,88731,US
ed391373-1a2f-435c-9ec5-26c57e96bab6,45a609f4-18d7-469c-83d5-18031c048d89,shipping,82666 Stanton Well Suite 768,Erinfurt,SD,93015,US
619321cf-797a-4d1f-80d1-bdaf7f8a1889,45a609f4-18d7-469c-83d5-18031c048d89,billing,004 Hale Mountain Suite 793,Matthewmouth,ND,04673,US
0308b475-8e57-464d-8361-53efb6e33d01,539c77e7-74e8-4b15-8ac6-b88e2a8d645d,shipping,40435 Melinda Trafficway,South Russell,TN,95997,US
0c33d490-e5fb-4881-bdb2-04bfc45ecc00,af598bb5-1ce2-4e55-af01-b2d9bd712fbf,shipping,37580 Hernandez Loop,Lake Jenniferchester,SC,07164,US
eb428530-23c7-41d5-8b40-1c9f5ce6fe4f,cfb56dde-cec1-48b4-b7d7-1b6b3b79ca5a,shipping,529 Shannon Cliff Apt. 249,Donaldport,GU,12409,US
7551fc1c-e92e-436d-80fc-c7d313b86875,cfb56dde-cec1-48b4-b7d7-1b6b3b79ca5a,billing,022 Timothy Pass,Vargasshire,NV,28425,US
fdbacc86-849d-4fdf-807c-c9adfcbbc908,635ff0c5-7faa-4fcd-911c-0abf42973df4,shipping,99236 Ramos Parkway Apt. 684,West Garymouth,PW,48981,US
7ac65edd-19ab-41be-ad65-b57b3be0fe23,cd049eae-f71a-428b-a35a-0e4ef1bb88c7,shipping,55556 Michael Isle Apt. 181,East Heather,TX,81015,US
74ecbe64-0ac2-48f2-95f5-6ecc2d972bd1,ca814dd5-b849-46cc-823d-1f21629fecb2,shipping,391 Wood Meadow Suite 411,Port Maria,FM,85056,US
b642d6f8-c8f0-4d39-a689-4461464ceb06,802d933c-c126-412d-ad89-00415115d292,shipping,4272 Hayes Views,North Holly,NC,74330,US
06a2a859-7dbe-4849-9b6f-c1f18c889659,0a53fe60-265b-4579-abbc-a2aa75d1b729,shipping,741 Cole Square Suite 183,Gregoryfort,MS,79840,US
3b2a72ae-a290-4dac-a59e-37aca8e68b40,0b6f77e9-726c-4de1-a7cc-7cbab872d6a6,shipping,931 Charles Junction Apt. 342,New Anna,VI,12584,US
4120870f-9337-4d33-8934-156d38fa615d,13bede77-c007-46e7-818f-5948764e3854,shipping,30635 Samuel Spurs Suite 160,South Vanessafort,DE,80296,US
a68abbe6-66ea-452d-855f-62a24e124b02,fb0b0710-d8b5-4acb-901f-9a01337a89e2,shipping,18283 Moore Spur Suite 134,Nicholaston,PR,29032,US
10533d26-2428-4e5e-93bc-f94880bc5bed,cbaa3d65-cb0c-440e-8087-e22338ea5339,shipping,4189 Danny Path,Campbellborough,MO,84619,US
c4e5d4c1-e9ae-4d59-b8ad-636ad5869755,87dd1613-981c-400f-bd85-d451c9439daf,shipping,72689 Todd Knolls,Stevenland,KS,47194,US
6f9bdab8-cc51-4513-b9e0-c6612a36e3e8,714f4eae-0b5d-4f43-a989-af540df7e144,shipping,974 Williams Keys,Lake Daleton,KY,19369,US
a77f0431-c0fd-49a7-90ef-bbeb2689fb83,f04abb76-03c5-49b1-9efd-288c89214640,shipping,58938 Shawn Estate,Lake Joshua,TX,29218,US
a6a7b193-0c47-4591-b1be-322cdcbcf246,04ad547d-8eca-4edf-8c15-7178847b6c37,shipping,19099 Amber Valleys Suite 607,Gabrielport,ME,38596,US
372af732-c7f4-4e16-9a2b-efaaf945971d,57939541-dc03-4af3-b952-53327e75e4fd,shipping,46248 Macdonald Extension,Port Troyville,NY,05080,US
686fc446-7b6c-4145-b9d1-ffa9208dbbcc,035a40c1-3940-44bc-a82f-6b225449168c,shipping,18600 Peters Haven Suite 211,Smithshire,MS,94879,US
af974078-9519-4b34-8c2d-2d431c56d885,035a40c1-3940-44bc-a82f-6b225449168c,billing,475 Watson Harbors,South Amy,VA,58323,US
6335caf9-eb76-48cd-ab8d-68bf9910aff5,376f38eb-e760-49cc-8c48-26350fb2984f,shipping,2137 Turner Street,New Emilyshire,AZ,94067,US
3ed93a9d-ef5c-4b4d-ba81-953dbf9b9919,eb0844ad-4e41-466f-bde1-13d4a8a9c144,shipping,233 Monique Branch,East Derekmouth,SC,65198,US
02d03c67-ea5d-4acd-8dd9-db545b4d3dfd,eb0844ad-4e41-466f-bde1-13d4a8a9c144,billing,3710 Rachel Vista,Taylormouth,ID,56709,US
e5b19fed-f86a-4e9e-af6e-4d902a72e7be,d4ec8e04-0337-4d18-9182-315a2b184177,shipping,4224 Garza Mews Suite 302,Laurieside,PA,36309,US
bc3fbd01-e44b-4792-b68e-ea78e3f3caaa,e20724fb-01b8-43b8-b812-9a6bdf1f8a1b,shipping,42519 Amy Burg,West Angela,VT,26713,US
08b92f42-b488-474d-b6aa-ac826fa2bd54,2301153d-6234-4ac0-bbdd-dc0ec19f1b27,shipping,90708 Dawson Hill,Jonesstad,TN,36535,US
7fe2e202-f0a8-4d9d-a431-50e628f1d1e8,a834b961-6210-42d5-aad6-8b1187d85a07,shipping,73475 Frederick Crest,South Elizabethchester,MO,53807,US
dd741a64-1d3d-48dd-829f-d2e26730cc33,42a5473e-9710-4828-a0c0-e77044fa4c11,shipping,8903 Jacqueline Tunnel Apt. 611,Lake Jeromeport,AZ,56281,US
f8bcb702-b5a2-48fc-8a09-1c7c8d0d2f44,0476c5ea-484f-4d61-b23d-c4eb94848cba,shipping,47998 Carrie Garden,Geneshire,CA,19769,US
f76bbba6-1027-4504-93a6-e53fee85e49a,65f0f56e-e48a-438e-9a73-70bb336d2ff2,shipping,24172 Adam Pines,Debrafurt,CT,90596,US
f64c782b-90fb-4fff-8777-86798277f14f,c8278d21-a773-41d8-94af-1da417568808,shipping,17508 Robert Knoll Suite 416,North Robert,NH,43098,US
a8a14741-aabd-45d2-89d3-2ccff68e0f7f,c8278d21-a773-41d8-94af-1da417568808,billing,78656 Ann Freeway Suite 372,Rosalesbury,CA,39824,US
fa314aa6-957b-411c-a4f3-89fcf74af3d0,b84cd414-5fa6-4534-bb65-9fc9a747a981,shipping,044 Willie Locks Suite 018,East Danielleton,IN,24722,US
2407a72a-8747-4486-963e-e59f08e80b36,d44e71f0-3b93-4e15-9cae-8de5cff272af,shipping,25586 Webb Estate Suite 940,East Ninahaven,GA,31938,US
5b718429-baff-4ced-b715-f55bd3da307d,d44e71f0-3b93-4e15-9cae-8de5cff272af,billing,13014 Vega Rapid Apt. 040,Palmerborough,GA,88353,US
61c039f1-9b4f-4fdd-82f5-838be464cfbc,1ae05984-baf3-4194-9c05-7db8830cbc33,shipping,1336 Megan Views Suite 975,Howemouth,NH,77885,US
af6b1010-c915-44be-9af2-e7c738b78d49,e86e60b1-c3ec-44bc-a687-d4bc4d01d372,shipping,95620 Juan Pine,Murphychester,NY,49314,US
993109ac-8113-4a28-bfdb-f21062d19f20,e86e60b1-c3ec-44bc-a687-d4bc4d01d372,billing,597 Katrina Fields,Bestville,KS,39218,US
816e1cd2-1f29-4e76-b534-52d74200d49b,9efa3aa8-848e-4de5-9905-ea847c3e6d58,shipping,4539 Danielle Road Suite 060,Huangport,MI,45967,US
387035a1-cd80-416d-8f9c-53f83fdd015f,c8167486-a47d-4e9a-b83c-5de5ec693da3,shipping,90551 Lee Crescent Suite 374,New Kyleside,ID,15990,US
083b522f-2537-4961-86b0-1ede65ce8b83,6bc64acf-6954-43f0-bee8-8500bcd36ab0,shipping,703 Schultz Burg Apt. 337,West Michelle,WV,32607,US
4d924f7e-8243-45eb-9cea-f3049bf4fa78,abd46558-37ec-43c2-a307-89c4d0d0cab9,shipping,08765 Barajas Ferry Suite 973,Denisestad,AK,81746,US
9eaeafd8-1c27-477e-b142-10ba2cd543ac,f34c1fa9-67fc-4c3c-98a5-a013fa11a214,shipping,539 Katherine Squares,Milesfurt,OH,81696,US
5fce0dc0-e0fa-4b1c-8013-324f2704fa14,c80c264e-cfd0-4fae-abd0-104262e632c3,shipping,3406 David Field,Janeside,NC,47819,US
9bea5c7f-e4ca-4d4f-9d49-8cc4c4e10800,ac4be659-13a6-4890-81fb-82b03ec4259e,shipping,96717 Singh Trail Suite 468,South James,AK,83106,US
e1335579-7af3-41da-9b1e-dc2acae9e0d5,249c23c5-5738-4333-ae29-ef5ed9c0dce8,shipping,5755 Melissa Island Suite 454,South Carolinehaven,IL,58556,US
93c22679-7fee-407c-a50b-dd08fa82779d,2b378a1f-cb71-4561-95d8-e323116e1083,shipping,51315 Cordova Point Suite 705,Ronaldmouth,IN,41956,US
e58432e9-a713-44ca-99d9-3f86024fe375,d20dcc2b-6053-4999-9caa-4dcbe92a3ccc,shipping,4012 Turner Viaduct Apt. 455,West Sarahshire,NV,54610,US
01ada3c0-456b-4cde-ae20-6c91603e3603,ac5df65c-f0b1-4f71-92cb-bfa96d2b7bf1,shipping,306 Barnes Knolls Apt. 153,New Andrea,VI,95585,US
c3a4cee6-b05a-4978-8d87-2197fa7e6817,fbb1bd59-1a06-4425-a36e-94e2752a021e,shipping,2588 Lisa Field Suite 572,Sanchezton,WA,35829,US
b88d980c-09a2-4997-9978-524484432d2f,c1adbd56-4b70-4f5d-bbee-81febae931d6,shipping,2727 Morton Mountain Suite 504,Port Howard,NH,82897,US
2d4717ff-d893-4dce-b0e4-bf125c3f9d7b,2ba2f861-62bb-45f7-8938-2a587bbbf517,shipping,421 Patton Centers,Christopherbury,WY,89004,US
672765c0-0b6d-4d4e-917d-56902be3ade7,fdef7485-c86a-49f3-bc6d-7886fb6a09a0,shipping,627 Reyes Cliffs Apt. 471,Alvarezport,FM,86822,US
bd10f5e1-71d8-4bf9-b1de-42d262147056,795327a5-e796-4113-8bc6-a8c864c3c681,shipping,3883 Wallace Centers,New Jenniferfurt,IN,91183,US
795554fe-cdb1-48a7-bd2e-8d5c72b6dfca,2b9fd953-c414-493c-9ded-41d460e66f61,shipping,527 Stephens Circles Apt. 417,Brandonton,IA,16788,US
7ee8fbfa-7a22-4284-9fb4-44b6894bd6a5,2b9fd953-c414-493c-9ded-41d460e66f61,billing,309 Santiago Well Apt. 725,New Jeannemouth,IA,14829,US
1d672295-61c4-4df9-a486-6af0c51b010d,a3d59841-1aef-40ec-93ef-ae44d9804b52,shipping,6933 Courtney Rue Apt. 625,New Jamesmouth,OR,47426,US
76d5e027-c301-41f7-96ea-b0ec931153bf,5f5e9602-fc12-49cb-941f-9647f12ddc70,shipping,7489 Banks Causeway Suite 604,East Amberland,TN,81028,US
d2216335-4e46-4946-a18a-2c145f3eb4fd,bd21d144-5852-4e8b-8dc4-117c8e58e340,shipping,024 Thompson Mews,Port Stephanie,ME,55044,US
db81e91f-7b87-4c8d-bc60-1fce89551580,e8b491c1-2cac-4d26-b54c-b4cbbe5fd241,shipping,153 Kristina Mews,North James,DE,99116,US
dac552a2-5694-4cd7-943b-e00500043cf8,12464796-6408-4439-9a43-d935f184df6d,shipping,7531 Estrada Vista,Brandonborough,VT,53027,US
3445ae47-2d12-4fd1-8c1c-255e7f36e002,12464796-6408-4439-9a43-d935f184df6d,billing,941 Fischer Wells Suite 081,West Shellyland,MD,54947,US
c1a1f5a8-0fe4-4fb7-bc44-77934987b2e4,cdc39554-0771-4efa-9e47-bd02cf194d7a,shipping,70180 Christina Lane,South Donald,HI,30038,US
521bfba8-51ba-4ab9-bd6a-e73bd6f4dc1e,cdc39554-0771-4efa-9e47-bd02cf194d7a,billing,922 Sharon Oval,Murrayborough,FL,12751,US
9a9a2d2a-405b-43a7-b3df-1c72357da3de,5d94b215-200b-421e-8e51-f2ec703cde61,shipping,5206 Thompson Villages Apt. 772,Janetbury,MO,25788,US
e8f9a7e5-bd6c-421f-82b7-8860a6178d69,74f4958c-e211-42d1-9893-9b0acf7ebc7f,shipping,7916 Willie Groves,New Michaelborough,KY,74650,US
1506dc36-193a-4c95-8ae2-20b65e18e93b,bec5713d-dd89-460c-8308-df725490d61e,shipping,318 Stuart Camp,Thompsonport,NJ,46977,US
e72ffa4a-4bdc-4771-b0d6-0ddb4888e826,bec5713d-dd89-460c-8308-df725490d61e,billing,22750 Kayla Place,Port Leahstad,VT,79712,US
78e3295d-c62a-42da-be2f-e58aa03b919b,7654fb64-173e-4fbc-8cde-0ffd48b768f8,shipping,606 Aaron Ville,West Raymond,AK,87384,US
5fd54f4e-9a2f-4652-a296-277c2414f88d,9c6eea98-6e4f-4f01-9921-9c17dff0f5b4,shipping,86093 Smith Drive,Keithberg,AK,95211,US
4a39f4d9-5c78-4375-8983-7db446de095d,18812e04-8a28-4b3d-a6a5-65f0ae35f2fe,shipping,421 Cynthia Stream Apt. 534,Marthaburgh,AL,68899,US
59e78cbe-f614-4df1-b743-8750a94d2e6d,18812e04-8a28-4b3d-a6a5-65f0ae35f2fe,billing,6968 Monique Causeway Apt. 451,Karinatown,KS,23759,US
04218544-214e-466c-ad43-06cd1340d173,e37c301d-2897-4b4b-a1a8-4170675e6b7d,shipping,682 Reilly Trail,Carpenterfort,AZ,05712,US
6f0077ef-43e4-4fa8-b0b6-50badb4de15f,0ba59fc8-69cb-42f1-a3cc-4d73b126022c,shipping,12643 Joshua Unions Suite 343,East Michaelburgh,ME,97890,US
f872a77d-f2ae-4795-bd1a-f25c07743cba,f12f7517-f94d-47e0-baef-96dc87ab2bb3,shipping,643 Christina Divide Suite 069,South Deanna,VT,31299,US
0008a04b-56e7-4b62-9de3-dd9d079d71b6,579ba648-e0c3-4fa4-9c20-f2f7826f835c,shipping,28979 Marks Course Apt. 619,Morrisonbury,CA,13223,US
b3e87c22-fec0-4107-b9c0-b351cff498d2,34fe4d4c-c958-4176-ac88-90874003664d,shipping,2566 Christopher Vista Suite 101,North Victoria,OH,53176,US
45f23a44-db99-4444-96fe-a4ca2b6adf9f,7e35ab16-dc81-4191-94d7-4640a7a002d7,shipping,57115 Denise Crescent Suite 684,Lechester,MN,14691,US
b34af8c7-0e9b-40fc-a640-c23fc3e3e2bf,87743fd2-c9dd-4465-9921-c12846fe4e7f,shipping,70880 Peter Courts Apt. 748,South Vincentville,WY,34230,US
37ce715f-f9b0-4662-8a95-8e482422b29e,5de561ed-38bc-4a86-8469-7384224b2bc2,shipping,99974 Denise Port Suite 806,Robertsfurt,MP,44413,US
2d34f608-e4f6-4339-afe4-bc1759d5f3f4,e729bce3-5e75-4c54-9490-47cd4a2a0c4d,shipping,7421 Johnny Village Suite 461,West Jeremiah,DE,01781,US
cf9acfee-5b72-487d-a770-5a3f53359077,e729bce3-5e75-4c54-9490-47cd4a2a0c4d,billing,39855 Thomas Roads,Robertport,VA,87091,US
f5cb1674-600d-4a72-8a11-3c7c9da55235,41e383ec-d1fe-4431-99cc-98b0c80780f8,shipping,8679 Phelps Lake Apt. 169,Robinshire,MT,97552,US
a7b20f82-fd7e-41e4-b22d-144615ac00f2,9919fe6f-fd87-4907-9301-8a3da29cd486,shipping,0071 Smith Turnpike,Lake Anthony,UT,58790,US
8067cd1f-ae33-42d9-bf35-0f433acd6d0b,9919fe6f-fd87-4907-9301-8a3da29cd486,billing,790 Marc Knoll,Erinberg,MD,33733,US
8d62f510-8aba-40d8-8e4b-177341fbcb3b,713ca402-93d0-4944-a9c2-caafd3141311,shipping,41294 Gillespie Islands,New Stephenport,OR,91269,US
d6b26835-aa26-4166-8781-22c783cd39de,0cc7696e-aa6a-490c-a5b0-d31191d519ad,shipping,0792 Steven Stravenue Suite 610,West Jessicaside,MN,16082,US
ccda3f34-390a-4d95-a076-0131899690f5,6ae9c054-6a8a-49c4-ad99-6cd925f4ee8b,shipping,731 Kyle Crest Suite 167,Woodfurt,WI,38230,US
89dccd3b-d3d7-47fd-975c-094ed6a1458e,6413848f-3d08-4898-b0a6-0b701d20e2ea,shipping,65539 Medina Plains Suite 224,East Michaelburgh,VA,76391,US
c2474e70-2a82-4629-9ad8-4fee402660a1,7b15e622-bb02-489c-9d8a-6f3c84e84184,shipping,030 Patrick Union Apt. 962,Fishershire,VT,58243,US
f38a17d0-cb43-4ad4-887a-4291fec94bd2,7b15e622-bb02-489c-9d8a-6f3c84e84184,billing,4672 Benjamin Common,Franceston,IL,31324,US
22b2d0f0-a741-4d0b-becf-c9801f782379,93092302-a829-4813-85e5-7234c64ae682,shipping,3540 Matthews Island Suite 851,Bradtown,VI,57681,US
5a10a2fa-ddea-457f-b3c1-db481fa9b74d,3f75ec93-e3f7-4184-bbaf-74e71a7029d3,shipping,771 Knight Vista,North Sherribury,DE,00532,US
70c90f5e-c633-4d11-bd94-5c2ee9a81579,9d8d18f6-1b8d-4ea6-86ca-f12d1be2c025,shipping,252 Tiffany Camp Apt. 154,North Kevin,CA,68937,US
8b4df288-4c9a-4797-8dcd-cdb0c04abbd3,f5525b10-8e2e-4cbd-b4bf-42e607984d4c,shipping,2788 Isabella Locks Apt. 873,Rogershire,CA,56267,US
5b0a7c4a-1806-4c1c-b8fb-e2b245084c56,f5525b10-8e2e-4cbd-b4bf-42e607984d4c,billing,8188 Espinoza Drive Apt. 277,New Kevin,AL,40313,US
73519366-64a2-4302-8f32-a9c0b307d4c8,3235d781-cf38-4384-8f26-c1ac2e161ec8,shipping,5773 Price Drive Apt. 201,Loveport,SC,29215,US
fab682ba-7a42-4c76-847e-6a670d967553,3235d781-cf38-4384-8f26-c1ac2e161ec8,billing,103 John Circles Suite 772,New Kathleenshire,VA,56887,US
fe8c8e6a-4809-4898-95dc-2a7293a0f14e,d32156ff-abc1-452b-9711-3954ee604f46,shipping,35587 Decker Park,Skinnerstad,VI,59011,US
d77444a0-a672-4d89-8fc1-fdf85db2f26a,d6565063-34be-4380-b294-176ba9c6a0ad,shipping,217 Moore Pine,Lake Courtneyview,AK,68781,US
181e7003-cc16-45ff-bd60-7fef3b7681a6,a5ea698a-5e72-4964-b129-39d23e84f768,shipping,525 Tim Mills,East Philipville,KY,49876,US
d8e0946f-d2a8-4a16-9c3c-12ded12f3c4a,d142ab59-e09f-4ab7-97d0-1b5fd6fb0965,shipping,9502 Walker Well,New Jason,WV,07636,US
d4cef3c8-f725-4f43-ab75-8ecd327524a6,2f04fda1-5095-4283-a44d-afdb78035918,shipping,9774 Richards Divide,Troytown,TX,22737,US
cc3944cf-c0fd-4bea-8323-5a0e6ff72ae2,e65c3493-cf3b-476b-afd9-47d999ce829d,shipping,71924 Walton Ridges,Stephanieton,LA,87738,US
074dc37c-c867-4414-9dab-17fe2547881a,0237cdb5-2414-408b-8b4e-1fc6143616f8,shipping,51466 Perez Fork,North William,AK,78022,US
2e94f2c3-5fc0-4f9f-8613-ea7fc7fe6496,41dcddd4-8626-4e22-a3df-ecb3be232fb5,shipping,980 Wilcox Crescent,East Davidville,DE,64324,US
69096d9c-5301-4e66-8f86-419eb954da4e,86dbf8f6-47d0-4fc3-9eb3-05ad9f46558e,shipping,85556 Ward Springs,Jacksonbury,VI,45183,US
78923acb-ffe2-4a47-a42e-71512b10489e,86dbf8f6-47d0-4fc3-9eb3-05ad9f46558e,billing,36852 Kelsey Plains,Williamsland,RI,30451,US
a522e688-ea5f-424b-916f-f4decef8899d,c64ae5c5-e7c0-4b25-868c-d5ed49de0b12,shipping,85437 Raymond Manors,East Sarahville,GA,51627,US
cefac6c8-be29-4600-aa14-571771d6ff18,2bfac544-b8f5-4962-b244-8d896784309f,shipping,90889 Nicole Mount,North Patrick,PW,56374,US
4c1a7dbd-830e-4f23-8675-052e00b073d5,1a9b64fa-613e-462f-a4b8-3457f9c89daa,shipping,10667 Mcbride Locks Suite 638,East Shawnberg,KY,57699,US
b4b345a2-4140-41a8-98b6-677d2e1fd0fa,9250b320-a48c-482f-b93d-44a7d509718c,shipping,8418 Williams Manors Suite 088,Bryanside,VA,29338,US
0c485db2-636a-46dc-91d2-bf4dc418c633,8312d668-659c-4297-99e1-04f50446339a,shipping,255 Katherine Forks,Barnesmouth,VT,72555,US
324dbbbd-a664-4dab-8f9c-5c1fbe4fe19d,2233468a-9279-4c45-8f52-ba698f5e0749,shipping,59675 Soto Spring Apt. 444,Candaceborough,WV,95031,US
59912462-08d5-43a9-bfac-fc824d1994c0,b3ce2875-a5de-48b4-a96d-b97cb857bada,shipping,1281 Lewis Underpass Suite 993,Jodiside,VI,27668,US
5a65e201-0667-4531-bd92-21eb7b3dddab,8a773d33-2707-4df1-9188-cbd212a8109b,shipping,88655 Jamie Prairie Apt. 278,Adamsview,OR,28009,US
9374153b-288c-4c1c-adb0-9e12b2533e45,d4a7af76-9f9d-4474-ba5b-316cce929318,shipping,8228 Matthew Wall Suite 169,Port Cynthiafurt,IL,67441,US
9aa3e7c5-2742-4c67-b384-6dd37667114f,d4a7af76-9f9d-4474-ba5b-316cce929318,billing,716 Adams Station Suite 453,Coreyshire,AZ,40295,US
b296c928-567b-44f1-a300-f9feab881363,9f0e715e-21e9-4a4a-93af-608aafd9ceee,shipping,89571 Dean Row,Port Karen,VI,04781,US
a667c903-b98c-494f-adab-517d73ee3a94,f35291ea-a03d-4947-b6dd-4e4045fbcbb1,shipping,4124 Smith Crescent,Bakerside,MI,63252,US
451defe2-7762-4250-bc57-2f58fa41f6b0,9cb60512-36cd-4536-b671-486d1cff3549,shipping,4565 Ball Circle,Lake Hannah,VT,58951,US
617c3db4-944a-4f64-bb3a-21de88d7994d,e47311a2-6e83-403d-9791-a5f7d80e3cdd,shipping,0699 Kellie Club,Kevinton,NJ,05259,US
a790f330-f948-46ca-918b-8d3f197c425b,117aef41-ff48-4964-a951-ebd6fbd0690a,shipping,4939 Jacqueline Mall,Waltersland,OH,54534,US
4098cdf6-c013-4d17-88f8-8f1e9cf7bcb8,4ee019e0-7636-4b90-8214-e1a539442710,shipping,40489 Howell Radial,Coxport,MS,81670,US
527772c5-0613-4383-8628-9e9168d28401,0f0cf78e-8b8b-4ee6-a94d-ae9bb04c5655,shipping,7457 Gregory Square,Garybury,IA,25584,US
f30f6ea0-8a07-45b7-8bf5-6f6c71b5ead4,b996e9b6-e61e-4aad-8c61-be168efaed82,shipping,9757 Ashley Plains,East Robertshire,IA,98736,US
4d7b0f1a-fdfa-43f7-853d-11a8d4d5414c,ac814d71-9acd-433e-a729-f1da01311962,shipping,112 Wright Fork,Port Peterborough,OR,88155,US
6126ca16-cbaa-40b7-98c1-fa9bb7ab6244,74ce454e-1918-4e62-b778-3659fa255a15,shipping,3247 Brian Throughway,West Loganfurt,MS,65655,US
11bef0de-2191-464e-825a-c7fa3e53dac0,73e2a2b5-62d4-4a59-be9a-5c4ffe03b524,shipping,2440 Philip Burg Suite 079,Pennyville,AS,12185,US
fcced0b6-a7a0-48aa-8298-644d77257828,225c1cd0-8878-46a5-8c25-d96d7a4aaff9,shipping,27195 Powell Groves Suite 790,Jamieland,PA,41811,US
de82ce94-f048-4313-a3f9-83c1b8b15ab8,2d1122b3-cfb1-4512-95fd-b29902547058,shipping,469 Morse Pike Apt. 236,New Jonathan,OH,00860,US
048428a5-7668-4214-8b6a-44f5392a8e3c,53e55511-6586-4343-b3dd-72ec20d69ede,shipping,776 Elliott Mills Suite 715,West Sean,TX,16378,US
97b34850-037a-4782-9673-86130f851c31,0675dd3f-a4f1-4b45-8b6b-cff4411711c1,shipping,8439 Johnson Village Apt. 486,Reevesmouth,ID,44821,US
1546a6ea-2372-48b6-9aa7-d7a44ae8fd04,a6e9e916-5dfe-42c4-a101-940d8c384fca,shipping,00638 Justin Groves Suite 617,Martinmouth,FM,28174,US
90e74e36-1a25-45fb-a5fd-7e6beafb6e4a,3e7d02f9-08bd-4a8c-8830-1022c3059206,shipping,7524 Jeffrey Oval,Marshallview,RI,77884,US
e4d6e982-460b-413a-be1f-66a816103071,3a835bfd-00c0-49ab-9938-3b7ed1987f7e,shipping,7327 Heather Summit Apt. 286,Stevenside,PA,99831,US
d7338632-486b-4ad2-ae02-c42899534d5e,e8f3c21f-a4ab-4c4f-8e49-6123684f29e8,shipping,383 Laura Freeway,North Danielport,GU,40267,US
d91b61f2-5a3f-4ad3-8447-125d4631cc12,b9dbc1e5-0f2f-49f9-b6c7-9b6a187970e3,shipping,027 Odonnell Spur,North Gloria,AL,21058,US
b38b3c3c-7edd-4ea1-8291-78534e49f210,2453f3e7-a5d6-4aac-81be-33ea66e3c168,shipping,5987 Lopez Rapids Apt. 213,New Michael,MD,57480,US
fce4c3c3-9575-45a8-824d-cf63ceb16863,e427b97c-0fce-41c1-8b91-fb56351ccab0,shipping,777 Nicholas Isle,Port Stephenchester,OH,51280,US
fc8086e6-8df0-49f2-80b9-4b759ab2b159,e427b97c-0fce-41c1-8b91-fb56351ccab0,billing,075 Reed Trafficway,Deborahchester,ND,03866,US
bc3c6707-d096-484d-8a31-51315bd8f89b,54f856fe-450b-4286-ba33-8d2f83deb800,shipping,48781 Troy Motorway,West Stevenburgh,WV,02359,US
4c52a347-1b75-481f-8a5c-a4365735ce0b,b8df88dd-a8fc-445c-8e17-0c260619c48b,shipping,454 Barrera Streets Suite 187,South Chelsea,LA,16904,US
b9096b0f-97b1-48b6-8db8-7585859b404c,2060553c-84f2-45a5-9666-f01c77167fd9,shipping,435 Ana Point,Sellersborough,DE,61470,US
d56666f2-4efb-4674-8fea-978d9cf7529b,8792ee2f-4271-4010-8374-c403df7dc16e,shipping,476 Salazar Fort,New Michaelhaven,AL,70962,US
3d84a141-cd7f-493c-a5bb-23f9ae370e55,8792ee2f-4271-4010-8374-c403df7dc16e,billing,56295 Mario Fields Suite 794,Michaelhaven,IL,72661,US
a7d78c48-7b6d-4e70-9172-971bbb120cfd,cd910dc9-ba85-4e4a-9d30-11737604be89,shipping,55359 Evans Mission Suite 320,Paulfurt,NE,25984,US
d595189b-e4ba-4d85-8c18-1e3714fe3247,67fd27d2-94a4-4238-a96a-0ee1fa646439,shipping,34950 Christopher Mountain,Donnaborough,FL,02875,US
03dcb4f4-62fb-4ed2-8f85-97895179ee7c,019b1b0d-056d-48b3-ab41-7c50922fe380,shipping,876 Sharon Harbor Suite 446,Rosstown,MI,46267,US
1ba63bc6-d4c7-4a35-ba7f-6332e03996bb,b05c97ad-ba2a-4999-83f3-a5b8c8c8db19,shipping,660 Maria Forge Apt. 407,South Jodi,CO,17592,US
49ba63fb-3b38-4129-b688-dcf5b3790551,4e71e008-b003-42b3-915c-ab069df8a514,shipping,6025 Chen Ridges,Lindaport,WA,26283,US
41247bf9-cc9e-4441-b0df-d607c550888f,d9a0818d-a08d-4479-bf81-2ad879d908b2,shipping,3259 Spencer Valleys Suite 621,Robertberg,ID,88102,US
e303060b-4031-40e5-bf2b-f3900c433491,93f8f9f8-2098-4878-b501-46c3503ba953,shipping,84328 Santiago Haven Suite 631,New Laurahaven,ME,36138,US
e1398eaa-0280-4878-afb5-0cc95ce77cd0,fcdf0409-398d-45e5-87fe-3c0bada64c69,shipping,886 Paul Roads,Paulaport,RI,09860,US
2944a085-36fa-41fc-8f09-e0cfa99e413e,ac24a0e1-bab1-4e6f-8e72-96d15ce1b9c6,shipping,8908 Sandra Locks,Raymondton,MI,57661,US
d98086e4-2134-46cf-a5cb-fc8e737bbeab,04abf9af-c31a-4632-b514-faea7f04d5fd,shipping,0549 Zachary Fields Apt. 389,Thomasmouth,KY,24050,US
cf259bb9-326a-4574-82a1-db8509cfb535,d573ed3b-16ac-4262-b958-37da5a479269,shipping,92279 Karen Branch Suite 199,Port Megan,CA,96314,US
519cceef-9a2a-4fee-972f-dd5ed7915eb4,44873996-0285-4adc-bc18-6b21e5708ebd,shipping,3184 Elizabeth Forest Suite 548,Kaitlynland,MS,59903,US
d5cfe382-a1ec-4d65-87af-b4e93047a093,8f674f3d-8ec3-4919-ae46-e7dbf2566f0f,shipping,129 Miller Radial Suite 256,West Gabrielfurt,KS,93855,US
24585116-e14d-44fd-98cb-a8d96a4547f3,8f674f3d-8ec3-4919-ae46-e7dbf2566f0f,billing,788 Stephen Prairie,Cookehaven,WY,43457,US
704353f6-f022-4626-9f42-bcd5a4855099,92d5bf11-7707-47e2-bcbe-d9f0107aa6e8,shipping,454 Tapia Passage,New Hailey,MI,43326,US
f9b12481-2999-488a-8b67-1e2554b72257,5f6c2c17-6970-4873-9968-49ce0c376be2,shipping,2478 Cook Vista Suite 658,Lake Briannafurt,NH,99303,US
c0eea899-ecc7-44b1-8382-122ec2672674,5f6c2c17-6970-4873-9968-49ce0c376be2,billing,293 Krista Island,Robersonville,NC,29258,US
328a4e2d-60ce-4276-85e1-dbf7ebd7858f,0708ef2a-d959-4b88-9061-d03a6afc6c4a,shipping,46224 Sergio Canyon Apt. 789,East Dianeshire,VT,32838,US
2d9c94d3-c4ad-4e6e-b193-ecf2780461da,e3097378-0a7b-493f-9182-e1ae35159671,shipping,7928 Baker Groves Apt. 570,Port Michelle,MH,17020,US
2b14a310-469c-4890-b34b-20cc4eb0998d,e3097378-0a7b-493f-9182-e1ae35159671,billing,36136 Angela Harbor,Lake Keithville,FL,38331,US
412f2475-715e-4814-b625-d5cd0c467daa,96269103-3b40-4b5e-8353-d708d4e3b4fb,shipping,67476 Bethany Lakes,Jonesberg,IN,14851,US
eabe6641-65b2-4ea3-a57e-8ff626f1a825,10120895-aee9-4042-b9e1-1c42441f9876,shipping,05746 Underwood Pass Apt. 990,New Tammy,NC,99846,US
1b0fd84e-b636-41d0-9d33-26fad82d27db,10120895-aee9-4042-b9e1-1c42441f9876,billing,791 Lindsay Ports,New Morgan,VI,70345,US
5a8421e5-d744-444e-b9f8-53832027bd26,446ea6d8-871a-40c8-b344-d911f59ec77f,shipping,38746 Carolyn Villages Suite 922,Andersonburgh,NJ,63870,US
a0ca2e09-8e49-43a5-8c3b-fca54c6e5540,04c85eda-874b-40b1-8def-83a3c8d8afaf,shipping,95879 Gregory Row Apt. 012,Deniseville,MO,04109,US
bf790a8b-726e-4719-88ab-918ee6674823,04c85eda-874b-40b1-8def-83a3c8d8afaf,billing,63941 Martin Lake Suite 774,Port Joshua,MT,75262,US
0cabcd75-0d02-4ef2-bcb1-5507512a2e0b,d611d951-59ee-44f4-916e-ef9201d15ed0,shipping,92567 Chambers Groves Apt. 218,Brianport,NM,77098,US
a8b46020-a71e-42f4-b992-c14103aff7af,c1c7f86b-89f4-43cf-8d27-5d8c935b283d,shipping,83637 Rodriguez Trail Suite 451,Monicamouth,VI,58323,US
9ae30636-b4d9-47c1-97a2-85f62bcdc4c1,d7ae2cb5-617a-496c-bcea-ec0f3185cfc7,shipping,873 Gutierrez Prairie,Port Elizabeth,CO,41795,US
12f4a9dd-36f0-4805-8b8a-e2b8f66a1751,3f226d80-2ae2-496c-a1e7-ebff9193a065,shipping,5861 Hogan Parkway,Deanchester,ME,33590,US
e833c923-cfa8-4ee1-8db1-c676e665f261,6754b5d4-3e0a-42a3-a818-c7940de6af66,shipping,9092 Barber Mountain,New Rebecca,OR,50635,US
1b11a34c-a127-4481-87b2-83ba8c4df73e,8a0e76ba-a807-43c0-acda-db6109449b62,shipping,978 Ronald Club,Samanthafort,PA,25400,US
f3397c90-f98c-4d9c-9004-8399c69d5ac0,26229381-2294-4118-8d48-0afa835d27da,shipping,0738 Franklin Pike,Thomastown,MH,10131,US
4dc59ee4-593f-4dc1-ac77-46dcbf1f7f17,26229381-2294-4118-8d48-0afa835d27da,billing,98298 Welch Neck,Scottview,ND,62191,US
2db7779a-633d-4a2a-8085-133d5c1084dc,fa87a11a-0aef-47ff-a8f7-54afc42ad2ff,shipping,05200 Abigail Drive,Valerieport,TN,38164,US
f45f6082-9f54-438f-b6f9-6d65f610f550,1561b48e-ee9f-46c9-813d-81bd490b5030,shipping,0382 Mclaughlin Square Apt. 741,Thompsonmouth,WV,23742,US
783c109e-0cc0-456f-a3ff-1031ccb8cdb9,2730560d-1c74-4f33-b240-9ca6a02f99a4,shipping,971 Kayla Dam Suite 525,West Jessicashire,MA,66530,US
2c7abfff-527b-4556-a982-b67663f2306a,bda57e07-7d0d-4e20-9dba-5a29bd365e2b,shipping,23356 Samantha Camp Apt. 872,North Tanya,AK,21681,US
328dd2f1-1e6c-49a3-8a15-f37c5bcd15a0,94f03137-5401-4726-b070-14acc58f2153,shipping,946 Kelly Mountain,South Amanda,CA,27943,US
1c40273f-e8ef-40ce-9c2b-cb48907e44b4,dfadfccf-ad41-4722-afb9-9e0a7f20fe52,shipping,957 Edward Locks Apt. 919,Joshualand,IN,13771,US
c711786b-1b83-40fe-ab48-c093ad9dd6c6,834b498d-3749-4fdd-8b32-3776a716f5f0,shipping,184 Micheal Circles,South Jonathan,MD,34610,US
eb575413-eb3b-4272-b958-3f56d3f4ffd1,be2bf270-d2ba-410c-98b7-e5cbc755c52e,shipping,987 Valerie Field Suite 855,Simpsonville,MN,09721,US
143812b9-1f28-4aa8-9705-0d8fcbb58ae1,cdbaeb43-a3f6-4b3c-979b-d808e2b2aa4d,shipping,5791 Graham Trace,East Maxwell,NE,45212,US
8508e4a6-b630-4ed9-9b16-9ca12f6912ca,4c8f9bdf-8c43-4621-bb45-c961dbc8d381,shipping,58930 William River Apt. 338,South Chelseamouth,KS,50671,US
6dfd094d-f8aa-4bdd-b779-1463ac1f9a01,b05eb436-61da-4445-98f9-0f92ceaa5d3c,shipping,070 Spencer Squares Apt. 729,Smithhaven,IL,03829,US
33435641-3a92-492d-bba1-809536dcafd3,b05eb436-61da-4445-98f9-0f92ceaa5d3c,billing,572 Martinez Drives Apt. 136,East Kimberlybury,OR,30043,US
173b185b-1d55-4093-acd1-21bbc29dbc36,49ff4037-4218-4134-bae2-f7b225978e96,shipping,78502 Kelly Wall Suite 684,Port Alex,NE,29116,US
1a0a4970-b66d-4e43-a7fd-6fd2a86564f6,49ff4037-4218-4134-bae2-f7b225978e96,billing,4453 Elliott Street,Rodrigueztown,MI,27510,US
dae541c3-66e9-4d04-8a8c-0ac4c6c1ad1c,204d5a64-ddd9-45d5-a2d1-3de8e10a4691,shipping,1961 Robert Fords Suite 841,Robbinsmouth,IL,16631,US
aa4d6d54-445a-4be8-8b02-03bec4635388,d3da1778-f19c-41a2-a586-14fabb41054a,shipping,51633 Jordan Villages Apt. 624,Carlosland,UT,62202,US
5bf607ae-13a2-40e9-9a1b-14869eabd036,d3da1778-f19c-41a2-a586-14fabb41054a,billing,57977 Cross Park,Port Amanda,ID,18646,US
35f887ea-663a-4516-94b9-c1cac90648a1,d2cafa46-8c2b-4c28-bd32-db16b9fac7ee,shipping,112 Elliott Ways,Lewiston,FM,33197,US
3dcaa4bb-624f-4056-a3e6-e8b40f62ffd0,d2cafa46-8c2b-4c28-bd32-db16b9fac7ee,billing,74390 Matthew Run,Port Melissa,IN,41446,US
2b68edd9-c80d-47e6-a5e5-96765edceb51,de00fc27-682c-4245-b1e4-31fee2ee7a77,shipping,54990 Alexis Well,South Andreamouth,WA,80048,US
6930a176-6955-40c9-bd09-dd3f05e0ff2d,7313209f-d962-47e5-90d5-a8cd54910c11,shipping,003 Molly Shores Suite 334,Cooperfort,NC,10434,US
66cfd04e-1994-48a0-843e-f3fe27451b44,a60ed372-f15b-4c4a-9c05-ff372b3aa00b,shipping,219 Ronald Loop Suite 113,New Penny,MD,70340,US
09125b2b-a927-479f-bd0b-7000abe10a1d,c13bf418-3933-4e2b-a2c8-d5ac0d736adb,shipping,9695 Adam Light Suite 487,Port Stephaniechester,GA,27321,US
1c14b415-6c9a-48c9-a62a-10f5f3606f49,7c71cef6-7033-4573-8f61-4dac64bfd2f4,shipping,31170 Fowler Trail,Shannonhaven,HI,95501,US
c3880ccf-24e1-4dfd-8c1e-cdb2053a5ed8,39ec5308-5d80-4790-8347-62b1e869e1c4,shipping,7952 Sarah Summit Apt. 773,Lake Tyler,TX,03737,US
c85d6543-ec5d-42a7-8d60-4a23285dedbb,6de8a3f9-8f77-47fc-8b3e-9f99886dc194,shipping,9186 Theresa Parks,North Brittanymouth,NE,35120,US
6740d03b-931f-4e98-870c-f7f68bf8e06c,6ddd380a-35b3-4afa-a6a6-b0efcfc36c37,shipping,63951 Ross Hill Suite 402,Thompsonton,AS,89358,US
b4aeb16b-0f62-4cec-a123-2832d9755a90,e378fbe3-94ba-4165-b4e6-96df82ef7266,shipping,37302 James Meadow Apt. 717,Lake Amandatown,OR,83709,US
43e88773-7a7e-44bf-a518-e262d1b3d058,6c4ba918-e7cd-4b1a-a86c-330b611a8112,shipping,39490 Stacy Ridges Apt. 208,Marybury,VT,73561,US
f974a42d-08bd-43c9-a222-9732924ba9b6,5764281d-fa6e-4bff-a93f-092d0c92e4ad,shipping,563 Nicole Springs,West Rebeccaside,TX,15776,US
5e91e20a-2eca-4ad9-ac67-928063f2e1e5,d0ae7025-e7a2-49da-9af6-055dc62f9974,shipping,66550 Roger Forest Apt. 753,Jenniferton,VT,78364,US
30d7b963-a5d1-4890-9088-e422bdcebd9f,d0ae7025-e7a2-49da-9af6-055dc62f9974,billing,9932 Carrie Square,North Ashleyhaven,MO,51001,US
2024abda-e20c-4ab2-9f8f-fe5b57068a5c,6b08ccf0-721d-4b46-8d79-c394505c6f65,shipping,17306 White Canyon,Port Kayla,NJ,96361,US
05b23e80-479f-42ba-9788-0091e179a815,3fe741e9-d2c6-4515-87e7-aa4c21b4bd7f,shipping,46125 Hill Meadow,Lake Shawnside,TN,95902,US
4ec12e9c-cd2a-4969-9caa-4e777d0fb36a,7c1e2fe6-3c04-45cb-9867-8e6ef4e2979b,shipping,40195 Perry Field,Adamsview,PR,95624,US
bda6da40-ac78-4411-8145-29c016a7ed30,7c1e2fe6-3c04-45cb-9867-8e6ef4e2979b,billing,9125 Peck Via Apt. 951,New Coreyfort,OH,92931,US
4239d944-3208-4158-98ac-84e68cbe7646,bf7ea2fc-f0c8-4427-bd28-6b6d9bb73633,shipping,776 Michael Circle,Jamesmouth,WV,81741,US
8922f074-bbea-4adf-9b39-8658118a0c0d,bf7ea2fc-f0c8-4427-bd28-6b6d9bb73633,billing,410 Mary Fields Apt. 558,North Jamie,GA,63047,US
67c19469-91ae-4329-88fd-622c25aceb53,e4762643-b35a-408f-877b-7b7d901a353e,shipping,001 Leonard Course,South Susantown,CA,97007,US
27f1b06a-6b0e-40a2-9d47-9a335708dba8,64d3c107-eb93-4c31-bfb3-3729eed4ee2a,shipping,39678 Craig Harbor,Lake Daniel,IL,53665,US
2f421b4b-311b-412e-81b2-a8dd1fd915a2,1989d110-12c6-43c6-bea4-67c18783f45c,shipping,16836 Cameron Plain Apt. 909,Manuelmouth,PW,49460,US
30795b14-5abb-4d52-888c-980e0c17624c,1989d110-12c6-43c6-bea4-67c18783f45c,billing,41057 Russell Plaza,New David,ND,62215,US
26c137d5-887d-4a8c-ad21-241dd7780dc7,a00bba00-9382-4388-861e-915a8cdbb697,shipping,416 Gardner Street Suite 406,Elizabethville,ME,16008,US
c3db1615-5487-4f8b-946d-905236c59b94,a00bba00-9382-4388-861e-915a8cdbb697,billing,689 Joshua Shoals,Jillview,WV,83455,US
54b4f0f0-53e1-48a0-a5b5-f82e89f77aa3,49b2f51e-3d77-479f-9908-93216c135990,shipping,25897 White Terrace,Port Jacquelinetown,CA,16255,US
97016d81-c2a0-46e1-8d4b-7db6617f3cff,6de37b89-82fc-46da-8b0c-7e726a6f765b,shipping,463 Cummings Lane Suite 608,Stanleychester,NM,24445,US
547266af-1c03-4c05-a2e1-00ea1b629faa,9ac5c16b-042a-402e-9b32-2c9cdb1448c4,shipping,95063 Price Inlet Suite 452,West Cindy,VI,87909,US
36dd67fa-bc06-4d27-b528-9630b951d31d,9ac5c16b-042a-402e-9b32-2c9cdb1448c4,billing,29216 Freeman Garden,Port Anthony,TX,97947,US
a2bf3920-92bf-4570-98cb-076cd6ce42ce,ac2c2628-3a61-4d89-86b0-95675c76fd11,shipping,241 Amanda Springs,Vickiehaven,MP,23617,US
bb2848fb-a272-47fe-afa5-d97065b41230,753ef7cd-81ef-4cd7-94ae-4d8d198d156b,shipping,98133 Sanchez Turnpike,Christopherfurt,MN,98457,US
50eebe32-7415-4200-9586-9f5a0f8fd017,168c3a44-2ffc-41f0-9cd2-daa9dabc7633,shipping,0016 Skinner Valleys,Fieldsshire,VA,80438,US
e95a27c3-474d-4a15-b061-6756a7e4431c,607ca8bc-3d4a-4b1c-825b-5f3011b85d11,shipping,639 Gibson Pike Apt. 600,South Bradley,CT,61389,US
51a40a7b-c853-4fbd-9576-257aad9e9f32,91cf1cd7-0aee-4aa8-aeb3-76a99de66406,shipping,22897 Day Rest,Port Tamara,MS,90606,US
e638e663-0cb9-4bd6-b4f3-6fc2ba2ed578,6761a39f-5e3a-4033-abca-8afad2f0c1b2,shipping,136 Mary Islands Apt. 027,Kellymouth,VT,05822,US
0073f744-660d-4f92-8ce3-30b9f5f0290e,564146a7-3a24-4b09-b6f6-c9f42229edd5,shipping,6283 Williams Meadows Apt. 203,North Gerald,NH,94233,US
00f32767-b91a-4748-9ab5-2bc7502e9ffa,4eca4835-ccde-40b7-af81-3bd30427c34e,shipping,3869 Snyder Viaduct,Lake Taylor,AR,96763,US
cdc696f5-eedf-42e4-9ec0-e97cd9427817,eaf9050e-9bb8-4119-b1da-d4c2f616307a,shipping,598 Christopher Ford,West Scott,MO,79659,US
557bda4b-f97b-4643-b5ec-878dd68c5476,eaf9050e-9bb8-4119-b1da-d4c2f616307a,billing,26463 Jones Ford Apt. 083,North Deborah,NE,14917,US
c3938df5-4ff8-41ed-b062-bf925f893823,67654e7b-e7c4-442a-b589-a7270b74488a,shipping,7414 Campbell Locks,Glennchester,MT,59020,US
974ca672-1ce7-493d-acaa-8c8e0699a33f,b67128ab-a4d2-4ca6-b1ca-dd602b504fa1,shipping,4064 Steven Mountain Apt. 275,Wilsonmouth,VA,47154,US
e5d769b0-0b67-402d-912f-454388b4bffa,349ae1fa-4d65-43a2-9209-65b63f23fa2c,shipping,6111 Anthony Viaduct,Christophertown,MO,29094,US
158717c3-1401-4160-aa26-216ff92bbff5,41e49d3d-dee8-4043-bb3a-44f714081b3a,shipping,233 Brett Villages Apt. 651,South Michele,ID,67513,US
82f5f522-b402-45a3-b844-4e57bc48f3fb,5e91dc74-ff96-45d1-b600-f2ae941e874b,shipping,5092 Scott Canyon Suite 772,Shahburgh,SD,16045,US
de7a4562-d37b-4133-8080-a062202441cd,ec29a8e0-1fb2-4dcf-81cc-809555a835c1,shipping,7122 Suarez Burgs,Grahamfort,PR,70372,US
76b5d21b-acea-427a-8e27-381cd141630c,16f11650-a28e-49db-9725-7f54c36e2d85,shipping,454 Daniel Mill Suite 169,New Eileenside,NH,74855,US
555c726f-c22f-4838-87d6-6bc6be5957a1,16f11650-a28e-49db-9725-7f54c36e2d85,billing,91068 Lopez Ford Apt. 789,Sarahtown,SD,19062,US
44c67dfe-8b50-40d2-854e-d6145d509b5a,0196a7d8-ef71-43c9-9e76-76d05efdcd7f,shipping,73164 Carr Ranch,Longburgh,OR,32015,US
3192feec-ed60-4255-a003-b46bc7605e1e,91f840f3-0469-4e21-a0d1-81cc4327755d,shipping,645 Karen Groves,Port Chadbury,MS,41220,US
3eb11742-e283-48ad-9b26-79c210f5afda,e4074c8a-e02a-423d-86eb-9170d7fe9376,shipping,9783 Anderson Harbors Apt. 244,East Allenchester,OK,05951,US
b9a81cc0-6cb2-4b5c-9263-ec9845206cc8,7b414fcb-37b2-4499-865b-a91d35563f5d,shipping,6365 Madison Parkways Apt. 966,East Whitneybury,WY,36154,US
657bbf8b-dae0-4111-8a9f-689dd7d729c8,cb9d1046-d38b-4763-96f2-9fe190e6bca3,shipping,67741 Baxter Via,Morrowstad,AL,19353,US
08fe2315-1fe4-44f3-901e-a2ec8314c231,cb9d1046-d38b-4763-96f2-9fe190e6bca3,billing,06326 Gomez Shoal,Ellisburgh,NM,32864,US
9d0085f3-1937-426f-8f79-0f1eafb4fc46,5aec6af0-6c7b-4f6c-8515-35f6f9966ee5,shipping,7647 Adams Ridges,North Lisamouth,ID,12041,US
fbb52091-e009-4db4-9fc8-41061dee96c4,141a992f-3e19-410c-aefc-7d1523f6958e,shipping,62896 Brown Springs,Murrayville,TX,11559,US
a29a8d26-2eb8-4c8d-85cd-e678fc0d9150,8806a6ec-5b41-4547-aefb-4a948351301a,shipping,94682 Mark Centers,Lake Colleenside,FL,66100,US
24747958-cbd6-49cc-a358-59868a8c2921,56ab6140-b08a-467d-a9ec-9808447f0129,shipping,50886 Donald Tunnel,Jennifershire,VA,79510,US
e4efb7de-0f31-49f2-ba4c-284d6aadd816,847ae407-23d0-4d16-91e5-f34348495d8b,shipping,62534 Timothy Keys,North Michaelfort,CO,28272,US
46eb8006-e54f-44ac-813d-0cb78f0fd9b8,bc2c0c0e-9e83-4831-b3bc-0f4882712c4a,shipping,68254 Ruiz Isle,North Maria,PW,94516,US
427474ef-ed30-402e-bbe2-f01735e0e840,9388cca5-6a70-491f-a907-67130fb32026,shipping,65124 James Parkway Apt. 068,New Connieport,NH,35448,US
55990561-e130-4f81-805d-66c2020f9230,1dc7788c-f0ba-49a2-a8e7-19de46c19c1f,shipping,987 Heather Mission,Novakborough,NH,17668,US
90323dd1-c9ab-4ed3-bb0a-0a273b95aa11,9e92d058-56a7-44f1-ade9-55a3fa1e49e3,shipping,44310 Garcia Terrace,Jamesport,WY,09448,US
ff519949-7839-4edb-959b-dcdb9595afa9,962b0d9a-fbbc-47e0-a442-56f1134cf615,shipping,1398 Weeks Hollow Suite 803,Samuelland,ID,85126,US
3efa417f-9f0a-4619-bdf4-b8777530c4e5,962b0d9a-fbbc-47e0-a442-56f1134cf615,billing,59403 Miguel Loop,Lake Thomas,AR,76979,US
f62c7ee8-c929-41e5-a993-8e7ea0f526ec,75bcc838-de39-4225-9c91-7efc744fed98,shipping,122 Mitchell Inlet,Port Derekberg,CO,42355,US
52229a79-002c-403f-bdb7-25274e74e42c,75bcc838-de39-4225-9c91-7efc744fed98,billing,304 Brenda Spurs Apt. 155,West Christina,IL,66521,US
62c16a59-1b0d-4cb8-a74a-365c001f65a5,3ee6fd49-67a9-4235-be30-3eec5044cf0f,shipping,751 Sanchez Path Apt. 266,Johnsonbury,NM,19798,US
3a688ceb-6542-43c6-812c-228ccccb33b9,55de87e2-c465-4290-8939-7066c429b04c,shipping,54991 Crawford Port Suite 616,North Kimberly,UT,10594,US
5fef1e22-9896-417f-8f6d-4801fe2b207e,1e12d893-6948-400f-aec7-b793474b82a1,shipping,56808 Gomez Trace Suite 736,Thomastown,VT,00713,US
209c3413-1d93-499a-a58b-83e02b346dd9,1e12d893-6948-400f-aec7-b793474b82a1,billing,0440 Anthony Mall,Kathrynfurt,NJ,56931,US
a2018144-cf2f-4dc0-ab6b-ecb8b36fd0cb,5d985c56-6fdf-42a8-998c-9638102c080b,shipping,875 Harrison Stream Suite 484,North Jeffrey,WV,22929,US
eaf3183c-1e60-4f1f-ac84-3f77eeff64c7,71182d61-0949-4824-9c3c-230c6a1bf853,shipping,255 Jose Roads Suite 375,Port Paul,NE,64809,US
f25bc39c-ebd1-4959-b4d8-71fdadddb51d,446ec96b-41b3-4afa-9977-2a3782772581,shipping,490 Lauren Knoll,Meyerstown,LA,88982,US
bede614f-4c81-4afa-abf6-d4f79188ba2c,446ec96b-41b3-4afa-9977-2a3782772581,billing,474 Miller Burgs,North Jamesburgh,GU,02222,US
7f1f6a15-2cdc-42e2-99fc-bc2361ebbd1d,d5164d59-564d-4631-907a-2c007255c9f9,shipping,9356 Terry Gateway,South Michael,MT,61808,US
938b1089-2938-46de-9530-0ccf12f580e7,f7510e21-e595-42ed-b887-81b454115eb7,shipping,7053 Nicholas Parks Suite 001,Port Ericside,MI,50371,US
b76d107c-089f-4103-a353-a2c2f4559621,f78735be-7f39-4020-888f-1d454fc4a93e,shipping,4046 Jones Cliffs,Christinafurt,LA,72771,US
540ca0a2-226d-4592-8c6c-e90bbf57ec88,17e95773-63a4-485e-8ea5-bbdd1c0be40f,shipping,156 Watts Vista Suite 659,North Sylviafort,OK,80891,US
2ac5c327-409d-45f2-9b85-423d3081e716,355538bc-3f21-4fd4-9394-b6c0ffc11306,shipping,034 Michele Village,Lake Robertville,WV,36365,US
8d84f110-047d-42b2-bc55-672d98eae24a,ee15fd8b-9c75-4de2-ad09-e65ee3b8218b,shipping,7522 Moran Summit,East Jacobbury,OH,48493,US
d83dffff-2175-47d3-b6d0-fdf8eb734d87,5fe406aa-2fc7-437c-b5da-93d29547a770,shipping,92893 Saunders Terrace Suite 846,Calhounmouth,CO,84682,US
ddc3b023-8508-4522-a4c2-287e4bcde77f,27aea8f1-5990-4557-8077-a3c564bbf8db,shipping,40827 Russell Valley Apt. 160,Smithtown,NY,67162,US
1438a322-9fe4-40f9-baa1-c8ab67e2aef2,27aea8f1-5990-4557-8077-a3c564bbf8db,billing,8971 John Mews,West Anna,MN,03944,US
cea259dc-30ea-445d-bbd8-a68471a65db3,03e74520-974a-405b-a718-3afbf5254bb6,shipping,052 Carrie Stream Suite 606,Richardmouth,TX,77604,US
4abf26df-0020-4736-8a83-3a787dbd733c,f5e32d5c-5e7c-408f-b1c1-f2fc458890a3,shipping,0471 White Branch Apt. 542,Bakerstad,OK,84963,US
1885f2e9-3f3e-4523-a3cd-8a38f38c81db,f5e32d5c-5e7c-408f-b1c1-f2fc458890a3,billing,37878 Carolyn Shoal,North Daniel,KS,76023,US
0841818f-075b-4ed0-8bba-9cdcc7f72471,159b1892-2627-44da-9ecd-d4fb73586cc3,shipping,60405 Christina Roads,New Reginald,MD,14297,US
d7e45fe7-4ea3-44c0-bd12-117135f38579,57718d2a-cbb1-4df1-b802-3fabf0840b0f,shipping,90652 Blair Roads,Garyburgh,OK,10830,US
2d5c33ce-d027-4411-b74f-e1ec76a01e73,12fdc314-fe69-43d9-8225-f6bb239e7d46,shipping,5983 Page Falls Suite 851,South Lindsey,CO,83627,US
11afe162-83ce-4dea-9234-70c1f8f40d7f,12fdc314-fe69-43d9-8225-f6bb239e7d46,billing,5903 Daniel Meadow Apt. 197,Joshuaview,IA,90642,US
3125fc23-ade9-4b00-bab9-9e469f6955ff,793a4696-9008-4e38-b567-01035615147b,shipping,474 Campbell Ridges Apt. 115,East Kim,FL,56668,US
3740da97-f7c0-406f-bd26-30b1728c2fea,11bae5b5-0ee1-4c02-8522-83f4038e8fb6,shipping,209 Charles Knolls,North Tyler,AR,67666,US
86bbf996-9cb3-48ac-9285-ebc5f8b90b37,11bae5b5-0ee1-4c02-8522-83f4038e8fb6,billing,876 Matthews Garden,Frederickchester,MS,10795,US
7700f4cd-72b6-41ad-bfaf-daf46f7f7769,329f5446-290a-4cc9-8477-878724e72825,shipping,259 Shannon Ramp,New Jamie,FM,38672,US
4fa43b1e-dcab-4c37-8115-7bebb6566b35,329f5446-290a-4cc9-8477-878724e72825,billing,6675 Samuel Trace,New Adam,WV,26709,US
71ef214d-cc32-4bd2-95f6-8ffbb0e0b4a7,6b4bab5d-148c-40a7-83b5-68c3238ec091,shipping,21516 Kathleen Summit Suite 078,North Shannon,NM,47097,US
de6bf20b-a6e7-4fea-9d37-c548ce900e3c,6b4bab5d-148c-40a7-83b5-68c3238ec091,billing,88219 Maria Road Suite 923,Sethmouth,OR,83317,US
e5f98b2f-a763-4ee0-8e8b-4588eed44222,198a0e1e-5fe4-49e9-8e41-e8c38df40964,shipping,46095 Gentry Shoal Apt. 381,North Dean,IL,37474,US
d0bddca9-8b7f-4e69-b11a-83e82ee0a7b0,00b4c7c5-8584-4c86-99b0-86608f75ad18,shipping,6195 Tonya Junction,New Danielhaven,SC,73079,US
81ef8d0f-57ec-409e-9f47-aad118490fd2,530162b0-bd18-42f1-9917-f0cad2a48960,shipping,23433 Jennifer Valley Suite 196,West Blakestad,MD,11472,US
6999086b-3bc1-4289-ae3c-47ba819254ab,3ecaeed4-f155-4324-8bd7-fa622b50c377,shipping,72254 Billy Circle Apt. 143,Manuelburgh,MD,76884,US
11e2e2f9-c591-43b7-bda0-6925ffb7c44b,5123bf04-01c6-4cb5-bae3-d70ca4ee4f54,shipping,19682 Teresa Rapid,Port Benjamin,NE,38294,US
39c2c1d8-1cdf-4ef6-99b8-174d370fbb75,a464cd16-3d4b-4871-8531-9f8fe127f24a,shipping,9020 Angela Mills Apt. 958,South William,UT,92778,US
c76e7f95-67b4-4750-9d82-9bee48b4687c,e53b2d01-48e4-4d82-b40e-dcb88696c5c9,shipping,53422 Samuel Lake Apt. 398,South Justinborough,NC,91514,US
90dd78b1-0f8c-4c1a-a6f2-46f909e25174,a9ddb02c-f673-418e-bebf-b470e66d0591,shipping,5386 Stephanie Fields,West Zacharybury,NY,88437,US
142df27a-e738-4810-b9f1-d6ef8721199f,f042ed6e-b883-454b-99f9-2a108cb10f72,shipping,699 Lopez Orchard,Larryborough,PR,76905,US
962b868b-d951-4e52-8237-358e2086462f,72729b3e-774b-448f-9ee6-19f5ab0b8a1c,shipping,358 Clark Ford,Michelleberg,DE,18401,US
47c980b3-844a-47c1-afc1-24a03c01309b,c7a27abc-49ad-48ba-94d8-4fb1897f5a2b,shipping,9875 Nunez Neck Apt. 024,Hayshaven,RI,45991,US
5d6f33c2-a492-4fa3-b700-b7b5fe68a6fa,63fa0d03-0fdf-41c7-889d-6ad723745689,shipping,79007 Mckee Lodge,Medinamouth,WI,78884,US
16a4ed14-85fc-4264-bb06-3020a6da357a,8465c62e-1f5f-483e-9b3e-12e1d05886a1,shipping,2351 Jaclyn Inlet,Calhounburgh,IN,60021,US
147ca1d4-366c-4530-84a8-bc10e58b5e1d,8465c62e-1f5f-483e-9b3e-12e1d05886a1,billing,6332 Roach Mountain Apt. 792,West Todd,NJ,04870,US
2d6e05c9-e1b9-498d-af2b-6ea0b320b711,5799dd55-71ef-42b0-a693-15670f33e7b1,shipping,61384 Grant Spring Suite 901,East Lawrencehaven,IL,25930,US
f1c1c2a6-8252-41e0-9ceb-136d7a9ae101,5799dd55-71ef-42b0-a693-15670f33e7b1,billing,5839 Michael Forest Apt. 873,Farrellmouth,NH,02444,US
4e28c698-0024-4d93-8987-d36d034e39da,8a82bf50-951c-44db-820d-3517f8be8ce3,shipping,95080 Ernest Springs,South Christopher,NH,20028,US
016f5626-9ce7-4ccd-93e2-edea02a46352,dcb3197b-65e6-4065-94c8-a112da3d822f,shipping,27314 Samuel Common Apt. 929,Scotthaven,MI,55398,US
8e39606b-bd7d-4dbe-91d7-1aa1cf2fd039,442ecc68-ec9f-4e6d-82b5-ee1aa3ec6494,shipping,646 Mason Square Suite 496,South Jennifer,SD,09581,US
84f06c07-27d7-4e4c-85d4-c7621c861a0f,e4899290-d045-4b5a-baa8-7a29cabbf140,shipping,79807 Diaz Highway Apt. 862,North Elizabeth,AK,38784,US
0276d86f-5a32-482b-aa13-b9b8c395058b,386a7211-9aa0-4224-8f52-f0804f19b881,shipping,038 Hernandez Mews,West Patrick,DC,56848,US
384025e0-de56-4098-a00f-c219410329bf,d38a521c-2bec-452e-8c7a-e81d3b334058,shipping,77336 Heather Centers Suite 624,Lake Patricia,GA,55035,US
3b829bf7-2f6e-466e-b90e-70e57973bae9,c638978d-0e63-4fb0-a9ce-bb62d2e36e3b,shipping,41248 Judith Tunnel Suite 765,Darleneton,MN,19520,US
1db7e491-7389-406d-af60-7ae45a99e0d2,c638978d-0e63-4fb0-a9ce-bb62d2e36e3b,billing,88049 Jamie Fort Apt. 606,Sharontown,MA,41142,US
9331f077-704e-4337-b767-3a2c78e5bffb,e3978050-0f5f-40bf-921b-4860279811f2,shipping,30552 Michelle Forest,Freemanside,NJ,89653,US
e34eae24-11a0-442e-81c0-e69d873b144e,80922441-fdc3-4d61-a5f3-80c6fd82200e,shipping,220 Mckee Skyway,Port Jenny,MN,23338,US
7fbf0aff-a829-4c32-b414-79edf9bff7b2,80922441-fdc3-4d61-a5f3-80c6fd82200e,billing,57884 Michael Forks,South Joseph,MT,76282,US
5c6f5947-2057-4b60-b6d3-31099a5dbc39,c67eb5d7-30f8-44d0-92de-ff77dce9a378,shipping,84182 Carlson Wells,Colleentown,IN,76054,US
0b8a4781-58bd-4a6d-9bcc-406165de7248,ae466019-8e7e-4854-90bf-204366579b58,shipping,8040 Ryan Square,Lake Diane,TX,72362,US
eae16848-8043-4082-84dd-8ad379209dfd,4bb7a9cc-61f6-4ddf-809e-6e483af920da,shipping,52878 Sheila Knolls,Theresamouth,WI,89326,US
b979939e-9870-4cb4-9b42-750aabc2d4f0,6579ab1a-391b-41ce-bce1-88c79202e919,shipping,32622 Wells Circles,Rayfort,MS,29707,US
af66229e-a6ec-4f5d-900d-bffc28b6fd58,79119849-6522-42e2-894c-99280307923a,shipping,92667 Julie Meadows,South Diane,FM,88083,US
d657d5e6-65b3-4b25-86c6-47d0c0ae035a,2cf79940-d9ca-4d16-a1f2-d0d36ac929b1,shipping,957 Dominguez Meadow,North Nancychester,GU,29142,US
4454cb13-6dea-4727-859f-98dd52178f5c,192665e2-5d3a-4942-bcc1-ac06f0344f47,shipping,1858 David Station Suite 999,Sarahfurt,WI,71567,US
7b0da312-0fc2-4a4f-a6f5-b669f40a175f,10fac53f-d860-4a7b-b372-e564ccea7084,shipping,6735 Garcia Walks,East Tonyafort,WA,41114,US
9beb4535-338a-49d9-9ecd-1ee30d1afd07,949cedc2-1237-49d4-9703-78b9d29ba538,shipping,555 Miranda Crossroad Suite 749,South Deanfurt,NE,53204,US
4dbb952b-fce1-4bea-a692-689f934318c9,7bdad6ec-c7ba-4641-88ef-cb77886b0bf6,shipping,2941 Reed Greens,New Michael,MD,19809,US
95c72d0e-c952-4f15-825b-4d10a7da32d8,7f7bbf23-5b18-45e6-9ab8-3d99c0cfb80d,shipping,62753 Rebecca Valleys Suite 619,East Kariberg,ND,43604,US
ce9b11a6-a8dc-4c2f-94b1-7b32d757ffd3,2f518d4b-4d1a-448d-b3bc-103509b4dd92,shipping,0953 Grant Falls,East Veronicamouth,OR,75466,US
62435dc7-981b-4670-9333-a7088fada949,2169adf6-d518-4a3f-9049-c9439f0f778b,shipping,442 Garza Pike,Chavezberg,IL,78919,US
9120446f-62f3-43cd-92e1-02861cf55521,3d63f55c-50ea-4249-9364-d92dddedba99,shipping,04078 Jennifer Ridges Apt. 589,Willisbury,AS,50082,US
10319c91-7d52-45df-a333-cf747a73dc12,40da7f2a-cae9-4fbe-baf4-e0d6ab04d72d,shipping,691 Annette Route Apt. 349,Lake Douglasview,IN,98251,US
72015f8a-4451-4f3f-b5ad-fad16a4556ab,e272d057-a20c-4646-8705-d9f9fa8cf1d5,shipping,33943 William Station,Williamsville,DE,16760,US
27c4ff02-dd1b-4ef0-99dc-b18309537357,a2946bd2-83a5-42b5-a871-07253b041fd5,shipping,701 Thomas Pine,West Williammouth,MO,32411,US
f9145256-2782-4b81-86c9-d8c1d7092b9f,297f5466-fed4-4eb1-9936-f63d2d4adcd1,shipping,1473 Colleen Springs,Port John,AL,93575,US
85176b9f-b46b-4a45-8d7e-160e3cdf744f,297f5466-fed4-4eb1-9936-f63d2d4adcd1,billing,91429 Mills Islands Suite 756,Gabrielmouth,MP,48513,US
b0b06f7c-0d46-4b90-850a-b9cffb20f6de,23e0d560-3fc7-4ae2-b44c-87aa2fc4256c,shipping,8080 Michelle Locks,North John,ND,11862,US
b48b1aac-0f92-4196-9ff2-7b33717c2d6c,6cad487e-cb0f-443b-8e98-c5eb604dc3b1,shipping,170 Laura Glen Suite 117,Andersonmouth,VI,35887,US
4a0c6bcf-1ead-477a-8a5c-5d33772725f0,1bd9e38e-32ab-4555-9610-3551e0f0f1d2,shipping,06920 Robertson Landing Apt. 479,Lake Anthony,IA,56770,US
eb5daf4c-c931-4243-8916-214c64f2621e,dcaeb1e2-5753-4980-91b3-b0019a2919b2,shipping,058 Jamie Harbors,Sarafurt,NE,07638,US
c87912b1-94c1-4d1c-aab1-9ce5829dcdf3,dcaeb1e2-5753-4980-91b3-b0019a2919b2,billing,14252 Baker Valley Apt. 372,Davisborough,MP,21078,US
11c5f2d7-6361-4c96-a032-cea163408e0f,41e8a0e9-9fba-46e2-bf14-315886c9e698,shipping,132 Clayton Forges Suite 786,Ryanview,UT,28125,US
3ccbbb2a-d60e-4fba-972a-46bb83f4890e,81213b59-24f8-4c3a-a77e-76bc4479f6dd,shipping,690 Collins Fords Apt. 467,Lake Joeville,MH,48804,US
67e2e318-1e25-43f1-a54a-d93c1569b6c5,161b6b4d-02d2-435c-850f-ca30546c1294,shipping,856 Davis Corners Suite 875,Jenniferton,FL,45168,US
cc997c0d-ca9c-4873-a39b-0715522a42c0,c7d9b215-0ee6-496e-a68f-4446eef4a694,shipping,2652 Long Neck Apt. 194,Nguyenview,NY,10126,US
4b28535c-e547-4d95-8f9f-b9535243f68c,c7d9b215-0ee6-496e-a68f-4446eef4a694,billing,91766 Ricardo Ways Suite 282,Davisside,RI,16235,US
81537c71-aa22-4e47-8e63-740d6de3291e,7b2d83b7-5590-45d7-9fc0-10b34cd56dfb,shipping,05714 Cooke Mill,Mooreport,MN,91225,US
3d0f037e-9019-438f-8de2-c5f33b46a032,d5d46cf4-52d8-45a2-9790-1bb013d792eb,shipping,012 Hayden Crescent,Vazquezfort,MS,76005,US
a5fc689d-c3e0-4a3d-945f-b61cba2af654,bc7f9fa6-28a2-47ac-b466-fbd0346dd87f,shipping,57569 Rachel Estates,Popeton,WA,44358,US
1cbb3e6f-4c22-4245-b282-85bedbada5f6,78ac717a-cadc-4afa-9fb1-c356fbb25cfc,shipping,61236 Mcguire Pine Suite 637,East Tony,WA,29374,US
47e20e77-2a17-4f1d-a763-6d60aae93f1c,38e1f494-3ff7-4228-bdf7-da4c4be4d78b,shipping,028 Teresa Center,Jackhaven,MI,63927,US
0397cfdf-0d89-4340-a9f7-29a123556982,2bebfb2a-0524-4326-83d7-6ba5e521a790,shipping,84746 Thomas Meadow Apt. 255,North Christopher,NE,91550,US
8810b9e6-c6ae-455f-8c67-676e78d3044b,4728269e-3039-4b49-8471-df44d9aaeecb,shipping,09424 Daniels Stravenue Apt. 610,New Allison,CO,29005,US
470e8204-a580-402c-ba3d-d859759e1b76,86d81567-5121-4c8f-baca-2f6bd7e4cac6,shipping,641 Julie Springs,Port Jamesberg,MI,29391,US
5b8345fc-89d6-4225-9116-8521f8299a9a,c46c0f23-f420-4e67-9880-9264f10763fb,shipping,927 Jackson Underpass Suite 925,Lake Makayla,AL,35677,US
f2824eac-1d15-4052-8e16-c0058c1d8f99,24306929-70a0-4a45-a2ee-74e9c19f39e5,shipping,581 Emily Freeway,West Tanya,OR,26476,US
a7ed28d0-426f-4944-ab9f-1a6e52beff86,0bae633a-6443-443b-aae9-a1c307e95b22,shipping,890 Harris Wells,Leslieland,VA,33965,US
2b3b744a-544e-4543-a347-97940f42e0d9,99edcf5f-793e-4dc7-bbaf-faf1855b6a49,shipping,890 Christina Cliffs Suite 136,Hamptonberg,MP,46960,US
be0cb83f-45b4-418e-8942-84edcbd975f0,0b8daee5-c4dc-4c7a-b8cc-7d54cc445d2a,shipping,02455 John Stream Apt. 430,Zacharystad,AK,95745,US
70f3bbc7-681f-4546-9c05-701e59b34888,0b8daee5-c4dc-4c7a-b8cc-7d54cc445d2a,billing,05711 Griffin Fort Apt. 244,North Keithton,AL,78873,US
4b27a4e3-441c-4110-a85f-844720c73eb1,509455e5-b190-4911-a042-78ba29e5261d,shipping,143 Hampton Parks,North Elizabeth,IL,19926,US
87fecb40-3e8e-4dcc-bd8f-147172d0eb65,69abca4b-9c46-4241-8460-a2e315d83650,shipping,3801 Richards Street Suite 241,Aliciaberg,NJ,06522,US
dfac78cc-fb1b-4e41-bf83-f2d41da71cb7,b68deed7-91ee-47a0-9903-78fb6739fec0,shipping,522 Sosa Mews,Kennethmouth,KY,97069,US
9c7d73fe-6f19-4916-a835-6107f6fe5e30,cef49296-57ec-4bcf-8c31-3c947a06c647,shipping,4011 Jessica View Suite 111,Cannonshire,AK,65538,US
eeede78d-92c6-4be7-bf55-423bcf864dbc,41ae984a-e6a1-4eaa-b2ab-97508ea84bed,shipping,158 Mitchell Hills Apt. 210,Carolynport,MI,94017,US
be8e9d81-8e5c-47b5-8c6c-94f0f81dcbc0,673d173e-5cce-43a0-817b-618a02c67cae,shipping,67974 Mclean Plaza,Keithview,NC,22567,US
b2f97b7a-d9f6-4eba-b6fc-00cd29acce45,b6b45788-464a-4fad-9b6e-ac4b39f6cb3c,shipping,355 Flynn Curve,New Jennifer,OR,78075,US
26443e30-fd2b-4479-9ad2-5ecea6e0aadd,35da1088-bd88-483b-9fe2-b32148484cbd,shipping,5235 Dana Mission Apt. 093,Johnstad,KS,04862,US
f65b7082-e4b9-4f5a-975b-6c6f0bb89bf1,50d29d81-8e9b-4818-b967-def37826b007,shipping,055 Herrera Course Apt. 737,West Christopherburgh,WV,70535,US
0e1edee9-7803-447a-9ca9-fe2b431a3847,f171bb90-25a1-4ece-ba88-a2d04a862e24,shipping,3925 Thompson Drives Suite 491,Beardborough,PW,11773,US
0a95c68e-65c4-4214-8273-e629571b115f,142561a3-8055-4737-9c73-48722b4ea777,shipping,16464 Susan Points Apt. 778,Port Trevorville,MD,35192,US
a49b1dbc-f4af-4c86-a03e-a5b751d8bdd1,142561a3-8055-4737-9c73-48722b4ea777,billing,8000 Bolton Viaduct,New Wandabury,MD,35452,US
580cbedc-080b-4f5d-b794-c0e111aa0c62,9d60d04a-0369-46ed-adab-244bd19afb0e,shipping,86657 Taylor Mill Apt. 274,North Anthonyburgh,DE,79966,US
ffece4a7-6996-4779-ab9e-49e53b27f33c,7d0938d6-135a-40a1-bea2-77de61febf41,shipping,848 Johnson Camp,Brianaton,MI,57609,US
8918c582-0f85-4e70-8983-56bfae53a27a,0b31b52f-5887-47ec-be93-9b4b561f5a02,shipping,032 Ronald Mount,Kaitlynchester,FL,44348,US
2d69f7dc-6460-4d86-9d6f-451f2a32922f,0c1cfa51-8e9e-4af6-ba16-281aaa03a87c,shipping,36705 Ernest Fords Suite 103,West Anthonyside,WA,97817,US
fe6caabb-429a-48cf-bda6-34325049f0a7,55cfbbb7-da62-4e62-be4d-12bdc4cfe6e4,shipping,288 Mark Keys,New Heidi,GA,43181,US
11d9655d-301a-4ef1-baf7-ad19c97f4b6b,441d7174-e52a-48f9-a075-29cd9eed73a5,shipping,30349 Jackson Springs Suite 619,South Robertport,AR,91470,US
35671dba-8f7c-4ca8-8a9d-238009ee3280,441d7174-e52a-48f9-a075-29cd9eed73a5,billing,485 Wiggins Hill Suite 149,Port Jessica,NC,07957,US
26e92ac4-52cb-4424-962b-ba5108425e9a,95b1e63a-e774-4ed0-a439-806d25b5f06a,shipping,431 Erika Haven,Strongton,ME,89766,US
cd6322da-353e-43fc-b9f9-03ea1c35ef11,5e4213c1-1cb6-41c5-8602-a1d538e71d54,shipping,85074 Melissa Extensions,West Edwardview,PW,95147,US
4a454fd1-a35d-43aa-8df0-0250a3b76c78,0337f60d-e378-4bc9-aefb-f936078f8536,shipping,21309 Melissa Mountain,West Melindaland,NJ,78288,US
efe3c903-0d71-468a-979e-d1da3185c1a2,d738f5ff-493a-446a-8284-8ebecc600a5d,shipping,2575 Justin Port,Yuview,AL,69868,US
f5d0c333-3194-4aeb-85eb-a2b6b3dc240a,d738f5ff-493a-446a-8284-8ebecc600a5d,billing,6092 Ramirez Stravenue Apt. 193,Tonyamouth,NJ,08274,US
9a54ef77-3095-41e3-a46f-92d7333388f9,ea8e1a67-256e-44ff-8d89-3e77019d6978,shipping,5219 Martin Streets Apt. 803,Mitchellhaven,IL,45376,US
97e6e615-cfb3-4c58-8f4a-289e1c83a1d8,915faa1d-3746-4e0c-beea-99254d8c9b79,shipping,14397 Buchanan Club Suite 667,Shanefurt,PR,42090,US
579a78bd-b6fe-46f0-907a-4b4cb0315110,f3a163da-d86c-4ef7-a474-756941a6c903,shipping,41572 Robert Green Apt. 242,Maryville,AR,89096,US
0b4618db-40fa-4a19-964e-9750eb73bca8,bcc5d34e-8b34-43c9-9a0b-f19fb8bf6f3c,shipping,546 Veronica Course,New Ashley,SC,08264,US
47f58ae2-ef2b-4016-9e1e-eb589a16f8c2,bcc5d34e-8b34-43c9-9a0b-f19fb8bf6f3c,billing,31388 Jason Wall,North Joseshire,DC,78948,US
a07b58d7-43b9-4e61-8ae5-b8037e3e76e9,629cac85-0231-45b8-8496-f6597b54740a,shipping,2739 Huber Streets,Port Jeremy,DC,33320,US
c3c81198-e12c-4d89-9841-7026c5dca049,93682c83-9280-4206-98b4-3d042fc93f02,shipping,7845 Robinson Grove,Tonyshire,AZ,40375,US
6cd1c957-e565-4d2a-a8a4-5655a99df758,57019e12-7f4b-441e-9445-39dd0ceff4ec,shipping,14490 Matthew Court Suite 580,East Paul,IL,47261,US
145cddbd-fd99-4f48-b367-333d9c4928b8,d06f2cff-0a7a-49c2-9ee8-0aa0b05c9b25,shipping,22531 Fischer Causeway,Sandersborough,NH,38028,US
ac2f2fcd-4460-40d3-90d8-e2b19be59a05,51424246-e9b6-4453-9b59-b17c5a0ac2db,shipping,4536 Perez Ford Suite 437,New Andreaton,PR,08375,US
a0f38b70-cce0-4809-a9e8-47960d6ad739,eefcb387-bb32-48f4-ba43-c0520bfc8174,shipping,8639 Sherry Park,East Richardmouth,MH,09442,US
581629b3-4260-4246-bac3-777954a3925e,eefcb387-bb32-48f4-ba43-c0520bfc8174,billing,252 Tony Throughway,West Joshua,AK,19908,US
3d81553a-b106-4c42-86a7-fa315682c6bf,a92be58e-2780-4cc4-84b1-ca11f5aba000,shipping,1053 Craig Highway,Melissaborough,VI,07966,US
5e927ffe-c1b9-475d-be27-90cec3b70df3,5a3c0b85-b9ba-4bf6-8a7f-8c010511c2e7,shipping,3671 Richardson Park,Bateston,MO,26966,US
2616a51b-54fd-4362-82c4-267f58a25770,f6dcbed2-2748-4dd7-aa26-6c22b4c04b97,shipping,380 Michelle Roads,New Diana,NJ,50131,US
1bbf3f70-d7c1-407a-ad7c-5d633704a0ec,2bcddd46-c7fc-481c-abd2-5d03fc6d9a86,shipping,2525 Weaver Rue,North Martinville,VI,54768,US
bbbdbd04-d5c4-4608-86ab-f9a65d6ce538,e7c5c269-3888-4477-82a8-2e81e30bbbde,shipping,029 Sara Locks,Lake Markhaven,CO,48079,US
c2713cbf-d0dd-4b2e-8836-814b38981e77,e4345262-b703-40a7-a441-5779c2eaf314,shipping,6712 Matthew Bridge,Andersonborough,MD,03474,US
c8800f4e-740e-4cff-9b8d-eca3e0f8360f,6bc0118c-22ac-46c9-9a92-091a11fe228d,shipping,458 Hoover Highway,Robinsonside,OH,58908,US
8edf9ac3-7ff0-4074-8252-7e98ebc6e850,6bc0118c-22ac-46c9-9a92-091a11fe228d,billing,825 Carlson Prairie,East Sabrinastad,CO,75496,US
f6144cbe-6f82-41ee-9380-fdc88858b467,17d6298e-a9dc-410d-8a7f-ea2057ed7ef5,shipping,111 Robinson Springs,Brooksside,IN,83177,US
5d2a6cd0-abd5-483d-a53f-e8c5fb644605,201892cd-197e-4ecb-92a0-50b0be47557d,shipping,4150 Jessica Curve Apt. 444,Morafort,OR,64283,US
97e684a1-6477-4b83-be8a-7973530e1424,d9e69a6c-d137-467a-beb5-26cfe78d3052,shipping,295 Robinson Run Apt. 307,Robertchester,LA,41054,US
2523846d-df29-4cc9-8f7a-4527cf2e42a7,d9e69a6c-d137-467a-beb5-26cfe78d3052,billing,846 Joanne Estates Suite 791,Port Matthew,AZ,98454,US
9eed8100-f96f-40c8-ae64-0b4f7d25ed37,c08bd713-0abc-4a40-a19d-4484da689818,shipping,99956 Richard Manors Apt. 970,Danaberg,MD,47327,US
81119394-64fd-4742-8938-3b0c54109b00,810a3cda-749f-4ed7-b183-b1ea4f397295,shipping,9863 Annette Spurs,East Timothyburgh,SC,20052,US
f90fc76b-3c46-4c8f-b89c-2e9dc878e559,511ac86b-263a-40da-9752-ff57dbfd157e,shipping,2290 Coleman Prairie,New Eric,UT,84946,US
6ebc3986-d926-43c3-8ed9-f7b47694b50a,f5926dd3-0811-4b1e-ace0-2e3e90739011,shipping,50503 Ross Parkway Apt. 117,South John,CO,82822,US
1094e0cc-0ed0-4aaa-9fee-ba912dbd640c,f5926dd3-0811-4b1e-ace0-2e3e90739011,billing,610 Mercer Parkway Suite 989,North Linda,WV,30686,US
ae87d246-a5f3-4802-b663-e2b8102e36f4,ac18ef67-7738-4148-8550-54a2e42d03ca,shipping,16622 Gerald Roads,North Cynthiabury,NE,69639,US
47a38303-9047-42ce-b636-f6ffef64678f,a8bc95f1-28aa-49b9-81db-5b3c969e349b,shipping,3520 Ferguson Gateway,Medinaborough,UT,13092,US
23329d7d-caec-40b2-83d9-94983e1d370b,50797ede-12bb-4d70-a416-b53e3e26f0f2,shipping,1116 Tracy Valleys Suite 722,New Robertberg,OK,14258,US
a9440e6a-5bac-4585-a61c-b15f4f6b3502,31527df7-1090-4bf6-8205-dc4ade42ac29,shipping,9745 Carter Route Suite 521,Gonzalestown,VI,29124,US
661c3741-0b9f-44d1-916d-f4653e3b06aa,589facc2-f279-456f-ae22-ef9e78c1571e,shipping,9019 Sara Rapid Apt. 878,Greenberg,MA,51593,US
1a5e5a98-5a5c-47a2-aec6-120882c85806,eed9f368-45dc-4cbb-b3ff-4ab6a40c168a,shipping,28654 Figueroa Passage Suite 842,North Lisaside,IA,93655,US
a619b778-cf44-46b7-b688-0727306bf73d,f7f14e59-6474-4e8c-9f64-fb20b4a32c44,shipping,0235 Stanley Ridge Apt. 931,Port Angelaport,PW,81025,US
da26e6f1-862b-40b0-915c-a319d4d4e0a0,620eeca1-3941-4dc9-9896-7337ede6bbd1,shipping,05335 Butler Rapids,Christopherburgh,ID,32256,US
01475fe0-2b42-48eb-b2c7-0a84475e40de,91754469-e637-4509-8a22-318448e49a84,shipping,88999 Kelley Village,Wilsonview,OH,43366,US
b1cfbe0f-b455-49c3-aef2-41baf37d9d5e,76771f5b-663c-4b76-b057-efc3dbd17310,shipping,0868 Stephanie Corner,West Scott,GU,32909,US
e8fcfec6-8c62-4378-b27b-bb5d1e91b91f,02b518ea-8207-43a1-b048-795410ec2032,shipping,882 Eileen Field,Robertchester,FL,71115,US
391e2956-6277-47c1-96f6-751525334820,f3b9daa1-8d04-4cfa-8476-31088a2745ac,shipping,84115 Williams Courts Apt. 948,New Nicholasport,RI,04432,US
38ecf054-eb26-4c48-bcda-b911761a0bdf,105dbdfd-856b-46f2-93f6-823160a12ac2,shipping,57899 Hamilton Stream,West Robert,MS,08329,US
69856066-5f43-4148-b177-4688373eef1d,b83b170d-50eb-4260-bf04-859e8adf7b94,shipping,64436 Bailey Walks,Parkerhaven,AS,50293,US
c129663d-a7f9-49ad-aa67-87e634ef1ef9,009e5fd6-4f72-4510-8663-6a823c4fac2e,shipping,46588 Marcus Radial,Port Paigeburgh,MH,07948,US
d89f03c0-ac7b-438b-946c-2937b4ddca2b,ac89a30c-2503-4e88-b5f3-067689ec9435,shipping,9913 Tammy Squares Apt. 235,Jameston,WI,93665,US
07908f6b-599a-4931-8d18-76d53b7d68af,ac89a30c-2503-4e88-b5f3-067689ec9435,billing,3520 Paul Forest Apt. 455,Williamtown,AS,80462,US
604c63be-6d4e-411f-a454-888bf6d25dbd,ddd1e5a7-0b8a-4ed2-b6ea-30f1f246f2fa,shipping,44005 Thompson Centers Apt. 047,New Travis,WV,57890,US
e393f50e-2046-42a0-b028-7f7ced529c41,1124fa72-8210-413e-96e0-2055b001f292,shipping,67545 Dylan Land,North Tiffany,LA,49223,US
1b62462b-38e3-4371-997f-b72dd7c8ddea,5202cf2c-0596-4d19-980f-d9d9042c8e1e,shipping,031 Michael Extension,Cranehaven,FM,65662,US
88db5766-edec-43eb-816d-c1aee27909db,5202cf2c-0596-4d19-980f-d9d9042c8e1e,billing,7612 Jennifer Spur Apt. 741,Danielland,FM,34235,US
180284ab-a416-4161-aec8-9ab1051cac8f,601fea5e-bf7b-46c4-8e08-727c133452cc,shipping,7381 Richard Row,Davidfurt,DE,04746,US
b2621f08-3ac9-4350-bcce-870a9fabd784,21b58b5e-8813-4b7f-a709-6c1afd9a1396,shipping,16240 Jackson View,Lewischester,NY,48333,US
c343ebae-b2d8-4e36-aa33-3e7581b58064,a913f68b-880f-4b8b-81b5-0869d353c142,shipping,0188 Brandi Isle,Richardmouth,IA,24564,US
9f44e5a8-92a6-45d9-9e1a-6d8e73b389bb,52472ebb-49d6-42a9-9176-210b5b2e4630,shipping,40547 Powers Crest Apt. 651,New Timothytown,OH,08230,US
94fa4255-62b0-4261-a291-d8711661e8c9,c01bb604-1d55-4c41-b758-669bef384903,shipping,522 Foster Gateway,Port Jonathanmouth,WI,36319,US
5811be13-1bcd-4644-bb30-7cd4e36353bb,fb6ec992-ed96-471e-9318-d133cca9e594,shipping,147 Robin Centers Apt. 448,Duffymouth,NH,31576,US
3389dbe2-cac2-4279-b65d-a3d36b09a393,f1b7668e-06c2-4a33-bc68-7bd8df3ffe10,shipping,7249 Patrick Mountain,West Rogertown,DE,64835,US
8dd0897f-4616-4757-944c-6c3ddd99bf8d,af2d143b-8ccc-4d83-abe7-7bd22e88d5d6,shipping,756 Katie Summit Apt. 900,Leeville,NH,40761,US
4327902d-6559-4624-8afb-f04eeac105c8,4a9f92b1-59ac-471b-bd23-33e2efb3e2b7,shipping,207 Gabriel Roads,Johnsonburgh,PR,44834,US
5b3bf336-1715-4fca-b7b1-6ca5d4e03875,d9990bc5-a779-459c-8dfd-cd7a2e4cfdcf,shipping,6385 Howard Garden,South Carolyn,MN,15352,US
2f0d14dd-a167-4c94-9177-85281400c3c1,50c524f7-f97a-44df-a30c-d77fa90a4f7f,shipping,443 Jacqueline Burg,Angelicafort,DC,81254,US
5dad3aab-4d0b-401e-b262-82cc269fdeb5,b8881095-d2fe-49d7-b087-d18385109f7e,shipping,2445 Kimberly Plains,Kimshire,GA,05367,US
4f06ce28-319d-4573-a96c-a90d34443301,8e3f0b55-0bbc-452b-8490-32da19f0c386,shipping,4967 Livingston Spring,New Leah,WI,93091,US
fcc519c1-1ee7-4308-9e2e-2c6f9ec696fd,374028bf-1775-4ae0-a4e9-c741154ee110,shipping,5060 Monique Vista,Henryside,SC,22040,US
acb81094-612e-46c5-9a0b-bc7b9cca94f6,eeec87d4-0dbc-4667-a48b-839c377218a4,shipping,68260 Mark Views Suite 093,New Cheryltown,VA,67923,US
561b2d00-76d0-41e5-b9f4-599b28782e6f,d9c4c3d8-ba10-4f27-b81b-036ea4f817e8,shipping,1394 Gallagher Neck Apt. 541,Josephtown,MH,77724,US
e17dc290-1238-497a-8af0-870dd1997b77,03522e7b-80d6-4c2f-8b78-305548c086ef,shipping,55405 Ewing Landing Suite 289,Brianfort,AZ,53539,US
649a2ae2-309c-4d78-b331-c69d96fe48a9,03522e7b-80d6-4c2f-8b78-305548c086ef,billing,18935 Dennis View Apt. 436,West Jackview,DC,05745,US
45c4f8c8-38ee-4b57-a69e-0f5fabf1f5c0,ff20568f-e99d-40d1-a33d-43509ca699b1,shipping,799 Alvarez Burg Suite 772,West Benjamin,DE,41180,US
88d7653c-87fd-4e13-a6c7-190441f8b5b5,e7784225-743d-4743-8745-8f541f1b1d55,shipping,72985 Mcguire Common,Melissafurt,IN,85624,US
5ac0f7a1-cdfc-498f-80fd-85cfd7f7f622,b1224598-7e54-4388-b75a-1fbb777e2a04,shipping,5245 Cruz Islands Suite 101,West Ericmouth,WI,57334,US
0ef8c250-3d43-4992-a9f5-4ad0d55d0f88,12d8d733-529b-405f-bff1-eb93f0d5f11b,shipping,111 Jennifer Turnpike,North Sophia,FM,08895,US
412163f9-3812-46d6-9891-87abd2bb09ee,a1cc1ef7-73bd-4da5-9092-a699d607363b,shipping,3144 Amy Walks,Port Loriland,OH,55500,US
50b0357f-ab53-41c5-bbed-cc3c2aff1cc3,d9032d1d-967c-4bb2-9c10-16e8d0a11087,shipping,88909 Alicia Cape Suite 067,Port Benjamin,VT,84842,US
49cfe18a-4acd-42f9-a569-e613a051a9c0,f4d8982e-2451-46d6-9153-5db82ef1b188,shipping,16987 Crystal Plaza Apt. 680,Port Danielville,LA,62685,US
38283505-6278-4512-a87c-82aed67ff6e9,40c376ac-20b5-42fd-b925-636348ddf176,shipping,84738 Sarah Spur,South Shannonberg,NE,07264,US
fe802c9b-294a-4566-afda-c1f83b40fc95,f5db7efb-1cd7-4ffb-8660-6de7fc99efc1,shipping,8023 Morales Forge Apt. 656,East Daniel,VT,13587,US
904af94d-a873-48f2-9523-18d016546791,290f7070-e2ea-4dbd-974c-2d0240b6e61c,shipping,167 Rivera Row,New Brittany,ID,22097,US
588bcbef-8df6-4ba3-ab70-1e33caf54929,290f7070-e2ea-4dbd-974c-2d0240b6e61c,billing,6892 Lisa Shoal Apt. 599,New Lynnfurt,RI,79820,US
54efd90c-b49e-460f-95d6-d1f1d39b6351,3da25440-3cc3-4fe9-afb7-0cfc2a5d50fb,shipping,9024 Figueroa Plains Suite 412,New Kevinville,CO,98354,US
ff1e715d-1c8f-4d8c-854c-a902d703d090,bdd5b0c6-dbc7-4bd9-ae53-5392bcb12955,shipping,496 Michael Circle,New Larry,MH,48282,US
768767a7-e334-4112-8504-a0d2dd1a9ff7,556f8a61-960e-477f-9119-f6f6f8c6f875,shipping,1742 Rodriguez Circle,Christopherberg,VT,83305,US
b6ca59f8-ecd8-40f0-92e6-72dab40a9413,af4edf41-35f4-496e-b454-cd8f7357eaf2,shipping,3853 Cook Street,South Christine,PA,42251,US
531097c9-2b20-4e2e-8792-5f48a8b1badd,b6949e41-ee51-45f0-9a89-26fa54ea2551,shipping,60191 Tina Dam,Port Matthewside,DE,44485,US
ca42fa0c-6d6c-4268-8440-33f0865e928e,b6949e41-ee51-45f0-9a89-26fa54ea2551,billing,138 Bean Mountains,Carmenbury,MN,39820,US
c2fe2b7c-c16e-44d3-b1b3-ff82570c168d,bfa8cf08-3037-432d-8bbe-c339e47f99ac,shipping,6263 Ortiz Highway Apt. 240,New Robertberg,HI,50666,US
08658ec2-8c00-44b5-92d8-7da05da0ac94,2ff3bd32-9ceb-4877-86af-716ad1bd7f50,shipping,1705 Ford Road Apt. 440,Edwardville,WA,26881,US
02bd316c-7267-481c-906b-6acd81b9789e,2ff3bd32-9ceb-4877-86af-716ad1bd7f50,billing,82459 Hernandez Stravenue Suite 716,Morrisshire,NM,02931,US
0b98579e-ec9a-45bd-b8b8-47e9026d5108,3fc09cd4-1d0b-4da4-bc3a-bfe64fe545d9,shipping,369 Loretta Isle,Jacobsonfurt,SC,86496,US
fec87184-5180-4a53-8794-882504e52cae,4eba2080-969f-495a-b865-c4554a6ec722,shipping,1109 Lee Cliffs Suite 448,South Cherylbury,TX,46193,US
dc51e774-18c3-4f68-b9d4-039c802fd69d,59602f22-1b3b-4f66-a247-b8346666a879,shipping,455 Marissa Village Suite 548,New Davidhaven,VT,49905,US
db483f8d-1aaa-4f4d-a45f-aa383c646668,a90503ab-6f02-470f-8200-d5896c468979,shipping,4236 Daniel Lights Suite 023,Marshport,OH,93137,US
c926c371-9e2c-430f-99c7-3c1cf7b7977c,a90503ab-6f02-470f-8200-d5896c468979,billing,82636 Beth Knolls,Alisonville,PR,10907,US
b35600c5-f9d7-42ca-8df1-914ca361239b,83ef965e-d6de-4558-9559-693df45ebfa5,shipping,9687 Stephanie Flats,Port Patriciaborough,LA,72739,US
164debfe-ff31-4f99-9d3f-7f217d940f4b,cc860c87-3b8e-49f0-bf93-082282260546,shipping,206 Christine Landing,Taylorbury,PA,19093,US
0450717c-bf97-4fa9-8f17-6adf6f63df1f,a2c49f53-bd8a-455f-93ee-920f962c2ce4,shipping,340 Alicia Place Apt. 999,Lake Devon,NJ,78810,US
fdaef51b-945d-460f-a588-b0473069921c,547a3362-ed2a-4d5a-be39-a4c445ed55a8,shipping,3983 Cox Harbors,South Brian,TX,03046,US
667cb762-49eb-49f3-a627-68ae5b16f936,5e5fea8b-e899-4250-8a9c-36ecc4edbcbc,shipping,58731 Love Brooks,North Alexisbury,VI,87057,US
de90bc69-8edf-4c96-bce5-c253eb5e3b5a,5e5fea8b-e899-4250-8a9c-36ecc4edbcbc,billing,75966 Richard Inlet Apt. 080,North Jacqueline,TN,33248,US
c7dce76b-9ea3-4b67-b19b-5e722c22cb0f,48739a33-ee5d-4726-bce2-0fa9f3bd63b4,shipping,474 Smith Extensions,New Henry,MI,63465,US
3c89754c-e86b-4fce-8318-aa90bceb9b4c,c4b0f8b1-586b-40a6-8586-8c57ae2b5b2e,shipping,790 Barry Isle Apt. 490,South Cheyenne,PW,19437,US
61a75190-5149-4132-95c9-a5f6980b8ab1,cfd46ad6-a7c8-42a5-b666-2fd9ba22754f,shipping,9051 Rogers Mountains,Rachaelmouth,ND,75065,US
b5d536f0-14e2-4cba-a713-04e148d14e9b,cfd46ad6-a7c8-42a5-b666-2fd9ba22754f,billing,865 Aaron Shoal Apt. 324,Lake Christineberg,AZ,19431,US
85811b8f-273f-4fbc-9a66-91f6e1dfa9e2,d91d3aa0-d2e8-4864-a665-6990ba2dc6ad,shipping,872 Kyle Springs Suite 923,Montoyamouth,UT,11045,US
4a6fb2b5-15fc-4b8f-bda7-1c27b873e110,dcce52e3-4af1-4644-a92a-98a492eac080,shipping,656 Wendy Walk Suite 947,Cantrellland,MI,96890,US
3a84e493-0ba1-4964-8aba-7d0d40e9fd52,dcce52e3-4af1-4644-a92a-98a492eac080,billing,80852 Jeffery Burg Apt. 413,Jessicatown,OH,29019,US
fe2397a6-f7bf-490f-8167-a71fa1c8c477,6d42cb2c-7111-46ca-9c51-43b538acdd35,shipping,237 Ryan Parkway Suite 436,New Davidville,TX,97431,US
e625196e-c796-4bed-b8ea-14bf60c8a8b3,dae019eb-a549-4130-be11-09bdbd987fbc,shipping,13122 Christopher Gateway Apt. 876,West Whitneyland,CT,09942,US
e2d1ab2c-8383-4b61-b9a3-916cf8fee08f,bac8bf3f-20b9-400c-834e-a93bb5bc3aa7,shipping,66063 Smith Rapid Apt. 208,West Patrick,AL,75739,US
f6534c5b-19bf-4136-8c85-663e8f79e907,1829ef77-b01b-4f20-92a7-52b6d2dd5298,shipping,505 Davis Camp,Riveraville,VT,63292,US
2c795712-0c70-4d91-ac20-075e95abd5d8,4e8f1e33-296c-4e92-8aa1-d2af6b405e58,shipping,125 Farrell Camp Suite 685,Santosstad,VT,85005,US
bb57d46d-8190-4e59-a188-a9bbb9fcf4a6,ac7debe9-6bdd-4074-8f54-aeb02e33b812,shipping,1785 Smith Road Apt. 652,West Richardshire,CA,89910,US
894b484f-502e-4e93-a4c4-28a9d8929a21,ac7debe9-6bdd-4074-8f54-aeb02e33b812,billing,057 Judy Valleys,North Zacharyview,SC,00673,US
9100140a-b2b1-4be5-a4df-c1a63097a9d4,e9b112a9-2f30-4fd0-9802-ba5f1d58d965,shipping,720 Kenneth Squares Suite 025,South Markport,CO,04764,US
e3dc0f8f-e0af-414c-a18f-3cbdb9250aae,2d4fb6ec-ae1e-4fac-ac51-6f13d5f09698,shipping,018 Camacho Well,Brownburgh,NY,36159,US
0702a866-e68a-4fef-b707-09b441bba661,9f3c468e-5797-4e7a-80ce-a0ee6133a307,shipping,7432 Hanson Mission Apt. 197,West Allison,GU,08572,US
a55a98b3-7698-48d6-8716-4cb4ff3a817c,a23d2db3-8b75-456d-9cf5-d59249cbbd3f,shipping,038 Reyes Curve Suite 590,Emilyberg,OR,17460,US
a2b9855e-d409-454a-a211-458d7a112a6c,cc18c992-461c-489e-b6b5-ca15edbd60d0,shipping,34989 Watts Mount,Garymouth,AK,78521,US
1f3a5b1a-91e4-42dd-a67f-9e09bc43adaa,cc18c992-461c-489e-b6b5-ca15edbd60d0,billing,4406 Kyle Brooks,Shanemouth,MS,37740,US
0faa5589-3faf-436f-8bb2-493ee621fe27,f95af62e-cc8a-4bc3-ba98-6e6cc766356b,shipping,5703 Catherine Square Apt. 342,Danielhaven,PR,81731,US
5f569884-e346-4e99-a6d7-4bcdd657f8d8,6c3ca0b3-dd00-48bf-8d9f-f27de639c377,shipping,61291 Andrew Hill Apt. 319,Thomastown,NY,06497,US
6c85daa5-2de7-4421-9b8c-91c725c727e8,16f28c10-227f-4dd5-8d89-611011f4b85c,shipping,918 Patterson Points,Bensonborough,OR,02523,US
dc765268-ae9a-42d6-9a32-afd61c7ef808,6d3223d9-6af3-4c0b-be60-ada31f43c33c,shipping,5128 Adam Field,Derrickstad,WV,33134,US
46260dbc-f34d-4edd-a0ac-ab67dc81d138,1d203c4e-efa3-4f02-9320-25eed35f9c4c,shipping,433 Le Loaf Apt. 749,Port Deannaborough,MD,22591,US
a51bbf6a-dcf8-40f6-939f-d6ab9fcb739d,facd7495-2feb-4be3-8593-8570e09fa78e,shipping,2347 Kristen Roads,South Pamela,VA,97462,US
92151a57-2c10-4c4b-94b4-ed4c46f74c0c,625e17e2-593e-4800-a931-36c97cea01ba,shipping,59201 Heidi Hollow,Wendyton,VA,14215,US
fd0d06cc-5adb-4359-9d73-ab2ad648e274,625e17e2-593e-4800-a931-36c97cea01ba,billing,64900 Timothy Dam Suite 399,South Brendan,AL,85470,US
cf8c7674-fb2c-4197-a796-57dba48c52fb,71c2bab5-66e1-433d-89fc-1962aafc34be,shipping,7902 Stephen Meadows,Wendymouth,VT,38435,US
2e4e28fd-0626-4daf-9e4b-3dfb0ab7175c,f740733c-171f-45b0-9701-393f1244d684,shipping,771 Hicks Islands,North Teresatown,AL,80044,US
6fc200be-a4d3-4669-b17d-b99289f21caf,5d212c24-4727-4070-84da-4c612dc0a380,shipping,094 Elliott Knolls Apt. 939,Lake Virginia,NV,89944,US
bce0aac9-e259-4453-a773-8dde3c151bc4,8e18e9c3-6fe4-40d5-b7f8-5b35570eb188,shipping,4545 Joseph Rest,Lake Jeremiahberg,ID,40258,US
919c4670-01eb-4156-a5f5-b627c3be7ad4,8ec3b889-7941-4ec4-88d2-b18524b9f057,shipping,2943 David Drives Apt. 584,Lake Andrew,AL,89534,US
6a598fbe-ddc7-401f-8887-c4e0076f6631,2d589a5d-b02e-4155-b307-61aacef6140d,shipping,819 Johnson Fort,South Michele,OR,39816,US
75fae39c-1657-41bb-9769-bd4ce8a02eda,d76de52e-eb10-4b0b-b174-39f02f934f8f,shipping,209 Jackson Cove Suite 093,North Andrewbury,MA,32214,US
a0e0f195-99a5-4fc8-9d97-181ec67cd562,3b51a04c-ea63-4544-b49d-5a19beab41e4,shipping,2130 David Mountain Suite 713,East Michael,PW,15183,US
e57a24e8-0470-4d8a-ac36-d44ab2aa2738,3b51a04c-ea63-4544-b49d-5a19beab41e4,billing,206 Calderon Squares Apt. 703,New Shanechester,AK,09170,US
9cfd6a7b-fc70-4902-9417-c889389e5f42,07001b4b-27ae-4d16-8b22-ebcc3c3bca56,shipping,073 Kelly Shores,Amyland,SC,25628,US
2facd408-2d3f-4be4-9827-68d36b94d284,07f3dd7e-2236-422c-b767-e5c555ffde3c,shipping,09969 Gonzales Point Apt. 275,Francisside,VI,05202,US
863bc2f8-37c5-4631-b9e7-ff078f15ecf3,6a64867e-752e-4e87-afd7-e840d05c512e,shipping,1785 Nicholas Spring Apt. 144,Jennifermouth,ME,12166,US
7851867a-37a5-44cd-b277-40c060ce1c1e,29518574-7a31-4abf-a4bc-6a492cc04c38,shipping,26665 Jacob Way Apt. 098,Parkerport,CO,42011,US
f5259731-76fe-433a-91e0-33ce4fdd5689,0f31385f-2542-489b-91a8-58e2b41e0a08,shipping,22863 Allen Mountains,Washingtonfurt,OH,73663,US
dae2624b-062e-4fed-a259-9308004d4516,d35df71b-9f4d-492b-a83f-60c6496a95b9,shipping,903 Lori Inlet Suite 811,Mortonhaven,AL,47136,US
ef1d14c9-ada1-4bb6-a770-d200bbb688cc,73c47a15-fa3b-43e6-a33a-e6d9afb79013,shipping,76091 Sharp Lane Suite 197,Hannahfort,AR,63674,US
d412167a-17a5-4b14-a5ce-bf1fb4a7b480,61d336f1-8e9a-4a6f-b6c1-622dc48562f3,shipping,19520 Allen Port,Cohenhaven,ID,74605,US
f87a2462-a701-4202-bc85-a40011fed0d7,6a44398f-d0f0-4f68-8b6f-076f04714129,shipping,1706 Christopher Estates Apt. 119,Katiefort,VA,89581,US
29705c62-5cae-4a1b-ade1-a0df9a915ba2,d7e453eb-c2d1-4bc8-9dc5-1e64582467d9,shipping,984 Montoya Harbor,Charlesborough,MT,50876,US
357c11dd-c4f5-488d-9800-8db9fc768835,a889385c-6756-4f35-a684-f34c488e9733,shipping,3391 Matthew Fords Apt. 154,New Lisa,MH,51289,US
4b792a9c-bc66-45bb-aa85-1eeedec08b42,a889385c-6756-4f35-a684-f34c488e9733,billing,15876 Smith Pine,Christophertown,NV,17268,US
0fc33e24-f327-4c3d-8a07-310e06c09b3e,a4808aac-35ae-4345-8d5c-0ab0203b102c,shipping,9732 Mccann Fort Apt. 862,Lake Amystad,UT,23492,US
3b11af9d-f29e-4ce2-a449-3cba420edafe,814322df-19e2-4f15-849f-a268e72cd74a,shipping,11860 Ellis Ports,Hansonview,WA,80272,US
8f69bae1-2868-4260-b69c-498faa3b0617,8c412877-6ab1-4d6d-b214-11ba81bf7562,shipping,967 Montgomery Mountains,East Alexandermouth,MS,49960,US
a82edc38-5252-4e8c-8b7e-26fa731be57e,eb9f2bc2-4e9d-4afb-af2b-818da6f6c96e,shipping,243 James Islands Apt. 022,Heatherfurt,WI,31639,US
0daf4535-bca4-4591-bdc4-daaefca11096,720c568e-89e4-4fd6-879f-008523746214,shipping,8575 Kevin Lodge,Carolyntown,MD,48798,US
3cf58f11-9e60-4577-aebe-0973995bdab6,9cfc3075-bb2f-4285-8df0-2af50e405185,shipping,888 Fitzpatrick Mountains Apt. 904,South Rickeyport,NE,29494,US
0f5e000c-38c2-4af9-8e98-02df916248cf,c852b784-9680-4bea-b8f8-810dbb080458,shipping,5050 James Well,Cummingsshire,WA,20509,US
d46c3ab1-b5cf-4817-ac0a-9aceed6a2126,c852b784-9680-4bea-b8f8-810dbb080458,billing,086 Dominguez Street Suite 962,Annside,VI,86922,US
883d8616-c4c4-40ec-b0c8-e03dfe261834,de2f03f0-5b57-4b9f-b9c0-11fd731340ac,shipping,3384 Sarah Springs Suite 030,Port Margaret,NM,74184,US
3e716f9c-5c81-4896-ae84-202e4fb650ba,c58f307d-bb40-4540-8488-07402f91ef47,shipping,13630 White Junction Suite 206,South Nicole,MT,13296,US
187d075d-0072-42aa-84e0-a7669e645298,d30552c3-3a94-4ec4-9964-65c706177a17,shipping,527 Molly Path,Lisaville,AR,15238,US
760f73c3-76b2-4f5a-9105-253924f0cae8,68fa4dfb-7721-4767-8a82-4b2d71a2e1b5,shipping,02354 Veronica Parkway,Andrewburgh,CO,70973,US
d931f627-05b9-4b9b-9263-116687960ae9,68fa4dfb-7721-4767-8a82-4b2d71a2e1b5,billing,8070 Larry Camp Apt. 996,Burchchester,NV,44905,US
db89af2e-f787-4b56-8683-bf199de31599,8212b756-06a7-4fd7-b620-ab02c71cc9f9,shipping,871 Anita Estate,North Terrencehaven,VA,74126,US
cbbd8fa6-71cb-4728-acff-12559d5956e5,1d69de34-10cf-402e-9021-6e339d6cdce2,shipping,960 John Vista,South Michelleton,VT,81894,US
a8c2d06e-9f54-4ae3-b4ed-2426d6ed90a3,738db477-82e5-467f-b480-320ff503371c,shipping,732 Jessica Course,Williamview,NM,16468,US
a4849563-59e9-4a2d-aa71-bd5bbbf72a05,4f9c9f5f-e5bb-41af-98de-456bd7ac5fa9,shipping,41244 Dougherty Park,Harringtonmouth,NY,27257,US
653781ef-9a4c-405f-8408-4fb2928fe571,ef9adf19-53a7-49d3-92b3-9e4981979aab,shipping,73323 Hopkins Springs,Lake Melissa,PR,02040,US
a5583dbf-87ea-42d2-b957-bd16efd3b028,23480e4a-a99b-47e0-9b65-7099b44915cb,shipping,247 Edwards Harbor Suite 791,Stoneport,VI,04035,US
ac4440d1-41a2-4b51-bea2-7ad1ef4f6a51,23480e4a-a99b-47e0-9b65-7099b44915cb,billing,60906 Swanson Ridges Suite 567,Bartlettshire,MS,30384,US
e5ff9ae9-8761-4847-9591-c58fd29ad441,5f7a1c4c-2545-4614-8de0-25334abf5c2d,shipping,1620 Andrews Fields,Cohenchester,OK,48863,US
1d518ec3-f8c3-4dc7-a1cc-e57b9ffba9c7,0d9fafec-f90b-4caf-a6c2-302f9a0d83b7,shipping,8079 Marcus Circle Suite 284,Olsonshire,RI,79096,US
4de26644-fed6-4fc5-8c2b-2c0974e50615,6d216b54-b19b-4786-9850-bd648a77236d,shipping,440 Torres Meadow,Kellerburgh,OK,54346,US
6f3aabdc-eb17-466e-b4b2-d35f1af9b166,16ecd2df-b64a-4e08-8fb9-69b99128a749,shipping,1270 Yoder Glens,Franklinbury,ID,83724,US
9e74c3ad-7b21-4bda-b5d3-7c40cb05532c,4fc01bba-51a6-444c-befc-5c08d36520dc,shipping,39861 Gutierrez Gardens Suite 180,West Richardport,NH,06908,US
9b234b23-05a0-46df-bcb2-d737f51e42f0,82662056-7d24-4da0-b7af-efd3bee5c10a,shipping,60071 James Valley,South Lynnstad,IN,20173,US
8bc2c007-5c83-43d0-a952-dcc3490b6fd1,0b62467d-211d-4d87-ba29-447e8cba584b,shipping,17514 Fox Drive,Deborahchester,PW,19455,US
84719ab1-eda6-40ae-8118-a48f856a6798,0b62467d-211d-4d87-ba29-447e8cba584b,billing,26737 Barrett Rue,Englishport,OK,66852,US
c68d4afe-75c3-4dc1-ab45-7af505d1654b,fc6751ec-4575-4be4-983a-0b4ba692eb1c,shipping,8442 Dawson Pike Apt. 418,Garciaton,ND,73664,US
db3fb895-91e3-4b18-ae6c-44a5396c4243,fc6751ec-4575-4be4-983a-0b4ba692eb1c,billing,734 Matthew Ferry Suite 045,Nicolestad,ME,50945,US
87591482-2855-4489-ab1d-0daff01648a5,8f499855-56f0-4a85-9d5e-f43e5ebc3ded,shipping,1982 David Mews Suite 910,Kristinaton,FM,76818,US
fd09fe70-c8c7-447f-938f-431734d041ec,2db0143e-ca50-4e14-b11e-179bb6e16908,shipping,35825 Brooks Plains Apt. 764,Williamston,OR,38814,US
b4adfef9-bac7-4d9b-a38d-8b1ba641c97e,1068652d-5878-43ba-86d7-30105552e525,shipping,66833 Haley Inlet,New Anthony,UT,66776,US
6733cef8-06df-4ad4-801b-8135ed9decf2,7dae905f-5cce-4ed9-b409-3071913d8c6c,shipping,17138 David Causeway,Bryanport,CA,54534,US
478be4d6-8360-4853-8f2b-08101defbce9,b2c1677f-5774-45ac-8a2b-680729b863d9,shipping,96929 Holloway Bypass Apt. 970,East Amandaview,NJ,05457,US
ca0affe5-e63f-4c96-9ac2-fba6f72bbd08,73517d1a-339b-45cd-8b49-51a16a0199a4,shipping,70618 Amanda Divide,Port Catherinehaven,IL,42382,US
9aef06c0-05ed-4eb1-a695-ede16d114faf,6f35db7b-7c7b-4cac-a533-c0333276f51e,shipping,22590 Tamara Island Apt. 279,Charlesside,FM,56815,US
a85fbe48-af08-45e6-9149-270a55f6d74c,25a78521-1dce-4541-ade0-39335f5b0b61,shipping,4274 Jennifer Place Apt. 486,Wattstown,MI,40815,US
685e826c-fc8e-4f60-92f2-904b19785bff,986b92b9-0bcd-49d2-baf8-fafbe9378446,shipping,84158 Lisa Neck,Melissastad,NJ,39190,US
3e49fcc3-0c99-4024-9213-8389a9aa93f1,02edd9f6-48ed-4b8b-8e82-af45b8f6b5cf,shipping,636 Duncan Road,Vaughnburgh,MN,99362,US
9905dc01-0610-47ba-a71a-cc182ea34998,18c07aac-6c36-4da3-888b-80de81ab4ba2,shipping,5236 Tara Courts Suite 000,West Amanda,WV,74313,US
21d793a0-9acc-4018-9ee3-e7eb8920041c,19c877e5-d905-470a-b96a-8ea958174ac9,shipping,25688 Heidi Vista,Scottbury,RI,63673,US
6635e4e5-e480-4e92-b878-579e78e2bd77,2788c802-82a3-4e59-9189-5358e48272a7,shipping,5433 Ryan Junctions,Lake Suzannestad,NM,17907,US
9c556974-6180-490f-a292-f7f1c03b4c0a,01764ccc-458b-469a-bf45-dcf128f8ac96,shipping,553 Obrien Rest,Traciland,HI,44426,US
0880b414-a2a9-4e31-8983-d80dc7ebff49,01764ccc-458b-469a-bf45-dcf128f8ac96,billing,283 Perez Vista Suite 231,Millerfort,MT,90362,US
2c651bd6-f7c8-44c0-bd0a-2bc40ce07d3c,5dbc3212-655c-4fb8-b21f-5b105013d087,shipping,27062 Matthews Turnpike Apt. 291,New Michelle,AR,38799,US
65435324-15f7-42bb-8b2c-8f9201249f33,c751578a-e6e1-4d82-964d-ba842bfed3fd,shipping,172 Angela Dam Apt. 082,East Sherryberg,VI,10354,US
51d7d0eb-23e3-4eb3-9bd4-75fee30501da,a29980f6-2c7c-49b2-8761-ad3acbad6db9,shipping,573 Johnson Parkway Apt. 829,Walterston,HI,64651,US
c280e0c3-b078-4d75-a8f5-ba575704fa37,53c6ea14-a4f0-480c-a539-21877829de73,shipping,53325 Sharon Mill Apt. 545,New Darlene,PW,40562,US
59c35024-0d4b-4218-9062-234152655a1c,8eb05ebf-87fc-4e6a-8cb1-7d55eb07b515,shipping,52765 Jessica Forges Apt. 750,Barretthaven,OH,28276,US
95a79123-7ccc-4dfa-b8b4-d3a6037b324b,64c8bee9-2996-40a2-b613-53971846b734,shipping,1494 Virginia Knoll,East Josephbury,OK,68325,US
353f30e2-e406-4fc1-9808-f5346c7e0a8c,eb7af817-15e9-4de7-87d2-303185051b92,shipping,224 Klein Mount Apt. 625,Brownberg,NC,35584,US
9a0a4a6b-4f95-4273-8119-5d42957fe5d6,4afef05b-8720-4b0a-94d1-61d844479386,shipping,09126 Anthony Course,Malloryland,DE,15103,US
2e68af35-f2ca-4471-9ee7-d1246edcff86,9969663f-4c44-46c4-aae6-b4041353de08,shipping,678 Norton Plains Apt. 143,Adamsfort,AS,92849,US
b690585b-a668-4b40-9cd6-5cd21de411d3,b0f52dda-a1ca-4096-bbb2-454584b2e7ca,shipping,06348 Lisa Ramp,Shawnport,AK,27508,US
63914502-be07-4c6d-9e60-dee690c098c8,230bd1e7-d373-4028-ab5e-d39b2e379ced,shipping,1624 Michelle Brook,West Rebeccafort,MI,61956,US
995f5c3b-8945-4a13-a665-247805c8069e,d9d78ff9-2948-4c56-9b87-4cd2b84d615c,shipping,66574 Cook Burg Apt. 059,Davidberg,SD,68777,US
dbcbe430-aa28-4676-ae04-257d021cc132,704a5049-518b-4722-84a6-dc6c0dcc5497,shipping,74251 Ruiz Greens,West Sarah,MP,87405,US
f2a32f26-7ab4-45c2-bf2c-4f357e6ec6f0,a971a5c5-0caf-490e-8f66-6a2b49accbaf,shipping,63848 Hodges Tunnel,Lake Maryview,TX,65061,US
3aed700f-992d-4e23-bc28-2cc9081c9df5,a971a5c5-0caf-490e-8f66-6a2b49accbaf,billing,721 Jeffrey Alley Apt. 205,Mccarthyside,UT,40772,US
72668c55-1889-41d1-84e5-755de2e7abe3,2a84a3e3-158f-4310-adea-4ae19d207aa7,shipping,419 James Valley Apt. 335,Ryanville,OH,18583,US
e2b34ecc-ccf6-4de0-8421-1a3ff360332a,2a84a3e3-158f-4310-adea-4ae19d207aa7,billing,5460 Donald Wall,Port Gailport,SD,26555,US
efaa88be-cf41-4243-99ed-0309e2393d1d,1990442e-0446-4152-b9c2-f71426fa5537,shipping,98099 Gloria Flats,South Michelle,IL,06227,US
1e3bd851-28fe-4e82-8c48-58e2fffb67a7,893b2765-e45a-49cc-bddb-df299b11c3a8,shipping,8605 Morgan Drive Suite 035,Garrettstad,KY,35839,US
5028bd14-fbe0-44cf-8867-9ce05ebc80af,893b2765-e45a-49cc-bddb-df299b11c3a8,billing,1303 Diaz Circles,Ellisshire,KS,23501,US
7a5494d2-189b-449f-bb96-b1303fb33e94,f0377775-379c-4437-be3c-57ac79114655,shipping,37074 Martinez Ridges,Port Jenniferfort,MI,73674,US
44a5d55e-ea12-4e2d-8beb-217832a07ed9,f0377775-379c-4437-be3c-57ac79114655,billing,920 Hughes Rapid,Patrickfurt,KS,36937,US
3fd964af-e0dc-4013-9ad7-a78d5c898a7f,45d9aec5-f25b-477b-b375-7c93e3054045,shipping,84224 Gray Burgs Apt. 696,East Heatherborough,ID,75424,US
90f6c41a-825f-4fc7-bc09-1ffb7f824182,45d9aec5-f25b-477b-b375-7c93e3054045,billing,84186 Allen Track,Millertown,KY,82752,US
b6d3872b-b908-4e31-98d3-4e40277e725f,253fa662-a14a-4998-a6d9-268ba1a63413,shipping,71230 Natalie Forks,West Frank,NY,50074,US
812e45ed-a62d-4003-ad6c-f371f7e31b23,f0d99ce4-1389-44be-ac55-576a6db5a7ab,shipping,3158 Flores Loop,Martinezport,AL,37075,US
15a4fb2a-104c-4e7d-a04a-3d07b244f360,69d57b80-9787-49c4-9730-72201dd6e299,shipping,42465 Eric Turnpike,West Cynthiaview,MA,71730,US
dcf510dd-1ffc-4633-a901-0c1a63229161,69d57b80-9787-49c4-9730-72201dd6e299,billing,044 Brown Plain Apt. 462,New Jason,UT,73147,US
8165da05-ecfe-4b7a-b06f-024f6e2c1b7e,4b4deac3-ba13-409a-bf64-afa0fd94451d,shipping,261 Kimberly Circles Apt. 446,Calderonmouth,RI,15609,US
3b75e4b5-6768-4974-8ebe-66bdc5079e9c,4e684663-b36f-4289-9dd5-a6f6284d5bdf,shipping,559 Michael Summit Apt. 296,East Andrewmouth,KY,76676,US
1f8286eb-1cb1-49cd-9611-d5bfc201e249,2f60ba2e-95e0-4bda-b2f3-de006e43b466,shipping,3853 Melvin Islands,East Julieborough,AS,35295,US
7060c0e9-1965-49cd-88bd-75a5c9e95361,99151faa-4c21-45a2-8bf9-051ede8fed5e,shipping,962 Carter Inlet,West Robertburgh,IA,75201,US
1666f790-a8f0-45bd-9a76-7a6ef0ddc94c,988acc2d-ad96-4b5f-be59-21b498678b85,shipping,05983 Brown Dam,Port Emily,LA,80907,US
a79d98fb-2905-4a43-bbe4-abe8b2aceb0d,55459b53-b643-44e5-b8a4-df665e16cdeb,shipping,2796 Brian Port,South Debrashire,CT,52164,US
4b46b534-0bd3-4a01-8eea-a0061731de16,78944b64-1582-4d02-9933-ecc5e3b80fb5,shipping,35757 Tammy Garden,Dawnbury,VA,17299,US
47e81c3f-29d5-4565-bfe9-1fd534c13a96,ef798af9-8fab-4c21-b74d-143b8bc50a5a,shipping,224 Brian Locks Suite 072,Wallacetown,WY,26094,US
04762a25-6600-4107-9b76-54d49205257a,bf205c92-bdaa-41d8-b916-ea40d5660329,shipping,5245 Richard Trail,Matthewside,SD,10481,US
c7c6e750-4551-4828-951a-0f3cad0603c5,ac05ea05-6141-457e-8ff8-faab1ab797f1,shipping,69456 Keith Harbor,East Cynthiamouth,MO,20814,US
05c8dae2-7346-4657-87e3-7c7112cd3951,1b1f7b0f-cba0-48cf-9cb7-6ea716348127,shipping,4778 Donna Spurs Suite 566,Kaisermouth,CT,82387,US
e821d8e5-cc65-4405-91c9-c87467684b39,6c41d00d-a39a-4387-b534-c83cd86c4dc3,shipping,66723 Nelson Lakes,East Joshua,MI,48029,US
1c2db727-3c23-49ec-95aa-c7aa4d8953a3,e45a1962-e483-4710-9630-2bde1d015f3d,shipping,012 Lori Square Apt. 304,North Sarah,MI,72975,US
6d8e596f-11e7-46d7-b38a-e7ec4db13906,14918284-d09d-407a-b601-1eb0b8982730,shipping,422 Hartman Divide,Michaelland,CO,43252,US
2a541828-a8e6-4552-9280-256884f469e9,3eb7c6f9-c99e-44e7-9b95-ea3703150836,shipping,0630 Johnson Locks Apt. 660,Kirbymouth,NY,91569,US
3c6025f5-1078-4fe4-91d0-901c9cd65c8b,25c3ab09-0d99-4976-9d90-a81426e26f2f,shipping,6140 Jessica Mountain Apt. 934,North Elizabethport,DC,45260,US
fc825b79-0e9d-4fb4-9d32-dd3b149608f1,573b72c1-b1c3-46b8-bf7f-1de33426560e,shipping,986 Richard Squares Suite 427,Thomasfort,VI,71380,US
390c3cb5-9016-4b89-85dd-691dcb289176,573b72c1-b1c3-46b8-bf7f-1de33426560e,billing,41198 Ramirez Turnpike,Caitlynfurt,MH,55456,US
62a63dad-7f1a-4145-9b57-37b5c907a259,1bcfddcf-80e6-48bd-9cc4-2adfb9b7ccc5,shipping,404 Wendy Fork,Hendersonfort,NV,67600,US
d9edf971-8edb-4a3c-9d34-ed80a0594541,1bcfddcf-80e6-48bd-9cc4-2adfb9b7ccc5,billing,5919 Weaver Freeway Suite 522,Port Alexis,NH,41008,US
30665450-1ac4-4315-bc88-a568e9a82409,e1a096e8-d53d-48b8-9bc5-278b34e01727,shipping,7432 Reynolds Rapids Suite 466,Christopherhaven,PW,74718,US
5bc828e5-a602-4122-b48c-e62ec47053a0,e1a096e8-d53d-48b8-9bc5-278b34e01727,billing,3603 Salazar Center,Haleytown,MT,00760,US
bc326602-bafd-4442-9743-8575c6ad9928,9cb278ae-47b8-4d9c-919e-7cf91c33f95b,shipping,04522 Zimmerman Club Apt. 717,Russelltown,AK,54579,US
1ee1493c-5267-4cee-84ef-2feef05095f2,661887d9-23e0-4a9f-a02d-a27f2fa03e18,shipping,515 Freeman Locks,South Sharon,MS,38737,US
67c21319-70b9-47f1-9fb5-c4876d5887d3,8210e335-cc79-44cc-ae23-21baed7ee5a6,shipping,3486 Li Flat,Lake Anne,PW,08214,US
202149c4-9f34-482a-9e7c-316bff672754,8210e335-cc79-44cc-ae23-21baed7ee5a6,billing,7778 Savage Key,South Paigefurt,NH,31749,US
5c7acb76-a0a7-424b-b8f6-2f2cfd224011,b2de6087-c519-4fe5-a742-8fff2071803c,shipping,03546 Amanda Inlet,West Philipport,HI,76404,US
f9e067a9-0a75-4a21-87b8-aeea808f2080,2003e7d0-73e2-4e38-bbf0-5214cf451371,shipping,2622 Grimes Hollow Apt. 223,New Benjamin,WI,77152,US
ddf25e84-ace7-4a5e-9d36-792795d13d1f,e65bcfcb-d401-4ba2-900c-8efa0040248b,shipping,745 Donna Squares,Fisherchester,CT,06771,US
caec783a-e5d6-416c-abf4-544cb11742a1,e65bcfcb-d401-4ba2-900c-8efa0040248b,billing,804 Phillips Glens Apt. 135,Jessicahaven,MT,28768,US
0ef23f36-8a27-4c23-b95b-8ee51e0c9304,cc07e25f-2c68-457f-a91e-9328db70a93d,shipping,586 Carl Crest,Newtonberg,CA,80748,US
f3b036b2-1a53-4003-873e-fc522a9b0efb,eecf9e24-363c-4bed-b129-d28067b1748d,shipping,456 Jennifer Neck Suite 808,East Jill,DC,85346,US
7b003b45-37d0-4ff4-9005-86755284ab27,7395da52-1098-4b72-b7b9-704204a3552f,shipping,9403 Campos Square,Tracichester,CA,34573,US
0c27830a-bba6-4229-88b0-c1361b109c23,991b947d-b3a2-4006-84b8-8a99b82371f8,shipping,115 Ronald Inlet Apt. 338,New Joseph,AS,37631,US
af97238d-e45c-4728-9ad8-141abcbdb5b9,aa81e5e6-6c44-457d-9ee8-5b2f8dbe7764,shipping,324 Monroe Mountains Apt. 984,West Angela,AS,31482,US
d8b70a1e-fb51-4e13-95da-416e9099ad0d,aa81e5e6-6c44-457d-9ee8-5b2f8dbe7764,billing,34828 Mark Valley,West Matthewstad,DE,70796,US
f0692100-8165-4069-895b-ee7c4d030588,de108f00-33cc-48bf-9281-bebf3c1ddc0b,shipping,7847 Jamie Coves,West Jamesborough,PW,87306,US
32be2237-2586-4dd9-bacd-126becfe3d9e,769afc19-5735-43be-af66-bb166bda04ae,shipping,6260 Brooke Views,Jessicaville,VI,72572,US
7121eed0-0441-4a38-91e6-2ca5ef6479aa,bf7a6e1f-437b-4c23-9e4b-b0e681a02c67,shipping,99754 Bowers Hills Suite 852,Andrewland,CT,25435,US
b6b65566-ac51-44e5-ab61-3bf631977595,4babc3db-fe18-4952-ba0a-3c7f63f33c2e,shipping,5654 Melissa Lock,Melaniechester,GU,00741,US
5fa27446-e0dd-4410-ad06-f89975e3526e,b59f3774-feb3-4cd4-ab60-586981abbe93,shipping,15143 Crystal Road Apt. 562,Butlerside,IL,41078,US
c14ab65f-3a64-4d11-a3ff-bb38ed183d42,b59f3774-feb3-4cd4-ab60-586981abbe93,billing,505 Eric Summit,East Amanda,MD,57785,US
af795e55-ea17-4092-8f4f-9b653f24fa0f,96a56387-03f1-4a99-83b8-8ff295d997d0,shipping,9520 Anna Keys,Reynoldsport,UT,33947,US
46e10d14-cd10-430f-a59b-a36a7672fe8f,96a56387-03f1-4a99-83b8-8ff295d997d0,billing,875 Alicia Corners,Parkerfurt,UT,72138,US
0a85e107-8cf1-4132-9b8b-b405418a4f18,dace6589-3097-466b-ab3b-c69dc4e3c1b9,shipping,408 Garrett Fall,East Denise,MA,36167,US
323a4cc2-551c-4215-8428-d093e83baaf3,dace6589-3097-466b-ab3b-c69dc4e3c1b9,billing,8775 Hall Circle,Benjaminstad,VT,45448,US
3939ed43-54e2-4df5-81b4-a36dbc163156,7407e1af-c2bc-4604-bae1-9b75c315431b,shipping,640 Evans Fork,South Emilyborough,MP,59105,US
b477f17b-bb60-4e72-980a-9f158e8b3ae4,1ddbfe76-adb3-416a-a675-f761c3b46ded,shipping,19572 Wilson Manors,New Matthew,ME,18420,US
933fe8cf-98c4-4438-9cc3-e4febb936c5a,1ddbfe76-adb3-416a-a675-f761c3b46ded,billing,8490 Nicole Lights Apt. 425,Emilymouth,ME,92807,US
f9d73754-7567-4bd6-a5b1-ac02d1eacb78,b81567e5-5b2a-4d96-841d-9a1db3b04101,shipping,08383 Jennifer Spur Suite 970,Jennifermouth,NE,74649,US
0300371d-2f8c-4d67-8d1c-aba02684e2cc,5ea488c1-fe6b-45d0-a29e-ccf77907eb05,shipping,167 Steven Fields,Suzannetown,VA,77210,US
74df3dec-c7a5-4721-92c8-d963685163e5,5ea488c1-fe6b-45d0-a29e-ccf77907eb05,billing,623 Mcdonald Mount Apt. 530,Franciscoview,MP,58883,US
c196cc1f-f1f2-4640-992a-2037318608cb,1549c935-c46e-499b-a08a-3d4ca2ce6542,shipping,773 Zachary Way,East Nicholas,WA,06951,US
47b07066-4f45-4a2b-81e0-4525d426d513,9cded184-f030-43f0-bc67-1d3182b3db15,shipping,9449 Carpenter Row,Vasquezbury,WY,16875,US
ed94cb24-8125-4b3c-a140-6047effbfbf2,f77c5f4d-bdb2-49f7-8c7e-409e6bf2d656,shipping,567 Jennifer Bypass Apt. 630,East Jennyberg,VA,97918,US
0ec1244b-3bdb-4447-808a-ed3ea94fddf9,f77c5f4d-bdb2-49f7-8c7e-409e6bf2d656,billing,33464 Michael Mountains,South Mark,GU,79245,US
315dc07e-45e5-40e9-9a3d-7f01a92eff0a,75cedb41-4e01-4fd4-9bbd-09898628359d,shipping,56504 Martin Stravenue Apt. 578,West Tina,VI,57819,US
d87cbd92-64dd-44be-a4d9-dcc00017227e,eba3b2c1-e5e4-46ef-9e4e-2119564b5f9b,shipping,821 Compton Roads,Vargasshire,AK,92032,US
55fe3a46-26e4-4687-b363-c47a82317059,6b94e84f-e036-43d3-8956-05114fe40273,shipping,74956 Jones Fords,Davisview,DC,84107,US
32d717f5-db21-4854-9891-0cd9df914539,470e49c4-f40b-4b84-97bc-7dbe39f30167,shipping,244 Ashley Haven,Port Elizabethstad,OR,93516,US
e5d0c2a9-915c-4765-a2ba-9363e2aa755a,d3ab582e-6bbf-4d1f-85bb-148f4f61defd,shipping,663 Booth Canyon,New James,IL,91401,US
0eb7110a-e57e-4bae-8ad9-80495cb1dee0,7594de30-feb2-45f6-ae1e-77e02e4db67a,shipping,1906 Turner Forest Suite 942,Lake Lisa,AR,71447,US
12f4ca06-3f9a-4b00-b828-a0d380f7d595,69492f86-ac22-4e86-959d-1a074a72b5f0,shipping,9109 Burns Wall Suite 329,Sandersberg,ND,15933,US
4e0bec5f-40b1-496f-8ca3-ef64f8c18014,441d9f0d-8b5e-4296-a936-9d8e049c5ed6,shipping,9157 Bates Fords,Ashleyport,AR,18978,US
f59dd40d-7057-48f4-ae03-b8933eff292a,c9239794-26af-490e-ae3b-ecd5ec9b159c,shipping,28679 Rachel Summit Suite 193,Katietown,UT,97891,US
7fa12017-5109-4f41-9a7a-de5df5b8f97d,4dd60427-e0fe-460d-8a10-f3b84ac00439,shipping,99885 Amber Heights Apt. 616,Amandaport,RI,90802,US
74f18aa7-adc9-4b33-ac77-0985b9eff0e7,e28fcb81-7c46-47ac-b1ed-4b68c9f083e8,shipping,773 Sara Well Apt. 493,Dawnland,AS,49056,US
26b6adb8-d050-4ce8-ad66-80bee2359d76,e28fcb81-7c46-47ac-b1ed-4b68c9f083e8,billing,283 Scott Inlet Apt. 633,Lake Carriebury,PW,10452,US
8e1b0e79-c4c5-4ff1-82da-150e5451c85a,f4463597-5926-4837-a9ae-02758be83f0b,shipping,5147 Mccall Walk Apt. 803,Stefanieberg,AS,88778,US
decdca62-d58e-4a53-8031-354c04cfcf2d,5c30ee6d-8403-4492-9196-b33260a9b1b8,shipping,65926 Ross Terrace,Jessicamouth,AL,15096,US
70aa8707-5009-4d05-9688-70f05007dd0e,4c597c0e-ec72-4e6d-a1b1-f89f70314515,shipping,0648 Parker Ridge,Port Amy,NM,02519,US
088286c5-92dc-43d7-ab21-97daa154dcb8,0c4a9dea-c5de-47d1-8dd7-3fb20f1b7334,shipping,86255 Kelly Trace Apt. 448,West Paul,LA,84219,US
6f49ff58-6856-44cc-9887-5177913821f7,176d5117-533a-4de0-972b-37fb6593fddc,shipping,7382 Ashley Circle,New Ray,WV,49317,US
bbd1b253-2141-42b4-95f4-cef5228b08e0,41f0f71f-5f59-42fa-b6f7-1493ae10693a,shipping,68730 James Heights,Port Erica,MT,38803,US
98ce2120-1d17-4522-acc6-2464552f555f,7f6e1b9b-72b8-41a5-bd58-a217bdbcf70d,shipping,7364 Miller Ways,Mcknightview,PA,34718,US
a91d1455-ef35-403a-9e94-122898e3558e,7f6e1b9b-72b8-41a5-bd58-a217bdbcf70d,billing,86223 Jessica Plains,Connieview,PA,57883,US
6347f79d-636c-4b52-8cd3-da1ccf5b65c0,c18a27f9-8bcb-4822-99c1-7873b73c031b,shipping,4351 Stacey Creek,South Daniel,VI,22993,US
f2e2de2d-bde3-4c47-89e5-9e0d581df2bf,9e7fcb93-6299-41a9-b1bb-4f671bb0f48f,shipping,1636 Miller Flat Apt. 734,Foxfort,MS,75603,US
e8b16825-6b01-4406-a027-787a3da11c78,553ea1d8-2d5b-47a3-9199-290278eca9e2,shipping,22161 French Trafficway Suite 259,South Nancy,ID,48037,US
2dc66ae5-f405-46d3-a2c3-889bdfa51e65,44a20a59-2d68-47be-8efe-29c9be3e5cb0,shipping,9332 Sweeney Well,East Michaeltown,ID,54660,US
fb046e3a-0bd4-4745-9488-8889cf2d54d2,b55e60fb-b2cc-4a13-83b5-dc5d1bfe0c7c,shipping,83083 Crawford Skyway,Hudsontown,AZ,06901,US
e05867fb-3377-4c57-b46b-cc8101bed9df,5f7d8504-ff33-49d8-9228-284e5403c724,shipping,633 John Divide,North Michael,UT,32013,US
faf69de8-9699-48e6-a187-276631fb2c57,63f08056-2b75-4e5c-a5d7-bdce250a2b21,shipping,490 Ronald Port,Port Kristinburgh,WI,47952,US
ea325db8-4a82-4fba-9428-5241fa8de582,e2e961ba-22b6-48fc-8fa8-17b66913df21,shipping,99986 Joseph Walk,East Evanside,CT,57365,US
dcdeec33-6856-4f3d-9238-1b566545f3b6,31b59205-455b-422d-b798-af6f23fe59a9,shipping,6509 Aaron Dale Suite 896,Parkerberg,AS,55190,US
071a7062-8608-4e45-a0aa-5af63834b7b2,32c6ef7a-33d9-4987-a716-5ad11966005c,shipping,4040 Hill Fords,West Christophermouth,NV,86802,US
98608405-1c4b-49ba-bc5a-6a61a772da9a,a2eb35ca-bd67-4b47-af02-bbcc0c30bafe,shipping,111 Perez Turnpike,Lake Catherine,VI,76079,US
ee1da146-48d4-444a-8207-de83e0f37af0,49f2fb47-6c69-4772-9d3a-4e027ead7029,shipping,9824 Bell Islands Apt. 163,New Wendy,DC,70384,US
cbceae20-6d6b-4d61-8bd2-553554aedf01,5eb28304-0c84-4b41-9b47-e350ec35b3fc,shipping,25361 Troy Point Suite 885,West Terriview,AS,04487,US
70c3fd38-8d4a-408f-b0bc-3c6e7e518f03,6e3cf259-4fc6-489a-b9c3-bfd85545295a,shipping,316 Andrea Roads,Omarview,ID,86716,US
ed70f30e-b511-43fc-8664-6c8f373dfdfd,7580d148-798c-44dc-a080-b818fea8790f,shipping,334 Frances Corner,South Paulview,MT,03155,US
a851cfbd-de5a-4ad1-92c3-fdb1a6da9613,d5bd417f-54ba-4816-87dc-01817d2ffdcc,shipping,05412 Medina Groves,Lake Aaronhaven,IN,50136,US
61294b14-dcaf-4239-9f6c-451dc197ed2f,d5bd417f-54ba-4816-87dc-01817d2ffdcc,billing,807 Jones Wall Suite 352,Angelafurt,NE,44855,US
e13f805a-911e-4e9c-9792-c022e870708f,98c5a1ff-cf30-4d1d-bc47-7efd5e1f5f2e,shipping,64860 Lowe Vista,Stephenfurt,FL,46698,US
5d53409b-e5ad-41d4-b7bf-536c3528e363,f5eb8a34-ffde-4fc4-8ee0-cb90b2f9b874,shipping,934 Mary Rapids,East Michaelburgh,NY,40689,US
d22bf2fc-4360-4dcc-a3b6-c087f510ffe8,9ff731e1-8144-4366-8ae4-d5929c6295be,shipping,4733 Jones Light,Marymouth,MI,39498,US
07a9040c-a93a-4169-a104-c3d0b816b98b,1c50083e-614a-4600-93fd-f1436fbf65e9,shipping,5498 Castaneda Drive Suite 240,Tiffanybury,NM,54285,US
72dfd9bc-cff4-4d29-a968-65d2b0e673cd,1c50083e-614a-4600-93fd-f1436fbf65e9,billing,4292 Quinn Isle Suite 898,Lake Pam,NH,81497,US
0bc7a2d1-146b-415c-9f96-d8f7479d5e5e,1bd6aaf0-d4a5-4d32-8c74-fb61085906a1,shipping,7059 Danielle View,Schultzmouth,AL,52689,US
fe0b30b8-3b3c-498c-8779-ddf7b8ef6c71,1bd6aaf0-d4a5-4d32-8c74-fb61085906a1,billing,021 Jennifer Parks,Jacobside,MT,47803,US
fa25addd-841b-4001-8618-d6b751469df4,a78373b0-45d6-4005-9037-8fba6d19d561,shipping,888 Marcus Vista,Odonnellchester,VT,47893,US
a652d42b-2ab1-4256-ab62-9fb5f8399770,a78373b0-45d6-4005-9037-8fba6d19d561,billing,56595 Smith Spring Apt. 105,Kleinmouth,CT,14196,US
eb43052f-3682-48d9-9352-b97eb3f788bb,55ee7ecc-21a0-44fd-8790-97519a0fc6f8,shipping,75965 Lindsey Cape Suite 171,North Wendyton,WI,22288,US
11341089-751b-46bb-b869-2ca3dc9a4a57,55ee7ecc-21a0-44fd-8790-97519a0fc6f8,billing,3245 Walsh Club,Lake Bryanfurt,MD,75029,US
d9a4a4a6-a34a-495f-bfd0-c82c9d641d0f,6bfd9594-5dd6-46af-b9fe-39ec8f9c09a3,shipping,7039 Jessica Springs,Lake Scottmouth,AK,25477,US
e843a349-b4b5-4a14-992f-94f1c6318ac4,416076db-c0bf-421c-b3aa-f39c3de2167d,shipping,390 Ruiz Ridges,East Gregoryfurt,AK,30232,US
aa7813ce-d312-49d3-befe-c6474c051cf6,8fcaab29-0f58-4fd3-8d5c-d7feec47b858,shipping,50419 Martin Crossroad Apt. 262,Michaelport,NH,40174,US
8a89d11a-a35e-4973-bf79-94346cd23d8e,87a15868-2597-4e47-bb9d-2640c8c0c6e6,shipping,00729 Murray Street,Lake Jessica,MP,76714,US
b88d151e-ceac-4b46-bf71-d4aee9d24258,87a15868-2597-4e47-bb9d-2640c8c0c6e6,billing,74635 Brandon Glens Suite 669,East Jamie,CO,36798,US
2fa454e2-bea5-4ea3-b50e-c4666ab6f893,d7ed4a31-f747-4d10-91a5-bf785ffe3ffe,shipping,689 Wallace Ranch Suite 922,Bryanhaven,MT,17339,US
c6c22539-93aa-4bf0-92a8-a6de24ebc743,d33fcd63-5fe5-4cb6-9919-bfd628f8d0e6,shipping,790 Lee Plains,Christyhaven,VI,90877,US
923cdf4d-6510-42cf-9b07-999890bd1976,e8575284-7f0a-4135-9c5a-351064eeaaac,shipping,6398 Gonzalez Gateway Suite 727,Jameshaven,VT,88871,US
9cf98c8a-3386-4944-b743-2965fc6fcaea,5e74e816-caee-4078-8568-1e34910b8156,shipping,423 Alicia Square Suite 511,Zacharyland,AK,77398,US
d73c8159-83fc-49a0-8950-5a20612093dc,8382b0db-d699-436a-bdaf-8c1f2c612f5f,shipping,75853 Munoz Branch Suite 796,Tristantown,IA,52961,US
73da0f30-5e9e-4754-bf1e-b839cc39a156,6bf6f2cf-935e-4e30-88e3-51410e5ce2ad,shipping,145 Andrew Stravenue Apt. 934,West Anthonyview,VI,74306,US
1fca95dc-d6dc-4fb5-817c-f226dc042040,a27d89cb-87a0-4340-b4a2-f256c9942593,shipping,037 Amanda Ports Suite 830,West Angela,MP,95476,US
0f91f2bd-b3c5-4fbf-b7a9-589f73d9acf0,a27d89cb-87a0-4340-b4a2-f256c9942593,billing,46787 Taylor Cape Suite 018,Evanview,MA,21665,US
c6b2062b-f1e2-4fb5-8c75-8c79aecd2fb9,01a44365-f806-4d38-8e67-82d18d916e8b,shipping,4850 David Key,Elijahport,LA,55717,US
24b1e51c-bad1-4c6d-b328-89d813f33913,f60d875d-cb46-480a-ae1e-2c87312bbd3a,shipping,411 Silva Vista,Mejiaside,MD,07151,US
b0a998e0-8967-4882-88f0-6f9eeda9f966,f939079c-816f-4710-b1d9-0fba359995bb,shipping,683 Mary Route Apt. 288,Vazquezshire,NY,85418,US
c00fc920-486f-40eb-9efe-2aaa3d5c3c2f,dddde2ca-a6a5-4dc1-b2d0-70e5b10cf7c1,shipping,891 Melanie Pike Apt. 687,Lawrencebury,MI,26110,US
291ee843-acf3-4cb2-ba37-9f5a89a2fbec,4126ce9b-71ae-4f05-a4ee-adb71339614c,shipping,5413 Alexis Crest,Port Brian,NY,47986,US
5d420fab-9518-4e47-ae81-17db8cc550f8,a283b0f2-e6a0-4ba4-9e7e-7f6bfe09a7c1,shipping,0992 Murphy Walk Apt. 476,North Marvinfurt,PA,75167,US
7c4ed8b5-10e3-406b-a772-31bda6858200,18d95855-9850-4780-b0ba-365aaa03f0af,shipping,776 Jennifer Street Suite 541,New Kellyshire,DC,27856,US
cc03495b-2889-4a48-9418-6d24ba79b867,0c4cd6a6-5fc8-444a-9eda-eec0c0819b8f,shipping,9305 Nicole Plaza,South Juliaburgh,LA,06541,US
e4a1f1d3-e05a-4463-8dd1-c76eeb665977,f140d180-baff-4fae-9acb-324002f3909e,shipping,88730 Cannon Green Apt. 990,North Jasonborough,IN,68976,US
a9b96b71-709d-4307-b5da-b766f88bf4c2,1ab16f8e-c1b3-48aa-8e83-39ea6ef2ce90,shipping,307 Paul Isle,South Nathan,AS,84714,US
94522be8-80b7-4d4e-9075-611d4dfab883,1ab16f8e-c1b3-48aa-8e83-39ea6ef2ce90,billing,992 Stacey Spring Apt. 890,East Seanborough,WI,16527,US
5e572a44-337f-4ce0-ae0d-5cf1062ec848,7b12f51c-87cb-49c6-ac04-4534e869863a,shipping,64270 Weber Estate Suite 042,Lake Wesleyfort,ID,37738,US
30003c24-2a39-466b-ba4f-1b0f51473e58,7b12f51c-87cb-49c6-ac04-4534e869863a,billing,628 Steven Fords,New Hannahbury,NH,84190,US
f363ec04-c172-469a-a32c-223c786b15d2,ab83fdba-2a6a-4307-a916-d4c47e438412,shipping,87289 Jennifer Bypass,Michaelmouth,FM,95561,US
923cd41e-abbb-4a3c-93a6-b45883d58a3f,a6ed4e2e-cab9-458e-bd2a-d389284d852f,shipping,3071 Smith Fall Suite 689,Cassieview,MN,58999,US
8c99396f-a8ec-417c-a1f2-7e95df695c94,271c823c-0c42-47d4-9be9-54b168b4d527,shipping,0770 Turner Square Apt. 648,West Caseymouth,GA,97463,US
57670dbe-c8cd-43ce-a769-300330600e90,a2c07987-cece-4972-a42b-1a360d7eb228,shipping,453 Samantha Summit Suite 946,New Anthonyton,KY,67046,US
47cee721-d54d-413d-ba45-5e9570d73c7e,a2c07987-cece-4972-a42b-1a360d7eb228,billing,094 Jones Fort Apt. 519,Kimport,MD,87168,US
293372fd-966f-4a07-a206-91a63fddaa52,7f530149-bc3c-4569-92da-ecf79343c1d8,shipping,57185 Felicia Way Suite 683,Brownhaven,IA,96046,US
b380b093-46b7-488d-8d52-55a0ce59ca90,7f530149-bc3c-4569-92da-ecf79343c1d8,billing,0654 James Burgs Suite 119,East Ronaldville,PW,35265,US
c46f910c-94c9-46e0-b475-29cc4415e8b9,08c2445f-221b-4624-be0f-4a43bb55f9f2,shipping,279 Burns Trafficway,Kingport,MI,08658,US
ce551a37-2063-4b4f-a791-0d43faec769e,b3b3758d-13fe-4f1d-8380-6d328f8b4255,shipping,74523 Gordon Park Suite 083,South Kenneth,NH,42122,US
56f2b9cc-73bb-4e60-8aaa-e539378deae6,6a88c730-7e54-4430-8edc-e7be84d75e90,shipping,618 Meredith Forges,South Austin,WY,57964,US
fd270ec2-53e6-4e9a-a7c4-625d629417be,9a8f9a26-89fb-471a-98ee-8f2eb2e4022e,shipping,202 Ramirez Manor Apt. 720,New Margaret,PW,36912,US
f6cf6d82-72d9-45a3-bed3-a0857f2b0713,5816bd6b-b51a-4889-86c6-54f4afb64738,shipping,175 Alexandria Port Suite 335,Bakerfort,CA,50484,US
fe37c248-6e69-4f48-8380-2f89dab5b09c,aa74d6d5-f1a1-4dee-a649-86635b4b1a54,shipping,332 David Lakes,Port Amandafort,NY,44545,US
2178aa44-d2c0-4729-8242-a3b9562e845a,f3a148ed-df4a-439d-bcfb-22bf7503ba0f,shipping,55423 Houston Point,Turnertown,WI,57736,US
5dd69ffc-6fd3-42ce-9848-0f80eae0be3c,07506c3c-dae3-402e-945f-1c2a28658695,shipping,73816 Manuel Skyway,Brownview,NC,78310,US
2e6632c5-1e91-4a2a-9f79-8568ce665134,9a73be05-c562-4738-9177-480380192193,shipping,283 Eric Green Suite 758,Stokestown,CT,00546,US
4b889d00-bd8c-4c15-8256-ddb7ce23b0e9,ab0856df-cdd6-4f22-ac70-5f57f3bcbb04,shipping,1716 Aguilar Ports,Ericton,WA,57643,US
fdbf6928-c2ff-4d60-99b6-1f30642ed222,4c084aa3-e10a-4486-8aa8-7a42d512f2de,shipping,21911 Charles Burg,Lake Shawna,WV,90972,US
253a9156-8603-4ee4-8d5c-10df85d1414f,2a0000a2-c13d-40e9-ad95-c5b0bec9ddee,shipping,07421 Catherine Glens Suite 109,Larsonbury,DC,75097,US
fa5b244f-6cac-4b19-aef2-d380b2bea7ce,2a0000a2-c13d-40e9-ad95-c5b0bec9ddee,billing,96073 Mcdaniel Village,East Deniseport,NM,93974,US
3b628e08-d95c-4f97-b47f-5c2b2b86ec5c,ccfa651d-3768-4716-8bad-8d875291b8ba,shipping,3905 James Flats Suite 202,Paulstad,AS,43478,US
f4f72568-b4a2-4c40-af91-4956168093e1,0bc99a4c-b070-42d0-a4af-42cf40559ef5,shipping,6678 Cole Alley,Mcguireburgh,MS,81858,US
f3299000-7b28-420e-b9e5-88361113be37,0bc99a4c-b070-42d0-a4af-42cf40559ef5,billing,914 Williams Station,Dianachester,LA,64105,US
6447f085-214d-45f5-96b5-3233090428a1,faa38f92-57a5-4a64-aafe-637009a57004,shipping,155 Brooks Wells,Garciafort,DC,73177,US
01699be2-040b-4cee-8efb-d021a89cbba2,4c56a57d-7147-42e9-a28b-43352ab4b3bd,shipping,7243 Luis Light Apt. 767,Port Paul,PW,70025,US
44c9311a-5546-4478-bb72-c0f1b6916f59,26e1f8eb-db6e-40f4-9328-12b35abe6110,shipping,52652 Nicholas Hill,North Ericafurt,LA,28318,US
7b6da095-01f9-480b-be28-bf3cb8a41825,a5f73c3e-8bce-475a-9e83-c918606c3039,shipping,74590 Amber Groves Suite 216,Michelleborough,RI,42658,US
bf189f2f-7c92-4fa0-a322-b477cd9866a0,90e6be31-cbee-4014-81c7-b39b71584ee9,shipping,06783 Bonnie Camp,Sarahshire,MS,41509,US
52cea9f8-7dcb-4063-872e-7078ebd91049,2cf8ecd8-4c5d-4350-bac6-57e46f3827c8,shipping,442 Watkins Unions Suite 766,Marieburgh,VT,64988,US
60493e2c-e9e7-4ace-aece-69e13153b1ce,d14ec668-0c5e-42d5-930b-a49237084c69,shipping,4904 Henderson Stream,Perezland,NJ,28100,US
97ccaa72-d1f5-4d78-a91a-acebc7784567,02ae9d0a-606d-42ce-871a-5316c7ae92ac,shipping,7096 Stephanie Highway Apt. 870,Port Keithhaven,WY,55388,US
b503f5d8-34c8-4cd2-8a73-10d7205e9bcf,02ae9d0a-606d-42ce-871a-5316c7ae92ac,billing,7094 Cindy Circle,New Danielborough,NJ,45594,US
e4fa24d2-a2a0-456e-8c97-c24bf42a4f85,05648c40-fe46-4270-8dbb-b50cf5ea1e7e,shipping,88260 Jennifer Bridge Suite 467,Glassburgh,CA,61182,US
695c3421-4e3b-4553-855c-6af95ce86ab9,b4ce71c1-29b8-457b-aeca-9612c4ad073b,shipping,67045 Stephanie Hollow,Port Tommy,MI,51184,US
8ad291a5-43af-4fca-898c-aae4138e7533,877c23e3-f026-4bc9-a53a-b1d8bebc90ca,shipping,32746 Ashley Course,New Emily,CA,09977,US
ce5df53f-6055-437a-9897-4c93b2ae0747,877c23e3-f026-4bc9-a53a-b1d8bebc90ca,billing,141 Caleb Plaza Apt. 330,New Kevinfurt,TN,79957,US
0ceeb3d2-f1e9-4797-8f19-08efcaac5ed3,9155e32f-3cc2-4a5c-b8e0-cae8352aa8a6,shipping,2398 Jennifer Stream,Carrieburgh,VT,68831,US
d02f9c94-7948-41fd-aaae-4817aa04b8be,904679be-c572-4791-aa1d-145f74493229,shipping,151 Foster Mountain Suite 837,Port Michael,MT,66815,US
9860c341-d8c5-4ba4-a993-50a69163401c,95338967-0312-47a1-8fa6-cc6ddac79328,shipping,02490 Estes Field,West David,NM,04965,US
15d2cc0c-7dd3-428b-9cbe-c9d858f47213,3aa2824a-79d3-4c1b-be97-b4e627670f21,shipping,4932 Lewis Forges Apt. 729,Terrencemouth,NC,07131,US
dd643f7c-5242-4bb6-873d-777d6f086490,3aa2824a-79d3-4c1b-be97-b4e627670f21,billing,053 Amanda Branch,New Timothy,UT,64145,US
e1f917bb-8504-406f-9555-c1d733a70c0c,7dd1e55f-1545-4ad4-9674-0f3f4c2d810f,shipping,017 Morris Cove Suite 651,Danielfort,PR,13228,US
12656460-cde5-4a68-afff-2ce9c524afb5,29ebd02c-48ee-4cd9-b270-08cda0b7a538,shipping,6306 Nichols Inlet,Brookeburgh,GU,44463,US
a3f2437d-1cc9-4894-80bc-018bbc7fc2db,8071b8fd-3306-4021-b8b1-1affa9c31f49,shipping,06068 Madison Bypass,Port Kyleberg,NY,39446,US
8d49d588-36eb-44af-b9d4-e7dd781c51dc,8071b8fd-3306-4021-b8b1-1affa9c31f49,billing,553 Carpenter Route,West Paul,ND,69253,US
57a66cfc-f44d-445b-b603-d93631b270b9,d1b45b15-0634-4ebf-9904-a661ddf72b98,shipping,1834 Hunter Field,Martinezmouth,NH,63883,US
00244279-72b5-4899-a1ea-a2dd866e24a0,18288902-2a36-4ddf-998b-58bb02537de3,shipping,13458 Andersen Trail Apt. 256,Lake Patrickville,AZ,08342,US
9572f437-bace-4f5a-a1b4-3c79eef6bd7f,74ad42c5-c5a4-4423-87cc-49d7995f689c,shipping,8854 Michael Coves,North Brendachester,ME,02876,US
216497b6-5dc5-455f-9dde-1a1145f6a999,6ebb400c-ed10-4d87-8381-126005fb6050,shipping,273 Andrew Common Apt. 400,Alanhaven,LA,35826,US
266fefe5-3ef2-40f1-8e4a-24281b96ec4d,6ebb400c-ed10-4d87-8381-126005fb6050,billing,0176 Baxter Valleys Suite 202,New William,AK,42976,US
4948296d-db39-42e7-aff0-3c70457e31dd,4ffc10c6-ac8a-4b67-9820-a3a1dfc82147,shipping,3915 Isabella Village Suite 257,Kimshire,RI,86474,US
d2f750b6-d526-4f14-b1c5-f30221f83872,960fdbd6-b5ad-4d2a-8b7f-be4118319498,shipping,02547 Tyrone Street Apt. 146,Port Kevinport,WA,98729,US
2d074957-2b47-441f-808f-d2a233f6e9be,5b57dcac-21cc-4ff9-af67-5389a433b5ad,shipping,26557 Silva Courts,West Jennifer,CO,48253,US
83552057-d716-42c7-a2e6-0bd710ddaa4c,bfaa2144-c31c-42fa-8273-0bab77c5e043,shipping,08387 Fisher Islands Apt. 233,Port Harold,TX,77346,US
5943a1d7-a5dc-4f67-87b7-808974c7965a,9af13532-cc5a-4f90-9cc9-1ddd68010704,shipping,2338 Scott Lock,Byrdbury,HI,26233,US
1606ec78-82de-471c-9426-334bcf2b61f0,1f2e40fa-e0b6-4526-aff1-93778151e280,shipping,83548 Penny Locks Apt. 106,Walterfort,NH,06137,US
6f74c50c-082e-47a3-8f22-f8ace51e9836,28ba3640-45ed-481e-bc94-3ec333c3eb82,shipping,54501 Smith Flat Suite 260,Woodport,OH,07805,US
15ee85a3-f74b-4d11-b286-d5b57abb14cd,28ba3640-45ed-481e-bc94-3ec333c3eb82,billing,01369 Eric Villages Apt. 479,Wilsonbury,AK,98202,US
43f89f1a-3695-4009-8f42-f92a60daf08e,a1923254-d0a7-42bb-9e62-99896837bab6,shipping,442 Karen Islands Apt. 553,Juarezbury,MI,87484,US
7396136f-4ef3-4650-b231-abb0fdecc3d1,09f7d7a3-b65e-4e54-882c-14d37a2ea150,shipping,9407 Timothy Coves,New Rosebury,MN,76176,US
00f0fd31-413a-4cbb-bbf8-1d6435095884,9c4fcf2d-b0b9-4f6c-9032-c816562d28e1,shipping,43431 Espinoza Trail,South Gabrielhaven,AL,08994,US
042e026b-a2a7-46d1-9b57-c0d83eb54ebc,5af698cc-b178-4942-a595-19edffab1e26,shipping,7823 White Mills,Annshire,AS,67900,US
e478f765-ead1-4868-943a-f6f48d245698,754ee568-c0c0-4554-9757-32104c5d91ad,shipping,271 Wilson Circle,Loribury,VI,95331,US
78e3ce0e-d140-426d-a3b3-7ee0f63936d2,44e7df7e-9e88-4267-89fa-71b925f65dd7,shipping,8022 Bryant Path,Beckmouth,MH,83042,US
d04c333a-b2d6-43d4-a552-83c46f9869c4,69522d5c-e71b-4ed0-8f7a-73efc77074d4,shipping,31172 Shirley Shoals,Williamsshire,PA,00942,US
f004bde9-2bca-4920-b06f-89b967a8fa5e,69522d5c-e71b-4ed0-8f7a-73efc77074d4,billing,34414 Hawkins Pass Suite 917,Karenborough,RI,91201,US
73f938d1-3fcd-4272-ad2d-3f1d088be485,b5523249-9c6f-4cff-9e7c-e00e2f71ee8c,shipping,05380 Thomas Falls,Lake Isaacville,WA,04999,US
6e3cd04c-bdac-4841-9cd0-e401e3f507e2,312f341e-b86f-4788-975f-355b328ee768,shipping,9170 Wu Falls Apt. 801,Lake Michael,MN,51086,US
00a4eac6-8a45-42e9-ad20-c98585ac24e1,e7cf2eab-c453-4f5b-b2d4-98f15f0430c6,shipping,276 Wang Turnpike Apt. 333,Carriemouth,LA,08871,US
3ad8e316-43f5-407e-8297-af0f0de86d8d,9b072540-86f1-4997-8e38-a1ff5644eaee,shipping,15375 Dickson Dam,Port Davidton,DE,97809,US
3ae95696-2eef-4fdb-861d-f0ddd1db51cf,9c88d1f6-2ab2-43bb-862d-1ff806aa2ede,shipping,26905 Baker Tunnel Apt. 818,Jenningsport,NH,37172,US
5f151e44-d700-4fa5-bdfa-7decd2315c7a,b11124e4-7da8-4de3-8a74-9761f5f87019,shipping,43235 Lopez Manors Suite 061,Port Kellymouth,MH,82847,US
51eb359f-4590-498f-b353-07d038e776f4,15c7f73e-042a-461a-8d78-30912cabfe61,shipping,31563 Hayley Track,East Jeffrey,PR,44443,US
94c189c3-4c5d-487a-b629-cbd4ed882edd,39168421-0319-4db7-9a91-3e411ac3eb70,shipping,086 Logan Hills,Port Corymouth,TN,62602,US
f5924537-8fe5-43d6-bdbd-da51bd730760,ba5d5ed4-f96a-4789-adab-a672a9b5d59d,shipping,1149 Sanchez Harbor,Coopermouth,IL,23610,US
777f1ae7-5adc-4d56-ac61-1a95879016a4,ba5d5ed4-f96a-4789-adab-a672a9b5d59d,billing,15977 Sanchez Well,West Brandonmouth,NE,65300,US
07b0d485-4ced-455e-bc13-d74a7308d4be,51a8f7cc-92f2-43a4-b219-8051aabf602e,shipping,259 Cox Junctions,Ortegaburgh,MH,09372,US
4ddd3fd4-7c11-4892-b1cb-becf049322ef,dc94bcbb-3bb4-476e-ba98-30c483ee2068,shipping,6249 Nicole Valleys,Benjaminland,NH,47448,US
0e152893-269f-403a-bc46-f0470c8ca171,c1f3e7ed-a281-428f-ab33-e2b5e9728483,shipping,85043 Donald Lock Suite 471,Lake Justinmouth,GU,62614,US
664b36e9-bf30-43c7-a617-8cd289504c9c,981a0306-bf9e-422a-ab14-f60bcd08f8b1,shipping,12465 Misty Burg Apt. 935,Krystalburgh,ME,61692,US
fa890994-2c24-4153-8eda-5ad3ed4d4988,d78c6aa1-1125-4dc9-8661-0593ac6bb4d2,shipping,41014 Jonathan Mews Suite 315,Meganton,DC,25579,US
7a9c4df1-6cd0-4699-86b5-3b7c732a3f1a,775b0a8f-9461-4768-8e62-27af0580244a,shipping,913 Eric Burg,Kingside,SC,28913,US
48f062a3-95c0-4d17-abf6-60d9b98d34dd,403de088-4b8b-489d-9419-76b0506629cd,shipping,74528 Gerald Overpass Suite 381,South Kennethberg,MI,65510,US
e787ed54-ac27-4f1a-8918-26ec4199fb57,d50e718c-2ac8-449e-bc2c-42a8d641979e,shipping,98516 Natalie Keys Suite 414,Lake Courtneybury,VI,23456,US
eeb3d208-3ad3-4f9f-a57b-fe99442c12ac,b5b41ab4-a4c9-4d63-afa0-e5cf7f02c434,shipping,67730 Brandon Walk Apt. 355,East Jeremyton,HI,15011,US
695af874-5087-41ab-aae8-4bcfaafa5bd2,55b69b0e-83c4-4e42-bc75-dfbf4f042349,shipping,0625 Alexander Oval Apt. 657,Carolineborough,ND,03271,US
d91372fe-a2e8-4c62-9cb2-b0e8c8bddbc5,55b69b0e-83c4-4e42-bc75-dfbf4f042349,billing,3678 Holder Falls,North Shaneberg,OH,69368,US
849cce09-2ece-454b-b8cf-9910515b60fb,0a04f8a8-60e3-4564-a023-0f522a91748d,shipping,418 Cobb Junctions Suite 890,Port Steven,SC,08993,US
429152c8-6291-4009-b878-2057a739aad7,0a04f8a8-60e3-4564-a023-0f522a91748d,billing,2465 Bryant Road,North Jenniferhaven,PA,94226,US
cb919108-02ee-48e4-9ba2-80e2d630782e,3ed7d4f0-0fa2-41df-8f68-c5765224ffe2,shipping,534 Shannon Garden Suite 377,Dennistown,VA,90743,US
92f1ab61-0d81-4a94-b3ed-f176db10ba45,bfd506d4-679e-4e80-9e3e-c22ba1b76663,shipping,291 Herrera Estates Suite 232,North Tonyfort,SD,19181,US
b5e1e929-a7b6-4aed-9c9c-c34b2cdfb026,36f748e4-5537-412d-9532-d939e512a196,shipping,38237 Blackwell Junctions Apt. 537,Brettport,MP,78275,US
172a29ea-f5ae-4510-a3a0-b589057f3023,452c7581-2b69-4baa-86cc-5786a914897c,shipping,6742 Wendy Summit Apt. 783,South Johnfurt,WI,39890,US
ae124773-125f-4e18-a5bf-1732bb872525,f2888191-6e4a-4552-8be8-63df78634945,shipping,986 Johnson Greens,Joshuafurt,VT,37179,US
081403ea-d5f8-48c2-a2d8-ca32d4ac6c63,17328f52-3ece-4462-9a0f-80aff58a4978,shipping,977 Miller Mountain,Morenotown,OK,23994,US
4df1338b-eded-4b4f-80cc-8245138e67e8,040dd42b-b2d2-4bd6-ae1c-02889e32d57c,shipping,22227 Ronald Mills Apt. 182,Lake Patricia,DE,44354,US
0e35ff2d-43a5-47fa-84c6-7d105817e24c,040dd42b-b2d2-4bd6-ae1c-02889e32d57c,billing,17008 Clayton Key,Port Julieton,VI,98866,US
6494d957-f8b2-4a8c-92e5-74221c12bc37,1ac54c29-3320-45f8-b871-72c8b4cee6d5,shipping,205 Evans Drives Apt. 775,South Jonathanbury,LA,32442,US
b6830cbc-aeaa-4ca9-bee0-fd3ec6b5b2bd,92f65c85-de2c-408b-a541-9c90015157c3,shipping,8867 Tabitha Route,Barkerland,IA,51191,US
12f31afe-e3c0-412d-be9a-1ff4d9cd0ae0,708db451-d669-4944-b91f-38d119f48434,shipping,0080 Gibson Ville Suite 850,Danielville,MN,55451,US
7132fdbe-1f46-44a1-b4b0-1a55266455af,bd56da0f-9c78-426b-91ce-a307e451849d,shipping,737 Joseph Flats,North Barbara,WA,92087,US
d9a515f9-c443-45dd-b14a-af21e5cceab7,bd56da0f-9c78-426b-91ce-a307e451849d,billing,251 Lowery Pines Apt. 401,South Heather,FM,42727,US
c35c6469-5aa3-48d7-9f3e-38832c293c15,08e25e93-3430-4677-848c-3b34e55a4ea7,shipping,225 Williamson Garden,Cruzchester,VT,05716,US
b4aeb1d7-9306-4ab2-87f1-7bcdd61c2ed9,14d18d1b-eb98-4c56-a91f-e148aefce9c5,shipping,370 Dalton Ford Suite 316,South Yeseniaborough,OK,35792,US
59826b63-a334-4b29-9d42-d3c82cbbc6d3,be751358-4ab2-428a-9e98-397d93dea9d0,shipping,46389 Craig Mountains Suite 076,Carterstad,VT,07380,US
23d5e409-1716-4c7c-88f4-401a08dd426d,be751358-4ab2-428a-9e98-397d93dea9d0,billing,19115 Robin Station Apt. 313,Markborough,NH,03741,US
73713ccd-86dc-43d1-8831-51f6481d970c,5b61725c-b76a-4987-8775-f9d661562728,shipping,18067 Moore Skyway,East Judithfurt,RI,27219,US
ca1c3f48-63b6-4a15-b2dd-981f7cbbaec6,5b61725c-b76a-4987-8775-f9d661562728,billing,194 Stout Streets Suite 091,East Catherinemouth,MO,30162,US
4efad2dc-1832-4479-a5c3-4b8b17992601,a43e0ef7-a0e5-4115-86ff-d6124bcb6840,shipping,400 Elizabeth Loop Suite 091,Thomaston,IN,08508,US
ec068025-004d-452e-9795-2c3921bb1d85,346b403c-b63c-4257-a1f4-ec4a40cb6a71,shipping,9627 Booker Neck,North Daniel,MS,15213,US
3a1731fb-7df0-4b05-8411-9e76d7852a2c,76065330-77a2-473b-ba8b-fd1fc806fa73,shipping,2111 Key Alley Apt. 818,West Russell,PR,90305,US
9fe600dc-3cc0-42d8-b6db-5dadf79be997,602eda5e-38d7-4289-8e18-4d7896b9ca3c,shipping,620 James Court Apt. 627,Petersonborough,NH,67437,US
37927b0a-d2a8-4e8c-961a-449b429dbeed,fbdc453d-a851-4699-9a60-4ba716950d6c,shipping,4874 Brett Trail Suite 792,Lake Debra,VI,66483,US
f29f3e4c-2d30-43d3-a20a-7fc540f50a57,5cc0972b-31c1-4ef6-bb05-0569ad930819,shipping,4779 Miller Village,Washingtonbury,NM,47626,US
73828639-38bc-4234-9fb2-29b46a812d30,ec1ea654-17ec-4b0d-9cf3-306c42a50f67,shipping,19778 Gibson Mountains,Port Margaret,FM,78508,US
bce621e7-45a2-4ea1-8bf9-234f81acc4e5,c292d19e-497f-4c6e-8516-e4b18c8ac40a,shipping,43602 Jeremy Isle,New Alexandriaport,NM,11046,US
535f67cb-cb1e-401e-b8fb-52253cd5cd67,f2e32c19-c7d6-418b-b8ff-c78a6b4ff4d5,shipping,5910 Alejandro Viaduct Suite 936,West Brandon,IL,08369,US
aaa6af20-38f8-4c96-9728-d0f6f08ac0d0,e75df6b0-c869-4ee2-8a4a-adc650d7bf2e,shipping,673 Cox Village,East Brookemouth,HI,92284,US
0d0663be-9b8a-49bb-b834-88a307f11831,d364da07-1f4d-4cc3-83da-58a02dc3f43a,shipping,10026 Mendoza Summit,New Dana,UT,23781,US
8bf34ee4-6ebd-4438-8eb8-a0e7fbe98211,9b17f586-5b92-44ef-a46d-e566e4aa194a,shipping,858 Lopez Ferry,Rodriguezbury,ID,58129,US
43e572c2-e797-4762-8926-dbe396ba7b01,a4617513-71d8-406a-b17d-5e725e1af63b,shipping,295 Earl River,East Kevin,ND,86515,US
779cfa82-ea97-4687-a9e9-2b7c980db7c1,332c3ff4-e151-4ad5-a1b6-b448696d9007,shipping,793 Bradley Trail,Harristown,CO,21260,US
0d67e509-85d9-4ab9-a3e6-3c43eb893be3,ce29cd5c-acda-4770-b8ba-ef63d4d49589,shipping,85529 Alexander Roads Suite 529,Lesliehaven,DE,01199,US
f110735e-34df-421d-be20-7bee20c63aea,1afd1752-478e-40c2-a4b2-331131e8b8d7,shipping,42995 Renee Isle Suite 409,East Bethport,GU,54584,US
f65b7fa7-4ab0-41a5-af7a-2b3b9160a84a,8d710eef-40f3-444f-a251-23cecc7e71ad,shipping,23453 Christine Green,Amyside,MD,85444,US
abab2b3f-153b-42d3-aeb7-7237efec8a4d,ef8d7ba8-816f-4746-86f9-d909cfc90d9b,shipping,48316 Chris Isle,West Edgarport,KY,01569,US
34b33f0d-002a-436d-a8ad-6749dab6e28c,5cb12658-7729-4a4f-b0a0-9bbca88f6620,shipping,4793 Justin Street,Wigginsshire,TN,61266,US
43762f27-47ff-45e3-976b-9f27f18160a3,06c0a93f-d0a3-46d1-ba90-a47e8d41aae3,shipping,6031 Andrea Throughway,Carolynview,TX,23550,US
0e943624-4cbb-4845-a969-bfb6e34e880e,06c0a93f-d0a3-46d1-ba90-a47e8d41aae3,billing,1324 Sandra Via,New Spencer,AZ,40488,US
8aeb88bd-1854-41f4-873a-20c8c19474f8,06f8df22-b92a-422d-bda7-02c3da94dc9b,shipping,7308 Harris Mountain Suite 415,North Monicaport,PR,61518,US
fd1be69e-1f7b-4fe4-a6f7-e52b067649f2,06f8df22-b92a-422d-bda7-02c3da94dc9b,billing,5071 Patrick Summit,New Joshua,RI,77518,US
ab066830-fcc4-4e4d-b95b-33f456b09423,e5039d76-e00d-4e0d-9182-d3c34b0ca212,shipping,973 Reyes Course Suite 910,West David,OH,24424,US
c597df35-550b-43ad-b7f7-ce65d2e1f0cc,fcb958ca-266c-48a7-a58d-0000af8fddd4,shipping,74073 Phillip Flats,Casefort,KY,87227,US
f86249f8-3550-40ee-ac00-28680df91186,fcb958ca-266c-48a7-a58d-0000af8fddd4,billing,6711 Julie Walks Apt. 076,Martinshire,NJ,97580,US
48bcbc77-2453-4d3a-8e60-c834a931c935,7f4523a8-8ba9-4a7d-b39e-cfb09727c699,shipping,7941 Nielsen Stream Suite 256,Riverafort,ND,71928,US
7c640121-acf9-49ab-bc65-dfbfd835cd6b,9433386e-e8dc-4b0e-b4cd-2323d95f8704,shipping,21849 Tiffany Lodge,Evanfurt,FM,53931,US
c355fb9f-b0bf-4a90-a7ba-e2a219265aa5,61a8f0ea-c7d8-4de5-82f2-1476824a375f,shipping,03357 Matthew Path Suite 198,Lake Timothyborough,VI,19677,US
38ee5197-ff58-4347-90d7-df32d4540340,cb80c1c5-bbeb-4e3e-a857-20d321b6299d,shipping,5961 Nichols Cliffs Apt. 926,Lake Joshualand,TX,34213,US
9e68ede8-ee4b-4b22-b616-d1dc9a269e18,cb80c1c5-bbeb-4e3e-a857-20d321b6299d,billing,3794 Michelle Plains,Williammouth,HI,61575,US
4dec24f3-5b87-490b-96d6-74198d10e713,c45a7740-6c42-4a8e-8abd-2d2fda1ee6c5,shipping,79088 David Road,Ruthview,AZ,41668,US
57c66f08-e56b-4f2c-9d5b-2a194cae9628,c45a7740-6c42-4a8e-8abd-2d2fda1ee6c5,billing,7459 Denise Alley,Vickieland,OK,16961,US
7ce2e3b5-03e6-4eaf-bdb4-d09c1146574c,2cf28fa7-2b26-4ec1-8170-ba159bb02583,shipping,4038 Johnson Pine,Christinamouth,VI,71798,US
44eb5407-d6e7-42b7-9a06-90f7d1b62557,2cf28fa7-2b26-4ec1-8170-ba159bb02583,billing,554 Briggs Estate,Millerton,NC,81085,US
7933d8ff-0a5b-4f90-9415-4a2aafbfc2d7,1139ae08-2667-4fa0-93ae-422ffe4d4e7a,shipping,8772 Hull Mountain,East Jamesshire,AS,54525,US
5b594f2a-4e79-4b16-9f83-183f88da5c3f,fe0256bc-e5d5-478f-a46a-cb2158437cf8,shipping,6320 Kara Manors Suite 756,Amandafurt,GU,40735,US
07f19f23-a88c-46f7-90b2-99f5caac184e,aff081e8-0a00-43a6-9b93-6d99fe89b7ff,shipping,898 Massey Parks,Leemouth,FL,04344,US
9c1c7159-75df-49cb-955d-af51f63f6beb,55bcc250-34c4-4c72-8d68-0cd6bb394b2a,shipping,95597 Martin Glen,North Johnhaven,MO,42341,US
6f771a27-414c-4356-a1da-32f3dd433168,55bcc250-34c4-4c72-8d68-0cd6bb394b2a,billing,287 Ortega Isle,Briggsland,MT,37675,US
e28b738e-cd4a-4e9b-bcee-2da2e41a09bd,4c332c6e-1ffb-4a82-bdff-2bb5c0575940,shipping,95909 Melissa Way Apt. 452,Marybury,ME,44312,US
bf0eb5b0-a524-424a-9914-2432784067cf,4c332c6e-1ffb-4a82-bdff-2bb5c0575940,billing,315 Jennifer Greens,North Amber,UT,19596,US
063a964c-ad35-4050-bde0-aaa274ea68dd,d1c379bb-8001-4f1b-9feb-103d31fe66c4,shipping,02726 Vaughn Roads,Webbmouth,PA,05099,US
61043849-a32c-407f-9de4-2f42c8882003,48e5caff-3a05-4a5c-bcbf-bcacddc6721a,shipping,42813 Johnson Via,West Jacqueline,NJ,43576,US
e358b68f-d860-44ef-9fcb-7fe5666173a6,9703237a-b5b5-4b45-9b72-59e63a2528ce,shipping,74536 Craig Light,Jonathanhaven,MT,84970,US
1cc0015b-3ab0-405d-833b-82eab5165a50,b28c5f8a-cdfb-4467-ac84-8ffd2eb41d82,shipping,9884 Wiggins Ferry,West Philipchester,WI,62920,US
495e36f0-b1a1-4cf9-ae92-f4fd75aff5ae,5fcb45a8-1a8e-48eb-bfb9-dc4dab9337b4,shipping,77515 Parker Island Suite 255,Knappville,UT,59922,US
3db853c3-f045-41c2-a9c1-5bf881a6caa4,d6a896c0-4743-40b3-81d7-6e76db4eb9e6,shipping,35836 Daniel Common Suite 065,New Dannyshire,MA,93932,US
8abe167f-527a-4467-99a2-d3c94ecc09d8,59e07d75-8066-4827-ba2c-805606d4a381,shipping,372 Tyrone Loop Apt. 367,Garrisonland,UT,47313,US
edc8e65d-4614-4daa-a5ca-b84a07dcdee5,b931b17f-7dbb-4d7c-bc04-5c7936097086,shipping,64487 Snyder Station Suite 763,West Brendaburgh,GA,69095,US
4d5ec129-4a38-420a-ba3a-2deefd398f29,f4440928-62ca-4614-b397-393e590fd49a,shipping,48037 Cassidy Cove Apt. 273,North Douglas,NJ,24355,US
e1d0959d-382d-40dc-a3de-180847be8c09,f4440928-62ca-4614-b397-393e590fd49a,billing,0492 Jeffrey Wells,Port Heathermouth,ID,46481,US
aa80edd3-d2dc-40ac-a277-e9ce00113baf,ffd0c609-4bbe-46b3-92ae-61f7903af24f,shipping,7475 Garcia Land Suite 301,Judithview,PA,96949,US
d275913d-4ac9-4b7a-8e29-9d505fd928c0,7f3820bc-2efd-4461-b21d-15ad66abf442,shipping,4801 Charles Gardens Suite 411,Jordanstad,IN,56886,US
baa6f8f2-6f86-4265-8fc4-79502d7c1c5c,78bf45c6-156f-44e6-b565-b289a632f862,shipping,090 Cooper Mountain,South Erica,SC,04532,US
620e7c53-5c5a-4657-9d77-c145ab199c88,78bf45c6-156f-44e6-b565-b289a632f862,billing,955 Smith Light,Cindyhaven,MH,30976,US
161d472c-07a0-4bc8-ad2f-2ed85dfae0d8,895703ad-3a14-4792-8923-69217bd5afe0,shipping,0400 James Forge,Reyestown,ID,67043,US
e59f8220-38e2-40d7-895a-067fd3fe0f36,70180b55-4321-4259-90fa-2607aaf252da,shipping,683 Gary Mountains Apt. 904,East Crystalberg,GA,92254,US
1a827096-3f59-446f-b010-2a83c4493245,093358ea-401a-4f56-87f4-c883601b6658,shipping,919 Rodriguez Estate,South Mackenzieland,ID,34926,US
75b93343-e068-4089-9a7f-5079fdf4469d,402a271a-1b57-4606-9969-b1b133450613,shipping,70029 Green Heights Suite 505,Kylemouth,GU,34603,US
e56f1697-5dba-4b62-acab-eda2b27eaff2,39af9dcf-f666-4825-8cba-1db7e168a515,shipping,85244 Dustin Meadow Suite 605,Katelynburgh,TN,64833,US
16161b6c-2847-4388-a1d7-68ede4d469d7,9215ca63-9df7-4557-8720-bc81eefe51ae,shipping,10347 Crane Island Apt. 265,South Rebeccabury,KS,42011,US
3606e397-625e-4644-a5c7-cc442667b9a4,9215ca63-9df7-4557-8720-bc81eefe51ae,billing,0492 William Gateway Suite 306,Port Patricia,NE,73607,US
de704902-b566-4741-ba6b-9534ec1cca76,5d1474c5-ec46-4c73-b51e-ade447f5bf3f,shipping,65694 Brandon Mall,West Annette,WA,20497,US
093beb6f-b673-4069-8a33-7903801f24be,97aa271c-9f40-4a7b-a013-4ce1cb571487,shipping,05997 Troy Common Suite 192,North Jamesshire,NC,10224,US
8c12cf0a-718a-49eb-8184-73c7e33c51ca,961709ba-573e-4aad-854b-9d990afe0ee3,shipping,8219 Jeffrey Bypass,Stephanieland,MA,05365,US
793c9ccc-42c2-4afd-a220-5994790eb34c,25f93026-d9ac-411c-a8b5-3c3bc248d797,shipping,25760 Allen Mission,West Thomasville,MH,54216,US
a03a40da-3a65-47c6-8922-361542506e6e,85cd2e15-8111-4c35-88dc-cd809c7b56c8,shipping,980 Richardson Trail Suite 047,Port Deborahberg,IA,43630,US
3a3479d6-9f42-4fbc-81c0-10d1bc52e9d1,85cd2e15-8111-4c35-88dc-cd809c7b56c8,billing,84497 Smith Well,Marcusfurt,WY,72374,US
83bcef94-44c1-480f-a37b-f4c7adf1e007,cd31d572-0679-4696-9c4f-a2388ae623ca,shipping,43292 Harvey Meadow Apt. 014,Sandrastad,IA,17286,US
ec3f39d6-2937-4917-87f5-5711159c30c0,fc6c8a53-8565-4c11-b4ea-4579fb5a3a00,shipping,5807 Rodgers Walks Suite 110,Jaredborough,KS,64914,US
ffe9f9db-2e50-46ff-9c02-b884bb2768b5,f009f1b3-b654-4dd7-82b7-c76637622ac4,shipping,5536 Joshua Village Suite 597,North Yvonne,MI,13847,US
4f771885-bb6e-4e30-8a59-410904ee31b2,33fdc01c-a06e-496c-8e54-633908a29e44,shipping,5062 Patricia Village,Johnhaven,CO,44934,US
863d2687-9356-4e94-b3d1-d4f442806c6c,9b6f03e0-616b-474c-bfb4-b71d5e12fc96,shipping,536 Suzanne Row,Hannahview,WA,83412,US
356bc5c0-9786-4c6d-ac8c-6e88fd9d0799,dce7e233-05b8-4d04-b0c4-19f9a06a3175,shipping,5496 Smith Parkway Apt. 295,Nielsenport,DE,31128,US
f4d1b41f-5566-42d6-9d0f-06eed1ebec03,ee689b99-6a04-425e-a411-6e29d1e3e312,shipping,7395 Brown Pike Apt. 770,Jenniferton,MI,39953,US
36fe0679-a11d-4b79-97a1-210dff889850,e62dc48f-96d2-4dd6-9331-770678e659aa,shipping,3996 Foster Road,East Laura,TX,24047,US
9f3d155b-6703-40fa-b872-64c55c5b47df,d807caa4-24a6-4244-95e2-bf7dfc8e3f06,shipping,579 Ibarra Lights Suite 502,Ashleyberg,GA,36901,US
01296a3d-c799-45e4-b008-33ac8f9bf2f8,a90ba255-d346-4bf3-9bb6-9f517ab1e547,shipping,203 Vanessa Shores,North Christophershire,OR,37043,US
5de0ac68-42f5-4e6a-952a-bdb27696fa85,f7c2932b-64c7-436d-b9ba-a202cf6b67c2,shipping,1303 Anthony Station,Aliciaton,KY,42840,US
8728dc7f-37e7-43a7-a49a-04537215b099,298433f6-dcd7-43f8-8004-060ade018d27,shipping,53347 Susan Circles,Joshualand,MS,66352,US
30fe4d59-f38f-406f-83c0-92ae32dd1f32,ae454793-1904-4fc4-a385-3dbbf37b073d,shipping,693 Keith Springs,Lake Williamtown,MS,44396,US
44a38b0a-c412-43af-88c0-98df9644885e,2559bf2c-a1de-4d6d-aa97-c302348a3c8f,shipping,165 Justin Streets Suite 981,Escobarfurt,WY,07160,US
cf0fec27-b22e-4482-9c25-5e57d063b5f8,73f21c9b-eb35-4faf-b10e-88139a60e968,shipping,680 Arnold Avenue,Port Rachel,NM,47854,US
3c970201-d18d-4f9e-bc40-1fe21ab0ee5d,d0886672-2da9-4f1a-845f-e01c9f249f86,shipping,13718 Shelton Track Suite 265,North Mark,DE,79607,US
10d89ea0-727b-4eca-a43e-2dda39fccb9a,8205b406-3f18-47b1-884f-2d306b6479de,shipping,156 Bennett Fork,Lake Johnhaven,OK,06207,US
6482cf6b-00aa-47ee-abf4-b5b624d7fb7e,2b7ee38e-a1a8-407f-8928-d8086fe51760,shipping,79269 Adam Gateway,Brianborough,TX,94964,US
50563988-0b21-4c78-b5e7-1bce5caf3ee0,23e48992-e240-4997-851f-764137931f1d,shipping,39182 Pena Forges,North Roberthaven,MN,42163,US
20210f24-0046-4c98-974e-192ff9e66427,0ca4b31e-5572-47a1-b0e3-1145be72f008,shipping,659 Johnson Common Apt. 979,Josephchester,MN,69120,US
6e723074-8907-4cb5-bb66-ec9504432e35,536603e9-cf92-4d5e-846c-78363c349f23,shipping,18309 Jeremy Keys,North Brianland,TX,68461,US
89b5264e-e417-4332-b645-5d564edd1aa3,6d216848-85b7-4fef-9f83-3e6d0ad2751c,shipping,620 Jonathan Groves Apt. 917,West Amanda,ND,66333,US
e62f6401-8d0a-4c67-89e4-46ad26a7e99a,912de48b-cc55-4da3-ba12-7fe0b7c98a4b,shipping,8383 Rachel Forges Suite 901,Carrilloborough,CA,33418,US
1e9ef5ea-b8a8-4c10-bb56-b6fbcf88b173,912de48b-cc55-4da3-ba12-7fe0b7c98a4b,billing,57258 Reyes Courts,Lake Jonathanshire,VI,81784,US
58b36149-616a-4337-be4d-8af0ffee8f76,4dea5812-3741-4f25-bb87-61204de638ac,shipping,15657 Julie Forks Suite 783,Thompsonland,GU,06411,US
482dc628-7339-46d1-bb94-8daf89e7ab16,6dc8737e-39e5-4eb1-8c92-0db2dd2eafca,shipping,567 Renee Unions,Bradyport,AK,87717,US
ef17d339-365e-4929-9e04-6c80f0dafca0,ed0b8214-d26e-4bd9-8f3c-5d6bbd6118e0,shipping,430 John Ridges Apt. 742,New Kennethborough,AK,18837,US
3752c01a-c562-4514-9f19-15b2b666d352,03af6f44-f210-405a-a050-221dfb1bc752,shipping,7410 Velasquez Landing,East Robert,VA,75303,US
e3db0259-ce1b-44b6-86e4-52884e1136b2,be7a11d7-0a6b-46d7-a658-e4372c740616,shipping,056 Smith Row,South Theresabury,PW,32698,US
f81c36aa-edf1-4c7a-916d-3039874a1a20,30bdca92-26b9-436d-ac69-dbac8a0d1d9a,shipping,7755 Mark Rue,North Tylerberg,MD,59502,US
5756d769-c1d6-4695-b57d-0aacb59f4cf9,b6e8f2c2-6e11-4567-b561-0acdd603de0f,shipping,347 Emily Isle,Avilaville,ME,91047,US
e35db538-4f8c-4ca9-ae5c-9dd36d738d7c,a73c20f5-680a-42ec-975d-962eba83163a,shipping,329 Perez Parks,Morrisview,AL,12471,US
9f27f315-b48d-4d62-9d21-a0ad96c49ac8,048ac577-b3c9-4cd5-8f0d-e12f40fbf8ba,shipping,542 Cruz Knolls,Robinsonton,VT,06291,US
9b43eb96-bbe3-426c-82f5-b65a51fe3bd9,40856c38-41d1-4510-b655-172147dad0bb,shipping,6608 Thomas Trafficway,Jeremyview,TX,53104,US
2ef03aee-0b51-4dfd-baa4-67ce4af60136,e0708cec-cc2b-4340-94e8-328e4a49b5a3,shipping,197 Hodges Springs,Martinezport,HI,27421,US
7ce46268-2c41-44a6-9fb5-1ca2f6a058af,95428dc0-0eee-4cee-82db-ac771bcdd67f,shipping,84678 Brown Meadow Suite 030,Holdershire,MH,65311,US
c50a39c4-d06a-404f-8ec2-7db903c6fc60,97c0ed89-a6a6-4fa9-af18-44a22520d937,shipping,381 Anderson Trail,South Lisa,ND,75369,US
c73b05d5-2543-4807-8ee8-19edcac1d023,7ed30200-e7ed-49ba-ba63-b58df5625390,shipping,56916 Valenzuela Gateway Suite 847,Lisaview,MH,86304,US
c0ad4ffe-2bad-4f9e-86dc-3a0314137c9b,f3297aa5-a91f-44d9-97b3-50f25c7bce64,shipping,46197 Sue Glen,Kimberlyshire,VT,83880,US
28641134-f542-45e1-ae47-4d5d1aa6a07c,f3297aa5-a91f-44d9-97b3-50f25c7bce64,billing,24822 Griffin Trace Apt. 714,Terrybury,PA,80632,US
b3195b02-42d8-4a03-ab6c-1b8958213f96,c2f4c7f8-404e-4755-90a1-616557730fc8,shipping,57686 Jennifer Parks,Raymondchester,CO,63371,US
507ab4ac-65da-48e1-aa55-5a2fb9e69c8b,7904f0b3-9ec4-460e-b374-e45386b74141,shipping,89282 Sabrina Fork,Greenechester,CA,38410,US
0d7180a1-5338-4935-98cf-bf1935f6df93,28517dd2-4b50-4921-a8ef-1776ac792d1d,shipping,5152 Schmidt Hill,Lindaburgh,ID,71478,US
d1cc921f-37ae-425c-9b64-ddb67b1060ff,02e77fc4-757d-4627-805e-91cc8370557f,shipping,61615 Tammy Crossroad Suite 033,South Katie,AS,15471,US
741f5315-2ace-4a72-8213-c526e0370e06,cfd18102-7f16-4461-893d-960a53901267,shipping,2641 Williamson Flats,West Tina,OK,27456,US
c2b3d1ac-ad8f-4146-bcb4-c42def00d7ff,4e26e6eb-e08d-4552-83e6-fdf6c741c81a,shipping,20093 Miller Turnpike,Rebekahborough,VA,25757,US
301870b5-276f-427a-afb6-42fb042bb5f5,5899c563-e366-4370-9ad9-ada6447a6518,shipping,602 Wendy Ridge Apt. 594,Josephtown,OR,15453,US
3a7460a9-5fac-4611-8211-dba5c5a6e78a,c29b0d17-0add-4062-b683-934dbb209b88,shipping,6285 Whitney Keys,East Jacobshire,FL,37419,US
cf069f40-de66-4b17-88fb-f07319a93601,0b817fbb-e2da-43ff-837f-308c219a0134,shipping,803 Larry Bypass,South Veronica,NE,18904,US
6df2599a-f92c-4a07-ab46-95d14147c28e,0b817fbb-e2da-43ff-837f-308c219a0134,billing,081 Katherine Ranch Suite 255,Port Christopherton,DE,65366,US
32b310eb-68c8-4a38-a2c7-068c5f5d7d6a,7f578623-a33d-4172-870a-b3bd70bfb2d7,shipping,644 Robinson Shore,Susantown,AZ,01890,US
aa9140f3-bceb-4486-b99a-44e82098aadf,3fcca95f-d0ba-4406-9c6e-edc10556b94b,shipping,7829 Jones Corners,East Davidville,IN,66302,US
84f3667f-e6e3-496e-bb8e-06a5ee752a63,b68467bb-fd4a-4ad7-876b-3d30dc01f106,shipping,378 James Garden Apt. 622,New Troymouth,WI,72606,US
7f601ccb-efdb-4dc8-b91c-780e62386ae5,c352a027-1096-4734-9607-9476e0ff6642,shipping,08387 Sylvia Canyon,East Lisa,IL,76280,US
db0927d0-f538-492c-8cd9-7f2e69f6f228,45d9ba90-6d60-40a2-a9dd-aae728951a5d,shipping,90252 Daniels Mall,Clinemouth,GU,77698,US
72f6fa04-be00-4016-8e9a-0a62953dda73,d40b260b-6138-4325-8a76-eb80d1c7d16e,shipping,496 Holmes Throughway,South Carlos,AR,94692,US
3b89551b-1941-4070-8915-973731f952e4,da1fcbd1-e5af-4cf0-b04e-3e8b31df1236,shipping,4465 Elizabeth Lodge,West Karen,DE,39578,US
9585c336-43be-4506-9507-22a94e991e18,a3c200cc-0d50-455e-9fda-64c7d8997eba,shipping,271 Abbott Mall,Jacobside,NM,65266,US
885030e6-bab0-4ae5-93fd-75d80a869435,b36b9daa-ea98-4c2f-b8c2-a358f8d56b40,shipping,061 Jacob Courts Apt. 485,Charleshaven,NJ,30911,US
5e97abe3-1899-4e1d-bf87-9ff9512167f9,350bc387-0034-4611-a342-fa04428ce113,shipping,4093 Grant Roads,North Dianaville,FL,69916,US
564658a0-6cfa-4bf0-8e9d-8eeaca4ceacc,be17b13a-5f30-4213-91fe-a90e0bdd265d,shipping,9261 Brown Walk Suite 642,New Angelaville,NE,44803,US
d996ccd1-b953-401e-8707-1f60531566be,be17b13a-5f30-4213-91fe-a90e0bdd265d,billing,384 Waller Island Suite 206,Lake Stephen,RI,78387,US
b8772eea-05fd-4dbb-a6a8-2327cc98819a,b0f5660c-2b16-4e32-9e0f-ce993779ed99,shipping,817 Whitney Square,South Joshua,DE,77594,US
cf2acdf8-7c17-4550-838a-01a2154c2098,dee6cdc9-e323-42da-82a1-2a465c1f699f,shipping,74927 Anita Oval Apt. 110,West Nicholas,PW,61413,US
509ac46e-2617-4eef-b7ce-1a71af67cde2,bfbc0bfb-fab5-4b16-9ee5-d8ede57b1001,shipping,749 Norton Fall,West Keithside,NC,60888,US
6672ec66-5868-43e8-b8d9-8a3ed3dbf764,b94d9e05-520b-4190-a03d-58df45a6fded,shipping,048 Aaron Roads Apt. 859,Raymondshire,ID,11181,US
a35e2496-581b-4257-9ce9-28eaeacd287a,1f8eab15-119f-4d8d-9659-c99da4cf65ed,shipping,569 Gomez Island Suite 958,Josephside,MT,66690,US
3e4a1f59-fa7c-4570-91a4-2f3ce07d21bb,5902a9d5-f766-4547-9e08-314318b1ccbd,shipping,688 Leslie Village Suite 760,Port Gabriella,MI,35754,US
ecd2a686-cba9-426d-8aee-086d9ac0886c,94dd3737-917f-4242-93ec-9fa0bf63b1bf,shipping,23234 Riley Overpass Suite 644,Lopezview,MI,02246,US
5aeac4e9-911b-4e7d-ac8d-38385dbbfa81,94dd3737-917f-4242-93ec-9fa0bf63b1bf,billing,63315 Riley Groves Apt. 147,South Nicole,ND,04131,US
8a37e62f-8278-425a-986e-4270e0ca67d2,71af7a20-e732-4116-8bb5-f3644e3b7779,shipping,8839 Alexander Stream,Nicholashaven,GU,23764,US
00bc79be-92d6-405d-9ebd-5f26837da0c5,1b63378d-ebec-4785-9bb7-7094c9fd50b5,shipping,30305 Lawson Street,Port Anthonyborough,ME,39318,US
4250b9ce-d10e-487a-b6f2-e5c1f1f1f243,4e85a225-5f25-4fae-bbb6-f2e616528cf5,shipping,44478 Gregory Views Apt. 017,Port Karinaland,MH,79197,US
7a58cc0c-0a40-4e36-930a-d5a4764caef9,06a6b43e-2b65-47d0-9e79-03a17dfdd933,shipping,36115 Cheryl Course Suite 059,Bakerland,IN,20755,US
ce0b66b5-f5d2-46dc-87d1-7f8116a180e2,06a6b43e-2b65-47d0-9e79-03a17dfdd933,billing,1326 Burton Plains Suite 330,Gonzalesville,VA,02745,US
4d687e3f-e2b2-4c5c-ba78-0d42dd9f9cb7,61dd6efa-f16d-4a60-899d-2b2b63c850b0,shipping,55396 Isabel Turnpike Apt. 551,East Erikabury,VT,81039,US
fdd57269-7813-4f74-a0cc-8e231c5c1af8,61dd6efa-f16d-4a60-899d-2b2b63c850b0,billing,26932 Michele Avenue,Lopezmouth,CA,53288,US
972929d6-b81b-45e9-a089-a1e33620c99b,5528dd00-da0d-4c1b-864a-dca3118474ce,shipping,57330 Mark Ways Apt. 814,South David,IA,81492,US
9cd28da8-b160-4e60-9ca7-9c0544f25a6d,e151d2c4-6602-429a-9fdc-00bf09b7c05a,shipping,18153 Andrew Run Suite 006,Thomasshire,MT,63621,US
89c9bf08-04dc-4666-897c-1a11d103dfe3,ab3f0453-74fa-4d4d-aab8-9a64119fbfd9,shipping,535 Brian Curve,West Danielton,PA,10769,US
7177f362-3ef1-4282-a858-f1b4c7035d18,7737c4a2-d5eb-4315-b72c-a8f361a8fb9e,shipping,7326 Rachel Inlet,Alisonview,MD,05647,US
78533c7d-b29d-43d0-b4a5-09a8bf88e7e1,95f757cb-c3bb-4ff6-8eeb-e204e2130ae9,shipping,258 Hall Branch,Lake Stephanie,HI,48915,US
9ffa99a6-e18a-409d-82fc-79a0c3aec988,1c40ecc9-5eb9-4768-9acf-c15dc9a6ce3e,shipping,75965 Castro Shores,Port Jamesberg,PW,81870,US
55626597-8040-4600-87e6-dd6488db6a16,1c40ecc9-5eb9-4768-9acf-c15dc9a6ce3e,billing,42305 Kevin Groves Apt. 088,Josephville,IA,05899,US
c8295382-7724-44cb-a09c-8b50bc74d65e,d48f24bc-e3ca-4cc7-9513-eeb9cd6a625e,shipping,2886 Margaret Run Suite 229,Cindyton,PW,79086,US
66f5ce9f-04f3-4bce-82ae-7363beed69bd,6ba5cae7-4568-4435-ad42-e38afa857622,shipping,7541 Knight Courts Apt. 979,North Brittanymouth,FL,32625,US
894af6c6-b64a-4684-9221-8d7655841460,876584ea-8d9e-4294-aa20-48670f5b55c5,shipping,958 Jennifer Union Apt. 006,Watsonside,FM,70494,US
4614413c-6922-43a4-b90e-f96857deb6f0,edd4dc9b-8391-4096-9413-efcc1b8365c9,shipping,05089 Holt Ferry Suite 778,Benjaminport,GA,42169,US
d9f4fb7f-6282-4f41-a492-4a784e663af4,268b9ca6-5504-4c73-ad5b-a07cbe63076c,shipping,4645 Coleman Walks,Tonyashire,OH,51952,US
d417cbd7-7bf3-4625-993a-3a4b68bf765b,268b9ca6-5504-4c73-ad5b-a07cbe63076c,billing,1044 Brandon Locks,New Nancy,OK,66211,US
b9e94b98-23e5-41f6-99ee-2c9894f1bdb4,f2e75a64-6ab8-4415-bdfe-f4476a470648,shipping,3697 Anna Village,Glenbury,ME,94685,US
85b4841f-7b26-45db-aa15-9a350da97746,ff418fc3-5126-40a2-b6ee-ef625249bc9c,shipping,856 Tara Forge Apt. 760,West George,AL,15232,US
4948407c-4240-4776-99a5-df67e6e5a8e6,032f1338-d7aa-4148-a853-6a7cfef6f706,shipping,7221 Michael Mews,Johnsonview,LA,59426,US
96d1d195-6efe-4a84-87c4-19be2303d555,10dd306e-4dfb-4995-b5fe-6235bb99b382,shipping,86378 Alan Corners Suite 089,Mirandaville,KY,28642,US
1928d35b-6a4d-4ddb-85ff-194a69dfe034,02f55a7e-9041-45d7-8518-1ea4b1d5ea60,shipping,417 Ryan Trail,Millerstad,MH,90032,US
f2671c8c-96f7-42f5-a7ee-2a50b126ff3e,92b76241-5b0d-4a8f-a987-adaf99f288ae,shipping,0378 Johnson Villages,Brianland,KY,55076,US
fdba464c-5cd7-412f-9549-ee763bf49ba5,61336334-f8c8-448c-9f26-acf7cad2f961,shipping,47687 Adams Glen Suite 731,North Joeside,IL,25086,US
83e8158b-5dd7-4b5c-a6b0-c25013acee48,c49acf99-cfdd-4169-8a78-3f75fa7eee2c,shipping,860 Brown Passage,Barneston,VT,71756,US
75328410-1704-49de-839a-4fd0db187f05,c49acf99-cfdd-4169-8a78-3f75fa7eee2c,billing,2710 Bailey Neck,Christopherton,OK,01209,US
14b32b55-4097-4456-a3fe-20a9efa88859,f40121e7-5942-4a91-b8c6-9eb0a6249ed8,shipping,842 Houston Harbors,Port Juanmouth,CO,82758,US
1145d374-eaae-4ac4-abf1-5c6c67dd0eaf,b22c6202-7af6-4fa7-a72c-d6c2cb8a15a2,shipping,1603 Justin Shoal,East Micheleville,WI,40396,US
140624a7-5bab-4417-8d2a-ac4d9a762791,82d85c98-ec4e-452e-95f7-436241479b4d,shipping,021 Morrison Cove,Harrellton,AS,16198,US
99311f07-2f7b-4824-8346-603d2ccaa5e1,82d85c98-ec4e-452e-95f7-436241479b4d,billing,8233 Chan Garden,Holmesside,AR,11337,US
2043a348-2adb-4b49-8a30-be5958918256,f4aa54f4-d678-406e-b304-10dae9f10e0e,shipping,10596 Todd Hill,Alexandraview,ND,98882,US
21deeee9-e170-4ff1-9290-1e8469cfed92,8b29e9dc-7b38-4806-afcb-b6b0223f7bcc,shipping,814 Phillips Rue Suite 246,Jasonville,HI,75774,US
89e6b964-9eb3-49a7-889b-382e476c4a7f,1cdf113e-84d4-4cb3-85db-539ba0fb51e0,shipping,1507 Kristin Fork,South Emilyton,SD,45080,US
cbe85412-c304-4762-937f-da173366f161,1cdf113e-84d4-4cb3-85db-539ba0fb51e0,billing,1723 Craig Shore Apt. 999,Kevinchester,IN,98461,US
2e3dc52c-69da-406e-9d33-ea2cb2f6e22a,37aed10e-ba30-49df-989c-ab6330777659,shipping,1739 Lauren Common Suite 023,Faithview,AL,35166,US
5dba58c6-dc12-458d-b43a-c28d948e448c,386fe192-6468-4730-9256-b86a6e12a1f2,shipping,01845 Johnston Mount,West Makayla,NC,29630,US
1eb77668-f7d9-4979-aed4-6ba2639b0075,b6b801b6-f74a-45fa-b88a-4239ab940992,shipping,4154 Wilkins Locks Apt. 841,Lake Denise,MP,61696,US
e685f698-54f2-438a-b86f-0c1d8a620603,cc8a48c7-b70f-4721-b6be-74ae41fcb8ff,shipping,61331 Wendy Ports Apt. 099,South Timothy,NM,77273,US
1d5134ff-2f2f-4436-be08-7fd9077856f7,0e31255c-50ea-4cc3-8bb6-02e0c8da6e1d,shipping,09727 Elizabeth Shores Suite 263,South Tracy,DC,10635,US
89c197cc-bbbc-4ff8-9cbf-1e8e1e76e28c,6e9a3a70-10cb-4e6b-a6de-cca2ee193f3b,shipping,83271 Christopher Roads,Tracyhaven,PA,12087,US
e2b5783b-be1c-42b6-abb2-ddde7916dd7f,0d0dd704-77bc-480d-ad1d-871425c44fbe,shipping,073 Laura Heights Apt. 763,Friedmanfurt,DE,17489,US
ea08d138-1b69-45fa-95c4-79027806c6dd,1eb559d5-907b-41ae-8325-bdc6a3fb41f5,shipping,14446 Zuniga Avenue,South John,NE,56010,US
20460d26-b3f2-43f4-84bc-41e6c97e2258,7f14babf-0258-49a5-b001-2c5ab58d62a1,shipping,682 Timothy Radial Apt. 224,North Tara,FM,35932,US
fefd7d3c-65e0-450a-9a9d-b92f8a655cf4,37fc0c2d-8b1c-44cf-a343-ac0c98503fc2,shipping,25410 Reed Wells,Lake Haleyburgh,GA,28975,US
0b123041-2653-42ab-a9fc-2cb4f341c345,1486e4fb-a406-4aa1-9d5b-3a905bda807c,shipping,866 Leah Plains,West Margaret,AL,13294,US
49199849-bad4-47a4-9b8b-b3183d293863,872489aa-60d8-46bd-b744-cd1a137f5d35,shipping,263 Lutz Glens,Lamhaven,VT,77773,US
a5cd0c7c-f04f-4f50-b4cd-558f181891cb,964387d6-0b27-4a69-910f-154e683ce3e3,shipping,3962 Steven Knolls Apt. 885,Port Larry,AZ,77393,US
640d4c1e-40ff-4d8f-8dfe-d4f001c96923,964387d6-0b27-4a69-910f-154e683ce3e3,billing,96883 Ferguson Harbors,Woodtown,RI,50932,US
e256bbcb-9c06-4e9e-93e9-4a817f7f385f,4be1f4ef-ff6f-4dab-baf7-72fda41e7cee,shipping,747 Deborah Groves Suite 195,Port Karla,UT,50281,US
d6f8aee9-ac34-4db9-b8c1-b513fb7cb710,4be1f4ef-ff6f-4dab-baf7-72fda41e7cee,billing,4522 Coleman Cliffs Apt. 033,Alvaradoton,CO,92093,US
f935402b-f657-4457-b62a-24d513e9c701,33e23a56-321a-48eb-8693-94c009772304,shipping,6787 Tara Prairie,Owensborough,TN,87891,US
4adff9fa-75be-40ce-9bee-3f2cf5168464,33e23a56-321a-48eb-8693-94c009772304,billing,5617 Monica Knoll,Cardenasside,ID,17278,US
9e1dae1f-8196-4888-bfa1-54f118f47491,de3207c4-e038-4bd0-9877-2a4962a4f379,shipping,4075 Ellis Heights,Port Codyburgh,UT,21768,US
af03fb0b-e707-4232-9d27-fb665a00afed,291c7d9a-8a7c-4102-ad6d-00f08b54d6c5,shipping,65687 Brown Radial Suite 944,Williamston,IA,64848,US
7d0538b1-9836-4859-8d36-99c7348dabdc,6d7dcea0-7d3d-4fea-b4d3-826e1708129b,shipping,624 Richard Drive Suite 798,Elizabethborough,OK,46472,US
78e25fba-3d59-47ac-9941-76f7393dd1c4,90268ca3-19cd-499d-8537-32f56fb09ae8,shipping,380 Christian Ferry,East Shannon,MT,28092,US
28a6ee9e-12df-4d8c-90fc-7326d6903c4d,a22f9dde-07c4-4206-989a-f9de8643b6af,shipping,243 Carter Mountains,North Darrenshire,NH,47360,US
0262f3cb-66a0-4a94-bd59-df74c09541c2,5bc7702b-b5e8-4a36-8ce5-06f230db1287,shipping,19233 Michael Pass,Angelaside,OH,86639,US
3142d7d0-8723-4fe5-a69b-1c71092fb530,a37f8493-9c0b-497f-9ebe-b44b55e196d4,shipping,15342 Keith Run Apt. 577,Jensenbury,OR,40932,US
b6ae16a5-c81f-4df6-a6fa-9c44e0cd94f7,a37f8493-9c0b-497f-9ebe-b44b55e196d4,billing,19743 Reid Plain Apt. 595,South Chaseton,KS,02924,US
e369e950-d60c-4200-96f8-01784a441705,64bf56c8-d2dc-4fff-a507-6622b6b70edd,shipping,810 Duran Burgs Suite 465,South Mercedesmouth,MA,19104,US
7c162ca4-2927-49bf-bbdf-f47dc3c49cbe,7c6d13fc-df7d-43fe-9cfe-b2dfbd9e8cd4,shipping,568 Natalie Inlet Suite 988,South Matthew,KS,32917,US
1b8cacd0-e1bc-4c3f-add1-69854378c9e1,92d014e3-e60b-4b84-a995-a2022291fd0d,shipping,2951 Douglas Isle,Robertville,UT,10344,US
278cb72d-c91b-4c24-a452-c4ddfc962694,02673c64-647f-4937-9b24-b354b75abc6d,shipping,1198 Jeremy Run,South Tammy,MI,51863,US
c30f9cdc-76d0-4781-aab2-595d93926662,42afd915-9848-4d7f-98d2-f42c32510117,shipping,6668 Gary Tunnel Suite 821,North Carolynhaven,CT,15516,US
748c45a2-5fb3-4cd5-886c-2813beed9910,c0152eeb-4370-4e80-a78a-3e65abf07235,shipping,6215 Lopez Course,Port Briana,CT,29284,US
0f1c2a76-9c5a-40fe-8934-828cef6f8283,fa353c2b-5430-4205-a14a-ae6335c1dea2,shipping,2204 Darlene Forks Suite 937,Davidstad,AK,85578,US
a09f9b20-069f-4ff7-8824-114e4543d97d,6bf5ba83-116f-48c1-9843-c126b3e5098d,shipping,69219 Tina Turnpike Apt. 314,Georgefort,MO,78147,US
e08f9f00-ce34-4626-829d-a72eaad727fb,6bf5ba83-116f-48c1-9843-c126b3e5098d,billing,726 Randy Islands,Vanessachester,HI,61126,US
44e273e9-2549-4bdc-aac9-fc05b44c59ee,ecb8f5b4-7b58-423e-a6c9-c958d95bf9a9,shipping,75142 Peter Coves Suite 603,Port Thomas,DE,21863,US
5a38b075-b7dd-44bc-8503-852655dd4f53,04b5e077-1e71-4e82-87b7-896c1cd80b1b,shipping,54303 Tracy Spur,East Keith,PA,21824,US
6709bac9-1ffb-403a-ae1a-616e429a0b4e,7c3c65cf-3b51-44f2-9deb-505343e7bb13,shipping,130 Campbell Pass,Bryantville,CO,39748,US
e6a8c35f-0c54-4bdd-9332-67c5323d6f4f,909399c5-ae0f-4673-85a9-c6f77ee8c511,shipping,7138 Jessica Glen Apt. 256,Melissashire,NV,04470,US
0678a103-1533-4b1e-a35f-c5e08d93eff5,dd946dc8-e68e-45a6-9041-f869fa51b1a3,shipping,238 Kristin Way,Wendyport,MO,38069,US
0ad96a0b-ddd2-405e-812c-26532eed0364,dd946dc8-e68e-45a6-9041-f869fa51b1a3,billing,6569 Alvarez Plains Suite 918,Frankfurt,WA,67465,US
da26d37a-6b31-4ca2-a735-2d29084ead2d,f33fb9f2-ebf9-4c9c-b191-ec921612ce85,shipping,731 James Plains,East Derek,WA,66468,US
ec73b476-2791-41ef-babd-a301ea09a938,cf6c1123-2bf7-44b6-8118-16e6380c3e30,shipping,900 Lisa Burgs,Austinton,DE,16529,US
8e3d0318-dc26-44a7-8d8b-ec54575ab35c,ce626486-fddc-4a54-b305-eb3a1b1c9479,shipping,91243 May Motorway,Carlsonborough,MO,49350,US
5f942313-d329-4685-af84-fa05fec114e1,50e91e27-fa13-43ee-bb4f-5231348b0919,shipping,715 Joseph Shoals Apt. 331,Hallland,NC,94389,US
bf152d80-a38d-48c6-a26d-0633058aac60,50e91e27-fa13-43ee-bb4f-5231348b0919,billing,045 Catherine Roads,East Alicialand,PW,00558,US
fcc81296-cfd2-4a0c-8158-1c35a60187a7,8cc5765c-a5ca-4808-8ca6-923ceff319a5,shipping,133 Jacob Court,East Susanmouth,WV,91360,US
3b80f185-30d1-4d59-ac5f-01daddd9a105,f5eb6ad9-69dc-4d15-917e-d0e89f28e50c,shipping,6241 Samuel Views Suite 713,Crosbyborough,MT,65431,US
19532a81-a91d-4e02-8ce0-9c4f8345d4ec,2905a4b1-232e-49dd-9374-bc2dca68e8de,shipping,233 Robert Skyway,South Amyside,WI,63394,US
b4da71e8-c192-4b4b-a139-65ce3075ba01,6f1d5cee-9322-41a5-9890-5907e4c694de,shipping,9669 Ramirez Harbor Suite 264,Rodriguezton,ND,38012,US
cf341dec-bece-4e84-8c29-85eee17a3067,84f9adf6-6ed3-490d-b6e6-35abde0c7c80,shipping,386 Lee Divide,Andrewville,CO,98678,US
1bfd2a06-c348-4102-a55d-fccf402d5c5f,2eb850e5-4998-4106-ba54-c7e80263addd,shipping,20008 Rogers Prairie,Lake Sherry,DE,22371,US
f75e6745-1634-4d6c-bdf7-be41371cca52,f2164645-2df6-42f7-8668-58ce4b77b87f,shipping,64698 Alicia Springs,West Stanley,LA,16886,US
e83e942c-27be-49bc-a1b8-6d97f7666d51,f2164645-2df6-42f7-8668-58ce4b77b87f,billing,3607 Renee Dale Apt. 151,New Richardton,VT,59719,US
fbd3ef9f-8fa4-4210-8f15-c6e9829bc4ea,578f9d05-7f2c-4693-8f14-a75a5fe0b125,shipping,22845 Williams Plains Suite 603,Port Sharonshire,VT,90428,US
abb10374-dfc1-4286-a01e-2dc314782f21,578f9d05-7f2c-4693-8f14-a75a5fe0b125,billing,5942 Dougherty Falls Apt. 741,South Jason,WV,01829,US
0820c137-7e5b-406e-b0df-34f5bf56415c,716a4f53-e600-41cd-afe6-b24bc0fd637a,shipping,83844 Kathleen Field,North Johnhaven,MN,60114,US
34cbcdda-996f-4457-afb7-f811847e1126,79d0bf11-a9c9-466b-8709-6d3a6fdf1910,shipping,632 Elizabeth Greens,South Stevenstad,WA,54705,US
52dbb19c-21ed-4d85-9cb6-7cc8d0a2789d,f8a0e30e-ca07-4e6a-bcb5-39cfd24f6da8,shipping,43180 Hailey Court,Port Shanestad,MT,69071,US
fdccab38-1034-4627-ad94-76f2b1d6f70f,6dd4935c-ba87-41ba-a8ae-0fd607aff0fe,shipping,58813 Roy Dam,Markland,WY,84049,US
e03464c0-a7f4-449d-9cc0-208ca267f86f,6dd4935c-ba87-41ba-a8ae-0fd607aff0fe,billing,279 Catherine Brook Suite 416,Huynhburgh,MH,11076,US
8fee9f8b-1328-4a4b-96ce-82256a8a8cf1,22d310ae-2ba3-4293-ab58-a8a4de4ec3dd,shipping,632 Parker Ridges Suite 923,Hurleymouth,MT,41272,US
a3ba8c70-e835-40a2-98c8-0e3f4f03b3fd,6d556570-10d7-4283-bf3a-4482a326b588,shipping,4128 Davenport Hill,Justinborough,WV,30678,US
3ac0806b-c1d6-45ae-8368-88080d463521,e2c37597-f2b2-45fd-a16b-1a4aab1074cf,shipping,2433 Jason Tunnel,Port Karenshire,OR,60905,US
041e6ace-474f-48c0-b906-9c195d3bbeed,7dd30c92-113c-41f7-b866-3ae2356d2af3,shipping,368 Shaw Isle,South Craigland,DC,37865,US
9337ffdf-a3f9-4890-a9fe-13d20e086dab,776af1ef-da16-45fb-ab3b-a9a2ecd1f6ff,shipping,51029 Warner Ranch Apt. 232,East Robertton,ID,21515,US
9fa2427e-346a-4320-a4a1-a5443dea8b15,f47afc76-6487-4d16-a6ab-11f7fdc6e370,shipping,20081 Livingston Locks Suite 124,Jamesstad,IL,03298,US
65a8d133-3498-4755-af63-b44b85a94f59,f5737a42-ef3f-4c9b-a0b1-e9ee8b409171,shipping,6204 Jasmine Tunnel Suite 952,Westland,AK,77057,US
38d96bf3-12a5-4b43-acb1-99598529f0be,655c9625-3463-4dee-a02d-abb19d777773,shipping,02086 Steven Extension,South Johnburgh,DE,51642,US
082a4b1a-c0a7-4cd2-9931-1ee1e6518176,265d8bc1-87e8-4345-b5e3-88fff801b8a2,shipping,7151 Robinson Pine Suite 970,Wattsburgh,WA,20168,US
d37c3280-583c-4aeb-8915-3d539230b42e,99f7b451-d226-475a-a977-d8e3334035a2,shipping,962 Patricia Pine,West Brianaport,ND,39459,US
44122da3-01ae-4b0e-86c6-3bdd8b36ab00,272de795-2b94-41ff-9410-0e04c712d4ff,shipping,599 Jillian Mount Suite 770,South Desiree,UT,51500,US
bf46a248-dfa3-45fa-a039-0c593007eac8,08a6c4b0-e30e-48f8-a82d-696398a8ab78,shipping,783 Ramirez Gateway Suite 305,East Danielhaven,NM,78340,US
4951d2ce-df4b-457a-abe3-8b93a3957ad5,af7fa5f6-c735-4b53-8ec0-494ed005fb4f,shipping,267 Carson Shore Suite 435,South Angelaburgh,MA,73386,US
799faf6f-73bb-4615-93f1-4b2bbc2493c8,b5f862a4-05e4-49e1-a68b-153bdf440b64,shipping,2450 Burke Lights Suite 325,New Kimberlyborough,VA,30784,US
e230491e-c7e3-4000-a0dd-66c755fdf0d4,7eb71b18-5dc5-4b95-9d9d-9e07a000c3c7,shipping,9811 Chavez Plains,East Mistyland,MN,31412,US
a357c044-262b-4f83-a634-901da609cae7,f88215d2-c060-43a6-9790-21fd5837b04c,shipping,55075 Chad Valley,South Franceschester,NC,99223,US
cd131139-c2d0-4736-b8e8-ddfcd50add8a,9e9b1155-36e8-499c-b5b6-727fa7ddb860,shipping,94760 Brown Station,Davidview,CO,95845,US
feb3cae0-8409-4e51-8eda-f85868431bb7,9e9b1155-36e8-499c-b5b6-727fa7ddb860,billing,39281 Russell Squares Suite 167,Port Aaronport,IA,46794,US
0c68db6c-a9a1-474c-b1ce-3ad3f15438a0,e19445fd-4e40-4be0-b4d6-5083523a4e9e,shipping,3211 Deanna Wall,New Zachary,LA,51172,US
c60d6b90-2c94-47e7-8a13-37ca8fa04234,6bd2936e-2201-414d-8932-99c91bd82040,shipping,084 Peterson Radial Suite 181,North John,RI,12868,US
c4067d3d-a74b-4e27-b71b-6e8bef080464,6bd2936e-2201-414d-8932-99c91bd82040,billing,859 Brown Camp,Port Jenniferstad,MD,75543,US
eb91ceb6-9454-4cda-b9f2-f3a8431e9f55,63864280-45b6-4a67-bddc-c21c15a229cd,shipping,00024 Austin Mountain Apt. 496,South Briannahaven,TX,38721,US
ba4b484f-c17b-417d-b366-7e60a0742466,eba52fd4-e123-4018-9bbb-27871d6510fc,shipping,2177 Ross Hills,South Oliviatown,FL,24535,US
3130d927-fad7-4e60-9bf2-35386ba47bbb,692083c9-d776-4678-b321-074d204056cc,shipping,8775 Laura Key,Johnsonton,PW,49672,US
807102d6-5dab-4afc-9b3c-efea5b93e673,35af22f8-f2d4-450a-83b1-7607f0b993b7,shipping,36107 Victoria Falls,New Jodyside,SC,11140,US
d8d35944-414a-4d67-863c-88dda7a3c0a5,6c16f41b-a985-4dba-8d84-480b6855504c,shipping,40765 Nguyen Isle Suite 533,Kristinmouth,AZ,81671,US
a4641f11-1a7d-4bae-8d94-bb24efb45820,221997ae-d697-4962-8575-09225118a14f,shipping,586 Sydney Square,Mccoyfort,NH,74157,US
85c15b44-f379-464c-b86a-13e71813c743,221997ae-d697-4962-8575-09225118a14f,billing,9190 Jessica Green,North Stephanie,ME,59876,US
e8eb1a5e-7d0b-4a49-9d05-f611a3f5ba34,ae1dac6d-f4b4-4b2f-a560-6d602b44e3ef,shipping,480 Wells Plaza,Mendozaborough,DE,07673,US
609bab4f-74d7-4d52-9c97-baa84fe76491,ae1dac6d-f4b4-4b2f-a560-6d602b44e3ef,billing,57106 Miles Cliff,Leblancchester,MS,37735,US
60faeffd-1acf-484c-a7dd-791b254122a2,cc7675f7-e03f-4eac-9530-69c703f86a8b,shipping,57272 Rodriguez Throughway Suite 633,Kelleyside,OK,45373,US
0efcec3a-f054-489b-831a-54999b815807,990ddaf7-bc22-4ad4-aea0-38e22399e406,shipping,24398 Carpenter Landing Suite 462,New Michellehaven,MO,83811,US
f7504113-f539-4be7-b5ca-b821139e6589,a04df600-4d5e-467a-8ec8-44bd8e9e7d9f,shipping,81932 Benson Stravenue Suite 082,Lake Sharonland,DC,94308,US
964363d5-950b-4bf9-9b5f-ecf411ecda65,173514e7-b122-4167-a11e-ebd55bb6490c,shipping,3555 Kelly View,Lake Diana,MH,65238,US
ecd22f5c-8f9e-449b-884e-7f0652bec7a6,759b82d8-2ac7-431c-823a-5cadbeed344e,shipping,4426 Mitchell Motorway,Port Lorifurt,AK,98877,US
499fdba4-d23b-48ff-8a81-c69a579cf2c0,18e28c62-8f49-4466-ad1d-d21298c8e265,shipping,87958 Harris Wall Apt. 548,Port Travisview,MH,39961,US
38a115ca-8707-4266-8322-41aace0d8137,0727dd2d-91c3-4630-bc8d-f49c32619af7,shipping,52414 Choi Via,Michaelview,CA,14165,US
bca73c5d-adae-45b0-8349-3ed211bde964,fb9741da-df1c-4863-b381-b19143301614,shipping,5169 Steven Islands,West Meganland,SC,53165,US
92f739b7-2fb3-4b34-93bc-9a177ecb0bb3,e09305ca-4ceb-455e-8226-ee9c900a4ba1,shipping,258 Dawn Burg Apt. 788,Hatfieldtown,WA,82195,US
2c3fc73e-c5e1-42be-8092-d5e79eaef0ea,da71b441-10ce-45c8-98de-5fcbb2aa0257,shipping,256 Tracy Plaza,South Gregory,IA,98689,US
9b963ac8-2e27-4f38-bb09-161709fdfdba,d6396c32-bc95-4954-b0cf-464b19ad2b01,shipping,3770 Pamela Orchard Apt. 115,Lake Eric,NC,83277,US
6c870d74-ab72-4312-a3c6-ebaad73301a5,2e190db2-ddee-44e2-a822-92dae2ceee70,shipping,361 Goodwin Bypass,Timothyfurt,NV,52399,US
0500fdaf-a340-4b0a-aaed-e8d7b53f7995,b16b60b9-7974-4df9-8978-39938a8ddd34,shipping,2790 Michelle Court,Ernestborough,TX,95394,US
cb93deac-31ef-42c1-9bbb-310eb55f31b3,26492ca4-97fd-4d73-8055-92e09df17467,shipping,5550 John Freeway,Phillipstad,IN,76279,US
57feaec6-857e-44ea-a00e-c9ff90e414fb,81edc18f-b647-421e-a914-11ea34afb3ed,shipping,1006 Jeanette Pike,South Maryton,VT,28925,US
47f4a7af-a5e9-427e-881f-6ed221a57cc1,02b94cb2-e35b-4598-880a-56ff3f2aaf13,shipping,4651 Stephen Drive Apt. 236,Christinamouth,OH,15909,US
60d0779b-f522-4053-93b0-56f8551fa1c9,a06728db-3823-4b69-8c78-68ec9767312d,shipping,0048 Bryant Drive Suite 377,Travismouth,MO,77176,US
c87f6805-39a5-4d15-8cb4-996ac95fe91f,5b9fe990-b89d-4c82-bfe3-5634cfb93aaf,shipping,37132 Kenneth Mountains,New Jameshaven,WY,06149,US
ef57b030-3919-40d3-bd25-4b7173a95f5e,5b9fe990-b89d-4c82-bfe3-5634cfb93aaf,billing,26636 Price Land,Mckeeshire,CA,21224,US
50e8043a-93e6-41d7-b5ec-d46c1ea7bb05,f2b5583e-a4c3-494a-9633-17fb161501cf,shipping,71229 Steven View,Bonniemouth,DE,18279,US
ceddf3df-3d59-49af-a003-736861d98d2a,32d4d237-e92d-475d-a62d-06373d9d4bfb,shipping,1947 Heather Wall Apt. 855,East Daniel,CT,85488,US
f1bf9de5-514f-45a1-9844-2cac46f330c0,d57c61a3-74b1-4b11-a96b-ddf9055f662d,shipping,77495 Mcfarland Pike,Pacemouth,SC,24034,US
736746a3-7b26-4f45-8d08-cdb7c281a5a8,fa81ae62-c683-4b4e-90cd-87fab635674a,shipping,55364 Robert Motorway,West Tanner,KY,78525,US
c04d991f-4317-43ac-b6b2-e6eb9a9115dd,fa81ae62-c683-4b4e-90cd-87fab635674a,billing,576 Simon Junctions,Stevenfurt,SC,07661,US
89d772b6-d0d4-4052-bb8f-7d3ede772945,dafa493c-8bfd-48e8-9289-9c4b06778e16,shipping,8570 Jamie Lakes Apt. 939,Wilsonfurt,CT,09508,US
f3d7bb25-b93b-4031-92d3-abf9d7f0cb06,db1ee825-3cd6-43f0-be7d-7083b8ceb92f,shipping,0014 Dennis Divide,West Tony,ME,22939,US
d4484304-13aa-4501-baa8-6056c2bf187a,fefe75a9-8d4b-4ecc-a4cd-7c37134e5285,shipping,6895 Lori Ramp Suite 586,Kerryhaven,NC,93144,US
4421639a-f2c9-453c-98b1-c7965b341747,23a893b5-a82d-459e-aac4-be4390611f10,shipping,114 Edwards Hills,New Anna,MA,00903,US
d9aec6f1-23c0-43ea-bb57-305054a8fbe8,76763f29-76b6-44ff-84d9-30aef53f2380,shipping,93580 Hurley Tunnel,Tapiamouth,MS,80184,US
7ed324a0-f40c-4d2b-a957-03913d5152f6,b964a62c-670d-4140-8268-0214e999af44,shipping,0574 Moore Landing,Lake Stevenmouth,NC,70603,US
1b60eb1a-1d93-455a-b600-45b65e752aa2,ac36f29a-1466-400a-b182-e24ca1caa575,shipping,41182 Amber Rue,Andrewstad,TX,66115,US
aa948cf9-5a71-45e4-917e-86eed1506c6d,52c2d1af-357e-4b17-9193-ac9e2c6c4caa,shipping,7277 Dakota Forest,Danielton,GU,72198,US
4c0c3986-6659-40ad-b33c-29df3097a68a,52c2d1af-357e-4b17-9193-ac9e2c6c4caa,billing,53270 Griffin Crescent,North Ariana,MS,37855,US
3b3ac8bb-3f5c-48ef-8ea9-722770b9c21c,db9deaa5-eacf-40e2-90dd-109aabfad1f3,shipping,15085 Peters Inlet,Alyssahaven,OH,49544,US
dbe3a75c-6383-4753-8880-1d10cccd1aee,c74193c1-dbba-458f-9e3c-321c6c858ff3,shipping,727 Rebecca Vista Apt. 865,Terrishire,WV,39067,US
99605c29-1b7f-43be-b7cd-3ca99d0eedf0,b0d54ff6-b8a2-46e4-8fdc-be675f240974,shipping,713 Russell Canyon Suite 427,Brandyhaven,TN,61061,US
2b2d84af-a3c8-405c-ba82-fff7e7a97be4,078bbb45-4a06-4c7b-8f97-f7f1fa9de02b,shipping,574 Sanders Turnpike Apt. 020,Jordanchester,NC,30583,US
9b1c6d7c-a356-495a-a1e6-72e6b33d5733,3d5c7b4a-209c-4018-9d59-abea07a6f924,shipping,427 Delgado Tunnel,Lake Todd,SC,49449,US
f813c86a-cf04-4f47-a373-3f974b9643d8,13b50602-44af-43cd-87f3-690d1dfdca2e,shipping,218 Sullivan Mountains Suite 263,West Amyberg,AS,91898,US
3c67101e-816f-49a9-a8f5-000245af491e,13b50602-44af-43cd-87f3-690d1dfdca2e,billing,59332 William Forge,Nicholeburgh,CA,99105,US
f57e6706-ee05-42eb-ba00-93e0917222f6,f5d48250-152e-43b3-9763-f141782e885a,shipping,5622 Johnson Dale Apt. 424,West Rebeccafurt,AZ,26051,US
3c597cd1-a26c-4778-959b-19ac77b4bbed,f5d48250-152e-43b3-9763-f141782e885a,billing,4711 Steele Green Suite 599,Lake Adrianborough,CT,42641,US
6ba3baf8-fdd9-4295-80dd-fccde9e7eaff,02cf4cbd-81f4-4c47-a396-64ddda4ba57b,shipping,2765 Hanna Views,Robertburgh,CT,99657,US
6fe22727-b207-445c-a032-bb33be84e21e,c9fc6668-e8b1-4863-af45-5e9a574e286e,shipping,0127 Nguyen Unions,Port Robert,KS,06262,US
6700051b-8cc7-43fb-8aaf-203e4a28d4ac,b1ed21dd-ed38-4608-b9fd-d22e9643e2fd,shipping,41267 Scott Light,Danielberg,FL,54737,US
433b55f4-8fa2-4b5f-b97c-b60093bcb384,064ca609-3200-476e-a18b-18827bf44765,shipping,07912 Mccullough Inlet Apt. 295,Stephanieview,KS,10491,US
951379f5-ec01-4641-bb35-56435bcb945f,a618b7c5-a61a-4e79-bd07-187fbf180d46,shipping,3693 Allen Station,North Mary,RI,11984,US
3ed43247-447b-41c7-9d9e-73b949e80b56,7da75b40-0af0-4b6c-8d7d-0a477aa7a5a9,shipping,04535 Jones Divide Apt. 341,Lake Brian,MO,43928,US
c6bde743-0214-407b-8832-b6f9093b9c07,597f5df8-49d5-42b1-8a4f-bf8a4b9fb824,shipping,927 Perez Groves,West Christopher,VT,93497,US
b7cb6325-3999-4e2d-92bd-e7a0b41a0ee9,31b6ef00-804b-4765-a408-42ab9fe160b1,shipping,3278 Frank Station,North Mario,FL,83446,US
32a58c89-f32f-4b71-9b63-3af374610380,31b6ef00-804b-4765-a408-42ab9fe160b1,billing,99998 Pittman Port,South Samantha,MP,29643,US
a5bec6c0-1b8d-485e-8e2e-14f2330cf243,c272554c-122f-4813-80fc-6ee6cc82a845,shipping,934 Watkins Manor,Lake Susanstad,NE,55443,US
e1a2e861-f259-4c3f-98dc-6f0ed4502717,6521a27f-9a49-4206-897d-9a632b49b12f,shipping,7526 Austin Brook Apt. 482,Hudsonfurt,WY,44130,US
98c89d9a-d4b1-417b-90aa-70ee754fd9ab,4a0f3170-5c9a-4db9-a9c1-6d260ec8a94d,shipping,4583 Heather Shores,South Kimberlyton,FL,61497,US
27fb4cc3-46ab-4a77-ab41-14189d46b732,0c18b148-7f13-4a27-9368-7ee6b41e59b3,shipping,63262 Thompson Trafficway,New Amber,KS,54985,US
3f59680c-e0fa-48cb-b579-b20b3f420c29,00379382-e686-4556-836d-e08919586e2d,shipping,61485 Jonathon Coves Suite 093,Travistown,FL,40140,US
43854201-b24b-4ad0-9317-e2f80b744780,344b3018-8c2b-40df-a843-33ae636d75d6,shipping,483 Nelson Freeway Apt. 276,Ryanhaven,NM,23493,US
d5a78251-d8d6-46de-bed4-2d988b1f9059,344b3018-8c2b-40df-a843-33ae636d75d6,billing,96114 Williams Stravenue,Fritzport,GA,33577,US
f9883e05-5429-4317-9706-90b49be6c8b1,e036b0c8-d846-445b-b45a-ee04f2946252,shipping,170 Bass Hill,New Kellychester,CO,76934,US
d1c4d023-bb25-408d-bb7b-a8b120a73266,37bd3395-2f68-4fcf-bcb0-d74c517f4961,shipping,2939 Torres Parkway,New Rachelport,DC,51983,US
4c26d590-9145-4bca-ba3f-2461ebce9c9b,397ea9ba-95a1-4900-b04a-47fd16599e55,shipping,006 John Canyon,Chenmouth,IL,38909,US
bea5d703-ce83-4bce-896a-d15b3ea61089,5ef9d211-9d65-4049-a066-d3ad0f85effc,shipping,80792 Brewer Springs Apt. 245,South Amy,DC,01647,US
f05747cc-779f-4f1a-b580-4d645b32ff03,ce9a2932-2c36-4e4c-b015-04f0343dbdf0,shipping,903 Gross Ford,Hesterport,AZ,71346,US
b247dca8-3c57-4777-8a52-e596cbb45db5,a6e070ac-e276-4959-9f1e-bc9ede796042,shipping,084 Anna Islands Apt. 411,New Amy,NJ,43139,US
a05dd753-a6a6-4756-9a75-73c4da401fa6,a6e070ac-e276-4959-9f1e-bc9ede796042,billing,569 Patricia Circles,Robertburgh,NY,78285,US
2c1a38b3-8ab8-4ee1-8eea-d0e2e547162c,cbb52d7d-20af-44d4-bfa4-c64c044bac29,shipping,85741 Brian Crescent,New Michael,AZ,62490,US
c49d5d75-1ab3-42a2-984a-171220231bec,6a713b00-78e3-485f-8508-14a6f2d8237f,shipping,2630 Christina Springs Apt. 824,Lake Patrick,VA,17593,US
1829ca85-a6e8-4377-8136-3742b956e59d,e52a9ffb-dc4f-453a-8883-0c7c964f575a,shipping,00234 Alexander Passage,East Benjaminview,AR,48248,US
fee56bc1-728a-4c12-bf4e-5e19f8bbb28f,9ae8ca9e-0de8-428a-8a5b-305750fc7fe5,shipping,58794 Matthew Keys,Castroville,WV,76843,US
535e418c-f125-43fb-9e9d-2d06dc1c170f,fbc2eff6-cf43-44ae-9af7-b82a3709e7d6,shipping,2510 Victoria Square,Simpsonville,PA,51958,US
477a1127-d5a0-41d4-8be2-c66ccda532e8,acc8b2e4-b51d-414a-8675-1971b7db366b,shipping,1132 Christy Manor Suite 035,Port Nicholas,OK,71124,US
227b9d65-4c52-4c54-85aa-cc2d82c2f3f4,c93b3a60-8116-4f1e-b718-7d8d54a85944,shipping,230 Vance Centers Suite 410,East Belindahaven,MT,20437,US
bdb95a45-e7d2-425f-bdcb-b83317196b28,6c267797-b7f9-4da9-b852-2b1111c7e650,shipping,4347 Hernandez Mountain,Ochoaberg,IA,21242,US
18120934-a8c4-4c13-a08e-2d880dfb0f99,ee27e158-a549-4f74-b6c4-4eca6b450528,shipping,46605 Thomas Garden,New Lauratown,MP,12593,US
05c714eb-c3d8-459d-aa96-966155989a48,4e4e4f97-e1d8-4ffa-ba79-0c0a8465225e,shipping,1555 James Common,East Gina,KS,28116,US
a0e8c9ee-51c6-45a3-b64c-fad7fffac2b1,9413465e-2f77-4184-a40f-6eb4b7136aa3,shipping,192 Christopher Place Suite 871,Kathyhaven,NC,42217,US
daa0402c-8f1b-4a25-ba50-e865fe9533b4,ca003260-aed4-464d-b731-b65a0d54f825,shipping,8496 Daniel Manors Apt. 519,East Brandon,MA,43501,US
a713f8f0-2cca-4e5c-b433-5d91488f9230,c06f990f-7a3c-4776-bf61-7ebff5ee2dbf,shipping,033 Anne Radial Suite 840,New Elijah,AL,51932,US
1e0ae229-4754-4649-909d-903ec80a6b04,bb7d016b-5945-41bb-b514-35c237e41941,shipping,1669 Ramirez Mount,South Ryanfort,IN,31591,US
9a9263c0-52e2-4165-8aa9-857174f33891,f86ae282-e38c-487b-8cbd-05d08eeaae63,shipping,270 Heather Stream Suite 982,Caitlynchester,NH,98384,US
6a42b1f7-8e45-4c2d-9232-024863720be3,6809edee-dfe7-4290-b99c-5ec6d53314b5,shipping,231 Brian Springs Apt. 727,Davidchester,MN,21770,US
621ed36b-3c7f-4072-a6bc-020308dd5df9,8ab9c689-f1d4-48f3-adfa-7b65ec8ad26c,shipping,33775 Adam Fields,West Jasonbury,FM,01486,US
050d227a-4b2b-414a-aa9d-441b6131034f,388955ac-bae6-4503-bbda-257ce75ebfa2,shipping,6234 Jones Junction Suite 544,Gabrielville,WV,83002,US
84137ce0-5ae7-4f41-b622-db20b79055c4,433ae590-9953-4d33-a1b0-6ca2e981697a,shipping,801 Tammy Throughway Apt. 158,Port Ryanburgh,GA,39460,US
3dad7239-5b83-4cf5-98d0-3ba4d66e880a,7d24554b-bcd8-4ab3-9212-182c21bcf0c6,shipping,058 Cook Track,Branchburgh,MA,36516,US
0e23adfa-0916-4aed-a6eb-37375c740ba1,7d24554b-bcd8-4ab3-9212-182c21bcf0c6,billing,69280 Adams Landing Apt. 050,Mollychester,SD,71086,US
2d09c32f-6001-4a24-9e3b-32caad147bd4,096355f7-b92a-4f53-93b1-97e9c08e79e3,shipping,757 Anna Parkways Suite 620,North Bradland,CA,53627,US
3bc93450-3b97-4e66-828c-c6dfc88d9d07,b29d84f7-916d-4fb5-899a-8f0eb87a429d,shipping,2624 Maria Port,Port Josephhaven,NC,86949,US
a2657ebc-cca4-4696-926a-15c780d0ec7b,d9bc17c1-5dff-4aa5-8927-c54ad0bdb6e9,shipping,305 Marks Meadow,Port Amy,CO,11220,US
74d3820e-31f8-49c7-8b1f-fe82aa6db79a,18d3d146-d7ee-420a-8609-8970fbd3477b,shipping,9560 Latoya Squares Suite 781,West Andrewshire,AR,57925,US
336a6cc0-8828-4c7d-8f5c-6e6fd53e2339,ca7e562e-08aa-4ff6-a5b6-2327477a84a7,shipping,8971 Moore Skyway,North Douglastown,VA,29790,US
301aa5f1-3ad8-4617-9b42-1eb8cecf4ad5,1b2138d3-4926-4369-8600-7a957eb80c3e,shipping,13252 Johnson Hill,South Jason,OR,57022,US
807ff26e-7288-4c70-9a9b-0b5266d4dbc9,1b2138d3-4926-4369-8600-7a957eb80c3e,billing,115 Evans Points,Gonzalezstad,MP,58490,US
69717bd1-b7f6-4454-b9f0-7846009c7543,c2dd5ef7-935c-47af-a4d1-861dc6728cc6,shipping,35788 Richard Inlet,Ashleyburgh,ID,12044,US
4ba16cb5-1fd0-4cb9-b7fe-fa6652daa953,1205f327-6cf8-4be8-88a7-76988efad19b,shipping,0852 Kristin Burgs Suite 346,Port Isaiah,VT,36577,US
a6fd6666-0f48-48e7-8da9-98974e5b6555,ab24c31a-437c-46f7-a60f-c1fb646756e1,shipping,40941 Wendy Keys Apt. 368,West Emilyview,MN,29783,US
d0f7c40f-e09f-4ea9-a514-4d86de307346,efeec3ec-25ff-4275-bbf2-212ad758768f,shipping,78576 Jeremy Knolls Suite 570,Martinezburgh,CA,99050,US
81db8698-3d18-4508-b377-91408aa71eda,71044862-25b3-4106-a577-32995eb5ca70,shipping,43729 Baxter Pass,New Zachary,PA,27005,US
1a6b2a66-5b38-49d7-aaa5-4736cbdd5a44,80ba41e9-4e10-45b7-9411-9b1103450a70,shipping,33764 Douglas Station Apt. 372,North Steven,NJ,99124,US
78037702-bd99-4921-a46d-6bb7dd59380a,2fa10d97-9573-4817-8ece-01ae4ca142a1,shipping,374 Taylor Ferry,Johnsontown,NV,11590,US
80f5b616-879c-4979-ac90-fbfde0d1e9cd,dc8a6bdc-17b7-4e35-9041-fe2440e08798,shipping,493 Brown Ramp,Hopkinsstad,FM,71577,US
9ac51e1c-78d6-4a05-b8be-6af3c1f905d3,18a831df-a710-4044-b2bf-ab8afba01322,shipping,0404 Parks Trace Suite 635,West Brenda,PR,41836,US
24f57a70-090e-43bc-8496-5abae8a00c99,b06e6997-026a-4818-adae-23ca6b80858b,shipping,61551 Matthew Lakes,South Angela,PA,01017,US
ffbd6e6a-6a71-4198-bd6d-a5555b0bca76,935424de-9732-47bf-abf1-e651fb07b7e8,shipping,427 Zachary Trail Apt. 873,Port Shelley,UT,18748,US
5a81c31d-a785-4aa5-88cc-25e4ba071933,b10f13b9-60f8-4502-a6b3-2364d32c4d60,shipping,8868 Emily Cliffs,Williamsview,MH,69283,US
a7a96967-9c23-4a19-825d-fcab4472aad3,165e9e1c-343e-4882-a47a-f716195ad3d2,shipping,884 Roberts Dale,South Sophia,WA,85585,US
44fc1fcf-fb38-4f2f-83cc-23191706a176,217e6cfb-3b52-4798-a66e-f8ea443d9260,shipping,47642 Jones Radial,Port Bryanville,KS,65928,US
93cf3a9e-2db7-415f-8c62-ec1f9d50a784,bd4122b9-ffba-4398-98e3-ca140ebc2dac,shipping,8938 Dana Street Suite 943,Shafferfort,WI,73675,US
7fded7bb-5d77-4035-a19e-a753497351d5,0fbe453e-74cc-4211-b25a-5c3b6edebe93,shipping,4323 Michael Spur Suite 504,Tylerborough,MA,25014,US
ceeacf69-4f18-45e8-b379-3d96a50d2f13,2df4eae5-5b90-4a0e-91c1-eb33b7654bde,shipping,95116 Golden Square,Lake David,CA,81264,US
6e3772b9-00c0-4a43-bc0c-f55dcc1fb295,1a3c0fca-e301-48e2-ad5e-13b6882aefd9,shipping,3281 Kimberly Parkways Apt. 721,Williamsbury,OR,34635,US
f70563f0-db26-4c25-a6ab-28672cdb11fa,1a3c0fca-e301-48e2-ad5e-13b6882aefd9,billing,159 Martin Walks Apt. 269,Davidview,MT,46312,US
463199ed-5b44-46de-b5e2-a17895c840e2,8ea28b88-62d0-48c5-90c5-64a3f1c3299d,shipping,15740 Daniel Plaza,Stephanieside,NJ,80517,US
0f222956-dcc1-46a5-99c9-066245d67a24,264aabc3-ba45-449c-a463-b5f3a7890a7f,shipping,8817 Smith Skyway,South Lauren,GA,24462,US
ce3ebc91-6ba1-45bb-a2c2-0edcd6e4bd01,a0e3975e-1d3b-4627-a905-929a16aece2b,shipping,178 Dennis Greens,Shannonland,NE,56175,US
eb969a27-abd3-486a-bb7c-f33991797a7f,a0e3975e-1d3b-4627-a905-929a16aece2b,billing,81248 Marcus Keys Apt. 384,Lake Amyfort,RI,03972,US
95aac44d-9438-49a4-80c1-fb81f0dc0bef,7157be03-d258-4f63-b0c7-9985a1fd7af6,shipping,241 Hernandez Road Suite 872,South Robin,AK,99040,US
9c16e9fb-bfc0-49b2-9d2c-0eb90f68d800,d9c8fa95-5a4d-4625-96fd-20a95579a4a8,shipping,32498 Riley Squares Suite 982,Stephanieborough,DC,03337,US
a0ce5fce-8d6d-4c0e-a432-6c29a033193e,9bfb32a3-3dee-4a3f-aa4d-b8f0b1a52c82,shipping,287 Kim Village Apt. 837,Lake Juanmouth,AK,35309,US
9f08f3e1-c3d0-4d54-a021-d51228df272b,fc034c13-d02b-4a67-a16d-02a62b31718f,shipping,4777 Chambers Mission Apt. 701,East Amyfort,GA,14568,US
8f3d37d4-4caf-4806-8095-9a8aafadc38f,6cbc90e7-ddff-4731-99de-6e9a3d1c5602,shipping,3826 Drew Lakes,South Markberg,PW,33325,US
91f4091d-fd3d-4101-b624-8e60a38df7b8,bdca4f98-bfc7-4ed4-8b87-cfa5dcd4cfd6,shipping,51676 Robert Forge Apt. 779,Lake Wayneborough,MH,16099,US
e5827ec1-fffb-4e00-8276-f3e162d5fb0c,a69642dd-a2a0-49e7-bc96-1b344e999040,shipping,68943 Jensen Cliffs Suite 196,Lake Johnhaven,DC,54269,US
d6b88e01-d04d-4f9f-aaa2-acddeb0cdcaf,b9c7fc8e-0dd0-4a4a-8847-9c4c94f89f04,shipping,54324 Campos Station Apt. 176,Paultown,ND,73327,US
2e6bd05b-eafd-44d9-8948-c68e87beaae7,abcf4a33-ae18-4288-afd9-fb7fbba558c0,shipping,646 Yolanda Manor Suite 465,North Christopher,ND,46501,US
85360e26-ad33-4f52-a61c-dc96d7df7b79,77d64a5e-b854-43bb-8dbf-2695112af8ca,shipping,8333 David Harbor Suite 269,Davidsonbury,TN,86641,US
8ad85015-8b66-4a79-a601-02886146e415,0d4a30c0-12e0-4665-937f-b72189638084,shipping,22862 Evan Wall Suite 767,North Julia,MP,39028,US
be16d0cb-c575-4dc9-9dba-25f30b1fce63,5ffd095d-f710-405a-8ba5-12bedd7ff1e8,shipping,63964 Angela Mills,Goldentown,GA,29802,US
e15a0fd2-969c-46ff-b40c-f5847835ff88,70421588-c972-4d7e-9d99-e18d29a1dad1,shipping,1131 Griffin Springs,Port Robert,SD,94943,US
785906e3-5b58-4195-91d7-a952691bd64b,1b2866eb-f417-4418-b9a4-16ac4990734e,shipping,7552 Andrea Stravenue,Lake Jennifershire,ME,46239,US
a048ad5b-3773-4e09-9584-4cb9a24216ff,1b2866eb-f417-4418-b9a4-16ac4990734e,billing,45080 Long Mountains,Jonathanbury,WY,39491,US
74509b5f-f0c0-4b09-9ee6-592140084356,2bd9c51b-ea58-4137-a109-784c1b1c7250,shipping,8798 Alvarez Valleys Apt. 308,East Nicholasbury,NY,16179,US
cb086577-2b9c-468d-b9f8-8a89678b0795,c998971c-40b5-4406-8d51-fc94c255845f,shipping,430 Burns Parkway Suite 320,Port Daniel,AS,99684,US
26dc7d4b-8201-4a8c-b4d0-8fcaaec2bf15,602e7d99-2044-4e5e-a308-90742b119cca,shipping,5292 Bennett Cliffs Suite 244,New Pattyhaven,PR,09619,US
4a597bd1-39b6-4909-b69c-bd9e97c24c80,517fe515-f6dc-4fce-90af-a4eb10a7c213,shipping,39262 Jeremy Isle,Stonebury,OK,61883,US
3dd9d472-02b8-4a4a-9feb-e2c734790d87,09080bc4-6ede-49e6-863a-cf262ea2086e,shipping,510 Kimberly Square Apt. 008,Phelpsborough,ME,13374,US
764d4942-26ff-4d2c-97b4-142d2c544818,229095db-8e41-494c-8b2d-584296d58ebb,shipping,238 Jamie Trafficway Suite 037,Johnsonton,UT,38652,US
49cd93b8-cfc0-49b1-b3a1-6f639551f99d,01421080-babd-4c50-9b92-d23eecb2e674,shipping,11789 Miller Fields,North Jillianfort,MN,62914,US
5d57d54c-9af9-49fa-be0b-57c6bd872482,01421080-babd-4c50-9b92-d23eecb2e674,billing,3989 Estrada Islands Apt. 303,Lake Ronnieport,ID,15960,US
a6ab63af-3fe7-44bf-bf37-cb2def04c352,865fd68c-a26b-46a7-9d1a-f1123cc63569,shipping,46452 Donna Cape,Lake Williamville,WA,77455,US
317971bc-63ac-4c73-89d3-e2e621e44fea,d15f6a11-4285-403c-b714-128d8ac94607,shipping,42967 Le Square Apt. 964,Jonathanshire,VI,11410,US
cead75d4-dfac-48fa-b9b4-8b8c4b84bf7d,3be01f79-b7c6-4f07-883e-6648e381b6f0,shipping,6915 Thomas Burg,Hollandport,AK,17655,US
2e53fe5f-4c4b-4e97-976a-311640d9e146,b7966b72-2ff7-4047-85e5-63c91314bd86,shipping,793 Vickie Spring,Lake Meganshire,AS,64239,US
8a6e2dc2-25f1-40e1-8fcc-10676c6f09c8,f16436dd-efd6-466e-b13f-4b668198e5a4,shipping,06571 Tony Avenue Apt. 462,Lake Miranda,ID,84627,US
a083ca78-9926-44d9-b115-e3ad6cdb5a9a,f16436dd-efd6-466e-b13f-4b668198e5a4,billing,6709 Lindsey Crossing,Lake Joseph,MP,81749,US
70544d2b-e75d-43b3-adc4-d3b69355f3fd,a9ae155a-f008-4bd9-9f15-28f2518f231a,shipping,28592 Jones Roads Suite 204,Jenkinsshire,MT,78213,US
ce703f7e-1e97-4313-a60c-5e99f4031038,5e320bdc-7949-4b01-9aab-eaa664dbe610,shipping,8138 James Neck Suite 077,South Stephanie,NH,90788,US
e746dee8-6b20-4afe-a594-53b34f0fbbd5,f9923a20-e21b-4eff-8ac5-f3ab7c2d9983,shipping,309 Dennis Bridge Apt. 261,Port Kristen,AK,82953,US
6082b3b1-ec8f-4eee-98a8-06b3bf3041e4,56a77b8d-0b3b-42be-8c2f-6f66f15b298c,shipping,89350 Walker Ways Suite 677,Rogersstad,HI,45928,US
1a02db89-6515-42f3-978b-f28dcc0632a9,f021174e-ca21-4a1f-9523-851a74acc6ef,shipping,77827 Lisa Avenue,Rodriguezburgh,DE,55418,US
dcc5cae4-b5f4-47ff-b230-56636989c449,95da1004-8aed-4933-9b72-5f5e789f264b,shipping,741 Walker Viaduct,Rachelmouth,RI,84200,US
5391a982-f8db-4cb2-843b-6ca91f984dc5,7c97446e-2e97-4efb-9729-0583cc67ca95,shipping,318 Darrell Drive,Gloverfurt,ID,97895,US
6dcbdcf7-afe9-4809-ae7c-949771ab5de3,a1046e55-9552-4ae2-94f3-51409ccb1aae,shipping,38257 Melissa Stream Apt. 386,Port Angelamouth,MP,96518,US
2edc03fa-9d7f-41da-95b3-7ce6e11fe980,77e9caad-f57d-418a-89bf-4c16521f8a58,shipping,85823 Danielle Lakes Apt. 278,Williamsborough,KS,45417,US
1969814e-b53c-4a24-b7b2-a52bb19474d6,99fa1c33-7afb-447c-b4d9-825bf2ebb8cc,shipping,1337 Campbell Glens Suite 501,South Luisview,HI,60183,US
bcaf738f-7dfc-4ddd-b06a-ff73b649a69a,6013a149-16d0-4e9c-99e6-146c6c37fb7a,shipping,998 Atkins Gateway,West Jessicastad,TN,41429,US
c0ff2865-57b5-4e55-ae02-beeb47a9d369,0c2c3259-a724-4ae6-ad1f-11e4bf2ce6f7,shipping,21564 Reyes Shore Suite 299,Lisamouth,FM,90161,US
027595ea-a9c7-45e0-9942-176bb756568f,7c66766a-858f-4235-b1f0-8d62b6939cca,shipping,4660 Williams Points,North Judymouth,VI,46901,US
e7f0ae17-90fb-41c4-b5f5-5bf04daa37ec,c90ee48b-0ac5-4112-8997-a5729335939b,shipping,29296 Phillips Cove,West Steve,FM,57738,US
0358d30c-a605-4cf4-905f-92cdd29253df,84b42102-d10c-447b-88e1-300f92500c2b,shipping,44652 Hill Mills Apt. 759,North Heather,SC,98081,US
be66c9f7-47a5-4303-a113-806c0faeefba,43f96494-daee-4784-aeb7-bd7f656e69b3,shipping,349 Parsons Forks,Braybury,AK,72811,US
ebbb8c32-c128-4a7e-b627-9807523a8486,13e10831-ab7d-4589-ae8d-a9268a0ff49d,shipping,1173 Pedro Forges,Rodneyshire,PR,32148,US
63876292-105b-4a62-82aa-25dba7be1052,5153db5f-478b-4a5f-96d3-012cbb407e18,shipping,72962 Brown Mills,Gregoryland,ME,82696,US
6189ddef-4fca-4c3d-a67d-68389b66ba70,199ca148-3a9c-4799-84b3-35636660ad94,shipping,7499 Luis Branch Suite 819,Millerton,WY,39059,US
10d6422a-e125-493b-9b57-94ec0ee4915c,e763a3b0-a9e8-4640-a188-dd58131f9963,shipping,22165 Robert Squares Suite 975,Travishaven,MP,43642,US
b8780ed6-a760-4a8e-b0a0-ee75d842dd20,0a6eaf33-3d7a-468c-b376-89a3c0931ffb,shipping,17928 Jonathan Mission Suite 568,East Marialand,KY,88636,US
726ce452-5fc7-405b-bdfb-d0b412fcb210,0a6eaf33-3d7a-468c-b376-89a3c0931ffb,billing,0431 Terrance Mills,Maysfort,GA,21322,US
4ea4784b-60d7-42cd-adcd-f05316efdc11,5ad59738-67c4-4a45-b3b9-38cae1df41bd,shipping,00339 Timothy Mount Apt. 971,Barkerfort,PA,38836,US
d79de4f4-4538-4ea3-8154-55cdb857b6b8,045d2da3-8fd6-46f6-974a-bf9cd0f4a12c,shipping,364 Edward Mills Suite 006,New Bethany,LA,17857,US
4113a429-4776-40e0-bba5-46c9631d05a9,1fa6ffa7-092a-4721-9e82-57516c75fd4d,shipping,451 Vanessa Stream,Larsonburgh,ND,09943,US
67cb0c6a-511a-4076-b39f-832f3fd545af,1fa6ffa7-092a-4721-9e82-57516c75fd4d,billing,7769 Schmitt Mountain Apt. 438,Matthewfurt,VI,54242,US
b7b7b1e4-c9f9-4aff-9fa6-de30c0de996d,b60ed3fa-14be-4ac0-81c2-e1925aa23dcf,shipping,228 James Knoll,Bonillatown,VI,15119,US
fc2f2477-3e99-4c8f-9d3a-54cb2e7abf6d,0d2d9a23-33b0-42a1-b7cf-901ab535a6cb,shipping,9781 Ross Ridges Apt. 189,West Joseph,FL,69756,US
04bb0f79-3ece-4224-b184-7fcab0b32750,e6c110cf-7b30-441e-9ff4-d048a1fe90c9,shipping,31376 Morgan Walk Apt. 325,Port Edwardfurt,AL,19298,US
47001c3e-3cc9-46bb-85d8-10f3b061de91,ce36ae0a-efa4-41a8-aa6a-0ffddc82efce,shipping,6087 Nathan Ford Apt. 666,South Karashire,MA,24023,US
81cd74d2-0c93-4731-8882-6eb5e88842e4,593965b1-0bf5-4b1a-ad0d-d3bda42261eb,shipping,525 Ross Trace Apt. 669,Watkinshaven,AS,02167,US
8e0d7d8d-7109-49fd-a80c-9fafa2eebacb,ce3f8fdc-126c-4382-84ab-87acc1683376,shipping,7524 Ruiz Ports,Jamestown,LA,29367,US
86e48d76-243e-49cb-bd56-aca390d6c4cc,96dfc842-4b1c-4ee8-bebc-0acbcd3b7343,shipping,271 Garcia Coves Apt. 505,Lake Kayla,OR,24726,US
1d0fb438-b271-41f3-b583-f7d4e323491a,96dfc842-4b1c-4ee8-bebc-0acbcd3b7343,billing,92807 Davis Hills,Lake Sarah,MI,58874,US
d863c232-5a33-4927-95f1-be89aa708b6d,6ca73d12-86cf-4279-92d1-df18719675cb,shipping,6130 Bray Summit,Robinsonhaven,ID,42879,US
e2220803-744f-4087-bc9c-60ebdc2b461c,2d851d72-89ba-4e17-9f58-a3853b795b0c,shipping,6310 Todd Views Apt. 078,New Amandabury,CT,42001,US
984dcd50-baf8-460a-bd24-10e1a647eff5,c900dc00-d1fa-489c-ab41-3b37eac6463c,shipping,5770 Schmidt Freeway,West Morganland,AR,33727,US
2eb148ac-a4ff-4267-aa3f-609fd6d49734,56c02b8b-5042-476e-8353-11e07e49a651,shipping,57726 Kathleen Haven,Victoriatown,ND,90607,US
204d0f0e-3d91-4b75-97c3-dee80c797aa8,17107628-134a-4472-a645-c4c154bc5fd1,shipping,06356 Amanda Pass Apt. 822,Robinsonstad,DC,08232,US
6697b818-1b1c-48ad-8c5c-5025268958aa,bf81b01d-8e05-4758-8b29-e9ecfe0e7da2,shipping,0353 Houston Circles Apt. 736,Port Joseph,KS,80314,US
4c523ec6-7e14-4889-b389-97e0077e1290,bf81b01d-8e05-4758-8b29-e9ecfe0e7da2,billing,83537 Kylie Shoal,South Andrew,MO,81754,US
a0a25acf-12ac-43b1-8b39-7c3ceec3885a,64a305f3-00ee-4a3f-9983-bbfcba62616c,shipping,8803 Monique Burgs Apt. 974,Jamesland,OH,62388,US
e3bc9a10-c87e-45ae-a97d-0fe35fb6112c,aebb0864-60f0-4239-abd1-40a6e3903a99,shipping,4256 Jeffrey Loop,North Christopherside,DE,42746,US
89fd3bcc-74c0-4368-83ec-69768cc40a33,4eb8e76c-162f-4256-b6bc-56698d2decc9,shipping,018 Jessica Drive Apt. 761,Port Cynthia,DC,57202,US
7d8f26b1-28ab-47bb-82f3-499165139772,b3abc53d-729b-4434-a69c-47ef12622923,shipping,3363 Hardy Drives,New Kimberlyside,VA,56988,US
1e42508a-787d-4c28-99fa-906e93c8c71e,ece0dced-c0cb-490b-8791-dc5d2905179c,shipping,594 Williams Ways Apt. 849,Reyesfurt,IN,98196,US
363a826b-7f46-4d06-a4b7-d36ca9c230da,bda37465-27ae-4df3-9cbb-3aa8b664baca,shipping,0034 William Mountain,New Robertside,VT,64438,US
b9676149-1c4b-482f-9e36-6fd7502bf09c,bda37465-27ae-4df3-9cbb-3aa8b664baca,billing,1601 Martin Parks Suite 954,West Ryanburgh,NM,91469,US
b348b7df-869e-4ffe-bab8-c3e96e889788,a070c819-7d39-4c70-b252-23b1c95de1c3,shipping,28119 Owens Land,Tracyberg,MD,40122,US
7178ca93-5a45-48fe-9e7b-dea05881a666,d77fa877-a3a9-43da-a630-e8562adcda92,shipping,4032 King Brooks Suite 261,East Daniellefurt,WV,04010,US
53974adf-139e-4c8e-9405-d60e73035f1d,092d5b61-cad2-410b-8437-5594a9bcc366,shipping,317 Walker Corners,Port Sarahfurt,OH,30598,US
0a754003-1c15-421a-a61d-29ac0db46dc5,fbebe695-eb2b-432a-a3e6-164044a724a9,shipping,396 Michael Mission,West Shawn,FM,40934,US
e47ff209-5991-466e-86b7-06c459d38991,f3ae3ebc-76dd-47f4-b74c-5d7a96f9e72b,shipping,58462 David Underpass,Nicoleport,DE,69634,US
77d215a1-02e7-4796-9eab-12a5f0e7deb2,053b4ec8-46a8-43b7-9cfc-8299b1888425,shipping,429 Boone Loop,South Jason,OR,48960,US
260270e0-5f41-49dd-9ba3-94ebe9b837a1,053b4ec8-46a8-43b7-9cfc-8299b1888425,billing,0038 Hayes Spring,Port Bradleyshire,MO,43980,US
153f5d0d-8394-4284-a31b-8d3d5e780733,22d3f4b7-f557-4082-9da6-8646c158e9d4,shipping,416 Heather Brook,Adamsborough,VI,21579,US
8d1e6cb3-d31e-4cd9-9c34-e0d3a7cc5d3e,22d3f4b7-f557-4082-9da6-8646c158e9d4,billing,520 Oconnell Ferry Apt. 074,New Connie,WV,21880,US
9a2a85b2-961e-4317-80d8-6f956dce9e6c,df772d5d-51f7-44ee-a306-14259803f29b,shipping,1637 Patrick View Apt. 432,Allenview,MH,57333,US
9711afd9-b74f-4d9e-bd11-06d7951c6670,972674f7-7ebd-46a7-80e7-96d0493416ec,shipping,8479 Crystal Tunnel Suite 370,Smithmouth,NC,56662,US
8471af16-6c7b-4dc5-805f-b104201a5ce4,10c890ba-43d0-4ad7-8488-e4202b8b0b20,shipping,30124 Alec Circle Apt. 963,Danielview,TN,08279,US
ceb5842e-31f9-433e-aa08-3d94adf2e8e1,7665da87-e855-464b-b52c-f8911ad24cf0,shipping,2422 Lewis Park Apt. 382,Lake Jeremiah,NJ,90564,US
1053d111-21e3-4d28-8b6a-50123b211e3d,32924b88-d10a-40cb-beac-d7d1c2ad4430,shipping,1219 King Fords Suite 035,Davidfurt,AK,53521,US
0f5f86a5-0532-4165-aa41-164f259dc2bc,179a6a19-7a6c-4947-b22a-083dd549f18d,shipping,80507 Jennifer Spring,Shirleymouth,DE,34440,US
32ee1cc9-be97-40f5-b024-1b5763c67f7a,179a6a19-7a6c-4947-b22a-083dd549f18d,billing,65620 Michelle Row Apt. 988,Lake Tiffany,GA,09212,US
1c9036bc-3b20-4405-8d44-c86c9598f1a6,e0fc1b10-15e6-48ae-bef4-39cadf102155,shipping,1662 Atkins Causeway,Nealton,WA,37451,US
65da7cde-61f1-4cc7-ab48-dcc592c4025c,e0fc1b10-15e6-48ae-bef4-39cadf102155,billing,4639 Porter Valleys,Robertton,PW,78214,US
4b2069ba-78f1-4b6f-9c93-bdf6a91f8e81,3b4f921c-12d4-4feb-8510-aa69c777751e,shipping,0241 Mark Brooks,South Margaret,WI,83228,US
705d83a8-1317-4b9b-ac5c-f90e86dbf5e5,eb6a7059-c3af-4f1f-8772-a709b60d3ea6,shipping,9222 Chris Bypass Apt. 927,East Scottside,MN,41102,US
0746cc4d-2d6c-4a2c-b154-07cf1acd1b10,8c30f407-d514-4766-8400-be5e3d0e65e1,shipping,54810 Melody Mount Apt. 031,Robertsontown,LA,56092,US
d954b973-9d07-42bf-bad7-ec2ab7deb52b,2c6bd4f4-5cec-4eae-b948-86e4bacac6fb,shipping,810 Wanda Rapids Suite 387,South Jennifer,DC,56001,US
35e4d9b4-d888-4736-8393-475c342b63e9,40d67a67-9e36-4ea7-88b4-6e8d4b5db472,shipping,393 Flynn Brooks,East Joshuahaven,WV,05263,US
6d63091a-1237-483c-b552-15c790dfcf58,be85e54f-fbc6-454d-95cf-e95b3e4d581f,shipping,957 Hall Isle,Keithport,TX,86932,US
c0d693ca-bde2-4052-9bbe-82bfa27a0fde,791a84ea-a963-4e4e-bd2f-a6273cd3af37,shipping,232 John Plain,Lake Chadview,CO,21550,US
3677d210-c1dc-4154-aaf3-e3ff0d03df71,45c483be-50b9-4e3b-9905-844e4f2136f0,shipping,0597 Wallace Locks Suite 391,Anthonyborough,ID,11952,US
ef3ecbca-f49a-40b5-86b5-db91aa5108e8,45c483be-50b9-4e3b-9905-844e4f2136f0,billing,014 Stephen Ridge,Andrefort,MT,53169,US
5c6c47a1-f1f6-4b8d-9fee-1c9ddc1468c7,0cf2f1a5-646e-4bb2-9f1f-74866b080092,shipping,72484 Perkins Mission Suite 079,East Nicholasfort,SC,01808,US
024c7f5f-8c50-480c-bbfb-51a0523fc17b,369ca751-c1f9-4990-b43f-68d900850b3a,shipping,33161 Jared Centers,Kevinside,WV,46520,US
6505a357-a6be-417e-b292-335e12031092,601e2367-d491-471f-ab95-00dad81ea87b,shipping,4325 Diane Landing Suite 704,Taylorshire,MA,82028,US
a5a290b0-22df-47f1-9f7f-04c74f9e179f,c630c1d7-df06-469a-bceb-87635d53ea8c,shipping,77077 Arnold Ridge Suite 190,West Sandra,GA,31534,US
9c59fb72-58af-4aad-a5e2-090639037fba,05d09c6d-44ca-49ef-9240-62c510dec249,shipping,65246 Wells Vista Apt. 095,New Amanda,HI,31057,US
36ccdf27-4317-4239-86ff-a934f8c05062,c9eec621-e11e-492d-a349-ae7a9d1e382d,shipping,566 Tara Way Suite 748,West Christopher,WV,68611,US
265e49e5-545b-4a43-be1c-e049e2137575,75cad415-3e2c-4063-9771-27a3424b406a,shipping,3567 Hunter Isle,Stephenfort,NV,10331,US
3708c0d5-7c44-49ec-b325-6a1193d07f00,40123ce4-e626-47b5-afc8-98866e4282f3,shipping,91580 Rivera Plaza Apt. 478,Cherylchester,TX,30210,US
d95e4165-5a40-469e-82f9-8f09eeecd619,6d836f27-fc4b-4f7e-97c0-e34c8c193e3e,shipping,504 Ricardo Mountains,North Hannah,NY,51624,US
88cb2b51-98e3-40f9-b72d-34def35a2685,ba1969ac-4374-4c55-abf8-a6d10fe57f4d,shipping,5239 Davis Views Suite 788,Connerchester,RI,56719,US
870fed12-a54d-4320-89bf-c3ab09be3fb0,83972cf5-505a-41e7-858c-2fb21d59588a,shipping,210 Anderson Squares Apt. 217,Brownmouth,MA,14058,US
f69f6c81-abcc-4ec4-afb7-afdbea59e538,60af1ef6-3065-4a7d-8ebd-54cd5aa02b17,shipping,38039 Dean Branch Suite 718,Andreamouth,NY,33368,US
5a817089-e225-490b-97f9-2c9268182b3d,60af1ef6-3065-4a7d-8ebd-54cd5aa02b17,billing,224 Long Spur,Emmahaven,MH,95488,US
97ac09c3-0b23-4570-bf30-e831aa4370c5,52c253c0-2157-42cd-b12e-5784b36bd38a,shipping,7390 Long Track,West Tinaland,KS,58337,US
67606788-b177-4150-8af5-275f58a9f2c1,a4fb300f-5944-4853-85a3-fb41c113ee82,shipping,24210 Parker Drives Apt. 073,Laneside,WA,25792,US
8a668069-8a70-44ce-919d-7eecce99ac9d,ad63852d-8706-43d7-8d91-f74f15a07fa5,shipping,29337 Cindy Pine,West Carla,WA,72821,US
90872a42-f672-4939-8b9f-f0c46442ecc6,5f1835d7-9313-4a92-a3f6-12cfdedf032e,shipping,82382 Suzanne Fall Apt. 982,North Walterview,MI,77673,US
9ee33c98-d941-49fe-9223-2e262e43e590,46db29a6-1c01-4a79-9814-17728686a7ce,shipping,297 Edwards Valley Apt. 581,Lake Jason,NJ,69252,US
99db85b7-a7cd-45bb-807c-af6382714217,3712fcf9-7f47-44b1-b3d2-a3e2b94063f1,shipping,656 Bruce Spring,Davidton,WI,27924,US
dab3e99e-7749-4c0a-84bc-93cd349b58ea,3712fcf9-7f47-44b1-b3d2-a3e2b94063f1,billing,28992 Fowler Ridge Apt. 065,North Sean,MH,09520,US
0c9470f6-68f1-4348-8e89-82de63ec3129,3c44d861-f850-4eef-a87f-2569b1c638cc,shipping,6631 Sullivan Crossroad Suite 625,South Jaime,WY,47531,US
3ea97a59-ad35-4fc8-9640-7eee59d993c0,3c44d861-f850-4eef-a87f-2569b1c638cc,billing,875 Rollins Mall,South Johnny,MH,50784,US
9ec44d95-8e0e-4955-9b36-8729e45f6d49,99aa60e0-eb6c-419a-a544-64b297ef787d,shipping,63482 Banks Curve,Danieltown,PW,79860,US
ab92f0aa-b4ae-465f-a4ef-40c9f80966ae,7bceb2de-8e60-4eef-8ff2-dce6275b8175,shipping,67473 Eugene Curve Apt. 772,New Rachel,KS,14978,US
b41bb2c6-3842-4859-85ed-f9cfc2d4d20f,7bceb2de-8e60-4eef-8ff2-dce6275b8175,billing,958 Adriana Passage,Gravesburgh,IN,06836,US
1a7c7dd8-3ea3-4835-be8f-f38e2ddfbd3c,30c0d755-3d7b-452d-bc6a-2f7dc20c6fd7,shipping,629 Martin Loop,Tracyfort,KY,68874,US
e438fa79-6002-442f-8e2a-63bfd0a76740,30c0d755-3d7b-452d-bc6a-2f7dc20c6fd7,billing,767 Durham Stream,Lake Laura,MI,81445,US
84b7f6b7-71c5-47a6-ab57-749e5e3f6931,f89c846f-14e8-4ea5-99c1-5814cbb2b837,shipping,3483 Yang Course,Monicaside,WI,65001,US
833fe47f-0f4e-4c85-b16d-7b8a6075970e,11d1ab57-65c2-4963-a132-d031d71d4b0f,shipping,5406 Charles Valleys,North John,MH,49733,US
a5a67c05-636d-4f5e-8836-edf42be562fb,56534ed1-967a-4ca7-bf51-aa8ec2afccba,shipping,54337 Mahoney Fall,Riveraburgh,WY,05142,US
1ad799df-20df-490e-a459-688e7572838b,119ddf27-9a3b-4366-87c6-f2fc8dedd3a9,shipping,612 Gonzalez Stravenue,Rosehaven,ID,64089,US
6da8d2c3-bada-4456-8020-b78ff180a7b6,c8ebfbce-610d-4cda-a024-dc4379a546b8,shipping,179 Joseph Station,Hawkinsview,LA,06927,US
fa79dadf-f70e-47c4-8094-64b799ef9030,8cb3da2e-ccf1-4eae-89a6-8509424314d5,shipping,7799 Mills Walks,Kristenton,TX,59328,US
3ee0a0a1-39cd-4e09-bf97-0445ff08e14d,c3e7d80d-34bd-4499-8a88-4ee131ddb9d7,shipping,98227 Stacey Parkway Apt. 902,Port Jade,NH,62474,US
102b5707-f9fc-406d-a063-3821681a0321,080c0e19-c287-40a5-a7c7-19c5d02fcefa,shipping,83082 Warren Forks Suite 004,South Jesseberg,OR,33879,US
4441b7a2-38ec-4549-9bb5-51edcf3b4c00,a37db927-3e03-4ecb-a8ff-7ea941ba8f5f,shipping,33620 Martinez Expressway,Michelleborough,FL,30169,US
d7569348-96c8-468a-a26b-715ad3e4ac42,7cb31836-bc22-431f-a081-04ca235978e6,shipping,575 Owens Station Apt. 384,New Mary,CT,97161,US
ce8a1ac1-d5c1-4810-8614-389d18dd1aeb,3d1bbac8-5709-4a01-8334-1c7ec2e714c8,shipping,6370 Jenkins Springs,North Aliciaview,TX,88536,US
4df428ae-944d-40d0-8e93-18b54f3a9dbf,72cf2955-1497-413a-9975-6d361c9f9764,shipping,0391 Brian Common Apt. 617,Port Brandi,SD,52864,US
6fdb3994-db45-4c91-a56b-a3d414bf402e,c46dfc98-6a6a-4663-9529-961be574cf91,shipping,96086 Mathis Fall,North Melissa,IA,37832,US
624449a0-d023-444b-a96d-fd0085acefeb,e79837a1-279b-4762-8b06-8102c9a0a9ff,shipping,48418 Sherry Lane Suite 822,Lake David,KS,42544,US
28989ccb-d124-4977-a910-be5faa5ed0e3,6d8ed5f0-b8b2-4c6b-b9cf-e26fa2c5d637,shipping,477 Lee Land,Waltershire,DC,52016,US
18bf58b1-0e97-4af1-9213-2bbb00341a97,ae3f5d03-1ba3-4cf7-874b-328b60b79a3b,shipping,31412 Melendez Glen,New Allenstad,OH,81161,US
e37475b5-80f7-4f28-a89d-9a49d960eb3a,def5a48b-0a32-4329-82f2-fe6bdffae770,shipping,1560 Tonya Mall Suite 312,Joelfort,GU,89976,US
b2fca36c-b619-4672-bad5-2cbd67a77f50,19ee574f-8db4-4a62-927b-b951c7c15898,shipping,05349 Wendy Prairie Suite 998,Lake Elizabethton,AL,63720,US
450ee7d7-c690-451e-8f6f-a6b890037f30,688a2123-82c6-47c0-977f-9cac6dd3e7a5,shipping,81074 Garcia Via,Mendozaberg,NY,43138,US
74fe9249-41d2-4600-b7a6-53b94946b0c6,5aee3ad1-4626-43a0-bf83-7953f54d3bac,shipping,88843 Brown Track Apt. 708,Mcclureton,NC,83768,US
a5e31e71-428e-4b1e-bc19-c64b34b02aa1,4cc4266a-db55-4764-b44b-be75f149c6ad,shipping,27630 Solis Prairie Suite 596,West Stephanie,MO,11379,US
d64127e6-b337-4f20-b891-8b6297cea237,8c6b6ccf-6501-49aa-877a-fb8766a22757,shipping,3462 Tiffany Fields,East Davidhaven,NE,42130,US
0131e74a-befc-4c48-886c-03c9150bbee2,ad68437b-9927-426c-be60-c2d0e139f200,shipping,02071 Fred Garden Suite 250,Lake Jason,MT,51126,US
7fed537b-8e96-4151-bb9f-d658661400a2,eb9d7e69-71bf-45c8-81f0-69f9b4d7c446,shipping,9724 Williams Road Apt. 011,Port Laceyfort,FM,77270,US
3664103d-be8f-4ad1-a393-8be7e45862ad,eb9d7e69-71bf-45c8-81f0-69f9b4d7c446,billing,31730 Freeman Courts,Rioshaven,FM,67073,US
b88678f6-6400-4460-b5e4-d459daa3ed4a,81d3017d-d24c-4979-a1d4-7b9d76b0d881,shipping,87281 Holloway Track,Lorrainechester,NV,23275,US
7341a0fc-52bd-4937-8d20-102633d5b356,81d3017d-d24c-4979-a1d4-7b9d76b0d881,billing,59728 Jordan Center,Robertsonside,GU,49033,US
893a9cba-80c5-4750-9d73-11e8ee6817c1,d4143ca6-9b66-40d3-b33f-acb4214a7b43,shipping,99932 Molina Mission,Kimport,TX,24414,US
371da30a-b898-4579-808d-26a588aed807,d4143ca6-9b66-40d3-b33f-acb4214a7b43,billing,633 Gardner Trafficway,New Valerietown,AK,53014,US
3f9b2e03-ed95-438b-af17-62e0490ae700,2706160e-5c16-4c31-85d5-8aa4e7cc7dbd,shipping,702 Raymond Stravenue Apt. 594,Farrellport,PW,80441,US
9b14558c-1808-4fb6-b418-3a8b8759ecd8,abc4f88f-9667-470e-90f0-8c3a7bd2a92e,shipping,90026 David Loaf Apt. 587,Maryfort,VI,05955,US
c65123bb-53aa-4aa1-9698-07af089407a7,9c822004-8b93-42d6-bdca-bc296867f5eb,shipping,6287 Keith Groves Suite 310,Lake Thomashaven,MA,71486,US
2cf0b5df-7a24-4d06-b0b1-959b337ae308,a8ad85c3-f0ec-4446-a5bd-a6d9a1a34f4b,shipping,907 Austin Park,Jasonport,MP,11172,US
02b12d60-82cf-4827-8ff9-c247ef9b303d,d845cbf4-650f-4f89-8e17-ad2b627ddbeb,shipping,222 Gerald Stravenue,South Derekville,DE,52244,US
5323d544-f117-4940-8636-2796238400c5,a635a3bb-9736-46e8-9237-223c8dad4e03,shipping,1750 Darius Walk,Samuelbury,AS,10059,US
80f276e5-bd27-4a6f-b2ff-a69ff268009c,a5c4edab-5447-4313-ab6d-a1ab33aa6ada,shipping,4466 Brian Shoals Suite 444,Laurachester,VT,00543,US
93e74d75-8c1f-4061-bff3-fd996fb25c05,a5c4edab-5447-4313-ab6d-a1ab33aa6ada,billing,9702 Martinez Court Suite 501,Port Jimmyton,GU,51413,US
c4d1b047-be93-46ea-978a-8438fb04b895,401cffb2-2b91-437d-b240-2389fbf8b48e,shipping,22959 Philip Island,Cameronview,ID,23263,US
6a701893-632e-4934-9db8-5f430c86d4d8,8459fda8-900d-4e85-8b4c-bf8303f5710e,shipping,69995 Todd Ridges Suite 326,North Elizabethfort,WI,93053,US
c2dfde1f-bc57-4731-9130-8923f0770d6b,3f2ef2f6-3f2d-45d6-87f4-1bbed9a11dda,shipping,7280 Angela Oval Apt. 993,Rayborough,WA,99085,US
9736263c-34eb-41de-900c-3661882926f8,c3d36acf-120e-44b2-9b61-9e9c40b73a25,shipping,961 Taylor Courts Suite 636,Port Sierra,AR,44473,US
52cedd25-6520-4198-aabf-30d4527d3808,8ea5a728-0486-441c-949c-9357d8f018e9,shipping,155 Dillon Drives,Lisahaven,AL,61196,US
b3b9382f-2920-4c58-a207-87730d1cd343,3c6c6cfd-7ea7-4036-a78e-6ab77d12fb88,shipping,4370 Jasmine Roads Suite 123,Lake Shannon,KY,75552,US
69127f16-febc-4bc5-89c5-976005c1e21b,8aa9c9ab-5ca2-4284-90c2-1d451e85044c,shipping,1820 Jenkins Divide,New Jessicaview,HI,67643,US
dc381bf0-a1de-4dc5-bc4d-678163fe8bae,9fbb342f-06fc-407a-baaa-af5490fd1189,shipping,857 Christopher Prairie Apt. 466,East Bradland,NC,44833,US
e79b225f-4dc2-4bbc-956b-90347157ab0a,9fbb342f-06fc-407a-baaa-af5490fd1189,billing,120 Jones Valleys Suite 507,Ambershire,MA,51736,US
0d8437c5-e3c3-46c1-b3ed-d0b61d70dac1,74580c20-057f-4f4f-a337-c7c5a3027712,shipping,9635 Hall Roads Apt. 530,South Kurtton,AK,72817,US
e436b530-2bdd-40f2-92f9-104c8ec5652a,74580c20-057f-4f4f-a337-c7c5a3027712,billing,1867 Cassandra Via,Littleside,MT,79824,US
79b36a67-218f-4eb3-951b-9f41dc17f39a,fc6e4534-227a-4c28-bf52-e0f89e7bdf79,shipping,7481 Robert Overpass,West Leslieview,WA,64820,US
84839fff-7fe9-4bef-8449-9f6b414f1beb,fc6e4534-227a-4c28-bf52-e0f89e7bdf79,billing,481 Castillo Skyway,Elizabethhaven,AR,06760,US
6edff466-4921-4839-b69b-5cd7bbe8ee02,7ffca430-90ea-4653-921b-afb75b7cda0b,shipping,873 Hernandez Gateway Apt. 635,East Abigail,MD,89879,US
03cadc61-7167-45da-9365-a73128aab962,c4591691-712e-4038-b414-f6f28e2249ae,shipping,97285 Ashley Shoal,Shannonview,FL,93173,US
6c9c3cb6-08b5-4fda-ace2-859d57870c1e,4f3f49f1-838d-4336-8cef-dd3f0e0f91c8,shipping,8055 Micheal Hills,West Chad,WI,97993,US
c643b02e-9fc0-4f9a-8df1-8291931ddb8c,e834e625-9d1e-476d-8207-a4dbd9e92989,shipping,687 Ho Throughway,Kimport,NC,42430,US
c2bacfc6-0e05-4fb5-9182-7adcd8f2a986,3eb089f8-7250-4db5-9570-42700e60392b,shipping,66925 Scott Corners Apt. 609,Jacquelineville,SC,22250,US
4c08b28f-5821-4fbb-8b6f-044db8145d79,82fda75c-4060-41cf-ad30-8b27c81adf50,shipping,19634 Obrien Wells,Anitaville,AK,63230,US
efd9a4e4-c93b-47c6-922a-1224e57555e3,f1b70d89-9140-4aa9-92c7-fec3db1883e1,shipping,11170 Barnes Causeway,New Sarahburgh,MO,87795,US
bd005bde-c128-4b14-9a04-9ec729e98410,687de045-348a-4b4e-b6f6-0ab469d70bde,shipping,9882 Hamilton Mountain Apt. 941,Richardview,FL,67593,US
0d88ddd3-6c8d-47e4-af99-5faf3b0e9834,9982b311-4f09-4f27-a6e5-91ba7f2c3a68,shipping,3143 Wallace Meadows Apt. 819,Brittneyshire,AL,16234,US
fe943c40-a6a5-4a41-9343-b36075f73240,1e94e418-429f-4e26-8464-92af7bca4c90,shipping,295 Wright Plaza Suite 475,Melaniestad,WY,12635,US
437e08a1-e924-46bc-b54e-69ef3fc20dbe,1e94e418-429f-4e26-8464-92af7bca4c90,billing,0861 Jennifer Loop,Wellsburgh,OH,24738,US
2b1a871a-fee2-4b04-85da-ccf524961bf6,08e82dff-59d8-4867-b4d3-1f4d39ec21d2,shipping,999 Denise Walks Suite 762,West Rebecca,IL,10003,US
6926ebfa-499a-45c7-837b-35e52f1bc65c,9bccd3be-1929-4a69-83eb-19a37f26a379,shipping,460 Lane Keys Suite 950,Hughesshire,UT,30465,US
7472a2b0-44f7-4354-b20b-bafce11ec1f1,9bccd3be-1929-4a69-83eb-19a37f26a379,billing,872 Anderson Glens Suite 280,Englishport,PR,16884,US
cbdeccba-1363-47d0-8285-6f5463267218,d9caf7d3-4842-4c6b-97c3-664777da8970,shipping,5575 Adam Pine Suite 545,Riosland,FM,76059,US
f3a056d7-97b1-474f-84c0-465f7c6a1549,a2fd2457-5f71-4579-beac-68d14169e952,shipping,777 Elizabeth Islands,New Michaeltown,VA,97468,US
b3c80567-2d90-4213-90c3-73ec706b81a1,6fc18cd0-8366-431d-b4ba-2455b1499ae8,shipping,37701 Short Hill,East Mario,NM,75213,US
40934f1a-d1a3-4605-bef3-156ed5d2a1f7,475da3cb-89b3-46ef-929a-01cff06adabb,shipping,0069 Barbara Row Apt. 180,Lake Tanyaburgh,WV,92072,US
fba88b88-ca91-433c-baff-6b04744854ee,6d519601-8980-431c-91bc-3a56e2b65292,shipping,297 Brown Fall,Stevenport,NM,40168,US
36c88042-3309-4739-b42c-4ae02645f219,0e5f3eaf-17d1-4e8e-ad71-05a91742468f,shipping,87143 Daniel Grove Suite 507,Vargasmouth,MP,96688,US
84356d32-aa15-4fe5-b87b-8ddc26320bb9,9c8a7ed8-c8d7-4d53-b0f3-c4a29c4cbaf8,shipping,1646 Hansen Streets,East Jamesfurt,NY,41348,US
bb98d67c-26a4-44c5-a49c-191cbcaec70e,9c8a7ed8-c8d7-4d53-b0f3-c4a29c4cbaf8,billing,639 Mack Squares Suite 325,Zacharyland,AS,51128,US
eeec6243-57d0-4062-b538-3bb1239112c1,6424c711-f2c9-4fc7-9962-011b098a0056,shipping,000 Susan Neck Suite 418,Michaelhaven,ME,25310,US
c3938e30-1394-4381-9977-d6808691dcfd,3b9b9716-c607-436d-ad19-882da7cd1768,shipping,7084 Zuniga Ways,Cochranport,PA,54132,US
0f711c2d-6a5b-4eec-a884-a72ed4a712f9,3cd3a5b0-7388-4eef-b951-909200c5140a,shipping,361 Turner Meadows Apt. 554,Port Emilyton,AZ,65216,US
08eecd3e-e818-4529-a40c-bf5e867b750b,75fe6778-98ce-4c74-aab4-39ce80b117e4,shipping,2856 James Plain Apt. 872,South Taylor,MT,00719,US
866e594c-ef83-4cfd-b0e0-fa5c8426f307,9f608e86-46a0-4366-8c78-ab1d80377657,shipping,96658 Johnson Orchard,Lake Carlosfurt,WY,02223,US
10788949-c4a0-4369-b739-eea02748b6c0,9f608e86-46a0-4366-8c78-ab1d80377657,billing,105 Scott Hills Apt. 152,East Kristiport,NC,68970,US
bf496407-aea4-44a2-92bd-b00b7effad98,a592075d-d55d-4e61-99f7-b679547ec395,shipping,75488 Gary Locks,Patriciaside,NM,82413,US
2aeacd57-1d5b-49e3-9f10-79344aa53aee,f7faff07-ae6d-437a-8cb5-2e77e99c9e6c,shipping,57530 Phillips Via,Port Joycefurt,PW,48176,US
a6fc6661-2b6c-40ca-9cf3-e89502f26537,362e9163-9cb6-49de-ab0b-1d55c5be45cc,shipping,724 Michael Unions Suite 137,North Sarah,NE,68039,US
8aa31518-2b08-4f91-88da-be0393769886,e17d2e37-f977-433f-a292-b011d2ab58dd,shipping,14110 Darren Stream Suite 707,North Jessicachester,CT,11946,US
7b131d94-1deb-43a0-9fb8-ccd6617aef31,e17d2e37-f977-433f-a292-b011d2ab58dd,billing,90137 Kirk Crest,Jessicafort,NV,27388,US
d4d129c6-69b6-4f9a-8530-69ec21db566b,9ff7bd53-f6f1-4d39-85f0-e69462357709,shipping,2678 Patrick Drives,Medinafort,MP,71611,US
45ba7a8e-3b14-4c67-9da2-71202ab6539d,9ff7bd53-f6f1-4d39-85f0-e69462357709,billing,765 Sherry Drive Apt. 448,East Samanthaview,KS,50910,US
06f5053d-1bf3-4ac2-a110-4b4b294f0bad,7f2fc804-695f-416e-a3a0-3e972d1227e0,shipping,38735 Harris Ferry,Carrstad,CO,84909,US
26c52073-7d70-4c39-893e-37c4f4387067,4fb0b92d-d300-42ff-a13d-533e502efe53,shipping,05466 Haley Knolls,Lake Christophermouth,MO,91624,US
919b297f-7fcc-4a5a-baf0-e9a3cfb0141f,a5ce23a9-4a7f-407c-bbf9-8dd5603ed324,shipping,13473 Mackenzie Run,North Chadhaven,NV,63341,US
dccd691d-438f-41d4-bf57-2f21cbf52551,82cfe9fc-1ae4-4249-a42f-dd0343d6a0ee,shipping,8460 Tamara Views,East Erica,PW,66755,US
903be1d1-6106-4b9d-8425-890c66517754,7ecc95f1-daba-48ce-9ad8-1524be9563a8,shipping,6737 Ricky Mission,Perezburgh,VI,18755,US
9d6c971c-d40d-4ecb-b495-e82f661b8a52,bf30e80b-f9de-41df-8125-b2856496a7fa,shipping,3700 Olivia Centers,Williamborough,PR,33168,US
90a4428d-9085-4f3b-b278-061c9d3e7256,ebbc1074-f3f9-45b2-ad66-713e5f3ca0c9,shipping,48688 Derrick Drive Suite 008,West Jacquelineshire,ME,56159,US
8c60813e-7e0a-42dc-ad7b-364acd9213f0,f8d09a9e-853e-4646-937e-cc9b174fc922,shipping,290 Malone Bypass,Lake Joshuaton,OH,04817,US
c08dccc4-5ebe-4157-a8c9-92bcc54a451d,c8219ed6-d521-4d74-8fd3-19ed0c8a67be,shipping,51023 Philip Well,Olsenland,WI,42871,US
3ce84b56-cf78-47cc-9c03-478155d8a7c6,d9cb492a-4586-44ba-8edd-5cf1735df2ea,shipping,942 Laura Unions,Brendaville,IN,38814,US
ae660d64-96c4-4dd7-90d5-bfe7572dcffd,24ce7cda-69ef-4fdf-a22b-e39056db4661,shipping,90086 Betty Station,Johnborough,TN,17860,US
e59155ad-7fd3-4fe3-abab-7eab7ca88e09,60fdd3aa-628d-4cf4-8c90-f2977ea8c8fc,shipping,7486 Ford Throughway,New Michelle,DC,91306,US
18e02e01-0ed5-4e36-a9d6-e384d3fb7764,838240c5-e8b9-4cbf-981f-e07cc1d4f0ee,shipping,845 Bryce Route,Kington,IA,34806,US
0faeab41-bb3a-47f9-bcc0-9c2fa7e97740,e484831e-1f94-406c-8ffb-f40666ee2214,shipping,991 Jamie Streets,Dennisberg,CA,51678,US
2a5f2c51-f5bb-4789-afe6-719328f9cad4,60f31632-2a40-4599-a028-be69b5b942fa,shipping,24742 Tammy Village Suite 777,Diazstad,OR,44465,US
206d0092-78ea-4cff-8de8-19de2b57478b,b232b10f-67b8-4772-a88c-8ca9016cfa62,shipping,32053 Hill Loaf Suite 360,Alvarezberg,VI,10948,US
33d79c6e-c0bb-49d0-a87a-2209efd99071,b232b10f-67b8-4772-a88c-8ca9016cfa62,billing,0247 Stephanie Hill,Hunterstad,ME,16430,US
0219fc4c-e9ad-4611-9754-6062ce576e5a,d686724d-679c-427d-82c5-4e97247d02df,shipping,8500 Robin Islands Suite 617,New Michelleville,NC,76177,US
5190e414-a08c-4039-a0bd-d6e8c84322b5,d686724d-679c-427d-82c5-4e97247d02df,billing,6829 Brooks Prairie Apt. 223,Lake Wesleyton,NV,46026,US
5a82825c-8f79-495a-9cc0-7642f1d12aa9,93cab149-fed1-4173-9ace-bb6c4535d260,shipping,3585 Philip Corner,Lake Danielmouth,NJ,39442,US
62a8b1ac-188f-495c-8e85-3dc839fea432,5d6cddc1-15b3-4ac5-ab02-b8533f5f61f4,shipping,0256 Wilson Port,Kennedyfort,MA,78566,US
ed1213e0-a0b7-4d46-ab01-2e4e8e80477a,4dd9dff6-a940-4e10-b2e0-228244a205d2,shipping,01839 Kelly Stream Suite 312,Davidshire,WV,21878,US
d2b38665-00d5-4e61-9136-c20cd667ca69,a71f6ade-208c-413d-9d7b-9bde8f81dd03,shipping,0296 Kathryn Creek,Kimberlyview,GA,45262,US
55b58629-b896-45e6-b589-ee77fcc5be82,88b2c6a6-7913-45c6-ace9-e42f80110f44,shipping,9371 Joel Parkway Suite 025,North Nathan,CT,62874,US
76695c90-4b5f-4ffc-8ac9-a94728b0123d,b8cb822b-8613-4466-b463-c6fcc1d5c44a,shipping,637 Melissa Landing,Janiceton,DC,94197,US
dcea2cfb-4256-4e0b-b43d-90f0656cc674,d40de91e-dc00-43fd-bfdb-adc71b1f08d3,shipping,7936 Stewart Pike Apt. 525,New Timothymouth,MS,50785,US
18dfd022-dc4e-4d8f-b9bd-2f34437c3c1a,d40de91e-dc00-43fd-bfdb-adc71b1f08d3,billing,37945 Miller Court,Williamsbury,CO,35767,US
c0e3fdb9-7eba-417f-a2d2-c7a85a3007c4,a9f24926-a5f6-4e6c-8c99-fac643464f09,shipping,881 Gary Harbor Apt. 175,New Sandrastad,GU,66842,US
4b21b04d-6dcb-4b20-a7fc-27539a28bb79,a9f24926-a5f6-4e6c-8c99-fac643464f09,billing,155 Smith Gardens Suite 859,North Michelleshire,CT,29822,US
31f20bdc-2b8f-4a5f-bced-dbf1b17b33e5,f4c8909c-a4d5-4863-b59b-112d336976ca,shipping,65663 Patricia Prairie,North Tammy,TN,03622,US
703fa3c5-c4ba-4fde-910c-474290d789a4,65bb607b-d118-4a96-9a96-4e8661408a4f,shipping,99936 Lisa Fall,Angelfort,DC,86239,US
f300b32d-6c9e-4cd7-874c-a2bdba85d384,65bb607b-d118-4a96-9a96-4e8661408a4f,billing,4443 Weaver Prairie Apt. 675,Lake Christopher,VA,48463,US
32de6ca7-8829-4886-9f25-c104e7e85119,6c377227-e3e7-478a-93b6-366d7e3806b2,shipping,6841 Jill Fords,Jonhaven,MN,50190,US
87c126bb-830b-4939-92c5-ae23d172c402,7e174268-cb03-4ce9-8432-d6a31adcf94e,shipping,8524 Sanchez Rest,Joelburgh,DC,38335,US
9d59c440-7442-44b4-9253-492c69b70774,fc140555-bad8-4bde-bb1c-0b728cb3fe71,shipping,0499 Betty Wall,West Brian,MD,39597,US
19e8b768-fdb0-4c9d-8953-7e89f797e900,38727029-bba3-4aff-a109-5dbf621534ed,shipping,10925 Petty Crossing Apt. 484,Velezfurt,SD,86387,US
87cd02f9-f5be-4884-acfa-23c0a56568d4,6bc7553a-92ff-45d4-9e99-5f09de652ba8,shipping,80026 Selena Hill Apt. 968,Lake Robert,IL,17484,US
46598736-7818-4320-98be-8179b3f57b02,617e0c21-da8b-4f03-b5d0-9f16692282c9,shipping,301 Mayer Via Apt. 225,South Charlotte,GU,06549,US
4b28551c-bf2b-4331-8ef7-2f960a21c4fc,6e1dc2b1-5c9b-4b6d-832c-c8c54c2d9150,shipping,8950 Thomas Lane Suite 838,Lake Maria,IA,41785,US
386c4b00-be9a-4e0c-bd07-a931bd6e50bc,fb6ff4eb-cfcb-41e7-867f-426b92cf7b31,shipping,39431 Matthew Ramp,Port Jasonhaven,MH,09821,US
c01a0ddd-2e74-4275-8d6b-863b843ea5d5,fb6ff4eb-cfcb-41e7-867f-426b92cf7b31,billing,1851 Megan Estate,North Kelli,FL,08280,US
76e3418a-a8e3-44af-8a02-dd4f574e4ee2,b8243c7f-2f42-45b9-84c7-d327b517af85,shipping,444 Juan Square Apt. 444,Gloverstad,ND,16058,US
7bb20f94-7918-402f-b82d-9718bcd1820a,b8243c7f-2f42-45b9-84c7-d327b517af85,billing,6893 Petersen Squares,Harrisborough,CT,91134,US
6552a009-5ea0-4440-b65f-d9a805e30990,ba335f47-ce95-4fda-a403-d7b98a5fbd62,shipping,285 Lucas Mountains Suite 691,South Eric,GA,99102,US
dfdc3758-833e-4ccd-965a-2fc8cf387ecf,493babcc-84c8-4861-9811-90ab55f5e9aa,shipping,08870 Jackson Key Suite 293,Phillipburgh,NV,19768,US
525049c1-9e95-442c-81ac-ba621ba8c77c,f8af16e0-86e6-4a1c-afb8-740613e26e34,shipping,3055 Ward Village,Mistymouth,OK,60804,US
1b143fc2-b785-49e1-bf8c-45c77d3fe3b4,f8af16e0-86e6-4a1c-afb8-740613e26e34,billing,46510 Peter Isle,Port Kari,MN,86700,US
363caeac-6eb5-4586-a270-41b2ba2c489e,38769be0-d503-4f62-84ca-4a58eafe9b14,shipping,396 Andrea Square Suite 552,Port Michael,PA,19793,US
d574ec8b-72b8-4200-ad3b-70baef394043,38769be0-d503-4f62-84ca-4a58eafe9b14,billing,201 Lisa Valleys Suite 478,North Thomasmouth,AZ,26740,US
fad5bfb7-1bbb-4ffd-a724-f29b9c5cabef,86c6f185-d661-4b66-a08a-cceb21186c92,shipping,140 Janet Groves Apt. 427,Port Christopher,NV,68264,US
0794199f-096c-44fb-9533-0f1a64a09bf0,b460b6e5-2864-475c-95bb-d21a82bcf090,shipping,9810 Elizabeth Port Apt. 030,New Tony,WI,39918,US
4d9997a0-5a50-41f3-ab5e-a862a0d83196,ba503e88-21ea-4809-b4dc-c350f573b72b,shipping,3772 Stone Union Apt. 990,Hansenmouth,AS,89624,US
f9c340c6-adad-45fe-8eab-6f648d4b242d,4d0c9aee-f407-4ebc-946b-543dbfea8eb9,shipping,2193 Valerie Turnpike,Danielmouth,AZ,12973,US
3f71c26e-45d1-496a-a538-bd1310b7eeb7,4d0c9aee-f407-4ebc-946b-543dbfea8eb9,billing,92465 Joseph Stream Suite 044,South Joshuachester,MH,02493,US
593dadf3-e02c-4dbe-9bed-48ebc7414a14,21f71375-a9ce-4f77-b60a-428f2b2cbdd5,shipping,017 Laura Stream,West Andrewville,MO,22144,US
19cbb696-20fd-4274-af5c-f13acb3665bb,cf794383-e88e-4da0-ba2b-34d175dc27e8,shipping,19894 Douglas Cape Apt. 869,North Amanda,AR,08295,US
28144448-86c6-48cb-88f1-215056462b02,cf794383-e88e-4da0-ba2b-34d175dc27e8,billing,4928 Young Landing Apt. 032,East Allisonburgh,IN,45299,US
fe478889-6c80-48de-a079-7a8a4375b3d2,93d0c583-c365-46e9-8d8a-dcffb40c1101,shipping,18981 Martinez Mountains Apt. 809,Johnsonburgh,IA,93708,US
9e5cca6c-c30b-4ea9-b257-b76bdb1af26e,5a252105-4c10-49df-91cf-065b9132f45e,shipping,38943 Brown Coves,Davilaport,GU,26190,US
097de723-1673-4446-9462-1dd52c4e4724,ea8cfa40-3cf0-4fda-81a2-f3fcf9ca6f54,shipping,539 Cortez Ridge Suite 872,North Tammyshire,MS,23559,US
74a8cba8-640c-4025-b72c-3439f88b3fa1,2d483baf-967f-475b-b0f9-26f8d4c51d72,shipping,85234 Matthew Spur Apt. 891,Morrisonport,CO,49889,US
233c00fe-fb8c-4781-8def-ea92095cb2d8,2ead7f64-aa8b-4cd8-9b85-cf7e6c017b5d,shipping,06835 Emily Valley,New Beverly,AS,01758,US
b627ce51-13c2-48d0-8ad8-ba997e22f919,205fecd1-27f6-45e6-b19c-00325edf6ef4,shipping,762 Holly Viaduct Suite 252,Michaelland,MT,81396,US
c2d46624-2f60-4ae5-829b-5709282f60b4,4274d645-5a75-4dd3-91d1-860836f53773,shipping,1917 Hernandez Path,Stevensfurt,VI,46783,US
d944343b-2463-4f64-85ef-21cc8882aac5,e0589b0c-cf01-44df-af42-182b527f4850,shipping,542 Bryan Spur Suite 330,Walkerside,RI,57655,US
c52a58be-15ff-415a-a2d9-16f26c214602,cc2f4c25-dd65-4996-a8c3-92226e9cd719,shipping,428 John Forges Suite 612,South Melanie,HI,70145,US
2c49968a-7e07-41eb-9730-45e500d4907e,cc2f4c25-dd65-4996-a8c3-92226e9cd719,billing,4339 Heather Plains,Davidside,LA,65126,US
1d33cb2c-a335-4add-950f-abe7817ea0cf,5562cd8b-2b56-473b-aacf-a4711bbc5348,shipping,737 Horton Falls Apt. 710,South Steven,PW,74488,US
6bd5afe2-4fea-4c75-869c-0eea8baa5bd1,2e080713-83c7-4ea6-9e69-2c6ac6c40b12,shipping,425 Little Overpass Suite 621,North Roberto,CA,73049,US
c0297318-c766-4e09-a880-1678cbee1c8b,18391e20-62df-4b5c-b9f4-a6d5bcc9cb2a,shipping,25530 Oscar Pass,North Laurenfort,AK,58324,US
88f897a8-3901-4349-963a-10d20afd12c4,7782e534-0fb1-4193-93e1-66d474727997,shipping,944 Jerome Drive Suite 434,Kaylamouth,MO,63460,US
4f1b14ea-8b33-48b6-b7b0-0566e7fd71d2,7782e534-0fb1-4193-93e1-66d474727997,billing,192 Wilson Path Apt. 386,Millerview,MO,34754,US
3a1fb309-dc8c-4f6b-9f3a-c02bdf75afb4,11a935ae-7702-4ca1-9bba-0a84949ee7ea,shipping,53653 Daniel Gateway Apt. 160,Morganfurt,MT,44153,US
630d5cba-c2da-4e09-897f-bac6c4d57082,ac398a3a-6b56-4b06-b4fd-53cfa63d30a2,shipping,23385 Blake Way Suite 786,East Joseph,SC,69700,US
dcdf17fd-3fb6-46ba-aa59-788530099aa2,415383ae-e57c-443c-9744-f543d669c9a4,shipping,645 Clark Loaf Apt. 769,Dustinberg,VA,46461,US
fd28a208-b082-4c3f-9866-849ec4f5ca0e,fecaf352-1f64-45fb-b1e2-4fef5f64ef79,shipping,6593 Amber Island Apt. 667,New Anthony,RI,56806,US
78b31b39-92c5-43e3-9cd1-0cf98aa9d8a5,5c644838-7a57-4697-9bd2-148802c2a930,shipping,95381 Walters Junction Suite 519,South Gregory,TX,55706,US
baeb569e-ab8a-464a-ae3b-1aaeece1dac6,1ac1882b-1838-48e6-93b7-cbc25d558770,shipping,5857 Sharp Common Suite 426,Brownborough,SD,27126,US
bbb10a9e-763a-407e-87c1-75ec4df91353,ed1ee2d4-1428-4bc1-9a98-c075d8af8e98,shipping,4295 Ryan Port Suite 101,Hicksfort,TN,63086,US
46dc2612-e854-47ab-96b7-6190b70b5400,704dc6fd-72e2-491a-ab96-9aba7a90449b,shipping,998 Jennifer Underpass,Johnland,KY,17828,US
158a3379-ae8d-497d-81a6-ad0f3ca62eca,bff83cf2-0814-4011-b94b-b96243318f04,shipping,609 Johnson Wall,East Jasonborough,IA,66320,US
82318451-0647-4283-b520-ebb917ec5dfe,bff83cf2-0814-4011-b94b-b96243318f04,billing,4383 Erin Stravenue Apt. 689,Port Tinaberg,NE,48851,US
959bb3e6-6514-444d-86d8-952730d2bb3c,45c02d34-10ed-4dfc-9cb6-5afc2f039c4b,shipping,7523 Davis Cliff,Parsonsville,OH,93901,US
d3891ff2-eed9-420b-aa91-d6d4df71ce58,cf369d35-1492-4ac7-9bea-c19efa4b759f,shipping,449 Cheryl Alley,Jameston,CT,94208,US
194844f6-b215-41c4-ae38-31ff0da6a370,4f7b94bd-3aaa-448c-8cc0-a1abb5a28241,shipping,6936 Mccoy Causeway,East Katrinafort,NH,78899,US
cb2a8312-ec99-4c68-8813-018d142a4d01,e7420775-dd8b-419b-a51e-85c58591bb0c,shipping,8296 John Overpass Suite 843,Port Benjamin,WI,22892,US
9dff197a-aaae-493e-90e2-c10e05f9ed70,e7420775-dd8b-419b-a51e-85c58591bb0c,billing,8643 Duran Union Suite 352,Lake Brendaborough,IN,99229,US
be70609f-cc4b-4331-b259-8f6399c331c1,3f6545d8-c8ec-4fb3-91b4-bf2458976942,shipping,35038 Graham Circle,Andrewport,PW,37210,US
d0d5db1b-55a9-484d-b9f4-a1d84303e58a,3f6545d8-c8ec-4fb3-91b4-bf2458976942,billing,709 Greene Station,Joshuaport,WV,80632,US
c131d9f5-07e9-4532-b68e-eea47e6e71a2,1e535956-22c4-41a4-b78c-1ecbde83a677,shipping,8008 Cunningham Place Suite 935,New Emilyberg,UT,53578,US
475bea2e-5676-4040-9bef-636595112409,f63f99cf-e894-41f2-97f7-0c433b44ec91,shipping,963 Hancock Throughway,Mayland,MD,24824,US
f90140f9-f63c-475f-8324-85a61d25f68d,cc84c48b-39d9-46fb-8dad-465b090de1b9,shipping,4206 Stephanie Burgs,Jeromeport,PR,19835,US
8ec8c815-4837-430b-adac-624023ca2472,98a40cb8-a806-467c-9092-3acf0adae695,shipping,612 Berry Ramp,Joshuafort,SD,68253,US
39380344-9d97-4ef5-8860-922ef85ee869,ede38dc2-d059-49ad-b9bc-14582d09d404,shipping,588 Samantha Mountain Suite 038,Gallaghertown,MH,57481,US
177ce71f-86f6-4a5d-ae6c-2c77f616f450,6f289a4e-1eb6-4761-8729-c6672669ca2b,shipping,72241 Joseph Circle Apt. 670,Port Ginaside,MT,16779,US
9743cd70-01c7-41d7-8c6d-b516b62ca417,c9499489-cb1d-4ec0-a86f-05289d106cb1,shipping,68389 Young Overpass Apt. 313,Richardhaven,CT,28943,US
001e122c-32b9-4268-b32d-55fc4f5c45b6,d52abdb6-6c82-4824-a87b-83e06d3759a2,shipping,60404 Allen Shore,Meganfort,ND,92683,US
baa5ed1a-344f-466c-b8e2-acd1f5a63d8e,780c2871-b44e-4854-9c38-61883dfcac60,shipping,427 Melton Freeway Suite 921,North Denise,AR,61226,US
48661fce-94dc-420a-ba38-0073840dfd90,40e5be89-2710-47f0-89b3-f4e854042816,shipping,7677 Katelyn Burg Apt. 805,North Nichole,NV,44161,US
020faff5-7d7b-43b7-86d6-89d5893b38d4,abf0acdc-df99-440d-8e51-4e9a912ac8d2,shipping,888 Gutierrez Cliffs,New Tonyside,MD,86892,US
42930383-48c9-47a6-87eb-633a63006a6b,79a62411-a7a4-4876-b762-c314697d8b0d,shipping,403 Fleming Cliff,West Margaret,FM,52231,US
8573501f-c9da-4fa5-b709-5b5e006c0ca2,8d6c08f9-27e3-4dd1-8555-6ceada1c5962,shipping,11599 White Meadows,Johnsonmouth,MT,80800,US
2c962156-030d-4334-a905-53de5ee7340c,b2c4b84f-abb8-4e04-8cf1-29b7c6209230,shipping,85562 Mcguire Inlet,New Jermaineland,WA,36685,US
4fa11ecb-3050-4f1a-8e50-1adb45357426,261b2b3b-df28-470d-97fa-2c3f1824924b,shipping,2045 Koch Crossing,Gabrielborough,DC,45870,US
9e637e31-d9de-4ebd-9048-3864dac47108,e17f4541-44e1-4132-9abf-31abc62bf961,shipping,665 Johnson View Suite 413,Erikamouth,MA,31249,US
6e06ee0a-9bbd-4342-a1e3-aed1e22a84cb,05c77507-a390-4a48-af7c-a49d3b898acf,shipping,1804 Susan Throughway,New Linda,ND,19214,US
413c8ee7-6500-4624-8794-906199fb2dc4,05c77507-a390-4a48-af7c-a49d3b898acf,billing,321 Lee Terrace,Monicaburgh,NE,17383,US
238614bc-c0d4-4e00-8972-7e51c94afa9e,53aeb3f8-a960-4edc-a1b8-857b77419e18,shipping,4324 Andrea Mountains,North Julie,WV,40796,US
4b06e08a-6073-4671-9eba-998a475b8dc3,41421623-164c-4683-9e1e-2469d3f6780b,shipping,380 Stephanie Heights Suite 324,Moorefort,SC,62848,US
825f4e4f-5ad5-400f-8676-a6f7605ee007,ef2beef7-2da0-450a-906d-093cb323af03,shipping,3350 Paul Knoll Apt. 466,New Krystalfurt,MN,81848,US
8b4d34e3-9574-499a-b931-32880cedd10b,ed120afd-7da3-4956-925f-e10c419f36ec,shipping,58640 Mark Port Suite 658,East Rhondaberg,MH,51999,US
f1c3c49d-b6d5-4e07-996e-0043d154678d,3e4bc358-fea7-489a-9332-4b617f40f3f3,shipping,356 Williams Route Apt. 290,Rileyborough,NH,97524,US
b8e29ecf-e7c0-47ef-b5ed-64988c3901a9,b841e3c2-4076-4399-812c-9fa0363f1f5a,shipping,5949 April Meadows Suite 498,Kimside,FM,48675,US
effbe831-3de4-479f-8828-30758ed22cc5,47a64fb4-ec02-4c38-9e40-8b4fd477f85e,shipping,432 Kimberly Gateway Apt. 273,Amandaburgh,WI,71738,US
7f2ffadb-59f7-4bbb-a19d-69aaa92a4945,a8cf45e5-71a0-4fe0-aa38-ec52916fb71d,shipping,3640 Scott Spurs,North Kimberlyville,AL,07108,US
f41b631f-f1a2-41aa-ac77-7208c4f5c121,09c24b53-6a16-4701-9722-7eae1a27d3e4,shipping,36829 Bradley Ford,Perezshire,VA,18450,US
afb32399-2908-4f87-9316-54f0e706ff5a,d1aaf07d-90f2-4143-ae34-c2d428c9b318,shipping,3679 Johnny Center Suite 852,Alexchester,TN,06682,US
98cebf27-189e-48a8-88ff-4cd49784920a,254caa59-f6f0-4270-876b-6e532befcade,shipping,473 Kelly Squares Suite 247,Kirkberg,MS,62515,US
e4134cb3-492c-4e10-b395-ce19f5fd1516,d1e8aea0-b050-439c-aa3e-668fe99066f6,shipping,35264 Jessica Islands Apt. 416,Ericmouth,MN,57991,US
bae3c746-4b48-4561-8fec-7208c8dfc2d7,a605a48c-3041-45c2-82a0-57cc46b9a01d,shipping,65493 Kenneth Rapid Apt. 976,New Rebeccafort,WA,74820,US
481942d0-3f54-408b-acce-4dd3a006cae1,f14a6268-121f-43a7-b6e3-a8b182b67f5a,shipping,15293 Jackson Burg,Fowlerburgh,WI,08674,US
67d527db-ecc7-48f0-bc21-5a6d68d43113,a011175b-a5de-4caf-b622-07a89bc0c744,shipping,152 Tom Mission Suite 135,West Shawn,KY,45293,US
5c0818b8-b4d1-4261-a075-0ee54c131b6e,a3a66dfc-12a3-4fbb-a27b-8d8fafb29e0e,shipping,993 Amy Summit Suite 545,New Cory,ND,28656,US
5f3ea0da-abfb-4e9c-ba1f-ec228332f949,1553c99b-728c-41bb-bae6-9be6cb1d1e33,shipping,67957 Joshua Trafficway,East Melissatown,GA,92714,US
ce416fe0-22d8-46b7-91a1-90419e7a4b74,1553c99b-728c-41bb-bae6-9be6cb1d1e33,billing,352 Shelby Forges,New Melissamouth,HI,29826,US
f4480e12-4998-49c6-b0e9-1271e4e1a8f1,aa742946-58e7-409b-8c1a-d8011ffdddb4,shipping,786 Sims Bypass,Port Sherry,TX,95124,US
b597daf0-ce64-4435-b3b4-a8cdf1080882,23dc8d95-7281-408a-b023-aec15188f167,shipping,2601 Garcia Garden,South Rachelfurt,NY,72238,US
1390b22a-5761-4d4b-8e02-0fa5a9414258,c1723c7d-3c54-49d8-9964-064a802978fb,shipping,32296 Reyes Valleys Apt. 767,South Daniel,PW,77767,US
98da594f-f02a-4b99-b744-a46f35e636ff,87395dd5-edec-4aed-9722-51711227e948,shipping,07814 Julie Crest Suite 969,Laurenborough,TX,14528,US
4539317c-f9ea-472e-ad19-63be5ae5430a,8d9e5e09-0283-4635-8c34-b52977eee2b8,shipping,548 Jeffrey Forges Suite 406,Johnside,GA,77341,US
315fa5b2-7294-45ed-baf4-527488cb57a5,3945a7af-70d2-4666-a359-1ea6914af97a,shipping,5972 Conner Loop,Noahtown,AL,15133,US
6c088cc7-8168-4c36-8306-69a3e181e403,bf0f309f-af2e-49dd-afca-8a21535ae3ef,shipping,388 Clark Shoal,East Michael,KY,86301,US
0b8c8fc9-3cb9-46f9-b580-3043a9055230,5a3104a3-e596-4eb3-a7a6-afea3097a8dd,shipping,9632 Kristie Mountain,Wesleymouth,VT,71221,US
d0497349-06ab-4d40-9133-dc669ce5a2f3,483807a4-7e31-41ef-b19d-127e77b9f443,shipping,5632 Erica Loaf,North David,AR,69845,US
f32aaa9e-6df0-46df-a6c9-e868151d55dc,483807a4-7e31-41ef-b19d-127e77b9f443,billing,556 Scott Bypass Apt. 955,South Thomastown,MS,56471,US
a90e5aa9-e9ef-4bfd-b65c-7d01489cd874,6b504db7-5d06-4364-9baf-39ddc66467fe,shipping,199 Baker Harbor,Chaseborough,HI,47519,US
dbf5cb68-92d2-43a4-a56a-f2e7816718e6,faf3d515-3a3f-49f7-bc56-af54c409f050,shipping,3195 Strong Canyon Suite 506,Wintersbury,WY,90150,US
205a6370-adb7-40be-84a0-817bb9c7e07a,499e20df-ee50-41c6-8277-dc13edd806a8,shipping,9773 Carroll Village Suite 656,Port Beverlyburgh,GU,99491,US
8426e8dc-3ad3-43b9-a5b5-454c9e02a657,499e20df-ee50-41c6-8277-dc13edd806a8,billing,29877 Rowe Burg Apt. 378,South Stephanie,HI,09365,US
8d60d1a9-f957-48c1-af69-28acc45272ce,220887b9-8bbe-4e45-aceb-c74b02171f8b,shipping,1436 Camacho Walk Apt. 954,South Bradyhaven,MH,01183,US
97c36962-d8a6-4311-bed5-d996d82de35c,851505dd-f994-4b04-a58f-eb74d6076d43,shipping,44581 Mccarty Pike,Lake Monicatown,IA,57176,US
f4e58f09-d6ed-4002-b4d7-7715cec18322,2d52a309-a7ab-4c6a-8f75-cff81f626a4a,shipping,7089 Anne Ports Suite 373,Patelmouth,MA,82265,US
ad7fbd1a-c8fa-4135-bef5-acdd453e3ebb,6e07e60a-0200-46b0-ba0c-3fdb8eedb69c,shipping,64278 Kelli Plain,New Elizabeth,NH,74935,US
d06cd327-7883-4cab-b976-da5b00a353dc,9fdb74f5-b36c-465f-81bb-bc6bbfaf8308,shipping,25016 Garcia Route,North Timothy,WV,97435,US
9fbfcdf8-a90f-45ee-a87f-85268c371103,193bd216-3bb7-414e-9a34-203d00e0d40a,shipping,10423 Hannah Oval,New Christophermouth,OH,11886,US
b38a3353-7fe9-4531-a4be-89702c9fa422,6a0f8f02-18a7-429c-9763-73badfbd01bc,shipping,2158 Jason Ramp,Jessicamouth,OR,67976,US
31cd9884-cb25-419d-ae0d-684977739fe3,8e54d3d0-6674-4ce9-b7fa-43fe3d4250a9,shipping,172 Henry Land Suite 505,West Lindaberg,MI,98733,US
a6c72e61-c00b-4dba-8f7f-af827d16b9a5,0813bc43-1b8d-4677-a477-a54107711050,shipping,231 Susan Islands,North Daniel,AS,11042,US
875a0c5e-fd9f-4213-8963-29544d10d5d9,0813bc43-1b8d-4677-a477-a54107711050,billing,8342 Stokes Mount Apt. 058,Salazarstad,KY,19737,US
22ff3815-9092-4dbb-891a-465665ec89b1,23b1fea8-fe55-44cf-a5e1-d1b7aaf979f2,shipping,3086 Cunningham Ford,Drakeville,SC,43890,US
cf979e53-16a0-412a-bd4f-25b657e7a0d3,23b1fea8-fe55-44cf-a5e1-d1b7aaf979f2,billing,3262 Danny Shores,Davidfort,NY,15561,US
70a9112a-fe72-4b53-a3dd-1ce1970801ab,7ef47746-97ea-4fc7-ac20-84ab6104999c,shipping,9552 Cynthia Lake,Lake Christinamouth,MO,11868,US
1ddbd948-2d8a-4a0d-af35-f06f5ba68870,c94206b3-b6ec-4924-8eb3-1f271d7e0502,shipping,952 Lynn Roads,Knightport,RI,59183,US
b7bd7306-f9be-4248-994e-9c7331188afa,49d18625-9473-44c6-8424-65a5e0ecbefd,shipping,62032 Austin Causeway Apt. 106,Arthurshire,ME,33027,US
5b72cd37-6e7d-4270-a824-628c530e668f,49d18625-9473-44c6-8424-65a5e0ecbefd,billing,33701 Fisher Corner Apt. 355,Port Katherine,ME,10998,US
5cbc1a8a-ef57-4806-8cce-10f3967e8e58,f6d83e5b-55e3-451f-9b37-2348e9e945f2,shipping,16899 Tyler Mountains Apt. 881,New Kelly,ND,99453,US
49c838c0-adff-46d0-a241-f473d2498306,f6d83e5b-55e3-451f-9b37-2348e9e945f2,billing,92625 Scott Terrace Apt. 926,Kelseyfort,CT,89586,US
098aed4b-aa9a-4253-b1c1-bd765b38493e,3eb8143d-c296-4c4a-8c4f-09db3db27bc2,shipping,998 Mosley Lodge,North Bryanland,ID,94041,US
77aaf04a-c78d-4f96-9efa-f63b8679ed0e,4d604e66-03e2-4475-a7bd-582c657d0f0a,shipping,648 Dawson Camp Apt. 592,Hernandezview,PW,98485,US
accb4e79-4dbf-41c1-bfe4-575a6a4ed512,4d604e66-03e2-4475-a7bd-582c657d0f0a,billing,3486 Jason Common Apt. 383,New Danielburgh,ME,04229,US
591e90f2-3b31-4173-8955-ad297f6c0f64,e36d87fd-5f2f-47df-8e01-bd1916103ed2,shipping,263 Miller Throughway Apt. 081,Lake Ashley,MN,01959,US
6d615175-9b74-4390-bb38-74cccbc76aba,cf118e4b-ec45-4df1-be47-4f1202dda948,shipping,160 Hamilton Fort Suite 490,Weavermouth,MI,11428,US
61d87935-2b20-4dab-8622-a3e64f6009cc,09993d34-8d4e-49cd-be2b-068ded210057,shipping,9801 Michelle Alley,West Janetmouth,ME,72782,US
6231dada-2807-4973-b96f-f819fa40c2d1,09993d34-8d4e-49cd-be2b-068ded210057,billing,785 Nguyen Drives Suite 621,New Tonyberg,ND,20381,US
45d82533-91b3-4515-998d-2a24050ac465,c41acbdd-0ed9-4c65-a296-b62cf29b1653,shipping,54807 Davis Extensions,Rebeccaville,MD,16830,US
d495d005-debb-43bc-b73d-6bc0191e5f58,ba7534eb-f391-4a77-ae87-ae2c72f04c5e,shipping,96253 Rebecca Plain Apt. 926,Crystalville,MD,30041,US
71e1c550-f574-44ed-8edb-3df8d3481d76,36fe8a6a-9dca-49f5-bf3d-3b9890cec4b4,shipping,725 Brenda Circle,Melissaport,CT,82676,US
d09c494c-557a-483e-b1f2-7d3176d3ae89,a68137c7-b82f-4028-9350-43d9baff4231,shipping,5799 James Stream Apt. 699,East Meghan,CO,82184,US
b00e3fa9-47ce-4d23-8505-0a85dbe9941a,c8c8d688-8d45-4788-8589-89fece09029a,shipping,4078 Thomas Islands,Guerreroton,MH,37444,US
a88e33af-5414-4fec-98cd-f32c1f711e74,2558de53-3b44-4410-b93e-266152d744e4,shipping,749 Andrade Plains Suite 116,Jasonburgh,AK,73931,US
431d82f3-8655-4182-b894-786ea5e55a40,846b784d-738b-4ca2-a150-3f78cbf45147,shipping,813 Adams Cape,Gutierrezport,OK,95282,US
71afa6bf-29f5-43d6-9e3a-d901dec4efc4,1f866468-4258-4325-91fb-35e43e996598,shipping,917 Kirk Wall,South Lauraburgh,WI,77013,US
53a9b55d-fe70-4490-9c1b-e4ba649efb0e,33859c00-a76d-43fd-99c6-ba68f0acc47d,shipping,527 Jacobson Lakes,South Benjamin,SC,97047,US
0b0fe6dc-5aeb-49c6-8cdf-c03e4066da20,902f0730-c3fc-4b18-8917-91fa677c86dc,shipping,65906 Davenport Vista Apt. 747,New Alejandroborough,OH,34259,US
5c8b4750-6d9e-4864-b239-9c5bec1ea05c,902f0730-c3fc-4b18-8917-91fa677c86dc,billing,37602 Christine Bridge,East Carolborough,TN,81769,US
9a32619d-1ae0-430f-b056-b4e306cefe88,4da3a376-9d6e-4a8f-bd44-13c31471799a,shipping,23562 Robinson Manors Suite 480,Maureenberg,CA,94468,US
8f7ad6a7-cdfb-425d-8ecd-71fc94669c16,107a7f2a-ddb0-49bf-acfb-e8751eed9fe6,shipping,9039 John Mount,Shawnburgh,PA,76520,US
d0b1be21-64ee-45a5-846b-a0aa983d5d2f,ab84ebac-3043-4bd8-959b-020e5069c31d,shipping,2693 Melinda Fort Suite 957,Abbottland,HI,01207,US
cb5c71a6-19e7-42dd-8d52-9fc464c1767e,b7f6cfd1-b5a2-4239-8216-6a137b356618,shipping,2053 Ashley Curve Apt. 950,Lake Jasmine,NY,38389,US
3f813659-0f0b-4c23-a3ab-cbc8bf6599cc,10da7791-b5e9-40d0-9062-03d4f9a4110c,shipping,467 Rebecca Shore Apt. 549,Sandovalville,ND,48827,US
0aea24ce-41b6-48bf-9d90-4404bb3b81e3,f8281939-8aa8-4135-8e24-9ef4f1e14f86,shipping,12760 Julie Fort,Jamesbury,MP,77368,US
945e1dec-b780-4521-b080-3e74a0223877,ca08b693-a2c3-4675-9d49-ebbcf4952762,shipping,1925 Justin Roads Apt. 399,East Bryanside,UT,91303,US
3cfc8481-1469-4f17-993e-d2ec14ecf01d,81eca91c-5164-4280-a74e-c11b35233fa6,shipping,419 Thompson Center Suite 386,West Madison,NV,30710,US
17ec87dc-e957-4797-8150-4f786df92f73,2e59bc23-df07-4700-b262-b1794c3f9da8,shipping,140 Gonzales Burg,South Dean,CT,89643,US
98f8a7a1-6ae2-4f98-993b-02457e22842e,6983e7c4-971b-47e3-abf8-8af12d2f8be0,shipping,156 Nathan Lake Apt. 780,Lake Jameshaven,DE,12525,US
1be6bdc1-f854-4796-a639-c45ac690f68e,8b5b0fb7-7c14-4e56-a1b0-e82e51b1054a,shipping,4152 Carson Pass Suite 026,Jacobville,NC,31719,US
c9956f35-3d03-4d8d-9ef3-cbd4b577f559,a5f6b880-89ac-4c56-b10b-ca21a3fb1a83,shipping,113 French Union Suite 356,Lisaton,CA,67453,US
a3a7af6c-923f-4d70-8bf8-6b78cb52375a,e6187cca-f698-4be4-84a2-8ee20fb5ae15,shipping,057 Rodriguez Point Suite 811,West Nancychester,NE,41625,US
9d983c14-ff95-4b50-9893-f3ede034436d,1cd2746b-7f11-41c0-9ae3-5fcf1cff1b16,shipping,44348 Maria Canyon Apt. 025,South Alejandro,FL,33274,US
7d45f888-9e7f-4697-8773-e7a68edd9766,9354ea02-1283-454a-8a92-1c3042a19b94,shipping,86367 Pam Junctions,West Cheryl,SC,43395,US
96d94655-e92b-4c0f-90fb-0287a764798a,2630070a-f232-41e2-9a40-4f21647dce74,shipping,9519 Mendoza Tunnel Suite 459,Bakerview,DE,82512,US
0e02ffc3-c232-4dfa-8865-e748e7c6a57a,3dd648d8-500f-498c-a145-1292ef1bbcad,shipping,17292 Bates Point,Ebonyport,NH,10647,US
2040b3ed-b91d-4576-b99d-6b8616b32ad0,efb63535-48d6-4a05-a0cd-0d5410eb1d58,shipping,12892 Tamara Curve,South Russell,NM,48828,US
9fecd651-e8b6-442f-8c19-b250fab72c56,c753f0f8-669a-4b65-9b07-60f09443fa57,shipping,66023 David Views Apt. 597,Nataliebury,WV,07101,US
08d4a0aa-57e2-49cf-a341-2a709e7eb009,8131e8db-6f22-4581-81ec-7f86b719e843,shipping,221 Scott Turnpike,New Melissaberg,NM,78966,US
8d6f7e1c-8d6e-407c-91ef-61b7f17fea1e,31a31b2c-ea08-42d2-94a2-f996c5eacefb,shipping,1156 James Avenue Apt. 562,North Carrieport,WY,46671,US
6af293c4-2878-42f2-9dee-516dc6dab966,94e0b1a3-08a3-4d95-b604-58290433b9ea,shipping,97885 Michelle Ports Apt. 391,West Danielfurt,SC,83837,US
d7e6e4dd-360a-447b-8009-479c29d6f6a0,c4bab8cf-31a3-4b64-92b0-572cb2b8292d,shipping,5465 Johnson Terrace Apt. 358,Powellfurt,ME,87719,US
408c7ac8-410f-486d-b0c5-d0a70e25811d,91d9bc03-d1b5-4337-b533-19ac660cd990,shipping,45512 Camacho Mill,Port Angelachester,CO,11461,US
58026580-0d03-462c-adc8-7a36af77cc70,5d87ac88-0a71-4e7b-9f82-75b6cf37e2ae,shipping,578 Davis Rapid Suite 052,New Mark,HI,17856,US
ef8e26f8-648d-4efd-b435-b03a8b74db3e,5d87ac88-0a71-4e7b-9f82-75b6cf37e2ae,billing,6462 Brandon Place,Eugeneshire,NE,98300,US
18e21242-d694-4edd-a661-add877fa9b10,dfebd062-563e-4a13-a4a5-e3ea8e1e19f4,shipping,76255 Henson Crossroad,Port Annafort,PR,92955,US
8065801b-0a4b-4971-a668-3d05ff45a41c,35b0fc34-e358-460b-9435-5426e1287b6c,shipping,59776 Perkins Estate,South Marymouth,AZ,85126,US
ae969992-5c54-412a-8b4e-4afcc2735bc2,195dfee3-2d51-4b65-9b9d-9db403d45ba9,shipping,14886 Denise Field,West Kyleburgh,MO,49878,US
9ba2ca40-30b6-4515-bd93-726bf5dd5550,04aa1934-0164-413d-a1fc-faf50e1870bb,shipping,596 Melissa View,Gonzalezberg,GA,65439,US
b51a8636-a4cb-4222-b32f-5f2cabf98e4c,04aa1934-0164-413d-a1fc-faf50e1870bb,billing,4090 Anderson Divide,Schwartzberg,MI,92134,US
03f22c93-7578-4b93-8944-5b38607f92a8,09e60df9-be1f-4698-be75-917bec3611fa,shipping,77742 Hughes Shore Apt. 329,Randychester,NJ,67185,US
6ba58cc4-90e4-486e-851d-4d1a68731ca3,09e60df9-be1f-4698-be75-917bec3611fa,billing,18342 Lucas Falls Suite 343,Port Alisonborough,VA,65641,US
1c297323-52ed-451b-a4a8-faa97130cae1,c2079321-1bff-4825-8ebf-2d2b6614a867,shipping,5006 Mary Loaf,Walkertown,MA,66391,US
bac89ec6-f70e-42f0-ac43-33b37b7a7733,d082c438-750d-414b-a2af-9c77366e24eb,shipping,574 Martinez Plain,Elizabethborough,FM,72715,US
229ca523-b626-497a-8188-51e322b05470,6581e2ab-17b9-4a3d-91ce-e4f67b8cdb73,shipping,7833 Schroeder Streets,Port Johnchester,TN,65070,US
c2552d4b-c94d-44ce-9987-0a0a65913343,04f2aebf-c646-4290-bfdb-2f7426ae76ad,shipping,6226 Linda Throughway,East Hector,KS,93141,US
9ba21c22-51f1-4287-99d7-f7f5015e6982,cdf89123-ae61-4e8c-b387-b5be334508d4,shipping,1745 Vance Mall Suite 175,Sarahmouth,MO,07143,US
5e8dff64-ad78-4b56-ae85-fb757735d7ec,cdf89123-ae61-4e8c-b387-b5be334508d4,billing,8767 Farmer Common Suite 173,Josephfort,FM,21305,US
d650f727-4586-4d14-9823-98c88c34c2db,a316c3d3-f12e-408a-b352-77b62efea035,shipping,51038 William Villages,Lake Gabrielle,KS,51759,US
13ab9729-1a0f-4802-8dff-d66d9159edf9,a316c3d3-f12e-408a-b352-77b62efea035,billing,877 Ashley Terrace Suite 553,Wongshire,MA,61896,US
2ccc3303-d0b9-47d2-8a01-60cfcda3f0fd,59351050-5b83-408a-b44a-da5e5f08e1f4,shipping,332 Hernandez Park Apt. 889,Johnside,MS,97930,US
bae0b75f-f2a7-4fc3-a509-29aced702fe6,be38463e-3f38-49ae-93c3-e193487f4f5f,shipping,83717 James Prairie,Elizabethmouth,GA,48783,US
0370cd3b-077a-479c-9d7a-67eea5269287,9aba3a21-5db5-47ce-87eb-9966ea7239e2,shipping,66884 Kenneth Court Apt. 875,Stevenchester,NV,18853,US
d27a831c-10ac-418c-8446-2dfc559c5aa4,9579d8e4-7978-4663-aa96-3ed27e7c931b,shipping,8879 Elizabeth Skyway Suite 840,Suttonchester,AL,99354,US
a50313d1-4134-413b-99ff-335b8edd9a6c,4d2d6e4d-39ea-49cb-9709-50b8c81655d2,shipping,1819 Marks Garden,South Rachel,FL,00671,US
a5fa64f1-8b2b-4752-a50b-0f1bd758d563,671a19c2-8b47-4f7a-8e53-22c5aa44801b,shipping,9506 April Corners,Bankschester,NC,86175,US
2ca9e539-fb02-4af3-b1aa-e0f93ffad1b4,23430d6a-ae7a-447d-a3d5-697c85f9704e,shipping,8380 Peck Cape Suite 974,Galvanton,CO,73131,US
883d67e6-55ba-4613-ae33-268c98482692,23430d6a-ae7a-447d-a3d5-697c85f9704e,billing,163 Osborn Junctions,Osborneport,TN,78959,US
d7be7406-70d8-4b3e-96be-b376d29591f6,2f051cd2-5fa9-488e-b092-fe1dbd8b1f9a,shipping,359 Bullock Plaza,Brandonfurt,MI,04096,US
cf4e6bc4-8251-4fc9-834d-c89244b55c2b,2f051cd2-5fa9-488e-b092-fe1dbd8b1f9a,billing,278 Brown Prairie Apt. 243,Dawsonchester,NM,26428,US
6247d8f7-ff9d-46d0-b3b7-b5ff5e45403d,bba3108f-e42f-457b-b924-955d5ea55f03,shipping,91146 Baird Run Apt. 554,Brittanyport,MH,20086,US
4a368080-b8d7-4594-a7fd-7df5339ac175,4e7bdd29-de93-42e8-b91a-564a0458cab4,shipping,56142 Rivera Lane Suite 154,Karenburgh,IL,05067,US
f70a5956-4c24-4621-a29c-8f16530a3755,217d19e3-d9d9-43cb-ad78-24987ad58c9c,shipping,64791 Ronald Corners,Port Denise,WY,30810,US
3618fd48-2027-4141-9c1a-bd9551e2c7fb,d25d0de4-b6ba-43b2-b483-7d671c059dde,shipping,9032 Emily Meadows,Jamiechester,PW,01373,US
c2da174e-330d-4a70-9f0d-f3a6585d3574,c825c161-3da1-4127-b689-82731ab94ee8,shipping,77176 Nancy Mountain Apt. 806,Leahfurt,NM,03793,US
7f22e220-0ade-4f5d-a2be-9fe067a03618,9ab03bb4-a842-4263-91a1-91c05643ab1a,shipping,722 Kyle Locks Apt. 467,Martinezhaven,GU,36233,US
83c09827-03a2-40a0-a931-16a076230ff8,ba0dbb71-d9c7-4069-9725-1f664ab7dbf9,shipping,025 Soto Forks Suite 491,Port Jonathan,NE,77905,US
3001ce2b-17a4-40c3-83f2-93ea11970060,0949b32d-cb42-4b63-aff6-e1870f158cc0,shipping,0201 Nicole Roads,Simmonsland,RI,79634,US
203a6e1c-e63a-45ae-939e-4e78c8ef75dc,99b4fe98-c147-4807-b461-0923664768f2,shipping,70941 John Avenue,Port Kevin,AR,91120,US
a9cdfc63-a45d-4c5a-959d-f515d0f87459,99b4fe98-c147-4807-b461-0923664768f2,billing,1317 Knapp Inlet,West Brianchester,FM,92755,US
5311177f-5840-4148-aa2b-d446f46fe570,be45df1b-1e3d-4146-951b-e92fdfa04d16,shipping,3716 Stewart Summit Suite 173,West Luisberg,NC,64168,US
ba23ce63-8d98-4b2b-a842-da288649df52,dc5bf558-e718-4805-90c4-84b7da4daaf8,shipping,764 Nicole Streets Apt. 783,Taylorshire,IA,88450,US
4a76d498-6b45-4c4f-a66c-3b6b4a99e855,dc5bf558-e718-4805-90c4-84b7da4daaf8,billing,825 Carrillo Shoal Apt. 777,West Carrieport,CA,09622,US
a63acfa4-dacb-4d0a-a473-40239cf5459a,6a119685-5a2e-4455-a762-a79ba50e25e0,shipping,8478 Lopez Course Apt. 378,New Samanthaberg,MH,24577,US
392dea6f-2813-4fa9-8cb2-0c343cc8d8d4,6a119685-5a2e-4455-a762-a79ba50e25e0,billing,2926 Wong Alley,Port Gregory,CT,39794,US
9f7a691f-e4d8-4542-99a9-c145b8fcf28e,636efda5-6e5a-445e-903f-f0fc8fb9df6a,shipping,8196 Camacho Ports Suite 099,New Angela,VI,45032,US
4f65ff5a-73df-4019-a279-8277ef0790cb,07e9d117-5455-4e0b-9c09-4f3fa03a50f9,shipping,00271 Burke Lane,West Joshuachester,LA,20894,US
efd3ddc4-9630-419f-a5e3-4ff28c4ccd0d,e954e103-448a-402b-abd5-44439712f7f1,shipping,876 Jennifer Dam,West Johnathanstad,GU,19746,US
122df920-f810-4036-9142-192e06dc25ed,2eb05f00-7469-4e37-9323-1f6d91288ea6,shipping,91069 Torres Plaza,Lake Christopher,NV,98779,US
3aee357a-65d8-4cc4-941a-36c70ddaba5c,2eb05f00-7469-4e37-9323-1f6d91288ea6,billing,164 Lisa Hollow,Nicolehaven,FL,99535,US
a2645fe6-6761-462b-bf3b-516bc8d66e1a,e06b3efb-e073-497e-9637-9d3c0d28390b,shipping,691 King Cliff,Stephenschester,MI,49151,US
22171927-224f-404d-a731-7d4e9bf41a19,835e2c2d-9b2b-46a5-900d-3f775d429cff,shipping,28762 Brown Burgs Apt. 477,Joneshaven,OK,40827,US
d8ab11d2-832d-441c-be33-f28237bf3ed6,91299590-656b-4dd2-84d9-48f60949f323,shipping,21752 Heather Lodge,Parkerland,DE,02681,US
bb787970-5fca-47cf-86f7-3469ddc54505,91299590-656b-4dd2-84d9-48f60949f323,billing,049 Williams Pines,Burnsborough,HI,59428,US
6aee5084-1c2e-470d-b8c7-1b3415bd2e2b,febc111d-ca53-4eac-8517-4acdb8db56ea,shipping,2567 Melissa Brook,Steeleport,CA,83144,US
cb6e3d3e-bfe3-4a65-8399-ea397485f605,53b714af-ced0-4283-9dd6-95b7127b68a5,shipping,713 Nicholas Estates,West Thomas,RI,85234,US
d300e6be-6bb4-43b5-a070-18c68ac0c7eb,8aee27b5-f974-4973-aec1-eb0f1d54e26b,shipping,1379 Montgomery View,South Brian,TN,62487,US
b4d3ea0e-f851-4cda-aa90-8cf600d544f6,ec755f24-3317-45b8-8e5a-a717fd71e446,shipping,076 Rebecca Plain Suite 866,Candaceport,AZ,43387,US
df986288-1655-4c79-993e-3af6b62c7cfd,5e78d47c-bfde-49f6-b43a-4334f83ee158,shipping,5599 Amber Extension,Schultzchester,NE,17553,US
572bcc1e-cd9e-4548-964b-ecf389ed5140,aa81b741-237d-49ae-818e-86ad786d8feb,shipping,444 Finley Island,Port Kellymouth,GA,12604,US
6da0e434-6c4c-4172-8bc7-cd7e26a9446a,ad0cae98-a82c-4605-a148-7f2ff7bfd357,shipping,89566 Kyle Branch,South Stephanietown,UT,81685,US
89c8272b-fbf6-4c94-8f10-11280175c05c,3ba829c3-d39a-411e-8281-0534f4e3d6a3,shipping,66221 Gabriel Gateway,Port Jennifer,NV,49655,US
661b41ab-1e06-46df-8ecf-825beefc39d4,ab5a1044-16d6-4fdc-8af2-448d1e418f4c,shipping,16583 Harrington Bridge Suite 952,South Cherylberg,NJ,82344,US
a5246cd2-10c3-44e1-b03e-a6aec3c1a752,7b9535a2-73c9-4cf7-9467-a653bf01c80f,shipping,767 Silva Port Suite 481,Davisfort,OK,23708,US
ed81a396-f4a4-4a17-bc7f-ac7fb4aac1cc,1aae903a-5886-474b-9fd6-335a47796b1f,shipping,479 Maria Knoll Suite 723,Johnnyburgh,AS,31369,US
94029c98-9c77-4abe-8a8d-b8dbc6912955,1aae903a-5886-474b-9fd6-335a47796b1f,billing,79345 Jason Gardens,Meyerton,NC,46598,US
2b7340bf-de66-4ffa-96fa-37687dc8b85b,6163d2ab-1e4f-47d9-93fc-28349c414b33,shipping,19084 Katherine Run Suite 556,South Brandy,MD,45173,US
082f3be0-8885-438b-a907-011ee9b279eb,02a9e9e5-b44b-4dae-8857-6731c6c55f9a,shipping,016 Daniel Viaduct,North Ruthberg,IL,31354,US
f3652e10-7cf0-4cd5-83bb-60ee69e81ea5,d35d1ed1-908f-446b-983a-73e81e964aba,shipping,650 Joseph Ports,Coleborough,MT,15058,US
fe0af09c-9390-4e6f-905f-17b3425dd862,37ea3b16-a78b-4476-9f97-76981ad64138,shipping,361 Reynolds Flats Apt. 472,Lake Michaelburgh,UT,65891,US
ee77fa25-69a1-4dfc-b51a-a653ec3d5b66,c2a277be-131e-439f-bb2b-8fa27c11b864,shipping,61950 Jordan Circles,Fisherview,CO,60803,US
b7175a5d-97fa-4d08-9fd9-1f6560e9a552,4f7b5a99-71d6-45e3-91a7-a761177257e2,shipping,3525 Denise Brooks,Annaton,IA,94881,US
93066bf9-7ff8-4c2c-8ef8-61555cd0a762,45dffea0-2f1c-41ac-8590-70d386815d18,shipping,194 Kristen Throughway Suite 776,Lindafort,CA,94359,US
9f1392d4-db80-43a1-bfee-a5e8a002e1e8,7b8d5acd-8541-462f-abc2-ac129ed3a2f6,shipping,014 Steven Lane,Stephanieberg,MH,78184,US
b1f31df0-d443-415e-98ab-ea683081782a,c6f9e24f-43a1-492e-8fd8-30019f0e8d16,shipping,48027 Rivera Well,Armstrongchester,MN,77182,US
94355143-94d3-48a1-a721-7d0cc045fd6a,c6f9e24f-43a1-492e-8fd8-30019f0e8d16,billing,842 Cole Pike,New Austin,HI,42242,US
e25309f3-ecd0-4605-90ad-781aad8a916c,1f2cd083-6f2b-42e0-9576-a4c1e04091db,shipping,682 Ross Park,Riosmouth,FL,62008,US
a23d538a-b30c-4a39-8617-fe5a474bc48e,40800dd6-7188-40d1-b1b1-65a9606d9caf,shipping,5016 Jason Plains Apt. 352,Warrenfort,LA,46325,US
caab2a52-bba0-4efa-8999-e8e6d7698271,626bc06c-d95b-4e77-8fad-88d346346bf3,shipping,4652 Amy Course Suite 071,Simpsonmouth,PR,99066,US
81ed01b8-4214-4a86-bb5b-3eac7b4241d1,3caf7e28-fba2-4d15-9e5e-c6446e9d8209,shipping,918 Carpenter Passage,New Kennethfurt,WY,33380,US
2122eeed-5d2c-4387-93e4-d97df58c9d7e,2fc32adc-4a4a-4475-b565-275ed989e1af,shipping,78885 Julia Place Suite 431,Rodriguezmouth,WY,96661,US
2f16e47b-2326-46d0-aa49-ca968621c76e,f0e08981-fe94-40f2-9d16-2e998c3aa86e,shipping,3869 Hall Divide,Port Andrew,RI,05525,US
a344328a-7d3f-4116-9813-3c28c052d2ed,88e95ad0-30ce-4419-98f3-6d6cee695abd,shipping,2549 Matthew Highway Apt. 518,Larryfort,MS,81568,US
b7e0fd3e-87d4-46e1-8b0c-44d6ed52d7ea,88e95ad0-30ce-4419-98f3-6d6cee695abd,billing,7011 Carol Junction,New Joshua,ME,80284,US
4e036d5c-2895-4300-9224-6467b5adcc5f,a7dea32b-431a-4c55-bb92-d50b79d7e4c1,shipping,5732 Marie Plaza,Port Tiffany,NE,84833,US
7f4e50b8-53b2-446d-97bc-7295618cd5a1,b5fbfc8b-724b-4652-91f3-e06790bb1fcb,shipping,2302 John Extension,Martinmouth,MT,29078,US
3675e6f3-dc25-45e5-8eca-54af8b61d856,f1f54f0f-ca75-4217-b483-de4618ce5da2,shipping,022 Maddox Station,Kramerland,MI,60777,US
6144f5bd-c2a7-4576-8c03-1a9fe67ba818,f1f54f0f-ca75-4217-b483-de4618ce5da2,billing,05304 Wilson Dam Apt. 334,Courtneyberg,OK,47593,US
503280dc-3a51-450a-ae67-a47f02177e1c,167b2eb2-0969-47ab-9a51-1fc85db5a349,shipping,712 Dawn Cape Apt. 850,South Miguel,NV,66449,US
76b89020-44ec-4552-8381-106ed4163f4c,0e5eb984-dab9-4d81-adef-125803383443,shipping,628 Michelle Terrace,Heidiland,MI,59917,US
917ea6a1-c5ad-4157-96be-ac95110b5aa6,54507132-84f1-421a-8bc2-c6474200d797,shipping,225 Stephanie Stream Suite 857,Crystalchester,AK,57025,US
7abae1b3-c8d4-4cd3-a896-b0d2803d892c,cd03daaa-70b8-47d7-88a4-dfc398afcf45,shipping,8241 Traci Drives,Port Katiefurt,RI,71000,US
c164c19b-1bf0-42e2-9d4a-5b1fcb122a72,cd03daaa-70b8-47d7-88a4-dfc398afcf45,billing,923 Dana Stravenue,Jacksonchester,WY,90705,US
6a4be61e-5bf8-4ed5-a8c5-9a594ee7822e,42fae84f-7e61-41b6-9cca-840c2a71bc48,shipping,270 Moore Crossroad Suite 961,Dennisside,MN,47941,US
a7d17f92-33e9-4041-8c2f-9e083fe72646,42fae84f-7e61-41b6-9cca-840c2a71bc48,billing,986 Latasha Pine Suite 930,West Nicholeburgh,RI,93189,US
aae931fa-29f8-45ce-95e3-b0a21d81d6b0,80031b4f-bd90-4f7e-b7a4-53eed277dee5,shipping,1980 Johnson Trafficway,Adamville,NJ,94843,US
dcf4e432-fcfb-4b2e-85bd-cb46426e80f4,cb22481e-b848-4f12-816c-950bcf5d07f2,shipping,111 Elliott Drive,Floresstad,MI,35022,US
40a99221-4d40-4015-aae7-7629e29e4c79,559e390c-aec5-47e1-b6ec-caa39ceb6374,shipping,5375 Madison Road Suite 375,Mccannhaven,WV,42753,US
494a8466-7636-4266-bad9-a2e1cbfa2b52,5d15fba6-3359-41e4-89cc-b078f3deb135,shipping,35186 Paul Road Apt. 810,Port Steventown,DE,25865,US
59111978-b59e-42d3-9fa1-a30f249feb0a,99fe19c3-f3e7-44cb-9c80-cbeadfd5df94,shipping,928 Christine Villages Apt. 538,Wrightburgh,OH,36453,US
d3498492-2cca-4974-a99b-730a321fdf01,e50aa4f7-d2fc-497d-9b2c-fc90ae92c7c2,shipping,34028 Walters Passage,East Renee,NM,34667,US
d53aa32b-7878-4f37-b523-27e8219267cd,d63e97f7-1b70-47ac-aafe-a2927d5d1a81,shipping,693 Rodney Fork Apt. 594,Samanthafort,MP,02502,US
4f2602fd-bc0e-4aa8-aaa6-1488e3d01dd9,81949483-4545-4d81-9491-81ff782da341,shipping,0979 Davis Manors Apt. 768,New Kimberlyfurt,IN,75653,US
440be73f-eb8a-4676-a2cb-3b6caf2fc04a,35cd01d0-4698-4849-a7aa-38e9e9e424f0,shipping,6688 Eric Parkway Suite 676,South Donaldside,UT,07770,US
c8c8ffba-8a1c-4315-9943-4ef4b068aa77,35cd01d0-4698-4849-a7aa-38e9e9e424f0,billing,125 Kyle Stravenue,Johnton,MH,80165,US
ce67260f-121c-472d-b8db-dfe3145e85bd,58524499-ec65-4af6-8d26-eedea9459715,shipping,182 Friedman Road,Port Brandon,WI,89671,US
ad61bc68-6884-4dac-9007-30e0d0c4386c,2a81a1bf-ca4b-4e24-8d48-0a7a9e7d313a,shipping,7356 Hannah Roads,Jasonville,AS,38297,US
59ce7a4e-a899-4889-ae1d-452ff5c6f462,423c0f33-407b-4e26-bf62-fa4212c2bd00,shipping,36919 Thompson Islands,Littleport,CA,27844,US
bac64086-0539-4e5a-b185-b4d68436bc5c,f906d1a2-ee91-4f85-9c94-5b2c5bb9d040,shipping,35242 Christopher Shoals Apt. 814,East Victorialand,TN,95990,US
48c82392-ec37-433a-8d33-d8966cd52d20,379cee39-dcf9-4620-a8b4-6c8440888177,shipping,299 Robert Club Suite 666,Melanieport,GU,46587,US
b9574251-c065-455e-9c35-047d8e3aadc4,4183aec7-4911-4bc6-9541-8fc1b7cad62d,shipping,5053 Mcconnell Plains Apt. 477,Pattersonmouth,VA,27054,US
321fd79a-0535-4461-b5cc-21a3492d50fc,cd92c2fa-5851-4f8f-8c1b-72163ad44007,shipping,50196 Amy Orchard Apt. 499,Harristown,KS,06754,US
04491437-9edb-4951-b511-5589251e98e0,66ef34b1-90a0-466a-857b-7412cce094b9,shipping,7762 Ramos Island Suite 768,Port Jamesshire,MA,62631,US
dc462ffe-369c-46b5-a560-abd2eafec333,4257f264-f72a-4f5c-91fb-cc7f457a3c16,shipping,126 Owens Viaduct,New Timothy,MD,37354,US
960e1355-17f5-4029-b350-30123c726d89,0e8af9e1-7525-4e6a-9872-065009d09722,shipping,712 Michael Garden Suite 136,Montgomeryton,ND,10305,US
0bb7ab5f-42cc-46c6-b3c3-ff1998798b3f,0e8af9e1-7525-4e6a-9872-065009d09722,billing,85175 Russo Squares,Nguyenchester,CA,98825,US
910ecc06-547f-48e1-a22d-b47563e18504,ff74ed9a-9667-485d-b8c8-c617bf55e33b,shipping,0207 Washington Ramp Suite 011,Josephfurt,IL,57220,US
671e3dd3-4549-48b9-a30a-195a76babdc0,27310c16-ae06-4661-ab9c-b7727c011703,shipping,36977 Wanda Court Suite 696,Nicholasstad,NV,13043,US
8de9dcd4-5619-4216-aa9b-dd79c04e8472,86aa6830-15a7-4a9e-9a06-ad09dc6ceb41,shipping,515 Christina Plains Suite 775,Baxterfurt,AS,56892,US
633c63d8-1f07-4e51-8b3d-857a32d6729c,c44e0de9-0a96-474d-98cd-da7e8c4e2424,shipping,101 Drew Ports,Moniqueton,MH,47277,US
33fe41a3-a912-4a6e-ad21-a9e374ae6371,b2783c8d-10e2-4a2b-bca1-d6e8874f4f57,shipping,983 Hammond Pine Suite 853,South Josephhaven,MO,55855,US
ef735ceb-3670-4e22-b871-7efc00a6e66e,b2783c8d-10e2-4a2b-bca1-d6e8874f4f57,billing,9838 Smith Parkway,Darrylside,OK,37503,US
2158285d-6d59-4187-b0da-c15364e6b0a7,ad0acfa2-5cc6-4784-a818-aa18c868d16d,shipping,75409 Guerrero Drives Suite 246,Andrewsshire,MD,55181,US
a3b7ed85-3419-42f2-a5ce-95f8430b7cd3,fcf233c1-f5bf-4900-9bda-3974eba484cd,shipping,73330 Deborah Locks Apt. 698,Lake Amy,PR,22813,US
11cf3ea2-50f4-4861-a55b-f7417a983527,fcf233c1-f5bf-4900-9bda-3974eba484cd,billing,0561 Baker Shores,Sandrahaven,OH,70335,US
afc47a30-57cf-4cd3-81ff-d16e37df0711,0a327dfb-1d6d-4f44-9868-4e49761288e8,shipping,45115 Bruce Trace,East Paul,MS,63220,US
8395672f-7b5e-488e-aaf0-0b03915e7297,0a327dfb-1d6d-4f44-9868-4e49761288e8,billing,27370 Kevin Fork Apt. 893,West Angelmouth,TN,40832,US
060c9e4f-5089-4228-b4bc-5c193daf7560,8defedc4-ba8c-4089-a949-be8653a9a2db,shipping,912 Tricia Common,North Lori,IL,63406,US
956f02f2-4d75-46bb-85ea-e7dd74196cf0,6e3fc147-f2c8-450f-91c7-de219859d3c0,shipping,1125 Renee Trace,Lake Kevinchester,WA,59120,US
8be8314d-7552-431a-ab9d-22b0d830f2c1,6e3fc147-f2c8-450f-91c7-de219859d3c0,billing,3368 Dorsey Mountain,South Josephfurt,PW,03943,US
0b2668be-e8ec-4c1b-82f2-406d2070a83e,8993ea79-a968-429e-9f09-3a76dd424b07,shipping,75568 Patricia Lodge,Dylanville,IL,51765,US
395e5bd0-f014-4031-968c-d3a42f5f9cfe,a1cfbd3c-be6a-4ce9-aaf6-8405b1447c12,shipping,36170 Laurie Summit,Parkerview,NC,32707,US
eb56ea43-68a3-4bc3-9fcc-de602d3dbbfa,5a753604-d406-458c-8624-5ea89965fe25,shipping,0855 Harris Points,Johnview,ID,40662,US
298f9ba5-dff8-47d8-adf9-e75feb053ac6,5a4d53e0-aafa-4f69-ac98-6336f4bc3f59,shipping,781 Michael Motorway,Edwardshire,CT,10495,US
8bca60ca-be62-45b7-b7c3-5faab6224374,59b67340-ce97-4d2f-a19c-310f7c020948,shipping,22570 Richard Manor,East Charlesside,FL,97764,US
4a927505-3642-4007-8a44-aa61cab2f75a,ada9a681-e054-41f2-94e3-022e864415c8,shipping,13658 Morris Motorway,West Tashaland,NY,76848,US
5e35cd31-f9aa-430f-abdc-ba16409c226b,ada9a681-e054-41f2-94e3-022e864415c8,billing,176 Lori Rue,West Alishaberg,AL,82991,US
6536ee84-5268-4a90-90b3-88463bfc2461,dc80617e-46fe-4588-9114-7f34a06146f1,shipping,1331 Riddle Green Apt. 423,Bakerton,ND,59165,US
b35b3198-5402-429c-99ac-16585aa0cbf0,dc80617e-46fe-4588-9114-7f34a06146f1,billing,31180 Luna Squares Suite 467,South Stacie,TN,23681,US
708ec595-aa4c-4a84-bdc5-5383e037754a,9d21bf88-06ae-4403-aacf-6ca2fabf3bf8,shipping,53917 Erika Circles Apt. 401,Thomashaven,MH,28045,US
e7fe8375-58ed-4825-8ba0-0a24d24aa868,9d21bf88-06ae-4403-aacf-6ca2fabf3bf8,billing,6106 Robert Tunnel Suite 989,Lake James,MH,62614,US
4a23ff44-b066-43fe-b517-403250e718a9,68e74b39-0938-423e-9be2-9877dc4de305,shipping,9089 Tate Land Suite 093,Lake Brenda,VT,58271,US
26f572a3-a1f9-41de-8e17-3985b13fb73d,368beebd-c3b8-4ee7-adf9-5df735c5511c,shipping,92191 Norton Forest,Jacksonside,WV,64959,US
d62a6ab5-02ec-4c38-862e-dc80e1b7d496,368beebd-c3b8-4ee7-adf9-5df735c5511c,billing,3331 Mark Curve,Hollytown,UT,80776,US
b7a92c04-f2b0-4b75-b1fe-5da485f490a3,be27ab2c-bc96-4d35-9d61-457300b16c13,shipping,270 Meagan Centers,Lake Haleystad,MS,95532,US
7f726f61-aac8-4b99-ae9a-8930b58ba430,76beb0a4-409e-4451-ae88-3f87a128b282,shipping,63065 Kayla Mount Apt. 950,Phamburgh,IL,44186,US
7d2dcafe-f184-4d6c-9d38-c4fdaad6979a,37156e2c-4976-4151-9f41-536d6ef6787b,shipping,16505 Lucas Course,Clinemouth,PA,27442,US
bc22b746-e6e6-4138-a53d-7f3ad51f1a7d,37156e2c-4976-4151-9f41-536d6ef6787b,billing,50432 Thompson Brook,North Joseburgh,SC,34072,US
8aec7683-1aec-4a22-a8e9-64625fc3c371,c1e10d3a-15dd-4510-a5ae-6f1eab06b9fb,shipping,47924 Derek Fall Apt. 539,Lake Daniel,NC,46501,US
ab2da6d6-2998-4d37-bf89-495fadb618b3,b17e008b-19b4-4b19-9ad3-829b763de5ef,shipping,68139 Veronica Pike,Millerborough,VA,87818,US
c52bed65-115d-4e2e-b2b2-407cd23527be,6904e4ea-afc8-41e0-8c0a-9f8e87cea896,shipping,4306 Fletcher Squares Suite 164,Caseyfurt,OK,17045,US
3f23fcc2-d91e-4c75-ad47-89265a7af616,6eb0706d-ffee-4480-88c1-dc9f6ce68f89,shipping,955 Murphy Plaza Apt. 156,Lake Lisa,GA,89751,US
b24822ab-d7ac-4b0c-b0e8-c4fbc7d8acea,62823e0c-135e-496a-93f7-7d6259600f6f,shipping,624 Mendez Creek,Lake Amy,NV,48708,US
c4ae1ee8-d305-4c21-b0dc-bd71c78308e6,59cf99cf-180a-441b-bfcb-45340fc8ec10,shipping,699 King Dam Apt. 643,Jonesville,WV,80650,US
cfe353b2-770d-4e63-a808-cd754ee1ea92,0b1fc5e4-2763-441e-a9e6-009f16c2d2c9,shipping,5700 Anthony Vista,Huntbury,ME,76578,US
3c242000-12f8-44d5-8bb6-6784b838269f,0955acf5-576a-47df-9b81-66741493a125,shipping,6787 Green Bypass,North Shawnfort,DC,10521,US
40421d4a-dbee-4e10-9761-0e2000a7d9f8,0ae3c5fa-9b7d-43af-8185-9c7486765303,shipping,341 Michael Inlet,Georgetown,MT,86604,US
08853255-d826-42b9-81cb-ad4fabff0538,37954062-7d2d-4c9f-9992-5e4a81a2056b,shipping,4920 Mitchell Points Suite 401,Edwinfurt,ID,01646,US
9258c293-755e-4018-9b2a-cab88930f220,508e9123-0beb-4d66-a2a5-bc99554c0fce,shipping,982 Lauren Shoals Suite 571,Lake Joseph,TN,21027,US
ada41fb9-0798-4906-b6eb-6ccc3393641c,4e39004d-d46f-41a8-996d-6e923e3de140,shipping,433 Jerry Via Apt. 747,Lake Gloriaport,OK,51022,US
ce10a361-7fc5-438e-8f6e-4ec7315fab36,d3c2ff3d-dd64-43ca-9635-68711040e6ea,shipping,74221 Butler Haven Apt. 273,Brownshire,MP,65554,US
171bd1e0-e8d3-4475-a244-957d431c97fa,2bb3db71-6492-43ec-a6e2-0c437d921750,shipping,53484 Kevin Unions,Simsfort,NE,22106,US
36b920bc-947b-467c-adac-b0c346e163bd,9c84ccd2-35f5-42b1-baa0-cfa2eaaa977f,shipping,27368 Brianna Islands Apt. 622,Johnton,MI,29196,US
84f035bc-ce2d-4686-a785-045f4b1680df,f7709009-0e35-4dab-aff0-3080d34b56a9,shipping,94607 Reynolds Valleys,West Stephanie,AK,60605,US
d0a71c5e-68ae-4bfa-87c6-ee01f64c404e,41392c7c-6047-412c-9b12-d5d2dff2356d,shipping,99651 Christine Mills,Sheritown,OK,77930,US
0335bb5b-f3ca-434b-a146-d0eb097e604f,a3c644ad-0be5-4d0a-a61c-f7a4aac9279b,shipping,718 Rivers Plains Apt. 003,Port Martinview,VA,26263,US
09cb85a0-934d-4cf0-aace-07f1783ec47b,a3c644ad-0be5-4d0a-a61c-f7a4aac9279b,billing,8283 Maxwell Crest,North Paige,GU,85959,US
68bb48a7-3ebd-4260-a9b6-86f21a6d4891,2c28c4de-7cf3-4815-b71f-c623807a1e8f,shipping,0525 Willis Isle,Myersborough,NC,59637,US
5328d9be-2206-4a64-94a3-f83c15aee0e3,17d93df3-d326-4c0e-94dc-1d3ac1a5f0f8,shipping,96554 Vaughan Inlet,Clintonmouth,MA,82754,US
6c415ab7-38cd-4400-9697-4c67900620c4,7c0ed270-1268-4e64-b354-6a3bdfe01ad6,shipping,130 Alexa Ways Apt. 276,New Jon,PW,30132,US
6d6cad3a-55f5-40e6-9076-0db125bac6e2,51d41ed8-2ea0-4860-a2d1-b7c08478c5a3,shipping,968 Murphy Lakes Apt. 057,Youngtown,MO,24392,US
3eed2035-ad92-4096-9b76-26df250cb89d,51d41ed8-2ea0-4860-a2d1-b7c08478c5a3,billing,3426 Trevor Cape Suite 719,Port Davidside,HI,89690,US
e9c29867-54e7-47c4-9213-d602b68c6efc,7e4ef07c-adc7-4dce-a054-1349e1b1cb5b,shipping,725 Maldonado Hill,East Nicole,FL,44802,US
5a169b26-30b4-4aa3-8472-4c620edc8f7e,731a8521-e62d-4d83-a022-a884102e6faa,shipping,3572 Mark Mountain Apt. 911,East Timothyside,KS,00609,US
2f80414e-17c9-49ab-b975-330e1995ac8a,2c3682d9-35d5-4150-908f-66bb8d2a3b11,shipping,563 Derrick Inlet,Lake Jamie,AR,43591,US
3f8cf263-a49e-44d8-9739-83ef8a05a285,de4eb596-1844-40ab-9449-c7e2b72b206a,shipping,5262 Brewer Union Suite 378,Courtneymouth,GU,96666,US
7b6aeb45-5431-4799-b44e-f77db5df9718,2fa66203-ddea-4a84-a006-5932a408533e,shipping,544 Cross Prairie Suite 406,Melindaberg,NC,29350,US
3e7ff148-8723-4883-bef1-13212c924370,25de63fd-e49f-432f-837a-9977ae83e935,shipping,353 Park Squares,South Douglasborough,AS,97010,US
a5f1d518-1bc6-4215-b3f0-1298a0e1384f,e205baa4-8f53-4009-93e4-1a694ab5477b,shipping,20118 Sloan Loaf Suite 388,East Gary,MO,22321,US
8072d8bf-00a4-411a-8f98-79009411044c,4bcb82f2-8167-41cc-8f97-9b6aef216f06,shipping,448 Nelson Lights Apt. 407,New Jamie,HI,96469,US
f8ffc006-9101-4602-be92-4b719aaa6415,4bcb82f2-8167-41cc-8f97-9b6aef216f06,billing,9730 Jasmine Stravenue,Williamsshire,MN,16458,US
b5edec76-774c-4979-ac9f-4e79d1bee1c9,b68732c2-188d-47f2-a6e6-5fbc15314f67,shipping,855 Anthony Ridges,South Krystalhaven,WY,54273,US
e0117acf-b918-4b86-ae86-ba574baa41b4,d1061e74-027c-448c-949d-851dd3214943,shipping,9143 Jennifer Courts,Christophermouth,CO,75944,US
011be4bb-09a3-4858-81bf-7cd294538ed5,49cdf40c-e55a-40d6-8314-efc3e518744e,shipping,29960 Robin Radial Apt. 879,Robinsonmouth,ND,51489,US
87367d42-3315-460d-8174-2b93870fe563,01a451f9-2f78-451c-b0b4-b29a376a6660,shipping,0461 Chapman Run,South Ronaldhaven,WI,14714,US
25e4f921-ec27-4802-9a8a-7bfcfbb52fff,618e248b-e41c-43a0-9675-cdb8d9d33f1f,shipping,2694 Stevens Mission,Scottburgh,WY,53125,US
9e2d2f43-4fe5-4ffb-a8f4-40119ef449ef,25ee9306-c76c-431f-b558-2f61ee6fff97,shipping,70619 Garcia Circles Suite 573,Port Ashleemouth,GU,63579,US
af3d798b-f39d-4c76-ae59-6bf92f640056,0ffd984d-d472-463f-8cb5-f1c042ac84ef,shipping,5402 Michael Knolls Apt. 690,North Matthew,PR,76420,US
b07934e0-fc2f-4cb9-aa4e-3bbb2c5d3e1f,0ffd984d-d472-463f-8cb5-f1c042ac84ef,billing,340 Noble Creek,Nancyberg,CA,27182,US
a7843591-5d9b-417f-a744-88333577a37c,10ac9c93-d8f2-46f0-8637-e8a0d66864db,shipping,3705 Daniel Estates,Byrdshire,DC,74330,US
4f9d072a-b62c-4e2a-bdee-af22ca370062,10ac9c93-d8f2-46f0-8637-e8a0d66864db,billing,69219 Jordan Mews,Jameston,AZ,34730,US
51c4b73f-4d08-4ec7-9747-28f25bd07d4d,56a68f49-b801-476b-b0aa-1b467284db7d,shipping,815 Reed Route Apt. 807,Port Mariaville,FL,86948,US
89505349-6522-4ac3-ba56-6094668bc47d,8f4516ba-2030-4c70-bc2c-345c80260c96,shipping,6410 Beth Viaduct Apt. 778,West Jeremyberg,WA,63801,US
e41e7ddc-350a-4b2c-84c7-fb379405ce04,00a38d80-876c-42ff-beb0-09758cbdeb7d,shipping,6470 Christopher Ranch,West Patricialand,MO,15056,US
310d921b-501f-49b0-af03-96d3b6836144,8ad6cac8-988e-4b45-ac4d-be30650ea743,shipping,9853 Brooks Mission,Piercefurt,TN,11880,US
d156291a-2326-49e1-8d5a-31b23f45a236,3695fc5a-edff-4cf7-99db-b308951fefa1,shipping,883 Rodriguez Drives,Lake Michael,RI,98914,US
96822375-484c-4128-835d-009878cfa95a,e095afbb-5eb1-4867-ac50-cf73ba3cca8f,shipping,537 Cline Extension,Theresaborough,FM,50691,US
5bcc3299-9709-420f-89ab-eb8dd50390f3,a10e6130-83ab-4151-8e3c-6a04eca3198d,shipping,13853 Cindy Drive Suite 611,Stanleyview,VI,80367,US
d01a2483-90c0-4d23-a531-5add3392b063,9f255a5b-d615-4a7b-b80e-391c14118644,shipping,605 Williams Burg,Port Charlesborough,UT,61553,US
72d290ee-6537-484a-9902-c0b1ad938bcc,e9088dc9-df13-4004-be81-ff6f5cd73735,shipping,310 Samantha Loop Apt. 762,West Timothyton,SC,39495,US
cc4db529-95e7-4bd2-bfd9-542ee66dbf7b,c0e79cdb-ae19-472d-a4d0-6ec8491d0b2f,shipping,904 Amber Green Suite 157,South Markberg,NM,33350,US
9de51dc6-5963-40ae-80db-06396b746d1a,c0e79cdb-ae19-472d-a4d0-6ec8491d0b2f,billing,7411 Barton Station Suite 911,Daughertyview,RI,66959,US
ece3a6cc-e08d-4762-a98a-fc2fd12e193c,eb112907-0720-4698-b84f-7c2760f5cbec,shipping,28374 Valdez Estates Suite 946,Curtisfort,DE,84906,US
1e5d1ae6-e8c2-4b50-88e1-64e648173a5a,eb112907-0720-4698-b84f-7c2760f5cbec,billing,520 Jesse Knoll Suite 364,Johnside,ME,03182,US
7ade86fc-549c-4b6c-9ec7-84370dcadbcb,e8c48847-683e-4496-bfb8-ec8e8b370101,shipping,6845 William Mews,Katelynville,PA,00824,US
e6542f3e-27c5-4997-84d0-65eeeb58360b,f517edd0-2762-44ad-82a8-f7b2c70af6a6,shipping,06862 Castillo Place,West Ian,AR,62635,US
69d6be04-3015-446b-b6c4-3c03d1d96735,55f1222b-2085-4adc-856d-3e8a7e8c13c3,shipping,10100 Elizabeth Isle,East Lisa,ID,34639,US
4453e0fe-5d22-4d71-8639-447bd6b4d29a,a5745d48-f9a7-47e2-b017-903540134b5b,shipping,13764 Krista Walk,East Bruce,OH,45913,US
2dd82fa4-3ddc-4531-9c97-19d0b5695af6,d32a2e28-3664-4416-9b3a-f7e962c525f0,shipping,02957 Bryce Cove Apt. 898,Stephenshire,NV,24162,US
8ad38f72-81be-41bc-92c8-4825ad54a4f9,3a4fba1c-2466-4261-a8ee-327649d9b57e,shipping,112 Williams Ways,Lunaville,ND,86992,US
7447b13c-46dd-4194-a433-348f37365d3b,5278a580-7efe-441f-899c-daa831ad4ded,shipping,68718 Chapman Road,New Annahaven,ND,94678,US
30537072-20e0-4b0f-9038-1c9fd0102a65,5278a580-7efe-441f-899c-daa831ad4ded,billing,07861 James Turnpike,South Cassandra,IN,60233,US
03635cd7-e084-4d88-8ba6-6feeb537058a,3cd36e1c-b054-4648-9766-3d5dc3d99e2b,shipping,0065 Mckinney Rest Suite 514,New Thomas,MA,02334,US
5dfb0081-b883-40c3-b490-90f5f83e5915,41229cab-2dba-494c-ac1b-67738fe13c31,shipping,333 Gutierrez Wall Suite 402,East Elizabethland,ID,70211,US
8b324db3-a134-41ea-9edc-5f83bb219d3a,d6ac2c60-3933-495f-8954-b0e2508ed952,shipping,39739 Johnson Curve,West Donnamouth,KY,67916,US
d2760f43-dd95-495d-a455-10cfbbb028b0,d6ac2c60-3933-495f-8954-b0e2508ed952,billing,614 Bush Corner Suite 071,Rodriguezchester,WA,86825,US
61156316-800f-4a3c-8398-3e346343bc21,d155d66b-7253-432b-ab8d-bdf3d4421cb7,shipping,1973 Harrison Dale,South Johnville,VA,00696,US
635a4738-3916-488b-b895-5a0e87ddefe5,41c333c5-1a36-4552-a411-86de9f44947c,shipping,8624 Frye Hollow,New Amyshire,MO,60733,US
b795bfd7-9511-44fc-a25f-da505fe191b9,5d3123f7-0287-4cd9-ae15-07b803db95b8,shipping,481 Walker Throughway,West Brianberg,HI,91179,US
9e0c945e-ba5a-440d-a068-765e7889f4f2,ab4b30c3-b3c8-4d3f-9dcc-830613859f65,shipping,252 Andrew Drives Apt. 608,Carolynmouth,MD,03849,US
2b92232a-098e-4d42-a8e4-19d8bf2fce93,b8ccf51a-4ea1-492b-bcac-f907e6460ad9,shipping,6933 Jacobs Dam,Pierceland,HI,11508,US
e089de7a-763d-42e2-85fe-0bee63f67f23,f4d50c26-dec1-4022-ba21-f2811b191751,shipping,98828 Ortega Mountains,Port Jennifer,MA,02164,US
b1b3ed38-e665-4c55-ad07-b857a7500044,3236aac5-bdb4-4e30-b37f-375c0da20725,shipping,3324 Deanna Road Suite 436,East Michael,PA,44128,US
ecdd4a2d-da09-4c56-95aa-3109b73db828,c9bce7d3-9bde-48a6-a496-b090f567f0ab,shipping,3307 Jason Corner Apt. 968,New Garrett,DC,62149,US
e763eb42-9223-493f-91de-15972adc5980,95680c03-6f21-4eaa-90cd-1000bd0e049b,shipping,868 Katherine Shoal,Westchester,AS,98223,US
302a0e9e-ec17-4b1e-bdef-8de7cfbc8c0a,5927cf6a-b06e-4768-b85a-68fbea729280,shipping,02141 Emily Circle Suite 425,Heatherville,TX,57983,US
336ecd3f-6bd7-462d-b334-d156c49f25d6,b7715faa-b909-43ba-b608-09d40dc90abe,shipping,053 Maldonado Plains Apt. 417,East Andrew,MO,57802,US
0b48570b-30b3-4c83-add6-b4bb5370826d,46f14b00-b56f-461f-8828-03a500f66777,shipping,80766 Diaz Road,Lisabury,VI,43759,US
6c8e37d3-7c76-4230-9e24-88a5a3f71e4d,46f14b00-b56f-461f-8828-03a500f66777,billing,93962 Tina Camp Apt. 076,New Aprilview,OK,98822,US
666b7302-5683-4753-8082-472db2acb654,87cffa55-4138-4db9-a4c6-4a6197b0be50,shipping,9527 Wilson Walk Suite 505,East Jacquelinefurt,FL,48843,US
423f5936-f1aa-4ef4-b12c-80afb927ed60,87cffa55-4138-4db9-a4c6-4a6197b0be50,billing,047 Luna Junctions Suite 237,Flemington,FM,19377,US
d86ea6b3-29ea-4a81-9a59-ae7004192878,1998bba5-f8ee-41a7-8e8c-cf4bac51d7ed,shipping,672 Michael Plaza,East Jessicatown,MA,25836,US
ba32480f-939c-403d-bdb5-e7ac747ddb81,bcb2ccf4-ab3f-4d56-b875-786e8d442bdb,shipping,047 Keller Viaduct,South David,AL,34725,US
8c8ccbd7-c163-491d-904b-8eeda8676f34,a19f972d-e009-4adf-969e-a6b448211ce3,shipping,5015 Megan Walk,Escobarburgh,ND,97680,US
68ad661d-9c90-4479-8fe3-e7f0df136f19,c8236cd5-6822-472a-8129-e77055570f27,shipping,4149 Vargas Turnpike Suite 365,New Joe,WI,16418,US
3bc2b765-203e-4dfb-bed9-c7ee2999ee9b,c8236cd5-6822-472a-8129-e77055570f27,billing,798 Miranda Overpass,Brandtstad,GU,78483,US
21dc14d5-5102-46b0-acdc-26ca04ca52ea,098b3786-e910-4231-93c2-d9534a8ee899,shipping,17904 Gonzalez Via Apt. 314,Stanleyport,GA,54285,US
844054be-4b74-4c3f-b3aa-5eb70172e047,a1d65717-bc50-49e4-b25f-3aef868ed5ca,shipping,79059 Bryant Ports,Andersonfort,OK,75892,US
f8ccdb42-29ab-463f-adb5-c9aec46b472e,eb5570be-d00f-45d0-b7d5-5c66de747c92,shipping,25788 Paul Pass,North Nataliehaven,CA,21844,US
f09b4635-087f-43be-a43d-0ae8fafe6a9e,3d496bc5-b236-447f-b0d0-35de05ba8173,shipping,0783 Abigail Ferry Suite 585,New Robertfort,NM,28975,US
3e06076b-22f4-4a70-b577-f0812af9df6f,3c5fb2fa-e755-49ca-a3a2-2394f7d45323,shipping,76454 Andrea Turnpike Apt. 621,Katelynbury,AK,90703,US
f5967b98-cb7f-4434-bbe3-10a0c575a05c,40676410-815e-4e21-bef2-c85459351e64,shipping,9299 Burton Cliff,East Travis,RI,35871,US
a737d70d-6a57-4b83-a6aa-15d1d2a4751c,8cea2d65-1ab3-4cfa-affe-5ec856410afe,shipping,7665 Jonathan Park Apt. 345,Lisaville,UT,02347,US
06b90942-d947-4d1a-860c-d0932cba7504,8626c4a0-f9a8-467d-beac-f4f1bd0958d2,shipping,69771 Jennifer Landing,New Katherinemouth,ND,30703,US
648f6ac8-11aa-405d-af0a-13af780ebc5e,cfd0d986-3d42-4d06-80c1-ff4d52e82f25,shipping,986 Hartman Curve Suite 904,West Rebecca,IL,14280,US
b6647124-3241-4ab8-9acb-d432d1492f86,cfd0d986-3d42-4d06-80c1-ff4d52e82f25,billing,583 Jill Vista Suite 788,Port Elizabethmouth,NH,45882,US
c6243ae9-8d46-44fb-9524-7f6109de0c36,319984a2-2e7b-49eb-9547-deff16f19cee,shipping,752 Yang Creek,Robertsfurt,VI,47226,US
fa26644a-7bb8-4d1e-b26d-5049e0a23b46,319984a2-2e7b-49eb-9547-deff16f19cee,billing,87350 Williams Lodge Apt. 418,Cynthiaside,NH,96824,US
c155adeb-6f99-44be-8d57-7520c2fc305e,935cda52-2de9-4353-9c64-2fdcfdbb21aa,shipping,70460 Sandra Shore Suite 797,Matachester,MS,29642,US
f40fba2a-efd6-426d-899c-78c5275b6e2c,935cda52-2de9-4353-9c64-2fdcfdbb21aa,billing,27753 Butler Dam,Ellisland,MP,26835,US
24be6fbe-52b2-43fe-9f13-0da6caf59a93,831daeb3-0d33-4d1f-b9e4-6a5e10fab935,shipping,6148 Jennifer Summit,South Justin,MT,84870,US
81a0a7b1-9b15-4d93-b5f3-487bdc0170cd,9fa77e88-7b46-46bb-a342-bd519382a9f9,shipping,43215 Rosales Manor,Michaelfort,MH,13492,US
9c9d6022-0e06-489e-9420-d965626b9fb3,9fa77e88-7b46-46bb-a342-bd519382a9f9,billing,02899 Harding Gateway,North Cassandraside,IL,69362,US
2defb21b-364d-4589-beb1-8dcdb40b30b1,86105fbe-b760-4714-80c9-31cd43306b4d,shipping,010 Jones Falls Apt. 405,Port Nathanielton,SD,76220,US
dc44eb21-5f03-4639-936b-1363d67c09be,8f126207-26a4-4137-b50c-d4613981b7f7,shipping,24327 Nathan Shoal Suite 131,West James,MS,12086,US
4ed6c666-4877-4021-ba4b-90cbb1ce8472,8f126207-26a4-4137-b50c-d4613981b7f7,billing,01167 Frank Islands,Arnoldmouth,OR,88535,US
a34eeb02-ba3f-47d3-87c9-1db52d6ee422,d510257f-015e-4c6a-9313-58ff6e26feed,shipping,472 Zoe Terrace,Paulton,GA,69398,US
8aeeec22-4c05-4e7f-bd1e-1e2e5b01ec32,4411b983-1193-42cc-b826-e584805cc96a,shipping,85103 Amanda Squares Apt. 844,Wagnerfurt,ND,36057,US
d706c88a-f256-4d2f-8ab3-371ce69f9552,7b68015f-f5bd-49b4-ba21-4bdc9fa69978,shipping,5550 Jonathan Greens,Angelaview,WV,27131,US
c096484e-89a4-4f69-96d3-200b541a6639,7b68015f-f5bd-49b4-ba21-4bdc9fa69978,billing,983 Brooke Plain,West Daltonton,IN,92882,US
28e3c25c-c625-40ff-8874-b9acf009eeb6,8caa5d5e-824e-4b4c-9e42-18e645ca693f,shipping,1019 Smith Isle Apt. 364,North Josephland,WI,67373,US
b05e88ca-2c66-41ea-a46f-cc1e1fa65255,19916c1d-1286-4092-be35-36a2742a895f,shipping,95415 Edward Port Apt. 567,Lisahaven,DC,07994,US
203cdb55-272d-429d-b1dd-84e15ecd7718,19916c1d-1286-4092-be35-36a2742a895f,billing,10125 Fritz Fort Apt. 843,West Samuelshire,WV,53605,US
d29fa215-6b57-4217-8fc3-50b59934f7ad,bd90fe9f-646d-47ae-a4b7-e535d41a67eb,shipping,3917 Shaffer Square,Dakotaberg,FL,83703,US
014dd589-c425-4d6e-899f-01a3f6ba75b6,4406ebdf-4d51-473a-b18a-ebe21996eb7d,shipping,0314 Jessica Stravenue Suite 537,Calderonmouth,TN,60676,US
cc1d6aea-3973-4e98-bde3-b94798914da1,e6316895-0072-4a99-b3f4-1f7040771b68,shipping,6945 Michael Port,East Christinamouth,VI,77250,US
c23a8b6b-972d-463e-b1ba-51ba6219f8c3,cecee628-5588-4d7d-b557-3d23e83b9563,shipping,157 Taylor Field Suite 530,West Hailey,MO,35567,US
db9f5678-7f40-4783-bc3b-d72e16dd794d,379e0264-9d03-40c9-bfb2-459f95668735,shipping,294 Natalie Squares,East Sara,ME,00963,US
500657fa-817a-44f5-ac81-499ed62baf99,22b28f57-501b-4c52-8774-2ebaebeec840,shipping,01129 White Gateway Apt. 044,Stonefort,FL,78027,US
ec52bfd6-90cb-41d6-825a-5cc21352a488,1959c3ba-6ded-4efe-aabd-4fb3d23c03f0,shipping,424 Patrick Skyway Apt. 670,Sarahaven,ND,30962,US
3f4ef0f9-b09b-4b8c-92c5-c0716ae61602,03b9e6b4-cb9e-45ec-84c7-77dc1629e51c,shipping,677 Baker Point Suite 023,Lake Shawnside,CA,82930,US
818a97a7-0243-432c-a8d2-8bd6567ad8ee,03b9e6b4-cb9e-45ec-84c7-77dc1629e51c,billing,190 Nichole Stravenue Apt. 410,Dawnside,AR,25836,US
f7c3565e-b061-4eae-a3d5-2c7cef883ac4,c8cd7e8b-5475-49d5-a4c9-5860429ac0c9,shipping,94939 Moyer Roads Apt. 556,Evanhaven,PW,35826,US
343563ba-01ce-48de-8ded-faa3ef04769e,f562257a-fec9-4e34-a0f5-1f45afee908d,shipping,2368 Brenda Viaduct Suite 511,North Nicholas,CA,03083,US
60a7efba-5d36-44b2-b3ba-099d1a239b6a,274c270c-c87d-4cf3-9687-593f06a8f055,shipping,9875 Tyler Key Apt. 813,Laneborough,AR,19655,US
a948f644-f029-4c6e-8285-89cf761b9453,395d24ba-0079-4f3e-b426-1fb72e4f6cbf,shipping,1547 Lisa Field,West Gabriella,VA,49522,US
2a7a8a97-47f4-4b41-b1f7-9d836650f9f6,395d24ba-0079-4f3e-b426-1fb72e4f6cbf,billing,6450 Kimberly Rue,North Antonioborough,DC,50496,US
b76e93b8-93a5-4853-938f-c20193d42dcb,de6ded4c-c3b8-4caf-bfbb-bb1ae3fd57a8,shipping,536 Jordan Center Apt. 892,East Michaelfort,IL,34102,US
f5f6f7fd-87b8-43aa-86ff-2f73e01adf73,e083edd3-9188-4853-a09b-579d06a3e237,shipping,370 Nicole Vista,Kylechester,AR,88035,US
c0935173-97ab-4939-b2e3-d7cfb5aa9f96,e0c4c148-a7df-47ee-99d3-22d97abc83d6,shipping,4459 Young Ramp,Nelsonhaven,MP,69051,US
9ee33ff0-919e-492d-8a48-d2b845e11166,c47a4653-c2ff-47ad-a852-4a8c7c5d49fa,shipping,841 Adkins Cove Apt. 034,New Carmentown,VI,04420,US
0cf0c644-dfd8-4fb6-a98d-849bdd9b5d9f,c47a4653-c2ff-47ad-a852-4a8c7c5d49fa,billing,991 Tiffany Gateway,Jessefurt,SD,88172,US
6576b752-20ec-4e5d-80a3-778555b46a4f,ac17a9af-d4e9-440f-ae2e-6987af6931d0,shipping,23539 Michael Knoll,West Melissa,WY,56919,US
9eca51db-f590-4df4-b887-7f20bcbb950f,ac17a9af-d4e9-440f-ae2e-6987af6931d0,billing,175 James View Suite 120,Jacksonland,CT,85842,US
b7782209-c5f2-4005-ab8b-c5a71f3386fb,3effa5ee-4224-4f8e-b769-0bf4126061bd,shipping,6487 Mitchell Skyway Apt. 154,West Christine,NY,34333,US
18ff256e-159c-408f-8443-005538bec94c,bc4a4cfc-633a-4708-8291-d2b96406b29c,shipping,907 Ramsey Mill Apt. 138,Berryfurt,MS,30672,US
d740b109-7346-44b9-bd49-da261d8b72e3,05762bce-1cbe-4561-8da8-4c48ff07fef2,shipping,594 Alexander Unions Apt. 326,Alexanderland,NV,05199,US
b73138a4-c6d4-4405-a89e-4cf5113830f1,e914d2f3-891a-48f9-8caa-35a9e01a36b8,shipping,562 Thomas View,West Cherylfurt,NM,94527,US
7f503845-6138-49db-b6f9-4dc934dff7c4,76c76140-cdec-4402-bf46-d7ec72438b18,shipping,867 Zachary Mews,Lake Josephburgh,NV,96115,US
4e9d0055-e851-4c9a-8613-80948eedfe6e,6769b066-70cf-4324-940b-31e14c0b226c,shipping,902 Franklin Manors Suite 883,Rubenberg,GU,42880,US
174fd4cd-feac-4282-92dd-71df9c29e46f,49483cd3-9c2b-4797-8ad8-0162dbe81846,shipping,4295 Elizabeth Ranch Suite 331,Port Teresastad,CT,75071,US
09ec4bd7-8309-43fa-9619-ee6d07482bca,a9e8fcf7-18df-4cb1-b582-ea3244ebbecd,shipping,8443 Cantu Turnpike Apt. 912,Howellton,GA,14906,US
66a0fbda-9c79-4313-8e49-edc5f7671ccb,a9e8fcf7-18df-4cb1-b582-ea3244ebbecd,billing,6663 Fuller Coves Suite 053,Williambury,KS,83047,US
667ac4cd-f29e-49b5-b883-da1a4d251c41,bfbdc4e3-2235-4774-8795-7323ce5531a6,shipping,2848 Joel Lakes Apt. 598,Wilsonburgh,MS,21296,US
4037102b-a696-4b84-aac7-fa93bcdc9e11,b57e313e-c3a4-4562-ab67-dc1756046352,shipping,55985 Long Pine Suite 046,North Andreashire,LA,23358,US
f4b67f39-c67b-4eb5-876f-aa31839486d8,b2b1594e-e666-4452-833c-2bb059a18e82,shipping,972 Rebecca Shores,Stephentown,VT,90908,US
2d78fc4a-d0c1-4bf1-87ed-4283c97fba79,c386f151-f3cc-4ab5-9d28-e1b142d97f64,shipping,8905 Sandra Locks Suite 462,Brittanyville,HI,82542,US
508a0436-8de7-4610-b31e-22f963d4267b,e2e85c10-93d5-43d1-b3e8-28e0cecda9ba,shipping,989 Brown Junction Suite 756,Perezville,IA,87531,US
68169027-50da-4a1c-814c-67f9dcb8b099,f6accc19-c5c0-4f9b-8260-6800060dfc46,shipping,13365 Nelson Pike Suite 105,Vasquezland,NY,00879,US
dcc0457d-6309-4a7c-9574-bb89e5ff5f34,e5d397fa-c9c4-4dd9-bd63-272aceab7b44,shipping,155 Gloria Extension Suite 163,North Karen,MP,54460,US
07a09d01-fc0d-4a3c-9b32-2f175909d597,387b0a0a-2fa8-49f2-be57-9600a4836b98,shipping,85326 Sara Spring,Duffyhaven,NC,43388,US
cc308376-15f2-4d87-b8cb-c964af5c2d78,9bd11994-682d-4b10-aa5a-7e6edb5cd7b9,shipping,3189 John Springs Apt. 254,Mcbrideborough,FM,31055,US
dfe6d6d8-123d-44f1-9834-818952badf8c,112dfdb2-37d4-49c6-9eec-15448f53bbe6,shipping,6506 Lindsey Cove,Michaelside,AZ,39867,US
d46e0a11-da4f-4354-abcb-f13903d113a0,7f080435-f5d2-4fae-a033-1c56f59b4f14,shipping,302 Robertson Summit,West Brittany,MS,59100,US
a2eba16c-68d4-43c8-9a0f-ff5ee0e3d224,427c57d3-3f6e-48bf-b52c-fb8a17999a85,shipping,603 Lopez Ramp,Port Timothy,SD,62145,US
41259caa-ea18-4872-b49a-9a7d0e7210e5,03877523-c6d1-4d05-ad07-92d4153a03c4,shipping,3651 Wesley Mill,West Catherinebury,TX,94757,US
b6d56884-3063-42e7-8ed0-7cc78ab29d86,a1bd066d-9fe8-4195-9929-7d1974163273,shipping,749 Ariana Pike Suite 224,Reeseland,NE,07763,US
bc4fdd5e-07ea-4b2e-8e6b-fbcba83e5e14,bbf5aece-4b40-4b85-91aa-5d62a104319d,shipping,902 Campbell Skyway,Candicehaven,PW,52385,US
6ef96f44-22da-449d-b238-20948f8613ae,c8846e88-68e6-4638-bf4a-98ae56338109,shipping,2202 Hale Village Apt. 181,New Jamestown,MD,48662,US
78233848-c9d7-46ae-880e-d3630a51b9f4,c8846e88-68e6-4638-bf4a-98ae56338109,billing,462 Erickson Ville Suite 327,Bettyhaven,VT,00870,US
ee9fa5c5-2e75-4197-a555-0ada5ac76fde,84c6bb50-ef38-4cf5-9b86-7b29e702433a,shipping,0927 Jennifer Club,East Stuart,OH,75111,US
e2754867-beda-4aa9-a4af-089e952d5f7c,650a50da-24bf-45bf-9b2b-8742cc49e2fb,shipping,250 George Key,Brookstown,VA,08847,US
8c886279-d808-412f-a17d-7bd58a87a173,650a50da-24bf-45bf-9b2b-8742cc49e2fb,billing,184 Raymond Field,North Annaborough,DC,19285,US
5d3a1242-326d-48ae-9469-55d04ef59b35,593b8f3c-73e0-4b04-b0bb-534175637d6d,shipping,83550 James Court,West Kristinville,OK,34075,US
4170f7ab-fb1d-473d-932b-7815a91df70e,5aceed90-3f5f-4aaa-81cb-fdf1bf9975a3,shipping,51063 Henry Estate,West Brandiburgh,CO,41509,US
567262dd-8f12-4891-ab71-96f49e033f8e,ecffe6be-3de3-45b9-b24a-3f163e26d93b,shipping,80621 Lance Parkway Apt. 791,East David,MT,90878,US
936652d2-74da-4240-9684-c9fca82b35a0,ecffe6be-3de3-45b9-b24a-3f163e26d93b,billing,4698 Chelsea Prairie,Taraborough,CT,78357,US
514bd35f-96c8-43d3-a786-177c852f8143,6074a282-7af7-425d-996c-f21076b6960d,shipping,0057 Lynch Locks Suite 060,West Jason,MP,16494,US
1eda88ee-51a5-43fa-9425-4aa32c7c853f,b9a40a41-e438-4606-bba3-387d92aee288,shipping,86335 Michelle Ways,Markmouth,OH,68289,US
9614c35f-f507-4cae-8b2a-f79cc5573d2a,8a9dadd8-abb1-4a75-ab9f-386e0140920f,shipping,189 Calvin Views Suite 602,Seanville,PA,52943,US
9d2615cd-0df4-4ba0-a3de-1ec4f1ccacf6,cb1a3aa5-96dd-4c93-911f-102e4435877f,shipping,02722 Dennis Drive Suite 163,West Kristaborough,IA,40639,US
5a39a4c7-2a10-4106-84c8-5ab38af78eb8,586970e3-20ac-4f55-a5b5-bf6573c3da47,shipping,11188 Sims Terrace Suite 920,Port Jessicaland,NV,78361,US
6652f12d-7eba-45f7-8283-6755dc060365,06e3ca65-f131-408f-bfb3-80e0f8cce4d1,shipping,0274 Thomas Station Suite 035,Kristenfurt,VT,86980,US
8da0311b-6641-4256-ac8f-bb0f1695f2cb,e5372161-22a5-41a7-a9cc-2d198c030497,shipping,8625 Flores Park Apt. 120,New Danielfort,ND,11513,US
1c4f87cf-ac47-4b5f-9b6d-662238b2ea2c,6fbcdd3e-d655-431f-965c-1545cf570ac0,shipping,7028 Franco Expressway,Port Nicole,IL,22888,US
e3bd9871-9928-406c-ad61-6365c51a013b,20cab3f4-ff3f-4802-8178-1e3c1e7bb253,shipping,92994 Martin Fork Apt. 928,New Nancyville,ID,70842,US
594713c7-73f2-491d-bef1-aafd2ac39934,eb8b638b-a31f-4043-9f14-113108faad51,shipping,02256 Christopher Loaf,Thompsonmouth,NM,34130,US
d23e63f5-7efa-4187-b488-7569184df90c,eb8b638b-a31f-4043-9f14-113108faad51,billing,05647 Robinson Corners,New Jeffreyfurt,NJ,02464,US
367e189b-72dd-4fa7-b554-2903515a352c,17455e6e-4db3-4849-bb36-e23fc3fd2957,shipping,72972 Christian Ridges,Reedtown,MO,64518,US
71864b18-9273-4be0-9d2a-2bdef00dd3b3,1127652c-b90a-41e2-a196-2b10c98867d5,shipping,50121 Wilson Park Suite 160,North Regina,WI,74882,US
f1d2c760-e026-464c-a7cd-6e9311696a90,e0a2d4f3-5df5-46cc-8c4e-1c3156d5add5,shipping,481 Henry Drives Apt. 243,Jessicashire,NM,25245,US
9138fb73-5dce-43fe-94dd-fd0e1b9cb55d,ef014ec2-ebcb-4427-a629-5547f12fd3ee,shipping,048 Douglas Shoal Apt. 394,Smithside,WY,40943,US
3f5c3ebe-ca70-4883-86db-1e25c57d1e1e,c5517341-81c5-40d8-823e-bea4cfe24265,shipping,99824 Combs Extension,Churchhaven,WY,83449,US
43614ced-3fa3-4bd6-ae08-8d76a7c41ccd,9f977d20-fa2f-4684-a989-3965770b7fad,shipping,55363 Jose Port,Catherineborough,AZ,56179,US
9d8044ea-84f2-4f64-a92d-3add2b92e451,b8c1cbe0-6d22-4ef1-a715-b0b96510ab80,shipping,5236 Hicks Springs,West Dawn,MN,56336,US
50209f8b-d546-41b7-a233-6eaf50072aea,b8c1cbe0-6d22-4ef1-a715-b0b96510ab80,billing,7902 Sara Trafficway,West Sarahborough,VI,25151,US
d5e28d93-7a36-4696-b0b6-891499700831,acc54630-f933-4a81-818a-0f9cc70603ef,shipping,8161 Torres Isle Suite 830,Lake Stephanie,NH,07420,US
39de5ed7-5b53-4661-a782-61188c86ed68,e9601279-6bc9-4ffc-a2e2-240d1ff0740d,shipping,82682 Cooke Court Apt. 006,Port Adam,NV,29736,US
8c4129c6-09d2-4bfc-8fb8-cd340ba28c17,5c6df921-19d5-42c5-aa91-b734fede78fc,shipping,6394 White Mount Apt. 679,Lake Davidchester,UT,92690,US
4aff2b6b-886a-45c5-b1c8-a2ef502a3b6e,8dbdff59-fbd9-4374-a4af-c067034ed5a9,shipping,688 Andres Meadow,Port Gregory,MD,42692,US
fa5d6bd0-9035-4c06-bb19-674ff356e4fd,e1a2b45d-fe52-408a-8881-98aed4cda304,shipping,55174 Douglas River,Zacharybury,MS,02246,US
0402ee20-eda4-4b99-babc-7a44c163b604,05041f94-ee5c-453f-b96c-6766a7ed7cae,shipping,215 Dean Rapid,North Jeffreyshire,AS,86300,US
3a53effd-a030-4831-a18e-2a2dad07526f,faa80712-5338-4192-8490-9253626131ce,shipping,554 Edwards Mission,Riggsville,AK,42253,US
8d0b5424-65cf-4949-9b6a-b8e112bebe81,a5ec05aa-61dc-42b2-96ac-5440ce28b651,shipping,8156 Barrett Canyon Apt. 306,East Brucemouth,MI,62323,US
dbb23ef3-31c3-4d9d-8280-e7ea348db96c,a5ec05aa-61dc-42b2-96ac-5440ce28b651,billing,651 Danny Turnpike Suite 432,Shannonmouth,AZ,16062,US
d0d7661b-7f7e-44a9-b11d-0d333ca14441,71e19703-5c65-4148-908a-2ab7b3c40a1c,shipping,4361 Jeffery Fields Suite 527,South Nathanielborough,NH,55788,US
466dbaaa-8925-455f-8356-5563a9a8b85f,11334c76-677e-4bf5-8c8e-021184240359,shipping,440 Perkins Trafficway Suite 007,Port Phillip,RI,94339,US
f09b6fe9-1c64-45ed-8595-14dc0f14c35e,75e4db98-e874-4f25-8107-e1c5c68297a1,shipping,6446 Dwayne Corners,Lake Derekburgh,IL,06611,US
52f38600-a37b-42d0-8138-ef76beb96f7b,3d7e2070-3d4e-483f-85ad-8db20d6e9581,shipping,1938 Jones Squares Apt. 555,Martinland,AL,25197,US
edff65a9-3d4b-42ca-a7c9-ce0275fa3c9b,26a9d991-e239-484e-936c-95892eab3473,shipping,7502 Dominguez Club Suite 040,Lake Ronaldmouth,NH,38630,US
a1083644-c3c7-491e-b3fa-17af5a235709,6cba0fd9-0372-49ff-ad89-26cf3b2cd19c,shipping,44898 Chambers Drive Suite 230,Isaacmouth,LA,30795,US
bb1f1b51-39e2-4b22-91f7-d53213bc87d9,33153afe-a952-4c97-9165-51ac346e4a22,shipping,51188 Marie Road,Danielborough,NV,72578,US
0745d33f-b6dd-4232-93f3-40269d5039ff,13d1d3e7-f081-4067-82d1-90489e43d373,shipping,96982 Sarah Squares,Taraport,UT,73570,US
e20ea33b-672f-4f6d-a38c-5f357211fbcd,13d1d3e7-f081-4067-82d1-90489e43d373,billing,363 Jesse Walk Apt. 366,South Adamfurt,VT,60769,US
641ed2e8-cf88-4aae-aa37-53b8931caf77,aa048a4b-6c38-48af-a77c-fdea7a82b4d5,shipping,640 Kara Drive,Sharonburgh,VT,19470,US
20ec4daf-bac6-463d-abe6-741b926b54bc,4ddc4757-f99f-4b26-a1f4-d8515bf40b02,shipping,6797 Mark Mountain,North Kennethmouth,KS,69786,US
e88430f9-f727-459f-a690-0a47b5c012e8,4ddc4757-f99f-4b26-a1f4-d8515bf40b02,billing,151 Valencia Coves Apt. 920,Gomezborough,LA,95813,US
5fc78a28-188f-4248-9d6d-d477bca62728,541c534b-442b-4458-b35e-795640880c2d,shipping,8691 Todd Shore Suite 290,New Jonathanside,MT,02772,US
e8cc796b-5a0f-4d44-94dc-e50f13d951ab,f882c863-83bc-4b4c-bc67-1b70aada2098,shipping,11811 Thompson Gateway,Crawfordshire,GU,33486,US
3464dd46-508b-4122-ba1a-873cb1c83a44,b4ac569e-151d-4cfc-a32f-ab2a4f0d099c,shipping,45332 Brett Crossing Suite 440,Lopezland,UT,22925,US
cda5c575-0f27-4da9-9fd4-74518ae7687c,b4ac569e-151d-4cfc-a32f-ab2a4f0d099c,billing,6027 Christopher Points Apt. 229,New Robert,MT,26098,US
1f8ff7df-9f97-48b4-9930-1132a3d23287,eecad3b1-cddd-481a-a9ac-c72c6997fdb0,shipping,54016 Troy Extension,East Brian,IA,14243,US
457fc1e8-2d39-495f-91ae-cc02d8ce820c,a3094a24-46d1-47ea-badd-5214c2a69e79,shipping,697 Andrews Hill,North Rodney,DE,94456,US
81773bdd-690f-4276-9fdd-29b028f31926,9d8222fa-e5f3-4b77-baae-40149308a389,shipping,116 Robert Burgs,Boltonport,VT,06197,US
1d6131f9-2095-4c14-9131-ccbe9afc5541,75626d89-0e6b-487c-832e-fe611c05e829,shipping,89316 Cory Knolls,New Johntown,SC,01453,US
2686fa7b-93f5-4c87-be15-6306c4a04718,1709958c-5de0-4793-9211-e7e7b4689a41,shipping,58872 Bailey Village,Lake Nicolemouth,MP,65292,US
8256fba1-a7d8-43e9-96e8-3b42740bf811,c3f17ff0-89c9-4973-86f1-7a819c548e64,shipping,1656 Brittany Drives,New Sabrina,AR,43219,US
3bc633eb-c475-4098-b243-5044e4751bb7,b03e95c0-460e-49ce-bc01-f1cb9d39c229,shipping,50358 Jacqueline Station,Powersberg,DC,89259,US
3279c865-7731-4bf3-84b9-d68ae228d282,f45d1fdc-5195-4237-98b6-391d00fffdb1,shipping,268 Kelly Burgs,Melendezchester,DC,14441,US
97453d33-a92b-4bc3-8226-42cb17251bcf,f45d1fdc-5195-4237-98b6-391d00fffdb1,billing,01119 Ewing Islands Apt. 807,New Michaelhaven,PW,87702,US
89b923e1-7e26-4962-b9ff-b5b13c43f9ae,fd06b8a7-edea-41fd-a020-b41681b27b21,shipping,7376 Warren Prairie,Stevebury,NC,93085,US
254c102e-24fa-48d2-a37c-10dc5f6a8701,8216620a-c93d-4de5-ac2b-526a67e91daf,shipping,603 Jessica Route Apt. 068,Dillonshire,ND,21295,US
d82b742e-c95b-45d9-aeb3-3e6f25e7ca4e,ae379acf-a951-4e88-9907-8d8d203257de,shipping,5918 Curry Turnpike Apt. 746,Oliviaport,NC,24486,US
e2af3f12-72ee-46e2-88eb-37f2e050391e,685d4677-cb2b-45db-a990-1077e8b4e299,shipping,3763 Morales Trail Apt. 321,Jessicaberg,HI,40836,US
28b36f45-2a87-495c-b944-b35f8a6a2e4e,fbfae2be-d310-4119-b5f5-19772bc85712,shipping,27880 Sullivan Rue Apt. 497,South Bobby,IN,11587,US
f9bf92fc-0b8b-4d3f-bd2a-8313794cdcbd,74f71053-d7c5-46f5-8332-493b60a9e672,shipping,915 Breanna Coves,Briannafort,ME,01629,US
41291b30-45ba-42b0-9a70-4d1cd4db08c3,4234b63b-86d7-4d49-87dd-f59fbfd703fa,shipping,20642 Logan Stravenue Apt. 159,Marytown,GU,80193,US
83ebba9a-ff2f-4438-b445-b22c7cce4a5f,4affad8d-9be9-4ec9-a324-940d97d95ead,shipping,3104 Gomez Corner,Romerotown,MH,18059,US
8e3ae705-b2e4-42b7-a20d-75a4e377c6c6,4affad8d-9be9-4ec9-a324-940d97d95ead,billing,2534 Richard Point,West Matthewport,AL,95251,US
d1f13e2a-5ac9-47d7-b710-45f615957937,21c0c45b-8ad7-472c-b64b-56a4e31d88dd,shipping,5897 Davis Courts Apt. 429,Port Ryan,VI,50809,US
de143007-545d-4e32-a35d-7cc74614d18a,af805675-433f-45b9-8f46-035a276b0da0,shipping,306 Derrick Gateway,South Susan,PA,66309,US
b2ef1c16-fc65-45f3-ba5e-2a9225cd8838,e1a5230d-d435-4a1d-9eda-90f665a28fb8,shipping,407 Ellis Square Apt. 386,Martinview,MN,53979,US
91645a62-12be-40dd-9664-62c6bffa53d8,e1a5230d-d435-4a1d-9eda-90f665a28fb8,billing,822 Brandon Plains,West Jesus,MO,84743,US
b91b1cab-6472-4fed-99ad-64020cdbd64f,e6fb591d-b513-4626-b764-60a61514bcef,shipping,49712 Oneill Point,New Kathleenside,UT,01416,US
028b8aa4-4acb-4214-8bfd-a52cd410c0d3,e6fb591d-b513-4626-b764-60a61514bcef,billing,420 Petersen Loaf Suite 347,Susanburgh,KY,29949,US
d2c3dd31-f4a6-4c69-8cc9-aee3fcc6c464,75ca4c75-ef9c-447a-88ce-b01b3afec345,shipping,6095 Morris Track Suite 520,Anneton,CO,99290,US
fba567d4-cb07-4b55-b076-0653d57078b2,373edcf9-ee26-47d2-8a74-9cabc966146f,shipping,167 Mcpherson Route Suite 165,Jamesville,MT,41965,US
a8b85872-89fb-4768-8642-18b014ea90f5,03cb9927-8114-4d85-a27e-94799ecc668d,shipping,15270 Debbie Summit,East Jason,MI,12085,US
a2e92cce-7f47-4d4c-99b3-d7f763d8cd70,03cb9927-8114-4d85-a27e-94799ecc668d,billing,16637 Acevedo Union Apt. 338,Port Daniel,SC,08983,US
9034767f-0a93-4eff-b06d-c87d310955df,7bbc63f9-12ed-49bb-a278-2d126fb58603,shipping,333 Sarah Via,Lake Nathanielberg,PA,45571,US
624fbec9-c052-428f-b63d-d916f2e987a4,313f791a-d7a7-4565-ba67-16967713ebf6,shipping,958 Fernandez Point,Kellyside,NY,46606,US
f40a08b2-a414-42c0-a43c-d662a1f3a4ab,7a3b459c-9e17-4023-ad43-4be25a3ae4d4,shipping,34143 Jenny Underpass,Heatherview,OH,82074,US
b7456b14-8d91-42d3-84af-5ab931b02c12,d082b43a-f7e6-43c9-82cf-2eea5a0f6ab6,shipping,751 Thompson Flat Apt. 831,East Jennifertown,AZ,08644,US
8bfe9bd3-e246-4c4f-8a90-2882318a3916,d082b43a-f7e6-43c9-82cf-2eea5a0f6ab6,billing,1471 Joel Island Suite 605,North Anthonyhaven,MS,99605,US
97745701-dd4b-40b2-a23f-08a4b667cd83,39dd5b0e-3ff0-4481-a7c9-dfb4a60d4849,shipping,95801 John Grove,West Christopher,NE,36475,US
5a2a7ec4-72f7-4ab8-9fac-19629f6c315a,e0f36a35-d742-4c98-b6c8-a6b4cb350d53,shipping,70680 Nancy Mission Apt. 954,Longfort,DC,84257,US
cbad7c34-eee8-4ee8-8e92-8e06002b05bb,e0f36a35-d742-4c98-b6c8-a6b4cb350d53,billing,8112 Michael Forks,North Daniel,CT,32962,US
997a1b54-bca5-4645-bad3-215c03e04362,4d831a4a-094c-4597-a634-ebb65c20db6c,shipping,694 Woods Drives Apt. 725,East Yvonnemouth,WA,36061,US
50a0b3ff-ca6a-4869-ad6e-91808f86c40d,4d831a4a-094c-4597-a634-ebb65c20db6c,billing,3192 Mary Road,Lake Crystalchester,DE,86809,US
7fa39a09-11e6-4914-964f-d4697a400096,6ec7e73b-18d1-4b0c-a9d4-5e26d4fa20e5,shipping,932 Byrd Inlet,North Jonathanport,FL,80507,US
06ed41dd-8819-4941-91cf-18fcd0ffd51f,b92f977d-c75a-49c8-9bd1-78e2fa54f973,shipping,102 Kelly Well,Davidburgh,ID,80465,US
d1e8e2a8-1f6b-4529-9680-7e0a9a4eee60,b92f977d-c75a-49c8-9bd1-78e2fa54f973,billing,7023 Garcia Mountain Apt. 572,South Molly,ID,99752,US
8e20541e-226d-45a4-9bf5-d21fffda2f79,3537bae6-af55-4173-b9f4-008c4bcc9278,shipping,8637 Howard Club Apt. 587,Hayesland,MH,59431,US
971cdb71-e942-412f-891e-8140b5b27851,59184390-2355-48d8-8f5c-bb62cae44860,shipping,970 Hester Fork,New Belinda,MD,16901,US
6447f0da-da69-4bf0-b6d0-4f000bdd3aec,78195f41-40b2-46a5-b4e1-858c8be58923,shipping,61268 Bass Village Apt. 683,Erikfurt,HI,30527,US
1407b75d-0575-4e2d-9ec9-54f8219d6595,05d71907-60a3-400b-bc22-1990e183cb5c,shipping,94765 Ayers Plains Apt. 145,Loriland,OH,80071,US
1949665c-21bc-4213-b607-f01e5e20805c,4c763ec8-7c01-4573-aad2-03bbe33abf6a,shipping,06462 Duran Freeway,Bowenmouth,AK,05715,US
ea92e65e-1c5b-4952-9ae8-5c795b7e5e7a,4c763ec8-7c01-4573-aad2-03bbe33abf6a,billing,87154 Burton Brooks,Seanburgh,NE,94794,US
76be937f-cdbf-4c28-b1c0-9742f044c931,2838f0b2-5eb1-4d7d-9297-0977ef6cf5bc,shipping,769 Adam Canyon Apt. 544,Cruzbury,WY,30317,US
50334a31-9d7b-4924-b7c3-5ab2313fc0b0,2838f0b2-5eb1-4d7d-9297-0977ef6cf5bc,billing,40853 Brown Branch Apt. 775,Port John,NH,32194,US
f976d44a-24b4-42fb-b33a-5d86ed8c3269,fa49dd54-2ed7-4634-b249-91b97ee3a3ef,shipping,686 Vanessa Creek Apt. 553,East Samantha,DC,97709,US
6933b0cf-1b32-4b08-8d6e-13cad5c7fa91,e3a63819-6706-4944-a3b2-e4136aedd0e2,shipping,388 Dawn Inlet,West Laurenshire,MS,05864,US
86340b50-7c7d-4d64-8813-3dbec76ffa9c,1493e317-eb91-4d6b-93e5-cad3fe300a06,shipping,454 Flores Via,Port Thomasfort,PA,59747,US
26faff0e-8341-4651-ad35-eac793db28a5,a06d43e4-32ef-487b-89c9-c2ed47f369ba,shipping,852 Justin Manors,Whitefurt,NE,56944,US
370dd9cc-4318-420b-b7a9-7fb5ee45ef53,5e78ceab-664c-48dc-adfd-a4b34499c77f,shipping,5337 Brian Harbors Suite 196,Ariasport,MS,51820,US
9318112d-e0f4-484a-b04e-3f4331af3153,a0c9f744-ce9d-4c1c-923c-29ffd0a40e91,shipping,88923 Weaver Green,Kevinchester,CT,33393,US
cf397b70-8158-4934-af5f-00df427182ff,a0c9f744-ce9d-4c1c-923c-29ffd0a40e91,billing,83649 Juan Dam Suite 481,Ryanville,KY,44716,US
b25226ca-4b5c-4c1a-b74c-f5ee64a18785,d842b285-31ed-4668-91c0-8cd8ae2e9456,shipping,8871 Nathan Track,Danielmouth,CT,90431,US
8047ff19-aa7b-42b6-a5c6-6e820572737c,d842b285-31ed-4668-91c0-8cd8ae2e9456,billing,571 Stanley Spring,West Garyland,AL,21480,US
4ac45252-f4b1-444c-aaa0-42c32af21008,b61badc0-39b8-4790-b3f7-6318b9499b20,shipping,9993 Jennifer Junctions,New William,VA,02805,US
8af72a00-9c85-4cf6-a8b0-0be78bbe42cd,b61badc0-39b8-4790-b3f7-6318b9499b20,billing,06114 Joshua Mission,Reedside,IA,25679,US
dc6193f0-b81d-400f-88f7-6e721251c6c7,6d8e61f5-8881-49b4-ad29-0439bdc7023c,shipping,981 Donaldson Vista,Randolphview,MO,35784,US
b98bd993-e1ec-41f1-9249-1fee848271bf,77e59a0f-c387-490c-9039-f777eef52625,shipping,65537 Nathan Shoals,East Adam,AK,29393,US
ba53023d-0f9c-4205-a127-c77610df1360,26211665-1a6f-45b6-b9c6-f651e5b51e96,shipping,114 Castillo Shores Apt. 922,Smithhaven,NY,26384,US
a69fabc6-1e24-4540-9f21-96816cb20302,ce575001-cb57-4d21-9529-a8814bcc6eb0,shipping,262 Paula Mill Apt. 058,North Anne,NV,40271,US
be44ea1f-796d-437b-88be-52809ea613c3,7b96bc4b-93de-4b2d-be7e-ca4b50131510,shipping,69963 Ayala Walks Suite 109,Sandersmouth,TN,21756,US
88cad750-3a95-4217-908b-cd08f5e26313,66301423-eac4-4bd8-a814-089d74507aa0,shipping,93015 Fields Corners,Elliottside,WV,65759,US
f938f683-5b5c-4a4e-a747-0a33093eb1fb,3a045b2b-8d46-4146-bcc7-d61dbf94148d,shipping,88717 Underwood Freeway,Lake Manuelberg,UT,27111,US
0207c510-7a13-44c8-aee9-6fe448226334,e550dd1b-9e41-4aab-aeea-3bc927beb3ea,shipping,343 Perez Mount,West Kimton,SC,69922,US
3cb0dae9-97d2-4489-9c18-e96fdda25a8a,ee576a95-5a59-41d3-94cd-057764626131,shipping,6483 Matthew Junctions Apt. 516,Port Tracieview,NJ,12733,US
d0528820-cd2c-4048-bed4-dce78bc9cd4a,6c5f2cc3-cc5c-48e5-93d8-dd8f1c555119,shipping,103 Fitzgerald Spring Suite 725,East Elizabeth,AZ,73509,US
b63b1b22-7c18-4127-86e5-173fb525e4ee,3d41e324-aea1-4b65-89d0-d48d362df9be,shipping,3894 Cheryl Ridges,Mitchellburgh,DC,83485,US
f1f7c0cb-bea0-4678-a59d-184512fc60a7,40bc748a-f1d3-4c4a-a39c-cba9dfbe12c1,shipping,574 Shaw Drives,Lake Tracymouth,VA,66362,US
f3e1c81a-4ac1-4d05-bb99-82dce16cb9b8,e7981f7c-185c-47af-8eca-aad0900a979a,shipping,44952 Monica Cove,Rosestad,MO,94808,US
6a12a6e0-d23c-41d7-962c-47f6ee287d75,e7981f7c-185c-47af-8eca-aad0900a979a,billing,425 Stein Burgs Suite 699,Bradshawberg,AS,27364,US
05e7429e-554b-41e3-85df-e27fc4c693a4,a4c9aad3-6b2b-4a29-b88a-03e6dfba901a,shipping,9102 Garcia Circle,Brandyburgh,WY,31129,US
44afacb4-0017-4252-8027-dbdbfe700833,b816aa10-73c3-4ed6-9882-05ecffa0933f,shipping,8345 Jimenez Mission Apt. 756,Angelashire,AR,58676,US
0b7f1361-dafd-4173-be9b-38c0daa1deef,f40621f4-86ff-43c0-9fc6-cc239958a1f2,shipping,22121 Amanda Neck Apt. 122,South Glendaside,MN,45951,US
f5f3e282-7bc9-48c2-b497-ee99e0d2113b,86208a77-a19b-4dbd-a590-7dd2c095ed1b,shipping,365 Brooks Harbors Apt. 925,Christianberg,AZ,95444,US
ce6e03f7-f593-4007-a0f3-fa25eeba247c,86208a77-a19b-4dbd-a590-7dd2c095ed1b,billing,07163 Travis Isle Apt. 582,Owenstown,NE,21045,US
399104a6-428e-4569-ae48-a00a0478f7d8,07a84343-157b-4b09-9659-40d927d3ce2a,shipping,4524 Megan Villages Suite 043,Michaelhaven,SC,29762,US
6a686ab6-3278-44b0-95bd-ea99a040b6b3,274a2561-42ba-493c-b2eb-2f6e443ab1b7,shipping,6107 Jason Mall Apt. 744,Brandonshire,WV,88327,US
50f4d912-c2e5-473b-9a64-fa1c8dafad56,fda338fd-15fa-4978-a871-e1c471cc1ddd,shipping,1772 Debbie Place,West Markshire,MS,93884,US
97f7e4f1-ddc8-423f-b51c-ef6fef1787b5,5e01b834-fae9-41b5-a458-d9ca8b98ab02,shipping,60562 Scott Vista,Scottport,FM,45073,US
42e9c93a-e707-4abf-a0c6-b83c109f3895,e318b2ea-e06f-4d97-9426-218fc40ec153,shipping,8152 Mendez Vista,Garrettshire,MS,93176,US
62f9eeca-fd21-4d5b-a1f3-8b49e504765e,a6dd8451-2d1e-4c0a-9d40-6943b9ee1223,shipping,0997 Harris Mills,Robertside,KY,35746,US
dfa1a5e3-7ceb-4605-9b84-a515e0f2321a,98d7c89a-26f2-446f-b243-99423e23a52d,shipping,3946 Mark Cove,Lake Ambertown,VA,43346,US
d0720c03-2a65-45df-a2eb-211ec9c63657,98d7c89a-26f2-446f-b243-99423e23a52d,billing,88904 Joshua Course Apt. 338,Stephanieland,UT,69915,US
daad5e22-42b8-45bf-9ad9-a71e240fc3ec,2df57756-e2c8-4fb0-a2be-11b5516fe6d9,shipping,203 Wood Square,Mcknightville,CT,52959,US
76c7a7e9-a8c5-4c60-a773-f60d13f35c97,f46266c8-67e0-4e35-9390-723165482ca1,shipping,4833 Glenn Heights Suite 199,New Michelleshire,NH,77644,US
fabbf40e-5664-44e9-8267-5284580d64d7,356d1cee-55df-4de5-88bf-c33caf53a01a,shipping,60040 Samantha Road Suite 496,Ethanfurt,KS,85344,US
b087a8d2-e3cb-49ac-9447-55d3a5426736,7b9e5968-ca12-44c9-90b9-ce39fbc9d2d8,shipping,0899 Webster Fort,North Patriciaburgh,KS,92460,US
c745ac0d-53ea-45b3-8a58-a36be76d81ce,d07281d9-ffc7-483f-9d30-d2be386e6933,shipping,7612 Carlson Creek,Deannachester,NE,60518,US
bef2948d-bd91-4ccb-ab0d-5e6d3f968b45,d07281d9-ffc7-483f-9d30-d2be386e6933,billing,11789 Brian Light Apt. 034,Kennedyland,HI,63503,US
0fc553a8-6e5f-4249-820b-d748b3a664f6,cf505697-434d-4333-a45e-eaff32be0b38,shipping,89969 Dawn Neck,Michellemouth,OR,41704,US
eeff27ab-0436-45ea-a582-b7583ac91617,d9a6a07a-59de-4861-afb8-cf011605b7cb,shipping,938 Foley Spurs,East Shawnport,KS,43048,US
b512552b-abd5-43ab-8176-ad17316d396d,a96235a5-51cd-4747-9cfc-b314cd26bac7,shipping,731 Johnson Groves,East Scott,CT,89828,US
e2307d86-ffb1-4e2b-a403-71376e00121e,c93be849-7d31-43b3-a899-e461cce7e68b,shipping,947 Stevens Greens Suite 976,Hunterview,KS,39797,US
5abb81c9-3fba-4018-9d56-7f1789b35c78,c93be849-7d31-43b3-a899-e461cce7e68b,billing,910 Jesus Ports Apt. 827,Jamestown,UT,34310,US
144879ca-165c-4f1e-9943-16c10e88f1f6,27ee941c-fad5-479d-bf91-5550defa38b9,shipping,3273 Peck Radial,Carterchester,OH,16894,US
dd68deea-094e-4492-b30b-d6deb063a58b,e54e13f9-ffee-4017-a16e-34ebed1e2009,shipping,53359 Torres Parkways Apt. 368,South Donnashire,OH,23239,US
f1e32952-683c-4b85-bed7-e3c0be060698,0b053c51-1af1-4967-ae06-3aad8227c85c,shipping,567 David Mission,North Erinburgh,OR,55835,US
69a2722f-8427-497d-9702-57fdbe30531e,b7878a3e-4d7e-4b1f-abe8-d15e2660bd81,shipping,651 Hurst Cove Suite 608,South Kathrynhaven,OK,43241,US
496b41d9-be37-4e1a-b36a-f841e58f6ede,e9695920-541f-471e-ba83-dd48d45dd8fb,shipping,696 Joseph Manor,West Tina,NY,98590,US
22a934a4-8b1b-46cc-9d0f-0ffd88891afd,7a57c90c-9991-4889-a8dd-44869b3d8312,shipping,591 Cunningham Heights Suite 871,Tammyfurt,ID,12965,US
b4dfe733-ee80-4787-9086-09904f6b9e67,37a7306e-b314-4d7c-ae7a-efaeb8b9c1ca,shipping,318 Kathryn Trace,North Jimland,MD,24627,US
89499bb9-28d1-4b1e-801e-2378626116e6,37a7306e-b314-4d7c-ae7a-efaeb8b9c1ca,billing,51317 Nancy Creek,Ericksonbury,DE,33024,US
518a6153-1ddc-4cee-9a25-7f0719b68215,cfade7c1-f546-4905-af1f-74f8c74b14ce,shipping,890 Schwartz Lodge,Kristiborough,CA,72625,US
3535a692-4797-40cc-aea5-320f50b2f16c,0e99f3bc-6060-4412-be5d-fa830557c79b,shipping,20660 Moreno Mall,Cruzborough,MO,51333,US
6ad5718d-918b-47f5-9a29-2bae765b5b53,547c0803-9f9a-4069-9f82-fe2142ca0712,shipping,00550 Barnes Glens,Adkinsside,NE,88923,US
c90526d2-8910-42ed-ba3f-ba0a043ce3f5,1c84f424-50f8-47e2-ae01-47dfb4fb6f15,shipping,93050 Andersen Club,Angieland,ME,15130,US
40a8335f-78c9-4458-a52c-5233facaeb90,eaabf2bc-6fd7-4494-8704-2223ecc9f27f,shipping,35888 Jill Rapids,West Ricardo,GU,04440,US
a9310798-d028-40bc-bb0c-204ddd19ad6c,597a0adc-ce26-4c66-983d-854dc697158d,shipping,5656 Brandon Row Suite 199,Briannaburgh,FL,15714,US
b32dc2b3-05ef-4966-a35f-04792e2b2ee2,10ce61f5-79d9-4c1d-b54b-c32f81dc8c3d,shipping,60483 Michael Cliffs Suite 153,Ellenport,AR,20188,US
d32d8520-0643-44a2-b221-1b0a6ce0f052,ff2b74c1-9ddd-430d-ad96-0eadee1e0e35,shipping,2112 Danny Ranch Suite 290,Paynefort,AK,14973,US
9b55411d-afb6-414e-aff7-4cf7d0801286,636fc3cb-668a-4700-b9f4-d903f97d3cc7,shipping,37174 Bryant Hill Apt. 056,East Elainestad,NJ,16658,US
06d91f44-43f2-4f6b-a773-d5f0fbeafe34,592375de-ae99-4e2b-b71d-1e082ae28749,shipping,18574 Hill Throughway Suite 311,New Angela,AR,18537,US
00ea619b-8c1c-4154-b845-665b6af6acca,592375de-ae99-4e2b-b71d-1e082ae28749,billing,52694 Patricia Centers,Kyleton,PA,69189,US
588a2500-df45-4eff-a02d-4cd2d1788d2a,64339b12-7231-405c-ad2f-339b89e8ecc1,shipping,1278 Richard Route,Estradafort,VI,46367,US
0492cee4-78d3-4d40-87c6-791cd089f5af,64339b12-7231-405c-ad2f-339b89e8ecc1,billing,36003 Christopher Shoal,South Sabrinafort,NJ,11577,US
14010077-85a6-4c60-8a7a-341a0a6cb5fc,b4018d75-0969-437f-b02e-9790f41d451e,shipping,91919 Derek Ramp Apt. 517,North Gregorystad,VI,93557,US
5cfe093c-1079-4944-b85a-f1007a32333c,5fcae5f7-51cb-445c-9830-fc4d19b3f67b,shipping,5848 Joseph Isle Suite 438,Thomasmouth,DC,85669,US
8ee57d9e-94ec-4c26-a14e-220987e2363e,e67dd486-8931-41e3-ac8b-ee5b89a7b268,shipping,07391 Brandon Points Apt. 372,North Joanmouth,VI,85547,US
d3d0c15c-9953-4d25-81aa-a63548d3a724,e67dd486-8931-41e3-ac8b-ee5b89a7b268,billing,91748 Jacqueline Hollow Apt. 951,Jamesmouth,MH,39499,US
69667bde-d60d-4d3b-a599-bb6e5b9b2fcb,9cf802ae-9b17-4371-8f61-c73f7386811a,shipping,35297 Moore Avenue,East Bradley,MT,60255,US
df8948e3-a668-4e06-b4c0-5d32642b88f4,1cc20f69-b390-4787-bb9b-81831fd4d989,shipping,74304 Nicholas Brook Suite 215,Doylehaven,MI,56093,US
c7103736-61f2-4cf9-a5a4-60dd3410913d,4ce93038-4acd-499e-8577-f1fbb7033e53,shipping,6012 Tony Plaza Apt. 819,East Brendaland,ME,28411,US
67eb206f-e71a-4474-a749-e518a6b2560f,4ce93038-4acd-499e-8577-f1fbb7033e53,billing,71792 Patrick Drive,Howardville,OH,19463,US
b814695a-bb10-4b49-a9b5-a940ea71bf12,81f0b595-d834-4000-be00-cc78017f19ab,shipping,854 Robert Mill Suite 024,Lake Samanthafort,MD,80360,US
d1d0a73d-a8a0-4503-90c2-407caa5cfc26,81f0b595-d834-4000-be00-cc78017f19ab,billing,519 Andrea Turnpike Apt. 409,Dianamouth,DE,87166,US
39a69312-06a3-4ef0-b3eb-23ab80b687bd,5ce5146c-5c4f-4679-bc1e-482c9e62a64e,shipping,7139 Jeremy Hollow Apt. 203,Lake Rachelbury,LA,10821,US
8707c21b-39d8-4281-9eef-2332d5a332d5,e8168072-1ae1-4d88-9b3e-d7ce31968438,shipping,6959 Cohen Stream Apt. 893,Lake Lisaville,MS,89585,US
3f06adc1-6023-4c78-be53-011241e9f5ea,539b3dd4-cbca-4cb7-88bb-19dae8163435,shipping,565 Skinner Walk Apt. 950,Lake Shannonshire,SD,70440,US
44ebb358-3c86-4a06-ae25-a33b00d4056e,a7d8f61c-3be6-4c50-b822-05ee3a53ac3a,shipping,75829 Patrick Center Apt. 631,Cookmouth,LA,70737,US
6edfbdb8-288f-4111-a27a-0288df37a8b3,96d238df-c933-4edf-8fde-3a414b0bff9a,shipping,7754 Gardner Vista Apt. 525,Carrollborough,MS,95038,US
5c4926ec-9c26-4525-a8c6-67c429561019,dbfb9268-93f7-4de2-bcaf-1c64f7c7936a,shipping,07108 Martin Isle,East Gloriaport,MP,72537,US
3059d79c-afe1-4afe-8ddd-47d79da45b94,65c68140-bc06-4be4-9ee1-300cd40c0f0f,shipping,7599 Aaron Dale Suite 733,West Daniel,NC,78765,US
4f7191d8-a418-4e52-af54-7b7a93121632,202e9ef8-f878-46c9-a251-7e6275c07526,shipping,86197 Cindy Way,Brockshire,UT,14155,US
95e0ba8a-4d28-40f6-a096-863a241e36ab,1711b8c9-e36b-4ce0-a7d6-c0a28c03e3f4,shipping,61456 Palmer Ville,Jesseberg,AS,79639,US
602c3b02-3211-4f81-b86a-6a507bf393a7,da10ecb4-fe62-4aeb-9881-d748c49ed504,shipping,8604 Brown Extensions Suite 111,Port Jamesstad,SD,88029,US
8c2eea73-3b6e-45ea-8cac-a0e0024ce15b,da10ecb4-fe62-4aeb-9881-d748c49ed504,billing,02637 Davis Cove,South Hayley,VI,48827,US
2967588d-77ac-43b0-8a38-11d3a8cf3efc,3f4dee1e-46ca-4f75-bc4c-0de62e7126f4,shipping,3096 Dorothy Hollow,Brandonchester,WV,87358,US
f4d9271b-cdbf-4eb7-a7da-8784a2785688,78b10b80-7580-45df-8d62-584fb5851409,shipping,9685 Steven Rapids,Garzafurt,PR,56549,US
702dfca3-33c5-4945-af5e-b0c19bb10e35,ac14e98e-476d-48ba-9cce-f47d925bd966,shipping,9663 Natalie Ways Suite 387,Roberttown,OK,53226,US
5d63efac-0b5c-4f25-85c6-f3d1cdd3d1f6,0e416669-1924-4a89-ac12-66f2b083e670,shipping,347 Bruce Stravenue,Jamesport,ME,94112,US
f2f11448-1a23-45ad-b594-3a062ae8362f,0e416669-1924-4a89-ac12-66f2b083e670,billing,814 Mendoza Port,South Michael,UT,76415,US
66539207-9a84-44e9-bd69-cb358ce64165,62f7d111-9a5e-494f-9ac0-206a75a13465,shipping,716 Lopez Mall,West Michaelfurt,VT,03559,US
1c17c07f-65a1-41b4-9e49-49bb84601b99,c4bcc6fc-5f13-4b1e-90cd-781aef011313,shipping,198 Williams Bypass Suite 088,New Shariland,MA,53029,US
ac5e51c3-2abb-4725-b675-710f939bd15e,f30bfd4d-b441-4dd5-b365-e6b8e3782661,shipping,0033 Christopher Orchard,Carrieport,SD,58486,US
c0a6a977-d93b-4f5c-8d36-1e770730f849,35240793-c77b-4273-a86d-4ff3d8fcfca4,shipping,791 Michael Locks,South Jenniferport,IL,55519,US
750e768b-8173-468d-b6e0-d007ea7bee95,2cad0837-5908-4c3e-89b1-5e839981bf79,shipping,9284 Moore Lodge Apt. 983,New Kathleen,DE,77430,US
2793665a-f67e-4a10-8ece-b352398b7b4a,7ca5455f-7b96-47fa-9bfe-480c161e7d7b,shipping,70147 Gary Lights Apt. 425,Melissaton,DE,70101,US
fab45f28-a37d-4599-8c60-0623d1f71643,bb815e5e-272f-4f2c-b3f6-5b2bd3c0fbf5,shipping,6260 Anderson Road Suite 784,West Kevinstad,GA,10534,US
24fc46e8-0497-4db6-8e45-7cfc3cea231f,e2cecc78-9068-41e4-a7d6-5c2939e4b950,shipping,85559 Amanda Mews Apt. 425,East Garymouth,MD,21948,US
af018e2e-5e42-455d-a66b-fa6c735d92ef,4a99b70e-2ba3-47e2-81fd-6c4cda9c7f76,shipping,4650 Scott Extensions Apt. 869,Kerrytown,NV,11821,US
d71f9a69-c30f-4d25-9587-e3ed1ca04899,4a99b70e-2ba3-47e2-81fd-6c4cda9c7f76,billing,8251 Lynn Terrace,Port Robertport,FM,24242,US
c4bbf5d4-f2fb-4452-ac5c-ef56ae115950,5533684c-3046-4784-9aaf-bf836fd2d449,shipping,42749 Amanda Streets,Lake Stephanie,DC,21555,US
575b9a4a-2c25-42b6-a8ec-08e7bd8e083a,2ee48aaa-7fdf-4768-b058-d31c5c669c4d,shipping,10703 Brenda Loaf,Zunigashire,LA,91189,US
90d5b8ac-eec4-4a92-8b93-f4e5923d1d30,036fef61-2e20-4226-aff9-e1bdbb7cb1d1,shipping,388 Gonzales Burg,Deanmouth,MT,96074,US
325044a4-a620-4b59-95dc-120dee46ddf5,43f4ec3e-f9ec-4ef3-8c31-377b373bf093,shipping,26242 Rocha Crossroad Apt. 289,New Dustinhaven,MN,60115,US
c65034a7-33d2-4917-be3f-504411b48e45,43f4ec3e-f9ec-4ef3-8c31-377b373bf093,billing,7169 Edwin Harbors,New Aprilside,LA,10297,US
21f23835-c328-4a11-b9e5-dbbab3713b11,78d17228-955b-4995-b632-33a00d5cff37,shipping,363 Andrew Extension,North Caseyborough,NE,17937,US
65735a79-4857-4df0-8139-391fe366cccf,0b5f4b94-6064-43a9-8fc7-7c27de018d77,shipping,503 Gibson Square Apt. 377,Tylerbury,AK,81431,US
ba88e48b-8401-4516-80ed-7f85e53d6cce,b34bbb34-a1c2-4c04-bc39-6401d4821515,shipping,622 Christina Loop,Pamelachester,RI,67968,US
88d60825-b6b3-485a-a68d-cb2b6f9cceaa,658c1cd7-70a4-4ab8-84d7-fc64601eb04c,shipping,5710 Davenport Dale,New Garyburgh,WY,80616,US
1c00da76-7425-4855-9227-12aa473007f4,658c1cd7-70a4-4ab8-84d7-fc64601eb04c,billing,280 Hannah Cape,West Theresaberg,NJ,26697,US
a9e2b9d9-7270-4914-9b3d-2ce45d5b2fea,9bd8fa41-7cfb-43af-8a3c-91a94d4c9dca,shipping,16468 Monica Expressway,New Kaylee,WY,87950,US
92712795-a7ef-44d7-8896-b6607df61fa9,4e628c3c-8ac4-461a-9ca8-76928b62cad3,shipping,0128 Amy Course Suite 854,Port Stacy,FL,91760,US
3ba67d7e-616b-4b6b-a707-0c07ae4b6858,4e628c3c-8ac4-461a-9ca8-76928b62cad3,billing,3837 Frazier Brooks,New Michaelside,TX,50195,US
dcc68910-b4fb-4667-a822-4b9d6d8c5a0f,6a22a34a-4cf1-46ab-b062-98df66200e22,shipping,80561 Samantha Branch Apt. 987,Lake Thomas,DE,09697,US
009df3bb-1228-41c6-8aee-0b6042982701,2430353b-b59e-4c5e-ada5-98b318ca590f,shipping,6673 Huynh Summit,Jesusmouth,AR,39964,US
566df829-46ad-4f6d-8473-7fd876ff40cb,ef1fe136-79db-49e3-a2f1-00c462d1ce52,shipping,56058 Hall Center,East Aprilhaven,NH,23577,US
e5701774-097f-478b-8f7e-13366706168a,eee61f96-1423-4402-abdf-c12f588d56fc,shipping,8227 Ford Locks,West Stevefort,NE,74972,US
a33a7be2-eb7a-450b-93d0-ef2b2b68057b,ecb0bc70-c036-4e36-b54e-9a039f5c2961,shipping,839 Thomas Park Suite 711,Jonesshire,WI,43628,US
ed858fd8-41cb-4a6e-b11e-9096c0ba039a,acc4532f-1284-4dca-beb5-d1c4c9158872,shipping,34414 Acosta Drive,Dustinview,WV,70266,US
2a594a20-49e3-41e2-9952-9e37e039f126,5ad2598f-87a0-4e2d-8224-ff7ba02dd57e,shipping,95576 Smith Hollow Apt. 584,Whiteshire,NM,36981,US
24989ed6-dd83-4947-b484-a6286d0e5dbd,4f14ab48-cbe2-49d5-bfbd-4dda3de4c374,shipping,734 Carla Road Apt. 495,New Russellstad,ND,23465,US
e0383e2d-67f7-4d97-bba4-c82686554eb0,ecd8036d-4934-43e0-9054-caa9fd8d3185,shipping,31016 Barry Burgs Apt. 929,West Jasonport,NY,34640,US
852f84ab-405c-49a1-a7ba-1a4463b0fc93,d5a7a748-c41c-4b01-bb47-6db14937a91b,shipping,99201 Bruce Corner,Williamtown,NE,26145,US
78174218-e3b9-4f16-afdf-158ad22f9a07,ce114d29-f11c-4cb2-9a64-723abeb918ef,shipping,8125 Palmer Valley,West Caitlin,FM,36930,US
e6f1691e-12a4-432b-9b9f-016a1341a4e7,73b8324f-a70f-4157-a668-2a763e5854b4,shipping,8292 John Keys Apt. 293,Thomasville,MS,04728,US
8d50a7aa-14fb-42bc-8d65-27734afcc6ff,92d58980-38ee-48be-a07b-216c0e0fb55d,shipping,33581 Allen Streets Suite 317,New Sherimouth,NH,65289,US
bcf0e677-85ad-4bdc-b606-fcda73d0e657,4f3ea245-af16-4b15-b1f9-a565ca4b198e,shipping,380 William Shore Suite 040,North Jennifer,CT,66932,US
79c0120e-d7cc-4833-b7fd-2b8f42a3c0c4,df2670e0-9eda-42a0-a413-10a8beeb1ac2,shipping,313 David Mountains,Bruceport,VT,13694,US
7e2d7e96-866d-4032-9ed4-bf0da158b620,df2670e0-9eda-42a0-a413-10a8beeb1ac2,billing,3470 Warner Camp Apt. 374,South Shelly,NV,03823,US
293f62b2-ad51-4b38-a84f-6a46a70d822b,7f402c5d-3239-4803-89a5-b14cd6f91e51,shipping,7030 Gray Ramp,West Jasonshire,MS,67379,US
f5737133-5720-4bb1-b697-247c2a590dfb,f072397f-1c5b-4904-b586-fa59687c3292,shipping,1667 Riley Inlet Apt. 225,New Charleston,CA,15191,US
5c5cbe2c-fd2a-4843-9e30-002b98ba4897,fdae788c-efca-49b6-983d-5e6d265b6006,shipping,0806 Thompson Loop Apt. 382,North Nicholeview,OR,10624,US
349f08f8-9e7f-4b87-9f76-1cfc75aa2ce7,c2876d45-06a3-4352-a52c-9e1e29e19dba,shipping,341 Reginald Springs Suite 554,West Laurabury,AL,89149,US
527811bb-bc5e-49a0-b52c-271ac3412316,083d91c6-6187-46fb-ae5b-ee3d68fc6db1,shipping,56337 Knapp Dam,Robinsonton,NE,49273,US
72e59a81-51cc-4dc9-8f51-b311f64e6f9f,083d91c6-6187-46fb-ae5b-ee3d68fc6db1,billing,251 Miller Junctions,Lake Michaelmouth,MN,20729,US
1c2f0c4b-03ce-40ae-af5b-e388f2dde909,04a38577-6b38-4a1c-ad69-11e448d5422b,shipping,6387 Shannon Hollow,South Beth,IA,80457,US
9680c4c6-10bb-4cb5-abb9-14ca9ecc9f22,a2434e0f-107e-43b6-99fe-167403f4c544,shipping,31912 Smith Green,Patriciaberg,FM,01581,US
d9d73f2d-9140-4b91-bc2b-5c831c77ca89,65a8abfb-3ebc-425e-bbf0-5a525baff727,shipping,7404 Nicholas Turnpike,New Ronaldport,OH,04106,US
6243a364-924e-48ee-b12d-61294b9d23fc,1d747e0a-f056-47a5-8a47-b0dcd1f48b8d,shipping,14789 Jeremy Track,Analand,MI,67547,US
d5e455f1-4774-4909-9d5e-5f00b1fe0fe1,cab76ae6-e9b1-4668-a520-02ed9baf8029,shipping,3814 Smith Keys,Vasquezport,IA,11329,US
e94df8f5-b1b8-47ec-83fe-21d29d29ccc0,cab76ae6-e9b1-4668-a520-02ed9baf8029,billing,40154 Samantha Mountains Suite 444,North Dawnberg,NM,30778,US
d0da6de1-ce8d-4391-9c44-929c67ffa854,95679e50-8804-4937-9352-6561750eb61e,shipping,2918 Perry Parkways Suite 354,Lake Kaitlyn,MT,84345,US
9fba7a6c-5dfb-4e8b-8b55-e7933772454b,95679e50-8804-4937-9352-6561750eb61e,billing,32798 Garcia Fall Suite 040,Meganton,SC,14067,US
42ee1d7a-8f69-4f19-80aa-4faf21ff54f8,834ca51f-2d4b-46a6-8cab-c06be8a02769,shipping,0200 White Curve,Port Angelafort,OK,66824,US
9f5cb899-f075-4638-87ae-a3f2c799f190,9b5e47b5-eb4d-4d4c-bfff-165c40dc875d,shipping,12107 Werner Orchard,Port Deborahburgh,MP,21333,US
e92a0e25-1c60-4e36-ac91-e14d88439c50,7ce49cbf-4968-48ee-ae2a-d0dedd0751d0,shipping,25362 John Hills,Davidchester,VA,12710,US
96a670be-0413-4503-91e0-06705df12acf,7ce49cbf-4968-48ee-ae2a-d0dedd0751d0,billing,6082 Williamson Mountains Suite 639,Andersonport,PA,27139,US
a0eaa0cd-5258-49b4-ba83-0ecdedb6e5e8,a8f7942a-bd43-4dce-9225-9be515b7eb39,shipping,903 Annette Extension,West Lindsey,AK,17250,US
8dc62415-f481-42ae-b04c-a8b6383bc9a3,a471a016-4a56-42e2-b362-676e8e97c7fd,shipping,0430 Vega Gardens,North Kyle,MN,07833,US
bb9684a0-9a44-4f79-831f-d4f9909b8831,8d86217a-2023-4dbd-a0d3-2317e8867ff5,shipping,2463 Cobb Island,East Stacychester,FM,03872,US
cbb58be1-ec85-4a27-996d-9fcab7764ec7,4b9bf5ca-2175-4f84-a86b-b1076bc75529,shipping,300 Michael Fords,North Josephton,MA,87380,US
b52ce71b-483b-47d0-bdfb-3d41e9b809d4,3cd5cab7-aca9-4f3b-86b2-6f3a128d3a51,shipping,1483 Berger Ville Suite 414,Henryview,PW,91751,US
c3d6238d-5db8-4de3-8bc9-7cc5d5199159,d0d7643e-fb73-42d9-baf7-82168afc50f7,shipping,5060 Terry Rest,Blackburnfurt,MI,91862,US
fcf2c818-1230-498e-8917-c53d0ffef089,8693f346-398f-4ec0-8551-1922ca373167,shipping,3456 Sanchez Creek,Traviston,OK,83031,US
55d5a589-6521-4a32-a22d-557d3c49f169,846f8a5d-82b5-4208-b05e-e48408c76c2e,shipping,105 Vincent Stravenue Suite 357,North Francisco,MA,92511,US
f18897da-73ee-4179-8e17-f092c706e0b0,63e42078-0c21-411c-bae9-a550f08d47de,shipping,04549 Cody Walks,North Kathyville,MO,27249,US
5026f41c-567f-4b57-aa90-9b1c5638bdb3,7025acdf-9190-4718-abe0-dc7d260a704b,shipping,924 Dawn Place,South Richard,LA,20623,US
8c49faf4-9283-41b7-8e3d-ef169cc332af,2d32c7ff-f6ab-45b3-b3c2-df2256dcc20b,shipping,58867 Thompson Road,Lake Joycechester,KS,47180,US
653cad92-2fbd-4bdc-8f83-7912260d8a52,5088f540-9283-47c4-a5d8-38edf72cf062,shipping,07937 Calderon Estate Apt. 140,Lake Lisa,TN,39729,US
80e1d11f-5a6d-4318-9ca9-15f740cf3b89,5088f540-9283-47c4-a5d8-38edf72cf062,billing,1025 Joshua Hills Suite 307,New Ryan,MP,28719,US
8af2650c-dcc2-435b-a9fa-951d1752a0f1,da6ba42d-1e88-49ce-b9d3-7ab707917537,shipping,544 Jenkins Trail,Welchfurt,UT,80999,US
b22362c4-767e-4f2c-b646-d66678344cbe,7a7f4b6d-43a4-4879-8b06-d1d33da1378a,shipping,304 Rivas Stravenue,Port Matthewville,NY,97674,US
78fbf008-244e-42b0-b5dc-cd8a62c37e5e,dfb238f3-3f23-42f2-ab17-8869187c45b3,shipping,13516 Richard Heights,Jacksonbury,CT,95309,US
65c2799c-f573-4b30-a59a-10bdee61772d,d0e9320b-622c-43c8-852d-4c0c3e20a9e9,shipping,868 Heather Corners,Marquezburgh,WA,54425,US
b4f00524-80a1-454e-9ec3-c92153edb81d,b1549a63-391b-4690-8e99-72d47f1896d4,shipping,867 Sabrina Shoals Apt. 379,Monicafort,MA,47927,US
1ffb4de2-3f1a-432c-a853-c1f055c6cd5c,a694c645-3177-40c2-bdae-98167be1273b,shipping,2043 Joyce Isle Suite 690,North Deniseburgh,AL,20518,US
bc3e4ca2-2671-47ec-9ef0-ef19b4d003fa,67b2557f-5482-42b7-93c9-5489eb33e6e5,shipping,396 Olson Well,Kinghaven,CA,53471,US
ece92b45-157c-4fb0-90fe-9476d640eda5,cb710d33-e100-4541-b01a-40290fcc1fd1,shipping,6364 Sarah River Suite 113,Ellisonbury,WA,78387,US
b52c694a-6157-4ce7-b4ea-11d17a09f7f5,5019fc3a-e441-4bc5-ac55-c1436af32203,shipping,422 Copeland Glen,West Diana,KS,27529,US
90c40792-6fa9-4a52-a6d8-106e2555d283,9f998502-2050-4fa7-944f-fe9bee29fd26,shipping,069 David Tunnel Apt. 612,Amyville,IA,84349,US
818952da-ee85-4ac4-9319-66f036394104,8d9e5734-d4e2-4700-aea6-8399e3e28ec7,shipping,124 Collin Gardens,Estradafort,IN,39366,US
9a85ea1f-0536-4907-8982-bc1faa4f2dc0,2f3877ef-4c2b-4b4d-8780-d6d08ebad249,shipping,2954 Cardenas Crescent,Port Thomas,CT,64815,US
0f47af57-001c-4864-82c8-5b98398521ac,66ec8761-32e6-4ba3-a382-182c27e8de9d,shipping,38944 Sexton Cape Suite 900,Joditon,WY,28431,US
9ba1205a-1a21-40c3-b610-246fecc28da3,2d6f55ed-e1b1-4b17-8c91-c4f25f96347b,shipping,3337 Cunningham Shore,Lake Ronald,NM,85755,US
a473dccc-d057-4d03-b46d-302ede6ff36e,3a0ad86f-27bc-4ebb-9cfa-6c316b763717,shipping,78595 Rocha Mountains Suite 035,West Petertown,AZ,05475,US
ff7c287f-41a9-4c2e-b522-db117336665d,3a0ad86f-27bc-4ebb-9cfa-6c316b763717,billing,48162 Monica Garden Apt. 579,West Victoria,WV,96713,US
31fa63ad-9d0a-4f2c-af2a-796d5099c745,59403e81-0dba-4b25-bac4-2c18d2c4996e,shipping,815 Warren Station Suite 554,Lake Kellyborough,OK,33556,US
31326f16-8c08-4f4d-b2b2-8e510eb97a44,8339eaab-18e1-4937-b229-ebed3d0599c5,shipping,878 Robbins Cove Apt. 630,Ramseymouth,GA,55891,US
a13d86e3-90b0-4d09-87da-78cc0d53a986,b34b64b3-fdac-4ee4-a9e3-9bd32492cfeb,shipping,667 Henry Islands,Brianberg,AS,90542,US
537ef721-186a-4d75-8639-7bd89e26b04d,b34b64b3-fdac-4ee4-a9e3-9bd32492cfeb,billing,5933 Richard Lights Apt. 086,Reynoldsbury,KY,38146,US
863744e9-740e-4898-9745-76d75aede7f1,3688e797-9db0-48ed-9d6c-033fc8e2c39e,shipping,956 Jocelyn Parkway Suite 585,East Brian,FL,94094,US
2fc5cbe8-99cd-42a1-a1a7-21735c77317c,bd24ba4f-0aa5-4f80-88b5-f04ba8583e94,shipping,4326 Fernandez Cape Suite 010,South Alexis,AL,58568,US
912c3f6e-05c6-406b-8102-4fd7d5304b6a,cd72a690-d8fc-475f-88b3-90610697f34f,shipping,61756 Cohen Islands,Brittneyfort,AR,82207,US
9b1e841b-ca5e-43ea-93e9-c5307bd7f273,78f07539-c79b-4261-8636-0666d14bb5f2,shipping,52875 Jefferson Dam Apt. 371,Gomezton,SD,89017,US
aef1f973-d9be-42e1-825a-5d25896ee5a4,42ffb129-4ef5-40c0-be10-ad73ee0b7906,shipping,2618 James Crossing,West Shaneberg,IL,07123,US
c5f632e0-c6a3-423a-a61b-52e096bfbf88,f3ffba2e-1be1-4bb5-9947-a8ebbb36537d,shipping,2535 Daniel Island Suite 001,Brandytown,NH,70346,US
420f6116-6a7e-4ee2-a3f1-1ca4cf5e2184,5ffcfbff-c41b-4122-8d5b-328c5400cc5a,shipping,34603 Jessica Terrace,East Paul,NV,71930,US
0b915825-c737-4565-acb9-47de084909f8,c89e2bab-4720-4a46-abe7-ba7dbdad87f9,shipping,0042 Hess Drive,West Dylanport,NE,14580,US
02f5e60a-7dcf-4a0f-b78f-5e12f437c9ba,7a931349-67b4-46b1-8b96-f79b3d48300e,shipping,35515 Peter Path,Lake Morganfurt,NY,76876,US
051eab64-d86e-4b67-9653-f7bc32bf2aaf,7a931349-67b4-46b1-8b96-f79b3d48300e,billing,3191 Timothy Field Apt. 389,West Nicoleland,VA,10695,US
e5d20aa1-d29e-453b-80b1-9a9dcd7e8ed0,75eb652a-7fc0-47c6-addd-599dbd46327d,shipping,6849 Chambers Shores,Lake Andrea,LA,51455,US
923d5820-572d-429b-bb32-bf2852580146,2529be42-838b-4679-a867-47d4d0d93966,shipping,73779 Johnson Stream Apt. 706,Mcdanielmouth,ID,50857,US
705cc803-814b-4e29-ab75-e79f40c18ba4,8f1609e2-1fed-45c9-a6b8-267eaf2992b6,shipping,64287 Harrison Locks Apt. 956,Williamstown,WY,59853,US
6542ddbe-8e1f-4f6b-8072-74f1aa18577a,c2495b8f-4d9d-4724-bdc5-fe8018246947,shipping,6378 Regina Freeway,Sheppardside,IL,99378,US
e0fd131d-9b37-451d-834e-d50908b57c92,a66364e5-76e3-4b3f-a654-f937855c0432,shipping,78207 Johnson Brooks Suite 996,North Richard,NC,74920,US
ebf3a839-3c55-4ec3-b8a4-9902fb1b1d46,ddc0990a-4618-4861-b76b-a7ceeec23e0f,shipping,6116 Lisa Park Suite 513,Lake Brianmouth,NE,40013,US
1fb7c408-c152-4121-bed5-a0f4b6de62b9,be8fa5a9-1036-4a32-a59b-1a3b7a07580a,shipping,8534 Linda Groves Apt. 546,Reeseport,GA,13540,US
988c0ce9-26f1-43f5-bfff-24deb929d3f4,be8fa5a9-1036-4a32-a59b-1a3b7a07580a,billing,7585 Lee Oval,Kleinside,RI,91487,US
bf4d415f-685e-4acd-a151-df3d614a3662,72e12e97-7ace-4a9c-bd58-e64b79860a25,shipping,494 Peterson Radial,West Josephburgh,HI,37277,US
c2444a97-84b9-4770-be24-e2c23a3c825e,4e681660-c32e-49f4-ab19-cbf9a88b7b65,shipping,1692 Morgan Shore Suite 097,Reynoldsfurt,MA,52877,US
1764e7e9-b01d-4ca3-a745-ce9a97924df5,d70ae1f1-8873-4960-81cd-65a9f9f43a57,shipping,9618 Scott Meadow,Powellside,PW,72371,US
82d70f82-92a2-48a0-b042-7b2fe8ce21f6,d8c4befb-2680-40b8-b5bf-15827c6300cc,shipping,8854 Taylor Prairie Suite 772,Randyport,PR,59457,US
646b2330-6ef4-49ff-9ef9-d0f58bf9c68b,c45e1b33-8c23-4664-be2f-f5219482cdba,shipping,86391 Debra Ranch,East Amandamouth,HI,29181,US
53aed382-d705-4bc6-a60c-bfa318e867e5,aaa56f7d-f0c0-46ee-bcc8-230c15f45475,shipping,0628 Robert Lights,Jasonhaven,PW,71234,US
2267c4a5-05ce-42d0-b71e-5316b2bc2e22,636bcc82-04e8-45e8-a4c9-6b1c52116469,shipping,621 Anderson Plains Suite 649,North Loritown,NV,96920,US
18d1ffc9-58d4-44ad-bc4e-7f3921db4289,7e672070-25d3-4ebb-b567-59ae71362737,shipping,607 Jordan Corner,Johnsonton,IN,13104,US
f37644d3-650e-4598-8df8-6848827c0d54,4b160968-10d3-4f76-8d81-cf5e5f75aba0,shipping,2999 James Rest,Chapmanbury,CA,64767,US
5273ee99-4878-4573-9c23-8b40b6ff10b1,6d11074f-a873-4111-bc2c-6ca7896c1f0c,shipping,157 Lucas Pike,Griffithmouth,VA,54257,US
2d0887e7-039b-4cba-98a0-bbf9ba13c565,200b798f-0577-4fa4-863f-bec0ff1430ea,shipping,8714 James Dam Suite 268,Wumouth,UT,24116,US
390939d7-53fd-4fd1-a677-e8b138ea83ff,878f3c07-01cb-4e73-a1fd-0f2e66d23da5,shipping,321 Weaver Estate,Beckermouth,NH,67584,US
6796d347-a7e9-4f53-96ab-23f07f88e7d5,07404950-b679-464a-b60c-227395b2b7d5,shipping,7379 Nathan Row Suite 945,South Larryburgh,WA,91630,US
1f3b08dd-43e9-4643-9673-9518d42badee,07404950-b679-464a-b60c-227395b2b7d5,billing,87194 Margaret Harbor,New Jordanmouth,HI,33102,US
1e57d895-c460-44fb-9648-592977c5f826,2b4a1f31-dacc-4e01-b1eb-e57361c4bd50,shipping,60513 Jackson Way,West Jamiechester,IN,32927,US
0b91c55a-74f1-47f8-81e6-268efb1542c6,940ef524-e0a8-4e63-b533-2e537cc999a7,shipping,84972 Danielle Trace Suite 304,Nelsonmouth,HI,09082,US
87f4167e-7011-4fa1-af14-05e2113cb93f,940ef524-e0a8-4e63-b533-2e537cc999a7,billing,21695 Jesse Landing Apt. 441,East Deborahberg,AR,83764,US
a27086d2-26d5-4dce-a15b-0e253ff1858d,47e64cf1-4f52-42dd-b71e-1425aa8fd793,shipping,6277 Rosales Wells Suite 278,Suefurt,GU,47113,US
c33d042c-26de-436b-b2f9-6c74fe284978,487bddea-f3ee-4987-84f2-4773bc412604,shipping,355 Mckenzie Orchard,Port Hannah,MA,09804,US
9badb856-4b08-442b-b3d3-5e3cf3e8b4cd,487bddea-f3ee-4987-84f2-4773bc412604,billing,224 Melissa Skyway,Port William,HI,55459,US
5f42b516-49c2-4dec-9f4b-fccb79549a3e,3a83284e-71f4-47fe-9b0d-fd5cab69574f,shipping,088 Andrea Hill Apt. 395,Port Howardburgh,VT,16031,US
6e62e7a6-5752-46eb-95fe-55ef3c74ca3d,d87c0fe9-45ee-475a-bfce-d88a1ad37c56,shipping,0173 Maria Prairie Suite 630,Quinntown,GU,70013,US
900d8e7b-60dc-41ba-bbfd-cc5c326ee86b,d98c7c4c-2a19-4f4f-ae2f-f818ddbcd039,shipping,1254 Shea Shore,New Mariamouth,AK,10400,US
693eb1d2-8079-4ce5-a570-8fdf9e8f57a1,2147add1-f749-4b33-a3bc-718109ce3837,shipping,1942 Stokes Bridge Suite 339,Castilloside,VA,98305,US
0ab225f7-4e4f-432f-a6e5-314635cdc8db,9874b9c5-5508-49a0-ad2a-2ff26024f68f,shipping,97965 Bryan Centers Suite 132,East Patrickborough,NV,72319,US
911eda65-a52b-47a5-a7db-0bb941dae2ee,fe977fb2-78c7-46a0-a84f-833c7da59ba7,shipping,583 Reyes Club,Lake Robert,AK,19412,US
1a193350-a3b7-4018-95b0-73aa3390082d,896f03b4-cd50-4318-bb08-279d338afe7e,shipping,402 Gordon Mission Suite 089,West Angelaport,ID,11706,US
f8d0facf-0fb3-4061-93ab-b4b7d28ed872,c0570d43-73fc-4d90-a9a6-0aa99daeb620,shipping,41502 Samuel Mountains Suite 118,Salinasview,GU,11966,US
8d37b9a7-bde1-40a8-82a4-c61837dcf2f6,7bff2b27-a934-45fb-9873-841fc53ff465,shipping,647 Flynn Burgs Suite 314,Jenkinsberg,OH,50663,US
99476e89-4e33-469a-8bf3-909608856bf4,1c9b1a08-659f-42d0-baab-2b33409792ca,shipping,529 Myers Isle,Tamaraborough,MO,34595,US
2e281600-3d56-474b-8b67-de94deeb48c5,07718c9f-cf01-481e-ae06-9a36369dcba7,shipping,479 Julia Ford,North Christine,MO,68432,US
b95a0fea-7712-4412-9d87-06e619633737,2e080401-2a13-4de7-a2f2-8bb0492665cd,shipping,311 Jacob Junction,West Malloryside,TN,62019,US
70e7edd5-f4d3-4959-a74f-e4556d2a72b4,2e080401-2a13-4de7-a2f2-8bb0492665cd,billing,731 Christopher Expressway Suite 813,Robinsonport,OK,52590,US
a17e1391-cd9a-4a40-acc5-4fff88f2d1de,e130d10e-291b-49e4-ab0b-fa5f44d92e9e,shipping,8377 Joe Ports,Bryantown,OK,47620,US
8fbaabf4-c425-460d-8392-b58ef99a1bb9,a09bd0ca-7851-4316-b44c-177342dd1028,shipping,432 Ian Island Apt. 216,Fullermouth,MT,65687,US
1f5fe7a0-dacc-413b-993e-0f330245f196,6bd2cff3-342e-470b-81df-a0ce3d729bdc,shipping,4432 Tina Villages Apt. 795,Port Benjamin,NE,89452,US
2dd214d6-1e3f-4769-a6b6-1980bde0564f,6bd2cff3-342e-470b-81df-a0ce3d729bdc,billing,5884 Bianca Stream Suite 743,East Tracy,MS,48663,US
2b790102-8409-43fd-854a-82bf18152f12,bceaf024-220e-4e50-bcab-67a65f562dbe,shipping,454 Copeland Mountain Suite 828,Strongburgh,MP,07831,US
9e5b8727-e10b-42be-b767-265f33d78304,bceaf024-220e-4e50-bcab-67a65f562dbe,billing,77891 White Landing,North Jamestown,CO,25617,US
4f465218-030f-473f-8b4d-76b60b83c8e5,f62c90dc-98d8-4359-b7fb-9d30fa8b63dd,shipping,101 Roberts Place Suite 486,North Charlesmouth,LA,14137,US
c4ad0ecc-3337-4dc5-9cb6-c9008af71450,4a8860ec-2f3d-45d4-9f5d-0aa7f5091058,shipping,0887 Julie Knolls,North Courtneyshire,AK,90296,US
defd28e6-93b2-437b-993f-1dc0af461aae,4a8860ec-2f3d-45d4-9f5d-0aa7f5091058,billing,998 Rich Burgs Suite 886,East Desireeborough,VA,07488,US
e124fd56-2104-4929-9d4c-7f951dac9276,c9c6faf4-5cc7-47ad-9c15-e5d5623e4cee,shipping,38599 Clark Mall Suite 888,Cortezstad,VA,87233,US
4cabb130-3d9a-4372-b924-20bf9773a5e0,f5bfa27d-58cb-43e9-8da7-74ffd0b6067c,shipping,0535 Fernandez Isle,Jasminestad,MN,11548,US
06e76644-96cf-4277-87c2-72767b920de9,f5bfa27d-58cb-43e9-8da7-74ffd0b6067c,billing,7272 Turner Fork,Jeremyberg,ME,08922,US
0323fd84-9a2a-45d8-9cf6-7b568d067e16,ec7ea677-e19e-4c8e-9943-99193da50f15,shipping,2795 Steven Harbors Suite 136,West Angelaside,NJ,91903,US
5bff2a8c-b592-4498-88a9-cd0207e374f3,7ac61886-684d-433a-a528-bed43f092715,shipping,007 William Ridge,Dickersonton,MI,49166,US
d590cd2e-64d5-40b8-9388-16b6557fa9db,b76f8521-03ad-47d2-a732-607102f9b899,shipping,878 Rachel Springs,New Jordanside,ID,59414,US
3e4b8ec0-5575-4bb0-8bb5-a0b1b726edbb,b449dc7a-6e53-4e5b-8701-3b0fd1b042f3,shipping,016 French Walk Apt. 273,Johnnyfurt,DE,99525,US
0ea584cb-ce1e-42d4-ae46-84d2b982c939,b449dc7a-6e53-4e5b-8701-3b0fd1b042f3,billing,440 May Viaduct Suite 174,Alexburgh,FL,26731,US
fb7d8751-2e6f-4d54-9ba8-f840c88b473f,49dfe272-7b06-4997-a88c-5879c26aeb12,shipping,154 Virginia Junctions Apt. 154,Lake Curtis,MN,01838,US
c47a974c-8bbe-4630-9a42-750dadeb5e97,d3e573a4-f366-49a4-bb6c-15a3fe83b48b,shipping,06509 Jeremy Field,Owenburgh,NV,55862,US
e5801a80-c6b0-46d3-8a52-c78171254b9b,757e1ea1-d1d1-4491-a845-34f1f46521a3,shipping,727 Lori Extensions Apt. 994,Aprilburgh,AK,93704,US
8065f53d-be8b-4071-bc41-58c3f91cb5a4,049f51a9-fe12-4759-a21d-771bde227f8c,shipping,1176 Castro Pass Suite 601,West Melanieborough,HI,35882,US
a8029612-be83-42e6-9f95-7d57de3846f3,0a993a0d-4d56-4c50-a835-0cf29664bbc6,shipping,1665 Brian Crossroad,Carterburgh,MA,03486,US
59ed2242-d6c2-4355-ac7a-0696f534e09f,0a993a0d-4d56-4c50-a835-0cf29664bbc6,billing,229 Romero Creek,Port Dominic,SD,98967,US
b00eca4e-2b9c-48f3-8c7d-6dedc511673f,817f4870-b6ce-49b7-a9d4-8d4cb5ceb602,shipping,253 Trevor Village,Ryanmouth,OR,23999,US
6afb6ee8-3942-4e65-b9d7-b23085e2dec5,918df3db-29f7-49ee-b2eb-6e5ac44e5d77,shipping,0460 Jesus Corner Suite 792,Jillianview,MP,87866,US
e8a87475-6384-4576-8180-eb17dcb94e33,918df3db-29f7-49ee-b2eb-6e5ac44e5d77,billing,31448 Barbara Crossing Suite 519,Colemanfort,PA,03965,US
adce30a7-dfa6-4b83-82c6-8c5587af0dfe,e3bdb61a-4be8-4b7a-b8b6-8a18a4d8c230,shipping,035 Howard Islands Apt. 469,Jamesmouth,NC,59186,US
bf338196-ff89-44f0-94eb-264b409f6e60,3f8f9280-4528-4093-a0ea-0af6a3ce587c,shipping,066 Hernandez Prairie,East Amyfurt,NC,17978,US
3e12ee0a-1661-4208-8845-144312673b8f,ed906e84-65f1-49e0-ac13-8a77c6fadd6c,shipping,76339 Margaret Rapids Suite 096,Sanchezhaven,AL,74253,US
d83c5f2c-4aac-436e-9354-14d9f1430142,ed906e84-65f1-49e0-ac13-8a77c6fadd6c,billing,8129 Good Summit,South Charlestown,MT,75457,US
a50720c6-260c-42ab-8063-03ea3fc7189e,7e28af77-bacf-42a7-86b7-bf1065ba5446,shipping,6105 Joseph Parkway Apt. 389,Matthewmouth,ME,36370,US
005d7a3d-1ec5-4a95-ae95-f363e56a2b74,2b0d7f23-4703-470a-baa2-a9ca1019e097,shipping,876 Spence Circle Suite 838,Lake Courtneyberg,SD,91782,US
935034a8-f672-46e5-85af-5617729c23c0,1bafe11e-8fd2-4e59-8484-2456c174cf15,shipping,9571 Peterson Dale,South Adrian,ND,85645,US
43f038ea-1c99-474f-a58b-d65274e70226,18febad6-9162-4468-9678-c623906c95dc,shipping,202 Buchanan Mills Apt. 567,South Janetfort,NC,71860,US
dccf2f2c-9ae1-43b7-a4a6-c60bbc600ef3,df6ca61f-b849-4e93-8b24-94460909cfae,shipping,6956 Palmer Square Apt. 383,Port Richard,OH,31275,US
301e5007-60bf-4702-a3e7-644bdcbf5e7f,df6ca61f-b849-4e93-8b24-94460909cfae,billing,41715 Mccullough Mountains Apt. 307,Port Stephanieview,CA,11827,US
8d1635c5-b504-49b8-bc58-b48a7ad27791,bbd02d66-37fb-4560-8861-5d3873aca22a,shipping,0435 Audrey Mountain,Austinfort,NC,66157,US
b5d04a55-1994-4020-95fc-8785d3a653d9,1098afdf-2c83-497f-8d1d-030524cad06a,shipping,45967 Juan Station,West Anna,PW,96029,US
1fd54f45-282f-48bf-9b25-69a029173028,1098afdf-2c83-497f-8d1d-030524cad06a,billing,1502 Thomas Garden,South Danielle,SC,72493,US
31aeb686-69c6-45c7-bd01-3eada6c20cda,2fc81fe2-5ac3-419c-b52e-d78a90086d82,shipping,92417 Crawford Squares Suite 536,South Davidfurt,NM,50633,US
ce9a464e-f32f-4af9-b014-6efe9eae30cc,89d1728b-d7c3-4757-87cb-1cc2792496a2,shipping,8548 Cherry Estate,New Karen,MT,22002,US
ae327bed-c862-4197-b842-ac803abddcf8,89d1728b-d7c3-4757-87cb-1cc2792496a2,billing,6791 Barnes Summit Apt. 745,Freemanmouth,PW,75132,US
38399204-a38b-4181-9246-7ee7b7fd3607,51bd3f4a-39b2-4f37-a3df-16371053d0fb,shipping,273 Montgomery Junctions Apt. 437,Lake Valeriefort,VA,02975,US
692d9cdc-5b8c-4683-b2e1-bb9429a94e41,f82422cb-d5f9-456d-b7c6-45f49f6a575f,shipping,1573 Shelley Flat Suite 785,Kimberlyburgh,MP,28870,US
d01ef152-4692-4b0b-97f3-391bf8eb074f,f82422cb-d5f9-456d-b7c6-45f49f6a575f,billing,62430 Obrien Villages Apt. 408,North Sherry,NY,21853,US
bb37e216-84e8-4bc3-8972-5d3f86e9947c,c64d738a-fb5b-4971-b87a-c69d53c84f6c,shipping,4853 Nielsen Summit,Fisherport,CT,72339,US
adfaf6cb-3a17-4a7c-be39-64061b154d31,283787c0-381a-49fc-8088-29b0d42012cb,shipping,609 Romero Park,Ericksonchester,AL,97074,US
10f0fa7d-6bb0-4eab-9c74-f02283d33593,e8759dc5-0779-4bcf-9a59-6b95ea03fff4,shipping,296 Jennifer Tunnel,North Jefferyland,SC,66620,US
238db393-8684-49d7-b49c-a22286bebd3b,e8759dc5-0779-4bcf-9a59-6b95ea03fff4,billing,26158 Brown Fields Suite 599,Port Michaelmouth,HI,66075,US
2a9d564e-2da4-4fe8-a275-bcd33f3ba381,6b4a35ed-a68d-4c90-8229-d55c66a95735,shipping,699 Wesley Canyon Apt. 891,Sloanview,MN,71786,US
f981befb-9ce6-4ddb-b07a-25980a20eafe,0b32b993-f8fc-4128-8535-a2f0e5c24e71,shipping,24759 David Ranch Apt. 233,Johnton,CA,97308,US
d275470e-b428-483f-a074-9e81f47f6029,d5f0777a-9107-48d8-88f8-ee10a49fed91,shipping,653 Amanda Parkway,New Michellefort,AZ,85434,US
4b2e0f8d-8cb6-419f-80ed-3652a566217a,d5f0777a-9107-48d8-88f8-ee10a49fed91,billing,516 Jeremy Expressway,Danielfort,AK,52578,US
a874bccd-4a7d-4613-ad3a-5e0a08215643,70ee79d4-5809-4afa-ba41-c6ea834b95e9,shipping,9444 Porter Locks,Hallburgh,NC,42117,US
8f54a284-3ba2-4f43-be50-12dd5e7d766b,98b4343e-5bc3-4e8e-a2dc-57f108efb681,shipping,921 Mark Grove,Port Tiffany,MP,08936,US
e57f5ce3-93b6-42fb-b845-005dd6b95c4d,f6e3e0b1-9454-476b-a49f-f7ce9caf1e70,shipping,6946 Anderson Rest Suite 044,Lake Thomasstad,NV,80194,US
11fcb2ad-ee63-4cc8-b44a-ced1c6646b9f,f34524fe-675f-478d-9af4-bffada774ef9,shipping,7858 Tara Green,Feliciamouth,IN,14666,US
60bd2103-dce2-43ee-b455-faec22551ccd,2c7e5115-68ca-4de0-a920-184f749d5f6d,shipping,39046 Nicole Port,North Joport,GA,97083,US
92e278df-bbd0-4b1f-a0ea-f2c96099d045,91124d51-287f-431c-ba56-2b0b123e92e1,shipping,01464 Christopher Grove Suite 361,Deniseton,OR,79792,US
e2386e2e-aa5b-4e5d-9cbc-fafb838c157c,c08900c7-e41d-4237-93d4-94d48de0ca87,shipping,501 Summers Flat,Annettefort,ND,97452,US
59faad89-eef2-4b70-9dfb-11b70f56424e,1b328f1d-01a6-4641-a8df-3fc1d906cf28,shipping,122 Philip Hills,Lake Jason,AR,46759,US
b1086649-c234-474c-a0f7-2cbd9a084c8c,7813598a-203a-4e24-ab12-fc931a9ed1e4,shipping,472 Christopher Circle Apt. 643,Mitchellport,UT,83922,US
1c3d97e2-4e1a-49c9-939a-a1213ebfc419,4a19d7d2-f6d9-4a9d-a30f-ccd41bbcc30f,shipping,8983 Alice Valleys Suite 503,South Laura,NC,13114,US
74262949-3765-4562-a5f8-267f503393e5,e131626f-ca12-4e42-81ec-f0c6f8555204,shipping,426 Turner Ridge Apt. 564,Brianstad,GU,66973,US
69cb068b-42fe-44e0-8591-8fac20764ce9,d964e002-a6dd-4f7c-bc4b-477a658bb937,shipping,852 Miller Course,Brownborough,UT,17483,US
23b69f3c-1d7f-48de-bb50-c039fd88cbbf,44dd9119-8812-46a0-9e16-d06d3b8a381b,shipping,25053 Rodriguez Camp,Wilcoxville,MI,25535,US
93370a09-214a-450a-b9e3-a1ac38df57f4,6a653aff-bc55-43f5-862d-89bbfb1703bd,shipping,9645 Tamara Corners,Scottburgh,OH,58214,US
8f39ef69-0c9d-488a-b8a2-079ed6e6219a,f9ad014b-85f7-4933-832f-9ab6a738b225,shipping,89585 Omar Street,Batesport,VI,81484,US
615465b0-e13d-4336-9568-26a5493b3f05,ad811774-3780-48b6-be29-34d863518db4,shipping,30958 Hawkins Spring Apt. 120,North Samuelmouth,MH,88580,US
2d9d6435-feb5-4a23-8d3b-c2af487ff506,7c6fb822-cae5-44d4-b6ba-1264c8cb7d69,shipping,5914 Stacy Coves Apt. 520,Robinsonchester,MP,35552,US
5f3e995a-ffc7-40c7-95cd-329b86929cbd,33b54bd5-2c77-4701-8a45-d83ab564b3bb,shipping,41831 Sanford Lakes,Holmesside,AS,34325,US
8e096e4c-48a3-45c1-b759-0ccb062dfd7b,0412cf40-bd03-4a3d-bbc7-febbba312691,shipping,38236 Brandon Bridge Suite 609,East Hannahberg,MN,12837,US
0c32b024-8fe0-4033-bd03-b05963805ff4,0412cf40-bd03-4a3d-bbc7-febbba312691,billing,07682 Mary Mountains,West Mitchellhaven,ID,66174,US
675ac259-21a9-4789-abb5-2242279efeca,7fde092f-a8a3-4913-9b77-95b8a7771feb,shipping,206 Ayala Extensions,West Michaelfurt,FM,95409,US
f6f908e2-c667-445a-ac8a-c45854f0f64a,f70e6079-986b-4029-985b-814240ea9429,shipping,4354 Katelyn Via Suite 086,Carlosport,FM,93917,US
09009d75-2d50-40f4-bd8e-db5ad29b4f1b,ee8bd8e4-2ccd-4b15-b0ca-6a75ea8a85c7,shipping,643 Ernest Mission Suite 509,Burtonfurt,NE,68245,US
19a6a024-5dec-4c73-9645-56d2940b7572,19e2833a-788f-43f0-9449-2fcf9d1ca7c7,shipping,28198 Hicks Road,South Juliaport,MS,89496,US
6668aab5-fa10-47b9-bb1c-8426e30e4158,0c9e3afc-1e88-4f58-8b2c-bf36cf451c80,shipping,9525 Jenkins Common Suite 000,East Davidport,AR,06134,US
7fb0e620-76c3-454d-82f2-3e161ebc2a87,0c9e3afc-1e88-4f58-8b2c-bf36cf451c80,billing,6603 Brown Terrace,West Jamie,FM,04613,US
8773ca0c-46cf-46f7-88fc-8b5640a00225,661068ff-6a7c-49f2-ae28-f053adf3d7ba,shipping,56366 Alfred Road Suite 085,West Brendaborough,MD,86761,US
e6e15091-049e-40bc-ba02-971c204c6752,661068ff-6a7c-49f2-ae28-f053adf3d7ba,billing,164 Nicole Mews Apt. 461,Thomasshire,NJ,94244,US
bc391bcf-9518-4993-b891-a516589215ec,5a513ad4-16b2-46e7-9261-7570180e8bc4,shipping,1565 Robert Canyon Suite 573,East Mary,WY,12291,US
94452138-5571-4eef-bbab-6f74ffdedf0a,0340a47e-ffac-42f7-96cd-2c024a0c998b,shipping,256 Mary Trail Suite 852,Port Christina,SD,38951,US
6a0302de-6023-472b-a930-c60f7176b413,0340a47e-ffac-42f7-96cd-2c024a0c998b,billing,7521 Lang Fall Apt. 633,New Erika,MI,47350,US
31f5280d-7fc8-4c57-bef1-a3bc4e58ee60,086960b0-105f-4329-8e22-0d560c368de8,shipping,8163 Tran Walk,East Kristiport,FL,54095,US
313bdc9d-d9a5-4236-b5dc-2732dc77c81f,0e69e3fe-f8a9-4582-a95e-08ed67048c91,shipping,5026 Michael Mount,Port Perryville,RI,31724,US
70f73e65-8145-4f41-9db5-f6ca5fa23213,10dd439a-f9c2-44fb-a978-09205028b346,shipping,23299 Weeks Falls Suite 752,Leslieburgh,VI,20295,US
d836d3da-3758-48fd-b2e0-15fd3eafa790,10dd439a-f9c2-44fb-a978-09205028b346,billing,123 Robinson Plaza,South Mariaborough,PW,08560,US
d67e21b6-65c3-4575-9bd8-753d647c4cc4,2e696443-b412-4b81-9242-f6a49384ecbd,shipping,784 Erin Overpass,North Evelyn,IA,45656,US
cdaeec6d-3372-4ab7-87b1-d18bfaf619ce,c62f8863-d145-4259-9181-bc90bf11979e,shipping,54297 Morris Rapids Suite 305,Jamesview,AS,96922,US
6db55c11-5baf-48db-b922-c2b047d863e5,7a408702-4d7d-4c93-a57a-0b947afa37ff,shipping,01883 Gomez Port Apt. 822,Jessicamouth,MP,84449,US
79a7b211-3cc7-476b-b5f2-00ce2bfef013,d31113ca-6be4-46bb-ac66-58c35a248594,shipping,2791 Rios Ford,North Anthonyside,NY,75975,US
d585aba4-3b84-4bf2-bfd6-776494700c8e,91e4460d-75fe-479c-80f5-c3cd140498a8,shipping,692 John Station,Alexanderchester,NV,67848,US
08d35e49-f6f1-4201-b330-3e7bb9157068,91e4460d-75fe-479c-80f5-c3cd140498a8,billing,1894 Harris Ways Apt. 006,Douglastown,VI,90318,US
88f1c930-25be-4316-ab8b-76a93670f892,b92dbf5f-595e-486a-a9ec-630bbcb7f79a,shipping,2557 Nguyen Turnpike,Lake Cynthia,AS,53691,US
8410f565-e8de-4959-aa53-661b74a49443,e1fa5f79-111c-4e75-8a5d-fbbaffd93fb9,shipping,7675 Julie Cove,Scottshire,PW,70183,US
f31a0814-6725-4ccd-8eed-82d9759786da,9b8a6590-0aea-46c1-a0fc-83e4a85390ae,shipping,3146 Brian Divide,Port Laurashire,FL,62544,US
b54b4fb6-66d3-4e19-b3d2-066b202774c3,31d8cb7e-121b-4fb8-a323-66ab9e7204e3,shipping,660 Peterson Mill Suite 275,Brianport,WA,16733,US
d66cedba-302a-4845-a875-2284e8a164e0,05be77ae-0d48-4e0a-b6cd-d1fc611c05f4,shipping,175 John Villages Suite 995,Lake Kristinton,AL,25162,US
f663873e-ffd6-4ef0-aa26-8e463c3f6322,5473a772-eca1-4aac-993b-f78f503e4975,shipping,18287 Rose Estate Apt. 702,Elliottland,VT,93712,US
fa438ccc-7751-4beb-a9b6-dcf329a51166,5473a772-eca1-4aac-993b-f78f503e4975,billing,628 Daniel Tunnel,Kochview,HI,12265,US
0ab1e9de-59a8-4bf3-9705-c3ee66d82dd4,5dd543af-6c49-483e-97c4-b07c6d630541,shipping,33850 Johnson Mountains Suite 488,Victoriafort,AS,68156,US
0e36f1ed-a8c8-4149-88e2-2f93de53dad4,f4182524-2ec1-4658-9e15-c87014114a4b,shipping,042 Woodward Square,East Stephen,MP,55571,US
82a7b0b5-0b30-410d-a1c0-0d46acc1fb2e,510c9205-00ed-4a4e-a382-0fbeea04bc07,shipping,815 Russo Mountains,North Olivia,MT,39238,US
aa0bae35-f9b7-4a21-8aa4-01ad9d801eea,c4cc67c9-777e-46b1-aa37-cb0cf30f586a,shipping,03147 Wolfe Ports,Michaelfurt,WY,84085,US
68d18982-6f84-4a1d-8a4d-9deb1ee80b7c,804201e6-f4cd-47a4-9d66-544f165f0461,shipping,664 Shannon Way Apt. 399,East Brandonfurt,CO,60777,US
e255919f-3c7e-4f11-b53d-a3fb5b817eba,201e008d-073c-455a-87fa-92666dc6fde5,shipping,1568 Ware Ranch Apt. 896,East Tiffanychester,PA,69668,US
9b20cc1d-8c4b-4eb1-9ee5-abb6037f0ab7,9dc8cbd9-4cb0-4d9b-b2e7-3bb16ec6f3ac,shipping,6817 Jason Locks,North Christophermouth,NY,01354,US
eadee0f8-d920-4197-adfc-c82633224279,f6e6f542-31e0-4276-b5aa-07cb5a0bb7ca,shipping,3173 Zimmerman Route,Salinasberg,LA,88789,US
7c8902e2-981e-46ef-ba03-1be5fb31d478,7d2ce8a7-1a0e-4679-8fef-8a8684a6f75e,shipping,73584 Anna Burgs,Lake Jenniferburgh,SD,37485,US
12c922ca-1ee2-4b58-8fa9-1134ecf19676,b960a931-af3e-4a76-9712-8649c4a52f95,shipping,50988 Maldonado Plaza Apt. 698,Cisnerosshire,NE,75964,US
5427e070-e11f-4913-8056-1315034a81f1,80c4f19f-e052-4605-8b15-33de0970878d,shipping,888 Bruce Haven,Lake Ann,TN,26165,US
2a838403-92ce-40b2-99f3-98bff51f4db7,80c4f19f-e052-4605-8b15-33de0970878d,billing,018 Martin Springs,Watkinsborough,MH,38053,US
13065c81-b9c4-444e-9e8a-0e23e4b4d2ef,cd17feb9-f5c7-4145-b1cd-642a1e12f269,shipping,74549 Matthew Plaza Apt. 648,Lake Mary,NM,02734,US
c68626a7-886d-4adf-adac-3babf19750fe,9a8e0556-c2d6-47bb-a43b-b05519976d6b,shipping,63029 Martinez Circle,New Kelly,AR,37485,US
6e37c2aa-8ca0-4b0a-aa1a-f49fd5413d6d,9a8e0556-c2d6-47bb-a43b-b05519976d6b,billing,747 Cooper Manor Suite 529,Gonzalesville,PR,58681,US
7b86a0dd-b667-4f48-9502-83830af64f28,881e3b81-a33c-4ce1-9489-aae4e135d2e1,shipping,53104 Hall Grove,South Chelsey,WI,66057,US
3763c637-a303-466a-9541-d37f4298c421,53cbde80-c7f6-4ca7-badb-2548d749b8d8,shipping,57893 Tasha Unions Apt. 990,Port Colton,DC,06373,US
4266a8be-b4ec-4a8b-b963-051daadc655e,f72f35b0-4c66-4c49-8c90-691621b44fcd,shipping,204 Amy Mountain,Natalieside,NH,63801,US
a6235ed7-1ce5-4231-8bea-ed4871b984bb,416af174-1be4-422f-b651-5a5af2e2bf1d,shipping,64057 Harris Knoll,Mortonborough,MA,44344,US
e7ac9d17-727b-494e-969f-67931dd31ff8,71612a0f-0c08-441a-8c9d-ebc36af61ae7,shipping,40529 Hall Stravenue Apt. 521,Elliottmouth,HI,43524,US
40ce3fab-c2ff-494f-8f8d-0af93efe0bd1,0687fcfe-c983-4e04-9d9e-2a4e176b7234,shipping,4872 Ann Point Apt. 697,North Brian,ME,86659,US
5e285e54-3635-4acc-9640-39d188c602c6,ee7a70ab-e38d-42ec-9954-0d9757ae452f,shipping,29377 Zimmerman Ways Suite 041,Huntershire,UT,82220,US
62f9d448-515b-404e-8967-0d65e38db022,413eeda6-47fc-4acb-ad92-fc258234a339,shipping,3692 Oliver Rapids,East Robert,GA,95829,US
bf540fba-03ae-46d4-8516-1174d4ca8176,580f69d9-44ab-496f-94be-ed38d8f52524,shipping,27761 Moore Ridge,New Karabury,GU,85926,US
57d83bdd-d3b4-46a9-af85-c5abc9bd41cb,97b4844d-21fc-43e9-8a5f-3ba141ccceba,shipping,737 Amber Turnpike Apt. 545,Marshallfurt,DC,93918,US
d2954e92-81ff-4295-9471-8b6c1ee1f0cb,e5702376-d45e-4735-85e0-8b00c04d2604,shipping,12147 Suarez Plains,Armstrongland,CT,19711,US
5af682bc-657b-42ba-9270-1bcc543b768b,93d376f0-e774-4f3a-ab1a-1f82f3746570,shipping,298 Eugene Brooks Suite 786,North Jenniferfurt,ND,49176,US
f0be4721-17af-4351-aed7-01cce70a1af7,93d376f0-e774-4f3a-ab1a-1f82f3746570,billing,7100 Rogers Ranch Apt. 252,Lake Dorisborough,AS,60491,US
f9fec250-0542-43b2-a2ef-94fb40dfb92f,fe8d1bc5-01e6-468c-9517-7415d1cee30b,shipping,640 Gail Way,Evanmouth,ND,10607,US
b95acb99-13aa-4f2b-b2dc-67625679e865,22706939-4756-4484-8a51-47d357a92cf0,shipping,0197 Banks Lodge,East Loganhaven,MP,78108,US
9c3766da-ef4d-438a-932d-8f314122cede,a6455916-7ce5-4c99-8311-7364bb7f17f8,shipping,890 Dudley Mills,South Michael,KY,04609,US
081125ef-720a-4ecd-ae10-f2144675bc03,d85a0a01-fbfa-499e-a450-497b0be2bf89,shipping,286 Ashley Manor,East Kimberlyfort,PW,37653,US
521bcf77-fe6a-4e33-9c73-071830d0012c,74994e42-0b71-4197-a485-e8b1a8b4983b,shipping,485 Wood Throughway,Rachelberg,AL,15693,US
616e094e-b4b5-497a-b9e9-74a9382deb56,03803056-dfc7-463d-b364-a50b85628e5a,shipping,6947 Victoria Roads Suite 178,South Ashleyland,NM,42018,US
db33f225-5451-4a8e-93f5-d412b3eebf32,f6ffc09f-d1e3-46c3-b984-6a366f86ce8e,shipping,76918 David Way Suite 039,Philipfort,PR,21611,US
17d4eee6-5cec-4fa9-9f00-a81c505a5a9b,02da712a-d4ff-4fe4-96e1-5569fac56116,shipping,2148 Mitchell Walks Suite 051,New Teresaside,AS,68987,US
ec1eed4a-d7f2-4cec-8443-9b77534154be,344b27e9-6d8f-4393-9d58-c68135980c70,shipping,666 Smith Lock,North Luis,ME,81941,US
21f1367e-1ca4-454c-9bd9-2dc559060975,57ecb1b3-2862-40c5-bf49-b119559504ef,shipping,05817 Mariah Vista Apt. 725,New Michellebury,NV,95092,US
6b1dc8b4-7725-45b4-afd0-013473557fb7,57ecb1b3-2862-40c5-bf49-b119559504ef,billing,6787 Kathryn Shores Suite 684,New Caseystad,AR,83403,US
df73fcdb-3126-41f9-9016-8035f6d029fb,73ff963e-1040-4ac2-9c2e-ba733966f442,shipping,255 Garcia Cliffs,South Gabrielside,MS,37246,US
3dd01dd3-b68e-4712-813c-6628655f63b1,867021a0-6b14-46bd-a332-224f11e6c399,shipping,1547 Adrian Loop,Port John,MO,79503,US
349c547a-247b-46d9-817f-41cb91be9dde,dacaaf51-a8ac-4b0f-9868-d84e6c78e9ab,shipping,42450 Burke Glens Suite 739,New Heatherstad,UT,72908,US
c70ec016-efa1-4b36-90af-e89e6674b695,33d80c8c-62b3-4ca9-b5c1-b34bd31b3d6a,shipping,72105 Moran Course,Walshtown,IN,64443,US
f15134ba-1d35-4ade-ac14-1fbf738c9b0e,33d80c8c-62b3-4ca9-b5c1-b34bd31b3d6a,billing,1615 Jim Expressway Suite 126,Lake Valerie,MN,75772,US
c08fef29-6b41-4f5f-b579-76c4667d6217,e34879a6-1f6a-49a7-bf16-13b2221b75aa,shipping,32114 Michelle Lake,Coopermouth,ID,64535,US
7d8c9de4-62fd-425c-93dc-1acd3700b507,645a4eb7-9c78-49da-8e92-bde70b4e7bd7,shipping,497 Joseph Flat Suite 901,New Victorland,PA,35680,US
48c7cac1-551b-42e1-ab7c-238705305545,fd08886b-aeed-40db-8a40-bf3416fe4f42,shipping,12647 Charles Fords,North Laura,IA,01881,US
cdabc0a0-4fc5-4225-9952-e03668b0814d,4aeaee6a-c686-4a3c-b25d-1ea18cbb4634,shipping,3071 Anderson Turnpike Suite 671,Larrystad,SC,86019,US
4519c892-5ac5-4154-a3a4-3eed2c67b713,4aeaee6a-c686-4a3c-b25d-1ea18cbb4634,billing,75357 Shannon Forest Apt. 482,Rossmouth,PR,65368,US
6952e784-f882-4370-94d1-2aa0f5e359f8,2dcc41ac-e088-4903-8bad-98ffd2096230,shipping,89443 King Trail,Robertohaven,FM,47380,US
f4f70750-efe0-43aa-b169-73adda3f1353,c37add29-06f5-44ae-8e44-8912f1a2e663,shipping,074 Bruce Greens Suite 055,New April,WI,01827,US
60f7853d-827e-4400-86d7-11aeb2f265c9,737eafc5-c254-4e76-b0f8-70cbe7bfcb9f,shipping,126 Kristina Expressway Suite 448,Lesliehaven,NC,22152,US
bf427312-01d5-4e1e-9c84-ba8376ce2a8f,44471ac0-b040-46c9-9a64-caa4f9831aff,shipping,37480 Roy Valley Apt. 595,Jeanburgh,ND,49043,US
d8a0febc-072b-4436-80f4-88413d1819e0,4bc9812a-e90c-4861-ad20-067bd903304f,shipping,35326 Devin Creek Suite 922,Briannaborough,KY,19859,US
d897267f-e939-44f9-ac20-c9043bb8c8fe,4bc9812a-e90c-4861-ad20-067bd903304f,billing,744 Avery Via Suite 406,Terryburgh,MP,67418,US
4b062914-5b2c-463f-9da0-f652f71600c9,15f387fb-6e71-4718-af72-28dcae22fd2a,shipping,08396 Owens Avenue,North Rachel,MD,90557,US
0b84965b-d74d-4162-b883-bcf3496b8ff5,42e4c4e8-e51a-4df6-a313-4068c90f8dfc,shipping,0122 Wood Divide,Lake Toddfort,MH,87728,US
5de2de1b-eee5-4670-8964-e39843cfe253,90a74ab6-e6a2-4d48-9f60-f809d05a2a34,shipping,97852 Watson Gateway,North Davidview,MI,91854,US
04cf54f6-8c9d-4fd7-b248-da8cf0edd077,9c51e8ce-8dcc-47b1-92bf-c249f6ebe6c4,shipping,93658 Wolf Unions Suite 363,North Steven,CT,42671,US
9ff47fa7-4cc3-4fe9-b3b6-c648c27c7e8e,9c51e8ce-8dcc-47b1-92bf-c249f6ebe6c4,billing,002 Nicole Summit Suite 256,Duartechester,MT,18584,US
6fdce03a-c46a-49ff-b347-d11a586b9b6a,5d5ce50d-fda9-440e-965a-371b480f3b52,shipping,3072 Kiara Squares,Liport,MP,66938,US
ef762b79-3e72-408c-a7ec-56c268479f00,56f7ad3a-5e10-4b7f-9abd-f9f0238e985e,shipping,2628 Robert Overpass,Loganburgh,IN,36722,US
ecbb5e86-b434-4cf6-80ce-ee240c11adbe,084a52cc-5fb4-4d68-9875-4a05b2bb7b4e,shipping,67292 Ricky Station Apt. 364,Mcdonaldside,CT,06352,US
19bda15a-d3b8-4d62-a948-864efbadcfb3,c42ff3f6-0b70-4469-86d6-5a7b871d2d8a,shipping,200 Donna Court,East Tammyton,MP,24891,US
83c3f2f9-b162-4b08-b8c6-e03a690e047d,a8bc0ad8-1773-4175-9e1a-973cf6fb4191,shipping,902 Johnson Expressway Apt. 133,Calderonmouth,WY,27348,US
d4c0e63a-c59f-4af6-9ee2-77b590306e46,cdfda1d8-8146-4876-a520-c07fca3f81a8,shipping,005 Nelson Port,Hayleystad,TX,77305,US
836c2f55-3631-4a35-b8b9-d57d9153ffb5,88738d4d-9244-4408-8bd6-2bd502cc52d9,shipping,169 Jeffrey Spur,North Joseph,MT,35327,US
8e4b736a-617b-4bdc-8500-638e4abd3fcc,9745c816-1ec2-4fcb-8b59-00354747f26b,shipping,7919 Misty Mountain Apt. 577,Bradshawstad,NM,43079,US
24aad208-a03e-4a05-a6ff-efd4d0be49d0,9745c816-1ec2-4fcb-8b59-00354747f26b,billing,99654 Tiffany Stravenue Suite 877,Ashleyville,WY,48778,US
da3d78e1-b7c4-4dff-8948-acb05e14dbcc,95fa376f-02be-434e-97f5-13dcd9ae1366,shipping,45923 Devin Plaza,New Andreastad,CO,54839,US
0322909e-8268-41d9-8287-5ecac7842776,3b7594c3-26ed-4573-8275-bd8fe94a2240,shipping,342 Day Shoal,New Philip,MD,96648,US
993d9714-52a3-4e44-a4b3-4a230aa457cc,6220a7b0-d5db-44cc-8180-1291ed428e39,shipping,04478 Graham Land,Aguilartown,AZ,90499,US
76da5443-5840-4662-a9d8-b025e80dcecd,d71600f1-c42e-43a7-90da-dd4faded4913,shipping,69330 Cristian Passage,Cainland,AS,55822,US
1e83b64f-c6c4-4b47-a27f-d7c30ed2aeff,d71600f1-c42e-43a7-90da-dd4faded4913,billing,26315 Mason Village,Lake Carol,WV,02669,US
906bef57-6c29-44ce-9d3f-b7891e5f929c,13fa194b-dbcf-4e11-8ddb-7bf562840d06,shipping,32207 Rodney Knolls Apt. 074,South Tristanstad,MA,44069,US
234ee106-821d-4a47-a243-609579746c24,8f27d5dd-4234-4fb5-b4ba-8418226f5599,shipping,628 Joseph Prairie Suite 368,Lake Blake,MD,47615,US
e0eedcb7-c0af-4414-975c-d7439cda0b0f,e558a630-19ca-46bb-bb1b-11de1baf7e0a,shipping,4599 Martha Mews,North Jeffrey,NV,62950,US
7d195837-e1c1-44a5-9094-c802507581a3,e558a630-19ca-46bb-bb1b-11de1baf7e0a,billing,4649 Kevin Locks Apt. 282,Lake Bethany,MI,40245,US
8b7b5894-c6c8-4d2e-ab01-2b9439036176,33e33c65-6860-49c3-87cb-53f09f57901e,shipping,189 Christopher Causeway Apt. 219,Lake Brittanyshire,CA,55384,US
343a5a83-e8d1-4329-b3b9-57c1e5c97cff,a2d35afc-f213-4491-8977-35a7774ac1d9,shipping,830 Allen Garden Apt. 900,East Kaitlinfort,OK,27738,US
36c43ded-736b-4c35-9487-331cb631b001,ee7e5624-1e3b-4c82-ae13-cd82f6d661e5,shipping,6548 Joseph Square Apt. 738,Port Kevin,CA,98161,US
339a87d3-cbcf-4740-82d1-389c86c658fc,bb346eb0-0369-47b5-a8cb-f10ebdc72c66,shipping,435 Lam Plaza Suite 106,North Andre,UT,02845,US
44db8597-9d25-4492-b734-ac7ed62a6904,02ee3784-344c-4973-b6c9-4bc5ba4d9915,shipping,78933 Robinson Green Suite 762,Jenningsfort,DC,26174,US
f9ea8432-c87c-4dd6-9346-edcc645641d5,02ee3784-344c-4973-b6c9-4bc5ba4d9915,billing,739 William Plaza Apt. 065,South Victoriaville,TX,14893,US
6da06a27-c2b4-400e-998e-949e363a963e,bcd15efd-bbf9-4652-8dae-dc20d11fc754,shipping,6399 Smith Field Suite 409,Wellsmouth,FM,54814,US
e1a03c29-350e-4e89-9b8f-8bfc6181f615,6ffd5ca4-ceec-4f44-8486-7000115277ce,shipping,240 Randolph River Suite 037,New Gabrielaland,OK,62902,US
57b1d99f-9c69-4a93-839f-edc6ab505ad5,dc6833d6-032e-413e-8a53-f03aef45682c,shipping,62434 Morgan Ridge Suite 380,New Jessicaville,MH,46701,US
eba3bc55-1204-4a74-90eb-da17d26f081b,dc6833d6-032e-413e-8a53-f03aef45682c,billing,824 Robert Valley Suite 196,West Sydneystad,KY,71534,US
28481706-e6d0-4eb6-acdc-ea0758d6149c,a757c02a-74d2-4067-ada5-0d2243d5e1b1,shipping,073 Teresa Cove,Lewisshire,PR,05470,US
f03d082d-172e-4194-9cfc-36febba5a9b6,b79c1220-0bc9-4c2a-b062-889c5401aad8,shipping,20183 Kelli Branch,Port Roger,VT,76276,US
57c74804-dc03-42cc-a971-5d0a40b1b1f4,b79c1220-0bc9-4c2a-b062-889c5401aad8,billing,612 Davis Grove,Zimmermantown,MS,14918,US
25d5cdf6-77c6-4302-ad3e-f9717479cc48,5ea3547f-a1f7-4b05-b60f-7f72ee62c6b5,shipping,6073 Robert Route Apt. 061,Austintown,KS,16112,US
5a5b3531-6131-4b61-8148-3aa88248b142,5f56c400-2524-4bc8-9c70-dd6d4437ef9f,shipping,15214 John Pike Apt. 641,Smithton,PW,00628,US
a32cadef-d009-4b90-bf2c-d81faa9d88a3,a418962f-2552-4e18-b408-53b813d01577,shipping,6323 Nicholas Common,Port Kayla,VA,37981,US
46342596-e0a2-43c2-ba63-09fbec34dd33,0f20fb3e-242c-4887-b93b-377c0364bc2f,shipping,9057 Hall Loop Apt. 873,Paynehaven,WA,38418,US
3e41517f-3f13-4c34-80a8-d7537c963b06,0f20fb3e-242c-4887-b93b-377c0364bc2f,billing,73809 Kathleen Point,East Denisetown,CT,29643,US
5058eeed-a3e2-4820-8dbc-c8d7a3a13e66,2c1fc26f-fcf6-4dd4-bd47-64df561f7616,shipping,62940 Summers Plains,Davidhaven,GU,60603,US
d17ad4ed-0760-4144-8a25-bb68f8fd0af4,f8ad118d-7a57-4f79-a4d7-7ff50ec264b9,shipping,3645 Rose Lights,Taylorchester,AL,66667,US
b5f7cfca-36f3-44b8-a713-4cac2477f0db,f7f80902-5a3c-43f3-ab9a-1e5ee79e463b,shipping,5167 Sarah Curve,Richardtown,PR,39510,US
a3560060-1b93-4c76-8671-5a03db8f05e2,4039f944-2cce-4162-a383-0a3d01880aa8,shipping,19354 Warren Locks,Port Aliciaside,NC,44769,US
62dc10a7-6428-475f-8fc3-fcd998fe59c1,4039f944-2cce-4162-a383-0a3d01880aa8,billing,98580 Shepherd Mountain,Sullivanshire,RI,80838,US
27acd5c1-ea19-44e1-b509-3f68c796ad2d,e37535c9-9f2c-4786-a24d-de6baf9404cd,shipping,54897 Yvonne Land Apt. 642,East Annland,TN,62402,US
58987cf5-61c7-470a-b663-56ff29fb8df2,a83d1925-2668-449e-9dc8-d58dde1e2776,shipping,162 Ford Lake Apt. 462,East Markberg,MT,58911,US
afa3e856-1550-4535-972c-a8579b65ef20,ec59c8b1-e130-47eb-a9eb-a8c28fe600f6,shipping,4798 Mckee Crossing Apt. 669,Lake Susan,WI,47126,US
37e36b54-e16e-4b60-8b8f-1609723d34df,5057fd5c-2d69-4f48-8d5c-9b669f178ec1,shipping,058 Kelly Locks,Lake Anthonyton,AK,77716,US
c50ed97c-d670-4b86-93aa-cbeff988e90d,f37fea7b-a84f-490e-8d01-554fde006eb9,shipping,494 Susan Junctions,South Cynthiatown,VT,69375,US
218af069-4611-4f12-b4f6-bbe8fd1d1aa6,4ed9cfc5-52d2-45b8-a1da-afba02ec6a22,shipping,6605 Monica Port,Torresmouth,IN,23813,US
53e52fb2-6d7a-4ca8-a4a6-ef3f2c5eafb8,17934767-b1ad-4f1e-b371-6e0e5faca1d2,shipping,85344 Kathy Burg Apt. 627,Susanmouth,ND,04356,US
0d2acb97-e5fb-4559-8f85-ca92456e5970,03699339-b134-4caa-bba4-d370291ba196,shipping,295 Perkins Rue Apt. 863,New Davidbury,LA,15143,US
33bbb420-67ac-45f6-ad63-e542695855a2,03699339-b134-4caa-bba4-d370291ba196,billing,54964 Alexander Well,South Heatherhaven,AL,56138,US
983c59a5-3f8e-44d6-a622-426caf79f854,1e2db595-fadd-421d-9138-75faec65ca76,shipping,09298 Wells Mountain Suite 832,East Christyside,CT,92682,US
45d40ad4-baa5-481f-98fb-ce65cf27cc61,1e2db595-fadd-421d-9138-75faec65ca76,billing,88123 Jeremy Station Suite 229,Ryanfort,GA,09005,US
48c84296-3171-4aa5-bba7-19f11756f94b,e485d791-3a42-48a0-a200-1a357bdb54fa,shipping,9853 Shelton Vista Apt. 047,Deniseberg,MD,66733,US
c8d1c753-246a-459c-8b05-f2b3bcff143a,4c040bf2-13cc-44da-9185-324039cab5bb,shipping,5881 Smith Street Suite 243,Jennifermouth,NM,71770,US
0c6e571c-b518-4147-b02a-c5f5f48b6191,196ed393-3943-4cd9-b0d3-b29bbfbfa1ec,shipping,77068 Martinez Path,Rickystad,MT,99097,US
184479c1-7d4f-4467-9a5f-4fe1c3e5bf1d,196ed393-3943-4cd9-b0d3-b29bbfbfa1ec,billing,3005 Marie Mount Suite 181,Cohenland,MN,90368,US
c3e82da1-dc28-47bc-9de6-7a48f1d3276b,1fc1df7f-0af3-4a31-b270-c5128f878bc9,shipping,5971 Fisher Forges,Sherrychester,NM,76960,US
6a87c1fb-89e2-4700-863e-7f63424acf37,fe5a6c85-d52b-46ac-92ed-0929c63dd751,shipping,093 John Ford,South Dustinmouth,MH,83935,US
45bc9973-d015-4d71-9c12-13bc5047e7dd,20cb267c-0c98-4610-aeac-26217ad8a16a,shipping,98910 Michael Loop Suite 547,Estradaside,AL,63560,US
dbae400d-2390-4fa3-b0fb-5eef1dc92726,978b0a27-eea0-4a81-9c2a-75ed68dc034c,shipping,766 Kara Streets,West Robin,IN,83581,US
e6916d5f-733a-49af-a1c5-480734ba0561,4d992e69-01f0-4c95-88be-6e8b39da2de9,shipping,1048 Adam Mill Apt. 288,Greenburgh,NC,65386,US
b6c063e6-796b-45ac-80d8-75110bb0991b,5a315a8f-905f-45cd-b223-6eb41e87b57d,shipping,14494 Wilson Skyway,Jessicaville,MH,75806,US
f9cd44d2-08ff-4587-b2d2-8cbd07a991b6,5a315a8f-905f-45cd-b223-6eb41e87b57d,billing,3991 Brady Burgs Apt. 792,Meganmouth,PR,61882,US
ef05a33f-7ceb-46a5-a59d-d6b1af462769,59c913fe-88ed-4bce-8d99-d973ded85338,shipping,89096 Peter Isle Apt. 481,Port Catherineland,NH,15997,US
c7d96da8-2a3f-435c-96fc-379812daea6d,33c62880-c06b-4e18-abd4-c6d0cadb16e7,shipping,726 Curtis Expressway Apt. 381,Lake Barbara,IL,85281,US
e15de110-a014-4797-ad48-4a0a5c246fbf,33c62880-c06b-4e18-abd4-c6d0cadb16e7,billing,169 John Rapids,South Theresatown,MP,54751,US
9205b905-293f-4c26-8c5c-6d9f6bd8ac5c,c2db66bd-56fe-4b69-992c-a908677b2e16,shipping,607 Alexis Vista Suite 836,Port Debrafurt,GU,33365,US
45206d34-06c3-4907-ba92-a6f3864ec5a7,12ae88b5-cad4-4eb0-bd8b-2a06536a5d3e,shipping,9452 Andrew Keys Apt. 171,North Christine,AK,01792,US
b0a378dd-0bb5-41a8-bba8-217807b181ea,fc42376f-be38-4dc0-a92a-90266f860c5a,shipping,73516 Mccoy Meadows,Darlenefurt,RI,94630,US
f4086d96-b401-40c7-b6a8-39542a29ec06,fc42376f-be38-4dc0-a92a-90266f860c5a,billing,01162 Collier Centers Apt. 731,Nashberg,GU,70003,US
d3cebd2f-a0e9-4cb1-91ba-30e241dbeb6e,8ef0a452-0884-422b-b73f-ba9675c69c1a,shipping,44158 Miller Freeway Apt. 197,Weberfurt,VA,13874,US
a555499d-a059-4e37-b257-bcb69c5eb35d,e1e4f6ad-442f-4083-abcd-19f80dbbd2c9,shipping,47880 Douglas Corners,Michaelborough,ME,39378,US
fa3d3592-8be8-4ee7-8912-fe7f2ead0345,e1e4f6ad-442f-4083-abcd-19f80dbbd2c9,billing,88435 Kimberly Squares Suite 761,Lake Crystal,NC,87312,US
4665781b-f982-4f01-9964-1a52cd62e0bb,795e9d0c-5edd-427e-9be5-f7a43fb1acf9,shipping,1650 Cathy Freeway,West Allison,ND,64866,US
1f755e2e-8715-400b-8173-48feeaf535bb,9674f583-c432-4f17-b214-4efefab29980,shipping,910 Marks Plaza Apt. 887,Williamsontown,IA,77290,US
3597cd7e-9ab4-4786-a0aa-34804ab207c0,cd445194-a34a-40c2-b45a-8886f4ef0c0b,shipping,99439 Jones Station,East Anitastad,MA,49589,US
c9c52440-57b7-4141-b54c-45aef5899583,d1e26f4e-ee68-49e1-938e-39512c26f605,shipping,08214 Smith Trafficway,Port Brandibury,AL,91903,US
4ea928a8-5b78-481a-92be-7f7f15897c43,e00378b3-2ccf-4fd3-9623-be57e826d796,shipping,37328 Alexandria Spur,Tonyafort,IA,02155,US
dbc226c9-a015-411b-b7f8-873e98c30059,d19a92a2-f8da-4b35-8dd6-d357124c9495,shipping,54227 Amanda Vista Apt. 002,Barbarashire,MN,54142,US
8655121d-ca3f-4b51-833b-1deb4ce57a07,5752772e-9ba0-401b-815d-79c8b3728c23,shipping,2737 Mark Knolls Suite 917,North Masonside,AR,27479,US
d3f1a746-cc4c-4d18-a922-e22d93d68e1c,a1d5918e-c0ef-4f66-92f0-210052f09648,shipping,50462 Joseph Summit,South Sandramouth,IN,43527,US
f54ebcd5-f2c0-4073-89f0-7bf992d334c4,a1d5918e-c0ef-4f66-92f0-210052f09648,billing,68035 Carrie Highway,East Whitneytown,CO,67470,US
19dcd084-7719-4ec5-912c-65bd98be18db,f0e2c97f-430b-4f13-8634-ffd6b4e61b99,shipping,547 Blake Landing,Teresaview,MA,41252,US
9a501d38-ce01-4d1b-9647-cf2572577039,8c57b29d-e979-4d04-8e8e-f699c6500b9e,shipping,219 Willie Corner,New Stevenville,CA,02309,US
a54d9593-4e93-4874-a945-4af1c2eab543,a63b4139-f0d3-4c27-9ed6-10bae029cbb7,shipping,977 Jennifer Greens,North Ronald,FM,04224,US
ca26fd5b-5ba2-4461-a8ac-e707bb2c4d0e,a63b4139-f0d3-4c27-9ed6-10bae029cbb7,billing,683 Nicole Walks Suite 391,New Josephborough,LA,72458,US
29075107-b644-4649-8154-f6c5995335eb,a0b8962f-5c2d-4827-8cbf-345e1455b3b0,shipping,065 Romero Wells,New Aaronburgh,OH,64278,US
df3d8dd4-f818-4fcd-9153-f2d8c810a6e7,14abf9b6-43e7-4c2f-9870-ac4a5af8d6f9,shipping,38765 Newton Manors Suite 288,Garciaport,MO,83679,US
84c01fc5-a64b-4ae1-89e1-609b4538b53b,fe3ff747-3da5-4a45-b8f6-17d39e9494fe,shipping,277 Stephanie Camp Apt. 378,New Michaelmouth,SD,18101,US
fb479e91-2a7b-4271-9067-e9ee72697cc5,039e3205-1f33-4e37-b246-ce87963a3297,shipping,343 Miller Corners,West Ericastad,SC,72523,US
42f65e03-acc7-4ac2-ae50-646ad6ba0551,0cf5b4b6-40b3-49c5-935e-b330ed504991,shipping,02705 Patterson Locks Suite 978,Adamsmouth,GA,55371,US
bdc6fa74-ccef-4470-944b-14ad2d8e44b6,0cf5b4b6-40b3-49c5-935e-b330ed504991,billing,801 Yang Inlet Suite 417,Gayport,MP,70480,US
b64dfa6e-f0f8-431e-b21d-1a58b60ee245,827f6fc5-8a05-47c0-9811-791812f0a24b,shipping,097 Hall Track,Smithtown,WI,81260,US
29777727-093b-4199-abcf-7a13bb75623f,2babe144-a07c-4cdd-9381-ccd167c8ee5c,shipping,771 Carol Vista Suite 738,Kellyfurt,ND,79455,US
7dbbd58d-3465-4f81-a631-2938ca91c8f1,bbb6cf1f-68d4-4c42-a635-1e8defa83f33,shipping,1061 Lori Cove,North Mary,PW,02876,US
0fa1145c-15b4-4448-9796-d0fe5515f111,bbb6cf1f-68d4-4c42-a635-1e8defa83f33,billing,52483 Nicholas Roads Apt. 551,Johnsonberg,AS,70477,US
756d618f-276d-499f-b18c-48987d72f3b1,d176255d-8274-434f-a313-d1404f97d8f0,shipping,470 Wiggins Stream,Porterbury,MS,94671,US
a7ecf18f-b76d-4d32-b02f-3349242f5c14,91de2a9b-ff31-48f0-9cf0-5c312ec35cd7,shipping,728 Kevin Row Apt. 087,Port Jason,MD,13563,US
464473e7-24bb-41ef-9f7b-63ed81f3c04c,b512a453-916a-4e54-88d2-5fae9d711dbb,shipping,071 Edwards Track,South Ryanfort,OR,19683,US
611e7776-7177-4169-aaa5-e3b3b46273cb,25d6c488-78ba-4f57-957f-8ab132079cb7,shipping,7322 Joseph Manor,East Annetteland,RI,95446,US
8d93168d-a08b-484d-a342-6209cc5204d6,25d6c488-78ba-4f57-957f-8ab132079cb7,billing,967 Young Knolls,Aaronshire,NH,88732,US
74ed01ef-68b6-4929-a60e-095e963eb22a,de0d589c-f2f6-43e7-9cb3-487aed6e1ee7,shipping,1065 Carr Valleys,Dawnview,MA,77773,US
0ef1f53a-732c-4e4c-9418-047efff5c055,de0d589c-f2f6-43e7-9cb3-487aed6e1ee7,billing,673 Nelson Trafficway Apt. 034,Lake Beverlyburgh,KS,16255,US
b71f4464-b67c-4f80-bc66-91b1425880e3,1cbe6c9e-0dec-4b01-9493-8474569524c2,shipping,8270 Chaney Tunnel Apt. 465,Curtisborough,NC,41805,US
cb9f4d79-0ab5-4c36-92ab-3d321123b3e1,5e051776-69a5-4cb2-b84b-5cda977a5305,shipping,7240 Kristen Fork,Contrerasfurt,VI,23284,US
08d6bc10-9cbe-4644-be5c-1145e675256e,aff39a0d-c700-444d-91dc-1e69c7bb35eb,shipping,7337 Mary View Apt. 301,East Markberg,PW,30220,US
69f746e8-b410-4a90-adc4-e35faba480c4,aff39a0d-c700-444d-91dc-1e69c7bb35eb,billing,46454 Ortiz Keys,Boyertown,ND,98363,US
863280cb-4741-484b-8a5e-42559c02d022,8871de61-5c97-441f-97fd-6f6e49e7f935,shipping,44708 Hernandez Road Suite 163,Lake Linda,NY,39604,US
45de4639-e0e0-412d-b5a1-84f8e0a2e257,23a7218d-fbd6-47e8-8641-c5a5dc4086cd,shipping,331 Miranda Forge Apt. 753,New Jeffland,NH,83694,US
0d698d26-750a-4fc5-bc4e-6e9beb7f6675,0add5257-87b2-40ae-aa57-08e1d24d27af,shipping,9468 Karen Fords,New Gregoryton,ND,62335,US
1f65581c-e357-4c62-b80b-d6d91a4bb607,2d363f6a-fbac-4011-8a66-e44186158ce5,shipping,849 Peter Crossroad,Gambleberg,VA,53904,US
8bb8a153-3c7b-46e4-8b68-bb14c6355407,08c84049-bcdd-41c3-802e-7884c9d90e0a,shipping,66864 Steven Ranch Apt. 759,Cowanland,NM,84189,US
1a9112c4-9425-424e-a39e-cf55c1acdc98,16894c6a-95a8-4cbe-ac2d-0b84c398bfa7,shipping,12643 Smith Bypass Suite 934,North Sarah,VA,16883,US
84a2eec6-019e-429a-91b4-a4734b03a9c3,16894c6a-95a8-4cbe-ac2d-0b84c398bfa7,billing,64210 Nicholas Island,South Jonathanshire,DE,80875,US
df23ba74-1a5b-461e-bb0b-7e365d010676,fec39ec4-ae5d-4554-8b7d-20ec45507f68,shipping,407 Edward Station Suite 850,Robinshire,WY,36888,US
753b37b7-f44d-4c4e-8fb5-689289e3f157,2bcddca8-a165-4faf-9b5a-04b399230062,shipping,8141 Warren Expressway,Stephaniechester,PW,26140,US
9da420e1-4304-4e92-be9f-99ac1ecd074c,11d1616c-d862-43dc-b83b-960c3afc38eb,shipping,7966 Taylor Village,South Laura,NY,32908,US
8b7290b2-884e-4a4d-bc3a-6cb94ac7e80a,bacaca30-bbe0-47dd-8099-04a7de3abf7a,shipping,26098 Burke Canyon Apt. 268,Port Eugenetown,ND,67491,US
ec5fa14f-1f4c-4f26-b026-01725b9e464a,fb022823-940d-4574-85f3-cce95196c0a8,shipping,577 Leon Islands,Catherinehaven,CT,98510,US
e79aa03a-c9c1-4481-8928-d6a2d91fff3e,cd890302-a68c-4c1e-82a2-3cf949d5cf7e,shipping,11114 Chelsea Neck,South Lauren,AZ,14809,US
ebca9be1-cb11-4b15-9de9-91ce61137c50,8a9b890e-3365-44b4-b077-b21ed3cd66db,shipping,377 Jones Manor,Traceyborough,AR,10766,US
3f9e1e35-47d6-44fc-a774-af45fece8cf1,8b663bcb-33a0-4be8-a525-3bdf761a6fad,shipping,55422 Price Dale,Lake Emily,IA,46396,US
2d5ea550-21e0-41c6-963c-4fdb547e31a2,3ad0823d-7cad-4e73-8c4d-b71f20aa5b22,shipping,37333 William Lakes Suite 073,Langmouth,CO,58492,US
d93d2b64-8b5f-4891-9add-9865fff6d9ef,2f326f88-5bc3-4836-bf9e-f40c63589928,shipping,703 Gordon Radial,Loritown,VI,79924,US
f2e81e42-e3f5-4973-9c60-dab7167e0af0,2f326f88-5bc3-4836-bf9e-f40c63589928,billing,2485 Luna Field Suite 131,North Williamland,IA,39960,US
eb10e490-eb93-4136-bd92-ed3cefdcafbe,ac41a99b-43e9-4401-be69-1a1374383566,shipping,139 Janice Walks Apt. 369,Mooreborough,SC,49580,US
cf9c6eba-517e-4b87-ae12-e2210448eeb4,3eded436-30dd-45a8-8ce9-4ced45c413fa,shipping,10542 Kristy Drives Apt. 935,North Joseview,AZ,68588,US
70788f8c-0430-43bc-86de-6043f90fca4d,d41cdd5c-14de-4229-ae33-a8dd2c37ee38,shipping,0634 Ashley Neck Suite 898,Tranland,GU,44672,US
1732f3bb-89a5-4ce5-966d-7caaf6d8a406,87eb35ff-ab89-4a1f-b87c-98ec982673f3,shipping,43566 Kirk Junctions Apt. 970,East Amandaside,WI,54609,US
37748891-813f-4444-aff5-1098e2e2d577,bddaabf3-49a3-4fe2-a7c2-645af071c166,shipping,8845 Sara Freeway Suite 315,South Melanie,AS,74091,US
19b1e1c2-5a0c-4262-a69c-5637a2e14852,1485a277-a86a-4073-86d1-5c627c1c5e7c,shipping,86068 Heather Ports Suite 379,East Bonnieland,SD,05187,US
046e70b2-bcf7-42eb-9216-c0e5aa94313c,3e7b6216-ab22-48d1-8a95-466dd95708ef,shipping,687 Monroe Meadow,South Makaylatown,VA,30896,US
065aac75-c69f-499f-9450-bd3f70babcbb,760b2180-c66a-4205-b6aa-0c130cfb032c,shipping,093 Chavez Key Suite 839,West Anna,AS,64744,US
c1c0651a-8430-47be-9533-f9cabbe9dc91,779a537f-0f7a-412d-8fa8-a647ea3cfb85,shipping,97198 Martin Grove Apt. 985,Villarrealtown,IN,73064,US
65a3d769-2dc2-42e8-8867-d1385cc96e72,fa768843-b10d-4d5b-a78a-5b0b2cb8291c,shipping,235 Shane Alley,South Sarah,MD,08399,US
a5766e79-c906-4216-8368-8f78feae28a2,0cf7ff71-1d9a-4cc2-8876-3f40f0f1fcc5,shipping,26524 Bell Bridge,South Davidchester,WA,60936,US
97b3d98c-9f15-476d-abc6-36a6249f0240,9878dc41-febc-4c5f-a25d-53a16ee203b9,shipping,61715 Ortiz Dale Suite 687,East Davidstad,FL,06396,US
1fb41e3d-1b5d-49a5-9a0d-f45759fb276b,94f47e1d-112c-4c88-ab4d-a45fc885ff7b,shipping,071 George Plaza Apt. 741,East Amber,IL,56436,US
0d26a656-7eb9-4ab8-846e-443b925455ab,1427c6f0-3410-43de-8813-c5291c3807f4,shipping,8671 Jeffery Radial Apt. 653,New Blakeport,FL,97894,US
b0e09f8d-a567-4c61-a41f-7314d1f880df,1427c6f0-3410-43de-8813-c5291c3807f4,billing,360 Richardson Island,Josephside,MD,56176,US
24f2aa2a-cb2c-475a-a077-05d524f4b650,42c25667-edee-418e-b165-44c7e6f7a63f,shipping,26266 Lauren Crest Suite 845,East Christopher,WY,43475,US
bbea6766-c633-40f7-bf69-f263aa2c1bf2,eefc74f2-aad9-4acc-af2b-17d978c0242c,shipping,52310 Evans Village Apt. 484,Port Charlesbury,UT,04686,US
1d16a70c-fa23-486d-97e7-24ef1f75b973,67e09534-9376-4b69-9163-916247b9b1ef,shipping,25339 Wilson Common Suite 346,Mcgeemouth,GA,43793,US
5c269323-b3c6-4e7f-8bcc-ffcf2a62bfb1,1a17175d-367d-4aaf-a2f9-3a3508b451ab,shipping,7243 Garcia Trail,Lake Emma,NH,98302,US
14da02dc-c295-4df5-b549-9ffee18514d9,280a3ad2-97c6-435a-bf56-4fa0ecd5343f,shipping,28877 Rodriguez Knolls,Port Meghan,NE,57372,US
a467a578-d8fe-476c-993f-ae156be6dc06,1e31784a-ebff-41a6-9d27-d4e6d696b9fc,shipping,235 Hodge Landing Apt. 760,New Peggy,CO,55641,US
bcaf8d33-2dd9-438e-b9c4-71db6c5fb678,d903c99c-d4e5-406f-a644-79f91fe316b9,shipping,22919 Jennifer Isle Suite 530,Jamesshire,AR,18109,US
59dd4e6d-fbee-4689-90e9-a66991eebafd,eec588f8-fc10-4758-b1fe-2441d0b8bce2,shipping,67418 Powers Spring,Mooreburgh,WY,65052,US
da41069e-f17d-40ac-a66b-0015d2532a5c,4afad026-f538-4e84-8736-b9a6695d7b8e,shipping,955 Smith Mountains,Lukeborough,MN,88823,US
7d67fb76-1641-4caf-b127-e40d9373c2b7,449e285a-dba4-4e35-9d7d-8b2e76629ed8,shipping,44908 Jaclyn Plains Suite 615,Rosariohaven,NH,04973,US
a2cfec52-611f-4092-b513-86509502c027,7b0077d0-4e20-4e2e-8333-774875ec8f50,shipping,01033 Taylor Parkways,West Carly,MA,57178,US
cd78c17f-4fc7-4e69-96f9-6b440f04819b,8a31097d-89fe-4c13-8516-4d28a3ec918c,shipping,74993 Jeremy Radial Apt. 407,Christopherborough,MI,82995,US
beb0fbd7-fb21-44c9-bed6-01af401041aa,5e72a386-3614-4aba-a46b-a7143514d778,shipping,7135 Kristin Garden,New Stacychester,FM,64127,US
3d52bc22-bacd-4dc5-a2b7-bc4196f8d42d,e72c0510-e394-4bf8-9886-23a023cf816f,shipping,130 Zachary Terrace,Wolfemouth,NJ,09714,US
7e007200-6d33-4ac9-bafc-363c3871c3f0,12721365-2610-461a-94f7-d1c7ea02733b,shipping,4979 Meadows Keys,North Johnhaven,RI,39974,US
94140db0-7144-484f-8d91-8db6eac52d3d,b0680fa5-1602-43c2-a74a-cb096b439e66,shipping,5262 Hebert Parkway,Hamptonland,ID,47405,US
78da8d78-a2a8-4871-b25b-5538f2029793,de4e205f-5686-47d5-bc78-ffca80c8e6d8,shipping,945 Jacob Forks,Lake Elizabethside,TX,51032,US
4f4c8a5a-db57-423b-b80c-60fd28476c56,f800490a-6468-49cd-bbd3-9da88d91677c,shipping,4838 Whitney Alley,New Michelle,HI,13378,US
538484d2-e2d9-4126-a164-7b1c4a4948b3,f800490a-6468-49cd-bbd3-9da88d91677c,billing,68387 Jonathon Plain,Lake Neil,AK,26994,US
dec8f590-bc2e-4516-a81d-d272e3c52a1f,ae5d65c5-7495-4464-85f6-fe56e2f9ae3b,shipping,2139 Katherine Groves,New Michael,MI,44357,US
ebaa3e64-2827-4fd7-857c-b5142fac40a2,4d29eb76-239f-4ca8-9b92-ce9da8459975,shipping,85790 Benjamin Skyway,Lake Lindaview,NE,19478,US
2c10309b-0640-41a6-971f-0cdff93640d1,4d29eb76-239f-4ca8-9b92-ce9da8459975,billing,205 Benjamin Well Apt. 421,Hartbury,MN,56032,US
49a6fbd4-f4bc-4c80-8dc4-d86434a0f808,ccf94aa1-ada9-4a56-a12b-dcab2c8b079a,shipping,792 Kim Drive,Mcdonaldville,OR,39071,US
aa583955-6a8d-463f-9860-1101ae0d486b,ccf94aa1-ada9-4a56-a12b-dcab2c8b079a,billing,5443 Vickie Roads Suite 454,Brownland,MH,87859,US
f4182c3f-e32b-4777-a4c2-80213b5542df,a9cf3534-2ad1-4daf-b3cc-24a751ae2e1f,shipping,9270 Smith Lodge,Cherylport,NC,03526,US
1f284abc-e6e0-487c-895a-7abe3eee8c1d,782c5e4b-4e2a-4a17-a590-67cc9432120e,shipping,49048 Burton Harbor,South Lauren,AR,09298,US
8a79065d-efb0-451a-bdbf-b6db56a3111d,e5a3ae24-b0cb-45e9-995a-c953c48b0e80,shipping,2637 Johnson Street Suite 691,New Steven,LA,89922,US
332db7e0-1f71-47a7-8e33-6f934968a16a,c6011ab7-a616-4a61-9ca4-ff6d28dd910c,shipping,49905 Gray Branch,West Madisonborough,CT,72293,US
64637335-77be-4df7-96e5-5196c9e14463,be42f0c2-76b7-4df2-ba1d-1c2e75a1b98b,shipping,117 Robert Route,East Frank,IN,15415,US
2252281c-ea24-482c-aad9-cd6b6c80070f,be42f0c2-76b7-4df2-ba1d-1c2e75a1b98b,billing,6173 Rebecca Drive Suite 829,Howeshire,IL,22090,US
054a7d3e-ad0b-45ff-bc56-cbb67484f541,aa1b45b2-4fa0-4e3a-8b40-6c78afb1cb61,shipping,85201 Haley Junction Apt. 162,Port Shelly,IN,17465,US
597a9742-b853-4af1-a1e5-82781bd22f42,ee97f0f1-c13a-437e-985f-bbc0ddc6229b,shipping,99801 Lopez Keys,Port Nicholasland,GA,24077,US
a641f559-50fb-4350-b006-311b2aa9e840,ee97f0f1-c13a-437e-985f-bbc0ddc6229b,billing,1749 Patterson Ramp Suite 854,Anthonyborough,AK,54483,US
3e64328d-4493-4ab4-99fb-db8ad9caf1a0,467689f1-33e9-428b-9632-a62913276b15,shipping,06322 Green Ford Apt. 816,Zacharyside,IL,75214,US
ea4c5b95-6f23-4853-9473-4ee5464e55b1,467689f1-33e9-428b-9632-a62913276b15,billing,68019 Kenneth Crossroad,North Dennisbury,WI,53175,US
bb288738-d840-4874-9da6-49a59e4ffa6d,83de9dba-0e24-42ff-bb3b-19af2ea4a89e,shipping,855 Jennifer Forks,Kellybury,KY,11782,US
3cf0b938-2c2e-4f2a-afa0-8c672a7d0f2f,83de9dba-0e24-42ff-bb3b-19af2ea4a89e,billing,25878 Brandon Lake,Lindatown,GU,92351,US
943dbea2-20d8-4a9e-abbb-fd7b46f8611b,2186fc11-1ba7-4435-982f-643298576575,shipping,808 Hall Meadow,Gillespieville,OR,70233,US
1b74942b-0564-4705-8803-1b7e492bf098,2186fc11-1ba7-4435-982f-643298576575,billing,3391 Andrea Expressway Suite 033,Keithmouth,SC,20101,US
856d4b68-23d8-401e-8d6d-9a2fbd471d1b,a922a479-3467-4b70-a93c-64d1494660ed,shipping,44127 Smith Islands Apt. 553,Barbaraberg,MI,86611,US
110feece-741e-4b24-91f4-c37433989f00,2189aa15-239b-4906-bd12-7933b020a260,shipping,015 Reed Viaduct,Lake Jesse,SD,91139,US
624be58c-5aac-4cac-b104-23e49fac8c15,6a984d05-bfea-4d62-b173-4256dd09ec50,shipping,0173 Bradley Grove Apt. 284,South Rodneyfort,AK,85505,US
8c1227a9-ae0a-49d1-9402-85e3b55aee3d,1471cd2b-9d12-4043-a20a-0ca16c31fbaf,shipping,878 Rachael Stream,Port Andrewshire,UT,01505,US
c48fea8a-381c-4ef2-bac8-2a81c1553614,8560c526-eb05-4080-9ed9-09ccd794a2dc,shipping,271 Page Extensions,North Sean,MA,91289,US
e98e7288-9080-4ee8-9d13-59695a5d12d9,9c056b62-9f57-4586-9809-b0a3ea8cde2b,shipping,916 Collins Station,Tuckerland,ID,37294,US
15ab672e-4d47-4ce7-bfca-b99dd2cda1af,46a4e78e-b32c-4ac3-b9a3-b6f45d858214,shipping,99353 Green Hills,North Cheyenne,NH,57510,US
8edf1689-bcfb-46ba-86f4-5cc90fd0ab3c,46a4e78e-b32c-4ac3-b9a3-b6f45d858214,billing,2103 Hardy Manor Suite 486,East Michael,HI,08449,US
38ea6e7d-b7b1-4878-b1d5-27c07ff55a29,5fdd9c45-ee04-44b1-9e16-2f876e6aa445,shipping,3404 Chambers Extension,South Andrew,IL,27534,US
16343dd9-9911-4f2d-b548-017589190db3,5bed3b42-a486-40b4-9d6e-963f23f5ac3d,shipping,56194 Ashley Brook Suite 896,Silvaburgh,GU,43349,US
a9f9ef17-41d5-48ca-a382-b282627f1d27,6bd475fb-c705-47d9-a10a-4a9457549915,shipping,33981 Cantu Mills,Lake Amy,AZ,64377,US
9caa3ab7-608d-4d7b-9570-000f0acd7f7c,6bd475fb-c705-47d9-a10a-4a9457549915,billing,22920 Porter Hill,East Mariaberg,PW,90174,US
dffdbb3b-eaff-4751-b1c8-4c6db35f6099,68a50380-2cca-4d06-9449-d53cccab10d2,shipping,3454 Nicholas Hollow Suite 968,North Jeffborough,KY,39659,US
e2cc0200-5db4-46d2-8159-15638a30402a,46b8f14e-0ac7-461b-9aca-ab73fef4bcc6,shipping,8511 Carter Mills Apt. 850,North Stephen,TX,77842,US
4e7fb04b-d94f-412a-a513-8b021b353899,60df9c5f-adee-48c8-b688-14e92a68cfd6,shipping,12848 David Expressway Suite 363,Port Susanmouth,MH,30767,US
145bc8dc-bfb6-43be-873d-7bad6c0dba9d,60df9c5f-adee-48c8-b688-14e92a68cfd6,billing,9876 Nicole Locks Suite 643,Lake Aaronville,SD,99714,US
9ef82286-4608-42c4-bfa9-6bd770cd7772,9048cc87-4b4d-45b2-bf55-6baf0dc9436c,shipping,29488 Goodwin Ways Apt. 553,Rebeccaport,NJ,47215,US
53158fa4-3cc6-49df-890a-8121f4979a7a,a6ed9499-84a6-4d06-85d1-3a070916f055,shipping,729 Carroll Falls,East Robin,LA,17911,US
3306f848-4e01-46ce-ab1e-6e8058cc54e5,7f074e4a-d46c-483a-bfd0-c8f11dc80acf,shipping,57388 Jackson Station Suite 318,New Erica,PW,79206,US
fadb087d-0fca-40a3-ab3e-d0a926dfcd24,7f074e4a-d46c-483a-bfd0-c8f11dc80acf,billing,976 Perry Junction Suite 345,Mooreland,GA,68495,US
e017bad0-00a5-4464-ad35-85ec61451092,f651802d-b810-4b58-a628-eb18f1102a1f,shipping,80833 Nolan Mission Suite 416,Catherinefort,NM,14331,US
9f920451-a4de-4aa0-b2f5-9ba4264798e2,a0c87e22-d916-4f3c-8ffb-e898a7eaa319,shipping,9690 Jacqueline Lodge,Lefort,WA,46465,US
bb83329e-2ccb-46ac-b461-e15a002af21f,b310f5a3-b5bf-4d13-b2d4-8c075fa494cb,shipping,3134 Harvey Terrace Apt. 830,West Jamietown,ME,30502,US
11bfc2f7-4732-4c20-b943-eca0d5e92458,5b85da16-eee7-4f25-b528-cfc03de336ba,shipping,88740 Austin Turnpike,North Adamside,VI,61768,US
32164879-fb8c-4dad-bfb9-5db1cf1a522b,5b85da16-eee7-4f25-b528-cfc03de336ba,billing,1373 Kevin Mission,Berryville,DE,48823,US
9d1c7fa7-befe-4af0-8933-c4d4db227511,4f522f7f-4660-4d6f-895e-c093e668820a,shipping,4718 Erica Alley Apt. 951,Patriciamouth,IN,98180,US
bb4982e8-144f-44bd-ad75-02cfb6ff4a1b,4f522f7f-4660-4d6f-895e-c093e668820a,billing,4190 Pamela Dale,West Bradton,NH,70916,US
5bbbc08a-5fba-48a5-a67a-22150952f3bb,ea552658-39d8-455a-b333-549591e6c00a,shipping,785 Norris Neck Suite 978,Jenniferhaven,AZ,45007,US
5f14e481-ca31-464a-afe4-c7c1710a336a,b78f09fc-be4f-49b4-9fd9-54319f80eae4,shipping,0172 Mendoza Tunnel,New Timothy,MT,29792,US
db25d0af-6e1a-451e-9d51-1b87fced2be8,4f69aa98-f9d0-47da-a09d-bc124a354f98,shipping,07474 Jennifer Passage Apt. 032,Josephberg,NH,73313,US
1c807b05-2da1-4939-a009-4226fbe8a02b,7abb864d-6532-41ab-ad6e-3bac0cdf2d0c,shipping,6626 Bridget Summit Apt. 997,Ellisberg,ME,16015,US
3bfe28ab-5e0f-4e53-be3b-5757597c8212,4259928e-d52b-4202-ba4a-ce0d6c14d46d,shipping,3370 Romero Turnpike Apt. 141,Ronaldshire,SD,71223,US
b1eb59e1-79f2-42af-9897-ee3aad79d558,4259928e-d52b-4202-ba4a-ce0d6c14d46d,billing,38348 Lauren Inlet Apt. 823,Teresaside,FM,39463,US
ee641cfb-8c7c-42a5-bee9-e50f0cc4117f,ffd7a1b4-6465-479d-87e7-a4e017af8421,shipping,993 Beard Village,Davidside,AK,06195,US
991112a4-1da5-4882-850b-82a0dc733744,050ea73c-ee3e-4ec5-9be1-a624e034e321,shipping,8709 Christian Rapids,New Jacobmouth,MS,37593,US
bb25b60b-3580-467b-9c40-c8352d6897a3,c9d16119-9575-4b2c-84ab-81668fe7cb77,shipping,8962 Kimberly Brook Apt. 028,North Joshuaville,DC,85504,US
83ca745f-2bfb-46e7-aaa9-9982188d2fd1,c9d16119-9575-4b2c-84ab-81668fe7cb77,billing,0885 Christopher Heights,Danieltown,MH,86079,US
54da2173-3f35-417b-8ab0-66435e424c70,033c4113-2eaf-4c16-8b51-1b1ef091487d,shipping,78839 Michael Summit Apt. 135,East Collinshire,MT,48336,US
298e72f0-7558-40bb-b0c0-5b8cb7f4f7d6,24439c27-dba7-4266-91eb-ee981a3e238f,shipping,089 Lopez Square Suite 346,New James,KS,60180,US
241da84f-53d3-4b5c-a790-cd957a85cc37,71139edf-bed6-4432-9ea3-057ccf44b0e2,shipping,88185 Michael Summit Suite 491,Danielsfurt,FL,77973,US
d0064c81-f9a2-4ace-acfa-bc9eb121fe19,15cf2db4-815b-4e0d-93a4-71fae58ad260,shipping,3013 Cooper Motorway,East Ashleyfurt,MI,04429,US
c32a4583-fcfb-4274-8741-5832d94d267e,92da1a8e-bb2c-4033-a013-99c1bcb03a2d,shipping,93622 Wilson Pass Suite 596,Mallorychester,MT,62102,US
d52bee75-3268-4fd7-ac0f-f5adff05f22d,92da1a8e-bb2c-4033-a013-99c1bcb03a2d,billing,63402 Harris Field,Myersville,PR,10216,US
a4b002c8-6117-45e1-9e58-4fade0cf8ca5,f342240d-3961-4fb5-a5b1-775b82af47ec,shipping,719 William Centers Suite 852,Christopherfort,NH,06693,US
cbad9ba1-6274-42e1-9dcd-5d1607212f97,f342240d-3961-4fb5-a5b1-775b82af47ec,billing,869 Paul Square Suite 005,Melindaport,RI,33304,US
c4c4d116-dfd2-402d-9825-d1824723e4b1,30aeb273-2a2c-4fe2-9c99-4d41d827b12c,shipping,58229 Timothy Wells Suite 432,Thomaston,MS,03924,US
d98e56bc-8014-4f88-a644-c21390f8cd0b,58327031-d5ee-49da-b328-98b0b36f3bcc,shipping,690 Marshall Wells Apt. 234,Port Amanda,MD,73133,US
30e3453b-1f5c-4def-876f-c385f5085e57,74881be2-073c-4e8a-952e-cde26e6136ec,shipping,2221 Maria Cove Apt. 761,Georgemouth,CA,55868,US
f3cd441a-827f-4215-a75f-1de27bebda68,cb789035-c765-4d9e-9e72-33adf09d32ed,shipping,28289 John Glens Apt. 630,East Maryshire,NM,86973,US
0efa3bbf-a39d-4ca9-a2b3-479c176f9719,ae499842-0934-477c-9062-8e443d7bcf0e,shipping,363 Fuentes Motorway Apt. 444,West Laurenside,NH,30540,US
789b1027-3e36-437e-8a6c-c198c97d701c,86719a80-ba95-4530-8d3a-bb46417223bf,shipping,41172 Harrison Shore Suite 967,Smithburgh,PW,40114,US
65da7770-632c-4aac-9179-50b7b9ad98ae,e100cab9-2f54-4b7f-a4be-b21a0d04e252,shipping,2458 Alexander Walk,North Coreyshire,NY,20898,US
f9b4df2c-0183-4675-8504-f5cdf0fbb517,0aec8af2-dffc-4114-aa4a-17a9fcee28b0,shipping,5903 Schmidt Mission Suite 740,Patriciaburgh,PR,21699,US
cd193b2f-5ed4-40cf-973e-0d5dcfbe7ebb,591da5ed-7fee-4e7d-90f8-e288436f41e1,shipping,17564 Melissa Place Apt. 441,South Barbaraville,WV,38948,US
22774945-a0ff-443a-bc4c-30e99403aa74,591da5ed-7fee-4e7d-90f8-e288436f41e1,billing,05086 Miranda Common,Port Melindashire,FM,11329,US
d2a7d701-4d1c-4874-a1f2-f0ae8f7e0c55,383f3ddc-876d-4747-ab01-4a83e18ab8d6,shipping,03077 Myers Alley Suite 070,Avilafort,OH,07885,US
19fa5981-a7bc-437e-81cb-ec0ed39975dd,6d102452-151e-4376-aef4-5476101477c6,shipping,751 Duane Parkway,Deniseview,MA,97893,US
723a45b3-ed8b-49cf-8ceb-28ba512faf35,177271fe-c695-41d4-a4fc-909dd2c0d361,shipping,729 Kelly Drive Suite 928,Tracitown,MS,53150,US
7c80720a-3d14-4152-a147-10e643b5814d,12a83673-4c48-4076-9f5d-c555f2d8b645,shipping,062 Robert Canyon,Hernandezfort,NM,79537,US
ed56da6b-a0ea-4333-a1b6-f3184b4f3270,b9dd7ce8-7dad-4195-819f-5bdb8af8ce63,shipping,2978 Jackson Squares,South Joseph,WI,83042,US
9db46a30-1976-4119-8f7c-5ec79ddc9791,48b99c1d-7417-47e4-bf92-b625eef5bf43,shipping,95724 John Cliffs Apt. 551,Pattersonshire,ND,57817,US
c52d2534-1d1c-4d00-aeb5-80ec73fed1c6,b1faf56b-98bd-473a-a923-ee976cbf3d8e,shipping,906 Ellis Stream,Teresaberg,OH,65117,US
e7333f15-950a-482e-a318-2626e05b8740,b1faf56b-98bd-473a-a923-ee976cbf3d8e,billing,5021 Gibson Isle Suite 260,Kristenside,PA,12930,US
e822db18-9bc6-4b4f-8464-5d1bf6af42d7,0519fc26-20dd-4289-b8ce-b929f1db85ce,shipping,158 Martinez Spring Apt. 512,North Katherine,PA,77171,US
f69e9744-d5a9-4d9f-82b7-0475866815c3,9b6b3e4b-3b39-448d-bcab-89d67b0060e0,shipping,2280 Cynthia Wall,New Selena,MS,31298,US
e82caf68-0140-45b2-86a1-669ca3bb9721,91e310a6-0576-49a7-b12d-9cf69392f31c,shipping,18080 Bonnie Burg,Herringborough,RI,01062,US
00c9b744-50f4-4130-811a-1d15474107e9,91e310a6-0576-49a7-b12d-9cf69392f31c,billing,7684 Timothy Keys,Zacharybury,KS,99842,US
3a453e20-386e-484c-94aa-957d9ef7c2ea,053b8a13-6df9-450d-b9b9-c670e1cc938e,shipping,008 Mary Drive Suite 253,Dominguezberg,AR,68699,US
9392f3f0-2d9c-425e-ac36-4d54cce44353,4d10f681-c19e-4aeb-a721-24622550d23b,shipping,14201 Richard Port,Oscarport,NE,83826,US
3da6e87a-ed84-4273-9380-ba44f8fa8fc9,f37f678d-540f-4a77-8ea5-447bc09b2e63,shipping,9634 Smith Club Apt. 683,Davidville,WA,88246,US
3cbbcd32-4c3e-48d2-a993-a122f8a6d4c0,19cbf0bf-a524-445c-9324-3042603caa51,shipping,855 Fields Circles,Fullerfurt,GA,11301,US
5a7aa875-0484-4afa-84c9-b24a0c43b47c,1a24025f-6982-407f-8ede-8f6d4ad81148,shipping,44747 Nelson Burgs,Port Lisatown,SC,95646,US
6324a836-aa35-44bd-ac51-2aeac3cfd3da,ecfd444f-97e3-41ed-82c1-821c0236a417,shipping,3604 Charles Cape Apt. 582,Parkershire,MD,33920,US
c0fea40c-58a3-44a4-bb03-0e403fc6f0a7,f6c3f2a5-d803-4bb1-bd93-2b497630d3a8,shipping,93670 Rogers Ports,New Kyleton,CT,53319,US
3adae9ed-82aa-4fd5-b0eb-b8e49ef88d71,74616bad-72bb-426c-80c2-52169282a5a1,shipping,4562 Flores Crossroad Suite 498,Jeremyshire,HI,59251,US
cd0447c7-470c-4e11-b536-f3537c3ed256,de724f53-de9b-417e-8ef1-14ba3951c4c6,shipping,02103 Watson Points Apt. 581,Lake Diana,NH,83665,US
95a1d0ad-ce3d-429f-9609-81165bb84b8c,6e834cd6-d3a4-4057-874f-45c71c0793fb,shipping,65987 Jessica Mountain Suite 666,South Pamela,VA,86862,US
49cad1bc-0c03-4af4-bf46-91d3e2da176a,f74590f5-1d5d-40ba-a6b3-0cbb28049070,shipping,89559 John Motorway Suite 487,East Meganmouth,MN,29365,US
4e57265c-91c3-4700-b0f7-6844b4f7e1b3,f74590f5-1d5d-40ba-a6b3-0cbb28049070,billing,6178 Todd Coves Suite 548,South Jeffreyton,VT,38050,US
21751e12-6d28-44d2-9eab-661831b8ab14,f918f0a3-4194-4a72-b491-aabccdfa6c22,shipping,452 Reynolds Light,Elizabethburgh,NC,61975,US
ea22f19f-1e71-4179-af36-65edad5e1b77,57644884-c80d-4189-a180-15a9db30dcf6,shipping,204 Gates Way Suite 973,Benjaminburgh,FM,37099,US
198ada22-dbe4-4fab-bcd9-30581b817031,71ce02c8-8530-4110-b6cc-65c5ba2477cd,shipping,019 Johnson Forks Suite 875,South Tylerburgh,WA,77996,US
9f98cd7d-ca27-4d3b-889e-f78d22d7682a,549f1dec-52e6-4f5d-807c-eda77ec84a80,shipping,31219 Peter Mills,New William,NH,11442,US
867bf6b8-a7b2-4a1f-b1f2-0ca3a6dfdea9,8a0cd4af-1869-4aac-b3db-27bd36c64ef5,shipping,775 Carly Throughway,Williamsmouth,SD,56362,US
f45cabb1-9f59-407b-9932-f8fbbce0df3a,4219d14b-4419-40ae-935f-5d59db0bc35f,shipping,285 Arroyo Viaduct Suite 988,Chandlerland,CO,86556,US
d04c01ab-77be-4dcb-8377-40d577a3c615,4219d14b-4419-40ae-935f-5d59db0bc35f,billing,40038 Jodi Dale,Lake Jennifer,MI,68288,US
0f9f2b52-52fc-4052-a551-ff6c201c8cce,f172f814-b219-4015-a125-5120fc0092fe,shipping,96043 Lynn Shores,Shawville,FM,52682,US
ae3f9f74-11bf-4c50-98b0-75f091b8cce1,e4235623-497c-4043-9614-e4bb646d1873,shipping,9907 Keith Hollow Suite 124,South Trevorstad,GU,58491,US
a13ed975-1037-4696-9690-279e80499f8e,e8c0f9c2-3f23-41b1-ba52-90b6b7130430,shipping,58222 Mcneil Glen Suite 137,Richardmouth,MH,22069,US
31a505ab-1e2d-45ff-8ee3-87aeafa5ede1,e8c0f9c2-3f23-41b1-ba52-90b6b7130430,billing,099 Martinez Lodge Suite 629,Foxborough,MD,79648,US
84c2e427-6ed0-4b3e-9c4d-7100096c5e00,de52907e-8761-4b32-b3f4-f8509c2b1377,shipping,698 Eric Roads Apt. 328,Lake Laura,MO,72116,US
84c8844d-8779-4eba-99d4-40ef2fbb6292,b376fc01-1a71-4dc0-a893-b6fb85885593,shipping,5443 Williams Circle,Petersmouth,MS,55905,US
6b23f22e-8837-458c-a47c-09181bf130d1,13282cdc-6639-4d2c-8cef-581d6f026819,shipping,721 Holmes Plains Suite 923,Pughtown,PA,11288,US
08a5302c-6363-45e1-a332-104b491f6bbf,97f7e010-4b51-4d5c-ba2e-f378a1c8d945,shipping,0001 Lynn Burgs Apt. 675,Lake Alfredland,TX,06828,US
02ee50b7-5b34-434d-9535-a7108f5fc58a,e999fb04-448e-43d8-a617-d1895e12f9d5,shipping,037 William Fort Suite 656,Robertstown,AS,07123,US
1bcd3550-c5ba-4a7e-95fb-fc393bbfed6e,6bdd8173-e938-4e56-90b6-cc43198ee74b,shipping,2515 Johnny Point Apt. 132,Frankberg,VT,48665,US
eff52301-ec57-4a5f-b5ee-f3d122aadb88,3eccdf64-e7ea-46bb-9a99-72ba58885398,shipping,2340 Gregory Well,Thompsonfurt,OR,77487,US
47570482-7601-4f9b-8041-8bc351187136,3eccdf64-e7ea-46bb-9a99-72ba58885398,billing,60049 Hartman Garden,Jasminemouth,VT,45046,US
a8246b5a-c22c-45f3-ba8b-cab7a3a0805e,8d7bd6de-bde0-4d32-a936-5eddf1455dd0,shipping,1434 Kendra Mills Suite 631,Ryanview,MI,51401,US
a132b2e3-f591-4621-9b9c-1f76326a18b4,6370cb07-1560-4283-9b67-3267c5221404,shipping,577 Scott Meadow,Jonesland,IA,29801,US
60fe8218-efdc-4259-a1de-0414604875b9,d14d9980-2666-4c49-affa-26c398ea42a6,shipping,94752 Herrera Mills Suite 893,Austinburgh,NY,62910,US
4a933e64-6705-46c5-a9b8-aff0755b2708,4bdb6dcd-0f05-4123-8bee-cae0fede8e4b,shipping,3943 Brian Avenue Apt. 420,Thomasberg,MD,14611,US
58051a52-7fda-4287-9ef3-dba7f4268d8e,f9458245-6e78-4532-a7e9-f6512c93ee40,shipping,9005 Grant Falls Suite 717,South Tonyaside,FL,73788,US
3d5138c7-3526-468d-89ce-573b3c9b84ed,dd3d8c48-4f3c-419f-8af9-0b5f1e5fdd10,shipping,283 Martin Mission Apt. 442,South Shaneview,MA,17037,US
71e034dc-cf5e-469c-a89c-9184be82a89e,b010ca51-642c-4786-8c62-8be48363a7d4,shipping,00688 Hogan Turnpike Suite 585,West Heatherberg,NC,95704,US
48607caf-8a05-42aa-bd2a-0cfda1633129,4e3d9302-ade2-4c89-8472-9586b0f13e91,shipping,023 Johnson Fords Apt. 146,New William,AL,46189,US
08f60a86-b0a5-4bf5-a032-44c6039483d7,4e3d9302-ade2-4c89-8472-9586b0f13e91,billing,39757 Christopher Land,West Michelleburgh,GU,08977,US
09692428-1b57-4134-8838-94c3078149f0,5e967a7a-e1de-4b2d-8f19-51501b4a5a2c,shipping,9503 Parker Manors,North Morganmouth,IN,10092,US
02f19ba9-5d40-4ef7-a63d-d9bb473ee857,6f8aacca-253c-4b9e-942a-bd74d0e5cae6,shipping,167 Smith Prairie,Williamview,OR,97658,US
b445d753-a566-4428-a69d-572cece4ff7b,f56b299d-f189-4c95-b14b-4730576f38c9,shipping,377 Anderson Corners,South Travisborough,NV,25038,US
0287cd44-1735-4b5f-ae87-5be0245a6d97,f4a1e168-cbee-4259-b089-738b61d93ffe,shipping,862 Cross Flats Apt. 124,New Angela,GA,12456,US
51d43df9-11c4-4c7d-90c2-7f0a1e266ad8,f4a1e168-cbee-4259-b089-738b61d93ffe,billing,317 Benton Dale Apt. 504,Lewismouth,AR,14280,US
311ca30b-94f3-4f67-8a4e-d44b22b45f36,c3eb1c13-0d7a-4e51-a52f-ad0fb666ead5,shipping,86945 Wiley Meadows,Markmouth,PR,42577,US
c8330e05-119d-4b86-ae5a-59a4f3367bb5,06bf6676-4d90-4ebd-aa63-24249eaae89a,shipping,8632 Victor Cape Suite 869,Benjaminborough,NH,37708,US
5cf158a6-a1bf-4a8f-9045-1f71aeb9cd16,06bf6676-4d90-4ebd-aa63-24249eaae89a,billing,0817 Michael Road Suite 379,Thomaschester,TX,59529,US
73257f9b-cc3f-4b79-9440-52c586ab2c8d,6014c199-d898-49f5-8fff-54db2541142d,shipping,17888 Anderson Haven Apt. 363,Lake Maryview,MS,14723,US
921746f4-00b1-46a2-b78a-14255ff988b2,e7c57bd1-597b-4fb1-af92-3b56ac929c9b,shipping,52488 Victoria Alley,New Shelley,MT,65410,US
bb45ea99-f3ce-4051-b610-b61df4abdfa0,6f83289f-56bb-4742-8ee1-279ca48b97c1,shipping,7457 Cantrell Gateway,East Manuelfurt,CA,70342,US
19105a05-486e-4b6e-806a-f9b0a1744e61,d2503e3e-f67f-4b9e-bb37-e2cb9054ff1d,shipping,1129 Theresa Village Apt. 948,Michaelside,GU,85738,US
d3b70333-1190-475a-9760-cbea16c43860,8e58ad10-209c-4e18-bd73-bd1ef276d4a2,shipping,183 Burton Loop Apt. 247,Wardshire,SC,98641,US
ab2a0db4-2e90-4810-bcba-07a0c5431f54,91cd6c6d-de10-4283-9d19-06833f5c44d5,shipping,8176 Simmons Parks,Fryside,TN,32893,US
040a7866-5e0b-49c7-bc62-5e3db87a138f,7e5f64d6-d658-477f-8aec-637276450287,shipping,2113 Woodard Meadow,South Rachel,SD,46960,US
5f70dc97-3e45-4dbd-aaad-0cd6cf8898d7,b4e5f4a9-7bff-4e81-aed7-1b7929863b03,shipping,21040 Michael Pines,Lake Matthew,DC,15317,US
d8f793b2-3402-4b97-9ca3-77b48430f8ee,55b32681-f539-4590-9ba6-09dd429f9938,shipping,895 Pierce Wells Suite 868,Ericaville,VI,74050,US
75e5b02f-87de-4275-a381-60057ddeb95d,f1779a9e-a50f-41f8-b29b-3556ffde822c,shipping,746 Jones Via Apt. 893,Bishopview,SC,33022,US
ef9a5f9b-4d59-4cd2-9899-69c6352f5a96,f50c1bbf-717f-4e99-aa63-8507ddda7114,shipping,0271 David Shore Suite 883,Mannmouth,MS,83755,US
69044981-cc6c-4d1b-aded-ad6680505a50,4d3754e4-0c70-492a-a810-d31cad47aa97,shipping,70459 Joseph Freeway Suite 838,Port Matthewton,UT,45604,US
6fa56409-c849-4b31-a296-8bea2dcde807,4d3754e4-0c70-492a-a810-d31cad47aa97,billing,030 Aaron Tunnel,Waltonfort,AZ,47450,US
3937730e-03f5-46c1-8ea7-eb69cb11c7c7,e2cbd431-458b-4bc4-b6c0-d33f15c0bbfc,shipping,620 Todd Station,West Jonathan,ND,60846,US
82f24167-db21-41dd-88f7-378870d06793,2b03aa87-1332-4053-b2c5-bef53aa5a67d,shipping,5761 Ellis Rest,East Cynthiachester,TX,66096,US
7ab827fe-1564-4d0c-a4fd-c696e366023c,32a53e75-4fdf-4689-b161-7825963b1478,shipping,65264 Ramos Spring,Lake Kristy,KY,20692,US
6eb35dea-bd32-4965-80b4-309f5916b411,3a0ecf9b-a2c1-4069-b35b-645e002e8a84,shipping,98018 Hudson Underpass,Floresside,IL,82366,US
214ceca4-8380-4196-9ff4-4a9a9ab31fa1,4813e1d4-5d5c-4608-930a-fb8319d26a41,shipping,91964 Priscilla Path Suite 280,Atkinsonland,MO,71495,US
9fdc7181-72d2-4e15-9037-988dc8092400,70035e17-31ab-4673-b72e-60fc733ae8a1,shipping,8568 Miller Coves,Stonechester,MN,35140,US
23c8e0e6-a8fd-4ede-93ca-2fc9dfa83764,95a1bb94-8f04-42ae-9ac5-edb68b73e0c8,shipping,6802 Mckee Viaduct Apt. 137,Smithburgh,NY,17021,US
e3f5dc9c-1cf4-40bd-bf38-4183bb8c9652,2d8e5f45-50b0-4870-8247-5b90ea2d346b,shipping,595 Mathews Pike,Lake Garrett,NE,57997,US
393aa159-80eb-43f6-9e37-aec72bfba0e5,0b753f94-9a7a-4415-ad0d-3ed75a366254,shipping,427 Jaime Junctions,Jeanneburgh,OH,76688,US
e8b6d4fc-ff8b-41d7-8b09-6c9ae86932a5,86d4c12b-bfe0-4c51-93d8-1b7bae9d41c0,shipping,65601 Lisa Crest,North Tiffany,AR,35102,US
1e1a256c-0aa5-48cf-9ed4-41e8a529873e,d2b22254-13d1-43db-aaa0-a40f821791b5,shipping,31033 Larry Ridge Apt. 913,West Brittneyfort,ID,42242,US
c4307a24-b5ec-4bcd-a229-1b3940e10f5c,d2b22254-13d1-43db-aaa0-a40f821791b5,billing,7163 Bowman Burgs,Lake Troy,GA,50028,US
7c6e51dd-bb79-4410-b29e-94f9d5d5257c,a8986f78-4fe3-4c14-83e3-e48c3ae6213f,shipping,581 Harris Square,Hollandtown,SD,31168,US
e0cc1d2d-5613-422d-baf4-b4573115690e,e9e80783-b125-4711-b79b-63c2b944e565,shipping,86068 Brown Unions Suite 388,Nicholasborough,NJ,70372,US
80648d4e-be9b-437b-9dc1-cc94263cf4ca,bee916ac-1da5-4452-bf8d-c987d4fc4c38,shipping,070 Joseph Key,North Carrie,MT,26220,US
4ecead47-241b-481d-bb9d-b872f12cde33,befe1358-f38d-49e9-84a4-1ca0cc3ed7f5,shipping,6465 Felicia Hill,East Adam,SD,44431,US
1316285a-5df1-4da5-85ac-2e6bcf6eb2e1,b919cfff-0d9d-4a51-b485-b01e3b123344,shipping,269 Brian Curve Apt. 765,Lake Gregoryborough,CA,07110,US
50a83ca9-8ad1-427f-9832-ece7dd0ca1c4,2fb55685-bab8-40fa-8840-64ae303619fb,shipping,12719 Nelson Junction Apt. 563,Mirandaborough,MA,42073,US
0c1d7fa5-9210-4524-a9e6-f661a6df5374,2fb55685-bab8-40fa-8840-64ae303619fb,billing,80897 Mcbride Junction Suite 803,Luisstad,MO,23963,US
1bf092c8-9902-41b1-bdea-a00f9ded1f8c,29b5726f-96ae-4695-b0ca-bcc36404e92d,shipping,793 Johnston Bypass Apt. 288,West Andrew,CO,68892,US
86917e9c-d56d-4006-808c-562d274c3f79,1d2db7de-6d65-46ff-9a24-661f2bc9b562,shipping,11996 Timothy Wells,Port Heather,OH,87099,US
82895def-522f-43cd-bc65-8bcc2bf77445,1d2db7de-6d65-46ff-9a24-661f2bc9b562,billing,3202 Mark Ville Suite 700,Juliemouth,TN,44902,US
5bbf49a4-7be1-4758-a240-6eecad2aec25,f7c3d3ca-d3f7-4ee8-80b6-bcb009835446,shipping,91337 Russell Ferry Suite 452,East Mark,DE,28012,US
cfdc1db5-03e3-44aa-bced-36b5af986ab0,5c4f7499-7027-4a63-9189-92cc182b9209,shipping,598 Chen Inlet Apt. 521,North Amanda,RI,07507,US
63500f23-2011-4ce3-b8cc-dc83c5301508,14f675f1-5c22-48b7-b6f8-9fb75cdba6c7,shipping,273 Gene Junction Apt. 202,East Cheyennehaven,SC,49430,US
c7ee2787-ea47-464c-843c-b3cfdf66735f,f15e759d-f40d-482d-9395-27494cf55d81,shipping,7665 Allison Estates,Harpertown,TX,70278,US
4580605f-3d9e-46fb-9719-cc09b5e8abe4,f15e759d-f40d-482d-9395-27494cf55d81,billing,3452 Bates Knolls,South Lauratown,SD,84598,US
122b491d-8e0c-4bba-826e-bf9e574559a2,3e3934e0-c5b2-4b51-8a79-65d4f218ddb2,shipping,85711 Jacob Unions Suite 726,South Rebeccaborough,MA,88732,US
99c59c71-e5f3-43cf-ada1-969564762bb4,3e3934e0-c5b2-4b51-8a79-65d4f218ddb2,billing,3505 Nicole Parkway Apt. 361,East Eric,UT,23615,US
7291a115-70ee-4349-bb2e-63ce9005ad53,1bda472b-44ce-4455-8382-b72625de9b88,shipping,297 Perez Park,Alexandriamouth,IN,96099,US
26c42235-0b7d-4b3b-a5b5-80b23b448ba5,dd70170f-3cd7-44c1-a40b-ccc47a471104,shipping,8345 Dominguez Lock,East Lauraland,GA,65283,US
4a618be7-4f28-491b-85c2-5477ab498cc8,74f84562-9fcc-410f-87c9-7ef29a7a2e5b,shipping,134 Sharon Estate,Port Miranda,IN,20916,US
47f42a69-f8bf-405c-8a3b-6571667f2787,bbf2acc4-244f-467c-9334-c78775e72692,shipping,4758 Travis Brook Suite 417,Nathanhaven,IA,96781,US
3ebe6602-3333-4c35-b2d4-f89be2afd721,afc34098-0d04-41c9-b445-4d99572a5922,shipping,599 Carter Parkway Apt. 972,East Sarah,MA,49393,US
96b3bc22-c837-45ac-8c48-e70e06d32d20,38f4ae12-3419-4bc5-9919-95fd64b22fed,shipping,1822 David Village Suite 994,Lorifort,AK,76819,US
422869d1-2301-42d7-b150-7fb4a615d3bc,025ba4b5-623d-42e6-a698-a3f0f06b304c,shipping,18813 Rivas Ridges,Cynthiashire,AR,36501,US
38d47112-ff9e-4146-89f1-9ec8b0200497,80aa653f-5382-4f09-8a39-92668c09fbaa,shipping,7241 Andrea Turnpike Suite 977,Charlesland,GA,01803,US
1a9b1e29-80cc-47c2-9280-2d565b96077f,80aa653f-5382-4f09-8a39-92668c09fbaa,billing,76919 Sosa Points,Port Patrick,PR,46584,US
7e5827be-891a-4873-97bd-fdab1d65d67e,c10e5804-1988-4061-b72d-5168badccdce,shipping,8666 Melissa Park Suite 331,Leonardton,NV,41049,US
8becc2b0-ef91-4ae7-8b62-9bffda075688,413ae613-6942-47a2-a50f-b8d793da0b95,shipping,4868 Sandra Walks Apt. 193,Andrewburgh,UT,07618,US
e46bbf7d-5d82-4283-8d83-6615c2e98681,8bed5daa-59c4-4082-9ada-5acbe12234b4,shipping,4151 Simmons Neck Suite 164,East Regina,CT,55202,US
463d3fbc-7c4a-4469-809a-259e7050ccc9,8bed5daa-59c4-4082-9ada-5acbe12234b4,billing,3155 Joseph Drive Apt. 843,Port Karen,NM,27780,US
b515bbb9-b591-4a25-bfd5-bf836f0ef922,3a1eaa63-f5cf-4207-9cb5-f03105869229,shipping,8009 Knight Roads,Jacksonberg,UT,49769,US
c419cde3-e776-4fe1-8792-b1b146fd0149,3a1eaa63-f5cf-4207-9cb5-f03105869229,billing,704 Young Locks Suite 123,Maryfort,AL,50734,US
2a67238f-b720-4d3e-a722-dcea4996e6b7,0e2fe95d-d7ee-41af-822f-20bff00d59db,shipping,61618 Russo Island Suite 245,Port Richardstad,NE,29460,US
7e4f2b2c-7995-46e2-ab97-c079bca595f0,0e2fe95d-d7ee-41af-822f-20bff00d59db,billing,8922 Margaret Fort Suite 981,Jensenburgh,FL,66405,US
d76cbf9c-f7f2-4174-a98d-2eee82a57318,f9c28032-68f5-4d3e-9a22-6b09199eea7f,shipping,8582 Natasha Lane Suite 378,Jimenezmouth,IA,31427,US
4156a73c-154e-4833-b76d-bdc227de5ec3,6f486726-35eb-4d78-b811-0430e5ae710c,shipping,55452 Barbara Forges Suite 234,Lauraview,ND,04948,US
826f918b-2c73-44e1-8557-2935033cdad5,ca660e59-fa59-4fc5-b3c7-31f7623db7d4,shipping,68687 Felicia Ramp,Alexandermouth,PW,34146,US
ae4cb8ad-4864-4bb5-a8a0-aa9858554790,3e4ed304-d7f5-476b-986b-f2099d8b741c,shipping,59690 Kristy Courts Suite 898,North Suzannemouth,AS,89913,US
7ac6cbf7-8006-4937-9564-c7072ecbbd12,87e489b6-7a1f-4020-963c-06047b2ca04f,shipping,32493 Karen Ridges,South Kenneth,CT,59386,US
7ccb6512-e197-4b58-b8f2-6c4d3c973498,4917d5c3-c507-44c7-a96e-61579ef822d7,shipping,299 Miller Village Apt. 547,Stephanieberg,PA,11017,US
37226320-4886-4455-a84d-2021e3f75939,b72b7636-1088-4e8b-88d6-0cfe84559fe5,shipping,935 Knight Summit Apt. 989,Port Rhonda,NH,69942,US
0e1422f9-0d8c-4f73-a9d3-755a7484da62,18b77ee0-ba5c-4af5-8be4-4c76e93a955f,shipping,6723 Melanie Skyway Suite 428,Sextonport,NV,42639,US
b66d249f-6031-404c-b43f-31a4c2762b24,1064384f-7e87-4da7-83f0-c5d7511c7a98,shipping,4142 Lopez Shore,Port Sarafurt,NJ,84988,US
656705eb-d9b9-4662-9b00-94468ddc1827,6a0ff55c-e618-4e9a-a5e7-b12786e2c117,shipping,7892 Davis Trafficway Suite 155,West Johnfurt,AR,74339,US
f4ee3784-b97c-4948-800a-0e8e81537ba9,d1b3fb41-3b9b-44fb-b211-a3723fd009a2,shipping,37160 Rogers Dam Suite 930,Vegaside,MP,67120,US
50fd903e-d186-4789-8af1-afddd3d7ab57,d1b3fb41-3b9b-44fb-b211-a3723fd009a2,billing,2032 Kelley Falls Suite 910,North Justinmouth,FM,99782,US
15e28e8c-0466-45ea-b81b-7bde33ae9979,36faa128-16aa-420e-80dc-a0f225e56226,shipping,18997 Zachary Ferry,West Peterchester,AR,93484,US
6d57ecd2-0672-47d4-9479-f6cd62a3e054,4e4209c1-11e3-4783-a9b6-ea070a05b590,shipping,9568 Alexandra Courts,West Joseview,IL,55215,US
7ca4ebe5-e07e-4c4c-b76a-f4be10daa4e0,b65ef017-f6fc-4723-8d66-621262c6e3d4,shipping,99115 Tracy Extensions,Austinmouth,HI,29647,US
31169e17-734b-4ec0-86fa-c6fb34d37818,eac8682f-5c10-4e66-9938-bc39d67f6817,shipping,01631 Ramirez Station,East Brentport,PA,68634,US
09fe7cd2-75ae-4a2f-b4fb-4b4bc4e6a1b6,1a276ccb-d062-441d-8971-dbaac783975b,shipping,075 Mark Square,Westville,NY,85634,US
a7394ea6-e02b-4048-a23f-d38304cf49a0,1a276ccb-d062-441d-8971-dbaac783975b,billing,783 Christian Shoal,New Ryan,KS,25809,US
2d4e35f4-646c-4670-a35b-6c057cdeeef2,e76523a1-13fc-4c11-8c98-25debc167b85,shipping,81621 Kline Lodge Apt. 531,North Anitaland,MI,10999,US
deca247f-a899-4a08-835d-33cd490c1469,7c56804c-4918-48f6-bc26-f91f43d15bb4,shipping,613 Jones Spurs Apt. 258,Lake Michelle,AR,67455,US
8fe9bc44-5068-4e46-afda-1bb3f0d8f7e3,c8b83d9a-ea6d-470c-81a7-b3a67d557f5f,shipping,43872 Nunez Village,Kimberlyborough,GU,67762,US
5a1adc1e-e8a5-4882-b1b9-94e4b5ca463f,7efd1ff7-8f10-44f9-8e30-6e7d4b349bd4,shipping,8233 Steve Junction Apt. 717,Suttonshire,PR,17434,US
f8d5af0a-83ab-4e36-8eba-a00daa2bdd58,e2212785-8df4-4bd2-a320-d3cca5cba668,shipping,10598 Vincent Causeway,Hillburgh,GA,89121,US
2104edc9-e587-4fea-a27c-afc908d7c021,a2487834-cc29-4de5-9a09-3d43c3692d34,shipping,122 Osborn Drive Suite 722,Sparksborough,AL,27717,US
ffd77606-c3ea-4077-99d7-42c0f2fa3045,6851fa05-9eab-40c4-b367-123f659864b2,shipping,1776 Elizabeth Run,Hayleyfort,TN,10882,US
616dc67b-6bfb-4ec0-931c-f38f1723c5fb,f2563969-cd81-4646-9be3-c09939710ac8,shipping,74162 Hall Light Suite 103,New Mark,RI,24061,US
5e91d777-2207-4c78-afa0-ee556ed67388,9fbaf494-26d4-472c-b77b-35dfedb5309d,shipping,6932 Brandon Lake Apt. 413,New Mikayla,AS,05428,US
7dd14dbe-0ff9-41c1-966d-8fb8bb238292,9fbaf494-26d4-472c-b77b-35dfedb5309d,billing,880 Taylor Curve Apt. 299,Nathanhaven,KS,94364,US
daef297d-fc58-49d9-841a-c4c2b0c084c7,911c38f8-af7a-467e-98b2-e75f3920c914,shipping,34655 Johnson Locks,West Dominiqueshire,HI,59809,US
a72edd51-105e-4ddd-96cb-063024c69032,440eba10-d79c-4e85-a818-83fba206e30a,shipping,89542 Ortiz Points Suite 989,South Nataliebury,AL,08588,US
69238c95-fe3f-4ed0-90e9-926ec7db3d65,440eba10-d79c-4e85-a818-83fba206e30a,billing,9111 Matthew Burg Suite 503,Port Adam,SC,50058,US
35541f37-bac8-4e27-9f86-5e2449a115d0,12e573b3-ec82-4435-a640-00117cb5e1ec,shipping,44477 Alex Run Suite 461,Port Robertside,SC,58076,US
ca3638ce-3dc5-476f-abb4-12e63630f626,ac5ca91b-77fe-44ab-aaaa-5b5b1a7572aa,shipping,169 Melissa Harbor,Lake Rachelborough,IL,80198,US
4187abfa-e8ee-4c9a-b127-17a5271e67d1,ac5ca91b-77fe-44ab-aaaa-5b5b1a7572aa,billing,5197 Johnson Fork,Jonesmouth,WA,35937,US
040afe09-ef85-473c-a26a-3de0c380c20b,9528b0dc-b201-41f6-a097-92e4681f2dd3,shipping,680 Wright Village Suite 811,North Michael,MI,65583,US
964fb4e4-9f1e-4f20-89d2-dfd0c419c757,14aae8fb-cf15-4a9b-9d35-0fcfad9f4664,shipping,57712 Louis Tunnel,Port Bethany,OK,13559,US
b273ac9a-7f2c-4c35-a442-08c3ea2c2f8c,8d38a134-ac72-4b2b-b74c-fc5becc0a3ea,shipping,200 Maria Ranch,East Isaacberg,AS,53413,US
8792c227-b386-413b-a2ca-7e60bcaee3f1,61913118-e306-4219-b9e8-aea0ce9f8cdb,shipping,67866 Andrew Walk Suite 275,Rogerfort,TN,26627,US
0b8b4734-8587-4969-8320-e1b22f2a5471,e7bcb421-9f51-4bb4-8fec-4f88382e4e05,shipping,3136 Patterson Meadow,West Amyshire,ID,71621,US
63ca3922-6509-4edd-8c43-3355d77ff732,179f11f2-4f12-4961-8572-519b03cb6d8b,shipping,71203 Martin Court Apt. 735,West Amandaburgh,ME,73385,US
774e653f-3199-4e5e-97f6-b28a4f3ecf24,a80a030c-7ca8-4e98-ad1d-b2012b07145d,shipping,144 Wilson Spring Apt. 167,East Jamesborough,SD,20556,US
9458d6bc-1728-41e2-bc05-401186e47374,fdcac454-a1d4-4ce9-a3c7-1a2771d05bb3,shipping,7987 Thomas Track,Contrerasfort,SD,53042,US
5be3ce92-b7e2-4794-acff-146a950152d8,9491442c-c67b-4fe8-ace0-0ba2c54f1fa0,shipping,9670 Reyes Mountain,Lake Courtneyport,TX,19733,US
13b51a36-09d9-468c-b6bd-2897679127c4,9a877f7d-0bda-4eba-a057-1a2ef9036039,shipping,301 Megan Parkways Suite 483,Port Mark,HI,64906,US
0df5b399-27df-4c4e-b5fc-455641c504df,9a877f7d-0bda-4eba-a057-1a2ef9036039,billing,203 Davis Canyon Apt. 438,Medinafurt,KS,80119,US
d1c88187-e297-4137-8848-534306b3e8d5,b2f4f6cc-9753-4289-8e28-fd6b120eba07,shipping,413 John Dale,South Kristinside,AL,92081,US
28adffa1-6302-486d-9e90-b81eed83e03c,ae194a07-29a0-44be-be71-82881aeff47e,shipping,8487 John Junction,Debbiebury,MO,81912,US
809fcfb7-5a24-48bb-b892-3e7cd2be2412,8e50476d-2fe0-4017-8754-f2f08f7ba389,shipping,417 Carl Ramp,Wrightberg,NE,63912,US
d1505ca4-0a1e-4b6d-b51b-3ba3e078eeaa,8e50476d-2fe0-4017-8754-f2f08f7ba389,billing,90426 Glover Springs,East Josestad,VI,65278,US
fae4f846-7f97-456d-9431-488b1f563a22,d57b471a-9bff-4d31-a6fc-6434456d9e79,shipping,49180 Dustin Square,West Susan,ID,35971,US
9c0c4897-e3c7-4152-8732-6686791327b5,b29b2ae5-79cc-4ef0-be3f-90bdfdc275cf,shipping,0969 Byrd Ways,East Thomas,AL,34525,US
8b017061-6940-4e68-80da-8cbb6ceed06b,b129bec5-ecfe-4f6f-b273-2a9ca4305462,shipping,037 Neal Square Suite 040,New Graceport,NV,54467,US
66a5917a-c565-4752-a93d-dbe297bc755f,e4e46420-4c6e-4f53-9694-c77e7b59dc58,shipping,96276 Virginia Ferry Suite 288,Meganbury,WI,26761,US
e70715b5-a70a-4101-a1ad-b83a464b180b,53edf58e-155e-4c1a-b558-c0cda1706cd5,shipping,8251 Kevin Forest,Annfort,MA,44544,US
1f6dd4ee-351b-4821-b9c7-9c56fca68a9a,7f15cc21-ee47-47f9-801f-56b9a00d1662,shipping,80189 Samantha Lodge Suite 624,Jessicafort,NV,27734,US
30fa962f-b663-47aa-be25-1c28616bf334,2f171211-9915-429c-b646-82a56ab19632,shipping,716 Courtney Forges Apt. 419,Milesshire,NC,03954,US
1a12cb48-1d91-4695-839e-3113d708d27d,56191b44-ce79-4f8c-813c-0ca0f9db587e,shipping,67901 Adkins Trail,Danielton,MD,36393,US
1fc75046-70ab-497e-8706-1a362c5fa59d,ff77ada4-9876-414e-9ed7-aba8237199f1,shipping,659 Sarah Cliff Suite 913,Port Carlosfort,MO,10824,US
260f10ae-dd4f-4f3b-a82b-5512ee754176,ff77ada4-9876-414e-9ed7-aba8237199f1,billing,332 Serrano Station,Jonathanhaven,MS,29930,US
8e1d5b16-ef58-4d2e-a454-dfbf956abd6e,7d5415d5-8625-4fc3-ac00-511642e326d0,shipping,8604 Edward Point,Williamshaven,CT,60879,US
6785488f-fc1c-4b73-bd36-ba910bc875e0,19afdfc9-cefd-4a3c-8fcf-f568a7978269,shipping,50923 Diane Parks,East Billy,DC,25966,US
252b12b7-3938-474c-9e57-9489172e8897,19afdfc9-cefd-4a3c-8fcf-f568a7978269,billing,4302 David Trafficway Apt. 557,South Judy,CA,36283,US
b5e61463-eb23-4e98-9e72-b9f416c479d8,71385711-c36d-4ba2-b5ff-7c72e52314be,shipping,966 Gardner Ways Apt. 124,Lopezland,MO,84218,US
516de43c-9d92-48fd-9a1c-dfb10ee34711,71385711-c36d-4ba2-b5ff-7c72e52314be,billing,4487 Belinda Brooks,Josephchester,CO,38362,US
da88f085-6003-4778-9eea-6b69d31217fc,6d46bf6c-05a3-4f9c-8888-9f582795f955,shipping,1536 Tate Throughway Suite 841,Whiteheadbury,NM,96421,US
a0c5cdc5-bae6-46ac-92b6-8ef5b5a64bc0,373746c6-fb50-480d-bf30-d8aa609fe7f6,shipping,105 James Trail,New Brandon,OH,29403,US
fbfff6ca-9869-4057-82ad-a998b18f61de,24d83731-4811-4f81-97e5-4ee8c4f85e61,shipping,8191 Kim Square Suite 200,South Shawnborough,ID,47908,US
cb2866f0-2639-497b-9b59-b52cf4cd8b8d,57c0faba-348a-4410-a724-2601bccd08b2,shipping,31736 Clark Extensions Apt. 214,Kyleland,OR,38686,US
3b797509-8803-4fbd-b722-0df40fb39170,0e787821-85e0-47ed-a36f-737c20056028,shipping,4941 Snyder Drive Suite 825,Port Sarahshire,MO,15164,US
43345c9e-3296-4ac3-b71b-0453e6102cb0,f9a7b5d4-db7c-4a6b-8e9d-4050cca077ab,shipping,27227 Kennedy Dale Suite 417,Lindsayton,KS,19365,US
a53cdc4c-0b98-4589-bdfd-69151b1474c8,526e3138-bfe4-4e7c-b567-b8655e054707,shipping,3116 Lloyd Streets,Mariaborough,AR,76387,US
5b4dbf81-0b70-48d9-ab0f-cb68009d7886,7d30580f-dadd-4f92-beb7-4969852e064d,shipping,7713 Kimberly Stream,Williamschester,WA,13569,US
698fef07-640e-467a-a3f3-8cb2dd549cff,47ea41cb-31e6-425d-951e-350e08b92e1e,shipping,925 Payne Lake,Angelatown,SD,17213,US
067e9b8e-a4f7-4015-927d-8d6c7bc24977,44c005b1-0d88-4d46-aa9f-adba7133b191,shipping,23219 Amy Viaduct Apt. 457,East Christopher,MT,71357,US
690759ba-349a-4644-ae5e-44c39f3af965,44c005b1-0d88-4d46-aa9f-adba7133b191,billing,1595 Karen Cove,Jamesstad,ND,18545,US
cca04102-41d9-4ac1-9d62-8656f036dea4,19407fd4-7962-4a7f-9467-242cbae26e26,shipping,38438 Pamela Curve Apt. 771,Lake Dominiquebury,VI,94688,US
165987f4-0b6a-41dc-bc55-f316d84efee5,b7c480a0-6267-4623-93a3-0e245294bb82,shipping,857 Zachary Parkway,Melissaville,AR,93654,US
f7ad08e6-d8b9-4a5a-afa1-2d2c502e80bb,e8ca05a2-180c-4d17-8cff-10922175f03a,shipping,40496 Huerta Forks,Paulaborough,WY,73216,US
49076d6f-1c0e-4fd3-a6ff-6386f89aeba6,d3c7a4b1-fa2d-485a-831d-3a32e0b03f13,shipping,7373 Mendez Summit,Hoffmanport,IL,96088,US
50738201-66ec-4201-a191-a9789a28e66b,c3365ce1-0e05-4af9-addc-7c5becdf8447,shipping,96855 Drake Via,Jonesshire,TX,04769,US
fd2d3278-66d8-4bcc-9b1b-d94be6c4ee2e,7cf6d89b-ab0c-4a4a-a567-c8098932cf1e,shipping,6252 Dominic Islands,Michaelmouth,IN,78020,US
c448c96f-ec8e-4e29-8446-9d3c3c39207e,2307d491-fbbf-4e08-8878-e8a0b6cf8d31,shipping,4020 Brown Street,Amandastad,DE,49735,US
0461bc73-be94-4727-b5fd-892b37c17c69,867192d9-8ddc-4329-b88f-ed04e570cc26,shipping,0202 Jared Land,East Mallory,WI,50865,US
b732ee35-3af1-4c3d-be80-388d0b2f2922,8da428db-9bc9-4b66-bddd-cb3f3d9d73c7,shipping,849 Marshall Lakes,Port David,VT,29871,US
13c87956-052f-4556-83a9-6282cdd602c0,cb7b7a49-ac4e-4f1e-8503-f62cfb8a9274,shipping,9494 Patrick Shoal,South Travis,OK,72228,US
bb2be91a-4bc2-448e-a579-c8f974422045,cb7b7a49-ac4e-4f1e-8503-f62cfb8a9274,billing,93475 Collins Fork,Scottborough,UT,22618,US
374c6d84-f9f4-4129-beb8-bd34ddf5baaa,4708f50c-87c8-487c-beb8-f95108ab9539,shipping,16339 Ashley Fords,East Roger,SD,71434,US
d66f531f-9238-48b7-bbb8-e17fa8412387,c5ad957b-361e-4989-ba6e-1aa559c5616c,shipping,7723 Durham Forest,Port Kelly,KS,65199,US
1759b345-c445-4eb4-b27a-4bf0b6f54cd5,6d956495-c8ab-423d-9cfb-1c69f71fe35c,shipping,0984 Fitzpatrick Fields,Stephenport,VI,08901,US
2780f494-229c-46e2-84b9-3b36104e5d28,6d956495-c8ab-423d-9cfb-1c69f71fe35c,billing,244 Bradley Point,Travistown,MN,09489,US
86627347-39ed-40f9-b7b6-5eea9c6165c2,e3fc0d55-c04d-4fe9-a91d-4c6b611224e3,shipping,4318 Paula Glen,East Walterport,OR,87719,US
f32ec274-371f-4a04-862d-12e6123e9a36,340224d4-40d2-40e3-b9aa-4fa2c4419b93,shipping,32353 Hayden Hill Apt. 681,Matthewhaven,FM,99180,US
763e280e-97b7-41bc-ab0b-ed0a49dcb87a,61ad2272-91eb-4768-97a8-abece09c1500,shipping,648 Nicole Harbor,Port Jonathan,MP,32337,US
075264c1-3e9c-4cce-969f-bde3d598f674,595469d8-4111-492a-b7f1-644a1f9aa278,shipping,05773 Clayton Landing,New Brian,RI,47967,US
c6edaa6d-e25e-4011-87b7-2c220c4f01e8,ed0e5f5b-a697-4995-905a-f03582087f95,shipping,6066 Smith Isle,Jennifertown,MD,55945,US
47e298e3-31b2-4cf1-9eff-f105696d1f59,ed0e5f5b-a697-4995-905a-f03582087f95,billing,886 Gutierrez Meadows Apt. 443,South Kari,VA,61141,US
22e9cc6b-69f0-4d72-a0ca-df3d6fbcd4f5,fc4050c4-fa52-4cf9-8037-e420c898b2ef,shipping,043 Ryan Common,Perryburgh,WI,37541,US
b267d4dd-770f-46bb-80a0-78f7ee4c3ad0,fc4050c4-fa52-4cf9-8037-e420c898b2ef,billing,25349 Peter Islands Suite 326,East Garrettport,AK,17741,US
f0758f38-bdec-414f-8240-053cc5ff390a,12bb5e07-d39a-4908-9a9d-4971556d6ecf,shipping,65573 Kelly Mill Suite 263,West Matthewbury,VT,04018,US
0272a5e0-da3b-4651-874b-8c1423637cdd,d3b205e5-09ab-4566-a888-d10855d4ce72,shipping,3666 Peggy Villages,Port Adamview,LA,75575,US
e9c875e5-006e-4ba4-bc95-a0dd6ae3a961,bba0376e-44ba-4d82-aeb6-487533f16c80,shipping,5612 Thomas Fork Suite 959,New Gina,TX,67140,US
6abf154a-e8b7-43ac-b58d-23cbdbe9ca0b,e4e88a52-a6e8-4c97-b78f-346048e98bfd,shipping,06069 Jonathan Rapids,East Kimberly,WA,40445,US
0ebbb666-f258-485c-8fe9-4082a7ebe48c,961c76cd-6394-4586-aabb-ea46b653ee48,shipping,18767 Shannon Inlet,South Debraview,GU,76959,US
94b277fc-42a3-4eff-b5be-6ba289ad490e,25156cfc-d1b3-4f69-9376-22c3cdd12f38,shipping,38031 Theodore Underpass Suite 971,Torresborough,NC,28429,US
9b5d99f4-7d58-47b8-9aa6-9ed6db355fe9,25156cfc-d1b3-4f69-9376-22c3cdd12f38,billing,0957 Martin Creek Suite 191,Port Danielle,MI,39164,US
e69e443b-e516-40c8-8206-a85430ae5ac9,8d91d936-ce42-43df-8133-6853c6645117,shipping,43223 Benitez Forest,New Steven,WV,35114,US
9f13c33b-8b79-4365-bd79-55ce6d75557c,536d46e4-7059-400e-a309-7a55cf85d491,shipping,6768 Gabrielle Dam Apt. 098,Lake Jennifer,PA,48114,US
349579e5-16fb-4a8e-9548-eb1dd8244b54,536d46e4-7059-400e-a309-7a55cf85d491,billing,307 Ryan Orchard,Johnview,NV,83960,US
42cb8122-e282-4b03-bdb8-a00c15f39165,7baf3204-9885-4931-b81f-6a159b612a30,shipping,43721 Price Throughway Apt. 814,Jeffreyview,HI,77683,US
096860f5-9d0c-4c73-af96-628c22395db8,34560c46-2f85-4d19-bdf3-079b9fc477bd,shipping,15971 Daniel Burg,Nelsontown,IN,19611,US
7711d554-3c9a-4558-89d2-30b132c03ec1,883ce7c0-3078-4740-878e-74cceba7827d,shipping,241 Palmer Ridge,New Parker,MT,95212,US
9ba27782-8d12-46be-8539-c2e2fc5f4109,883ce7c0-3078-4740-878e-74cceba7827d,billing,5280 Hamilton Mill,East Markton,MP,15707,US
041ba06b-e104-4f91-86f4-04d21f052605,8029d6c4-ec3e-4f24-b1ad-630d3923a666,shipping,261 Brandy Groves Suite 314,New Crystalfort,OH,99452,US
cec42965-45d9-42bf-b515-876268c962b2,d90f9e05-1272-4481-8ba2-c15d6fb20346,shipping,4447 Carlson Summit,West Gregory,SD,23310,US
08ba7e3e-5e9f-47cc-8f82-59aba9e6694a,1b57b85e-e428-41fd-870f-5a852fb861a5,shipping,96125 Wiggins Flats Apt. 549,North Teresa,HI,14682,US
373c5848-6ed7-4486-b2ca-eba2062f52fe,55480eb0-8038-46d1-9e2b-ad972c4408fe,shipping,5959 Hoover Springs,Lisashire,IL,72765,US
25e27908-44a8-4f4b-ba65-85a885964ebb,55480eb0-8038-46d1-9e2b-ad972c4408fe,billing,770 Coleman Cliff Suite 811,New Jorge,OH,86823,US
004b8358-f077-4ccc-aef0-f5b3bfd3295f,c246c3a9-538e-4251-aa43-f837d64485ca,shipping,758 Justin Oval,North Alexstad,MS,46954,US
b6b7c29d-81c7-46cf-8283-0149001d38eb,6f327789-722f-4826-86a1-4f9a56af7c9f,shipping,709 Nguyen Forks Suite 162,South Peggy,ME,58388,US
5b1abce7-d248-447c-81f0-7fed89ca36ff,fe2c4e48-bfb5-4a73-8b70-a56b9c6f5777,shipping,81650 Moore Creek Suite 952,Brownshire,MI,32763,US
d5ad1fb4-ad4a-4b81-9dfb-0ff07212fd38,fd1a96a1-ae37-4380-a9e3-2d45bddcb9a7,shipping,246 Luke Causeway,North Emmaside,MH,77452,US
4a9d1695-8810-4be0-9da6-54f38dd4e75e,fd1a96a1-ae37-4380-a9e3-2d45bddcb9a7,billing,076 Melissa Villages Suite 903,North Crystalberg,NY,59293,US
704a088b-3664-4061-aa03-8859c648935d,aa644878-0725-4d29-ad8f-fedc8b937ca8,shipping,0193 Corey Trail Apt. 848,South Sarah,AR,73656,US
e79890e0-4100-47cb-803c-a5d36965fa23,27d70236-5777-4686-b7b0-61be577993af,shipping,5441 Robertson Views Apt. 969,Davisside,HI,95716,US
9380e79d-efd8-44ce-b1c2-a3f7bca225fe,a2cfbd64-6026-4929-b867-2b6cc6e61925,shipping,4935 Heather Spring,Williamborough,NH,35377,US
12a6d385-e311-408b-9b94-6b559c9ad35d,0740d584-e523-446a-8bb9-5d9f0a794a26,shipping,7287 Moreno Pass Apt. 830,Richardburgh,CT,96523,US
493c77b4-01d9-4f52-a316-148628f5f5ca,0740d584-e523-446a-8bb9-5d9f0a794a26,billing,863 Richard Mountain,South Reneeside,DE,23383,US
9ecc05a1-09b7-4a6e-920a-c2fc9f4a2f86,e41af0d9-459e-4e32-9c1c-a4620d3c12bd,shipping,87915 Madison Trafficway Apt. 088,North Josephburgh,CA,72780,US
e3442e92-5c6c-4d25-ad9c-82537ce74654,e41af0d9-459e-4e32-9c1c-a4620d3c12bd,billing,86769 Chapman Run Apt. 649,Beckermouth,IA,87312,US
a09ada3a-82f9-4311-a2c5-be6fd94fb4c8,450ff9e1-86f9-4ad7-94d3-4436d75782ba,shipping,542 Lisa Mews,East Edwin,OK,60877,US
35fb8783-94dd-431f-88e9-728b324d8029,5b79732b-5a37-43b8-8dc4-e95288781469,shipping,18076 Katherine Knolls,Lake Timothymouth,TN,75124,US
6f3845b0-c217-48ab-9733-4e75c9f54100,20c72d4e-6134-4cb6-9fa9-128b8ef710d1,shipping,883 Ramirez Cliff,Lake Ashley,AZ,31354,US
8a84d2e8-55af-49e9-bf3b-6f1eded67a1b,5f903a63-c854-4034-bdb6-1f3a9e672c37,shipping,4198 Jeffery Highway Suite 221,Markberg,AK,77984,US
5be38c63-adc6-4bf4-866a-791f4948ba3a,313ed623-a18d-4799-9ec0-338f3771ddf0,shipping,8527 Shannon Islands,Port Sarahstad,WY,20933,US
e4fea4b6-8336-4fa3-8d7a-9a8b25bea905,1ba0a6e9-91f5-4776-82fc-d7d4c3999628,shipping,06324 Hogan Rapid,Loribury,CA,13832,US
f2c35398-f8b6-4cfa-a8a4-dd0de423f104,b78b9ff8-063b-4a61-8860-7960348e4ada,shipping,31134 Rodriguez Prairie,South Andrewburgh,VA,99345,US
3d663ab7-79e8-4811-9690-b547749b85c1,da6512b7-d55a-4983-9d01-3f2068a6f322,shipping,45755 Bryan Track,Anthonyfurt,NE,32297,US
86836001-9d7e-40a5-b6f6-c74e6b4ce056,4592d39f-1e63-4e3c-b5d0-3862294d8fd9,shipping,26963 Walker Center Apt. 392,Moralesfort,NY,12626,US
05de26a6-d7e6-4705-99bb-68cd346b8193,a34c24e0-c819-4957-96f1-e6ecfeed7035,shipping,15358 Lisa Park,Andrewfurt,WI,28180,US
079840e7-668e-47db-9d20-7deefaaafc13,7d4e4c58-7c30-45f3-8ae9-8bbda161ad76,shipping,28493 Rita Harbors Suite 991,Dennisland,NC,57909,US
5bdf8517-25e5-4b45-8dc4-42583c10a821,8c01146e-48c4-4daf-ae9e-03d1920c9afc,shipping,20249 Edward Union Apt. 093,Lake Gregory,WV,78475,US
5dda8dc6-0b5f-465c-a503-63b4540ad3d5,3916aa22-3a78-49b2-bcd0-51424be659e5,shipping,812 Laura Camp Suite 938,Mooreton,DE,73862,US
4668b4e2-c051-455d-b72c-1890457dd592,6cb14f31-3967-4f7f-891d-95490f538225,shipping,40461 Martin Turnpike,Gonzalezmouth,NY,24992,US
49b93c6b-5087-4000-af60-57651c208788,f0704387-1a68-4799-b604-9c7e7173675c,shipping,867 Snyder Square,Jermaineborough,NC,15256,US
3d0190d0-0675-49b2-a473-d9221885a9a0,197acb5c-4f26-47df-b1df-c4cb6035fbc1,shipping,686 Wayne Fords,New Jasmine,IA,35681,US
5cbc87a9-cc8c-4191-849f-e8ddede42c25,b3418db3-1e2f-407b-ba7e-1d1810a010c3,shipping,53599 Crawford Summit Suite 000,Johnsonberg,PW,98204,US
16d10423-5e1f-483a-8038-ccb6164f5b38,6dd96f48-400a-41ad-8045-dfa2217065b8,shipping,2822 Bender Parks,Brianborough,WV,31223,US
cbaafcc0-a6ed-47ce-9c80-613c49cd89e9,e757acdb-2118-4e89-9f27-c5c9b0a0f061,shipping,6053 Johnson Groves Apt. 368,Gilbertborough,MH,92285,US
b2f612de-d36d-4424-848f-528152ad5873,6659b9a2-d3e3-44da-a708-c5ae650c6fff,shipping,4911 Rachel Ports,Christopherhaven,MT,55699,US
57d90dda-1740-4641-9489-98432766add5,b013ff9d-2291-494e-bc62-7c9531d362c6,shipping,35584 Robinson Land,Lake Amandaview,PR,25085,US
dae37357-9123-4778-9f4c-450ca013a422,9e6f0682-6526-4a7e-a174-f2cc6c19b645,shipping,7666 Contreras Islands,New Ginaburgh,ND,80609,US
9ac655f0-de16-4f0d-9158-b52a54873929,8631e20b-5362-4818-ab8c-187f0f5fc78d,shipping,940 Richard Throughway Suite 622,North Jamieview,CT,70423,US
091beb5e-7ece-4ca9-a566-bfaa23ba7648,372c900b-7538-4e86-b75c-cda7a702d2db,shipping,2664 Delgado Radial,Andersonport,AK,05289,US
7377163a-785d-42a1-a94c-f19a51121259,4c9aceb3-2422-4b39-950d-18cd362fddf3,shipping,95723 Fernandez Groves,East Pam,GA,40002,US
13b6f474-dca5-4156-9501-f300631ea7da,82ffe212-3f67-426a-90d9-3fab05d63a2e,shipping,60162 Crane Circle Suite 938,New Carla,LA,37868,US
6296a8f9-3e2d-4455-bd6d-f4b2bace5790,ecc987ef-a25f-4b3a-b6a6-fd52403ffbf1,shipping,804 Angela Pass,New Steve,ID,17482,US
7c6c3856-a540-4739-8f03-e193ec296be3,1a1fd97e-ec77-4c1b-a7df-9135f86151b5,shipping,7700 Hicks Course Suite 856,Lake Jennifer,FL,41105,US
a691b083-2d2d-4611-befa-b6e700710eb6,1a1fd97e-ec77-4c1b-a7df-9135f86151b5,billing,3327 Martin Brooks,Johnfort,MI,19803,US
ef3a2b3a-6679-48c7-852c-2f87b981bf2c,99c8a54d-fcbb-4408-be89-9e4b32b90394,shipping,9822 Franco Terrace,Blackwellside,OR,08857,US
2a2e71ed-7266-4198-903e-a9505a8618b7,c00f1030-f31a-4dbf-a634-18d02ce9ef65,shipping,4828 Steven Well Suite 024,West Lisa,MP,43384,US
225e1e11-16e1-4a04-b7e8-a56fdc801508,f1c17440-3a3a-49b9-a524-44c7cb049042,shipping,65168 Garcia Unions,Davidborough,CT,50162,US
7980e2ea-2bbe-4f4d-a01a-f2e9ab040943,282aeecf-358b-4475-8b44-f67112acbbc2,shipping,812 Levine Isle,Hornhaven,LA,71883,US
8a7cfa6b-7195-4cde-bf73-38bde46fc828,18455b63-060c-4fb3-a1ab-accbde703b75,shipping,8515 Garcia Divide,Reneemouth,ND,59265,US
086f5efb-78fc-4008-96c4-dd4514b450cc,4609975a-e444-490e-bd95-aa93a2cf40de,shipping,71505 Parker Manor Apt. 936,Mikechester,IL,25366,US
9767de88-e65f-4dc2-9c6b-1dbf9809ed07,b3199a22-1300-4824-bbd3-3d32a371e16d,shipping,3856 Roger Valley Apt. 728,Heatherside,VT,24612,US
2c43e570-ebb7-4a81-be0e-31fb5e3a436d,b08ab3b7-cde8-43aa-9345-487e8819387b,shipping,722 Jones Common,West Lauraville,WA,47691,US
32e1b64b-92c2-4d2d-8671-75605a77a3ed,51e848ef-7233-4d2f-85da-419469b28ac7,shipping,8722 Nelson Place,Omarberg,MT,11464,US
e342f1d8-68e2-489d-9a6e-380d55abd0ee,28b3ea66-1113-46aa-8a1a-e2906b9b9caa,shipping,486 Roberts Square Suite 620,East Erica,UT,76006,US
cf007ff5-6935-446e-9da4-01890d2075b8,7e23da99-6e8a-4a98-b7ef-2524b6273761,shipping,1515 Jamie Plains,West John,WV,07724,US
edfbaaa9-31c5-4eee-8b3c-e9a56560da0c,7e23da99-6e8a-4a98-b7ef-2524b6273761,billing,0627 Powers Center,North Misty,NM,58667,US
23f54b51-2496-4928-bd03-468d2057eb32,02ab7b2d-6305-4459-8ac5-b10508d5a880,shipping,985 Johnson Burg Apt. 997,Bakershire,OH,70742,US
325cb338-8dd6-471e-921b-ada671d03c24,a1f64b9b-3d97-4800-8433-94e41aea6fe1,shipping,9275 Richard Parks Suite 882,South Nancy,CT,26347,US
79abf48f-184c-4540-ab34-9359cc57074d,a1f64b9b-3d97-4800-8433-94e41aea6fe1,billing,97635 Griffin Meadow,North Robin,GA,50106,US
51e7e2e7-d790-4a53-a8ef-30e74a681b2e,1e719563-414c-4cd4-8748-5506d7139a9b,shipping,1469 Sean Drive,Pruitthaven,PR,86511,US
c859ee1b-d6a7-4014-afa1-12fd3b8258de,73bc1703-0fc7-4d19-9284-ee2c9db3b0c3,shipping,4579 Browning Harbor Apt. 194,North Dawn,AZ,45506,US
4af86009-2473-4812-87c0-348c193330d5,73bc1703-0fc7-4d19-9284-ee2c9db3b0c3,billing,000 Cisneros Underpass,Bakerside,AZ,70312,US
0fa21600-5c8b-450b-94ab-fabb092d815a,dec94404-f672-42b6-9d19-0a883b6133ae,shipping,1051 Stephen Orchard,East Timothy,IN,18444,US
f7a217b6-8a59-4e6e-bab1-3d3d22a498ae,9d75b2a3-bb21-4bb5-8ebe-73ba2c2b4400,shipping,45943 Rivera Point,Deanland,ID,60272,US
c1f4fbc1-43e6-4246-a813-91999e5f16d0,3ca79716-1e4c-4dad-b984-979a8de91916,shipping,31912 Kenneth Walk Apt. 447,South Jeanborough,MO,78392,US
f62ce107-13eb-4d1a-85e3-0a2dc44b265d,95d66076-9440-49e0-8278-d33f99732f10,shipping,69660 Wendy Union,South Gabriellefurt,NH,83947,US
eafdc4d6-2d4c-40c1-a527-286e57d19ed4,5f37d1aa-47d7-4084-8101-96a6d4ff5739,shipping,97909 Christine Pass,West Kyleton,GU,11816,US
368d22dd-5be8-4505-b9e8-0dc899ddd545,aea4e4d4-3eea-4352-9295-25d455d8b075,shipping,48067 Marshall Rest Apt. 017,Port Michealmouth,MA,51970,US
d67246c2-3aa4-4ce7-8314-d8ac2b9066c0,fd41f5f1-4f99-4bbd-b04b-d603de178a34,shipping,75244 Amy Forge,East Alexandriaburgh,GU,17017,US
418b6088-2c68-46dc-a3b8-66e893a0208c,03bcad22-4980-4a76-b898-19952a85445a,shipping,431 Kathryn Shoals Apt. 195,Alvaradochester,ID,93226,US
0fe8d9b0-398a-45a9-bdf9-ed5760c101ae,e58b953c-e765-4fd9-bca0-fe8fddcdac23,shipping,37437 Nicole Overpass Suite 119,Duanefurt,DC,53265,US
39202057-b60f-4c47-91ac-a95f939f5589,56f11bd3-0b23-4f30-b7d9-6042892f55ba,shipping,77495 Jessica Port Apt. 915,East Adrianaside,IL,39040,US
6ad01b73-e081-4ff2-9658-36575eb84f01,0738c807-ace8-4166-8e7b-5581a3988416,shipping,34488 Brooke Lane,Port Elizabethmouth,SC,22231,US
0baab0f3-0eac-49c2-b51b-4447c15738e3,dcc0b52b-042c-4d61-b2d0-901bf0738678,shipping,954 Joseph Lake Apt. 927,New Jasmine,KS,25141,US
21cfff8d-2586-4b66-ba35-a1db12a67e8c,ebcde355-2927-46ed-b396-32cc91534134,shipping,318 Jacqueline Locks,Robertmouth,FL,76115,US
567b58a5-57fe-4216-931f-2421f145442a,de2690e2-1ab4-4bb2-9edd-ce08897a5f44,shipping,00743 Jeffrey Islands,Littleview,AZ,76915,US
064f204a-e8dd-4816-baf8-50aff724427f,de2690e2-1ab4-4bb2-9edd-ce08897a5f44,billing,63934 William Village,North Michaeltown,NY,49931,US
6db101ff-74ca-4e09-9760-2c928f5c3311,0f3655df-d762-4c72-827f-21d680fc15c8,shipping,2698 Gregory Branch Apt. 952,South Williammouth,KY,60488,US
6cfe04f2-e569-45d1-8c79-c08b2b96fae6,c38f7b72-6c52-435b-a89c-1bd204ab0f2b,shipping,12020 Ford Track Suite 228,Harperport,TX,16258,US
f4682a03-48ec-4785-84e9-3a09836ae8d4,41377717-7385-4f7b-b404-549ae4661584,shipping,2918 Martin Walks,Kellymouth,MD,80873,US
7d0b7335-7314-4aae-b0b5-4939c62760e6,41377717-7385-4f7b-b404-549ae4661584,billing,6288 Malone Route Suite 096,Lake Jacobland,MH,61261,US
5e44678f-7cf0-4702-a6a4-66a5b18fda51,23b13abe-15d4-4383-9ebd-55b96ee6460c,shipping,155 Kyle Fort,South Bryan,ND,80458,US
412a909d-5a25-4e6e-9a0a-1a1ce6fb88ea,ab11eee1-b634-4aec-88eb-fa94ef4225d8,shipping,946 Tina Greens,Lake David,TX,58059,US
58dc7cdb-a0cc-4152-9ca3-12b762e351e4,ab11eee1-b634-4aec-88eb-fa94ef4225d8,billing,965 Marcus Hill Apt. 385,New Matthewville,MA,85897,US
40703894-82ef-41f9-9780-1099eacc9aed,ee216aab-5a2c-4a60-a90f-eceeef4f5829,shipping,1909 Brandon Court,North Mark,FM,73749,US
9f970d88-2ad1-4b17-a6ef-8ee5b6cb003f,989bdc5f-8da5-4d02-801c-856c8827a1d2,shipping,3163 Tyler Extensions Apt. 035,Nathanielside,AK,20692,US
b073b42e-b992-4f4a-ac33-ae80ff85d63a,742518f5-8c8e-40cf-a5e1-530a9e3e4351,shipping,1736 Laura Fork,East Kiaraside,WY,75645,US
c20345a0-edcf-4fac-9457-06aca546d109,742518f5-8c8e-40cf-a5e1-530a9e3e4351,billing,843 Johnson Cove Apt. 243,Jacquelineton,LA,38589,US
48ee67d6-2948-48d9-a1e6-9d34afd481b1,463d8870-64ea-419a-b77e-108cb2204864,shipping,38550 Daniel Key,Lake William,FM,12789,US
918538eb-4d59-47c6-85d3-4919d70136d9,9bfe0339-bc71-4ae5-b8ca-cf3af4851114,shipping,921 Jeff Glens,Paynechester,NH,60316,US
768d1b7b-cfe3-4344-ae53-984c4873362d,9bfe0339-bc71-4ae5-b8ca-cf3af4851114,billing,71977 Moreno Summit Suite 156,West Tracyland,MP,71029,US
3e0221b4-85a6-4b3a-8ee7-cdec7350a3e6,ba68c621-0723-4585-a579-6dd2a47df280,shipping,3464 Dawn Spur Apt. 845,Jefferyland,MD,82924,US
70c04588-3ed2-4e84-8fb8-baaccc7930d6,6a2426fe-3ce9-47d2-91c4-99e2ad00087b,shipping,07333 Wong Summit,Baileyport,DC,15626,US
48b59938-4f4d-469f-9c32-aac8a46f48b3,8d74afe5-f4a4-40e9-b0e1-ceed46942a52,shipping,3421 Smith Plains Suite 572,South Luis,VI,56450,US
e8c009ce-7a0e-430c-adc4-fa3e6ed6e180,06545b9b-9414-459a-83e9-531f59ac032d,shipping,85347 John Fall Apt. 337,Michaelland,WY,59288,US
9e5c8019-f220-4dda-b6ad-f39b267f1052,ab68119e-9224-45ac-af16-9c66f53ebd86,shipping,91052 Cervantes Village Suite 316,Devinland,WI,86387,US
05ca1b70-3381-42e4-b44a-b6aea41dded3,ab68119e-9224-45ac-af16-9c66f53ebd86,billing,31449 Smith Turnpike,Kristinbury,ME,19579,US
17b9f3b1-fd37-4bd2-82ba-5e661da95898,df9cccf2-0c41-4d28-ba1d-34df314c217d,shipping,5731 Payne Ramp,Hornside,MO,43474,US
d0cc7fce-38a9-4d59-ba41-9bf097d6ce4f,6c66e1f7-b494-4bb3-a9d7-3424fb9bb4ee,shipping,765 Harris Lake,New Victoriaton,FM,21186,US
31d5d133-d94d-4c99-8b69-dea4bec06e21,5cf43ff1-98a5-409e-bff4-f1d0cb887391,shipping,837 Martinez Ramp,Philipport,NV,65530,US
bec68e17-bf13-425c-a062-a7c0aca0828e,60a482b2-c418-44e6-a1c8-c9c25449beae,shipping,3690 Frey Rapid,Garnerbury,NC,64939,US
e134f5f7-5f88-4f17-9382-c8582c821cf9,60a482b2-c418-44e6-a1c8-c9c25449beae,billing,543 Michelle Shoals,New Francisco,MN,26057,US
cb8939a4-f1b5-4049-bcd5-64826300aeb8,46fba0e1-99b1-45bc-bc73-e85a3578da18,shipping,6979 Castro Mountain Apt. 351,Lyonshaven,CT,23659,US
4b7cd04e-04a4-4b72-b058-c40842a61e02,d47d25e4-af04-4b75-9046-89335800109a,shipping,2186 Sheryl Knoll,South Lynntown,NV,16161,US
e3f9fd96-8704-4dd1-adf8-eaa892d970d5,bd983038-50e3-4d85-aede-8f0ca68c5d51,shipping,353 Daniel Cove,Donovanside,AL,07498,US
dc4fe198-5899-4081-a95a-fa1702b19c40,720546f1-5430-49b3-8ef6-07e04f205b4b,shipping,59966 Medina Ports Apt. 776,New Ashley,PW,58857,US
5268d2c1-801c-49ec-8d2b-7e2d089ddb00,c1725c97-cd4f-4791-b30e-c320b94212c7,shipping,5502 Davis Knoll,Margaretbury,MS,68275,US
860ed5a6-c912-4e12-a71f-aba981d3badf,93185bf0-5db4-4470-b772-32dc3bcb276a,shipping,66680 Marcus Points Apt. 827,Bakermouth,GU,84292,US
2baa30b4-4670-4f96-b772-58c746f60f99,93185bf0-5db4-4470-b772-32dc3bcb276a,billing,0635 Shannon Green,Lake Evanmouth,FM,04566,US
854d11e8-df43-4b8f-8bcf-a324321cf3ff,742d6cdb-410f-4a31-9aa8-69b3779e49a8,shipping,806 Angela Mount Apt. 747,Lisashire,OH,91186,US
32d83bb1-14fc-4abb-abf8-a297bd5a7577,72291089-1f73-4141-b7ff-72a906a56acc,shipping,8719 Phillips Curve Apt. 869,South Haroldmouth,ME,18404,US
8883eda7-b913-4ae2-a5ea-d4f037efb574,6be749c4-5ef4-4f9f-a7f7-03041fc4126e,shipping,52786 Cheryl Greens,Sandersfurt,OR,13686,US
f893df33-25ae-4748-a7fc-e38fd7b13f93,14318a62-5d47-423b-9b75-d41f6316d624,shipping,910 Alexander Wells,South Jonstad,OK,32742,US
87a5e0d6-e62e-49bd-84bc-03c818384439,ccb88146-19f9-4b30-bf9a-d0a5cbb5099c,shipping,351 Debra Plains,Jenkinsstad,ID,49020,US
1a1a9527-a40f-4295-b995-5c6f67c8d2c6,ac94b002-3725-47b0-a3f1-95e91eb0f572,shipping,546 Lucero Branch,Leeville,WY,03190,US
5fb6d62c-eef0-48ef-835d-e000275291d5,84d010ca-f5c4-47c6-bbc3-cfa994b82eea,shipping,322 Susan Walks Apt. 724,South Carrie,DC,01139,US
68722f48-87ad-40ca-8ab9-a88175559a23,fb7c2801-476e-47ba-b87b-515f4b40d440,shipping,9198 Faulkner Greens,Kellyland,WV,11899,US
4a2e0a7f-3ac8-41a1-a0a3-1d5857690ca8,fe4270c7-77f4-4a79-a931-037fad386f17,shipping,47393 Walton Locks Apt. 752,West Michellebury,ID,96463,US
814eeb30-ca0d-4747-bdfb-db12ee77d9b4,1e2896c6-de3b-4ace-a5aa-bde37413a1c2,shipping,3790 Jackson Rest,Summerport,MT,97238,US
373f3901-3b00-49f5-b50b-dcb6cbf11e03,45d47bc1-221b-4bd2-b128-eee816f4318f,shipping,46987 Pollard Squares,Andreatown,GA,24631,US
5afd7d84-a78f-41d6-84ee-38d037c2f9e1,349298ab-fb0a-4cc7-839e-fe59bf83af0f,shipping,03112 Foster Inlet Suite 835,Bradyshire,AZ,67923,US
f2b84e64-63fa-40d0-925c-f44f625e1fde,6e2f8196-2292-4f00-845e-77177d1f1b42,shipping,215 Elizabeth Motorway,Leestad,MD,57699,US
5fe54c38-b123-4ffe-aeb9-bd0bdf39976e,aab9bceb-127a-4adf-be06-0fd60b592f3c,shipping,10206 Madden Estate Suite 166,South Belindafort,IA,84129,US
d0e21153-41e5-4c6e-902e-5e2eeb6ba7f5,2cc26975-e8b7-401c-b3cc-73316c853df4,shipping,0069 Clark Mount,Colefort,WV,24619,US
d7874d75-8341-4496-89c4-4f3e98b42737,ac2e58a3-acce-4ba6-a64c-9a0f2e229f91,shipping,09191 Elizabeth Falls,New Laurenburgh,MS,64663,US
2e4d1d6a-ae73-4e40-bb23-14d22a03f969,b0422697-8333-4575-86b9-e23e0769a85f,shipping,92191 Ramirez Junction Apt. 185,Lisashire,SD,31491,US
63b7d755-8945-408e-9b7f-1b58b3bcb84e,8db8f2fc-09c1-444e-9ce9-3878ad5d810f,shipping,769 Cannon Prairie Apt. 140,Garymouth,ID,66881,US
492656cb-2724-4df6-b2e9-d6a151b99343,cfd12d2a-a06b-4967-bb98-471972bc9569,shipping,584 Patrick River,North Adamborough,MP,69174,US
03e2c5d4-ab40-4f96-9468-a83727d8ca56,56bb7422-6ff5-498b-8231-a525692e9fe9,shipping,029 Michael Harbors,Yatesfort,OR,87053,US
ec920902-016a-4f71-b28f-f3b82140aa30,d8ebf177-f8a0-472b-a1f5-1014c41ef7eb,shipping,7005 Luna Fall Suite 419,East Lisa,CT,04894,US
f884c32b-9f56-494d-b8d1-696d49fde289,2b31f2db-a7d4-40ae-91d9-2797c0d27642,shipping,35667 Jones Forest Suite 020,Milesberg,VA,40595,US
56cb1cad-33b5-4971-bf1d-330371aa7fea,2b31f2db-a7d4-40ae-91d9-2797c0d27642,billing,548 Ward Views,South Annastad,PW,59372,US
ac87bb77-32b6-4588-80ed-7dfc313c4828,6ded3b8d-2892-4431-919b-182fa282205c,shipping,03724 Tracey Drives Suite 312,New Andrew,RI,80821,US
7c60e0bf-50b7-4819-a341-702e4ac2802f,9c098cd0-6872-4c7a-8d71-0a72bd3ff0cc,shipping,38080 Curtis Mountains,Barryton,WY,13811,US
2f730a68-c1d2-4d9c-aff8-8bc6068db392,cc65932f-b2fd-4dc3-b86c-42793a7253d9,shipping,48250 Barnes Stream Suite 571,New Kelly,PW,34945,US
d4925b89-a96f-4bab-b7d7-e1b92b7cce7b,4e2005cc-c3d0-47bc-bc65-28ee0387e518,shipping,794 Samantha Mountain Apt. 065,Maryhaven,ME,35017,US
73530d8a-47f8-4258-a782-a65fef2555f1,e6a0a75f-d2f5-4af3-a8f2-9e36f393ce46,shipping,140 Wells Haven,East Emilyhaven,NE,59011,US
4a0ecfee-10d1-4455-8a9f-c7393f2003dd,91b7aca7-4054-4509-b1ce-d61d51add06a,shipping,00378 Green Trail,New Maryville,OR,36293,US
f17b17e0-6aa6-4bc7-845b-921283b294ea,91b7aca7-4054-4509-b1ce-d61d51add06a,billing,7110 Sarah Parkway Apt. 257,Sharpburgh,PW,48803,US
548d8aa4-7fea-4cb6-a1fc-36ef0009910c,51acc9c7-a809-4fa5-88cd-a54b1b2f67e4,shipping,5520 Carter Island,Ryanport,LA,71248,US
82dd9923-8fb9-4837-b2e2-133a221deecd,09fba7a1-8e68-4457-8ca4-450c88e7e068,shipping,7828 Morris View,Williamston,VI,66854,US
aceb33f7-1a73-4335-9a5e-7514ef093151,09fba7a1-8e68-4457-8ca4-450c88e7e068,billing,21580 Daniel Meadows Apt. 063,New Mitchellland,FM,89018,US
4af452ec-89f1-4cbe-a3e0-6f3601e93022,716ff77a-f661-44c9-8759-bc5ec7bd7d02,shipping,85882 Kristen Cliffs,North Bobby,DE,44343,US
72ea4bd5-df17-4a6a-a06e-a4243822ff0d,4ff8fdd0-aa05-43a2-b2dd-2698b5800948,shipping,00600 Scott Ramp,East Angelabury,NJ,44076,US
b35b02cd-9ab4-4d8f-8a09-912cea9c836e,4ff8fdd0-aa05-43a2-b2dd-2698b5800948,billing,69310 Joann Circles Apt. 298,Onealmouth,NM,59385,US
be0d9d2f-5f7e-4635-8b17-4c344177bac9,3d66eea7-40a6-4d4c-836d-9609d8d6f7b6,shipping,2841 Christopher Flat Apt. 941,Tracyland,MT,32616,US
50ecd4a7-4fe3-4712-97bd-bf3bf3880415,3d66eea7-40a6-4d4c-836d-9609d8d6f7b6,billing,430 Zachary Stravenue Suite 392,South Jennifer,DC,71307,US
79a1e623-2dc5-4795-a6e5-9f2be9a908cb,a1bda0ec-79fd-4a75-9ba8-58add81da19f,shipping,5274 Stephanie Shores Apt. 180,Jessicaside,MP,37194,US
3aacec93-9021-4ef5-a46f-5c86f1928c69,f6e03cbd-05f5-467e-a17e-db2d923c3405,shipping,251 Patrick Brook Apt. 843,North Kathleenland,DE,84998,US
827edb92-a83b-42aa-99e9-946a8a681124,eb613ba5-cda3-4d19-a315-12f387097de8,shipping,2014 Smith Pines Suite 907,Scottmouth,NV,46945,US
3b7d9032-3960-44fd-b7dd-2b02edfeb868,1c48bc43-df9e-4c8a-a349-2613d304cd59,shipping,430 Deborah Green Suite 465,West David,OR,96040,US
5af611f1-c418-46f7-9b4c-33fe97ec84d3,4243d265-1f38-44c2-bec4-678ed188d4c1,shipping,56277 Micheal Ridges Suite 096,Matthewberg,WI,07595,US
322634fa-957b-4692-9ca7-e8d4826c9507,64d42862-452f-4a6f-8453-5ab3baa60273,shipping,485 Michael Fields,Port Tiffanyville,NJ,11836,US
0988cc03-8076-496b-b40d-97f3c760feab,e2b8b86e-8a80-4eda-b533-1c57dcb6ffd5,shipping,357 Derek Inlet,West Anne,CA,89045,US
c10613f8-c700-4cc0-9f44-e35bb2218f91,f5d409d7-5139-48cd-9523-584c21b4affc,shipping,75317 Freeman Gateway,East Thomaston,VT,36579,US
cb3c112f-5bb8-4188-9075-fa9800ddde29,cd571094-90ed-44b9-878d-3f1453ef2786,shipping,842 Sydney Meadows,Lake Elizabeth,ME,12127,US
2e94e358-19d9-41ac-a904-3dfc6fbe4148,800ab228-4589-4dc7-8fe5-54da08e7acfc,shipping,535 Michael Valleys Apt. 574,Port Brittany,WA,05773,US
c1a10961-77b7-4709-916b-f47a674f4488,f962733b-506d-4640-aa23-e05b6dd0bc10,shipping,77968 Elliott Brooks Suite 590,New Anitaborough,PW,45779,US
cf5612a5-e1b8-4c9f-bbf8-7e06b804aa57,82855ca9-026b-4f58-9766-07b4b671c3b6,shipping,5071 John Spurs,East Michelleton,NH,86469,US
e88789f7-1f7b-4c54-b684-065ad7c5ca4c,82855ca9-026b-4f58-9766-07b4b671c3b6,billing,804 Stephanie Pike Suite 259,Lake Donaldshire,AK,24035,US
cab31a60-edfb-4139-9213-65fc25731341,a0bb1438-458b-43c4-a3b0-e8f7b2e2b2c6,shipping,8321 Reed Cliff Suite 730,Riverashire,MH,13331,US
214ecbeb-8050-4261-9544-f59bdc40c1b2,fba8b333-d079-442e-bd85-a8c5848c68b8,shipping,09118 Olsen Stravenue,Lake Travishaven,NY,66594,US
d801a08c-8283-4a4e-a581-0d79fdcadd25,afc354d7-c9ee-4070-a093-46b371a7cf78,shipping,563 Mendoza Cliff,Patrickview,NV,38882,US
f7ddb004-d0d4-4386-95aa-eb44a42ebad3,bab94994-4839-4489-9907-a6696f691b5f,shipping,179 Lopez Loaf,New Jasonville,PA,27513,US
509a91ec-19ab-42ba-a83d-cc9f23e7418f,66bcf048-129f-46d6-9fad-869fc5eec69e,shipping,70950 Hansen Lane Suite 315,West Mary,MO,44990,US
a5fb0fd0-0ab4-41b9-a52d-91f5eb0112b0,12e388f4-279f-4a2b-9738-1dfcc17ab869,shipping,77956 Murphy Unions,North Luisfort,NH,93412,US
76372572-98b3-4ead-bc0d-19a83ea9e08d,12e388f4-279f-4a2b-9738-1dfcc17ab869,billing,791 Holloway Curve Apt. 336,Lake Haleymouth,NJ,99040,US
109ad3af-d464-4ac8-8c82-1b865985f8dd,372a8c00-adb6-4c78-938d-69c740c652b6,shipping,9021 Ellis Brook,South Mistyborough,MP,33196,US
b790a901-edd1-4b3c-82e0-011f4598d6ca,99b2bc95-82b9-495d-82b8-379598e61416,shipping,9135 Larry Station Suite 920,East Patrick,VI,18310,US
212ea3e4-0d14-40dc-85b5-7d42d047bcd6,cca977dd-e9fe-4f21-a047-1e807b2fe887,shipping,35733 Rachel Canyon,West Amy,IA,62598,US
5f4e422d-4b48-4157-8bda-e11bc221b98e,f0a325a7-f397-4bfa-a59e-075ec703e8ca,shipping,32211 Shelby Burgs Apt. 772,Cuevastown,AS,14241,US
c2851d3d-b469-487f-9aa5-4df5fcabc5da,f0a325a7-f397-4bfa-a59e-075ec703e8ca,billing,444 Holmes Radial,South Aaronfort,PA,09348,US
26c331eb-0c78-436a-94bb-37717ee9f271,b15f49ec-64ad-42b4-9316-b6a847b8041d,shipping,7433 Madeline Union,South Amandaville,MS,45117,US
f12be0e4-a253-436f-b67a-bd945239f16e,52564c18-71ad-4d36-bc87-f04dbee8a3bd,shipping,283 Veronica Freeway Suite 768,East Phillip,AL,90172,US
a3c810d4-4703-434f-b9d0-d0e00e5c2d1a,5337b89d-34f6-4606-9073-504972686683,shipping,77957 Sydney Ferry,Port Shannonburgh,GA,66578,US
696b1be9-7248-4ccf-bddc-0927dff7a977,b53fa3b0-6a63-4f4f-85de-c7dbf6071c23,shipping,20754 Ritter Trafficway Suite 889,Lake Taylor,SC,74548,US
3c461d7a-3df4-4d5c-8781-051d174d4a22,04663bb7-c44a-4716-b6e1-68bfbdce1d90,shipping,2729 Caleb Fields Apt. 746,South Mia,KY,12316,US
91abb33e-556b-4fad-bd91-f1fab45261b1,05463072-1105-4234-a6de-c78dda228743,shipping,410 Ian Ramp,Lake Kimberlyfort,MS,26212,US
538343d4-3db3-42f8-9b35-9e0bc8eb16ea,05463072-1105-4234-a6de-c78dda228743,billing,91073 Jill Prairie,Lake Johnberg,OH,10800,US
105a5bc4-b85f-4841-bfa4-b4713d9f7c07,e53256d3-2188-489c-bf2f-29dcaab8b56d,shipping,76134 Bill Trace Suite 528,East Nathan,MI,20635,US
3cc20eb0-25ab-4ce2-9fb3-cdfc8ef55650,f6410a1b-edf9-4aee-b650-da3781074170,shipping,070 Heather Cliffs Apt. 563,Johnsonport,FL,67178,US
750c6399-9534-42e3-bcc2-32b6184091d7,f6410a1b-edf9-4aee-b650-da3781074170,billing,51203 Meyer Walk,Davisshire,ID,02956,US
4e0eb4a5-3a68-4f06-932a-416aa8a5eca2,64357c46-cdad-49a3-b063-e06b31e74260,shipping,88578 Valerie Valleys Apt. 227,Port Kristenfort,TX,67718,US
dcddba27-cf17-414a-b449-45e3041119ef,64357c46-cdad-49a3-b063-e06b31e74260,billing,950 Garza Wall,Lake Rose,SD,12964,US
a31de83d-db0f-4aeb-8040-9d12c23df53d,ad790e4e-1977-4de8-9808-25adef2b18f9,shipping,644 Caleb Road,New Meganburgh,OH,50943,US
0cc0125c-6494-4e8a-a6e8-eb4f7b4761d0,dc3025ec-3283-47f6-9b4b-1e8994b7ec6b,shipping,62968 Hannah Loop Suite 173,Kariview,NC,76362,US
d3a9f22d-1eac-4956-9dfc-d776483caa8e,3a39965e-ac40-4098-92b7-117193530d7b,shipping,31077 Megan Park,Carolstad,CT,46267,US
519a6bb6-cf50-4f76-9e50-09847a449724,cdf12bd7-cf75-49f7-a6a8-803b2491804c,shipping,8423 Johnson Junctions Apt. 566,Holdenhaven,AK,45910,US
4add27ea-476b-4689-8336-535feb1ed3ed,b030e736-edda-4194-a795-44870be2b116,shipping,25198 Turner Path Apt. 520,Jonesside,CT,69927,US
176efba9-997a-49cd-ac07-8d05f8a66ee0,277c69ee-3baa-4c66-8bee-eb685d871db8,shipping,663 Martin Loop,Lake Patriciaburgh,DE,68040,US
0a892e43-f536-4d7e-9aa9-026504c052f5,33f23659-ae7b-4095-98ce-11104723edd2,shipping,3812 Richard Vista,Powellview,WY,39072,US
cc82aa8d-a0d8-444b-ab19-2d4a86c1aaa9,b7cea5d7-8214-4836-9543-f4275caaa920,shipping,3497 Choi Coves,South Jeffreyfort,NC,64556,US
fb679998-c1d5-464d-97d3-463e2c1a21c8,04f88477-1a32-45ce-a63e-840ac11326e8,shipping,094 Andrew Island,Lake Ralph,DE,20856,US
22a15f9a-832b-4a8a-bf8f-d5dcfca2c170,4e0be3f4-9b8d-48ad-8d81-910376bbaf1c,shipping,1415 Blair Groves Apt. 050,Johnstonhaven,AZ,78999,US
69d42817-6620-4df7-a158-4b3c48fde73c,4e0be3f4-9b8d-48ad-8d81-910376bbaf1c,billing,1722 John Walk,Martinezville,GU,66311,US
df3e4370-2286-4776-9f7a-7bf509db915b,8521e0c9-a996-4b7f-ba38-462e767e4036,shipping,710 Fisher Viaduct,Kathleenmouth,AR,54743,US
cb15c657-10f6-4f9d-a42b-121915f3146f,4ea86894-d742-4698-98a3-a27182eb316f,shipping,74518 Amanda Plaza,Frankfurt,NE,10748,US
148b1fee-280e-4c05-819a-2ccba4b6e253,220f1c91-f0ce-42b6-a0db-21ad5b9cee7a,shipping,721 Ellis Expressway,North Jenniferchester,SC,80369,US
9310aee2-3225-4fd0-93af-b032662102ff,31e00f58-fde2-4684-aa03-671a2ecbd989,shipping,088 Teresa Unions,Haleyborough,MP,34881,US
81dff547-f99a-4892-9eaa-631ca0daa284,01fa15e7-b98f-4ed0-ab16-b6f3c65f8380,shipping,1116 Tammy Bridge Suite 717,Williamsville,NJ,05016,US
c479511b-aef1-4e11-866a-3c200b6b44e1,72a6fe92-c196-43b5-9b2b-4b4a17f55fe5,shipping,961 Brown Roads,Lake Samantha,MT,32653,US
e07c7c19-e18f-4a00-befd-b7342746e26e,63929ad0-c12e-4b23-af6a-8416900b2804,shipping,1131 Roberto Port Apt. 617,New Jeanton,OH,37621,US
4d8df15d-aa6d-427e-8532-f335cddf5270,28dbe676-b32b-4d9f-956c-99e1bce379f4,shipping,398 Charles Dam,Williamside,UT,66097,US
20c5e396-c3e6-4569-a548-79a880f9c42f,c0ba00f6-6767-4f94-8654-35bab49f7277,shipping,41070 Steele Drive Apt. 876,New Tylerstad,MO,61027,US
52380011-8345-45b3-8958-9b5310715b8b,6db72852-85ca-490f-a163-31207ae9abe2,shipping,66499 Davis River,Marcusberg,WA,47330,US
d8dc83bb-ad85-41da-b68c-2ab892045dee,eca6e355-ce5f-4d0c-809a-f56a124c8fcb,shipping,31945 Barrera Courts Suite 727,Edwardsbury,DE,57835,US
a8bea1d6-9a0f-474e-92a9-8d4305c6bafa,fcc0c758-7a40-4c7a-8a09-3fda30329aae,shipping,690 Scott Mountain,Joshuashire,MD,03688,US
dbd7a48c-d0f4-4870-9662-bac27bfbfe71,fcc0c758-7a40-4c7a-8a09-3fda30329aae,billing,137 King Roads,Natashaton,ID,38319,US
271203b6-bbfc-4ff4-91f6-0d3cb4420854,bacce37d-9d8d-4dcb-b9ac-f6c3fd89eea5,shipping,691 Kelly Tunnel Suite 416,Gardnerville,PA,76263,US
ece3f781-f73f-4d4d-8f85-f4e6f593319f,a2ecd71d-aada-4c5b-a68e-245ad80ea79e,shipping,24012 Gilbert Cliff Apt. 967,New Scottberg,DE,06999,US
a8c86c1f-2e12-4f2b-920d-70814b87cdf9,19ec34b6-a9e9-4a4b-80fb-a38c63103760,shipping,2245 Elizabeth Plains Suite 137,Julieville,VT,20066,US
e76d3e87-ab49-4d60-aa2e-41d69651cd68,d3c32331-338d-40cc-ae87-c4dc4462b82f,shipping,17159 Christine Mall,Bruceberg,NC,27522,US
cda63cc3-259f-4fd2-bce6-b599cb5ed712,1dc41ab1-25bf-428d-a856-436d7aebbc30,shipping,65455 Aimee Drive Apt. 576,West Justinfort,VI,28100,US
925889e2-32d0-4703-9d60-26c666981d95,acff33ed-c0cb-44a2-94dd-c8ceccf4c1fc,shipping,40805 Walker Overpass,Robinton,MP,92852,US
79f55dba-be40-437c-949a-f1edb38e4638,8d2c2962-2e6d-45d1-9d6a-1c84a7cca80c,shipping,9721 Mary Island,East Cindyside,NY,33326,US
0aa32c29-db72-4053-868e-68b6f67b17d1,e71732e8-a3d3-410d-b7b1-b0cface7d0cb,shipping,14245 Bishop Points,Barryview,WI,49135,US
d50073a4-2c5a-4013-be91-dce8297dbccc,ebf444c4-dbaf-4f81-9b69-3fb8ef45aaed,shipping,283 Bryan Road,Port Priscillamouth,FL,42833,US
39c13bb9-d872-4789-acad-45e0279fda4a,0d252d38-6237-4807-8f92-f7e6657a8eee,shipping,11944 Andrea Vista,South Maria,DE,59550,US
93d133c4-e346-446a-91e5-d0a28face3c6,fa5d3a25-dc1c-40bc-a31e-aa2d00f0e42e,shipping,61334 Nicole Port Apt. 085,North Andrewton,NE,65846,US
e63ceab5-ddad-411c-a3d4-7d97cdf19473,8dc75a75-ddec-4ab7-8d80-3fb09dca0e00,shipping,781 Kimberly Corner,Heatherview,SD,03471,US
a54454a1-5e72-49af-89cc-13fee081c123,75a494a2-a4c8-4340-943d-125046bc5438,shipping,02478 Hensley Station,North Joeport,CA,21813,US
df234d96-0fd2-4b10-aef3-3d6735c54a5d,4f60e724-31e2-4a5a-972e-9e22984eb925,shipping,7582 Dustin Lodge,Onealside,OR,05179,US
122ad2c2-b6e3-4417-9a9f-11d148353dd7,bf9ce485-eb85-4188-a824-d7aed2f00921,shipping,589 Gregory Street Apt. 138,West Dawnbury,OR,12051,US
aac63ead-411b-4431-9e35-37eca4f41697,d97bf4ec-7b0c-499b-9d47-7de3905e7a16,shipping,364 Marquez Canyon,Port Darrylland,CA,36098,US
535d9865-45e7-4dda-91ac-0b0be73f0ba7,d97bf4ec-7b0c-499b-9d47-7de3905e7a16,billing,075 David Throughway,Austinside,FL,67438,US
11328d46-4f41-43ae-8549-d8897e70f21e,63b0cd2a-e017-4d5f-be4b-0f1ffa15f7d5,shipping,9685 Donald Rapids,Henryview,CT,69934,US
8de91bdb-4cf5-47f0-82c9-612f2d0e280e,c40682b3-8457-43f1-8fdf-00c3ab51bfe7,shipping,30359 Torres View Apt. 095,Amandaberg,MT,80624,US
88932ccc-4aed-46b6-947a-b0a0a8f2d5d7,0a51bd8f-2ab0-47cf-bfc5-55c88ff74ae7,shipping,697 Michael Forges,Lake Matthew,WY,50665,US
110e3cd3-9b26-4549-a487-8b7e1281ff5a,0a51bd8f-2ab0-47cf-bfc5-55c88ff74ae7,billing,254 Johnson Court Apt. 676,Mcknighthaven,CT,77605,US
8e0f8208-9bab-4000-acd1-5480265f6243,1bee639e-aad1-49d8-ad81-6c5491868577,shipping,3749 Sheryl Viaduct,Susanport,MH,61405,US
eaf7eb39-5634-465f-bef7-b0ebf289053c,5b457c1d-3381-46ff-87fa-407087ad3123,shipping,0098 Carter Dale Suite 183,South Caroline,ID,95619,US
59fe0d24-ba69-47cd-a252-fd149161a3c6,aaa94928-1a44-4ea6-a357-380c12cf2f2d,shipping,117 Walker Meadow Suite 706,New Edwardberg,GU,19140,US
79962f3e-e407-457f-b8dc-9d739fefca2a,98ffa3fb-c821-48f7-96bb-4d0026d6f56a,shipping,692 Williams Flat,Wesleyfurt,FL,47803,US
c3b399ac-7e15-46a5-81a3-4f3dd236ccdb,0f3ec97d-e30e-4d94-8dc7-052fa703997b,shipping,4728 Riley Ferry,Port Lisa,HI,61773,US
705cbc83-623d-4708-84c2-ebb3c34ad332,bd65458a-82de-44c0-85c3-c3314a4c1dbe,shipping,05103 Jessica Squares,Swansonchester,OH,73883,US
eaccec82-0131-41e5-a0b9-3e0d796bf95d,22a09da7-7dd6-4a31-b174-e51e86f6017d,shipping,11981 Knapp Mountains,North Gregory,TN,74063,US
d05a79f8-bd09-4d2f-9441-df80cd8c4574,f152e3f5-bff7-4274-a9af-c5a3dfee46b3,shipping,66606 Crystal Mission,Camachoburgh,GA,63447,US
b732782d-b68c-411e-a3e6-cf5e61634f0f,df700a1c-f24d-40d2-929c-823c9731504a,shipping,8503 Beltran Fords,West Jamie,IN,74016,US
7ac21b5e-945e-42a0-8ee2-f26c90e9e130,0f0644a6-fe2b-4348-b080-5178b1fe1c0c,shipping,461 Carter Shoals Suite 546,Russoland,IL,22021,US
e9c5694d-7a80-4622-b9f5-49a96e457c61,a11b6a31-75cf-4709-95f7-9476d64af34e,shipping,69908 Kaitlyn Summit Apt. 790,Deniseburgh,CA,10632,US
d2b7cdfb-0078-45b3-932d-470636bbe764,7f42c2b0-6969-4357-a9f3-d0d2afaae839,shipping,702 Guy Green Suite 055,Dianehaven,LA,32410,US
cc258c89-d20d-45ac-b9c9-df4169f8857d,bcdd3e5f-9a66-455f-8f3b-e0c5577fb8fd,shipping,7213 Hall Vista,East Ashleyfort,IN,37337,US
74fed9cb-54e7-4f61-bd8c-fe286d9b71a6,c61b5bcb-b2f8-4137-8275-ab62184d7a04,shipping,85604 Medina Inlet,Deborahstad,FL,56572,US
73d383c7-a8dc-4598-ba6b-15ec7e7eecc5,9e0e0816-36d1-4f5d-89bb-35268e5f2426,shipping,3620 Barrett Stravenue Apt. 186,East Marcfort,OH,49232,US
5c90845f-7d6d-4aef-9c00-b01fb00c2390,5ea026b7-110d-470a-a46e-46e176afea19,shipping,550 Glover Neck,Lake Kimberly,TN,04779,US
2d20765f-f187-48ed-ab31-60b8b2237e4f,b299f518-ce55-40a5-947a-4b583c573a30,shipping,54524 Robert Road Suite 827,Masonport,VI,98000,US
5816d5dc-f100-4da7-8099-f35c12436564,5fcb241a-6977-4566-9174-4c02f63f2f80,shipping,129 Jose Rue Apt. 175,New Kevin,NH,05158,US
324d38ad-0faa-423d-9a5c-a2614c80b7cb,5fcb241a-6977-4566-9174-4c02f63f2f80,billing,762 Gregory Pass,East Hunterfort,NY,21339,US
c6780fb9-3c9b-48fd-9ae5-3d1784d80ce3,be17cfb1-4080-4d81-8a45-3a76951f0721,shipping,424 Joseph Crescent Suite 022,Lake Williammouth,WA,60557,US
3678ccd4-66a3-4141-92e0-1aa9e85f3e94,0c6a5497-7a55-414c-8d1d-f041e1217a6b,shipping,164 Sanchez Route,Lake Daleburgh,HI,75545,US
c6b9baef-3d7d-4729-9eba-24f3a4beaa2c,5cac1130-c592-422b-ab87-ba0e6e396a2a,shipping,087 Turner Pines,Hartmouth,UT,99914,US
0dbfe651-8111-46da-80a1-65712b377024,c4f8a12b-42ab-43ed-8b5f-7b071870e49a,shipping,051 Schwartz Neck Apt. 899,Craighaven,NM,54881,US
1cfd4e52-0400-4235-bf26-da2ab7792b90,6b861bfb-50b5-463d-a1f2-fc8c9ff8bebe,shipping,285 Adrienne Points Apt. 214,Josephside,ND,26432,US
7c9bc5a6-cdbe-4469-9a8f-3ac28062b578,7b036a1c-4018-4bea-b050-8ba2a7fb9aaf,shipping,3177 Woodard Mountain,Elizabethtown,WV,42842,US
e294d6b2-e176-4c18-a537-7838a88138bf,721285f5-8916-4bc0-9d70-5b745189cc63,shipping,708 Yu Plaza,Port Marcfort,MS,41032,US
88f6deaa-837c-423b-a52b-d84db2cf51f5,2c54d655-d130-40de-8f11-c65b41e56196,shipping,247 Andrew Motorway,Lake Davidside,DC,74197,US
e3b0cde9-afd8-4c38-bc36-133494b078e6,6f485570-4ccc-40b6-9ed7-62f50138b01f,shipping,850 Dunlap Heights Suite 684,East Jesse,KY,28988,US
1c16b6b8-7c25-45bc-ba79-79bf3c7e4694,e0874f1e-1767-4c32-9eb3-0c69ba3458b5,shipping,3159 Cortez Tunnel,Marymouth,WA,81936,US
47ac5c03-a869-4a16-9894-11c7049b2da2,49c33f00-b90b-4afb-83a0-bbc1377290e1,shipping,434 Fox Green,Livingstonborough,NV,90089,US
1284c4dd-4ac0-4dc5-9a7c-3e974109d518,f7fa21d2-c4e1-418c-9a6c-abcb3e05c09a,shipping,00277 Jeffrey Stream,North Karen,IN,51627,US
2edaef96-7ce4-4dfa-bdf9-a70bfb21610a,7718446b-d1c7-4890-ae7f-b0fd626aa039,shipping,0685 Derek Parkways,Elainechester,MI,18629,US
072fb605-f712-435d-8c53-c32741fe2d62,98955efc-a545-4e4a-9f96-4188ff346461,shipping,78516 Ronald Groves,Fordshire,HI,04760,US
bd35a899-c35f-4634-aa95-7a0eb6c25489,b91d316f-2c17-4abf-b7d1-71a443498fa2,shipping,12232 Andrea Green,Michaelborough,ME,23016,US
7648f9ef-0d2b-4cef-b17e-15d8d2d0ec4d,175243c9-a80d-49c1-a90e-836b4b84af84,shipping,71491 Boyd Place Apt. 174,Hernandezland,MP,07557,US
6262bf86-4739-4a91-96e9-403c61bb3d74,175243c9-a80d-49c1-a90e-836b4b84af84,billing,8212 Gillespie Skyway Suite 293,New Kathrynfort,NE,99671,US
919256d1-8a5e-4e21-a654-9192636268ae,5e0a86a4-8e52-40dc-a392-f1194bd7ffec,shipping,06165 Brent Mission,North Williammouth,IN,03249,US
d1f4f8c9-390d-45b4-abfa-78248ede0018,50a69bb5-eeee-438b-92c9-53b0fb34f06f,shipping,9102 Sherri Plain Apt. 145,South Elizabeth,VI,49223,US
aac823c2-7bad-4e63-bf41-7adecf3d9a2c,a20fc3a2-8c1a-4720-89ff-be61d8c7c555,shipping,65782 Carlson Club Suite 745,Burtonburgh,VT,96647,US
4c34f893-9603-41d5-a0f4-406781dbf6af,6855f5cd-5c16-499b-978f-ee74c2fcce05,shipping,293 Ray Gateway Apt. 641,North Kristaside,SD,88438,US
8b3c30e3-6b3f-44ef-a395-ae999e5c048f,3e0db657-cb58-436d-bd65-b71058fadb1e,shipping,547 Johnson Wells Apt. 007,Mathewstown,MT,99938,US
d467cf5f-b43a-4a91-aeb4-54c010c37d4e,83251e56-d807-4c49-beff-50a672b3e127,shipping,132 Devin Vista Suite 628,East Eric,MH,86926,US
abde3414-75a4-4a35-950a-b01835e76337,fa249802-5e0c-409e-92d2-fc5c4ba79823,shipping,9980 Fisher Burgs Apt. 246,New Stevenborough,MA,85598,US
0c9714c8-2c74-42ee-9db0-90d99b32887b,6f42b833-1bae-42db-b819-33345f4dc0ac,shipping,1280 Erica Forges Suite 817,Priceport,MS,76204,US
241ab4a8-959a-421e-8299-c784c08dea34,e5762fc9-fb80-446e-a6e0-cb910ec4faed,shipping,48893 Steven Summit Suite 560,Port Juliamouth,UT,97949,US
03c1fcab-5871-400e-992e-57b595f97b0f,f9c7a87e-23ae-481d-8d94-6d232c798531,shipping,762 Webb Valleys,Lake Jasmine,TX,26787,US
4ae03d2b-b5dd-49ca-9d4d-52b32f0ba4fa,0a85657b-b033-4536-b013-cb8d678c22c0,shipping,5944 Murray Villages,Kennedyburgh,GU,60786,US
f99b903a-1c70-46c6-b3d9-dfb3b83237d2,ab56430e-abb9-4052-8336-a9e6d6400e41,shipping,5992 Brandi Row Apt. 965,Blackwellbury,AZ,08915,US
d867d325-d178-4663-a214-47c92ca27870,ab56430e-abb9-4052-8336-a9e6d6400e41,billing,04912 Johnson Gateway Suite 146,Madisonmouth,DC,97765,US
8134f43c-28d3-4868-998e-c2f755e33fa1,b51b7717-f6b5-4b05-aee1-1222253eefbc,shipping,066 Vasquez Common,Port Vickiestad,NV,27629,US
1017a1e8-7ce3-4318-9fa2-eb47ad0e181a,fb89debd-7078-4f1a-aeab-ffbf5b90697b,shipping,957 Flores Forge,Port Cynthiaport,AZ,54524,US
972f63aa-021f-4aca-9f25-54a2bbab6307,9cd8f13b-f7ca-41b8-8ca5-be8c7e3e8910,shipping,854 Crystal Ports,West Randyland,ME,84539,US
e4b8534c-2b56-42ab-b9ef-e58de1ff558c,e494fd86-d48b-43a6-a308-00152536a0a6,shipping,96833 Eric Islands Apt. 732,Littletown,VA,31414,US
12cab097-7d8a-40c7-910a-d7740ce08ac8,eb66dc6c-5830-45cf-8377-fad0dfc42255,shipping,6960 Valerie Vista Apt. 059,Jonesville,OH,47947,US
4f2be5a7-e2a3-45df-8736-520e6677964c,0655cf15-69ab-4576-81be-01dd35d0bc87,shipping,64736 Brenda Brook,Lake Jamie,NY,09497,US
e4807918-6e6f-454c-8246-444202e6f16d,41d31e4d-96c7-4816-a0c8-6b489d42f8aa,shipping,2596 James Keys Apt. 203,South Michael,LA,53781,US
2daf88f7-3433-419d-b479-fbe3f4c69bf3,41d31e4d-96c7-4816-a0c8-6b489d42f8aa,billing,072 David Vista Apt. 520,North Andrew,UT,00619,US
79626237-ab65-4ea6-bf0b-fb90f183d4fd,ffca5b3b-19c1-4a21-94e1-1ff59b8926a4,shipping,53338 Angelica View Apt. 251,South Christopher,FL,99189,US
a76db660-72fb-41ab-9418-3ed9c1608d8d,b2f154cb-6d33-40fc-9312-e160caef4768,shipping,57471 Janet Hollow Suite 851,Kellerton,AK,78016,US
8b9a0375-29b4-4654-93dd-67689dda57a8,5be56f8c-5a8b-4336-b09e-3a5a2ae984d4,shipping,7912 Rice Glen Apt. 152,Meyerland,MP,59651,US
3e6e9514-ce03-4522-a345-918d21185507,5be56f8c-5a8b-4336-b09e-3a5a2ae984d4,billing,8473 Brandon Drive,East Danieltown,NE,43701,US
974fd889-c1cd-445f-bb7f-36601e46f993,d89152e1-abf2-4125-b396-119f6cbc461a,shipping,2120 Hayes Forges Suite 573,Stephentown,IN,28974,US
dcfe17fc-f8d7-474b-8bed-a4e1f3bf9c2d,d89152e1-abf2-4125-b396-119f6cbc461a,billing,1132 Lopez Land,Herringmouth,DE,69614,US
0721f456-f6b1-4212-a5e7-3c3f23d4e7ef,1ed80c8c-fd5a-41b5-9a80-3c14d28c57de,shipping,794 Roth Trace,New Gilbert,TN,65011,US
37e53848-bdc2-4104-9681-b36809e8dde3,f8a1c467-6c77-4ec1-b094-e6a17edbbef5,shipping,5070 Anthony Court,Johnview,OR,53044,US
c84704af-f760-40d1-9431-6bab25d82e49,55d1fbf0-48ea-4aad-bd9b-212dd4afe2c9,shipping,41299 Norris Brooks Suite 442,Millerton,MP,24601,US
f4db4f77-80fd-439f-8646-c8529ddbd4e2,4d7bdfe8-67ab-48a3-acbc-31f937255c72,shipping,596 William Oval Apt. 730,Mckinneyhaven,MD,39325,US
3311035d-66dc-4a55-9f1d-679d91f7c3ac,255485e4-5d85-4a44-b35b-dd50bd949f2b,shipping,62080 Gonzalez Land Suite 048,Nicholasside,OH,75593,US
95bb52a3-09a9-44eb-9142-541ccd41e112,e28cd024-c0c0-4f57-b858-1ee52eda71cc,shipping,1055 Brown Flat,Tiffanymouth,WA,73305,US
ac365420-a1ad-459f-8318-a048dc7c864f,6915895d-6718-4e53-b7a6-f2fb072c129e,shipping,593 Brett Manors Suite 837,North Mary,AS,34120,US
1f1eee97-7e91-4d11-bd27-a8cfe6bfd370,cdf1dfbb-855a-4969-8a34-edee1d83197f,shipping,11306 Rachel Flats Suite 344,North Jessicatown,TX,32986,US
e14c3613-e999-4941-9e51-8df869d3fca9,0be934ed-73ba-43eb-8f77-ef0b97791682,shipping,83946 Thomas Tunnel,Lake Peterchester,NV,67223,US
41ec95dc-1b44-4055-b575-0c0d86c77c53,89ad080d-eac2-4901-9c44-630d16e00b81,shipping,9037 Brown Garden Suite 770,Prattport,VT,90630,US
66758e08-f596-473f-8ccf-beb4a27c3be1,89ad080d-eac2-4901-9c44-630d16e00b81,billing,42050 Moore Estate Suite 758,Donnamouth,WA,32749,US
5dc41283-1338-4fac-ab60-e8304415b0ee,b33c4c12-2eed-4312-990f-39d22221e599,shipping,12869 Madison Place,Combsview,CO,77190,US
05dcaf61-f5b2-4c39-87e1-046af5b9a1a7,035ba5c7-5ac3-4a88-aa37-092b4519e075,shipping,195 Weiss Island,Mckinneyland,NV,70808,US
72815944-f710-4fef-8b49-7dcb5eac0c58,9e7cc80f-c072-49ff-ac3e-5a1a6f423738,shipping,86720 Glenn Way,New Lisamouth,PA,53929,US
b188a8c4-7737-42ed-b261-6ce72fc545ab,9e7cc80f-c072-49ff-ac3e-5a1a6f423738,billing,21877 West Plaza,Hardingport,WI,88760,US
8821a91a-aefc-4548-a9bc-00bbbba5999d,682973bb-0d54-431f-aaad-59c15dd67065,shipping,6298 Pamela Land,Tiffanyview,DC,18796,US
717c8368-104e-4015-b53b-257ee6a47e18,d5d56992-82c0-4d2e-85a1-e54692a1190f,shipping,6199 Eric Centers Apt. 369,East Karen,VT,30395,US
7f7564c7-1655-4406-8373-497917ad807b,965bd930-0a22-4110-b8a4-019746c0b745,shipping,8032 Cole Groves Suite 676,Katherineton,WV,66887,US
9b573223-2e83-462c-aac1-f9d0fdaff85c,965bd930-0a22-4110-b8a4-019746c0b745,billing,8773 Rocha Land Suite 476,Tiffanymouth,MT,86504,US
6e3a7f83-2bb1-42bd-ac3a-30137aa21495,c251a5e1-35c7-4ff3-af64-b03bf9898623,shipping,4615 Charles Key Suite 383,Adkinsbury,GA,41460,US
e1027817-54f8-4362-9534-97acb129f015,016c5a74-f86f-4e52-9b7e-af3a2db4e125,shipping,465 Charles Port,Randolphhaven,NV,51799,US
693591f1-56c5-481e-830f-f9e0d4d36275,4f7bc989-c5a3-49a4-81df-2f289cbd1691,shipping,15176 Mcgee Green Apt. 615,Zimmermanburgh,PR,22692,US
d63bfdb7-61cd-46e0-8e2d-4cce48f5a059,6f69871a-8d5d-4d8e-84b2-898edb10f90a,shipping,917 Valencia Landing Suite 527,East Emilymouth,AS,99345,US
f07d8e76-8648-422f-87cc-0e5bbb4bbe1c,21e00190-355c-4057-8dd0-7db67fcfeee6,shipping,21765 Armstrong Ford Suite 663,Reneeberg,NH,97529,US
22843fad-bd84-421b-8345-a9ba7d270048,cfcd4fc1-a565-41bd-8dee-2efa27107bc8,shipping,92723 Phillip Track,New Anthony,UT,31872,US
91690a5f-5774-441f-9d3b-cbe74a658c59,cc8fb651-a8e8-47b6-bc92-ccfae7d929fb,shipping,5653 Ryan Mountains Suite 447,East Keithport,ID,92048,US
bf34f2b9-4924-47d1-9fe3-34a1dc10e07a,923162d2-d8b2-47c1-9bce-9a214bf55b6a,shipping,2869 Nguyen Park Apt. 574,West Lori,CO,50863,US
d1df9cf2-a926-4324-8d5e-d9afa3a0e862,45ba9cdb-599d-415f-821b-dd235c33136d,shipping,7553 Michael Fall,West Jeffery,MD,49424,US
97c6265f-f7ae-4b5d-ab8f-d9d28cea82bd,9af4ca1a-3cdf-4e10-a20e-603117a5c9f3,shipping,670 Lisa Fork Apt. 524,Lake Tiffanyfort,NH,81013,US
7452594c-884e-4f07-a45e-61e0bd911a4c,c3a689d1-ea6a-44e5-a8ae-8e7b4ddef186,shipping,50724 Elizabeth Keys,Ramseyshire,PA,48202,US
a60a4454-e7ce-483c-a14b-ee4765b9cdbd,8f02e55c-324f-44d9-9f33-0b5421c64f51,shipping,2249 Ruth Heights Apt. 188,Haasland,WI,32859,US
933d54ee-3f18-4391-9ea5-a73e7dfc855f,6a5bb4e2-b909-4a89-b580-2dfaf1dd4630,shipping,0087 Wright Harbors Suite 511,West Cindy,CT,78205,US
707518cb-c1da-4827-8af7-16a3535d9542,efd70010-e265-4cb0-8f7c-1c494cc48ac5,shipping,4275 Knight Glen,Peckmouth,IL,66718,US
acee27af-a371-4d68-8949-0b3757bc235a,780fc50e-eb71-4fd6-88ad-f6e4d7b218fe,shipping,9960 Williams Brook Suite 699,New Chelsea,DC,28670,US
80b51fc9-28d7-4958-8026-61028d675a83,2d454c87-c300-4bef-b554-ed47745330d3,shipping,214 Nathaniel Ports Suite 715,East Mary,SD,98129,US
fc784f60-564e-4d4c-a5a8-12ffeb5f3842,183b94b6-b849-4ae8-b5e8-ee98f9694af3,shipping,48390 Olson Alley,Jordanstad,CA,77652,US
cc5a18c4-365a-41ce-9032-0ed653b50990,183b94b6-b849-4ae8-b5e8-ee98f9694af3,billing,918 Michelle Manors Suite 260,Lake Mckenzieview,KY,99681,US
9cfeac6b-1cbf-45bb-93a4-fcd5897025b8,42a53cb8-4435-4902-a674-fec71dd0f0cf,shipping,62095 Swanson Crossroad Suite 132,Hannaborough,AS,39502,US
84127f07-ae20-423b-9294-6e31f43ca6c5,604be513-839b-4741-b36b-ab640815157b,shipping,481 Garner Junction,West Anthonychester,CO,60866,US
af705050-9bd4-4bce-890c-e369a6bd09d7,5d62371b-ac0f-405f-a4c1-7b58fc7c09b8,shipping,0915 Rodriguez Rapid,Port Thomasville,MD,63622,US
eacb64c6-caa4-4400-9f4f-c0a9179bbde5,771db5f2-d0e5-4c32-8572-69b3714320e4,shipping,1474 Rogers Vista Apt. 661,Randyland,PW,22800,US
0908aa55-5290-42b2-80d8-030e3af83f2f,447fd1d8-ba59-4fb1-92f8-57452fab8b7c,shipping,86752 Brandon Junction Suite 212,Christophertown,WA,94540,US
0685d476-fbb7-4bee-8d4d-2657def9ff76,9c013b87-0d79-49e1-86e6-66743755cf1e,shipping,094 Floyd Mall Apt. 832,Port Deborah,MT,16830,US
dfb2f222-43ed-4aeb-af40-1f0305ab49ef,cf42d7a3-33c1-44ad-8b9e-3984c2d5f2a4,shipping,926 Yang Haven,Taylorville,TX,15670,US
1a03c89c-5790-4d4f-841a-48bf50e9692d,f974f924-1e73-4b99-bb6d-33b50cac7578,shipping,320 Gomez Glens Suite 877,Wilsonmouth,ME,55690,US
aa8a2ee9-3828-48aa-a610-911a590410cc,17b7880f-afcc-416d-b722-e3ded4fe3b3a,shipping,9125 Rojas Divide Suite 918,Bensonberg,SD,00913,US
3577aa44-617e-48ba-ac2b-cf4141c9c995,aac10a58-5da0-4d0b-a5d2-8d23af19675d,shipping,92058 Hale Garden,Fisherfurt,NV,22059,US
84d12e7b-7f0c-45e6-9cc4-63e368cf6404,dca42329-97c9-4342-b2bd-c88c80031fea,shipping,662 Jon Freeway Suite 006,Bethfort,KS,99058,US
7786081a-b781-4656-b89a-8b6b00680825,712ebdab-d14b-452b-b6f2-018a85b04d62,shipping,0680 Stone Center Suite 252,North Kevin,IN,87386,US
76431f88-b09f-4a2e-a8cc-892df3d9c462,d36893ea-cac4-44ab-ac39-457b2b0c474a,shipping,63379 Warren Orchard,New Jermaineport,TX,62313,US
65b783a3-40d3-4f8d-a17a-14a6adbf75ee,2878b553-123c-4a15-8949-bddce5d1bd08,shipping,264 John Meadows Suite 407,Garyview,VA,08635,US
870a8112-feb2-4f32-a877-bfc7a9c49bdf,3a607cb4-f5d9-431c-9ad8-f23c9dd60061,shipping,36006 Christine Inlet Apt. 433,New Ashleybury,UT,10976,US
f5a98471-a972-4b8b-ba8a-01286e033ce5,32954d32-5989-4270-ac7d-aa64097f1ae8,shipping,77976 Cox Island Apt. 488,Michellemouth,WA,63664,US
61b062d0-852c-4091-840e-595722644312,591aecde-b8b6-4f9a-9ce7-28bc97079ad0,shipping,6656 Turner Skyway Apt. 310,Alexberg,NJ,12808,US
c04672ab-2b45-4f03-8113-43c876d4ebd5,dde1757b-8aaf-47be-9bd8-a4ded5c17543,shipping,8560 James Groves Suite 199,Connermouth,OK,63791,US
b121c101-7c1c-428c-bebc-639487c03386,3de1d84a-51f6-47f1-a89c-4bb16368e3a2,shipping,37045 Rodriguez Branch Apt. 036,Yvonneborough,MA,37121,US
6b9c8e0c-7025-4217-ba77-89be707ced51,6b3e1e2e-bfd7-481c-ac82-a2b2d7c38146,shipping,1406 Tony Parkway Apt. 841,East Jennifer,TX,14246,US
afe37711-b652-4e6c-ad99-45e57d69ca07,5d9780fe-04c1-4734-aa2e-b184e7e7e41e,shipping,087 Allen Overpass Suite 801,Michaelport,PW,15226,US
4e674630-a716-4ab4-85b0-b2eb6ec6bb15,5d9780fe-04c1-4734-aa2e-b184e7e7e41e,billing,63177 Simmons Bypass Apt. 620,Carterside,MS,94376,US
f25b1902-7911-4e70-8fa0-0a6a73f38f5a,d6e1d56a-a22d-4d4c-adc6-3a24de8f02ed,shipping,8479 Howard Plaza,Thompsonville,MT,74903,US
1f926c76-3d8a-4978-b32c-61cba681a422,d6e1d56a-a22d-4d4c-adc6-3a24de8f02ed,billing,87688 Alexis Orchard Suite 510,Stevenberg,CO,01518,US
ffb9fab4-de30-427d-9003-02cd90e36bc0,5d6e8c64-5a86-48bc-aab6-213c54822102,shipping,373 Osborne Knoll,Donaldside,PA,75387,US
c1a934e1-2920-45cf-bd77-759e02ee877a,270536a4-e595-4aeb-9421-65be4012e70a,shipping,536 Wesley Forest Apt. 901,Michellechester,LA,65292,US
235837cb-f23d-46d8-9136-514dd6ee8ddf,a521357c-59bc-4741-9b61-6acdca055201,shipping,21765 Norris Throughway,East Courtneystad,GA,43441,US
931c2b66-f35f-4df6-acbe-230344a22c38,a521357c-59bc-4741-9b61-6acdca055201,billing,0207 Joshua Estates,South Meghanburgh,MP,19667,US
1064c420-ee8f-4cde-9afb-2bcdcd87739f,5efbc528-b69c-4332-8273-f55de704364f,shipping,2459 Bryan Pass Apt. 174,Robertborough,GA,57916,US
12590211-4237-4135-89d5-5a79221e713f,e1a7b8f5-889c-4878-851a-4c5f80227103,shipping,3485 David Bypass Apt. 946,West Ericaland,MN,21011,US
f16b4266-7d4e-4a67-b6ad-83675adad059,a362e74e-3394-4297-86af-1d6fbcca5851,shipping,5274 Lester Vista Suite 663,Blackshire,PR,68534,US
b10fb516-fd9f-4c32-bcd2-1076ce943c5b,e5c9d5a5-dfb8-40c7-91be-c5cae30e47f7,shipping,5869 Ann Parks,Travistown,RI,47230,US
454ecd91-7ca7-4881-99d8-568db7c47326,25fdad55-8ad4-441f-9e0e-3fef30b9a102,shipping,12265 Patrick Unions,West Jennifer,CA,67405,US
71a125bc-6c24-4142-807d-625772bb3cc6,25fdad55-8ad4-441f-9e0e-3fef30b9a102,billing,97321 Lopez Plains Apt. 055,Everetttown,DC,77058,US
7e7e4ad8-0a2c-4d0a-8b1a-a0bab7cc57cb,5c7beb1c-0512-4d0f-ad89-efb86d807dfb,shipping,566 Bright Greens Suite 238,Taylormouth,DE,74800,US
bf107787-be7e-4cba-a43e-1c74711bec5e,cda5ae75-62de-49d6-8126-3107d6c619ea,shipping,658 Hannah Plaza,Buckside,OH,31704,US
d8ac8206-8608-4ac2-9a6f-cad0ebd10baa,48360cb1-f1b0-40e2-94e1-875bb3617b1d,shipping,296 Mcintyre Bridge,West Anthony,MA,15877,US
b8cb88b4-cb56-4b08-b4be-1e22997684cf,b7b1776e-a71d-4ebb-8225-72d23490b0b8,shipping,208 Sandoval Light,East Cynthia,MD,53934,US
a9bff8a0-b80c-44b1-b220-a4a55d96c041,2a34cc0c-6472-4541-8301-fda3301d401f,shipping,872 Arellano Pine,North Mariafurt,NY,66904,US
1f9af875-9466-4e86-9aa4-970269c406a3,2a34cc0c-6472-4541-8301-fda3301d401f,billing,9753 Kennedy Road Apt. 334,Woodsburgh,OH,29031,US
260c79f8-bfaa-49e7-85a6-6bdb06c4f32a,e199a62e-63a8-4df6-b9bd-9cd458220472,shipping,7088 Richard Road Suite 465,Port Georgetown,CA,32330,US
1c037694-06b1-472a-bfe5-08315020c40b,266f2996-7ece-41bb-8e00-a07e4fadf871,shipping,18845 Jennifer Valleys Apt. 929,Singhfort,WI,09587,US
d6221607-c87c-4f54-a8d6-5f294eaa25d0,29043bd9-7601-460e-9c50-2c1edcc08bf8,shipping,4511 Willis Mission,Smithfurt,NE,48512,US
5fdbb62e-5d07-4371-b8cd-c02d7c6275ab,c8cb7da3-8103-4a85-bf2f-b4e67ccc2409,shipping,0609 Paula Divide,East Jasonmouth,OR,90662,US
532ee483-0cc6-488d-ac64-a358de8b40db,c8cb7da3-8103-4a85-bf2f-b4e67ccc2409,billing,06967 Buchanan Canyon,South Miguel,WY,05828,US
2bfce238-9134-4cf6-9e0b-22250ac30314,f9ba7cd1-814f-465f-9dec-e7e370abd093,shipping,1973 Christian Trail,Lake Sherrimouth,NM,17077,US
5cf51fe2-332a-47b5-9a53-6b2564f19eb7,f9ba7cd1-814f-465f-9dec-e7e370abd093,billing,60604 Murphy Forest Apt. 847,South Stephen,DC,79016,US
caa69149-a61f-4151-a374-3dfaba03aef8,3350f04d-1251-4402-ab3a-962ef3a0262e,shipping,604 Lewis Manor Suite 473,Laneside,CA,34864,US
f94a6140-e209-4d76-b58b-5191f3596443,ceff5c43-f18a-4307-8118-fff8a6c80960,shipping,80232 Hernandez Bridge Suite 485,Nelsonchester,MA,49487,US
e4df241d-5454-4eaf-986d-55a1dd6f4961,6cfa4fb9-1645-42cd-ac71-06bd7703f32b,shipping,07206 Chapman Village Apt. 526,West Steven,OR,80759,US
40798db2-8fbb-4968-a0c5-34a17034c94c,077b85f9-fc7e-498d-87d4-abed1caa0621,shipping,8374 Christopher Shoals,West Erikamouth,CT,74878,US
4177aee5-436d-484c-acbb-a5e29ce33925,aeb1adb1-ed4d-4dc4-863e-58b87114fcda,shipping,46003 Smith Freeway Apt. 430,New Rachel,GU,96091,US
93b0f755-7b8c-4e16-a061-127736b30221,add35693-4767-4d03-9897-ae20fa88eab4,shipping,549 Smith Viaduct Suite 001,Samanthafort,CT,08903,US
5cf83b5d-bb4f-4b48-adf6-3bf0b36bf5df,ff5c6bc2-ceff-4f49-82a8-686ab35b1296,shipping,299 Crystal Lock,Jamesview,ND,83943,US
623aa819-26ab-4d12-8194-8d1bb98aacdf,4d71bcdb-e801-45be-941f-48002fb7370b,shipping,14980 Lozano Knoll,Stephanieside,OK,89857,US
313cbfa2-04c6-46d5-8560-135aade86266,42ddc4f2-11cf-44b2-bec3-df994d13ebce,shipping,002 Clark Flat Suite 475,South Misty,KS,66011,US
af799c93-90af-4166-9a5c-4b55e76abfd0,a9ab3e3e-5e3a-4244-877d-a4b07c069c99,shipping,160 Floyd Grove,Salazarhaven,UT,62742,US
dd79dba4-c539-4785-a2a5-1f4f735f2a2c,a9ab3e3e-5e3a-4244-877d-a4b07c069c99,billing,26176 Reid Overpass,Kathyside,LA,40080,US
30712333-f145-4d9b-b165-5601d64fa425,86a52266-800f-425d-a64e-6e6ba6536c0c,shipping,1750 David Via Suite 531,East Bryanshire,AZ,09631,US
05c54541-dfd4-4d7c-ba1a-bc2ddabc52f2,e31252b3-ea3d-4a3f-bfb0-952342768801,shipping,5109 Mack Fort,Morenoburgh,VA,83384,US
a5f84e68-1a71-49f1-8ebb-675fd277af69,88d3ed2e-0ebd-4d47-be91-c310d7b6b465,shipping,6432 Rachel Burgs,West Henry,WA,80718,US
e118c623-5380-4f96-97d4-83d2620434d3,a54fbd1a-70ec-472b-ab7d-07ac01d2ff57,shipping,762 Pedro Junction,Port Kim,AZ,95213,US
f06c086b-8ed4-482f-a4b8-fd34810f787e,f0de77dd-eabc-4ee4-ac29-c200f494701d,shipping,8843 Bryant Tunnel,Brookstown,CO,73497,US
da3ec275-12e3-4dc4-8fe3-e60df9764a51,794f8068-8d4d-4e3c-9bfe-b67a6ec12ca3,shipping,183 Amanda Hill Suite 291,Johnsonberg,CT,35170,US
43bc217f-d02b-4672-8993-566b4164190f,794f8068-8d4d-4e3c-9bfe-b67a6ec12ca3,billing,32906 Timothy Turnpike Apt. 367,Vanessaburgh,NV,08602,US
ea89a47f-0acf-4282-ad72-9dbc0c161ff6,ed48b87f-43af-4aa8-be9d-ceb3e8d6a728,shipping,400 Laura Centers,Bryantmouth,NE,95469,US
a68eef9b-ff9d-4b88-9fb9-47b5f3bf93bc,ed48b87f-43af-4aa8-be9d-ceb3e8d6a728,billing,486 Jessica Spurs,West Thomas,MT,42839,US
731023fd-28be-4c63-ad13-63dd9e66dda2,d64eb00a-12e3-401c-90f6-1d8399dca9ee,shipping,686 Michael Club,Cohenfurt,OH,28536,US
3362d6ae-6fcf-47b0-9881-827c10df2b95,2fe555a7-02ba-4f55-801d-3ccf1ed73401,shipping,88406 Paul Squares Suite 531,Garciaberg,AZ,66023,US
7ffc4d0a-2625-4107-ad18-88dee14e33fd,2fe555a7-02ba-4f55-801d-3ccf1ed73401,billing,62344 Miller Underpass Apt. 441,Jayfurt,MP,11932,US
55ad13a3-045d-4498-8941-626dae681c1b,085ec050-66a9-4dc7-ad28-77468ec5d127,shipping,51476 Christopher Ways,Welchbury,CA,79035,US
b8af6494-dfd4-4a29-ab0e-6a678aef9ecc,ebf9e568-6c67-493e-a68b-2568d518ad0d,shipping,139 Espinoza Path Suite 578,Keithchester,NJ,51558,US
c723ad05-7782-4bc1-99c1-a7778bd27273,9c789e70-8ab4-4565-bcc4-f628db08547c,shipping,381 Lopez Hollow,Kingland,SC,25322,US
5a4584fa-3990-4d4f-8133-ec2bd4acf4ca,c31499b8-88fe-47ad-a8f1-32cc8baa3e7a,shipping,5473 Gary Loop,Anthonymouth,NM,89260,US
9d27a8d4-84d1-4c78-92de-2393dc7d0e86,c31499b8-88fe-47ad-a8f1-32cc8baa3e7a,billing,8827 West Port Apt. 417,Fischerburgh,ND,20189,US
5989dffe-b971-4197-af1d-ffdf72df467a,a62d0f3d-6779-4812-8a5d-cd62f8451818,shipping,69851 Dawson Burgs Suite 334,Tyronemouth,AK,04495,US
5e695453-ce9a-41c9-ba86-503e6c09a3e2,a62d0f3d-6779-4812-8a5d-cd62f8451818,billing,178 Michelle Trail,Oliverland,NC,64441,US
947da6db-4ef0-4ce2-ac29-ea27873b35e1,a2719d75-c5ea-4c48-8123-912da6a58ce9,shipping,751 Lewis Cove Suite 956,Erinberg,OH,22175,US
6dfe01ce-51d0-4bea-b58b-d01414009f5c,57147f8e-256f-4ebe-bb57-e69e30e881de,shipping,7381 Sanchez Throughway Apt. 627,Lake Ryan,NM,80503,US
86b8770f-565a-4919-84d9-a71081a69be0,57147f8e-256f-4ebe-bb57-e69e30e881de,billing,9386 Mark Port,Port Courtneyhaven,NE,87273,US
8dc02d07-d904-4578-a268-a9c1569b35ed,af72e760-9c9d-48c5-a7e3-9b82fa7e8224,shipping,896 Valencia Landing,Lake Donnabury,FM,84787,US
a23e9e3a-e1f5-463d-91b8-ca04e581b09d,66349fde-6d17-4247-bbcc-6ed009bc828f,shipping,5055 Cole Union Suite 906,New Scottview,NJ,07422,US
32881f0c-b00d-461d-907a-0ca86cffaecd,c131a9cd-4be5-450a-b7ca-6b9d133e6e91,shipping,41317 Patrick Lane,South Sean,IN,05808,US
fdf770cc-bf54-4ea2-a8dd-f97f455296bc,c131a9cd-4be5-450a-b7ca-6b9d133e6e91,billing,248 Ryan Roads Apt. 240,Jonesstad,IA,70136,US
5ea08be6-15a6-47d2-858c-ce268831653a,823f4e42-863d-41e5-93b5-6699f2004f11,shipping,612 Cross Fields,West Makayla,WA,57110,US
73bbef0d-1d07-46c6-9c63-439bf964d830,9cd41384-572d-41ee-8af2-f1be5f0ff9d8,shipping,0257 Buck Squares Suite 182,Wileymouth,GU,08871,US
b70c8a25-c8d8-427e-8c48-d95decb7f196,31eb2468-058b-4a1f-b0e6-0f85621d7144,shipping,1052 Lawrence Ville Apt. 446,East Erinton,GA,31431,US
947bd81d-1baf-4bd7-8221-c8b197e009bd,dd8d5872-a6f6-4fe1-baf1-8260059b2702,shipping,46230 Wilcox Valleys,Nicoleburgh,CA,72999,US
73d3a6f2-5077-4574-8643-3e00f3035b6a,dd8d5872-a6f6-4fe1-baf1-8260059b2702,billing,076 Rivera Plaza,South Kathy,WV,79004,US
6d9df04f-4d2f-4852-906e-0877e0715e3a,d3ad344a-e6d6-4c0e-ab07-c14edba2634e,shipping,9920 Hunter Mountain Apt. 132,Amyview,HI,66913,US
b753d8dc-f896-4cf4-a628-0465a4302a17,d17a30ab-c0eb-4256-9874-faedf1d1b326,shipping,4648 Jennifer Divide,Port Michelle,GA,49497,US
a6953742-17e4-4aeb-8b69-1f5ae6492061,36e3371c-5b8b-4417-9267-1b4ffffcf205,shipping,625 Yates Crest,Cheyennechester,KY,33084,US
576bd839-5db4-4927-b72b-0babf240bb61,7c2a3c95-a083-485d-8f0c-291baed9db09,shipping,4945 Danielle Pass,Noblemouth,CO,05752,US
675ed840-6d60-40c4-8308-1a9774452da8,dd049a97-cffa-4215-96b3-92ca6316b9ba,shipping,3321 Carr Hollow Suite 239,South Laura,SD,70870,US
428f0c2d-f1fd-4899-b798-66c4a455a752,dd049a97-cffa-4215-96b3-92ca6316b9ba,billing,859 Gross Plaza,North Nicoleville,TN,26773,US
4a6e37f1-7857-4602-83a0-88a4ece8cd21,773b726e-f1c2-4e64-a982-65107b8c9f0e,shipping,93370 Kevin Court,South Christinafort,IL,38539,US
f1886b55-35e9-4dda-9af0-8f3610587668,773b726e-f1c2-4e64-a982-65107b8c9f0e,billing,860 Jennings Trace Suite 863,West Jennifer,VI,09404,US
a9fe5754-902c-4c7c-a557-d72729b479bd,e8700330-20a1-4c87-ba10-862ed1534068,shipping,826 Valerie Extensions,Port Kristina,TN,87447,US
aaa4fb98-2630-4437-a176-5c5220ae1e84,e02714d8-df21-440d-a284-3ebdec74eca9,shipping,89115 Park Fork Apt. 652,Grantview,NE,82966,US
447924db-7497-45c6-a4a6-24b18bdc44b6,85502a6a-90cf-4334-a234-70b2bdc66c9b,shipping,7562 Gomez Extensions,Jordanfurt,CA,19406,US
cd7d9202-551d-4d41-ad08-29597158b8f8,85502a6a-90cf-4334-a234-70b2bdc66c9b,billing,44936 Shaw Dam Apt. 473,Jonesstad,NM,71010,US
562e4b15-2636-44ec-9ce3-5a4f7f1f46c0,20e4605e-5e10-496a-a845-3bf40b0e0207,shipping,65530 Garrett Field Apt. 495,New Felicialand,AK,11554,US
fb041032-275f-4fb2-b492-17959c697e9e,8b404e2d-cab2-4083-adac-c896b18d8ae7,shipping,464 Mckay Cove,East Kyleborough,CT,11363,US
253086bc-dea7-4144-a6b4-1980918fff28,e03acec5-d6f8-4120-ada5-34404984e6ae,shipping,670 Patrick Track,New Rebecca,TX,33299,US
29eb65ad-1a11-4edc-b3bf-405c58da4ea9,8d92a870-ea73-41ba-9433-41186e91be7d,shipping,898 Jacob Shoals,Lake Keithborough,ND,37484,US
0a616f73-63c5-40ba-ab79-87e984cfb5f3,a4ffa7b6-9d13-4373-aeb1-e28033ba8db6,shipping,6171 Torres Turnpike Suite 755,North Christopherport,SD,89369,US
1079f36f-1821-495f-abc9-3f182ffa207b,a4ffa7b6-9d13-4373-aeb1-e28033ba8db6,billing,765 Justin Cliff Suite 635,Derrickhaven,WY,34488,US
299986a0-d97b-4b55-a41f-ebc377371afb,601816db-b33f-4a36-b7da-bc032caf6a13,shipping,63542 Heather Plaza,Josephmouth,KS,98567,US
3d6087fe-1182-41c2-87f8-80f52a1cbe33,e398c86d-fe3d-48c2-babf-9b6ea480d03f,shipping,13337 Savannah Point Apt. 527,Douglasfort,IL,63611,US
e0c57cd8-beb0-45be-b084-b276273f3431,87d216da-d6ce-4398-a9fc-6394db23130f,shipping,63052 Megan Rest Apt. 022,Jenkinsville,ME,07093,US
9ecd137b-0111-47ca-901b-f211c3f45a4b,78e3fb66-8991-49eb-a12e-bac86702f760,shipping,2065 Julian Pine,New Timothychester,KS,48348,US
bbda1ccc-c239-4bdc-96ce-6c9f0a356171,1ec53f09-fd58-44ad-89fb-d9af12855a88,shipping,0087 Vincent Lock,Lake Johnville,MD,33968,US
2bc5f231-ecc6-49bd-b21a-45bc2faaebfd,1ec53f09-fd58-44ad-89fb-d9af12855a88,billing,826 Wilson Cliff Apt. 314,Morganview,AR,79267,US
7336ba13-0f42-45a4-9066-ccf5b4cde30d,e3cf5ed6-0ada-45fa-ac02-a3d4995498b5,shipping,389 Lucas Avenue,Lake Benjamin,MI,98284,US
d7bb83e7-bdd6-4015-9fd2-6e98879d47f1,a279ddc6-58af-4460-8a1a-fac87318ab8b,shipping,455 Carroll Parkways Suite 910,Port Keithmouth,MI,20924,US
186af0a7-1a85-4778-bf71-b4fc5e2eb967,e380a03f-21f1-4f26-aafb-5704be2c729c,shipping,899 Derrick Ports Apt. 738,West Elizabethton,SD,82462,US
f89340cf-e0f9-4b74-91c6-d35f74bbe9ff,2e294a3c-b061-4e4e-aa49-9f47e8ccf70b,shipping,0224 Carpenter Meadow Apt. 739,Paultown,IN,32106,US
80f3a839-ad87-4204-970e-a929131bd709,47de6f2e-d8d8-4abe-b204-764411271d52,shipping,86737 Felicia Loaf,West Jesseland,MN,98548,US
952313b3-a60c-4af3-a94a-dec8be79747c,2a3d0187-6052-428c-bb34-fefec9319b8c,shipping,4815 Mcbride Pass Apt. 984,Smithport,DC,83643,US
3ce74768-097c-4b1e-8bf6-c11c5016bec9,2a3d0187-6052-428c-bb34-fefec9319b8c,billing,71326 Erika Groves Apt. 422,East Amandamouth,NC,01683,US
f930a660-e2dc-4a8f-bbb2-b0984726ecf4,a2497ae2-f8c3-4d4d-ad5c-3736510f294a,shipping,45815 Thompson Estate Suite 690,North Juliefurt,LA,46913,US
98467261-e146-4575-97ad-a040b95523e8,cd752282-a131-4782-9ce4-c265fbb9470f,shipping,53739 Brandy Manor,Lake Whitneyberg,PR,47957,US
11b6246a-0aca-44a3-b496-7018072326c3,cd752282-a131-4782-9ce4-c265fbb9470f,billing,6174 Ingram Spur,New Melissa,IA,24260,US
e8784215-9c57-4608-8552-4f66afb8f86d,9ee6d56d-b303-45c8-afb3-f7a00fc524d3,shipping,2150 Roger Fort Apt. 842,East Hunter,AZ,48261,US
9f1e4cf0-24f0-4ef1-951f-563480d2f0bd,bdd4abb7-5cdb-408c-991f-d084e7c62d4a,shipping,7888 Palmer Course Apt. 368,South Johnfort,ID,84299,US
358b08df-5ecf-49d5-9daa-d389ebdd3007,7b1b866c-33e3-4dd3-a705-0739dc434c40,shipping,5409 Petersen Points,Port Melissastad,TN,56590,US
699a7060-88c9-4ebe-a79a-2ea46e97fbde,0017a571-3ccd-4ffc-80af-5a7111858d1a,shipping,19130 Cortez Turnpike,West Christopher,KS,14264,US
3ea39142-a7d9-4b35-8813-c2120e3faefa,217117f9-7df3-4889-8f67-1c95e094ee11,shipping,14738 Watson Fields Apt. 166,Lake Laura,MD,42675,US
da84e5f4-239e-49a6-9f29-0bf93235273a,44e5d2f8-47a2-4e3c-81a7-561c4d52a514,shipping,80901 Jodi Inlet,Rebeccaport,NH,34593,US
72c44405-8346-4691-aefe-a8bed1621ae9,6e49cd2e-e0e2-4eaf-86b7-fc4d8e614073,shipping,2401 Cooley Motorway Suite 914,Lisatown,WV,99534,US
267005c2-2369-460b-81e9-13a67d50ee3c,6e49cd2e-e0e2-4eaf-86b7-fc4d8e614073,billing,98203 Elizabeth Spring,Port Samuelview,LA,09983,US
bf8d355e-702b-4efb-9739-390ecc6a098f,c96851f8-52db-4774-ad7b-a6de6ad77979,shipping,739 Jacqueline Inlet Suite 271,Port Monicabury,DE,03819,US
d287c5fe-c7eb-4f2b-94e9-89fa13fa7e08,14f53383-a78b-400d-9513-0ed7fe07f253,shipping,601 Davis Shoal Apt. 202,Mariomouth,VI,71836,US
d2834985-a51a-4c65-9f17-48befe2165ec,b50bbcb8-c6be-480a-a7bd-1f9ccc4efe04,shipping,8238 Adams Land,Riveraberg,UT,98855,US
0f14145c-dad6-49f7-a842-092716eb0226,d41df839-ecc1-4767-ba5b-6104cadc056a,shipping,11975 Erickson Gateway,Francostad,PW,93216,US
0e5cdfd7-38fb-441c-aa75-0bbc048f4755,50f284c3-d7dd-48ab-ba0a-b96af1988992,shipping,26539 Rebekah Stream Suite 377,Abbottview,OR,89993,US
6ecf6e2c-dc26-455a-b8e2-14f3dcf354e1,290d9144-5fef-44a9-84fc-a5c8c6eb3f14,shipping,707 Brian Gateway,Michaelville,IN,87816,US
89c63e2b-e6de-482b-9f66-15d207ed72ea,4957a8c0-9019-4ffd-ba7f-3e38b8ba2ec0,shipping,2751 Zavala Village Apt. 934,Jenniferton,MS,88425,US
982f4be0-88b3-4d62-83ed-ef75a9147589,3ed7c4ff-b0ed-4540-902a-f016fae228be,shipping,1921 Michael Rapids Suite 381,Port Christine,MA,29242,US
baf96bca-5ab7-4eef-9d0d-b8dbe6bd2c0b,777b4ef0-b129-4519-bea6-1a0a56e38bab,shipping,267 Jody Ridge Apt. 860,Heatherside,MT,23661,US
4fb7b27e-941d-455c-840c-7ce8339c5aa1,777b4ef0-b129-4519-bea6-1a0a56e38bab,billing,4068 Tyler Villages Suite 692,Annetteton,NJ,51856,US
f56b9b5c-c9a7-41dd-bd15-ace588db65ef,e792d03b-4211-4f20-a070-73e07db6031a,shipping,61299 Smith Plains Suite 210,Joycechester,VA,01929,US
0dc668a7-c9c6-41f0-814e-0d44ea4d0ae9,9a612fac-54ff-4fd4-823e-7dcb0ca21f91,shipping,9872 Jessica Ville Apt. 899,Port Jason,AK,63614,US
cb64380d-6bcf-4eb6-b427-1f17eaff9d2c,a924321d-e4f5-4d21-a824-2d129d0efa64,shipping,98970 Andrew Mountain,Lloydshire,ME,37713,US
25be61c8-5b6d-4940-80a8-ee9eaf35f088,2c5d7810-97f3-4cc1-b403-0db2ed379b62,shipping,68249 Wilson Corner,Michaelstad,IL,81831,US
8bfea041-c29f-4058-844b-608933929316,2c5d7810-97f3-4cc1-b403-0db2ed379b62,billing,1374 Allison Locks,North Theresamouth,ND,11683,US
7023a424-1e67-4122-a3ed-2144b6f167ea,c0cb95fe-9d85-4164-a1c6-cfd7e530946f,shipping,51037 Melinda Corner,Lake Brianland,VT,95055,US
98be2389-d908-4d25-893d-fcb2f2341674,c0cb95fe-9d85-4164-a1c6-cfd7e530946f,billing,3960 Marquez Harbor,Zacharyfort,MT,85951,US
6ef19fb0-b697-4616-b2e8-60bbcf2f02d9,6efef0b8-0bea-48b0-b21c-9bff665836d0,shipping,127 Patricia Lakes Apt. 248,Lake Hollybury,MN,12084,US
2f916d98-2380-4352-9f8f-06cb1b6204b7,6e04806a-d22c-44ef-8661-8d169bf8031b,shipping,1052 Rojas Shores,Lake Heatherstad,MD,85116,US
1490f71d-acaf-4b46-92a5-4e4edff06bab,780aa376-7127-4e6e-a31a-6b1d06cd9a7d,shipping,7154 Sanchez Walk,South John,IA,96522,US
fc71a6c2-9f2c-494b-8f3f-b349ad1099a4,780aa376-7127-4e6e-a31a-6b1d06cd9a7d,billing,2790 Katrina Route Apt. 118,Lake Tyler,VT,58767,US
018c7b5c-83f6-4c0a-8a37-0ec16f0b3021,64f19466-42ba-47bc-8ec8-0a166589df14,shipping,4703 Brooks Points,New Evanchester,MN,53875,US
77342426-996d-405f-8b18-62e5bb48fc92,64f19466-42ba-47bc-8ec8-0a166589df14,billing,10764 Anderson Fall Suite 003,Port Tracychester,CT,84217,US
e65196be-d36d-4657-a9fd-2fb15fa6427c,2e38a478-55b3-4690-be9c-c4796928ed3c,shipping,95702 Molina Bypass,New Peter,NH,78949,US
44e3d509-f5f7-4496-ad22-bfd807626abc,49fb54a1-8402-40f8-9da2-a8253b03d77c,shipping,21390 Garcia Plaza Suite 496,Ruizport,AZ,23442,US
6eeeedea-2346-43a9-84bf-2bb0d89b2a12,90e28f86-49e6-46bc-abab-f32ef1ea8667,shipping,7421 Kristi Harbor Suite 559,Francisport,VA,22057,US
90af1dc8-7847-4c96-9ef1-00dec8e67150,5c4c568e-2a12-4925-9ed2-e6abf29517c0,shipping,1555 Brittany Lock Apt. 961,West Karenton,KY,03328,US
139f6ed6-4c63-4d2c-9cbc-d5299638ed7e,c6c95708-93b5-4b46-8a8c-c99f10b86367,shipping,47867 Hammond Rapid Suite 493,Lake Joshua,PA,22402,US
86748604-6063-4501-a7b2-e4920d992742,e0f156cc-0204-4d2e-b864-9d8e0211fa4d,shipping,37980 Rodriguez Trace Suite 257,Terribury,DE,62306,US
2dbe95ae-a507-42bf-ac31-ba04fac2a1be,e0f156cc-0204-4d2e-b864-9d8e0211fa4d,billing,19043 Timothy Glens Suite 721,Lake Sharonfurt,ME,20479,US
e43c862b-3aa2-4b3d-98b9-d034ca75adf8,ac35e78a-f00b-4fd3-a664-e7137d1fa2d5,shipping,8089 Brewer Mill Apt. 052,New Denisestad,PR,84007,US
79e6c476-b4a0-4535-960f-d1a98ed8552b,ac35e78a-f00b-4fd3-a664-e7137d1fa2d5,billing,79212 Harper Plains,East Rebecca,CT,24882,US
82e2cf01-7045-4f34-b127-eb97e38323ad,f74c2711-50f6-41db-9447-fc82b41fdee4,shipping,2197 Thomas Corner,Angelamouth,VA,60796,US
87a5c58e-8073-4e57-a17c-267fed0432af,f74c2711-50f6-41db-9447-fc82b41fdee4,billing,0607 Clay Inlet,Port Markport,WV,04648,US
043c95d5-402c-496c-b09b-26608f33c4fb,45d2a986-91ef-4ff2-8896-14ee4d6f5d60,shipping,3478 Mckinney Mount Apt. 084,Piercechester,MH,44386,US
63a3c7f2-c72f-437a-8b07-c0d70b637bcb,45d2a986-91ef-4ff2-8896-14ee4d6f5d60,billing,52316 Thompson Trace Apt. 564,West Kimbury,DC,27493,US
2ab63d6c-f677-4970-bd66-b8895afd4fa2,4fb3a629-3a53-4955-ae4c-d098fbe3fc81,shipping,3391 Alexander Freeway,North Sarah,HI,50707,US
b74f8a9f-493e-4caf-aa3e-51120ab35bd4,74558d52-d594-4111-b8d1-67eda8c2e02d,shipping,315 Derek Springs Suite 090,Williamston,ID,59556,US
cf9439f5-889e-4b6d-8143-6d3a0bdee298,74558d52-d594-4111-b8d1-67eda8c2e02d,billing,636 Barber Extensions,Meaganport,VI,30789,US
478df8ac-53bb-4ade-bacc-a5cda87edad2,8ff63afe-3ac7-486d-9ea2-c8530876b26a,shipping,872 Watson Plains,Mayport,WY,14780,US
f0c07286-b4da-4128-bdb8-5b198e53be9c,8ff63afe-3ac7-486d-9ea2-c8530876b26a,billing,215 White Bypass Suite 072,Sarahtown,ND,14628,US
0415992b-8855-4d7d-9c87-6015689f7a9d,0b1c8a85-cc25-4121-a275-6c217df5e2a2,shipping,30182 Russell Stream,Kingport,DE,40327,US
8d7dee2d-9b2f-42bf-872e-0e84ae84e63a,3722acf4-4eb1-403a-a281-6998b68b7330,shipping,67287 Daniels Orchard Suite 970,Port Kristinstad,LA,11821,US
bf23c139-2b0c-45f9-84d0-efe0f125ceb1,692adf47-3cce-41c4-aee7-f029fa028552,shipping,64213 Carter Path,Lake Michaelhaven,KY,16659,US
8eef9b8f-a5a7-4172-b372-f06efcae4bcd,692adf47-3cce-41c4-aee7-f029fa028552,billing,18614 Anita Manors,South Lanceton,ME,95303,US
f8965ea4-5054-4e54-ba01-04ecba1d80cc,089a0de3-9dc6-4e50-a277-86474a6a5748,shipping,6059 Marks Cove,East Kevin,AS,48581,US
98ff84ad-cd2f-4b0d-81de-2d66a5d2cd16,f0438a73-3e23-450f-96ae-d10d309430cd,shipping,29911 Rebecca Rest,Hallburgh,VA,22759,US
4b01c571-e5f9-4b51-9478-dc3c4f4a6e9d,e9abe999-01c2-4956-980b-49e3bf3af2e7,shipping,82409 Hailey Avenue,Huntborough,MP,92344,US
71320fb4-3aa7-45b8-92e8-7de597bed22b,209ea4d6-e0bc-47f0-93df-c6d1db5dd9b5,shipping,773 Janice Wall,South Kristinhaven,AS,21478,US
dda4a0ad-d246-4e05-8b28-35dc6eead60d,156c8bbc-b5f3-42c3-82fe-a93d95eb66e5,shipping,647 Hill Fields,Lake Pamelaborough,AZ,13755,US
14548b91-bc38-4276-9da7-afe18769b578,156c8bbc-b5f3-42c3-82fe-a93d95eb66e5,billing,569 Simpson Street Suite 515,East Stevenshire,WI,45718,US
552e9292-8d2a-4f3c-b964-ae6cac1d8bde,4a0afd66-b5e9-4f5a-921e-1d5918357907,shipping,428 Allen Springs,Michaelburgh,IL,57095,US
4778fc38-9b7d-4af7-bb17-5ad8aa58b4d6,f1dd6f23-6b75-4653-9ed0-379234252629,shipping,6106 Robert Shoal Apt. 516,New Sandra,MN,24895,US
d55c4576-5b78-4011-8957-314b109db90c,8b6fb660-80d9-4c16-946d-63bd656483c1,shipping,681 Gonzalez Lodge,Robertstown,NH,75720,US
946f5f37-2127-4dc6-bae1-a1f426088b05,52cbbe1f-e8c7-46c9-975f-938eff7cec8b,shipping,72461 Ethan Course,Lake Elizabeth,HI,99284,US
e11e51f3-a6dc-4016-9340-0633658c117b,d0c483ab-a121-485e-acdf-3aaa4ddad5a9,shipping,106 Small Prairie Apt. 044,South Shawnbury,MI,17091,US
c07bf09a-cf4c-4826-891d-b5a477349c6c,b299158a-7f4e-4248-8334-8bad92c47b2b,shipping,7202 Lee Run,Ruthport,NH,12660,US
6fb6d18b-a63d-4199-9868-3c296f35f7f4,b299158a-7f4e-4248-8334-8bad92c47b2b,billing,82798 Erik Track Suite 248,Nicoleborough,RI,94083,US
18dde4cd-0680-4950-af31-7c68261289df,026cb81d-b83d-4d1e-8d67-f7d159d0b195,shipping,200 Robert Row,Michaelfort,MP,69999,US
b3e78cd4-619d-48ef-8afe-feed9b99973f,8d0d5455-2f9b-468e-942e-0899c25b5009,shipping,682 Ronald Bypass,Johnsonland,TX,25045,US
442f9974-4cc6-4032-aa0d-1b28c8890ead,8d0d5455-2f9b-468e-942e-0899c25b5009,billing,517 Powell Groves Suite 360,Sharpmouth,MT,06993,US
d9f0e4bf-34b7-4ac3-90ff-09a6d817ee65,d99ede6a-3f54-4fa2-a465-88d14574be60,shipping,6499 Dennis Pike Suite 710,Feliciatown,IA,06616,US
de8bceff-d481-4000-9bbc-b135ab55f8e1,0d3c0a46-813c-496b-a3a0-ac29809c1a80,shipping,85261 Richard Ridges,North Nancy,IN,04361,US
ac8c135c-725b-4410-989c-9602f44cfe42,b7523fbc-900c-4ec0-9deb-aab3a062f346,shipping,410 Macias Gateway Suite 361,Scottland,VA,06691,US
7f459f57-9563-4895-9d6d-f8c838ae2210,b7523fbc-900c-4ec0-9deb-aab3a062f346,billing,67103 Cain Haven,Lake Mitchell,NE,18722,US
613b43a6-a134-4585-88ee-7d4cbc21ad41,a717434e-5dee-41fa-a2a1-9d6dbaaabf99,shipping,6914 Mathew Crest,New Ericburgh,MO,53769,US
add67ded-8101-4fd5-b3d8-2ab9885f8d06,f37f4f6b-198b-4c19-87b0-c77c06a4fde1,shipping,15863 Lopez Isle Apt. 038,Claytonburgh,IL,82786,US
71139a60-ef74-4c0e-b817-2d6febe20eb7,1023498b-fc45-4486-98b9-321460991a6f,shipping,980 Richard Forge Suite 686,Morganmouth,PA,62144,US
637e6500-9418-4d4e-9c1b-e795c1da8089,5e4198d7-cb81-4817-a177-208bc3b69899,shipping,7572 Wanda Fords Apt. 497,North Kaitlin,KS,64278,US
d076601d-0e19-48cc-9b60-3d6ce5fde6f7,114a61f7-a89a-48bb-a85a-342bb2cff6a1,shipping,5902 Romero Camp Apt. 634,Amberfurt,NY,74623,US
7ea21e5f-f532-4d6c-b1f1-bffbc3c3e205,c573d29d-72f4-4732-ba28-dc1affca4b67,shipping,4496 Baker Fields,Porterborough,OR,59188,US
70f0dcdb-673f-40cf-9a3c-9013aab72c3c,c573d29d-72f4-4732-ba28-dc1affca4b67,billing,257 James Plains Suite 950,West Johnstad,KS,61801,US
9d381c1f-191a-4bdb-a02b-0dc689e1b74c,ae73ea4b-944b-4923-aff7-b025200e98d0,shipping,0537 Turner Mews,West Joseph,NJ,47570,US
6bc35698-d825-4580-a5e8-6d00163d29a3,8eb18f03-847a-429b-898b-8434d2e113d9,shipping,724 Jones Rapids Apt. 825,Rosemouth,AS,21587,US
87f2965f-cc25-49f6-83de-c5c075a2897a,5166d2e4-2a50-4d14-9ce9-0865aac6e743,shipping,51976 William Square,Velazquezside,TN,44225,US
c4c101c7-f2f7-403d-b134-b21703dbeea8,b44c0ca4-c4ed-4783-822e-d288fe083748,shipping,1721 Timothy Avenue Apt. 722,Samanthaborough,IN,62059,US
84e13592-01f9-45c7-a537-f880d20f51ce,da6fa639-2ed5-4881-8410-4120a5e0da98,shipping,861 Scott Squares,Port Samantha,OR,57486,US
3e4c7578-f668-41e8-affa-73dd706f1b26,0ddab67b-9faa-4467-b2f6-d87e5cc17bc6,shipping,408 Wesley Pines,Simonburgh,DE,75271,US
cabe84bc-0064-4fac-bd5a-a5453de84be5,9d7a9b20-80b1-4ff2-898e-290dfd802100,shipping,156 Cooke Courts,New Christopher,OH,67911,US
6e26f55d-62d3-45ae-b3e3-b0b3b4725598,7937c30e-f979-44d1-b31d-8f9c33d8cd32,shipping,36452 Cook Ridge,South Anne,DE,08014,US
039fd7d1-5c73-44f1-9cc5-15746d6f2ef5,c5083c9b-7a21-419c-9879-d8dec3cdbc9c,shipping,593 Edward Fields Apt. 112,Lisaport,KY,71765,US
3936afe8-6390-445f-8986-482b26514265,b9982202-0d50-4871-93af-c92e08055871,shipping,017 Hicks Isle Apt. 522,South Spencerfurt,CA,70726,US
7c850629-fa7d-408e-b6ed-e254cc70e6da,0edf643e-6f42-4877-8149-a8f5d95d326d,shipping,979 Andrew Turnpike Apt. 686,Thomasberg,AL,34258,US
b4ebb0ec-f31f-4628-a056-39cc62792c18,c8eb5c48-8c31-4d75-bfa8-463c35fa17c5,shipping,75074 John Drive Apt. 048,New Kristenland,OH,21602,US
9175e825-ff54-4d2d-97e0-7dd5749dba95,c8eb5c48-8c31-4d75-bfa8-463c35fa17c5,billing,273 Weeks Knoll,Lake Darrenhaven,SC,99502,US
a2f7134a-9c73-47b4-8640-140812a9b520,54949914-e22b-4c44-a9b7-affc355c09d9,shipping,744 Anita Junctions,Pattersonview,PA,97497,US
ab8f5418-c0f4-47e0-a9e1-06032b5d69df,412cac32-9059-4285-97f1-d5b8fc5b2400,shipping,71947 Rogers Dam,Lake Brianville,SD,21718,US
58a0edd7-4342-4ab1-924f-15a2ed7a40b2,1a6c2ea3-3b6a-4feb-b929-f32e8b2056c0,shipping,7359 Davis Mount Suite 445,Port Lisaland,IA,16127,US
2c77f303-4fcd-4432-9ad6-a0b5e3dfa3c0,950a66be-10ca-40e5-a615-d6de775b172c,shipping,2811 Smith Gardens,Tiffanytown,AK,63752,US
7cd36c6a-9023-43a5-9f7b-e28e98349ad0,93036247-98b7-49d6-8a20-e7f9bfe48a56,shipping,810 Acosta Grove Apt. 769,Phillipton,VI,71999,US
4b1f3a69-081a-49e4-b829-af4ae2958479,fdbf4022-2d55-46b8-be57-acbb4c1cc489,shipping,262 Mario Creek Suite 271,Thomasshire,NJ,13130,US
2b9ae43a-3436-4c3c-8299-9d5c50d675b4,70a015f0-2083-40f2-8601-31edf5d838d0,shipping,2429 Ruiz Avenue,Russellfurt,KS,37865,US
a6f2a69f-5c15-4996-8c1c-e30ca4dc3410,70a015f0-2083-40f2-8601-31edf5d838d0,billing,0976 Martin Ports,Greerberg,AK,74733,US
0e84f78e-5180-42fc-aaed-431c86d20c61,1d782aab-e307-43fa-91fd-83d4154a60a2,shipping,3520 Rebecca Highway,New Jessicatown,PR,82419,US
c9e15435-a7e0-4096-b5cb-b98d85a6e357,a03f368a-fbfb-4a1e-835b-b8d758bb0ee0,shipping,282 Zachary Crossroad,Markchester,CT,30423,US
057abfd3-ae18-44e5-ab3a-54a3855b5ff3,929e62ec-80c8-4368-b0de-a2e677c2daa1,shipping,06631 Maynard Forks Suite 158,Coreyview,IL,44228,US
6ccd2219-b1b9-4f37-a4a6-6f91952e1758,d8723061-3c5a-4ccc-a562-eeb3b7bddf09,shipping,9211 Brandy Overpass,Port Laurenmouth,VT,83026,US
71b3fee3-68b1-4b8f-a650-585eb026d0e1,1ae90e9a-1936-4ede-983f-f8c2b5394d4d,shipping,264 Taylor Pike,Kevintown,OR,48015,US
860fab24-e157-4abc-ab0d-352e22a1f181,65412438-3be4-41ac-a45d-6ec8624eeaea,shipping,5840 Roger Forges,Port Kimberly,OK,70309,US
feaa0bf0-cdc0-4521-8c9c-5508b82ceba2,aa796284-ac55-4dd4-ae22-6d816d9fc67d,shipping,56460 Morgan Spurs Suite 290,Rickyshire,MO,08247,US
e8b459cc-797f-4226-b562-75caeb4787a4,d8ae6721-5faa-478f-b1bd-f0160804a6fa,shipping,98518 Jason Station Apt. 240,Burtonmouth,OH,79621,US
22c371d0-4917-4497-91be-5ff91d844590,d67ac70c-3720-4d63-bc59-1911d23ae874,shipping,03621 Margaret Unions,Lake Brianstad,AS,94544,US
1d694ed3-20e5-4d02-ae4a-7e5a38d0e1b9,d67ac70c-3720-4d63-bc59-1911d23ae874,billing,1602 Jackson Forges,Lake Karen,AL,54638,US
2d83f3fa-b996-47df-b18b-da53f8b4532e,d889116f-8b9e-4777-abc3-fdeb14130ee4,shipping,0677 Christina Way Apt. 478,North Joyton,IN,37111,US
8c63baf0-735d-4b6d-a1a8-8d0fb6445a98,114b5dc8-436c-421f-9a88-86620b3a9ef9,shipping,54084 Gibson Gateway Suite 617,Williamburgh,FL,49721,US
b2b4f167-dd14-495b-8e5b-eaba1a36dfef,91ffa0dd-750f-4995-b815-0159d83e8d8b,shipping,75785 Smith Avenue,South Stephanieview,DC,06460,US
fb6fa566-0f37-4ae9-9cf8-dcb5b4b1484e,97e8cc11-b331-4dc7-92ec-f8235a97e437,shipping,911 Lynn Fields Apt. 973,Randyland,IA,80792,US
6d2c7464-3e8d-4e03-974d-48e1fbb76684,b1d17f03-9623-4255-8b92-c80335a6aed0,shipping,853 Jo Trace,Bautistafurt,GA,50696,US
f5a0e8ca-ce2e-44f5-a9d2-365eb20c1ddd,ec763581-1fd2-48d9-a381-2b69a992d1fa,shipping,0614 Cynthia Point,Christopherfurt,FL,40888,US
bc86035b-d5ac-4f64-b6b9-999c8ad7b007,ec763581-1fd2-48d9-a381-2b69a992d1fa,billing,710 Smith Track,Mannhaven,CO,90974,US
aaf3c848-e7e1-49fb-b035-f228aa4c5ea1,5b3fa9fb-dd92-42d6-b49d-0e4ef3e7f01b,shipping,3080 Alvarado Parkway,South Sarah,OR,01272,US
820988d7-3316-45e1-a666-4d0338014b47,51a97403-ed04-49ed-b8af-178857e7475a,shipping,83142 William Underpass,Marvinside,VA,78457,US
8419a639-1449-4e60-a10a-c663d7e2337c,541b60e7-c859-4bce-b19f-cd4429459903,shipping,5580 Deborah Trail Apt. 127,West Kyle,NM,42034,US
d58cd9c2-1163-4597-9f6c-f9e4c002d895,3f4701d4-85e4-454d-bab4-67e9f118621c,shipping,97572 Hill Cove,Jasonfurt,CA,17363,US
8b2e8ef4-7191-4047-8550-e02fc5fe65f1,017c1e65-5e19-4f7f-b762-90f9ca891fc2,shipping,6254 Bell Divide Suite 299,Mannside,TN,35167,US
fcf9f1c9-460a-4a03-8c80-826080da670c,6515e738-4f04-44bf-822e-c78de635c873,shipping,589 Smith Glens Suite 506,East George,WY,15299,US
45f7d9e2-8fef-428a-a362-40fbdaecd634,18dcb8d1-e52c-46ad-aba3-ca8e751e6d74,shipping,73646 Sarah Viaduct Suite 754,Danieltown,MS,32389,US
df25cae4-2fc0-47f1-b306-8f92b04d9120,b7764c04-24d9-4d88-954c-81ef8e71f708,shipping,701 Robbins Rapid Apt. 074,Port Marthaville,OH,98365,US
22e6b513-8a69-4a75-a39a-fd43e7585730,dd33657b-5f10-4d54-8694-d2f74ffb7f50,shipping,446 Golden Station Apt. 938,Katrinaland,DE,43635,US
a8812cf7-6baa-49c5-a743-be12c7388841,dd33657b-5f10-4d54-8694-d2f74ffb7f50,billing,1368 Gerald Wells Apt. 031,Jenniferland,FL,02558,US
a0b746de-d22f-4b52-beb0-c7bde12a7982,52fc3a53-4ebf-468e-8c8f-8e6c741b1f8d,shipping,7879 Mcdonald Landing Apt. 385,West Kevin,PW,66438,US
e9584b92-50e5-4d29-97f9-42f64afc4ed6,52fc3a53-4ebf-468e-8c8f-8e6c741b1f8d,billing,5892 Nelson Station,North Amandaberg,OH,93357,US
b97dc640-a499-45cb-bccc-61380d8942e7,b7cfbaec-df38-4f68-86d4-09817b13f983,shipping,1229 Smith Meadow Apt. 732,East Timothyhaven,ND,71349,US
5795e742-1368-498a-880d-05bc5cf1bf0f,65149841-88bc-4638-9ba2-680cf0a72cc4,shipping,297 Leonard Lane Suite 944,Lake Travis,MO,36594,US
7ba3f1a0-5418-4f77-b507-712286f30607,bc01733f-a88c-4f06-8541-8ba0b15d1373,shipping,1988 Ralph Squares,New Elizabeth,MT,79170,US
ac415e95-c8df-4927-9764-5d633e8fc729,bc01733f-a88c-4f06-8541-8ba0b15d1373,billing,87827 Ortiz Garden,South Brendanfurt,RI,78965,US
7d881161-2c6c-4292-919b-04c8f394b6ca,d4386796-9f2a-4c60-85b5-0e2065214ba5,shipping,4446 Williams Dale Apt. 083,Gardnerbury,OR,19235,US
773ca809-1cdb-4fef-a6c0-01f17cc7f4df,0973f7c1-b356-4828-ad66-cc5d523f8ac7,shipping,47330 Baker Underpass Suite 588,South Charles,SC,62745,US
e4be82c7-a809-4dde-ba08-92f576bde655,0973f7c1-b356-4828-ad66-cc5d523f8ac7,billing,530 Allison Hollow,Howardmouth,MD,93390,US
15cfe87a-93bc-4b09-96e7-3a83b013257d,6cd1d2e7-74aa-4ca6-823d-29e1dbaa17fd,shipping,29746 Sydney Cliffs,East Abigail,NC,10290,US
58e8c4a1-bc88-4d02-8016-48f94a6d4a31,ebb3475b-e832-4fb2-b03f-efc6a6a4e57d,shipping,4358 Timothy Viaduct Suite 595,Port Danielside,MP,42232,US
57ab182e-feae-42a6-8b42-23977efb347a,8db7f9f4-e87e-4f4f-ae6c-b008f09072c0,shipping,529 Lee Rapid,East Joseph,MD,27793,US
0de10760-826a-4a9b-a2fc-8b71f0939f88,711698a0-f3e7-4bbc-bbf2-1a57b239c1f3,shipping,338 Ruiz Islands,Port Bryanborough,WA,44565,US
9a8b69ba-cc3c-4725-8dda-e167df0fd030,ab72683c-550e-4813-bf4c-95d4f003ac51,shipping,79612 Jennifer Parkway,Lake Kristenberg,VT,17416,US
d5e79a5f-5854-4806-be47-0abb6fd5812c,9584bced-699c-486c-adf7-ff8ea32e55f0,shipping,030 Abigail River Suite 515,Smithburgh,ME,65728,US
04f50db0-b645-44a8-8f17-3a6b2375110c,db9345e5-305e-4da6-a212-b5e12e46991a,shipping,616 Sullivan Rue Apt. 702,Michealchester,WI,67940,US
7843160e-f08f-421a-a1b9-25ad64b5ef43,db9345e5-305e-4da6-a212-b5e12e46991a,billing,8853 Chandler Canyon Suite 366,North Anna,FM,12255,US
cde3d277-e2c6-4f4f-b660-f1db0baff033,abf3a802-348d-48a2-b85d-a9d51ec03039,shipping,088 Benjamin Bridge,Lake Michelle,TN,02027,US
eafc5275-c243-41bb-8d6e-060a67dff674,abf3a802-348d-48a2-b85d-a9d51ec03039,billing,677 Hood Summit Suite 679,Cortezmouth,MA,41339,US
5ed464dc-ded9-4600-aaa5-ac5995133345,9e40f08a-7af4-44e6-bc3c-29f1ecee951d,shipping,01151 Heather Extensions Suite 851,Martinezshire,NC,89407,US
8aa01b9d-d6bd-460e-9113-062e678250c6,6253bdb0-3a66-4c57-b0a3-a64a4cecad2c,shipping,899 Kyle Drive Suite 449,Dennisbury,LA,76273,US
34cad3c9-6e72-4b1d-aee9-9b0d4db5c364,922d34e4-812a-419b-9292-756dfcaa31fc,shipping,179 Gregory Stravenue Apt. 262,Port Michaelville,DE,84259,US
de96bd10-bac6-4476-83d0-0e31f0d00932,922d34e4-812a-419b-9292-756dfcaa31fc,billing,292 Silva Grove,Port Mark,MN,67201,US
a3699222-03de-43f4-840f-6e59a420c77d,ef3b0bc8-08f0-4191-ae89-236f18f58860,shipping,3687 Martha Island Suite 684,Lake Ricky,RI,19859,US
6d11ef98-d238-4b10-9dc1-75cccb33e250,bb8975e7-f014-404a-9e23-0c2c7a782d91,shipping,3078 Martin Row,Port Shelley,DC,80252,US
092f9511-7ba8-401d-9ea0-5b3871f2d518,da736272-035b-4099-b676-e43bbf037cf1,shipping,32447 Jessica Fork Suite 475,Bakerton,AZ,68033,US
9a0f0633-534a-4f0a-a18c-a4e408fa4b0a,2b11abb3-004d-47c1-b620-4c2937a18155,shipping,599 Daniel Streets Apt. 494,West Brentburgh,DC,51475,US
436a1266-605a-48c4-9cf0-57569bfb0849,979b5a82-ff02-44b7-a118-670108669192,shipping,35454 Angela Valleys Suite 721,Lindsayview,AL,68162,US
4589f728-f699-4eba-a1c7-d94105346036,28c98cb1-e32f-42b5-9b4e-5d06df1f5b5b,shipping,53038 Jessica Estates Apt. 900,East Samuelshire,NV,90267,US
2336efe1-9e6d-455e-a534-6c329048c0ea,16bd2c36-700e-42ab-a6ad-6b70799927e0,shipping,182 Miller Way Apt. 089,Derekshire,SC,44802,US
06b3633d-2713-4858-98c5-c299738cc75e,d9603b3b-5495-400b-9d2d-4d2d6a051844,shipping,55189 Davis Union,Cooperchester,AR,14885,US
416bc87a-b6b6-410d-b269-0e927607a230,ed6bf570-ff40-48b9-93c3-adf13aaf414a,shipping,97426 Lisa Port,New Stevenburgh,NY,64228,US
3c39e870-aeb7-4921-9359-20632206a19e,ed6bf570-ff40-48b9-93c3-adf13aaf414a,billing,6990 Mercer Turnpike,Kaylastad,MD,14944,US
03cffcd2-4ba8-4670-b00f-8cedad9c9347,b29fcec9-bd1b-4467-8355-55d7f97b9bd6,shipping,9642 Smith Via,Colemanfort,TN,52649,US
