id,cart_id,sku,quantity,unit_price_cents,added_at,removed_at,is_saved_for_later
e09f3518-0398-49f8-81ab-d5d0f871415a,95db1e0f-4794-446a-a917-08a485367f7a,BEV-001,1,600,2026-04-24T18:48:41,2026-04-24T19:00:41,False
4c69c503-a4a4-4966-bc6f-a7e4e9af14d6,95db1e0f-4794-446a-a917-08a485367f7a,BEV-001,-1,600,2026-04-24T18:57:41,,False
a6ad5c46-759b-4fbe-bb8e-f7015410869e,95db1e0f-4794-446a-a917-08a485367f7a,BEV-003,1,600,2026-04-24T19:15:41,,False
983df383-e7a9-487d-86b6-550ebafb3e37,8d05bcca-5895-48d5-b607-44c11082ab38,BEV-002,1,500,2026-05-12T03:50:40,,False
cde188a1-89e4-44a7-a73f-29275055d1aa,f4f00938-40d4-4e00-bca0-5ff8ed59006a,BEV-004,1,700,2026-03-09T00:18:40,,False
c50e97d2-fcaf-4842-9f6d-3be43def4cda,f4f00938-40d4-4e00-bca0-5ff8ed59006a,JAF-004,1,1400,2026-03-09T00:31:40,,False
f5273bb4-557a-422f-a8d1-ec1aeff3ceca,f4f00938-40d4-4e00-bca0-5ff8ed59006a,BEV-004,1,700,2026-03-09T00:49:40,,False
f829151f-f2b3-454b-a1c3-f2b22d0ff1ed,f4f00938-40d4-4e00-bca0-5ff8ed59006a,JAF-001,1,1100,2026-03-09T00:53:40,,False
92d63785-fb22-4618-85de-c38c4d50b780,1c5636cd-0858-4d62-b332-1ce1caab23f1,BEV-004,1,700,2026-03-22T07:46:46,2026-03-22T08:01:46,False
96fa28eb-b433-40ea-9366-771402f60b16,1c5636cd-0858-4d62-b332-1ce1caab23f1,JAF-001,1,1100,2026-03-22T07:47:46,,False
996cc0c3-e08a-4fb2-8785-695970106476,0fbd7230-f403-4fe5-903b-03a6f04c09f7,BEV-003,1,600,2026-03-03T19:43:15,,False
95099b93-c285-419a-a0df-7b91eb70b72f,c879f9e6-3b57-43c6-84d0-3ebdb83e09bf,JAF-004,2,1400,2026-03-18T14:47:48,,False
b4f73d6c-5ca7-42e2-aa6a-933e88e1bd34,5649e6b8-ea45-497c-8bea-e182b9b739e1,BEV-001,1,600,2026-03-07T09:13:26,,False
3a267b82-b196-4f0e-b8f1-d807493ad5b7,5649e6b8-ea45-497c-8bea-e182b9b739e1,BEV-003,1,600,2026-03-07T09:22:26,,False
b49b89dc-cd51-411f-8054-43ecfc85a115,b88a7be5-c478-4643-8a6c-946986a22e7c,BEV-005,1,400,2026-03-21T02:08:23,,False
c26afae1-babf-4387-9ee0-db7da27dc0c7,b88a7be5-c478-4643-8a6c-946986a22e7c,JAF-005,2,1200,2026-03-21T02:20:23,,False
e8895ada-6018-41c9-bd3f-eed7ccdee41a,b88a7be5-c478-4643-8a6c-946986a22e7c,BEV-001,1,600,2026-03-21T02:27:23,,False
187f7d98-5be7-4305-bac6-270f9602f949,0e9183c6-8488-4cd3-b280-3746c48cfbf8,BEV-002,1,500,2026-07-17T09:56:22,,False
ebb4c04a-c5e6-4994-88f2-3b7893eff4a3,0e9183c6-8488-4cd3-b280-3746c48cfbf8,BEV-001,1,600,2026-07-17T10:01:22,,False
1b6729f7-21f5-4ed0-9a9d-ddf22045744f,18d5c6fb-ad50-42f6-8902-a56bb4f8523d,BEV-002,1,500,2026-04-13T23:21:38,,False
0284ed65-f066-465a-b423-7a1a5c3744ed,18d5c6fb-ad50-42f6-8902-a56bb4f8523d,BEV-005,1,400,2026-04-13T23:35:38,,False
0d518ae9-fe9e-41b6-aff0-06b89372ac0f,70ee0916-0801-4702-a10f-e89e22d53f4f,BEV-003,1,600,2026-07-21T18:11:55,,False
3b13194d-261c-4ecd-a2bd-3a465a39115c,70ee0916-0801-4702-a10f-e89e22d53f4f,JAF-005,1,1200,2026-07-21T18:21:55,,False
f4230e2e-0401-4f40-b4dd-ed4b13fb7d71,70ee0916-0801-4702-a10f-e89e22d53f4f,JAF-002,1,1100,2026-07-21T18:25:55,,False
3ee4e707-f79c-47e9-8bff-99b9e365bbe1,c9db7d82-d606-4406-bbd1-0964ecbe6cbb,BEV-001,2,600,2026-04-02T23:49:18,,False
c235b2c1-b915-4b9d-a064-15e16526aba9,c9db7d82-d606-4406-bbd1-0964ecbe6cbb,JAF-004,1,1400,2026-04-03T00:00:18,,False
9578f2a0-7a5a-4535-97b6-48d8b41fae74,01bb7a74-454f-4c93-92ed-cdf78ee6c09f,JAF-003,1,1200,2026-06-03T21:12:26,2026-06-03T21:37:26,False
d8c48c75-646b-401b-a2ee-639812ceaa83,01bb7a74-454f-4c93-92ed-cdf78ee6c09f,JAF-001,1,1100,2026-06-03T21:16:26,,False
2d2280a2-79be-4f0f-a130-94e718a087b0,77dd1caf-d180-47cd-b5bf-809006a5f649,BEV-005,1,400,2026-02-22T13:31:19,,False
484740e5-3718-4132-bf62-89eef56b35c1,77dd1caf-d180-47cd-b5bf-809006a5f649,JAF-005,1,1200,2026-02-22T13:41:19,,False
9a868405-8964-4443-ad00-55e6ee8d7f39,77dd1caf-d180-47cd-b5bf-809006a5f649,BEV-004,1,700,2026-02-22T13:52:19,,False
c4be5138-8c44-42f3-9728-414c5e7fbbf8,39383d56-7ec4-4e98-a648-980b7d2022c1,BEV-004,1,700,2026-06-16T13:09:35,,False
251ed380-76fd-4ddf-8e4b-ab9299216906,39383d56-7ec4-4e98-a648-980b7d2022c1,BEV-003,2,600,2026-06-16T13:14:35,,False
043712b0-9558-4743-91a4-d02d41c2fd19,39383d56-7ec4-4e98-a648-980b7d2022c1,BEV-004,1,700,2026-06-16T13:25:35,,False
f05f3b4a-a344-408b-84e6-6c315a491386,03260f88-9cb2-45f8-9097-3a545d926998,BEV-002,1,500,2026-04-09T19:12:43,,False
348917df-d86b-4c94-8422-99603f9c6d54,03260f88-9cb2-45f8-9097-3a545d926998,JAF-001,1,1100,2026-04-09T19:21:43,,False
29f0a5ac-2374-431d-aecc-de80a12be662,03260f88-9cb2-45f8-9097-3a545d926998,JAF-001,1,1100,2026-04-09T19:25:43,,False
5159bed4-ad6f-4356-99ce-292f55b1822b,c9414fe1-bb15-4bf8-97e8-d064ed9d7859,BEV-003,1,600,2026-06-07T14:33:52,,False
0b20a433-6df0-4a2e-9f33-9daa2f863170,faa9d7ce-7f35-48e0-9b0f-f4b89294514c,JAF-004,1,1400,2026-04-16T14:06:31,,False
3edf0975-d0f5-4002-b713-a2c94cf8a17c,faa9d7ce-7f35-48e0-9b0f-f4b89294514c,JAF-005,3,1200,2026-04-16T14:07:31,,False
7ff98153-e4d7-41ba-a244-2defdfb45981,33564ebb-f763-40d3-b8fd-1b687b3d12f3,JAF-002,1,1100,2026-04-08T07:14:35,,False
be2c59f5-2b5f-4fa3-ab45-632f74a6f8f7,d10d8b31-8515-4592-89eb-9763b4b5f313,BEV-001,2,600,2026-06-08T07:28:45,,False
0e845e81-d7d4-4f80-8855-9f120053cc6d,d10d8b31-8515-4592-89eb-9763b4b5f313,BEV-004,1,700,2026-06-08T07:47:45,,False
2f65a67c-22c2-4957-9487-711ef34db1db,d10d8b31-8515-4592-89eb-9763b4b5f313,JAF-002,1,1100,2026-06-08T07:59:45,,False
25a204d3-42ca-4cd5-b6de-dd263fc57d73,e7661f2f-2a33-434d-85f1-2980bcfd7d43,JAF-003,1,1200,2026-06-14T05:46:53,,False
ce9035b4-ef8d-44c3-af57-858e4e51e449,e7661f2f-2a33-434d-85f1-2980bcfd7d43,JAF-003,1,1200,2026-06-14T05:53:53,,False
91f2ca01-9b6a-4e94-b266-cf225d4fb245,6b5a3a1f-f967-4430-8da9-2043ca4abf21,JAF-005,3,1200,2026-08-07T19:51:38,,False
fba9b34c-8de7-406e-a50f-0dad1f97ed35,6b5a3a1f-f967-4430-8da9-2043ca4abf21,JAF-001,1,1100,2026-08-07T20:07:38,,False
8da700d6-c7b0-4bce-a863-e4f118ad595c,0871fe18-c666-4386-954e-c9d64755a430,BEV-003,3,600,2026-07-25T13:50:06,,False
1f0b3dac-d757-474f-ab84-1c5791e64e44,0871fe18-c666-4386-954e-c9d64755a430,BEV-004,-1,700,2026-07-25T14:04:06,,False
e4d1cc59-e2e1-40c1-abb5-200305cc22ac,0871fe18-c666-4386-954e-c9d64755a430,BEV-005,1,400,2026-07-25T14:16:06,,False
831cf6bb-2b95-4d55-aaa3-6a3c01928729,0871fe18-c666-4386-954e-c9d64755a430,BEV-002,1,500,2026-07-25T14:36:06,,False
0ef8530f-29f3-4d61-b3e5-570e4abe96fa,7b0666c7-f04a-4db0-b9b4-243a51de9ded,BEV-003,1,600,2026-05-27T02:35:00,2026-05-27T02:40:00,False
967f238b-8a0a-4710-a810-0d4fb86a50ac,de78d2c9-43da-45d5-8b54-353953f52923,JAF-003,-1,1200,2026-03-26T05:08:50,,False
9b93990d-7d99-4850-ab29-9332dc89e6a7,de78d2c9-43da-45d5-8b54-353953f52923,BEV-004,3,700,2026-03-26T05:17:50,,False
c1a41860-0bfc-4776-8880-6673d7cb932c,de78d2c9-43da-45d5-8b54-353953f52923,BEV-005,1,400,2026-03-26T05:34:50,,False
be59bbac-76af-40e4-90a1-555d52c58899,de78d2c9-43da-45d5-8b54-353953f52923,BEV-002,-1,500,2026-03-26T05:37:50,,False
ecd4b107-1107-417f-bd32-d43a0a0c1e9e,261ef5b6-2166-41a4-b4dd-0b469c749c5d,BEV-003,1,600,2026-05-27T18:29:12,,False
cc8edd58-766c-4ceb-83e5-aee57f71a70d,261ef5b6-2166-41a4-b4dd-0b469c749c5d,JAF-004,1,1400,2026-05-27T18:46:12,,False
17323ec9-a825-4b53-bb94-ee08b53946ed,6b441763-b269-41a6-85f9-ea14596d07c4,JAF-005,1,1200,2026-07-27T07:09:22,,False
1f612c9b-bd85-4922-b173-9a068b59d147,6696d564-ea08-4009-8b40-3f1193ec4ba3,BEV-001,1,600,2026-03-28T18:58:42,,False
8e29bd4e-d168-401e-a959-575944e7adee,6696d564-ea08-4009-8b40-3f1193ec4ba3,JAF-001,2,1100,2026-03-28T19:08:42,,False
2bc67b53-be64-437b-97d9-2d0dcd25b5ea,6696d564-ea08-4009-8b40-3f1193ec4ba3,BEV-002,2,500,2026-03-28T19:21:42,,False
19b25140-7999-45c2-b26d-ba65ac9098e0,84428938-5193-4eb8-9706-df57ab3bc5d5,JAF-005,1,1200,2026-07-23T08:12:19,,False
44761d94-9c12-4e86-bd47-4286b5c280f4,84428938-5193-4eb8-9706-df57ab3bc5d5,JAF-004,1,1400,2026-07-23T08:22:19,,False
74c104fc-5192-4af5-8cb9-ab42d5e97440,84428938-5193-4eb8-9706-df57ab3bc5d5,BEV-005,1,400,2026-07-23T08:23:19,,False
ccfa2b87-6123-40fb-af6f-a2e81d2a792e,1a003ecc-8117-4c94-a91b-f915d681d031,JAF-005,1,1200,2026-05-11T19:27:48,2026-05-11T19:28:48,False
12e56755-11e1-4618-a0c5-e97093fae709,1a003ecc-8117-4c94-a91b-f915d681d031,JAF-005,1,1200,2026-05-11T19:46:48,,False
a631b46e-4367-4ee4-88d4-86bad612d97e,2b88d495-45e3-44f2-95f2-6cb3c3b73e49,BEV-003,1,600,2026-05-23T03:06:02,,False
a5e09d93-14d4-47d0-a4dd-137dca7ca7e7,53941e30-8dfc-4e53-bf77-722581e71e6d,BEV-005,1,400,2026-07-26T14:38:10,,False
26a302cb-b28b-4166-87de-f2cc3658c938,e9409b29-8911-4b42-9117-545319e38668,BEV-003,1,600,2026-03-05T10:46:20,,False
99c6e551-3699-4fb7-9a8a-8fe6cf5c7d5b,0a60401d-8088-4276-b655-cac2d566905e,BEV-003,1,600,2026-05-18T07:14:15,,False
914b3ba0-23d9-46c9-9ac5-0172370dbb98,0a60401d-8088-4276-b655-cac2d566905e,JAF-003,2,1200,2026-05-18T07:22:15,,False
470f25cf-595b-4907-9fac-6a3817443098,09064fd7-b03b-4ca9-88fc-8923b496f496,JAF-001,1,1100,2026-04-16T06:50:57,,False
78eff612-3b61-4435-8bd7-508f361f998c,09064fd7-b03b-4ca9-88fc-8923b496f496,JAF-002,-1,1100,2026-04-16T07:03:57,2026-04-16T07:06:57,False
bd84833e-c8ce-4759-978a-ed1e19af3fc3,9e731179-d5a2-4933-9bb4-046457aca5fc,BEV-004,1,700,2026-07-25T20:56:35,2026-07-25T21:18:35,False
d27ccb55-69a2-4a06-b669-ac5f91ea19a5,9e731179-d5a2-4933-9bb4-046457aca5fc,JAF-004,1,1400,2026-07-25T20:58:35,,False
ae901c09-69cb-4000-ba13-76ace62b666d,57762cee-a407-4341-b8a1-dfa3d27b2100,BEV-002,1,500,2026-03-25T07:41:36,,False
eb7225b3-35f3-4551-87c9-64359f32efeb,3904d087-df05-44cd-b923-f546b79bb1a3,BEV-004,2,700,2026-06-11T11:23:48,,False
77d1c2e7-a83b-4d73-8acc-56e4df14abef,3904d087-df05-44cd-b923-f546b79bb1a3,BEV-005,3,400,2026-06-11T11:30:48,,False
970d316f-fd1c-4b6d-8892-b57a7ea639bb,3904d087-df05-44cd-b923-f546b79bb1a3,BEV-001,1,600,2026-06-11T11:36:48,,False
978103e4-96c3-49d2-93be-ec4ef49ddb53,20da50ba-ab79-4847-9ef3-a3feb19e256d,BEV-002,1,500,2026-03-13T00:31:30,,False
f255a8bc-6fb6-4048-96d5-997a902bfd26,20da50ba-ab79-4847-9ef3-a3feb19e256d,BEV-004,1,700,2026-03-13T00:35:30,,False
44dbf09b-5c1a-42cc-a38a-b41f2f8613c6,20da50ba-ab79-4847-9ef3-a3feb19e256d,BEV-004,1,700,2026-03-13T00:42:30,,False
9b22f86f-57e9-4d83-abcd-759f2b1debc4,a1b6ac58-b35d-4fe1-bb16-0a145d1b71e5,JAF-001,1,1100,2026-04-20T19:27:09,2026-04-20T19:30:09,False
98279afd-6fc8-4c47-8e21-47b223305bf5,b9168387-eb8a-487e-a3e9-bc36790cd1e7,BEV-005,1,400,2026-03-09T10:08:51,,False
3c27247d-854c-40c5-9ae5-85573f9dc18f,b9168387-eb8a-487e-a3e9-bc36790cd1e7,BEV-004,1,700,2026-03-09T10:25:51,,False
eef0d689-42d0-454d-b76e-f6e8dc701d12,86ea0b3d-e268-4187-b9c3-a4a3c1fb275c,JAF-005,1,1200,2026-04-26T17:54:30,,False
e12b7d0b-4a59-4ead-b7a1-b0f295ee0ad5,86ea0b3d-e268-4187-b9c3-a4a3c1fb275c,JAF-002,1,1100,2026-04-26T18:04:30,,False
3dd01969-f5d5-4f01-b124-3fa9da30e3a9,3abb18e2-454c-4a56-93c9-fec97588f92c,JAF-005,3,1200,2026-05-03T12:43:50,,False
668e16a0-5d2c-4f71-8dd6-a2f4d72261f2,26fa5d3c-f466-4767-bb44-a3e34b2bd642,JAF-001,1,1100,2026-02-22T22:52:01,,False
3ffd3bd0-6fe9-4361-8434-c01040e3707c,26fa5d3c-f466-4767-bb44-a3e34b2bd642,JAF-004,3,1400,2026-02-22T22:53:01,,False
95f4bde9-94d5-4f40-a0dc-c32c12d84255,ccd5cb2d-20cb-4f51-93a6-c83a1a29496a,BEV-003,1,600,2026-08-03T21:29:58,,False
4e17822b-6b95-4420-becc-134d5aa25e84,a4399aab-eedf-4def-8cb4-5e6771840264,BEV-002,1,500,2026-07-09T15:17:11,,False
c6259969-f031-4472-bde9-0982aebc347c,19986e76-aec7-47eb-857c-a60f93aa1f1f,BEV-003,1,600,2026-05-25T02:19:49,,False
ed1cd01c-a91a-46df-b02c-c54fef5ab20b,e71a9159-0565-4a2f-8252-efb4fbfe6d87,JAF-003,1,1200,2026-04-27T11:01:06,,False
5687fbfc-dfe4-463c-877c-0eb71bcb2855,e71a9159-0565-4a2f-8252-efb4fbfe6d87,BEV-002,1,500,2026-04-27T11:08:06,,False
474e94df-9bed-40e1-964c-2d914d8563ee,75be6668-1ee6-41cc-88c3-1f53f7c97531,JAF-001,1,1100,2026-02-28T12:55:07,,False
df6b842b-b09d-4890-958f-5a6d1f7d576c,75be6668-1ee6-41cc-88c3-1f53f7c97531,BEV-003,1,600,2026-02-28T12:58:07,2026-02-28T13:28:07,False
1af4c5eb-fb6c-42e9-b11c-fb5b6c2d8e31,a3b1a6bb-b953-455c-b81d-a111a75fa8d1,BEV-002,2,500,2026-05-06T09:57:39,,False
ef2c6109-a43f-4b96-b92f-07cfff11fff8,bcb9f3fc-0c11-431c-9d3f-49b333954c5e,JAF-001,1,1100,2026-03-01T18:13:08,,False
22dc5f20-4bc7-457d-b9b7-6a68ad502ed6,b6bc4c9f-a933-44c2-8804-b80a6ad9bbe5,BEV-001,1,600,2026-05-08T14:52:33,,False
128e2126-e6f6-4457-bce1-2d94d287fd35,42acfadc-669a-4bdf-8dcb-47f1946f7a61,BEV-003,1,600,2026-05-04T09:29:59,,False
72315825-07b7-4495-839c-c283527dd7f1,0493b49a-9c43-413c-9ac5-c93e7761f3fa,BEV-004,1,700,2026-04-02T11:25:15,,False
a41c2c5e-af55-4f54-960b-a55a3d8b8e3f,0493b49a-9c43-413c-9ac5-c93e7761f3fa,BEV-005,1,400,2026-04-02T11:37:15,,False
70cc8d1e-e49c-4070-b5f9-ffa441332655,0493b49a-9c43-413c-9ac5-c93e7761f3fa,BEV-002,1,500,2026-04-02T11:55:15,,False
5125486e-7188-4c7a-8b02-ffedfccd1bea,b2e102b4-717e-41b6-89f2-1712f3403f8a,JAF-004,1,1400,2026-07-01T21:16:11,,False
a255a21c-961d-40d0-88d0-c52df44205b8,b258691a-d6c6-4f54-a36b-98af4cb4c471,JAF-002,3,1100,2026-04-20T21:54:05,2026-04-20T22:15:05,False
497c6a9a-bf79-4fbb-abca-5188336ce6d2,b258691a-d6c6-4f54-a36b-98af4cb4c471,JAF-001,1,1100,2026-04-20T21:57:05,,False
2c232029-a72c-4f46-8596-3137ab9439a3,b258691a-d6c6-4f54-a36b-98af4cb4c471,JAF-002,1,1100,2026-04-20T22:16:05,2026-04-20T22:29:05,False
79a94125-d7f4-4b56-882a-5295be717456,eff95d5e-9ede-4d7e-be92-9b3c5cbdf392,BEV-003,1,600,2026-07-09T22:41:30,,False
916d2d92-a555-4499-94a4-0b304bd2f56f,eeeb5841-f1f5-4935-be2b-5064161f364d,JAF-003,1,1200,2026-07-10T14:42:42,,False
fc506905-b104-4b6e-8376-c3d6a51a9bb8,eeeb5841-f1f5-4935-be2b-5064161f364d,JAF-003,3,1200,2026-07-10T14:59:42,,False
51277bf2-65bf-4d4c-aba4-53b55dfeb558,eeeb5841-f1f5-4935-be2b-5064161f364d,BEV-001,3,600,2026-07-10T15:05:42,,False
3b3cbaff-65c4-465d-aa29-adb7ca29b4f3,ef4ac8d9-7360-4c5c-858f-4df41d2e8aac,JAF-005,0,1200,2026-07-30T09:27:47,,False
c71f4501-1a22-4858-84c6-34367b3de282,ef4ac8d9-7360-4c5c-858f-4df41d2e8aac,JAF-004,3,1400,2026-07-30T09:45:47,,False
e3a65c6e-4d8b-48f8-8976-beed72564386,19392771-1e58-4f0f-b046-a617197a6ccf,BEV-002,1,500,2026-07-10T02:40:02,,False
6c4b8d2b-d07c-4ec3-accd-77bfeb2a15e8,19392771-1e58-4f0f-b046-a617197a6ccf,BEV-005,1,400,2026-07-10T02:47:02,,False
b4b766d3-6982-44de-aeb3-be902105510b,5c06f0f4-a807-4185-8add-941a10e23aa6,JAF-003,1,1200,2026-02-25T04:37:10,,False
542faed6-787f-47f6-83e7-48488ae2cf28,34fd806f-a858-45cc-bdce-c9a608add101,BEV-005,1,400,2026-05-08T13:41:59,,False
27a14cc7-9c26-4cc7-b201-88655ecdc29b,34fd806f-a858-45cc-bdce-c9a608add101,BEV-002,1,500,2026-05-08T13:59:59,,False
773646c0-990d-44f6-af82-92f088edc5c9,600f68fe-2dd7-4a44-997c-583e31dfd84a,JAF-001,1,1100,2026-04-15T08:49:08,,False
1e8adbf2-86c6-4f43-b88a-b6800167cc68,7af31582-1801-4f62-8a32-a8a1f9503579,BEV-004,1,700,2026-03-04T05:08:56,,False
8f1da39f-7b78-4387-a522-7a85ef8a34d0,c4263080-7040-477c-8c57-527cd9eb05ce,BEV-003,1,600,2026-04-08T03:12:04,,False
23fe8822-d5d5-4cb9-96cb-753ebab5dd94,78508c2a-f39f-45ba-a05c-a1451ee865cc,JAF-003,1,1200,2026-07-13T04:00:43,,False
20a6223e-1ea5-4552-9a88-cb8c3acb8775,78508c2a-f39f-45ba-a05c-a1451ee865cc,JAF-005,1,1200,2026-07-13T04:01:43,,False
2f934653-1138-4086-a068-aca83003aa41,78508c2a-f39f-45ba-a05c-a1451ee865cc,JAF-003,1,1200,2026-07-13T04:08:43,,False
0c09675f-8203-49b5-a6e6-adc7ee957faa,05a444c7-7d6e-4010-b502-3bdce3c963e8,BEV-002,2,500,2026-06-06T01:45:32,,False
2a02d6f0-17ce-448c-9f52-a910ba2b0317,57184c35-6665-442a-beab-f308445b37b2,BEV-005,1,400,2026-06-26T13:49:22,,False
f8e6fcb2-f631-4826-ab84-01c70eaf320c,e5e8e101-d744-4472-a610-7e67e607490b,JAF-005,1,1200,2026-05-28T23:55:41,,False
fae3786d-4e79-4e75-9dd2-4b7ac53e0c46,e5e8e101-d744-4472-a610-7e67e607490b,JAF-002,1,1100,2026-05-29T00:15:41,2026-05-29T00:29:41,False
190659e2-78d7-491f-8d91-09db901e1adb,e5e8e101-d744-4472-a610-7e67e607490b,BEV-001,3,600,2026-05-29T00:18:41,,True
cd18ce59-558d-4d62-b295-e42863080385,0658cf1f-08de-44de-8821-268f2cb2a8d5,JAF-003,1,1200,2026-03-21T06:11:46,,False
43d2c0f4-96fe-4820-a055-7264b03f7425,0bdd460c-0032-4b03-80d1-8b09181cbe39,JAF-003,1,1200,2026-07-10T01:40:37,,False
1355bd1a-0d82-4304-a09b-2ec61ba2d073,eab7921d-f23c-4046-ba7d-be20eaea4dfc,JAF-001,1,1100,2026-02-28T21:50:10,,False
fa3e9c83-b068-4823-86bb-ac1bdd71852f,eab7921d-f23c-4046-ba7d-be20eaea4dfc,JAF-002,1,1100,2026-02-28T22:05:10,,False
c884594a-079f-4852-aaa1-d9a6a8ed73c7,eab7921d-f23c-4046-ba7d-be20eaea4dfc,BEV-002,2,500,2026-02-28T22:16:10,,False
f315ff53-26cb-4b72-b9cf-ba9b6759fd3b,eab7921d-f23c-4046-ba7d-be20eaea4dfc,BEV-002,2,500,2026-02-28T22:22:10,,False
57768428-214b-44d1-aee6-6740e07614c9,b0a8eadf-99d3-4ef8-8156-ea286681d902,BEV-004,1,700,2026-04-25T05:33:01,,False
333903dc-9d71-4dc3-b7b6-ebd3b5ddcf24,b0a8eadf-99d3-4ef8-8156-ea286681d902,BEV-001,1,600,2026-04-25T05:37:01,,False
339008a1-1451-4ea5-938d-03ed8c721548,87814a18-867a-45d6-97fe-8bf6d8dde696,BEV-001,2,600,2026-02-16T18:23:05,,False
dd301a39-609a-4666-9a29-2c5c683fc74c,87814a18-867a-45d6-97fe-8bf6d8dde696,JAF-002,1,1100,2026-02-16T18:34:05,,False
2f25054d-c92e-479b-bbb2-396aee0b00e5,991ff661-51a2-4c69-9115-b5347b0e80a4,BEV-003,1,600,2026-03-18T02:54:05,,False
d978a043-7a32-4b39-818f-cf54ad9c49b4,991ff661-51a2-4c69-9115-b5347b0e80a4,JAF-005,1,1200,2026-03-18T03:01:05,,False
581638a6-a629-4f7a-b8fe-7bfa8d79a334,460b541c-b0c7-4f7d-9444-5ee395e231a4,BEV-003,1,600,2026-07-22T19:24:31,,False
bc8e0a50-e2e2-44a9-9c06-c4fa70958d7e,3eadafd7-a547-448e-9882-0c136c5f6e77,BEV-005,1,400,2026-07-01T04:30:21,,False
d45dc000-8386-4037-ada0-65023934646f,9c7f4645-835a-4056-9483-3013a9ccad6a,BEV-002,1,500,2026-03-09T20:18:12,,False
9b2c4129-e105-4501-b3a3-ca38bf19c8f2,9c7f4645-835a-4056-9483-3013a9ccad6a,JAF-002,1,1100,2026-03-09T20:36:12,,False
10123bb9-bead-490d-aeed-ba89cda97f75,ede98a9d-6ae6-45ee-a04b-04d0f202a8d6,JAF-003,2,1200,2026-05-21T11:27:00,,False
1b5462ee-397c-46e8-93ad-cf3149079784,ede98a9d-6ae6-45ee-a04b-04d0f202a8d6,BEV-001,3,600,2026-05-21T11:32:00,,False
a4d87121-cc17-457b-bff3-e125c696b630,c449d696-1234-474e-83e3-c3ec9b70041a,JAF-002,3,1100,2026-02-27T07:15:25,,False
7530d1fb-93c6-429b-ade9-cae093a574e3,89c4bc1a-de52-43aa-8012-f4aa374c05de,JAF-999-DELISTED,1,400,2026-05-12T10:36:18,,False
ccb5e7ea-d61c-4174-8cd4-75c1aa584d56,89c4bc1a-de52-43aa-8012-f4aa374c05de,JAF-002,1,1100,2026-05-12T10:56:18,,False
bb115858-68ea-4150-b7c3-d17a085d04c5,89c4bc1a-de52-43aa-8012-f4aa374c05de,JAF-002,1,1100,2026-05-12T11:07:18,,False
4f669945-9d38-442e-a30d-628f05cee8c9,89c4bc1a-de52-43aa-8012-f4aa374c05de,BEV-005,1,400,2026-05-12T11:12:18,,False
1ec62178-9a29-4bbd-8dfd-1e737c495d75,1c8f0955-d743-431a-8c1d-208326a2a09e,JAF-003,2,1200,2026-04-27T10:43:25,2026-04-27T11:07:25,False
92fb597c-843f-4a6b-8918-2995d22f8d3a,1c8f0955-d743-431a-8c1d-208326a2a09e,JAF-003,1,1200,2026-04-27T11:01:25,,False
8f943ef9-d657-447e-8479-e9c330cab253,1c8f0955-d743-431a-8c1d-208326a2a09e,BEV-003,1,600,2026-04-27T11:16:25,,False
f19b2e53-57b9-4a6e-af5f-c20b5548b8ed,1c8f0955-d743-431a-8c1d-208326a2a09e,JAF-003,1,1200,2026-04-27T11:25:25,,False
6611fd0a-4414-4d2a-a017-548442011157,2daa2920-a9b0-40be-8311-bf8ec46a8d3b,BEV-003,2,600,2026-05-19T20:22:01,,False
73026888-8fc5-4c23-8049-2bb7540c93ca,2daa2920-a9b0-40be-8311-bf8ec46a8d3b,BEV-003,1,600,2026-05-19T20:27:01,,False
8df7bdc9-c0ca-4c73-8d87-393aaff82096,2daa2920-a9b0-40be-8311-bf8ec46a8d3b,JAF-001,2,1100,2026-05-19T20:41:01,,False
599632f3-283c-40e7-acd2-e421e35b7135,2ca09a53-1e16-4d54-836a-8db5927dcf02,BEV-003,1,600,2026-06-04T06:04:55,,False
9c5a23fc-79d0-4833-a6d1-156992841484,2ca09a53-1e16-4d54-836a-8db5927dcf02,JAF-002,1,1100,2026-06-04T06:24:55,,False
967ac15c-a923-4484-80df-f17925566dcd,5093d002-47ba-4816-9ea5-a44dcffae71a,JAF-003,1,1200,2026-05-28T13:23:17,,False
df290be3-da7a-4e76-abb3-9d472f1ae94b,0ba9e94f-0959-4a32-8fc5-2ae7963f20ba,BEV-002,1,500,2026-06-01T05:35:05,,False
12135305-4ad8-4e4b-a271-6f01c376b337,fb420136-fb13-42db-93a4-faf9c9c46acd,BEV-003,0,600,2026-06-09T09:58:47,,False
cf1923d3-04b2-4e6e-accd-423a773ff651,fb420136-fb13-42db-93a4-faf9c9c46acd,BEV-002,0,500,2026-06-09T10:03:47,,False
3315db37-d361-4b90-bc21-f3cb7895a366,fb420136-fb13-42db-93a4-faf9c9c46acd,JAF-005,2,1200,2026-06-09T10:07:47,,False
c6890bea-da2f-45ac-9fe8-cccc261e6b10,cabc9f8d-1187-40e7-b6e6-40169b60d39e,BEV-005,1,400,2026-03-13T13:40:38,,False
e1c85a19-4176-4849-ad70-2d20cf43a85a,8b4bb710-dac9-432b-b655-9adb12acc481,JAF-003,1,1200,2026-04-14T02:39:07,,False
a8d6c8d5-1f78-4961-98b9-118e18ab4d5d,d14c17fd-e41c-435e-9919-4086ddc4f4ad,JAF-003,1,1200,2026-04-16T03:33:45,,False
92550fdc-3820-431f-a6b4-d4b1eefd4f39,731a27ea-f660-471b-9b57-6121a2d9eb8d,JAF-002,1,1100,2026-06-30T05:43:08,,False
1d8eab99-a873-453d-a482-3356d742c242,731a27ea-f660-471b-9b57-6121a2d9eb8d,JAF-003,1,1200,2026-06-30T06:01:08,,False
22253132-0334-449c-a03a-95f36fc976ee,4acd1552-d633-4498-abb2-5fb7087399f2,JAF-001,1,1100,2026-07-05T18:35:57,,False
dfb58a57-bd77-4672-8dbf-fdd1cb1e8190,4acd1552-d633-4498-abb2-5fb7087399f2,JAF-001,1,1100,2026-07-05T18:48:57,,False
e333e992-1a4a-4373-9380-b361f490f966,4acd1552-d633-4498-abb2-5fb7087399f2,JAF-001,2,1100,2026-07-05T18:52:57,,False
125ec137-b0be-42f8-914a-51c762c01339,4acd1552-d633-4498-abb2-5fb7087399f2,JAF-005,1,1200,2026-07-05T19:00:57,,True
77fe8392-1af2-403f-b143-674b9ecf3038,ae8d2f65-c87d-44e7-8d22-d5836ee01ab7,BEV-005,2,400,2026-05-22T15:53:42,,False
e5128297-b91b-4252-a26e-74ec5f83f9fd,ae8d2f65-c87d-44e7-8d22-d5836ee01ab7,JAF-001,1,1100,2026-05-22T16:02:42,,False
1c28e9f1-314a-4246-913e-86b29b195ad3,45ed904d-3c27-4189-9d9c-6286f4373112,BEV-004,1,700,2026-06-18T07:02:41,,False
c2688364-7323-4b1d-9c29-c4f9c5891382,45ed904d-3c27-4189-9d9c-6286f4373112,JAF-004,1,1400,2026-06-18T07:16:41,,False
e28996cd-54b8-448b-9da0-8f44b07dd075,45ed904d-3c27-4189-9d9c-6286f4373112,JAF-004,2,1400,2026-06-18T07:35:41,,False
f70a76ad-7cd7-46e3-93d6-c8ffe37b0755,8dc7a31c-0175-491f-9965-e38c50569c3b,JAF-004,1,1400,2026-08-04T23:31:05,,False
013b2638-529a-4124-8a01-7243efe498f3,8dc7a31c-0175-491f-9965-e38c50569c3b,JAF-005,1,1200,2026-08-04T23:34:05,,False
703bced2-e03a-42a8-9610-fafcbda1a680,8dc7a31c-0175-491f-9965-e38c50569c3b,JAF-002,1,1100,2026-08-04T23:44:05,,False
a2d4a2c2-99b0-4246-890e-be40163cf581,dc0c0fd7-fab7-4aa0-a13c-5108b92c0b15,JAF-004,2,1400,2026-07-09T07:57:29,,False
97b36c95-c821-42c2-a74a-10a44c64ec5a,7972f4d4-7ad1-47e3-983c-6bf7bca2062c,JAF-003,2,1200,2026-02-26T05:59:41,,False
b9b10547-d8b7-4d42-96b2-507c77387d79,83f45a0f-8251-4d54-a622-fb71294fa9e2,JAF-004,2,1400,2026-05-31T20:03:43,,False
a2f1248d-bd43-4d49-a5cd-589d6d59b43b,e11fae9e-7a0f-4fae-a5a5-dd9657363e3d,JAF-002,1,1100,2026-06-11T02:09:49,,False
29e1502c-4db4-4366-a058-d30acc3b4c16,aec6d193-3859-4140-bd53-6bcf9d464b48,BEV-003,2,600,2026-03-07T12:37:22,,False
064c1350-b45c-41f2-b976-cd0e1d7c3d0e,7f38af4a-cd45-42a5-bf51-d415763f2bc5,BEV-001,1,600,2026-06-19T21:08:43,,False
ff0a1cea-1a3a-4515-b046-6fd01830d2b0,7f38af4a-cd45-42a5-bf51-d415763f2bc5,BEV-003,2,600,2026-06-19T21:22:43,2026-06-19T21:30:43,False
16ab53b0-a72b-4bea-8326-d4322a8cceed,7f38af4a-cd45-42a5-bf51-d415763f2bc5,JAF-002,2,1100,2026-06-19T21:39:43,,False
b8d87448-761b-426e-8c7c-504ce9d5815c,ba8d699f-0bed-4011-9913-3021e662b599,BEV-005,2,400,2026-07-02T15:38:42,,False
60a7a2f7-c204-46d7-867f-423538e5392f,ba8d699f-0bed-4011-9913-3021e662b599,BEV-001,3,600,2026-07-02T15:58:42,,False
7adabe4c-1dfa-48ca-badb-a67c4d664241,ba8d699f-0bed-4011-9913-3021e662b599,JAF-004,1,1400,2026-07-02T16:18:42,,False
c11dbf49-701d-4044-93b5-cfddb1c07b9c,0f0f5a88-bacc-4834-a956-2571415d7162,JAF-005,1,1200,2026-03-11T02:19:02,,False
4debb6c9-cfca-4edb-94b2-5a2906b3ca15,0f0f5a88-bacc-4834-a956-2571415d7162,BEV-004,1,700,2026-03-11T02:24:02,,False
16ff7bfa-ec1b-4561-a69c-84e32f84ec23,d544467d-a745-4408-9fc9-47a64d6410d5,JAF-005,1,1200,2026-02-20T20:27:37,,False
19577f49-ccbb-4817-b4c0-02009540a440,2d1e775d-e703-45c5-8e40-e73ce246af9e,JAF-002,1,1100,2026-03-03T05:28:25,,False
f7d299f3-7f07-4490-aacc-3ecbcd87e5d3,2d1e775d-e703-45c5-8e40-e73ce246af9e,BEV-004,1,700,2026-03-03T05:36:25,,False
b9128c45-12f1-4f35-bcfe-5b10a2c38df9,2d1e775d-e703-45c5-8e40-e73ce246af9e,BEV-003,1,600,2026-03-03T05:43:25,,False
41042508-a1b0-4fb3-b393-25ac1aff9f91,94d8febd-ed56-4374-b4ca-e792b6543351,BEV-005,1,400,2026-04-19T18:53:20,,False
d166c23f-3ec8-4d16-a85a-6b4529f9d093,6ff72b5b-d492-46c2-84ce-b016c8110572,BEV-002,1,500,2026-05-10T11:12:42,,False
6b49a5e4-7be9-4bb4-9e67-902b75d50976,6ff72b5b-d492-46c2-84ce-b016c8110572,JAF-002,1,1100,2026-05-10T11:25:42,,False
1d3ffa3c-5427-426f-9ea6-6afe8c974b13,6ff72b5b-d492-46c2-84ce-b016c8110572,JAF-005,1,1200,2026-05-10T11:35:42,,False
a4275812-febd-4864-81a2-a0ae6d1a6b65,6ff72b5b-d492-46c2-84ce-b016c8110572,BEV-003,2,600,2026-05-10T11:43:42,,False
15a2777b-7594-4268-bead-584098e1d6df,32d893eb-fac3-4c14-a474-814f026be92d,JAF-001,2,1100,2026-06-07T14:40:35,,False
1d7391ec-fe88-4f2e-9217-834a3e2c60ea,0c978b45-5b53-4465-9174-eaaee2206923,BEV-003,1,600,2026-03-29T09:30:09,,False
778753d8-8421-4210-8643-fc4a8033a054,51afbb3a-17c8-4581-993d-d0b8c633880b,JAF-001,1,1100,2026-07-13T07:45:20,2026-07-13T08:02:20,False
fcf8ee89-516a-4a8a-92a8-a393fc575513,51afbb3a-17c8-4581-993d-d0b8c633880b,JAF-005,1,1200,2026-07-13T08:01:20,,False
00a70674-5ca3-440c-96e9-9360c63a08e0,8e83010e-9f1c-4c8a-9dbd-b89be24d3ab7,JAF-001,1,1100,2026-07-22T07:34:39,2026-07-22T07:44:39,False
1651d596-163d-4688-b1bd-17c00c830b59,8e83010e-9f1c-4c8a-9dbd-b89be24d3ab7,JAF-002,1,1100,2026-07-22T07:39:39,,False
4cea3346-dbbd-4e3a-b219-6948b5c86d7c,597e5f42-84b9-401d-b7e4-93bc2a148461,JAF-004,1,1400,2026-05-18T03:51:58,,False
958a1c15-2543-469e-8423-250260251ff6,9b4b4bea-3e7c-4fda-a5e3-f36085b1c751,JAF-003,2,1200,2026-05-25T19:11:08,,False
33035848-544e-4ee7-89b6-baba91f48ee3,9b4b4bea-3e7c-4fda-a5e3-f36085b1c751,BEV-003,1,600,2026-05-25T19:17:08,,False
092336ac-af6c-4c37-a6cc-87ed143eec5e,75bd318c-4c0e-4409-95ce-322850b0a070,BEV-003,1,600,2026-04-13T10:43:28,,False
00a3483e-7453-4365-b3ec-8dddba603205,102174f4-62a2-4d32-8d38-dffecfc2addc,JAF-004,1,1400,2026-03-15T19:23:49,,False
f4ec31ea-f6ce-4943-96f9-4db9946102d6,fa11e1a9-e989-4c3b-a77c-e60c0c39da54,JAF-002,2,1100,2026-04-08T07:47:14,,False
41ba7e94-a859-4c21-a321-d8293799c162,fa11e1a9-e989-4c3b-a77c-e60c0c39da54,JAF-003,2,1200,2026-04-08T07:53:14,,False
dc653c43-e5bc-43a2-acde-7371a5bd2579,fa11e1a9-e989-4c3b-a77c-e60c0c39da54,JAF-004,3,1400,2026-04-08T08:12:14,,False
4051f0f7-dc63-4d82-a292-a8bae61ff3fd,d9c225f7-2e80-494a-8afa-8d312625464c,JAF-005,1,1200,2026-04-07T01:47:10,,False
6f67b892-5922-4be0-a762-8edd8c6a0ab2,d9c225f7-2e80-494a-8afa-8d312625464c,JAF-005,1,1200,2026-04-07T01:51:10,,False
a9060127-3455-447b-bff0-644368812812,2f203ed8-c721-4f88-b544-f1e2623b6bc6,JAF-001,1,1100,2026-06-01T18:08:55,,False
56b27fc0-2bcf-4c58-96d2-7f7eed4fb22c,0c55ee9a-2670-4626-9502-192bacf42b2f,BEV-004,2,700,2026-07-11T22:45:29,,False
62818670-2d45-4346-bf03-5d96c62d9c8c,76e5289e-83cb-441e-acf2-c9732724b860,JAF-004,2,1400,2026-07-12T00:01:09,,False
cd6d12b4-272e-4bce-8fd8-2c29b59e3274,7970227a-9096-4aff-95a5-2e41f0b8e796,BEV-004,1,700,2026-07-15T00:09:29,,False
2b60d271-1589-4526-babe-8a09e2456873,7970227a-9096-4aff-95a5-2e41f0b8e796,BEV-004,1,700,2026-07-15T00:17:29,,False
db870ae3-5035-4652-8152-52f0b688e067,7970227a-9096-4aff-95a5-2e41f0b8e796,BEV-002,1,500,2026-07-15T00:37:29,,False
5fc1a136-554a-4f33-857c-4dcb4b9b17c1,7970227a-9096-4aff-95a5-2e41f0b8e796,BEV-002,1,500,2026-07-15T00:51:29,,False
757f1c25-5d26-4ecd-89f9-75985c130ecd,5efb14e6-f93f-420c-910f-1f5149d3d235,JAF-004,1,1400,2026-06-01T15:11:31,,False
dd3d8b99-421c-41f8-b43a-947807e90b31,5efb14e6-f93f-420c-910f-1f5149d3d235,BEV-005,3,400,2026-06-01T15:27:31,,False
0889ab93-3e79-423d-a748-6562e13e1eae,09a1fc96-0dd5-4c36-a339-d83095292877,BEV-003,1,600,2026-06-02T21:12:59,2026-06-02T21:30:59,False
c2d70d5f-2275-4349-9668-29a1caee0264,09a1fc96-0dd5-4c36-a339-d83095292877,JAF-005,1,1200,2026-06-02T21:13:59,2026-06-02T21:26:59,False
e0903167-5444-42e1-8d20-913f4be4a3a2,09a1fc96-0dd5-4c36-a339-d83095292877,BEV-004,1,700,2026-06-02T21:16:59,,False
fd42531b-8e0d-4ea7-87a4-c06d8f5716b2,09a1fc96-0dd5-4c36-a339-d83095292877,BEV-001,1,600,2026-06-02T21:22:59,,False
665660a9-15e9-4655-8091-27372a675a16,2132d19b-048a-4628-a3a2-61b1140bba19,BEV-001,1,600,2026-08-09T00:22:58,,False
3456b4ba-4d4b-4c67-b96e-6d39f1017176,2132d19b-048a-4628-a3a2-61b1140bba19,BEV-005,1,400,2026-08-09T00:37:58,,False
dd35025f-ad59-4088-a004-8cadd4e167e3,7b2f5f1b-b00e-4ee5-bace-06c4c5ef37cd,BEV-004,2,700,2026-05-17T10:12:19,,False
c2992fa1-2fe7-4b82-b361-57663fd54e59,7b2f5f1b-b00e-4ee5-bace-06c4c5ef37cd,BEV-002,1,500,2026-05-17T10:16:19,,False
1e44d021-f6eb-4ee6-b2d4-8617e90c2669,574f4b13-5820-4883-9bb8-dd7f7209fa89,JAF-002,1,1100,2026-08-06T10:42:22,,False
c93f1353-cb1c-492c-bf28-3d598e4058f5,574f4b13-5820-4883-9bb8-dd7f7209fa89,JAF-005,1,1200,2026-08-06T10:48:22,,False
bec2ea75-4e1b-43cc-aee2-781ae4f55ba1,f68a1983-b3b0-427b-b1ec-058ca1ac778e,BEV-001,1,600,2026-05-17T04:07:48,,False
e8e6cfde-9aeb-43a7-995c-64fb00b0c4d3,f68a1983-b3b0-427b-b1ec-058ca1ac778e,JAF-002,1,1100,2026-05-17T04:18:48,,False
045e11b3-c2ff-45d7-86da-09886b9e4ab1,f68a1983-b3b0-427b-b1ec-058ca1ac778e,JAF-002,1,1100,2026-05-17T04:32:48,,False
17032dc8-4fee-45ae-9783-8607ae348ff5,f68a1983-b3b0-427b-b1ec-058ca1ac778e,BEV-001,3,600,2026-05-17T04:35:48,,False
82c5ccfb-8b9d-43e3-9dac-a23dd616cb7a,6fda26e9-ae76-4226-8bfe-1cac1989e996,JAF-005,1,1200,2026-04-16T05:31:13,,False
025b1927-2f8c-49b9-9150-687eace91b27,f8916a1d-40aa-4bd8-b472-99104a46002a,BEV-004,3,700,2026-04-19T23:31:33,2026-04-19T23:45:33,False
fef2554a-2d62-4d2e-a318-d689b94ad5c2,f8916a1d-40aa-4bd8-b472-99104a46002a,JAF-001,1,1100,2026-04-19T23:45:33,,False
c5b35836-dc14-4777-bf0a-cbe2037a88b1,b8d2189b-64fb-4ea0-982c-f5c4fb80bb6a,BEV-001,2,600,2026-04-01T05:20:10,,False
a49a3ae7-ca91-4fb1-b79f-fb68dc571c7c,5d72bc80-3dc5-41d9-814d-edf10bf3bb3c,JAF-001,1,1100,2026-05-28T19:20:45,,False
29363ea4-eeb9-4fcb-a287-c49e37621cf2,b774f526-b3c2-421e-81d1-40b73e815661,JAF-004,1,1400,2026-04-29T08:03:18,,False
e5d2777e-3ff7-4984-842f-991eabe64341,b774f526-b3c2-421e-81d1-40b73e815661,BEV-004,1,700,2026-04-29T08:14:18,,False
3ea2dc2d-1e48-459a-8c93-fa8373c6dfcc,b774f526-b3c2-421e-81d1-40b73e815661,JAF-005,2,1200,2026-04-29T08:30:18,,False
cec7b7ba-1e1f-41c3-8c09-40f36e0e72a0,c4fa2427-9349-42d5-abd8-5590f3f98019,BEV-005,1,400,2026-06-19T00:49:58,,False
2bedf1b7-1b6d-44e4-b08c-a4dc8fa77780,c4fa2427-9349-42d5-abd8-5590f3f98019,JAF-003,1,1200,2026-06-19T00:51:58,,False
6def5eb5-9f3f-44dd-a563-9465f0904986,c4fa2427-9349-42d5-abd8-5590f3f98019,BEV-001,1,600,2026-06-19T01:06:58,,False
ca354301-0c6e-446b-a77d-54169b253d29,7b9693f9-4009-4602-bc38-82bd6c9c6bd8,BEV-003,2,600,2026-08-12T08:01:46,,False
db4c868d-15ed-45f5-aabe-479af8e69aad,7b9693f9-4009-4602-bc38-82bd6c9c6bd8,JAF-001,1,1100,2026-08-12T08:12:46,,False
acc1283e-f66d-41cd-b2bb-d2dd6f61ffc7,46fbed0d-dcd0-4f4e-8ed6-d6bc17599f8f,JAF-004,2,1400,2026-02-22T07:51:42,,False
ce8f56ef-f0c3-4b6d-9cfc-930daea9d2ac,b387185b-31f7-4a4e-873f-aa98e18f2c94,BEV-003,3,600,2026-02-26T10:46:04,,False
a5e7654d-4fbf-4884-8f96-1b0fdbaaeadb,bcfc105f-cc08-49cb-bb90-8f9aef9d2c5f,BEV-005,1,400,2026-04-06T04:48:13,,False
8e4807a3-ca48-4c7e-87c1-3a49da3c4c23,bcfc105f-cc08-49cb-bb90-8f9aef9d2c5f,BEV-002,1,500,2026-04-06T04:58:13,,False
64ebfd4d-1c97-4443-b8ed-fd25b212b874,2ad8780e-4859-41d0-9b84-4e2e3d5662d4,JAF-003,2,1200,2026-08-07T06:29:46,,False
460798b9-661b-4aec-919e-71aefe151997,5a59f19e-fceb-4985-92a4-b345337b8eba,JAF-005,1,1200,2026-07-14T03:06:00,,False
72df48ba-7233-41b9-863f-eaa7c4a8a7bc,5501c597-1cd3-48fc-87d6-5d9caf350fb1,BEV-003,1,600,2026-05-16T13:37:29,2026-05-16T13:39:29,False
01abca3b-2339-4337-9193-ae7e153ca682,5501c597-1cd3-48fc-87d6-5d9caf350fb1,BEV-004,1,700,2026-05-16T13:54:29,,False
65d564b7-e7a3-469e-94bb-aba4c2b2dfd7,6376c741-24c2-4d0b-9e37-3f47c0699bc6,JAF-005,3,1200,2026-08-02T05:00:21,,False
ee3f4a79-c8b6-42a6-a19d-4d2598837e87,dc6d082c-0e07-47f7-aa3a-55dbaa5f099d,BEV-002,2,500,2026-06-25T20:28:30,2026-06-25T20:29:30,False
206d1538-3736-4fd9-a869-ebd5c5e6a5f3,dc6d082c-0e07-47f7-aa3a-55dbaa5f099d,BEV-003,1,600,2026-06-25T20:46:30,,False
2a36781a-da58-4a90-a5b4-f0e4fda5c3c9,dc6d082c-0e07-47f7-aa3a-55dbaa5f099d,BEV-003,1,600,2026-06-25T20:58:30,,False
7b537c44-7322-4a59-a493-72a21a9f4fa4,159c9522-48fa-4761-b7aa-6b6ee1bf9db3,JAF-005,1,1200,2026-04-19T10:12:45,,False
6dacaab5-425e-4b21-b973-5735698b8a3a,159c9522-48fa-4761-b7aa-6b6ee1bf9db3,JAF-005,1,1200,2026-04-19T10:31:45,,False
5de3623f-01c8-45ea-8130-bc184dde8d5b,159c9522-48fa-4761-b7aa-6b6ee1bf9db3,JAF-003,1,1200,2026-04-19T10:37:45,,False
709a0d1d-bd17-4bc6-82d2-7de310c467ec,602cd1ca-9a77-4831-89da-d4f71950e019,BEV-004,2,700,2026-05-31T23:55:19,,False
4502d163-cea6-47e2-8c2f-bb2468e9d0de,f8314f1c-203b-4d48-8e5c-99c7ff5e03c5,BEV-001,1,600,2026-03-02T21:37:05,,False
c3606d0c-6806-42e3-a8b1-196581967020,f8314f1c-203b-4d48-8e5c-99c7ff5e03c5,BEV-004,1,700,2026-03-02T21:47:05,,False
a71b8ad3-88d8-40ad-b1e9-6947415dfc90,89a2e121-aedc-4b8f-8413-907e29949843,BEV-002,2,500,2026-05-15T06:09:00,,False
97f647ae-1cef-4ec3-8639-1931831f00c3,89a2e121-aedc-4b8f-8413-907e29949843,JAF-004,1,1400,2026-05-15T06:20:00,,False
a3f8cff4-1d4b-4ac0-9e1e-f06f8a880877,89a2e121-aedc-4b8f-8413-907e29949843,JAF-003,1,1200,2026-05-15T06:39:00,,False
0d814790-b4ae-4520-8bc5-21d5f00ced10,89a2e121-aedc-4b8f-8413-907e29949843,BEV-003,1,600,2026-05-15T06:57:00,,False
f69cf1c6-6ba7-4d23-8930-29ef2f1aa9fd,4d3e90bf-cbf4-4592-ae42-ae291f246c8c,BEV-003,2,600,2026-08-06T11:54:58,,False
f3fd4bdf-95ea-4e8c-8758-d4658e49cb5c,4d3e90bf-cbf4-4592-ae42-ae291f246c8c,JAF-004,1,1400,2026-08-06T12:07:58,,False
c9305e33-391c-4af4-98be-a13c16399d93,4d3e90bf-cbf4-4592-ae42-ae291f246c8c,JAF-005,1,1200,2026-08-06T12:19:58,,False
59f3dda5-7ac4-407d-89a6-73d5d5a6c535,262d1fa9-578f-42d5-a2a1-76038b675a24,BEV-005,1,400,2026-05-29T20:21:04,,False
b360e8e7-5428-4093-989a-109a86c43fc7,f3cbb9cf-ba1d-42be-950e-715edfd75d1e,BEV-002,1,500,2026-02-22T10:45:30,,False
070c808c-0bb8-4734-ac2a-69caabdf807f,f3cbb9cf-ba1d-42be-950e-715edfd75d1e,BEV-004,1,700,2026-02-22T10:54:30,,False
3a71b7be-de28-4e98-8f23-031b118a92e9,e50b0e50-6e52-4fed-88bc-7c578286d4f4,JAF-001,1,1100,2026-03-08T08:11:42,,True
3f15fd95-89e0-4c61-b118-a4a445eb8353,e50b0e50-6e52-4fed-88bc-7c578286d4f4,JAF-002,1,1100,2026-03-08T08:12:42,,False
cc9203f0-145b-45da-b443-f0be06c0fb1e,e50b0e50-6e52-4fed-88bc-7c578286d4f4,JAF-004,3,1400,2026-03-08T08:31:42,,False
56a4e17c-7390-4dc6-bc88-41a5c4a337d8,47578b73-336d-4424-879e-fa0a2cd90853,BEV-004,2,700,2026-07-12T21:11:39,,False
54876a85-8a66-4efa-867c-184c72e8448c,a6bcbe86-4646-4bd9-acd3-9718508e8736,JAF-005,1,1200,2026-05-04T14:34:19,,False
86548bae-b60e-4d16-93c9-f38b6fbdbddf,cdee5cf1-01a7-43ef-9ee8-2e9d9b832a97,BEV-002,1,500,2026-04-08T00:02:26,,False
15822ca8-b586-4585-9571-d0820eb6a90f,5cce7a83-c99d-4902-9dbb-60e392db316f,JAF-005,3,1200,2026-06-30T13:55:44,,False
3ee270ae-314b-4d1c-ae69-1bed73c746bb,2561e217-29ca-4bf7-ba70-24d8e354bd82,BEV-005,1,400,2026-06-08T10:28:51,,False
b14bf4c6-fb72-47df-8263-2a515b4ebe1d,f983fbe8-a477-4cce-9035-72a2a2a7e655,BEV-004,1,700,2026-07-30T07:46:16,,False
f594bf11-4dd4-4226-9457-afa96fdabff9,f983fbe8-a477-4cce-9035-72a2a2a7e655,JAF-002,1,1100,2026-07-30T07:54:16,,False
079d2f51-23cf-4112-9d6c-e4216ce09fa6,f983fbe8-a477-4cce-9035-72a2a2a7e655,BEV-002,1,500,2026-07-30T08:08:16,,False
bd1ab0f7-f82f-4b70-a25f-6e8053a25910,e3eafb87-0a50-479a-94ce-e851b33db6a9,JAF-001,1,1100,2026-03-11T11:59:27,,False
cc4b3fe3-eb6e-4213-b0c2-d6e510f5d6a1,e3eafb87-0a50-479a-94ce-e851b33db6a9,BEV-001,2,600,2026-03-11T12:03:27,,False
462d8c44-adcb-4123-b67c-6ae871446ea2,e3eafb87-0a50-479a-94ce-e851b33db6a9,JAF-001,2,1100,2026-03-11T12:19:27,,False
2e283d20-b0dd-4919-95d0-c220dcb2f421,e3eafb87-0a50-479a-94ce-e851b33db6a9,JAF-002,1,1100,2026-03-11T12:22:27,,False
2d4b8d8c-2f2b-4566-ab23-12255b6ce6a4,6959ad81-e9bb-47b4-8c6c-0eb8dc64a75a,JAF-004,1,1400,2026-06-24T16:18:47,,False
6c80d519-7224-4d4f-9834-a26186a5543c,6959ad81-e9bb-47b4-8c6c-0eb8dc64a75a,JAF-001,1,1100,2026-06-24T16:22:47,,False
d1d58d23-fd5c-4e7d-b33a-47e9e0034cca,6959ad81-e9bb-47b4-8c6c-0eb8dc64a75a,JAF-005,1,1200,2026-06-24T16:36:47,,False
ccc2eb86-a304-4c77-87ff-0b06fdb4a9ee,6959ad81-e9bb-47b4-8c6c-0eb8dc64a75a,JAF-003,1,1200,2026-06-24T16:51:47,,False
630eb87b-7c65-41db-8283-23b83f4a34de,77dd3078-1a9a-4cf2-8c66-4018c7758ab5,JAF-004,2,1400,2026-05-17T20:54:59,,False
fd64c6c1-4ac0-4267-8d38-74e6bb870cb0,cdb1f65e-dce9-46a2-8aa0-b755298961a5,JAF-003,1,1200,2026-08-05T13:53:14,,False
572be2bf-7982-4a67-8ec1-1e80996a9a47,f211106e-f075-4353-b521-be6b5c0d3d16,BEV-004,2,700,2026-05-11T11:38:14,,False
1c601735-8382-4b87-bcf4-128786be2658,f211106e-f075-4353-b521-be6b5c0d3d16,JAF-004,1,1400,2026-05-11T11:53:14,,False
2bde5997-64bb-43b0-8783-fd3d747282c9,038096ef-aade-4790-978c-520d9cc10de0,BEV-004,1,700,2026-03-16T21:38:04,,False
44e0e17d-12a1-4da7-b6b2-25e20e53d1eb,06fb3aa8-643f-4bf5-8743-bc7d70960224,JAF-003,2,1200,2026-07-14T01:16:38,,False
374ed400-b709-4a4b-a207-4adf8249531e,06fb3aa8-643f-4bf5-8743-bc7d70960224,BEV-001,1,600,2026-07-14T01:31:38,,False
49a42bc2-2f89-4fdd-aa55-fb0d69d229e4,06fb3aa8-643f-4bf5-8743-bc7d70960224,JAF-002,1,1100,2026-07-14T01:44:38,,False
da07626c-7428-4d19-b147-c0563b678d39,0554611c-14d5-4475-8747-f0ffcbd83318,BEV-005,1,400,2026-05-22T22:13:04,,False
ce28edc0-5741-473e-beba-10565493a822,27bffd87-b08b-439e-8e5b-8d1c9be27982,JAF-004,1,1400,2026-02-25T23:26:26,,False
04ba35b4-55bf-4380-98c4-685965882fac,27bffd87-b08b-439e-8e5b-8d1c9be27982,BEV-001,1,600,2026-02-25T23:27:26,,False
1c893408-41c0-4b9a-a63b-1ad1a1668062,27bffd87-b08b-439e-8e5b-8d1c9be27982,JAF-004,1,1400,2026-02-25T23:38:26,,False
e6f2edc9-2c76-446e-af1b-78f8f3d7c66d,27bffd87-b08b-439e-8e5b-8d1c9be27982,JAF-001,1,1100,2026-02-25T23:47:26,,False
42b9dd2b-c256-48dc-a358-02c23d559d09,c2116b7d-aa41-420e-bf6b-9fe29dd4b049,JAF-004,1,1400,2026-05-13T20:52:23,,False
03ee2642-8522-4d6d-848d-ae4d9dac8a87,c2116b7d-aa41-420e-bf6b-9fe29dd4b049,JAF-004,1,1400,2026-05-13T21:12:23,,False
85f17e19-9a94-4ac6-9edb-64eeb9fdcbcb,96c293fb-d1f6-45c6-b78b-978255cf73f0,JAF-002,1,1100,2026-07-13T23:32:06,,False
9cf4c67e-f5a8-43e4-962c-ea3ffd870de1,96c293fb-d1f6-45c6-b78b-978255cf73f0,BEV-002,1,500,2026-07-13T23:46:06,,False
f4b8bb0a-2856-429a-ae42-5bb7e92c0312,ecce0abb-8e00-4b51-ac4e-8559ec86e855,JAF-005,1,1200,2026-05-13T11:42:13,,False
82b4905a-fed4-4e99-87f5-3d4ac9ce74c9,ecce0abb-8e00-4b51-ac4e-8559ec86e855,JAF-002,1,1100,2026-05-13T11:57:13,2026-05-13T12:22:13,False
60bc2308-b191-4244-8a9c-7c14cedd8f3c,ecce0abb-8e00-4b51-ac4e-8559ec86e855,BEV-005,1,400,2026-05-13T12:10:13,,False
b1c8aa50-bf11-411c-832f-97fd1387052c,d6eeb4fe-47fa-4a72-b02e-d9ae209817c3,BEV-002,2,500,2026-04-22T19:53:38,,False
95a8bf93-7f24-428c-8c47-2f506892f344,d6eeb4fe-47fa-4a72-b02e-d9ae209817c3,BEV-001,1,600,2026-04-22T20:08:38,,False
cd5cf55c-ced4-4e4e-b657-8f6060ecdc0e,f3a05c54-d669-48dd-bf01-c239b452d0ae,JAF-001,1,1100,2026-03-13T05:34:30,,False
8fa308bf-d226-45f7-9b24-fd37bbc3d63c,611837c2-1956-49a5-8f64-6843bab8e990,BEV-004,2,700,2026-03-11T16:38:36,2026-03-11T16:41:36,False
36ff7bca-3542-437e-aa4a-1f104bb0a802,611837c2-1956-49a5-8f64-6843bab8e990,JAF-002,1,1100,2026-03-11T16:39:36,,False
4407ed80-af66-49f8-8ef7-d0959571ed60,611837c2-1956-49a5-8f64-6843bab8e990,JAF-004,2,1400,2026-03-11T16:58:36,,False
24bd48b2-e513-437a-873d-0cd01c26e819,b28c81fb-e825-4299-a6a8-049545439b9a,BEV-001,1,600,2026-05-14T12:59:31,,False
ba320c08-da0a-4bb0-9000-43a7eb8c6780,ec2cb27a-ac7e-493f-a74b-2bc9daa49fad,BEV-001,1,600,2026-04-22T09:21:17,,False
913cc203-c8dc-4256-85d3-29160eb36050,ec2cb27a-ac7e-493f-a74b-2bc9daa49fad,BEV-003,3,600,2026-04-22T09:38:17,,False
0388af38-c1f0-4009-800c-e631fea23217,555a038c-e2b8-493a-b5fa-3a32ccd2c1ac,BEV-002,2,500,2026-03-01T08:39:54,,False
6fc60f00-4db8-415a-8c9c-0baf47d82daa,555a038c-e2b8-493a-b5fa-3a32ccd2c1ac,JAF-001,2,1100,2026-03-01T08:50:54,,False
fa67ab06-0b69-4465-a054-63af2f4ba710,555a038c-e2b8-493a-b5fa-3a32ccd2c1ac,JAF-004,1,1400,2026-03-01T09:01:54,,False
d2c4c581-c89f-43e2-9a83-66fa4b9485b9,79a77151-4928-48b9-ba37-ff5b3335d1a7,JAF-002,3,1100,2026-08-10T13:10:03,,False
27a50593-116d-4e64-9722-8598b2295e26,79a77151-4928-48b9-ba37-ff5b3335d1a7,BEV-001,1,600,2026-08-10T13:24:03,,False
5e0e863a-c630-4870-bf78-a4997981bcf7,82f1ebfe-5dda-4322-914b-963618071562,BEV-003,1,600,2026-08-11T00:09:03,,False
844c2222-7f27-48ef-9759-6e311c4b914e,c3b1da9a-66bf-405b-ae02-9969205e53e4,BEV-005,2,400,2026-06-03T21:42:09,,False
b03de338-b39b-4f39-a63e-9b439c132373,c3b1da9a-66bf-405b-ae02-9969205e53e4,JAF-001,1,1100,2026-06-03T21:43:09,,False
f20968bc-b3cb-4edd-be3f-c7eef88b497a,c3b1da9a-66bf-405b-ae02-9969205e53e4,JAF-003,1,1200,2026-06-03T21:46:09,,False
fe191fc8-6eda-49c6-9dcb-7937ac481651,c3b1da9a-66bf-405b-ae02-9969205e53e4,JAF-002,1,1100,2026-06-03T22:04:09,2026-06-03T22:26:09,False
36f2703c-38a9-4250-a419-3c0c348f60e2,54fc1ba3-3c93-4d70-8b4a-f8dcb1e7e512,BEV-005,1,400,2026-06-27T20:16:55,,False
8edf47ac-55dd-46ec-bdd0-4904479158ed,54fc1ba3-3c93-4d70-8b4a-f8dcb1e7e512,JAF-004,1,1400,2026-06-27T20:35:55,2026-06-27T21:02:55,False
cb7435a2-cd9b-4534-b30c-72fe9a9d6a59,174d7820-c65d-4dc4-9885-666383dae49c,JAF-002,1,1100,2026-07-10T05:11:10,,False
6aabd045-7035-4dc8-8295-d23841991d01,174d7820-c65d-4dc4-9885-666383dae49c,BEV-005,1,400,2026-07-10T05:24:10,,False
149d0eb9-1ba7-4cd6-a3ea-f211af754efc,174d7820-c65d-4dc4-9885-666383dae49c,JAF-002,1,1100,2026-07-10T05:29:10,,False
dd2582c6-bab5-47d1-8cad-9e3c1837b29b,6863ada6-18ee-4c0d-8c00-df7738706086,BEV-005,2,400,2026-07-20T05:06:18,2026-07-20T05:15:18,False
6cf36889-0431-4875-a025-19b56ee52386,7c2a75ef-8164-4a65-ab0e-a5e6cbcbea3c,JAF-004,1,1400,2026-04-24T02:42:06,,False
5b7cc80f-a078-43da-b553-9c7f1144c3e1,7c2a75ef-8164-4a65-ab0e-a5e6cbcbea3c,JAF-003,1,1200,2026-04-24T03:02:06,,False
7198e0a1-c7d7-4cc9-91a8-25890be3d2a2,7c2a75ef-8164-4a65-ab0e-a5e6cbcbea3c,JAF-004,1,1400,2026-04-24T03:19:06,,False
ac59bbcc-afbf-45eb-9f2c-b53995f57e6c,3ffee605-4b08-45ab-9c4a-468d567261dd,JAF-004,1,1400,2026-07-21T19:46:53,,False
e946559a-2555-4e5d-85e4-1e25cac845b6,3ffee605-4b08-45ab-9c4a-468d567261dd,BEV-004,2,700,2026-07-21T20:00:53,,False
19d3756f-976d-4141-9d15-f4a9cd320313,3ffee605-4b08-45ab-9c4a-468d567261dd,JAF-001,1,1100,2026-07-21T20:12:53,,False
985a87aa-3fee-4583-8c20-159dfeb26292,56dd9da0-ec53-4876-b104-30afc634900a,BEV-002,3,500,2026-03-07T01:32:15,,False
0335f6f9-4d7a-45dd-be85-ae9ea0a7534b,5916efea-93ff-4194-a80f-b071b163722c,JAF-002,3,1100,2026-06-20T17:38:44,,False
61ee6477-6e5f-42ff-9172-476b7094057e,5916efea-93ff-4194-a80f-b071b163722c,BEV-004,3,700,2026-06-20T17:53:44,,False
4d89755a-4b4c-416f-89dc-6ae6a6f62bf2,5186d1a5-f166-47e8-84c4-0c5e740f8820,BEV-004,1,700,2026-03-25T17:40:34,,False
65741fe7-715e-4487-b486-841e681191a5,835a5ee9-46a0-4132-a7e0-bf1db41eb4f0,BEV-004,1,700,2026-05-19T12:27:33,,False
7b707a2f-e48e-477b-a4bd-6701ea94496b,835a5ee9-46a0-4132-a7e0-bf1db41eb4f0,BEV-001,2,600,2026-05-19T12:33:33,,False
60918b19-c77c-46c4-bbfd-2a26b9ae7495,c8e162f1-8068-4953-8f00-d7a54ea24012,JAF-003,2,1200,2026-07-30T05:42:30,,False
e343c901-8dda-4e51-ae1d-d31b8a064850,6bf8a61b-d1d7-4ca3-9425-e5abaa856436,JAF-003,2,1200,2026-03-11T21:17:06,,False
e9877f29-2e58-4ddb-a7eb-aaadd81b7354,868baf44-c673-4368-b1f4-1db826b5cd49,BEV-002,3,500,2026-04-17T08:35:04,,False
fe91caf5-627e-420d-83a2-54d40230b636,868baf44-c673-4368-b1f4-1db826b5cd49,BEV-005,2,400,2026-04-17T08:55:04,,False
861ac50d-542a-4958-ad7d-3305df4d37b2,8047a4e4-f434-4e39-a2bd-6666632e0fc4,JAF-002,1,1100,2026-07-15T06:34:07,,False
05adbffa-3f5e-4648-a14e-62389ee36cbe,8047a4e4-f434-4e39-a2bd-6666632e0fc4,BEV-005,1,400,2026-07-15T06:37:07,,False
34c2eeab-e368-4ac9-96d6-1815ec4bad1e,8047a4e4-f434-4e39-a2bd-6666632e0fc4,JAF-004,2,1400,2026-07-15T06:57:07,,False
876b7ad6-542f-446c-8b28-8db4f1e02b2a,7115e688-ddb1-4485-8006-e4a24a0b123d,JAF-002,1,1100,2026-06-06T19:44:03,,False
5f3a5946-ea0e-466f-b76d-661f2fa18158,7115e688-ddb1-4485-8006-e4a24a0b123d,BEV-004,2,700,2026-06-06T20:01:03,,False
6d662276-e502-4ad3-86c1-20cacfe0cfc8,7115e688-ddb1-4485-8006-e4a24a0b123d,BEV-005,2,400,2026-06-06T20:10:03,2026-06-06T20:34:03,False
55c6e8b6-987e-45de-a49c-0c1f2152e57e,e9c4fb75-b6d9-4970-ba96-6875eb33a448,BEV-002,1,500,2026-07-11T04:07:04,,True
c8d703b3-42ce-40c1-a152-2997191511ce,863849cf-6c33-49df-a438-7e224a38e976,BEV-004,2,700,2026-06-26T16:42:53,,False
aeac0243-5e34-40c2-8cde-59ace564baa1,863849cf-6c33-49df-a438-7e224a38e976,JAF-002,1,1100,2026-06-26T16:45:53,2026-06-26T17:14:53,False
dffdc3cf-36b8-43c2-8f7f-5e1217c4b2a8,451dade0-a97c-4d69-b90d-6da0457fbe78,BEV-003,1,600,2026-03-08T12:53:37,,False
4143eff9-9612-4695-b9df-7ad254da5e70,e73477ba-dd76-425a-a20f-158bc06e43b0,JAF-003,1,1200,2026-08-08T20:30:54,,False
2c9f4c69-bb7b-4dae-a9f1-508a2add9606,e73477ba-dd76-425a-a20f-158bc06e43b0,JAF-005,1,1200,2026-08-08T20:39:54,,False
0e3b6a2f-f27c-45eb-a319-2429c3edb4c3,6e599bb5-07a9-4183-b23b-5ac6412bb88c,JAF-003,2,1200,2026-05-18T00:41:47,,False
6eb32723-22c5-48c7-8003-d02a193f5972,25118287-b6c6-4414-a659-b996cbecc6fe,BEV-001,2,600,2026-08-11T01:10:32,,False
dbb994f3-f5c8-4edd-86f8-d2ff548b0584,25118287-b6c6-4414-a659-b996cbecc6fe,JAF-001,1,1100,2026-08-11T01:25:32,,False
120957bf-f5cc-4096-87fa-c5f1de8dea96,25118287-b6c6-4414-a659-b996cbecc6fe,BEV-001,1,600,2026-08-11T01:43:32,2026-08-11T01:45:32,False
a7267c3f-2f83-415a-a7c1-05ac3092f1c7,25118287-b6c6-4414-a659-b996cbecc6fe,BEV-005,1,400,2026-08-11T02:00:32,,False
2a5a864f-5e39-4729-bc25-c8bd6a5fbde9,cacb0d2e-f087-44c0-abed-1413cdfcc06b,JAF-003,1,1200,2026-06-27T13:03:21,,False
ea49f25e-424e-49c3-9e7a-c69c6260bb6d,cacb0d2e-f087-44c0-abed-1413cdfcc06b,BEV-001,1,600,2026-06-27T13:16:21,,False
62f68b60-4e55-4460-b66e-ec577d1a5ccb,cacb0d2e-f087-44c0-abed-1413cdfcc06b,JAF-001,1,1100,2026-06-27T13:21:21,,False
05b7d655-8352-4790-b7f3-319c2fc7c8af,19c5edff-9e77-4877-a604-1f76e2e37d5e,BEV-001,1,600,2026-04-03T02:17:46,,False
c3a3d50c-951b-4350-a4cc-3b1d1f357e6c,19c5edff-9e77-4877-a604-1f76e2e37d5e,JAF-005,1,1200,2026-04-03T02:29:46,2026-04-03T02:31:46,False
c1cf4c8e-6e57-408e-a41a-3af7ea869391,19c5edff-9e77-4877-a604-1f76e2e37d5e,JAF-005,1,1200,2026-04-03T02:48:46,,False
86bb1dc4-8e80-48d5-8af8-4f4929fc9db0,19c5edff-9e77-4877-a604-1f76e2e37d5e,BEV-004,2,700,2026-04-03T02:55:46,,False
a8d6d2df-2ba5-4e8f-a9d9-652498f15aaf,7035f60a-e0c9-4872-aab7-a99306e9735f,JAF-003,1,1200,2026-04-01T10:45:59,,False
81cb0a7a-8afc-47c7-9609-2bc99c34db2a,2c5d9252-7f03-40b1-8920-1af461c4fc39,BEV-002,2,500,2026-08-14T23:25:55,,False
39099071-862d-40f1-b8c9-3d7048187359,2c5d9252-7f03-40b1-8920-1af461c4fc39,JAF-002,1,1100,2026-08-14T23:29:55,,False
425f3892-a8cc-4810-909f-0212faf02646,9a557d04-c437-41b0-b02f-2587eb351bd5,JAF-002,2,1100,2026-08-02T21:02:57,2026-08-02T21:15:57,False
42b734d5-7c4f-4fe3-8448-7388b7f68158,9a557d04-c437-41b0-b02f-2587eb351bd5,BEV-005,1,400,2026-08-02T21:07:57,,False
9af71829-bd1a-4564-832b-f576e7fddeb9,9a557d04-c437-41b0-b02f-2587eb351bd5,JAF-002,3,1100,2026-08-02T21:21:57,,False
cec853f5-fe33-428b-9650-5e4b69ae400c,9a557d04-c437-41b0-b02f-2587eb351bd5,JAF-004,1,1400,2026-08-02T21:34:57,,False
8d42f6b1-3131-4782-bf78-ec900fe0c4fd,d195f80f-4f58-45a9-8da4-e77e49fcb48d,BEV-004,2,700,2026-02-18T15:50:35,,False
db1eb5f2-b63f-434a-82bc-010bf7a62dcf,5cbb7fab-0e10-4520-bcb7-598ac3938f55,BEV-003,1,600,2026-07-19T16:26:00,,False
997cafea-fcb1-4e14-b6b6-6a5a1175f93a,5cbb7fab-0e10-4520-bcb7-598ac3938f55,JAF-002,2,1100,2026-07-19T16:35:00,,False
2710d75e-06c1-45b9-9729-eb9a352ac092,5cbb7fab-0e10-4520-bcb7-598ac3938f55,JAF-001,1,1100,2026-07-19T16:37:00,,False
6dbef12c-d403-4af6-a713-3d4658c456b8,5cbb7fab-0e10-4520-bcb7-598ac3938f55,JAF-005,2,1200,2026-07-19T16:49:00,,False
6b858518-8761-47ef-94e2-a8cfe2ff64b5,000b8fa6-8d61-4ef3-9b11-0f11163b0905,BEV-005,1,400,2026-07-11T15:31:19,,False
939b9661-d984-4779-bfa6-859aebc3b9ad,000b8fa6-8d61-4ef3-9b11-0f11163b0905,JAF-003,3,1200,2026-07-11T15:36:19,,False
f1daee01-4f26-4b40-9f43-90dbe57ffe60,933d94ad-c98e-4986-b8ac-6b1e26a820aa,JAF-004,1,1400,2026-05-29T06:25:31,,False
b0383d29-1653-4c51-b737-8afdb43710aa,933d94ad-c98e-4986-b8ac-6b1e26a820aa,BEV-005,1,400,2026-05-29T06:30:31,2026-05-29T06:47:31,False
64495993-bbab-468c-9360-f0b2e05af3d5,42bb6150-57ab-43a9-8924-f4222f073ce4,JAF-004,1,1400,2026-02-16T18:15:20,,False
6c3e3feb-1d31-4f70-901c-09435b0c5b92,42bb6150-57ab-43a9-8924-f4222f073ce4,BEV-004,1,700,2026-02-16T18:26:20,,False
5e8f54fb-1241-45a1-adf1-7d30561a7e68,42bb6150-57ab-43a9-8924-f4222f073ce4,JAF-004,1,1400,2026-02-16T18:34:20,,False
69106a5b-916b-4e36-9a6e-2be0a522242c,42bb6150-57ab-43a9-8924-f4222f073ce4,BEV-005,1,400,2026-02-16T18:37:20,,False
e8405e84-53f1-4b17-ad71-9ceca9f5a8e8,678f326f-1e6a-4b22-99e6-b0de8ba3a556,JAF-004,1,1400,2026-03-29T16:54:28,,False
2b7893bc-c821-4035-9786-43594847da4b,678f326f-1e6a-4b22-99e6-b0de8ba3a556,JAF-003,1,1200,2026-03-29T17:03:28,,False
e5e4b334-b659-4546-9ccb-2653ff1ae928,678f326f-1e6a-4b22-99e6-b0de8ba3a556,JAF-002,1,1100,2026-03-29T17:12:28,,False
610b5118-a217-4431-a143-0257d1f611d5,29361c1f-4047-4582-bac1-14f72c7fd159,BEV-005,1,400,2026-08-08T16:11:59,,False
7a27ee27-ba52-411b-a139-df8dafb7ce7b,81b86776-9081-49fe-b709-fc640d797cd6,BEV-002,1,500,2026-03-28T21:17:52,,False
2e5237ee-8b26-4fce-949f-c456e8cabd7e,81b86776-9081-49fe-b709-fc640d797cd6,JAF-005,1,1200,2026-03-28T21:22:52,,False
a9491621-03c6-4606-83be-68870b964ed9,81b86776-9081-49fe-b709-fc640d797cd6,BEV-004,3,700,2026-03-28T21:27:52,,False
89e9c3a0-f4dc-4428-97a6-b7417e0202eb,ee99eac9-de0f-4962-914e-9f10f679bee2,JAF-001,2,1100,2026-06-05T04:26:24,,False
4ac1a3cd-f042-458d-868a-d78be69babfc,785d749f-281a-4b8d-8974-357afaf90930,BEV-002,1,500,2026-07-24T14:54:57,,False
485f5283-fb9e-4283-9612-f300e3f67dfc,785d749f-281a-4b8d-8974-357afaf90930,JAF-002,1,1100,2026-07-24T14:57:57,,False
afda7c13-0d73-46e9-8017-6bd30c995b1f,3e9fb21c-3852-47fc-98ba-2bdca639e1d8,JAF-005,1,1200,2026-03-25T23:55:05,,False
16543616-5833-4916-824a-b27e95ea73af,1bbbc1ab-2779-489b-9a47-993b9976ffd9,JAF-004,1,1400,2026-06-20T11:08:52,,False
ed1faf5a-a3fc-4494-bded-f7bca5708bcb,1bbbc1ab-2779-489b-9a47-993b9976ffd9,JAF-004,1,1400,2026-06-20T11:14:52,,False
80b3bc9d-e788-4ea3-ba16-b33f5e2088da,1bbbc1ab-2779-489b-9a47-993b9976ffd9,BEV-001,1,600,2026-06-20T11:27:52,,False
5f6e9a93-625e-4d9b-b456-02e3650611da,1e02720b-0751-439f-a3cf-85f6f444b5c3,JAF-004,1,1400,2026-07-17T23:24:30,,False
ed3b71bc-ec99-4a51-a6c1-b332e4c4b6e1,1e02720b-0751-439f-a3cf-85f6f444b5c3,BEV-004,2,700,2026-07-17T23:26:30,,False
ae77669c-65bf-4a29-b380-c7ee6cfd1a7c,1e02720b-0751-439f-a3cf-85f6f444b5c3,BEV-003,3,600,2026-07-17T23:38:30,,False
f5a86e85-c25a-4e6b-b31a-5aeb0c7a8b2e,07de142c-c4e9-4d4a-a1ee-8d51c9b28e84,JAF-004,1,1400,2026-07-08T06:06:45,,False
37a1ae12-d118-4f7c-b0f5-df185837e11d,07de142c-c4e9-4d4a-a1ee-8d51c9b28e84,JAF-005,1,1200,2026-07-08T06:12:45,,False
6802e2f4-e614-414d-b8ee-73d1a974336e,375d163e-ae4a-42ec-85f4-3c9897314b2b,JAF-004,1,1400,2026-07-31T19:20:59,,False
0de1b2f3-29f7-4494-96e0-44bc1a53d556,375d163e-ae4a-42ec-85f4-3c9897314b2b,BEV-002,3,500,2026-07-31T19:28:59,,False
7304379c-eae4-476f-a326-b54660838ec0,375d163e-ae4a-42ec-85f4-3c9897314b2b,JAF-004,1,1400,2026-07-31T19:34:59,,False
7d78e3c8-ccb2-449e-8bf5-41ba881371cf,a9983466-1baa-4427-b63b-86db0363b106,BEV-001,1,600,2026-06-28T23:30:10,2026-06-28T23:47:10,False
94b16d64-6a6e-4e84-861d-c36bce6417b1,20aad4b6-0c34-47a4-8a68-eee04769c7e6,BEV-004,1,700,2026-08-03T17:47:08,,False
49ca7f9e-14ee-467a-8424-516b77173866,20aad4b6-0c34-47a4-8a68-eee04769c7e6,BEV-001,1,600,2026-08-03T18:02:08,,False
cd44615c-6158-47a1-accb-d1a0350cf1b7,20aad4b6-0c34-47a4-8a68-eee04769c7e6,JAF-001,1,1100,2026-08-03T18:17:08,,False
269dc06a-da36-42cd-a817-addd77c9fa54,4e6cd492-ace2-4584-bb26-7195c6235e0a,JAF-001,1,1100,2026-07-14T08:22:34,,False
c3783425-a5bc-4149-88b6-1857cf23ebcf,4e6cd492-ace2-4584-bb26-7195c6235e0a,BEV-005,2,400,2026-07-14T08:33:34,,False
a3abce86-6331-489b-acbe-46a3cc6d013f,edb4fc69-57dc-471f-8602-43a27d467226,JAF-003,1,1200,2026-03-27T03:34:17,2026-03-27T03:40:17,False
0d4d0e60-8d26-47e3-a8ad-92ab1b66bec8,edb4fc69-57dc-471f-8602-43a27d467226,JAF-001,1,1100,2026-03-27T03:43:17,,False
69926caa-4390-4559-b288-2cc691d8ad7d,be840aab-b37b-45a6-b5b0-41a9c44d3ac0,JAF-003,2,1200,2026-06-28T04:44:57,,False
ea6c49f4-fbe1-4059-ac80-2da7db1e7432,be840aab-b37b-45a6-b5b0-41a9c44d3ac0,JAF-002,3,1100,2026-06-28T04:55:57,,False
418cc910-1552-4204-a3a1-8bec29bfbca6,e4ab626a-44b9-4b40-9e95-527d5876d432,BEV-003,1,600,2026-05-19T02:41:10,,False
c530f6ee-74cc-4c91-b863-7853e7e60b1d,e4ab626a-44b9-4b40-9e95-527d5876d432,BEV-002,1,500,2026-05-19T02:55:10,,False
a3ba607e-40e8-4243-8098-2e737d16175c,e4ab626a-44b9-4b40-9e95-527d5876d432,BEV-002,1,500,2026-05-19T03:06:10,,False
d63d222a-b996-4424-a75a-f7ab350325dd,e4ab626a-44b9-4b40-9e95-527d5876d432,BEV-001,1,600,2026-05-19T03:17:10,,False
0b4feb79-2bba-4607-8129-9fb25f24e4ed,ce1bc06e-7cf9-472e-b6ed-90acb94dec0f,JAF-005,1,1200,2026-06-23T00:27:21,,False
685ea22f-d17a-4153-928b-9395bb5c4aa4,ce1bc06e-7cf9-472e-b6ed-90acb94dec0f,BEV-002,2,500,2026-06-23T00:41:21,,False
4de329dd-4edc-43b4-b735-41582dd4d8e5,b57cdb8d-84ec-4255-b83b-22bb6ad61a0f,JAF-003,3,1200,2026-03-29T03:50:55,,False
a9258eaf-df71-4997-b6ea-01da1448c3b1,b57cdb8d-84ec-4255-b83b-22bb6ad61a0f,BEV-002,1,500,2026-03-29T03:55:55,,False
633eaab4-4379-4aa8-8c47-119ed734871a,b57cdb8d-84ec-4255-b83b-22bb6ad61a0f,BEV-002,1,500,2026-03-29T04:06:55,,False
219000ae-1e78-4757-a540-f1b004ae46a2,c3a48db1-9084-40c8-a4cf-bacfcc9c3a6f,BEV-005,1,400,2026-03-29T11:20:07,,False
9b0e9dda-68bf-4f9d-aa6b-8596e716b529,66ed9974-551c-4fbb-95f2-38ea8df5f2e4,JAF-005,-1,1200,2026-06-04T20:30:49,,True
22ec1600-512c-42dd-84f3-8f4fbd9d42a1,35e230cc-da8c-483a-ad47-394dd48f6124,JAF-002,1,1100,2026-04-06T07:09:45,,False
de92e3b5-abb0-47cd-8183-4daef2c1b28e,35e230cc-da8c-483a-ad47-394dd48f6124,BEV-003,1,600,2026-04-06T07:27:45,,False
aebb3bdf-7552-4155-b288-b1604963fd37,299357f2-3966-44d0-9ed4-ebace9454de3,JAF-004,1,1400,2026-02-25T08:02:22,,False
3433c301-a4a5-4361-826e-be35858a9f13,299357f2-3966-44d0-9ed4-ebace9454de3,JAF-999-DELISTED,1,400,2026-02-25T08:08:22,,False
163157bc-38a8-41df-9a9a-e872c712e197,cede3ff6-307a-42e6-b14b-8ace36bf4476,BEV-001,3,600,2026-06-30T00:07:55,,False
e9905fdc-ae9e-4d90-bbf0-3d56ae401eba,53587280-b035-41d5-9eba-6055c05c2d1e,BEV-003,2,600,2026-07-29T18:56:49,,False
49cdb2bb-c1e0-4728-a7c4-0426cc83b215,53587280-b035-41d5-9eba-6055c05c2d1e,JAF-003,1,1200,2026-07-29T18:59:49,,False
54d37c92-ce4a-4510-9ad4-7f3128def318,53587280-b035-41d5-9eba-6055c05c2d1e,JAF-004,1,1400,2026-07-29T19:09:49,,False
05e28004-9620-474d-939e-c301ca6a7b09,87559e3c-ad8e-4f14-a6ad-317e99a06bfc,JAF-005,3,1200,2026-05-01T15:10:10,,False
bcd4b662-6811-4ce5-85f3-a4f99b775d82,87559e3c-ad8e-4f14-a6ad-317e99a06bfc,BEV-001,2,600,2026-05-01T15:22:10,,False
13ce9669-a2ff-4a25-8520-67a81ac404b0,35baedb7-25bb-4958-bbde-dc8340a63cc4,BEV-003,1,600,2026-07-16T14:16:50,,True
26bddfee-f2a3-4c96-aa90-bc92ae936341,cd8c3bf3-729f-49d3-8a15-5c151b5d5a62,JAF-001,1,1100,2026-06-06T09:46:33,,False
6e2e522f-5c8c-4928-83ed-06980b79e71a,cd8c3bf3-729f-49d3-8a15-5c151b5d5a62,JAF-003,1,1200,2026-06-06T10:02:33,,False
2461ffd6-4396-43d8-a829-116cead397b7,cd8c3bf3-729f-49d3-8a15-5c151b5d5a62,JAF-005,1,1200,2026-06-06T10:16:33,,False
28a248e8-fa5b-4bc3-aad9-4ea242c14d11,6e0ca21d-bd2d-4e4b-a5ba-aa0e1bf23103,BEV-004,1,700,2026-05-20T20:36:43,,False
c98ace2f-0660-4676-802a-430fa156e896,3b4bf07a-6245-4c99-8daa-05ea9b393a81,BEV-001,1,600,2026-05-09T03:31:07,,False
1ee1850b-629c-4812-8a72-fae12647d801,3b4bf07a-6245-4c99-8daa-05ea9b393a81,JAF-002,1,1100,2026-05-09T03:49:07,2026-05-09T04:01:07,False
25672c98-2960-4bbe-a5b8-d9ef21d6e4da,3b4bf07a-6245-4c99-8daa-05ea9b393a81,BEV-004,1,700,2026-05-09T03:55:07,,True
73cb413b-c49a-43f9-a6b8-6cb5ebd30bc2,12e4c0cd-7ae0-4782-9a0d-e9fc7f949f47,JAF-001,1,1100,2026-04-07T02:30:04,,False
0096d7ca-55a6-43a9-b211-968af530bfbb,12e4c0cd-7ae0-4782-9a0d-e9fc7f949f47,JAF-004,1,1400,2026-04-07T02:46:04,,False
6b59ac93-280a-404e-b3eb-147e5a14d02a,12e4c0cd-7ae0-4782-9a0d-e9fc7f949f47,JAF-004,1,1400,2026-04-07T03:03:04,,False
949312a3-95d3-4a37-929c-0149a697b66d,ecf763cb-85d3-47b9-b3bb-f87957bc7644,JAF-003,1,1200,2026-03-05T06:10:20,,False
75781d9a-84c5-4567-bbcb-bfb808ea3562,12410c18-0d67-4570-9881-71314c4195a4,JAF-005,1,1200,2026-08-06T18:40:48,,False
28864053-9b76-4d1c-9708-cdeee2612060,12410c18-0d67-4570-9881-71314c4195a4,BEV-002,1,500,2026-08-06T18:59:48,,False
d554cc41-323c-4e00-b349-f6a86cd277cf,32cfcb26-9165-4bbc-b5b4-c7c592c21b11,BEV-004,1,700,2026-04-03T03:10:21,,False
bacf0815-83e4-4236-9152-076d1bbf6497,32cfcb26-9165-4bbc-b5b4-c7c592c21b11,JAF-003,1,1200,2026-04-03T03:26:21,,False
2153897b-fdfd-4aa4-a7a7-cd3e64ffc770,1360b706-2260-446a-b320-16505a3063a1,JAF-003,1,1200,2026-04-10T16:09:41,,False
048a8dc8-6fbd-40ac-a205-2a21e1613559,b1000f18-0e47-472e-891d-c8555edaecef,JAF-004,1,1400,2026-05-08T09:36:54,,False
e6fba828-c973-4018-869e-d7dc03e3e53e,b1000f18-0e47-472e-891d-c8555edaecef,BEV-004,1,700,2026-05-08T09:46:54,,False
9b3f311e-2617-4d2e-bed6-830381a69713,2a10b816-d531-4ba9-9c1d-47a0056b77c9,BEV-003,1,600,2026-03-18T06:10:52,,False
47568180-c58c-4071-aa8c-edfb74f07a2a,2a10b816-d531-4ba9-9c1d-47a0056b77c9,JAF-002,1,1100,2026-03-18T06:16:52,,False
43359f57-773f-4ce4-9db7-7c0b95c1bd1f,2a10b816-d531-4ba9-9c1d-47a0056b77c9,JAF-002,1,1100,2026-03-18T06:36:52,,False
ac4a27f7-b668-4178-97f0-a41b32a33366,2a10b816-d531-4ba9-9c1d-47a0056b77c9,JAF-001,3,1100,2026-03-18T06:40:52,,False
5413d587-3e66-42b2-bf81-25bff325783a,0b34788b-963e-4fdf-9286-dfbe4e6d05f1,BEV-004,2,700,2026-07-30T17:15:16,,False
7559d744-5649-4c0d-8bb8-6992bd7d2335,7baf051f-5b19-4edf-ac97-8ca2969904f4,JAF-005,3,1200,2026-07-05T05:37:16,,False
e14c4ccd-a25e-4664-ab19-68823611537b,7baf051f-5b19-4edf-ac97-8ca2969904f4,BEV-002,1,500,2026-07-05T05:54:16,,False
5ef0a9dd-0b2a-4fba-b3c8-334d0ad3756f,7baf051f-5b19-4edf-ac97-8ca2969904f4,BEV-004,1,700,2026-07-05T05:59:16,,False
49a92a7d-9f22-4dea-88ba-9984bf76b549,0ae40e29-fe64-4f42-9500-d4134994427d,JAF-004,1,1400,2026-06-13T08:14:30,2026-06-13T08:27:30,False
acdee187-02b8-4305-94f6-985f08454141,0ae40e29-fe64-4f42-9500-d4134994427d,JAF-999-DELISTED,1,500,2026-06-13T08:21:30,,False
3e4bea34-18fa-4161-862f-df37c20f3711,0ae40e29-fe64-4f42-9500-d4134994427d,JAF-005,1,1200,2026-06-13T08:22:30,,False
dd835a25-0793-41e2-aa3e-81d5e3a5ca0b,58e1df2f-be69-471c-b6e5-db20ef324f71,JAF-001,3,1100,2026-07-06T07:10:39,,False
b1981859-6b5c-49df-89e0-8c5afc474056,58e1df2f-be69-471c-b6e5-db20ef324f71,JAF-003,1,1200,2026-07-06T07:17:39,,False
401db374-5e4e-4fdd-8727-089f35d90646,58e1df2f-be69-471c-b6e5-db20ef324f71,JAF-001,1,1100,2026-07-06T07:26:39,,False
988fa771-ba75-4b88-ada8-91eb94fa0720,55b72df4-7e46-42dd-9502-e62248d1b380,BEV-005,1,400,2026-05-11T15:43:28,,False
240da25d-626a-4261-af81-f605f608c611,13399726-d929-4f0a-a071-f408d5994a0d,JAF-005,3,1200,2026-03-02T21:23:04,,False
1cf50561-bd86-4956-bf27-7575a6ed1e69,a5cadc9f-76a4-44ec-96d3-43a387e11971,JAF-002,1,1100,2026-04-04T03:43:56,2026-04-04T04:13:56,False
4951e14c-8b64-4a92-926c-17b7a32deb47,ce879146-33db-40ec-ad99-0e9e456a2130,BEV-003,1,600,2026-05-12T22:09:11,,False
18269fac-3c87-4abc-b890-daf39ac4e97b,875d6f15-96d4-4ab7-a5b1-10a7216f09f3,BEV-002,1,500,2026-06-08T02:17:35,,False
5753d360-9a39-4c3b-aaac-421b0a664a94,6bd3214b-34be-4836-8b2d-6ea7963ca56d,JAF-005,1,1200,2026-07-31T05:17:18,,False
f5768c57-6121-4a1e-a88a-53f62a45ca2d,6bd3214b-34be-4836-8b2d-6ea7963ca56d,BEV-004,1,700,2026-07-31T05:20:18,,False
9520ee58-e309-49bb-aad7-4d4d66d2f571,6bd3214b-34be-4836-8b2d-6ea7963ca56d,JAF-005,1,1200,2026-07-31T05:37:18,,False
f1d48c36-0fb5-41c6-9465-d914a8d7d0fc,6bd3214b-34be-4836-8b2d-6ea7963ca56d,BEV-002,3,500,2026-07-31T05:46:18,,False
0db775ea-7d08-48b4-91e5-9d53f7ec46b5,c0ad246f-a1a0-4997-83d6-1e00d6445a74,JAF-002,1,1100,2026-05-05T22:28:54,,False
6a30a7d0-c682-4070-8bdd-7682d992b515,c0ad246f-a1a0-4997-83d6-1e00d6445a74,JAF-005,2,1200,2026-05-05T22:38:54,,False
e3a82f2d-2ef3-4b39-9871-e88349b0af99,0aeb560d-b726-46c9-a732-b2819954646c,BEV-004,1,700,2026-02-16T14:35:48,,False
422114c4-50ca-445a-99ec-53d4c7b598d9,0aeb560d-b726-46c9-a732-b2819954646c,BEV-004,3,700,2026-02-16T14:41:48,,False
46904030-4c11-4ed5-a3ad-4c96ff5477a5,7146f5dc-359c-4ffa-ac8f-1490254774df,BEV-002,2,500,2026-06-10T23:33:38,,False
8c23bf9f-052e-4e3e-bd67-fd9a4bd055ea,1742f3f6-aefb-4a06-aad8-ef7c23ac69eb,JAF-002,-1,1100,2026-05-23T06:03:15,,False
d67d5393-4f2b-4f8b-8d6f-dbe7a750fa15,1742f3f6-aefb-4a06-aad8-ef7c23ac69eb,BEV-004,2,700,2026-05-23T06:05:15,,False
576873ca-c526-43dc-aad8-af0b15dcce5b,1742f3f6-aefb-4a06-aad8-ef7c23ac69eb,BEV-005,1,400,2026-05-23T06:12:15,,False
0d991ca2-da28-493c-b879-c53d4f78aa04,0aa549df-ec38-415b-8e93-d06da3afa88e,BEV-002,2,500,2026-08-03T14:02:31,,False
2350d7a8-0093-4f45-ac09-befdaa32cf06,d5d20331-9721-44e7-a0d1-c28bc033c5ff,JAF-005,1,1200,2026-07-29T21:21:43,2026-07-29T21:50:43,False
d751bfa8-7a94-4d7f-9ceb-c59661ca5ee3,d5d20331-9721-44e7-a0d1-c28bc033c5ff,BEV-002,1,500,2026-07-29T21:30:43,,False
1559b137-caea-40e2-a007-0368c62a7aa0,7ebea8f5-0eea-4b3a-9b19-c4c2726b1366,JAF-001,1,1100,2026-06-26T19:24:15,,False
c7010381-95e3-4368-afea-5baacb82912b,48086c41-3857-44c0-9385-78c700d89ce7,BEV-003,3,600,2026-02-27T09:33:11,,False
c5651e9b-bfad-49c6-94e5-aa3a1023d868,48086c41-3857-44c0-9385-78c700d89ce7,BEV-001,2,600,2026-02-27T09:45:11,2026-02-27T09:52:11,False
a5884866-3374-4f98-a17d-d84ad0b25470,48086c41-3857-44c0-9385-78c700d89ce7,BEV-001,1,600,2026-02-27T09:59:11,2026-02-27T10:10:11,False
16c5329f-40b5-4513-812f-3b6868084b89,6f34ee57-815a-4888-8712-57242707d7d2,JAF-003,1,1200,2026-08-04T04:19:16,,False
bb097738-ec38-4a71-9d37-055e727c6ed4,3aa01641-cf40-4a36-a18a-1a0142b71077,BEV-003,1,600,2026-07-05T04:13:28,,False
c3825648-234b-41cb-9d17-99020d12e7e3,3aa01641-cf40-4a36-a18a-1a0142b71077,JAF-004,1,1400,2026-07-05T04:29:28,2026-07-05T04:30:28,False
858f2584-1dca-4dda-98df-7a45263b046b,f1acf2a2-4924-4830-bb44-49941edf92b3,JAF-001,1,1100,2026-04-02T22:59:09,,False
6635c42b-88f8-4493-84a1-1f8ad5bb8619,c69c78b6-9ff2-4b93-bc68-1b599388ea6a,BEV-004,3,700,2026-04-04T17:18:10,,False
6b0806c7-bb34-4547-a8df-481b418fd444,c69c78b6-9ff2-4b93-bc68-1b599388ea6a,JAF-003,1,1200,2026-04-04T17:21:10,,False
4117dcbb-6d9e-4a21-9681-625089a23c76,c69c78b6-9ff2-4b93-bc68-1b599388ea6a,JAF-003,1,1200,2026-04-04T17:40:10,,False
726e61af-bb59-4331-b5c0-230aabbdd8ea,70e8da81-6900-4dc0-a23f-11523cc0297c,JAF-004,1,1400,2026-02-26T10:56:57,,False
1dec2a87-b90a-41e7-87ef-0f904d44c25f,70e8da81-6900-4dc0-a23f-11523cc0297c,BEV-005,1,400,2026-02-26T11:01:57,,False
cd024e95-0ba3-4b72-90e9-715cef586f84,70e8da81-6900-4dc0-a23f-11523cc0297c,JAF-001,1,1100,2026-02-26T11:05:57,,True
2c6e8b85-3ef9-4f23-a2f9-404e1fb48c01,70e8da81-6900-4dc0-a23f-11523cc0297c,BEV-005,1,400,2026-02-26T11:08:57,,False
0756782d-34b2-40a6-b7a0-f5c5aa47d2c2,a03104c2-31bd-43cc-a807-b099532d658f,JAF-002,1,1100,2026-03-09T15:19:35,,False
b2bd3e96-e391-474a-8a61-1763da7dc661,a03104c2-31bd-43cc-a807-b099532d658f,BEV-001,1,600,2026-03-09T15:23:35,2026-03-09T15:42:35,False
43587f0b-b2d1-42fd-98b4-55df76c5033a,866ae618-6a0a-4219-8e92-aec0b0bb0c3a,BEV-001,2,600,2026-06-05T08:28:38,,False
c29cfddc-56b0-44d0-93ee-9cde3e4cf5e2,82dc6abc-27bd-46c1-8c39-d745319f0026,BEV-001,1,600,2026-05-02T14:06:17,,False
5f62e13c-6d15-490a-82fa-17b4dca910f2,82dc6abc-27bd-46c1-8c39-d745319f0026,BEV-003,1,600,2026-05-02T14:22:17,,False
2753c0df-a610-4d12-a2c7-6e9dcc8ffbe5,d9c4d267-d5aa-41f1-9a4a-c4ba496efa0b,BEV-001,-1,600,2026-08-13T21:15:21,,False
19c4dc73-9d99-4bde-8336-aeaa417f80de,1e239a80-ab2b-4de7-856f-c0b73029201d,BEV-001,2,600,2026-08-15T23:32:04,,False
a4b2dd8e-1434-4d41-9903-5b46a72e468f,3510bc0f-0a54-4df4-99bf-4955941ecb00,JAF-003,1,1200,2026-05-13T12:21:04,,False
30e7864d-1dc2-4573-af15-386d8c8d3243,3510bc0f-0a54-4df4-99bf-4955941ecb00,BEV-005,1,400,2026-05-13T12:26:04,,False
16654ca9-072d-4d97-a471-831460211acc,8d44995a-7580-4795-815d-939e9e803537,JAF-004,2,1400,2026-08-14T19:29:01,,False
2ff0cc3c-8c31-4aca-b6a4-aaa97904351d,0ada652e-b265-4449-8d15-df1b80ea3ce9,JAF-005,2,1200,2026-04-28T23:30:32,,False
6f52ba3c-8ec8-4f05-bb95-db2e003db74c,0ada652e-b265-4449-8d15-df1b80ea3ce9,BEV-004,2,700,2026-04-28T23:48:32,,False
5e91cb9d-26bb-4112-a5d1-e34e6dcce5d9,3e13c816-322c-4e07-b0b9-e15e5e08cd80,JAF-004,1,1400,2026-06-02T02:28:59,,False
5871fabc-38f2-48dd-9655-eeb7275ba9c2,0ac705bc-7048-4794-bae4-29306c885e12,BEV-001,1,600,2026-07-17T02:17:26,2026-07-17T02:47:26,False
e8b981b5-6dd1-4b54-a388-a087dd20f4bf,0ac705bc-7048-4794-bae4-29306c885e12,BEV-004,1,700,2026-07-17T02:34:26,,False
562a4dc5-6c52-4087-b4ec-ad6ec0fb2f17,25112ef8-9697-4e9e-8b41-37adb6980ee0,BEV-003,1,600,2026-07-06T21:19:21,,False
5d0b5d75-fc6b-44a6-91b5-d68316cbb9f4,25112ef8-9697-4e9e-8b41-37adb6980ee0,BEV-005,1,400,2026-07-06T21:28:21,,False
ab1a9091-3c07-4976-81f6-715f9620ea83,2e42a1a3-8c7c-4062-b7cc-44a7f92debd9,BEV-002,1,500,2026-03-09T12:50:49,,False
e61e4ba1-9d7d-483b-bcc1-7935028e1395,2e42a1a3-8c7c-4062-b7cc-44a7f92debd9,JAF-003,1,1200,2026-03-09T12:52:49,,False
83aa8fc6-bf1d-47dd-9a0b-2f40bc3dc877,2e42a1a3-8c7c-4062-b7cc-44a7f92debd9,BEV-002,2,500,2026-03-09T13:05:49,,False
1200c885-3fea-4d3c-8977-ac3a88f56993,e4d6eb9e-370e-4067-911b-073a5447f7a5,JAF-002,1,1100,2026-04-22T12:56:38,,False
46d24d75-81c3-439d-9bac-32c63be428b0,e4d6eb9e-370e-4067-911b-073a5447f7a5,BEV-004,1,700,2026-04-22T13:05:38,,False
54824f19-1972-40a6-86e0-03782d0eb5d1,e4d6eb9e-370e-4067-911b-073a5447f7a5,JAF-004,1,1400,2026-04-22T13:13:38,,False
0a35276c-d911-4a3f-8cc1-a9b151a678c5,e4d6eb9e-370e-4067-911b-073a5447f7a5,JAF-001,3,1100,2026-04-22T13:15:38,,False
05c214e1-403b-456f-b00e-b529bba51c4c,55f00ebb-8fbe-473e-9010-e230ef40af78,BEV-005,1,400,2026-04-12T16:51:16,,False
60eacb53-8c10-4de4-b9a8-4d2d3acb1d7e,55f00ebb-8fbe-473e-9010-e230ef40af78,JAF-005,2,1200,2026-04-12T17:11:16,,False
e5676176-d9f8-49a4-b153-f5938df984fb,8ed7f427-7e1a-4cfb-a54a-829a2b6dbea6,BEV-002,2,500,2026-06-01T12:07:45,,False
ac7bb9e1-ddc2-43b1-8e63-e410214b9d18,8ed7f427-7e1a-4cfb-a54a-829a2b6dbea6,BEV-004,2,700,2026-06-01T12:12:45,,False
932ce00d-8506-4cdd-9950-a6c0c5fad79c,7f085f53-bd6d-4e28-beeb-9100d20b78d1,JAF-003,3,1200,2026-07-21T03:41:00,,False
8680f3b4-f586-4fca-8cfe-c68bf492930f,7f085f53-bd6d-4e28-beeb-9100d20b78d1,JAF-005,1,1200,2026-07-21T03:52:00,,False
c6802a18-41b6-43b8-9b16-9a0e1bff39a4,7149e265-20ec-47f2-80e5-b5af0bbec5f4,JAF-004,1,1400,2026-04-22T15:34:49,,False
571268a3-14a6-4b54-ad38-76bb284a83b4,eb033dfc-b6cb-4392-8cb7-c06f182be5fa,BEV-003,1,600,2026-05-04T04:22:48,,False
e8572b0e-eb56-4a4e-8775-cb1bc513be58,54982e54-2f8c-45fd-85d0-d7f472122634,BEV-003,1,600,2026-03-05T08:30:09,,False
e2c918f2-3ef4-4cb9-a6d3-434ba0c1d28d,775cf92a-db8c-407c-aca1-f27618730d06,BEV-005,1,400,2026-03-02T21:27:01,,False
7f441323-7c7d-4827-ac4c-df01a8caa7e0,775cf92a-db8c-407c-aca1-f27618730d06,BEV-003,1,600,2026-03-02T21:37:01,,False
015fc24e-a734-4120-85b4-3b9b59015548,775cf92a-db8c-407c-aca1-f27618730d06,BEV-004,1,700,2026-03-02T21:52:01,,False
d7425107-03bf-471b-9ddd-2f1da4c0805f,775cf92a-db8c-407c-aca1-f27618730d06,JAF-005,1,1200,2026-03-02T21:58:01,,False
a498dfec-40e4-46df-81e7-b68e20f15666,425cd83b-b98a-4211-85e8-e5e9487236ae,BEV-004,2,700,2026-07-10T10:53:57,,False
878d619e-6c01-4b9a-a287-ca7f468de3a9,88020b67-a6cf-4ee3-9bcb-60c6ad253263,JAF-003,2,1200,2026-07-02T09:48:19,,False
11558c19-d4eb-4835-874c-37294c22744d,88020b67-a6cf-4ee3-9bcb-60c6ad253263,JAF-005,1,1200,2026-07-02T10:01:19,,False
781fb15f-e232-4f53-8ef3-a2aab6aa2aff,d4cd7db1-f80d-48a8-bf03-6a4be9200048,BEV-004,1,700,2026-04-11T11:35:08,,False
dc0d06bd-3ce2-4f29-bf90-c094c4d0232d,4f89132e-d391-41a9-8422-b7934d4de6e0,JAF-004,2,1400,2026-03-04T11:28:28,,False
5e4b759d-0955-44b9-a941-eec7eb3e1074,4f89132e-d391-41a9-8422-b7934d4de6e0,BEV-003,2,600,2026-03-04T11:36:28,,False
ce0f2e43-d501-48da-91a0-8ada4ad50147,8e42efb0-7a06-4378-941e-98f749719282,BEV-003,1,600,2026-04-22T08:35:16,,False
0f9b16b4-8a00-4f4e-984e-3591cc9b5898,22ce32e5-e960-46f8-ac98-0b170b867a20,JAF-002,2,1100,2026-07-01T13:39:15,,False
9e231836-e086-4d8f-b894-ee65eccd4b11,22ce32e5-e960-46f8-ac98-0b170b867a20,BEV-004,1,700,2026-07-01T13:53:15,,False
43c11c22-af8c-4d42-b289-fbba3f9e0bbb,574ae2d6-b542-4793-81f3-d9a7858f7d6a,JAF-999-DELISTED,1,1200,2026-07-19T09:34:58,,False
8f3a8490-13fd-4f22-975e-cce3765d6cc9,574ae2d6-b542-4793-81f3-d9a7858f7d6a,JAF-001,1,1100,2026-07-19T09:53:58,,False
b78075d1-6d39-444d-90ff-12044616b68b,94d996ea-6560-4c49-a797-4d3079c429ed,BEV-005,1,400,2026-08-11T07:01:53,,False
f56c3761-ed92-4e5c-85fc-22d66337ec47,94d996ea-6560-4c49-a797-4d3079c429ed,JAF-002,1,1100,2026-08-11T07:19:53,,False
619f9f62-990b-4e37-a79c-1ee7d29210af,5212caae-0379-45e2-86a5-da123cfb29b4,BEV-003,1,600,2026-07-10T09:34:28,,False
93619d2b-4e25-4860-8831-fe1f39f7b9c8,5212caae-0379-45e2-86a5-da123cfb29b4,BEV-005,1,400,2026-07-10T09:49:28,,False
178dd20e-cd8a-4728-9ff3-584f4384b01a,5212caae-0379-45e2-86a5-da123cfb29b4,JAF-003,1,1200,2026-07-10T09:55:28,,False
48c75a9e-b55f-4749-b0f0-feff61d79245,1a7e4633-00fd-404e-ae69-6506b68eca3d,BEV-004,1,700,2026-08-11T23:30:48,,False
20886f25-e33f-41fb-92cb-d174329cc3cf,8191131e-2166-4681-91fa-00f27941c7ef,JAF-001,1,1100,2026-02-26T18:48:22,,False
e9afae15-3dc8-42bc-ad4d-4a00c8fcd77b,8191131e-2166-4681-91fa-00f27941c7ef,JAF-003,1,1200,2026-02-26T19:00:22,,False
9d0506df-7864-4209-b2f7-2717cf25e0f2,8191131e-2166-4681-91fa-00f27941c7ef,JAF-004,1,1400,2026-02-26T19:05:22,,False
09b81cf3-bd32-4cb3-962c-91347d1d7a13,a8b0d864-749f-4bfd-bcc5-8b25e2308af7,JAF-004,-1,1400,2026-06-23T05:50:50,,False
f23aa24a-ba63-4f38-a7e6-6522fa20a7b4,a8b0d864-749f-4bfd-bcc5-8b25e2308af7,BEV-001,1,600,2026-06-23T05:53:50,,False
e94e4c92-82ea-4fce-a286-8cfb6f118f39,f89c3ee1-88ec-42a5-92b1-0a857b70fd82,BEV-001,1,600,2026-05-30T10:17:55,2026-05-30T10:32:55,False
46e91a3a-dd31-4bc5-a931-cf94ec1e4f64,f89c3ee1-88ec-42a5-92b1-0a857b70fd82,JAF-001,1,1100,2026-05-30T10:21:55,,False
6fb14083-2866-405c-b593-dec9e21ba55b,f89c3ee1-88ec-42a5-92b1-0a857b70fd82,BEV-002,1,500,2026-05-30T10:23:55,,False
07c28fef-f7f9-4cd6-8e57-6c345e24d5b3,f89c3ee1-88ec-42a5-92b1-0a857b70fd82,BEV-001,1,600,2026-05-30T10:39:55,,False
687ecd19-1104-4243-95d2-f43b3c84d228,6b060f79-da45-4913-a91f-784e613d86d5,BEV-004,2,700,2026-06-23T15:45:09,,False
a84f4a6c-1e54-4c1b-a91a-ec8b969e8995,6b060f79-da45-4913-a91f-784e613d86d5,JAF-001,1,1100,2026-06-23T15:53:09,,False
ecb5f9bd-a1c1-4677-90c4-c4e34f753e3e,ae7db8dc-1fe8-462d-9477-1510c4a42c78,BEV-002,2,500,2026-03-07T02:11:09,,False
a22f53d3-e9ab-4de7-b97c-58c28c082dd7,c107f7d4-22e4-4cc8-8272-560167437225,BEV-001,2,600,2026-07-29T01:17:19,,False
973b972e-65b8-4bd1-94d4-ad7e2d226c9f,c107f7d4-22e4-4cc8-8272-560167437225,JAF-001,1,1100,2026-07-29T01:20:19,,False
bbd85470-29a5-4d7e-ab9c-784a2ebe26c9,296cc200-915b-4f42-b5aa-93d5012020ed,JAF-003,1,1200,2026-04-04T19:19:37,,False
d2e0b2f3-f880-4f3e-a355-5abf883e709e,d88f8107-a8ec-4999-9489-d4e6943fc3bb,JAF-999-DELISTED,1,400,2026-07-06T16:20:46,,False
a0657719-6362-4f26-92bb-d953d3374552,d88f8107-a8ec-4999-9489-d4e6943fc3bb,JAF-001,2,1100,2026-07-06T16:34:46,2026-07-06T16:40:46,False
db60f862-5f5b-4f2d-b90f-ce8fcb64bc0e,d88f8107-a8ec-4999-9489-d4e6943fc3bb,JAF-005,1,1200,2026-07-06T16:38:46,,False
786f3dec-71dd-4d4a-8524-4ed3d6764855,d88f8107-a8ec-4999-9489-d4e6943fc3bb,JAF-999-DELISTED,1,1200,2026-07-06T16:43:46,,False
543e423a-5512-4c3a-9da0-ff51ece6a192,8e3c1188-c66a-4161-8d29-b5c4d07a8bca,BEV-003,1,600,2026-07-06T05:30:02,,False
9bdac760-0358-44ae-b979-3e91ebbaeab7,8e3c1188-c66a-4161-8d29-b5c4d07a8bca,BEV-001,3,600,2026-07-06T05:31:02,,False
0b2d0a2d-4985-4b3f-a4f2-2ee54c8c6dce,8e3c1188-c66a-4161-8d29-b5c4d07a8bca,JAF-001,3,1100,2026-07-06T05:37:02,,False
0ce1a111-81b2-4e78-b8dd-c065e5bad783,8e3c1188-c66a-4161-8d29-b5c4d07a8bca,JAF-001,1,1100,2026-07-06T05:47:02,,False
656b6d7b-3c4e-400e-8239-350047557c43,41cbc593-79c6-4d5d-bad1-00569cc286ad,BEV-005,1,400,2026-06-18T01:05:46,,False
1d3170e5-7d6b-439c-a299-6727cf46f162,41cbc593-79c6-4d5d-bad1-00569cc286ad,BEV-005,1,400,2026-06-18T01:23:46,,False
91886419-e5d7-4473-b783-65934d97304c,41cbc593-79c6-4d5d-bad1-00569cc286ad,BEV-004,1,700,2026-06-18T01:42:46,,False
8fad3e75-e869-4785-bd11-601f0f4224e6,acd72c5d-14f9-4a74-bca1-f0ebc0ffdab6,BEV-003,1,600,2026-08-14T16:44:43,,False
737d0912-966b-4c30-b84e-5008c231a530,acd72c5d-14f9-4a74-bca1-f0ebc0ffdab6,BEV-005,1,400,2026-08-14T16:59:43,,True
8cf154b6-d70b-4272-b0bf-5a97f5d22c7b,acd72c5d-14f9-4a74-bca1-f0ebc0ffdab6,BEV-001,1,600,2026-08-14T17:19:43,,False
4f87d794-0db1-4251-b4cc-cd70d2d51f6f,acd72c5d-14f9-4a74-bca1-f0ebc0ffdab6,BEV-002,1,500,2026-08-14T17:37:43,,False
a0b47379-8eac-4b54-970e-1de059998927,25f98762-ad5b-4721-9a06-6492d9a01674,BEV-005,2,400,2026-06-16T07:29:19,,False
b0097768-6f3d-407b-8b4e-09854cf0e483,e88b4825-89bd-4c8c-8843-0c8d6611fcde,JAF-005,3,1200,2026-07-05T04:51:21,,False
2e8c09e5-618b-4dec-9396-27f0218f2718,763f6c3d-cbf0-43c3-929a-0f00c7f7d50e,BEV-003,1,600,2026-05-27T22:18:20,,False
275c515b-8764-4acd-aa45-8a8a7131aa8f,d1caa115-e4b3-47e7-93ea-1ea53bfefe3f,BEV-002,1,500,2026-03-16T02:58:29,,False
40a36c65-bed3-4431-b6f8-8f7debaf0d0e,410fb1fb-9c20-4fba-bef4-59d4ec07aa02,BEV-002,1,500,2026-02-21T23:33:38,,False
15c6e676-526d-4fa9-870d-b81472d0f464,410fb1fb-9c20-4fba-bef4-59d4ec07aa02,BEV-005,1,400,2026-02-21T23:41:38,,False
4e1861e6-a8e0-493b-abeb-7af6bf030b92,410fb1fb-9c20-4fba-bef4-59d4ec07aa02,BEV-002,1,500,2026-02-21T23:42:38,,False
9bc53ec5-d769-4b48-ad8d-20c384e56a06,ff172c88-8946-4705-b69f-6b0916aa2852,BEV-001,1,600,2026-06-18T09:35:52,,False
2fe4b833-2bd9-4931-9e36-23c4cd8190e9,ff172c88-8946-4705-b69f-6b0916aa2852,JAF-001,1,1100,2026-06-18T09:40:52,2026-06-18T09:58:52,False
ac783362-70e7-4a04-99fc-57454674eb4f,ff172c88-8946-4705-b69f-6b0916aa2852,JAF-005,1,1200,2026-06-18T09:46:52,,False
b0a95124-4c53-4c23-9197-b84118336176,ff172c88-8946-4705-b69f-6b0916aa2852,BEV-004,2,700,2026-06-18T09:52:52,,False
0ec69790-be8d-4e43-aa21-c3b33ef4fe6b,7046db1b-db9b-4b9d-92b4-10315154c7f0,BEV-005,1,400,2026-04-11T11:42:45,,False
45e013b3-59d0-457c-bc5f-473877da9081,7046db1b-db9b-4b9d-92b4-10315154c7f0,JAF-005,1,1200,2026-04-11T11:53:45,,False
a8b23524-8353-430c-a69a-b45de343acd3,7046db1b-db9b-4b9d-92b4-10315154c7f0,JAF-003,1,1200,2026-04-11T12:10:45,,False
6cce62f4-162c-41fc-a82c-3ea0dc237fb0,79385bed-f5d4-4d36-bdc2-8d494577c71a,JAF-004,2,1400,2026-03-10T14:04:26,,False
efde5843-808d-45c0-bb8b-90ca698cfc13,90b922e9-5916-4120-8225-1bff4aa43a9e,JAF-003,1,1200,2026-07-27T00:29:10,,False
2856ffd8-c0c1-41d0-92eb-92236d0370dd,90b922e9-5916-4120-8225-1bff4aa43a9e,BEV-001,1,600,2026-07-27T00:36:10,,False
8d70bacd-179e-4119-b215-5f42187f303e,24821986-70bf-4fe0-a971-80bea25266e2,JAF-001,3,1100,2026-02-16T21:35:10,,False
0ab6f68a-3013-4c59-9c11-edd6c61c4a45,24821986-70bf-4fe0-a971-80bea25266e2,BEV-002,1,500,2026-02-16T21:39:10,,False
708523b3-88ae-4ed8-b88a-89cbaa9e3682,24821986-70bf-4fe0-a971-80bea25266e2,JAF-002,2,1100,2026-02-16T21:43:10,,False
28d2e1a5-c3e9-4727-93d1-220dd028281c,39907d45-d0fa-4ca5-ab4b-93dcd853f1c7,JAF-003,1,1200,2026-02-25T09:21:12,,False
6a2294ec-65a7-4403-855f-02a23150f5e4,82abe9cd-fa92-48f2-8188-90f9c4d1f9f2,BEV-003,1,600,2026-07-15T15:52:50,2026-07-15T16:05:50,False
f75aa472-d1e3-43d4-8e3a-1c0851b2c070,82abe9cd-fa92-48f2-8188-90f9c4d1f9f2,JAF-005,1,1200,2026-07-15T15:59:50,2026-07-15T16:20:50,False
4b5375a8-e7cc-4cac-9468-9b4d388e6599,66a7eee2-7bd8-4ee8-a9e3-ffab1a740409,JAF-005,3,1200,2026-03-21T10:49:49,,False
047cc335-b5b6-4e99-8ad6-5bfee7d14e0e,66a7eee2-7bd8-4ee8-a9e3-ffab1a740409,JAF-004,1,1400,2026-03-21T10:51:49,,False
2bfe3649-c96c-4a6f-8f6d-7b9ed2449272,470dac13-082a-422b-89f4-8858407615d6,JAF-001,1,1100,2026-04-08T13:09:00,,False
b6021cc3-ae3f-43c7-b977-7b756642e3e2,470dac13-082a-422b-89f4-8858407615d6,BEV-001,1,600,2026-04-08T13:21:00,,False
551673d5-a762-4621-811a-19fb52705f83,470dac13-082a-422b-89f4-8858407615d6,JAF-002,1,1100,2026-04-08T13:27:00,,False
49e87ad2-99f3-4fa5-8911-0b48de8c1999,dabe33fb-99c4-4c93-b54d-a412ad01a201,JAF-004,1,1400,2026-02-16T14:32:40,,False
093aff3c-f453-40c8-af59-cd45a2c1b598,034ac01e-edc7-4646-8964-b4088dbf5a67,BEV-003,2,600,2026-03-16T00:24:34,,False
6f8f645e-fb14-4876-8c9f-1842129c476f,936bef3e-c1d8-4972-9dfd-fcdcfc526234,JAF-004,2,1400,2026-02-25T17:21:30,,False
02165ec1-fbf5-4973-8d8d-704373018421,936bef3e-c1d8-4972-9dfd-fcdcfc526234,BEV-004,2,700,2026-02-25T17:23:30,,False
168ff4b9-c38b-47ab-9ec7-d7644437b5da,510d0f0c-adf3-4670-a3f5-9c283f570ed4,BEV-002,1,500,2026-02-26T07:36:48,,False
51f93f72-0ee4-42e3-9873-98ea339827dc,51928fcf-6653-4bff-946f-3c537cc3b8ff,BEV-003,2,600,2026-03-16T04:12:40,,False
056d32ab-e7c0-4fe1-9a4e-8cd3a8aced64,51928fcf-6653-4bff-946f-3c537cc3b8ff,BEV-003,1,600,2026-03-16T04:28:40,,False
14993f51-1f94-4bfa-80c4-78f67513ad9a,51928fcf-6653-4bff-946f-3c537cc3b8ff,JAF-004,1,1400,2026-03-16T04:40:40,,False
5f1f202d-09a7-418f-a907-4acadb0f9ad9,546d4bfb-d056-47b0-9c65-8127ec2011fd,BEV-005,0,400,2026-04-07T04:30:40,,False
aa190031-ac45-4b92-9c38-bb375cf397ac,546d4bfb-d056-47b0-9c65-8127ec2011fd,BEV-003,1,600,2026-04-07T04:32:40,,False
5622c32b-faf5-4ebf-b2f2-b82b899dc4d6,ff9c5336-0a96-49bd-ac38-164f0c72114f,BEV-004,1,700,2026-04-06T05:38:31,,False
5d741420-acfd-4195-806e-d5bc2c0831d6,ff9c5336-0a96-49bd-ac38-164f0c72114f,JAF-003,1,1200,2026-04-06T05:52:31,,False
2832258c-0de5-43be-8db0-13305a17f185,ea962b08-2dee-4446-a291-069a3be58560,BEV-004,2,700,2026-07-30T08:54:26,,False
c4f83339-3d72-40ae-ad15-7454b298076e,ea962b08-2dee-4446-a291-069a3be58560,BEV-001,1,600,2026-07-30T09:12:26,,False
142e81dc-c711-42ac-8e1c-fb0ea0abfd98,826409f2-8db7-460e-907f-6c4d9c674443,BEV-003,2,600,2026-06-08T08:16:22,2026-06-08T08:30:22,False
2a47db6d-6fb5-4803-a7ee-6e882cee0e4e,f6c1f2a8-4305-412b-a7b8-9d97fc035c71,BEV-001,1,600,2026-06-02T02:13:18,,False
15778428-474f-4424-b190-6d0d6325e5b8,974c7a12-74c4-4852-9909-bec957da78f2,BEV-001,1,600,2026-05-25T21:28:00,,False
4b22fc44-20f5-431b-b8d6-7ada2d28dea7,40f021fc-bf5a-4c2c-9129-7ad3d21370b6,BEV-005,1,400,2026-02-19T10:54:33,,False
5038710b-264f-41e3-b29a-3b6eb7a5e5db,40f021fc-bf5a-4c2c-9129-7ad3d21370b6,JAF-004,1,1400,2026-02-19T11:01:33,,False
aa3269bb-6655-4bb0-b040-a8d6049832ed,467667d5-5010-44ff-80b1-19e8addbb4f0,BEV-001,2,600,2026-04-13T20:15:14,,False
c2325330-3a71-4967-a05e-3647f2addd0c,467667d5-5010-44ff-80b1-19e8addbb4f0,BEV-003,1,600,2026-04-13T20:31:14,,False
82c225a8-2774-4d91-818a-9158504a7486,363b132e-bfbf-4040-a83a-f0a54c37445b,BEV-005,2,400,2026-07-28T07:35:58,,False
139ed105-05c3-4b2b-bd5c-8ff575afd9c5,363b132e-bfbf-4040-a83a-f0a54c37445b,JAF-005,1,1200,2026-07-28T07:54:58,,False
e672349f-98d3-47cd-8c2b-4ef1603e2265,10e56260-283a-418b-9804-fcc3bcd243c5,BEV-004,2,700,2026-05-13T19:44:21,,False
4480afac-f401-4edc-81d8-c630d264d657,10e56260-283a-418b-9804-fcc3bcd243c5,JAF-001,1,1100,2026-05-13T20:01:21,,False
f3a92535-d51d-4d74-89a4-d2d80fa64095,07f9f3c1-fc08-4423-9515-47ec1c97c143,BEV-005,2,400,2026-03-22T07:21:17,,False
c2f75cdc-709e-429f-a461-40f6c861ae87,07f9f3c1-fc08-4423-9515-47ec1c97c143,JAF-003,2,1200,2026-03-22T07:30:17,,False
55e463b8-0036-479e-aceb-7c9f34d150c4,07f9f3c1-fc08-4423-9515-47ec1c97c143,BEV-001,1,600,2026-03-22T07:43:17,,False
e9a03e28-0db4-4546-8e3d-969bf3208bcf,07f9f3c1-fc08-4423-9515-47ec1c97c143,BEV-005,1,400,2026-03-22T07:52:17,,False
47c0b90a-6a9d-400b-b44e-7d1a3f4f45a1,fd39daca-243a-4fc2-b7d6-01424bf729d8,BEV-004,2,700,2026-06-30T06:09:29,,False
ebe33e41-6f78-4c08-938c-29edca1a2951,374b455b-6ace-40a3-a4d5-65b7239f69bb,JAF-002,1,1100,2026-07-05T20:17:59,,False
c6fa2f3d-42d5-4048-a98d-b105fb0f593b,ef6b3387-8621-49c6-aed9-9be67f668b25,JAF-004,1,1400,2026-06-02T00:31:18,,False
17ce7273-d34f-465d-87d1-508c835a2a97,ef6b3387-8621-49c6-aed9-9be67f668b25,JAF-002,1,1100,2026-06-02T00:41:18,,False
277a8733-4e89-4792-a31d-a3eb106f3947,ef6b3387-8621-49c6-aed9-9be67f668b25,JAF-004,0,1400,2026-06-02T00:54:18,,False
96694bab-d1f5-44aa-b829-00b5ae9f3a3d,ef6b3387-8621-49c6-aed9-9be67f668b25,JAF-005,1,1200,2026-06-02T01:08:18,,False
fc571c05-751c-45f2-890c-e8f1be10590f,41a33d18-2780-4687-937b-1e04b4b3bd83,BEV-002,1,500,2026-06-18T17:38:31,,False
2a1e1152-6bbf-4f67-8bea-82de58be5113,2cdf4dfd-ea9e-4331-b4fc-3f500aa0056c,JAF-001,1,1100,2026-03-04T17:39:30,,False
6c19a5eb-f123-4376-8218-f0e7ca7d5713,3223d94f-6146-474a-b9c2-5859e9190d24,JAF-001,1,1100,2026-03-10T03:33:40,,False
412aff72-6767-4ee7-87ea-a65e45f2105f,3223d94f-6146-474a-b9c2-5859e9190d24,JAF-005,3,1200,2026-03-10T03:51:40,,False
87651ef6-c2f0-4d9d-9041-a5438b4c53af,3223d94f-6146-474a-b9c2-5859e9190d24,JAF-001,1,1100,2026-03-10T04:03:40,,False
60c95f19-5360-410c-9839-c0c1e6b7475e,3223d94f-6146-474a-b9c2-5859e9190d24,BEV-002,3,500,2026-03-10T04:06:40,,False
29499fa9-97f6-4907-8458-e1786eb56a28,ed2764c6-8bd4-42af-b7e5-5ff722935fe6,JAF-004,2,1400,2026-05-21T19:21:09,,False
48631531-b996-4b48-926f-cca3ac15e467,ed2764c6-8bd4-42af-b7e5-5ff722935fe6,BEV-004,2,700,2026-05-21T19:34:09,,False
dcad010c-7b6d-493a-983c-55b184b5422b,d373c226-539a-421d-a6a2-028d5a35a177,BEV-001,2,600,2026-03-31T23:16:08,,False
8b9c2ff7-9691-4122-a22d-b595cc55e081,db3588f1-97e9-4fdf-aab2-bae6f62d618f,BEV-002,1,500,2026-03-04T01:59:47,,False
79a27c02-37fa-4cae-a41c-554b0d743a64,efa509b0-6ea4-4efc-87ec-902ae76234bd,BEV-004,3,700,2026-05-27T07:17:40,,False
8b92f780-8e4e-467d-a914-59cc5159767a,4363aef0-47d9-4039-a260-ca01c3770967,BEV-003,1,600,2026-07-13T03:08:44,,False
08964ce6-002a-4ddf-9e78-0f31bd22221a,89b693f5-d15e-4c06-91b6-863c0762e4e6,JAF-001,3,1100,2026-07-01T23:51:47,,False
2620396f-a6c4-46ea-aeaf-e329e4e1b896,89b693f5-d15e-4c06-91b6-863c0762e4e6,JAF-002,1,1100,2026-07-02T00:10:47,,False
6c91fc34-18a2-4c9b-a97c-f93afa97b52e,f45c9f4f-d9b3-4152-9e98-dd65a04bfb5d,JAF-001,1,1100,2026-04-08T23:09:31,,False
7f9b1a48-4235-40d3-937b-255ed5c0ea87,f45c9f4f-d9b3-4152-9e98-dd65a04bfb5d,BEV-005,1,400,2026-04-08T23:28:31,,False
f49e44f2-ac13-443c-a163-2c1d1dafdf3f,f45c9f4f-d9b3-4152-9e98-dd65a04bfb5d,JAF-003,1,1200,2026-04-08T23:42:31,,False
0a56dead-6fc2-4d23-b301-4984c03153fc,f45c9f4f-d9b3-4152-9e98-dd65a04bfb5d,BEV-002,1,500,2026-04-08T23:58:31,,False
f145c325-94c2-49b5-a657-1585e70b05e4,4e8d6ad5-7665-466a-9d47-534c4ca8af14,JAF-002,3,1100,2026-03-06T10:09:15,,False
e73928ba-d437-44ed-81cb-50b2c7a93594,4e8d6ad5-7665-466a-9d47-534c4ca8af14,BEV-001,3,600,2026-03-06T10:12:15,,False
ec0f8386-66ad-4b70-8919-5a323b54ac87,4e8d6ad5-7665-466a-9d47-534c4ca8af14,BEV-003,2,600,2026-03-06T10:31:15,,False
82611b27-c754-4f23-b1ed-3b4eaa8efe10,eff5342f-d67d-4ae0-bf8b-c4ba6f4a8979,BEV-001,1,600,2026-06-19T09:43:03,,False
f5f9df08-ddd1-44a4-b156-7f1f51e4e8fd,53e02450-e6f4-4145-94c0-6ef870d9a739,BEV-005,1,400,2026-03-07T22:46:52,,False
47cdacab-8076-4779-aef5-41c8cfae92e5,47add280-d977-43d4-9548-585fa66fdb4f,JAF-004,1,1400,2026-06-14T09:04:16,,False
5317fabe-6f0b-447b-b99c-1e60ceeef5be,47add280-d977-43d4-9548-585fa66fdb4f,JAF-004,1,1400,2026-06-14T09:05:16,,False
bd169911-6a8a-4439-8df3-47adff5cdac6,47add280-d977-43d4-9548-585fa66fdb4f,JAF-001,1,1100,2026-06-14T09:25:16,,False
a46e36d2-b6fe-49dc-9f42-a9c77b7feb1a,2725b99a-88fa-48d2-a13b-73619f32b620,JAF-001,1,1100,2026-02-19T18:20:20,,False
9abb4117-1e29-4a2c-bbf6-6c1c724e8c3f,2725b99a-88fa-48d2-a13b-73619f32b620,JAF-999-DELISTED,1,1200,2026-02-19T18:29:20,,False
b6646bf6-0755-458f-ab3b-2678a75bf2b4,2725b99a-88fa-48d2-a13b-73619f32b620,JAF-002,1,1100,2026-02-19T18:36:20,,False
c25dc5e8-db95-417e-baff-f4cdbf4cb3d3,c1e16b6d-8647-46ef-8159-006ff82256c4,JAF-003,1,1200,2026-04-01T17:11:15,,False
d68696af-f83e-4beb-a86d-c0bfa955616f,c1e16b6d-8647-46ef-8159-006ff82256c4,BEV-004,1,700,2026-04-01T17:12:15,,False
99b09eae-e2e7-4758-95d5-cca35236839c,c1e16b6d-8647-46ef-8159-006ff82256c4,BEV-002,1,500,2026-04-01T17:22:15,,False
2f80934c-4daf-4c46-853e-5816a7fd78f2,dc90cce2-e01e-44a6-b9cb-9afa1060635d,JAF-005,1,1200,2026-07-22T14:06:22,,False
b58caa3c-de4d-4c45-8c2b-bdf4e4829801,5bd634a5-8db8-40e2-9223-ace8d34852ec,JAF-004,2,1400,2026-04-02T10:56:26,,False
d4cf09d7-f0d1-4e7f-8846-4ea08b3d0471,8ae94738-6e9a-4fc1-be66-4e5c02c560e4,JAF-001,2,1100,2026-04-11T23:36:42,,False
c3086d1e-7463-46e6-8336-19e2b6033039,8ae94738-6e9a-4fc1-be66-4e5c02c560e4,BEV-002,2,500,2026-04-11T23:47:42,,False
621c138f-dade-4d79-9fda-60bde016b6f5,2592921e-03fb-44bd-a194-a44e8497a4db,BEV-003,1,600,2026-04-19T09:47:00,,False
f01771fc-28d8-4864-bde1-d188ac3e3d93,2592921e-03fb-44bd-a194-a44e8497a4db,BEV-004,2,700,2026-04-19T09:49:00,,False
dc9a30ab-14a8-4de8-8d16-9d3dab6267c3,a4d68745-0ac0-4a9a-bde9-679bfcc7404b,BEV-003,1,600,2026-06-07T03:58:58,,False
8d7b7459-80a5-454d-aadb-fb9549e0e98d,a4d68745-0ac0-4a9a-bde9-679bfcc7404b,JAF-005,1,1200,2026-06-07T04:16:58,,False
bebd56bb-4b19-40c7-b9d0-419c019c9570,d51e8eba-65b8-4f14-8b6f-cd2119d49f5d,JAF-004,1,1400,2026-03-14T21:46:05,,False
d5a1c2cb-a4d1-4ff7-b9d1-78a90cfaf646,0d350637-e3bb-4324-aad2-1536b5404816,JAF-004,1,1400,2026-05-08T00:44:04,,False
437caf9d-cdde-4d64-85a4-c28d64227e2d,0d350637-e3bb-4324-aad2-1536b5404816,JAF-001,2,1100,2026-05-08T00:55:04,,False
5a04c68b-9fc3-40f1-ae43-d2a16f57e333,ebaf9727-0442-43e6-b7d3-1ccfd87094e3,BEV-005,2,400,2026-05-15T19:18:14,,False
0b869153-20cc-414c-a776-6128f0fe4c73,ebaf9727-0442-43e6-b7d3-1ccfd87094e3,JAF-001,1,1100,2026-05-15T19:36:14,,False
c5303d2f-36ca-4538-9bf9-15429e79caeb,ebaf9727-0442-43e6-b7d3-1ccfd87094e3,BEV-001,1,600,2026-05-15T19:37:14,,False
7a560d19-8a31-4d0b-a6d9-b53d7be515d0,ade9633e-7684-459d-9080-4cf24c0ffe65,JAF-003,2,1200,2026-06-15T08:25:27,,True
042426a7-11de-4bbf-8638-170795615d56,ade9633e-7684-459d-9080-4cf24c0ffe65,BEV-002,1,500,2026-06-15T08:36:27,,False
c7d26ca5-55fd-4e00-8c2e-3b1b37495060,ade9633e-7684-459d-9080-4cf24c0ffe65,JAF-003,1,1200,2026-06-15T08:46:27,,False
e7468dc7-0c09-4048-bd21-a0d719b457aa,01f766e4-1e9e-4468-971e-882e286217c1,JAF-001,1,1100,2026-05-08T02:07:58,,False
c283c447-6072-42ac-b096-03f261bd5811,b1a83498-9ed6-42bd-b1fe-2d5bd732b557,JAF-005,2,1200,2026-06-03T03:48:47,,False
227e113f-92bc-4d86-84ec-11e09f91f09d,b1a83498-9ed6-42bd-b1fe-2d5bd732b557,BEV-001,1,600,2026-06-03T03:56:47,,False
0d0160c3-d3eb-4f42-919a-d2079afadc93,b1a83498-9ed6-42bd-b1fe-2d5bd732b557,JAF-003,1,1200,2026-06-03T04:13:47,,False
03f60390-3dbd-4beb-8d30-1cd34286f766,4a0dae29-b66f-4e76-b334-22a34a37b557,JAF-005,3,1200,2026-06-02T03:32:27,,False
bb1c0f73-620e-467a-80fd-0a01f5dca62e,4a0dae29-b66f-4e76-b334-22a34a37b557,JAF-005,1,1200,2026-06-02T03:36:27,,False
ebfb4ed2-bb4a-4e2f-9887-25ba9855b2b6,4a0dae29-b66f-4e76-b334-22a34a37b557,JAF-004,1,1400,2026-06-02T03:49:27,,False
97c8b20c-5cb2-409e-98e5-03e81835522d,df639bf6-0cc8-4c80-b501-f83e88c7c007,JAF-005,1,1200,2026-03-01T15:31:20,2026-03-01T15:52:20,False
23355573-a91a-4aba-9961-3eacc753e49f,df639bf6-0cc8-4c80-b501-f83e88c7c007,BEV-003,2,600,2026-03-01T15:49:20,,False
ced1ad97-4732-4cc2-9618-7a71cb281bbd,aaabfd8c-6940-459c-9e7a-c6097296e1c2,JAF-005,0,1200,2026-03-20T00:12:14,,False
6944f77d-71d6-4ab5-a3d3-e9e8d993e33c,aaabfd8c-6940-459c-9e7a-c6097296e1c2,JAF-002,1,1100,2026-03-20T00:24:14,,False
fc868dd5-7161-461c-b0f0-36d3b5abf27a,aaabfd8c-6940-459c-9e7a-c6097296e1c2,JAF-005,1,1200,2026-03-20T00:30:14,,False
1257dbe2-de64-4e33-a594-cab12be5f99a,1e65198e-67c0-4e33-b313-ec2e7e1ca24c,BEV-003,0,600,2026-07-18T16:35:08,,False
5a8ec667-dd55-478c-9834-692725a1918f,1e65198e-67c0-4e33-b313-ec2e7e1ca24c,BEV-002,2,500,2026-07-18T16:36:08,2026-07-18T17:05:08,False
67e27bf3-3d90-4aca-879e-d90e9007032d,1e65198e-67c0-4e33-b313-ec2e7e1ca24c,BEV-003,1,600,2026-07-18T16:54:08,,False
92135e71-bf6e-465c-9624-d8163f054745,587bd493-c09d-42c1-9f1d-8a78dae44d41,BEV-004,2,700,2026-08-07T17:30:07,,False
67e45532-18f4-4d73-8a90-9372ec2ab6c7,587bd493-c09d-42c1-9f1d-8a78dae44d41,JAF-001,1,1100,2026-08-07T17:32:07,,False
db8fa6dd-9ef6-4c1f-b406-be97d16dd4ef,17d4ce56-9c57-4be3-ad92-74d561a2b798,JAF-005,1,1200,2026-04-30T14:21:44,,False
a96ece4e-f3b1-4acd-938a-e5dc9404cf76,17d4ce56-9c57-4be3-ad92-74d561a2b798,BEV-004,1,700,2026-04-30T14:23:44,,False
436fa54e-2d26-43f6-ae97-131415adb74f,d478600d-be0f-4b11-adbd-657bc809e32d,BEV-003,3,600,2026-04-04T06:05:10,,False
89e9e470-01ce-4122-a9f1-59c9b8d15b1b,d478600d-be0f-4b11-adbd-657bc809e32d,BEV-004,2,700,2026-04-04T06:15:10,,False
a40bbb8c-237a-448a-ac8e-a4b6c1e0ed6a,65979b33-4bb1-4e4e-8f56-f1605acb9753,JAF-004,1,1400,2026-03-06T10:27:52,,False
b143760f-a836-4e46-a17c-5c9ea96ed3d5,e927dcca-61da-4c3f-bd37-9c7469a0ae60,JAF-003,1,1200,2026-03-07T11:06:32,,False
1da33692-2f67-42fe-8ab0-9ca23d02dd7b,e927dcca-61da-4c3f-bd37-9c7469a0ae60,JAF-002,1,1100,2026-03-07T11:22:32,,False
e2be4524-f3bc-4d06-818d-bfefbe2905da,e927dcca-61da-4c3f-bd37-9c7469a0ae60,BEV-005,1,400,2026-03-07T11:33:32,,False
dc1df267-2ed5-4a4c-a4ed-9369c56b8f94,3ec6e202-9859-413d-a790-1dc13baf4980,BEV-003,3,600,2026-02-25T13:13:33,,False
a30b9bb8-d6c6-420b-9c38-eaf15941c859,3ec6e202-9859-413d-a790-1dc13baf4980,JAF-005,1,1200,2026-02-25T13:33:33,,False
1b03cbe4-7ee7-46a0-92df-eaf11f9ff6fc,3ec6e202-9859-413d-a790-1dc13baf4980,JAF-003,1,1200,2026-02-25T13:46:33,,False
4836b3ba-2c98-4474-ba56-c7164011d245,3bcc4793-491d-4c1f-b41e-aba382510590,BEV-002,1,500,2026-06-01T02:26:39,,False
1512f6e1-97ad-40a5-932f-b4b9655c6c6c,3bcc4793-491d-4c1f-b41e-aba382510590,BEV-005,1,400,2026-06-01T02:32:39,,False
f2176880-4847-41c6-947d-e94851c60086,97bcc3aa-a815-40fc-8b23-2b6ba0997fac,JAF-005,3,1200,2026-05-04T13:49:08,,False
5595ab4b-3e44-471d-8849-9da8cdebb69e,f3baaa15-6412-4097-a897-c63a4467d1f9,JAF-001,1,1100,2026-08-06T21:02:08,,False
f1cfb933-0a9e-4ed9-9b92-f0377b064aca,f6e22107-71c4-49af-a760-645675ca57bb,BEV-004,1,700,2026-06-01T21:34:50,,False
b931303a-5aa7-4a4a-b8d5-67978cca7bc5,bb9f5a7d-bd71-4264-87ab-e19c8cddf1ea,BEV-004,1,700,2026-06-20T10:20:57,,False
72eb15e6-55fe-405e-84cf-7e857a2efe7f,bb9f5a7d-bd71-4264-87ab-e19c8cddf1ea,BEV-005,1,400,2026-06-20T10:34:57,,False
1b1c32d6-aaeb-44ed-807b-b4d8731bf100,b06c83de-cfb8-4e37-8e9d-c1cfcc6c90f8,JAF-003,1,1200,2026-03-06T14:16:12,,False
d409d942-dd94-484d-8cfc-5a7ce6d6902a,b06c83de-cfb8-4e37-8e9d-c1cfcc6c90f8,JAF-004,1,1400,2026-03-06T14:28:12,,False
1cf079d7-7f43-492d-a82b-050616178085,b06c83de-cfb8-4e37-8e9d-c1cfcc6c90f8,JAF-001,1,1100,2026-03-06T14:48:12,,False
390f4627-0f67-47b9-9bea-6fe8557ffb37,7c2f18a5-e902-4f94-9434-b223b2507704,JAF-002,1,1100,2026-05-14T17:39:16,,False
c2279fcd-6f3a-44cf-94e3-f9cc5c3ccb31,48f73d93-3901-4e2e-9eb0-2def375c0b3d,BEV-003,1,600,2026-05-31T06:38:19,,False
f41b363a-e1a1-49f7-a9af-490ac1762370,c3e81108-772b-4160-af24-b922490c57a0,BEV-002,1,500,2026-05-16T00:53:04,,False
5655b3a1-ecc1-4925-9ae6-929673be5658,c3e81108-772b-4160-af24-b922490c57a0,BEV-003,1,600,2026-05-16T00:57:04,,False
e6ae79bc-d40f-49bc-a2c7-d652f81f493b,02197d9b-9a1e-451b-a20a-8857e5d8f5bb,BEV-005,2,400,2026-07-08T12:34:51,,False
81c2445e-ad4e-483b-9216-6444866b6be8,02197d9b-9a1e-451b-a20a-8857e5d8f5bb,BEV-004,1,700,2026-07-08T12:40:51,,False
a30cc64f-804e-4df3-823d-5d890f156795,02197d9b-9a1e-451b-a20a-8857e5d8f5bb,BEV-003,1,600,2026-07-08T12:50:51,,False
6ee64e41-2d38-410a-b3b8-d1c8a595b9de,4eb52c72-2465-4b94-af20-594e83f41ab4,BEV-003,3,600,2026-08-11T02:21:25,,False
0b07549a-cdea-4d5c-bec4-1f045e1c6ca8,ee5273f4-4ca4-4098-b33b-23ba08117e75,JAF-003,1,1200,2026-08-02T22:25:05,,False
046cebc2-4143-4d81-b012-7b4c9bb93f13,4b5f08c3-960f-4070-8de4-89d39f680b4e,JAF-001,2,1100,2026-04-07T21:25:28,,False
357d7caf-5690-4b5c-9250-ce18e2e589c4,b9bd2816-924e-408f-b72b-b6401689242e,JAF-002,1,1100,2026-06-15T22:41:53,,False
d5ef3320-81bd-4cd4-a181-cc0888795277,b9bd2816-924e-408f-b72b-b6401689242e,JAF-005,1,1200,2026-06-15T22:55:53,,False
78302579-066d-4025-9857-0ec5620c1e31,18f82918-d872-4ec6-98ad-739b5fb69413,BEV-004,2,700,2026-03-02T19:57:29,2026-03-02T20:23:29,False
de1a571d-476a-443f-acf7-39d979c49735,18f82918-d872-4ec6-98ad-739b5fb69413,JAF-003,1,1200,2026-03-02T19:59:29,,False
45e27750-3540-4c07-8437-b20a6aad3741,18f82918-d872-4ec6-98ad-739b5fb69413,BEV-002,2,500,2026-03-02T20:11:29,,False
c4905ad8-938f-4155-8619-a0c5a7ac7616,18f82918-d872-4ec6-98ad-739b5fb69413,BEV-003,1,600,2026-03-02T20:17:29,,False
e8339698-3227-4c19-a589-b9f5e58dbe1d,0ce36ea4-8f92-4b40-b32c-5fa2143da0d8,JAF-003,1,1200,2026-08-13T06:10:03,,False
81f079e8-dd61-4146-8f91-0c231b6690ea,0ce36ea4-8f92-4b40-b32c-5fa2143da0d8,BEV-005,1,400,2026-08-13T06:26:03,,False
e8b7f290-31e5-4650-9938-5de195d05452,e911e4d8-65ea-4b8f-b6f1-61d171f41768,JAF-002,2,1100,2026-02-20T04:21:23,,False
308e9c3d-2217-42b0-a10a-3dd7e415ede6,e911e4d8-65ea-4b8f-b6f1-61d171f41768,JAF-002,1,1100,2026-02-20T04:27:23,,False
86f1a506-c8cd-41e0-ac78-7ff68abccb08,e911e4d8-65ea-4b8f-b6f1-61d171f41768,JAF-002,1,1100,2026-02-20T04:43:23,,False
8d34faa9-68a9-41e6-a09f-79c4ec7643f5,e911e4d8-65ea-4b8f-b6f1-61d171f41768,BEV-004,1,700,2026-02-20T04:53:23,,False
25bfb750-b659-4f00-b34d-885369811d54,7461775e-7d45-4637-8a76-6b08fdf751cb,JAF-001,1,1100,2026-04-11T21:28:58,,False
b6d3cdfb-f6e4-4156-9aa3-5128f3cea3d1,7461775e-7d45-4637-8a76-6b08fdf751cb,JAF-003,2,1200,2026-04-11T21:29:58,,False
bb26ebc4-0771-4f77-abd4-7b560994783e,624451f6-411f-4991-afec-c99325ed7b24,BEV-005,1,400,2026-06-23T21:13:24,,False
7d902a48-e259-43c7-85ce-d06b85635ddb,624451f6-411f-4991-afec-c99325ed7b24,BEV-001,1,600,2026-06-23T21:32:24,,False
d92d86f3-d51f-4376-b666-331f9d8e0f37,624451f6-411f-4991-afec-c99325ed7b24,BEV-005,1,400,2026-06-23T21:47:24,,False
7fe00803-34a5-4cb1-8ad2-1b39004ce2f6,017a82ab-ac62-493d-91d4-908b316ddc4a,JAF-004,1,1400,2026-04-19T22:30:26,,False
53ed2189-5d59-46e0-ac78-003ace554f4a,017a82ab-ac62-493d-91d4-908b316ddc4a,JAF-001,1,1100,2026-04-19T22:46:26,,False
d749c6e3-3ba8-4b6c-9e7d-e4c3e0b2c680,9febd932-dc5d-4978-b9dd-62be2d1720a0,JAF-003,2,1200,2026-02-26T00:51:53,,False
d6c1c7cb-4699-41da-acc9-d4664a2bb9d8,9febd932-dc5d-4978-b9dd-62be2d1720a0,BEV-001,2,600,2026-02-26T01:06:53,,False
827c5204-af06-4b72-b9d4-621a284d07a1,c44b2265-302a-4f7a-994e-885004c26b8e,JAF-002,1,1100,2026-04-01T21:17:40,,False
73ae3453-8950-4c15-ac7d-d99c7aac59dd,c44b2265-302a-4f7a-994e-885004c26b8e,BEV-002,1,500,2026-04-01T21:18:40,,False
07d4bfab-627a-4128-bef6-d66b5b55d336,aeb88956-6c4b-412e-849c-1720e443a331,BEV-001,1,600,2026-03-28T14:28:47,2026-03-28T14:30:47,False
e680da90-ba13-4df9-9dc5-e33f2e700f15,b5aec199-a956-427a-ba34-693c0f6e5fee,BEV-004,1,700,2026-06-02T22:12:26,,False
a45da719-472f-4337-ad62-e7e5613fb035,a8026594-7b83-4379-8a88-77c600adb40d,JAF-002,1,1100,2026-07-03T08:37:13,,False
d2aa64ee-8ab8-4158-8ae6-66c166027034,a8026594-7b83-4379-8a88-77c600adb40d,BEV-002,2,500,2026-07-03T08:52:13,,False
87664a94-10ec-4fe4-bd95-9aed8480b742,d5aa9f13-9f8d-44e7-b50a-f6cc64a8c9fc,BEV-002,1,500,2026-04-06T05:57:01,,False
4a961c51-aba0-47ba-9038-6b41b5c76ea2,a6b7c6bb-082f-41d1-8e46-6c07c6a41b05,BEV-004,1,700,2026-08-08T21:06:33,,False
e329c68d-ac15-453a-a2a4-bb0dcbf94880,a6b7c6bb-082f-41d1-8e46-6c07c6a41b05,BEV-003,1,600,2026-08-08T21:09:33,,False
b68fbc51-6f15-42c1-be5f-53cc37a53b4b,a6b7c6bb-082f-41d1-8e46-6c07c6a41b05,BEV-005,3,400,2026-08-08T21:28:33,,False
52954b61-1b99-45d4-a950-28ef84006eca,870a1290-a0bb-48b5-9f52-b12c74bad4c2,JAF-003,1,1200,2026-03-15T00:05:24,,False
5a6e6d91-7471-43dd-81a3-632e3e031f0e,83a17fa1-2fe8-47c7-9ade-89904a3ba1bf,BEV-005,1,400,2026-03-08T08:32:20,,False
2f1de2a6-bf2e-41c3-8855-c8ad30c04940,83a17fa1-2fe8-47c7-9ade-89904a3ba1bf,BEV-001,1,600,2026-03-08T08:50:20,,False
8062cc32-1f9a-4c9e-865d-c5e11f5cf874,9f1f0615-b39c-4fdc-87e2-4a4f57ac9544,JAF-003,2,1200,2026-04-11T08:23:26,,False
0f1a943d-184a-4ab5-afb8-23c83acf8d07,9f1f0615-b39c-4fdc-87e2-4a4f57ac9544,BEV-001,1,600,2026-04-11T08:37:26,,False
ccb04504-6db7-4fd7-8af8-43fdf1fbae56,29744ce4-1a97-4e80-a5ec-89d2ee83c9dc,BEV-004,2,700,2026-05-27T10:16:55,,False
2bd3f904-5e3d-453e-a324-eec6aa7ea6b7,ffc0a3f4-485d-4092-8a42-ae4f5734fe7d,JAF-002,1,1100,2026-03-13T04:27:13,,False
170bdecc-0016-4ee8-b1cc-5eee90a868bd,ffc0a3f4-485d-4092-8a42-ae4f5734fe7d,BEV-002,1,500,2026-03-13T04:44:13,,False
6e1a27ed-156f-4969-9a92-5c97a630e4c9,ffc0a3f4-485d-4092-8a42-ae4f5734fe7d,BEV-005,3,400,2026-03-13T04:48:13,,False
9c8dfff8-96a0-45f1-911d-ec167ece882c,ffc0a3f4-485d-4092-8a42-ae4f5734fe7d,JAF-001,2,1100,2026-03-13T05:08:13,,False
ba1c5fde-99ae-4823-a787-fed3a6deacc4,b6ba4203-11e5-4bba-a31b-5df1f5362e2b,BEV-003,1,600,2026-02-18T06:53:27,,False
d269df7e-2162-437d-8c7c-f9c7cf728777,b6ba4203-11e5-4bba-a31b-5df1f5362e2b,BEV-002,1,500,2026-02-18T07:08:27,,False
c3bb9b58-3a31-495e-857e-a0b46f557798,b6ba4203-11e5-4bba-a31b-5df1f5362e2b,BEV-005,1,400,2026-02-18T07:20:27,,False
c4b35fd1-e893-43ac-a8da-56a6972830e2,b6ba4203-11e5-4bba-a31b-5df1f5362e2b,BEV-002,1,500,2026-02-18T07:31:27,,False
7dc84e89-562d-4a90-a7c4-df3303b961ee,1049b028-26a4-4a6c-9712-6b789f581b23,BEV-003,2,600,2026-07-30T13:31:10,,False
ab00c72b-b300-44cb-bf3e-3cf129d0249b,1049b028-26a4-4a6c-9712-6b789f581b23,BEV-005,2,400,2026-07-30T13:50:10,,False
95dc92d1-d56f-46af-a686-f47a7380cce3,1049b028-26a4-4a6c-9712-6b789f581b23,JAF-005,1,1200,2026-07-30T13:59:10,,False
5cf2cab2-a67d-4b81-b5b1-5186c9b00e4a,a71438a3-dcc3-4b30-8362-cf999c133c21,BEV-002,2,500,2026-04-21T06:40:31,,False
44cccc0a-c706-4a06-97cc-300ebb6cc792,93f36203-e53d-42e4-8232-2ed8ab977ea8,JAF-003,1,1200,2026-03-23T16:59:54,,False
99d22551-3187-4b07-89d6-788f04a8e657,93f36203-e53d-42e4-8232-2ed8ab977ea8,BEV-002,1,500,2026-03-23T17:14:54,,False
d14c7341-0289-4b62-8199-c04efad72f73,c6c4e4f5-8f4f-4fae-8d18-a27947633c1e,BEV-005,1,400,2026-02-17T16:07:13,,False
07ba446e-78fa-4369-9e89-3961716246e4,c6c4e4f5-8f4f-4fae-8d18-a27947633c1e,JAF-005,1,1200,2026-02-17T16:25:13,,False
6a1f0883-b08a-4915-ace2-af2bbe8de6dc,b04bb2e4-4be5-4506-908b-22f838facde6,JAF-004,2,1400,2026-03-06T05:39:41,,False
188becfc-4a0e-42d4-9a68-c292ade8c3af,b04bb2e4-4be5-4506-908b-22f838facde6,BEV-002,1,500,2026-03-06T05:46:41,,False
32a3ecdc-7d4e-4d0a-9e2c-9f9c2151a7d8,cc792c6a-0066-4431-bcb8-f3c86d95dd0d,JAF-004,1,1400,2026-02-17T14:33:59,,False
75a3ba48-44ff-428f-8a3d-ac188b7da247,cc792c6a-0066-4431-bcb8-f3c86d95dd0d,JAF-001,1,1100,2026-02-17T14:51:59,,False
cb6ffaa9-1252-4958-9669-fcfafaf5d820,7e444186-8777-4437-920b-af1c88460d1b,JAF-002,3,1100,2026-03-07T10:02:32,,False
97d7c170-a616-4daa-bef6-449a3ff5fdf1,7e444186-8777-4437-920b-af1c88460d1b,BEV-001,3,600,2026-03-07T10:06:32,,False
7f972776-392e-4317-bd43-ac15f67a58ea,7e444186-8777-4437-920b-af1c88460d1b,JAF-003,3,1200,2026-03-07T10:17:32,,False
913fbe84-a849-446f-a378-3c50a5954c38,7e444186-8777-4437-920b-af1c88460d1b,BEV-002,1,500,2026-03-07T10:37:32,,False
ed76a90b-b952-41c3-95e2-d4e7696de4c9,ba21b653-e179-42fb-baab-e407b621eaaf,BEV-003,2,600,2026-06-15T12:09:47,,False
ec8f915e-a3fc-4080-829d-48a4e95b6f26,ba21b653-e179-42fb-baab-e407b621eaaf,JAF-003,1,1200,2026-06-15T12:24:47,2026-06-15T12:40:47,False
367b3855-1504-4a0d-83dd-cc491e284ecb,de8c6e38-10f5-44c8-a2fa-eeee9f24a194,JAF-004,1,1400,2026-03-12T14:16:22,,False
48d87480-a3a8-4f9a-95cf-f0483aca60ab,de8c6e38-10f5-44c8-a2fa-eeee9f24a194,BEV-003,2,600,2026-03-12T14:31:22,2026-03-12T14:58:22,False
3bf93502-cd4e-4f13-a38b-1c64dbc22d62,de8c6e38-10f5-44c8-a2fa-eeee9f24a194,JAF-002,1,1100,2026-03-12T14:44:22,,False
10d9dfa7-054a-48bd-a448-0728962e5ba1,de8c6e38-10f5-44c8-a2fa-eeee9f24a194,BEV-004,1,700,2026-03-12T15:02:22,,False
4768fe17-5d0c-47f2-a29d-fb7659c1f919,8a78d2a4-dfba-4927-b79a-956a0cc6c6d2,JAF-004,3,1400,2026-06-11T18:59:23,,False
4eaaa7ab-0d3c-43d0-969f-86fc62e98b1f,33dc01cd-9d76-4290-9c04-4c2de9214d9b,BEV-001,2,600,2026-05-11T10:09:51,,False
657df5f3-8bef-4101-a8c9-a4e419573bec,4feecc1a-c819-4bd4-aa44-19f42a27cd85,JAF-001,2,1100,2026-07-06T19:10:46,,False
8e616d55-9a7c-4384-bdac-0665a35b278d,2fc59f70-d7bb-42e7-99ce-2bb8fe507a79,BEV-003,2,600,2026-03-08T04:05:49,,False
d0f60958-a7ea-44db-b70c-cb72fd9546b2,2fc59f70-d7bb-42e7-99ce-2bb8fe507a79,BEV-003,1,600,2026-03-08T04:18:49,,False
f2c5e9d5-55f8-4f9a-927e-a7c144dc74f6,cbca85fc-846b-427d-bfb1-667c4ca5cbd4,JAF-001,2,1100,2026-06-28T02:25:09,,False
ee2ad5f0-326d-4fa8-88eb-18b9948f1558,cbca85fc-846b-427d-bfb1-667c4ca5cbd4,BEV-003,1,600,2026-06-28T02:36:09,,False
5ea37fb5-cd33-4a95-b198-d8b75417cb5f,cbca85fc-846b-427d-bfb1-667c4ca5cbd4,BEV-001,1,600,2026-06-28T02:53:09,,False
c6f2a77f-6924-4600-a83f-3b117ed20b22,2fcf8890-d5d7-41f4-a3e2-fb5f2193a7cc,BEV-001,3,600,2026-06-07T09:39:11,,False
617ae610-383a-4e78-87a9-3f29f360649d,2fcf8890-d5d7-41f4-a3e2-fb5f2193a7cc,BEV-004,2,700,2026-06-07T09:52:11,,False
2536fc65-762c-4555-85be-1a419aba8e0c,aa140192-4ad5-40f9-872e-72bdeaf77dc4,JAF-002,1,1100,2026-06-17T14:49:11,,False
6d9a171d-501d-49e7-ac82-f0f39e0f613a,bd44bdd2-c901-4a55-b21f-b15b54d9ca82,JAF-003,1,1200,2026-04-22T16:23:10,,False
c78b8dda-34fa-4792-b483-62334ee04653,bd44bdd2-c901-4a55-b21f-b15b54d9ca82,JAF-003,1,1200,2026-04-22T16:34:10,,False
0fd741e9-36cd-45ef-9716-a08768043d04,2ea9040a-3f23-4f41-98c7-f6aea8155049,JAF-004,1,1400,2026-04-12T13:41:53,,False
3e8c7199-dc34-43c5-8274-f82c05311daf,2ea9040a-3f23-4f41-98c7-f6aea8155049,BEV-002,1,500,2026-04-12T13:45:53,,False
5112acd5-b1e1-43db-8aee-f7d0da9c5a4a,d3e617e4-fbc1-4267-8c6e-2f6e2e1d5f2a,JAF-002,1,1100,2026-07-14T11:54:36,,False
ccece9dc-8d0c-4275-93e6-7209207a6ff1,af2cabe1-0682-49f9-ab83-c970979ee080,JAF-004,1,1400,2026-06-20T02:50:15,,False
a6bff7c4-28f5-49c9-b2f5-7b9b9611b0be,af2cabe1-0682-49f9-ab83-c970979ee080,BEV-005,1,400,2026-06-20T02:52:15,,False
6f2d7a78-7a00-4de7-9ba1-c2ffe0950289,99400c77-b667-4bd3-ad58-ad85f9b4f59d,JAF-004,1,1400,2026-04-16T16:07:20,,False
d3244819-99ef-44c9-a758-f0d287d46599,99400c77-b667-4bd3-ad58-ad85f9b4f59d,JAF-999-DELISTED,2,1200,2026-04-16T16:21:20,,False
10ee0efd-206f-4a0d-9702-90f2b8aece02,b36272a8-4327-4442-8165-3ec0ca448142,JAF-004,2,1400,2026-05-30T02:06:45,,False
e5803631-1c12-4c78-8154-c107a903b644,b36272a8-4327-4442-8165-3ec0ca448142,BEV-005,2,400,2026-05-30T02:20:45,,False
c0ff9bda-f662-4520-9c58-ad576d1edbe5,b36272a8-4327-4442-8165-3ec0ca448142,BEV-002,1,500,2026-05-30T02:26:45,,False
a3fce434-6d0c-4bd8-9ed7-c70106596bec,33b9ba4c-2b91-4b29-b5cd-7b47cc7c4384,BEV-004,1,700,2026-06-25T11:47:42,,False
d3a23788-fb36-4b25-8412-19bf9fd8dcc9,53bc229d-922b-40c7-92f5-8717f5da8d3a,BEV-002,1,500,2026-04-25T17:29:55,,False
12f95e1e-b92b-4137-9671-2c11bf2f4514,52fce3af-2646-4980-8a1c-343005b33474,JAF-003,1,1200,2026-04-04T09:23:43,,False
6a318757-4e9c-403f-8601-ebe079c1884b,e2bf5b2e-64d3-4ccc-b054-be6bea7a7afa,JAF-002,1,1100,2026-07-04T15:26:17,,False
6a0449a8-7d82-431d-a026-7bf3a0de6893,9dab5255-08d2-49ba-a20c-f9115ad09b03,BEV-005,1,400,2026-05-29T01:37:10,,False
10814425-4d01-42af-bd40-9e71910bffa8,9dab5255-08d2-49ba-a20c-f9115ad09b03,JAF-005,1,1200,2026-05-29T01:45:10,2026-05-29T01:51:10,False
debb3d25-72a0-47b1-a96a-a7b1510914c8,9dab5255-08d2-49ba-a20c-f9115ad09b03,JAF-005,2,1200,2026-05-29T02:02:10,,False
2e299086-6718-482d-9b70-44c3be6654a8,3cc040f6-d1ef-4bc9-8b40-da4911001114,BEV-003,1,600,2026-05-15T01:18:25,,False
7b92dbc1-c51e-40f6-897a-323a77bc40d5,3cc040f6-d1ef-4bc9-8b40-da4911001114,BEV-001,2,600,2026-05-15T01:19:25,,False
459c3cc3-94a1-4527-b5f7-c4e10aa37b64,3cc040f6-d1ef-4bc9-8b40-da4911001114,BEV-001,1,600,2026-05-15T01:39:25,,False
90c57b03-b823-483d-a9cc-fc1a742f37d1,2a0fe427-3b90-4339-ba78-e02c72b66e6f,JAF-001,1,1100,2026-05-29T15:04:38,,False
20f28868-52a3-4bb4-af42-7056e9ed5c26,2a0fe427-3b90-4339-ba78-e02c72b66e6f,JAF-005,1,1200,2026-05-29T15:19:38,,False
b65b53f7-24e0-470f-8bc0-a459af14f734,573615aa-b7c4-4b9e-894f-216634c322ae,JAF-001,1,1100,2026-04-29T17:02:09,,False
78c8d31b-1bb1-47ed-8810-20b784279207,573615aa-b7c4-4b9e-894f-216634c322ae,JAF-004,2,1400,2026-04-29T17:15:09,,False
3ceab32d-5410-451a-9316-a62b1169771f,c447a529-9ac8-4886-8e4c-91ccd136fbc4,BEV-003,1,600,2026-08-10T15:46:36,,False
9f0ca775-9224-4743-bd85-13cbd30f780a,536007ca-2c92-40fd-b932-1ee57d13af9e,JAF-004,1,1400,2026-02-18T09:45:54,,False
d54cbad0-77c4-4069-9ee0-ae8f4503a6e9,536007ca-2c92-40fd-b932-1ee57d13af9e,BEV-001,2,600,2026-02-18T09:57:54,,False
0045de87-ba45-43e1-9f8d-c9d830fc1ea8,536007ca-2c92-40fd-b932-1ee57d13af9e,BEV-005,1,400,2026-02-18T09:59:54,,False
54715054-8c10-40fc-a6ed-470b49ab5ca5,5c021358-3839-4204-bf38-59ba1be2730e,BEV-005,1,400,2026-04-11T02:34:17,,False
03c9f560-5ad5-4d42-aafa-d1a42ce32e32,e34b2c81-6428-4f80-8d8a-4d6abc9d54a2,JAF-002,1,1100,2026-04-19T17:03:38,,False
8591e26d-44d1-4343-aea8-75b44b313440,e34b2c81-6428-4f80-8d8a-4d6abc9d54a2,BEV-003,1,600,2026-04-19T17:11:38,,False
969c3555-2ecb-4735-8392-e6e303d6ca78,47157a4c-d35e-46e5-ab1c-9349e8984a65,JAF-002,2,1100,2026-07-22T22:18:40,,False
13428ef1-5802-4b0c-9f11-506ba0646471,47157a4c-d35e-46e5-ab1c-9349e8984a65,BEV-004,2,700,2026-07-22T22:26:40,,False
b889389f-8bab-4bf5-a410-f27e1e8bbe2f,47157a4c-d35e-46e5-ab1c-9349e8984a65,BEV-002,1,500,2026-07-22T22:29:40,,False
ae9b3ea3-bb0b-45df-a423-a94c215f6756,7a92c899-abb6-49ef-9b2c-a580761b1247,BEV-001,1,600,2026-07-05T10:09:26,,False
788824be-97f0-4e79-8799-fd5e8740e1d1,7a92c899-abb6-49ef-9b2c-a580761b1247,JAF-002,2,1100,2026-07-05T10:21:26,,False
094e034d-a238-4de2-93af-2b2487dd1917,dc197236-f2e2-4e97-8136-d50f714f2b6b,JAF-004,1,1400,2026-05-11T07:14:47,,False
23df2a8d-1974-4c92-8e2f-624ffeb0a2aa,6d3b7e37-3ba8-455a-9feb-df455d70fe05,JAF-002,1,1100,2026-03-02T13:19:57,,False
fba97ed3-904a-4bc3-a6b6-746633e863ba,d9519736-be40-4337-ac4a-04e0186b75b4,JAF-004,2,1400,2026-05-14T01:25:45,,False
d9a6aba7-3f10-4798-80d6-e471f7cbc5a9,e496f52c-1e0c-40cd-8999-7ff4b7c21518,BEV-005,1,400,2026-07-28T22:57:38,,False
53fff4d5-056e-4151-8223-06d9ecd63677,e496f52c-1e0c-40cd-8999-7ff4b7c21518,JAF-002,2,1100,2026-07-28T23:12:38,,False
69006273-6bbd-49fe-9f46-0d742a016f94,6ac346df-0b77-4480-9852-d73fd8486ce2,JAF-002,2,1100,2026-08-06T16:45:00,,True
81ed6dd2-6395-43b1-988c-f864e5ea1f20,cc7f6693-49e3-43f1-b300-af5323c2e4ad,JAF-001,1,1100,2026-03-16T02:49:23,,False
a48cd4da-db24-4f23-9749-874320a86261,cc7f6693-49e3-43f1-b300-af5323c2e4ad,JAF-001,1,1100,2026-03-16T03:07:23,,False
e2aad432-2b4c-4706-ba95-e3cc5d289d73,1cd75b39-949e-43a4-a29a-69a26f1e470a,BEV-004,3,700,2026-02-20T17:26:58,,False
5660d1eb-ddae-4aa9-9ada-abcd89f3a4a4,44955510-f105-4921-b9b4-10164271492e,JAF-002,2,1100,2026-04-23T12:57:01,,False
3fcb5db2-51ad-4a07-8713-5506c4d5d261,44955510-f105-4921-b9b4-10164271492e,JAF-003,1,1200,2026-04-23T13:08:01,2026-04-23T13:23:01,False
fef7a647-fc46-49f9-96fe-1a9871d1e1ac,44955510-f105-4921-b9b4-10164271492e,JAF-002,1,1100,2026-04-23T13:16:01,,False
8770d39f-840a-452b-aa1c-4710d4976a3f,5a18ec57-c0a4-446e-86e3-3dc85f87157f,BEV-001,1,600,2026-05-09T22:00:40,,False
53ca25f1-7bf0-40f8-810d-aae7fe9fe85d,5a18ec57-c0a4-446e-86e3-3dc85f87157f,JAF-002,3,1100,2026-05-09T22:05:40,,False
21878d56-66f6-48d1-ada5-9a3ce7c13e18,e1983ce1-cf42-4ab5-873f-25ed72a8eac3,BEV-003,3,600,2026-03-23T17:23:11,,False
43947495-f3f4-4510-ae5e-05f26844d5b1,e1983ce1-cf42-4ab5-873f-25ed72a8eac3,BEV-001,1,600,2026-03-23T17:30:11,,False
90947006-d15a-41a3-86b1-8393c038a8b9,e1983ce1-cf42-4ab5-873f-25ed72a8eac3,JAF-005,1,1200,2026-03-23T17:42:11,,False
5806051f-5962-4e64-8cf6-35290b0e7eb8,e1983ce1-cf42-4ab5-873f-25ed72a8eac3,JAF-001,1,1100,2026-03-23T17:51:11,,False
6a8269cd-ca82-4764-8703-1a90d7b1a09b,ad52de94-b0dd-49c6-84a3-18c4deb684b4,BEV-002,1,500,2026-05-25T06:06:52,,False
e4f5f050-6139-4583-801a-de625f95a46b,ad52de94-b0dd-49c6-84a3-18c4deb684b4,JAF-002,1,1100,2026-05-25T06:14:52,,False
7eaf29f6-d5ab-49cc-ba93-6c61820740df,ad52de94-b0dd-49c6-84a3-18c4deb684b4,BEV-004,2,700,2026-05-25T06:18:52,,False
309536ef-7bba-4b51-b4d7-9f1c3f8c1805,8d69c056-ed9a-4c4d-b8b6-ea100ee0147b,JAF-001,1,1100,2026-04-30T22:07:12,,False
21a2d2e1-f902-45ae-9a78-dd3ed0c22af7,fbc69e42-4b59-4e3e-ad7a-98b67a97ee71,BEV-001,1,600,2026-05-15T10:33:52,,False
ba28a3f1-af3f-4f68-a8a9-3fe8220a8631,fbc69e42-4b59-4e3e-ad7a-98b67a97ee71,JAF-005,1,1200,2026-05-15T10:52:52,,False
75cdce81-0939-45d1-b5b9-972521e70034,fbc69e42-4b59-4e3e-ad7a-98b67a97ee71,BEV-005,2,400,2026-05-15T11:07:52,2026-05-15T11:08:52,False
235a1cc2-723f-48c1-8afa-5fa1a06fc6e4,fc45c4e2-c7cc-4990-ad72-5d9bd1dc746e,BEV-002,1,500,2026-07-06T14:41:02,,False
7878c4ea-3500-4d08-823c-4819befcd18f,9c12d94d-b19a-4a90-9079-94b68427206f,JAF-005,1,1200,2026-06-12T07:38:11,,False
066bd606-857e-4250-a7aa-62e293255f22,9c12d94d-b19a-4a90-9079-94b68427206f,BEV-003,1,600,2026-06-12T07:41:11,,False
f27f892a-9eff-4944-a6ca-1575d67be16e,d02846b0-f34a-4ca8-929d-74faeec85ec1,JAF-004,1,1400,2026-05-29T17:37:12,,False
7886de71-36a1-47b4-9a79-eb6a5b92c521,d02846b0-f34a-4ca8-929d-74faeec85ec1,JAF-004,1,1400,2026-05-29T17:41:12,,False
cd3f9f18-e739-40ab-bd83-34b1277a794c,e2fd4e45-e913-46b6-9617-e77c1fc2f90c,JAF-002,1,1100,2026-07-22T11:47:25,,False
daf20b27-0467-447d-b8a7-ea78e96e9c35,e2fd4e45-e913-46b6-9617-e77c1fc2f90c,JAF-004,1,1400,2026-07-22T11:49:25,,False
9647aa4f-9df5-4e1d-ae40-76d80b1bf480,73b03e24-5c32-4e18-93c8-cd070365065a,JAF-003,2,1200,2026-03-20T03:28:03,,False
753c0eb3-924e-4624-b212-66b85f957fd0,73b03e24-5c32-4e18-93c8-cd070365065a,JAF-001,1,1100,2026-03-20T03:41:03,,False
e1b6daf7-be47-4b49-9270-8de06ad1b652,db51b1b5-241a-4bd3-b90d-442d17aaf9f4,BEV-003,1,600,2026-04-06T05:18:05,,False
8129f8f4-c1b9-48e4-ab74-c84c35be05c1,40061987-4c35-47cb-96cb-7c5867daa365,BEV-004,2,700,2026-05-30T22:46:22,,False
6f1b8bc7-6335-4925-b017-ffe287dadf35,40061987-4c35-47cb-96cb-7c5867daa365,JAF-004,1,1400,2026-05-30T22:57:22,,False
c085b0cc-5f9a-48c7-903b-438d59045bda,41eaee8c-54f2-4fbe-9154-fcd5df3469b1,JAF-005,2,1200,2026-04-29T09:47:10,2026-04-29T09:48:10,False
3c571cb9-710a-4979-bfa5-6d7f4cd12931,63cf92a7-1fcb-41f9-8501-2086a2238028,JAF-004,1,1400,2026-04-07T07:48:38,,False
971f768f-30e1-4c6f-a234-83f0038a0ca2,0a434828-8d1b-4bda-a5eb-ec711feeda74,JAF-999-DELISTED,1,700,2026-02-25T14:23:32,,False
044b8457-9fdf-47a0-86c5-35a7c667f98d,0a434828-8d1b-4bda-a5eb-ec711feeda74,JAF-001,1,1100,2026-02-25T14:41:32,,False
fd1d6f1c-59af-4f69-89d7-baeed5bb2815,633296a0-fc4f-4bd0-a225-ce8364290c02,BEV-001,1,600,2026-04-06T19:45:22,,False
e8c12043-87b2-4aa7-834c-e56d741d5d82,633296a0-fc4f-4bd0-a225-ce8364290c02,BEV-003,1,600,2026-04-06T19:56:22,2026-04-06T20:10:22,False
3f1f8622-f350-4961-8992-d9d2edc85976,633296a0-fc4f-4bd0-a225-ce8364290c02,BEV-004,3,700,2026-04-06T20:00:22,,False
96ac61dc-3c38-45c3-a1b8-ffc451f2b159,633296a0-fc4f-4bd0-a225-ce8364290c02,JAF-005,3,1200,2026-04-06T20:01:22,,False
6d36ec11-6ae1-429a-a1ea-3e071a80f745,ec1af937-786c-4d73-ae8a-0c5b9a0510c4,JAF-003,1,1200,2026-03-25T10:58:05,,False
fcf24fc1-1e10-4784-abe9-38a9d0d7183e,18bbf258-b545-46d0-bc37-a973b9a5ef71,JAF-003,1,1200,2026-04-24T22:55:08,,False
5b9362cc-ef24-4ec6-8ede-0dc4c5356b6c,18bbf258-b545-46d0-bc37-a973b9a5ef71,BEV-003,1,600,2026-04-24T23:02:08,,False
7f713a42-0df8-4165-be58-01846e1efcf3,18bbf258-b545-46d0-bc37-a973b9a5ef71,BEV-005,1,400,2026-04-24T23:20:08,,False
1226027e-ed6c-4a23-9002-045097798c57,18bbf258-b545-46d0-bc37-a973b9a5ef71,JAF-001,1,1100,2026-04-24T23:26:08,,False
2a834ce4-f511-43aa-a0b6-d4cb3d812436,4429adeb-c058-418c-b9f8-23e93caeebb8,BEV-005,1,400,2026-06-15T11:19:28,,False
34ddcbfd-15e8-48dc-aa4a-86cb11d38232,1a67ecc7-afe8-45f9-8b97-b5998bdae263,JAF-999-DELISTED,2,1100,2026-04-17T07:35:31,,False
b08e411a-1c78-4342-85cb-ffa9a9511663,b7045932-1c48-4e72-8a32-1e89e6153409,JAF-003,2,1200,2026-06-02T01:34:01,,False
f4a15e2a-de4c-4b00-862b-4b6235b9437a,b7045932-1c48-4e72-8a32-1e89e6153409,BEV-002,2,500,2026-06-02T01:35:01,,False
5438ba76-524a-4580-9d8e-2dfa95ff8659,b7045932-1c48-4e72-8a32-1e89e6153409,JAF-002,2,1100,2026-06-02T01:52:01,,False
b5cfd970-3434-4663-bb17-779e622737ca,b7045932-1c48-4e72-8a32-1e89e6153409,BEV-002,1,500,2026-06-02T02:00:01,,True
cd47d1fd-5986-48a0-8adb-df59702721a5,a895e528-7c84-4040-be4e-f30565a874a6,JAF-005,1,1200,2026-03-01T04:52:47,2026-03-01T04:55:47,False
3b62ffd2-9388-4c7c-8838-9c8c41a7b431,a895e528-7c84-4040-be4e-f30565a874a6,BEV-004,1,700,2026-03-01T04:56:47,,False
76dc1e53-4225-4dbe-b4f6-c69ca0ebef36,88e4fbde-0c59-40c0-95b0-c84b18c6df1f,JAF-001,1,1100,2026-07-17T00:28:33,,False
c9830c2c-c7c3-471f-9082-f5cf6ad4c965,88e4fbde-0c59-40c0-95b0-c84b18c6df1f,BEV-001,2,600,2026-07-17T00:42:33,,False
65c2d559-94be-4c29-b4bd-148aeed1aaec,18f38240-2bcc-4c86-bdd8-75bf6702995e,JAF-003,2,1200,2026-02-24T11:51:11,,False
56f80931-384a-4055-905c-21605addf2a5,18f38240-2bcc-4c86-bdd8-75bf6702995e,JAF-005,3,1200,2026-02-24T12:11:11,2026-02-24T12:39:11,False
396b9981-7aee-457c-bbb0-35bdf47d4b44,69780639-7d9f-4a71-92c6-bff9f0259692,JAF-003,1,1200,2026-03-30T15:55:18,,False
ebe65d90-28f1-4629-a431-f8baf37ad81e,4ab1cb6f-04f9-4af0-b1a9-26fbfb8851dc,JAF-001,-1,1100,2026-04-21T00:40:32,,False
90022885-3dcd-4a47-b1dc-9ec011ce70c4,a09f64d1-e051-4229-8b68-de5e5b169a72,BEV-004,1,700,2026-03-13T08:03:45,,False
26cac28d-aeb7-4c68-b5ee-c462e171d660,a09f64d1-e051-4229-8b68-de5e5b169a72,JAF-003,1,1200,2026-03-13T08:19:45,2026-03-13T08:20:45,False
c56e24a6-ec62-4633-83a4-a531694a68e8,96ffbdf9-1f15-47db-b665-22d310fd8547,JAF-005,3,1200,2026-04-04T21:26:31,,False
66eaa3b0-c1c4-4536-a0b3-8b692713149b,863313b1-92d7-4b33-a953-fb97d1627214,JAF-001,3,1100,2026-05-23T19:23:33,,False
43c5f90c-4cbe-4457-baae-bacbd5e38acb,62be7fdf-9f2f-49c5-b111-a68ac5c595a8,BEV-001,1,600,2026-04-05T16:58:17,,False
6fe0f8c6-8eb3-496b-8319-4db0ab7818a9,62be7fdf-9f2f-49c5-b111-a68ac5c595a8,BEV-003,2,600,2026-04-05T17:18:17,,False
4b428782-ff74-4c20-aff2-9252bf6ccd2a,62be7fdf-9f2f-49c5-b111-a68ac5c595a8,JAF-004,1,1400,2026-04-05T17:31:17,,False
b548e83f-63fa-4754-8ee5-e843d5ee4199,c10b99ff-42a4-4e90-a462-4571dd501eba,BEV-001,2,600,2026-03-12T22:08:36,,False
d0a460b6-e189-45bd-9750-16c8b2e18e39,6e580b5b-154d-4343-940a-9cd81f9a99c0,JAF-001,1,1100,2026-07-12T15:35:30,,False
4fedf681-861c-4ed7-8e76-dfd8e7fe309f,6e580b5b-154d-4343-940a-9cd81f9a99c0,JAF-002,1,1100,2026-07-12T15:55:30,,False
6b739608-d2c8-48ff-9eaa-feca2cca105d,69994801-2368-4528-86ad-9e08ff39fe4d,BEV-001,1,600,2026-05-14T23:33:16,,False
c22acf16-2313-44ce-90f2-7cfdc25804c3,b2290784-a7f1-42dc-86e5-e24e90a1fe1e,BEV-003,1,600,2026-03-12T12:10:59,,False
8181e333-5a8a-48cd-8b69-39f91b20dcb5,b6bbe3bb-771b-4551-98d7-1664d4ec6aba,JAF-002,1,1100,2026-07-13T05:42:32,,False
32de4ec1-ef69-416d-a991-dd88383767fa,34a736b9-44d6-48e2-a03b-2f86749946f7,BEV-003,1,600,2026-08-04T07:31:40,,False
1cc5258b-de4e-4402-8cfb-20b7ce287f23,34a736b9-44d6-48e2-a03b-2f86749946f7,JAF-005,1,1200,2026-08-04T07:41:40,,False
67aadcc3-9387-48b6-9adb-4e3065141bc9,34a736b9-44d6-48e2-a03b-2f86749946f7,JAF-002,2,1100,2026-08-04T07:59:40,,False
c62b24d8-23d8-4f2e-918c-9c6e09016acd,0691a40c-bd7b-4eae-a2da-2b58d770fe92,BEV-005,1,400,2026-03-26T08:33:15,,False
dba89206-3617-4890-b3fd-cd33f560a404,17710191-d3ae-4b81-80ca-83ed125031a3,BEV-005,1,400,2026-03-13T16:24:01,,False
71a68b78-8956-415a-a665-31423ac39a5e,a86ddd21-0ddb-4543-be94-56e48ca3379b,JAF-003,2,1200,2026-06-05T15:51:33,,False
2ea89a0a-7891-495c-a38f-7dde0a4c6123,e68735ba-db23-4b92-b1c9-1c82d682a466,BEV-004,1,700,2026-08-12T18:38:59,,False
ea1c35a4-0de7-49a9-9471-c6aff3c800bc,1e1f3470-eb42-46d9-b596-ad5810a5133d,BEV-001,2,600,2026-04-07T13:58:19,,False
ee12385a-c94d-4abb-b012-1b293f240de7,cc4fbc33-c45c-4a1a-b74e-18fa826d79e7,JAF-005,3,1200,2026-03-28T10:03:54,,False
c8c803b8-b9fe-46e5-96c7-402825fe7527,cc4fbc33-c45c-4a1a-b74e-18fa826d79e7,BEV-002,2,500,2026-03-28T10:08:54,,False
b249bd8e-7e35-405f-abd3-23c5f93b08a6,9f622075-0676-4121-b4d2-757431fcc576,BEV-003,1,600,2026-03-01T05:43:41,,False
37eed2aa-ea3b-4aae-a397-3732c537cbb9,9f622075-0676-4121-b4d2-757431fcc576,JAF-004,1,1400,2026-03-01T05:51:41,2026-03-01T05:52:41,False
fb43c104-b4e7-4c05-9539-20d5e9428bc4,ddaaafda-999b-48d5-80a3-6bea15b4dcd5,BEV-003,1,600,2026-03-12T15:31:38,2026-03-12T15:37:38,False
044229b0-003b-48e0-bf6f-458cf9ca05df,98e458aa-75e0-4d0f-8307-db4efd8b4783,BEV-004,1,700,2026-05-14T07:20:36,,False
920e5210-ac1b-4f32-8bba-248a47f7fcc3,98e458aa-75e0-4d0f-8307-db4efd8b4783,JAF-003,1,1200,2026-05-14T07:33:36,,False
77a6cf59-5c7c-4bab-aa1b-f0d41d0518ed,98e458aa-75e0-4d0f-8307-db4efd8b4783,JAF-001,1,1100,2026-05-14T07:44:36,,False
2d708d3f-6935-4a2d-a84c-03de6b7ba328,76c570c0-710a-4754-a302-5be6c7c58924,BEV-005,0,400,2026-04-07T16:09:35,,False
be108d43-a34b-4fdf-b6a8-7f4b91e311f8,4dbc3110-f3cc-42b2-a92b-6279b78cbae5,JAF-003,1,1200,2026-03-02T22:01:32,,False
8b75a1f2-9cd9-4ebb-85eb-13e648033f0f,4dbc3110-f3cc-42b2-a92b-6279b78cbae5,JAF-002,1,1100,2026-03-02T22:04:32,,False
4ddfa29e-b647-4f6c-9568-fc6ff5b2f2cc,4dbc3110-f3cc-42b2-a92b-6279b78cbae5,JAF-002,1,1100,2026-03-02T22:11:32,,False
e85b0efe-87dd-48c7-b009-f1e334105bec,4dbc3110-f3cc-42b2-a92b-6279b78cbae5,JAF-001,3,1100,2026-03-02T22:20:32,,False
70f18d0e-d7ee-4944-ba7f-3ad37da26115,b2dc01cf-250a-478f-9907-b9e2c0745030,JAF-003,2,1200,2026-02-25T21:10:59,,False
f9f7b770-e6c9-4307-9a3f-c2244f2748c0,b2dc01cf-250a-478f-9907-b9e2c0745030,BEV-002,3,500,2026-02-25T21:14:59,,False
e10a5991-5032-402b-bb8a-eff3a90a30be,604ff792-9740-4978-bdcf-f70170a8d017,JAF-002,2,1100,2026-04-07T00:32:39,,False
f69e0cbd-c3a0-4263-a525-2a31df431c12,83e95c11-95b8-4874-994f-b7e4e25fa931,JAF-005,2,1200,2026-05-28T04:30:22,,False
32ff6931-f78d-45a2-8991-5a1d6e50d106,83e95c11-95b8-4874-994f-b7e4e25fa931,BEV-003,1,600,2026-05-28T04:38:22,,False
e6676b8b-fd5f-4577-b58c-a1d880ae85b2,83e95c11-95b8-4874-994f-b7e4e25fa931,BEV-002,3,500,2026-05-28T04:41:22,,False
eb1016b9-3284-448c-86b5-9d4d2ac97dc3,1cbde731-5773-4b32-876f-e933d2f02215,BEV-002,0,500,2026-03-19T19:19:05,,False
74b09fbb-a03d-4884-aee1-c9f0431dbe01,3773be37-90d9-4f6c-8ccb-35188a0d2da9,BEV-002,1,500,2026-05-07T16:41:19,,False
fa416177-4af4-4267-b77f-248eaff4b7a6,3773be37-90d9-4f6c-8ccb-35188a0d2da9,BEV-005,1,400,2026-05-07T16:47:19,,False
18c1df90-83b1-4f0b-b1d7-3c47893c8143,3773be37-90d9-4f6c-8ccb-35188a0d2da9,BEV-005,2,400,2026-05-07T16:48:19,,False
bde897d8-aec4-43a8-8eed-f7b23465d255,30801a13-4465-44f8-8d72-56bd97d22bcb,BEV-004,1,700,2026-06-06T21:27:17,,False
7a959d43-a5dd-4d5d-a75b-90045f04df3a,4d45fcca-228e-443b-982f-b3c2fd35f62a,JAF-002,1,1100,2026-05-09T17:47:59,2026-05-09T18:10:59,False
aeba6d5c-48de-4c2c-b1f7-5d335a74f162,a5676110-10cf-441f-8540-c2816c7986e5,BEV-003,2,600,2026-07-21T15:31:04,,False
26310e92-1131-4728-a9f1-015cc6ecd4fd,9c182e48-b382-4d49-987e-2db2ac07170e,JAF-004,2,1400,2026-03-11T09:11:05,,False
63ba60ed-917d-4490-9601-6dcf4cc000f7,7a668ba3-7b33-4469-bf0b-52b11a790ddd,JAF-004,1,1400,2026-06-06T00:41:29,,False
c35cde3e-91ef-4d1a-bf2e-75471ca9a1d6,7a668ba3-7b33-4469-bf0b-52b11a790ddd,JAF-005,3,1200,2026-06-06T00:48:29,,False
9b689bc7-7681-4872-81b1-47b8e3c040f8,6215f25f-f4e2-475d-a9ad-8fb49d170285,JAF-002,2,1100,2026-03-30T10:23:20,,False
6f061ca4-9efc-44ca-ae77-5be9ad29249e,6215f25f-f4e2-475d-a9ad-8fb49d170285,JAF-004,1,1400,2026-03-30T10:37:20,,False
82d655fa-49fe-4bb4-961b-085cee7aea29,6215f25f-f4e2-475d-a9ad-8fb49d170285,JAF-001,1,1100,2026-03-30T10:51:20,,False
1358a995-b6bf-4264-9c62-f83d54133f9e,12127163-2246-4c9e-b79b-20e7537fc10a,JAF-003,2,1200,2026-06-30T09:07:59,,False
5056f334-6ace-418d-a248-d6158d2c9de3,12127163-2246-4c9e-b79b-20e7537fc10a,JAF-004,1,1400,2026-06-30T09:21:59,,False
3dd72808-5a2b-4965-a7d7-3a05d7c61a40,846ebd1e-8664-496a-97b0-d3ea5f395c08,BEV-002,1,500,2026-07-14T14:20:57,,False
e08701e9-6033-4918-974e-e1045290c95f,c5e0dc8a-b540-49ad-8ba7-826037472072,JAF-001,1,1100,2026-05-01T01:02:20,,False
64f25e00-0964-4807-b5ad-eacb26b7c83b,015c2221-b840-4bde-91f3-5420498e101f,BEV-001,2,600,2026-06-20T06:11:44,,False
08e23d80-3dbe-44c5-a5e4-0f74ac2e6d0f,994158a6-b38c-4ba0-bd96-6d61268c3515,BEV-005,1,400,2026-05-27T02:54:43,,False
9229b5e5-4f78-4bb1-8a69-6d71e9b5b5c5,994158a6-b38c-4ba0-bd96-6d61268c3515,BEV-001,1,600,2026-05-27T03:08:43,,False
ebf2d526-8cdc-4f8c-8a57-d255ecee071f,994158a6-b38c-4ba0-bd96-6d61268c3515,BEV-002,1,500,2026-05-27T03:23:43,2026-05-27T03:44:43,False
4af78c46-8cff-4146-b498-91bd8af9c85d,bbc0f582-c5aa-46a7-b866-861e5f7d6f10,JAF-003,3,1200,2026-05-22T02:16:10,,False
b085b439-cf0c-4805-a937-067f387e737a,bbc0f582-c5aa-46a7-b866-861e5f7d6f10,JAF-002,2,1100,2026-05-22T02:31:10,,False
a8964364-4cdf-4fa2-9fdd-c50dc63e1fd6,bdf9d6ea-d0c4-4513-ad15-1df8fc67e7f8,JAF-002,1,1100,2026-03-24T14:18:47,,False
1764e28a-5140-4f46-90fd-bae1511c8ca6,bdf9d6ea-d0c4-4513-ad15-1df8fc67e7f8,BEV-001,1,600,2026-03-24T14:20:47,2026-03-24T14:38:47,False
e051a257-b42b-4410-a212-17ea627c060e,bdf9d6ea-d0c4-4513-ad15-1df8fc67e7f8,JAF-002,3,1100,2026-03-24T14:40:47,,False
c2f3668c-6b48-45af-b20e-ade212acbb45,be47c4bc-2722-4ff1-8fd6-7cf12c33e69d,BEV-004,1,700,2026-07-27T12:21:59,2026-07-27T12:47:59,False
1e672b71-2c10-47f5-bdd0-287b47453ff3,be47c4bc-2722-4ff1-8fd6-7cf12c33e69d,BEV-002,1,500,2026-07-27T12:38:59,,False
eb2526d4-8b34-48ad-8184-da6799f945a0,16ddc30f-c044-4581-8b5b-a8426162517f,BEV-003,1,600,2026-04-03T23:33:36,,False
843631d6-e098-483e-9349-787f1bb2c89d,7cd52dd4-a79b-40e2-83bd-48122f58ef2d,BEV-004,2,700,2026-08-13T05:11:39,,False
ad6db795-e780-48c1-a6d1-4c384f4f3e0e,32fb9a3a-c6bf-4f51-a3e0-d49fd46832d2,JAF-001,2,1100,2026-06-21T16:51:56,,False
c0d62db5-e45c-474a-89e6-28ecc1c76581,685e1e6f-9b86-40bc-8f12-ad4e16c167f8,BEV-004,1,700,2026-05-17T21:22:15,,False
96d48cc5-a95e-4a18-9fa0-6755a9c0159a,685e1e6f-9b86-40bc-8f12-ad4e16c167f8,JAF-001,1,1100,2026-05-17T21:26:15,,False
d8a65dce-ed60-4a8e-b0b7-6684cd1ab98f,685e1e6f-9b86-40bc-8f12-ad4e16c167f8,JAF-003,1,1200,2026-05-17T21:37:15,,False
dac3f92e-c35d-4fcb-9a6d-c042b3326bba,685e1e6f-9b86-40bc-8f12-ad4e16c167f8,JAF-002,1,1100,2026-05-17T21:51:15,,False
638fa2ae-6751-4ef4-8193-b1f006206f22,50b49fd5-0ce8-42c8-8314-182d575c4ab4,BEV-002,1,500,2026-07-14T12:12:04,,False
b6b73398-e642-47da-bfd6-4c83a76e04ce,50b49fd5-0ce8-42c8-8314-182d575c4ab4,JAF-005,1,1200,2026-07-14T12:24:04,,False
2ee12351-dacd-4a9c-a640-e8e8ba1eaa02,a3a7249b-114b-49f0-bb56-e692fee516ea,BEV-004,2,700,2026-07-08T17:12:59,,False
f03a4c20-5d09-42f7-a387-1cd5e4ce50b2,a3a7249b-114b-49f0-bb56-e692fee516ea,JAF-005,1,1200,2026-07-08T17:27:59,,False
312a9d0e-eb3c-464f-8519-3dd9b90bc26e,a3a7249b-114b-49f0-bb56-e692fee516ea,JAF-003,1,1200,2026-07-08T17:34:59,,False
803c7f2d-5c8a-4708-95b5-b4c2bae7daff,8a150fa2-f123-40af-bc98-8580d012a458,JAF-002,1,1100,2026-02-17T08:37:35,,False
bfd84c5f-4861-4f57-b1f0-17ffdd32e362,8a150fa2-f123-40af-bc98-8580d012a458,BEV-003,2,600,2026-02-17T08:45:35,2026-02-17T08:46:35,False
f3bd8b2a-b344-41c6-ab7d-1ec26d1f2219,8a150fa2-f123-40af-bc98-8580d012a458,JAF-005,3,1200,2026-02-17T09:01:35,2026-02-17T09:25:35,False
5f70422d-0fdb-4b61-ac86-66ef9325b79a,8a150fa2-f123-40af-bc98-8580d012a458,JAF-004,2,1400,2026-02-17T09:09:35,,False
40eb6f09-eb73-4d67-b496-ee1185985ce6,18be32bc-82a4-4cae-a486-68ada15c0c80,JAF-005,1,1200,2026-07-19T00:44:26,,False
99046013-0d29-4465-9955-184c412b24e7,18be32bc-82a4-4cae-a486-68ada15c0c80,JAF-002,1,1100,2026-07-19T00:57:26,,False
e9cf2d9f-5f72-4b04-b9a6-5d2363f04444,18be32bc-82a4-4cae-a486-68ada15c0c80,JAF-003,1,1200,2026-07-19T01:00:26,,False
7c7a776b-dc92-4f66-b75a-4a38db8ce479,fb7b8c47-ef7a-4297-a3a4-3f1dac5e258b,JAF-004,1,1400,2026-04-05T01:59:32,,False
ccc0f389-327a-476d-8bb9-01c69d27a30a,d26e8f9b-f685-4799-88e3-487e21efe532,BEV-002,1,500,2026-06-03T06:51:52,,False
fdec80ca-7771-4a50-a598-9a8834934692,faecf8a3-bc82-446f-932d-094eded88b0d,JAF-002,1,1100,2026-07-19T11:04:01,,False
e156bcee-1321-4976-a988-6218c3d363a5,faecf8a3-bc82-446f-932d-094eded88b0d,BEV-003,1,600,2026-07-19T11:12:01,,False
e350a96d-0806-44a9-9cfb-4037b02cd472,eabe34da-4a37-4956-93f2-bf1fbab91fb3,JAF-005,1,1200,2026-05-11T22:49:54,,False
32efdc84-b4b0-4482-bc1b-1e26fbdbbdad,6597f4a5-c107-4718-8f4a-ab7f71e40689,JAF-002,1,1100,2026-06-01T03:25:34,,False
512bfa02-275c-4322-ae6c-7563cff4e49b,2151ee2a-db14-497c-b125-9671a2cd8e33,JAF-003,1,1200,2026-06-11T03:32:16,,False
30b93b4d-2038-42c3-a32c-ed131d874a90,2151ee2a-db14-497c-b125-9671a2cd8e33,JAF-002,1,1100,2026-06-11T03:51:16,2026-06-11T03:53:16,False
ac6e4cd5-2dba-40ad-877d-d6213372e7af,854c63fe-1d22-45a6-a1fa-1ed95b5f55a8,BEV-003,1,600,2026-03-22T04:19:59,,False
90bc1fe5-b244-49f9-b4c9-4ca0aad23cff,854c63fe-1d22-45a6-a1fa-1ed95b5f55a8,JAF-002,1,1100,2026-03-22T04:26:59,,False
df085dd9-e805-48c0-b35d-be6cc84afd09,82007ad5-ad3b-4dbb-8d9a-6a65cd22dc8e,BEV-003,1,600,2026-05-09T13:17:20,,False
06df7326-5709-4e7f-8194-ff50063a4447,2aac299b-3675-4966-acc0-532114e308f2,BEV-005,3,400,2026-07-12T22:50:22,,False
56cf3304-0d72-4fa5-bce7-a58dc2fd9712,6a1f3ec8-5e13-4fc1-afc5-e9c1f81e0e36,BEV-005,1,400,2026-07-05T03:26:44,,False
8f2a6494-d12a-4a24-a967-396e465efd27,4b337089-b572-475f-a91b-1886986a4411,JAF-001,3,1100,2026-02-18T04:40:44,,False
8a512212-26b9-4f48-9ffa-ffa7ae109518,4b337089-b572-475f-a91b-1886986a4411,JAF-005,1,1200,2026-02-18T04:48:44,,False
e67f57ce-39fa-4f6d-855f-cd369c4e5ab9,8424e29e-4197-4f2c-af5a-8e02c4c1b5dd,JAF-002,2,1100,2026-03-16T16:20:39,,False
8aacebdb-34bb-4259-945b-4af31f9a72b5,8424e29e-4197-4f2c-af5a-8e02c4c1b5dd,JAF-004,1,1400,2026-03-16T16:33:39,,False
4ec0da11-dbee-4dce-9c97-893a4851d2de,8424e29e-4197-4f2c-af5a-8e02c4c1b5dd,JAF-001,1,1100,2026-03-16T16:41:39,,False
6e9fb01d-cbf9-4027-8269-f41add7ab5a0,8424e29e-4197-4f2c-af5a-8e02c4c1b5dd,JAF-001,1,1100,2026-03-16T16:43:39,2026-03-16T17:07:39,False
ac500a25-b61b-43b6-a5e4-2c06cc727844,a029a587-7a24-403c-a229-6cf1a820c0ba,BEV-002,1,500,2026-07-09T18:02:19,,False
78e0f054-bc08-420e-8850-aa993377f932,a029a587-7a24-403c-a229-6cf1a820c0ba,BEV-002,1,500,2026-07-09T18:16:19,,False
c0f1e860-4eed-423a-ba32-3ad035cf5ef3,c23398e6-8cbf-4349-96ce-a71a6860277a,BEV-001,2,600,2026-03-29T22:30:44,,False
6042d3cf-bda0-4df9-881e-052ed128101e,68204cfb-6637-45af-a006-203fd75dcd6b,BEV-003,1,600,2026-06-22T23:37:48,,False
ef8cff19-2ec6-4d2d-8449-be21e387533c,68204cfb-6637-45af-a006-203fd75dcd6b,BEV-001,1,600,2026-06-22T23:41:48,,False
12a3d0c9-ca88-4472-a947-eaf8f8d9f826,6896724e-6c81-46cb-ae79-81e49c84b0bd,BEV-005,1,400,2026-04-27T22:00:04,2026-04-27T22:11:04,False
ba3390fc-a106-419c-bc36-6033c20fc8a2,6896724e-6c81-46cb-ae79-81e49c84b0bd,JAF-001,3,1100,2026-04-27T22:06:04,,False
4f7cb7c0-afd6-4f28-b3ba-e815ece3a385,6896724e-6c81-46cb-ae79-81e49c84b0bd,JAF-002,2,1100,2026-04-27T22:14:04,,False
0a085ecd-bece-4a68-bb8b-b180d419479a,6896724e-6c81-46cb-ae79-81e49c84b0bd,JAF-003,1,1200,2026-04-27T22:22:04,,False
914db8a1-759d-4752-aa1f-faccc16c775f,16e010bd-f944-44a4-b9c8-08000a047f5d,JAF-002,1,1100,2026-07-22T17:01:35,,False
5328d88a-8911-4d9a-996a-ac4004548515,16e010bd-f944-44a4-b9c8-08000a047f5d,JAF-003,1,1200,2026-07-22T17:09:35,,False
f344b103-f8cd-415a-ac93-a07df35f0e89,16e010bd-f944-44a4-b9c8-08000a047f5d,JAF-003,2,1200,2026-07-22T17:24:35,,False
aea0ea4a-9a72-4252-912a-35f7b48eb17e,a11b8085-fe39-491e-bbe1-92e8550dd1a0,JAF-005,2,1200,2026-02-18T09:58:19,,False
e4d78873-5bc9-4a34-9f49-241313d47549,a11b8085-fe39-491e-bbe1-92e8550dd1a0,BEV-003,1,600,2026-02-18T10:06:19,,False
b03f6a40-0d7d-4049-9564-fdc59b66ed10,428348ec-8c48-4371-bdbb-28a0c27ee6f7,BEV-004,2,700,2026-06-12T16:39:02,,False
2eb9ed5e-edb7-4102-aedb-d668ba6360d3,0abd0cd8-39e2-4198-8180-946eb26efa57,BEV-002,1,500,2026-05-14T04:54:52,,False
05b2c426-9c23-43a8-b56a-e8eae31c0406,ba59c322-01f9-424f-bc43-aec465c19884,BEV-003,1,600,2026-05-18T01:43:55,,False
fbc3e38e-1cc8-4034-9e05-b31b2a9d3d62,e2dbab66-5d20-46b6-a009-d52c9dedc216,JAF-005,1,1200,2026-08-03T02:51:21,,False
31f15b19-57bb-4657-8dc6-0d1b1bf4ad4b,e2dbab66-5d20-46b6-a009-d52c9dedc216,BEV-005,1,400,2026-08-03T02:59:21,,False
d3b3048f-3fcf-4cd3-be4b-8d5d3810d4fc,e2dbab66-5d20-46b6-a009-d52c9dedc216,JAF-003,1,1200,2026-08-03T03:17:21,,False
18fc005f-8766-45ca-b4fa-2a4b33f2eefb,fbf06828-6d38-404d-99e6-ff942b45a5c4,JAF-001,1,1100,2026-07-14T10:37:53,,False
3ce2bac0-cd9e-4938-88d0-98504d435963,1cc1d734-749c-4569-adea-f02042e5182a,BEV-005,0,400,2026-03-07T22:44:06,,False
527e2e95-392f-46d5-b856-ecce11e0d869,17521ad4-7f15-409f-9707-c140a4e1fe5d,JAF-002,3,1100,2026-05-28T07:37:25,,False
1a1d3fca-51c0-4daa-968b-2317d02625a8,e3a4a8e7-993e-459c-a4d1-a27bcfa3203b,BEV-005,1,400,2026-03-22T14:55:02,,False
32982e9c-8303-4a1b-ba51-8b2a48a792ca,1d6be760-0e09-498f-8d42-1b2ecf0ef63e,BEV-003,1,600,2026-04-26T07:12:54,,False
4b659204-b824-443f-8ecc-6767af06f058,b6ae7324-48df-4bce-a1cf-1bf0416e25f7,JAF-002,2,1100,2026-07-25T21:12:04,,False
5a013fb9-e104-4baf-9d6b-d269944ac1ba,cff93a85-a5bf-4407-b41a-a609a07ecc18,JAF-005,1,1200,2026-02-17T02:31:45,,False
2e0a138d-ccd8-4dcf-a824-128da15dcd7b,cff93a85-a5bf-4407-b41a-a609a07ecc18,JAF-002,2,1100,2026-02-17T02:35:45,,False
77aef956-d6df-4652-9516-b4b091c10f59,cff93a85-a5bf-4407-b41a-a609a07ecc18,BEV-003,1,600,2026-02-17T02:38:45,,False
24ab5475-3b80-4c7b-bd7f-cfb5a70fdd09,ca32b273-f2ce-4753-8f52-f28e91256846,BEV-002,1,500,2026-03-27T20:31:35,,False
e2722a15-be05-4374-92f8-41a9270e5f3a,ca32b273-f2ce-4753-8f52-f28e91256846,JAF-004,2,1400,2026-03-27T20:35:35,,False
5cc5a09a-c753-4905-b8fe-e339ebdb8324,ca32b273-f2ce-4753-8f52-f28e91256846,JAF-004,1,1400,2026-03-27T20:43:35,,False
ca716749-d009-4294-a093-3ea5c299dda0,ca32b273-f2ce-4753-8f52-f28e91256846,BEV-002,1,500,2026-03-27T20:59:35,,False
0aa6cdcf-8cdf-451f-be78-e175231f24a2,8474a1a7-8b05-46f9-8378-7248c03c1fed,BEV-002,1,500,2026-03-15T23:20:09,,False
7f6e9c5b-0b32-4480-95be-f53e773d196e,8474a1a7-8b05-46f9-8378-7248c03c1fed,BEV-003,1,600,2026-03-15T23:28:09,,False
1c7a08df-ee75-4f0d-b2c5-609127d34985,1dd66195-20e7-44d4-a121-6a7d65ee3e9c,JAF-004,1,1400,2026-08-03T06:30:29,,False
169443f2-580a-4ee9-99bf-5cd566dd0a4d,1dd66195-20e7-44d4-a121-6a7d65ee3e9c,JAF-001,1,1100,2026-08-03T06:44:29,,False
bf0721de-1f51-4cb5-9f77-646d91570f34,a4017ce0-4ad8-4af8-aabf-e2e04cf723af,BEV-001,1,600,2026-03-20T21:27:39,,False
eee5ab00-861e-4aef-99bc-321b3bb00fdb,a4017ce0-4ad8-4af8-aabf-e2e04cf723af,BEV-001,2,600,2026-03-20T21:32:39,,False
7c9825ae-91d2-4481-8107-9e6096056b5d,071b03d1-01a4-403a-a6a2-24f75b27dda3,JAF-002,2,1100,2026-05-30T22:51:40,,False
1c4a54d8-3c95-431c-a9d8-a3c83c4d1de2,071b03d1-01a4-403a-a6a2-24f75b27dda3,BEV-005,1,400,2026-05-30T23:02:40,2026-05-30T23:31:40,False
797f7fa7-d94f-4308-8298-16b5c5c815c4,071b03d1-01a4-403a-a6a2-24f75b27dda3,JAF-004,1,1400,2026-05-30T23:07:40,,False
13a4df12-c546-47a1-9113-9850fc8e3849,071b03d1-01a4-403a-a6a2-24f75b27dda3,BEV-002,3,500,2026-05-30T23:25:40,,False
6843ef49-7253-458a-a1fe-eddd79e68b03,ee60bae7-b254-48ae-a432-608a1f6102ef,JAF-002,1,1100,2026-03-23T05:17:33,,False
7187b06d-fd73-4a5c-905e-34a573f284bb,a1c19b7d-9278-4c6c-8b1b-3c2107744a3e,JAF-001,2,1100,2026-07-15T20:13:11,2026-07-15T20:14:11,False
afda9471-3342-416e-9882-9009a2a55313,a1c19b7d-9278-4c6c-8b1b-3c2107744a3e,JAF-001,2,1100,2026-07-15T20:25:11,,False
fc7cfa1a-5c9c-461f-9043-998760a461e4,3742a3ed-593f-4861-a1c4-9ff82c339296,JAF-999-DELISTED,2,1200,2026-04-22T00:30:54,,False
57040855-4e91-4fd7-b2ed-058b80fb4840,3742a3ed-593f-4861-a1c4-9ff82c339296,JAF-005,1,1200,2026-04-22T00:41:54,,False
f4cf9cc6-823a-485b-bbff-10ca3f9e2545,3742a3ed-593f-4861-a1c4-9ff82c339296,JAF-999-DELISTED,1,500,2026-04-22T00:56:54,,False
8fcb86b6-4633-4d53-a5b1-13703ad14086,3742a3ed-593f-4861-a1c4-9ff82c339296,JAF-005,1,1200,2026-04-22T00:58:54,,False
cb8f91a4-a23f-4f47-8a39-a320470cd785,bf4f284d-78a4-4d85-b0dd-21b35e867f8f,JAF-003,3,1200,2026-03-16T07:49:03,,False
7bf13f89-f16e-41a4-b0d2-0e2bccd19e56,11c166c1-6243-49d4-837d-dfca60b21dc5,JAF-003,1,1200,2026-07-27T20:14:25,,False
5257c8e5-ed4c-457d-9086-0841e69f8970,11c166c1-6243-49d4-837d-dfca60b21dc5,JAF-001,1,1100,2026-07-27T20:24:25,,False
38fc3710-b888-4cd7-ba5c-c440d08a7c25,11c166c1-6243-49d4-837d-dfca60b21dc5,JAF-003,1,1200,2026-07-27T20:28:25,,False
94a65a3a-0c16-497f-abc8-4445f23bf763,11c166c1-6243-49d4-837d-dfca60b21dc5,BEV-001,1,600,2026-07-27T20:33:25,,False
589057f1-892c-4d17-9f54-daf1cdee0235,2af7dfb8-dd85-4c52-a441-9bde75783fc8,JAF-005,1,1200,2026-05-20T10:50:25,,False
f44edbca-3e62-4ab0-83de-b799043b0788,2af7dfb8-dd85-4c52-a441-9bde75783fc8,JAF-002,1,1100,2026-05-20T10:51:25,,False
35352067-c1e5-4ba2-bd13-987212221600,fd147896-ef76-4ab6-8811-43ac4fc95309,JAF-005,1,1200,2026-03-14T11:46:27,,False
aa83dffc-ec21-492c-ac24-9152f39b720a,0c39a163-6900-4687-9e61-dabb34cde89c,BEV-003,1,600,2026-07-02T09:55:02,,False
1f993822-5c46-44d8-938c-651e9bb98cba,dffee3db-8c7c-4150-bac5-4dbcf2f3adcc,BEV-004,1,700,2026-06-23T06:19:48,,False
32097a8c-bd35-40fe-8a06-e9fa7ffa4c34,dffee3db-8c7c-4150-bac5-4dbcf2f3adcc,BEV-003,3,600,2026-06-23T06:37:48,,False
2d4dcc89-6ce1-4275-8788-3a60d8b10055,dffee3db-8c7c-4150-bac5-4dbcf2f3adcc,BEV-001,1,600,2026-06-23T06:40:48,,False
efb60573-19a4-4abf-8cf7-8e927858f0fb,cc4c9406-d2f0-47ee-9fa9-cce02cd91351,JAF-003,1,1200,2026-04-01T10:44:45,,False
9a2f9875-2a77-457f-9d2b-98e4d8dbee75,dcbbc046-2857-4923-8af9-abab7798e3f8,JAF-003,1,1200,2026-05-05T05:14:02,,False
2cb1a6ce-ee57-4585-9d4f-b616859481c6,42b8bff5-7d68-45c5-a4be-729ae8f07021,JAF-005,1,1200,2026-07-15T11:50:49,,False
4fba84c1-cf15-41b4-927c-f3337771611c,6839600a-6819-46d8-8df2-a8b0eb5a5940,JAF-005,1,1200,2026-03-13T06:15:34,,False
d8be4f46-9b6e-4119-9fa2-940c01d40697,6839600a-6819-46d8-8df2-a8b0eb5a5940,BEV-002,1,500,2026-03-13T06:25:34,,False
775cadb1-7f72-4de2-bdd4-27930e9b309f,6839600a-6819-46d8-8df2-a8b0eb5a5940,JAF-004,2,1400,2026-03-13T06:41:34,,False
3290442f-eda6-4060-adcc-badd7e08d73c,c752a0ae-f756-408c-b930-2426f91d8b18,JAF-003,1,1200,2026-03-06T22:32:14,,False
bf0ed001-e766-491d-8d3c-5f0e17bbb778,c752a0ae-f756-408c-b930-2426f91d8b18,JAF-001,1,1100,2026-03-06T22:44:14,,False
30f6ba00-0875-484a-be15-a777510e1562,60b8261a-7ed0-48ae-9bb2-0e3b826876ea,JAF-003,1,1200,2026-06-15T17:58:55,,False
bb11e65f-54d7-4cf3-8f85-c4a3d31b7120,60b8261a-7ed0-48ae-9bb2-0e3b826876ea,BEV-001,1,600,2026-06-15T18:01:55,,False
95104e14-879f-4855-a7f6-2fd0d3a72423,60b8261a-7ed0-48ae-9bb2-0e3b826876ea,JAF-003,1,1200,2026-06-15T18:20:55,,False
8a962d94-a6d9-4b77-b53a-14eab73552a2,60b8261a-7ed0-48ae-9bb2-0e3b826876ea,JAF-004,1,1400,2026-06-15T18:33:55,,True
4c8eec3e-ddc0-4b1f-819e-f0c024b74339,9374cbe8-1f05-4f74-bb9e-6d1126c5dd4e,JAF-001,1,1100,2026-03-25T13:12:15,,False
c370a183-7d8f-46fd-a8cf-113499c394ee,b5e1e98e-6cc0-464c-ac35-009115bb7d91,BEV-004,1,700,2026-06-02T08:52:49,,False
b9b923c8-d6dc-4246-9755-e8e32d9e290f,b5e1e98e-6cc0-464c-ac35-009115bb7d91,BEV-001,1,600,2026-06-02T09:05:49,,False
2a67ac56-9ef4-45cd-8593-428afbfc5e8a,e8419e06-60ef-4bce-9e30-07b982c9d6e5,JAF-002,1,1100,2026-03-30T06:36:00,,False
bc61eb97-6af6-419a-a131-43a5f717cf0e,e8419e06-60ef-4bce-9e30-07b982c9d6e5,BEV-003,1,600,2026-03-30T06:41:00,,False
0afe7919-8e57-44a4-8ef2-e3210a507696,f975cd7f-25c7-43fe-b2f6-c05f524d906a,JAF-001,1,1100,2026-06-19T21:29:47,,False
c3ef17a8-4932-4a2e-9fca-233f7f6ddb89,0e76250a-7cf4-43f1-8f53-055dbf666f8f,BEV-002,1,500,2026-07-17T07:21:18,,False
d79621cc-d994-4a37-ac00-3e0d8ff51f2d,0e76250a-7cf4-43f1-8f53-055dbf666f8f,JAF-005,1,1200,2026-07-17T07:36:18,,False
77bec525-73c2-4f90-b806-bb302c594487,0e76250a-7cf4-43f1-8f53-055dbf666f8f,JAF-005,1,1200,2026-07-17T07:37:18,,False
4d649b6c-0564-4136-a616-f33f194496ae,0e76250a-7cf4-43f1-8f53-055dbf666f8f,BEV-002,1,500,2026-07-17T07:50:18,,False
176d4b8c-70ff-4de9-a07e-6d3c01f25901,380cfa1c-52cf-4113-bedf-24b0a57aea9e,JAF-003,2,1200,2026-05-09T21:21:18,,True
acb66379-7ab4-4c93-bb35-51d4fb4ff1e3,947700c2-84b9-44b7-8369-183f14e67bb2,BEV-001,1,600,2026-06-10T23:50:08,,False
4e99649e-86f0-4892-8eb3-df12a3d76759,947700c2-84b9-44b7-8369-183f14e67bb2,JAF-001,1,1100,2026-06-11T00:09:08,,False
d439bf38-f80e-40f8-b941-368d6c871297,947700c2-84b9-44b7-8369-183f14e67bb2,JAF-003,1,1200,2026-06-11T00:21:08,,False
211df592-75f3-42f8-ac9a-b9b10a66b4e8,49ab463c-4076-4975-8974-eed9f0d90caf,JAF-005,2,1200,2026-08-12T20:43:25,,False
1ed9df56-21b8-4842-9dd5-1c490821cdf6,49ab463c-4076-4975-8974-eed9f0d90caf,JAF-001,1,1100,2026-08-12T21:02:25,,False
c0174471-ce31-4d40-a541-cb0cc6eed4a3,8f992942-0d22-474d-bf8d-90538b011afc,BEV-004,2,700,2026-03-04T06:14:17,,False
6dca2246-76f1-4e3c-bf19-2cc8c8b21858,8f992942-0d22-474d-bf8d-90538b011afc,JAF-002,1,1100,2026-03-04T06:22:17,,False
24dc6fe0-7524-4eca-9161-002e4fd6dc3c,8f992942-0d22-474d-bf8d-90538b011afc,BEV-005,2,400,2026-03-04T06:25:17,,False
95b7894a-3734-4668-9cde-1571c4e6cf2d,8f992942-0d22-474d-bf8d-90538b011afc,BEV-004,1,700,2026-03-04T06:37:17,,False
4275468b-40b0-4427-ad7e-929e8bdb1463,372ac196-4aeb-4a04-90b5-cd17a5a7ac45,JAF-004,1,1400,2026-03-05T20:27:25,,True
20f89eb5-ed3c-4d6d-a911-31512530831c,372ac196-4aeb-4a04-90b5-cd17a5a7ac45,JAF-005,2,1200,2026-03-05T20:37:25,,False
19345c26-b8c7-42e1-9fd3-7fc68924ae4b,372ac196-4aeb-4a04-90b5-cd17a5a7ac45,BEV-005,1,400,2026-03-05T20:45:25,,False
b62ea095-3e09-4e97-8e1d-98d5e7fe4bbb,7899504a-f490-4e92-9d2c-185e6fe34ac0,BEV-003,1,600,2026-03-03T02:35:11,,False
cd313fcc-0379-45be-a665-6053f82faec3,7899504a-f490-4e92-9d2c-185e6fe34ac0,JAF-002,1,1100,2026-03-03T02:48:11,,False
71a6fed2-d840-4031-af23-447bed5c1942,1a0e6f4d-80a1-47f7-a535-62657cc70413,JAF-004,2,1400,2026-03-23T21:27:12,2026-03-23T21:39:12,False
384d342b-1b12-47de-94a8-afa4a7dca139,6dcd0b1c-2624-4f10-a768-cb79e095095a,BEV-003,1,600,2026-04-05T09:07:41,,False
8dc66880-de0a-4a28-913b-35bc1ae1b19a,6dcd0b1c-2624-4f10-a768-cb79e095095a,BEV-004,1,700,2026-04-05T09:14:41,,False
ef0e9538-677a-4707-9755-0155630843f8,6dcd0b1c-2624-4f10-a768-cb79e095095a,JAF-004,1,1400,2026-04-05T09:20:41,,False
527160eb-f883-4717-aa31-ec12d4c28f15,6dcd0b1c-2624-4f10-a768-cb79e095095a,BEV-001,1,600,2026-04-05T09:31:41,,False
b256eaa0-97b5-4549-be1a-f6412fc3a4ec,670aade6-c742-47f1-b7ba-da703d5bfdd7,JAF-003,1,1200,2026-02-20T19:45:01,,False
48320336-a5f5-40b0-81f7-2250f69be878,670aade6-c742-47f1-b7ba-da703d5bfdd7,JAF-002,3,1100,2026-02-20T19:58:01,,False
7bc7c4b9-d5fa-4b38-8d91-289e87719160,670aade6-c742-47f1-b7ba-da703d5bfdd7,JAF-004,1,1400,2026-02-20T20:01:01,,False
6ddcc179-8fd7-4515-a6cd-819ab64f0abf,bcacfbf5-5b2a-4f4a-987f-77cabb8377b7,JAF-003,2,1200,2026-06-30T01:19:53,,False
867b155e-668d-4a48-abe3-e3cbc15a91a0,b4a90b88-4eaa-4370-9365-f6f0d13f6acc,BEV-002,2,500,2026-02-21T15:31:46,,False
a1307572-cd06-438c-8787-afea44eb076f,b4a90b88-4eaa-4370-9365-f6f0d13f6acc,BEV-002,1,500,2026-02-21T15:43:46,,False
fbc87b68-1f18-486b-be12-f16721a40e4f,b4a90b88-4eaa-4370-9365-f6f0d13f6acc,BEV-003,2,600,2026-02-21T15:57:46,,False
36c0139c-7621-4691-955e-750433285b2b,b4a90b88-4eaa-4370-9365-f6f0d13f6acc,BEV-005,1,400,2026-02-21T16:00:46,,False
58be4155-7b2f-4bbb-8eac-3fc9c9769faa,b5fbc049-da67-457f-a017-eeb81e80ab99,BEV-001,1,600,2026-07-26T14:13:26,,False
00b7d463-b172-4630-92da-69d29026b70d,b5fbc049-da67-457f-a017-eeb81e80ab99,JAF-002,1,1100,2026-07-26T14:17:26,,False
164d3e9f-9144-41e4-bd88-ad39d2be394a,b5fbc049-da67-457f-a017-eeb81e80ab99,BEV-002,1,500,2026-07-26T14:36:26,,False
b9cb35ef-ffc8-4951-925c-75fb92c1864a,80d5d686-7e38-4825-a457-e201a61d1cf8,BEV-004,1,700,2026-02-25T12:58:43,,False
ea964bd3-7dd6-4e47-9d1d-e29b587a9679,80d5d686-7e38-4825-a457-e201a61d1cf8,JAF-004,3,1400,2026-02-25T13:09:43,,False
0e1f5698-2158-45b9-925b-913b0ee370f8,80d5d686-7e38-4825-a457-e201a61d1cf8,BEV-002,1,500,2026-02-25T13:19:43,,False
4928539e-6f12-4903-b4c6-d2c42d28215f,80d5d686-7e38-4825-a457-e201a61d1cf8,JAF-003,1,1200,2026-02-25T13:29:43,,False
3326e532-cdad-489b-9096-29321dfb340d,be5e8541-da55-4b73-8393-77f646104b97,BEV-005,1,400,2026-04-04T18:10:18,,False
199ba597-ab3e-4be7-92bd-2784661c8475,be5e8541-da55-4b73-8393-77f646104b97,JAF-001,2,1100,2026-04-04T18:15:18,,False
8c9c8f48-8566-45ff-837d-9ce688c64e3b,624882b0-d570-4219-9f42-67f811eecee4,JAF-004,2,1400,2026-06-15T18:59:29,,False
6bc88400-a4b4-47f8-ae05-c92d1575c46f,624882b0-d570-4219-9f42-67f811eecee4,JAF-004,1,1400,2026-06-15T19:09:29,,False
ce071b5f-2c5c-4d0c-88b2-3216fd69fe89,624882b0-d570-4219-9f42-67f811eecee4,JAF-003,1,1200,2026-06-15T19:29:29,,False
788d6750-0423-4872-b878-840d1c581c13,5d4ed1f7-4b35-4b58-a1da-65fee6ac8ca6,BEV-002,2,500,2026-04-01T15:43:29,,False
3abd42dd-9ed8-430d-87af-5a211f110d2b,5d4ed1f7-4b35-4b58-a1da-65fee6ac8ca6,JAF-005,2,1200,2026-04-01T15:58:29,,False
61cc913b-2376-4529-8beb-63b8e4f2a460,c3e0da00-1205-4ee2-9121-f955ffc78348,BEV-004,1,700,2026-04-05T05:09:51,,False
830668bb-1ec1-4641-acb5-6ed3ced52cc8,c3e0da00-1205-4ee2-9121-f955ffc78348,BEV-003,1,600,2026-04-05T05:17:51,,False
2e354885-a915-4cc6-bc58-7f43045286a5,c3e0da00-1205-4ee2-9121-f955ffc78348,BEV-004,3,700,2026-04-05T05:18:51,,False
f1c0fe11-2031-4860-a56f-dae67e908e5b,2a1f4f9d-3b49-4d70-b6a4-1cd7c2e8540d,JAF-005,1,1200,2026-06-16T10:38:13,,False
0b42b3ce-0e57-4772-a5fc-1e575c4d081f,2a1f4f9d-3b49-4d70-b6a4-1cd7c2e8540d,JAF-003,3,1200,2026-06-16T10:54:13,,False
f49a00be-9d3b-4ccc-9fd6-287447c3c9f9,85fb1342-6061-45cb-a8bf-4fa72a348c25,BEV-002,1,500,2026-03-17T21:59:14,2026-03-17T22:12:14,False
8d3734a3-519b-4481-8de8-ef9441c701bc,dfc215da-1e28-4d9f-9a1a-ae40b0ecd995,BEV-001,1,600,2026-08-14T02:28:58,,False
ed101e11-48c1-4965-ae25-41134247e35e,dfc215da-1e28-4d9f-9a1a-ae40b0ecd995,JAF-004,1,1400,2026-08-14T02:46:58,,False
f2018aa3-8d30-49b4-9a21-7219cca2f36a,fb534c94-7f82-4322-8ed4-696494acd374,JAF-004,1,1400,2026-02-23T11:57:49,2026-02-23T11:58:49,False
40e75682-1f33-417f-87d0-56c513c37b13,e2d79b7d-f22a-406a-903e-b76b41b6246a,JAF-005,2,1200,2026-07-02T14:33:05,,False
cc7be8c5-4436-4b4e-af5d-d5d3d2e47566,e2d79b7d-f22a-406a-903e-b76b41b6246a,JAF-004,1,1400,2026-07-02T14:43:05,,False
f9c106f7-23f3-4a9a-a9a8-60e2f4cf6514,e2d79b7d-f22a-406a-903e-b76b41b6246a,JAF-004,1,1400,2026-07-02T15:02:05,2026-07-02T15:18:05,False
8474f0f6-7cb7-49d4-8ae4-d051cbf75338,e2d79b7d-f22a-406a-903e-b76b41b6246a,BEV-001,1,600,2026-07-02T15:19:05,,False
b3c870ec-eca8-4a35-acdd-a9b9afcb972a,8c75b657-9a6e-4029-a454-af9f6090cd1b,JAF-001,1,1100,2026-02-17T06:41:01,,False
e18c47a4-7824-4cd5-9aa5-59b1f3ce4dac,8c75b657-9a6e-4029-a454-af9f6090cd1b,JAF-001,1,1100,2026-02-17T07:01:01,,False
1fc36382-9a38-4ec4-b853-c520424a8ef7,1d9a1e2d-d267-446b-819f-c16c013ef6de,JAF-002,1,1100,2026-08-12T01:48:28,,False
869bc501-dd25-4c28-9a24-7120d60fe582,477fba70-46b1-43db-88d4-f95fae04d149,BEV-003,2,600,2026-05-12T08:51:12,,False
a18108c9-c43c-426b-934b-e362f4b65236,b7c560c8-3251-48c7-979f-499d9f2d49ba,BEV-003,1,600,2026-08-03T07:30:40,,False
13f8a908-ca4e-4272-b115-e6a096310361,cd7b4680-5125-41d5-b8d5-f75932dcff1f,JAF-004,3,1400,2026-03-21T17:46:26,2026-03-21T18:15:26,False
299dc4ea-256e-427e-a196-6b1e271b0b65,cd7b4680-5125-41d5-b8d5-f75932dcff1f,BEV-004,2,700,2026-03-21T17:58:26,,False
6d9b7c0d-13c3-469d-882b-307093783303,a658e608-1910-41fa-8c00-e4ef00715ce6,BEV-002,2,500,2026-07-10T03:35:22,,False
0ca33ad8-0031-437a-b9ab-d617b7435f9d,b8a69a16-fb11-4dde-9dd0-b0a7f38f1096,BEV-001,2,600,2026-07-07T03:24:24,,False
73c1b020-7311-41ce-abe8-a4fd846774a9,f2535716-9018-43ed-b439-38b00f2766cc,JAF-001,1,1100,2026-04-28T06:11:49,,False
8adaa2be-9fbc-4d22-aaba-117f8fc800f7,f2535716-9018-43ed-b439-38b00f2766cc,JAF-004,1,1400,2026-04-28T06:26:49,,False
2ce25c63-b504-4db0-a20f-ec78788f1114,f2535716-9018-43ed-b439-38b00f2766cc,BEV-005,1,400,2026-04-28T06:33:49,,False
1af59785-ea63-425d-82e9-56ee2942fda7,01de3a01-cb33-4a1b-9245-cbe7baf1e383,JAF-005,3,1200,2026-06-05T16:41:50,,False
e60bebbb-e8e4-4971-b44c-0c41f5cf69c0,dfddfc90-be6d-45b9-8fe6-596d542a3b79,BEV-002,1,500,2026-06-26T02:13:49,,False
a30262fc-b8bb-4234-9b9d-bcb4bce757bf,dfddfc90-be6d-45b9-8fe6-596d542a3b79,BEV-001,1,600,2026-06-26T02:31:49,,False
e9516c05-3b82-4d08-b7c6-904dac4a02b0,bdee1027-9d0b-439d-865f-333b7f37b731,JAF-001,1,1100,2026-06-23T12:19:30,,True
95243716-a09f-4341-b015-ac79ebc06c11,bdee1027-9d0b-439d-865f-333b7f37b731,BEV-002,1,500,2026-06-23T12:32:30,,False
aef2fae0-e3d8-43a3-a4ea-b564f8e4fee8,c54dbf2f-1e39-49e0-b415-37c0d32e3985,BEV-002,1,500,2026-03-26T10:59:18,,False
5359989d-1bef-4381-b1c5-0326d35ffc74,c54dbf2f-1e39-49e0-b415-37c0d32e3985,JAF-005,2,1200,2026-03-26T11:02:18,,False
6c922cc8-abb4-44ac-9801-3d5fc647d467,c54dbf2f-1e39-49e0-b415-37c0d32e3985,BEV-001,1,600,2026-03-26T11:20:18,,False
6a892fb9-36f4-4fe2-83f3-1887292c34fe,f6b17ff2-1940-4343-b4fe-96c35ac444a7,JAF-004,2,1400,2026-08-12T00:10:41,,True
75fd718e-2c4a-4dff-9aa7-028ad76a6765,f6b17ff2-1940-4343-b4fe-96c35ac444a7,JAF-005,2,1200,2026-08-12T00:26:41,,False
83587291-e695-4f60-8770-760f42dd22fc,7a5e16c1-f81a-4e74-a3e9-2643d252d891,BEV-004,1,700,2026-08-07T11:08:51,,False
1f7a9477-b2d3-47d1-9b8b-bec12df12815,7a5e16c1-f81a-4e74-a3e9-2643d252d891,BEV-004,1,700,2026-08-07T11:28:51,,False
a1218f25-a720-4567-af73-241ce0087e0b,ad7fa328-d0ff-4b3d-aa99-8161a62c7add,JAF-002,1,1100,2026-07-28T12:30:31,,False
5de59e03-cf52-495b-8f15-5b304dbfca7b,ad7fa328-d0ff-4b3d-aa99-8161a62c7add,BEV-003,1,600,2026-07-28T12:46:31,,False
962b7a4f-0825-4d36-bea9-a20191ee529c,ad7fa328-d0ff-4b3d-aa99-8161a62c7add,BEV-002,2,500,2026-07-28T12:52:31,,False
4266f6b5-a84f-4ba8-9204-55b67935edcf,9a920c42-35a1-4086-a864-beef6756bd64,BEV-001,1,600,2026-06-08T18:24:37,,False
888e0b2f-7b73-44f8-b6c5-12eb9a1f44b7,9a920c42-35a1-4086-a864-beef6756bd64,JAF-001,2,1100,2026-06-08T18:27:37,,False
fa0319bc-d4d5-4603-9467-f2a4a950c205,9a920c42-35a1-4086-a864-beef6756bd64,BEV-004,1,700,2026-06-08T18:31:37,,True
b00ceeab-74dc-4f33-90fb-438f045b0ccb,f3505c7b-538d-40fa-b7b8-7db20b1ad229,JAF-003,1,1200,2026-04-02T02:32:29,,False
8bf3380c-4e6e-4fbe-ba0f-9e7fde45b31a,258ee5ea-cd6a-4551-804e-5db5aee7e202,BEV-005,1,400,2026-05-01T09:12:24,,True
34fd0ebe-e8e6-459b-9337-9ca9058d2c27,4c0c11d6-8b53-4a49-882d-cc8d0806d8f3,BEV-005,1,400,2026-08-01T13:24:57,,False
7b209ee7-6459-40a9-976e-04e0269990e5,4c0c11d6-8b53-4a49-882d-cc8d0806d8f3,JAF-003,1,1200,2026-08-01T13:39:57,,False
244d6269-ffb0-4f18-970d-7b2e4e0b1b5d,4c0c11d6-8b53-4a49-882d-cc8d0806d8f3,BEV-001,2,600,2026-08-01T13:55:57,,False
9ca4cee9-18c1-488a-a864-662ed0bb4f88,4c0c11d6-8b53-4a49-882d-cc8d0806d8f3,JAF-003,1,1200,2026-08-01T14:13:57,,False
153d4f38-22ee-456a-87e5-b5eaed8c1f09,535e352f-c1c5-4e33-b487-b46833928eec,JAF-003,1,1200,2026-04-26T08:58:50,,False
7b14f208-9291-4336-8275-f1e5f23f1188,535e352f-c1c5-4e33-b487-b46833928eec,BEV-001,2,600,2026-04-26T09:14:50,,False
eb92054b-01db-4ae5-9485-2c1361e6b97e,3fe47754-9b68-4f68-8bc7-6e9bef5e4300,JAF-002,1,1100,2026-04-13T05:53:41,,False
58f0f341-0921-4a27-9ecb-e2d8da745e81,915c7f87-d505-472b-8118-d81b57389614,BEV-004,1,700,2026-02-18T10:55:37,,False
998f0219-9709-4ec8-99e9-766e5b76b134,915c7f87-d505-472b-8118-d81b57389614,BEV-003,1,600,2026-02-18T11:15:37,,True
4049bef8-4126-4949-a3ad-1872ff7c3464,c62518ce-ee2b-4dbc-b301-ae5df3ec0871,BEV-005,2,400,2026-06-29T03:15:26,,False
b71a5acb-6817-493d-8e62-5f28bd79b0dd,c62518ce-ee2b-4dbc-b301-ae5df3ec0871,BEV-001,1,600,2026-06-29T03:22:26,,False
62a9ed50-6550-40f6-b0f9-a30eeb278c59,5274a088-59ed-48bf-9eb4-570a580de345,BEV-004,1,700,2026-03-09T05:37:02,,False
8606debc-5c16-44ce-872c-871cdba5a4a1,d191c543-3c0a-4948-97a9-51b5ec72c6c2,JAF-003,2,1200,2026-03-06T03:44:28,,False
8f6ebb3a-91bb-4097-88e7-51249229d409,ff6ceb18-e58d-4fec-8ffe-b087e5b69719,BEV-002,3,500,2026-03-20T20:46:32,,False
db95900f-1e1d-4c97-b4c1-da2d093454cc,750a4cc0-2a55-416d-8cc7-3cf227a99ee8,BEV-005,2,400,2026-06-06T07:14:13,,False
f97478d8-1e4e-4c3f-9628-72fd8a4b0247,b8d3e397-342e-4b7d-8952-b74eecd21a38,JAF-004,1,1400,2026-04-27T01:08:19,,False
1be3d6bd-d2a9-4b86-91d5-04219f59c3ca,b8d3e397-342e-4b7d-8952-b74eecd21a38,JAF-003,3,1200,2026-04-27T01:27:19,,False
96337217-38f3-4ebf-b5b8-9bc9cf0bace7,39348be9-a944-4f57-8276-4bbe25f29772,BEV-005,1,400,2026-02-17T16:44:06,,False
c234bdf3-d1b3-4fcd-9a4f-ec022d590c3f,39348be9-a944-4f57-8276-4bbe25f29772,JAF-004,1,1400,2026-02-17T16:46:06,,False
16170b9a-d2ac-418d-8136-44888a499b50,39348be9-a944-4f57-8276-4bbe25f29772,JAF-001,1,1100,2026-02-17T16:59:06,,False
65231f0a-d344-42f9-b5fd-1e9d55cb756a,39348be9-a944-4f57-8276-4bbe25f29772,JAF-003,1,1200,2026-02-17T17:16:06,,False
da705982-4a45-418c-9c01-7dde803dd773,b0881502-c646-497d-96c5-fef80d4ca0bd,BEV-004,1,700,2026-05-08T13:53:45,,False
80759662-6aed-4c76-b7f8-f26b60632bd9,b0881502-c646-497d-96c5-fef80d4ca0bd,JAF-001,1,1100,2026-05-08T14:12:45,,False
0edbde3a-29c8-47b3-bad4-9b968415c12c,7f473392-4b35-4276-a82c-d7e6369d3735,BEV-002,1,500,2026-04-30T07:03:38,,False
b4a52e35-6bcc-431e-906f-dd4da617b14a,7f473392-4b35-4276-a82c-d7e6369d3735,JAF-001,3,1100,2026-04-30T07:23:38,,False
1ac4b172-49e7-4025-8244-560bf6b2cca8,4b78e8f3-f1f1-4a29-95c9-134784414bca,BEV-005,1,400,2026-08-07T22:11:26,,False
2097ccfc-7194-47e8-b2a6-a35d82d831a9,4b78e8f3-f1f1-4a29-95c9-134784414bca,JAF-005,1,1200,2026-08-07T22:27:26,,False
f5313acb-a1f0-4934-a09b-ae2bb2e936cf,4b78e8f3-f1f1-4a29-95c9-134784414bca,BEV-005,1,400,2026-08-07T22:33:26,,False
9d80903c-5f91-42a8-be88-5bf2ebd8abb7,52c660c6-5171-468c-bd39-f90084f6b027,BEV-005,1,400,2026-04-17T20:32:36,,False
6b6183fc-d3d5-4d96-8d16-94465eb2b309,19f40f36-6454-45cf-a87b-3933f78ceb2a,JAF-004,2,1400,2026-04-01T14:45:50,,False
5f0115c4-3c13-4386-a92e-aff42694bdc4,19f40f36-6454-45cf-a87b-3933f78ceb2a,BEV-004,1,700,2026-04-01T14:51:50,,False
12923084-ea62-421c-84ea-87f8bc1b8e23,7a45e91c-830b-4252-ac1b-ddaee5621658,JAF-001,1,1100,2026-08-09T06:54:49,,False
6c51252a-9b00-4e0e-97b8-0343be9e3d6d,ed427318-e22d-4ad3-a910-b67bb17abadc,JAF-003,3,1200,2026-02-22T06:43:07,,False
6c8e6c30-a8f3-420a-a5a1-3b446a1bf26a,ed427318-e22d-4ad3-a910-b67bb17abadc,JAF-001,1,1100,2026-02-22T06:48:07,2026-02-22T07:18:07,False
a0464300-c334-43be-bbfe-4d563c7fd753,ed427318-e22d-4ad3-a910-b67bb17abadc,BEV-001,2,600,2026-02-22T07:03:07,,False
09944549-6aa8-48b0-a2a5-1a0d09d42df8,5242d795-a96a-4e66-a999-d88457257010,JAF-005,1,1200,2026-06-20T12:51:30,,False
d5bc27f3-c2ea-4b9d-a876-f1bfbfc8397e,5242d795-a96a-4e66-a999-d88457257010,BEV-004,2,700,2026-06-20T13:10:30,,False
3e510594-34eb-43db-8e97-38a703509672,98b1e990-a162-49f1-a849-35fb5a6325d3,JAF-005,1,1200,2026-08-15T09:34:21,,True
caae8d9a-0ca0-44c8-a942-ecc8277609d7,b3e74072-4316-4e93-ae2a-a648c959bc3a,BEV-004,1,700,2026-06-03T22:56:28,,False
2719a0a0-8c7f-4a34-91a3-8f43af34dc70,b3e74072-4316-4e93-ae2a-a648c959bc3a,JAF-002,1,1100,2026-06-03T23:03:28,,False
ca384751-aa33-467a-a298-61b03dd8bd90,b3e74072-4316-4e93-ae2a-a648c959bc3a,BEV-001,2,600,2026-06-03T23:20:28,,False
b40ef595-ae6e-48f8-b678-06069374969e,384411ec-dbc6-46a0-bff1-c550bbdba2aa,JAF-004,2,1400,2026-07-19T13:05:21,,False
5ffeac63-6058-4b4c-9c23-bc7e088b14e2,823f5413-5062-4d45-8c50-fdc677d47a94,BEV-005,1,400,2026-02-21T21:51:06,,False
b59982c6-41da-4376-8930-4bd93cf6d536,823f5413-5062-4d45-8c50-fdc677d47a94,JAF-001,1,1100,2026-02-21T22:08:06,,False
ba02b14a-c235-4cb6-9a5e-b41a463f2c32,823f5413-5062-4d45-8c50-fdc677d47a94,JAF-004,1,1400,2026-02-21T22:16:06,,False
4f922fca-1896-4903-b4f5-8d003ad72061,c4b298f6-f9a9-4ffd-942f-6c28ac80c709,JAF-004,2,1400,2026-02-25T12:40:37,,False
4161d98c-d757-4597-9fe8-ec1bdf912494,d5f29722-978b-419d-895c-b12961a09416,JAF-003,1,1200,2026-07-18T07:13:59,,False
212fc1e2-a4f8-43ac-8157-6d136284ae4c,d5f29722-978b-419d-895c-b12961a09416,JAF-004,1,1400,2026-07-18T07:15:59,,False
0297caa2-c557-4210-a28a-b7d678542988,d5f29722-978b-419d-895c-b12961a09416,JAF-004,1,1400,2026-07-18T07:28:59,,False
6b64ed9d-eefb-4be2-8a39-f4335f1332cd,d5f29722-978b-419d-895c-b12961a09416,JAF-001,1,1100,2026-07-18T07:34:59,,False
5839dacf-cb9f-40ab-9f68-173fcf21d31b,42dd1d10-fef8-4a5a-92a5-ef1ded9a0219,JAF-001,1,1100,2026-03-11T20:48:24,,False
fa785212-1c90-4cbe-882b-221a84ae2e29,42dd1d10-fef8-4a5a-92a5-ef1ded9a0219,JAF-004,1,1400,2026-03-11T21:04:24,,False
1fe4503e-3b50-49a1-9e13-7b381b408b49,4082bef3-e985-4cb3-907a-33d6b6e7cc94,BEV-003,2,600,2026-02-17T17:22:58,,False
c50448cf-2731-4494-977e-55c98aab1219,4082bef3-e985-4cb3-907a-33d6b6e7cc94,BEV-005,1,400,2026-02-17T17:33:58,,False
55b80908-c3f6-4f14-bbb0-0a20ae1a5762,4082bef3-e985-4cb3-907a-33d6b6e7cc94,JAF-005,1,1200,2026-02-17T17:44:58,,False
c8c20ed1-1386-45b9-a9bf-52ec78465e72,4082bef3-e985-4cb3-907a-33d6b6e7cc94,BEV-004,2,700,2026-02-17T17:50:58,,False
af618092-0a91-461e-80e2-edacd011f84e,a2d70854-9f75-4858-9c70-cad115e59aa2,BEV-002,1,500,2026-04-12T09:24:36,,False
eba553fa-f7ee-493b-b080-11c70049f91a,a2d70854-9f75-4858-9c70-cad115e59aa2,BEV-003,2,600,2026-04-12T09:44:36,,False
d04bb685-8487-4af5-afc1-3daf6d33da5a,1fad53c9-2860-4ce5-91c5-6945dccf1a3a,JAF-001,3,1100,2026-07-29T09:59:36,,False
d7da7a65-d6a4-4853-b75a-fb9ca7a33221,98003a9a-2220-4201-ad1a-c66f3507040f,BEV-004,1,700,2026-08-16T09:22:03,,False
aed37e5e-3e39-4037-a3be-368f8ffdac6f,98003a9a-2220-4201-ad1a-c66f3507040f,JAF-001,2,1100,2026-08-16T09:40:03,,False
ad9c23ce-aeb5-4180-97b6-5c0f764b72c0,98003a9a-2220-4201-ad1a-c66f3507040f,BEV-002,1,500,2026-08-16T09:45:03,,False
898416f9-d2f7-416c-8d57-d9bc00c88b2b,14bd0e80-701e-438b-91e9-be6c3e3f9cc5,BEV-001,1,600,2026-03-03T00:02:35,,False
262a2322-d796-483a-bc01-bd6e89449b77,14bd0e80-701e-438b-91e9-be6c3e3f9cc5,BEV-002,2,500,2026-03-03T00:15:35,,False
03ba84c4-8462-4e62-a8ca-5539a67e8010,cbf3f1e7-76e4-4660-a623-af423ea4bcbd,BEV-002,1,500,2026-05-28T06:01:56,,False
525f9f2f-600d-4c61-97fe-5399df284ec4,98cdbd8d-969f-4d5d-96dd-d731036bb38f,JAF-002,2,1100,2026-04-22T04:23:19,,False
c0c0b911-3115-4383-a9e1-61cc9507558b,d4c18feb-c253-4d02-ba30-a207c600d786,BEV-001,1,600,2026-06-12T16:31:56,,False
b2cde858-4f66-488c-8d08-7ddad2402056,d4c18feb-c253-4d02-ba30-a207c600d786,BEV-004,1,700,2026-06-12T16:33:56,,False
19f33615-c8b8-40cc-af1e-5d01f8e36d4b,38eafffc-ea22-4bfc-8aa3-1d62575f1e47,JAF-005,1,1200,2026-03-28T02:57:14,,False
fc4d1f84-8187-483e-8a95-f544f39a2268,2ff5cd04-1246-4d30-8bcf-76d9bfc6153c,BEV-004,1,700,2026-04-10T19:35:25,,False
8b040bdb-6bd8-4559-b766-a01c122256c0,2ff5cd04-1246-4d30-8bcf-76d9bfc6153c,BEV-001,2,600,2026-04-10T19:52:25,,False
2db11be7-c9c5-4bb0-abe6-d03e8ba6af93,2ff5cd04-1246-4d30-8bcf-76d9bfc6153c,BEV-002,1,500,2026-04-10T20:11:25,,False
f2f57303-c7e7-406a-9f97-8d0be975915b,d201780a-7e8b-493a-a6e2-7b312b69db43,JAF-001,2,1100,2026-04-27T22:11:15,,False
c6582567-09c1-4a5c-9906-f72495f50934,441f4931-36d1-4605-ab00-3e2d10a4cf5d,BEV-005,2,400,2026-03-30T14:28:08,,False
dcfd7fed-52cb-4a05-a636-5b64a390f651,8f19311f-a516-49be-b5b8-65b7ac8450a2,JAF-001,1,1100,2026-07-15T20:37:37,,False
5df813ee-402d-411d-aabd-053530550176,451eea37-6c62-4d23-a937-eeb6bebc1e32,JAF-004,1,1400,2026-03-02T22:12:26,,False
fcbaa3fb-1619-4856-a9fc-f54db2ff2dbe,451eea37-6c62-4d23-a937-eeb6bebc1e32,BEV-003,1,600,2026-03-02T22:29:26,,False
961f2416-38a6-4f65-b992-9937926eeec1,451eea37-6c62-4d23-a937-eeb6bebc1e32,BEV-005,2,400,2026-03-02T22:46:26,,False
2ad4fddc-a598-4a25-98ac-add737ece46a,a26663e3-83c6-4e4e-98a7-725099f6cfcf,BEV-005,1,400,2026-05-24T10:39:16,,False
10fe1675-17f7-46b6-a254-d90e89505eea,a26663e3-83c6-4e4e-98a7-725099f6cfcf,BEV-002,1,500,2026-05-24T10:45:16,,False
389beb86-18ef-40f4-a770-6032ed5f83f0,958947b4-17b5-43dc-b632-2e10b51ef265,BEV-005,1,400,2026-05-04T05:32:41,,False
7fd3ca47-2f22-4299-884f-9918b35225ff,5e9db869-a526-4401-b4b6-acfc87dc58a9,BEV-001,1,600,2026-06-30T22:11:39,,False
d228d945-29ec-499c-b850-139a55f27c2b,8c68b00e-fcc7-4f9e-bdaf-92a9f01906a7,JAF-001,2,1100,2026-03-16T14:13:08,,False
0afae6fa-5d4c-4241-95ce-e6bc4ec0bfed,a0c19f83-0415-4cd4-ba3f-45f8c551af67,JAF-003,1,1200,2026-08-07T22:32:09,,False
54297f9b-1c36-4f6c-8852-6dd2063bf4c8,fc9a806a-7f8e-443c-a0ee-90eb00315d85,JAF-005,1,1200,2026-05-31T14:58:40,,False
115e4cc6-11fb-42d1-b4e4-7bf6200b0b07,7fe11084-2569-4e2b-b84c-7254f748860c,BEV-002,1,500,2026-04-12T07:46:40,,False
9498a945-1899-435c-a7b3-9068eab11a27,1e174bbf-915e-48de-af51-7d3219a1d0e6,BEV-005,2,400,2026-04-20T23:39:38,,False
0c9411fd-0281-4b52-a3b4-4883fd8c9771,2fde32dd-e01b-4e6d-b9e2-92b0233627cb,JAF-001,1,1100,2026-07-14T22:42:40,,False
375f1f9a-9707-4821-93b6-f6c418e7cd49,2fde32dd-e01b-4e6d-b9e2-92b0233627cb,BEV-002,1,500,2026-07-14T22:47:40,,False
f0ec5f6a-9af4-4d01-9a0c-02e27d2dacfe,2fde32dd-e01b-4e6d-b9e2-92b0233627cb,BEV-001,1,600,2026-07-14T22:57:40,,False
185135b4-3888-404b-886d-2b63bb746567,bc62046b-79fa-4606-a4f5-685a92fb78b2,JAF-002,1,1100,2026-05-30T22:06:46,,False
8eec0027-d1f3-46a8-b27f-abc2d5d713fd,bc62046b-79fa-4606-a4f5-685a92fb78b2,JAF-001,1,1100,2026-05-30T22:17:46,,False
d8a63700-82ab-4ba2-9617-926856da6d67,b408db5c-ebb7-4f7a-aa94-c2459923197f,BEV-005,1,400,2026-04-02T20:02:08,,False
2bbe70ad-e60a-4f1d-9bab-4caa80a8bff1,b408db5c-ebb7-4f7a-aa94-c2459923197f,BEV-004,2,700,2026-04-02T20:06:08,,False
293a7aca-0619-45db-8410-ff7ad5cfaba4,05ed2cfa-8d7a-49ea-884e-0a7f29777a1e,JAF-005,1,1200,2026-06-13T00:51:05,,False
77888253-f0bf-48b3-bc07-476f42a1d91c,05ed2cfa-8d7a-49ea-884e-0a7f29777a1e,JAF-001,1,1100,2026-06-13T01:04:05,,False
a864612c-464c-48fb-add5-7cc14ce45590,3acb360e-21f5-4778-9403-583038ba96bf,JAF-001,1,1100,2026-04-08T02:41:43,,False
eda76b9f-3003-4fde-a337-aab6f0cc32f7,3acb360e-21f5-4778-9403-583038ba96bf,BEV-001,3,600,2026-04-08T02:53:43,,False
8977140a-c116-4c30-9037-c4d22f55efba,f5377876-26bf-420c-b49c-ccecdfdb7750,BEV-004,3,700,2026-07-31T01:06:34,,False
9eee35ee-99cd-479a-b90a-7592ddf10480,f5377876-26bf-420c-b49c-ccecdfdb7750,JAF-005,1,1200,2026-07-31T01:26:34,,False
5e6bad84-aee2-45a0-81d8-f3c96492f599,f5377876-26bf-420c-b49c-ccecdfdb7750,BEV-005,2,400,2026-07-31T01:36:34,,False
680f4a5e-a42d-4759-9e09-9f2bc48aec2d,23cbf71a-1942-4b24-afd5-4e6a20f5211f,BEV-002,3,500,2026-02-21T03:00:46,,False
b1a190b0-8ee0-4687-ae51-f16b65b73232,23cbf71a-1942-4b24-afd5-4e6a20f5211f,JAF-002,2,1100,2026-02-21T03:10:46,,False
de627972-6ea6-4b3e-82a3-16a7104ace86,23cbf71a-1942-4b24-afd5-4e6a20f5211f,BEV-001,2,600,2026-02-21T03:12:46,,False
410aaa4d-fcee-4cc7-b385-acabde4e4a59,23cbf71a-1942-4b24-afd5-4e6a20f5211f,BEV-003,1,600,2026-02-21T03:22:46,,False
000278cd-8eaf-4193-afa1-4460de59dd8b,47fab705-b7ff-4df5-aca6-d173b52eb30f,JAF-004,1,1400,2026-06-11T07:56:50,,False
47be7b79-fa42-49be-a3e1-7e23d859f7fd,47fab705-b7ff-4df5-aca6-d173b52eb30f,BEV-005,1,400,2026-06-11T08:13:50,,False
72f8b1e9-023a-4a01-a8cc-2eeefdce010d,47fab705-b7ff-4df5-aca6-d173b52eb30f,BEV-004,1,700,2026-06-11T08:19:50,,False
5f85fa15-fa15-4459-835b-04881d529fac,47fab705-b7ff-4df5-aca6-d173b52eb30f,BEV-004,1,700,2026-06-11T08:24:50,,True
5587163c-79d6-4e7d-9413-25023d76e8ab,09551162-725f-4514-a8fa-945554fd4b96,BEV-001,2,600,2026-04-04T17:05:40,,False
07710c9e-7f9a-4da4-947c-0b91a99156e6,80d90584-687a-4267-aea3-efa29fc6da6e,JAF-001,1,1100,2026-06-30T12:30:03,,False
37e9cfd3-b80f-4942-9424-76de91d81bd3,80d90584-687a-4267-aea3-efa29fc6da6e,JAF-004,1,1400,2026-06-30T12:33:03,,False
df1aedc2-6736-4a39-868a-5fd6f211517b,80d90584-687a-4267-aea3-efa29fc6da6e,JAF-001,2,1100,2026-06-30T12:37:03,,False
a49cd0e1-88ad-45f6-b2aa-827c21f82e84,80d90584-687a-4267-aea3-efa29fc6da6e,BEV-005,1,400,2026-06-30T12:41:03,,False
08baf53c-348c-4d66-a4f4-e9a816edfbd8,c5f5f8fa-742b-4b29-9031-e84ab230122b,JAF-001,2,1100,2026-07-11T22:30:14,,False
e27f4567-4e5b-43cd-b768-2d36fc437697,736e435c-a9d0-4519-8bb0-8c510579a611,JAF-003,1,1200,2026-06-15T14:20:31,,False
831f9d6b-77a4-4d7d-89f1-b6ec9cb02220,713c48eb-18a3-4e8c-8ad1-5a3aac1c73a2,BEV-002,1,500,2026-04-02T20:15:20,,False
5e804e8e-5a52-4c20-a18f-12575a449622,d9d4995b-527c-4059-b8fe-5404cf1e9f9a,BEV-005,1,400,2026-06-21T03:00:08,,False
65603afe-b0ae-4284-bfca-474b34a7a23e,d9d4995b-527c-4059-b8fe-5404cf1e9f9a,BEV-001,1,600,2026-06-21T03:04:08,,False
64cf8c70-9a7b-4002-9cc7-7b3cb1f49584,0c2d1a7d-3efa-4b9c-8f68-e6deb1295b5e,BEV-005,1,400,2026-06-18T18:38:00,,False
4dad9480-cf92-46a1-8915-c03568def503,0c2d1a7d-3efa-4b9c-8f68-e6deb1295b5e,JAF-002,1,1100,2026-06-18T18:40:00,,False
d2c0dcc0-5226-42e2-a896-9a18655fb7b9,ca718494-32db-4292-b00e-aebf7d9e0d2d,BEV-003,2,600,2026-02-21T23:09:41,,False
ffdefb89-b148-4814-99e2-5229758bee7e,ca718494-32db-4292-b00e-aebf7d9e0d2d,JAF-005,2,1200,2026-02-21T23:14:41,,False
df5a19d0-3e0f-4cf3-9ba2-ebf3bb569529,ca718494-32db-4292-b00e-aebf7d9e0d2d,BEV-004,1,700,2026-02-21T23:29:41,,False
8427f34d-9e91-457c-be87-6221071ee75c,ca718494-32db-4292-b00e-aebf7d9e0d2d,BEV-001,1,600,2026-02-21T23:39:41,,False
68f7e281-96c1-41f5-bce7-fdc31f2b967c,d82fa49d-a2d6-4cdc-b01a-b22b12f39e24,JAF-002,2,1100,2026-07-15T10:40:20,,False
bbb3925d-c546-47c9-9b07-5da05b97992f,d82fa49d-a2d6-4cdc-b01a-b22b12f39e24,BEV-004,1,700,2026-07-15T10:48:20,,False
0abeabd3-59f7-4e66-9d03-867fd1115744,d82fa49d-a2d6-4cdc-b01a-b22b12f39e24,JAF-004,0,1400,2026-07-15T11:03:20,,False
769ffcc7-ef14-4ab5-bf4f-b08362ea2590,d82fa49d-a2d6-4cdc-b01a-b22b12f39e24,JAF-002,1,1100,2026-07-15T11:12:20,,False
2d2bafbe-5a63-44d2-acc0-cc106c0a017c,fb2d5fb7-eeba-4a8b-b745-0094f3678d35,JAF-004,1,1400,2026-04-02T19:25:45,,False
5af0a583-b270-4ff7-931b-87b94b2a7684,fb2d5fb7-eeba-4a8b-b745-0094f3678d35,JAF-001,3,1100,2026-04-02T19:31:45,,False
39d66431-c42b-4a28-bff8-32caf3c18065,fb2d5fb7-eeba-4a8b-b745-0094f3678d35,JAF-003,3,1200,2026-04-02T19:39:45,,False
7df65652-fb70-4ecf-a825-0b29d19c672a,fb2d5fb7-eeba-4a8b-b745-0094f3678d35,JAF-999-DELISTED,1,1400,2026-04-02T19:51:45,,False
758c7177-2dd0-4ca9-b099-f4503be96772,bf16b9b2-a662-4f94-ba17-5d228775399e,JAF-004,1,1400,2026-02-28T10:43:17,,True
56aa68bc-8c72-40b4-948e-f0ef2f34a806,bf16b9b2-a662-4f94-ba17-5d228775399e,JAF-001,1,1100,2026-02-28T11:01:17,,False
08a54e8e-15be-4614-843a-377fc8a3601c,0caae719-2350-4a6e-85da-f65822ee9b8c,BEV-003,1,600,2026-03-21T05:28:10,,False
39b32ced-3f29-4249-902f-ef367f592338,0caae719-2350-4a6e-85da-f65822ee9b8c,BEV-001,-1,600,2026-03-21T05:47:10,,False
7ca69b49-5441-453b-ad74-83e8a8a3638f,0f06635f-1fa6-4bd0-bbfb-df03ecd79900,BEV-004,1,700,2026-06-02T09:51:42,,False
700323af-837b-4b36-9d5e-029dd7cc974a,0f06635f-1fa6-4bd0-bbfb-df03ecd79900,BEV-002,1,500,2026-06-02T10:00:42,,False
9d0a2293-282e-4886-9de6-2fb433356c03,e9dd02b3-6e0d-4f9e-9495-31477c44301e,JAF-004,1,1400,2026-03-19T02:41:25,2026-03-19T02:44:25,False
d4925365-929b-4614-8ea7-b7a6b5a45e4b,e9dd02b3-6e0d-4f9e-9495-31477c44301e,BEV-003,1,600,2026-03-19T02:47:25,,False
60d8be5f-e707-40d9-80c7-511918d8fdde,340c0d97-1922-4efd-9210-3c0023e75c82,BEV-002,2,500,2026-04-06T04:34:46,,False
029a7a89-0d82-4070-93c5-a26dfc5c31a0,be1a4265-2c78-45a6-97bd-c3db8364985e,BEV-005,1,400,2026-03-28T17:59:30,,False
7d4fe45c-9dea-4419-99c6-cd7f3d65ea39,be1a4265-2c78-45a6-97bd-c3db8364985e,BEV-004,1,700,2026-03-28T18:02:30,,False
603d42d5-5403-4218-be1e-2ed5a921c37f,be1a4265-2c78-45a6-97bd-c3db8364985e,JAF-999-DELISTED,1,400,2026-03-28T18:17:30,,False
383b1b9b-762a-4949-86da-95ccf2f13669,78cd53e1-6e52-4408-a950-1ab755563ed8,BEV-005,1,400,2026-08-14T19:12:01,,False
c3f501b1-c91e-428a-a554-032687af0f25,78cd53e1-6e52-4408-a950-1ab755563ed8,JAF-003,-1,1200,2026-08-14T19:30:01,,False
8b75596e-3675-455a-a83e-78174d2ca734,78cd53e1-6e52-4408-a950-1ab755563ed8,BEV-004,2,700,2026-08-14T19:46:01,,False
9fc39ab8-c120-481d-ba37-17ecbe90ee36,11f56f3c-c87c-4bef-8b53-ac2f77dd4244,JAF-005,1,1200,2026-08-14T20:55:16,,False
2b7e9506-e287-49ca-9b5f-2a4a02921048,11f56f3c-c87c-4bef-8b53-ac2f77dd4244,BEV-002,1,500,2026-08-14T21:01:16,,False
05607e6c-5a2f-4748-af87-cab4c1377835,bbb873db-935b-43e2-9efc-57a7a79eec04,JAF-003,1,1200,2026-03-19T11:01:28,,False
d4a1a4c3-b5f1-4996-88c8-ef7afd7140d2,bbb873db-935b-43e2-9efc-57a7a79eec04,JAF-005,1,1200,2026-03-19T11:14:28,,False
3198e6e7-8531-4c5b-aa9f-d0ae1d4436fc,bbb873db-935b-43e2-9efc-57a7a79eec04,BEV-004,1,700,2026-03-19T11:20:28,,False
970c692f-6949-4471-b694-826d162985b1,9e9d689b-39f8-41ee-a49f-ba2101408e26,BEV-002,2,500,2026-06-17T17:43:31,,False
3be37017-8b93-4596-aa3f-d3537f171c62,9e9d689b-39f8-41ee-a49f-ba2101408e26,BEV-003,2,600,2026-06-17T17:55:31,,False
5f74f24c-f0c1-4126-b8cf-c2c36da1f8dd,2337e9cc-87e6-4258-962f-dfaff0eaecf7,JAF-002,1,1100,2026-02-27T14:00:32,,False
f5338920-3d7c-4f0d-9442-d237b2bafa8f,2337e9cc-87e6-4258-962f-dfaff0eaecf7,BEV-001,1,600,2026-02-27T14:09:32,,False
c5288f26-986a-4c48-bc84-ea145129fa85,2337e9cc-87e6-4258-962f-dfaff0eaecf7,JAF-002,1,1100,2026-02-27T14:11:32,,False
99cbe4e7-0466-4574-bafc-2922de4771bd,5850dc33-b920-48a7-b1ae-2027c33907bd,BEV-001,1,600,2026-05-31T07:37:15,,False
759c7cf8-e6d9-4d95-9c42-574daf75e6a3,5850dc33-b920-48a7-b1ae-2027c33907bd,BEV-002,1,500,2026-05-31T07:56:15,,False
834eb51c-5961-43a6-9e3d-57d498904f25,5850dc33-b920-48a7-b1ae-2027c33907bd,BEV-003,2,600,2026-05-31T08:10:15,2026-05-31T08:25:15,False
666adbe1-5138-4a21-b5ac-55505c8f9c26,60e2d3bb-b3ea-4dd5-954a-cef5c3fa4b52,JAF-002,1,1100,2026-05-15T07:47:18,,False
48e0e0dc-7f0e-429b-98ce-d3ce6248d52d,60e2d3bb-b3ea-4dd5-954a-cef5c3fa4b52,JAF-002,2,1100,2026-05-15T08:05:18,,False
d91e97f0-ced1-4fa6-868f-ac94666068ec,711a4722-29a1-473f-a5bb-293be519b84c,BEV-001,1,600,2026-06-29T11:02:48,,False
8ec12c4f-25b2-46ad-a676-6d2d721b595c,711a4722-29a1-473f-a5bb-293be519b84c,JAF-003,1,1200,2026-06-29T11:22:48,,False
1505c527-89a9-41a7-b336-ba8a68924217,0dd467aa-b1fd-4741-a490-9f162f356cf1,BEV-002,1,500,2026-04-22T16:20:59,,False
2960ba1d-fe50-489b-bd08-134cba575e3e,301c3680-d127-4191-bbe4-406841232167,BEV-001,1,600,2026-04-30T14:34:01,,False
31504583-f6ab-4c27-a89c-1a058815ad52,301c3680-d127-4191-bbe4-406841232167,JAF-003,2,1200,2026-04-30T14:38:01,,False
43a0cf6f-c84b-4d26-97a4-8e99821f218e,6b948800-7ed2-4b09-b487-da3725b32bd5,JAF-004,1,1400,2026-08-02T23:49:21,,False
620ad57f-7b48-417a-a226-9d27b086a0de,6b948800-7ed2-4b09-b487-da3725b32bd5,BEV-002,2,500,2026-08-02T23:51:21,,False
68e36ff7-7a58-47f9-994e-76b45beead98,d6658bd4-9b52-4c1a-8cc5-622d20d15c33,JAF-002,3,1100,2026-03-24T19:39:49,,False
6c85eb59-8708-45ef-82bc-d069e6cb80c7,c50c2464-d233-4149-b1d1-a2505993bf43,JAF-002,1,1100,2026-02-17T06:25:28,,False
cf3d7991-b29c-47ef-b18a-3ab6cfcd9d57,c50c2464-d233-4149-b1d1-a2505993bf43,BEV-003,1,600,2026-02-17T06:26:28,,False
f59a83ec-bfef-4e12-ab3b-b1e0999545a3,c50c2464-d233-4149-b1d1-a2505993bf43,JAF-999-DELISTED,1,1100,2026-02-17T06:32:28,,False
edf21ff1-4517-4eab-b94b-d72becc79f3b,1b6044df-3e74-434d-9595-67eb73a0123d,BEV-002,1,500,2026-04-03T00:32:38,2026-04-03T00:38:38,False
abb91562-b466-444f-854d-5615170e10e9,1b6044df-3e74-434d-9595-67eb73a0123d,JAF-003,1,1200,2026-04-03T00:36:38,,False
2c04c60c-0513-437b-a711-94a5e77f05f5,cb41a6ef-21f2-4a98-9b1b-1146daf3cd48,BEV-004,3,700,2026-05-09T23:26:01,,False
a43164ec-7dc4-46eb-8461-04c0d927acd9,cb41a6ef-21f2-4a98-9b1b-1146daf3cd48,BEV-001,1,600,2026-05-09T23:36:01,,False
d64a698a-a16b-4b92-9919-7ec95f3eab0a,cb41a6ef-21f2-4a98-9b1b-1146daf3cd48,JAF-002,3,1100,2026-05-09T23:42:01,,False
50dba4a5-f135-420a-8ea6-609205e7a1e1,cb41a6ef-21f2-4a98-9b1b-1146daf3cd48,JAF-004,1,1400,2026-05-09T23:46:01,,False
f0f2612a-98af-4d6c-9fc2-883a8783607f,cea2d9dc-c860-4bf8-9db5-a95d79c167b4,BEV-003,1,600,2026-05-07T00:26:31,,False
4f9bfede-0544-4d5b-ad32-e551ddbc6b32,cea2d9dc-c860-4bf8-9db5-a95d79c167b4,BEV-003,1,600,2026-05-07T00:31:31,,False
91cebfe2-d7c0-4a2f-b67e-7ed72b5c35f5,cea2d9dc-c860-4bf8-9db5-a95d79c167b4,BEV-002,1,500,2026-05-07T00:47:31,,False
e9804a27-26f9-4844-8ce9-858d4dee8781,cea2d9dc-c860-4bf8-9db5-a95d79c167b4,JAF-005,2,1200,2026-05-07T01:04:31,2026-05-07T01:08:31,False
1e0c7c89-eef2-4d57-8995-55c1836aba08,47a4e861-a113-4e88-bce7-9988be166746,JAF-002,1,1100,2026-04-29T11:31:27,,False
32bde8bf-117d-4c67-b078-2a904fa9c39c,47a4e861-a113-4e88-bce7-9988be166746,BEV-005,2,400,2026-04-29T11:36:27,,False
8712a501-a841-4457-a116-c7a5e723f59b,c52c7581-5881-4de9-bbd5-cf3d283daf60,JAF-003,1,1200,2026-08-08T21:41:09,,False
692d182c-547e-4156-bf58-9f5abf8739ad,c52c7581-5881-4de9-bbd5-cf3d283daf60,BEV-002,1,500,2026-08-08T22:00:09,,False
a2656f37-6017-4d8f-8cdf-471bfe584225,516a9d2a-c311-403b-a1b4-6cc5af753afe,BEV-001,1,600,2026-06-13T09:50:54,,False
46869550-eee7-4d22-898f-00224c446012,b0a38efa-e5c8-4d31-8aff-2307e9774627,BEV-004,1,700,2026-06-03T16:04:19,,False
2e2afe0a-5699-43c3-9131-1910f05b9ce6,b0a38efa-e5c8-4d31-8aff-2307e9774627,JAF-002,1,1100,2026-06-03T16:09:19,,False
8983657a-ca0d-4f7b-880e-494b6d91041c,b0a38efa-e5c8-4d31-8aff-2307e9774627,BEV-004,2,700,2026-06-03T16:11:19,,False
5aff8872-522a-4246-a2da-ab0102adea5f,179a5732-49cb-4490-8ca9-ba7dc4a1972a,JAF-002,1,1100,2026-02-17T21:19:39,,True
468303ad-7354-4312-86b8-f48b951e7237,179a5732-49cb-4490-8ca9-ba7dc4a1972a,BEV-001,1,600,2026-02-17T21:35:39,,False
df067d7d-91a7-4688-8b40-fedc2ec05409,179a5732-49cb-4490-8ca9-ba7dc4a1972a,JAF-004,1,1400,2026-02-17T21:42:39,,False
9d94b728-df4c-4605-ae18-5fa10372f137,179a5732-49cb-4490-8ca9-ba7dc4a1972a,JAF-003,1,1200,2026-02-17T21:58:39,,False
648a096d-f22b-4e04-8096-d4faf2c907bb,e31a7d35-76be-4a49-a964-923efd8323b8,BEV-002,1,500,2026-02-27T12:23:40,2026-02-27T12:24:40,False
54870682-f0c3-4efd-88b2-2c710ff53c37,e31a7d35-76be-4a49-a964-923efd8323b8,BEV-001,1,600,2026-02-27T12:29:40,,False
9edf9710-8441-473c-afa2-3793ed61bdd1,42c8d22a-9db6-45de-96ee-11219318b998,JAF-001,1,1100,2026-06-05T20:31:29,,True
43136fc0-761a-4c7c-921e-7a0bc595ddc1,07562428-ff45-484b-97d0-0eadfd4bba8a,JAF-001,2,1100,2026-07-02T13:18:22,,False
279e627a-3ca2-422b-ae2b-80eda5bca83e,d4d86af7-a567-400d-b72c-dcbe395c9099,JAF-002,2,1100,2026-06-28T21:24:07,,True
fc07da74-efa3-46a9-9bbe-c24bfea62051,d4d86af7-a567-400d-b72c-dcbe395c9099,JAF-001,2,1100,2026-06-28T21:28:07,,False
f0623052-3f64-469a-9c11-ba27dcf068d7,d4d86af7-a567-400d-b72c-dcbe395c9099,BEV-005,1,400,2026-06-28T21:38:07,,False
d9e61839-1de2-4001-b485-5566245b5f0b,d4d86af7-a567-400d-b72c-dcbe395c9099,BEV-005,1,400,2026-06-28T21:49:07,2026-06-28T22:10:07,False
fcd67444-2d60-4e8f-a875-e757b61786d4,43ff8e47-5bf2-44ca-931c-0bfc1831e044,BEV-005,1,400,2026-08-10T22:46:03,,False
b17e1830-620d-43d3-affb-7e9dd093f0b0,43ff8e47-5bf2-44ca-931c-0bfc1831e044,JAF-005,2,1200,2026-08-10T22:52:03,,False
c17efe68-333c-4e9e-99e1-1f86e83dd482,1ecf9db3-dd17-4089-98fe-a99ee84a58b1,JAF-005,1,1200,2026-03-01T22:11:23,,False
e40bedad-7649-4bbc-a4cd-5750dce1c42c,6b25be54-97a2-4de1-9597-181a3cb27e0d,BEV-005,1,400,2026-05-07T20:51:30,,False
231ae738-f7dd-41d6-ad3c-608e80b9d40c,12cc35be-22e9-4c0e-9965-a1e25b0342ba,BEV-001,1,600,2026-06-08T04:50:15,,False
92cc19e6-cc07-4498-98a5-54a8ad5d240b,4217987f-ce13-404c-bfb2-85c738d241d2,JAF-001,1,1100,2026-07-11T21:59:01,,False
25a8fd72-78a3-45d0-9ca8-ed78550495c2,4217987f-ce13-404c-bfb2-85c738d241d2,JAF-004,1,1400,2026-07-11T22:14:01,,False
d9226f61-dfcb-4d5c-b2ee-77944fa7a0c3,cb884fb0-8c35-449a-9603-8c515e72bf21,BEV-003,2,600,2026-08-06T09:19:46,,False
1a7711fd-0210-4f92-86b2-2ecf663434be,cb884fb0-8c35-449a-9603-8c515e72bf21,BEV-001,1,600,2026-08-06T09:26:46,,False
ec410784-247a-4e52-9d56-1ed24334dc1a,cb884fb0-8c35-449a-9603-8c515e72bf21,BEV-003,1,600,2026-08-06T09:33:46,,False
ae31193d-3ca2-4d83-aa81-eb8737bb2dd4,6de52dae-6d28-4dc2-b2d0-65b5063d4c1e,JAF-001,3,1100,2026-04-15T20:17:48,,False
9dafbfaa-547e-4ed9-adc6-592a47b02b23,6de52dae-6d28-4dc2-b2d0-65b5063d4c1e,JAF-002,1,1100,2026-04-15T20:25:48,,False
fc49b46e-8076-4830-b9cd-c5af801bde2b,6de52dae-6d28-4dc2-b2d0-65b5063d4c1e,BEV-001,2,600,2026-04-15T20:40:48,,False
59b725e4-3903-4e4f-901c-1931a84dcee7,6de52dae-6d28-4dc2-b2d0-65b5063d4c1e,BEV-001,1,600,2026-04-15T20:47:48,,False
be7d39d7-859f-4018-8965-0e201ac9f5b7,86a3980d-9942-4e07-93e7-2ecc924dadcc,JAF-004,2,1400,2026-07-26T21:39:31,,False
bd1a52fd-2b50-495a-9676-efe4bc3c97ec,86a3980d-9942-4e07-93e7-2ecc924dadcc,BEV-004,1,700,2026-07-26T21:59:31,,False
d5805a74-7fa7-4426-abfd-f1f5cb92d958,86a3980d-9942-4e07-93e7-2ecc924dadcc,JAF-003,1,1200,2026-07-26T22:08:31,,False
d40b6882-a697-47da-bf51-de55809dc11a,f0f5ca1a-d918-4db8-9fa9-fc89932410d8,JAF-003,1,1200,2026-07-16T17:44:15,,False
2d6031e8-e6c4-4ea6-90e2-13ac5446a600,f0f5ca1a-d918-4db8-9fa9-fc89932410d8,JAF-002,1,1100,2026-07-16T17:46:15,,False
52033dca-fe97-4011-8ece-4483f50f2696,f0f5ca1a-d918-4db8-9fa9-fc89932410d8,JAF-003,1,1200,2026-07-16T18:06:15,,False
1ca3e74b-ca5d-4e99-b9a7-e1478efc7f3b,f0f5ca1a-d918-4db8-9fa9-fc89932410d8,BEV-005,1,400,2026-07-16T18:08:15,,False
53095104-25fd-4b2c-b4ee-885058b84c82,a852f1d2-3e4c-4472-b3b3-28df1aa9c139,BEV-004,1,700,2026-08-13T00:10:18,,False
92c2c455-3565-406a-83ec-75de2cd58144,d1f32add-a25c-4767-b6c6-610354e4f070,JAF-004,1,1400,2026-06-22T10:47:36,,False
a5d48ac8-1a86-4a8d-9b33-9bb9f7c43929,d1f32add-a25c-4767-b6c6-610354e4f070,JAF-002,1,1100,2026-06-22T10:58:36,,False
ee44f2df-6f6f-4c89-94e0-838a6358194b,c0065b91-7dc5-4abc-9a8c-df5bb76fd48c,BEV-003,2,600,2026-03-15T14:32:53,,False
f0a590ad-7d79-433e-b472-6bc747d8f5f8,c0065b91-7dc5-4abc-9a8c-df5bb76fd48c,JAF-001,3,1100,2026-03-15T14:43:53,,False
bdff6f9b-1cb9-474d-b56e-071f92995407,c0065b91-7dc5-4abc-9a8c-df5bb76fd48c,JAF-003,1,1200,2026-03-15T14:49:53,,False
39eb3daf-9792-493d-b674-9066c64cae19,da5da933-92d4-4943-ab16-6e5b60f6e57d,JAF-005,1,1200,2026-07-10T15:09:50,,False
5fae4713-f119-4d2b-aba6-cc1b1c4b4be8,da5da933-92d4-4943-ab16-6e5b60f6e57d,BEV-005,2,400,2026-07-10T15:11:50,,False
e0d9568f-60ae-49c8-92c2-8fb6784090da,da5da933-92d4-4943-ab16-6e5b60f6e57d,BEV-001,1,600,2026-07-10T15:14:50,,False
642db20a-ad3b-4371-885b-847df377833e,b98116e7-79b9-4474-a1b5-175be12209ed,BEV-004,1,700,2026-04-08T23:40:27,,False
50042f7d-ce09-49c2-85e8-b4ff2c859263,747ee012-b22c-4ddb-976f-0518d5fb752e,BEV-003,1,600,2026-06-09T22:13:26,,False
2965a870-4630-4e70-983d-4b917df68d65,e52e001c-f053-4527-bdaf-af81facdba73,BEV-002,1,500,2026-03-19T23:09:24,,False
2cecd53f-f54b-47b0-b651-adf926600278,e52e001c-f053-4527-bdaf-af81facdba73,JAF-003,1,1200,2026-03-19T23:28:24,,False
7b2b39d7-a69d-47db-9595-9d57a84f2ec7,8657c824-c677-4d14-8854-ea791dcc5b00,JAF-003,2,1200,2026-03-31T16:14:37,,False
f2ae30c2-e9a4-4ab0-bfe2-3f7a0602d49d,8657c824-c677-4d14-8854-ea791dcc5b00,JAF-003,1,1200,2026-03-31T16:23:37,,False
9a779700-1bae-4f39-9b60-219c3c23b65c,32c74e72-a251-48e7-bd54-66deac2f648b,JAF-004,1,1400,2026-03-03T04:54:47,2026-03-03T04:58:47,False
259c83e0-7bfc-4147-9ca3-e4ff42b90af0,32c74e72-a251-48e7-bd54-66deac2f648b,JAF-002,1,1100,2026-03-03T05:07:47,,False
ab93b8b7-33ba-4146-bf5b-10120eb30526,32c74e72-a251-48e7-bd54-66deac2f648b,BEV-004,-1,700,2026-03-03T05:09:47,,False
13a64b21-1b2c-48ce-af18-ce9e07680486,32c74e72-a251-48e7-bd54-66deac2f648b,BEV-002,1,500,2026-03-03T05:11:47,,False
1cf54289-c3d1-4611-ade9-0b72fde40aeb,10885579-45e1-474b-8e9b-a3d64b530f74,JAF-002,2,1100,2026-07-25T03:03:55,,False
39af5693-7c7f-4a3b-9d38-511321a4c8a4,00eaeb52-3da7-4d4e-8411-7303be135714,BEV-004,2,700,2026-03-14T12:37:06,,False
7aaaa050-3674-4ba9-bdfa-c5509ab82988,0b626e1d-8dc7-4d61-8c86-4a20fc0ba1b1,JAF-005,2,1200,2026-03-21T08:40:55,,False
39cbe8fb-985b-4fcf-b0b8-852e581e941e,dee83f3f-f14d-4564-a51e-b278452d31bd,BEV-001,1,600,2026-04-21T06:47:40,,False
496879d2-dc5d-4df8-a702-14c240ecdc59,b4b8b043-d60b-4df4-b0ac-3dcdea1a16e7,JAF-004,2,1400,2026-05-05T17:07:01,,False
8657ba08-6e91-4d87-864a-a72fa88f582a,75f8fb80-0b5b-4651-8026-e08593abe28a,BEV-004,3,700,2026-02-19T18:09:01,,False
7c9eb00e-54d6-481f-9e57-2cd013f2d8e9,75f8fb80-0b5b-4651-8026-e08593abe28a,BEV-005,1,400,2026-02-19T18:10:01,,False
7f8d6787-0d57-4d8a-8ee5-e7c9d8267f3f,75f8fb80-0b5b-4651-8026-e08593abe28a,JAF-005,1,1200,2026-02-19T18:21:01,,False
683143d2-a37f-4fb1-a664-783182525fa0,f6ccce5b-2265-423a-b48d-70a52c5688d7,BEV-003,2,600,2026-05-19T03:41:27,,False
a55c1787-3e58-4797-b711-213d3c3be7a7,f6ccce5b-2265-423a-b48d-70a52c5688d7,JAF-003,1,1200,2026-05-19T03:49:27,,False
c28d7513-3b60-4fb9-b681-f51c98163c1b,f6ccce5b-2265-423a-b48d-70a52c5688d7,BEV-004,1,700,2026-05-19T03:59:27,2026-05-19T04:28:27,False
201dc0c5-c6ae-45db-b69a-06bdde6665dd,b0e9b4bb-8f48-4e23-9e9b-50125d6fcf91,BEV-004,2,700,2026-03-28T16:42:37,,False
e5912467-4ac3-41dc-a945-0e24b7d45d1e,4d325376-a16e-46ee-bc95-7f19ed6e62b8,BEV-001,1,600,2026-06-08T22:28:22,,False
ae934e7b-bc70-464a-9473-7986b14b681d,9eda17e6-b958-4103-9e87-21b5a0db9014,JAF-001,1,1100,2026-06-12T10:53:00,,False
73776a56-f10f-4a84-9dcc-a0a026c36f34,cf287b8e-9489-4d14-90d7-49c384e7cb06,JAF-004,2,1400,2026-05-11T04:54:58,2026-05-11T05:05:58,False
dfd9b53b-fc3e-462f-9a14-8fe3a361bef2,7370581d-6175-46cd-b375-c2eb8a06c4c8,BEV-001,1,600,2026-08-02T06:55:04,,False
25aa4b65-83ad-457a-b960-70fda5836006,f4608a63-eff3-48f4-b397-2ca7ce5cd25e,JAF-003,1,1200,2026-04-07T21:23:05,,False
bd350833-95ac-4f17-bee5-683d6490174f,f4608a63-eff3-48f4-b397-2ca7ce5cd25e,JAF-005,1,1200,2026-04-07T21:29:05,2026-04-07T21:34:05,False
960d81e9-9dfd-4d35-9536-49b9e31e2bf8,f4608a63-eff3-48f4-b397-2ca7ce5cd25e,BEV-005,3,400,2026-04-07T21:40:05,,False
6fc7b194-974c-4a4a-b45e-f31d21bbdb7f,bc7e5b83-925c-4738-854d-40f2882b7504,BEV-002,1,500,2026-02-25T11:46:49,,False
c19364c9-b088-48dd-a9e2-b1f7d68c48d1,bc7e5b83-925c-4738-854d-40f2882b7504,JAF-005,1,1200,2026-02-25T11:56:49,,False
93fded79-e706-496d-8373-183c1fc2107d,4c11fee6-7a9a-4b5b-9155-ee715ebdbf25,BEV-005,1,400,2026-08-04T10:44:17,,True
bcfd70f0-ce23-41bd-a78d-790880dbb95a,bcd826a9-3c83-4751-ab36-26d3defd3d8f,BEV-004,1,700,2026-08-09T05:39:16,,False
0d768c75-5737-4c99-ad6d-fff7c1b3079f,bcd826a9-3c83-4751-ab36-26d3defd3d8f,JAF-003,1,1200,2026-08-09T05:51:16,,False
00b918c6-8f3d-490f-b042-174cbc19eab9,bcd826a9-3c83-4751-ab36-26d3defd3d8f,JAF-005,3,1200,2026-08-09T06:05:16,,False
2f432fd0-56b6-4720-9f64-df8f44782811,bcd826a9-3c83-4751-ab36-26d3defd3d8f,BEV-001,1,600,2026-08-09T06:10:16,,False
6083ec7c-c90e-4396-a602-5afd4e8fac7b,72111830-2b77-409d-b959-2d15115412f9,BEV-003,1,600,2026-03-17T11:39:17,,False
d31a733b-4bd4-4c2c-be6c-e954d758237f,38b0f4fc-821f-4606-896a-2237fd1d28e6,JAF-001,1,1100,2026-03-27T23:16:20,,False
bae8464f-d75b-4443-b9af-491716d19995,38b0f4fc-821f-4606-896a-2237fd1d28e6,BEV-001,1,600,2026-03-27T23:29:20,,False
a86d1b9a-866f-4397-9131-0c79baf1b379,8b2d7ec4-73db-4529-97e8-92b93635d5c6,BEV-004,1,700,2026-06-26T10:37:01,,False
e3b9e43b-9c21-4a94-a8b4-86decd80a652,8b2d7ec4-73db-4529-97e8-92b93635d5c6,JAF-001,2,1100,2026-06-26T10:43:01,,False
506e3cd4-219c-4e09-8390-43eaadd4f6b8,788a0a86-9277-4ee9-84c4-200119d6c610,JAF-005,3,1200,2026-04-21T01:12:57,2026-04-21T01:17:57,False
2b39ee88-1638-4461-90ec-5c2551416f94,0acc66fc-509b-4614-8f96-14bad84b4521,JAF-005,1,1200,2026-06-15T16:29:40,,False
06a954f4-7d40-4160-95b8-0b07dd4cfd29,c9637a58-69cf-405e-936d-f0fc98d1a2f6,BEV-005,2,400,2026-07-28T20:32:24,,False
ca768eba-5fee-41b0-839f-abf327585352,c9637a58-69cf-405e-936d-f0fc98d1a2f6,BEV-002,2,500,2026-07-28T20:37:24,,False
240bac02-db32-43b0-bf0e-de07058225fb,4ead2d28-42cc-45bc-bf33-18bb172e9c5f,JAF-002,1,1100,2026-05-23T14:25:34,,False
805d6ccd-0886-432d-bf7b-2f81dd4f9567,4ead2d28-42cc-45bc-bf33-18bb172e9c5f,JAF-002,1,1100,2026-05-23T14:36:34,,False
315f5449-ccb0-4f0c-9749-d50b02cbb101,4ead2d28-42cc-45bc-bf33-18bb172e9c5f,JAF-003,1,1200,2026-05-23T14:38:34,,False
5d60ab26-ad99-4834-9e69-7db5214f3e73,4ead2d28-42cc-45bc-bf33-18bb172e9c5f,JAF-001,1,1100,2026-05-23T14:39:34,,False
430a642d-a6a0-486c-bc61-ce4c57f474c4,53aa1e59-c941-4e27-9b4e-9b5621be347f,BEV-003,1,600,2026-07-15T04:11:11,,False
c8879ae0-c2ce-4354-8f52-412e5981dc3e,53aa1e59-c941-4e27-9b4e-9b5621be347f,BEV-002,3,500,2026-07-15T04:29:11,,False
57f21f76-b820-4f51-bd9d-341250f8092f,53aa1e59-c941-4e27-9b4e-9b5621be347f,JAF-002,2,1100,2026-07-15T04:41:11,,False
69fe5282-d55c-46e3-987c-1b7f3f073a5f,8c0687c5-fd6f-40a8-a230-0196c33efbaf,BEV-002,1,500,2026-06-04T07:44:22,,False
401a016b-0f94-45b8-b040-ff3e1bacf0ce,b975c422-8af6-4026-ba18-9df8e37b0776,BEV-005,1,400,2026-02-23T14:29:01,,False
cfb52d1f-6599-4ddf-9969-a938e0535278,b975c422-8af6-4026-ba18-9df8e37b0776,BEV-004,1,700,2026-02-23T14:48:01,,False
c050dc00-baec-4c6c-b062-58c2e5cbfabd,b975c422-8af6-4026-ba18-9df8e37b0776,BEV-002,1,500,2026-02-23T15:00:01,,False
91992ba8-1599-4d6a-adf2-641768651cfb,379eecb9-0556-4d38-b84c-2a58c6f1d48b,BEV-002,1,500,2026-08-09T03:35:17,,False
bc707544-e826-4d94-8fa8-cc98f5ee2281,379eecb9-0556-4d38-b84c-2a58c6f1d48b,JAF-005,1,1200,2026-08-09T03:52:17,,False
e916757a-1cd3-462f-be5b-74476a93ab3b,7ff64959-eb57-4d8f-b790-f1882828c5d5,BEV-001,3,600,2026-02-27T05:18:45,,False
df8da4f7-ef40-467f-a764-b469573025b8,5811e8d9-93e2-4df8-bc4b-a8e833aae70a,BEV-005,2,400,2026-02-25T11:51:24,,False
f5be2a22-32a7-4536-86cb-f4ec78982a53,de56e807-3962-4f10-91fc-87de983eb6e7,JAF-005,1,1200,2026-03-19T14:31:13,,False
4beb628f-3ed3-4147-b20c-bd0dc561afea,e1779ebe-590e-4b96-b9fd-06ebab7ac6be,BEV-005,3,400,2026-04-19T22:45:33,,False
89c82fb2-1453-4e0a-9d6f-c5376c685bd4,e1779ebe-590e-4b96-b9fd-06ebab7ac6be,JAF-004,1,1400,2026-04-19T22:50:33,,False
92036731-c451-4c3b-ab26-d27c576fa01c,388708a4-742d-4be9-a5d9-3efd46002711,JAF-005,2,1200,2026-03-29T10:45:09,,False
6094e096-6cd8-4b4f-b0f3-403e03e569d9,00b31fea-bae4-4e03-afd8-94bc9328457b,BEV-004,2,700,2026-08-07T06:04:44,,False
57745ffa-b068-4970-96fe-3b0e2eec46f4,00b31fea-bae4-4e03-afd8-94bc9328457b,JAF-004,1,1400,2026-08-07T06:08:44,,False
857e7cf9-73c4-4f74-a43b-4e3770b0ba9a,00b31fea-bae4-4e03-afd8-94bc9328457b,BEV-003,1,600,2026-08-07T06:14:44,,False
8def1926-0b3b-4cf5-9fa5-35f39d8dd028,00b31fea-bae4-4e03-afd8-94bc9328457b,JAF-002,1,1100,2026-08-07T06:31:44,,False
82040551-4fff-4401-a086-ec323dc599a3,883c22a4-d459-4de6-bc73-7902e3b1baa9,BEV-003,1,600,2026-04-13T17:06:10,,False
24736b0b-7dc3-4ac1-a463-bc06c6e5253a,8ea30f18-893f-4749-a69b-acdc625d8339,JAF-001,3,1100,2026-06-13T07:12:47,,False
2d377392-08d9-43b6-bd0c-ba3332382014,c8a558e3-893c-4f4a-9997-6df265ff4f26,JAF-001,1,1100,2026-05-31T14:46:31,2026-05-31T14:54:31,False
753eba87-37bd-4194-ae30-73512232c90a,c8a558e3-893c-4f4a-9997-6df265ff4f26,BEV-005,1,400,2026-05-31T14:55:31,,False
d9713b7f-0023-4b78-a150-9cd3c0a2802f,c8a558e3-893c-4f4a-9997-6df265ff4f26,JAF-005,2,1200,2026-05-31T14:56:31,,False
9e8371b7-cfdd-42ea-a992-a812a2653a04,1aed060f-9934-4e20-9d58-9c9af82f2035,BEV-003,1,600,2026-02-24T20:31:57,,False
e17795aa-943f-409c-8fc1-6040d78d212b,1aed060f-9934-4e20-9d58-9c9af82f2035,JAF-001,1,1100,2026-02-24T20:33:57,,False
7f947898-d798-4399-8af4-6fbb1a86e536,29014383-7458-41c0-b821-0df663915c7e,BEV-004,3,700,2026-08-12T20:13:20,,False
134a3e77-936c-4ae7-b6e5-2827211999dc,19358087-3691-4ae8-83e0-d1dbd5b54656,JAF-005,1,1200,2026-05-31T20:13:26,,False
84b16622-e68d-4016-bfb8-138162f56c5a,3e2a15cf-c567-47e8-9996-9e89f172a139,BEV-003,1,600,2026-03-02T13:56:03,,False
e7c0347a-0737-4bcf-b3d3-a90a37c2bc77,3e2a15cf-c567-47e8-9996-9e89f172a139,BEV-005,1,400,2026-03-02T14:15:03,,False
6537feac-7617-4378-b6d7-3b6ba4cc6cc7,081ccbd5-8943-48cc-b73c-32609ed03d44,BEV-004,2,700,2026-07-07T17:51:10,,False
9c55d8ae-de60-453b-b38c-8c707534e296,081ccbd5-8943-48cc-b73c-32609ed03d44,JAF-002,2,1100,2026-07-07T18:01:10,,False
5d56be62-7e87-4ce6-b0af-97d946114e4a,9d0f2651-7663-4861-9a67-9a1a680d01df,JAF-004,1,1400,2026-02-24T09:22:48,,False
422dc62a-836e-4f2a-bcd9-3f026ea54144,9d0f2651-7663-4861-9a67-9a1a680d01df,BEV-002,2,500,2026-02-24T09:26:48,,False
5eb7532f-ae06-4361-83e7-c561a83d9ba7,afdb60eb-5941-48f0-b402-0fe5ae6ff87d,BEV-001,1,600,2026-05-05T20:03:05,,False
ba7f6152-1787-48eb-ab1f-20e860bf9c37,afdb60eb-5941-48f0-b402-0fe5ae6ff87d,BEV-005,1,400,2026-05-05T20:18:05,2026-05-05T20:30:05,False
1bcd6977-a503-4b2f-83d8-b1b40e9e29a4,d9375437-2e9b-43bb-879f-daa145f13539,BEV-003,1,600,2026-06-22T08:35:50,,False
f2d5778b-76d7-491e-a40e-be6552e423b0,b1bb7f3b-3b99-4405-ba37-1c616bb3378c,JAF-005,1,1200,2026-06-20T03:23:35,,False
91afbb29-b86b-4030-a7fa-0fde089d60d8,b1bb7f3b-3b99-4405-ba37-1c616bb3378c,JAF-005,2,1200,2026-06-20T03:31:35,,False
1b4a6d25-bb77-4592-ad9f-8aae06f37894,8d87d891-9040-4505-8940-41ece39039a4,BEV-004,2,700,2026-05-17T01:44:12,,False
89552512-b414-4b37-8236-9e47a3500caf,8d87d891-9040-4505-8940-41ece39039a4,JAF-003,1,1200,2026-05-17T01:51:12,,False
e18891f7-cc89-4349-be61-e30a592f60a3,6e2c7cb5-4730-4a69-b15e-36fd0d3ce8e5,BEV-002,3,500,2026-04-24T12:10:44,,False
41bc9286-7179-4f10-bb50-443a2cc073f8,6e2c7cb5-4730-4a69-b15e-36fd0d3ce8e5,BEV-005,1,400,2026-04-24T12:24:44,,False
a822a9fc-5368-49fe-b31e-a21572aca41e,0384ac08-bf8a-4d95-b333-c0dfa94df1f3,JAF-002,1,1100,2026-04-21T15:47:05,,False
6a7dbd9a-0bdc-4c3f-b4f1-1fca8be3f107,52571a67-b3db-4b60-ad9e-7c1035bca85d,BEV-002,1,500,2026-06-17T15:35:16,,False
d1e9e774-4464-4f8a-b3a3-a5b8c3ca1e85,fe0a258d-0eaf-4d66-a569-b360fa14346d,JAF-003,1,1200,2026-07-14T18:12:03,,False
0b99a3e9-57fc-42c4-b41d-7793c11b5384,fe0a258d-0eaf-4d66-a569-b360fa14346d,JAF-003,-1,1200,2026-07-14T18:19:03,,False
6368d627-d7bb-4116-a214-855d3fdcbc09,e5f04982-6ecc-41e7-9ec3-60e5680e40c4,BEV-003,1,600,2026-06-21T08:39:44,,False
35dede74-22ad-46a8-9b9b-50c0151b20b4,e5f04982-6ecc-41e7-9ec3-60e5680e40c4,JAF-001,1,1100,2026-06-21T08:55:44,,False
803e7e8e-1d93-4e9e-b643-778a44623f56,b37a4f9d-0d37-427c-a8f7-ede88ba1b14b,JAF-003,1,1200,2026-05-03T10:23:28,,False
727df443-3357-4afe-b022-c6c0a06947c6,b37a4f9d-0d37-427c-a8f7-ede88ba1b14b,JAF-002,2,1100,2026-05-03T10:35:28,,False
2c661afb-798a-4577-85be-fce1235879f9,9bc1bb28-0e05-49e9-a7cf-a72aec910056,JAF-005,1,1200,2026-07-15T08:56:47,,True
5fc4a2a0-8689-4f90-b893-375a15643675,9bc1bb28-0e05-49e9-a7cf-a72aec910056,BEV-004,1,700,2026-07-15T09:12:47,,False
f1d15bf9-c5ee-4a9b-b5d5-cebbae40a180,9bc1bb28-0e05-49e9-a7cf-a72aec910056,JAF-001,1,1100,2026-07-15T09:15:47,,False
bbf39b9e-fe8f-4c2e-9aa5-ced7d58dfed3,4281579a-1a18-49b1-b1db-3c7fdda2a365,BEV-005,3,400,2026-07-19T03:59:58,2026-07-19T04:29:58,False
84a7dcc3-2c96-4b45-b71f-a056e17d58d7,4281579a-1a18-49b1-b1db-3c7fdda2a365,BEV-004,2,700,2026-07-19T04:07:58,,False
94bf51e1-8b99-4c0e-8c53-c897c51b4e84,4281579a-1a18-49b1-b1db-3c7fdda2a365,JAF-003,1,1200,2026-07-19T04:20:58,,False
9e292c9e-65d5-4291-aa42-bbde3adcfe6c,07b1f95e-e0e3-4a86-ab8d-005a21593f92,BEV-004,1,700,2026-07-24T19:24:25,,False
42a66500-f4c5-4060-991b-6248a991ae08,07b1f95e-e0e3-4a86-ab8d-005a21593f92,JAF-003,2,1200,2026-07-24T19:28:25,,False
0c70f364-7c3f-42d9-85d7-947ce3243563,568d1d85-b1a1-4a7f-a3e2-b9313ca00a1d,JAF-003,3,1200,2026-06-17T11:15:24,,False
9ec88b88-2cfa-49cf-8f37-444e208da40f,568d1d85-b1a1-4a7f-a3e2-b9313ca00a1d,BEV-002,1,500,2026-06-17T11:34:24,,False
8e15a14f-e443-4bc9-8cca-ecc18537cfb3,348f1144-2071-42b6-a794-f18d749c89af,JAF-004,2,1400,2026-06-05T01:28:12,,False
2506b971-9ec8-4e99-a904-1a7e0d8cd030,348f1144-2071-42b6-a794-f18d749c89af,BEV-001,2,600,2026-06-05T01:40:12,,False
70db0bc2-2d41-4c83-8094-f74751b3b66d,b79f6ea0-98a8-4810-a075-ebe06126aa4c,BEV-003,1,600,2026-05-21T22:16:14,,False
7c982ef7-3cd4-4308-b28f-1fc3ba207700,b79f6ea0-98a8-4810-a075-ebe06126aa4c,JAF-002,2,1100,2026-05-21T22:33:14,,False
52734a88-647d-4992-a09f-b54eddb2693d,b79f6ea0-98a8-4810-a075-ebe06126aa4c,JAF-002,2,1100,2026-05-21T22:38:14,,False
00b95958-4019-4c19-a832-d0e4bda90b9f,b79f6ea0-98a8-4810-a075-ebe06126aa4c,BEV-005,3,400,2026-05-21T22:47:14,,False
f7f82991-d967-4fde-a4bc-2011341471e0,7eb3c114-c460-460c-a6f8-58d6b46035c3,JAF-001,1,1100,2026-03-31T09:25:45,,False
9e4cd5fa-d1e3-44a1-89e8-f31045937e79,7eb3c114-c460-460c-a6f8-58d6b46035c3,BEV-005,1,400,2026-03-31T09:40:45,,False
35ce28d6-5420-4ea5-b5b9-ada1969d83bf,c5cd929d-51f0-4335-9f77-5f8c0e4b8ef8,JAF-003,1,1200,2026-03-22T21:19:04,,False
179a1557-e934-4cfd-9f12-bd074ea35ef7,eaa4a562-7393-418c-8b5d-0503f01f2be6,JAF-003,1,1200,2026-03-27T23:36:29,,False
f1202a76-c9c8-4e12-af53-c1c40c6b09aa,b080d5f8-127f-430c-9ab1-e9c24f577648,BEV-003,1,600,2026-02-19T15:17:42,,False
70a7bbc9-d134-42be-9b74-0d8fdeb4d0db,1fb0f205-cf93-4413-977c-6d7af5e7777b,JAF-002,1,1100,2026-07-31T20:06:39,,False
e51af0e4-f522-4306-abff-a3e2c90e9143,1fb0f205-cf93-4413-977c-6d7af5e7777b,JAF-002,1,1100,2026-07-31T20:15:39,,False
6d8f719f-e1fd-43d3-9a44-7b97137adee6,1fb0f205-cf93-4413-977c-6d7af5e7777b,JAF-002,1,1100,2026-07-31T20:24:39,,False
7071fb98-7936-4f90-87ee-efaaf23c1c39,d5ebe455-4c81-4e31-9d91-d92bb84ccfc7,JAF-004,1,1400,2026-05-03T15:03:57,2026-05-03T15:25:57,False
6a175c3a-3453-4422-ad37-e3aba4c90268,cfa99b5e-872b-4f84-8e72-2059cb502233,BEV-002,1,500,2026-06-11T19:05:48,,False
19cbd6de-d33a-4263-a54a-b52965f0605b,cfa99b5e-872b-4f84-8e72-2059cb502233,BEV-004,2,700,2026-06-11T19:08:48,,False
84578996-d7d1-46ff-b7dd-252214a3f156,cfa99b5e-872b-4f84-8e72-2059cb502233,BEV-001,1,600,2026-06-11T19:28:48,,False
c30aee94-505b-4df1-a88f-3e43cf09cf34,b2d002bb-08c6-4cc8-9b30-6f4f78105acc,JAF-001,1,1100,2026-07-26T13:18:40,,False
fa216ce2-cdcf-4bcf-9c43-dad3e2c9ccd6,b2d002bb-08c6-4cc8-9b30-6f4f78105acc,JAF-003,1,1200,2026-07-26T13:33:40,,False
82325f97-588d-4717-97df-abd52a197901,b2d002bb-08c6-4cc8-9b30-6f4f78105acc,BEV-003,1,600,2026-07-26T13:48:40,,False
6837a82d-026a-4067-9c4c-5187b5f42702,d9887914-beec-4717-a401-af54ea8d32d8,BEV-003,1,600,2026-02-18T04:12:19,2026-02-18T04:17:19,False
60ed30f4-0d80-42d8-94ee-3299b852eb39,d9887914-beec-4717-a401-af54ea8d32d8,BEV-004,1,700,2026-02-18T04:21:19,,False
7368c7a8-3aee-476f-b309-f398aaa95d50,d9887914-beec-4717-a401-af54ea8d32d8,BEV-004,1,700,2026-02-18T04:28:19,,False
033ffc5e-345f-40fe-a385-4d933abc198d,6b43e3e6-943f-406f-9f24-15c39b77983d,JAF-001,1,1100,2026-06-15T19:00:39,,False
d2865421-244d-4e3e-b306-775f4164735c,6b43e3e6-943f-406f-9f24-15c39b77983d,JAF-003,1,1200,2026-06-15T19:02:39,,False
4fe61365-de64-4e76-ae1c-22f8e5927f24,c3406729-2f29-4a0f-8b39-dd093ed590fd,BEV-003,1,600,2026-08-10T20:22:08,,False
b430568f-6678-4c5b-9cd6-9db062bb1f86,74d0a1e0-cd8e-4bdb-ac50-acaaebf9fd1d,JAF-002,3,1100,2026-05-31T03:15:38,,False
106d601a-d672-44ae-ae91-1bfc8c1f93ed,fb198a98-195f-4674-8814-d8fcf4f95780,BEV-002,2,500,2026-03-19T22:56:03,,False
f55db5b4-e6b2-4385-8b12-eb8893718089,fb198a98-195f-4674-8814-d8fcf4f95780,BEV-004,1,700,2026-03-19T23:03:03,,False
06675d4a-815e-414f-9e3b-e1872dd9b411,fb198a98-195f-4674-8814-d8fcf4f95780,BEV-004,1,700,2026-03-19T23:23:03,,False
00aee84b-ce38-4d2a-aebd-6f208fb45dc9,739a10cf-755b-4f24-9abc-daa208a2e610,JAF-005,1,1200,2026-07-01T21:34:29,,False
6f722d7a-9b7a-4e1e-94d8-39ee99aae493,28b706f5-a1f3-42c2-8f14-8727ed3b6ec0,JAF-003,1,1200,2026-06-11T13:28:41,,False
64b06a7f-bfd9-48e9-9edf-79f8dedcf3c5,28b706f5-a1f3-42c2-8f14-8727ed3b6ec0,BEV-003,1,600,2026-06-11T13:46:41,,False
1edf9e7c-477f-43a8-9c11-b19e5392dd41,dfb21eca-2b43-43f3-950f-b05f95becc08,JAF-999-DELISTED,1,500,2026-04-13T05:21:31,,False
6973ad30-3a80-498a-a0a1-687c385228d3,dfb21eca-2b43-43f3-950f-b05f95becc08,BEV-005,2,400,2026-04-13T05:37:31,,False
4e511651-410d-4a53-8d0d-425b1e72e2eb,9e132a75-4300-4c17-b22f-1721b111af0f,BEV-005,1,400,2026-03-17T19:38:49,,False
dacd72ae-a45c-4866-b755-47e91501cbfb,161309d0-9624-492f-b765-bebef23bbaaf,JAF-001,1,1100,2026-05-03T08:34:08,2026-05-03T08:44:08,False
5cb1e373-0859-4941-baa8-d63bc1c448f6,0c905b9f-b46c-443d-bb60-073d7e8209ac,JAF-004,2,1400,2026-06-04T19:28:14,,False
7757a59a-dc53-4c38-8252-f6cf5b860fb1,c0a18024-6049-4c67-8fb4-42061325abf5,JAF-003,1,1200,2026-07-30T00:01:29,,False
2391bceb-6b6c-4298-8fb8-afd90d9eed25,55d315a7-6222-4fcd-99eb-50fefbe96cb2,JAF-003,1,1200,2026-07-01T19:37:23,,False
e29d67da-004e-4096-b56f-06010801938a,f94bb3ba-b9ff-4cd7-872d-c5e84091be02,JAF-003,0,1200,2026-03-10T18:44:18,,False
851b1497-c7c5-4554-b6d6-ec5209e0d0c4,f94bb3ba-b9ff-4cd7-872d-c5e84091be02,BEV-001,2,600,2026-03-10T18:45:18,,False
6180a98d-1007-4800-b3d1-cfc209bf5871,f94bb3ba-b9ff-4cd7-872d-c5e84091be02,BEV-001,1,600,2026-03-10T19:00:18,,False
a0a9a806-3b86-49f7-b932-7513abec9a36,f94bb3ba-b9ff-4cd7-872d-c5e84091be02,JAF-002,2,1100,2026-03-10T19:07:18,,False
380c1e1b-60de-4b3d-9898-9e00fee7ad97,2ac448cd-bef1-4abe-a2e3-29f63b431694,JAF-001,1,1100,2026-05-28T01:26:36,,False
e64fde99-3c9e-4fb5-a19d-2f5417bfccce,2ac448cd-bef1-4abe-a2e3-29f63b431694,BEV-002,1,500,2026-05-28T01:35:36,,False
87ddf176-b9c2-432b-bd20-ed74d4d018cf,2ac448cd-bef1-4abe-a2e3-29f63b431694,BEV-004,1,700,2026-05-28T01:49:36,,False
1ba3c446-70a5-4194-8773-27355cdbe9e0,bef298b5-6a72-4e9b-a078-50ac6788e163,BEV-001,2,600,2026-04-21T14:54:44,,False
d389d6c6-745a-4f0c-9247-371a5c991ca9,ee3cd162-021d-4174-be06-fbf2ada86262,JAF-003,2,1200,2026-04-22T07:51:29,,False
2a6873b6-e9eb-42db-97c7-6354711215dc,ee3cd162-021d-4174-be06-fbf2ada86262,BEV-001,2,600,2026-04-22T08:04:29,,False
97e892fe-0ddc-4400-b569-deb963e1d771,ee3cd162-021d-4174-be06-fbf2ada86262,BEV-005,1,400,2026-04-22T08:15:29,,False
2992fb90-e5e5-42b4-bb4a-66482f8d4396,ee3cd162-021d-4174-be06-fbf2ada86262,BEV-002,1,500,2026-04-22T08:33:29,2026-04-22T08:37:29,False
3eb9aeed-9846-413a-ab0e-18656e4db986,e86500dd-3d23-4c80-ab53-0beaf7b8cf82,BEV-002,1,500,2026-06-09T10:09:25,,False
da77a53a-94ca-43e7-a826-d0dd0b246faa,0cd21bc2-671f-4869-b5b3-f6d65f7e43cb,BEV-001,1,600,2026-06-22T12:58:37,,False
76ca0590-258c-404d-8c5a-a9e546afbaea,f9924dff-ec35-46bd-a876-bdc9d4aa35e7,JAF-001,1,1100,2026-03-03T15:35:11,,False
1de8396d-aa00-4356-9eda-80959dc5dd3b,f9924dff-ec35-46bd-a876-bdc9d4aa35e7,BEV-005,1,400,2026-03-03T15:40:11,,False
d9a0bc93-b24e-40fd-8f3c-dda619fb887f,f9924dff-ec35-46bd-a876-bdc9d4aa35e7,JAF-001,2,1100,2026-03-03T15:49:11,,False
f9c39f65-1226-4874-9d0e-edb063eb31e0,f9924dff-ec35-46bd-a876-bdc9d4aa35e7,JAF-002,2,1100,2026-03-03T16:09:11,,False
5bfb88d8-38db-4ee8-abfe-697ffdceb71b,5397c77a-e9fd-4f06-87e6-3a5c9a548f7d,JAF-002,1,1100,2026-05-26T19:12:14,,False
a91767db-2e44-4a9d-8858-9fe056b1d0eb,75e10d24-6883-4660-91d6-69abe83621ce,BEV-001,1,600,2026-03-26T09:01:17,,False
3374ffa8-be5c-44e2-a916-e1ce8af9a4d7,c21022ee-c19a-47b9-a06b-423c123d218e,BEV-002,2,500,2026-06-25T21:43:17,,False
26351405-17c3-4cf8-9e36-ca7a8efb7b0f,d0427417-5945-42d7-b46d-b5a28eb47643,JAF-003,3,1200,2026-06-15T23:49:21,2026-06-15T23:59:21,False
fa8f91af-b5ff-40e3-9779-dcebd61ead3d,d0427417-5945-42d7-b46d-b5a28eb47643,BEV-002,1,500,2026-06-16T00:06:21,,False
35cef3b7-ad32-4cca-bb3b-a8adbc437127,d0427417-5945-42d7-b46d-b5a28eb47643,BEV-002,2,500,2026-06-16T00:08:21,,False
8b9c2f82-81af-4509-a685-8509d884ef15,5dd95adf-df4b-4753-bdad-d492c7949957,JAF-003,2,1200,2026-05-30T14:31:56,,False
eabb9c4b-e10c-4fc9-9895-37b3785ce570,278de386-1a52-4685-9096-09e08e3af1e6,BEV-003,1,600,2026-05-27T04:20:25,,False
8508327d-fb74-4c60-8fa9-6667aa604701,278de386-1a52-4685-9096-09e08e3af1e6,JAF-003,2,1200,2026-05-27T04:22:25,2026-05-27T04:48:25,False
8eb068e7-ace6-4952-8616-a0c46daa7cb2,47a6aa89-5362-4fbb-8bc0-ac07274a995d,BEV-005,1,400,2026-04-18T07:25:16,,False
4363ba88-cbbd-45de-b1b6-a99fea39b994,86fe915c-99c5-41ef-af54-dea1deeae412,BEV-005,2,400,2026-08-01T21:06:55,,False
ec074675-72df-490a-87fa-cd0d2c4c6555,86fe915c-99c5-41ef-af54-dea1deeae412,JAF-003,1,1200,2026-08-01T21:09:55,,False
391a3477-4cbf-43e8-b53d-b7191894d955,86fe915c-99c5-41ef-af54-dea1deeae412,JAF-005,1,1200,2026-08-01T21:24:55,,False
25e434da-4f43-4cec-8f0a-038249cf92ad,c8ba8ab9-fc4e-4468-88cd-8b3825c54b8d,JAF-001,1,1100,2026-02-27T00:33:18,,False
998e7763-1d85-477d-b005-137cf267f8c9,c8ba8ab9-fc4e-4468-88cd-8b3825c54b8d,JAF-005,2,1200,2026-02-27T00:44:18,,False
a12a5e99-f3da-4ce0-a1fb-163079a1907f,c8ba8ab9-fc4e-4468-88cd-8b3825c54b8d,BEV-001,1,600,2026-02-27T01:04:18,,False
75b4515a-ef62-411c-87fc-6b28413121c5,141c2d7e-46dc-4e06-ad9e-74178a8acea7,BEV-002,1,500,2026-04-08T16:14:50,,False
5b0371c2-9106-43e1-86e3-117dd714e6ba,141c2d7e-46dc-4e06-ad9e-74178a8acea7,BEV-005,-1,400,2026-04-08T16:31:50,2026-04-08T16:32:50,False
4d11f820-03b0-4a51-8c87-1a91f32d6383,141c2d7e-46dc-4e06-ad9e-74178a8acea7,BEV-001,2,600,2026-04-08T16:46:50,2026-04-08T16:58:50,False
85eb0964-18b3-4ce5-bad5-ee94773856dd,141c2d7e-46dc-4e06-ad9e-74178a8acea7,JAF-002,0,1100,2026-04-08T16:51:50,,False
69e89ba0-1f55-4271-b2bb-166e88d054d5,20ab6196-b6ac-484d-9067-4867d30d5ca0,BEV-001,1,600,2026-05-24T22:20:15,,False
b129ce24-d90b-468e-a948-fdf408f06c4b,20ab6196-b6ac-484d-9067-4867d30d5ca0,BEV-003,1,600,2026-05-24T22:31:15,,False
ffbaf215-66f9-44b4-8f0b-85015c595b13,2b3788e1-eccc-4992-b529-79bec054efd5,JAF-003,1,1200,2026-06-11T06:26:17,,False
9a2ce86a-f687-498e-9744-717c3b4e0c0e,37fa2853-2714-496c-bc98-076ff7c79439,BEV-005,2,400,2026-05-23T07:47:05,,True
e9b3d2f1-7c76-4f95-bee9-65536860f821,37fa2853-2714-496c-bc98-076ff7c79439,JAF-002,1,1100,2026-05-23T07:54:05,,False
c1bca04b-21cc-42df-8ba6-11e528fced70,37fa2853-2714-496c-bc98-076ff7c79439,BEV-001,0,600,2026-05-23T08:14:05,,False
c401ad56-c642-4b34-9368-f64e75f257c7,b4db0edf-a4dc-4382-8223-3192342462fa,JAF-002,1,1100,2026-06-19T04:21:35,,False
86c65065-ec7b-4265-ae7f-1097f487eb44,e0e150cb-2a9b-477d-8daf-b940188467b4,JAF-001,1,1100,2026-02-21T12:39:44,,False
4123fa6b-0dcb-4030-b659-210128f28e03,539abe97-9df7-4cd3-8b32-8c4a7caf2d58,BEV-002,1,500,2026-05-01T04:12:05,,False
e9ffa2e5-b060-49f0-b666-d3d86be45cf1,539abe97-9df7-4cd3-8b32-8c4a7caf2d58,JAF-002,1,1100,2026-05-01T04:31:05,,False
c3db4ef1-b0d3-40a4-a1ce-05412fdc8493,f435dd4c-faba-43ba-812c-862670bb4a55,BEV-002,2,500,2026-03-26T16:21:30,,False
796fe1e7-22a4-47ef-9806-4524490e903b,f435dd4c-faba-43ba-812c-862670bb4a55,JAF-002,1,1100,2026-03-26T16:22:30,,False
a1c23116-1d5b-4699-90a9-463032e9927d,f435dd4c-faba-43ba-812c-862670bb4a55,JAF-001,1,1100,2026-03-26T16:39:30,,False
3f65c44a-4761-4009-b88a-c3043850a19d,06cc66e6-5a2c-40a4-8c13-eb8daba61c81,BEV-003,2,600,2026-06-24T10:43:42,,False
7e541093-a623-4a5c-8e2e-c810163792db,0525cc62-5c5d-44eb-b258-15f5d8d0a824,JAF-001,1,1100,2026-02-25T17:02:11,,False
ebe1425c-3dbc-4cd4-8fd8-fb3178a8c2c4,0525cc62-5c5d-44eb-b258-15f5d8d0a824,BEV-003,1,600,2026-02-25T17:06:11,,False
27234f9e-8128-442c-a178-73f073c0afe3,0525cc62-5c5d-44eb-b258-15f5d8d0a824,BEV-005,1,400,2026-02-25T17:23:11,,False
4bb61110-bedd-4353-bb55-c855432ac697,e5fc094e-5547-48d6-9130-f496797411fd,JAF-001,1,1100,2026-04-08T14:16:25,,False
5395d96d-bf02-4c88-9dbd-ee9a1118ebfd,e5fc094e-5547-48d6-9130-f496797411fd,BEV-003,2,600,2026-04-08T14:20:25,,False
8d4697a7-210e-49fd-bd88-3323e2b452b1,01d01466-a7a5-45f5-90c6-99d22470bca9,BEV-005,1,400,2026-07-27T22:30:56,,False
939380e3-f07d-486d-9747-1331fb302568,01d01466-a7a5-45f5-90c6-99d22470bca9,JAF-001,1,1100,2026-07-27T22:46:56,,False
02373d47-56d7-4f94-acfb-d0142ae0a643,01d01466-a7a5-45f5-90c6-99d22470bca9,BEV-005,0,400,2026-07-27T22:53:56,,False
5e49134b-f182-497b-af95-e9e51d6073ea,01d01466-a7a5-45f5-90c6-99d22470bca9,JAF-005,1,1200,2026-07-27T23:00:56,,False
f10d5d54-1275-4974-9ad2-551309463452,7f761127-0548-4233-b41a-27b7c3554e6c,JAF-001,1,1100,2026-05-15T06:44:34,,False
fefc8be4-bd96-46e4-82bf-904d478c3881,7f761127-0548-4233-b41a-27b7c3554e6c,BEV-002,1,500,2026-05-15T06:49:34,,False
c070e8ad-22e7-4be4-9961-ee9828c124ea,86007971-b4d1-4db6-bd9b-270195616f9c,BEV-003,1,600,2026-08-01T10:44:03,,False
198251fe-7183-41b4-998e-e173588ac810,86007971-b4d1-4db6-bd9b-270195616f9c,JAF-005,1,1200,2026-08-01T10:46:03,,False
77ac62cc-2e52-4d74-8e67-44a53b60b7c8,86007971-b4d1-4db6-bd9b-270195616f9c,JAF-003,1,1200,2026-08-01T10:51:03,,False
87362d66-90f2-4744-bb50-8b0ff51e48ec,86007971-b4d1-4db6-bd9b-270195616f9c,JAF-004,1,1400,2026-08-01T10:53:03,,False
09f898b7-3d99-4ec9-ac05-cfbdc4d76996,c3a89d61-c4f1-46fa-8e76-26873932b72e,BEV-003,1,600,2026-04-29T12:30:25,,False
2d9dffd3-a16d-4f6d-afd3-4f4f621005bc,bd5ba1ec-7218-4019-b1aa-d72051158344,BEV-002,1,500,2026-03-23T02:57:38,,False
8b67a9d1-676c-4487-82ad-f01f6e4916c7,bd5ba1ec-7218-4019-b1aa-d72051158344,BEV-004,1,700,2026-03-23T02:59:38,,False
9bfad447-ce0d-4cb2-8165-1d4f852a4585,bd5ba1ec-7218-4019-b1aa-d72051158344,JAF-002,2,1100,2026-03-23T03:19:38,,False
dac33f17-d86b-4a66-99e4-ce2178be5089,136b9468-5761-49a6-9dbd-cdd2e5fcf94e,BEV-002,1,500,2026-08-02T05:58:12,,False
fd935ae5-4a61-482e-8aff-0ad730f14640,136b9468-5761-49a6-9dbd-cdd2e5fcf94e,BEV-004,1,700,2026-08-02T06:00:12,,False
6f0d2036-79d1-4d18-973a-2d4aedb5eb5f,20a968d8-c415-4fb0-b51a-21cfddd287fb,BEV-003,1,600,2026-03-29T07:02:49,2026-03-29T07:27:49,False
7ce77be9-5608-4279-886f-8427cad8466e,20a968d8-c415-4fb0-b51a-21cfddd287fb,BEV-002,2,500,2026-03-29T07:04:49,2026-03-29T07:16:49,False
c2815c95-ccd2-4034-acf3-31ee943b4d1a,20a968d8-c415-4fb0-b51a-21cfddd287fb,JAF-004,2,1400,2026-03-29T07:14:49,,False
7a27de5b-5ea2-4d70-8df0-ee07a2a6175a,20a968d8-c415-4fb0-b51a-21cfddd287fb,BEV-005,1,400,2026-03-29T07:17:49,2026-03-29T07:46:49,False
74805f71-8772-4838-88be-3144474f7d0a,5d259259-a1ed-407d-992e-b8b32730b474,JAF-005,1,1200,2026-06-15T11:46:09,,False
2aff549c-be54-41f3-9d9c-a2407e360e32,5d259259-a1ed-407d-992e-b8b32730b474,BEV-001,1,600,2026-06-15T11:54:09,,False
f8ee04a5-b83c-48b5-8b83-2272e4e1897f,90f0be72-4452-47d9-8dcb-b5c47c4930ad,BEV-002,1,500,2026-02-27T14:15:16,,False
019d5357-9a95-4025-9922-efd802f5a9fa,ff90e80d-badc-4b1f-8c5d-ba1cee5e96f8,JAF-001,1,1100,2026-08-15T03:52:12,,False
17f999b2-675c-4785-9575-e3c64bcd939d,ff90e80d-badc-4b1f-8c5d-ba1cee5e96f8,JAF-004,1,1400,2026-08-15T04:05:12,,False
286282dc-abca-47af-870f-ef288ae8ad42,ff90e80d-badc-4b1f-8c5d-ba1cee5e96f8,JAF-004,1,1400,2026-08-15T04:14:12,,False
7f662931-43d9-4586-b3f2-de79aa993cb0,dceb4607-0e70-4e30-83ce-ba714a37827a,JAF-004,1,1400,2026-04-21T19:25:05,,False
4c1580fa-39c1-488a-aea5-2f8b45a0dcc4,dceb4607-0e70-4e30-83ce-ba714a37827a,JAF-001,2,1100,2026-04-21T19:26:05,,False
88efd7de-cacc-4fe3-9629-312c129e226e,f684834b-1f61-42be-bb3a-046f1c98bfbc,JAF-002,1,1100,2026-05-13T09:06:53,,False
59d15528-949a-48ad-bc9c-dba5b8f525b3,ad401bb0-586d-4492-b179-be60ed8bf396,JAF-003,1,1200,2026-02-25T11:07:56,,False
d9e7997c-1f89-43ef-950a-963d9b575118,fdbbab42-2736-4551-ab44-991afc1b72f5,BEV-004,2,700,2026-05-07T19:00:29,,False
cec80d9b-ceb3-484a-8036-f4ad7ae5d368,00712d10-e6f1-4f31-8d5a-30f863195991,BEV-005,1,400,2026-08-11T22:16:46,,False
c98f72fc-fca9-46f5-911e-651c09e621eb,aa59a141-3f4c-4cf5-b51d-031d515908b9,BEV-002,1,500,2026-08-01T10:11:47,,False
03e150aa-b3d2-447a-8178-24e0bb19913b,aa59a141-3f4c-4cf5-b51d-031d515908b9,BEV-003,1,600,2026-08-01T10:30:47,,False
b8c6b58b-66ea-46bf-8ee7-aebd7f568770,37bf2bab-31a3-4761-b97f-9c6af05e91ba,BEV-001,3,600,2026-05-30T04:01:13,,False
4175f274-2dbd-4040-b8af-00192a1e6653,fe1656d7-714a-4bea-9668-a07ce4624cf6,JAF-005,1,1200,2026-07-12T12:13:39,,False
d4976248-f043-4bd9-bf81-309d569ce9f1,fe1656d7-714a-4bea-9668-a07ce4624cf6,JAF-002,1,1100,2026-07-12T12:31:39,,False
4d7868de-3cb9-4805-aa9e-4ba0d43f6840,fe1656d7-714a-4bea-9668-a07ce4624cf6,JAF-005,2,1200,2026-07-12T12:42:39,,False
1431a417-b060-48d8-9325-ed16e91bd85f,7a955be4-881b-4f52-8714-86daa1d72bf5,JAF-003,1,1200,2026-08-13T08:29:04,2026-08-13T08:37:04,False
b69a8c9f-ac6a-4a7b-8488-6af7e2e07d0f,103a9308-3115-4352-8fd7-fe8643eafb35,JAF-003,3,1200,2026-07-15T10:54:43,,False
9a5fc78f-56fd-4fa7-85c2-3269e269597a,103a9308-3115-4352-8fd7-fe8643eafb35,JAF-003,1,1200,2026-07-15T10:59:43,,False
76efa817-a184-4406-8988-4c9bb6a4707e,103a9308-3115-4352-8fd7-fe8643eafb35,BEV-002,2,500,2026-07-15T11:19:43,,False
84c2c6f8-88e3-400f-abbf-b3b192d79a13,438214b4-8ccd-4223-a039-3e6d07263f03,BEV-005,2,400,2026-07-18T09:53:17,,False
7e906d85-c3f8-441e-aa0a-51a3d645d975,e82c71b6-eee6-41e9-b982-a022d080a19d,JAF-005,1,1200,2026-04-17T08:00:12,,False
4565f6f9-6176-46a9-8cb6-96e1c34c98bc,538ecc6c-755e-46a2-b9bd-ea6f836b4c46,JAF-002,2,1100,2026-05-31T10:45:40,,False
c494ec7f-9888-434c-b761-e6b2095bd9e3,538ecc6c-755e-46a2-b9bd-ea6f836b4c46,JAF-001,0,1100,2026-05-31T10:46:40,,False
715b4c1a-a1ef-4a22-b58d-6b30b76f8c60,538ecc6c-755e-46a2-b9bd-ea6f836b4c46,BEV-005,1,400,2026-05-31T10:56:40,,False
e748b80b-66f6-4b93-a42e-efdff80cdf0f,16130188-c1f8-44f6-bd30-e39f5ddc6406,JAF-999-DELISTED,1,1200,2026-07-22T15:43:28,2026-07-22T15:48:28,False
2dad9e4c-ce1f-4a5b-bd73-ae4f4167fb01,58c757a1-a583-47de-a5b0-e5fc42051d79,JAF-002,1,1100,2026-06-08T22:01:07,,False
ee85934d-c8eb-4575-9658-10ea3226c321,58c757a1-a583-47de-a5b0-e5fc42051d79,BEV-005,1,400,2026-06-08T22:14:07,,False
badc4cb6-808b-46b0-830c-5509ed59c358,58c757a1-a583-47de-a5b0-e5fc42051d79,BEV-004,1,700,2026-06-08T22:27:07,,False
71819bf9-d16d-45ac-9596-5d6f5bd1c19c,36c8878d-adbe-4b9e-bd0b-ddb41d9d3dea,JAF-002,1,1100,2026-05-18T17:07:44,,False
8c046954-98d9-43ab-bebc-1cc8ff1e0fff,36c8878d-adbe-4b9e-bd0b-ddb41d9d3dea,BEV-001,1,600,2026-05-18T17:27:44,,False
9bbccf1a-f81d-41b4-979d-db7ce15b1461,36c8878d-adbe-4b9e-bd0b-ddb41d9d3dea,BEV-001,3,600,2026-05-18T17:45:44,,False
675869b2-23fd-4cd5-828a-9ecc6ef0f2ce,6c963a00-262c-4afc-8519-7c1f87a9f8dc,BEV-002,1,500,2026-04-23T08:37:51,,False
68c764b6-cedb-4af0-9c9f-ae75eab31fde,6c963a00-262c-4afc-8519-7c1f87a9f8dc,JAF-003,3,1200,2026-04-23T08:47:51,,False
9c35ca55-c77f-44d9-8304-65808095bec3,a2071aae-5c9f-436d-9bdb-10e4665d1ea0,JAF-001,2,1100,2026-06-25T04:23:13,,False
33dfd3f9-2c97-4d14-95e8-f94b5e87bcb0,0f20dce3-9cfa-45da-853a-c93326e7160a,JAF-005,2,1200,2026-05-09T19:32:26,,False
c908dac0-c4bf-43a0-acb9-009228bdf060,a24e0d9d-c6ad-4adb-b4a1-f809276b692e,JAF-002,2,1100,2026-05-19T21:47:04,,False
ceea9e32-13c7-4dba-b12d-68f96aaa3d5e,c79f8e1c-980b-47e8-b57c-93d7d82464f6,BEV-005,1,400,2026-05-31T02:05:10,,False
d62da5b3-9c2e-41a6-ac80-10839be059f8,3cef6d43-0aa5-408b-adcf-8cf4090adb51,BEV-004,1,700,2026-04-05T17:19:57,,False
25d3e880-0733-4eb5-bee8-1aa0a5d67bf4,c8719675-44e2-4224-877a-b1df9d7804f6,BEV-005,2,400,2026-05-20T16:21:54,,False
0a66e065-d283-48f6-ab94-831fbc40eb77,fb78f7ab-de23-4b5e-82ef-c55a33cd5b0b,BEV-001,3,600,2026-06-13T02:54:45,,False
4ea3bc7a-4a63-43c2-ae69-275eb316b165,fb78f7ab-de23-4b5e-82ef-c55a33cd5b0b,JAF-004,1,1400,2026-06-13T02:55:45,,False
b85dd483-f04f-4496-b429-cf05bf2b6e46,fb78f7ab-de23-4b5e-82ef-c55a33cd5b0b,BEV-003,1,600,2026-06-13T03:08:45,,False
9d291041-054d-4e66-8e47-510f156ec124,381e7e72-f25c-4585-ac42-410f069c01ec,BEV-005,2,400,2026-03-15T18:01:19,,False
023a2b8c-f30d-4d5a-bc8e-625b145671ed,381e7e72-f25c-4585-ac42-410f069c01ec,BEV-004,1,700,2026-03-15T18:15:19,,False
d5001ef5-3fd4-4436-b2a6-830298c98e36,381e7e72-f25c-4585-ac42-410f069c01ec,BEV-003,1,600,2026-03-15T18:35:19,,False
c2daea1f-2cd7-4dc7-b53f-dcbd51e8967d,571985df-cbdb-4e53-a0c4-089234a2264f,BEV-004,1,700,2026-03-20T15:17:41,,False
7b542f14-558b-4fe9-8382-503ef9639e9d,3a71aa81-f11d-445b-8a74-b8e1eeac83f1,JAF-005,2,1200,2026-07-25T02:57:59,,False
519cda20-194b-419d-9809-4b3e8253a4c0,3a71aa81-f11d-445b-8a74-b8e1eeac83f1,JAF-001,1,1100,2026-07-25T03:09:59,,False
50346bc4-9535-4ebb-9fc2-a9fe84a07309,2500532d-3785-4a91-8d36-53f04e647f21,BEV-002,1,500,2026-04-05T23:38:38,,False
9202d038-6d5d-44ae-926f-17102c0514b1,7d6aeb88-d4ab-4075-9d53-dcf070053968,JAF-005,2,1200,2026-06-11T16:43:33,,False
d37fb23a-947d-457d-b4e6-239f834890f2,7d6aeb88-d4ab-4075-9d53-dcf070053968,BEV-002,1,500,2026-06-11T17:03:33,,False
ea563803-d6c1-46dc-96b5-cb8412478d96,7d6aeb88-d4ab-4075-9d53-dcf070053968,JAF-003,2,1200,2026-06-11T17:12:33,,False
d6a5ee85-69a4-428f-9c33-4ff8f0754fbe,7d6aeb88-d4ab-4075-9d53-dcf070053968,JAF-001,2,1100,2026-06-11T17:31:33,,False
6bda6edb-5c87-4735-a857-6f746d6a0bdb,66cb1bec-89fb-497a-bb2d-2ea760bfe032,JAF-001,1,1100,2026-06-01T03:34:52,2026-06-01T03:52:52,False
7d04fb71-e830-4096-9722-1bc6f781d90b,66cb1bec-89fb-497a-bb2d-2ea760bfe032,JAF-002,1,1100,2026-06-01T03:46:52,,False
5cd1613d-e347-4b6a-a98b-10151780b7cb,131f3f27-1846-4dfc-bda8-e1ee372acf14,BEV-002,1,500,2026-07-17T22:37:52,,False
c1129f1f-54de-40e7-9402-ae703967c968,131f3f27-1846-4dfc-bda8-e1ee372acf14,BEV-001,1,600,2026-07-17T22:55:52,,False
020f2e66-ed51-4386-bda1-734ec8799d7c,fd390c5d-942b-4736-a4a2-12b597eb5abc,JAF-004,1,1400,2026-02-27T06:29:30,,False
af12d742-e183-4774-95b0-6599274f48e0,ffc8b34e-a9ec-45ca-a183-e2982ca49c16,JAF-004,1,1400,2026-04-13T14:35:20,,False
b47138bc-caca-4a2d-aea9-e3052d3959e9,ffc8b34e-a9ec-45ca-a183-e2982ca49c16,JAF-001,1,1100,2026-04-13T14:53:20,,False
41ac68a5-7257-42e2-a266-4367e8dc1083,ffc8b34e-a9ec-45ca-a183-e2982ca49c16,JAF-001,1,1100,2026-04-13T14:54:20,,False
edaa8ab6-4baf-4316-91ff-c33870de8e63,ffc8b34e-a9ec-45ca-a183-e2982ca49c16,JAF-005,2,1200,2026-04-13T15:11:20,2026-04-13T15:21:20,False
9ffa4a29-9c21-49e0-b0f3-075e41149299,6fd8a62a-eaa6-4a41-a23b-a8f4ec4cec72,BEV-003,1,600,2026-03-25T05:04:18,,False
57bbaaef-3245-44d4-a1e6-1e16f48c4ec2,97f2695f-e7d8-41ba-ac68-1f8289b01f45,BEV-005,1,400,2026-05-13T19:40:37,,False
54848b75-ab12-4255-bbeb-573a2d664c31,05096fab-1f68-4e7a-8a4d-84fd7cec3212,BEV-003,1,600,2026-06-06T06:15:21,,False
ece1105d-5b7c-44db-b138-2e6c2f158d9b,d4a3136b-4468-4126-b2fd-280f25c17e52,BEV-005,3,400,2026-04-05T23:15:10,,False
48ddccab-f39e-40a8-8a81-f6a823e93f87,d4a3136b-4468-4126-b2fd-280f25c17e52,BEV-004,1,700,2026-04-05T23:17:10,,False
6fd7d620-cffd-4f60-9559-15101dd1cf40,d4a3136b-4468-4126-b2fd-280f25c17e52,BEV-005,1,400,2026-04-05T23:28:10,2026-04-05T23:53:10,False
f35fa39c-47dc-44e9-96e7-23962f84d39e,76272c18-3b5c-4e23-a869-52fea4c7c333,BEV-005,1,400,2026-04-07T11:42:18,,False
f1b79582-929e-4449-9f83-1bc027dfc82e,18a9014c-6463-4d08-9fdc-cf5610e029ba,JAF-003,1,1200,2026-04-01T18:44:49,,False
278ee241-d727-4de3-8eac-97804ee9d3b4,b2f7c151-8a62-4458-baf1-eb57ce4ff996,JAF-001,1,1100,2026-05-08T17:21:27,,False
911efcdf-bcc4-453e-960e-47d25e2e1611,b2f7c151-8a62-4458-baf1-eb57ce4ff996,JAF-004,1,1400,2026-05-08T17:24:27,,False
85b5e120-1611-44ae-9e99-bbe72bee57cc,1c42bd1b-a668-4665-a31b-d13a25568353,BEV-002,1,500,2026-06-10T02:42:58,,False
9e3a770f-1f08-4ca5-98b2-41623524a7de,1c42bd1b-a668-4665-a31b-d13a25568353,JAF-002,2,1100,2026-06-10T02:44:58,,False
0939240d-c49e-4eaf-9367-fa8d9eaad94e,51efc0b5-f988-41c6-a9f9-d1a4217833fa,JAF-004,1,1400,2026-05-11T13:47:09,,False
8e50a66e-8029-4b52-a040-a66da505f50c,26271599-c940-4b96-b4a9-87e8554cafa3,JAF-004,1,1400,2026-06-01T17:22:51,,False
7a494eca-1db6-4e8f-8a4d-263725a37837,9fefa07e-c1d7-4dc0-a54a-d107322ac222,BEV-003,1,600,2026-07-22T05:18:00,,False
3afd90fc-801d-4769-a1f4-af2e9a94352f,fc2bd113-110d-45a9-a8a3-e8c5ca066b68,JAF-002,1,1100,2026-03-08T13:56:25,,False
bdfd2199-d6f6-4b69-a6d3-51b5588e3186,fc2bd113-110d-45a9-a8a3-e8c5ca066b68,BEV-004,1,700,2026-03-08T13:58:25,,False
1856d62b-c094-49a5-90a2-edad63c3bba9,fc2bd113-110d-45a9-a8a3-e8c5ca066b68,BEV-002,1,500,2026-03-08T14:03:25,,False
273b99b6-7b87-4984-984a-05827285b9a2,7e383fd5-8f52-43de-9f75-e1085e6e0a34,BEV-004,1,700,2026-07-19T17:51:03,,False
711c608b-43e2-4c29-8fba-360e08e7929a,7e383fd5-8f52-43de-9f75-e1085e6e0a34,JAF-001,1,1100,2026-07-19T18:05:03,,False
e2e16bd0-b1bd-4bbc-a1be-9d341345d2bf,92ae4475-93ac-4fc8-bc65-864a8805fda2,BEV-001,2,600,2026-03-07T06:57:52,2026-03-07T06:59:52,False
072cbbe7-da58-4c6f-90d9-ec615ad696d7,dadda374-cede-44ab-a982-69ed6170350f,JAF-003,2,1200,2026-07-06T15:36:53,,False
8f402c5d-82d0-4aeb-b2c9-6422ad050d31,dadda374-cede-44ab-a982-69ed6170350f,BEV-002,3,500,2026-07-06T15:43:53,,False
8887dd66-865d-49a7-8b41-24186b0bf049,c5b16bd3-06b7-4cda-b8d7-70297c37b470,BEV-001,1,600,2026-05-01T07:47:22,,False
6e0685a3-0e7e-4d34-bf07-679945394012,c5b16bd3-06b7-4cda-b8d7-70297c37b470,BEV-004,1,700,2026-05-01T07:53:22,,False
d4989896-459e-41cc-a589-8c1d382f3cff,c5b16bd3-06b7-4cda-b8d7-70297c37b470,BEV-005,3,400,2026-05-01T08:06:22,,False
89656a45-cd56-48e3-acfd-3390d41f73a0,8757f2e8-a60b-42ec-b0e2-d94a7578d642,BEV-002,1,500,2026-06-13T17:28:42,,False
1a958a8c-d998-4086-8c5d-75eb1b42f0a3,4081235e-fc4e-4f60-9878-950589890959,JAF-999-DELISTED,1,1400,2026-05-30T16:36:18,,False
08a91b3a-c9a5-4fbc-a3ca-dec6f77fbdf5,4081235e-fc4e-4f60-9878-950589890959,JAF-005,1,1200,2026-05-30T16:38:18,,False
25c4d512-a633-4886-9cb5-2bf090556e11,e029d95a-5fb2-4175-96b3-6562e41f7f03,BEV-002,3,500,2026-04-24T00:40:04,,False
25114e67-e011-4bbc-8682-fc284d5a1026,f5808b3a-a667-4825-b4fb-e5e06a4e0c8d,BEV-005,1,400,2026-03-18T02:43:45,,False
958a4e35-3b4b-4426-92ca-0ffd2582bc6c,f5808b3a-a667-4825-b4fb-e5e06a4e0c8d,JAF-005,-1,1200,2026-03-18T02:49:45,,False
eebe4906-73fd-4c68-aace-0d9a86d48285,f5808b3a-a667-4825-b4fb-e5e06a4e0c8d,JAF-003,2,1200,2026-03-18T03:00:45,,False
a5b363b6-0dfb-41db-8c05-a710d8d76c09,6ecda101-7f34-456e-af11-3e1478099ab5,BEV-005,1,400,2026-05-06T09:25:28,2026-05-06T09:47:28,False
a252a927-5e8a-48e8-954e-a872d0144ae0,6ecda101-7f34-456e-af11-3e1478099ab5,JAF-002,1,1100,2026-05-06T09:29:28,,False
b891155c-b805-4429-9a41-0d4f488ab754,6ecda101-7f34-456e-af11-3e1478099ab5,JAF-003,1,1200,2026-05-06T09:46:28,2026-05-06T10:06:28,False
3908f95a-d968-448f-9793-2d93d00d1514,79e5009c-1f42-4ce0-b8e9-bb7b870eaa42,BEV-005,1,400,2026-04-10T03:42:59,,False
86823662-c7f4-4114-b3d5-3b28f9def5f2,6add5b41-1a6c-4104-94f1-1a4030130abf,JAF-004,1,1400,2026-04-21T23:44:03,,False
a2726a61-8e23-47c9-8355-0edb70a35748,cae9a21b-bb03-4fe3-8dab-f95520381baf,BEV-003,1,600,2026-03-04T07:57:07,,False
137a7315-f0bd-4b0f-9d79-d8fb47f69061,12a0d386-45c0-46d3-b65c-defe34cd4d36,BEV-002,1,500,2026-04-14T23:40:56,,False
7aa80bf6-0a83-47fb-af5a-f185672bf236,b214bfed-3462-4b02-bb44-e15ca733f7a3,BEV-002,1,500,2026-05-07T04:18:13,,False
ade2e558-d7d3-451f-b40d-42333420a030,b214bfed-3462-4b02-bb44-e15ca733f7a3,JAF-001,1,1100,2026-05-07T04:35:13,,True
c1ccbb7e-5bb2-474e-8fe4-78e2cede95d0,b214bfed-3462-4b02-bb44-e15ca733f7a3,BEV-001,2,600,2026-05-07T04:49:13,,False
87e19d98-db50-4280-a7dc-e31ec12b5936,e26eaeff-a517-4fed-8332-efbe888ac0a1,JAF-003,1,1200,2026-07-05T17:23:50,,False
7e1ec0c6-e258-4873-98f3-02359d866a36,e26eaeff-a517-4fed-8332-efbe888ac0a1,BEV-004,0,700,2026-07-05T17:29:50,,False
d2069f1d-5e09-4573-b66a-a494f8e7ae61,e26eaeff-a517-4fed-8332-efbe888ac0a1,JAF-002,2,1100,2026-07-05T17:36:50,,False
a92d1230-ef74-4e4c-9a42-ef85098fd265,cb6cc182-88d3-4872-bfa1-e5ac98d33c90,BEV-004,2,700,2026-07-05T02:41:17,2026-07-05T02:57:17,False
a7c28d45-915f-4676-ba3f-228e10a31b11,cb6cc182-88d3-4872-bfa1-e5ac98d33c90,JAF-001,1,1100,2026-07-05T02:59:17,,False
0a895348-86bc-4099-a8e5-997e881ffb82,e3dd3d91-a655-4896-a5ca-afded427d6e6,JAF-005,1,1200,2026-03-02T05:04:21,,False
a1ee4ea3-7d08-4c0e-8274-9d64d7f0f683,e3dd3d91-a655-4896-a5ca-afded427d6e6,JAF-002,1,1100,2026-03-02T05:22:21,2026-03-02T05:40:21,False
973351ce-eaf1-47e7-9d72-37a55c0a1cf1,720eec7e-edf3-494c-9b3c-aa2b6fada4a1,JAF-002,2,1100,2026-02-22T05:46:22,,False
08392bab-2cda-4b1b-9cd8-050da3266455,720eec7e-edf3-494c-9b3c-aa2b6fada4a1,JAF-002,1,1100,2026-02-22T05:57:22,,False
03bdafd1-6328-4374-89cf-b8a48d03180c,d7936102-64ed-4da3-9164-47ff87a0a161,BEV-003,1,600,2026-03-27T10:52:46,,False
4e3a43fb-5a0a-43b4-a1d8-4dee145bb94c,d7936102-64ed-4da3-9164-47ff87a0a161,BEV-005,1,400,2026-03-27T11:00:46,,False
65e005ba-c559-4203-90d0-d42071936e6c,2f49c931-49eb-487f-8636-795e46dfe960,JAF-001,0,1100,2026-05-20T07:36:19,,False
2895662e-7e51-4531-9df0-4a69feb533f5,2f49c931-49eb-487f-8636-795e46dfe960,JAF-003,1,1200,2026-05-20T07:51:19,,False
3d437e63-21d4-4c5b-9fd3-26bbdda1e211,2f49c931-49eb-487f-8636-795e46dfe960,BEV-003,1,600,2026-05-20T08:02:19,,False
9a8fc589-b429-4135-bafa-672b6c2c887e,c970b5d5-f564-4550-8530-0f8ff80a1e9f,BEV-005,3,400,2026-07-25T16:00:46,,False
2cde540d-fb3e-4993-9198-5d0808a73a23,10f1df8d-2913-4397-b36f-ffabb5d5062c,JAF-002,1,1100,2026-03-15T23:14:38,,False
622c801a-659a-4032-a1da-4331469b8cf5,10f1df8d-2913-4397-b36f-ffabb5d5062c,JAF-005,3,1200,2026-03-15T23:24:38,2026-03-15T23:52:38,False
043d1ea2-6e15-4dec-beee-36bcc198b4b9,4e8ab632-a150-4dfa-9087-c772922961b4,JAF-001,1,1100,2026-07-12T12:15:09,,False
2267345e-11c9-47cd-aed0-575036176632,f04bd05c-1c88-4f6f-8e59-bb26d8ddfbb9,JAF-001,2,1100,2026-03-14T02:29:15,,False
a5cb5b5a-69e4-4198-8df8-4fd505754913,b3996bfb-a217-450f-b5cd-058b3b7f48e6,BEV-002,1,500,2026-05-02T10:00:03,,False
ecd85af1-5d73-4822-b935-2ab01035c7f5,b3996bfb-a217-450f-b5cd-058b3b7f48e6,BEV-004,1,700,2026-05-02T10:17:03,,False
7f64976b-8e1b-450d-a060-8adad2fa8c4a,bb4f685f-2162-4fdf-bdfb-f7f8dad5e19c,BEV-001,1,600,2026-08-02T18:23:12,,False
ecc9e58e-bf33-458d-aac9-9df0135ccc02,ea2ab712-c4be-4e1f-8822-614cdd73d6c2,BEV-003,3,600,2026-03-15T17:24:02,,False
2b96d714-89d3-4306-b873-a2f8a6a5dd29,ea2ab712-c4be-4e1f-8822-614cdd73d6c2,JAF-003,2,1200,2026-03-15T17:36:02,,False
bc387fc9-8f98-4371-a230-b562a9d3d67c,ea2910a2-1bb3-440d-872c-5f675f06c9f7,BEV-004,2,700,2026-03-06T12:07:12,,False
b496e552-2f23-408e-928a-83b6a31ae83e,ea2910a2-1bb3-440d-872c-5f675f06c9f7,JAF-005,1,1200,2026-03-06T12:20:12,,False
d57f6cf8-1e3d-43b0-aba9-aefa8284f510,ea2910a2-1bb3-440d-872c-5f675f06c9f7,JAF-004,1,1400,2026-03-06T12:39:12,,False
3fa6ed7b-8c74-4869-97bb-bb8203aa03ab,ea2910a2-1bb3-440d-872c-5f675f06c9f7,BEV-003,1,600,2026-03-06T12:46:12,,False
3c7bae88-a011-4f8d-be3f-5bde171cee75,443e0b7c-55cd-4246-b14d-b6607167de0e,BEV-001,1,600,2026-08-12T14:31:55,,False
a563de1c-b252-4744-a9d3-06672b395679,443e0b7c-55cd-4246-b14d-b6607167de0e,BEV-003,1,600,2026-08-12T14:46:55,,False
63da3c59-f1ee-4c07-86cc-f4390f5d9a78,443e0b7c-55cd-4246-b14d-b6607167de0e,BEV-004,1,700,2026-08-12T14:49:55,,False
30c2a1bc-a5fa-4fbd-8ab1-52a8b708ce6e,443e0b7c-55cd-4246-b14d-b6607167de0e,JAF-001,2,1100,2026-08-12T15:01:55,,False
55c32029-ebaa-491b-afb2-da6f98e4e269,44654465-d652-4094-bee7-3f409e6b6c19,JAF-002,1,1100,2026-04-09T13:42:49,,False
eb5b6508-bd92-4436-97f0-7acd5756635c,44654465-d652-4094-bee7-3f409e6b6c19,JAF-002,1,1100,2026-04-09T13:51:49,,False
267fccde-fae3-447c-ba92-e8c464ddcc9f,44654465-d652-4094-bee7-3f409e6b6c19,BEV-004,1,700,2026-04-09T13:55:49,,False
309be342-8c5d-41a2-95b7-b58f7b3ec0fc,f9f8a392-af37-4ae9-ab44-5fd99f2d09fe,JAF-001,1,1100,2026-06-24T16:24:31,,False
880f4d15-ca94-4622-9c13-0ac854088d63,f9f8a392-af37-4ae9-ab44-5fd99f2d09fe,BEV-001,1,600,2026-06-24T16:39:31,,False
a013b660-8b40-4c9c-8f13-fb94bb4b23ec,f9f8a392-af37-4ae9-ab44-5fd99f2d09fe,JAF-005,1,1200,2026-06-24T16:58:31,,False
d90a462a-76d6-4e02-8c8b-ee0d358cf803,069c7090-c15b-45fc-8c47-1fcc4cf20ff2,JAF-002,1,1100,2026-05-26T04:40:15,,False
511437e2-3407-44db-a5bf-6c70dec5bfcd,069c7090-c15b-45fc-8c47-1fcc4cf20ff2,BEV-005,1,400,2026-05-26T04:57:15,,False
582fb66a-7626-4c76-9ab4-befb72c6b69c,f69a7d9b-61a1-42ad-b501-5cb0da4e83f0,JAF-001,1,1100,2026-08-13T12:10:27,,False
40948687-cb9b-4cea-9928-b225682a11d0,f69a7d9b-61a1-42ad-b501-5cb0da4e83f0,JAF-003,1,1200,2026-08-13T12:21:27,2026-08-13T12:22:27,False
ec952092-e266-4745-b089-554a6d53ef8f,f69a7d9b-61a1-42ad-b501-5cb0da4e83f0,JAF-999-DELISTED,1,1400,2026-08-13T12:33:27,,False
3a5ce917-7598-4365-b230-fffc28b9d319,fc793517-95fc-4585-b73e-cf12a15be943,JAF-003,1,1200,2026-04-22T08:36:14,,False
9716f7c2-1266-4d5b-aa93-f79286824268,fc793517-95fc-4585-b73e-cf12a15be943,JAF-005,1,1200,2026-04-22T08:51:14,,False
adf74a58-4ec4-4751-bb75-780e8f56a42b,3bbefcbc-de94-4d57-9957-20098f169319,JAF-005,1,1200,2026-03-13T06:50:32,,False
adca7df2-bdf5-46ee-b320-16d9e6a0e058,3bbefcbc-de94-4d57-9957-20098f169319,BEV-003,1,600,2026-03-13T06:54:32,,False
f08c10d6-c160-4965-9c30-fe87c7af4653,4efd71eb-63c5-4347-9ac4-03e979535482,BEV-003,1,600,2026-06-20T00:31:07,,False
3fef6732-9c5d-48e7-8f52-00c3ea884caa,f228a7b5-32db-4506-9d78-e09359ee60f0,JAF-003,1,1200,2026-05-01T18:42:27,,False
1b68e5f0-3686-49ee-97bc-8e5e41005552,f228a7b5-32db-4506-9d78-e09359ee60f0,BEV-004,1,700,2026-05-01T18:52:27,,False
6d1ba6f9-efd3-4229-bcb7-0b4698b782bf,f228a7b5-32db-4506-9d78-e09359ee60f0,JAF-004,1,1400,2026-05-01T18:53:27,,False
b47d7b14-a158-4607-9240-92e5885997c6,8238361c-f6ef-4897-84e4-b33fe909f72a,JAF-001,1,1100,2026-07-11T09:01:43,,True
ad8796c4-1da6-483d-9af8-67bd6ffa20eb,8238361c-f6ef-4897-84e4-b33fe909f72a,JAF-005,1,1200,2026-07-11T09:07:43,,False
c5e07737-3627-4490-8bd8-d4290fe88f06,8238361c-f6ef-4897-84e4-b33fe909f72a,JAF-005,1,1200,2026-07-11T09:26:43,2026-07-11T09:56:43,False
8e0056d5-540c-4709-8e67-d6b73d32a970,8238361c-f6ef-4897-84e4-b33fe909f72a,BEV-002,1,500,2026-07-11T09:45:43,,False
e6ea6a7e-fa98-4f51-94e3-172749fec62f,26d6312f-f017-410b-aa87-508e7ef0bc3c,JAF-001,1,1100,2026-02-22T15:29:38,,False
ad0a3959-526b-429f-9093-ebf4ef9bb658,45530a63-5232-4a06-b2e4-11ab6f3bdcf1,JAF-999-DELISTED,1,600,2026-05-17T19:27:24,,False
d84c3db6-097a-4f4b-8331-915cfc27c513,45530a63-5232-4a06-b2e4-11ab6f3bdcf1,JAF-001,2,1100,2026-05-17T19:46:24,,False
da05c538-8087-45f8-a575-1df69b6debd0,199b6576-c175-4765-b4a7-85928963939c,JAF-004,1,1400,2026-07-10T02:51:30,,False
4914bab9-1823-4f99-a2fc-79e2d206effa,199b6576-c175-4765-b4a7-85928963939c,BEV-002,2,500,2026-07-10T02:57:30,,False
b511b8ea-1b15-4480-9a2e-23949905acdf,199b6576-c175-4765-b4a7-85928963939c,JAF-003,1,1200,2026-07-10T03:13:30,,False
f36879fc-2a19-4b1e-bb4a-85b57b2d00ea,199b6576-c175-4765-b4a7-85928963939c,BEV-005,1,400,2026-07-10T03:25:30,,False
7420b3ed-cf19-4596-883e-82c0e0b62bf5,6d18c76a-e44d-46c9-b734-1640a0f98ff7,BEV-003,1,600,2026-03-09T20:45:36,,False
02cb4057-77b4-481d-addc-c3bd61336de6,378b5e87-27a7-400c-a291-5f1d1c76d1cf,JAF-002,1,1100,2026-03-22T07:46:28,,False
1038e63b-076e-4e78-8081-1f086c2b2bdf,bd452994-9ecc-4086-b4bd-8104bf156495,BEV-001,1,600,2026-04-07T17:35:19,,False
0ec1273f-062d-474b-b5fb-4bca19189bfa,bd452994-9ecc-4086-b4bd-8104bf156495,BEV-002,1,500,2026-04-07T17:46:19,,False
b2c6f324-da8d-4121-aeb8-c119c0cd81c7,bd452994-9ecc-4086-b4bd-8104bf156495,BEV-002,1,500,2026-04-07T17:50:19,2026-04-07T17:59:19,False
91bd21de-db7b-48cc-be07-3ded8e800a57,1102d5bf-beaf-43c2-8f3d-8307b28661fa,JAF-005,1,1200,2026-03-01T11:04:54,,False
47bba069-4434-4bae-ae68-6238ff64bc31,1102d5bf-beaf-43c2-8f3d-8307b28661fa,JAF-001,3,1100,2026-03-01T11:22:54,,False
4a5f782f-a491-4ab7-811c-368676e44246,78e58b4d-37bf-4c9d-b3b7-919b632bab47,JAF-002,1,1100,2026-07-08T16:58:13,,False
78a8b8ed-8b41-440f-a773-5579652cf36c,5441c1db-fa3f-4f38-b36b-14efe55ce2c7,JAF-002,1,1100,2026-08-12T00:29:25,,False
a2b3bea2-febc-4b49-ac16-babbc04134f5,5441c1db-fa3f-4f38-b36b-14efe55ce2c7,JAF-003,1,1200,2026-08-12T00:47:25,,False
da57754a-495d-43d2-8a34-2ae36b5f36a2,c43da196-afc8-4eca-b499-747df4ccbd20,JAF-004,1,1400,2026-03-09T23:06:05,2026-03-09T23:11:05,False
66fd30bd-3c92-49e8-bcf7-9df1fa9ce9af,c43da196-afc8-4eca-b499-747df4ccbd20,BEV-002,1,500,2026-03-09T23:24:05,,True
288d07dd-d42f-4298-a933-7484d137edd3,676f58d4-d491-4c30-b98d-3a93190402f6,JAF-002,2,1100,2026-04-12T19:11:54,2026-04-12T19:32:54,False
766b7954-3464-41bf-b705-b23112310ecb,6e4409af-f72e-445e-9daa-b9c86fb0a18a,BEV-004,1,700,2026-05-28T17:13:46,,False
15fe34b0-b8bd-4494-b02d-107926741855,6e4409af-f72e-445e-9daa-b9c86fb0a18a,BEV-003,1,600,2026-05-28T17:26:46,,False
7074e392-cc83-418b-bef9-be9f3b441cc9,ca5ffd6c-c1e0-4849-a95c-5359e08fd933,JAF-005,2,1200,2026-04-09T10:15:59,,False
f50b8925-0766-43da-875d-fd6622cf905f,ca5ffd6c-c1e0-4849-a95c-5359e08fd933,BEV-001,1,600,2026-04-09T10:20:59,2026-04-09T10:48:59,False
0b38abb5-ba9c-44c7-acfa-537e145a75e1,ca5ffd6c-c1e0-4849-a95c-5359e08fd933,JAF-003,1,1200,2026-04-09T10:37:59,,False
6c915fa2-c32c-4419-8799-cc283c769b55,8d272674-c8ac-46c5-ada8-1fb4632552f0,BEV-004,1,700,2026-02-17T15:57:06,,False
0d2698b6-c661-4e15-97a2-1d4ecafecc91,561cdb65-e4f0-4889-9fe7-54502dc1f479,BEV-005,1,400,2026-04-23T23:42:37,,False
8357646e-ac8c-4baf-861c-89d906a4605e,561cdb65-e4f0-4889-9fe7-54502dc1f479,BEV-004,2,700,2026-04-23T23:58:37,,False
13671b89-565c-4588-8a7e-4fc3fccb3550,3fb9a0b4-2914-4352-b4e2-2d15d73777c1,JAF-003,1,1200,2026-05-28T21:56:16,,False
c5a251c5-5a18-4811-97cf-d02a1ba807d4,3fb9a0b4-2914-4352-b4e2-2d15d73777c1,JAF-005,2,1200,2026-05-28T22:07:16,,False
af006c02-2bec-4367-9499-80607fa4ce8c,d1626e8c-ce9c-485c-aaa6-2d10180e2a74,JAF-002,3,1100,2026-02-20T05:13:37,,False
cf969dde-e2de-454e-bb74-8cc11abb5637,ad56ca9f-b878-42d3-b4a7-e5d8eb1625e2,BEV-002,2,500,2026-06-27T04:12:31,,False
bc3232c2-d31e-4e71-9808-9452425e7b08,ad56ca9f-b878-42d3-b4a7-e5d8eb1625e2,BEV-002,1,500,2026-06-27T04:26:31,,False
d41e75e7-21f6-4c43-8cea-6f062aa4f56c,4d83db08-bff8-43a4-ad9e-3fdd41183677,BEV-001,1,600,2026-04-18T22:03:42,,False
b2549d10-0105-4393-bb5c-174fcf878443,4d83db08-bff8-43a4-ad9e-3fdd41183677,JAF-002,3,1100,2026-04-18T22:23:42,,False
b3eede65-3f52-4387-9feb-1482f09100e9,e3e34326-7016-4f8e-b198-05b6b5453297,BEV-004,1,700,2026-07-25T21:17:19,,False
0bb4b290-3a28-4253-976e-d00f6ecd6b90,23d95224-a7d8-4429-a00c-ba860920e5ce,JAF-004,1,1400,2026-07-07T16:39:07,,False
352635d7-feed-4da3-8324-2c496fc9ed28,23d95224-a7d8-4429-a00c-ba860920e5ce,JAF-003,1,1200,2026-07-07T16:54:07,,False
894aa0fd-5a3c-4e42-a17f-489ee325d1a6,7920eb5b-0c2e-47bb-84c8-1008cea21a42,JAF-002,1,1100,2026-07-16T00:40:38,,False
49fa6e0e-7d37-404a-b068-b6c39bc8e675,7920eb5b-0c2e-47bb-84c8-1008cea21a42,BEV-004,2,700,2026-07-16T00:56:38,,False
ff4514ed-67e3-4962-8c82-9e66f08b8f25,f78a41ad-3851-4b06-b38e-ba1494d964f1,BEV-003,3,600,2026-07-19T06:48:24,,False
fb2144f9-7a3a-4fda-93fa-66c44552b6f1,b498e9f0-5c94-40d8-8a70-97c02741daab,JAF-004,1,1400,2026-07-21T11:54:54,,False
178acff9-98be-4017-ae45-47c10816a0d3,2453876a-c6d2-4ef2-9c29-fc7822ce99aa,BEV-003,1,600,2026-02-24T07:29:53,,False
3ebfedcd-e7c3-4b05-beb3-451271bc5f29,2453876a-c6d2-4ef2-9c29-fc7822ce99aa,JAF-003,2,1200,2026-02-24T07:44:53,,True
bb5e7eeb-0926-4ddc-b746-ecfcc9f1f988,2453876a-c6d2-4ef2-9c29-fc7822ce99aa,JAF-004,0,1400,2026-02-24T07:45:53,,False
8d216395-05c6-4054-9170-19de811056d3,2453876a-c6d2-4ef2-9c29-fc7822ce99aa,BEV-005,1,400,2026-02-24T07:54:53,2026-02-24T08:01:53,False
a42e8342-ac81-4755-b0a1-c63fe00b30c7,866971e5-fba5-4ffd-be72-8dee012a012f,BEV-001,1,600,2026-06-03T16:39:00,2026-06-03T17:05:00,False
bd6ecdd3-7078-4bff-a251-e56d734f5ec8,866971e5-fba5-4ffd-be72-8dee012a012f,JAF-002,1,1100,2026-06-03T16:46:00,,False
47b47c44-fd1b-4f15-b66b-252b26b521df,361f3f4e-1548-4665-9258-9f6af1935d4e,BEV-005,1,400,2026-07-29T16:58:21,,False
01e3b71b-4d0b-41a9-9a26-4cf77f501ab8,1612a15c-8de0-469b-9b73-1cc976faf225,BEV-004,1,700,2026-04-21T11:34:47,,False
d2c08857-609f-461a-b9b8-af39969b6566,1612a15c-8de0-469b-9b73-1cc976faf225,JAF-002,1,1100,2026-04-21T11:46:47,,False
51fdd156-7ef9-44bc-97ec-df721c83cd53,0147ada9-c6f5-4cb1-a9c9-a7330178cfd8,BEV-004,1,700,2026-08-01T16:48:40,,False
b045d1ac-a7bb-4b77-a8ec-2cea2bd03bf8,0147ada9-c6f5-4cb1-a9c9-a7330178cfd8,BEV-003,1,600,2026-08-01T16:58:40,,False
b603c624-a0ff-4c62-8646-d2f3a7b34319,b7d7fd96-d1ec-433d-859c-d936ef031e84,BEV-004,1,700,2026-06-10T21:07:52,,False
8bdcba77-1e04-4f97-8568-0fd49c5675e4,b7d7fd96-d1ec-433d-859c-d936ef031e84,JAF-003,2,1200,2026-06-10T21:16:52,,False
39156eca-071e-41f4-aa8c-614a176a4a6e,b7d7fd96-d1ec-433d-859c-d936ef031e84,BEV-002,1,500,2026-06-10T21:22:52,,False
3e781b12-6380-4000-82fd-47076b5a3c07,b7d7fd96-d1ec-433d-859c-d936ef031e84,JAF-001,2,1100,2026-06-10T21:37:52,2026-06-10T21:46:52,False
2cf4ea7c-ea8d-460f-b609-dc6856a715ef,fadedb34-4bee-43bb-b946-d6fed675d99b,JAF-001,1,1100,2026-03-02T20:13:56,,False
d9efa7e6-263e-4349-9e6a-b76506fc888e,575c560b-947e-4574-b689-3e248142abe3,BEV-001,1,600,2026-06-22T16:05:46,,False
ccc26868-f63f-48e5-b414-dcf38aa3f1f4,7fd4f50c-aeec-48a2-be6b-61d40899ccae,BEV-005,1,400,2026-04-04T15:42:31,,False
2143d91e-e9e1-493c-a1a7-b39c2f159aa6,7fd4f50c-aeec-48a2-be6b-61d40899ccae,JAF-001,1,1100,2026-04-04T15:59:31,,True
5c4914b4-64b2-43da-bb6c-b85c7478258e,7ba554ea-7d42-414b-8235-00cd2b7d609f,JAF-005,3,1200,2026-03-27T03:33:10,,False
ffeb2b2f-9546-4498-9afd-041fee939bd6,7ba554ea-7d42-414b-8235-00cd2b7d609f,JAF-004,3,1400,2026-03-27T03:52:10,,False
9adae840-fd36-4827-8025-05aa5c59cb22,be373e2f-bf44-438a-ab8d-9957201a36fe,JAF-003,1,1200,2026-02-28T15:23:59,,False
92e889d3-ce24-450a-bcaa-1c79a77fb87c,ee763011-24b5-4516-a5e7-ff06f6b4147f,JAF-004,1,1400,2026-05-08T10:34:05,,False
af20b2d0-8642-4bba-9bfb-7fc456963935,ee763011-24b5-4516-a5e7-ff06f6b4147f,BEV-003,1,600,2026-05-08T10:41:05,,False
16a80784-4eb6-4155-80f6-6e40c5ef5572,ee763011-24b5-4516-a5e7-ff06f6b4147f,JAF-001,1,1100,2026-05-08T10:53:05,,False
d47cad1f-37c0-4b75-90fd-94cd5167cf69,74aba196-697e-4e36-8c6f-fa1e4a4b7ae4,JAF-001,1,1100,2026-04-20T07:45:19,,False
1fc1c041-806e-428c-8608-0fceb4f7255f,77c61c22-106f-4d7a-bbf4-ada7acadd323,JAF-001,1,1100,2026-02-17T18:27:36,,False
6ff76908-5864-43e2-a6d4-465650b0717b,77c61c22-106f-4d7a-bbf4-ada7acadd323,BEV-002,1,500,2026-02-17T18:41:36,,False
6eb150a8-96b6-46ef-a926-2cb09a690d27,fad6b159-7b44-445e-94ae-3d8d349187fd,BEV-002,1,500,2026-04-18T14:56:10,,False
8361c527-cbb6-4a1b-bf8f-da40e5ff3c40,ac6923cb-ef2b-4e03-b8a4-9ed7951293a0,BEV-002,1,500,2026-02-20T21:31:15,,False
2fc2a91f-683e-4ff3-9424-0082a68ef6db,1d027fd2-3821-4796-b291-3e524373c3de,JAF-002,1,1100,2026-04-29T06:25:59,2026-04-29T06:41:59,False
f60b825b-199b-4055-9739-3492b797e3dc,1d027fd2-3821-4796-b291-3e524373c3de,BEV-003,2,600,2026-04-29T06:42:59,,False
92da71c5-2892-4801-9b72-0d3213f374b8,1d027fd2-3821-4796-b291-3e524373c3de,JAF-005,2,1200,2026-04-29T07:00:59,,False
db65e2bc-ab49-4f47-ad84-912c5df481b0,4ffbf7ca-1326-4374-a67c-7e6d3963bf4e,JAF-005,1,1200,2026-04-26T00:19:28,,False
ebd1f4a8-35f9-4ae0-b661-6926e9d91f03,4ffbf7ca-1326-4374-a67c-7e6d3963bf4e,BEV-002,1,500,2026-04-26T00:26:28,,False
667ca609-a68f-4448-bba9-af9ca2463c79,4ffbf7ca-1326-4374-a67c-7e6d3963bf4e,BEV-004,1,700,2026-04-26T00:39:28,,False
1c43ce7d-8f9a-4f73-a305-f9c2abaedb09,b4a1cc6c-d080-4744-bcbe-09a7c25ac6e8,JAF-003,1,1200,2026-03-06T11:50:49,,False
b022edfc-9c37-40b2-bee8-f079f76ddad1,b4a1cc6c-d080-4744-bcbe-09a7c25ac6e8,JAF-005,1,1200,2026-03-06T11:53:49,,False
b54d33fe-4a8f-4cb7-80ca-88b17f9e09f7,abe653c1-a9a4-4b97-994f-200bf7c6599a,JAF-001,1,1100,2026-06-09T12:04:26,,False
26e80c2d-d2b8-40a7-9788-352a5460d312,abe653c1-a9a4-4b97-994f-200bf7c6599a,BEV-002,1,500,2026-06-09T12:21:26,,False
08715e97-d239-4bf8-bc39-948b053e94bf,5333d5c9-f825-411d-824a-758df120cb1c,BEV-001,1,600,2026-08-08T12:23:55,,False
1d5931da-1414-4b03-8d7d-6daa3977e0cc,5333d5c9-f825-411d-824a-758df120cb1c,JAF-005,1,1200,2026-08-08T12:41:55,,False
86636381-2a8f-4bfa-ae68-100a726051bc,804d3890-c257-43d2-b258-7f90cee53c27,BEV-002,2,500,2026-07-17T20:31:08,,False
8d7fb4ef-b1d7-430a-91b8-a2c34a69519c,804d3890-c257-43d2-b258-7f90cee53c27,JAF-005,1,1200,2026-07-17T20:32:08,,False
02375f26-005c-4d5f-a689-f3bd11e92240,d27eec3c-cd96-400f-ab7d-819047940563,JAF-004,1,1400,2026-05-09T20:51:57,,False
d7ac6de4-2a85-4a5b-9c94-bacc96285aea,f4478307-fb47-4b59-b291-3f731eae5f1a,JAF-003,1,1200,2026-04-29T04:15:22,,False
ef70896f-2248-46e4-8062-a103f891c401,f4478307-fb47-4b59-b291-3f731eae5f1a,BEV-004,1,700,2026-04-29T04:34:22,,False
1b2f5db5-b8af-46df-99b4-5b32c9a45263,f4478307-fb47-4b59-b291-3f731eae5f1a,BEV-005,1,400,2026-04-29T04:41:22,,False
ab649d1a-33f1-4e14-816a-bef366b7dc30,38ce305f-fc6c-487a-ae79-3d3306d77452,JAF-004,1,1400,2026-05-23T01:10:45,,False
0fb3f761-50df-4380-8a71-90ab44d58872,f35b293f-6c3c-4b86-96f0-5b1149c56f7f,BEV-003,1,600,2026-03-29T00:57:20,,False
99740ec4-5724-4887-bad4-851948c636b1,1c7ef490-4e6f-43d5-965c-1eaf53b22a79,JAF-005,1,1200,2026-07-11T21:20:44,,False
c04e364c-8bc5-4a4c-8e29-96eaec297010,acb481a7-f219-4628-bc4b-7ff070ac29c1,JAF-005,1,1200,2026-04-15T00:16:46,2026-04-15T00:46:46,False
5f20f934-ad37-4141-abf5-438e3878459e,acb481a7-f219-4628-bc4b-7ff070ac29c1,JAF-003,1,1200,2026-04-15T00:22:46,,False
d19844b4-050b-415c-ad6e-bdcfff2ca861,70d5b42f-8dee-4679-9e65-7fed1328704c,JAF-002,3,1100,2026-07-15T13:47:20,,False
8b36e9de-c69b-4a32-8260-e2f97c33fad1,70d5b42f-8dee-4679-9e65-7fed1328704c,BEV-005,2,400,2026-07-15T14:06:20,,False
8e5be8d7-29e5-40e5-984a-b13e43b6214c,97793199-7142-48f6-b9f0-e332cf6c26d4,JAF-003,1,1200,2026-06-27T18:03:03,,False
842bc632-196e-4200-bf88-b4e5be0ca3d4,97793199-7142-48f6-b9f0-e332cf6c26d4,BEV-002,1,500,2026-06-27T18:23:03,,False
40fe4642-0572-489e-9785-0e7ee5089572,97793199-7142-48f6-b9f0-e332cf6c26d4,JAF-005,1,1200,2026-06-27T18:35:03,,False
a88ff5d0-133e-4565-89a9-3e33d19f18e4,97793199-7142-48f6-b9f0-e332cf6c26d4,JAF-005,2,1200,2026-06-27T18:39:03,,False
65e0c3ad-7701-4401-ae76-c69994a021ab,82877909-7c3d-4986-9d0f-db4cab0e0496,JAF-002,2,1100,2026-02-24T02:07:48,,False
4ffee2e0-233f-4522-9c6f-f0b48eb44e9a,82877909-7c3d-4986-9d0f-db4cab0e0496,BEV-002,2,500,2026-02-24T02:20:48,,False
561c2597-02ed-4d82-822e-90aa7cf5d43b,82877909-7c3d-4986-9d0f-db4cab0e0496,BEV-005,1,400,2026-02-24T02:28:48,2026-02-24T02:52:48,False
a4c27be6-ca96-4474-9dc9-adc2a39935ed,5580af0e-2d33-4950-a936-d4ea2f05538d,BEV-001,2,600,2026-08-08T10:41:16,,False
e219fd12-fb4b-484f-b90b-b0f4e3584cb5,440164bd-a58e-4104-84fa-e49bb1c9d195,JAF-005,2,1200,2026-04-14T07:35:16,,False
047ca1af-adf7-488a-91ca-724a9f9d7e9b,440164bd-a58e-4104-84fa-e49bb1c9d195,BEV-002,1,500,2026-04-14T07:50:16,,False
50544001-9968-44e5-9626-bdf7b070a243,02abc901-1f8a-4202-8950-9093329af915,JAF-002,2,1100,2026-07-12T10:04:52,,False
35d4acd3-2a8c-4458-b8db-ffc568f567a5,0f8f84a2-15cc-4f13-8106-80c0b96daeec,JAF-004,1,1400,2026-06-10T19:18:17,,False
c67ee550-4e49-45f0-8bcd-52070c70eb0a,32d8d320-c316-4be8-a87e-67c005f82a85,JAF-001,1,1100,2026-05-15T23:13:18,,False
ef47928d-fcbe-43aa-ae3d-b0226570bd3e,32d8d320-c316-4be8-a87e-67c005f82a85,JAF-004,2,1400,2026-05-15T23:15:18,,False
b9b07a28-5d64-4cf1-bcf5-2e08188539ee,997020c7-d163-4fef-baf1-5d4c091234db,JAF-001,2,1100,2026-02-20T20:56:16,,False
92344179-0a49-41b9-ab21-d88e467ac1cd,9a475c91-e140-4836-9d8d-49e7c8e75024,BEV-002,1,500,2026-03-05T07:43:33,,False
5b2462ed-d4f9-472e-80b9-b67dd7655c84,14d2a704-b4ae-44b8-aab6-faa0c8afefcf,JAF-005,1,1200,2026-08-10T09:04:30,,True
fe6decff-21bd-465e-b3ce-83c9413ce931,14d2a704-b4ae-44b8-aab6-faa0c8afefcf,JAF-003,1,1200,2026-08-10T09:18:30,,False
fe2a7609-1de3-4675-baec-e972b92365be,a4a3c90d-0fb4-4db5-8568-288b0f19bcc6,BEV-004,1,700,2026-05-17T20:40:56,,False
481b5530-b267-48e5-a64e-4b89ef61c9dc,a4a3c90d-0fb4-4db5-8568-288b0f19bcc6,BEV-001,1,600,2026-05-17T20:49:56,,False
542f251a-5cd2-43c3-8757-9446726e0687,a4a3c90d-0fb4-4db5-8568-288b0f19bcc6,BEV-001,1,600,2026-05-17T20:57:56,,False
e2886772-9ce4-447e-8ab1-7dcc3651117a,a4a3c90d-0fb4-4db5-8568-288b0f19bcc6,BEV-001,2,600,2026-05-17T21:17:56,,False
4033eb21-2f7f-4899-a480-7af79b1d1ac7,dae1c525-47b4-4f0e-97fc-0dacb9499098,BEV-003,1,600,2026-07-03T09:45:59,,False
e7dc8b53-ffdc-42df-8486-612d7e98a3f9,dae1c525-47b4-4f0e-97fc-0dacb9499098,JAF-003,2,1200,2026-07-03T10:04:59,,False
d8dae2a8-f7c3-4f53-b8c3-fa48a60a1bfc,dae1c525-47b4-4f0e-97fc-0dacb9499098,BEV-004,2,700,2026-07-03T10:16:59,,False
6c4c8324-7a06-4007-81b4-b82be3f115f8,ef0c3594-17da-4c35-b882-97fbe1c5599f,BEV-002,2,500,2026-08-01T10:27:47,,False
ec51b5cb-462c-4f61-80e0-09757e5ec486,ef0c3594-17da-4c35-b882-97fbe1c5599f,JAF-004,1,1400,2026-08-01T10:37:47,,False
3930d3eb-34c9-445b-9536-c70f0e5694d1,ef0c3594-17da-4c35-b882-97fbe1c5599f,JAF-005,1,1200,2026-08-01T10:52:47,,False
72a52c54-61b7-4d6c-9caf-121c2aaa2852,e54491a5-e684-413f-923c-d169ad91eee4,BEV-002,1,500,2026-04-26T08:37:23,,False
656bf3bd-b29b-417b-9387-b929dd9195da,83cd0025-9c85-46f2-adfe-27df80440f68,JAF-004,1,1400,2026-08-15T21:45:24,,False
22463279-2920-4857-bc2b-2df15b8ab59e,e42ab070-3f4f-4722-b92c-b834b7cd282c,BEV-002,2,500,2026-05-10T01:41:48,,False
4329e13a-4826-4d6d-bddf-88600a280fb4,e42ab070-3f4f-4722-b92c-b834b7cd282c,JAF-999-DELISTED,1,500,2026-05-10T01:44:48,,False
0cde22a3-e615-4111-9ea0-b5e320e4340b,82a0db63-5081-4b72-ae3d-828a91d44fa8,JAF-002,3,1100,2026-07-09T02:15:38,,False
6c05a497-a0d6-4e7d-b419-b0c616767b5a,82a0db63-5081-4b72-ae3d-828a91d44fa8,JAF-005,2,1200,2026-07-09T02:24:38,,False
79343bd2-81d7-4a94-856a-7734fc11dd11,82a0db63-5081-4b72-ae3d-828a91d44fa8,JAF-004,1,1400,2026-07-09T02:39:38,,False
d0535268-584f-4a1b-8cc8-f2ceeb61ddc9,82a0db63-5081-4b72-ae3d-828a91d44fa8,BEV-004,1,700,2026-07-09T02:50:38,,False
b76d73bd-ea05-469d-b06d-38077841439d,8e892210-c6d0-4750-92da-89cc5edb63d4,JAF-001,2,1100,2026-04-12T21:53:56,,False
f94fb100-eb06-4dd5-ae48-9c78f9ef2830,8e892210-c6d0-4750-92da-89cc5edb63d4,JAF-004,1,1400,2026-04-12T22:00:56,,False
39f2a33e-3304-4baa-9483-6d71e8bce75b,8e892210-c6d0-4750-92da-89cc5edb63d4,BEV-002,2,500,2026-04-12T22:13:56,,False
10671020-324b-4599-bd66-1bfe1e4469a8,7172c5f5-fe06-4ff0-b6b8-6dad6b11fc19,BEV-003,1,600,2026-03-01T21:12:33,,False
3e747822-7a3e-4e5b-90fd-5b6997f06ecf,7172c5f5-fe06-4ff0-b6b8-6dad6b11fc19,JAF-004,1,1400,2026-03-01T21:15:33,,False
b944173f-dbe1-4710-a940-f3dd0148b434,7172c5f5-fe06-4ff0-b6b8-6dad6b11fc19,JAF-003,2,1200,2026-03-01T21:26:33,,False
77bd6a01-5ee5-4dd3-99d6-3635e9fab9e6,7bec0fab-ecf6-4cf8-8e22-6a009b86ee29,BEV-002,1,500,2026-05-02T00:07:31,,False
a1da7848-6077-4f01-a856-e1f5bc9b25c4,7bec0fab-ecf6-4cf8-8e22-6a009b86ee29,JAF-002,2,1100,2026-05-02T00:10:31,,False
bf2bddc4-01a2-4b6c-b33f-0ee8476a04f8,562ab822-450f-4859-af9f-9ca2b3f3b307,JAF-001,1,1100,2026-04-28T15:07:22,,False
d71311a4-c751-41dd-a18a-c74539c2e742,562ab822-450f-4859-af9f-9ca2b3f3b307,JAF-003,1,1200,2026-04-28T15:18:22,,False
b63558bf-f9d9-405c-9984-9308152914c1,ff58015a-8a69-447e-abf6-2468d831fdf4,JAF-003,1,1200,2026-07-06T22:58:21,,False
c8f20c63-0ad1-4f5f-97d3-aeccc8f63acf,fe44ecac-ba89-45b1-be76-be50c9299bdc,BEV-005,1,400,2026-03-02T02:49:43,,False
1d2f8da6-81e4-4668-8928-c1394c7807eb,fe44ecac-ba89-45b1-be76-be50c9299bdc,BEV-003,1,600,2026-03-02T02:55:43,,False
b49d5556-2189-47c5-a28d-3e04e23c1ead,a8f55dcc-94e4-4631-a72c-b50994d0c64c,JAF-003,1,1200,2026-04-03T00:51:10,,False
f73a85d1-2ffc-4c79-ac25-489bf2e4b28e,a8f55dcc-94e4-4631-a72c-b50994d0c64c,BEV-004,1,700,2026-04-03T00:57:10,,False
afb33109-3fd3-4cba-8005-6226f4808c44,a8f55dcc-94e4-4631-a72c-b50994d0c64c,JAF-002,2,1100,2026-04-03T01:13:10,,False
3ad3c146-0bb4-4181-be26-06dfaeca8794,773a8fcd-d2b1-446d-9935-91e76b1db6b7,JAF-002,2,1100,2026-02-20T21:44:29,,False
7de68b9d-3c29-4f9d-a7c9-89d7057f714a,c503ef37-9d05-4a73-8d2e-fb935a305244,BEV-003,1,600,2026-07-02T05:12:00,,True
6f8a264c-654a-4a43-baea-457f09ed04d6,c503ef37-9d05-4a73-8d2e-fb935a305244,JAF-001,1,1100,2026-07-02T05:29:00,,False
cde1f9ca-f44d-4473-9604-5533974048b1,c503ef37-9d05-4a73-8d2e-fb935a305244,JAF-005,2,1200,2026-07-02T05:43:00,,False
9891c21f-ba1f-48d2-bde6-960a44fe8693,c503ef37-9d05-4a73-8d2e-fb935a305244,JAF-004,1,1400,2026-07-02T06:01:00,,False
30bf9399-aed2-458d-9997-b3ed64fdef8a,5748dfa4-0b8c-4e13-967e-2eb25ab6f477,JAF-004,2,1400,2026-08-14T17:38:20,,False
b7c9e6c0-4766-42b7-a7d0-f44311caffc6,af728224-c5d0-4e9d-901c-242c79267d8d,JAF-002,1,1100,2026-05-08T17:41:40,,False
edba7f6c-2862-4f13-a371-69f3ad5987b5,af728224-c5d0-4e9d-901c-242c79267d8d,JAF-003,2,1200,2026-05-08T17:58:40,,False
a986c4b2-a24c-41b3-8c0b-ca1e93331ed1,af728224-c5d0-4e9d-901c-242c79267d8d,JAF-001,1,1100,2026-05-08T18:06:40,,False
d65d51bd-be43-4095-968a-620a4e94044e,96b67c68-5678-4c13-b0ae-9ae70a2d31d6,JAF-005,1,1200,2026-03-11T16:37:55,,False
6bc5a2a9-65fd-40bf-819b-fb47f5af3f5f,96b67c68-5678-4c13-b0ae-9ae70a2d31d6,BEV-002,1,500,2026-03-11T16:39:55,,False
fc373df2-143d-4075-97ea-e5487c5106d9,ce2988e3-affc-48f1-ada5-78e4f919f069,JAF-004,1,1400,2026-05-09T18:55:01,,False
3cd3599c-aaaf-45f0-9af6-8f8b5b94019d,ce2988e3-affc-48f1-ada5-78e4f919f069,BEV-005,1,400,2026-05-09T18:56:01,,False
20a05195-7347-4d63-8852-f9f62e0da245,ddfb3a33-1578-40d5-b731-68d512bd414a,JAF-003,2,1200,2026-05-22T12:57:45,,False
8cff8c90-1255-4141-9f8d-7b8589f9362b,2a026170-0d87-480e-948d-4cf220952eb7,JAF-004,1,1400,2026-06-06T04:45:24,,False
d3b3f052-c0fe-4029-bb40-a7d28110a1dd,2a026170-0d87-480e-948d-4cf220952eb7,BEV-004,-1,700,2026-06-06T04:56:24,2026-06-06T05:08:24,False
cf280611-e1d0-4a61-8cae-8f406ab78e05,2a026170-0d87-480e-948d-4cf220952eb7,BEV-002,1,500,2026-06-06T05:08:24,,False
e5f802f2-5efa-44b0-a4af-f14b94bb6037,07cf84de-b920-443f-8183-a36ec1942d94,JAF-002,2,1100,2026-03-01T09:09:48,,False
0942a599-7363-4722-a859-6260065bc4ba,07cf84de-b920-443f-8183-a36ec1942d94,JAF-001,1,1100,2026-03-01T09:20:48,,False
fd803d23-b5f9-4ec7-bb6b-28491677ff07,07cf84de-b920-443f-8183-a36ec1942d94,JAF-004,1,1400,2026-03-01T09:22:48,,False
c79f2d91-fe78-471a-be65-6f3522a062c5,ff2dc254-9577-4b55-ad1b-8bb39e67f146,JAF-002,1,1100,2026-08-07T03:33:02,,False
cf764be9-2ebb-46db-b157-21f1aebbbe07,4105b6bd-c107-4827-84f2-0641710f599e,JAF-003,1,1200,2026-05-10T10:13:09,,False
74bff57c-6cea-4ca7-8deb-8a267d8354fc,4105b6bd-c107-4827-84f2-0641710f599e,JAF-004,-1,1400,2026-05-10T10:30:09,,False
b6ec97b2-9ba5-4cc4-b0aa-9155c8af4e34,ce7a5bde-7982-4476-81ba-90ce377ee4c7,BEV-002,1,500,2026-03-01T10:03:00,,False
1edc78b4-2aca-40c8-bcc6-344eb7384b38,ce7a5bde-7982-4476-81ba-90ce377ee4c7,JAF-003,1,1200,2026-03-01T10:22:00,2026-03-01T10:27:00,False
3cc7f885-3ac5-4b30-af4d-a8e1b235d970,90ffb6a0-452e-49de-9b92-b3b27f99bcf9,BEV-001,3,600,2026-05-27T23:54:21,,False
a58ab905-aa67-4bcb-9153-db4415e16eb3,90ffb6a0-452e-49de-9b92-b3b27f99bcf9,BEV-005,1,400,2026-05-28T00:03:21,,False
cbf9b569-f30d-44d2-ae22-90418b13cebf,e1078ee4-ecc1-45ed-b535-494d5abe1ddb,BEV-001,1,600,2026-04-08T05:41:27,,False
01989047-d6e8-4c57-8fdb-2bff9a14761d,f0996127-cd6b-41d6-abb5-0976623e159a,JAF-003,1,1200,2026-07-23T09:38:11,,False
80a4c3fb-07a7-468f-af3f-8fe913cfa7ea,e16c1bb2-1249-4ee0-8e20-42d8bc3ef86e,JAF-001,2,1100,2026-04-01T01:17:15,,False
20bf5cbc-3db2-45fe-aad6-916c6499a083,8c3d0881-7a00-43b3-9b3d-45d369e24342,BEV-004,1,700,2026-07-02T14:20:53,,False
34ab2b71-fbb5-411c-94c8-454e98079304,8c3d0881-7a00-43b3-9b3d-45d369e24342,JAF-004,2,1400,2026-07-02T14:23:53,,False
78fbfc35-29fa-4b6b-b678-66b047801ac2,8c3d0881-7a00-43b3-9b3d-45d369e24342,BEV-004,1,700,2026-07-02T14:27:53,,False
6aee79da-7410-4a98-a130-55e6d273b21b,8c3d0881-7a00-43b3-9b3d-45d369e24342,BEV-003,1,600,2026-07-02T14:32:53,,False
41f93dfb-fb81-4a9d-a577-7f5d4dccc1af,fb7a4802-e3a4-4794-a0db-d8766ad9dbec,JAF-005,1,1200,2026-08-13T09:51:43,,False
ddf01b3b-2a39-4908-aed4-de4cf0ee9f58,fb7a4802-e3a4-4794-a0db-d8766ad9dbec,JAF-001,2,1100,2026-08-13T10:00:43,,False
d279c1b1-aad0-4f56-b360-60d867333d40,fb7a4802-e3a4-4794-a0db-d8766ad9dbec,JAF-005,1,1200,2026-08-13T10:04:43,,False
a75ca4f1-c0dc-4632-b453-190af493ad6a,fb7a4802-e3a4-4794-a0db-d8766ad9dbec,BEV-001,1,600,2026-08-13T10:17:43,,False
c6797e8b-6258-431d-ac56-62c8598e4a92,b9642cb6-b5cb-4948-966a-0760ac8c3da7,JAF-001,1,1100,2026-03-11T23:29:13,,False
639328ec-8d4d-476b-8089-de51d94347e3,b9642cb6-b5cb-4948-966a-0760ac8c3da7,BEV-001,1,600,2026-03-11T23:31:13,,False
fd378b02-2bf1-402f-a57f-2bc5d04a68ef,7e062b93-35ae-4201-a3b3-ace3bd88861a,BEV-001,2,600,2026-04-03T21:56:10,,False
7cebeb0e-5249-4c6e-a244-fa092e79dbd7,79491518-6d57-466d-8972-c3aeeaa45987,JAF-002,1,1100,2026-07-08T22:45:58,,False
0c09945a-9aad-4350-8a3e-4539133deab4,0bdaeda9-e4eb-42f6-b31a-051394e6397c,JAF-002,2,1100,2026-05-01T13:28:29,,False
c8eaf0da-dfe8-48ea-86ec-769f20f88fd4,0bdaeda9-e4eb-42f6-b31a-051394e6397c,BEV-001,3,600,2026-05-01T13:43:29,,False
87aac293-32f0-43b4-baa0-6e0f18e09738,93355132-db19-439c-b62b-10ebece4466f,JAF-003,1,1200,2026-03-13T05:24:29,,False
a6f4cf1d-8e9f-4d34-a45f-69c6237d56e7,93355132-db19-439c-b62b-10ebece4466f,BEV-005,1,400,2026-03-13T05:36:29,,False
b353a718-67e9-4e19-9701-ac54a0d61544,93355132-db19-439c-b62b-10ebece4466f,BEV-003,1,600,2026-03-13T05:45:29,,False
967490e2-487b-49d4-9089-9071cbbe4d42,93355132-db19-439c-b62b-10ebece4466f,BEV-002,2,500,2026-03-13T05:49:29,,False
4ff68afc-9c71-4392-b084-78888b583627,68503b3f-7d6f-4290-8925-7a9ecace1a84,JAF-002,1,1100,2026-03-31T12:13:03,,False
499b5ef0-497a-47b7-be3c-cb1814a5734f,ef196c6f-4add-481c-a6ce-4fe77b9fbd63,JAF-004,3,1400,2026-04-07T18:17:58,,False
a3dee52f-aeb2-41a3-80d4-293a5a68b12d,ef196c6f-4add-481c-a6ce-4fe77b9fbd63,JAF-005,3,1200,2026-04-07T18:21:58,,False
5580e2a0-701c-441b-b697-809140ee8277,c447f355-40be-4fa4-9a92-38e638237c50,JAF-002,1,1100,2026-04-01T18:49:49,,False
0cda990f-58aa-4ef0-b26e-33894336cd1b,c447f355-40be-4fa4-9a92-38e638237c50,BEV-005,1,400,2026-04-01T18:59:49,,False
ed94f56c-268d-46e7-b730-785e72d6a7f1,4e4049c6-5f79-4ec8-b566-34c10bf83d97,JAF-001,2,1100,2026-04-03T04:39:09,,False
7f04abdf-3942-4afa-8ccf-1ca3b3cd7688,4e4049c6-5f79-4ec8-b566-34c10bf83d97,BEV-003,1,600,2026-04-03T04:43:09,,False
62bd13e4-adec-4314-828a-524d9f739c34,d93729de-eea1-4ae9-b8fc-0a56a76c727c,BEV-001,1,600,2026-04-06T08:06:53,,False
b5315b2b-661e-4e25-98aa-450eaa4bf03e,3fece65c-d6a1-423e-a04d-50a323a2283b,JAF-005,1,1200,2026-05-02T18:01:38,,False
37c307a3-f062-42a9-a544-30fba9039dcc,3fece65c-d6a1-423e-a04d-50a323a2283b,JAF-003,1,1200,2026-05-02T18:09:38,,False
257cfa2f-5801-4f95-87b9-ab031e72934c,3fece65c-d6a1-423e-a04d-50a323a2283b,BEV-003,1,600,2026-05-02T18:23:38,,False
558e8a38-7f4e-4293-879f-9d86c5dc2077,d97e2e0d-97b3-47fe-860d-d5dd4aec73d8,JAF-001,1,1100,2026-05-30T08:27:08,,False
eae2d644-f24c-4570-af18-072b736c390e,d97e2e0d-97b3-47fe-860d-d5dd4aec73d8,BEV-002,3,500,2026-05-30T08:35:08,,False
7225bf35-d06d-4842-9d0d-64470fc6e1a6,65c93333-5fe3-4e7a-8aca-f119aeaf71d8,JAF-001,1,1100,2026-04-14T17:51:15,,False
b65e7f9a-2293-4f5a-8721-34b46e58a530,b858e612-f30c-439e-9c3a-6846e26acf60,JAF-003,1,1200,2026-07-06T11:18:57,,False
759ec36a-6cfc-4d48-8583-c476ad119f92,b858e612-f30c-439e-9c3a-6846e26acf60,JAF-005,2,1200,2026-07-06T11:37:57,,False
f9825345-ab28-4976-a43f-236413dc1008,172985bd-973c-45be-9cf9-639d9efe8fb7,BEV-004,1,700,2026-06-20T12:19:30,,False
ad14a6a7-1be3-4643-b945-7f8cb28a3c42,028c3518-5ff6-43fd-b5e1-e3626b202ae7,JAF-002,2,1100,2026-08-04T19:16:01,,False
7a81ee8b-99db-46d8-a20a-f693e0e95e89,028c3518-5ff6-43fd-b5e1-e3626b202ae7,JAF-001,1,1100,2026-08-04T19:28:01,,False
13a446e7-f43e-4018-9d26-671c60f226fb,5f6604d5-27d6-45cc-a497-43b9616d6632,BEV-003,3,600,2026-05-30T18:54:11,,False
0a3cc7eb-9485-48ab-b005-498ecf9a4fc4,6b553018-dd2c-4556-a64f-5cb2ba8663a0,JAF-004,1,1400,2026-02-18T22:56:10,,False
558de854-b148-4ee3-a0c0-f7010e36c101,6b553018-dd2c-4556-a64f-5cb2ba8663a0,JAF-002,1,1100,2026-02-18T23:11:10,,False
87b9b7f3-2952-476d-a2c5-1c222f639b5c,6b553018-dd2c-4556-a64f-5cb2ba8663a0,JAF-004,1,1400,2026-02-18T23:15:10,,False
b7526f0c-21b6-4d2d-929a-335d64068434,6b553018-dd2c-4556-a64f-5cb2ba8663a0,JAF-005,1,1200,2026-02-18T23:22:10,,False
df784b30-6ab2-43cd-83bf-7d715c57d06b,7ad55960-732e-429f-9f71-2e12971bef5d,BEV-003,1,600,2026-08-04T02:37:22,,False
1e41ab39-da75-4d35-a973-06af84a58bb7,9a68cf56-23e0-41ac-a923-a714642f0f9d,JAF-005,1,1200,2026-06-21T15:14:44,,False
bed2a108-8b39-458b-bde7-93137777ccef,4c707a71-29f9-401d-a252-ef286f8d794f,JAF-005,1,1200,2026-06-02T19:09:10,,False
2840eb2b-7f30-4a50-b989-2b73bc9f4c64,4c707a71-29f9-401d-a252-ef286f8d794f,JAF-004,2,1400,2026-06-02T19:28:10,2026-06-02T19:32:10,False
a5858c11-6e75-4458-811d-b313cf74f2ae,4c707a71-29f9-401d-a252-ef286f8d794f,BEV-004,1,700,2026-06-02T19:42:10,,False
ed45f992-f854-4c86-9bc7-7b7b35b210bf,4c707a71-29f9-401d-a252-ef286f8d794f,BEV-004,1,700,2026-06-02T20:02:10,,False
dde46aa5-1224-45c3-b3d2-8aa053df7fd4,8860501a-6c49-42b3-b111-dfc9c4b7612f,BEV-002,2,500,2026-06-28T22:41:09,,False
07d44bc3-5e97-43e2-8780-f072add964dc,8860501a-6c49-42b3-b111-dfc9c4b7612f,BEV-004,2,700,2026-06-28T23:01:09,,False
68cd302c-d87d-4fab-a8f1-9d5a7f3d0ed5,8860501a-6c49-42b3-b111-dfc9c4b7612f,BEV-005,1,400,2026-06-28T23:08:09,2026-06-28T23:11:09,False
97059a00-0ac8-4362-ada6-b0d2654e95ab,8860501a-6c49-42b3-b111-dfc9c4b7612f,JAF-003,1,1200,2026-06-28T23:19:09,,False
10428d10-2c08-4f08-91a6-a30a9f8f52aa,e2cb6a04-61fd-44a3-a38e-4b1845acc17f,JAF-002,2,1100,2026-05-26T09:23:01,2026-05-26T09:51:01,False
30b768a4-fd20-4586-8627-a9c6bb2d38a6,e2cb6a04-61fd-44a3-a38e-4b1845acc17f,JAF-005,1,1200,2026-05-26T09:28:01,2026-05-26T09:36:01,False
32613017-2d17-4245-b4db-618c8fd2ffab,3610050d-4589-4765-917a-a0a45048ad88,JAF-003,2,1200,2026-04-19T16:07:58,,False
e2412c8a-2ea7-4532-b3ad-6d21126934fa,3610050d-4589-4765-917a-a0a45048ad88,BEV-002,1,500,2026-04-19T16:15:58,,False
e7d3fb34-0856-4d1c-994a-cafbea037a6f,73f9ad80-c8a9-4f75-addd-3579daf019a3,BEV-003,1,600,2026-04-13T19:42:30,,False
1f220d73-e9d3-49f8-a6f7-423e06f61e68,73f9ad80-c8a9-4f75-addd-3579daf019a3,JAF-002,2,1100,2026-04-13T19:50:30,,False
c2de0350-c795-4669-951f-2ea1d4349459,73f9ad80-c8a9-4f75-addd-3579daf019a3,BEV-003,1,600,2026-04-13T20:02:30,,False
870cb568-c0b0-432f-a959-a558360519ed,a5465a4c-4cfe-4862-a9a8-7d696898dadd,JAF-001,1,1100,2026-03-30T05:40:29,,False
521aa5c1-089a-4323-89cc-e0d279d15103,9d92f54b-985e-4d56-ad67-44d8d148c974,JAF-004,1,1400,2026-05-07T13:20:03,,False
6b661e9f-f373-414d-9f02-5f0e7abcbf53,650839bf-d2b0-4b86-9ea2-46831b7a9abd,BEV-005,2,400,2026-05-25T05:27:08,,False
4870c872-6f34-4d98-97cd-903ce40631f7,650839bf-d2b0-4b86-9ea2-46831b7a9abd,BEV-003,1,600,2026-05-25T05:47:08,,False
357eabce-6cac-405e-8a42-f09fbcd79f7a,650839bf-d2b0-4b86-9ea2-46831b7a9abd,JAF-005,1,1200,2026-05-25T05:58:08,,False
a93c5502-bb60-4721-8138-39869ae82b37,c4281cf1-8de2-4436-a377-c05300156532,JAF-002,1,1100,2026-05-31T07:32:49,,False
fe7d776e-f490-41a6-8744-369633396378,cfa469b5-a699-443a-aab0-d2e4b0f5d6e7,BEV-002,3,500,2026-03-13T01:16:05,,False
bb65784e-f5f8-4284-89ee-7e8e088e8ddb,cfa469b5-a699-443a-aab0-d2e4b0f5d6e7,BEV-001,1,600,2026-03-13T01:21:05,,False
f66ea3c0-b53d-4ecf-9af2-35841ca4eec0,cfa469b5-a699-443a-aab0-d2e4b0f5d6e7,BEV-002,2,500,2026-03-13T01:35:05,,False
67111e97-adb9-4173-ba81-bf2c021d1310,ecdf7e30-e4fd-4ca3-a7a8-080c64c847ac,JAF-004,1,1400,2026-08-01T09:51:39,,False
34377234-339a-441a-9b38-ce6edf82bbe9,ecdf7e30-e4fd-4ca3-a7a8-080c64c847ac,JAF-005,2,1200,2026-08-01T09:53:39,,False
2f9604e9-4265-4143-87b3-090347f45867,ecdf7e30-e4fd-4ca3-a7a8-080c64c847ac,BEV-004,1,700,2026-08-01T09:58:39,,False
1c071f16-9515-4024-aefa-e3ab801539e8,94715545-4024-4331-aa52-794d33cc9d47,BEV-004,1,700,2026-07-02T06:15:21,,False
506a9e3d-e32a-4480-b577-2f8c8a695626,0789678c-9d8e-4c46-b7af-fc457f3d6f6c,BEV-004,2,700,2026-04-19T03:21:07,,False
b455efe9-3c22-4fda-a406-0d630c114c90,0789678c-9d8e-4c46-b7af-fc457f3d6f6c,JAF-003,0,1200,2026-04-19T03:37:07,,False
74aaf10c-c5fd-4f2f-8deb-7415ea72f63d,e3c6b4da-38d2-4735-a63f-c8cc6a3bc9be,BEV-001,3,600,2026-08-09T04:21:38,,False
a8d5babe-1f4d-49d4-80fd-deaceab8e82d,e3c6b4da-38d2-4735-a63f-c8cc6a3bc9be,BEV-005,1,400,2026-08-09T04:35:38,,False
acbfea4f-c1a8-4af9-be20-913d1ef3c52d,3848f4c0-9a3c-491c-ac5d-fe9d2cd8dd3e,JAF-002,1,1100,2026-03-14T09:02:30,,False
c743ed9e-d1b2-418c-bbc1-10b098e9f7a7,3848f4c0-9a3c-491c-ac5d-fe9d2cd8dd3e,JAF-005,2,1200,2026-03-14T09:04:30,,False
a5cef3fb-755a-40a3-af48-02e7f34f789d,302eb064-8903-4e6a-ad3e-7d3d7d55789f,JAF-005,2,1200,2026-06-05T10:03:22,,False
16882596-c8f0-40d0-aebc-ddae0627c81f,302eb064-8903-4e6a-ad3e-7d3d7d55789f,JAF-003,1,1200,2026-06-05T10:16:22,,False
370a10f4-9aba-4bc6-9cb7-4c1f5cc8bf0a,302eb064-8903-4e6a-ad3e-7d3d7d55789f,BEV-004,1,700,2026-06-05T10:17:22,,False
bc6e6803-afeb-48ee-8c22-741165796933,21d9c7bc-66d5-4f21-ad4e-e712bd42c4a9,BEV-004,1,700,2026-04-25T16:08:25,,False
e95ef801-979b-48a4-8e53-2ff9cb6c094c,21d9c7bc-66d5-4f21-ad4e-e712bd42c4a9,BEV-001,2,600,2026-04-25T16:12:25,,False
16d77dc7-6455-4603-8239-41e5bdfe8147,21d9c7bc-66d5-4f21-ad4e-e712bd42c4a9,BEV-003,1,600,2026-04-25T16:16:25,,False
9b1d9a89-9182-4e48-9cc1-82283655bc83,21d9c7bc-66d5-4f21-ad4e-e712bd42c4a9,BEV-005,1,400,2026-04-25T16:27:25,,False
9dd0cdd6-7491-41e1-9b28-de588e6739ee,b34b2219-768a-4d43-9e54-6073f0eda7bc,BEV-002,1,500,2026-06-13T19:56:31,,False
4c1341e6-6225-4da6-8b17-f74154924cc1,b34b2219-768a-4d43-9e54-6073f0eda7bc,JAF-003,1,1200,2026-06-13T20:06:31,,False
e8cbcaad-8da4-4927-8ddf-0f80a3836522,b34b2219-768a-4d43-9e54-6073f0eda7bc,BEV-002,1,500,2026-06-13T20:25:31,,False
d59bff46-dcc3-4fbe-b313-a05082cd94ea,b34b2219-768a-4d43-9e54-6073f0eda7bc,BEV-005,2,400,2026-06-13T20:44:31,,False
35a7493e-067d-47e2-b9d6-0be89ae5a037,9369cd90-b8ad-45f0-b1a3-24ff0ba611a0,BEV-005,1,400,2026-05-11T01:06:29,,False
54705ebb-0b00-433b-8175-3d61d0849882,9369cd90-b8ad-45f0-b1a3-24ff0ba611a0,BEV-005,3,400,2026-05-11T01:21:29,,False
6f6269b7-1c28-487a-abca-307d23e9988c,9369cd90-b8ad-45f0-b1a3-24ff0ba611a0,JAF-002,1,1100,2026-05-11T01:37:29,,False
1636706e-316b-4e7c-bf8a-df4d753b5db2,f42ae4c3-ea18-40e3-a534-64475a1fc044,JAF-002,1,1100,2026-07-25T08:19:16,,False
2a1d48a1-3866-4c4d-b76c-234beb04cda6,f42ae4c3-ea18-40e3-a534-64475a1fc044,BEV-004,1,700,2026-07-25T08:24:16,,False
f50b74bf-d47c-40a3-8d05-36eb75beb690,541c4aca-11c8-4e25-8995-970fca83716d,JAF-002,3,1100,2026-04-27T19:55:12,,False
3ec8503f-6fae-4b03-b09e-fa0577a6fb65,541c4aca-11c8-4e25-8995-970fca83716d,JAF-003,1,1200,2026-04-27T20:02:12,,False
d911523a-078a-4690-8603-af233c38207f,1fd86e8f-aaf0-4d22-9b55-6f82cfb89f52,JAF-002,1,1100,2026-08-15T16:00:52,,False
a4d5f8cf-f5e1-4970-b10a-217dc2faaaf1,1fd86e8f-aaf0-4d22-9b55-6f82cfb89f52,JAF-002,2,1100,2026-08-15T16:02:52,2026-08-15T16:15:52,False
d3289064-9402-45e2-b6ea-d19fa4924cf9,1fd86e8f-aaf0-4d22-9b55-6f82cfb89f52,JAF-001,1,1100,2026-08-15T16:19:52,,False
9aad940f-1f71-4abe-a800-3106f1f68a34,ef957e5e-04ab-4d79-bdad-f40bbfba1be1,BEV-001,1,600,2026-05-09T02:03:19,,False
1b2c226d-78cc-4905-8e1d-e9e6c30ba98d,ef957e5e-04ab-4d79-bdad-f40bbfba1be1,BEV-003,1,600,2026-05-09T02:20:19,,True
cacbebb5-fa36-42cc-a685-308e5d5d2733,5795c166-7473-4db1-879d-1cf328d66621,JAF-001,2,1100,2026-04-15T19:24:15,,False
1f2253fb-024d-4d39-8037-5b8703fc9497,5795c166-7473-4db1-879d-1cf328d66621,JAF-003,1,1200,2026-04-15T19:30:15,,False
5f6ca2c6-5b7a-426f-ab44-8e7ec1cb15f8,d8b1d563-eccd-4823-be8a-d2dbaa41c681,BEV-001,1,600,2026-07-03T17:21:08,,False
8c2a042e-da3c-4b20-b100-7fa7a36bf86f,d8b1d563-eccd-4823-be8a-d2dbaa41c681,BEV-003,2,600,2026-07-03T17:28:08,,True
f8da05c3-cb40-4fae-bdb8-3a2f3435d38d,1451d183-7e46-4e2a-ab51-f10bc098d3f3,JAF-005,1,1200,2026-05-19T21:23:39,,False
4be19fd0-1ba7-444a-82f2-053c3c6d87de,adc5edf3-9862-4d17-9467-852efde5e238,JAF-003,1,1200,2026-02-20T01:20:04,,False
168dd1ef-0925-4748-93e4-e1d7de920743,adc5edf3-9862-4d17-9467-852efde5e238,JAF-005,2,1200,2026-02-20T01:23:04,,False
9fb2b0ad-b797-4cf4-a7d4-f23b75050f27,d064dd64-5e4c-4e14-bb6a-8854a8cb562b,BEV-004,1,700,2026-07-16T20:59:41,,False
a59215c0-094e-4a5b-9e83-ce4b5c0483ad,d064dd64-5e4c-4e14-bb6a-8854a8cb562b,BEV-005,1,400,2026-07-16T21:04:41,,False
37ae6020-ea7c-4628-83ec-804ccd9dc0cb,d064dd64-5e4c-4e14-bb6a-8854a8cb562b,BEV-004,1,700,2026-07-16T21:24:41,,False
ce3b229b-884d-496f-99ef-ae1f4e70e26b,9e5b9918-bc68-4237-b52b-1c892b1930ae,JAF-005,2,1200,2026-06-26T00:16:35,,False
2b8a42bd-09e5-4f50-b634-17edbf5934ff,9e5b9918-bc68-4237-b52b-1c892b1930ae,BEV-001,1,600,2026-06-26T00:32:35,,False
e1497795-0e21-4db4-8e1c-416cbd232fb5,012c5398-fc60-4281-987a-5c58585fec0b,JAF-003,2,1200,2026-05-06T00:13:44,,False
744ac215-c2a0-4f6d-acf9-3360479c8b52,012c5398-fc60-4281-987a-5c58585fec0b,JAF-002,1,1100,2026-05-06T00:17:44,,False
dd7c19d5-98a9-4b8c-ac4c-7c20428dca04,012c5398-fc60-4281-987a-5c58585fec0b,BEV-001,1,600,2026-05-06T00:37:44,,False
8b10b40f-ab59-4d7f-b1ea-4ad2d26000d8,fe5e1c89-650d-43ef-bb80-3fc228eb2f07,BEV-005,1,400,2026-04-05T02:01:54,,False
bf8aacd3-0dcb-4bd0-ae26-38ac7be625fc,57395fdb-a04e-469f-af0d-ba870eebd38e,BEV-005,2,400,2026-05-20T17:56:22,,False
6f97d583-ec64-470d-8f3c-1e131f749c11,57395fdb-a04e-469f-af0d-ba870eebd38e,BEV-005,1,400,2026-05-20T18:01:22,,False
2e52ce4c-4f24-44a2-8e49-caa6344c069c,de04c42b-7993-4092-ae61-b028f80caf56,BEV-004,2,700,2026-04-16T19:05:57,,False
a096155c-8e65-472c-9628-b2880300c0e9,de04c42b-7993-4092-ae61-b028f80caf56,JAF-005,1,1200,2026-04-16T19:06:57,,False
22ffd7d9-5b4e-4215-a9b2-5dc6a90d486c,de04c42b-7993-4092-ae61-b028f80caf56,BEV-001,2,600,2026-04-16T19:14:57,,False
94dfad28-8eac-4bcd-a680-0914483e631e,de04c42b-7993-4092-ae61-b028f80caf56,BEV-003,0,600,2026-04-16T19:16:57,,False
91354eaf-3938-4a3d-bdce-5bc160949076,868d0e2f-da66-438b-8b48-170298071fe2,JAF-001,1,1100,2026-04-23T15:31:10,,False
71c5d893-fb35-4b4b-807f-b6cfb5f85bcb,868d0e2f-da66-438b-8b48-170298071fe2,BEV-002,1,500,2026-04-23T15:43:10,,False
e5b8c876-134d-4db4-b511-b14cb7ae0feb,868d0e2f-da66-438b-8b48-170298071fe2,BEV-002,1,500,2026-04-23T15:52:10,,False
045d5488-ca8c-4c69-9381-25b7f69cd10a,243f44a3-a1f7-4b4b-8720-4e00238fcfc7,BEV-005,1,400,2026-05-27T13:50:23,,False
cea1b6ea-e9cb-4a91-a5de-4150a19adb13,31b42e88-3bd1-41e1-bafd-2aa71b55e714,JAF-002,2,1100,2026-07-20T18:16:24,,False
c8b50e41-4dc6-402c-b1ba-9d9630350f34,31b42e88-3bd1-41e1-bafd-2aa71b55e714,BEV-002,2,500,2026-07-20T18:27:24,,False
e818576f-905e-49f4-8a15-ad7b61ca43e4,31b42e88-3bd1-41e1-bafd-2aa71b55e714,BEV-005,1,400,2026-07-20T18:32:24,,False
f30359b0-e346-44c1-ab10-26b309df4ca6,0fadaf1c-4cc8-451f-ac44-618948e76b0d,BEV-004,1,700,2026-06-28T07:09:58,,False
6aa4f762-2551-412e-b011-32d0ef87662d,0fadaf1c-4cc8-451f-ac44-618948e76b0d,BEV-004,1,700,2026-06-28T07:11:58,2026-06-28T07:16:58,False
f7548529-0fef-4eb5-86a2-d9a7e30289f0,0fadaf1c-4cc8-451f-ac44-618948e76b0d,BEV-004,1,700,2026-06-28T07:16:58,,False
e894d62a-aad5-408b-926d-32069200c7ed,19745709-ea9f-40bf-afcd-85c8d329dce2,JAF-003,3,1200,2026-05-12T19:26:45,,False
00e19f40-e618-4c60-b4cc-b78a3ad72772,19745709-ea9f-40bf-afcd-85c8d329dce2,BEV-003,1,600,2026-05-12T19:35:45,,False
05025d76-2463-4420-8b72-474638750556,19745709-ea9f-40bf-afcd-85c8d329dce2,BEV-003,1,600,2026-05-12T19:52:45,,False
d86637c6-56de-41d5-a0db-d6f3e9f5e7ab,19745709-ea9f-40bf-afcd-85c8d329dce2,JAF-004,1,1400,2026-05-12T20:01:45,,False
7fd0d93f-5dca-4899-a404-d3caf6519bf0,28a76941-361b-47da-84df-ccd581d1d8ac,JAF-002,1,1100,2026-07-24T05:43:21,,False
1ac906f7-2c5b-4558-8066-0fca2152a2e2,28a76941-361b-47da-84df-ccd581d1d8ac,JAF-001,2,1100,2026-07-24T05:44:21,,False
d24f3df6-341e-40e1-9471-fa720755eee4,28a76941-361b-47da-84df-ccd581d1d8ac,JAF-004,3,1400,2026-07-24T06:04:21,,False
2b13a4f1-79be-453e-a565-0857773284b1,28a76941-361b-47da-84df-ccd581d1d8ac,BEV-005,1,400,2026-07-24T06:06:21,,False
6255441e-1a05-4aea-8994-cebc4dac685c,14088b4b-d292-4a6d-918b-c569d34dcd1c,JAF-001,2,1100,2026-03-01T06:17:18,,False
ac88e7e6-6878-4b47-aac2-72ccec86f627,14088b4b-d292-4a6d-918b-c569d34dcd1c,JAF-005,2,1200,2026-03-01T06:18:18,,False
6741b486-3c35-48be-8533-5c3869ff89f7,daccfd9b-e0cd-4d0c-aa40-3e55c5ec6cbf,BEV-005,3,400,2026-06-25T01:45:55,,False
c77d1dae-9637-481d-bfec-30f331d8416e,a2d3fe32-0489-441c-873c-7e591a75aca3,BEV-005,1,400,2026-04-07T04:46:34,,False
e9088bda-47bd-45b9-a79a-fa2c81b81867,a2d3fe32-0489-441c-873c-7e591a75aca3,JAF-005,1,1200,2026-04-07T05:02:34,,False
6117bef5-7137-4b75-aaa2-063430748432,80ae4729-0793-4495-8b41-f47a7a6c390f,JAF-004,2,1400,2026-03-24T23:45:43,,False
ae817eb4-cddf-4a07-a375-c89e9818be7a,80ae4729-0793-4495-8b41-f47a7a6c390f,BEV-005,3,400,2026-03-24T23:49:43,,False
c9d4d294-5640-4a17-aa73-ebcfbb894fbe,80ae4729-0793-4495-8b41-f47a7a6c390f,BEV-005,2,400,2026-03-25T00:01:43,,False
93151999-3fb7-4e41-873c-164d5919db2a,5dcef4a4-529b-4ea0-b439-3f2b1a4a77e9,BEV-001,1,600,2026-07-01T19:51:44,,False
6c9fdc70-9e3b-4617-868a-c8c902424179,5dcef4a4-529b-4ea0-b439-3f2b1a4a77e9,JAF-002,1,1100,2026-07-01T20:03:44,,False
cbd9c37e-eb91-4099-9794-a0984672e1b3,918d28b6-afc0-4568-84a5-e46191c69320,BEV-003,3,600,2026-05-24T23:54:54,,False
189a307d-b3b5-4736-aad5-8cc90729ead4,918d28b6-afc0-4568-84a5-e46191c69320,JAF-005,1,1200,2026-05-24T23:57:54,,False
3ecd2017-d238-49f6-a0aa-0be602e4da70,918d28b6-afc0-4568-84a5-e46191c69320,BEV-002,1,500,2026-05-25T00:14:54,2026-05-25T00:31:54,False
e5edda7f-5a06-41cb-b0cf-3fdf5d3a467d,712d6e49-f914-4c62-8710-9fc5ae42b11a,JAF-005,2,1200,2026-03-15T13:12:12,,False
0bdfa820-5e80-4121-8039-c00aa2c08e42,dd26564e-9844-4081-b0de-0ffb910f298e,BEV-002,1,500,2026-08-02T11:41:17,,False
774fe577-cdea-4056-97b3-c0baeb1ac443,dd26564e-9844-4081-b0de-0ffb910f298e,BEV-002,2,500,2026-08-02T11:57:17,,False
4570facc-f4fe-4ee6-b5f4-6d733acc72ff,dd26564e-9844-4081-b0de-0ffb910f298e,BEV-004,1,700,2026-08-02T12:04:17,,False
1da81526-82fa-4308-9fbf-96c37aad75a6,b86588ef-6610-4538-9073-467c066fc2d5,JAF-004,1,1400,2026-07-17T11:06:45,,False
5ae88d68-ee68-4f6a-8485-0d2fe4782385,1f30e00c-683d-4159-8f7f-4ce74e7bb68d,JAF-004,1,1400,2026-03-17T18:06:07,,False
672dbf6a-3bd3-4bf3-b527-5ae6425739ba,1f30e00c-683d-4159-8f7f-4ce74e7bb68d,BEV-001,1,600,2026-03-17T18:07:07,,False
7cec86b4-5609-4b3b-be74-ca481c83ce25,1f30e00c-683d-4159-8f7f-4ce74e7bb68d,JAF-001,1,1100,2026-03-17T18:13:07,2026-03-17T18:35:07,False
00ad3c79-4c6d-4389-94fc-ba6cf26544bd,1f30e00c-683d-4159-8f7f-4ce74e7bb68d,JAF-002,1,1100,2026-03-17T18:20:07,,False
cc5c5730-08e5-445d-94db-dbb5dac2f48a,8a20a9a7-b471-46bb-95ae-17c0548587f1,JAF-004,1,1400,2026-04-25T17:26:08,,False
1e1a4231-d08a-409d-8403-8d8c7c97ffaa,8a20a9a7-b471-46bb-95ae-17c0548587f1,JAF-005,1,1200,2026-04-25T17:45:08,,False
1ed9d23c-90a4-42c8-b98a-301f6f5a7134,799ed0c4-24fb-4b0c-8b44-e463f3573c61,BEV-005,1,400,2026-06-17T12:18:15,,False
521db0c9-35aa-43fc-81b3-47937bc4b496,0e96605a-2a14-4205-a792-32f20bddfa0e,JAF-005,1,1200,2026-06-06T14:08:35,,False
de05a280-6332-4f21-8f24-6c48e15c452a,0e96605a-2a14-4205-a792-32f20bddfa0e,BEV-004,1,700,2026-06-06T14:19:35,,False
4101214c-33d3-47da-a9ed-4002f803e505,40ad49e1-e2e5-455f-b0d2-ac45c9c5677b,JAF-005,1,1200,2026-06-21T15:19:22,,False
f9f3f630-f8ff-4e4c-b2a0-be2d6682613a,40ad49e1-e2e5-455f-b0d2-ac45c9c5677b,BEV-003,1,600,2026-06-21T15:22:22,,False
a8d087aa-7c62-4f66-be10-a0909e9820e1,381e8c67-f7ae-432d-bed0-271092e3af05,JAF-005,3,1200,2026-04-13T04:41:16,,False
b8214978-6ccf-48aa-a28e-dbde2c91fcc6,381e8c67-f7ae-432d-bed0-271092e3af05,BEV-002,1,500,2026-04-13T04:44:16,,False
2dc82c16-2a08-47fb-ae6d-c39e6c7279b1,381e8c67-f7ae-432d-bed0-271092e3af05,BEV-005,1,400,2026-04-13T04:47:16,,False
723c4670-2146-4fe7-9754-c8eef4987b64,3a61e829-e550-436a-ae6e-37a6a85906f0,BEV-003,1,600,2026-08-16T00:49:50,2026-08-16T01:07:50,False
70ad22d0-0dab-4b9c-b64d-925d243eba21,3a61e829-e550-436a-ae6e-37a6a85906f0,BEV-003,1,600,2026-08-16T00:57:50,,False
350df62b-cbf8-403a-9c25-52dcab7977f8,3a61e829-e550-436a-ae6e-37a6a85906f0,JAF-002,1,1100,2026-08-16T01:08:50,,False
fd5fb648-2594-4718-84b3-a04cee992607,91d5f68d-b395-43dd-9f1d-ad1a6670ca50,BEV-005,2,400,2026-07-23T12:55:48,,False
5945cff5-7e32-4df8-b14a-47c1585b3868,91d5f68d-b395-43dd-9f1d-ad1a6670ca50,JAF-003,1,1200,2026-07-23T13:10:48,,False
b82e4651-9ec5-4d3a-9bc3-88ef30712d19,91d5f68d-b395-43dd-9f1d-ad1a6670ca50,BEV-002,2,500,2026-07-23T13:24:48,,False
74ac8059-6657-48b7-917c-d2b3b5e98058,98147be3-73d9-4826-832d-deafb23fff5c,JAF-004,2,1400,2026-07-31T18:42:53,,False
d480b03a-b3ba-4608-9444-fd9762ceb583,cbb253c7-7de8-4e51-a342-1b95aab0169c,JAF-004,1,1400,2026-06-05T16:33:34,,False
2c176cdf-9360-4356-80a5-67c1f4177f15,1f456fa5-e154-4c5d-9de2-f259790892d3,JAF-003,1,1200,2026-06-19T20:36:37,,False
d7a4d075-7b86-4ff0-9152-b1d5de2d2659,1f456fa5-e154-4c5d-9de2-f259790892d3,BEV-004,1,700,2026-06-19T20:55:37,,False
2c309967-a3cc-4d0f-9581-f5bd61da97c3,1f456fa5-e154-4c5d-9de2-f259790892d3,BEV-005,1,400,2026-06-19T21:04:37,,False
4bbd56a4-d8f1-49c5-ac40-08d8f1bd67db,e35db423-2115-4a62-8283-34e44d5ade62,BEV-005,1,400,2026-07-02T02:47:52,,False
46c69699-f190-4638-8aa2-7d8504e0a35a,e35db423-2115-4a62-8283-34e44d5ade62,BEV-004,2,700,2026-07-02T03:05:52,,False
68c1e20a-4914-48a4-8561-782bc903dc1c,20f288c2-c5c9-43eb-990e-7644beb5e9ab,BEV-002,2,500,2026-06-19T02:46:46,,False
83cd5142-5236-46c7-beaf-8cfec1e7ed7d,20f288c2-c5c9-43eb-990e-7644beb5e9ab,BEV-002,2,500,2026-06-19T02:55:46,,True
db05159d-de94-4048-a1ed-9ecb61366aac,148188d0-9334-4f23-b69e-2369ffd08080,JAF-004,1,1400,2026-03-20T12:02:45,,False
7c8e67f9-e9c3-4481-b924-fa4a1528d001,3c73e60d-2b2f-4d53-a613-354a12f8ec1f,JAF-002,2,1100,2026-04-28T17:31:07,,False
c585fc1d-e259-4d4b-bb6d-59079a86a3fb,3c73e60d-2b2f-4d53-a613-354a12f8ec1f,JAF-001,1,1100,2026-04-28T17:34:07,,False
9a89f541-0f8c-49b6-a568-c1b779fdf64f,3c73e60d-2b2f-4d53-a613-354a12f8ec1f,BEV-005,2,400,2026-04-28T17:53:07,,False
e6be31e6-a770-40d6-9913-b30594a42d5d,717ba87d-b37a-4483-9345-5772854704ab,BEV-001,1,600,2026-03-02T23:43:17,,False
0244209d-b730-414c-ba8e-90b844afff71,e9ea5cdb-1089-4a4e-95fd-6e0bd4fab41c,BEV-002,2,500,2026-07-18T06:49:24,,False
4941a5a7-2ef7-4e99-b083-5619e5bb5e04,fa55dcbe-9a34-4569-8201-47cbd3ed9761,JAF-005,1,1200,2026-06-29T19:49:57,,False
b9114907-fc2c-49a4-a2b0-b2845b2e5a11,fa55dcbe-9a34-4569-8201-47cbd3ed9761,BEV-002,1,500,2026-06-29T19:54:57,,False
ed1696ae-6c22-404a-8678-da1eedce233c,fa55dcbe-9a34-4569-8201-47cbd3ed9761,JAF-001,1,1100,2026-06-29T20:13:57,,False
b8cdd4b6-65ac-47cc-a305-727bf82df6aa,6ae85619-c548-4c96-864e-1e6ee8d6e928,JAF-002,1,1100,2026-05-19T21:20:35,,False
53b69e5f-0461-4328-83ef-e667dcceca1e,4f9f7fc2-0224-47c8-ba78-e57b2ed1f3eb,BEV-004,1,700,2026-03-13T16:49:33,,False
f986984e-c809-4671-9d96-60691d140807,4f9f7fc2-0224-47c8-ba78-e57b2ed1f3eb,BEV-004,1,700,2026-03-13T16:58:33,,False
93570111-ed91-494a-8896-b2555e2f3ee8,9b1e9e07-ec09-44e8-b58e-66c693a14f88,JAF-001,1,1100,2026-03-20T13:29:32,,False
f9c6a41b-be43-4803-9c40-39e3f6659c79,9b1e9e07-ec09-44e8-b58e-66c693a14f88,BEV-005,1,400,2026-03-20T13:36:32,2026-03-20T13:47:32,False
e920e63d-7e7c-4cb1-a05e-aeac955c6498,b204647a-e92e-457d-a1c2-0b0d0461730c,JAF-001,1,1100,2026-05-13T21:02:29,,False
eeae54a5-c478-4830-84c9-7f4d78e4e08d,b204647a-e92e-457d-a1c2-0b0d0461730c,JAF-004,2,1400,2026-05-13T21:08:29,,False
db8095b9-551b-4056-91c7-e5ce646b2d9f,1b3bf9dd-e5c0-40ab-a941-73ba184f5f1d,JAF-002,2,1100,2026-03-15T01:13:21,,False
ad47e42c-4ce5-4efc-81bc-af963f2143c1,1b3bf9dd-e5c0-40ab-a941-73ba184f5f1d,JAF-001,0,1100,2026-03-15T01:22:21,2026-03-15T01:36:21,False
be757542-e24d-4653-8e23-24c7999ccd1b,1b3bf9dd-e5c0-40ab-a941-73ba184f5f1d,JAF-003,0,1200,2026-03-15T01:26:21,,False
95c87fe0-54d9-4a9c-b355-714d59581432,1b3bf9dd-e5c0-40ab-a941-73ba184f5f1d,JAF-004,1,1400,2026-03-15T01:45:21,,False
5673b6b9-737c-414f-8ed1-aa85996c2bb9,51547514-b0bc-4719-a38f-164efa382a88,BEV-004,1,700,2026-07-12T18:38:28,,False
0dfd3663-e8f5-4277-be6f-0e4f8037b37d,4f356f0b-cce2-4079-90f0-1b9ad40356f4,BEV-005,1,400,2026-06-14T04:18:39,,False
2aad4040-77b4-4195-a019-71a7638ec283,4f356f0b-cce2-4079-90f0-1b9ad40356f4,BEV-002,1,500,2026-06-14T04:36:39,,False
512fc545-02f2-4283-92dd-470c23cd362e,4f356f0b-cce2-4079-90f0-1b9ad40356f4,BEV-003,2,600,2026-06-14T04:45:39,,False
83a6af1c-e0c0-4a90-8203-8ce495a22b13,71683403-7970-48d6-b259-b29c3af6880f,BEV-001,1,600,2026-07-26T05:27:22,,False
cbaf862b-ecb8-49c8-9a79-b21142597ab5,71683403-7970-48d6-b259-b29c3af6880f,BEV-001,1,600,2026-07-26T05:29:22,,False
13c2d370-88ba-4938-ac0e-6b3aa8b8c5f0,71683403-7970-48d6-b259-b29c3af6880f,JAF-001,1,1100,2026-07-26T05:32:22,,False
67e85956-2672-4c32-bcbd-cd4d81bc7d43,adcc3212-fdbc-4566-bdfb-66cf2aec4b31,BEV-001,1,600,2026-05-15T16:20:20,,False
8c83780a-7701-45af-bc70-4491e922b217,adcc3212-fdbc-4566-bdfb-66cf2aec4b31,JAF-001,1,1100,2026-05-15T16:22:20,,False
51c5aca2-956f-4f3a-98c1-f4d4839b8c11,adcc3212-fdbc-4566-bdfb-66cf2aec4b31,JAF-003,1,1200,2026-05-15T16:38:20,,False
430d3e1e-4035-47be-b697-3661de038118,3d005718-40f8-40a2-9a3e-b293d486e1a9,BEV-001,2,600,2026-06-20T17:02:46,,False
ca328bc1-dcb3-48ec-9efe-bb7f0077f28f,3d005718-40f8-40a2-9a3e-b293d486e1a9,JAF-004,2,1400,2026-06-20T17:15:46,,False
0ea7eda3-b9b0-4319-a398-7010657b66c3,3d005718-40f8-40a2-9a3e-b293d486e1a9,BEV-003,1,600,2026-06-20T17:27:46,,False
a7e91e2c-76fc-4ffa-a6b4-ffb02dc56f99,c53695ad-e620-4a5d-a2fd-ccb4c1d87be7,BEV-003,2,600,2026-07-18T01:03:31,,False
87059aed-a9c4-458a-a131-4439729a3a1b,7f20640f-c042-458e-a1dd-d0e72377655d,BEV-001,1,600,2026-06-10T19:47:07,,False
3e3772d3-85c1-4791-b870-1df10c4e3c96,7f20640f-c042-458e-a1dd-d0e72377655d,JAF-003,3,1200,2026-06-10T19:55:07,,False
e67e9789-22da-4c92-b485-42870373509d,7f20640f-c042-458e-a1dd-d0e72377655d,JAF-004,1,1400,2026-06-10T20:12:07,,False
3f773905-8b83-4d46-a79f-685fe2eb171d,15dd9525-4d19-4576-bfbd-ed8569be1601,BEV-005,1,400,2026-07-07T22:14:01,,False
db7cfd0b-49c4-487a-b374-2977a71bc6a1,dca3abe0-34c0-4c35-abdd-682717c164ac,JAF-999-DELISTED,1,1200,2026-04-13T21:55:05,,False
2551d3ec-a303-43ae-b603-bc400ba787bb,d1b293b0-a6c2-4e2f-9a69-28da8a88faa5,JAF-004,1,1400,2026-05-11T13:20:32,,False
e5131c87-5c83-4dd9-9546-25fc14da30ae,755e1aa2-c8e8-4f31-897a-91f3f39627bb,JAF-003,1,1200,2026-04-13T00:37:29,,False
d06230a6-1705-483f-965b-745571f09110,755e1aa2-c8e8-4f31-897a-91f3f39627bb,JAF-005,1,1200,2026-04-13T00:47:29,,False
f056ff37-a2a6-408b-b93c-bfe3ce697828,5b75be06-ea5e-4df1-b6ae-6aecc763a1c4,JAF-002,1,1100,2026-03-13T19:36:58,,False
aacd23d0-7bd3-4875-adf8-4745a3ecdd5d,7c8ce61e-e5e6-4275-83bd-49d4baed1076,JAF-001,3,1100,2026-05-01T01:50:38,,False
88cf2027-bded-4c96-bf91-6b3d5b434b57,7c8ce61e-e5e6-4275-83bd-49d4baed1076,BEV-004,1,700,2026-05-01T02:06:38,2026-05-01T02:20:38,False
7aedd7bd-465a-42a8-9a3e-c4f961d37c44,7c8ce61e-e5e6-4275-83bd-49d4baed1076,JAF-003,1,1200,2026-05-01T02:10:38,,False
182a56dc-642b-4290-bcd2-bbd614ab4f6e,442f03d0-5742-43a4-a58d-94199bbdd733,BEV-003,1,600,2026-06-19T11:27:14,,False
3ebe0dc7-cef7-4e1a-a9f2-84800713aa84,c61be9cf-6da5-4bef-b780-80672c6a55e9,BEV-005,2,400,2026-03-18T11:32:23,,False
432a3713-2cb7-46e4-9e3a-5db4dbdddd71,c61be9cf-6da5-4bef-b780-80672c6a55e9,JAF-004,1,1400,2026-03-18T11:42:23,,False
90222908-c185-42a7-a16f-d80c8c72f88e,c61be9cf-6da5-4bef-b780-80672c6a55e9,BEV-004,1,700,2026-03-18T11:50:23,,False
0faa265f-7321-4248-9a2d-7b30653e6cac,42a54a32-8b07-4218-b5e5-970f1a6a65e6,BEV-002,1,500,2026-07-03T02:01:46,,False
6e7b9c10-8be6-4d5f-b0bf-deab50ad26ae,256b5fb6-0d43-45a2-b59e-3e12c562a360,BEV-005,3,400,2026-04-28T00:18:09,,False
6f6329df-2cc7-41ac-9ca3-450df340b3c0,a24c938d-cc1d-4e79-abfc-f6e20c035e81,JAF-005,1,1200,2026-03-25T02:38:30,,False
0df0be79-e349-4d63-ac82-b1611e58bcab,a24c938d-cc1d-4e79-abfc-f6e20c035e81,JAF-005,1,1200,2026-03-25T02:41:30,2026-03-25T03:01:30,False
f79822f8-9072-4589-97f8-ceddece505fd,0eeab226-24fe-4b71-b704-937f320de013,BEV-004,2,700,2026-02-17T06:30:38,2026-02-17T06:57:38,False
99028658-7ed6-40d3-a740-62fd6bd693f6,8360e151-f2b8-4972-8ce7-da1b8e4c5856,JAF-002,1,1100,2026-02-16T21:27:10,,False
94d200dc-3b42-4c2d-a68b-8bf34c993284,d05267d9-ced9-48d4-b316-a4fafdc1b211,JAF-003,1,1200,2026-03-02T23:32:39,,False
86ef6ba2-0776-445d-b6a7-0eed228f90cb,87f193fb-7556-4526-8eec-76666e0a5b40,BEV-002,1,500,2026-02-16T22:32:11,,False
21eb3c39-484c-4f7c-9858-523185f56207,87f193fb-7556-4526-8eec-76666e0a5b40,JAF-004,3,1400,2026-02-16T22:34:11,,False
c727475f-8fb0-4dbc-a5b6-a9163dfaa60f,4d27bf9b-857d-4b13-b5ed-246d8fd06489,JAF-002,2,1100,2026-04-28T05:36:28,,False
68147ff2-5e05-4019-aaf8-35a042cf02f8,4d27bf9b-857d-4b13-b5ed-246d8fd06489,JAF-004,2,1400,2026-04-28T05:47:28,,False
475e55c5-447d-46c1-9488-8f47a6813e47,4d27bf9b-857d-4b13-b5ed-246d8fd06489,JAF-999-DELISTED,1,1100,2026-04-28T05:57:28,,False
8ed23953-2086-41fe-9a3d-b062712d0034,66b93e43-a426-4fa5-adfc-0b7e55a8f4e7,BEV-004,1,700,2026-05-30T15:08:32,,False
7a4f66eb-176c-4513-bbb7-e0d14340e630,f5989409-cac8-42de-8d0e-fb8804a6a884,JAF-004,1,1400,2026-05-18T18:10:21,,False
a80c32f0-2dae-49eb-905a-4f74ab0c387f,32528fdc-f94b-4f1a-b251-3ba432cb070a,JAF-003,2,1200,2026-05-01T09:49:11,,False
77df750d-35dc-4340-82f9-23f3deb81787,32528fdc-f94b-4f1a-b251-3ba432cb070a,BEV-003,1,600,2026-05-01T09:53:11,,False
aaff1b1a-1f42-4dbc-b8fa-3cfbb3a99b0d,36daf1bb-90d4-4c2c-9396-52e2e7d6442e,JAF-003,1,1200,2026-08-03T20:25:07,,False
fe3934af-0db7-469b-8c07-25f1edc0754f,36daf1bb-90d4-4c2c-9396-52e2e7d6442e,BEV-003,1,600,2026-08-03T20:38:07,,False
71ab5732-e96d-40dc-a54e-23611ab37329,36daf1bb-90d4-4c2c-9396-52e2e7d6442e,JAF-003,3,1200,2026-08-03T20:55:07,,False
0149c301-5992-474b-b608-94434d8375f6,bef1136c-5b33-46e9-b694-4a54ddf4124b,JAF-003,1,1200,2026-02-23T03:14:54,,False
7716763b-7e8d-4f7d-9e33-fd113fa092f5,bef1136c-5b33-46e9-b694-4a54ddf4124b,BEV-003,1,600,2026-02-23T03:15:54,,False
dceffc50-acf4-4cc1-994f-eab5a0a62acb,256633ba-15c7-4ff1-a7a6-41479eb30585,JAF-002,2,1100,2026-04-10T13:27:31,,False
fb3355d0-91b0-4940-92b6-ad17529ba7d8,256633ba-15c7-4ff1-a7a6-41479eb30585,JAF-003,1,1200,2026-04-10T13:45:31,,False
bd166b5b-9cdc-4118-9ce8-09a1c7140e22,9b19cce0-5ae6-4829-8d9b-5e6135a9f67f,BEV-003,1,600,2026-06-30T19:45:34,,False
4aa2af4a-ee3d-4d40-9978-39edfb028906,9b19cce0-5ae6-4829-8d9b-5e6135a9f67f,BEV-002,1,500,2026-06-30T19:57:34,,False
61cc1b7f-d432-48ce-904f-2a1d7010152e,9b19cce0-5ae6-4829-8d9b-5e6135a9f67f,BEV-003,1,600,2026-06-30T20:06:34,,False
8200879c-3223-4e99-95be-4658a8d273eb,9b19cce0-5ae6-4829-8d9b-5e6135a9f67f,BEV-002,1,500,2026-06-30T20:18:34,,False
995124c6-1f7f-48e7-9871-ded179e7ce2e,2489bab9-11b1-4841-93e3-99956de761fb,BEV-004,1,700,2026-05-28T17:50:22,,False
5327460e-51fb-4a93-a238-f90af091fd12,2489bab9-11b1-4841-93e3-99956de761fb,JAF-005,1,1200,2026-05-28T18:01:22,,False
d17990e0-4559-4448-bae3-e303ac78fe6c,2489bab9-11b1-4841-93e3-99956de761fb,BEV-005,1,400,2026-05-28T18:12:22,,False
ea8f2a91-b953-4649-bd42-574df33dbd41,edc992d8-8bef-4579-9e1b-aa3ec0e7d708,JAF-005,1,1200,2026-08-10T10:42:19,,False
32a8ee5a-6ba1-41a1-b825-686eee94caa3,863f0efb-d2d2-4521-ae17-45b71341415a,BEV-004,1,700,2026-03-12T16:09:15,,False
