id,payroll_run_id,employee_id,regular_hours,overtime_hours,gross_pay_cents,federal_tax_cents,state_tax_cents,other_deductions_cents,net_pay_cents
ec5f220f-16a5-4f37-a52a-3059bdc709d5,040a8ffa-ac20-4ce0-9c6c-9ef9f1bd3e06,e352edd9-9089-4e5f-9dad-05bfd00ee15a,80.0,0.0,455838,54701,18234,21229,361674
2a07b21c-a77c-45e2-880a-697581144948,040a8ffa-ac20-4ce0-9c6c-9ef9f1bd3e06,78b0b7c7-f0e7-4836-95bc-94c640f7d2f9,47.06,2.11,229026,27483,9161,10279,182103
fe0d8330-8ac9-499c-9a0b-5972b8404b94,040a8ffa-ac20-4ce0-9c6c-9ef9f1bd3e06,37aa2c6b-5c5d-406e-8dbb-ad5a4018edeb,80.0,0.0,363669,43640,14547,26941,278541
d7f7d5d9-9a1c-4571-a2df-93b125aecdb4,040a8ffa-ac20-4ce0-9c6c-9ef9f1bd3e06,c74e16da-2083-466d-8a10-8566f892b662,56.0,3.78,230954,27714,9238,7077,186925
2d25bafb-0ed0-44e8-a828-9da8e459d30f,040a8ffa-ac20-4ce0-9c6c-9ef9f1bd3e06,6f0feb58-8d2d-4291-9db5-d43d58eb597d,64.0,4.41,356323,42759,14253,26569,272742
286f3fc7-98e6-4e3a-bc92-a3aa6c622e7d,040a8ffa-ac20-4ce0-9c6c-9ef9f1bd3e06,ba629d98-4d22-436c-aa70-6f19a0726237,80.0,0.0,361077,43329,14443,12866,290439
f9ab15ce-a59d-4328-9e7a-6ce605bfcee2,040a8ffa-ac20-4ce0-9c6c-9ef9f1bd3e06,c25b3f34-cc91-42be-8f26-f30a5032f7e3,46.73,3.27,226161,27139,9046,13496,176480
24dc2cbc-90af-40c4-95e0-3533887565d4,040a8ffa-ac20-4ce0-9c6c-9ef9f1bd3e06,718b32b0-daf5-4ef0-afc9-5f4c5cb28588,80.0,0.0,426527,51183,17061,19559,338724
3eb33541-b982-4184-a894-70d7d1a4e40f,040a8ffa-ac20-4ce0-9c6c-9ef9f1bd3e06,94b323f2-7e53-4ee7-b6b0-e4adc2f6b0e2,71.19,1.62,176982,21238,7079,13813,134852
3ca8b9b6-c649-4404-8130-0a05310fe0a3,040a8ffa-ac20-4ce0-9c6c-9ef9f1bd3e06,2f847c66-5b6b-41fa-a5b5-d36d820bbe50,69.91,4.46,138493,16619,5540,8545,107789
30a7efcc-2865-48c8-88a6-7b0c2b4a8c93,040a8ffa-ac20-4ce0-9c6c-9ef9f1bd3e06,682f88c7-a779-4fbc-b71f-7005333737c3,71.29,6.23,313025,37563,12521,11899,251042
1ac5ae5a-4b7f-41eb-ab02-97bce1c9fd95,040a8ffa-ac20-4ce0-9c6c-9ef9f1bd3e06,17b527be-6c67-4b79-b717-84232f15fb72,80.0,0.0,343408,41209,13736,16612,271851
0aafdaf7-8be1-42ef-80e6-92b1bbd49662,040a8ffa-ac20-4ce0-9c6c-9ef9f1bd3e06,8c58dc80-74d9-4b44-bc08-00ca8609acf4,80.0,0.0,434465,52136,17379,22439,342511
2e14553d-59d5-4d23-9490-9ed392947d40,040a8ffa-ac20-4ce0-9c6c-9ef9f1bd3e06,42ec1fc3-c1d2-4b88-8509-2f8c188d6430,80.0,0.0,599627,71955,23985,34478,469209
115b9c99-ab64-469f-a520-f05a1dd8fa4d,040a8ffa-ac20-4ce0-9c6c-9ef9f1bd3e06,c63777ff-a940-438c-b9e9-d3187cd91982,72.0,5.58,286117,34334,11445,12762,227576
a22db844-016e-4401-8c89-8b47b31d1399,040a8ffa-ac20-4ce0-9c6c-9ef9f1bd3e06,fad6f6b8-5bc6-4d3a-9e99-dfea0c381694,56.0,5.38,230972,27717,9239,15096,178920
e04b2254-13ba-477a-b75b-f14e37d29529,040a8ffa-ac20-4ce0-9c6c-9ef9f1bd3e06,3e73f356-1339-4949-adb1-27ccf5b87a8f,61.95,3.5,337277,40473,13491,26565,256748
7e4068c8-df98-430b-bf62-5297f8f07dfe,040a8ffa-ac20-4ce0-9c6c-9ef9f1bd3e06,7da42c67-bf6c-44ed-bfd2-7d75334d73f7,80.0,0.0,257258,30871,10290,17168,198929
54fc2f72-4686-45b8-87a2-fdc62d2ae046,040a8ffa-ac20-4ce0-9c6c-9ef9f1bd3e06,07982c18-ce02-4bad-96a4-316052374b94,80.0,0.0,329292,39515,13172,15954,260651
fa752fc8-6142-4ef2-ab8d-f25cff787c30,040a8ffa-ac20-4ce0-9c6c-9ef9f1bd3e06,11a99a0b-2758-4248-a6ec-da7e52d01f28,62.97,2.01,244342,29321,9774,12786,192461
625cb5a5-cfa2-4436-8376-8a3a7a411a3d,040a8ffa-ac20-4ce0-9c6c-9ef9f1bd3e06,b7572a14-14c0-4634-bc99-528a8231167b,70.06,3.67,352435,42292,14097,17065,278981
fe0d1de4-5e1e-48e1-9920-dc92f5ed9d4c,040a8ffa-ac20-4ce0-9c6c-9ef9f1bd3e06,24e4cc9a-8dbb-49bf-ba7e-46ff84e9547e,80.0,0.0,539738,64769,21590,34330,419049
aa179ac9-d337-48df-94e4-5eefe06ff8ad,040a8ffa-ac20-4ce0-9c6c-9ef9f1bd3e06,bdd3f611-64d5-4276-8d84-6f5bcc9c9ce3,80.0,0.0,261304,31356,10452,15928,203568
bc2b34d3-79c1-4da8-b690-2bf210d5f411,040a8ffa-ac20-4ce0-9c6c-9ef9f1bd3e06,1454be57-fded-4b54-9d50-89cf465c34d7,80.0,4.27,446541,53585,17862,35604,339490
a946bf10-7d83-43fa-aac4-d26db90a6687,040a8ffa-ac20-4ce0-9c6c-9ef9f1bd3e06,5620f37d-03c6-4d68-b27f-a3e8d804b1ca,80.0,0.0,490969,58916,19639,29642,382772
d158d67d-3795-4b32-9149-9e0e331aab65,040a8ffa-ac20-4ce0-9c6c-9ef9f1bd3e06,c6bd2a61-82c4-45f4-a158-dd07220d8415,64.0,2.32,248866,29864,9955,11656,197391
20f3d181-e1da-48ee-a4fb-efaadd0db89c,040a8ffa-ac20-4ce0-9c6c-9ef9f1bd3e06,df1d8519-1624-4319-acb6-d164f78ae26a,48.0,4.65,244859,29383,9794,10169,195513
a5120201-ce32-4c7c-ab34-fe99a1387f0f,040a8ffa-ac20-4ce0-9c6c-9ef9f1bd3e06,8a81ac6f-85e6-419c-9183-2e82f0c41a05,69.48,3.1,185177,22221,7407,10382,145167
71f11e12-64d2-429b-91be-c453da261f96,040a8ffa-ac20-4ce0-9c6c-9ef9f1bd3e06,1c6b05c6-ab8a-4aa6-8f0c-d764fc9baf5c,80.0,0.0,404881,48586,16195,19971,320129
fd2d7482-5225-4c58-8596-0bbcbebf4608,040a8ffa-ac20-4ce0-9c6c-9ef9f1bd3e06,0cdb209c-c94f-4b40-974e-1f3deb0fafeb,80.0,0.0,531119,63734,21245,17675,428465
a68a8ed3-5f45-4969-873a-d3b88c0e6bd0,040a8ffa-ac20-4ce0-9c6c-9ef9f1bd3e06,e15df04a-450d-407a-a2ab-d572fe5e4525,80.0,0.0,451669,54200,18067,24394,355008
2fdfd11d-da70-4b74-a93b-5b89c3b3c16a,040a8ffa-ac20-4ce0-9c6c-9ef9f1bd3e06,1e31d825-7cda-4477-9c48-03bbb941c4cc,70.09,3.4,143914,17270,5757,11138,109749
600f6a8a-46a8-41d7-a179-9256a52e2b9a,040a8ffa-ac20-4ce0-9c6c-9ef9f1bd3e06,ab961f8e-c095-44b8-b322-100f50627d59,70.22,1.51,315455,37855,12618,19054,245928
e86a2bca-a1cd-463e-894a-ae110b8cf100,040a8ffa-ac20-4ce0-9c6c-9ef9f1bd3e06,bddfdd82-44c2-45d9-a9f1-c713788731e6,80.0,0.0,310627,37275,12425,11926,249001
12415ebe-f1e3-4016-8fd6-12e9472a65cf,040a8ffa-ac20-4ce0-9c6c-9ef9f1bd3e06,772b440b-f03a-46f7-b8dc-52196b164239,80.0,0.0,218319,26198,8733,6877,176511
e2fcb6a8-4cb7-4c0c-bf1c-f5bd441b815b,040a8ffa-ac20-4ce0-9c6c-9ef9f1bd3e06,2055f01e-d09e-4af3-b056-4fb999b54b6f,78.8,6.4,164159,19699,6566,11006,126888
3a314fda-89ea-42be-bef0-52d90d47dc69,040a8ffa-ac20-4ce0-9c6c-9ef9f1bd3e06,057781f9-c6a1-4f2d-bbce-affc1469f01b,48.0,2.02,236677,28401,9467,7771,191038
40dd74e3-2dd0-46d8-83a4-e5fa4e9b8cde,040a8ffa-ac20-4ce0-9c6c-9ef9f1bd3e06,cfcd001d-e49c-4b2a-92b1-6eb19366968e,62.22,3.18,336089,40331,13444,12649,269665
5a258ae8-25e6-43b9-afe4-88c60760ba1d,040a8ffa-ac20-4ce0-9c6c-9ef9f1bd3e06,40a083e0-d745-47f0-a76e-70c79ba19043,69.67,6.67,347303,41676,13892,16751,274984
a24dfc0c-d738-4545-ac25-731b8c069bdc,040a8ffa-ac20-4ce0-9c6c-9ef9f1bd3e06,2bb9893e-5b6b-4e5d-b1ff-56d85c7f8baa,80.0,0.0,447554,53706,17902,24252,351694
49de16d4-efdb-4bda-9dda-5f96014e7e10,040a8ffa-ac20-4ce0-9c6c-9ef9f1bd3e06,41543472-3f77-4cc1-b5d9-bb2c51e134fc,70.86,7.12,206622,24795,8265,8187,165375
e9b3a456-7314-4cf7-bccb-8d75f3c94812,040a8ffa-ac20-4ce0-9c6c-9ef9f1bd3e06,4bb907f3-2959-4b4d-acd2-123aea3d4e40,80.0,0.0,471165,56540,18847,18270,377508
34013d6c-b102-4f2c-a18a-deb139992ebe,040a8ffa-ac20-4ce0-9c6c-9ef9f1bd3e06,ad192335-b79b-406a-ba47-0395d697e461,62.52,1.67,210551,25266,8422,10658,166205
b58118f9-0f3e-49a1-ac74-8df5d1398a5a,3a2ab5f1-8987-42a5-9999-112f0651b261,e352edd9-9089-4e5f-9dad-05bfd00ee15a,80.0,0.0,455838,54701,18234,17702,365201
f4ef361c-e93b-4a96-8ac4-063279853435,3a2ab5f1-8987-42a5-9999-112f0651b261,78b0b7c7-f0e7-4836-95bc-94c640f7d2f9,72.0,5.24,364162,43699,14566,25368,280529
f2b2819f-e9fd-4c66-ba54-cee525813821,3a2ab5f1-8987-42a5-9999-112f0651b261,37aa2c6b-5c5d-406e-8dbb-ad5a4018edeb,80.0,0.0,363669,43640,14547,14184,291298
50bac597-707f-4c94-94d5-42a4c87a6a38,3a2ab5f1-8987-42a5-9999-112f0651b261,c74e16da-2083-466d-8a10-8566f892b662,64.0,3.83,261195,31343,10448,16005,203399
35beadd4-7a09-4a76-a6ad-a57bfb297950,3a2ab5f1-8987-42a5-9999-112f0651b261,6f0feb58-8d2d-4291-9db5-d43d58eb597d,68.38,4.35,377971,45357,15119,23888,293607
d8e7eb9d-db40-41df-a6fe-b4d959c6fe21,3a2ab5f1-8987-42a5-9999-112f0651b261,ba629d98-4d22-436c-aa70-6f19a0726237,80.0,0.0,361077,43329,14443,11041,292264
274536d7-61fc-4eb2-986b-8917f722dce3,3a2ab5f1-8987-42a5-9999-112f0651b261,c25b3f34-cc91-42be-8f26-f30a5032f7e3,70.04,5.0,339625,40755,13585,11916,273369
ed9a877e-1942-4d36-95d6-fbb838eb1f68,3a2ab5f1-8987-42a5-9999-112f0651b261,718b32b0-daf5-4ef0-afc9-5f4c5cb28588,80.0,0.0,426527,51183,17061,18430,339853
4d6a0505-0bd7-4446-ab8e-a6b64ee145ff,3a2ab5f1-8987-42a5-9999-112f0651b261,94b323f2-7e53-4ee7-b6b0-e4adc2f6b0e2,63.75,1.75,159566,19148,6383,5003,129032
d2093e66-952d-49b7-abed-fed99fcef868,3a2ab5f1-8987-42a5-9999-112f0651b261,2f847c66-5b6b-41fa-a5b5-d36d820bbe50,71.4,6.45,146584,17590,5863,6130,117001
089d4728-2206-426a-bac6-2d11efe81af5,3a2ab5f1-8987-42a5-9999-112f0651b261,682f88c7-a779-4fbc-b71f-7005333737c3,56.0,1.36,225311,27037,9012,14634,174628
f205e5db-a124-47a3-ab47-5566156d3a8e,3a2ab5f1-8987-42a5-9999-112f0651b261,17b527be-6c67-4b79-b717-84232f15fb72,80.0,0.0,343408,41209,13736,10780,277683
c2cbd5ad-9bc4-447c-8619-414d6eec667a,3a2ab5f1-8987-42a5-9999-112f0651b261,8c58dc80-74d9-4b44-bc08-00ca8609acf4,80.0,0.0,434465,52136,17379,18827,346123
67482d71-f702-41be-b0ab-f539c8c82515,3a2ab5f1-8987-42a5-9999-112f0651b261,42ec1fc3-c1d2-4b88-8509-2f8c188d6430,80.0,0.0,599627,71955,23985,18733,484954
a12483dd-822e-4da1-8ade-7032b5d0f09c,3a2ab5f1-8987-42a5-9999-112f0651b261,c63777ff-a940-438c-b9e9-d3187cd91982,56.0,3.27,216822,26019,8673,16251,165879
f8ed3d42-cc4e-4ad0-a3a3-be3c7d1047cf,3a2ab5f1-8987-42a5-9999-112f0651b261,fad6f6b8-5bc6-4d3a-9e99-dfea0c381694,48.0,4.48,197266,23672,7891,15341,150362
605a8737-dee4-41b1-a28d-2fe6be43b3a7,3a2ab5f1-8987-42a5-9999-112f0651b261,3e73f356-1339-4949-adb1-27ccf5b87a8f,54.03,2.86,292708,35125,11708,13360,232515
7b75b3ad-22eb-49f0-b26b-7661399d3995,3a2ab5f1-8987-42a5-9999-112f0651b261,7da42c67-bf6c-44ed-bfd2-7d75334d73f7,80.0,0.0,257258,30871,10290,13652,202445
c3d4cc18-7556-45f1-952d-e09cd35bdb83,3a2ab5f1-8987-42a5-9999-112f0651b261,07982c18-ce02-4bad-96a4-316052374b94,80.0,0.0,329292,39515,13172,11222,265383
1004e0b9-eade-4d19-8bc9-f202b7fb3ee6,3a2ab5f1-8987-42a5-9999-112f0651b261,11a99a0b-2758-4248-a6ec-da7e52d01f28,56.0,2.38,220588,26471,8824,7541,177752
8415408c-6bc0-448a-8d41-213e3bd63847,3a2ab5f1-8987-42a5-9999-112f0651b261,b7572a14-14c0-4634-bc99-528a8231167b,70.86,1.75,342734,41128,13709,21665,266232
e2e8fef9-9eea-47c1-970b-e3f8dccce3bb,3a2ab5f1-8987-42a5-9999-112f0651b261,24e4cc9a-8dbb-49bf-ba7e-46ff84e9547e,80.0,0.0,539738,64769,21590,33131,420248
b6b428cf-7659-41b5-ada9-c27546d12df0,3a2ab5f1-8987-42a5-9999-112f0651b261,bdd3f611-64d5-4276-8d84-6f5bcc9c9ce3,80.0,0.0,261304,31356,10452,17168,202328
e15f21c2-c723-4a7c-9be0-23629630b1b5,3a2ab5f1-8987-42a5-9999-112f0651b261,1454be57-fded-4b54-9d50-89cf465c34d7,70.6,8.76,432768,51932,17311,14483,349042
9eb35410-9691-45a3-91d1-87c8dd4598a3,3a2ab5f1-8987-42a5-9999-112f0651b261,5620f37d-03c6-4d68-b27f-a3e8d804b1ca,80.0,0.0,490969,58916,19639,29705,382709
48d88850-4cf2-4f39-9ce3-395281fb3da1,3a2ab5f1-8987-42a5-9999-112f0651b261,c6bd2a61-82c4-45f4-a158-dd07220d8415,72.0,8.84,314439,37733,12578,15099,249029
731df17c-d5dc-4fbe-b037-ff2dc9a03b01,3a2ab5f1-8987-42a5-9999-112f0651b261,df1d8519-1624-4319-acb6-d164f78ae26a,40.0,3.05,198537,23824,7941,14572,152200
34937808-4726-4097-943a-2e143ddee611,3a2ab5f1-8987-42a5-9999-112f0651b261,8a81ac6f-85e6-419c-9183-2e82f0c41a05,64.0,7.44,187750,22530,7510,5765,151945
efd6f0b3-e23e-4021-9816-d6803f64e64f,3a2ab5f1-8987-42a5-9999-112f0651b261,1c6b05c6-ab8a-4aa6-8f0c-d764fc9baf5c,80.0,0.0,404881,48586,16195,23027,317073
9dc65eef-8deb-4c48-b899-4591db72f17e,3a2ab5f1-8987-42a5-9999-112f0651b261,0cdb209c-c94f-4b40-974e-1f3deb0fafeb,80.0,0.0,531119,63734,21245,23762,422378
796676e6-549f-4c6e-a02f-f87d02ecb852,3a2ab5f1-8987-42a5-9999-112f0651b261,e15df04a-450d-407a-a2ab-d572fe5e4525,80.0,0.0,451669,54200,18067,16077,363325
2e1be30f-a856-42ff-90dd-7891e9bd9cf6,3a2ab5f1-8987-42a5-9999-112f0651b261,1e31d825-7cda-4477-9c48-03bbb941c4cc,54.91,5.15,119883,14386,4795,8743,91959
c505c9f4-5703-40aa-890f-8c6350e09dbc,3a2ab5f1-8987-42a5-9999-112f0651b261,ab961f8e-c095-44b8-b322-100f50627d59,63.76,2.99,297002,35640,11880,9538,239944
33cc0477-954c-40d9-ab49-f8947bea589d,3a2ab5f1-8987-42a5-9999-112f0651b261,bddfdd82-44c2-45d9-a9f1-c713788731e6,80.0,0.0,310627,37275,12425,18903,242024
51e026e2-5003-454d-8f3e-c31f646c0065,3a2ab5f1-8987-42a5-9999-112f0651b261,772b440b-f03a-46f7-b8dc-52196b164239,80.0,0.0,218319,26198,8733,10054,173334
9df2a8d9-a85b-42ad-8ab1-2f77f2cc328f,3a2ab5f1-8987-42a5-9999-112f0651b261,2055f01e-d09e-4af3-b056-4fb999b54b6f,54.44,1.56,105440,12653,4218,5350,83219
4ba27e38-4b6e-4e9b-9ed3-3fef86b4d2f0,3a2ab5f1-8987-42a5-9999-112f0651b261,057781f9-c6a1-4f2d-bbce-affc1469f01b,63.28,3.24,316033,37924,12641,9712,255756
896c58de-137a-4ba0-a2e2-79c3ac5511d3,3a2ab5f1-8987-42a5-9999-112f0651b261,cfcd001d-e49c-4b2a-92b1-6eb19366968e,47.74,3.35,264722,31767,10589,11722,210644
c08fa443-b010-464a-8d09-56e2257b8596,3a2ab5f1-8987-42a5-9999-112f0651b261,40a083e0-d745-47f0-a76e-70c79ba19043,46.05,3.15,221328,26559,8853,13526,172390
74a3a1e5-4bc7-46bf-b3c9-6d331b0d7a21,3a2ab5f1-8987-42a5-9999-112f0651b261,2bb9893e-5b6b-4e5d-b1ff-56d85c7f8baa,80.0,0.0,447554,53706,17902,18379,357567
9a93a19b-e62f-4ce6-a340-bf90748021e3,3a2ab5f1-8987-42a5-9999-112f0651b261,41543472-3f77-4cc1-b5d9-bb2c51e134fc,71.98,7.71,211703,25404,8468,10541,167290
dc9b528d-243e-4f7d-977a-b593a604e069,3a2ab5f1-8987-42a5-9999-112f0651b261,4bb907f3-2959-4b4d-acd2-123aea3d4e40,80.0,0.0,471165,56540,18847,35085,360693
8b00a05f-57d2-419c-ace8-13b665fc12bd,3a2ab5f1-8987-42a5-9999-112f0651b261,ad192335-b79b-406a-ba47-0395d697e461,78.03,5.32,278500,33420,11140,20859,213081
f2b078f5-c63a-4c85-b943-c1cae6b357e4,1eec9c16-605a-42eb-8026-9b6fd4f2ef5e,e352edd9-9089-4e5f-9dad-05bfd00ee15a,80.0,0.0,455838,54701,18234,16219,366684
e88cbab8-2958-4d30-9bda-f20192a86141,1eec9c16-605a-42eb-8026-9b6fd4f2ef5e,78b0b7c7-f0e7-4836-95bc-94c640f7d2f9,69.19,6.94,362976,43557,14519,17901,286999
5d3a31ef-2d76-418e-8131-491b515a06c8,1eec9c16-605a-42eb-8026-9b6fd4f2ef5e,37aa2c6b-5c5d-406e-8dbb-ad5a4018edeb,80.0,0.0,363669,43640,14547,14700,290782
eedab7a2-4f8e-4cc7-b386-a848d1c66602,1eec9c16-605a-42eb-8026-9b6fd4f2ef5e,c74e16da-2083-466d-8a10-8566f892b662,71.34,7.66,310198,37224,12408,23918,236648
533d96d1-fb1c-44e7-8f82-65901a53cc05,1eec9c16-605a-42eb-8026-9b6fd4f2ef5e,6f0feb58-8d2d-4291-9db5-d43d58eb597d,63.13,5.13,357383,42886,14295,15081,285121
ba75589b-47be-4248-a4ca-79a533ee0802,1eec9c16-605a-42eb-8026-9b6fd4f2ef5e,ba629d98-4d22-436c-aa70-6f19a0726237,80.0,0.0,361077,43329,14443,26148,277157
c2a9517e-b8f9-4643-90e0-42f778a253f3,1eec9c16-605a-42eb-8026-9b6fd4f2ef5e,c25b3f34-cc91-42be-8f26-f30a5032f7e3,55.96,4.32,273487,32818,10939,21550,208180
ed23dc17-c16f-4d29-b692-9fd7f28b819b,1eec9c16-605a-42eb-8026-9b6fd4f2ef5e,718b32b0-daf5-4ef0-afc9-5f4c5cb28588,80.0,0.0,426527,51183,17061,32721,325562
cb9fe76b-f2d0-4a3d-9702-c52e44c87e81,1eec9c16-605a-42eb-8026-9b6fd4f2ef5e,94b323f2-7e53-4ee7-b6b0-e4adc2f6b0e2,53.84,4.89,147065,17648,5883,6161,117373
91483286-1993-496f-ad12-3adde2fcd13a,1eec9c16-605a-42eb-8026-9b6fd4f2ef5e,2f847c66-5b6b-41fa-a5b5-d36d820bbe50,54.67,5.19,112919,13550,4517,6576,88276
df3391df-06c1-4021-a0ff-ea0eff027471,1eec9c16-605a-42eb-8026-9b6fd4f2ef5e,682f88c7-a779-4fbc-b71f-7005333737c3,61.41,1.29,245905,29509,9836,11892,194668
02a1813a-2f35-48bd-9353-f79f9d2cc2e7,1eec9c16-605a-42eb-8026-9b6fd4f2ef5e,17b527be-6c67-4b79-b717-84232f15fb72,80.0,0.0,343408,41209,13736,14262,274201
b6db40bb-3bc6-445e-9b5e-66973f680aae,1eec9c16-605a-42eb-8026-9b6fd4f2ef5e,42ec1fc3-c1d2-4b88-8509-2f8c188d6430,80.0,0.0,599627,71955,23985,41018,462669
1a6f18f2-e8e8-4c18-8718-2349d8028fb5,1eec9c16-605a-42eb-8026-9b6fd4f2ef5e,c63777ff-a940-438c-b9e9-d3187cd91982,61.65,1.45,227217,27266,9089,11769,179093
105d9cca-de54-4267-aefb-6065d2f89716,1eec9c16-605a-42eb-8026-9b6fd4f2ef5e,fad6f6b8-5bc6-4d3a-9e99-dfea0c381694,62.44,1.77,234667,28160,9387,14803,182317
74cb2f68-4b75-45bb-a26d-9b3233b7391e,1eec9c16-605a-42eb-8026-9b6fd4f2ef5e,3e73f356-1339-4949-adb1-27ccf5b87a8f,71.05,3.64,384004,46080,15360,25303,297261
bdf759ce-30af-417a-b201-91602eb20f2e,1eec9c16-605a-42eb-8026-9b6fd4f2ef5e,7da42c67-bf6c-44ed-bfd2-7d75334d73f7,80.0,0.0,257258,30871,10290,8263,207834
ac0f7f1e-a3dc-4dcb-8a9d-5cafcb1b6266,1eec9c16-605a-42eb-8026-9b6fd4f2ef5e,07982c18-ce02-4bad-96a4-316052374b94,80.0,0.0,329292,39515,13172,21033,255572
833fa7a7-6e68-44e7-b492-8dc640683a2e,1eec9c16-605a-42eb-8026-9b6fd4f2ef5e,11a99a0b-2758-4248-a6ec-da7e52d01f28,46.93,1.04,179558,21547,7182,6732,144097
16ab5b0c-2191-4ef1-9569-46635938e9ce,1eec9c16-605a-42eb-8026-9b6fd4f2ef5e,b7572a14-14c0-4634-bc99-528a8231167b,54.32,1.92,266781,32014,10671,20108,203988
91ed7bc0-75ea-4917-84a0-bb5b61f502b3,1eec9c16-605a-42eb-8026-9b6fd4f2ef5e,24e4cc9a-8dbb-49bf-ba7e-46ff84e9547e,80.0,0.0,539738,64769,21590,20843,432536
b423d41a-f488-41eb-a23b-e4254c3340d2,1eec9c16-605a-42eb-8026-9b6fd4f2ef5e,bdd3f611-64d5-4276-8d84-6f5bcc9c9ce3,80.0,0.0,261304,31356,10452,18680,200816
79ae1116-6fb0-4caf-9039-488367896868,1eec9c16-605a-42eb-8026-9b6fd4f2ef5e,1454be57-fded-4b54-9d50-89cf465c34d7,72.0,3.34,397988,47759,15920,19073,315236
6ffd2339-697e-404a-94e0-9ab1b9500972,1eec9c16-605a-42eb-8026-9b6fd4f2ef5e,5620f37d-03c6-4d68-b27f-a3e8d804b1ca,80.0,0.0,490969,58916,19639,16683,395731
bbfe2a5c-9206-4124-9e53-ee724f8ccc41,1eec9c16-605a-42eb-8026-9b6fd4f2ef5e,c6bd2a61-82c4-45f4-a158-dd07220d8415,64.0,1.52,244441,29333,9778,15522,189808
37c0ba6b-5df6-43e7-9e8e-21534d694e66,1eec9c16-605a-42eb-8026-9b6fd4f2ef5e,df1d8519-1624-4319-acb6-d164f78ae26a,71.34,6.0,357834,42940,14313,25628,274953
111fbb8a-811f-4b8b-9441-dccce9a131f4,1eec9c16-605a-42eb-8026-9b6fd4f2ef5e,8a81ac6f-85e6-419c-9183-2e82f0c41a05,69.52,4.62,190972,22917,7639,6094,154322
468a6e24-5275-4315-b93f-6e56723ce670,1eec9c16-605a-42eb-8026-9b6fd4f2ef5e,1c6b05c6-ab8a-4aa6-8f0c-d764fc9baf5c,80.0,0.0,404881,48586,16195,25827,314273
dbda73b0-af8a-4137-9179-2a6fad699d70,1eec9c16-605a-42eb-8026-9b6fd4f2ef5e,0cdb209c-c94f-4b40-974e-1f3deb0fafeb,80.0,0.0,531119,63734,21245,16543,429597
0a75f077-633e-4531-a580-777a2f6639aa,1eec9c16-605a-42eb-8026-9b6fd4f2ef5e,e15df04a-450d-407a-a2ab-d572fe5e4525,80.0,0.0,451669,54200,18067,35028,344374
dcd35226-ea79-4d67-972e-3bb9679def41,1eec9c16-605a-42eb-8026-9b6fd4f2ef5e,1e31d825-7cda-4477-9c48-03bbb941c4cc,62.21,3.14,128085,15370,5123,10226,97366
5bed94c0-837a-4cde-adc7-c75c6016650a,1eec9c16-605a-42eb-8026-9b6fd4f2ef5e,ab961f8e-c095-44b8-b322-100f50627d59,40.0,0.97,180412,21649,7216,11285,140262
a4adc3de-16aa-4864-b38c-57b0b9a71b60,1eec9c16-605a-42eb-8026-9b6fd4f2ef5e,bddfdd82-44c2-45d9-a9f1-c713788731e6,80.0,0.0,310627,37275,12425,17097,243830
f0ae9e0e-fcf3-4ce8-a076-8ff526d1f462,1eec9c16-605a-42eb-8026-9b6fd4f2ef5e,772b440b-f03a-46f7-b8dc-52196b164239,80.0,0.0,218319,26198,8733,12855,170533
368d8589-4249-4d5e-a84f-0bf87c38a18c,1eec9c16-605a-42eb-8026-9b6fd4f2ef5e,2055f01e-d09e-4af3-b056-4fb999b54b6f,80.0,5.25,163184,19582,6527,6967,130108
1a4914a2-2504-405c-8dae-3eab69e8e251,1eec9c16-605a-42eb-8026-9b6fd4f2ef5e,057781f9-c6a1-4f2d-bbce-affc1469f01b,56.0,4.35,289991,34799,11600,13565,230027
ff006e13-5777-41e3-84e4-995e51f9af8b,1eec9c16-605a-42eb-8026-9b6fd4f2ef5e,cfcd001d-e49c-4b2a-92b1-6eb19366968e,80.0,7.31,456371,54765,18255,25629,357722
f7e64f17-dd4c-4214-b5b0-376a31d8a4cf,1eec9c16-605a-42eb-8026-9b6fd4f2ef5e,40a083e0-d745-47f0-a76e-70c79ba19043,38.75,0.77,173946,20874,6958,5799,140315
1bae1fc3-dc09-4c71-ab57-3d1e78bc3f63,1eec9c16-605a-42eb-8026-9b6fd4f2ef5e,2bb9893e-5b6b-4e5d-b1ff-56d85c7f8baa,80.0,0.0,447554,53706,17902,28796,347150
c53a6d7b-afdd-4416-bf73-335b4d81639d,1eec9c16-605a-42eb-8026-9b6fd4f2ef5e,41543472-3f77-4cc1-b5d9-bb2c51e134fc,62.21,1.87,164748,19770,6590,6141,132247
0fa08a52-7c17-4d37-a810-4e035748fb98,1eec9c16-605a-42eb-8026-9b6fd4f2ef5e,4bb907f3-2959-4b4d-acd2-123aea3d4e40,80.0,0.0,471165,56540,18847,37594,358184
398f9a8a-3188-4670-85c0-58b19752c1ff,1eec9c16-605a-42eb-8026-9b6fd4f2ef5e,ad192335-b79b-406a-ba47-0395d697e461,78.37,5.89,282370,33884,11295,10588,226603
5243ab67-12e0-41ac-b3ab-3a2ed8ce72c8,c811f337-ee70-46be-b0a4-6c087a4ef1c5,e352edd9-9089-4e5f-9dad-05bfd00ee15a,80.0,0.0,455838,54701,18234,34771,348132
53cf1313-155a-4331-baaf-430562b91be8,c811f337-ee70-46be-b0a4-6c087a4ef1c5,78b0b7c7-f0e7-4836-95bc-94c640f7d2f9,69.66,1.69,329209,39505,13168,17722,258814
cd73d88c-77ad-4879-8290-0ea638e3828c,c811f337-ee70-46be-b0a4-6c087a4ef1c5,37aa2c6b-5c5d-406e-8dbb-ad5a4018edeb,80.0,0.0,363669,43640,14547,14540,290942
784c9913-cca3-4982-b3a0-c43be2f6557c,c811f337-ee70-46be-b0a4-6c087a4ef1c5,c74e16da-2083-466d-8a10-8566f892b662,64.0,5.9,272823,32739,10913,14805,214366
fadfe662-bf7a-42ac-bcd9-a548e91ee50a,c811f337-ee70-46be-b0a4-6c087a4ef1c5,6f0feb58-8d2d-4291-9db5-d43d58eb597d,54.81,2.64,296553,35586,11862,11284,237821
d059b1bd-4b85-4142-9db7-9497e26c3b68,c811f337-ee70-46be-b0a4-6c087a4ef1c5,ba629d98-4d22-436c-aa70-6f19a0726237,80.0,0.0,361077,43329,14443,18230,285075
0dbc83e1-3e63-4a7f-b7b3-ce60b7c5f398,c811f337-ee70-46be-b0a4-6c087a4ef1c5,c25b3f34-cc91-42be-8f26-f30a5032f7e3,47.34,1.34,216153,25938,8646,6777,174792
d9a45882-2fd5-4ba0-8e75-8f4fe26b509d,c811f337-ee70-46be-b0a4-6c087a4ef1c5,718b32b0-daf5-4ef0-afc9-5f4c5cb28588,80.0,0.0,426527,51183,17061,25533,332750
b55e70cf-e553-4cba-8594-1b33e0f5543f,c811f337-ee70-46be-b0a4-6c087a4ef1c5,94b323f2-7e53-4ee7-b6b0-e4adc2f6b0e2,69.28,7.3,192873,23145,7715,10613,151400
9536d5c7-6fac-475f-9aaf-d4085db498ec,c811f337-ee70-46be-b0a4-6c087a4ef1c5,2f847c66-5b6b-41fa-a5b5-d36d820bbe50,63.13,1.67,118668,14240,4747,4433,95248
3ad94712-a594-4922-95f9-49bb625d60c5,c811f337-ee70-46be-b0a4-6c087a4ef1c5,682f88c7-a779-4fbc-b71f-7005333737c3,56.0,2.86,234046,28086,9362,15219,181379
6f6b1317-9dcd-47b8-aa59-addd6ef57a03,c811f337-ee70-46be-b0a4-6c087a4ef1c5,17b527be-6c67-4b79-b717-84232f15fb72,80.0,0.0,343408,41209,13736,22510,265953
1d6bf106-a01c-4482-a068-63c0dcdef81e,c811f337-ee70-46be-b0a4-6c087a4ef1c5,42ec1fc3-c1d2-4b88-8509-2f8c188d6430,80.0,0.0,599627,71955,23985,19465,484222
a63a7670-13be-4e73-ac91-92ed2f8043e7,c811f337-ee70-46be-b0a4-6c087a4ef1c5,c63777ff-a940-438c-b9e9-d3187cd91982,62.0,1.83,230492,27659,9220,9059,184554
fde08dfe-981d-4e1b-a3f6-63ecafa91f08,c811f337-ee70-46be-b0a4-6c087a4ef1c5,fad6f6b8-5bc6-4d3a-9e99-dfea0c381694,64.0,2.34,243374,29205,9735,12897,191537
988910c8-b303-4c1a-bf48-9c17f6a9156f,c811f337-ee70-46be-b0a4-6c087a4ef1c5,3e73f356-1339-4949-adb1-27ccf5b87a8f,47.63,4.27,271202,32544,10848,13811,213999
9ebaff57-53f7-47a6-b963-186108c88744,c811f337-ee70-46be-b0a4-6c087a4ef1c5,7da42c67-bf6c-44ed-bfd2-7d75334d73f7,80.0,0.0,257258,30871,10290,17983,198114
226a97d9-5507-4ac1-8f6c-731ea06571e5,c811f337-ee70-46be-b0a4-6c087a4ef1c5,07982c18-ce02-4bad-96a4-316052374b94,80.0,0.0,329292,39515,13172,24590,252015
ba40f94d-3722-4ed9-831c-e3eba73d60f1,c811f337-ee70-46be-b0a4-6c087a4ef1c5,11a99a0b-2758-4248-a6ec-da7e52d01f28,46.94,2.1,185483,22258,7419,12956,142850
30862944-2bdd-4a3a-8221-c77828610028,c811f337-ee70-46be-b0a4-6c087a4ef1c5,b7572a14-14c0-4634-bc99-528a8231167b,72.0,7.12,385620,46274,15425,30500,293421
9b40c861-b618-433b-8298-58f971ca9db2,c811f337-ee70-46be-b0a4-6c087a4ef1c5,24e4cc9a-8dbb-49bf-ba7e-46ff84e9547e,80.0,0.0,539738,64769,21590,30636,422743
d27c02c1-71f2-4476-b022-55bd0e6a5318,c811f337-ee70-46be-b0a4-6c087a4ef1c5,bdd3f611-64d5-4276-8d84-6f5bcc9c9ce3,80.0,0.0,261304,31356,10452,16010,203486
f01ea4c6-55a0-4f1f-a263-fa4ede09ffb7,c811f337-ee70-46be-b0a4-6c087a4ef1c5,1454be57-fded-4b54-9d50-89cf465c34d7,72.0,4.38,406050,48726,16242,19225,321857
4bf753d7-e9f9-4df3-8ecf-0fc69daa087c,c811f337-ee70-46be-b0a4-6c087a4ef1c5,5620f37d-03c6-4d68-b27f-a3e8d804b1ca,80.0,0.0,490969,58916,19639,32039,380375
c4a1ffb4-d5f6-4747-a76c-004df98acf01,c811f337-ee70-46be-b0a4-6c087a4ef1c5,c6bd2a61-82c4-45f4-a158-dd07220d8415,64.0,4.04,258381,31006,10335,8997,208043
b8db054e-64c7-4df0-95ea-37232e815925,c811f337-ee70-46be-b0a4-6c087a4ef1c5,df1d8519-1624-4319-acb6-d164f78ae26a,61.11,3.73,297104,35652,11884,10935,238633
a14172c0-357f-40f6-865f-d46e7029f9ce,c811f337-ee70-46be-b0a4-6c087a4ef1c5,8a81ac6f-85e6-419c-9183-2e82f0c41a05,71.26,5.01,196780,23614,7871,14296,150999
b729de03-7af4-4dfe-8470-8145ede4f3d9,c811f337-ee70-46be-b0a4-6c087a4ef1c5,1c6b05c6-ab8a-4aa6-8f0c-d764fc9baf5c,80.0,0.0,404881,48586,16195,22618,317482
88e07b0a-fef0-4ff2-90a6-d43db0243c02,c811f337-ee70-46be-b0a4-6c087a4ef1c5,0cdb209c-c94f-4b40-974e-1f3deb0fafeb,80.0,0.0,531119,63734,21245,32779,413361
992acb7b-7e01-4f45-bf3e-c849ce9d11fe,c811f337-ee70-46be-b0a4-6c087a4ef1c5,e15df04a-450d-407a-a2ab-d572fe5e4525,80.0,0.0,451669,54200,18067,16300,363102
ca529e04-5676-4b68-880f-7ac8295262f1,c811f337-ee70-46be-b0a4-6c087a4ef1c5,1e31d825-7cda-4477-9c48-03bbb941c4cc,48.0,2.6,99337,11920,3973,5076,78368
39ed9d1a-c081-4578-be82-ce63c3ed6e48,c811f337-ee70-46be-b0a4-6c087a4ef1c5,ab961f8e-c095-44b8-b322-100f50627d59,70.3,4.07,332515,39902,13301,11325,267987
2c1ee276-aa12-4adb-9f07-e73b1ef81669,c811f337-ee70-46be-b0a4-6c087a4ef1c5,bddfdd82-44c2-45d9-a9f1-c713788731e6,80.0,0.0,310627,37275,12425,23440,237487
4ffdfc69-99eb-421e-9855-7c6a36c9a243,c811f337-ee70-46be-b0a4-6c087a4ef1c5,772b440b-f03a-46f7-b8dc-52196b164239,80.0,0.0,218319,26198,8733,6782,176606
d6a8a53c-ddce-4a57-bade-09e193283b58,c811f337-ee70-46be-b0a4-6c087a4ef1c5,2055f01e-d09e-4af3-b056-4fb999b54b6f,63.15,3.36,126629,15195,5065,9926,96443
05152806-0c74-423e-a9fa-92faa2be5b88,c811f337-ee70-46be-b0a4-6c087a4ef1c5,057781f9-c6a1-4f2d-bbce-affc1469f01b,69.39,6.29,365590,43871,14624,14986,292109
4c93382d-428a-4494-910e-d4fb36046d13,c811f337-ee70-46be-b0a4-6c087a4ef1c5,cfcd001d-e49c-4b2a-92b1-6eb19366968e,70.66,4.54,388667,46640,15547,13359,313121
5bbb2389-40a9-4de0-892f-c10cdbf55ef3,c811f337-ee70-46be-b0a4-6c087a4ef1c5,2bb9893e-5b6b-4e5d-b1ff-56d85c7f8baa,80.0,0.0,447554,53706,17902,17888,358058
ba7785f7-94a1-4fa5-8b8c-e7c3dfe7c781,c811f337-ee70-46be-b0a4-6c087a4ef1c5,41543472-3f77-4cc1-b5d9-bb2c51e134fc,62.81,4.2,175125,21015,7005,8659,138446
cb7d5271-cfb6-4840-aaa5-a448a4941fbf,c811f337-ee70-46be-b0a4-6c087a4ef1c5,4bb907f3-2959-4b4d-acd2-123aea3d4e40,80.0,0.0,471165,56540,18847,27418,368360
31949df5-1c39-4998-b92c-84fa1940f6fe,c811f337-ee70-46be-b0a4-6c087a4ef1c5,ad192335-b79b-406a-ba47-0395d697e461,64.0,3.14,222483,26698,8899,17240,169646
ef1c85f4-e66f-4e90-b44e-c1b72c0bc3bb,913a63c7-cc5c-4634-81ea-6736bbb453d6,e352edd9-9089-4e5f-9dad-05bfd00ee15a,80.0,0.0,455838,54701,18234,34096,348807
947cc4c5-28db-47e4-988b-c04df86efb29,913a63c7-cc5c-4634-81ea-6736bbb453d6,78b0b7c7-f0e7-4836-95bc-94c640f7d2f9,72.0,4.24,357322,42879,14293,10790,289360
eb896791-9917-497d-8af5-1156ce171d03,913a63c7-cc5c-4634-81ea-6736bbb453d6,37aa2c6b-5c5d-406e-8dbb-ad5a4018edeb,80.0,0.0,363669,43640,14547,15562,289920
9c213b93-908e-4e79-ae41-eb72d4fb00c5,913a63c7-cc5c-4634-81ea-6736bbb453d6,c74e16da-2083-466d-8a10-8566f892b662,55.98,3.12,227172,27261,9087,13735,177089
87ea5369-5c63-440e-a8a4-a6ca10e1f26a,913a63c7-cc5c-4634-81ea-6736bbb453d6,6f0feb58-8d2d-4291-9db5-d43d58eb597d,72.0,5.01,401233,48148,16049,22540,314496
eb981a25-543d-4c78-aa06-7bae7bfbbf2b,913a63c7-cc5c-4634-81ea-6736bbb453d6,ba629d98-4d22-436c-aa70-6f19a0726237,80.0,0.0,361077,43329,14443,20415,282890
5232da6b-3f2e-47b9-9f12-867b9fc4a47b,913a63c7-cc5c-4634-81ea-6736bbb453d6,c25b3f34-cc91-42be-8f26-f30a5032f7e3,55.4,3.62,266435,31972,10657,9870,213936
065cb4d3-3ea6-48a9-80c4-4785c49db5f7,913a63c7-cc5c-4634-81ea-6736bbb453d6,718b32b0-daf5-4ef0-afc9-5f4c5cb28588,80.0,0.0,426527,51183,17061,31167,327116
6bf14da9-051a-4636-9679-13c15d521aae,913a63c7-cc5c-4634-81ea-6736bbb453d6,94b323f2-7e53-4ee7-b6b0-e4adc2f6b0e2,72.0,8.25,202838,24341,8114,11302,159081
c10300a9-312b-4ccc-b13a-578b41c2fec7,913a63c7-cc5c-4634-81ea-6736bbb453d6,2f847c66-5b6b-41fa-a5b5-d36d820bbe50,63.32,3.47,123893,14867,4956,9136,94934
fe9a650d-f2c4-44f4-bca6-40d1640f727f,913a63c7-cc5c-4634-81ea-6736bbb453d6,682f88c7-a779-4fbc-b71f-7005333737c3,70.93,1.43,283677,34041,11347,17692,220597
d5387965-de9d-48aa-85c1-027d245d5b4b,913a63c7-cc5c-4634-81ea-6736bbb453d6,17b527be-6c67-4b79-b717-84232f15fb72,80.0,0.0,343408,41209,13736,19445,269018
c8abc77a-2aa0-44cc-a427-8b4d435233e0,913a63c7-cc5c-4634-81ea-6736bbb453d6,42ec1fc3-c1d2-4b88-8509-2f8c188d6430,80.0,0.0,599627,71955,23985,33684,470003
24b17433-c10c-4a7d-a5f9-5ce9058a1e29,913a63c7-cc5c-4634-81ea-6736bbb453d6,c63777ff-a940-438c-b9e9-d3187cd91982,63.67,4.73,251923,30231,10077,16370,195245
cb05a855-36b5-4aeb-851d-71a2cdb11bfb,913a63c7-cc5c-4634-81ea-6736bbb453d6,fad6f6b8-5bc6-4d3a-9e99-dfea0c381694,63.15,3.86,248529,29823,9941,9314,199451
f0d8b94a-4101-4e9e-85a5-8f1adf182bca,913a63c7-cc5c-4634-81ea-6736bbb453d6,3e73f356-1339-4949-adb1-27ccf5b87a8f,61.27,1.23,316774,38013,12671,9544,256546
0d5351aa-283f-43cc-9470-9d3baaa9c840,913a63c7-cc5c-4634-81ea-6736bbb453d6,7da42c67-bf6c-44ed-bfd2-7d75334d73f7,80.0,0.0,257258,30871,10290,11294,204803
f43f6d98-23be-4a87-b9fd-502d19381737,913a63c7-cc5c-4634-81ea-6736bbb453d6,07982c18-ce02-4bad-96a4-316052374b94,80.0,0.0,329292,39515,13172,11198,265407
84055137-c119-46d6-bd47-a51aeb10d794,913a63c7-cc5c-4634-81ea-6736bbb453d6,11a99a0b-2758-4248-a6ec-da7e52d01f28,54.68,3.68,222921,26751,8917,16703,170550
96199df8-f238-4473-9525-6c751ec169df,913a63c7-cc5c-4634-81ea-6736bbb453d6,b7572a14-14c0-4634-bc99-528a8231167b,63.02,4.03,322119,38654,12885,15475,255105
3b83132f-d64b-4ec4-bfec-d5c624f44605,913a63c7-cc5c-4634-81ea-6736bbb453d6,24e4cc9a-8dbb-49bf-ba7e-46ff84e9547e,80.0,0.0,539738,64769,21590,36144,417235
9143fa93-8f41-4cee-9747-4a6e5a1c1a44,913a63c7-cc5c-4634-81ea-6736bbb453d6,bdd3f611-64d5-4276-8d84-6f5bcc9c9ce3,80.0,0.0,261304,31356,10452,7872,211624
0b2e5ced-739c-4f12-b667-9affa00f7a25,913a63c7-cc5c-4634-81ea-6736bbb453d6,1454be57-fded-4b54-9d50-89cf465c34d7,71.11,3.28,392923,47151,15717,15727,314328
1ad03e9a-5389-4601-b507-af94c01b3b7a,913a63c7-cc5c-4634-81ea-6736bbb453d6,5620f37d-03c6-4d68-b27f-a3e8d804b1ca,80.0,0.0,490969,58916,19639,33588,378826
451fd6ae-a8e4-4ad5-9448-bd748e9d422b,913a63c7-cc5c-4634-81ea-6736bbb453d6,c6bd2a61-82c4-45f4-a158-dd07220d8415,64.0,4.59,261424,31371,10457,17283,202313
11d41fbc-f2c3-4479-9876-03771e58d209,913a63c7-cc5c-4634-81ea-6736bbb453d6,df1d8519-1624-4319-acb6-d164f78ae26a,38.54,0.76,176735,21208,7069,13467,134991
d5cca2a1-08fb-4860-b39b-40995b9f1c4e,913a63c7-cc5c-4634-81ea-6736bbb453d6,8a81ac6f-85e6-419c-9183-2e82f0c41a05,61.21,4.1,168265,20192,6731,7963,133379
cb35ee96-9ecf-4633-a3fb-aefdab60e38a,913a63c7-cc5c-4634-81ea-6736bbb453d6,1c6b05c6-ab8a-4aa6-8f0c-d764fc9baf5c,80.0,0.0,404881,48586,16195,30871,309229
465c55b7-103e-4bed-b0e1-e51a07313e77,913a63c7-cc5c-4634-81ea-6736bbb453d6,0cdb209c-c94f-4b40-974e-1f3deb0fafeb,80.0,0.0,531119,63734,21245,17579,428561
d5493570-59be-4656-a962-428e68dcea51,913a63c7-cc5c-4634-81ea-6736bbb453d6,e15df04a-450d-407a-a2ab-d572fe5e4525,80.0,0.0,451669,54200,18067,27272,352130
8d0fc917-2e5f-4cd2-9f54-fb8436009fa2,913a63c7-cc5c-4634-81ea-6736bbb453d6,1e31d825-7cda-4477-9c48-03bbb941c4cc,63.96,6.25,140363,16844,5615,9199,108705
5dc2e01a-6efe-41d9-bc2a-eb31eee6d87f,913a63c7-cc5c-4634-81ea-6736bbb453d6,ab961f8e-c095-44b8-b322-100f50627d59,48.0,1.04,215685,25882,8627,7408,173768
517e2c0e-330f-4cdb-840b-23b2fd750928,913a63c7-cc5c-4634-81ea-6736bbb453d6,bddfdd82-44c2-45d9-a9f1-c713788731e6,80.0,0.0,310627,37275,12425,10836,250091
d92873df-a43c-46dd-9dc8-339051836ef1,913a63c7-cc5c-4634-81ea-6736bbb453d6,772b440b-f03a-46f7-b8dc-52196b164239,80.0,0.0,218319,26198,8733,15618,167770
c9c83c59-2a85-4a4c-9851-a4b0ce99c1aa,913a63c7-cc5c-4634-81ea-6736bbb453d6,2055f01e-d09e-4af3-b056-4fb999b54b6f,62.43,3.37,125320,15038,5013,3817,101452
e133581d-5d7a-4f36-b08d-1ad35ae58b5c,913a63c7-cc5c-4634-81ea-6736bbb453d6,057781f9-c6a1-4f2d-bbce-affc1469f01b,63.64,8.58,354853,42582,14194,14144,283933
04bcdff5-1b79-4b8b-a029-eedfa8dc3e71,913a63c7-cc5c-4634-81ea-6736bbb453d6,cfcd001d-e49c-4b2a-92b1-6eb19366968e,72.0,3.99,391251,46950,15650,17904,310747
86160c31-0faf-4af6-a270-6885e9cc7c68,913a63c7-cc5c-4634-81ea-6736bbb453d6,2bb9893e-5b6b-4e5d-b1ff-56d85c7f8baa,80.0,0.0,447554,53706,17902,33829,342117
4bb502c9-ea06-4d6c-beef-3b7fe317e907,913a63c7-cc5c-4634-81ea-6736bbb453d6,41543472-3f77-4cc1-b5d9-bb2c51e134fc,76.59,1.78,200845,24101,8034,9126,159584
c74faef6-8031-42d2-9dd8-362f712c1026,913a63c7-cc5c-4634-81ea-6736bbb453d6,4bb907f3-2959-4b4d-acd2-123aea3d4e40,80.0,0.0,471165,56540,18847,27828,367950
b495aba5-758c-4ae5-bcf5-fcce1543b687,913a63c7-cc5c-4634-81ea-6736bbb453d6,ad192335-b79b-406a-ba47-0395d697e461,46.46,3.42,167048,20046,6682,12890,127430
991f77bf-7fb3-42a4-bf7f-46b3ab62e1bf,54430f96-6c84-4d45-8e51-51ea16919548,e352edd9-9089-4e5f-9dad-05bfd00ee15a,80.0,0.0,455838,54701,18234,21655,361248
130d75a8-d62b-4352-bab8-ae3912529d7b,54430f96-6c84-4d45-8e51-51ea16919548,78b0b7c7-f0e7-4836-95bc-94c640f7d2f9,71.64,5.63,365188,43823,14608,26013,280744
b234c818-8e3f-4666-b5ba-41c981ab58c0,54430f96-6c84-4d45-8e51-51ea16919548,37aa2c6b-5c5d-406e-8dbb-ad5a4018edeb,80.0,0.0,363669,43640,14547,12074,293408
2787653e-cf74-470c-9ad7-f00b14b274ae,54430f96-6c84-4d45-8e51-51ea16919548,c74e16da-2083-466d-8a10-8566f892b662,54.98,4.44,230842,27701,9234,7387,186520
cba06810-fdb5-4011-ba86-6816a3f34c61,54430f96-6c84-4d45-8e51-51ea16919548,6f0feb58-8d2d-4291-9db5-d43d58eb597d,48.0,2.81,263477,31617,10539,18511,202810
a8ee4109-8074-43dc-82cb-b0a34667d674,54430f96-6c84-4d45-8e51-51ea16919548,ba629d98-4d22-436c-aa70-6f19a0726237,80.0,0.0,361077,43329,14443,11666,291639
b5c47f02-391c-43d2-8140-7eb5f22e0c3a,54430f96-6c84-4d45-8e51-51ea16919548,c25b3f34-cc91-42be-8f26-f30a5032f7e3,60.92,3.8,291796,35016,11672,22454,222654
f1f0812b-4390-4645-82a5-93fc06d96504,54430f96-6c84-4d45-8e51-51ea16919548,718b32b0-daf5-4ef0-afc9-5f4c5cb28588,80.0,0.0,426527,51183,17061,14212,344071
b9cbc891-7408-4589-aead-81ffe8258ac8,54430f96-6c84-4d45-8e51-51ea16919548,94b323f2-7e53-4ee7-b6b0-e4adc2f6b0e2,70.91,3.61,183485,22018,7339,12899,141229
2caad798-4fe7-4895-a669-9755adcf1b37,54430f96-6c84-4d45-8e51-51ea16919548,2f847c66-5b6b-41fa-a5b5-d36d820bbe50,70.69,1.62,132201,15864,5288,7210,103839
22a21109-fc62-4185-ad79-2939006f835d,54430f96-6c84-4d45-8e51-51ea16919548,682f88c7-a779-4fbc-b71f-7005333737c3,78.81,2.66,321430,38572,12857,23796,246205
cb081b15-63e1-4e36-86c1-1ca20bbab2df,54430f96-6c84-4d45-8e51-51ea16919548,17b527be-6c67-4b79-b717-84232f15fb72,80.0,0.0,343408,41209,13736,13679,274784
28679df4-b58c-4bac-b924-ed9ba7f28967,54430f96-6c84-4d45-8e51-51ea16919548,42ec1fc3-c1d2-4b88-8509-2f8c188d6430,80.0,0.0,599627,71955,23985,23316,480371
94ba6d26-463a-4ee3-ba4e-ec9e9e5f6de6,54430f96-6c84-4d45-8e51-51ea16919548,c63777ff-a940-438c-b9e9-d3187cd91982,56.0,4.87,225366,27044,9015,11371,177936
b0edf163-6d99-4797-8b16-5ccda9b2442e,54430f96-6c84-4d45-8e51-51ea16919548,fad6f6b8-5bc6-4d3a-9e99-dfea0c381694,64.0,2.39,243644,29237,9746,13225,191436
fb37c607-ef1a-4eb6-aa35-7ccb05d0f17e,54430f96-6c84-4d45-8e51-51ea16919548,3e73f356-1339-4949-adb1-27ccf5b87a8f,63.96,2.01,336148,40338,13446,19307,263057
e56d6d55-b012-410d-a62c-7933e9c24d81,54430f96-6c84-4d45-8e51-51ea16919548,7da42c67-bf6c-44ed-bfd2-7d75334d73f7,80.0,0.0,257258,30871,10290,11040,205057
f5a920f6-1cbf-48a0-b3fc-a74fb5b2387f,54430f96-6c84-4d45-8e51-51ea16919548,07982c18-ce02-4bad-96a4-316052374b94,80.0,0.0,329292,39515,13172,14483,262122
ef7456ca-8d57-4177-9ee1-f8bc377d9e1c,54430f96-6c84-4d45-8e51-51ea16919548,11a99a0b-2758-4248-a6ec-da7e52d01f28,56.0,2.93,223643,26837,8946,8049,179811
edb624cd-8cd7-4176-b284-dd0bc9c40a8a,54430f96-6c84-4d45-8e51-51ea16919548,b7572a14-14c0-4634-bc99-528a8231167b,54.0,4.44,282918,33950,11317,21263,216388
736d3dbc-b719-4e34-900c-d30797ffb696,54430f96-6c84-4d45-8e51-51ea16919548,24e4cc9a-8dbb-49bf-ba7e-46ff84e9547e,80.0,0.0,539738,64769,21590,40671,412708
20688c87-6600-4d25-997d-9d0e9d196a3b,54430f96-6c84-4d45-8e51-51ea16919548,bdd3f611-64d5-4276-8d84-6f5bcc9c9ce3,80.0,0.0,261304,31356,10452,18326,201170
0e3e7ce4-a408-4417-926a-a53c30ee8ce4,54430f96-6c84-4d45-8e51-51ea16919548,1454be57-fded-4b54-9d50-89cf465c34d7,78.98,4.41,442355,53083,17694,14993,356585
3ca7c80d-45ce-4acc-97cd-83e04c83959e,54430f96-6c84-4d45-8e51-51ea16919548,5620f37d-03c6-4d68-b27f-a3e8d804b1ca,80.0,0.0,490969,58916,19639,17357,395057
eebf83d7-f86b-4bf4-bfb4-36f66a3bdb94,54430f96-6c84-4d45-8e51-51ea16919548,c6bd2a61-82c4-45f4-a158-dd07220d8415,55.18,5.68,234926,28191,9397,18626,178712
8d96eea5-4c7b-44e6-9aaf-7f9459841b31,54430f96-6c84-4d45-8e51-51ea16919548,df1d8519-1624-4319-acb6-d164f78ae26a,80.0,4.08,383578,46029,15343,30009,292197
a4322443-f4f9-41b6-bd16-477e94f66a04,54430f96-6c84-4d45-8e51-51ea16919548,8a81ac6f-85e6-419c-9183-2e82f0c41a05,63.68,2.65,169002,20280,6760,11999,129963
4b3e8063-08ed-41d4-8c00-5deea3f77048,54430f96-6c84-4d45-8e51-51ea16919548,1c6b05c6-ab8a-4aa6-8f0c-d764fc9baf5c,80.0,0.0,404881,48586,16195,25471,314629
9e680146-2857-4d69-8fcd-57c90bfd1d35,54430f96-6c84-4d45-8e51-51ea16919548,0cdb209c-c94f-4b40-974e-1f3deb0fafeb,80.0,0.0,531119,63734,21245,34329,411811
c11a2f9d-9ad3-4849-ae3b-1b3608b7d3fe,54430f96-6c84-4d45-8e51-51ea16919548,e15df04a-450d-407a-a2ab-d572fe5e4525,80.0,0.0,451669,54200,18067,17326,362076
0b6ce8a4-a14b-4db6-a9a6-ad7efb4bbc7f,54430f96-6c84-4d45-8e51-51ea16919548,1e31d825-7cda-4477-9c48-03bbb941c4cc,77.11,4.93,161743,19409,6470,10315,125549
6bd6c073-8888-4244-bee5-334886daff87,54430f96-6c84-4d45-8e51-51ea16919548,ab961f8e-c095-44b8-b322-100f50627d59,63.2,5.91,313627,37635,12545,23735,239712
5f699e94-b1f1-4d49-81ac-1d150fee5f65,54430f96-6c84-4d45-8e51-51ea16919548,bddfdd82-44c2-45d9-a9f1-c713788731e6,80.0,0.0,310627,37275,12425,23084,237843
5536a8ff-0751-449f-9f20-ecb3a50a1714,54430f96-6c84-4d45-8e51-51ea16919548,772b440b-f03a-46f7-b8dc-52196b164239,80.0,0.0,218319,26198,8733,10709,172679
484216f1-69e3-4b20-b75d-145a46bf4ced,54430f96-6c84-4d45-8e51-51ea16919548,2055f01e-d09e-4af3-b056-4fb999b54b6f,76.95,2.84,150807,18097,6032,8133,118545
cadf87fc-965f-4494-b0f9-04d956ab9a6a,54430f96-6c84-4d45-8e51-51ea16919548,057781f9-c6a1-4f2d-bbce-affc1469f01b,63.92,4.84,330133,39616,13205,16253,261059
0697db69-94a0-4db8-adfe-ae36d12ebb9d,54430f96-6c84-4d45-8e51-51ea16919548,cfcd001d-e49c-4b2a-92b1-6eb19366968e,78.43,3.58,420425,50451,16817,18322,334835
f143d949-cc89-4609-9eed-ff4ba32bfddd,54430f96-6c84-4d45-8e51-51ea16919548,2bb9893e-5b6b-4e5d-b1ff-56d85c7f8baa,80.0,0.0,447554,53706,17902,17311,358635
5eec2221-6367-497b-8cb4-5e9e77b4099d,54430f96-6c84-4d45-8e51-51ea16919548,41543472-3f77-4cc1-b5d9-bb2c51e134fc,69.04,2.69,185172,22221,7407,13761,141783
fd6707ac-fee2-418e-968f-54dfd54f9191,54430f96-6c84-4d45-8e51-51ea16919548,4bb907f3-2959-4b4d-acd2-123aea3d4e40,80.0,0.0,471165,56540,18847,26864,368914
cbfb5467-8e05-4075-a2ef-079692755076,54430f96-6c84-4d45-8e51-51ea16919548,ad192335-b79b-406a-ba47-0395d697e461,63.87,7.54,243433,29212,9737,9197,195287
86ba3bea-be04-4101-8a1d-8b38a47ee31f,a511e57e-694a-4b82-ba9b-61fa9eef66b4,e352edd9-9089-4e5f-9dad-05bfd00ee15a,80.0,0.0,455838,54701,18234,31125,351778
8d0a3365-db79-43d1-b073-6635f6270505,a511e57e-694a-4b82-ba9b-61fa9eef66b4,78b0b7c7-f0e7-4836-95bc-94c640f7d2f9,62.78,3.42,309670,37160,12387,23376,236747
8c9b6e27-4754-4b44-b6e5-a6e7755f140f,a511e57e-694a-4b82-ba9b-61fa9eef66b4,37aa2c6b-5c5d-406e-8dbb-ad5a4018edeb,80.0,0.0,363669,43640,14547,25086,280396
a993b10d-59e7-45e8-ba05-84b1854cf57c,a511e57e-694a-4b82-ba9b-61fa9eef66b4,c74e16da-2083-466d-8a10-8566f892b662,63.84,3.01,255989,30719,10240,13238,201792
0e3c0127-b5d0-419e-bfd6-ede4df42049a,a511e57e-694a-4b82-ba9b-61fa9eef66b4,6f0feb58-8d2d-4291-9db5-d43d58eb597d,68.27,1.92,359023,43083,14361,20960,280619
48017220-6de6-486c-b51f-5c2d794fbb88,a511e57e-694a-4b82-ba9b-61fa9eef66b4,ba629d98-4d22-436c-aa70-6f19a0726237,80.0,0.0,361077,43329,14443,16700,286605
b4ce9c27-aecf-430d-aebe-e3cdd50876c9,a511e57e-694a-4b82-ba9b-61fa9eef66b4,c25b3f34-cc91-42be-8f26-f30a5032f7e3,71.99,3.95,341268,40952,13651,18730,267935
0b4a203d-2daa-4a5a-a108-a92d0f4d7a78,a511e57e-694a-4b82-ba9b-61fa9eef66b4,718b32b0-daf5-4ef0-afc9-5f4c5cb28588,80.0,0.0,426527,51183,17061,13961,344322
39bdf4c4-8178-4ec1-bf40-01acc13a807f,a511e57e-694a-4b82-ba9b-61fa9eef66b4,94b323f2-7e53-4ee7-b6b0-e4adc2f6b0e2,62.83,1.59,156777,18813,6271,9620,122073
7496c243-b830-43b3-a818-b22954d4f231,a511e57e-694a-4b82-ba9b-61fa9eef66b4,2f847c66-5b6b-41fa-a5b5-d36d820bbe50,63.72,1.28,118677,14241,4747,4766,94923
ca4d60ad-a8e2-453a-90a3-6fd8099ffbc9,a511e57e-694a-4b82-ba9b-61fa9eef66b4,682f88c7-a779-4fbc-b71f-7005333737c3,64.0,4.17,272730,32728,10909,11472,217621
ee289e76-88e4-4f77-b497-c8718b45ed67,a511e57e-694a-4b82-ba9b-61fa9eef66b4,17b527be-6c67-4b79-b717-84232f15fb72,80.0,0.0,343408,41209,13736,12616,275847
758c3c65-d887-4d44-a595-b6062f2b86d5,a511e57e-694a-4b82-ba9b-61fa9eef66b4,42ec1fc3-c1d2-4b88-8509-2f8c188d6430,80.0,0.0,599627,71955,23985,25786,477901
bd13dded-6605-4fa7-9d32-0b62a64e6be3,a511e57e-694a-4b82-ba9b-61fa9eef66b4,c63777ff-a940-438c-b9e9-d3187cd91982,54.85,2.32,207655,24919,8306,8668,165762
5351f17f-fc90-4adf-b587-4609eebe062a,a511e57e-694a-4b82-ba9b-61fa9eef66b4,fad6f6b8-5bc6-4d3a-9e99-dfea0c381694,48.0,4.33,196454,23574,7858,9557,155465
f388849b-1647-4d27-ba15-bb17483be338,a511e57e-694a-4b82-ba9b-61fa9eef66b4,3e73f356-1339-4949-adb1-27ccf5b87a8f,63.17,3.89,346336,41560,13853,10509,280414
54e2c561-2633-4719-9bd6-f60e0978fd07,a511e57e-694a-4b82-ba9b-61fa9eef66b4,7da42c67-bf6c-44ed-bfd2-7d75334d73f7,80.0,0.0,257258,30871,10290,8029,208068
2d9ccdeb-c346-4fa7-a082-0a3bae70861b,a511e57e-694a-4b82-ba9b-61fa9eef66b4,07982c18-ce02-4bad-96a4-316052374b94,80.0,0.0,329292,39515,13172,14816,261789
5128fb23-aea2-41bd-bdad-235c3d6e1faf,a511e57e-694a-4b82-ba9b-61fa9eef66b4,11a99a0b-2758-4248-a6ec-da7e52d01f28,54.22,1.24,207664,24920,8307,15834,158603
4518859d-0b76-4174-9be0-26f8d6250b28,a511e57e-694a-4b82-ba9b-61fa9eef66b4,b7572a14-14c0-4634-bc99-528a8231167b,60.74,2.86,303300,36396,12132,10875,243897
2af4be4a-0b48-4c89-b3af-2f23d9fcf87a,a511e57e-694a-4b82-ba9b-61fa9eef66b4,24e4cc9a-8dbb-49bf-ba7e-46ff84e9547e,80.0,0.0,539738,64769,21590,37744,415635
8ba99329-e6b2-437c-84d6-e794bb73de10,a511e57e-694a-4b82-ba9b-61fa9eef66b4,bdd3f611-64d5-4276-8d84-6f5bcc9c9ce3,80.0,0.0,261304,31356,10452,14311,205185
653168c9-18f1-4e94-ae84-2496452ca4f6,a511e57e-694a-4b82-ba9b-61fa9eef66b4,1454be57-fded-4b54-9d50-89cf465c34d7,48.0,7.52,306359,36763,12254,9897,247445
505ebf37-9d39-4ed6-b736-8f4dbc7b3a25,a511e57e-694a-4b82-ba9b-61fa9eef66b4,5620f37d-03c6-4d68-b27f-a3e8d804b1ca,80.0,0.0,490969,58916,19639,26914,385500
19e02378-13d9-4df3-a07a-179c2a68a576,a511e57e-694a-4b82-ba9b-61fa9eef66b4,c6bd2a61-82c4-45f4-a158-dd07220d8415,44.02,0.5,165112,19813,6604,10541,128154
f9cd4ba0-5b54-468d-a044-7ae806f7a372,a511e57e-694a-4b82-ba9b-61fa9eef66b4,df1d8519-1624-4319-acb6-d164f78ae26a,80.0,6.15,397408,47689,15896,15247,318576
425afeaf-2c92-43d8-a353-9f7305b6c062,a511e57e-694a-4b82-ba9b-61fa9eef66b4,8a81ac6f-85e6-419c-9183-2e82f0c41a05,80.0,8.99,233526,28023,9341,12158,184004
71f42dbc-de89-4380-bca1-7e14d4e033b5,a511e57e-694a-4b82-ba9b-61fa9eef66b4,1c6b05c6-ab8a-4aa6-8f0c-d764fc9baf5c,80.0,0.0,404881,48586,16195,12619,327481
47b7f6c7-d1f3-47a4-a58a-e281336a9d65,a511e57e-694a-4b82-ba9b-61fa9eef66b4,0cdb209c-c94f-4b40-974e-1f3deb0fafeb,80.0,0.0,531119,63734,21245,32023,414117
1b5410d2-39c8-4b55-adbe-ca578b0df71e,a511e57e-694a-4b82-ba9b-61fa9eef66b4,e15df04a-450d-407a-a2ab-d572fe5e4525,80.0,0.0,451669,54200,18067,14847,364555
f0def6f4-c9e8-49a1-a210-a5c5711aa33b,a511e57e-694a-4b82-ba9b-61fa9eef66b4,1e31d825-7cda-4477-9c48-03bbb941c4cc,71.03,4.86,149904,17988,5996,4757,121163
1e5dd971-1a81-49c8-9a31-45340d4ebbd1,a511e57e-694a-4b82-ba9b-61fa9eef66b4,ab961f8e-c095-44b8-b322-100f50627d59,64.0,3.81,303400,36408,12136,21042,233814
847a520a-77e4-4979-be31-4a19d7c26b45,a511e57e-694a-4b82-ba9b-61fa9eef66b4,bddfdd82-44c2-45d9-a9f1-c713788731e6,80.0,0.0,310627,37275,12425,20645,240282
8d61d81e-bc63-4040-b847-27fb03286d26,a511e57e-694a-4b82-ba9b-61fa9eef66b4,772b440b-f03a-46f7-b8dc-52196b164239,80.0,0.0,218319,26198,8733,12790,170598
71c8a38a-097e-40e9-994e-9243fc353828,a511e57e-694a-4b82-ba9b-61fa9eef66b4,2055f01e-d09e-4af3-b056-4fb999b54b6f,63.63,1.7,122896,14748,4916,9478,93754
cce252b2-4459-499d-8fd2-f428f66fea12,a511e57e-694a-4b82-ba9b-61fa9eef66b4,057781f9-c6a1-4f2d-bbce-affc1469f01b,77.51,5.94,400816,48098,16033,24540,312145
64c86e59-e9dd-44ef-b5fd-28322f5efee8,a511e57e-694a-4b82-ba9b-61fa9eef66b4,cfcd001d-e49c-4b2a-92b1-6eb19366968e,62.92,5.5,357060,42847,14282,26717,273214
d314ba7e-5b47-43c3-ab72-3d7302f05ddb,a511e57e-694a-4b82-ba9b-61fa9eef66b4,2bb9893e-5b6b-4e5d-b1ff-56d85c7f8baa,80.0,0.0,447554,53706,17902,33352,342594
5de06b42-e0bc-4c61-9a99-8a5de466c534,a511e57e-694a-4b82-ba9b-61fa9eef66b4,41543472-3f77-4cc1-b5d9-bb2c51e134fc,70.66,3.92,193952,23274,7758,6777,156143
966c8dec-9026-4860-a06b-d30ae75cce52,a511e57e-694a-4b82-ba9b-61fa9eef66b4,4bb907f3-2959-4b4d-acd2-123aea3d4e40,80.0,0.0,471165,56540,18847,25015,370763
42bdfd2a-95cf-4962-9cc6-0ae5326a0599,a511e57e-694a-4b82-ba9b-61fa9eef66b4,ad192335-b79b-406a-ba47-0395d697e461,63.82,4.27,227389,27287,9096,13478,177528
96a60537-2b71-4d55-b53b-756557a72e1e,2478ea4a-4816-4343-8e57-50a9ac969418,e352edd9-9089-4e5f-9dad-05bfd00ee15a,80.0,0.0,455838,54701,18234,30036,352867
e45f65a0-3ba1-4935-83af-ac4cc2649160,2478ea4a-4816-4343-8e57-50a9ac969418,78b0b7c7-f0e7-4836-95bc-94c640f7d2f9,71.37,4.78,358142,42977,14326,20210,280629
1aae666e-f7a6-460d-b012-2fd260d7f1cd,2478ea4a-4816-4343-8e57-50a9ac969418,37aa2c6b-5c5d-406e-8dbb-ad5a4018edeb,80.0,0.0,363669,43640,14547,18719,286763
bf44d2a5-8b5d-47bd-9ab7-c83ffcb8e346,2478ea4a-4816-4343-8e57-50a9ac969418,c74e16da-2083-466d-8a10-8566f892b662,76.04,1.55,293477,35217,11739,13061,233460
97765c6d-d1e1-4752-8442-736b26b1034a,2478ea4a-4816-4343-8e57-50a9ac969418,6f0feb58-8d2d-4291-9db5-d43d58eb597d,56.0,1.79,296125,35535,11845,15940,232805
f80f3c6b-c000-4f81-8d64-7b15f156b0fa,2478ea4a-4816-4343-8e57-50a9ac969418,ba629d98-4d22-436c-aa70-6f19a0726237,80.0,0.0,361077,43329,14443,19181,284124
491a1594-9c31-479e-be24-4dd86ebecc20,2478ea4a-4816-4343-8e57-50a9ac969418,c25b3f34-cc91-42be-8f26-f30a5032f7e3,61.95,1.61,281919,33830,11277,10751,226061
cddc01a5-b35f-48b2-a8a7-1ab58cc2f87f,2478ea4a-4816-4343-8e57-50a9ac969418,718b32b0-daf5-4ef0-afc9-5f4c5cb28588,80.0,0.0,426527,51183,17061,24719,333564
4320bb61-7ba9-40ae-b92c-4cbce2efd255,2478ea4a-4816-4343-8e57-50a9ac969418,94b323f2-7e53-4ee7-b6b0-e4adc2f6b0e2,70.35,5.91,190433,22852,7617,14674,145290
e023c4c9-89ba-4da9-9a46-0fdd11a6047b,2478ea4a-4816-4343-8e57-50a9ac969418,2f847c66-5b6b-41fa-a5b5-d36d820bbe50,70.06,3.52,136215,16346,5449,4171,110249
41dc9aa3-a085-4e2b-9a60-e77baf3ab036,2478ea4a-4816-4343-8e57-50a9ac969418,682f88c7-a779-4fbc-b71f-7005333737c3,68.32,2.59,280300,33636,11212,17670,217782
752e41d4-4b6c-4252-9cba-5167ac972843,2478ea4a-4816-4343-8e57-50a9ac969418,17b527be-6c67-4b79-b717-84232f15fb72,80.0,0.0,343408,41209,13736,23798,264665
eed00522-7206-4ef8-a43b-b1c939e7b125,2478ea4a-4816-4343-8e57-50a9ac969418,42ec1fc3-c1d2-4b88-8509-2f8c188d6430,80.0,0.0,599627,71955,23985,40310,463377
d07d46c3-fbe1-4448-bd29-a502e953ddeb,2478ea4a-4816-4343-8e57-50a9ac969418,c63777ff-a940-438c-b9e9-d3187cd91982,78.22,5.72,309008,37081,12360,13857,245710
c2882bd7-1563-4295-8cf5-7ff0cc5a7758,2478ea4a-4816-4343-8e57-50a9ac969418,fad6f6b8-5bc6-4d3a-9e99-dfea0c381694,63.54,4.22,251881,30226,10075,11270,200310
4c8dc8f0-70f5-4684-94a1-5ba0c7e5071a,2478ea4a-4816-4343-8e57-50a9ac969418,3e73f356-1339-4949-adb1-27ccf5b87a8f,78.96,3.66,423855,50863,16954,29550,326488
f8144329-1087-40fe-a803-33bebe75c50a,2478ea4a-4816-4343-8e57-50a9ac969418,7da42c67-bf6c-44ed-bfd2-7d75334d73f7,80.0,0.0,257258,30871,10290,14620,201477
f0a2ff51-3ab8-4817-8524-8de119fd52bc,2478ea4a-4816-4343-8e57-50a9ac969418,07982c18-ce02-4bad-96a4-316052374b94,80.0,0.0,329292,39515,13172,20524,256081
37d0224f-893e-4d13-b9d2-b1e21ee5cd04,2478ea4a-4816-4343-8e57-50a9ac969418,11a99a0b-2758-4248-a6ec-da7e52d01f28,71.67,2.18,277503,33300,11100,21073,212030
a1cb0311-faf1-40f7-969a-7511906ed0c9,2478ea4a-4816-4343-8e57-50a9ac969418,b7572a14-14c0-4634-bc99-528a8231167b,59.57,3.74,304000,36480,12160,17998,237362
229c6206-33ee-4388-9db7-f8a0180b905c,2478ea4a-4816-4343-8e57-50a9ac969418,24e4cc9a-8dbb-49bf-ba7e-46ff84e9547e,80.0,0.0,539738,64769,21590,35580,417799
17c7fdfc-e74a-489f-8216-4c662fe4541e,2478ea4a-4816-4343-8e57-50a9ac969418,bdd3f611-64d5-4276-8d84-6f5bcc9c9ce3,80.0,0.0,261304,31356,10452,19770,199726
a507de1c-3952-4e9a-8233-14a6be9f2301,2478ea4a-4816-4343-8e57-50a9ac969418,1454be57-fded-4b54-9d50-89cf465c34d7,64.0,8.5,396644,47597,15866,31032,302149
85152547-d9ea-4945-94a9-171e77e5c7bd,2478ea4a-4816-4343-8e57-50a9ac969418,5620f37d-03c6-4d68-b27f-a3e8d804b1ca,80.0,0.0,490969,58916,19639,32681,379733
9695e44a-f5ce-4711-ae2e-333c56795d1e,2478ea4a-4816-4343-8e57-50a9ac969418,c6bd2a61-82c4-45f4-a158-dd07220d8415,46.22,1.07,176379,21165,7055,9941,138218
34e35e6c-51ed-4135-a2e9-98728c1d7b89,2478ea4a-4816-4343-8e57-50a9ac969418,df1d8519-1624-4319-acb6-d164f78ae26a,71.28,2.14,331778,39813,13271,15539,263155
34db2032-41ac-4617-bf50-e34f7bb8163a,2478ea4a-4816-4343-8e57-50a9ac969418,8a81ac6f-85e6-419c-9183-2e82f0c41a05,48.0,1.61,125937,15112,5037,4897,100891
a4f97fc4-3cda-4cb2-9670-85cecc1e3752,2478ea4a-4816-4343-8e57-50a9ac969418,1c6b05c6-ab8a-4aa6-8f0c-d764fc9baf5c,80.0,0.0,404881,48586,16195,25451,314649
70c858db-d636-41f8-8c1e-60c263c46271,2478ea4a-4816-4343-8e57-50a9ac969418,0cdb209c-c94f-4b40-974e-1f3deb0fafeb,80.0,0.0,531119,63734,21245,26780,419360
ecd760d5-ccb9-4702-a920-40202c1f2ab1,2478ea4a-4816-4343-8e57-50a9ac969418,e15df04a-450d-407a-a2ab-d572fe5e4525,80.0,0.0,451669,54200,18067,15425,363977
6d0c96ba-1471-40bc-b0ba-42c1706b6cfc,2478ea4a-4816-4343-8e57-50a9ac969418,1e31d825-7cda-4477-9c48-03bbb941c4cc,57.77,2.31,117204,14064,4688,8183,90269
b9d1c28b-163f-410d-9cd9-d729121a38eb,2478ea4a-4816-4343-8e57-50a9ac969418,ab961f8e-c095-44b8-b322-100f50627d59,54.03,2.75,253091,30371,10124,18466,194130
2908e5e4-c17b-4fcb-8269-6b836b8d3e99,2478ea4a-4816-4343-8e57-50a9ac969418,bddfdd82-44c2-45d9-a9f1-c713788731e6,80.0,0.0,310627,37275,12425,20620,240307
e2c95132-785c-4c59-97ce-04b5cf6ba34a,2478ea4a-4816-4343-8e57-50a9ac969418,772b440b-f03a-46f7-b8dc-52196b164239,80.0,0.0,218319,26198,8733,15852,167536
75328ebf-3f89-43d0-85d0-65857fcd325b,2478ea4a-4816-4343-8e57-50a9ac969418,2055f01e-d09e-4af3-b056-4fb999b54b6f,72.0,5.58,149247,17910,5970,11346,114021
35671030-ee73-43d0-a873-e20b14a92950,2478ea4a-4816-4343-8e57-50a9ac969418,057781f9-c6a1-4f2d-bbce-affc1469f01b,79.23,7.12,417003,50040,16680,19670,330613
a8928d1a-3dfb-472f-aff9-14e9a041752b,2478ea4a-4816-4343-8e57-50a9ac969418,cfcd001d-e49c-4b2a-92b1-6eb19366968e,78.13,4.12,422983,50758,16919,29527,325779
721a6613-dfae-465f-b2c2-3b69e0e24a3e,2478ea4a-4816-4343-8e57-50a9ac969418,2bb9893e-5b6b-4e5d-b1ff-56d85c7f8baa,80.0,0.0,447554,53706,17902,25344,350602
27307f8d-7f2f-4fca-a7f0-946998c7c30b,2478ea4a-4816-4343-8e57-50a9ac969418,41543472-3f77-4cc1-b5d9-bb2c51e134fc,70.85,4.19,195460,23455,7818,11309,152878
20f2c54f-e94c-4313-a2ae-e2e24f9770e0,2478ea4a-4816-4343-8e57-50a9ac969418,4bb907f3-2959-4b4d-acd2-123aea3d4e40,80.0,0.0,471165,56540,18847,14906,380872
2468d07f-36db-453d-9c4d-2d90107cc82a,2478ea4a-4816-4343-8e57-50a9ac969418,ad192335-b79b-406a-ba47-0395d697e461,71.72,5.8,260400,31248,10416,10077,208659
4a091ad9-1805-43bd-86a1-c700862ea405,b16b78f8-a7a2-4191-917a-e5fe3a09bdb6,e352edd9-9089-4e5f-9dad-05bfd00ee15a,80.0,0.0,455838,54701,18234,18810,364093
da1ccf0e-c56e-4fde-abce-883dc0d8628f,b16b78f8-a7a2-4191-917a-e5fe3a09bdb6,78b0b7c7-f0e7-4836-95bc-94c640f7d2f9,78.98,5.27,396196,47544,15848,12471,320333
4592b016-d87b-4ccd-9870-edc190622b66,b16b78f8-a7a2-4191-917a-e5fe3a09bdb6,37aa2c6b-5c5d-406e-8dbb-ad5a4018edeb,80.0,0.0,363669,43640,14547,27748,277734
509060e6-9ff8-4696-9382-97391e8128d6,b16b78f8-a7a2-4191-917a-e5fe3a09bdb6,c74e16da-2083-466d-8a10-8566f892b662,46.71,5.18,204028,24483,8161,14401,156983
947189fe-946b-40be-bf8f-f20a03a29b62,b16b78f8-a7a2-4191-917a-e5fe3a09bdb6,6f0feb58-8d2d-4291-9db5-d43d58eb597d,64.0,1.64,335357,40243,13414,22348,259352
01cd825e-c5bf-48f1-b801-28df6e37e57b,b16b78f8-a7a2-4191-917a-e5fe3a09bdb6,ba629d98-4d22-436c-aa70-6f19a0726237,80.0,0.0,361077,43329,14443,25589,277716
5f514d3c-e9ac-46c8-b4b3-f200bf68387a,b16b78f8-a7a2-4191-917a-e5fe3a09bdb6,c25b3f34-cc91-42be-8f26-f30a5032f7e3,61.69,4.78,301607,36193,12064,22107,231243
16f68468-c8ac-4c7f-a9eb-76312876e1a0,b16b78f8-a7a2-4191-917a-e5fe3a09bdb6,718b32b0-daf5-4ef0-afc9-5f4c5cb28588,80.0,0.0,426527,51183,17061,16289,341994
c6ff4666-958b-4b19-bbce-ff5cf5195770,b16b78f8-a7a2-4191-917a-e5fe3a09bdb6,94b323f2-7e53-4ee7-b6b0-e4adc2f6b0e2,61.21,1.43,152305,18277,6092,8077,119859
f294d295-65b7-4156-886b-dfa7fbd90235,b16b78f8-a7a2-4191-917a-e5fe3a09bdb6,2f847c66-5b6b-41fa-a5b5-d36d820bbe50,46.21,4.25,95074,11409,3803,3682,76180
bb64f916-9fe7-4867-a439-49bf56287fd7,b16b78f8-a7a2-4191-917a-e5fe3a09bdb6,682f88c7-a779-4fbc-b71f-7005333737c3,53.07,5.43,237637,28516,9505,10773,188843
2990851b-bb64-4ea7-a4a5-04eeb82325ab,b16b78f8-a7a2-4191-917a-e5fe3a09bdb6,17b527be-6c67-4b79-b717-84232f15fb72,80.0,0.0,343408,41209,13736,11231,277232
ae8b8dc7-d8a3-4658-aa9b-6d3f731dc1a7,b16b78f8-a7a2-4191-917a-e5fe3a09bdb6,42ec1fc3-c1d2-4b88-8509-2f8c188d6430,80.0,0.0,599627,71955,23985,25055,478632
49e7f93f-29b6-42b2-baa4-d742190ab4a8,b16b78f8-a7a2-4191-917a-e5fe3a09bdb6,c63777ff-a940-438c-b9e9-d3187cd91982,72.0,2.97,272180,32662,10887,21366,207265
39d72c1f-0e89-4540-a423-c6a1edb9cb4a,b16b78f8-a7a2-4191-917a-e5fe3a09bdb6,fad6f6b8-5bc6-4d3a-9e99-dfea0c381694,71.13,4.24,279351,33522,11174,12195,222460
1eb25da4-9fb5-48c7-b25e-844c9116cb70,b16b78f8-a7a2-4191-917a-e5fe3a09bdb6,3e73f356-1339-4949-adb1-27ccf5b87a8f,55.37,2.88,299584,35950,11983,17698,233953
2172e2d3-9c59-43d8-82ff-bd35877688f7,b16b78f8-a7a2-4191-917a-e5fe3a09bdb6,7da42c67-bf6c-44ed-bfd2-7d75334d73f7,80.0,0.0,257258,30871,10290,10422,205675
9c42bfd7-3e73-405c-90f7-1fec18dc7f3b,b16b78f8-a7a2-4191-917a-e5fe3a09bdb6,07982c18-ce02-4bad-96a4-316052374b94,80.0,0.0,329292,39515,13172,13126,263479
40325c99-b309-4463-aa0e-a338f8211a4e,b16b78f8-a7a2-4191-917a-e5fe3a09bdb6,11a99a0b-2758-4248-a6ec-da7e52d01f28,55.87,2.26,219440,26333,8778,13546,170783
72af703b-babc-4746-a5c5-9677e37a107b,b16b78f8-a7a2-4191-917a-e5fe3a09bdb6,b7572a14-14c0-4634-bc99-528a8231167b,46.52,1.84,229842,27581,9194,9486,183581
34b3c06d-d7a1-4e40-8b0c-ac8a13678f67,b16b78f8-a7a2-4191-917a-e5fe3a09bdb6,24e4cc9a-8dbb-49bf-ba7e-46ff84e9547e,80.0,0.0,539738,64769,21590,32925,420454
bb8b7d90-eeb9-4627-9675-651785acb588,b16b78f8-a7a2-4191-917a-e5fe3a09bdb6,bdd3f611-64d5-4276-8d84-6f5bcc9c9ce3,80.0,0.0,261304,31356,10452,8566,210930
5a1aa96c-8869-4fd7-888f-142d28d1fd9d,b16b78f8-a7a2-4191-917a-e5fe3a09bdb6,1454be57-fded-4b54-9d50-89cf465c34d7,56.0,1.47,300803,36096,12032,23576,229099
81c3eb23-9b60-4962-b72c-8f2493bcc4a4,b16b78f8-a7a2-4191-917a-e5fe3a09bdb6,5620f37d-03c6-4d68-b27f-a3e8d804b1ca,80.0,0.0,490969,58916,19639,19721,392693
3c1c939c-852e-4818-bd42-89327417ab93,b16b78f8-a7a2-4191-917a-e5fe3a09bdb6,c6bd2a61-82c4-45f4-a158-dd07220d8415,64.0,6.97,274590,32951,10984,13918,216737
f77676db-ffa0-47ab-b0cc-0d95255e386b,b16b78f8-a7a2-4191-917a-e5fe3a09bdb6,df1d8519-1624-4319-acb6-d164f78ae26a,64.0,3.98,311646,37398,12466,11496,250286
7864861d-15fc-4d53-8991-84427ee9faa7,b16b78f8-a7a2-4191-917a-e5fe3a09bdb6,8a81ac6f-85e6-419c-9183-2e82f0c41a05,70.53,5.87,198179,23781,7927,15668,150803
ea38a286-8e85-4aea-962e-83ba72669f93,b16b78f8-a7a2-4191-917a-e5fe3a09bdb6,1c6b05c6-ab8a-4aa6-8f0c-d764fc9baf5c,80.0,0.0,404881,48586,16195,31073,309027
59deee71-1294-45b7-995d-84203952a7a3,b16b78f8-a7a2-4191-917a-e5fe3a09bdb6,0cdb209c-c94f-4b40-974e-1f3deb0fafeb,80.0,0.0,531119,63734,21245,25082,421058
41ca2956-e72a-4aef-910a-c8c41d3bd627,b16b78f8-a7a2-4191-917a-e5fe3a09bdb6,e15df04a-450d-407a-a2ab-d572fe5e4525,80.0,0.0,451669,54200,18067,32379,347023
24a41d30-37b5-475e-ac31-e582ca7eca95,b16b78f8-a7a2-4191-917a-e5fe3a09bdb6,1e31d825-7cda-4477-9c48-03bbb941c4cc,71.21,1.63,140976,16917,5639,11251,107169
d7ccaa55-c469-4b11-81a0-8900febd684c,b16b78f8-a7a2-4191-917a-e5fe3a09bdb6,ab961f8e-c095-44b8-b322-100f50627d59,64.0,3.34,300332,36040,12013,20723,231556
6e60cedd-f2a3-4bae-82d8-b9fbe5a8ccad,b16b78f8-a7a2-4191-917a-e5fe3a09bdb6,bddfdd82-44c2-45d9-a9f1-c713788731e6,80.0,0.0,310627,37275,12425,18191,242736
c6760fc1-c5ed-4639-8f1b-c40b6b17c7f8,b16b78f8-a7a2-4191-917a-e5fe3a09bdb6,772b440b-f03a-46f7-b8dc-52196b164239,80.0,0.0,218319,26198,8733,10518,172870
ca1e29c8-365b-43b9-8b35-3a74b020cb98,b16b78f8-a7a2-4191-917a-e5fe3a09bdb6,2055f01e-d09e-4af3-b056-4fb999b54b6f,70.61,5.99,147808,17737,5912,5558,118601
9f38edae-0e4d-416a-88bb-f65e09d37982,b16b78f8-a7a2-4191-917a-e5fe3a09bdb6,057781f9-c6a1-4f2d-bbce-affc1469f01b,62.84,6.29,335211,40225,13408,21994,259584
1983c6af-aad8-4798-a0bd-18ad61af31ab,b16b78f8-a7a2-4191-917a-e5fe3a09bdb6,cfcd001d-e49c-4b2a-92b1-6eb19366968e,54.89,2.95,297583,35710,11903,11822,238148
91512509-bff9-4cdb-8420-f9dc947e7a81,b16b78f8-a7a2-4191-917a-e5fe3a09bdb6,2bb9893e-5b6b-4e5d-b1ff-56d85c7f8baa,80.0,0.0,447554,53706,17902,15494,360452
4f5b6f28-b2f6-42e4-b6e8-4fbd64f44996,b16b78f8-a7a2-4191-917a-e5fe3a09bdb6,41543472-3f77-4cc1-b5d9-bb2c51e134fc,64.0,2.01,169816,20378,6793,5512,137133
e367f34b-4965-4f43-af16-9252c01e0933,b16b78f8-a7a2-4191-917a-e5fe3a09bdb6,4bb907f3-2959-4b4d-acd2-123aea3d4e40,80.0,0.0,471165,56540,18847,33836,361942
1ee3881a-0d00-45bb-8ea3-3d5ad1c04294,b16b78f8-a7a2-4191-917a-e5fe3a09bdb6,ad192335-b79b-406a-ba47-0395d697e461,79.13,3.84,274874,32985,10995,13901,216993
042eea15-4611-46fd-8d44-6bec26a31447,1190916e-0590-4e19-bf92-90418c76692b,e352edd9-9089-4e5f-9dad-05bfd00ee15a,80.0,0.0,455838,54701,18234,33992,348911
70a20b4b-8dba-44c5-ae53-9129ce13ff89,1190916e-0590-4e19-bf92-90418c76692b,78b0b7c7-f0e7-4836-95bc-94c640f7d2f9,70.26,4.77,353012,42361,14120,19583,276948
57cc7783-8b27-4335-8e6b-e35e3d6b0009,1190916e-0590-4e19-bf92-90418c76692b,37aa2c6b-5c5d-406e-8dbb-ad5a4018edeb,80.0,0.0,363669,43640,14547,23753,281729
f0d67a38-af58-4059-ad88-adca130d8475,1190916e-0590-4e19-bf92-90418c76692b,c74e16da-2083-466d-8a10-8566f892b662,64.0,8.52,287541,34505,11502,22493,219041
c69afb94-9e53-4570-bd74-f707dbde044a,1190916e-0590-4e19-bf92-90418c76692b,6f0feb58-8d2d-4291-9db5-d43d58eb597d,63.4,7.49,376608,45193,15064,23583,292768
b4f654f0-f433-4bc3-981b-b78b6fda355c,1190916e-0590-4e19-bf92-90418c76692b,ba629d98-4d22-436c-aa70-6f19a0726237,80.0,0.0,361077,43329,14443,20452,282853
cec84c57-757b-412b-a410-681943b825f4,1190916e-0590-4e19-bf92-90418c76692b,c25b3f34-cc91-42be-8f26-f30a5032f7e3,70.28,1.49,317616,38114,12705,13259,253538
01421e16-bbed-433c-af98-507dc18fc7cc,1190916e-0590-4e19-bf92-90418c76692b,718b32b0-daf5-4ef0-afc9-5f4c5cb28588,80.0,0.0,426527,51183,17061,21157,337126
ac25ac48-8b8c-4176-9d04-abe390bd2691,1190916e-0590-4e19-bf92-90418c76692b,94b323f2-7e53-4ee7-b6b0-e4adc2f6b0e2,46.6,0.77,114803,13776,4592,7623,88812
21b7cb5a-a024-45b9-a0df-0fdfd7dca78e,1190916e-0590-4e19-bf92-90418c76692b,2f847c66-5b6b-41fa-a5b5-d36d820bbe50,71.93,5.92,146104,17532,5844,7324,115404
fc8969ff-78c8-496f-a262-222dbe1563c1,1190916e-0590-4e19-bf92-90418c76692b,682f88c7-a779-4fbc-b71f-7005333737c3,71.92,4.45,305106,36613,12204,24249,232040
1c937df0-0918-433a-be1d-fc929e86be22,1190916e-0590-4e19-bf92-90418c76692b,17b527be-6c67-4b79-b717-84232f15fb72,80.0,0.0,343408,41209,13736,13591,274872
a407b15f-aff0-4c7d-ad34-0439980235cb,1190916e-0590-4e19-bf92-90418c76692b,42ec1fc3-c1d2-4b88-8509-2f8c188d6430,80.0,0.0,599627,71955,23985,23479,480208
ff34ad7d-397b-45ff-905e-a8dafce1812d,1190916e-0590-4e19-bf92-90418c76692b,c63777ff-a940-438c-b9e9-d3187cd91982,64.0,4.44,251550,30186,10062,10243,201059
c9c63105-3b08-4980-87ca-654a59c4716e,1190916e-0590-4e19-bf92-90418c76692b,fad6f6b8-5bc6-4d3a-9e99-dfea0c381694,64.0,5.63,261164,31340,10447,19941,199436
3316f8d9-5208-46a5-8791-5ba3779bee23,1190916e-0590-4e19-bf92-90418c76692b,3e73f356-1339-4949-adb1-27ccf5b87a8f,60.48,3.57,330426,39651,13217,26204,251354
d29f6a22-7d2c-46ec-96c8-cb9a0c25569d,1190916e-0590-4e19-bf92-90418c76692b,7da42c67-bf6c-44ed-bfd2-7d75334d73f7,80.0,0.0,257258,30871,10290,19589,196508
6827bb59-7111-4f4a-8d2d-2f51570667aa,1190916e-0590-4e19-bf92-90418c76692b,07982c18-ce02-4bad-96a4-316052374b94,80.0,0.0,329292,39515,13172,26246,250359
2ff1301a-fe9f-4239-8fb1-a46a907297fb,1190916e-0590-4e19-bf92-90418c76692b,11a99a0b-2758-4248-a6ec-da7e52d01f28,61.71,4.53,253674,30441,10147,17716,195370
9bca3f4f-aa78-4c7c-a43a-0f908b0230c0,1190916e-0590-4e19-bf92-90418c76692b,b7572a14-14c0-4634-bc99-528a8231167b,71.49,3.68,359175,43101,14367,11550,290157
f385ff50-a69b-4149-b21c-5b75f2fa6739,1190916e-0590-4e19-bf92-90418c76692b,24e4cc9a-8dbb-49bf-ba7e-46ff84e9547e,80.0,0.0,539738,64769,21590,20561,432818
c293de85-d419-4214-b697-e1ad708547b3,1190916e-0590-4e19-bf92-90418c76692b,bdd3f611-64d5-4276-8d84-6f5bcc9c9ce3,80.0,0.0,261304,31356,10452,9059,210437
13bb15c0-29c9-4a34-930e-e99efdc43972,1190916e-0590-4e19-bf92-90418c76692b,1454be57-fded-4b54-9d50-89cf465c34d7,62.33,1.49,333672,40041,13347,20717,259567
d0a8627e-1ba5-484d-b27d-9c4be5131c88,1190916e-0590-4e19-bf92-90418c76692b,5620f37d-03c6-4d68-b27f-a3e8d804b1ca,80.0,0.0,490969,58916,19639,20682,391732
df21f421-4ce6-4ae9-b1ea-31f178aa219f,1190916e-0590-4e19-bf92-90418c76692b,c6bd2a61-82c4-45f4-a158-dd07220d8415,56.0,5.93,239333,28720,9573,12170,188870
590f0afd-62a5-4934-b716-e06ea8947b0a,1190916e-0590-4e19-bf92-90418c76692b,df1d8519-1624-4319-acb6-d164f78ae26a,72.0,5.76,359171,43101,14367,10968,290735
9b5e01cb-7c2f-4113-913f-be89246e03be,1190916e-0590-4e19-bf92-90418c76692b,8a81ac6f-85e6-419c-9183-2e82f0c41a05,70.47,2.35,184840,22181,7394,8365,146900
17b3698a-d38c-43cc-9b62-a1059c5f7a16,1190916e-0590-4e19-bf92-90418c76692b,1c6b05c6-ab8a-4aa6-8f0c-d764fc9baf5c,80.0,0.0,404881,48586,16195,16292,323808
20e55b42-f1a2-48e8-b310-41a32dfe0a40,1190916e-0590-4e19-bf92-90418c76692b,0cdb209c-c94f-4b40-974e-1f3deb0fafeb,80.0,0.0,531119,63734,21245,28339,417801
6b90e9d6-a54a-4339-9a45-2c974dc6e19f,1190916e-0590-4e19-bf92-90418c76692b,e15df04a-450d-407a-a2ab-d572fe5e4525,80.0,0.0,451669,54200,18067,29987,349415
20dcd114-cbad-4b82-9f1c-f8e3b64f30a7,1190916e-0590-4e19-bf92-90418c76692b,1e31d825-7cda-4477-9c48-03bbb941c4cc,61.73,2.39,125013,15002,5001,6163,98847
7ea814de-cba6-4e85-823b-613434889d87,1190916e-0590-4e19-bf92-90418c76692b,ab961f8e-c095-44b8-b322-100f50627d59,38.29,5.33,201432,24172,8057,13865,155338
5fa66a9e-ef14-4262-b241-f13495ddffab,1190916e-0590-4e19-bf92-90418c76692b,bddfdd82-44c2-45d9-a9f1-c713788731e6,80.0,0.0,310627,37275,12425,9336,251591
f924b414-9c0f-45f4-bfc9-a994453028bf,1190916e-0590-4e19-bf92-90418c76692b,772b440b-f03a-46f7-b8dc-52196b164239,80.0,0.0,218319,26198,8733,15052,168336
da92b238-648c-4de7-b8ca-3d27d41a0659,1190916e-0590-4e19-bf92-90418c76692b,2055f01e-d09e-4af3-b056-4fb999b54b6f,32.0,0.7,61374,7365,2455,4789,46765
8bd0a306-b189-45b2-9eda-4ea1b82fba92,1190916e-0590-4e19-bf92-90418c76692b,057781f9-c6a1-4f2d-bbce-affc1469f01b,72.0,6.64,380130,45616,15205,16281,303028
3b295415-ceef-431e-ba84-3369b733d1e8,1190916e-0590-4e19-bf92-90418c76692b,cfcd001d-e49c-4b2a-92b1-6eb19366968e,32.0,3.18,184475,22137,7379,5861,149098
e75cf781-1fb8-4b45-9bf9-7a8e55f2f10b,1190916e-0590-4e19-bf92-90418c76692b,2bb9893e-5b6b-4e5d-b1ff-56d85c7f8baa,80.0,0.0,447554,53706,17902,27211,348735
5390d33e-1c4b-4b6d-ab24-2978d556bf45,1190916e-0590-4e19-bf92-90418c76692b,41543472-3f77-4cc1-b5d9-bb2c51e134fc,61.22,3.71,169233,20308,6769,8804,133352
04be6d88-4a51-434b-9635-02886d18c671,1190916e-0590-4e19-bf92-90418c76692b,4bb907f3-2959-4b4d-acd2-123aea3d4e40,80.0,0.0,471165,56540,18847,16700,379078
7c2f8ab8-567c-48a3-b3ed-809a2419949e,1190916e-0590-4e19-bf92-90418c76692b,ad192335-b79b-406a-ba47-0395d697e461,68.55,1.59,229688,27563,9188,13270,179667
902859c7-7fa7-406c-8606-2d236a8a1703,dc90129c-2ed7-47f4-83de-11561167ebcc,e352edd9-9089-4e5f-9dad-05bfd00ee15a,80.0,0.0,455838,54701,18234,30824,352079
2df2f77f-92ce-406e-aecf-e1aa953c1479,dc90129c-2ed7-47f4-83de-11561167ebcc,78b0b7c7-f0e7-4836-95bc-94c640f7d2f9,70.82,4.67,354882,42586,14195,13681,284420
81fdf7ac-e5d0-41be-8c55-7b919fa3ae02,dc90129c-2ed7-47f4-83de-11561167ebcc,37aa2c6b-5c5d-406e-8dbb-ad5a4018edeb,80.0,0.0,363669,43640,14547,14877,290605
b39b40a0-e0c2-4858-8df6-585790db0ab2,dc90129c-2ed7-47f4-83de-11561167ebcc,c74e16da-2083-466d-8a10-8566f892b662,64.0,4.87,267037,32044,10681,13024,211288
63840819-832c-411b-a4d5-b502812c3553,dc90129c-2ed7-47f4-83de-11561167ebcc,6f0feb58-8d2d-4291-9db5-d43d58eb597d,70.78,2.16,373505,44821,14940,25097,288647
8d1bd550-3680-410a-9352-9b69b98c8df4,dc90129c-2ed7-47f4-83de-11561167ebcc,ba629d98-4d22-436c-aa70-6f19a0726237,80.0,0.0,361077,43329,14443,18820,284485
29afa21a-1274-4717-8ddc-741b78880abc,dc90129c-2ed7-47f4-83de-11561167ebcc,c25b3f34-cc91-42be-8f26-f30a5032f7e3,61.66,1.58,280451,33654,11218,14281,221298
41d44e08-bf80-4b90-820e-9af084a0ccff,dc90129c-2ed7-47f4-83de-11561167ebcc,718b32b0-daf5-4ef0-afc9-5f4c5cb28588,80.0,0.0,426527,51183,17061,18726,339557
e4659099-ad86-46c7-9d64-8b296b69f013,dc90129c-2ed7-47f4-83de-11561167ebcc,94b323f2-7e53-4ee7-b6b0-e4adc2f6b0e2,63.76,1.41,158364,19004,6335,8368,124657
1c438187-13ff-43a3-8461-a311486fd650,dc90129c-2ed7-47f4-83de-11561167ebcc,2f847c66-5b6b-41fa-a5b5-d36d820bbe50,70.15,3.2,135510,16261,5420,8309,105520
7e8a32b4-827d-4ad7-9580-cf733c159642,dc90129c-2ed7-47f4-83de-11561167ebcc,682f88c7-a779-4fbc-b71f-7005333737c3,64.0,9.61,304407,36529,12176,19226,236476
954bd5f5-8869-4fb9-894a-3626321c5f15,dc90129c-2ed7-47f4-83de-11561167ebcc,17b527be-6c67-4b79-b717-84232f15fb72,80.0,0.0,343408,41209,13736,19033,269430
e5b095cd-4d82-4d58-b767-cff542a01d32,dc90129c-2ed7-47f4-83de-11561167ebcc,42ec1fc3-c1d2-4b88-8509-2f8c188d6430,80.0,0.0,599627,71955,23985,19312,484375
14edaf5c-a933-4cf8-b856-df0f5d4750f1,dc90129c-2ed7-47f4-83de-11561167ebcc,c63777ff-a940-438c-b9e9-d3187cd91982,48.0,4.99,197527,23703,7901,8416,157507
1cf9218c-d0b4-4804-8b2d-94220631e296,dc90129c-2ed7-47f4-83de-11561167ebcc,fad6f6b8-5bc6-4d3a-9e99-dfea0c381694,63.21,1.46,235767,28292,9431,11830,186214
722904ca-23fc-4066-8b48-c3d83bff2e91,dc90129c-2ed7-47f4-83de-11561167ebcc,3e73f356-1339-4949-adb1-27ccf5b87a8f,63.18,3.29,341869,41024,13675,24986,262184
a6bc2754-e1bf-41f2-994a-aba3f2329f8e,dc90129c-2ed7-47f4-83de-11561167ebcc,7da42c67-bf6c-44ed-bfd2-7d75334d73f7,80.0,0.0,257258,30871,10290,14997,201100
52ec64b8-fdfc-4877-a3e7-92805410dff8,dc90129c-2ed7-47f4-83de-11561167ebcc,07982c18-ce02-4bad-96a4-316052374b94,80.0,0.0,329292,39515,13172,20757,255848
f3ae08a9-0e0d-4578-aac8-8a6c2d74b0ee,dc90129c-2ed7-47f4-83de-11561167ebcc,11a99a0b-2758-4248-a6ec-da7e52d01f28,72.0,5.32,296166,35540,11847,9732,239047
c6a6fcca-efce-4425-bf96-d87a15888658,dc90129c-2ed7-47f4-83de-11561167ebcc,b7572a14-14c0-4634-bc99-528a8231167b,72.0,2.34,352179,42261,14087,18182,277649
2747c975-9871-430f-98a6-b8d91adebaaa,dc90129c-2ed7-47f4-83de-11561167ebcc,24e4cc9a-8dbb-49bf-ba7e-46ff84e9547e,80.0,0.0,539738,64769,21590,23301,430078
60d8a45c-3d49-4c47-a4d0-ea0384dbee04,dc90129c-2ed7-47f4-83de-11561167ebcc,bdd3f611-64d5-4276-8d84-6f5bcc9c9ce3,80.0,0.0,261304,31356,10452,18122,201374
8269c5cc-9cff-4ead-97d9-863c637802f9,dc90129c-2ed7-47f4-83de-11561167ebcc,1454be57-fded-4b54-9d50-89cf465c34d7,56.0,2.7,310338,37241,12414,21277,239406
4824aa7c-1040-4ece-b80f-192ecf03ab3b,dc90129c-2ed7-47f4-83de-11561167ebcc,5620f37d-03c6-4d68-b27f-a3e8d804b1ca,80.0,0.0,490969,58916,19639,14873,397541
60fc66d8-bf86-4bad-8d37-454219b1dbe7,dc90129c-2ed7-47f4-83de-11561167ebcc,c6bd2a61-82c4-45f4-a158-dd07220d8415,70.92,3.3,279809,33577,11192,11007,224033
ff051470-b7e7-49d7-a906-1cce1a1db2c6,dc90129c-2ed7-47f4-83de-11561167ebcc,df1d8519-1624-4319-acb6-d164f78ae26a,40.0,3.25,199873,23985,7995,7507,160386
ca5c30de-254c-49cf-8b85-3df6c63c2522,dc90129c-2ed7-47f4-83de-11561167ebcc,8a81ac6f-85e6-419c-9183-2e82f0c41a05,47.56,1.58,124725,14967,4989,6238,98531
6be6b042-86b5-46db-ad9c-f44c9744fbd4,dc90129c-2ed7-47f4-83de-11561167ebcc,1c6b05c6-ab8a-4aa6-8f0c-d764fc9baf5c,80.0,0.0,404881,48586,16195,21964,318136
e8c701b3-df29-4c53-aba9-3288431c15ca,dc90129c-2ed7-47f4-83de-11561167ebcc,0cdb209c-c94f-4b40-974e-1f3deb0fafeb,80.0,0.0,531119,63734,21245,39114,407026
b959b0d0-4fe3-4c97-b99b-b2977eed791c,dc90129c-2ed7-47f4-83de-11561167ebcc,e15df04a-450d-407a-a2ab-d572fe5e4525,80.0,0.0,451669,54200,18067,20068,359334
f080fcde-b9b7-49be-99a9-95d82006413f,dc90129c-2ed7-47f4-83de-11561167ebcc,1e31d825-7cda-4477-9c48-03bbb941c4cc,63.39,4.82,135167,16220,5407,4787,108753
4ce4b813-ca53-4fbb-8e24-a370a4c52c18,dc90129c-2ed7-47f4-83de-11561167ebcc,ab961f8e-c095-44b8-b322-100f50627d59,78.94,7.66,393551,47226,15742,18521,312062
c055fcad-d7a6-4193-9b5d-8b6bb5eb1fae,dc90129c-2ed7-47f4-83de-11561167ebcc,bddfdd82-44c2-45d9-a9f1-c713788731e6,80.0,0.0,310627,37275,12425,17857,243070
e4849954-c7ad-424f-b588-e57f254c4b54,dc90129c-2ed7-47f4-83de-11561167ebcc,772b440b-f03a-46f7-b8dc-52196b164239,80.0,0.0,218319,26198,8733,7647,175741
447621c4-de6d-49a8-9a75-8c76510644de,dc90129c-2ed7-47f4-83de-11561167ebcc,2055f01e-d09e-4af3-b056-4fb999b54b6f,77.26,4.72,156619,18794,6265,6567,124993
2ce2b444-fd56-4d62-8b2f-bb3071de3493,dc90129c-2ed7-47f4-83de-11561167ebcc,057781f9-c6a1-4f2d-bbce-affc1469f01b,64.0,4.3,326747,39210,13070,21278,253189
59a459e3-d0c3-445a-910b-ffaf45d53753,dc90129c-2ed7-47f4-83de-11561167ebcc,cfcd001d-e49c-4b2a-92b1-6eb19366968e,64.0,3.9,350437,42052,14017,24692,269676
9d8d5e61-192c-4577-87e4-d109c30812ef,dc90129c-2ed7-47f4-83de-11561167ebcc,2bb9893e-5b6b-4e5d-b1ff-56d85c7f8baa,80.0,0.0,447554,53706,17902,32419,343527
0d4d1a87-1dc2-4dad-89cf-3c44c11d5e63,dc90129c-2ed7-47f4-83de-11561167ebcc,41543472-3f77-4cc1-b5d9-bb2c51e134fc,60.69,3.02,165267,19832,6611,8617,130207
f57b9c49-bea1-476d-a9b2-1317598f27dc,dc90129c-2ed7-47f4-83de-11561167ebcc,4bb907f3-2959-4b4d-acd2-123aea3d4e40,80.0,0.0,471165,56540,18847,15215,380563
bb2595ce-8ff2-454e-a1e9-eef20c268e9f,dc90129c-2ed7-47f4-83de-11561167ebcc,ad192335-b79b-406a-ba47-0395d697e461,80.0,4.22,279537,33544,11181,18929,215883
3125d0e6-5bed-4935-8588-f16f9efc619f,4378dc63-8933-4b0f-9519-29c49808ab74,e352edd9-9089-4e5f-9dad-05bfd00ee15a,80.0,0.0,455838,54701,18234,17475,365428
ab8efb8f-ad57-4da1-8753-f13facb20bd7,4378dc63-8933-4b0f-9519-29c49808ab74,78b0b7c7-f0e7-4836-95bc-94c640f7d2f9,48.0,3.28,241315,28958,9653,11517,191187
d69b2d66-c399-4e44-8a52-d8bf1e7454e5,4378dc63-8933-4b0f-9519-29c49808ab74,37aa2c6b-5c5d-406e-8dbb-ad5a4018edeb,80.0,0.0,363669,43640,14547,23954,281528
f9be364d-3585-406c-9306-7df98dd60aa3,4378dc63-8933-4b0f-9519-29c49808ab74,c74e16da-2083-466d-8a10-8566f892b662,39.05,1.22,153096,18372,6124,5880,122720
c0c874b7-e8dc-42d3-a6b8-0ea81f874182,4378dc63-8933-4b0f-9519-29c49808ab74,6f0feb58-8d2d-4291-9db5-d43d58eb597d,64.0,3.43,348906,41869,13956,12005,281076
d447c609-5b5c-4567-92cf-068f097a1708,4378dc63-8933-4b0f-9519-29c49808ab74,ba629d98-4d22-436c-aa70-6f19a0726237,80.0,0.0,361077,43329,14443,28431,274874
b0eb67b8-0f3c-4777-87da-66bca30ade0f,4378dc63-8933-4b0f-9519-29c49808ab74,c25b3f34-cc91-42be-8f26-f30a5032f7e3,69.27,2.34,318776,38253,12751,13902,253870
e52f9ead-88f1-45b9-94ee-2d60f98bbe4a,4378dc63-8933-4b0f-9519-29c49808ab74,718b32b0-daf5-4ef0-afc9-5f4c5cb28588,80.0,0.0,426527,51183,17061,23402,334881
cf509820-e87a-4ddb-823c-caa4c882aa4a,4378dc63-8933-4b0f-9519-29c49808ab74,94b323f2-7e53-4ee7-b6b0-e4adc2f6b0e2,54.08,1.77,136391,16367,5456,9153,105415
94394601-a5e8-450a-954b-bc318962d954,4378dc63-8933-4b0f-9519-29c49808ab74,2f847c66-5b6b-41fa-a5b5-d36d820bbe50,71.84,3.04,138131,16576,5525,7533,108497
eed745c9-0ca3-4c63-9dcf-8f0c5779ffce,4378dc63-8933-4b0f-9519-29c49808ab74,682f88c7-a779-4fbc-b71f-7005333737c3,62.09,3.21,259725,31167,10389,20328,197841
3eb67c4a-55ae-46af-b7e0-171f614436fd,4378dc63-8933-4b0f-9519-29c49808ab74,17b527be-6c67-4b79-b717-84232f15fb72,80.0,0.0,343408,41209,13736,21023,267440
3ebb32f6-7c3f-428a-afee-a29da246a123,4378dc63-8933-4b0f-9519-29c49808ab74,42ec1fc3-c1d2-4b88-8509-2f8c188d6430,80.0,0.0,599627,71955,23985,29921,473766
18fd0138-ebf6-4f3b-8ea1-8ee866966b5b,4378dc63-8933-4b0f-9519-29c49808ab74,c63777ff-a940-438c-b9e9-d3187cd91982,79.7,5.87,315078,37809,12603,17537,247129
dcd14371-3a30-4ac3-ab47-eec80d4440a1,4378dc63-8933-4b0f-9519-29c49808ab74,fad6f6b8-5bc6-4d3a-9e99-dfea0c381694,72.0,6.5,294709,35365,11788,19074,228482
adebcdda-5709-4677-a3b4-a3dac880bee8,4378dc63-8933-4b0f-9519-29c49808ab74,3e73f356-1339-4949-adb1-27ccf5b87a8f,64.0,3.32,346211,41545,13848,15159,275659
60540f70-eb29-4df2-a993-526d1255c1fb,4378dc63-8933-4b0f-9519-29c49808ab74,7da42c67-bf6c-44ed-bfd2-7d75334d73f7,80.0,0.0,257258,30871,10290,13422,202675
82568a09-707c-41d2-8c17-14283711cf62,4378dc63-8933-4b0f-9519-29c49808ab74,07982c18-ce02-4bad-96a4-316052374b94,80.0,0.0,329292,39515,13172,15563,261042
18d88f17-c5b3-4c93-823a-3d8d8b0a1d7a,4378dc63-8933-4b0f-9519-29c49808ab74,11a99a0b-2758-4248-a6ec-da7e52d01f28,63.69,6.12,269838,32381,10794,15015,211648
fc0c10d4-0296-42b8-9135-c98435830e86,4378dc63-8933-4b0f-9519-29c49808ab74,24e4cc9a-8dbb-49bf-ba7e-46ff84e9547e,80.0,0.0,539738,64769,21590,23735,429644
aebf9efc-9802-48e9-b4bd-e1999a636c17,4378dc63-8933-4b0f-9519-29c49808ab74,bdd3f611-64d5-4276-8d84-6f5bcc9c9ce3,80.0,0.0,261304,31356,10452,8375,211121
f1da6df1-481e-451d-bdc9-db8afdc5cb83,4378dc63-8933-4b0f-9519-29c49808ab74,1454be57-fded-4b54-9d50-89cf465c34d7,70.11,5.67,406282,48754,16251,30853,310424
7a92b357-504d-4e92-b7fa-0971fd8fa5bd,4378dc63-8933-4b0f-9519-29c49808ab74,5620f37d-03c6-4d68-b27f-a3e8d804b1ca,80.0,0.0,490969,58916,19639,23210,389204
abc53b52-e4f2-4adb-b228-57c98d681db5,4378dc63-8933-4b0f-9519-29c49808ab74,c6bd2a61-82c4-45f4-a158-dd07220d8415,44.94,3.22,183552,22026,7342,11604,142580
2c1005a4-04c0-4b6b-bab6-a89af9da5fea,4378dc63-8933-4b0f-9519-29c49808ab74,df1d8519-1624-4319-acb6-d164f78ae26a,62.48,2.43,294521,35343,11781,18672,228725
231b7e62-c9e8-4724-b003-f7c6a2607471,4378dc63-8933-4b0f-9519-29c49808ab74,8a81ac6f-85e6-419c-9183-2e82f0c41a05,47.66,2.43,128160,15379,5126,9270,98385
d69c1a51-1443-459e-9c53-04ac47311d6e,4378dc63-8933-4b0f-9519-29c49808ab74,1c6b05c6-ab8a-4aa6-8f0c-d764fc9baf5c,80.0,0.0,404881,48586,16195,19191,320909
bceea815-426c-469a-9535-b5618844d6ea,4378dc63-8933-4b0f-9519-29c49808ab74,0cdb209c-c94f-4b40-974e-1f3deb0fafeb,80.0,0.0,531119,63734,21245,35243,410897
b6af2ea4-c3e7-42c4-a3b1-a9ba86fb9f41,4378dc63-8933-4b0f-9519-29c49808ab74,e15df04a-450d-407a-a2ab-d572fe5e4525,80.0,0.0,451669,54200,18067,25998,353404
86792ea6-cdb2-4be2-834b-73618530e008,4378dc63-8933-4b0f-9519-29c49808ab74,1e31d825-7cda-4477-9c48-03bbb941c4cc,63.19,5.31,136191,16343,5448,9879,104521
d8ca3940-9c79-41db-9426-62c78f7ea9f9,4378dc63-8933-4b0f-9519-29c49808ab74,ab961f8e-c095-44b8-b322-100f50627d59,69.08,5.4,335887,40306,13435,14365,267781
a57857c0-0ef3-4624-a070-8b8d81c685f9,4378dc63-8933-4b0f-9519-29c49808ab74,bddfdd82-44c2-45d9-a9f1-c713788731e6,80.0,0.0,310627,37275,12425,17408,243519
61af86df-121c-49c3-8075-0269fdc8127a,4378dc63-8933-4b0f-9519-29c49808ab74,772b440b-f03a-46f7-b8dc-52196b164239,80.0,0.0,218319,26198,8733,13930,169458
5bd44fea-ecf5-48e9-a759-a42355cdb650,4378dc63-8933-4b0f-9519-29c49808ab74,2055f01e-d09e-4af3-b056-4fb999b54b6f,72.0,4.05,144985,17398,5799,8839,112949
07362726-577b-4823-b09c-9c2fc53362cb,4378dc63-8933-4b0f-9519-29c49808ab74,057781f9-c6a1-4f2d-bbce-affc1469f01b,64.0,7.06,345948,41514,13838,23476,267120
fab95034-eb19-4a42-9964-095e11e612b2,4378dc63-8933-4b0f-9519-29c49808ab74,cfcd001d-e49c-4b2a-92b1-6eb19366968e,78.75,3.74,423234,50788,16929,25311,330206
dc14ac60-033d-4370-8ceb-d7641b5b7fdf,4378dc63-8933-4b0f-9519-29c49808ab74,2bb9893e-5b6b-4e5d-b1ff-56d85c7f8baa,80.0,0.0,447554,53706,17902,33874,342072
ded40469-1cac-4012-b764-8d6daee05cb4,4378dc63-8933-4b0f-9519-29c49808ab74,41543472-3f77-4cc1-b5d9-bb2c51e134fc,62.46,5.03,177393,21287,7096,10547,138463
7d30b17b-8e14-4c01-994e-bec04560f71c,4378dc63-8933-4b0f-9519-29c49808ab74,4bb907f3-2959-4b4d-acd2-123aea3d4e40,80.0,0.0,471165,56540,18847,31709,364069
8538fae3-463a-4667-a325-cc2d8ac4befd,4378dc63-8933-4b0f-9519-29c49808ab74,ad192335-b79b-406a-ba47-0395d697e461,48.0,4.53,177426,21291,7097,7600,141438
e19d2343-563b-401b-a462-1c8a9e8f64b1,a13ac77a-c6fe-4fa7-af96-a3e4514b786c,e352edd9-9089-4e5f-9dad-05bfd00ee15a,80.0,0.0,455838,54701,18234,14636,368267
fc0dfcee-b67b-4a6e-b96a-dadcec8cfabe,a13ac77a-c6fe-4fa7-af96-a3e4514b786c,78b0b7c7-f0e7-4836-95bc-94c640f7d2f9,53.25,5.16,278114,33374,11125,10115,223500
071b7b70-c902-4853-996e-3d95412c4e8d,a13ac77a-c6fe-4fa7-af96-a3e4514b786c,37aa2c6b-5c5d-406e-8dbb-ad5a4018edeb,80.0,0.0,363669,43640,14547,16387,289095
e553c9b8-65f1-438b-b250-0a14ffab7568,a13ac77a-c6fe-4fa7-af96-a3e4514b786c,c74e16da-2083-466d-8a10-8566f892b662,69.32,3.12,277130,33256,11085,12724,220065
4570b65b-bdf2-4bce-9405-5f80911c72e1,a13ac77a-c6fe-4fa7-af96-a3e4514b786c,6f0feb58-8d2d-4291-9db5-d43d58eb597d,55.95,5.95,327359,39283,13094,16543,258439
bfafaf13-3214-453d-a40f-71ba42580bb7,a13ac77a-c6fe-4fa7-af96-a3e4514b786c,ba629d98-4d22-436c-aa70-6f19a0726237,80.0,0.0,361077,43329,14443,25824,277481
d107c7f1-7387-425b-b1a2-0f896f05a517,a13ac77a-c6fe-4fa7-af96-a3e4514b786c,c25b3f34-cc91-42be-8f26-f30a5032f7e3,48.0,0.71,214905,25789,8596,14104,166416
2f0e7496-799c-48e1-b69f-b5fb3eff7957,a13ac77a-c6fe-4fa7-af96-a3e4514b786c,718b32b0-daf5-4ef0-afc9-5f4c5cb28588,80.0,0.0,426527,51183,17061,31217,327066
1170270d-bac2-4948-8cbe-11b25451aae7,a13ac77a-c6fe-4fa7-af96-a3e4514b786c,94b323f2-7e53-4ee7-b6b0-e4adc2f6b0e2,69.32,5.86,187776,22533,7511,14735,142997
eb81f926-cf76-4207-9e11-224b87f30411,a13ac77a-c6fe-4fa7-af96-a3e4514b786c,2f847c66-5b6b-41fa-a5b5-d36d820bbe50,60.58,7.56,130031,15604,5201,4262,104964
583078cd-4840-43d7-8a26-d4d064a4c196,a13ac77a-c6fe-4fa7-af96-a3e4514b786c,682f88c7-a779-4fbc-b71f-7005333737c3,71.24,1.86,287384,34486,11495,19825,221578
311e8b88-1cce-48c6-9160-126e1107c2f7,a13ac77a-c6fe-4fa7-af96-a3e4514b786c,17b527be-6c67-4b79-b717-84232f15fb72,80.0,0.0,343408,41209,13736,22031,266432
5085f0a5-67ed-45db-b794-f693e80ff076,a13ac77a-c6fe-4fa7-af96-a3e4514b786c,42ec1fc3-c1d2-4b88-8509-2f8c188d6430,80.0,0.0,599627,71955,23985,34830,468857
2503bb4f-0e7f-4dfc-b42c-afa1b4e0e33a,a13ac77a-c6fe-4fa7-af96-a3e4514b786c,c63777ff-a940-438c-b9e9-d3187cd91982,59.39,4.83,237221,28467,9489,15697,183568
6be552e5-ab8b-4788-bf67-f1778deda217,a13ac77a-c6fe-4fa7-af96-a3e4514b786c,fad6f6b8-5bc6-4d3a-9e99-dfea0c381694,48.0,4.06,194994,23399,7800,12281,151514
61d1b254-b352-4b2c-a730-76a20a674dfe,a13ac77a-c6fe-4fa7-af96-a3e4514b786c,3e73f356-1339-4949-adb1-27ccf5b87a8f,54.65,1.49,285506,34261,11420,9191,230634
c0602264-a838-48a0-a981-b9e42a9fbd6a,a13ac77a-c6fe-4fa7-af96-a3e4514b786c,7da42c67-bf6c-44ed-bfd2-7d75334d73f7,80.0,0.0,257258,30871,10290,20017,196080
509449ed-f27d-4309-804a-6732f43faa12,a13ac77a-c6fe-4fa7-af96-a3e4514b786c,07982c18-ce02-4bad-96a4-316052374b94,80.0,0.0,329292,39515,13172,20004,256601
00166b34-2d26-481f-b3e9-4fd78d50bb43,a13ac77a-c6fe-4fa7-af96-a3e4514b786c,11a99a0b-2758-4248-a6ec-da7e52d01f28,64.0,4.73,263265,31592,10531,9210,211932
c3c19eb5-d8a9-44ce-9a73-334465f7e0fd,a13ac77a-c6fe-4fa7-af96-a3e4514b786c,24e4cc9a-8dbb-49bf-ba7e-46ff84e9547e,80.0,0.0,539738,64769,21590,41064,412315
6035a9da-d389-4d32-a406-807b4f9aaf8d,a13ac77a-c6fe-4fa7-af96-a3e4514b786c,bdd3f611-64d5-4276-8d84-6f5bcc9c9ce3,80.0,0.0,261304,31356,10452,11037,208459
ed95d7b6-1c67-49b3-a5aa-631876e3f876,a13ac77a-c6fe-4fa7-af96-a3e4514b786c,1454be57-fded-4b54-9d50-89cf465c34d7,78.72,7.62,465895,55907,18636,18849,372503
de2349e4-6ca6-478e-a3d4-5794b375a609,a13ac77a-c6fe-4fa7-af96-a3e4514b786c,5620f37d-03c6-4d68-b27f-a3e8d804b1ca,80.0,0.0,490969,58916,19639,22788,389626
f3a9bf95-38f9-4f12-8556-0d28b53ed660,a13ac77a-c6fe-4fa7-af96-a3e4514b786c,c6bd2a61-82c4-45f4-a158-dd07220d8415,55.68,7.68,247834,29740,9913,15530,192651
80c5055f-5d88-4b55-80bf-2b2389d8c170,a13ac77a-c6fe-4fa7-af96-a3e4514b786c,df1d8519-1624-4319-acb6-d164f78ae26a,69.47,3.74,334406,40129,13376,21867,259034
1a66e511-8a7c-44d6-a7e5-662925def53e,a13ac77a-c6fe-4fa7-af96-a3e4514b786c,8a81ac6f-85e6-419c-9183-2e82f0c41a05,54.46,2.04,143685,17242,5747,4702,115994
4b8f10b4-06db-4a81-9005-cf6ccd02cbe6,a13ac77a-c6fe-4fa7-af96-a3e4514b786c,1c6b05c6-ab8a-4aa6-8f0c-d764fc9baf5c,80.0,0.0,404881,48586,16195,30549,309551
7fef4028-769f-498b-ba69-e01ba213af70,a13ac77a-c6fe-4fa7-af96-a3e4514b786c,e15df04a-450d-407a-a2ab-d572fe5e4525,80.0,0.0,451669,54200,18067,17555,361847
4ede9ae1-094d-470d-a3fc-9c3b5377ee3e,a13ac77a-c6fe-4fa7-af96-a3e4514b786c,1e31d825-7cda-4477-9c48-03bbb941c4cc,62.52,7.58,141425,16971,5657,5691,113106
fc33a82e-645e-47ee-85fc-250beaea4353,a13ac77a-c6fe-4fa7-af96-a3e4514b786c,ab961f8e-c095-44b8-b322-100f50627d59,55.01,1.3,247890,29747,9916,7571,200656
8228a028-3285-4d40-8224-ebd85ad1cb69,a13ac77a-c6fe-4fa7-af96-a3e4514b786c,bddfdd82-44c2-45d9-a9f1-c713788731e6,80.0,0.0,310627,37275,12425,13960,246967
8c234ace-7e31-4493-9abb-d1a38605f45f,a13ac77a-c6fe-4fa7-af96-a3e4514b786c,772b440b-f03a-46f7-b8dc-52196b164239,80.0,0.0,218319,26198,8733,16978,166410
9cc76831-2843-4d48-9c9d-17bae5222069,a13ac77a-c6fe-4fa7-af96-a3e4514b786c,2055f01e-d09e-4af3-b056-4fb999b54b6f,47.83,0.74,90882,10906,3635,4851,71490
9f2b39f8-2481-41a7-b8c3-23d593cc13d8,a13ac77a-c6fe-4fa7-af96-a3e4514b786c,057781f9-c6a1-4f2d-bbce-affc1469f01b,70.89,2.15,343745,41249,13750,20923,267823
65b343a2-ebb0-4419-9813-57e25895993a,a13ac77a-c6fe-4fa7-af96-a3e4514b786c,cfcd001d-e49c-4b2a-92b1-6eb19366968e,46.1,8.49,295175,35421,11807,10915,237032
4d5db0f9-5de6-4064-92e4-c1520bf8f83d,a13ac77a-c6fe-4fa7-af96-a3e4514b786c,2bb9893e-5b6b-4e5d-b1ff-56d85c7f8baa,80.0,0.0,447554,53706,17902,19685,356261
a5a206ed-2903-411a-8692-393875ba2bb7,a13ac77a-c6fe-4fa7-af96-a3e4514b786c,41543472-3f77-4cc1-b5d9-bb2c51e134fc,54.9,2.02,146795,17615,5872,10937,112371
d31a92dc-aec2-4a88-9d6f-28f535cfc973,a13ac77a-c6fe-4fa7-af96-a3e4514b786c,4bb907f3-2959-4b4d-acd2-123aea3d4e40,80.0,0.0,471165,56540,18847,37626,358152
ce59e97a-e5b2-415a-a02b-5b695d9245ff,a13ac77a-c6fe-4fa7-af96-a3e4514b786c,ad192335-b79b-406a-ba47-0395d697e461,77.35,6.81,283535,34024,11341,16675,221495
d7a0cd66-2a81-46d7-a77e-97f1a8d41d0e,215719f6-d2a9-4984-b832-2d824fafb59c,e352edd9-9089-4e5f-9dad-05bfd00ee15a,80.0,0.0,455838,54701,18234,28910,353993
9ead9564-8eaf-4da5-9585-b72726035fe9,215719f6-d2a9-4984-b832-2d824fafb59c,78b0b7c7-f0e7-4836-95bc-94c640f7d2f9,79.75,6.18,405931,48712,16237,18015,322967
49146e1d-5a44-44be-95b7-d40c0cb40232,215719f6-d2a9-4984-b832-2d824fafb59c,37aa2c6b-5c5d-406e-8dbb-ad5a4018edeb,80.0,0.0,363669,43640,14547,26504,278978
41da9742-a670-4a59-a89a-7927f6be408f,215719f6-d2a9-4984-b832-2d824fafb59c,c74e16da-2083-466d-8a10-8566f892b662,56.0,3.55,229662,27559,9186,8927,183990
8050cecd-262e-45a9-b591-f8c9b2bb1aff,215719f6-d2a9-4984-b832-2d824fafb59c,6f0feb58-8d2d-4291-9db5-d43d58eb597d,55.97,2.22,299228,35907,11969,11525,239827
2725477b-fa26-42ab-9118-857a2a38e208,215719f6-d2a9-4984-b832-2d824fafb59c,ba629d98-4d22-436c-aa70-6f19a0726237,80.0,0.0,361077,43329,14443,15552,287753
2555af2e-ba2d-45d7-8e28-1c011e787e8b,215719f6-d2a9-4984-b832-2d824fafb59c,c25b3f34-cc91-42be-8f26-f30a5032f7e3,64.0,8.29,334785,40174,13391,14952,266268
2c9acb1c-9323-4f0b-974d-ed5eac1af1bc,215719f6-d2a9-4984-b832-2d824fafb59c,718b32b0-daf5-4ef0-afc9-5f4c5cb28588,80.0,0.0,426527,51183,17061,14677,343606
69467753-b36a-4e4b-8bed-d9d45efcfa8e,215719f6-d2a9-4984-b832-2d824fafb59c,94b323f2-7e53-4ee7-b6b0-e4adc2f6b0e2,78.0,2.43,196275,23553,7851,11404,153467
bbe33a70-6057-4d47-88b4-b52d84b8ec7d,215719f6-d2a9-4984-b832-2d824fafb59c,2f847c66-5b6b-41fa-a5b5-d36d820bbe50,78.86,4.28,154186,18502,6167,7148,122369
6bd214a9-d7ec-4678-9dfb-bd239e2009f3,215719f6-d2a9-4984-b832-2d824fafb59c,682f88c7-a779-4fbc-b71f-7005333737c3,71.81,3.62,299846,35982,11994,13289,238581
ef25771e-f5ce-4d6c-8ccf-7037f940f9d0,215719f6-d2a9-4984-b832-2d824fafb59c,17b527be-6c67-4b79-b717-84232f15fb72,80.0,0.0,343408,41209,13736,18250,270213
153218e3-1614-4fbf-8add-01321bfaf32f,215719f6-d2a9-4984-b832-2d824fafb59c,42ec1fc3-c1d2-4b88-8509-2f8c188d6430,80.0,0.0,599627,71955,23985,46269,457418
d6360d66-3830-4027-a503-260abebb90bb,215719f6-d2a9-4984-b832-2d824fafb59c,c63777ff-a940-438c-b9e9-d3187cd91982,72.0,4.4,279816,33578,11193,14402,220643
7f23ebfc-4a65-44fe-9c68-17b77de9d47f,215719f6-d2a9-4984-b832-2d824fafb59c,fad6f6b8-5bc6-4d3a-9e99-dfea0c381694,63.22,1.16,234181,28102,9367,14824,181888
05b11f64-f5ca-4291-9cf0-68659436e88f,215719f6-d2a9-4984-b832-2d824fafb59c,3e73f356-1339-4949-adb1-27ccf5b87a8f,64.0,3.43,347039,41645,13882,25832,265680
e38d850b-789b-4eb7-9dc3-f1c389d7940e,215719f6-d2a9-4984-b832-2d824fafb59c,7da42c67-bf6c-44ed-bfd2-7d75334d73f7,80.0,0.0,257258,30871,10290,16748,199349
923c2d38-751a-46d4-a303-94e24c57bcfb,215719f6-d2a9-4984-b832-2d824fafb59c,07982c18-ce02-4bad-96a4-316052374b94,80.0,0.0,329292,39515,13172,13762,262843
c2c5f319-cc8a-4b3c-92a8-c69f3158394b,215719f6-d2a9-4984-b832-2d824fafb59c,11a99a0b-2758-4248-a6ec-da7e52d01f28,56.0,10.56,266024,31923,10641,12402,211058
29ef726a-e108-46f3-bc8d-106309753356,215719f6-d2a9-4984-b832-2d824fafb59c,24e4cc9a-8dbb-49bf-ba7e-46ff84e9547e,80.0,0.0,539738,64769,21590,29504,423875
beaaec39-b224-4a0c-8729-9e1656a1223f,215719f6-d2a9-4984-b832-2d824fafb59c,bdd3f611-64d5-4276-8d84-6f5bcc9c9ce3,80.0,0.0,261304,31356,10452,7953,211543
814604e4-bddb-453f-bf92-b45b2dd414c7,215719f6-d2a9-4984-b832-2d824fafb59c,1454be57-fded-4b54-9d50-89cf465c34d7,70.4,3.16,388324,46599,15533,15126,311066
4ad07a06-6354-4381-b420-61354a8492da,215719f6-d2a9-4984-b832-2d824fafb59c,5620f37d-03c6-4d68-b27f-a3e8d804b1ca,80.0,0.0,490969,58916,19639,26281,386133
2bfa09ba-3911-40a2-8386-256bc63561fc,215719f6-d2a9-4984-b832-2d824fafb59c,c6bd2a61-82c4-45f4-a158-dd07220d8415,64.0,6.09,269722,32367,10789,12927,213639
0ba48b9e-becc-4575-88cc-6655a12fae71,215719f6-d2a9-4984-b832-2d824fafb59c,df1d8519-1624-4319-acb6-d164f78ae26a,39.83,4.04,204394,24527,8176,13675,158016
840984eb-1d88-4a8b-8a50-fd2cf9d597e6,215719f6-d2a9-4984-b832-2d824fafb59c,8a81ac6f-85e6-419c-9183-2e82f0c41a05,70.82,7.76,205985,24718,8239,10902,162126
c00cc1be-cd23-4011-9ed2-a43035545112,215719f6-d2a9-4984-b832-2d824fafb59c,1c6b05c6-ab8a-4aa6-8f0c-d764fc9baf5c,80.0,0.0,404881,48586,16195,14904,325196
2a1e7a35-63ea-4b65-bf20-4c027ce0aee4,215719f6-d2a9-4984-b832-2d824fafb59c,e15df04a-450d-407a-a2ab-d572fe5e4525,80.0,0.0,451669,54200,18067,34619,344783
9d416955-0e6f-4f17-88bc-cd3e9dd0eec9,215719f6-d2a9-4984-b832-2d824fafb59c,1e31d825-7cda-4477-9c48-03bbb941c4cc,79.62,6.88,172145,20657,6886,5870,138732
b8429044-b17e-4194-9456-0e34dcbb3257,215719f6-d2a9-4984-b832-2d824fafb59c,ab961f8e-c095-44b8-b322-100f50627d59,78.3,3.17,361455,43375,14458,14538,289084
13b9652c-e21e-46d6-9277-b79713fd822f,215719f6-d2a9-4984-b832-2d824fafb59c,bddfdd82-44c2-45d9-a9f1-c713788731e6,80.0,0.0,310627,37275,12425,22497,238430
2ec1ee20-0fba-44ab-8a81-8aae51fc9eca,215719f6-d2a9-4984-b832-2d824fafb59c,772b440b-f03a-46f7-b8dc-52196b164239,80.0,0.0,218319,26198,8733,10245,173143
938cf6cf-6bb4-4dd9-9767-0eddd9552c67,215719f6-d2a9-4984-b832-2d824fafb59c,2055f01e-d09e-4af3-b056-4fb999b54b6f,56.0,3.18,112850,13542,4514,7639,87155
b234b233-9e2d-41c3-8ded-16d1d113b4f5,215719f6-d2a9-4984-b832-2d824fafb59c,057781f9-c6a1-4f2d-bbce-affc1469f01b,63.78,2.83,315500,37860,12620,23577,241443
a43284b4-17d6-444d-ac9d-387ec492f031,215719f6-d2a9-4984-b832-2d824fafb59c,cfcd001d-e49c-4b2a-92b1-6eb19366968e,48.0,1.98,255716,30686,10229,19459,195342
24bdb997-fbd8-46e9-8b88-c56ff31553c0,215719f6-d2a9-4984-b832-2d824fafb59c,2bb9893e-5b6b-4e5d-b1ff-56d85c7f8baa,80.0,0.0,447554,53706,17902,19947,355999
d296c4f8-f97f-41ba-babe-8dfdf27b4444,215719f6-d2a9-4984-b832-2d824fafb59c,41543472-3f77-4cc1-b5d9-bb2c51e134fc,71.86,5.02,201174,24141,8047,6136,162850
e4d13e85-4c89-4b09-aa4f-d8b9a819d1aa,215719f6-d2a9-4984-b832-2d824fafb59c,4bb907f3-2959-4b4d-acd2-123aea3d4e40,80.0,0.0,471165,56540,18847,25107,370671
fdaebf12-45c4-4392-b6a9-6a2f5a1588fb,215719f6-d2a9-4984-b832-2d824fafb59c,ad192335-b79b-406a-ba47-0395d697e461,78.97,4.12,275716,33086,11029,9903,221698
ccb072e0-4baf-4efe-a2a8-d4fd1f4b25dc,f95f1e9c-f492-4943-bc81-c72d8987a16f,e352edd9-9089-4e5f-9dad-05bfd00ee15a,80.0,0.0,455838,54701,18234,25955,356948
cb9f019c-3bc6-48f6-b3a3-a74b0d2f5138,f95f1e9c-f492-4943-bc81-c72d8987a16f,78b0b7c7-f0e7-4836-95bc-94c640f7d2f9,38.1,1.34,182902,21948,7316,8044,145594
86a056ca-e2bd-4bb3-8daf-2051d57aead9,f95f1e9c-f492-4943-bc81-c72d8987a16f,37aa2c6b-5c5d-406e-8dbb-ad5a4018edeb,80.0,0.0,363669,43640,14547,18359,287123
afd59f78-78d2-4d9d-8967-61606af60922,f95f1e9c-f492-4943-bc81-c72d8987a16f,c74e16da-2083-466d-8a10-8566f892b662,54.33,1.26,210544,25265,8422,13810,163047
fe7ccabe-1ec2-4d3a-9b5a-df2827e1b637,f95f1e9c-f492-4943-bc81-c72d8987a16f,6f0feb58-8d2d-4291-9db5-d43d58eb597d,70.27,6.37,402797,48336,16112,20250,318099
c33ec19c-fe51-4505-9bae-e9205faeea78,f95f1e9c-f492-4943-bc81-c72d8987a16f,ba629d98-4d22-436c-aa70-6f19a0726237,80.0,0.0,361077,43329,14443,11205,292100
32a138c5-cd33-4c7d-aa69-c7d5b08c148b,f95f1e9c-f492-4943-bc81-c72d8987a16f,c25b3f34-cc91-42be-8f26-f30a5032f7e3,77.39,5.21,373198,44784,14928,28413,285073
65754791-8032-4678-9f1f-1761279358ef,f95f1e9c-f492-4943-bc81-c72d8987a16f,718b32b0-daf5-4ef0-afc9-5f4c5cb28588,80.0,0.0,426527,51183,17061,20462,337821
46cb0e63-5ab4-4906-89dc-555e22465e22,f95f1e9c-f492-4943-bc81-c72d8987a16f,94b323f2-7e53-4ee7-b6b0-e4adc2f6b0e2,55.45,2.05,140694,16883,5628,6847,111336
992f86a6-59f1-4845-8dfe-696014b978b2,f95f1e9c-f492-4943-bc81-c72d8987a16f,2f847c66-5b6b-41fa-a5b5-d36d820bbe50,55.37,3.84,110523,13263,4421,8399,84440
4b0389af-1735-45eb-b87e-e4f7012c76d7,f95f1e9c-f492-4943-bc81-c72d8987a16f,682f88c7-a779-4fbc-b71f-7005333737c3,56.0,1.84,228106,27373,9124,15340,176269
66ac51d7-002c-4b76-8ca3-ac7c0996dfdb,f95f1e9c-f492-4943-bc81-c72d8987a16f,17b527be-6c67-4b79-b717-84232f15fb72,80.0,0.0,343408,41209,13736,14023,274440
c3dcf8b6-aacc-4669-8751-109b8cafc0f5,f95f1e9c-f492-4943-bc81-c72d8987a16f,42ec1fc3-c1d2-4b88-8509-2f8c188d6430,80.0,0.0,599627,71955,23985,19893,483794
3a41bd46-032e-48bf-9f9b-97b8b50dc29a,f95f1e9c-f492-4943-bc81-c72d8987a16f,c63777ff-a940-438c-b9e9-d3187cd91982,64.0,2.79,242739,29129,9710,15405,188495
ee539e33-111c-42df-b056-5897859c4b07,f95f1e9c-f492-4943-bc81-c72d8987a16f,fad6f6b8-5bc6-4d3a-9e99-dfea0c381694,76.95,4.75,303090,36371,12124,17155,237440
3257d051-f7bb-414c-bf06-585bc5656dd9,f95f1e9c-f492-4943-bc81-c72d8987a16f,3e73f356-1339-4949-adb1-27ccf5b87a8f,72.0,2.19,377855,45343,15114,12272,305126
8fa52b17-731a-4172-81b3-bdaecc3ffe3e,f95f1e9c-f492-4943-bc81-c72d8987a16f,7da42c67-bf6c-44ed-bfd2-7d75334d73f7,80.0,0.0,257258,30871,10290,15884,200213
f83ac7b1-d734-4314-9c58-8654775d578b,f95f1e9c-f492-4943-bc81-c72d8987a16f,07982c18-ce02-4bad-96a4-316052374b94,80.0,0.0,329292,39515,13172,21368,255237
edabbf85-678a-47b9-9610-c5d69c3a1451,f95f1e9c-f492-4943-bc81-c72d8987a16f,11a99a0b-2758-4248-a6ec-da7e52d01f28,46.56,1.69,181799,21816,7272,12753,139958
dcaf3fd8-2c88-4503-b7a3-3df5ef2eba17,f95f1e9c-f492-4943-bc81-c72d8987a16f,24e4cc9a-8dbb-49bf-ba7e-46ff84e9547e,80.0,0.0,539738,64769,21590,30440,422939
11ee5f86-2a27-4fad-b448-e00bad42422f,f95f1e9c-f492-4943-bc81-c72d8987a16f,bdd3f611-64d5-4276-8d84-6f5bcc9c9ce3,80.0,0.0,261304,31356,10452,11894,207602
894064cb-ca44-4c18-9661-af816475edca,f95f1e9c-f492-4943-bc81-c72d8987a16f,1454be57-fded-4b54-9d50-89cf465c34d7,63.44,1.62,340416,40850,13617,10365,275584
88b22ab7-d455-4a31-abc4-e8cc03f97f39,f95f1e9c-f492-4943-bc81-c72d8987a16f,5620f37d-03c6-4d68-b27f-a3e8d804b1ca,80.0,0.0,490969,58916,19639,17680,394734
f0d79d2a-5b04-4c03-891f-7f74610fcbbd,f95f1e9c-f492-4943-bc81-c72d8987a16f,c6bd2a61-82c4-45f4-a158-dd07220d8415,53.84,3.6,218477,26217,8739,7687,175834
23291dd3-d510-4455-bb3f-c8682b744069,f95f1e9c-f492-4943-bc81-c72d8987a16f,df1d8519-1624-4319-acb6-d164f78ae26a,71.06,2.08,330398,39648,13216,12358,265176
83b98ab2-d9b7-4d1f-adfb-e0d188577b17,f95f1e9c-f492-4943-bc81-c72d8987a16f,8a81ac6f-85e6-419c-9183-2e82f0c41a05,70.17,4.31,191434,22972,7657,5850,154955
4a291a06-9cad-4fe4-b96a-4b397b1afe29,f95f1e9c-f492-4943-bc81-c72d8987a16f,1c6b05c6-ab8a-4aa6-8f0c-d764fc9baf5c,80.0,0.0,404881,48586,16195,23824,316276
9dbcb889-7c49-45cf-9135-315517f5a699,f95f1e9c-f492-4943-bc81-c72d8987a16f,e15df04a-450d-407a-a2ab-d572fe5e4525,80.0,0.0,451669,54200,18067,22079,357323
71f975d0-d343-44bb-9ce7-387034b745da,f95f1e9c-f492-4943-bc81-c72d8987a16f,1e31d825-7cda-4477-9c48-03bbb941c4cc,62.0,5.97,135808,16297,5432,5969,108110
aebbcc6e-12e6-4294-bf6c-32b563004756,f95f1e9c-f492-4943-bc81-c72d8987a16f,ab961f8e-c095-44b8-b322-100f50627d59,64.0,5.33,313322,37599,12533,23777,239413
e61d0c2c-67b7-4830-904d-5e2bf9eb54af,f95f1e9c-f492-4943-bc81-c72d8987a16f,bddfdd82-44c2-45d9-a9f1-c713788731e6,80.0,0.0,310627,37275,12425,13187,247740
17da6659-4e5f-445b-8b42-3013c41d63f0,f95f1e9c-f492-4943-bc81-c72d8987a16f,772b440b-f03a-46f7-b8dc-52196b164239,80.0,0.0,218319,26198,8733,14966,168422
b78e4c86-3924-4b13-b243-51b83cd62322,f95f1e9c-f492-4943-bc81-c72d8987a16f,2055f01e-d09e-4af3-b056-4fb999b54b6f,47.35,0.38,88987,10678,3559,5189,69561
135da287-5a54-4401-9dea-75f842413b51,f95f1e9c-f492-4943-bc81-c72d8987a16f,057781f9-c6a1-4f2d-bbce-affc1469f01b,60.87,1.63,293655,35239,11746,16450,230220
29e99c43-77fa-4a7a-a836-a4288fa312f8,f95f1e9c-f492-4943-bc81-c72d8987a16f,cfcd001d-e49c-4b2a-92b1-6eb19366968e,62.69,1.33,324525,38943,12981,11617,260984
9bef15ba-af9b-4ee2-8418-256d9f218ab0,f95f1e9c-f492-4943-bc81-c72d8987a16f,2bb9893e-5b6b-4e5d-b1ff-56d85c7f8baa,80.0,0.0,447554,53706,17902,18491,357455
6787c484-b418-4d0a-a2a2-d48c8119c258,f95f1e9c-f492-4943-bc81-c72d8987a16f,41543472-3f77-4cc1-b5d9-bb2c51e134fc,48.0,2.45,130944,15713,5238,7120,102873
c01a9dce-6864-44e4-bda4-a9930b94c2ad,f95f1e9c-f492-4943-bc81-c72d8987a16f,4bb907f3-2959-4b4d-acd2-123aea3d4e40,80.0,0.0,471165,56540,18847,36392,359386
75b249d6-dfaf-4c91-b302-8fec0c667ea8,f95f1e9c-f492-4943-bc81-c72d8987a16f,ad192335-b79b-406a-ba47-0395d697e461,48.0,3.35,171695,20603,6868,6955,137269
75dfe18e-b81f-443b-97c0-0f422b600b34,1986f05e-11cb-45b3-910c-74e9dd070857,e352edd9-9089-4e5f-9dad-05bfd00ee15a,80.0,0.0,455838,54701,18234,15101,367802
ba421827-8309-4da6-82f0-012f253c4c42,1986f05e-11cb-45b3-910c-74e9dd070857,78b0b7c7-f0e7-4836-95bc-94c640f7d2f9,61.9,0.9,288420,34610,11537,21548,220725
86ddd131-09c9-4651-ac97-f9e1e8526ad0,1986f05e-11cb-45b3-910c-74e9dd070857,37aa2c6b-5c5d-406e-8dbb-ad5a4018edeb,80.0,0.0,363669,43640,14547,22223,283259
5a2a7286-ac1a-4774-b3a8-abd5c20bbb20,1986f05e-11cb-45b3-910c-74e9dd070857,c74e16da-2083-466d-8a10-8566f892b662,63.47,6.65,275052,33006,11002,14409,216635
a0dfe0d6-1020-41f5-95a7-13c88d0c9c7e,1986f05e-11cb-45b3-910c-74e9dd070857,6f0feb58-8d2d-4291-9db5-d43d58eb597d,72.0,13.68,466856,56023,18674,34770,357389
52f3bb41-85b0-4726-b56c-3ad11ce9cc67,1986f05e-11cb-45b3-910c-74e9dd070857,ba629d98-4d22-436c-aa70-6f19a0726237,80.0,0.0,361077,43329,14443,12416,290889
0a4ca962-ddc6-47b8-a2fd-1c796a2105de,1986f05e-11cb-45b3-910c-74e9dd070857,c25b3f34-cc91-42be-8f26-f30a5032f7e3,79.39,2.39,363430,43612,14537,27206,278075
ac89b688-3b5c-4a09-9013-3e2f96e9c2b9,1986f05e-11cb-45b3-910c-74e9dd070857,718b32b0-daf5-4ef0-afc9-5f4c5cb28588,80.0,0.0,426527,51183,17061,21388,336895
83560aaa-10da-4d16-8560-ffd0bcf0f052,1986f05e-11cb-45b3-910c-74e9dd070857,94b323f2-7e53-4ee7-b6b0-e4adc2f6b0e2,48.0,4.4,131258,15751,5250,9759,100498
e87dc7a6-5ec8-45a3-9229-83a79548ea41,1986f05e-11cb-45b3-910c-74e9dd070857,2f847c66-5b6b-41fa-a5b5-d36d820bbe50,63.1,2.53,120946,14514,4838,8162,93432
038f2ad6-6be0-4a09-8e5e-d425681fd76c,1986f05e-11cb-45b3-910c-74e9dd070857,682f88c7-a779-4fbc-b71f-7005333737c3,70.23,6.85,312520,37502,12501,17772,244745
bd6fde99-8cf0-4149-b62e-af948cbc9e0a,1986f05e-11cb-45b3-910c-74e9dd070857,17b527be-6c67-4b79-b717-84232f15fb72,80.0,0.0,343408,41209,13736,11220,277243
61864fcb-e4f0-4e0a-a48a-bfc4621e2466,1986f05e-11cb-45b3-910c-74e9dd070857,42ec1fc3-c1d2-4b88-8509-2f8c188d6430,80.0,0.0,599627,71955,23985,37768,465919
b0582dbf-8fcb-4e9c-aba4-23d6be4a44da,1986f05e-11cb-45b3-910c-74e9dd070857,c63777ff-a940-438c-b9e9-d3187cd91982,45.93,8.33,207993,24959,8320,8943,165771
d43f254b-e672-4d91-89ab-54fde0024a88,1986f05e-11cb-45b3-910c-74e9dd070857,fad6f6b8-5bc6-4d3a-9e99-dfea0c381694,64.0,4.77,256514,30782,10261,14924,200547
8e322fa6-30e2-4e3b-a72f-2e0d6fb1ac87,1986f05e-11cb-45b3-910c-74e9dd070857,3e73f356-1339-4949-adb1-27ccf5b87a8f,71.26,4.29,389951,46794,15598,23536,304023
2a44b924-72f9-4d5a-a6e9-666626ea6fc1,1986f05e-11cb-45b3-910c-74e9dd070857,7da42c67-bf6c-44ed-bfd2-7d75334d73f7,80.0,0.0,257258,30871,10290,20300,195797
f2272a86-23b0-4785-b2b9-a14dc6fa64c2,1986f05e-11cb-45b3-910c-74e9dd070857,07982c18-ce02-4bad-96a4-316052374b94,80.0,0.0,329292,39515,13172,12184,264421
509c31ab-9272-459d-94b3-c1141709add1,1986f05e-11cb-45b3-910c-74e9dd070857,11a99a0b-2758-4248-a6ec-da7e52d01f28,80.0,8.94,345897,41508,13836,16490,274063
084de2dc-c9de-4c1b-98e2-f2eb8107095f,1986f05e-11cb-45b3-910c-74e9dd070857,24e4cc9a-8dbb-49bf-ba7e-46ff84e9547e,80.0,0.0,539738,64769,21590,37011,416368
ce83ad23-fc94-4fe8-9673-a3c6bb0a0bdd,1986f05e-11cb-45b3-910c-74e9dd070857,bdd3f611-64d5-4276-8d84-6f5bcc9c9ce3,80.0,0.0,261304,31356,10452,13416,206080
d60f309e-b3a6-4495-88eb-baed2db9526e,1986f05e-11cb-45b3-910c-74e9dd070857,1454be57-fded-4b54-9d50-89cf465c34d7,54.5,1.19,290881,34906,11635,13275,231065
638c2c7f-cde7-4a74-835f-adba9c6d6a76,1986f05e-11cb-45b3-910c-74e9dd070857,5620f37d-03c6-4d68-b27f-a3e8d804b1ca,80.0,0.0,490969,58916,19639,29323,383091
a7fda6f4-e076-49d2-8db5-5ae9685e4ab3,1986f05e-11cb-45b3-910c-74e9dd070857,c6bd2a61-82c4-45f4-a158-dd07220d8415,60.15,1.24,228693,27443,9148,14551,177551
9a455930-7c90-4ecd-8ed6-7a7c233b4c18,1986f05e-11cb-45b3-910c-74e9dd070857,df1d8519-1624-4319-acb6-d164f78ae26a,64.0,6.65,329485,39538,13179,16553,260215
c3c04f62-7e0f-44f0-ad07-bf53eb053d19,1986f05e-11cb-45b3-910c-74e9dd070857,8a81ac6f-85e6-419c-9183-2e82f0c41a05,70.59,4.04,191472,22977,7659,10981,149855
b957ea5d-143b-43a6-b005-ed1309617666,1986f05e-11cb-45b3-910c-74e9dd070857,1c6b05c6-ab8a-4aa6-8f0c-d764fc9baf5c,80.0,0.0,404881,48586,16195,18768,321332
94d7a5da-be2e-4b80-9db7-11840a6ed42a,1986f05e-11cb-45b3-910c-74e9dd070857,e15df04a-450d-407a-a2ab-d572fe5e4525,80.0,0.0,451669,54200,18067,19353,360049
c80cf138-d926-49b8-8eb0-cc0f00fb570c,1986f05e-11cb-45b3-910c-74e9dd070857,1e31d825-7cda-4477-9c48-03bbb941c4cc,54.51,2.15,110505,13261,4420,5916,86908
a9b4c22c-1ed6-4193-b17b-c78f61b8b975,1986f05e-11cb-45b3-910c-74e9dd070857,ab961f8e-c095-44b8-b322-100f50627d59,70.18,3.25,326639,39197,13066,12665,261711
a851144b-03f1-4c47-b788-4eab1b639e1b,1986f05e-11cb-45b3-910c-74e9dd070857,bddfdd82-44c2-45d9-a9f1-c713788731e6,80.0,0.0,310627,37275,12425,16872,244055
6584450b-43e4-4dcb-9ba2-c79eed8ad46d,1986f05e-11cb-45b3-910c-74e9dd070857,772b440b-f03a-46f7-b8dc-52196b164239,80.0,0.0,218319,26198,8733,17392,165996
00169857-8ea3-42b2-9c3f-20b4174d02f8,1986f05e-11cb-45b3-910c-74e9dd070857,2055f01e-d09e-4af3-b056-4fb999b54b6f,63.91,5.32,133500,16020,5340,5915,106225
66427708-0ce7-4b65-9068-9bba2caf85b8,1986f05e-11cb-45b3-910c-74e9dd070857,057781f9-c6a1-4f2d-bbce-affc1469f01b,80.0,4.51,402416,48290,16097,23671,314358
f2230cf6-1e79-473f-ab7d-2d2076ee1577,1986f05e-11cb-45b3-910c-74e9dd070857,cfcd001d-e49c-4b2a-92b1-6eb19366968e,69.61,3.8,377830,45340,15113,20456,296921
e7586bb3-c0ce-44cd-a187-f37c7febabff,1986f05e-11cb-45b3-910c-74e9dd070857,2bb9893e-5b6b-4e5d-b1ff-56d85c7f8baa,80.0,0.0,447554,53706,17902,28714,347232
f065d043-6ad4-440b-8533-d34b4ae2a8af,1986f05e-11cb-45b3-910c-74e9dd070857,41543472-3f77-4cc1-b5d9-bb2c51e134fc,69.37,1.87,182891,21947,7316,8764,144864
3f722ac1-02fa-46af-8e02-9e16d0088041,1986f05e-11cb-45b3-910c-74e9dd070857,4bb907f3-2959-4b4d-acd2-123aea3d4e40,80.0,0.0,471165,56540,18847,35608,360170
5b8a9162-3cbd-4c03-b894-74c4a0960cef,1986f05e-11cb-45b3-910c-74e9dd070857,ad192335-b79b-406a-ba47-0395d697e461,78.11,3.06,267783,32134,10711,12640,212298
2496f89a-e6cd-4273-b325-b285cd26d737,404f3a4c-80bb-4337-867b-5eb50add07d2,e352edd9-9089-4e5f-9dad-05bfd00ee15a,80.0,0.0,455838,54701,18234,18257,364646
50ed7b97-6e72-4cc4-8b6d-04a333dc2f05,404f3a4c-80bb-4337-867b-5eb50add07d2,78b0b7c7-f0e7-4836-95bc-94c640f7d2f9,70.98,5.53,361494,43379,14460,22667,280988
c0422fbe-818a-49a1-8518-eda49bb2c3ba,404f3a4c-80bb-4337-867b-5eb50add07d2,37aa2c6b-5c5d-406e-8dbb-ad5a4018edeb,80.0,0.0,363669,43640,14547,14872,290610
08ad70e9-a45f-4188-9c2a-5f1d6c3591d9,404f3a4c-80bb-4337-867b-5eb50add07d2,c74e16da-2083-466d-8a10-8566f892b662,69.59,5.55,291792,35015,11672,18215,226890
2158ed9f-0dba-4ab2-88be-c07d3cabd7fa,404f3a4c-80bb-4337-867b-5eb50add07d2,6f0feb58-8d2d-4291-9db5-d43d58eb597d,62.57,5.66,358569,43028,14343,26837,274361
8d4f3389-4d16-411f-b226-5214697deb41,404f3a4c-80bb-4337-867b-5eb50add07d2,ba629d98-4d22-436c-aa70-6f19a0726237,80.0,0.0,361077,43329,14443,26456,276849
896d12fa-f013-4475-9cc3-7f4bfe2eaf17,404f3a4c-80bb-4337-867b-5eb50add07d2,c25b3f34-cc91-42be-8f26-f30a5032f7e3,71.17,2.59,328741,39449,13150,10769,265373
651ad272-e5fd-4b77-af39-46e1e6b767ed,404f3a4c-80bb-4337-867b-5eb50add07d2,718b32b0-daf5-4ef0-afc9-5f4c5cb28588,80.0,0.0,426527,51183,17061,19923,338360
6fe57754-7482-4dba-9bf4-8d7f93f10cac,404f3a4c-80bb-4337-867b-5eb50add07d2,94b323f2-7e53-4ee7-b6b0-e4adc2f6b0e2,70.87,1.76,176718,21206,7069,5551,142892
716ca68a-2627-4cf4-86cb-d745e69ba39a,404f3a4c-80bb-4337-867b-5eb50add07d2,2f847c66-5b6b-41fa-a5b5-d36d820bbe50,54.53,0.89,101004,12120,4040,4154,80690
0c07a2d7-ef2a-4b29-a052-79fe3856113d,404f3a4c-80bb-4337-867b-5eb50add07d2,682f88c7-a779-4fbc-b71f-7005333737c3,64.0,2.34,262074,31449,10483,11193,208949
bd5f7bca-2042-4962-b889-10c41aa2c439,404f3a4c-80bb-4337-867b-5eb50add07d2,17b527be-6c67-4b79-b717-84232f15fb72,80.0,0.0,343408,41209,13736,13680,274783
50ae4e4d-02d9-4907-a42d-872948c27ae4,404f3a4c-80bb-4337-867b-5eb50add07d2,42ec1fc3-c1d2-4b88-8509-2f8c188d6430,80.0,0.0,599627,71955,23985,44461,459226
6a1dc236-76a9-4a9a-b216-48ced86f282e,404f3a4c-80bb-4337-867b-5eb50add07d2,c63777ff-a940-438c-b9e9-d3187cd91982,47.1,3.52,186473,22377,7459,14638,141999
40abd4e5-0d1f-4fed-9f1f-32f5f730b7ca,404f3a4c-80bb-4337-867b-5eb50add07d2,fad6f6b8-5bc6-4d3a-9e99-dfea0c381694,61.96,4.93,250025,30003,10001,13207,196814
e919c9d1-55c4-4606-810e-1d1499d047d3,404f3a4c-80bb-4337-867b-5eb50add07d2,3e73f356-1339-4949-adb1-27ccf5b87a8f,46.26,2.82,253409,30409,10136,17047,195817
58dc450a-b40d-4a57-bee9-d9325e087d34,404f3a4c-80bb-4337-867b-5eb50add07d2,7da42c67-bf6c-44ed-bfd2-7d75334d73f7,80.0,0.0,257258,30871,10290,15966,200131
ad81435d-ef92-496f-91be-0342a5d8aff0,404f3a4c-80bb-4337-867b-5eb50add07d2,07982c18-ce02-4bad-96a4-316052374b94,80.0,0.0,329292,39515,13172,13558,263047
27aae0ad-5b79-4e29-99e3-1d5121aa29eb,404f3a4c-80bb-4337-867b-5eb50add07d2,11a99a0b-2758-4248-a6ec-da7e52d01f28,48.0,1.96,188631,22636,7545,15010,143440
6628cc5e-2f05-4482-9b35-59d370e2860e,404f3a4c-80bb-4337-867b-5eb50add07d2,24e4cc9a-8dbb-49bf-ba7e-46ff84e9547e,80.0,0.0,539738,64769,21590,17579,435800
334bd640-3752-4599-b095-a87902e1989d,404f3a4c-80bb-4337-867b-5eb50add07d2,bdd3f611-64d5-4276-8d84-6f5bcc9c9ce3,80.0,0.0,261304,31356,10452,15532,203964
3406d8d7-81b2-4040-b233-8d90cdfac72e,404f3a4c-80bb-4337-867b-5eb50add07d2,1454be57-fded-4b54-9d50-89cf465c34d7,56.0,2.44,308323,36999,12333,19824,239167
5d0aab1f-f8c0-44d8-9ae5-8aa0b80d69d6,404f3a4c-80bb-4337-867b-5eb50add07d2,5620f37d-03c6-4d68-b27f-a3e8d804b1ca,80.0,0.0,490969,58916,19639,39154,373260
9eeacae5-e4c0-4f80-b9bb-48f6d856cfe3,404f3a4c-80bb-4337-867b-5eb50add07d2,c6bd2a61-82c4-45f4-a158-dd07220d8415,56.0,1.79,216430,25972,8657,13595,168206
92bb559d-c5b5-4538-90cb-341cc3e3e48c,404f3a4c-80bb-4337-867b-5eb50add07d2,df1d8519-1624-4319-acb6-d164f78ae26a,55.1,4.63,276348,33162,11054,19977,212155
54815ee6-d196-4e5c-bd7c-4888384b90f8,404f3a4c-80bb-4337-867b-5eb50add07d2,8a81ac6f-85e6-419c-9183-2e82f0c41a05,50.51,0.95,129734,15568,5189,9904,99073
85fbbad3-b75c-4d3d-9b9c-79798f19ac73,404f3a4c-80bb-4337-867b-5eb50add07d2,1c6b05c6-ab8a-4aa6-8f0c-d764fc9baf5c,80.0,0.0,404881,48586,16195,18050,322050
2a0d2672-3059-4fa4-817e-7d061db130ba,404f3a4c-80bb-4337-867b-5eb50add07d2,e15df04a-450d-407a-a2ab-d572fe5e4525,80.0,0.0,451669,54200,18067,29584,349818
6c8dc08a-cbc9-4ca6-bdc3-f80e84c37e99,404f3a4c-80bb-4337-867b-5eb50add07d2,1e31d825-7cda-4477-9c48-03bbb941c4cc,44.86,0.75,88015,10562,3521,6949,66983
41a61c67-d2e7-4f71-b9ef-f0e3f50ff153,404f3a4c-80bb-4337-867b-5eb50add07d2,ab961f8e-c095-44b8-b322-100f50627d59,55.23,2.79,258574,31029,10343,19870,197332
7600038b-921d-4d62-adc2-ac7502189af2,404f3a4c-80bb-4337-867b-5eb50add07d2,bddfdd82-44c2-45d9-a9f1-c713788731e6,80.0,0.0,310627,37275,12425,22527,238400
69b90725-a8e4-43f4-ad38-45cfb76ba895,404f3a4c-80bb-4337-867b-5eb50add07d2,772b440b-f03a-46f7-b8dc-52196b164239,80.0,0.0,218319,26198,8733,14400,168988
7bbb0605-2442-45a3-8aa5-7101bb70d7ea,404f3a4c-80bb-4337-867b-5eb50add07d2,2055f01e-d09e-4af3-b056-4fb999b54b6f,55.38,0.89,105320,12638,4213,4365,84104
6057d6fa-3168-4a0e-befa-b1313adff7ea,404f3a4c-80bb-4337-867b-5eb50add07d2,057781f9-c6a1-4f2d-bbce-affc1469f01b,69.38,2.68,340429,40851,13617,26952,259009
af04c345-5cc1-44d9-9b55-401cb49583a9,404f3a4c-80bb-4337-867b-5eb50add07d2,cfcd001d-e49c-4b2a-92b1-6eb19366968e,32.0,0.98,167919,20150,6717,8888,132164
468e6e5f-2f8f-4d38-9905-cbecb1569d8b,404f3a4c-80bb-4337-867b-5eb50add07d2,2bb9893e-5b6b-4e5d-b1ff-56d85c7f8baa,80.0,0.0,447554,53706,17902,22671,353275
3c4ec9c0-8435-4d66-b30a-9ca049c07107,404f3a4c-80bb-4337-867b-5eb50add07d2,41543472-3f77-4cc1-b5d9-bb2c51e134fc,62.78,4.73,177063,21248,7083,7923,140809
a15d2d4b-742f-4ac9-bf32-9c829c0d5302,404f3a4c-80bb-4337-867b-5eb50add07d2,4bb907f3-2959-4b4d-acd2-123aea3d4e40,80.0,0.0,471165,56540,18847,29284,366494
be03644f-1788-43f1-b3e0-dbcc59f07ec5,404f3a4c-80bb-4337-867b-5eb50add07d2,ad192335-b79b-406a-ba47-0395d697e461,70.56,1.58,236147,28338,9446,14809,183554
4df08e3b-c093-4301-b596-d5d4267664ed,e7d4246a-d374-4963-9718-d694f2b1a1c7,e352edd9-9089-4e5f-9dad-05bfd00ee15a,80.0,0.0,455838,54701,18234,14508,368395
ef34058c-72fe-4b1f-8fbf-a4da7c0ed8a5,e7d4246a-d374-4963-9718-d694f2b1a1c7,78b0b7c7-f0e7-4836-95bc-94c640f7d2f9,62.62,1.95,298885,35866,11955,10589,240475
beede9a3-1f5e-4aa1-b179-303d10663330,e7d4246a-d374-4963-9718-d694f2b1a1c7,37aa2c6b-5c5d-406e-8dbb-ad5a4018edeb,80.0,0.0,363669,43640,14547,14451,291031
47a6b624-1962-4cc3-ac20-a044fb576b6d,e7d4246a-d374-4963-9718-d694f2b1a1c7,c74e16da-2083-466d-8a10-8566f892b662,71.02,5.21,295237,35428,11809,17692,230308
e465540a-8dc9-4416-8a1b-4b0b68445ca4,e7d4246a-d374-4963-9718-d694f2b1a1c7,6f0feb58-8d2d-4291-9db5-d43d58eb597d,80.0,5.42,444704,53364,17788,21799,351753
ceb97fd6-deb5-41e4-afe7-e592b92964eb,e7d4246a-d374-4963-9718-d694f2b1a1c7,ba629d98-4d22-436c-aa70-6f19a0726237,80.0,0.0,361077,43329,14443,25895,277410
c2aa8635-7182-41a8-bd2e-03d9b5ffaba6,e7d4246a-d374-4963-9718-d694f2b1a1c7,c25b3f34-cc91-42be-8f26-f30a5032f7e3,71.85,4.97,347356,41683,13894,24957,266822
52b0430f-8a76-436c-b0be-b417311a733e,e7d4246a-d374-4963-9718-d694f2b1a1c7,718b32b0-daf5-4ef0-afc9-5f4c5cb28588,80.0,0.0,426527,51183,17061,14474,343809
830fa34a-f2eb-4dc2-a75c-49270aa240f0,e7d4246a-d374-4963-9718-d694f2b1a1c7,94b323f2-7e53-4ee7-b6b0-e4adc2f6b0e2,62.82,3.26,162775,19533,6511,8890,127841
9a2f8f79-30be-43d1-b489-334a7df48276,e7d4246a-d374-4963-9718-d694f2b1a1c7,2f847c66-5b6b-41fa-a5b5-d36d820bbe50,54.97,6.7,117556,14107,4702,3760,94987
545d8c1c-d1df-4278-b3fe-a1d4f053dc4f,e7d4246a-d374-4963-9718-d694f2b1a1c7,682f88c7-a779-4fbc-b71f-7005333737c3,80.0,7.35,353359,42403,14134,24202,272620
cf3c5feb-3f33-423c-aef9-3db3428d8135,e7d4246a-d374-4963-9718-d694f2b1a1c7,17b527be-6c67-4b79-b717-84232f15fb72,80.0,0.0,343408,41209,13736,16246,272217
d7429f78-02ce-4c8a-9e24-1974196949af,e7d4246a-d374-4963-9718-d694f2b1a1c7,42ec1fc3-c1d2-4b88-8509-2f8c188d6430,80.0,0.0,599627,71955,23985,22853,480834
4f88cdfc-fa8a-44d0-aded-9e421a094e54,e7d4246a-d374-4963-9718-d694f2b1a1c7,c63777ff-a940-438c-b9e9-d3187cd91982,75.99,8.23,314473,37737,12579,18095,246062
a61a8c5b-9bd8-497d-b8ba-b378509973a8,e7d4246a-d374-4963-9718-d694f2b1a1c7,fad6f6b8-5bc6-4d3a-9e99-dfea0c381694,69.85,7.3,291284,34954,11651,18953,225726
883eb459-f914-4f51-924b-fa850c5e4222,e7d4246a-d374-4963-9718-d694f2b1a1c7,3e73f356-1339-4949-adb1-27ccf5b87a8f,70.07,7.17,405661,48679,16226,14207,326549
ca30babf-3bbd-48ce-bf59-f50721953d55,e7d4246a-d374-4963-9718-d694f2b1a1c7,7da42c67-bf6c-44ed-bfd2-7d75334d73f7,80.0,0.0,257258,30871,10290,19136,196961
251b6968-6b72-41dc-9d5d-b9f9ce3f9fac,e7d4246a-d374-4963-9718-d694f2b1a1c7,07982c18-ce02-4bad-96a4-316052374b94,80.0,0.0,329292,39515,13172,25146,251459
19730097-d095-4bcd-95ef-ef60223ade89,e7d4246a-d374-4963-9718-d694f2b1a1c7,11a99a0b-2758-4248-a6ec-da7e52d01f28,46.91,3.1,190927,22911,7637,9122,151257
11cac32e-adb7-418a-a026-b1e82aec4438,e7d4246a-d374-4963-9718-d694f2b1a1c7,24e4cc9a-8dbb-49bf-ba7e-46ff84e9547e,80.0,0.0,539738,64769,21590,39841,413538
99c3fd77-43a4-4ea8-9170-e8657710e6f2,e7d4246a-d374-4963-9718-d694f2b1a1c7,bdd3f611-64d5-4276-8d84-6f5bcc9c9ce3,80.0,0.0,261304,31356,10452,19070,200426
765979ca-8890-4818-91f3-04a588edc50f,e7d4246a-d374-4963-9718-d694f2b1a1c7,1454be57-fded-4b54-9d50-89cf465c34d7,78.69,6.45,456670,54800,18267,27545,356058
f1a63d9a-f04c-45b8-a8a7-3ab5c2280c70,e7d4246a-d374-4963-9718-d694f2b1a1c7,5620f37d-03c6-4d68-b27f-a3e8d804b1ca,80.0,0.0,490969,58916,19639,26858,385556
07016f44-5c0f-4398-bc94-5dd943f603a4,e7d4246a-d374-4963-9718-d694f2b1a1c7,c6bd2a61-82c4-45f4-a158-dd07220d8415,61.02,3.98,247059,29647,9882,19584,187946
1ad59349-1299-41ed-95fd-3ed03deece30,e7d4246a-d374-4963-9718-d694f2b1a1c7,df1d8519-1624-4319-acb6-d164f78ae26a,53.69,1.18,247019,29642,9881,9154,198342
c7a2fb36-c1b5-4cf1-886b-d81f5b37138b,e7d4246a-d374-4963-9718-d694f2b1a1c7,8a81ac6f-85e6-419c-9183-2e82f0c41a05,56.0,1.64,146033,17524,5841,9251,113417
549e1e22-2d15-44a7-a75c-e74e0f9428a7,e7d4246a-d374-4963-9718-d694f2b1a1c7,1c6b05c6-ab8a-4aa6-8f0c-d764fc9baf5c,80.0,0.0,404881,48586,16195,27189,312911
1ec281f6-c41a-4ab3-9ca8-86c3aad0eacf,e7d4246a-d374-4963-9718-d694f2b1a1c7,e15df04a-450d-407a-a2ab-d572fe5e4525,80.0,0.0,451669,54200,18067,16818,362584
a77850b3-cd2b-4d7d-80ec-bec3159c929c,e7d4246a-d374-4963-9718-d694f2b1a1c7,1e31d825-7cda-4477-9c48-03bbb941c4cc,69.75,2.34,140220,16826,5609,10528,107257
2c0e5a49-bd43-4347-9f4b-6cfbdf366fbf,e7d4246a-d374-4963-9718-d694f2b1a1c7,ab961f8e-c095-44b8-b322-100f50627d59,70.49,6.34,348160,41779,13926,20805,271650
da3136a1-af4d-4886-840f-2604ded0edc4,e7d4246a-d374-4963-9718-d694f2b1a1c7,bddfdd82-44c2-45d9-a9f1-c713788731e6,80.0,0.0,310627,37275,12425,16267,244660
9d4dfe5c-6b5f-4728-9ae2-bb1e1013358b,e7d4246a-d374-4963-9718-d694f2b1a1c7,772b440b-f03a-46f7-b8dc-52196b164239,80.0,0.0,218319,26198,8733,8881,174507
bde1e663-60c7-4795-83b0-2aa9e0db5cbd,e7d4246a-d374-4963-9718-d694f2b1a1c7,2055f01e-d09e-4af3-b056-4fb999b54b6f,54.73,3.52,111439,13373,4458,4234,89374
42200f6a-0664-454c-971b-2fd21d79aa2c,e7d4246a-d374-4963-9718-d694f2b1a1c7,057781f9-c6a1-4f2d-bbce-affc1469f01b,62.18,5.18,324428,38931,12977,25701,246819
4fb53f06-f6b5-4e11-b6b1-2a350b35df41,e7d4246a-d374-4963-9718-d694f2b1a1c7,cfcd001d-e49c-4b2a-92b1-6eb19366968e,63.18,3.05,339927,40791,13597,19582,265957
fcd09e0f-591a-4063-a75d-2dbd66afc25b,e7d4246a-d374-4963-9718-d694f2b1a1c7,2bb9893e-5b6b-4e5d-b1ff-56d85c7f8baa,80.0,0.0,447554,53706,17902,30698,345248
2807f2e5-d72d-40a6-9e33-773406bfe55d,e7d4246a-d374-4963-9718-d694f2b1a1c7,41543472-3f77-4cc1-b5d9-bb2c51e134fc,54.89,1.25,143843,17261,5754,9199,111629
d0553fce-06bd-4078-872f-248503658ea5,e7d4246a-d374-4963-9718-d694f2b1a1c7,4bb907f3-2959-4b4d-acd2-123aea3d4e40,80.0,0.0,471165,56540,18847,36769,359009
1256aea7-1158-4f85-a417-aa6fc8e7d59e,e7d4246a-d374-4963-9718-d694f2b1a1c7,ad192335-b79b-406a-ba47-0395d697e461,53.0,1.1,176957,21235,7078,6351,142293
4dbbf9b8-3d9d-4da6-ab96-bb66d6857082,2725124e-e087-4b83-b8d9-6a32e8b05602,e352edd9-9089-4e5f-9dad-05bfd00ee15a,80.0,0.0,455838,54701,18234,26163,356740
9b7c53eb-1578-47b3-962b-f00a9ca437f2,2725124e-e087-4b83-b8d9-6a32e8b05602,78b0b7c7-f0e7-4836-95bc-94c640f7d2f9,62.14,4.59,314754,37770,12590,10246,254148
f317aa82-6693-4f66-aace-e4dc74544c1e,2725124e-e087-4b83-b8d9-6a32e8b05602,37aa2c6b-5c5d-406e-8dbb-ad5a4018edeb,80.0,0.0,363669,43640,14547,12690,292792
0ef874e7-9764-4318-8795-ad3f11948966,2725124e-e087-4b83-b8d9-6a32e8b05602,c74e16da-2083-466d-8a10-8566f892b662,47.25,1.26,184029,22083,7361,5900,148685
693f92fd-98cb-4b0d-9f94-a05fb7610ef5,2725124e-e087-4b83-b8d9-6a32e8b05602,6f0feb58-8d2d-4291-9db5-d43d58eb597d,63.2,7.7,377188,45263,15088,28763,288074
8ddf1f7d-1687-45ae-860b-4db01d54d898,2725124e-e087-4b83-b8d9-6a32e8b05602,ba629d98-4d22-436c-aa70-6f19a0726237,80.0,0.0,361077,43329,14443,16279,287026
2cacec9b-e451-4639-b0ee-a5884b5f4a21,2725124e-e087-4b83-b8d9-6a32e8b05602,c25b3f34-cc91-42be-8f26-f30a5032f7e3,56.0,3.24,266567,31988,10663,13588,210328
f25d3da8-582e-45c0-b125-63fd33db1ae7,2725124e-e087-4b83-b8d9-6a32e8b05602,718b32b0-daf5-4ef0-afc9-5f4c5cb28588,80.0,0.0,426527,51183,17061,18079,340204
4a21d90f-ed11-4f99-b291-f368ba03afa9,2725124e-e087-4b83-b8d9-6a32e8b05602,94b323f2-7e53-4ee7-b6b0-e4adc2f6b0e2,67.87,5.95,184615,22154,7385,8920,146156
1cd4bb73-ace9-4e46-b29e-1a9ac872ddd1,2725124e-e087-4b83-b8d9-6a32e8b05602,2f847c66-5b6b-41fa-a5b5-d36d820bbe50,71.53,4.12,140500,16860,5620,7987,110033
e9e0d1f6-60b6-4c13-9337-e6bf1a7c0be4,2725124e-e087-4b83-b8d9-6a32e8b05602,682f88c7-a779-4fbc-b71f-7005333737c3,38.39,3.29,168188,20183,6728,7764,133513
aabd8427-98d8-46e2-b326-76cffb3dfe3c,2725124e-e087-4b83-b8d9-6a32e8b05602,17b527be-6c67-4b79-b717-84232f15fb72,80.0,0.0,343408,41209,13736,22069,266394
a437b672-e2ba-4e0e-9578-058042c37204,2725124e-e087-4b83-b8d9-6a32e8b05602,42ec1fc3-c1d2-4b88-8509-2f8c188d6430,80.0,0.0,599627,71955,23985,18371,485316
9de76295-0655-4611-8ffe-6036f8cbc1bd,2725124e-e087-4b83-b8d9-6a32e8b05602,c63777ff-a940-438c-b9e9-d3187cd91982,80.0,4.09,306641,36797,12266,21468,236110
a0368fa3-03a9-4027-8ac7-46adb96257e3,2725124e-e087-4b83-b8d9-6a32e8b05602,fad6f6b8-5bc6-4d3a-9e99-dfea0c381694,47.16,2.88,185585,22270,7423,10010,145882
244da33a-c807-46a8-bf00-b5e36cbe5e2f,2725124e-e087-4b83-b8d9-6a32e8b05602,3e73f356-1339-4949-adb1-27ccf5b87a8f,54.92,3.6,302746,36330,12110,11486,242820
aa2a97b3-95b3-44fe-bb37-08c2f12596cb,2725124e-e087-4b83-b8d9-6a32e8b05602,7da42c67-bf6c-44ed-bfd2-7d75334d73f7,80.0,0.0,257258,30871,10290,10154,205943
5059a31f-fd1f-49c2-a5df-a179aca36cb5,2725124e-e087-4b83-b8d9-6a32e8b05602,07982c18-ce02-4bad-96a4-316052374b94,80.0,0.0,329292,39515,13172,24986,251619
c306702d-22d6-4c86-bce3-799950c431fe,2725124e-e087-4b83-b8d9-6a32e8b05602,11a99a0b-2758-4248-a6ec-da7e52d01f28,55.38,2.31,217903,26148,8716,14997,168042
0b3c287d-4971-464f-8fc9-1d82df35d73c,2725124e-e087-4b83-b8d9-6a32e8b05602,24e4cc9a-8dbb-49bf-ba7e-46ff84e9547e,80.0,0.0,539738,64769,21590,36071,417308
89672859-6802-4a8e-b1a9-81cb3c5bb4b4,2725124e-e087-4b83-b8d9-6a32e8b05602,bdd3f611-64d5-4276-8d84-6f5bcc9c9ce3,80.0,0.0,261304,31356,10452,14455,205041
2f64dac2-afd6-48d1-90de-9f0f4b75ab31,2725124e-e087-4b83-b8d9-6a32e8b05602,1454be57-fded-4b54-9d50-89cf465c34d7,45.35,5.0,273129,32775,10925,18838,210591
adba6fdf-1ca6-4c2c-93dc-9ebbc3da9566,2725124e-e087-4b83-b8d9-6a32e8b05602,5620f37d-03c6-4d68-b27f-a3e8d804b1ca,80.0,0.0,490969,58916,19639,17353,395061
73d49f00-51fa-491c-b475-12555a4688b8,2725124e-e087-4b83-b8d9-6a32e8b05602,c6bd2a61-82c4-45f4-a158-dd07220d8415,62.02,1.8,238687,28642,9547,17197,183301
dde1d163-e890-435d-9700-fcfbda938374,2725124e-e087-4b83-b8d9-6a32e8b05602,df1d8519-1624-4319-acb6-d164f78ae26a,62.1,0.86,282339,33881,11294,19630,217534
102d8c1e-7fac-4e68-8662-307ccc5d3503,2725124e-e087-4b83-b8d9-6a32e8b05602,8a81ac6f-85e6-419c-9183-2e82f0c41a05,74.6,1.58,192271,23073,7691,11296,150211
79ff1645-ece1-4749-ad97-aae422105ae3,2725124e-e087-4b83-b8d9-6a32e8b05602,1c6b05c6-ab8a-4aa6-8f0c-d764fc9baf5c,80.0,0.0,404881,48586,16195,20230,319870
58f4abf0-b38e-455f-ba2b-4f8a5a3dfd2f,2725124e-e087-4b83-b8d9-6a32e8b05602,e15df04a-450d-407a-a2ab-d572fe5e4525,80.0,0.0,451669,54200,18067,23013,356389
8061cab4-cfb0-4185-9d51-a267533e5177,2725124e-e087-4b83-b8d9-6a32e8b05602,1e31d825-7cda-4477-9c48-03bbb941c4cc,54.87,3.03,113720,13646,4549,7259,88266
c724673e-41a1-4fc9-b4dc-16046a1ce4cc,2725124e-e087-4b83-b8d9-6a32e8b05602,ab961f8e-c095-44b8-b322-100f50627d59,68.74,1.31,307708,36925,12308,14684,243791
ea312b87-8075-4c79-a72f-2c9a044dbef1,2725124e-e087-4b83-b8d9-6a32e8b05602,bddfdd82-44c2-45d9-a9f1-c713788731e6,80.0,0.0,310627,37275,12425,19914,241013
de41f532-9065-4872-977e-ba8c0161e56e,2725124e-e087-4b83-b8d9-6a32e8b05602,772b440b-f03a-46f7-b8dc-52196b164239,80.0,0.0,218319,26198,8733,8943,174445
8ee2fb6f-35b6-4b45-a18b-0b5a51c86247,2725124e-e087-4b83-b8d9-6a32e8b05602,2055f01e-d09e-4af3-b056-4fb999b54b6f,70.39,5.24,145310,17437,5812,6014,116047
08dd72bc-8004-4ae7-bf4e-f1f231028977,2725124e-e087-4b83-b8d9-6a32e8b05602,057781f9-c6a1-4f2d-bbce-affc1469f01b,70.65,6.34,371782,44614,14871,21263,291034
bc5c7fbc-dfb7-4f51-aae8-86efb27098d5,2725124e-e087-4b83-b8d9-6a32e8b05602,cfcd001d-e49c-4b2a-92b1-6eb19366968e,77.9,4.11,421754,50610,16870,12960,341314
3eb0d797-4003-4f1d-91de-1d6e59ec8303,2725124e-e087-4b83-b8d9-6a32e8b05602,2bb9893e-5b6b-4e5d-b1ff-56d85c7f8baa,80.0,0.0,447554,53706,17902,26228,349718
753cd945-0502-47c6-8ce2-597f518bb429,2725124e-e087-4b83-b8d9-6a32e8b05602,41543472-3f77-4cc1-b5d9-bb2c51e134fc,40.0,3.79,115766,13892,4631,4057,93186
18d78869-4c14-4f6c-bef5-19b82b56e070,2725124e-e087-4b83-b8d9-6a32e8b05602,4bb907f3-2959-4b4d-acd2-123aea3d4e40,80.0,0.0,471165,56540,18847,24966,370812
8c418dbe-d8d4-4826-8d4d-23868eaf278d,2725124e-e087-4b83-b8d9-6a32e8b05602,ad192335-b79b-406a-ba47-0395d697e461,62.74,1.48,210340,25241,8414,6798,169887
c5814521-33f6-445c-94e7-70fb7e9f4aa8,c96891f7-23ce-4043-b285-54eba61c2705,e352edd9-9089-4e5f-9dad-05bfd00ee15a,80.0,0.0,455838,54701,18234,33922,348981
b998ab14-c39d-4a8f-973b-a86bd5c023d0,c96891f7-23ce-4043-b285-54eba61c2705,78b0b7c7-f0e7-4836-95bc-94c640f7d2f9,70.83,9.91,390769,46892,15631,30321,297925
5b15ce98-b9b9-412d-8dd3-ed28db662f01,c96891f7-23ce-4043-b285-54eba61c2705,37aa2c6b-5c5d-406e-8dbb-ad5a4018edeb,80.0,0.0,363669,43640,14547,24255,281227
d488761e-20b9-49d1-82d0-c1049aa7f879,c96891f7-23ce-4043-b285-54eba61c2705,c74e16da-2083-466d-8a10-8566f892b662,72.0,5.37,299806,35977,11992,19898,231939
6adef59a-66bf-4952-a6e6-35de1c6248d1,c96891f7-23ce-4043-b285-54eba61c2705,6f0feb58-8d2d-4291-9db5-d43d58eb597d,71.72,3.89,391343,46961,15654,23948,304780
3a024e50-cb7e-4f98-881f-4bcdcabd598f,c96891f7-23ce-4043-b285-54eba61c2705,ba629d98-4d22-436c-aa70-6f19a0726237,80.0,0.0,361077,43329,14443,12730,290575
328925b6-d6b3-4b4b-841b-207d03bb21e6,c96891f7-23ce-4043-b285-54eba61c2705,c25b3f34-cc91-42be-8f26-f30a5032f7e3,56.0,2.2,259734,31168,10389,12455,205722
45272637-2a9c-431d-a8b9-e1f473a08fe3,c96891f7-23ce-4043-b285-54eba61c2705,718b32b0-daf5-4ef0-afc9-5f4c5cb28588,80.0,0.0,426527,51183,17061,27318,330965
0a3d4eec-4f33-4843-b18c-b0d3681934a7,c96891f7-23ce-4043-b285-54eba61c2705,94b323f2-7e53-4ee7-b6b0-e4adc2f6b0e2,53.95,1.14,133807,16057,5352,7870,104528
36ed2611-1042-4283-a5f1-910806f28596,c96891f7-23ce-4043-b285-54eba61c2705,2f847c66-5b6b-41fa-a5b5-d36d820bbe50,70.3,5.16,141096,16932,5644,4804,113716
13705bf4-c22f-4e1b-b74b-8b193eb8ba75,c96891f7-23ce-4043-b285-54eba61c2705,682f88c7-a779-4fbc-b71f-7005333737c3,53.42,3.9,230086,27610,9203,9226,184047
451db257-f73c-4d3f-9767-32912b8e2a00,c96891f7-23ce-4043-b285-54eba61c2705,17b527be-6c67-4b79-b717-84232f15fb72,80.0,0.0,343408,41209,13736,10970,277493
70c07108-3a51-475e-86df-b9baaeea6cca,c96891f7-23ce-4043-b285-54eba61c2705,42ec1fc3-c1d2-4b88-8509-2f8c188d6430,80.0,0.0,599627,71955,23985,41774,461913
3a35a5ea-51ff-41b8-a770-82a48977a35a,c96891f7-23ce-4043-b285-54eba61c2705,c63777ff-a940-438c-b9e9-d3187cd91982,64.0,5.95,259613,31154,10385,11942,206132
fff4c792-43f5-4013-b0e3-f90b719d0b52,c96891f7-23ce-4043-b285-54eba61c2705,fad6f6b8-5bc6-4d3a-9e99-dfea0c381694,69.06,1.67,257992,30959,10320,17589,199124
d4f282b0-17fe-44f4-84f6-53bc9a0df81d,c96891f7-23ce-4043-b285-54eba61c2705,3e73f356-1339-4949-adb1-27ccf5b87a8f,70.22,2.05,367868,44144,14715,20731,288278
e555d090-5777-4f00-9969-66e7ee4e5c27,c96891f7-23ce-4043-b285-54eba61c2705,7da42c67-bf6c-44ed-bfd2-7d75334d73f7,80.0,0.0,257258,30871,10290,8549,207548
5b4fdd80-6609-40c3-8cb4-975dac2b64c4,c96891f7-23ce-4043-b285-54eba61c2705,07982c18-ce02-4bad-96a4-316052374b94,80.0,0.0,329292,39515,13172,13335,263270
4f0fd155-b082-4815-940b-0541cf0a89fc,c96891f7-23ce-4043-b285-54eba61c2705,11a99a0b-2758-4248-a6ec-da7e52d01f28,64.0,3.48,256322,30759,10253,14549,200761
dafff10b-a1cc-4bd7-b12a-18c4f34337a6,c96891f7-23ce-4043-b285-54eba61c2705,24e4cc9a-8dbb-49bf-ba7e-46ff84e9547e,80.0,0.0,539738,64769,21590,26944,426435
bcc5a5c9-28ba-4af5-be0c-30d5c6c718f8,c96891f7-23ce-4043-b285-54eba61c2705,bdd3f611-64d5-4276-8d84-6f5bcc9c9ce3,80.0,0.0,261304,31356,10452,11486,208010
ac6927e2-c996-4dd2-91a9-3f0bfd78e4f0,c96891f7-23ce-4043-b285-54eba61c2705,1454be57-fded-4b54-9d50-89cf465c34d7,78.16,1.71,417187,50062,16687,29125,321313
beedcb45-7ccc-48ba-a4d3-d4f051c3eab3,c96891f7-23ce-4043-b285-54eba61c2705,5620f37d-03c6-4d68-b27f-a3e8d804b1ca,80.0,0.0,490969,58916,19639,36397,376017
4c65db1c-1d53-4a17-a699-39a4bd43b367,c96891f7-23ce-4043-b285-54eba61c2705,c6bd2a61-82c4-45f4-a158-dd07220d8415,62.17,5.63,260428,31251,10417,8047,210713
1401142c-edf9-4f9c-8901-aeeb1f1cc50f,c96891f7-23ce-4043-b285-54eba61c2705,df1d8519-1624-4319-acb6-d164f78ae26a,54.92,4.4,274010,32881,10960,16979,213190
be2b553e-9463-44e1-be86-ac941c09b215,c96891f7-23ce-4043-b285-54eba61c2705,8a81ac6f-85e6-419c-9183-2e82f0c41a05,72.0,3.12,191547,22986,7662,15226,145673
e7e1c26b-642f-4ce9-91b1-94db96c120a2,c96891f7-23ce-4043-b285-54eba61c2705,1c6b05c6-ab8a-4aa6-8f0c-d764fc9baf5c,80.0,0.0,404881,48586,16195,27840,312260
8ac33b22-b25c-4b96-ad38-dfe20fe6e411,c96891f7-23ce-4043-b285-54eba61c2705,e15df04a-450d-407a-a2ab-d572fe5e4525,80.0,0.0,451669,54200,18067,24065,355337
907c2a3f-2b07-4a6a-87c3-6d3f9a9ad8a7,c96891f7-23ce-4043-b285-54eba61c2705,1e31d825-7cda-4477-9c48-03bbb941c4cc,40.0,2.66,84197,10104,3368,4956,65769
f2debd22-dbed-4ac5-8c07-390306c8c5fa,c96891f7-23ce-4043-b285-54eba61c2705,ab961f8e-c095-44b8-b322-100f50627d59,53.86,4.76,265472,31857,10619,9862,213134
d608cfaf-df00-4b86-9f11-1887eaf518a6,c96891f7-23ce-4043-b285-54eba61c2705,bddfdd82-44c2-45d9-a9f1-c713788731e6,80.0,0.0,310627,37275,12425,23631,237296
d75d919d-5b1d-4e86-81c4-a1f29e9d5bf9,c96891f7-23ce-4043-b285-54eba61c2705,772b440b-f03a-46f7-b8dc-52196b164239,80.0,0.0,218319,26198,8733,17138,166250
209fc7f3-329f-4368-8151-194d29aebc5c,c96891f7-23ce-4043-b285-54eba61c2705,2055f01e-d09e-4af3-b056-4fb999b54b6f,72.0,4.03,144930,17392,5797,9110,112631
2ebb15de-35af-4cef-a617-dcc68036e26c,c96891f7-23ce-4043-b285-54eba61c2705,057781f9-c6a1-4f2d-bbce-affc1469f01b,72.0,3.71,359746,43170,14390,19946,282240
187bd18e-76e1-4655-97e9-f6634ecc084f,c96891f7-23ce-4043-b285-54eba61c2705,cfcd001d-e49c-4b2a-92b1-6eb19366968e,62.5,6.13,359694,43163,14388,24231,277912
5fc34435-9965-490f-88a4-c927d77ae21f,c96891f7-23ce-4043-b285-54eba61c2705,2bb9893e-5b6b-4e5d-b1ff-56d85c7f8baa,80.0,0.0,447554,53706,17902,30935,345011
1f402b79-d49b-4758-afcd-5db5d1468351,c96891f7-23ce-4043-b285-54eba61c2705,41543472-3f77-4cc1-b5d9-bb2c51e134fc,70.98,4.74,197880,23746,7915,10424,155795
4c43ee94-5457-429a-a843-9895951b91e6,c96891f7-23ce-4043-b285-54eba61c2705,4bb907f3-2959-4b4d-acd2-123aea3d4e40,80.0,0.0,471165,56540,18847,14869,380909
e53ff6b4-4295-4ab7-bb21-88fa5b5a5a8d,c96891f7-23ce-4043-b285-54eba61c2705,ad192335-b79b-406a-ba47-0395d697e461,62.14,6.48,232683,27922,9307,15653,179801
069f6ecf-9b06-400b-bb1c-71cd0e63ffa1,a1de6547-a9a7-4a63-af28-da9d2fcd3c50,e352edd9-9089-4e5f-9dad-05bfd00ee15a,80.0,0.0,455838,54701,18234,24341,358562
69fc6830-26d1-4075-ae3e-7cca3a84e402,a1de6547-a9a7-4a63-af28-da9d2fcd3c50,78b0b7c7-f0e7-4836-95bc-94c640f7d2f9,68.16,3.66,335844,40301,13434,22996,259113
91d3e195-e7d6-4540-b336-4900cabbfa3e,a1de6547-a9a7-4a63-af28-da9d2fcd3c50,37aa2c6b-5c5d-406e-8dbb-ad5a4018edeb,80.0,0.0,363669,43640,14547,18009,287473
e04bb82f-1d4f-4d96-999a-a3ff8aae6677,a1de6547-a9a7-4a63-af28-da9d2fcd3c50,c74e16da-2083-466d-8a10-8566f892b662,55.16,3.51,226292,27155,9052,11507,178578
d0fcad5c-7049-4842-be89-a4e437ef7ef7,a1de6547-a9a7-4a63-af28-da9d2fcd3c50,6f0feb58-8d2d-4291-9db5-d43d58eb597d,48.0,4.2,273998,32880,10960,11423,218735
7505ee31-e7d9-4c34-aa01-d56b867a333e,a1de6547-a9a7-4a63-af28-da9d2fcd3c50,ba629d98-4d22-436c-aa70-6f19a0726237,80.0,0.0,361077,43329,14443,23466,279839
c5ca9dad-ee6b-4049-bb17-d51cc3c8f471,a1de6547-a9a7-4a63-af28-da9d2fcd3c50,c25b3f34-cc91-42be-8f26-f30a5032f7e3,78.02,2.1,355525,42663,14221,24347,274294
c99542b3-41a9-4c5e-a4dd-c91028a8f7c0,a1de6547-a9a7-4a63-af28-da9d2fcd3c50,718b32b0-daf5-4ef0-afc9-5f4c5cb28588,80.0,0.0,426527,51183,17061,31985,326298
ade911f7-713f-4c0c-8498-e078b37839bf,a1de6547-a9a7-4a63-af28-da9d2fcd3c50,94b323f2-7e53-4ee7-b6b0-e4adc2f6b0e2,62.7,3.49,163316,19598,6533,12744,124441
7c9ae99e-4bea-4bfc-9bc2-1155e043f61a,a1de6547-a9a7-4a63-af28-da9d2fcd3c50,2f847c66-5b6b-41fa-a5b5-d36d820bbe50,70.85,4.19,139460,16735,5578,7640,109507
f72f073b-1d86-4079-8d93-48f302e809ae,a1de6547-a9a7-4a63-af28-da9d2fcd3c50,682f88c7-a779-4fbc-b71f-7005333737c3,56.0,2.03,229213,27506,9169,17184,175354
a36d33d9-6d7d-4d34-adfb-bb89fd86c1ad,a1de6547-a9a7-4a63-af28-da9d2fcd3c50,17b527be-6c67-4b79-b717-84232f15fb72,80.0,0.0,343408,41209,13736,23198,265265
c633ae0c-cb97-4dee-92a2-5f7ad5429d45,a1de6547-a9a7-4a63-af28-da9d2fcd3c50,42ec1fc3-c1d2-4b88-8509-2f8c188d6430,80.0,0.0,599627,71955,23985,18150,485537
0017e015-c825-47ef-9f15-879ff9e279c5,a1de6547-a9a7-4a63-af28-da9d2fcd3c50,c63777ff-a940-438c-b9e9-d3187cd91982,70.63,4.76,276861,33223,11074,8496,224068
2e25e39c-fa4d-47d3-ae82-4270b21da190,a1de6547-a9a7-4a63-af28-da9d2fcd3c50,fad6f6b8-5bc6-4d3a-9e99-dfea0c381694,64.0,4.58,255486,30658,10219,14740,199869
9e00a2eb-f365-4787-9e35-56699c073590,a1de6547-a9a7-4a63-af28-da9d2fcd3c50,3e73f356-1339-4949-adb1-27ccf5b87a8f,47.05,2.76,256923,30831,10277,14697,201118
02e8b22b-8cbe-4928-aa62-c30c3c679f78,a1de6547-a9a7-4a63-af28-da9d2fcd3c50,7da42c67-bf6c-44ed-bfd2-7d75334d73f7,80.0,0.0,257258,30871,10290,19824,196273
c4351351-6c43-41db-bf31-7db550091538,a1de6547-a9a7-4a63-af28-da9d2fcd3c50,07982c18-ce02-4bad-96a4-316052374b94,80.0,0.0,329292,39515,13172,19703,256902
389901c2-3763-435c-acae-b27af812ac0a,a1de6547-a9a7-4a63-af28-da9d2fcd3c50,11a99a0b-2758-4248-a6ec-da7e52d01f28,63.06,4.45,258229,30987,10329,16200,200713
48f0a165-b090-4344-a592-0bd587d3f5ed,a1de6547-a9a7-4a63-af28-da9d2fcd3c50,24e4cc9a-8dbb-49bf-ba7e-46ff84e9547e,80.0,0.0,539738,64769,21590,19333,434046
1d46b9e4-54f1-4794-af5e-e2d9581d7c77,a1de6547-a9a7-4a63-af28-da9d2fcd3c50,bdd3f611-64d5-4276-8d84-6f5bcc9c9ce3,80.0,0.0,261304,31356,10452,17279,202217
db0d7e95-ebab-4553-bc81-a8502269a691,a1de6547-a9a7-4a63-af28-da9d2fcd3c50,1454be57-fded-4b54-9d50-89cf465c34d7,64.0,3.74,359744,43169,14390,11783,290402
f5a44deb-17dd-4a81-80fb-c2b1d2122651,a1de6547-a9a7-4a63-af28-da9d2fcd3c50,5620f37d-03c6-4d68-b27f-a3e8d804b1ca,80.0,0.0,490969,58916,19639,24273,388141
546bf194-968f-4dae-be2a-84af4b46f321,a1de6547-a9a7-4a63-af28-da9d2fcd3c50,c6bd2a61-82c4-45f4-a158-dd07220d8415,62.56,1.36,238245,28589,9530,14614,185512
f47a36a9-b969-4d3a-915d-6927b3852312,a1de6547-a9a7-4a63-af28-da9d2fcd3c50,df1d8519-1624-4319-acb6-d164f78ae26a,55.51,2.73,265481,31858,10619,13828,209176
c6ea7d91-970a-47ea-b646-4bbcca09e1d5,a1de6547-a9a7-4a63-af28-da9d2fcd3c50,8a81ac6f-85e6-419c-9183-2e82f0c41a05,69.94,3.11,186363,22364,7455,12691,143853
7ed1b3ea-5c8a-4535-8a0b-ee337f060541,a1de6547-a9a7-4a63-af28-da9d2fcd3c50,1c6b05c6-ab8a-4aa6-8f0c-d764fc9baf5c,80.0,0.0,404881,48586,16195,15764,324336
72dd125d-db05-49a7-8b80-5490444f19e9,a1de6547-a9a7-4a63-af28-da9d2fcd3c50,e15df04a-450d-407a-a2ab-d572fe5e4525,80.0,0.0,451669,54200,18067,25379,354023
e97eaee0-228c-4bf0-a907-7e716273e9ef,a1de6547-a9a7-4a63-af28-da9d2fcd3c50,1e31d825-7cda-4477-9c48-03bbb941c4cc,61.76,3.71,128860,15463,5154,7935,100308
51013669-945c-4ebd-8dd0-937f67ba2c84,a1de6547-a9a7-4a63-af28-da9d2fcd3c50,ab961f8e-c095-44b8-b322-100f50627d59,54.04,2.01,248303,29796,9932,12859,195716
6224feca-6e60-4384-ab8c-4f7c56c20f0e,a1de6547-a9a7-4a63-af28-da9d2fcd3c50,bddfdd82-44c2-45d9-a9f1-c713788731e6,80.0,0.0,310627,37275,12425,17941,242986
c152a29c-4093-4c24-9add-0ca3a30e2f10,a1de6547-a9a7-4a63-af28-da9d2fcd3c50,772b440b-f03a-46f7-b8dc-52196b164239,80.0,0.0,218319,26198,8733,13394,169994
e69692c9-4e59-40b9-b754-83e747c84014,a1de6547-a9a7-4a63-af28-da9d2fcd3c50,2055f01e-d09e-4af3-b056-4fb999b54b6f,71.85,5.78,149526,17943,5981,9513,116089
9df7cc10-5fef-481e-9ad1-8631ea0c6b00,a1de6547-a9a7-4a63-af28-da9d2fcd3c50,057781f9-c6a1-4f2d-bbce-affc1469f01b,70.52,4.0,354900,42588,14196,24305,273811
637a8021-c884-4700-89ed-0319a4cb520e,a1de6547-a9a7-4a63-af28-da9d2fcd3c50,cfcd001d-e49c-4b2a-92b1-6eb19366968e,55.74,1.8,293193,35183,11728,20535,225747
c4911629-eb9a-49f7-93e0-b5c5834145a9,a1de6547-a9a7-4a63-af28-da9d2fcd3c50,2bb9893e-5b6b-4e5d-b1ff-56d85c7f8baa,80.0,0.0,447554,53706,17902,27481,348465
be1fc092-304f-4a80-b034-1ff307d9988c,a1de6547-a9a7-4a63-af28-da9d2fcd3c50,41543472-3f77-4cc1-b5d9-bb2c51e134fc,56.0,1.89,149088,17891,5964,5061,120172
23684a0f-2b50-427f-bb1a-6bde11ffb7ac,a1de6547-a9a7-4a63-af28-da9d2fcd3c50,4bb907f3-2959-4b4d-acd2-123aea3d4e40,80.0,0.0,471165,56540,18847,29275,366503
b9973e65-701f-4bcd-be79-da40556a2a3a,a1de6547-a9a7-4a63-af28-da9d2fcd3c50,ad192335-b79b-406a-ba47-0395d697e461,64.0,2.04,217140,26057,8686,15879,166518
24a5641a-89c0-46c2-8c91-35784e58c849,9b3a6439-170c-46c3-9c2e-5ac90e3cdc86,e352edd9-9089-4e5f-9dad-05bfd00ee15a,80.0,0.0,455838,54701,18234,32871,350032
6cd57f46-94e6-4d6d-822c-28c9c9d66f91,9b3a6439-170c-46c3-9c2e-5ac90e3cdc86,78b0b7c7-f0e7-4836-95bc-94c640f7d2f9,40.0,4.93,216121,25935,8645,13514,168027
67b92285-cddb-4644-b99d-c7abda564139,9b3a6439-170c-46c3-9c2e-5ac90e3cdc86,37aa2c6b-5c5d-406e-8dbb-ad5a4018edeb,80.0,0.0,363669,43640,14547,17627,287855
f414406c-11ca-4214-ad31-162a81b72328,9b3a6439-170c-46c3-9c2e-5ac90e3cdc86,c74e16da-2083-466d-8a10-8566f892b662,48.0,3.93,201837,24220,8073,7286,162258
da858a60-84a5-4888-b42b-79c0b84bd271,9b3a6439-170c-46c3-9c2e-5ac90e3cdc86,6f0feb58-8d2d-4291-9db5-d43d58eb597d,69.1,1.26,358216,42986,14329,18637,282264
b6a35d25-476d-4433-b5c7-4ff75cb834ff,9b3a6439-170c-46c3-9c2e-5ac90e3cdc86,ba629d98-4d22-436c-aa70-6f19a0726237,80.0,0.0,361077,43329,14443,19792,283513
75337b36-44d9-44f3-a368-2fa345d52fb9,9b3a6439-170c-46c3-9c2e-5ac90e3cdc86,c25b3f34-cc91-42be-8f26-f30a5032f7e3,54.58,7.7,289649,34758,11586,20047,223258
460827c6-7ebb-4a72-996e-9bcb899337f6,9b3a6439-170c-46c3-9c2e-5ac90e3cdc86,718b32b0-daf5-4ef0-afc9-5f4c5cb28588,80.0,0.0,426527,51183,17061,17290,340993
2b25dfcc-11ef-48a2-881e-081d00d163e5,9b3a6439-170c-46c3-9c2e-5ac90e3cdc86,94b323f2-7e53-4ee7-b6b0-e4adc2f6b0e2,54.05,2.49,138915,16670,5557,7891,108797
90b000ca-a627-48a7-b82a-719ed03ae828,9b3a6439-170c-46c3-9c2e-5ac90e3cdc86,2f847c66-5b6b-41fa-a5b5-d36d820bbe50,80.0,2.5,151420,18170,6057,10323,116870
03609bd7-b122-4eb7-ab9f-9afcb372bf5e,9b3a6439-170c-46c3-9c2e-5ac90e3cdc86,682f88c7-a779-4fbc-b71f-7005333737c3,40.0,4.31,180377,21645,7215,13119,138398
076dbaa9-e111-4c7e-b8c7-6c9001721cef,9b3a6439-170c-46c3-9c2e-5ac90e3cdc86,17b527be-6c67-4b79-b717-84232f15fb72,80.0,0.0,343408,41209,13736,22478,265985
113a29c5-cf11-4e04-b54c-f28fb50eb6d9,9b3a6439-170c-46c3-9c2e-5ac90e3cdc86,42ec1fc3-c1d2-4b88-8509-2f8c188d6430,80.0,0.0,599627,71955,23985,36494,467193
757c7421-5461-4970-bda0-ca094a5a031f,9b3a6439-170c-46c3-9c2e-5ac90e3cdc86,c63777ff-a940-438c-b9e9-d3187cd91982,67.84,1.64,250268,30032,10011,13218,197007
541e826b-bcbd-4314-9b1b-41134628f792,9b3a6439-170c-46c3-9c2e-5ac90e3cdc86,fad6f6b8-5bc6-4d3a-9e99-dfea0c381694,55.92,2.63,215813,25898,8633,15368,165914
021c7492-a335-4aec-9f8b-d2f99982d112,9b3a6439-170c-46c3-9c2e-5ac90e3cdc86,3e73f356-1339-4949-adb1-27ccf5b87a8f,64.0,3.82,349975,41997,13999,22432,271547
4c67ca01-d51f-4fb1-ba7b-2e0ae9cfbf5c,9b3a6439-170c-46c3-9c2e-5ac90e3cdc86,7da42c67-bf6c-44ed-bfd2-7d75334d73f7,80.0,0.0,257258,30871,10290,17927,198170
5f564025-b341-4987-926f-28e9979b385c,9b3a6439-170c-46c3-9c2e-5ac90e3cdc86,07982c18-ce02-4bad-96a4-316052374b94,80.0,0.0,329292,39515,13172,25885,250720
b951bffd-34a1-40f2-bf70-b183b2bbeedd,9b3a6439-170c-46c3-9c2e-5ac90e3cdc86,11a99a0b-2758-4248-a6ec-da7e52d01f28,52.25,3.47,212756,25531,8510,13415,165300
64dd3134-0108-435b-9e7f-0c1ace6c1720,9b3a6439-170c-46c3-9c2e-5ac90e3cdc86,24e4cc9a-8dbb-49bf-ba7e-46ff84e9547e,80.0,0.0,539738,64769,21590,32882,420497
187ea835-fe56-47da-be6a-525db204d166,9b3a6439-170c-46c3-9c2e-5ac90e3cdc86,bdd3f611-64d5-4276-8d84-6f5bcc9c9ce3,80.0,0.0,261304,31356,10452,10824,208672
027a8e24-b28d-4c4d-819b-f605c7b4bdb2,9b3a6439-170c-46c3-9c2e-5ac90e3cdc86,1454be57-fded-4b54-9d50-89cf465c34d7,70.32,3.47,390313,46838,15613,27767,300095
e77bac26-9014-4b10-bbac-8ea0aa1dfcb3,9b3a6439-170c-46c3-9c2e-5ac90e3cdc86,5620f37d-03c6-4d68-b27f-a3e8d804b1ca,80.0,0.0,490969,58916,19639,22305,390109
4fb612da-730a-473f-9d9e-984caef190d4,9b3a6439-170c-46c3-9c2e-5ac90e3cdc86,c6bd2a61-82c4-45f4-a158-dd07220d8415,56.0,6.38,241822,29019,9673,10309,192821
4fa48a5a-fc8e-42b4-aaa6-8ad2ff71f129,9b3a6439-170c-46c3-9c2e-5ac90e3cdc86,df1d8519-1624-4319-acb6-d164f78ae26a,71.14,6.78,362155,43459,14486,25004,279206
9d31c069-a72d-4374-8c1c-ceec201b7305,9b3a6439-170c-46c3-9c2e-5ac90e3cdc86,8a81ac6f-85e6-419c-9183-2e82f0c41a05,62.78,4.01,171850,20622,6874,7469,136885
7aaddf8d-8a46-4853-b16f-3c9e0b97b1fa,9b3a6439-170c-46c3-9c2e-5ac90e3cdc86,1c6b05c6-ab8a-4aa6-8f0c-d764fc9baf5c,80.0,0.0,404881,48586,16195,21024,319076
74cdc042-6cd6-4bc6-851d-11c1ffe52c79,9b3a6439-170c-46c3-9c2e-5ac90e3cdc86,e15df04a-450d-407a-a2ab-d572fe5e4525,80.0,0.0,451669,54200,18067,26500,352902
5ac95c56-6716-40f4-9fe2-b912c55b5b9f,9b3a6439-170c-46c3-9c2e-5ac90e3cdc86,1e31d825-7cda-4477-9c48-03bbb941c4cc,40.0,3.43,86408,10369,3456,4577,68006
9aefe405-cea4-4494-a0bf-0f0965e53eee,9b3a6439-170c-46c3-9c2e-5ac90e3cdc86,ab961f8e-c095-44b8-b322-100f50627d59,45.75,0.78,204196,24504,8168,12403,159121
f39a270a-3824-4d89-8dc5-a9dc52d2dad5,9b3a6439-170c-46c3-9c2e-5ac90e3cdc86,bddfdd82-44c2-45d9-a9f1-c713788731e6,80.0,0.0,310627,37275,12425,17207,243720
729df5af-4808-461c-9e7a-0d0904896627,9b3a6439-170c-46c3-9c2e-5ac90e3cdc86,772b440b-f03a-46f7-b8dc-52196b164239,80.0,0.0,218319,26198,8733,9948,173440
68d2b1fe-fec0-4b2d-9537-e433cb488583,9b3a6439-170c-46c3-9c2e-5ac90e3cdc86,2055f01e-d09e-4af3-b056-4fb999b54b6f,55.63,3.94,114280,13714,4571,8121,87874
ce3390ec-ae5b-472c-808c-fcbc0ad63a45,9b3a6439-170c-46c3-9c2e-5ac90e3cdc86,057781f9-c6a1-4f2d-bbce-affc1469f01b,59.17,1.42,284309,34117,11372,18004,220816
46b6f329-1b97-44df-9d57-12527f729905,9b3a6439-170c-46c3-9c2e-5ac90e3cdc86,cfcd001d-e49c-4b2a-92b1-6eb19366968e,62.45,1.57,325127,39015,13005,11485,261622
c65e050b-c758-4d91-bf8a-de6e9e64ea3e,9b3a6439-170c-46c3-9c2e-5ac90e3cdc86,2bb9893e-5b6b-4e5d-b1ff-56d85c7f8baa,80.0,0.0,447554,53706,17902,23900,352046
bf523ca7-e165-452d-8e6a-02ddb9a1662e,9b3a6439-170c-46c3-9c2e-5ac90e3cdc86,41543472-3f77-4cc1-b5d9-bb2c51e134fc,46.39,3.42,130552,15666,5222,7918,101746
743e4a4c-5002-44a6-b80e-bdaf0f0c970d,9b3a6439-170c-46c3-9c2e-5ac90e3cdc86,4bb907f3-2959-4b4d-acd2-123aea3d4e40,80.0,0.0,471165,56540,18847,15234,380544
96db5db5-3fe9-42d1-98eb-47dbfd473ee2,9b3a6439-170c-46c3-9c2e-5ac90e3cdc86,ad192335-b79b-406a-ba47-0395d697e461,48.0,1.35,161981,19438,6479,9266,126798
a972e96b-da09-449f-9a30-e879ec234ddd,1e17cfe3-8ed9-420b-8b0b-09750e7e7f11,e352edd9-9089-4e5f-9dad-05bfd00ee15a,80.0,0.0,455838,54701,18234,15811,367092
9f051fcb-ee73-4657-8085-1d0c5f2502ef,1e17cfe3-8ed9-420b-8b0b-09750e7e7f11,78b0b7c7-f0e7-4836-95bc-94c640f7d2f9,63.04,3.98,314686,37762,12587,23072,241265
b019bd41-75ff-41fa-a0dc-2ce6f05b2151,1e17cfe3-8ed9-420b-8b0b-09750e7e7f11,37aa2c6b-5c5d-406e-8dbb-ad5a4018edeb,80.0,0.0,363669,43640,14547,18442,287040
b04b46ea-9a21-46ea-a850-c6424f1787f4,1e17cfe3-8ed9-420b-8b0b-09750e7e7f11,c74e16da-2083-466d-8a10-8566f892b662,71.48,1.65,276961,33235,11078,20172,212476
d6274935-b613-461b-b079-4814a64c5e79,1e17cfe3-8ed9-420b-8b0b-09750e7e7f11,6f0feb58-8d2d-4291-9db5-d43d58eb597d,62.63,3.27,340782,40894,13631,16210,270047
62781e79-6625-4a9c-b0a3-edbaccaa5f9e,1e17cfe3-8ed9-420b-8b0b-09750e7e7f11,ba629d98-4d22-436c-aa70-6f19a0726237,80.0,0.0,361077,43329,14443,28124,275181
3af39d88-5755-4be8-8f56-74b7c50dda76,1e17cfe3-8ed9-420b-8b0b-09750e7e7f11,c25b3f34-cc91-42be-8f26-f30a5032f7e3,53.63,3.42,257369,30884,10295,8261,207929
48e8b335-e168-418e-8ef5-29b51ed8a979,1e17cfe3-8ed9-420b-8b0b-09750e7e7f11,718b32b0-daf5-4ef0-afc9-5f4c5cb28588,80.0,0.0,426527,51183,17061,28715,329568
2b47d482-d6b4-47f1-8d56-dadaecaefc17,1e17cfe3-8ed9-420b-8b0b-09750e7e7f11,94b323f2-7e53-4ee7-b6b0-e4adc2f6b0e2,78.92,2.14,197441,23693,7898,13317,152533
59e452ed-2845-47cf-b227-e6ae892af3ac,1e17cfe3-8ed9-420b-8b0b-09750e7e7f11,2f847c66-5b6b-41fa-a5b5-d36d820bbe50,46.49,3.89,94604,11352,3784,5117,74351
0171c29f-ec0b-4995-a31a-1e0b74aba272,1e17cfe3-8ed9-420b-8b0b-09750e7e7f11,682f88c7-a779-4fbc-b71f-7005333737c3,48.0,1.58,195536,23464,7821,8010,156241
d33b8d37-4b3b-441d-a0a5-42e7bfeca173,1e17cfe3-8ed9-420b-8b0b-09750e7e7f11,17b527be-6c67-4b79-b717-84232f15fb72,80.0,0.0,343408,41209,13736,18414,270049
1adc748c-171a-4840-8b67-3c1c70760c7d,1e17cfe3-8ed9-420b-8b0b-09750e7e7f11,42ec1fc3-c1d2-4b88-8509-2f8c188d6430,80.0,0.0,599627,71955,23985,32703,470984
c5eb0538-dda1-4c25-bb75-98baeeb1300e,1e17cfe3-8ed9-420b-8b0b-09750e7e7f11,c63777ff-a940-438c-b9e9-d3187cd91982,38.24,2.47,149324,17919,5973,10022,115410
75dd5a65-02ce-4677-a042-667f88d1f845,1e17cfe3-8ed9-420b-8b0b-09750e7e7f11,fad6f6b8-5bc6-4d3a-9e99-dfea0c381694,70.85,2.66,269798,32376,10792,20405,206225
ff9b7ea5-f451-4b85-a3a4-56d57ce0d405,1e17cfe3-8ed9-420b-8b0b-09750e7e7f11,3e73f356-1339-4949-adb1-27ccf5b87a8f,69.32,4.18,379386,45526,15175,27538,291147
1484d107-fe7e-4260-b557-96e46c488b90,1e17cfe3-8ed9-420b-8b0b-09750e7e7f11,7da42c67-bf6c-44ed-bfd2-7d75334d73f7,80.0,0.0,257258,30871,10290,17373,198724
e71cabf8-fdf2-4972-acec-1492731fa84d,1e17cfe3-8ed9-420b-8b0b-09750e7e7f11,07982c18-ce02-4bad-96a4-316052374b94,80.0,0.0,329292,39515,13172,10236,266369
bfe42256-ed10-40b4-ba0d-c3222153a8b0,1e17cfe3-8ed9-420b-8b0b-09750e7e7f11,11a99a0b-2758-4248-a6ec-da7e52d01f28,62.05,4.36,253989,30479,10160,16452,196898
df274432-60e5-4c8c-8c19-9a9e93df72c9,1e17cfe3-8ed9-420b-8b0b-09750e7e7f11,24e4cc9a-8dbb-49bf-ba7e-46ff84e9547e,80.0,0.0,539738,64769,21590,41236,412143
1223a033-3f4e-4560-b745-718f3e5d4191,1e17cfe3-8ed9-420b-8b0b-09750e7e7f11,bdd3f611-64d5-4276-8d84-6f5bcc9c9ce3,80.0,0.0,261304,31356,10452,10958,208538
07090f4c-ff45-4ef0-a94f-16825fb3dafa,1e17cfe3-8ed9-420b-8b0b-09750e7e7f11,1454be57-fded-4b54-9d50-89cf465c34d7,56.0,2.92,312044,37445,12482,23149,238968
0ea34f8d-babc-498c-a448-2a193d57a4d1,1e17cfe3-8ed9-420b-8b0b-09750e7e7f11,5620f37d-03c6-4d68-b27f-a3e8d804b1ca,80.0,0.0,490969,58916,19639,19471,392943
09a4ff7c-077d-4e25-bf89-b55537c40e7f,1e17cfe3-8ed9-420b-8b0b-09750e7e7f11,c6bd2a61-82c4-45f4-a158-dd07220d8415,70.04,10.03,313793,37655,12552,22231,241355
11f208ed-103e-452d-afe5-6553ce1f3c9f,1e17cfe3-8ed9-420b-8b0b-09750e7e7f11,df1d8519-1624-4319-acb6-d164f78ae26a,64.0,2.35,300756,36091,12030,13366,239269
ac3b602f-173a-4e6d-9753-3475854552a9,1e17cfe3-8ed9-420b-8b0b-09750e7e7f11,8a81ac6f-85e6-419c-9183-2e82f0c41a05,54.96,1.26,142011,17041,5680,11293,107997
29c6373b-d6bc-41d7-97e4-b59b080882f4,1e17cfe3-8ed9-420b-8b0b-09750e7e7f11,1c6b05c6-ab8a-4aa6-8f0c-d764fc9baf5c,80.0,0.0,404881,48586,16195,21321,318779
eadc6760-efd1-4308-8aab-340c2d4af375,1e17cfe3-8ed9-420b-8b0b-09750e7e7f11,e15df04a-450d-407a-a2ab-d572fe5e4525,80.0,0.0,451669,54200,18067,20512,358890
7e7766c6-38bf-42e6-aca6-8b65b2bbcd8f,1e17cfe3-8ed9-420b-8b0b-09750e7e7f11,1e31d825-7cda-4477-9c48-03bbb941c4cc,63.07,1.9,126171,15141,5047,7647,98336
d5e0ce13-ff08-470b-9b0c-3e423277b016,1e17cfe3-8ed9-420b-8b0b-09750e7e7f11,ab961f8e-c095-44b8-b322-100f50627d59,70.04,7.0,350510,42061,14020,18135,276294
e221e648-7fe9-46a4-b97c-7a939f60e0d2,1e17cfe3-8ed9-420b-8b0b-09750e7e7f11,bddfdd82-44c2-45d9-a9f1-c713788731e6,80.0,0.0,310627,37275,12425,13436,247491
1769657a-5aae-4f09-bf59-a27482ee75a8,1e17cfe3-8ed9-420b-8b0b-09750e7e7f11,772b440b-f03a-46f7-b8dc-52196b164239,80.0,0.0,218319,26198,8733,9820,173568
368d7592-b147-4c54-b10a-04782f96e91b,1e17cfe3-8ed9-420b-8b0b-09750e7e7f11,2055f01e-d09e-4af3-b056-4fb999b54b6f,69.71,3.98,140538,16865,5622,6512,111539
475009c5-26f6-46de-a7cb-c6dc17f93842,1e17cfe3-8ed9-420b-8b0b-09750e7e7f11,057781f9-c6a1-4f2d-bbce-affc1469f01b,46.36,1.42,224897,26988,8996,10212,178701
75cbaa87-2bb1-437f-b095-57a3fc1586ec,1e17cfe3-8ed9-420b-8b0b-09750e7e7f11,cfcd001d-e49c-4b2a-92b1-6eb19366968e,59.93,3.73,328739,39449,13150,25022,251118
39149f56-5736-4c69-95fa-d1ad6b5e62ea,1e17cfe3-8ed9-420b-8b0b-09750e7e7f11,2bb9893e-5b6b-4e5d-b1ff-56d85c7f8baa,80.0,0.0,447554,53706,17902,35127,340819
7abb9661-4cfe-4524-a230-3d6ea51e82f8,1e17cfe3-8ed9-420b-8b0b-09750e7e7f11,41543472-3f77-4cc1-b5d9-bb2c51e134fc,71.03,4.09,195536,23464,7821,13342,150909
97874df3-9fd4-4631-bd2c-295053e53506,1e17cfe3-8ed9-420b-8b0b-09750e7e7f11,4bb907f3-2959-4b4d-acd2-123aea3d4e40,80.0,0.0,471165,56540,18847,14419,381359
d5bf4ea6-92a2-47a5-a5dc-f43118503a68,1e17cfe3-8ed9-420b-8b0b-09750e7e7f11,ad192335-b79b-406a-ba47-0395d697e461,76.52,4.05,267443,32093,10698,12107,212545
28cef36a-325a-4d23-858f-439dfa003ec5,16359116-cbf5-47a2-b1df-014dc3e4ccaf,e352edd9-9089-4e5f-9dad-05bfd00ee15a,80.0,0.0,455838,54701,18234,21008,361895
9ed5077b-6bf4-4d9f-aa1d-28da1bdeaf65,16359116-cbf5-47a2-b1df-014dc3e4ccaf,78b0b7c7-f0e7-4836-95bc-94c640f7d2f9,72.0,2.97,348635,41836,13945,17042,275812
01250e87-d59e-4acb-9715-9a951bbe0a14,16359116-cbf5-47a2-b1df-014dc3e4ccaf,37aa2c6b-5c5d-406e-8dbb-ad5a4018edeb,80.0,0.0,363669,43640,14547,20834,284648
126a0c7f-c261-47e6-bb01-5d97ae4cefa5,16359116-cbf5-47a2-b1df-014dc3e4ccaf,c74e16da-2083-466d-8a10-8566f892b662,61.6,3.58,250803,30096,10032,15446,195229
24285385-25c7-4304-a311-eaa53d6538de,16359116-cbf5-47a2-b1df-014dc3e4ccaf,6f0feb58-8d2d-4291-9db5-d43d58eb597d,68.72,1.8,360385,43246,14415,11078,291646
1071746b-06d6-4520-88b2-ef3f66bf8164,16359116-cbf5-47a2-b1df-014dc3e4ccaf,ba629d98-4d22-436c-aa70-6f19a0726237,80.0,0.0,361077,43329,14443,17435,285870
77e3cd65-bb5f-4c1b-85f8-e4994ed5c387,16359116-cbf5-47a2-b1df-014dc3e4ccaf,c25b3f34-cc91-42be-8f26-f30a5032f7e3,54.11,2.86,255792,30695,10232,16724,198141
b44ee1bb-e05f-45a9-9081-2bfae2d5e1da,16359116-cbf5-47a2-b1df-014dc3e4ccaf,718b32b0-daf5-4ef0-afc9-5f4c5cb28588,80.0,0.0,426527,51183,17061,18448,339835
f1f818c6-7c29-4e9b-b37c-e3cd3cc4b60b,16359116-cbf5-47a2-b1df-014dc3e4ccaf,94b323f2-7e53-4ee7-b6b0-e4adc2f6b0e2,69.26,9.37,200289,24035,8012,11916,156326
64bb8432-dee5-4ce2-b625-7698b6583274,16359116-cbf5-47a2-b1df-014dc3e4ccaf,2f847c66-5b6b-41fa-a5b5-d36d820bbe50,60.34,1.44,113000,13560,4520,7609,87311
47365539-5315-48cb-91e5-28148c320b47,16359116-cbf5-47a2-b1df-014dc3e4ccaf,682f88c7-a779-4fbc-b71f-7005333737c3,55.91,6.28,253611,30433,10144,12796,200238
ef64230d-81b2-4228-aa61-7744fffbcdfa,16359116-cbf5-47a2-b1df-014dc3e4ccaf,17b527be-6c67-4b79-b717-84232f15fb72,80.0,0.0,343408,41209,13736,19776,268687
bbabd596-075f-4c50-86f8-75c31f59657d,16359116-cbf5-47a2-b1df-014dc3e4ccaf,42ec1fc3-c1d2-4b88-8509-2f8c188d6430,80.0,0.0,599627,71955,23985,23884,479803
77d12c81-7391-4fc8-971b-43694a988aed,16359116-cbf5-47a2-b1df-014dc3e4ccaf,c63777ff-a940-438c-b9e9-d3187cd91982,48.0,1.52,178997,21480,7160,10560,139797
94c72c66-e74f-45b3-b1cb-a8bb4a5973eb,16359116-cbf5-47a2-b1df-014dc3e4ccaf,fad6f6b8-5bc6-4d3a-9e99-dfea0c381694,62.49,2.49,238741,28649,9550,8749,191793
14ced6d5-21a0-420e-b3b1-563401d1df97,16359116-cbf5-47a2-b1df-014dc3e4ccaf,3e73f356-1339-4949-adb1-27ccf5b87a8f,63.41,3.31,343174,41181,13727,12355,275911
9f02e587-c1c8-40c5-8e5f-81697211fb30,16359116-cbf5-47a2-b1df-014dc3e4ccaf,7da42c67-bf6c-44ed-bfd2-7d75334d73f7,80.0,0.0,257258,30871,10290,13405,202692
50aa66cb-d03b-4668-ac92-ef24348a8fc6,16359116-cbf5-47a2-b1df-014dc3e4ccaf,07982c18-ce02-4bad-96a4-316052374b94,80.0,0.0,329292,39515,13172,11240,265365
13e049c2-03b1-4384-a1b6-90abc3fe195c,16359116-cbf5-47a2-b1df-014dc3e4ccaf,11a99a0b-2758-4248-a6ec-da7e52d01f28,54.06,2.09,211793,25415,8472,11670,166236
6da7d83f-cc15-4c30-9045-388157bfb9c6,16359116-cbf5-47a2-b1df-014dc3e4ccaf,24e4cc9a-8dbb-49bf-ba7e-46ff84e9547e,80.0,0.0,539738,64769,21590,41266,412113
ddff0a3b-95d4-4f31-8b82-6377a829f2c4,16359116-cbf5-47a2-b1df-014dc3e4ccaf,bdd3f611-64d5-4276-8d84-6f5bcc9c9ce3,80.0,0.0,261304,31356,10452,8128,211368
00ae1ab4-4222-4886-94a8-1bab246347c6,16359116-cbf5-47a2-b1df-014dc3e4ccaf,1454be57-fded-4b54-9d50-89cf465c34d7,54.15,6.86,333026,39963,13321,12307,267435
e222ba94-1e39-494b-986f-8e115829632a,16359116-cbf5-47a2-b1df-014dc3e4ccaf,5620f37d-03c6-4d68-b27f-a3e8d804b1ca,80.0,0.0,490969,58916,19639,16841,395573
0a3a884f-16de-4aaa-b204-dd357e347a9d,16359116-cbf5-47a2-b1df-014dc3e4ccaf,c6bd2a61-82c4-45f4-a158-dd07220d8415,70.36,4.5,284382,34126,11375,17585,221296
f025ca66-3971-421f-9076-85e0ecabef2a,16359116-cbf5-47a2-b1df-014dc3e4ccaf,df1d8519-1624-4319-acb6-d164f78ae26a,56.0,3.2,270803,32496,10832,8563,218912
0b0d73a8-4803-43af-9833-1b26b91ee31c,16359116-cbf5-47a2-b1df-014dc3e4ccaf,8a81ac6f-85e6-419c-9183-2e82f0c41a05,63.66,3.51,172175,20661,6887,12374,132253
10750c96-4acd-4dde-a58b-81a8957d9689,16359116-cbf5-47a2-b1df-014dc3e4ccaf,1c6b05c6-ab8a-4aa6-8f0c-d764fc9baf5c,80.0,0.0,404881,48586,16195,24607,315493
752c6567-b270-42e8-b142-e4c01634b3d7,16359116-cbf5-47a2-b1df-014dc3e4ccaf,e15df04a-450d-407a-a2ab-d572fe5e4525,80.0,0.0,451669,54200,18067,35860,343542
589a17c3-70d7-465b-b352-8fca2f037573,16359116-cbf5-47a2-b1df-014dc3e4ccaf,1e31d825-7cda-4477-9c48-03bbb941c4cc,55.35,8.37,129970,15596,5199,9897,99278
f36faeae-e5e9-467a-9a6b-1afebbde1186,16359116-cbf5-47a2-b1df-014dc3e4ccaf,dca383d9-1431-4b46-aca2-aacdacb218bb,70.82,5.12,369185,44302,14767,11302,298814
24f413ed-0a3f-4073-8437-9b53b629a094,16359116-cbf5-47a2-b1df-014dc3e4ccaf,ab961f8e-c095-44b8-b322-100f50627d59,64.0,5.53,314628,37755,12585,10691,253597
b66d69d8-f2dc-4315-b202-05a158af0502,16359116-cbf5-47a2-b1df-014dc3e4ccaf,bddfdd82-44c2-45d9-a9f1-c713788731e6,80.0,0.0,310627,37275,12425,13671,247256
ddd5ea44-e64f-4113-8eeb-dfd91ec6927e,16359116-cbf5-47a2-b1df-014dc3e4ccaf,772b440b-f03a-46f7-b8dc-52196b164239,80.0,0.0,218319,26198,8733,14493,168895
47de63af-7901-4f27-bef3-d283d6c4adf3,16359116-cbf5-47a2-b1df-014dc3e4ccaf,2055f01e-d09e-4af3-b056-4fb999b54b6f,54.95,1.67,106694,12803,4268,3252,86371
9a3784a9-d3f6-4cb9-ab18-31eaa0237c44,16359116-cbf5-47a2-b1df-014dc3e4ccaf,057781f9-c6a1-4f2d-bbce-affc1469f01b,53.92,3.12,271787,32614,10871,18416,209886
e5a2ff40-c2b3-47f6-8966-71c08f20b40e,16359116-cbf5-47a2-b1df-014dc3e4ccaf,cfcd001d-e49c-4b2a-92b1-6eb19366968e,79.86,2.05,416085,49930,16643,25951,323561
ba913da3-760a-449d-a40e-692c39ee85ed,16359116-cbf5-47a2-b1df-014dc3e4ccaf,2bb9893e-5b6b-4e5d-b1ff-56d85c7f8baa,80.0,0.0,447554,53706,17902,34722,341224
783bbcd0-2220-4e6b-8ec3-8a1250345c46,16359116-cbf5-47a2-b1df-014dc3e4ccaf,41543472-3f77-4cc1-b5d9-bb2c51e134fc,40.0,1.35,106491,12779,4260,7405,82047
e3cb928e-13ad-4812-899c-3f86627dc6cc,16359116-cbf5-47a2-b1df-014dc3e4ccaf,4bb907f3-2959-4b4d-acd2-123aea3d4e40,80.0,0.0,471165,56540,18847,29742,366036
6838aa7b-4206-48c2-8132-ab9d10ba0334,16359116-cbf5-47a2-b1df-014dc3e4ccaf,ad192335-b79b-406a-ba47-0395d697e461,53.43,3.07,187917,22550,7517,10013,147837
8976957c-f10c-4003-b0b1-03e4831a8ea6,20464aba-fcc3-4914-838c-56d9c5d32166,e352edd9-9089-4e5f-9dad-05bfd00ee15a,80.0,0.0,455838,54701,18234,28406,354497
f9ff9513-d896-4e78-bd15-d297f47f88f0,20464aba-fcc3-4914-838c-56d9c5d32166,78b0b7c7-f0e7-4836-95bc-94c640f7d2f9,71.43,2.11,340153,40818,13606,14049,271680
c23b8b0a-1ee3-429e-8f71-c47d600c65cb,20464aba-fcc3-4914-838c-56d9c5d32166,37aa2c6b-5c5d-406e-8dbb-ad5a4018edeb,80.0,0.0,363669,43640,14547,14688,290794
7573dd82-dcf6-41bb-9147-56582455adfd,20464aba-fcc3-4914-838c-56d9c5d32166,c74e16da-2083-466d-8a10-8566f892b662,79.18,3.86,318213,38186,12729,24955,242343
6448802e-9c03-4ce9-9660-37ed5a6b5dce,20464aba-fcc3-4914-838c-56d9c5d32166,6f0feb58-8d2d-4291-9db5-d43d58eb597d,76.36,6.63,435495,52259,17420,32065,333751
5041dc5d-8187-4748-835c-5ef7984fb9eb,20464aba-fcc3-4914-838c-56d9c5d32166,ba629d98-4d22-436c-aa70-6f19a0726237,80.0,0.0,361077,43329,14443,12675,290630
45c51bd9-59c4-406a-9f18-dda2a4748951,20464aba-fcc3-4914-838c-56d9c5d32166,c25b3f34-cc91-42be-8f26-f30a5032f7e3,56.0,2.88,264202,31704,10568,18690,203240
ab5b6228-826b-4be5-a66b-cf5fbe36b81f,20464aba-fcc3-4914-838c-56d9c5d32166,718b32b0-daf5-4ef0-afc9-5f4c5cb28588,80.0,0.0,426527,51183,17061,17612,340671
4755f823-83d4-4dd7-a8c9-6a036a715f6e,20464aba-fcc3-4914-838c-56d9c5d32166,94b323f2-7e53-4ee7-b6b0-e4adc2f6b0e2,69.93,4.62,184771,22173,7391,10535,144672
ae422fdd-e69e-4c4a-9172-0c44b04fbff3,20464aba-fcc3-4914-838c-56d9c5d32166,2f847c66-5b6b-41fa-a5b5-d36d820bbe50,70.16,4.57,139243,16709,5570,4798,112166
503fd428-40f4-4f58-9de5-53142dfdb6da,20464aba-fcc3-4914-838c-56d9c5d32166,682f88c7-a779-4fbc-b71f-7005333737c3,72.0,8.49,328941,39473,13158,9913,266397
da3f3dbf-1026-41d0-9ab6-b719d96192b8,20464aba-fcc3-4914-838c-56d9c5d32166,17b527be-6c67-4b79-b717-84232f15fb72,80.0,0.0,343408,41209,13736,24748,263715
1dc7bef8-c847-47ad-bdd7-fdf9ec45c5ae,20464aba-fcc3-4914-838c-56d9c5d32166,42ec1fc3-c1d2-4b88-8509-2f8c188d6430,80.0,0.0,599627,71955,23985,24685,479002
62348bc3-d1ad-4c85-8ad8-9f4837a6d9e6,20464aba-fcc3-4914-838c-56d9c5d32166,c63777ff-a940-438c-b9e9-d3187cd91982,56.0,3.33,217142,26057,8686,15937,166462
e4f2aa3d-cc86-476f-a463-6d53aac9a52e,20464aba-fcc3-4914-838c-56d9c5d32166,fad6f6b8-5bc6-4d3a-9e99-dfea0c381694,70.29,5.53,283299,33996,11332,8748,229223
7d9933d4-e300-437c-8912-0df77cfa917e,20464aba-fcc3-4914-838c-56d9c5d32166,3e73f356-1339-4949-adb1-27ccf5b87a8f,70.74,2.11,370929,44511,14837,16666,294915
a407235d-48f3-4a4c-af88-dcf8d755af49,20464aba-fcc3-4914-838c-56d9c5d32166,7da42c67-bf6c-44ed-bfd2-7d75334d73f7,80.0,0.0,257258,30871,10290,9121,206976
ecda1ac5-a045-4e99-ab58-03514f84bf69,20464aba-fcc3-4914-838c-56d9c5d32166,07982c18-ce02-4bad-96a4-316052374b94,80.0,0.0,329292,39515,13172,22736,253869
67964626-324c-4ff0-b5f9-26d473a093e7,20464aba-fcc3-4914-838c-56d9c5d32166,11a99a0b-2758-4248-a6ec-da7e52d01f28,63.68,3.89,257414,30890,10297,18949,197278
690df5b8-f21a-416c-b0d1-36715d499014,20464aba-fcc3-4914-838c-56d9c5d32166,24e4cc9a-8dbb-49bf-ba7e-46ff84e9547e,80.0,0.0,539738,64769,21590,21505,431874
abb26620-f5ec-4d08-90e7-f034b8ec7371,20464aba-fcc3-4914-838c-56d9c5d32166,bdd3f611-64d5-4276-8d84-6f5bcc9c9ce3,80.0,0.0,261304,31356,10452,10932,208564
e4c4d7fb-44d9-4b95-8c87-f7dc6c1a82f6,20464aba-fcc3-4914-838c-56d9c5d32166,1454be57-fded-4b54-9d50-89cf465c34d7,56.0,3.4,315765,37892,12631,23184,242058
209e2b23-3dde-47fc-9cf5-a33e03b6e0e9,20464aba-fcc3-4914-838c-56d9c5d32166,5620f37d-03c6-4d68-b27f-a3e8d804b1ca,80.0,0.0,490969,58916,19639,25769,386645
18eff3b6-93a4-4f1b-a1a9-93d81cad9446,20464aba-fcc3-4914-838c-56d9c5d32166,c6bd2a61-82c4-45f4-a158-dd07220d8415,30.34,1.38,119528,14343,4781,5664,94740
819438ce-47d8-4eb4-b1c5-a2d416f382da,20464aba-fcc3-4914-838c-56d9c5d32166,df1d8519-1624-4319-acb6-d164f78ae26a,56.0,8.97,309353,37122,12374,11324,248533
5a07ff61-f21f-4319-a340-8e20a1487e21,20464aba-fcc3-4914-838c-56d9c5d32166,8a81ac6f-85e6-419c-9183-2e82f0c41a05,64.0,2.42,168940,20273,6758,13382,128527
82b6db57-3e8a-4d7e-8999-45b51d189d96,20464aba-fcc3-4914-838c-56d9c5d32166,1c6b05c6-ab8a-4aa6-8f0c-d764fc9baf5c,80.0,0.0,404881,48586,16195,20883,319217
34d36ab6-2e07-4df2-98ef-c6ea38ea3035,20464aba-fcc3-4914-838c-56d9c5d32166,e15df04a-450d-407a-a2ab-d572fe5e4525,80.0,0.0,451669,54200,18067,33329,346073
8c212571-46c2-4bf2-a6d2-d7e77b2dc5de,20464aba-fcc3-4914-838c-56d9c5d32166,1e31d825-7cda-4477-9c48-03bbb941c4cc,54.27,1.5,108179,12981,4327,3895,86976
40ed75c8-69eb-4548-a078-97c56f5248ec,20464aba-fcc3-4914-838c-56d9c5d32166,dca383d9-1431-4b46-aca2-aacdacb218bb,56.0,3.14,285519,34262,11421,21304,218532
d90066fc-7c2e-4f8f-8aa6-9e1a7a4d7fc9,20464aba-fcc3-4914-838c-56d9c5d32166,ab961f8e-c095-44b8-b322-100f50627d59,56.0,6.17,283990,34079,11360,12180,226371
9be61e5b-1d5c-41d5-a5b6-412489ffc45f,20464aba-fcc3-4914-838c-56d9c5d32166,bddfdd82-44c2-45d9-a9f1-c713788731e6,80.0,0.0,310627,37275,12425,19353,241574
ab4b70fb-f4db-4d57-b940-338015dfec97,20464aba-fcc3-4914-838c-56d9c5d32166,772b440b-f03a-46f7-b8dc-52196b164239,80.0,0.0,218319,26198,8733,6896,176492
9e6b8980-c099-445d-b4d1-665e3104196f,20464aba-fcc3-4914-838c-56d9c5d32166,2055f01e-d09e-4af3-b056-4fb999b54b6f,71.62,3.55,142887,17146,5715,5311,114715
a3cf611b-6039-40fd-83ea-92d7fabfad80,20464aba-fcc3-4914-838c-56d9c5d32166,057781f9-c6a1-4f2d-bbce-affc1469f01b,60.31,3.82,306294,36755,12252,14674,242613
612f1fa0-1681-43b8-bb3d-e44714f93902,20464aba-fcc3-4914-838c-56d9c5d32166,cfcd001d-e49c-4b2a-92b1-6eb19366968e,48.0,6.88,292591,35111,11704,18928,226848
0ab7cafc-06ae-4527-99b1-5a3d803f69e3,20464aba-fcc3-4914-838c-56d9c5d32166,2bb9893e-5b6b-4e5d-b1ff-56d85c7f8baa,80.0,0.0,447554,53706,17902,28813,347133
ded0dc92-cf3b-4ac3-9dcd-1d483a77356c,20464aba-fcc3-4914-838c-56d9c5d32166,41543472-3f77-4cc1-b5d9-bb2c51e134fc,62.07,1.63,163481,19618,6539,8652,128672
83aa00bc-fa7a-4cd2-b620-2e2e80d5ee32,20464aba-fcc3-4914-838c-56d9c5d32166,4bb907f3-2959-4b4d-acd2-123aea3d4e40,80.0,0.0,471165,56540,18847,28447,367331
42a9872f-88ad-40bc-b8c0-b52df6ec8568,20464aba-fcc3-4914-838c-56d9c5d32166,ad192335-b79b-406a-ba47-0395d697e461,54.22,2.0,185278,22233,7411,7636,147998
