id,customer_id,device_id,started_at,ended_at,landing_page,referrer_source,is_authenticated
7ddb3f56-d6e2-4b52-a824-57c87f201872,,,2026-04-22T16:07:10,2026-04-22T16:27:10,/search,email,False
46981f64-e40e-441b-954d-8f9e87541aaf,efb0203d-c970-47ec-8644-2090a658224b,9782dd5f-00ee-4536-a9a8-6696f05e7d59,2026-03-19T05:35:10,2026-03-19T05:36:10,/,social,True
b329faf2-ffc3-42e9-9bf9-29809d182e95,,,2026-05-31T07:20:15,2026-05-31T07:21:15,/,email,False
782cde32-6a5e-4457-9c4d-ac9fadf97360,,,2026-05-06T20:00:26,2026-05-06T20:08:26,/category/jaffles,email,False
4d383505-6875-4ccb-ab92-d93b4462ef29,64ad7907-f83e-403b-b5b4-b1deded9bb1d,,2026-08-12T17:15:45,2026-08-12T17:16:45,/category/jaffles,email,True
ea00eed4-ad60-412f-9924-ff2e5e508c56,a5781cf5-d32e-4370-b0f8-4f229bc0efa4,59320c71-5ab8-48f2-8624-064bcab18c66,2026-08-08T19:36:32,2026-08-08T19:39:32,/category/beverages,social,True
b5d40c5b-6d82-48c5-a4c1-2426441ea009,6939d1d2-fba3-4888-8c53-6898bb73c26f,abe2e158-f3a5-4137-b428-e7d2c116dd21,2026-08-15T09:24:21,2026-08-15T09:27:21,/category/beverages,paid_search,True
efe6ef10-072e-47dd-8795-078f50888503,359c05d0-e19d-463d-b3b4-43a0b4a3810f,7d7f55d1-d105-4d4d-9ace-584d3d7fdf32,2026-06-18T17:49:36,2026-06-18T17:52:36,/search,direct,True
7b86d065-b99f-4b35-bdc3-d40f55f3bec3,7e394ed8-8aae-477f-9649-5d3e7f5658fb,,2026-06-02T22:25:39,2026-06-02T22:26:39,/,organic_search,True
b62fc630-f334-4fe8-b9af-ebbef5b2a4fa,,,2026-06-24T10:35:42,2026-06-24T10:38:42,/search,social,False
21fbe0ce-9427-4f5f-b532-8be2fdd352b3,,,2026-07-28T15:53:02,2026-07-28T16:01:02,/category/beverages,paid_search,False
0a52bd91-b03d-4cd5-b090-ba3299d19203,,,2026-07-25T01:10:10,2026-07-25T01:13:10,/,organic_search,False
7a1b9166-2278-4ed1-abe3-8e2ed5e7f9ff,14dec3ce-7570-4c3f-af8c-e9c0d74cfcd2,5c68b3b2-57e7-44b0-a5d4-1980e12b618d,2026-06-14T08:49:16,2026-06-14T08:50:16,/category/jaffles,social,True
496c318f-ab9d-4a9a-86bd-97263a5a8eb9,,,2026-04-08T05:33:27,2026-04-08T06:18:27,/search,referral,False
ed8f4128-67d9-4a2e-a8b1-e9ae162c5cc3,,,2026-05-10T08:15:30,2026-05-10T08:18:30,/,paid_search,False
b1f0eff8-b095-4bb1-aaf3-15fbda8cf492,3f13d579-3df8-478c-b978-eec7255facfa,992dc33b-fb83-4860-894a-cde40de5ff4c,2026-03-18T01:25:36,2026-03-18T02:10:36,/,direct,True
72ed3f9f-58f0-4913-97fd-3c719cd97b2e,d77ac8a9-6445-4f65-9a77-b0fb3abe853d,,2026-07-10T04:44:10,2026-07-10T04:47:10,/category/beverages,paid_search,True
b77a5b16-2671-4c04-a40f-aaca097b932e,91c5349a-5fb8-43b5-8af3-1b0018617bc3,,2026-05-10T09:49:40,2026-05-10T09:50:40,/category/jaffles,direct,True
bfff9256-b038-483f-bddd-a50c615c90f4,4126c950-a88a-4305-895c-96d7e076897e,7b629e77-28d4-44a1-8119-d035351da73e,2026-03-15T23:04:38,2026-03-15T23:07:38,/category/jaffles,social,True
6c10d66f-c947-4b6c-9506-0ba90ff8b78f,,,2026-06-30T13:39:46,2026-06-30T13:40:46,/category/jaffles,referral,False
152b0e67-a354-4e90-87d2-c32ca35869ce,,,2026-06-29T06:43:49,2026-06-29T06:51:49,/category/jaffles,referral,False
dd4d76c1-c282-4fbd-80a3-61eadfc6e01a,e6ef189a-76de-4ef5-ace2-676d69273e22,9f77024d-abea-4e27-9443-f3cdfce45849,2026-05-08T18:55:56,2026-05-08T19:03:56,/,email,True
e6596f94-02fe-4ccd-b627-acefb8dfb6d4,bf03895d-6d44-49a2-8183-81c4e89eac75,e4d4f934-0d77-497c-9764-6c23118c7f6c,2026-06-12T03:49:12,2026-06-12T03:57:12,/category/beverages,email,True
f38afce9-798d-4be9-af76-87e28eb8a1ad,8f34cf8e-4ab5-436b-b34d-d43e654c8d6b,,2026-07-03T09:59:46,2026-07-03T10:00:46,/,paid_search,True
5de4a6c0-9b8e-42f2-b80b-8d731b6f1b3b,e52a8700-3ab9-4c47-8a16-e799e997a931,,2026-06-23T05:04:25,2026-06-23T05:12:25,/search,organic_search,True
4ffcbfa2-7203-4d2e-9e22-a6f1c3199d94,01a03f19-633a-4474-990e-57e75b98e60b,e4f97808-3a2e-494f-9b20-ecb71385b5ee,2026-08-01T10:48:13,2026-08-01T10:49:13,/,paid_search,True
3b3201be-c979-4bc2-ab4b-a886e16bbfa9,,,2026-07-11T20:06:13,2026-07-11T20:51:13,/category/jaffles,email,False
e7c9b124-4ee2-4d3a-9cbc-d75d1d1943a1,f78c30cb-fcda-4209-9aea-0ae7ce4f7b81,8c6c4d6f-f362-48fd-af43-c06aa113b353,2026-08-08T11:50:55,2026-08-08T11:53:55,/,email,True
c03441af-8a09-4c22-882c-8a95043a7c4f,,,2026-03-07T09:46:32,2026-03-07T09:49:32,/category/beverages,organic_search,False
01688f04-fb1d-4f8e-b562-b3907c8dadb7,b4413ac0-2fc9-4c91-b188-71c109d9be8f,297e8e13-436a-4712-a936-528cbde7ee22,2026-07-29T09:45:36,2026-07-29T09:48:36,/category/beverages,paid_search,True
8665f018-857f-4ca4-ba49-331065b44937,,,2026-07-25T19:16:07,2026-07-25T20:01:07,/search,direct,False
6cd75535-9711-4352-8009-9df3bbf09946,,,2026-04-10T15:38:41,2026-04-10T15:39:41,/search,email,False
8d89084b-d87a-4692-b636-88fe0a1e0897,189edb91-3f25-4f32-bfb4-64bd4052cb1c,,2026-08-12T14:19:55,2026-08-12T14:20:55,/category/beverages,social,True
199441a8-ffb9-4b81-8101-b43fcb5a3d32,,,2026-05-23T22:21:27,2026-05-23T23:06:27,/search,social,False
26e4be00-79f6-4efc-8eac-71ce1e1cb75d,,,2026-04-19T16:47:38,2026-04-19T16:48:38,/,paid_search,False
977d5c14-3ce4-4729-b4f2-bba90d17cd78,87a00a98-1d65-4fba-92f9-41ac07bce2bd,6854b57f-f684-4f1d-ab4e-2bc0f585bf75,2026-03-16T09:18:21,2026-03-16T09:21:21,/search,email,True
9d5911fa-1a41-46c4-9489-1e8ef8f41ca4,40c4aa0f-6d19-4084-820c-5764f87d9184,,2026-02-28T18:47:41,2026-02-28T18:50:41,/category/jaffles,referral,True
cf876644-27d5-4ac8-89e6-b5d74028cf97,,,2026-03-13T05:07:29,2026-03-13T05:15:29,/category/beverages,referral,False
7036e6de-2c89-413a-b3bf-c991e6910a55,254a6b6d-5dcb-4d20-88ce-e2e448935a93,b6816e56-a1b4-46f4-a939-8450e4aeec3a,2026-04-24T18:21:26,2026-04-24T18:41:26,/category/jaffles,referral,True
2d1f5d13-d8a6-44b2-8db9-72e3140c9899,3218db6b-84e5-453d-8de9-a966eecbacc6,2d6360e0-10d8-43fb-9f1d-c66c4715e54e,2026-04-28T05:12:28,2026-04-28T05:32:28,/category/jaffles,organic_search,True
3343638d-2d98-4f0e-80df-8ce8aded3b34,,,2026-07-12T18:25:28,2026-07-12T18:28:28,/,referral,False
2f9cd5d0-0252-4985-ac13-4122099df9ae,3e5dc535-3e67-47d0-8eed-547c7f51e8c9,6c83b0d7-dc70-4239-9cb0-c5d20bbe80a4,2026-07-31T02:25:20,2026-07-31T02:45:20,/category/jaffles,social,True
4c8c5c1f-4ccd-4f72-ab52-2366e95aa72e,,,2026-05-10T13:43:04,2026-05-10T13:51:04,/search,paid_search,False
7a1a9b26-cd52-4162-8b71-ae45929f2439,,,2026-07-28T11:21:14,2026-07-28T11:24:14,/category/beverages,email,False
44edfd6d-a509-4f62-afb3-d16a2d7626d8,d78e6e3f-3ff1-49b6-9dcb-129816aa0ecb,,2026-05-18T01:14:55,2026-05-18T01:22:55,/category/jaffles,social,True
c9a6b1bd-a03c-45ac-9032-544dac4dcba6,,,2026-04-22T05:35:08,2026-04-22T05:36:08,/category/jaffles,organic_search,False
7c87dff3-9dc4-4826-b816-2eb4f5639d47,0c621caa-4854-43bb-ab8f-74e1f79ba3e4,,2026-08-03T13:35:33,2026-08-03T13:36:33,/category/beverages,direct,True
82573aa1-3d9d-4494-9314-f721c6c2d70c,d285a28f-6fa3-4c70-9469-73e7fe1787ae,0e4db30a-9bf1-46fd-a41b-5293bc0c2fe2,2026-02-22T05:17:22,2026-02-22T05:18:22,/search,email,True
f4f7913f-12cf-4853-be8d-68c8b0203d42,,,2026-08-07T05:58:46,2026-08-07T06:01:46,/category/jaffles,social,False
375209cf-2a88-4755-8b0f-19bea7ad54bb,,,2026-02-18T04:20:50,2026-02-18T04:21:50,/search,organic_search,False
8152464d-5c54-4d66-b70b-b96cf2e851b6,,,2026-04-22T20:00:15,2026-04-22T19:59:15,/,social,False
93c82273-fc9e-4a10-82d7-6f01477b3045,4ed3232e-6117-4b38-9d59-265a217c91cf,b7f62fb6-e88d-429c-a07b-aff8f0e1810f,2026-03-28T15:47:25,2026-03-28T15:55:25,/search,paid_search,True
1d65ba6e-92e4-48ca-bad3-05b3c45606f7,,,2026-03-03T05:02:25,2026-03-03T05:03:25,/,organic_search,False
a63accbc-16ac-49a2-b068-bd74f7029c84,,,2026-06-14T22:17:33,2026-06-14T23:02:33,/category/beverages,paid_search,False
2e729fcc-07cc-4aeb-a874-55c0edc9f0f8,b0581066-18c7-4fcf-8fa6-a671cb141ca5,bc2f13a3-d320-4c51-aec0-5d22822851d5,2026-08-11T23:48:41,2026-08-11T23:56:41,/category/beverages,social,True
9ed969d3-b1f3-459c-9a77-14fb3aa37b63,69819ace-cccb-4f20-aa31-be439b1b8e2b,94295fef-e280-4e53-bdd4-032e854f0c37,2026-08-09T04:33:08,2026-08-09T04:53:08,/category/jaffles,email,True
e8134f53-62ff-47b5-a68b-fef381db5e3f,,,2026-05-23T07:23:05,2026-05-23T07:26:05,/search,social,False
83ffda65-2982-491b-a93a-2436f049422a,eefcf9f0-dbd0-4907-a619-121deeb825dc,92918eed-9c89-4259-a75a-a3092ec9ac19,2026-03-21T09:22:05,2026-03-21T09:42:05,/category/jaffles,email,True
62a2b873-de76-4892-ad8c-409c605b5f7d,,,2026-04-06T16:06:44,2026-04-06T16:09:44,/category/jaffles,paid_search,False
d095bce2-7dc8-4661-8a17-9349e9c1aa76,19a47a26-3ca3-42d2-9e2d-8da79f09b587,f0d2d389-5025-4ebe-bad9-e6ec7c0d6cec,2026-07-10T16:40:04,2026-07-10T16:48:04,/,email,True
cd4074a5-dc48-4593-95ad-800a9510f777,b4413ac0-2fc9-4c91-b188-71c109d9be8f,d7e6c887-2434-4f6a-87b9-47b71b466f62,2026-08-14T14:27:52,2026-08-14T14:30:52,/,social,True
fefad2d1-2419-44f0-8081-8734a3176714,2f771a5a-3d76-48e3-985b-b7e91e092c46,ad583c96-5b7b-40dc-8fe3-90ac826c73ee,2026-07-24T06:25:41,2026-07-24T06:26:41,/category/beverages,organic_search,True
c06444d8-cccf-44ce-bc0e-99c2a2a62de4,02c02023-75d2-4ad2-89f6-ed2c2e7ae6f5,8be7c44b-55ba-408f-a822-dc38ad4ccec5,2026-04-16T18:32:57,2026-04-16T18:33:57,/category/beverages,direct,True
df8fd278-f3f1-4e5a-ac29-928d5471f954,,,2026-06-27T21:13:31,2026-06-27T21:21:31,/category/jaffles,referral,False
8bc4a76b-3e70-46c1-a077-5740dad8166e,3bcd90d3-7d42-4c9f-ad46-04d8af612206,,2026-08-11T11:12:11,2026-08-11T11:13:11,/category/beverages,paid_search,True
324a0bf1-57d7-419d-b404-a465c3df86e1,afdabd06-a2b4-497a-93b8-7bcf582b5d3b,,2026-05-18T03:35:58,2026-05-18T03:43:58,/,email,True
01f6a7c0-3469-4861-810b-f8f61d0f4a04,,,2026-03-10T03:22:40,2026-03-10T03:30:40,/search,direct,False
63e952ee-dce5-476d-b1af-fd010e0dbe24,be6fcaa5-9911-4bb6-b97c-47eb53c88b32,06e5946a-b612-4c73-92c1-a5953982b338,2026-05-11T13:27:11,2026-05-11T13:30:11,/category/jaffles,email,True
c6101823-4b7e-4ddf-8759-0f1a764239ac,,,2026-06-21T16:43:56,2026-06-21T16:51:56,/category/jaffles,referral,False
e038d02c-ffcc-43ef-9a85-810e29f77c76,9ede5407-362e-465c-a234-482e1f2411c1,,2026-03-08T23:50:40,2026-03-09T00:35:40,/category/jaffles,organic_search,True
66c47bc0-cf30-42b3-9098-cc9e7d372ecb,03710ca1-feb1-4206-bd26-3bb8e6a1dac2,,2026-06-28T08:58:25,2026-06-28T08:59:25,/,paid_search,True
179f454b-d842-4d5d-a8c5-9e814600b896,,,2026-05-09T08:58:04,2026-05-09T09:01:04,/category/jaffles,organic_search,False
01c4c72e-3973-4e07-9e46-4abea37e8535,19a47a26-3ca3-42d2-9e2d-8da79f09b587,f0d2d389-5025-4ebe-bad9-e6ec7c0d6cec,2026-05-04T13:38:08,2026-05-04T13:46:08,/category/beverages,direct,True
46b4c0ef-c344-40cb-bef2-9d50861f81bb,95381466-0836-4fd0-b05c-e8ca6147a51f,1145dffa-1928-478a-9c62-e6ae2f284cc8,2026-02-16T18:05:20,2026-02-16T18:13:20,/,social,True
c162162a-9c42-448d-9f81-f24940cb5670,f8b1caa2-10e7-4302-963a-252a15b4a714,ca24ccfd-e1bb-485d-be8f-92e6cc39e130,2026-07-20T11:36:55,2026-07-20T11:37:55,/category/jaffles,organic_search,True
db8a2fac-34bb-4c20-87f3-5af89c1090b6,,,2026-06-30T08:18:54,2026-06-30T08:21:54,/category/beverages,referral,False
cc4a183d-63b1-43c9-8c27-e95b5e1d990b,,,2026-07-22T15:23:28,2026-07-22T15:24:28,/search,direct,False
b4044ede-a027-4943-9620-c9bd58b9958e,ec4bebdf-042b-4c0a-9846-f86a1a9685e9,60740ead-3a07-4a70-a26e-e571faddbbf9,2026-07-23T00:36:03,2026-07-23T00:39:03,/category/jaffles,email,True
0c1e2f8a-78c3-4c9e-bf05-af590a0875f6,19a47a26-3ca3-42d2-9e2d-8da79f09b587,5f50bcfe-d4e0-4505-8efc-e0bb7978ea4b,2026-05-13T12:01:04,2026-05-13T12:09:04,/search,social,True
211abf5d-02a9-4d6f-8c41-cd5cd2d1e82f,cfefbf12-9a5a-4d61-a708-d92f785af097,402e69c5-8e0d-44f5-90df-c5aadfadbef0,2026-05-15T23:01:18,2026-05-15T23:04:18,/,paid_search,True
08a9615e-dbe9-4e50-a02e-eee47798d405,0a42e609-2a53-4824-bf02-0088bdb9b149,22ac1459-37be-42e9-85f9-64ae100ca89e,2026-07-25T13:35:06,2026-07-25T14:20:06,/category/beverages,paid_search,True
7553aff1-033f-40fc-b36a-8ab03f982d81,26ebc43f-cfbf-4fa1-9c7f-9134871f7b65,0ed743bc-349f-49fd-9625-b638c7bd0788,2026-07-18T06:40:24,2026-07-18T07:00:24,/category/beverages,social,True
a0a25835-90af-4787-a2e4-3bff3e5c3c0a,2a6409ee-29ac-483f-a2a7-9074fcb50191,a1b5c087-5a7b-43ba-b6c8-59c4653de9d9,2026-06-30T21:43:39,2026-06-30T21:46:39,/category/beverages,social,True
e5d5414f-c9d9-4802-8328-2edc0d072729,,,2026-07-22T12:06:52,2026-07-22T12:26:52,/,organic_search,False
ee864b79-e282-4472-9979-b7516a9bd42e,,,2026-06-08T01:37:07,2026-06-08T01:40:07,/category/jaffles,email,False
de2f4a81-5b14-48f3-9007-d669e7bd435f,19fee9df-73a9-41e9-9777-18d2a79ab8b4,2b1a5272-608f-4dab-a913-364281d0ea4a,2026-07-27T22:18:56,2026-07-27T22:26:56,/search,email,True
561e23a6-9c33-4582-b12c-000da3e1a305,,,2026-08-11T08:19:18,2026-08-11T08:27:18,/category/beverages,social,False
7117961b-4571-49c1-a925-676a72b38a2a,8fe1e8f7-9891-4978-ae6c-34234f35c728,177d713f-f987-4e4f-b29f-c22de71933b2,2026-05-05T18:07:20,2026-05-05T18:08:20,/,paid_search,True
e92d280c-6ae4-41ea-a049-988b8d4e4208,65dbcba7-fbb7-4837-ace0-5cd3cc5dd4a4,e6791108-2ae7-496a-94e3-990e4e08c7d9,2026-06-13T02:27:45,2026-06-13T03:12:45,/,referral,True
da66361e-9fd3-48ab-a961-15aba6cc5d8a,a5066e8e-de65-4798-9ed5-f6cae5f86031,989efba8-acc4-44fc-b98a-113da7b55aac,2026-04-24T13:01:44,2026-04-24T13:02:44,/search,organic_search,True
01c8a6a8-fbd7-4aaa-a40c-4e166c13a0f7,,,2026-05-09T19:19:26,2026-05-09T20:04:26,/,social,False
4b12d117-3961-4426-a7d1-89b28168fa49,f78c30cb-fcda-4209-9aea-0ae7ce4f7b81,8c6c4d6f-f362-48fd-af43-c06aa113b353,2026-04-11T21:10:58,2026-04-11T21:13:58,/category/beverages,social,True
7f3b5c4f-b256-438b-beb1-267cfd707918,8c5628d0-6d15-4a6d-80f2-9c723e39ba83,12db0e63-03dc-4886-a389-ecd45a46878e,2026-03-02T02:40:43,2026-03-02T02:48:43,/,direct,True
538106a8-635f-4dc1-b50f-2e1dde93526f,fa5ae382-e7ab-4d94-bdfc-7d689bc335ab,f436a538-7102-4a6b-b469-d34e46757f66,2026-06-14T15:10:17,2026-06-14T15:11:17,/,paid_search,True
7e5cbdd7-ab32-40ea-b3ab-8a698d1473ae,,,2026-05-07T10:40:26,2026-05-07T10:48:26,/category/beverages,direct,False
58247428-3016-4f4c-83c1-904f0871dcc1,62e44a82-c99b-4d04-9abb-f6a2eb97c7ec,79e5e83b-b6ac-43bd-a1a7-722f0d74b97e,2026-06-19T20:51:43,2026-06-19T20:59:43,/,email,True
b3fbed84-6a41-4f86-a348-b056e09e2bde,,,2026-07-21T19:26:53,2026-07-21T19:27:53,/category/jaffles,email,False
954ac8a0-8b7b-4507-a9d5-6141131fc038,3d0d96e7-a6da-4e11-a509-76b813d466f5,682d24f9-19c9-4ade-8186-ec8874da5dff,2026-02-17T08:18:35,2026-02-17T08:19:35,/,paid_search,True
11250e34-1896-4b2e-96f7-37c4d9118fd3,49a68f77-776a-4b4b-b668-48e489f414ae,806f3850-93de-4701-94c8-e8ef507b6856,2026-04-03T06:52:00,2026-04-03T06:53:00,/search,email,True
01d8f999-50f4-4cbe-8711-880ceea6e01a,50fb8eb8-955f-41ca-ab6a-faaff8141652,aa820628-ac85-4ce1-a472-78454640c478,2026-06-09T13:12:48,2026-06-09T13:20:48,/category/beverages,referral,True
dce441a0-6d27-493a-a6d3-de03ed875978,9c98b2d4-f4f3-440f-b28d-0e1ca7a152a5,b5845e08-bf3c-43a7-a127-2916cc1a08b2,2026-07-15T03:49:11,2026-07-15T03:52:11,/category/beverages,paid_search,True
2e98d7d5-e006-47a9-824e-e69f203f937b,187d49e0-634f-4e10-a10c-3b0be7408be0,9a3a9d74-f442-424e-9772-71bcbb8c606b,2026-06-07T14:17:52,2026-06-07T14:25:52,/category/beverages,organic_search,True
ed85805c-d3ae-412f-850f-e06ebdc21d27,,,2026-06-29T03:26:09,2026-06-29T03:34:09,/category/jaffles,referral,False
53d4b9c8-0511-4683-8ae9-c0f4bbe02152,314d5517-f29b-49b2-a076-3abe12756120,d11d25cc-8e2a-4e3b-a502-7ca961a9b403,2026-08-05T13:37:14,2026-08-05T13:38:14,/,direct,True
e8ecf5be-4c03-4173-ae87-ba787c02d997,,,2026-06-20T16:46:46,2026-06-20T16:49:46,/category/jaffles,email,False
a27a9fa9-aa26-48d3-87d0-fbe762f8df67,18e7baeb-a66e-4a7d-882d-355810698bc3,3092f518-1c2d-4446-8435-0e28b07b3734,2026-06-16T13:31:20,2026-06-16T14:16:20,/category/beverages,paid_search,True
43fce5bb-e028-4d31-b318-02e33ad83cbd,f044be50-29c1-40c4-a16c-a1dd1f95d6f3,49e24a45-9acb-4b7d-ab7c-fd2f5a2240d1,2026-04-12T07:38:40,2026-04-12T07:58:40,/category/jaffles,social,True
d9258727-b4cb-45a2-b260-78543d2bfcf7,74b13d9f-159f-4adb-8b2c-a623d67b529e,59fd45b6-8051-43b8-b6bd-353f345da12c,2026-04-30T03:06:14,2026-04-30T03:09:14,/category/beverages,email,True
d08221c7-4509-4c22-bd98-fde03aa5cc0e,265cf9a7-b023-492e-9e62-3896325f1c48,4be06c6c-e971-46e7-ad7e-8d54f34172ea,2026-06-29T20:55:47,2026-06-29T21:03:47,/,email,True
84f9c4e7-c52b-4dbd-835e-8fcd1e09a0c8,7e394ed8-8aae-477f-9649-5d3e7f5658fb,,2026-07-25T20:46:19,2026-07-25T20:54:19,/search,paid_search,True
18c55606-f3c9-4624-980f-f52d350ae8fd,,,2026-08-14T09:43:49,2026-08-14T09:46:49,/,referral,False
8489bc4b-89ac-4915-bdd8-00fc67755eec,,,2026-05-30T18:29:11,2026-05-30T18:37:11,/category/beverages,organic_search,False
7eef981d-bff2-454c-946c-08da37dedf6a,51e5a1ad-d8d2-4387-82fe-860a54c87f4b,23083187-847f-40fe-a59d-0cb3604dfea6,2026-06-20T23:28:23,2026-06-20T23:36:23,/category/beverages,referral,True
37b97e58-b910-48e3-b0fd-4700ea56d355,,,2026-04-25T15:46:25,2026-04-25T15:54:25,/category/beverages,social,False
f7fbb5f3-6cb2-4337-b2ff-dacdb97e3ce4,67d2941c-ef55-4f74-9994-431a09ee14db,6133a5c5-e24f-4bd7-a192-3f914899cbae,2026-04-03T01:24:14,2026-04-03T01:27:14,/,paid_search,True
246f0c6f-4956-4a39-8011-db8373e7b9ed,b81636bb-71f3-4ace-8eb7-628abe1eac07,53cb0eda-49cb-4871-93cb-d123fb3f91ca,2026-05-15T11:37:19,2026-05-15T11:40:19,/category/beverages,social,True
2d1426e3-9ad9-4291-a683-e8078e5b05b9,8ebb4b7d-ed19-43be-a647-6c3a9a6a166a,,2026-03-31T06:51:52,2026-03-31T07:11:52,/,social,True
29ffdfb6-c190-42b2-8978-841f9d221a82,359ce707-dfea-41f8-be3e-8689b460486f,38e495eb-378c-4764-b4fb-fc07fe1ae0d4,2026-06-05T11:41:27,2026-06-05T11:44:27,/,referral,True
d9ab22c7-260f-48e8-8c65-1db8de9b49c8,1ed31084-8b68-49ca-91d6-7162d8521c02,c99c612d-6689-4daa-8d84-df92c6eb4fef,2026-04-30T10:10:04,2026-04-30T10:18:04,/category/beverages,direct,True
6a1804a3-c629-4fd1-ba6d-924ad5e33ce9,212484cd-56e9-4934-ab9b-69d43228ee16,593ad7c1-e54c-41ca-8b83-27a05ea2e882,2026-06-07T08:39:45,2026-06-07T08:59:45,/,referral,True
ee483804-ba13-40de-81ed-8328302e9419,8f9052f4-d761-416e-8b74-a71f640df0d7,,2026-03-02T21:08:01,2026-03-02T21:11:01,/category/beverages,social,True
7cd4d4b7-fa2c-449b-b6e8-952de9467383,,,2026-05-07T23:44:28,2026-05-07T23:47:28,/category/jaffles,social,False
7874fc5a-2738-4e9a-800e-42c6f700fdd3,a3d91be1-b5d9-4d3c-bdd8-ab49cd378f30,25ffdaf0-4bca-4251-bac5-fc3603e00120,2026-04-13T16:56:10,2026-04-13T17:16:10,/search,referral,True
7c1aeddd-3d1f-48f8-921c-46a65369bc17,,,2026-05-19T12:21:33,2026-05-19T12:41:33,/search,email,False
79f34981-c143-423f-9820-55bc01d97114,,,2026-03-06T11:36:49,2026-03-06T11:44:49,/,social,False
8c40da23-5a13-43a5-9870-6f6ad936ba34,1439dc05-4ab9-4995-90c7-d9437ae94f50,6d7d04f0-e0b4-47f4-9fe9-41e5d53f6dc9,2026-05-01T07:10:39,2026-05-01T07:13:39,/category/jaffles,paid_search,True
eca7ced0-59ed-4dd2-b6ab-150569de2c5f,2a082be2-fc91-4d5a-accd-200e91693b07,,2026-06-24T22:19:31,2026-06-24T22:22:31,/,social,True
3e0c720c-7897-41ca-be15-0fc3bf023754,77b903b9-c97e-44ae-8274-9dea7b101277,47fd745a-9379-49dc-817f-164715ea1f8f,2026-05-30T08:19:12,2026-05-30T08:22:12,/search,direct,True
cf605a0c-6ba9-4aa0-a1af-56c59828809f,102e02b0-7f44-4058-881f-7896edc964b2,ad9a4353-5421-439f-978b-9317dd9321c5,2026-03-19T18:59:05,2026-03-19T19:44:05,/category/jaffles,paid_search,True
b06ccf93-2d08-4b80-8d38-5ea9b2324559,,,2026-06-21T15:04:44,2026-06-21T15:07:44,/category/jaffles,social,False
6751aa66-38b7-40af-82ae-87e884730527,,,2026-06-30T02:16:01,2026-06-30T02:19:01,/category/beverages,referral,False
5746799d-d2b4-4ffa-b304-ae9de2f39b78,066ca82d-85b8-45e6-b262-bac0bb3c0e21,dc6c685f-a76f-44a5-ad31-2beec4521e8a,2026-03-28T16:27:37,2026-03-28T16:30:37,/category/beverages,referral,True
a753d2b0-25c3-4f0e-99eb-55a98d532204,ddd9ed38-6351-4568-b08c-8f6c92cb84a8,,2026-03-29T09:08:07,2026-03-29T09:11:07,/category/jaffles,organic_search,True
ff03a25f-83bf-44b2-a2a4-06c2363d6070,,,2026-05-09T17:17:29,2026-05-09T17:37:29,/,referral,False
e11c196e-0977-495c-8645-a33559d3cab3,,,2026-06-17T12:06:15,2026-06-17T12:26:15,/search,organic_search,False
18f412c1-f9f8-4a02-8e52-f4ce1500f472,5b16d3ac-510a-4143-8a0a-785ce783f3d8,,2026-04-30T14:26:01,2026-04-30T14:46:01,/category/beverages,organic_search,True
d0ba6f2e-a124-4ac1-a32e-8ca3dad7ffae,,,2026-06-10T17:42:31,2026-06-10T17:43:31,/category/beverages,email,False
1b15b13b-b58e-4703-888f-671fdbfe0edb,,,2026-04-02T10:34:21,2026-04-02T10:35:21,/,organic_search,False
a267f8d6-111f-455c-be2a-09b5374567c3,8c5628d0-6d15-4a6d-80f2-9c723e39ba83,12db0e63-03dc-4886-a389-ecd45a46878e,2026-07-09T07:49:29,2026-07-09T07:50:29,/search,referral,True
e209fcf3-a122-4c6f-be0a-d35219dd3b3c,0edeaba5-35f3-4e68-98ca-f412d9cd14b5,,2026-04-19T09:29:00,2026-04-19T10:14:00,/category/beverages,direct,True
276f0d04-f226-46a6-8fc7-88be2aa5e9a2,,,2026-06-28T21:19:07,2026-06-28T21:20:07,/search,organic_search,False
59c9de21-67d2-4a4a-82ba-50e12097560f,5b817ccb-b122-4044-b74f-bde3d1df714d,,2026-08-06T16:43:00,2026-08-06T16:46:00,/category/beverages,paid_search,True
bd445066-6943-4375-980b-fd307efbb077,cc6587b9-1ad1-4f99-bb8b-dc23f1621ea6,,2026-05-28T21:44:16,2026-05-28T21:45:16,/,paid_search,True
dd6aa9cf-24fc-441c-999f-275806bf7bb7,922d63c5-873c-4693-9775-df99ba006ccd,ef0f702b-6886-4a27-9f1c-de62b5b44aad,2026-07-28T07:22:58,2026-07-28T07:23:58,/search,direct,True
287f15f5-5f79-4ee2-b5ae-f19260d60935,816f5acb-1a37-44ba-8ce8-25c40cec4d06,3681f832-2086-4af2-b000-c4fc8e5eb5f9,2026-05-11T19:11:48,2026-05-11T19:14:48,/category/jaffles,email,True
aee964b3-c756-40e3-8f49-6c2ecfa99eb7,,,2026-07-09T01:55:38,2026-07-09T02:03:38,/category/beverages,paid_search,False
15d9fbe6-650c-4540-9f2c-767eec4c601e,b4cc95b0-6dbf-4264-a3ef-43fbbadf652a,,2026-05-07T16:16:19,2026-05-07T16:24:19,/search,referral,True
6a3112c7-4e98-4710-b087-9896074c1d06,485b6c22-4f0b-4e0f-bfba-0c9d38a0122d,fa35e6d0-0796-4b07-9328-de4171ec8422,2026-07-19T00:30:26,2026-07-19T00:33:26,/search,social,True
6de91eaa-9883-440f-b7df-352f3705e94a,40c889c0-2020-4661-bb9a-564950b1a262,7ca3d79f-afc6-4820-81cc-753953423d3f,2026-07-24T08:47:29,2026-07-24T08:48:29,/category/jaffles,organic_search,True
21ab0a10-351c-47b6-a305-cf7ee995347b,9d37a85b-84b4-486d-b852-fd896a50fbf6,413ee122-8ed3-4393-b211-34a8c2714f27,2026-05-06T11:10:19,2026-05-06T11:30:19,/category/jaffles,direct,True
40f83df2-115f-48fd-b54e-40d1af7889d6,,,2026-07-07T07:58:53,2026-07-07T08:01:53,/category/beverages,social,False
d953451a-7252-4c68-8354-fe1f228c1bd6,,,2026-04-08T07:26:14,2026-04-08T07:34:14,/search,social,False
045a86be-0662-4a86-abc2-2594cc172a2f,,,2026-05-23T21:29:40,2026-05-23T21:37:40,/category/beverages,organic_search,False
d825535a-7762-4245-badc-c09f9fcfb801,baa48fe5-b7a4-4ea7-8eaf-5387ded157f7,9bc034e3-7f3b-4d7e-b0a3-01e6d6d65184,2026-02-27T14:20:30,2026-02-27T14:28:30,/category/beverages,referral,True
d04ce5cf-73b1-4d13-99f9-7800ed672b7f,a5f46489-06cf-45af-9efd-dbd27067716c,2a24e08b-6b6f-4b67-b38d-a48141a3db7d,2026-04-26T08:37:50,2026-04-26T08:45:50,/,email,True
12da0e58-01b4-4f5e-aada-fe96b870ef6f,,,2026-07-07T03:15:24,2026-07-07T03:35:24,/category/jaffles,paid_search,False
58cfbcad-860f-498e-82f9-0c9a0df2e981,cec4dd97-5c6e-415b-ba06-47dc8ef4570f,5e04c3fa-7c63-4a3c-a3a1-7ec783f5e558,2026-03-12T18:16:50,2026-03-12T18:24:50,/,referral,True
aaa15ffc-3518-46aa-ac1f-a69cf12d8415,1922f6f3-ba06-4233-8d88-c1a9303a6a2a,46cc3206-688f-48b7-91fd-ca57a717b89f,2026-03-01T05:17:41,2026-03-01T05:37:41,/category/beverages,paid_search,True
b6fa6732-3cd4-44bf-9315-098fe5f6db64,,,2026-07-23T23:20:57,2026-07-23T23:23:57,/search,referral,False
d5c42697-e600-498e-878a-f91ed4be6101,f772193d-0b52-429c-ac06-5e9986fefa68,ad8dc3dd-6d83-425a-b64d-1a7cf857bd7f,2026-07-13T03:48:43,2026-07-13T04:33:43,/category/beverages,organic_search,True
1da61e7d-b1c2-4ae3-9a0b-d0863ea36851,,,2026-05-22T14:36:00,2026-05-22T14:37:00,/,paid_search,False
5c7752f1-1bd3-4b91-b38f-0f593c8738fe,0f1df561-31c0-417e-909b-4b054c45baaf,da465b36-e547-4d89-8086-d0ea9984aff6,2026-02-21T23:15:38,2026-02-21T23:18:38,/category/jaffles,email,True
3a1f55ea-1659-4416-a991-51db257bb330,0ed041f5-3d65-4f50-b23e-849b527ee107,,2026-03-29T09:43:23,2026-03-29T09:46:23,/category/jaffles,paid_search,True
3d6a4da0-080e-4012-a66c-e719fbad0297,,,2026-02-25T22:36:18,2026-02-25T22:44:18,/,organic_search,False
53a748aa-2cf3-4231-a615-6b27189f2ea9,7902cccb-bb75-45ac-92b3-688e65d231bb,231fa6e5-a30f-4657-b608-80550bd03556,2026-06-25T21:29:58,2026-06-25T21:32:58,/search,organic_search,True
51869381-e9a3-45b3-b235-e69f0b6c2aed,a5f46489-06cf-45af-9efd-dbd27067716c,7fb37c0e-27bb-4038-a6f9-803e3a54e79c,2026-05-21T17:34:33,2026-05-21T17:35:33,/,referral,True
4b40e79c-5d41-4ff7-9907-30f80a6facac,5d5ea9b6-fefd-4e25-850a-9c2d365e7e27,,2026-02-26T07:13:48,2026-02-26T07:16:48,/search,paid_search,True
1230eb51-709a-486f-bb14-72fd13240e9a,06a161e4-302f-4ae9-b96b-2734ad33f946,680d1da5-4694-4972-87a3-f9ed2ba67fcc,2026-05-02T13:47:17,2026-05-02T14:32:17,/search,social,True
96966186-c178-4576-9f60-22f950c52654,117c9a65-4a4c-494f-8a54-64305d57c551,4d70433c-1a8e-4080-a526-ea309306137e,2026-02-20T21:36:29,2026-02-20T21:56:29,/search,social,True
f30b6a97-b845-4a32-8b47-8b8fe07802e2,d47fa6a3-60cc-4d46-8dc2-9b3fd5e43153,,2026-08-10T00:49:27,2026-08-10T01:34:27,/search,referral,True
f706c547-dac2-45b8-9f2b-9c49c33673cf,,,2026-05-11T14:44:42,2026-05-11T14:47:42,/,organic_search,False
186fba9f-19b1-4c3b-8a88-2ccb414cca46,,,2026-07-15T20:13:37,2026-07-15T20:16:37,/,social,False
cfc5da67-6eac-42dd-9f80-9fa7f4e5ca0e,13b24541-2c78-41cb-a6b6-e8713ab9a16f,94dc0670-5b78-4fde-a311-1529912ef3dc,2026-02-20T08:39:49,2026-02-20T08:47:49,/category/jaffles,direct,True
8b13a5ce-8200-4445-859f-78e503f52362,a43342bc-a956-480b-8ef3-7b28e61c9b9b,,2026-02-26T23:04:25,2026-02-26T23:24:25,/category/jaffles,organic_search,True
86deb02f-97b2-4e67-8a4d-06a098ff2bb1,,,2026-03-02T21:09:04,2026-03-02T21:17:04,/,email,False
9f3e404c-9e4e-4762-a057-3effff69cc9d,1bcdbd0d-0e2f-4fdf-a8d5-214d3b49c7e2,cf5a2ccb-a49c-40cf-8038-a2832ac87bbf,2026-07-14T07:59:34,2026-07-14T08:19:34,/category/beverages,organic_search,True
46f996bc-2115-498d-8105-4cb273774364,834105ff-e792-4a6f-be6d-fb89b4d75d4a,4a70db77-1b83-4b02-a98e-5fd417ae1e97,2026-06-01T11:37:45,2026-06-01T11:40:45,/search,organic_search,True
f008d219-7ab1-43bc-8c6c-a2ff17dd6abe,1c3dc001-75eb-4fb9-b3ad-59a3be5b31ac,8c562414-7c78-47cb-9e0f-e06a84facadd,2026-05-16T15:10:57,2026-05-16T15:13:57,/category/beverages,paid_search,True
22f9a935-af99-408d-bbdf-211f6dcfd1bc,,,2026-04-11T07:17:07,2026-04-11T08:02:07,/search,organic_search,False
6c124be9-b860-4929-a65e-b1d2c1e54044,,,2026-06-26T01:44:49,2026-06-26T02:04:49,/,organic_search,False
7cc070ea-c54e-4f75-a4aa-62eb6abcfc3c,1439dc05-4ab9-4995-90c7-d9437ae94f50,6d7d04f0-e0b4-47f4-9fe9-41e5d53f6dc9,2026-05-27T23:36:21,2026-05-27T23:56:21,/category/jaffles,organic_search,True
6ccf7df0-1b08-410f-aceb-05303bd1a6c3,,,2026-08-03T12:49:49,2026-08-03T12:50:49,/category/beverages,paid_search,False
11597808-e2c6-4e0d-aa5c-4b07d2678acc,,,2026-05-01T07:35:22,2026-05-01T07:38:22,/search,social,False
3dbc31e2-2027-4e03-92b8-291ec732d665,8d5fa184-5966-49ce-b3e7-4acfaba98bfd,9e2cac60-07ed-4a72-9a55-46b3e08dcaa6,2026-07-27T06:19:58,2026-07-27T06:22:58,/category/jaffles,paid_search,True
6bc8b430-e4c9-46eb-b3d7-88f9878f14ab,2aaf9fc4-0801-4163-8cc8-39558682f704,1833e636-06d7-4027-b699-c2817192947d,2026-07-01T03:55:40,2026-07-01T04:03:40,/,email,True
5ff189cc-c6e6-47cb-a47b-27ba1fbc2f76,,,2026-04-06T04:09:46,2026-04-06T04:54:46,/category/jaffles,referral,False
e81e8784-dc57-4f41-902f-8d6ca4960afd,,,2026-06-20T02:25:15,2026-06-20T02:26:15,/search,direct,False
3261700c-7318-4594-8a78-8a0335fbc5d8,,,2026-04-25T17:15:55,2026-04-25T17:16:55,/,email,False
8747e817-3eb1-48f4-895c-609f947f3e6f,26ce484a-a527-4fe1-903f-2809a03fd21a,06e36b96-8ea2-4ad5-95ac-66e0f7bee2b4,2026-03-19T02:08:25,2026-03-19T02:16:25,/category/jaffles,paid_search,True
2cc6d5a7-869d-4a29-baba-cad6d3cbf324,,,2026-06-29T03:32:50,2026-06-29T03:33:50,/,organic_search,False
4e75dc12-219e-4834-959c-e708fb54ff97,,,2026-07-09T11:16:35,2026-07-09T11:24:35,/search,direct,False
5a608835-a562-4685-8785-3e0fcff83476,fe21b6ad-ebab-42b3-b5ed-ad3529036009,689153d1-77bd-4138-89fd-b300b2ea793a,2026-04-11T10:18:28,2026-04-11T10:19:28,/category/beverages,referral,True
8f05dc9c-0923-40f1-b18b-a65171a4a67f,e9f40ffc-bea9-4cc6-abca-7fe897f37903,,2026-04-15T11:20:12,2026-04-15T11:28:12,/category/jaffles,email,True
b127186c-4db1-4288-9d94-fbe3a7a247a1,139f4019-998c-4c6f-8c4f-a97a756af68c,2d277785-1ca7-400f-a854-a625c061b01a,2026-07-05T08:25:06,2026-07-05T08:33:06,/category/jaffles,paid_search,True
beea6ce4-c969-4cd4-813f-b13f21686fd3,d4d6c47d-5048-4008-b088-4f13691fbefd,dcb863d3-bb73-4c1c-a784-b40d9aed09fa,2026-04-12T16:41:16,2026-04-12T16:44:16,/,organic_search,True
b5dee0a0-38b8-47c5-95da-5b9d6178fb3b,,,2026-03-17T10:35:17,2026-03-17T10:43:17,/category/jaffles,paid_search,False
b320a116-efc1-4249-b1c9-d774d040bd64,e215d555-cc18-4890-8969-89abf72d28ae,be7b468d-bb9b-44b7-9bc3-5fa64c196066,2026-07-08T14:21:09,2026-07-08T14:22:09,/search,referral,True
c2878a5d-aef7-4779-ada1-d9ac0c228f3f,,,2026-06-10T11:22:26,2026-06-10T11:23:26,/category/jaffles,email,False
dfe19234-f654-4c1b-8115-11cfe8f020ca,a0f290f7-884a-4d5d-b502-f43702abb2db,3ed0efc8-0bc3-4782-974f-8a84a1ed4b84,2026-07-10T10:32:05,2026-07-10T10:35:05,/search,direct,True
d0cd3302-cd3c-4434-a557-65123056174c,be6fcaa5-9911-4bb6-b97c-47eb53c88b32,06e5946a-b612-4c73-92c1-a5953982b338,2026-03-02T17:54:41,2026-03-02T17:55:41,/search,direct,True
84700826-a209-462f-9331-ef1267b0baa1,,,2026-05-27T21:32:58,2026-05-27T21:35:58,/,organic_search,False
36951cf0-fb72-4304-a827-83cb4e12c800,afa83ff8-2b40-47b8-8bcf-1f9285c11695,f3412a3a-b88e-405a-a5f7-23a55eaec3fe,2026-04-12T14:37:39,2026-04-12T15:22:39,/,organic_search,True
2a8c05ae-15b4-4fa0-ae61-69b688783517,ae6e644d-c310-4f23-84dc-5063fc2e2953,5d75610a-c233-4237-a877-bc0d19de7505,2026-05-03T17:21:51,2026-05-03T17:22:51,/search,direct,True
881aca83-06ed-47a8-8765-27ae1fb14efb,4feef355-aeb7-41f9-a391-7f991eeb7b15,8b3b0d76-faf5-4c6a-9c78-38a384d22372,2026-08-07T14:12:05,2026-08-07T14:15:05,/search,social,True
9cab9e60-abd2-4033-87c8-3a4b8450c0bc,27e89b40-f32c-4604-8a79-6d1613bde382,,2026-07-25T04:13:36,2026-07-25T04:16:36,/category/jaffles,direct,True
73299a66-f9eb-438d-9684-135ef76a97a3,,,2026-07-05T21:49:32,2026-07-05T21:57:32,/category/beverages,email,False
8a74c4d8-d48e-4832-9622-1113e3fd956b,2b4b540f-9423-4186-8164-4566e5e908f2,f1c33fd5-604e-4e8b-b30a-58157363c240,2026-02-19T14:59:42,2026-02-19T15:44:42,/category/jaffles,social,True
92946f47-591e-48d5-8406-cc62ebbfa502,47334d60-a9ec-4cf6-8af3-a2d030a6062f,b66b9503-58cd-488a-a08d-a0c7ffea0fbe,2026-05-12T10:42:25,,/search,organic_search,True
95ee7c1c-3d41-4683-9ca8-119238017ab7,,,2026-05-06T04:41:32,2026-05-06T04:49:32,/search,social,False
f4012a96-77c3-4106-8ff2-659ac30b9e81,,,2026-04-12T13:41:04,2026-04-12T13:49:04,/category/jaffles,email,False
51dfc262-4fc0-46b6-a1b1-ec0565d3cb99,,,2026-05-09T21:14:18,2026-05-09T21:15:18,/category/beverages,paid_search,False
35e1b18a-a561-46b6-a433-a9a8fe4da11a,,,2026-03-11T11:49:27,2026-03-11T11:57:27,/search,email,False
b4eb573a-1555-47a6-818c-3a6922f71afe,74b13d9f-159f-4adb-8b2c-a623d67b529e,59fd45b6-8051-43b8-b6bd-353f345da12c,2026-03-03T04:34:47,2026-03-03T04:37:47,/category/jaffles,organic_search,True
3ab80c51-998f-4b3f-a188-e2ef61df1094,,,2026-07-17T11:45:27,2026-07-17T12:30:27,/search,direct,False
7238a5f8-9cfe-4b65-b4ee-c0a67fcf25d5,,,2026-05-11T00:39:29,2026-05-11T00:42:29,/,paid_search,False
a5e3c42f-1255-4fb3-a5ae-6a468c0705d7,f285aab8-56d5-40ad-92f1-61b0a4498890,4e7daf0d-d53e-4e0c-9d34-d8b2ebfade78,2026-05-07T14:22:00,2026-05-07T14:25:00,/,organic_search,True
1216db28-5589-4873-8618-90fcf1e90a78,797a1a0b-31a6-4422-af8a-98fd4e5e1114,6676ba26-6ba1-4b00-8ea7-c84eb5b22812,2026-05-28T21:32:51,2026-05-28T21:35:51,/category/beverages,referral,True
2932d7b7-e672-4381-ace4-c9d721427a68,8d5d45b6-2bf0-4380-85a0-b73fcbc86e94,2fcc1a01-7656-4755-bdc3-c368eed879a0,2026-04-22T22:46:27,2026-04-22T22:47:27,/search,organic_search,True
aadc771c-444a-4502-ad23-a320341120ad,e6e0c2ef-00b6-4d38-a129-32d4aa4e795d,ab9b29d3-e5dc-4959-9508-1070746ea61c,2026-05-09T17:40:59,2026-05-09T18:00:59,/category/beverages,email,True
31be2011-c260-4cd9-9e05-629610d0c7f8,6fcd3399-b9d5-4ab0-9d50-385be83fec9c,5d8ebabd-5684-477c-8c03-ed1ea07b8fee,2026-06-22T07:23:31,2026-06-22T07:24:31,/,referral,True
f549c4bb-1c93-4d3a-a989-3da901e38fac,07837268-1f07-43d7-a271-fa0ab4370eee,ed0813c9-c439-4328-b8b6-9f7838cbb7d0,2026-06-01T10:03:51,2026-06-01T10:48:51,/,paid_search,True
2b266b49-3d7f-4196-9fd8-14ffb8654a0a,,,2026-06-16T13:28:15,2026-06-16T13:31:15,/,social,False
9bfc760d-09d9-4a30-96e0-a7c41517555b,,,2026-04-12T10:18:42,2026-04-12T10:21:42,/category/beverages,social,False
140c7ec1-3f21-4f00-826c-fb60f9ced636,,,2026-02-17T02:18:45,2026-02-17T02:21:45,/category/jaffles,social,False
5a2aa545-599c-4891-9e8d-09805f050877,bacd6bed-844e-4650-8181-7f73dd1352e2,d95a4a44-e154-4184-8cd4-54d60c3a7c7f,2026-07-04T23:43:51,2026-07-04T23:51:51,/category/beverages,social,True
d2bfcf8e-9d7a-4746-9082-9b8f973509a9,,,2026-07-08T19:05:08,2026-07-08T19:13:08,/category/beverages,referral,False
1d9ebb38-af21-4e5f-a4f0-ee8a89d2abe6,,,2026-08-10T22:15:03,2026-08-10T22:16:03,/search,paid_search,False
cf128caa-642b-4a9c-8095-5ac0727d25f6,303bc5db-08d0-4431-b6df-29c80d0321da,59b15ca6-b9c4-499a-82ac-f59f00e967e0,2026-08-02T22:46:03,2026-08-02T22:49:03,/category/beverages,direct,True
61f5def2-4f4d-4456-92ae-c61bd1eed858,,,2026-08-10T11:12:47,2026-08-10T11:15:47,/category/beverages,paid_search,False
26dc687f-a9fc-4844-8175-8b598bb8eb7b,0a34659d-f0b2-4bdb-bf92-759aea838e90,33c43360-a92c-44df-bfbe-0d45d5eb34d2,2026-02-26T05:43:41,2026-02-26T05:51:41,/,email,True
4d8a0ec5-a8ba-45ed-ad6b-029605e0c569,,,2026-06-22T09:45:00,2026-06-22T09:53:00,/search,email,False
ffef016c-eb5a-4709-9545-f41225fdd94a,,,2026-05-02T10:11:01,2026-05-02T10:14:01,/search,social,False
bdb2ce57-1722-4e3e-9c7e-90d54ee66f9c,,,2026-05-10T11:06:42,2026-05-10T11:26:42,/category/beverages,paid_search,False
d04bdc34-fd73-445c-86ad-7f104fd4c11b,85e030d5-7bbc-494b-baab-665c95549265,f3e0f3ca-feac-4e82-8c1e-8f083b22892e,2026-04-11T23:22:42,2026-04-11T23:25:42,/category/beverages,organic_search,True
af11c08e-da1f-4e93-a292-1d396b6785e7,284f711a-5e5a-4929-bb5d-5ddba9a4a773,8b42db89-a02c-4c5c-ad1f-3b85f5454439,2026-06-11T04:29:17,2026-06-11T04:32:17,/,organic_search,True
bc16f2a7-1a75-46d9-93ad-8d15c1144135,,,2026-03-28T18:31:42,2026-03-28T18:51:42,/,email,False
40c55c6d-7742-428b-9192-5b6ea5c155bd,e4bced79-6e2c-4b22-a6d5-199ed87ca7ee,6885bfbc-bb44-4306-b3fb-0b1419a224f8,2026-03-26T00:21:25,2026-03-26T00:24:25,/category/jaffles,referral,True
88000f70-456e-41f3-b8b2-ebc441eff9e1,,,2026-05-07T06:48:19,2026-05-07T07:33:19,/category/jaffles,paid_search,False
56c074c4-cb50-4ff2-98ad-c94490ba84a6,c108b321-1696-4fbd-8457-87fd61ca65d8,48aa0224-a5ce-4119-a9ad-fbc8671a0174,2026-03-09T18:38:09,2026-03-09T18:58:09,/category/beverages,referral,True
1fb04815-0ed1-45c6-b6e2-5f114eb708d7,,,2026-02-25T17:03:30,2026-02-25T17:06:30,/category/beverages,paid_search,False
f0065b34-386c-4b2a-855e-3ed3921163e2,,,2026-02-17T06:01:38,2026-02-17T06:46:38,/,direct,False
49dc4e50-acf3-4bf5-8ba0-e2910fae01f3,5b16d3ac-510a-4143-8a0a-785ce783f3d8,,2026-07-21T01:12:25,2026-07-21T01:13:25,/search,direct,True
f038fcd3-9d49-416b-a63f-439f74f580d3,,,2026-07-05T13:52:09,2026-07-05T14:12:09,/,paid_search,False
986cbbbd-5eac-4654-af35-db1bdeaaf9d8,,,2026-06-12T22:01:54,2026-06-12T22:09:54,/search,paid_search,False
605b4242-761b-46de-9173-45b94569c431,,,2026-03-07T03:19:54,2026-03-07T03:22:54,/category/jaffles,paid_search,False
2d7c8edc-5d3b-411d-9735-248822e26989,bf03895d-6d44-49a2-8183-81c4e89eac75,e4d4f934-0d77-497c-9764-6c23118c7f6c,2026-06-24T15:58:31,,/category/beverages,organic_search,True
ed54aa76-5e32-4c84-8c5f-0bf449926bbb,,,2026-07-15T05:11:14,2026-07-15T05:14:14,/category/jaffles,referral,False
da8a6716-492e-4375-9b6d-e3a8e19bc409,,,2026-06-30T12:00:03,2026-06-30T12:03:03,/category/jaffles,paid_search,False
41b14795-462c-4fb2-a890-2a8d3dc6ff8a,,,2026-02-21T02:37:46,2026-02-21T02:40:46,/search,social,False
7e99109b-c916-4e20-bb45-078682dbc95e,,,2026-02-24T07:26:53,2026-02-24T07:27:53,/,direct,False
6e4f26e5-4f78-406c-8aa8-b0ac433d4752,19a91b0b-51dc-434f-978a-177588409f99,f158bcd6-b93e-4f2d-b5ac-5489537502dc,2026-06-28T02:05:09,2026-06-28T02:08:09,/search,paid_search,True
01d1b3c6-957f-4810-b61f-491146f10914,23c5eb35-05e9-4347-8854-ee86ec27393e,,2026-08-09T16:44:46,2026-08-09T17:04:46,/category/beverages,social,True
41471fb4-6302-44f3-bff3-4cdae606d6d1,,,2026-03-03T02:10:11,2026-03-03T02:13:11,/search,organic_search,False
c4b2bcbc-6652-40ea-9f1e-d2d661bad827,ef7f92e8-2f80-4e44-9e56-9ee276819791,0ab19501-9020-42bb-b16b-3c8dadbce9c2,2026-03-21T22:19:28,2026-03-21T22:27:28,/search,organic_search,True
4c312d94-08af-482b-8051-27951fac5f83,c630fcf6-11c8-465f-9498-0839aee67e55,2bdb1b43-4a37-4d92-bf47-6752a852be7a,2026-07-19T16:15:00,2026-07-19T17:00:00,/,organic_search,True
9bf1d8d6-a79e-4126-8ebf-6b144981c411,7e06ea60-a336-46ee-a77d-ca114267af0d,b260df46-d31d-4a79-acce-8f34701dc671,2026-05-26T11:47:58,2026-05-26T11:50:58,/category/beverages,paid_search,True
4f22bd75-c5f1-4e95-85fe-1b0880705b2c,2251b079-d6df-4d71-bd74-d2a00e841a9d,54ffb708-d316-48cf-ab63-d80a0bbfbabe,2026-06-19T09:33:03,2026-06-19T09:36:03,/category/jaffles,direct,True
70ea05e6-f372-49b5-bdde-920667c8e060,10d7cb3c-5a86-4eae-9da6-611ddf67fdd8,,2026-08-15T01:14:15,2026-08-15T01:22:15,/search,organic_search,True
fcf725a8-dacb-4b1a-ad13-72dc6a26957b,7c45f68c-bbba-4b82-9457-03de08fe8287,fca9a6e8-73a5-478f-a2dc-e1f74c3f35dd,2026-06-25T21:37:29,2026-06-25T21:40:29,/,organic_search,True
7968783b-1091-4080-8813-f36376318507,,,2026-03-28T14:02:47,2026-03-28T14:10:47,/category/beverages,organic_search,False
40064b48-4311-4100-8e6f-c4a978620723,7fcd9f31-c0cb-4414-9981-9d014f593081,77b4b5ec-40ed-4b84-b950-9acd6083b593,2026-06-03T03:24:47,2026-06-03T04:09:47,/category/jaffles,direct,True
75d80a91-ac9b-4d92-90e0-ecaa66ffd288,c502b1f4-b287-444d-b643-953150ebee0d,bc8400ee-ac31-43bb-a706-8f50d00c2111,2026-07-03T16:52:32,2026-07-03T16:53:32,/category/beverages,direct,True
c2ea74e1-c382-4696-bd0b-7a587a5fd94d,425be648-8195-4636-880e-d86e4cd8e38f,159068a8-4967-491e-9cdf-0aa7c2132cd7,2026-04-06T19:32:22,2026-04-06T19:33:22,/category/beverages,organic_search,True
b58454ca-af05-483f-a7ee-2ba3a8935a27,254a6b6d-5dcb-4d20-88ce-e2e448935a93,682b6f64-88d1-4afb-b61b-e699c109f81a,2026-04-11T21:57:47,2026-04-11T22:00:47,/search,social,True
577864ce-d676-43fe-b917-385ce49c2a92,,,2026-02-16T21:37:33,2026-02-16T21:40:33,/,direct,False
3c922cdb-9b93-43d9-9132-fcdee24de258,b08f3b44-9c9f-407f-a89d-961068f5f58c,a3a25955-f48a-4151-a2f6-1032d20155db,2026-03-22T07:22:28,2026-03-22T07:25:28,/category/beverages,referral,True
229c4dbe-cf71-4e14-9fd2-7b68f751ff0d,e8014144-a99b-4ca2-8418-56404aee2f08,a01c6b48-7f08-4bd9-88fb-33af9d21b6f3,2026-03-05T20:07:25,2026-03-05T20:10:25,/,paid_search,True
d00b48dc-29ce-40db-b7c8-7d4c3b336c53,f14bcc19-681e-43a6-94e0-9748a8455850,0f2561f8-90d2-4674-876b-e14f08b360e4,2026-05-23T04:43:22,2026-05-23T04:51:22,/category/beverages,referral,True
b54b4697-a8de-426e-963f-87fcba807f72,4b14013f-d7e7-44b8-a287-329bf6e298c3,,2026-06-25T06:02:42,2026-06-25T06:05:42,/category/beverages,organic_search,True
3c814fb8-17ac-460a-9338-c099a42cb4b3,d6914b8f-0d72-4044-a61b-055adb02f005,23b85a15-2203-461e-a770-ea4ffe93da20,2026-04-28T11:41:58,2026-04-28T11:42:58,/category/beverages,email,True
4008d387-e38a-4ced-b712-cedde15af4ac,fa5ae382-e7ab-4d94-bdfc-7d689bc335ab,f436a538-7102-4a6b-b469-d34e46757f66,2026-06-25T11:44:33,2026-06-25T12:04:33,/category/beverages,social,True
82e0ae24-1111-47c7-80bb-3aa323656e55,,,2026-04-17T04:30:13,2026-04-17T04:33:13,/category/jaffles,paid_search,False
274b788b-497b-48fe-bdf9-e870e9e7799d,d23755ac-d315-4dfd-ae80-4fa042f7d833,bdc97b1b-66b4-4c92-8e67-f0034342dd25,2026-07-29T22:17:49,2026-07-29T23:02:49,/,organic_search,True
be8c8083-3263-4965-b13f-590a9c314d2f,aeea9d66-6c0a-4d7b-95ee-d3d25c66a5ac,a0da8700-7b32-4e7b-b2d4-76905ba87743,2026-03-06T22:44:00,2026-03-06T23:29:00,/search,referral,True
980dac7a-c806-444a-b105-8be8b21daba6,a792d50a-1570-450f-901a-c26bc3b4a9dd,3df9857a-351e-4dd1-916f-1e9dbe9c6cbc,2026-03-08T21:03:47,2026-03-08T21:11:47,/search,social,True
25e87a35-cc9c-43b3-a3e2-faf6f6353176,a1be3ec3-e6d6-43ba-8011-02ffe7491e78,df57bc04-483d-4b89-8a90-758729416e67,2026-02-26T19:29:18,2026-02-26T19:32:18,/,email,True
28a5614c-3bc1-4327-8b3c-5b4552a4e52c,7160f724-2528-4ac3-ba79-b6e99e6b8a01,c3a75bb8-c008-441d-b361-db7d01d18832,2026-08-07T17:16:07,2026-08-07T17:24:07,/,paid_search,True
4dccbe2d-f2f3-4ca6-990f-f487b6e9b1c0,,,2026-07-08T16:56:59,2026-07-08T16:59:59,/category/beverages,organic_search,False
333a2c3c-689c-4295-adf5-4cea752a16bb,,,2026-04-17T16:24:49,2026-04-17T16:27:49,/category/jaffles,social,False
2a78d9f9-e78c-4e73-8439-d07ad5737db6,,,2026-07-19T03:58:34,2026-07-19T03:59:34,/category/jaffles,direct,False
10e9bbf9-fcfc-4732-b25f-a7e0e49f8ae7,2a26f327-c9ef-40f4-bb8c-c809417caad1,,2026-07-20T17:52:24,2026-07-20T17:55:24,/,referral,True
d24e3a89-0264-4432-852f-f4c7cdfc4083,890861ac-5e77-4568-aaff-807b37e6f872,c3832612-a478-43ca-be7e-0a9abcf37b8a,2026-05-21T03:22:19,2026-05-21T03:30:19,/search,organic_search,True
7a66921d-5476-4a9c-9d74-20a7cee37431,fe2e9f59-c77b-4756-ad2e-fe864a560344,945a8215-38b4-4707-85e4-8d5493ca12d5,2026-04-13T02:19:10,2026-04-13T03:04:10,/search,organic_search,True
aec42fa1-08d2-4e14-847e-c692aa5ff078,,,2026-07-28T18:25:03,2026-07-28T18:45:03,/,organic_search,False
20969796-1dd9-41a0-a455-fc0626106410,b01b46fd-8f75-4db5-806d-c5c5980008c4,05f040bb-7cea-449c-a18b-31a2d6415cd2,2026-05-15T06:00:00,2026-05-15T06:01:00,/category/beverages,direct,True
a87b301d-7355-4abe-82e5-56e907da27b2,5c3c91f4-9d48-426f-9862-e165bf8f616d,e306ef8d-63c1-453d-92ad-61f5d75256a9,2026-05-02T05:53:04,2026-05-02T06:01:04,/search,direct,True
19333217-6848-4065-b33d-3cd3c96fbe28,,,2026-07-24T12:52:18,2026-07-24T12:55:18,/category/jaffles,email,False
85585a2d-485b-4c7c-b8ba-e228e19e3db9,,,2026-02-25T20:48:59,2026-02-25T20:51:59,/category/beverages,referral,False
ce4e5d48-77cc-412a-ab69-7217c1b87159,,,2026-06-05T12:31:59,2026-06-05T12:39:59,/category/jaffles,organic_search,False
6dbfe094-06f6-4f79-a372-72256260b9ae,189edb91-3f25-4f32-bfb4-64bd4052cb1c,,2026-07-03T15:21:48,2026-07-03T15:24:48,/category/beverages,paid_search,True
b009ba77-6729-4024-8e2f-4f18dc862eec,f3feb7f9-9069-4fd7-be91-3800d1307935,ea8512b1-4317-40c9-8868-53df0bb0988d,2026-03-12T13:49:22,2026-03-12T13:52:22,/category/beverages,paid_search,True
bdcb6b01-024f-4ef7-a7f0-c093c48d7cba,,,2026-05-04T05:12:41,2026-05-04T05:13:41,/search,paid_search,False
c8ee66da-14d4-4a8a-9070-f927eff47f74,612533b6-7eaf-45a2-b9d4-06192ce5620e,bed84bd3-39f0-4474-a4d6-98701eac49ba,2026-03-12T21:36:33,2026-03-12T21:39:33,/category/beverages,email,True
8003b34d-a407-4154-bdaa-09a59487f78c,e8e92a9f-bec3-4873-951c-b05d0fe37715,,2026-02-16T21:17:10,2026-02-16T21:20:10,/,paid_search,True
993bc59d-77b2-470e-902f-bf38ed4557b4,,,2026-07-26T12:53:40,2026-07-26T12:56:40,/search,organic_search,False
c24a2c09-a685-4791-b1fc-ec5fe315112e,,,2026-05-02T14:36:32,2026-05-02T14:39:32,/category/beverages,social,False
6846ff5e-b5e2-4987-91d2-b497872bbb0d,,,2026-05-23T02:15:31,2026-05-23T02:23:31,/category/beverages,paid_search,False
ee9738d3-7733-41ea-9e66-7f9193eaa74e,e52a8700-3ab9-4c47-8a16-e799e997a931,,2026-02-28T12:02:17,2026-02-28T12:10:17,/category/beverages,organic_search,True
d37fef78-0f58-4458-b820-1d88cde6f8d0,5d5ea9b6-fefd-4e25-850a-9c2d365e7e27,,2026-03-18T03:20:15,2026-03-18T03:23:15,/,email,True
88268a87-a01c-4aa5-831f-82f3f0904f5c,b06bdac7-cb60-4550-a13d-62da39a1c53e,519fc9d1-fdcd-43b0-a000-720726000677,2026-03-01T08:52:48,2026-03-01T08:55:48,/,paid_search,True
101c2f94-f2c1-4fd9-81bf-1b9109d8acc8,2d4e6ed6-f081-4049-b92a-7792dbe97b89,,2026-08-08T15:00:39,2026-08-08T15:08:39,/,referral,True
b272707b-90ec-4d91-b3e3-d27b1cca5528,89b94667-2d12-4e7a-bfdd-f37056d10195,53984cd0-5ac1-4954-9c7b-b01ae43f262d,2026-03-07T06:49:52,2026-03-07T06:52:52,/search,referral,True
1e42c59d-8473-4896-a45b-c69b315b5694,3483e39a-260f-4974-9366-50c2d833307f,,2026-03-02T14:27:11,2026-03-02T14:28:11,/search,social,True
a6376ca5-86cd-4023-b5ea-fe565b9092c3,d9464bcd-0a19-4058-8fc1-bea843e6c339,,2026-06-18T12:50:09,2026-06-18T12:58:09,/,social,True
02107b5c-749d-4b83-93ca-25ae1b3ce9cb,,,2026-03-01T21:53:23,2026-03-01T22:13:23,/category/jaffles,social,False
8e697b19-2eef-40ae-b4da-687d4b817cfe,8386c889-4e1d-49ce-9d61-12c967dad0f9,ebb50dfb-0d92-4a9f-a7a3-3b72a9b46878,2026-05-14T07:17:42,2026-05-14T07:25:42,/,organic_search,True
30be6662-8ef1-4867-851d-3e6eb6ce8561,,,2026-03-02T13:49:03,2026-03-02T14:09:03,/search,direct,False
44e453f1-8eaf-4eac-85b8-6c33f9f302ec,4ba45839-9bf9-4071-b1ca-52719a49c9fa,fe6cc714-187c-4d9a-b188-9c9959844ebf,2026-04-27T19:26:12,2026-04-27T19:27:12,/,paid_search,True
31a005a0-d82b-4331-aa7d-15e4f2c52768,,,2026-05-02T16:59:21,2026-05-02T17:07:21,/,paid_search,False
da63fae5-11dc-49cb-a1cd-7a82726c3d85,8e104807-9dc2-4625-a1b7-9d858ddd96de,953e2e08-aa9f-4547-b436-7e762e63c91c,2026-04-08T15:57:54,2026-04-08T15:58:54,/,email,True
7815f541-ad0c-4233-938c-c3c1a90cb791,,,2026-04-07T01:16:10,2026-04-07T01:19:10,/category/jaffles,email,False
9edd8091-96f3-4fe0-8f7d-4d7e4e8bc237,9668fd00-799b-4cff-811f-a3e0528d255d,b7a95d53-a16f-486c-880f-084699711043,2026-05-02T19:31:13,2026-05-02T19:32:13,/,social,True
2cb2cb6b-abba-4b41-b9a4-f87d89f804cd,7745384f-ccaa-4363-a18b-5e9ff0a824c0,5df66cde-1e46-4ada-9604-5862e5137860,2026-07-12T08:42:04,2026-07-12T09:02:04,/search,email,True
4c2627f5-78ec-4ad8-ab0b-232e5d419116,74b13d9f-159f-4adb-8b2c-a623d67b529e,6b5e3fb5-8d16-4c20-a908-05e74fff98f4,2026-03-13T08:10:11,2026-03-13T08:13:11,/search,organic_search,True
7e9406c6-6437-4969-b51f-0cf28d1de473,d4d6e685-70a2-49ea-b511-383a54d18cfa,,2026-06-01T17:09:51,2026-06-01T17:17:51,/category/beverages,email,True
5a14a92d-cb7d-4d83-9e8c-9e51e8350d0a,d6cf7caa-9dd8-48c6-b4ee-5a02f62bb280,18296bd1-6f00-4e66-b318-94d9070cc5bb,2026-03-05T10:49:21,2026-03-05T10:52:21,/,referral,True
051b4efc-b92d-4458-ac21-8271a7669cad,2a082be2-fc91-4d5a-accd-200e91693b07,,2026-05-01T00:31:46,2026-05-01T00:51:46,/category/jaffles,email,True
98aca817-2772-4674-8cc1-0bb461dc004c,2e1fd151-264e-4a4a-8584-733dd5da3152,4bbc3ab1-3646-431b-b80f-b5570799dca7,2026-04-10T08:57:45,2026-04-10T09:00:45,/category/jaffles,paid_search,True
a3aec5d4-3eea-4ff3-8171-904f5b19cf94,2661b9e7-3b2c-40ea-b349-251363d10a4e,,2026-07-25T20:52:17,2026-07-25T21:12:17,/search,paid_search,True
800bbfe4-318e-4580-a0cb-e3589c0a7e9c,,,2026-04-23T08:14:51,2026-04-23T08:15:51,/,organic_search,False
3b12cde4-27ec-4877-a000-78f9332238b0,ead66f31-3437-42c5-9145-8281898ce326,,2026-04-02T22:35:09,2026-04-02T22:43:09,/,referral,True
f7a1e471-81b6-4b13-b84a-7a413857bd2c,a1be3ec3-e6d6-43ba-8011-02ffe7491e78,df57bc04-483d-4b89-8a90-758729416e67,2026-05-13T11:19:13,2026-05-13T11:22:13,/,paid_search,True
3546cd49-a172-4c26-9bac-e3c2e4201a52,7160f724-2528-4ac3-ba79-b6e99e6b8a01,c3a75bb8-c008-441d-b361-db7d01d18832,2026-05-03T14:53:57,2026-05-03T15:38:57,/category/jaffles,paid_search,True
aa60953b-96eb-4d1d-983e-0643308edeac,902c8ddc-8ba2-42a6-b380-4afc64f50ffc,89d07c54-7399-4c34-b923-52941944c8a1,2026-03-15T23:04:09,2026-03-15T23:24:09,/category/beverages,organic_search,True
67bab532-c7c0-482d-91c9-1bd7d3702930,,,2026-04-11T08:12:26,2026-04-11T08:20:26,/,direct,False
e772a3c2-6922-4e57-ab43-b24549e8ae4f,,,2026-06-23T03:19:35,2026-06-23T03:27:35,/search,referral,False
4db710e5-02c0-43d2-9b51-59cda4b4b46f,ce73a9b8-27f8-4c9f-941c-4b99a646fb32,4d148849-d9e5-40f3-b183-26e3e96a42e5,2026-05-12T21:51:11,2026-05-12T21:52:11,/search,organic_search,True
b29001b9-1926-4b05-8a3d-d6be3462439b,148d63de-77f4-461d-b3ca-5369e9a98e7b,,2026-06-13T00:33:05,2026-06-13T00:34:05,/category/beverages,referral,True
a424f66a-5e20-4a70-901e-9ca716ad39e4,45ed3c5a-3c94-463b-91d2-73d3333fe5fc,6cd4296e-b05b-49c8-a04b-8be77d271d06,2026-06-05T10:26:03,2026-06-05T11:11:03,/category/jaffles,paid_search,True
c6ec640e-e38f-45f3-bed1-c58d958fed52,,,2026-03-06T11:41:12,2026-03-06T11:49:12,/category/jaffles,email,False
f29742fb-afac-422b-b8f1-3c6d233f2257,e50d93de-3e78-4f09-8406-df4f27f26c8f,a90fa1ae-707a-4f4b-bb56-7520f6bc443d,2026-03-30T12:17:49,2026-03-30T12:37:49,/category/jaffles,direct,True
a96574d3-78dc-4a9b-bfc7-716e4039c193,6d883826-0157-47c4-a6cc-cb8134bcc6db,,2026-04-26T07:24:08,2026-04-26T07:27:08,/,social,True
eca2600a-e04b-4d04-90f6-6d38bdf62935,,,2026-05-27T09:53:55,2026-05-27T10:13:55,/category/beverages,referral,False
d76a8cb1-1844-414d-8bbe-e8e3506e7cc5,17e24a9b-119c-4ea7-a53a-bb757c70ad0a,b4e16670-1fb1-4100-8ea4-3fbf204af2c7,2026-03-29T08:22:38,2026-03-29T08:30:38,/category/jaffles,direct,True
e251762e-3df9-481a-a90b-db68eb381177,,,2026-05-02T00:41:54,2026-05-02T00:49:54,/,organic_search,False
3bb0bbd0-3685-49e1-aae8-30ae7f495b39,,,2026-06-06T19:18:03,2026-06-06T19:21:03,/search,organic_search,False
bf0d330e-5349-45af-bb8c-31ca6e8c033c,,,2026-02-24T18:29:55,2026-02-24T18:32:55,/search,email,False
796d0c1e-365a-40a3-bc13-4d947ec1d4a8,,,2026-04-15T08:40:08,2026-04-15T08:48:08,/category/beverages,organic_search,False
ba72d5ad-1f77-4835-8e53-c1dad0442cc2,,,2026-08-12T23:53:35,2026-08-13T00:13:35,/search,email,False
ab4c243b-03bb-41cb-b0d3-6dee19358d03,265cf9a7-b023-492e-9e62-3896325f1c48,4be06c6c-e971-46e7-ad7e-8d54f34172ea,2026-04-04T22:21:12,2026-04-04T22:24:12,/category/jaffles,social,True
e333ce72-c884-446e-aae8-97cb235a6af7,,,2026-02-16T22:04:11,2026-02-16T22:07:11,/category/jaffles,referral,False
f6d44a97-f87a-4e0c-a1c8-38ab57101230,3fa371d4-77dd-4e91-9a2f-86801b001903,,2026-06-10T23:43:30,2026-06-10T23:51:30,/,paid_search,True
69636b77-ce2f-4ab6-a8f1-6ccedccb7630,a3d91be1-b5d9-4d3c-bdd8-ab49cd378f30,25ffdaf0-4bca-4251-bac5-fc3603e00120,2026-05-12T03:38:40,2026-05-12T03:46:40,/category/jaffles,social,True
8ecb4feb-d7cd-4713-b5cd-698f07c2b23f,f1c35457-d11b-4726-ae58-b98a09167675,,2026-04-02T19:54:20,2026-04-02T19:57:20,/,referral,True
965419f6-1ce7-4816-855d-29ada88a23cf,87a00a98-1d65-4fba-92f9-41ac07bce2bd,6854b57f-f684-4f1d-ab4e-2bc0f585bf75,2026-05-29T18:16:23,2026-05-29T18:36:23,/category/jaffles,email,True
7c696aa0-b922-4427-bd3e-ce8179e8d3a1,8f9052f4-d761-416e-8b74-a71f640df0d7,,2026-04-13T00:22:29,2026-04-13T00:25:29,/category/beverages,paid_search,True
60cabd60-e23a-466b-bbe5-f711625a2d59,b4cc95b0-6dbf-4264-a3ef-43fbbadf652a,,2026-07-22T03:30:18,2026-07-22T03:50:18,/category/beverages,direct,True
00fa93ef-211c-45da-9a2f-3a8c94c0fcc4,,,2026-07-06T05:34:42,2026-07-06T05:42:42,/category/beverages,referral,False
4fcff37d-7415-40b6-9dbd-20081ef79482,,,2026-05-24T23:14:48,2026-05-24T23:15:48,/category/beverages,email,False
6d94b26a-e88a-4a53-9b99-80f9fe6e1935,866ec748-2021-45f8-9170-6c393fca1e65,61d802a7-e25e-44d5-bfa4-09ffd17de7a6,2026-06-10T08:28:47,2026-06-10T08:31:47,/category/beverages,paid_search,True
6c6723dc-9550-42ea-853d-cd8fe196219e,2aaf9fc4-0801-4163-8cc8-39558682f704,049c3000-c893-4f7a-8697-d5f0751f2b25,2026-06-12T16:04:56,2026-06-12T16:05:56,/category/beverages,paid_search,True
889f2a57-f110-4095-b4e7-5e51bfaf5104,2b4b540f-9423-4186-8164-4566e5e908f2,f1c33fd5-604e-4e8b-b30a-58157363c240,2026-04-08T06:57:35,2026-04-08T07:17:35,/,email,True
3c6d9463-78c7-4d7d-8e04-35942c1c2872,,,2026-07-05T17:02:15,2026-07-05T17:22:15,/category/beverages,paid_search,False
178df977-b03d-4f3a-a7af-b928647adb80,7bb8fda6-2726-4199-a7aa-ed27cdfff312,0dd89c6f-2e21-4d25-bdad-dc10199d8550,2026-08-02T20:56:57,2026-08-02T21:41:57,/search,social,True
c0c2e53a-51d5-44f1-8f89-16e5321ee72b,43086963-8392-432e-84e0-ef1902202b4c,4e8f79fc-4b79-4610-a0f3-a3c790991862,2026-02-21T23:00:41,2026-02-21T23:03:41,/category/beverages,organic_search,True
568574f1-1b51-4786-b52b-aa567a7b73dd,,,2026-07-27T16:28:43,2026-07-27T16:29:43,/,paid_search,False
5326137b-a13e-4105-9666-32ccb8a57a54,,,2026-08-16T08:47:10,2026-08-16T09:32:10,/category/jaffles,paid_search,False
79e5ce13-753a-48e5-9a1b-560acd83f6ac,c664111b-b80e-45ab-b2de-ee220ea29fbe,,2026-05-28T23:37:31,2026-05-28T23:57:31,/,organic_search,True
18b926e2-e811-420a-9bbf-5500aa0ba9a0,,,2026-08-08T21:27:09,2026-08-08T21:35:09,/,social,False
912e2a6f-0e82-4539-aeaa-f44e4e7e253f,,,2026-04-04T05:46:48,2026-04-04T05:47:48,/search,organic_search,False
d32bf73f-8127-46cb-8263-e47d021bd3dc,a970776b-59ce-47ec-9e77-946229a8be45,cd7bd913-4b50-485f-b54a-d9d8634ec444,2026-02-17T08:47:45,2026-02-17T08:50:45,/search,direct,True
6be90000-cdf5-488c-a2fe-e7f3db9d06fb,,,2026-03-26T16:03:30,2026-03-26T16:04:30,/category/beverages,paid_search,False
ee24ba89-7477-4597-aaa6-287ab17beca2,,,2026-06-21T02:34:43,2026-06-21T03:19:43,/category/jaffles,social,False
14543059-c147-4874-8917-1e65de8db76c,95381466-0836-4fd0-b05c-e8ca6147a51f,1145dffa-1928-478a-9c62-e6ae2f284cc8,2026-08-10T14:19:46,2026-08-10T14:22:46,/category/jaffles,direct,True
ed01f488-ba7e-4937-af05-56afc02f8825,5b2179c5-dd1c-45b4-b99c-10f1c7c201f4,,2026-04-06T06:46:45,2026-04-06T07:31:45,/category/beverages,paid_search,True
a82d2b3e-ef91-43a2-8f59-ce5815e2046b,,,2026-08-09T21:25:10,2026-08-09T21:26:10,/,direct,False
580eeea9-1582-4d41-a004-077e4babdc61,45ed3c5a-3c94-463b-91d2-73d3333fe5fc,6cd4296e-b05b-49c8-a04b-8be77d271d06,2026-05-13T10:01:40,2026-05-13T10:46:40,/search,paid_search,True
bbc42172-c9b9-47f2-ba64-c8247cb9fd46,848bb1e9-3367-4758-8f73-e886fadfadab,75fd135f-003c-44cd-9f2b-713911d5ce38,2026-05-23T04:30:53,2026-05-23T04:33:53,/category/beverages,direct,True
75abf708-e51b-4bea-b70b-f12658c4ff56,758d0e66-e551-46a4-b8f9-0a98d7161e93,9135d603-63c8-4119-8b56-afd7ab76b73d,2026-03-19T23:02:24,2026-03-19T23:10:24,/search,referral,True
61069086-fac4-406a-a2ff-f4262b1507ba,dec2b1be-3447-4044-b4e3-17848dfd390e,abd23fa4-88f7-4102-872c-7fb740c0e95c,2026-06-16T21:25:11,2026-06-16T21:26:11,/search,organic_search,True
6bf3a6ba-ec98-430d-9b07-e5b518867579,,,2026-05-23T05:46:15,2026-05-23T05:49:15,/category/beverages,email,False
9864618f-4035-4d02-bfdf-563ed4d17f10,,,2026-04-04T15:35:31,2026-04-04T15:38:31,/category/jaffles,paid_search,False
d80bd9ba-299b-44f2-893d-f9272ac449fc,10687c1c-9437-400c-a604-0e19882c65e1,6d48a5a4-594c-407a-861c-a15e900c3644,2026-06-18T10:06:19,2026-06-18T10:09:19,/,organic_search,True
76efe7b1-3c4e-4339-900c-9f602226e51a,,,2026-03-31T09:07:45,2026-03-31T09:08:45,/category/jaffles,social,False
082e6f1a-98f6-4ac3-9b3c-dd05fd1df38c,,,2026-06-22T10:51:53,2026-06-22T10:54:53,/category/beverages,referral,False
39ff7afe-6c74-4ff0-84ba-3d34cb07178d,,,2026-05-17T09:57:19,2026-05-17T10:42:19,/search,organic_search,False
f4dc6495-ccda-4604-a58e-a6888f877575,,,2026-05-01T04:02:05,2026-05-01T04:05:05,/search,paid_search,False
9f6d0177-b4e6-4a3f-816d-477d9a0fe72d,aeb1bb4a-8548-48ed-a8e2-c31bc682b091,,2026-03-25T14:53:56,,/,direct,True
4e7de4c0-0178-44d4-89ae-9dea77518a42,359ce707-dfea-41f8-be3e-8689b460486f,0021dbd5-cc0b-48d8-a52f-88b52709aac2,2026-04-11T11:18:08,2026-04-11T11:21:08,/,organic_search,True
c0778353-5a8a-4f51-b763-ea81747d4b1f,,,2026-07-06T18:33:25,2026-07-06T19:18:25,/category/beverages,organic_search,False
838a4ab4-b462-47fd-ade0-f58792c84a7a,1435b563-f156-4cd8-9f3d-6224260e26a4,e40367e6-75ed-486c-93c5-645aa47e1c61,2026-07-13T07:20:20,2026-07-13T07:40:20,/category/jaffles,organic_search,True
ed5bd453-e2ab-4365-9028-8bd47478c6b4,,,2026-02-18T03:52:19,2026-02-18T04:12:19,/search,paid_search,False
d454cc7d-b903-4665-8cf3-3597e69af5e4,da9de603-2c96-4356-820d-7c1e9ac4dde7,15347c3f-33cc-4266-94bb-ac022e8413b3,2026-05-13T08:07:33,2026-05-13T08:52:33,/category/jaffles,referral,True
d190c5d9-c25a-4b41-b44d-d15338f199af,6a9699dc-eba5-4045-9b96-91504f0cfe77,1f02bbb3-6a13-4be7-8a68-5d4eaa86142b,2026-05-20T10:42:25,2026-05-20T10:43:25,/category/beverages,email,True
e99ce951-2f58-4cbc-a4a0-7da487585bec,78e4ffca-cfe4-42f3-9ef0-98ca1bb8cfa0,6feb43df-d73e-4bdf-9b68-e2709aa66fb2,2026-04-04T16:49:40,2026-04-04T17:09:40,/,direct,True
97ac286c-3587-4120-aa95-6d0c00443f36,,,2026-03-02T04:22:59,,/category/jaffles,organic_search,False
977d3f83-2024-42ce-992f-0ccfd51be319,543b48b5-22b5-41e4-8e3c-704fc8f03e8d,e9323ae2-1d2a-472a-ba43-35f93f73fe73,2026-05-23T13:15:50,2026-05-23T13:23:50,/category/beverages,email,True
b303122a-c3af-4dbb-a211-ce26db4ac4e4,303bc5db-08d0-4431-b6df-29c80d0321da,1d7445d5-fb36-49d3-86e1-b2c65a4dd249,2026-04-12T19:34:06,2026-04-12T19:35:06,/search,email,True
93b2a3eb-8bf5-4044-82a9-bdcd781fda90,1233e680-06d7-4b38-8c6e-796ef158556a,7b7850b4-61df-45cd-95e5-9bc771f57491,2026-05-05T16:43:01,2026-05-05T16:44:01,/category/jaffles,direct,True
c4e5e6d7-3ce6-488e-85ec-73555ced0144,,,2026-08-10T04:29:59,2026-08-10T04:32:59,/,social,False
784b5974-91b3-4507-ab6a-ca9f9f20cffb,f5e8b3ff-659d-4bc9-bdc6-6b7fe343bcab,1957ff1c-dd2e-41d7-9ce9-a59d13a143ed,2026-08-10T05:51:11,2026-08-10T05:54:11,/category/beverages,email,True
b27d0feb-f7db-4500-9840-ab9d2eb4a57d,f03fb49f-283d-405e-bf8d-52046ca6e77d,,2026-03-25T23:03:06,2026-03-25T23:11:06,/category/beverages,organic_search,True
4d7bb12a-bfdd-4226-a757-0e41c04fbcd5,1bc088f8-fdf1-442f-9491-1287abc066d3,7d5c80c9-8142-4422-ad26-fdf7e95e9869,2026-05-17T07:16:10,2026-05-17T07:36:10,/search,paid_search,True
f912dd03-c7a1-41ae-899c-6a5349a4962e,,,2026-05-22T18:36:19,2026-05-22T18:39:19,/category/jaffles,social,False
aa197c3b-afdf-45b8-8325-53b83da0af68,6a0e8a99-d39a-4600-9876-1344b693450f,75443dfb-f60f-4972-9c08-04540c63c9a4,2026-04-07T16:03:35,2026-04-07T16:48:35,/category/jaffles,email,True
4f12411e-14d1-4a0e-9943-2b4f523b796c,,,2026-03-19T21:48:11,2026-03-19T21:49:11,/category/beverages,referral,False
dfa847d4-4c63-4cdb-98e2-e06eaee0b3c8,eefcf9f0-dbd0-4907-a619-121deeb825dc,859cd7ac-fe81-4b24-a133-ffb53b1c8754,2026-07-22T13:25:20,2026-07-22T13:33:20,/search,referral,True
68929eab-9316-42ec-bd64-60742bb84bf6,b169789c-d0e8-4853-819c-555646263d18,8bae9732-bc22-4990-bdbc-9ba30fa9d1b0,2026-04-06T12:48:45,2026-04-06T12:51:45,/category/beverages,social,True
d5035147-de6e-4230-aa13-74a22cba14b4,9455079c-4344-4995-939d-8184d7eb02e7,3d221542-3a2e-49ee-b970-31e305b9b748,2026-03-22T13:29:38,2026-03-22T13:37:38,/search,direct,True
f4dc5001-5099-4649-b922-da61d6409669,8e312b31-712d-4fc0-84dd-27ff2b1dd09b,,2026-03-05T07:17:33,2026-03-05T08:02:33,/,direct,True
447b7f16-c4e9-4636-934f-451081aa08fc,,,2026-06-06T10:39:35,2026-06-06T10:42:35,/,paid_search,False
407e8de5-2a5e-45d1-acaf-255b0ab6735c,aac35f19-8d02-4c6c-b979-74da55c9ddb1,cbe47e00-3ce6-44a4-b8f1-99a03cb2e8fe,2026-06-27T13:26:48,2026-06-27T13:34:48,/,social,True
66b5e990-91a0-43cd-9890-959c24665dc9,,,2026-04-15T06:59:06,2026-04-15T07:02:06,/category/beverages,organic_search,False
dd4b5717-2711-47b6-9104-5cd5810191a2,ae6e644d-c310-4f23-84dc-5063fc2e2953,ee6e8298-4238-42ed-bda5-e10f78d0b778,2026-03-04T04:39:56,2026-03-04T04:47:56,/category/jaffles,referral,True
620868db-786f-4770-a2f6-7f626d4cf82a,ce5679e9-296a-4566-ba46-98a3e0a94136,2ffb1787-2a6b-4d23-8f86-38d41e103630,2026-06-07T01:39:41,2026-06-07T01:59:41,/category/beverages,referral,True
634b2dfb-7a15-4fe7-b566-4c64817f3eab,22dc524c-5b2b-4982-a2a7-2a5f5a5b9ca5,bd96628f-5d69-4008-bc48-706c363c7160,2026-06-15T10:53:28,2026-06-15T11:38:28,/search,referral,True
03cd7159-0da6-4f19-a7a1-0ced8ef2abe3,,,2026-03-12T21:56:36,2026-03-12T22:41:36,/,referral,False
2a142f27-5f66-48e1-8917-9b84379e7bc4,05e61dfb-4365-41c3-8f86-f9b259998765,,2026-07-07T08:31:04,2026-07-07T08:34:04,/category/beverages,paid_search,True
13063514-005e-4836-b52d-d714bf0d3fed,,,2026-06-29T14:16:38,2026-06-29T14:24:38,/category/jaffles,referral,False
e36ca276-de81-4c1d-a623-2bbb2a5c722e,83864095-dda9-4a16-ab3a-ba6429fa3dbd,4123f413-3d08-4f14-9f50-049b3bc0225e,2026-02-26T10:22:04,2026-02-26T10:25:04,/category/beverages,social,True
a84fbfc9-c72f-4caf-9999-fb64bc804c54,,,2026-03-05T18:35:22,2026-03-05T18:38:22,/,direct,False
1e862318-2b16-43ca-be7c-1dcbb644db04,8f34cf8e-4ab5-436b-b34d-d43e654c8d6b,,2026-07-05T18:17:57,2026-07-05T18:37:57,/,referral,True
32105173-f451-469b-b8d1-99e1f44bd5b8,17e24a9b-119c-4ea7-a53a-bb757c70ad0a,b4e16670-1fb1-4100-8ea4-3fbf204af2c7,2026-07-07T17:43:10,2026-07-07T17:46:10,/,referral,True
e5247734-3727-4422-aad6-3f3ace4b5dc3,,,2026-06-09T08:44:26,2026-06-09T08:47:26,/,paid_search,False
a433d84a-5bfe-4630-8c78-a5b67209c5fd,,,2026-04-01T15:21:29,2026-04-01T15:29:29,/,paid_search,False
410468ef-5fdc-4238-9bf8-77ca9051f84c,,,2026-07-20T02:19:52,2026-07-20T02:22:52,/,direct,False
4877b7dd-4b93-4bc5-98ca-b713f7721927,,,2026-07-22T17:00:17,2026-07-22T17:01:17,/category/jaffles,paid_search,False
1c427032-d847-41cb-a8bf-a3c9eed74352,89c8f0cc-3bd3-4bf1-9560-ae8aad1315ce,c800122d-9dc9-4f66-9fa0-3d56adc6a728,2026-06-25T15:21:16,2026-06-25T15:24:16,/category/beverages,direct,True
f41bb8d5-73d4-4052-94fc-224fd4c8d540,,,2026-05-18T01:44:15,2026-05-18T01:52:15,/search,organic_search,False
f317a271-b466-4e9d-84e0-2a843b537c84,,,2026-05-04T03:55:48,2026-05-04T04:15:48,/,direct,False
49920af0-c9d5-40e0-b6a5-173b0892cf49,efb0203d-c970-47ec-8644-2090a658224b,7b53e375-7c0d-43f2-b499-4f4f62f79ea9,2026-04-28T20:44:08,2026-04-28T20:47:08,/search,direct,True
fee78f9a-bab7-40c4-bd79-e7363dee89f1,,,2026-04-03T09:19:20,2026-04-03T09:20:20,/,email,False
fd34e55a-ce64-49ad-ac18-ed4906636852,ed5f2f3e-8bef-4da7-b30c-90c3fa5f40ea,d7b1ed53-6079-4751-883e-006d05d7cd6a,2026-07-09T05:48:49,2026-07-09T05:56:49,/category/beverages,referral,True
f776db07-20b8-47cd-aedd-12d85178f079,fe2e9f59-c77b-4756-ad2e-fe864a560344,945a8215-38b4-4707-85e4-8d5493ca12d5,2026-08-06T10:23:22,2026-08-06T10:26:22,/category/jaffles,paid_search,True
30f70ae2-85f4-42b4-8a26-460cee240fd9,33ab4667-4cdd-435a-875e-305ea36ebc4d,cf36a5c5-9912-4e29-bc6b-3228031bbb81,2026-08-01T16:27:40,2026-08-01T16:28:40,/category/jaffles,social,True
e9d5beb5-b506-4ad3-9efd-abaf5e5ca876,ce5679e9-296a-4566-ba46-98a3e0a94136,2ffb1787-2a6b-4d23-8f86-38d41e103630,2026-04-10T15:37:53,2026-04-10T15:57:53,/search,direct,True
7dbbca67-5f06-42cf-b061-0332e1f905f3,a59ab98c-fe50-412b-aa83-a693a561092f,,2026-07-24T15:57:58,2026-07-24T15:58:58,/search,direct,True
c3fd2e6c-e9a8-40df-8659-9860d16dd8cb,,,2026-05-10T09:50:49,2026-05-10T09:58:49,/,organic_search,False
83feaef0-ef37-4b80-9853-06bf16557bff,,,2026-06-14T18:46:54,2026-06-14T19:31:54,/,paid_search,False
e7ba5a80-6fcd-46e6-b5ca-b1dbf9088b04,,,2026-05-31T11:41:59,2026-05-31T11:44:59,/search,referral,False
63e161c6-98f3-4fee-bd5f-1333af103fc4,,,2026-05-06T05:31:29,2026-05-06T05:34:29,/category/beverages,social,False
6f4e14db-01a6-41e0-9804-bb5e666790ce,e215d555-cc18-4890-8969-89abf72d28ae,7ce1df06-6030-40c3-9186-603870fcf41a,2026-06-23T23:10:55,2026-06-23T23:18:55,/category/jaffles,email,True
e95a015c-172f-4ffd-9999-88626462d3bd,,,2026-08-10T21:31:51,2026-08-10T21:51:51,/,social,False
898e59bb-d1bc-49d4-b5f9-072bffa81d8e,53352c2c-02b9-41af-b276-94d6d22379fe,80a985a8-1d95-4875-8334-83509856f966,2026-04-16T13:43:31,2026-04-16T14:03:31,/,referral,True
7c7d8b0d-f248-4527-b9ff-20cfac2fa871,,,2026-06-19T01:42:49,2026-06-19T01:45:49,/search,social,False
fee5d047-f299-469f-8962-b6decc7cf466,,,2026-06-22T12:42:37,2026-06-22T12:45:37,/,email,False
915c3b7f-c743-47e1-ba23-f2f9313d6ce3,a692df88-38f3-4725-84a6-73ec7e6c7ab5,1ba9cd23-98c2-421b-9d96-e6bcd7b3af5a,2026-03-19T00:03:34,2026-03-19T00:11:34,/category/beverages,social,True
68b09ef7-8c53-47c8-89c0-1c9083283cc2,89c8f0cc-3bd3-4bf1-9560-ae8aad1315ce,c800122d-9dc9-4f66-9fa0-3d56adc6a728,2026-06-11T09:12:42,2026-06-11T09:20:42,/category/jaffles,referral,True
ca3e59a9-6aaa-411a-b467-1ca425539c10,04edb858-b8d9-455a-a1f2-f236df11a91f,,2026-04-27T10:19:25,2026-04-27T10:22:25,/search,direct,True
129978d2-3af9-467f-b944-c82470cfca05,598904ac-fa48-43af-8fe9-41388451ae53,f9ce8320-ff04-4453-8513-3ea16a1a4605,2026-03-18T00:08:00,2026-03-18T00:16:00,/search,email,True
6feedce2-fe73-4755-bb4f-1387a36ce221,,,2026-07-07T11:34:50,2026-07-07T11:35:50,/category/beverages,referral,False
409436ba-33cf-4f8e-8aab-55baf5a63d7d,6da78127-2929-4106-a298-2b58afca0a92,,2026-04-08T11:43:00,2026-04-08T11:46:00,/search,paid_search,True
7d82ee94-c919-4884-b1ef-72ad8d19309f,c630fcf6-11c8-465f-9498-0839aee67e55,2bdb1b43-4a37-4d92-bf47-6752a852be7a,2026-07-04T13:43:40,2026-07-04T14:03:40,/search,referral,True
69bfabef-8860-4b66-9ff1-d788319e661d,dcddb844-390f-4861-a4ee-0a32b75bb218,0115a250-4f4c-4313-986e-34c4437d223d,2026-07-10T08:55:42,2026-07-10T09:03:42,/,paid_search,True
856a8111-d029-4d4e-bd94-87dcd0b18dc8,3455f0ff-3219-4cd9-acd8-091f34518293,45d56cbe-6833-48b6-8eeb-5f6b9bb51ffd,2026-05-17T20:44:59,2026-05-17T21:04:59,/category/beverages,organic_search,True
2ee7f72c-6b3f-4623-b55c-900e9f599a31,103fcba9-e7d7-4b76-b162-0fc8a31cfa6b,5301da4d-0010-4f0f-8cb2-b422b09ee1f4,2026-05-11T02:32:15,2026-05-11T02:33:15,/category/beverages,social,True
efcc14a1-14af-4b92-98ce-fa50700d0d79,a1a72036-c041-4a92-a719-9bbf0e21d53b,739f5e62-78ef-416b-a04a-2d20be4c64ea,2026-02-28T21:46:10,2026-02-28T21:47:10,/category/jaffles,organic_search,True
1227c6c3-2f40-4b3d-b6ac-d933c2e97f24,,,2026-08-10T08:12:51,2026-08-10T08:57:51,/,referral,False
8a884132-0bd4-4ffd-ad1a-3eb3c7cdf109,6a9699dc-eba5-4045-9b96-91504f0cfe77,1f02bbb3-6a13-4be7-8a68-5d4eaa86142b,2026-06-29T02:52:26,2026-06-29T02:53:26,/category/beverages,paid_search,True
616c0fcd-4fc7-4b95-bacd-21d218252a82,,,2026-06-22T13:45:23,2026-06-22T13:53:23,/category/beverages,organic_search,False
3eee2a4a-b74f-4000-833a-5fc31881ca95,,,2026-04-17T01:04:42,2026-04-17T01:05:42,/category/beverages,email,False
ea17e093-686d-4a5e-b900-c4ebe6a8a8ec,f3abecde-d032-4605-876c-6373a9a9e65b,c0e007e5-907f-45f8-b308-4e80a5416f5e,2026-04-08T23:25:27,2026-04-08T23:28:27,/category/jaffles,referral,True
8b669aec-9bce-4eb3-b04b-2e3a14b02cac,400ec64f-461d-45c5-b45e-b5c8dc21b4e1,13a6f5d1-6f64-4917-89b3-8dc2da2a1637,2026-05-20T20:28:43,2026-05-20T20:48:43,/search,paid_search,True
863e2dc8-ae87-4bf7-824b-97e84d7b277c,,,2026-03-14T23:49:24,2026-03-14T23:52:24,/category/jaffles,social,False
78db5ab1-a2a7-49a2-b781-475e59f11a7d,,,2026-05-15T10:20:52,2026-05-15T10:23:52,/,referral,False
706b45d8-3e15-4a93-a8ca-d41f9c5736a1,5350fafc-45eb-4871-a195-d1cc090f9d9c,1954a129-0ba2-47eb-8358-bd9e24f5c609,2026-07-30T16:43:16,2026-07-30T17:28:16,/category/beverages,social,True
521f0d47-968b-4375-b45d-6b01c1eb4eec,5d5ea9b6-fefd-4e25-850a-9c2d365e7e27,,2026-03-15T17:05:02,2026-03-15T17:25:02,/search,direct,True
2edc0fc7-d09f-4931-aad9-9332f0d05150,49a68f77-776a-4b4b-b668-48e489f414ae,806f3850-93de-4701-94c8-e8ef507b6856,2026-02-18T14:07:26,2026-02-18T14:08:26,/category/beverages,direct,True
7674691b-80f5-4f50-b3b9-2a4f7254634a,90249383-3427-4005-a185-d20f5542dae5,ece3f98e-1da3-4077-89a7-6fc5643dffd1,2026-04-19T01:58:35,2026-04-19T02:01:35,/,organic_search,True
a2cbe015-73ed-464c-8c94-3b108133113c,c64e9b29-2c3f-4a02-bf80-175c5a980c92,d9debfd2-b2f7-4d42-9dbb-9e094fe3e110,2026-06-03T01:35:15,2026-06-03T01:38:15,/category/jaffles,paid_search,True
2f29c850-b368-4425-a481-8a4c6b31b5c5,40c889c0-2020-4661-bb9a-564950b1a262,7ca3d79f-afc6-4820-81cc-753953423d3f,2026-07-03T08:23:13,2026-07-03T08:24:13,/category/beverages,email,True
27076fb7-5449-420e-b3de-af98ed3acd5e,2f771a5a-3d76-48e3-985b-b7e91e092c46,ad583c96-5b7b-40dc-8fe3-90ac826c73ee,2026-03-09T20:19:32,2026-03-09T20:27:32,/category/beverages,email,True
6c315f71-0ff0-418e-819a-2a9a58e955f1,3934f6b2-65db-491f-93be-76ec718440d9,4f3beac0-0a07-43b8-b6e0-0f22606c8c21,2026-06-09T19:26:19,2026-06-09T19:29:19,/category/beverages,direct,True
0ec2771b-9358-49b3-bae1-6c5da7c7b21f,,,2026-06-02T01:32:23,2026-06-02T01:35:23,/,email,False
8ab1ffde-1aeb-4191-ad02-58bc23e6ea1e,5e3636fd-a0a7-44c0-96e8-3d906cdbb119,087d3d32-8e23-4cd8-bc3f-020e7ffc7705,2026-04-22T02:06:16,2026-04-22T02:14:16,/category/beverages,referral,True
10f09c20-914d-4536-86e6-4146ddfe054d,6b991ab8-8048-4161-b67d-7f862b2cc13e,94ab43cf-e17b-4f4a-a781-f254cc8208ec,2026-04-22T09:12:17,2026-04-22T09:15:17,/,direct,True
aeb06a96-bdff-43c0-8481-e30894952941,f8b1caa2-10e7-4302-963a-252a15b4a714,ca24ccfd-e1bb-485d-be8f-92e6cc39e130,2026-06-13T17:02:42,2026-06-13T17:47:42,/,paid_search,True
c955246f-fcad-4b1d-ad3c-1c30cc5c0681,0206c59d-8464-4845-9680-9463df25efd9,,2026-04-05T23:30:38,2026-04-06T00:15:38,/,organic_search,True
e1f9eade-ab23-4e27-babe-bcf0b52ac394,120d57b9-de14-4717-aefe-ab126645435d,4816ccdc-751f-4362-a1fb-0ed50e408be1,2026-05-08T13:12:59,2026-05-08T13:32:59,/,email,True
4f105249-b877-4df5-a61f-a5af4468e900,,,2026-07-03T10:00:08,2026-07-03T10:03:08,/search,organic_search,False
bc5cff8a-f99a-4dcd-b5b2-716de1ab693e,333d41f0-5f4d-48cb-b3bd-042814f9b7f8,1d849927-d547-4af4-b929-50e33bc3b031,2026-04-23T12:45:01,2026-04-23T12:53:01,/,organic_search,True
71ce1e57-c1f9-42c6-ba22-4c226171eeb7,4cd79f83-9fc7-43e4-a4c1-89402b7124e1,fa372d66-b83f-4b6d-bb46-c5d4b979faa3,2026-03-01T04:41:47,2026-03-01T04:49:47,/category/jaffles,email,True
eb30207f-7d6b-4731-bc63-ccfe728565f6,40353a67-5df0-44ca-9c10-b42fab44c6f3,79d55c32-229c-4507-9b67-96e7c26df6d6,2026-04-05T08:48:41,2026-04-05T09:33:41,/category/jaffles,direct,True
5d39beed-2362-4945-a6c0-9022a0fd6b5b,,,2026-05-20T11:15:16,2026-05-20T11:23:16,/category/jaffles,referral,False
90ddc8d4-ece9-4f94-85b8-c759d543b7cc,,,2026-08-09T06:32:49,2026-08-09T06:52:49,/category/beverages,paid_search,False
ddeba101-ccc0-4da7-8e5e-881db48e8466,,,2026-06-30T00:51:53,2026-06-30T00:59:53,/,email,False
f7cad40b-731b-44eb-857e-342b94156381,,,2026-05-30T22:33:40,2026-05-30T22:53:40,/search,referral,False
95931230-c3cf-4854-9085-458115bc0627,,,2026-03-04T05:45:17,2026-03-04T05:48:17,/,organic_search,False
b578eb2b-d70f-4380-8080-7d9962f3b1b0,58491188-36e5-4fb3-ab3b-514e78a270a6,8e39a628-f9e7-457e-bc79-3cb7f7a14ec5,2026-03-18T02:20:45,2026-03-18T02:23:45,/category/beverages,organic_search,True
add472af-84d6-4439-969b-5e7e3f99a95a,,,2026-02-20T03:51:53,2026-02-20T03:54:53,/,referral,False
6745818d-0a69-4d59-8eda-e7110d34c7ba,7eaca096-c253-48ee-936a-8ea930759d59,c877cbcf-f8a5-4836-9d76-748465e33ca9,2026-02-25T12:47:33,2026-02-25T12:55:33,/search,direct,True
a7ef761c-9efa-4a62-b8fe-cab270aa9ad3,6deb3adf-b348-4736-a975-af07bea72c06,3a66c59b-f839-4836-b800-85c4f2dce59a,2026-07-31T21:33:32,2026-07-31T21:36:32,/,direct,True
4b11b6d8-f345-4f18-af87-12f9348ef136,96e4788e-210c-4cc9-97f7-b6b855134e0b,02bc38e9-b1ff-4b63-96b3-4676f4ba1f3f,2026-08-08T23:24:06,2026-08-09T00:09:06,/category/jaffles,email,True
16fb6ecb-7679-4674-a2db-b629ab1144fc,c712217e-16e5-4f51-a9f4-055b5176e747,d3edb0d8-9ba4-4dcd-bcef-7d4708c96da7,2026-03-04T14:22:04,2026-03-04T14:23:04,/search,organic_search,True
52fb9367-b8ff-4872-9042-cd69b748ee7f,,,2026-04-14T10:56:21,2026-04-14T10:57:21,/,organic_search,False
cdcab946-31c1-4759-a24b-238338935581,,,2026-06-28T22:32:09,2026-06-28T22:35:09,/search,referral,False
29cd2f33-e1ab-4c05-a04c-8a8a75d1e0ac,f419edd5-8bb5-4809-8cfc-599ab209f6da,83b11150-fba6-4bb6-9938-08decd8df7f0,2026-07-05T23:14:55,2026-07-05T23:22:55,/category/jaffles,paid_search,True
9d6364b6-8679-4770-ba40-1e62a57dd017,4740d6a5-b760-477f-83d9-7d1c3e04f0ba,,2026-07-05T14:06:12,2026-07-05T14:07:12,/search,organic_search,True
2bf2ae85-6db4-484e-806d-9abd6b3f13ed,78e4ffca-cfe4-42f3-9ef0-98ca1bb8cfa0,6feb43df-d73e-4bdf-9b68-e2709aa66fb2,2026-07-25T10:48:04,2026-07-25T10:49:04,/,organic_search,True
7999d7c1-6a7b-4117-9888-dd2ac9e50fc1,19a47a26-3ca3-42d2-9e2d-8da79f09b587,5f50bcfe-d4e0-4505-8efc-e0bb7978ea4b,2026-06-04T05:56:55,2026-06-04T05:57:55,/category/jaffles,direct,True
87d20e62-8c01-4d82-9f4e-fe65e769930a,d45ce04e-1258-4744-ab7d-af982c28565d,e34f47f9-d663-4396-869d-86efecfe8971,2026-07-03T17:00:08,2026-07-03T17:20:08,/search,direct,True
7629a2b0-98d4-4b19-bd15-ec93906d948d,,,2026-04-17T01:18:26,2026-04-17T01:19:26,/category/jaffles,paid_search,False
288eff9e-7f99-46e5-a416-e88e507d0fde,8f06b288-f9eb-454f-adef-47f12b7572d7,3a75cb60-d2d8-4a29-b309-9e9f6899f35f,2026-08-13T21:06:21,2026-08-13T21:26:21,/category/beverages,referral,True
865602fd-272d-49a8-8af6-7a6d7c143ffe,,,2026-07-14T06:39:31,2026-07-14T06:42:31,/category/beverages,referral,False
b66ab0fa-cbf4-4108-b3e5-c95b5b61ce9c,e6e0c2ef-00b6-4d38-a129-32d4aa4e795d,ab9b29d3-e5dc-4959-9508-1070746ea61c,2026-07-19T12:43:21,2026-07-19T12:44:21,/,referral,True
9c7bb707-ee69-4bd1-86d6-6232e55cbd79,,,2026-03-05T05:44:20,2026-03-05T05:52:20,/category/beverages,paid_search,False
a3adecef-6e0a-46ad-a861-b8e1b9a8f43b,,,2026-07-18T16:12:08,2026-07-18T16:57:08,/category/beverages,email,False
cff2e8e6-858d-4e10-956d-afd7845436b2,d7af9974-5b4c-4c70-85c5-1f7ff782da88,,2026-03-14T15:29:43,2026-03-14T15:49:43,/category/beverages,organic_search,True
59c1673c-481c-4954-872e-36baa1f15061,2251b079-d6df-4d71-bd74-d2a00e841a9d,54ffb708-d316-48cf-ab63-d80a0bbfbabe,2026-04-14T12:37:17,2026-04-14T12:40:17,/search,email,True
12363881-a919-4061-8bfd-18060d46240a,,,2026-07-24T07:42:29,2026-07-24T08:02:29,/search,referral,False
81b5d3df-2c71-46d2-9a23-f432f40b1cd8,,,2026-03-21T02:19:01,2026-03-21T02:22:01,/search,organic_search,False
f2d00dc5-622a-4c01-8ded-2114fe2f604d,,,2026-06-08T20:12:24,2026-06-08T20:20:24,/,paid_search,False
9b3470aa-976d-490e-b3a3-e70196e9f09b,,,2026-06-29T23:11:20,2026-06-29T23:19:20,/category/beverages,organic_search,False
2839d80a-d4cf-4dd3-aa7e-eda22c381fc1,,,2026-05-10T16:13:51,2026-05-10T16:21:51,/,direct,False
ef2532fb-b0ce-466b-9684-d743d7ceb442,,,2026-02-21T12:25:44,2026-02-21T12:33:44,/search,email,False
5534f8ac-8799-4707-8320-406fe7e95f47,,,2026-03-06T11:30:57,2026-03-06T11:31:57,/category/jaffles,social,False
9a017749-2388-49fa-b428-24d5b56d7a94,,,2026-07-01T19:38:44,2026-07-01T19:58:44,/search,paid_search,False
556001e1-80f8-4ebc-b27b-59c0258714a4,37601558-3b79-4200-800f-fc03a28a5ec7,41c5d875-1a2e-4c48-8d6b-8a171b37a55c,2026-05-26T16:02:33,2026-05-26T16:05:33,/category/jaffles,referral,True
47fd6373-41c4-4646-9b7e-eeb459d0bdc1,90b6264d-1278-47c8-a418-6498aac365ba,e354b367-d973-4de3-a3a1-3a37c6f80c15,2026-06-26T07:55:28,2026-06-26T08:03:28,/search,organic_search,True
07ef078e-534b-4218-b793-b5126b78af92,,,2026-03-30T05:24:29,2026-03-30T05:32:29,/,paid_search,False
0983b9a2-9619-4e95-9365-0b418760c77c,,,2026-07-22T11:11:53,2026-07-22T11:12:53,/category/beverages,referral,False
2a5bc4d3-b0a9-41e1-9962-be5dfe900c6c,,,2026-06-11T16:33:17,2026-06-11T16:36:17,/,direct,False
030bea36-2275-4ea7-9653-0e1f0cbdab2d,5ed25035-4723-4154-823d-a8c8b4c02e51,,2026-03-04T12:54:11,2026-03-04T12:55:11,/category/jaffles,direct,True
aac4d1ee-bccd-45ab-bf3b-83b6036a283a,21c61b96-d053-45f3-9730-c3483fe288d2,2a4732b9-6b42-4feb-b177-0fe9920f5e70,2026-07-05T17:08:50,2026-07-05T17:11:50,/,paid_search,True
6b7543df-ad03-4a05-99c3-734fb43ef635,,,2026-02-25T12:50:43,2026-02-25T12:58:43,/category/jaffles,direct,False
1fa3e26e-38f5-4c20-83ff-3290527e391f,f0496969-2829-4c93-834d-07ef9042cd86,664342d8-e9fc-48ae-8cba-3af24a47670d,2026-02-23T16:51:18,2026-02-23T17:36:18,/search,social,True
2f6b0799-5edb-4e7b-a135-2a7c852113fc,,,2026-06-23T12:06:30,2026-06-23T12:09:30,/search,email,False
d99344aa-d719-43aa-9beb-74f52abaaafd,34ec60c6-4248-4ad1-8dd9-759b309578a4,7abe79ec-c01c-4c17-b693-ee42a33930b3,2026-04-08T06:47:26,2026-04-08T06:55:26,/category/beverages,referral,True
50af8e2f-ebe3-48a2-85a1-b7e30d4d9390,,,2026-07-23T01:56:20,2026-07-23T01:57:20,/search,paid_search,False
0c39d8f0-c361-4680-b4ad-6fa7a3062452,,,2026-05-07T18:52:47,2026-05-07T19:37:47,/category/beverages,direct,False
123ea073-4a9a-41f5-9e78-336ad5d33ff8,b8cf5c4c-27e2-4106-9058-eb38559661e0,ab03a999-acd0-4d8c-9081-a79f5c212d8c,2026-07-17T10:48:45,2026-07-17T10:56:45,/search,organic_search,True
cce3ff70-2c9b-495f-9044-9bd422045599,7bfeca78-8e06-4644-9d0b-1470c32aa9e7,,2026-03-23T21:05:12,2026-03-23T21:06:12,/search,referral,True
74da1511-b51e-4a4f-9348-a89795448d58,,,2026-06-02T01:11:01,2026-06-02T01:14:01,/category/jaffles,referral,False
32cdd04e-26a0-4a98-92ed-9b0677e6b2e2,f6722fed-e7e1-443f-84e8-a753dc7dcd63,,2026-08-14T12:22:55,2026-08-14T12:42:55,/category/jaffles,organic_search,True
041df546-7c65-4f81-a5de-87fa3deaeb18,a5f46489-06cf-45af-9efd-dbd27067716c,2a24e08b-6b6f-4b67-b38d-a48141a3db7d,2026-07-18T10:09:18,2026-07-18T10:17:18,/category/jaffles,email,True
29945cbd-9433-4109-9343-8a2ae4a74c7a,7745384f-ccaa-4363-a18b-5e9ff0a824c0,5df66cde-1e46-4ada-9604-5862e5137860,2026-08-03T02:15:30,2026-08-03T03:00:30,/,direct,True
8e286daa-6c5b-4624-abf5-f22067f28d38,9813cce1-ec92-4b06-b6e3-ed8a73e34436,f30f69f8-c7a3-4fac-8eb1-59ff259c2424,2026-03-28T11:08:48,2026-03-28T11:53:48,/,email,True
8ea20e60-2c65-4763-a26c-9f09766dc165,495a6541-1c93-4076-90e3-345d72d9c83c,7a296aab-76c5-4085-aa40-fe250e02acc9,2026-07-01T19:22:23,2026-07-01T19:25:23,/,social,True
2c7cb220-b11e-4e34-8e14-d50a6095d5df,446153de-73e0-4d85-a593-2c3ae8664564,d792b3d8-beb9-471d-a1e1-25e5e3128e8b,2026-07-06T19:49:54,2026-07-06T19:57:54,/,email,True
d5d37025-7105-4060-8ce3-17d94ce1e4c2,8e91d584-8798-4b43-a077-64b5334460b3,,2026-06-16T07:24:19,2026-06-16T07:44:19,/category/beverages,organic_search,True
32c6a379-3eaa-48d6-9727-84f9a3742c4d,,,2026-07-03T16:24:19,2026-07-03T16:32:19,/category/beverages,organic_search,False
d16cb89f-700c-4683-87b8-9e37dcdafca2,,,2026-05-21T21:12:03,2026-05-21T21:32:03,/category/jaffles,social,False
d1106b86-c0f5-4da5-9d48-66fd14a6c946,41653b96-0020-4b26-86da-cb8f9aac99a0,cd6ee705-1b39-4515-8dd8-26d72e1c65ee,2026-07-31T08:11:44,2026-07-31T08:19:44,/search,referral,True
80bc94f4-f7b1-40a0-976a-c70c1e6c2b31,adf0d9db-c6a0-4226-a93f-30482ccd9d28,627033d4-418f-4008-a3ba-1c3fe1c5f104,2026-04-13T23:13:38,2026-04-13T23:14:38,/category/jaffles,direct,True
df1d6f73-3315-41e1-a98e-9067b6870e2d,,,2026-02-17T18:05:36,2026-02-17T18:13:36,/search,social,False
b8c32b68-75d5-4c91-9e7d-4c8c59c9ff32,,,2026-06-16T12:53:40,2026-06-16T13:38:40,/category/beverages,direct,False
2e610783-04e7-4699-9a1f-46085770e337,a9976a20-42e5-4c26-a2d0-6ab72973887f,85675693-1e0a-4731-bf80-d1fee3b5016a,2026-03-04T03:23:15,2026-03-04T03:26:15,/category/jaffles,paid_search,True
784a7522-db35-4212-a2eb-b8411ecb82a8,26ce484a-a527-4fe1-903f-2809a03fd21a,06e36b96-8ea2-4ad5-95ac-66e0f7bee2b4,2026-05-09T13:06:06,2026-05-09T13:07:06,/category/jaffles,paid_search,True
f63d2007-73fd-4367-9ad9-1c0a5d66af75,,,2026-03-17T22:43:33,2026-03-17T22:51:33,/,email,False
0a560dca-c675-422c-ac1e-132a49a90b6e,,,2026-06-11T18:40:23,2026-06-11T18:43:23,/category/beverages,referral,False
f8668010-aea5-4a81-9acd-290c627e3d6a,,,2026-04-17T05:09:29,2026-04-17T05:29:29,/category/beverages,paid_search,False
79fd005b-f5c7-4700-a6bc-30ecbe821e81,661d2fc6-9fa2-4c79-9d19-44c73cb68448,1e969e24-139e-4471-9859-f76a84954c04,2026-04-16T11:24:04,2026-04-16T11:27:04,/search,organic_search,True
e3f79591-d29f-40b5-9d7f-090c961b79ea,b4624db2-8aba-4c57-a0f7-0f5cb8bf0a04,6dd11766-f805-4a9d-9ae8-d1f2df43f81e,2026-08-13T08:08:04,2026-08-13T08:11:04,/category/jaffles,social,True
d26bc6a5-e92a-44e4-8d16-805b2ea2fb82,3a1577eb-7860-498f-936a-da13e16cbd8c,83e60628-b637-4e9f-97c4-a1d718f59759,2026-04-18T14:42:10,2026-04-18T14:45:10,/search,paid_search,True
e1eb7fdf-1287-46c9-aa38-b1c9bc266b65,,,2026-06-11T07:38:50,2026-06-11T07:41:50,/,organic_search,False
25f70287-38e9-4b90-ae81-e4df8a42fe79,ce73a9b8-27f8-4c9f-941c-4b99a646fb32,4d148849-d9e5-40f3-b183-26e3e96a42e5,2026-05-20T13:34:52,2026-05-20T13:35:52,/category/jaffles,social,True
64414772-0fe6-40a1-b622-ea4af9ab7d15,e039c2ef-fe4c-4d60-97ee-99d043299f0e,d0228acb-0ce5-4992-9338-57f7ea867c5b,2026-03-12T06:48:33,2026-03-12T06:51:33,/,social,True
814bc8f3-a7e8-4e00-ae1c-c34e11290fea,,,2026-03-04T11:11:48,2026-03-04T11:14:48,/,organic_search,False
ae6d7a1a-2f9f-4539-bf21-4ce10f76315e,,,2026-04-05T17:12:06,2026-04-05T17:32:06,/search,direct,False
2b0c71f2-1821-4878-b1a3-61da3ded6fb7,,,2026-07-10T10:46:57,2026-07-10T11:06:57,/category/beverages,direct,False
815034c3-136f-4e1b-889d-e8704e93c4c1,8cef9627-37e9-4bad-a5d7-69f87f291c90,6ef50631-b7f6-4587-a911-f8e1aad27798,2026-04-26T07:23:53,2026-04-26T07:26:53,/,paid_search,True
4a83163f-b13e-400e-b583-4433b18e78d6,e8014144-a99b-4ca2-8418-56404aee2f08,10792cf3-ed56-4d58-b23f-3df627f513d0,2026-05-01T12:27:31,2026-05-01T12:30:31,/,paid_search,True
e8e00d44-be35-45e6-bb33-9211b619d4df,c664111b-b80e-45ab-b2de-ee220ea29fbe,,2026-06-08T12:54:21,2026-06-08T13:14:21,/category/jaffles,social,True
a3e57226-a8d9-4cab-990a-2843f0e12d26,f5e8b3ff-659d-4bc9-bdc6-6b7fe343bcab,1957ff1c-dd2e-41d7-9ce9-a59d13a143ed,2026-05-23T17:32:51,2026-05-23T17:40:51,/,referral,True
272fc70e-cdf4-4848-8c61-eaf31fe6b60d,66975479-1eec-445e-a34d-78b59cc44f64,ff415b5f-7e54-44f4-ab43-61d72950371f,2026-04-19T08:36:52,2026-04-19T08:44:52,/,organic_search,True
5b2193e3-d507-4813-aa8d-227ce83719f0,49421d99-2baa-4a3f-bbff-4e4d4e0062aa,0fd2e3bb-c702-4bc4-8bf3-963a7cabb03d,2026-03-02T22:40:16,2026-03-02T22:48:16,/category/jaffles,referral,True
88fa9334-34be-4259-8e43-0e274202cf37,191feb1d-2def-4cbf-a8f8-ee3eb3856ea2,6e1c4ced-5640-417a-8837-7624703e1900,2026-04-11T15:10:29,2026-04-11T15:13:29,/category/jaffles,direct,True
520d5170-70d9-483b-9339-c639b2115ef9,,,2026-08-14T19:15:01,2026-08-14T19:35:01,/,organic_search,False
f11e886c-538f-4085-8ddc-4fc78821ba7c,89c10b53-36ee-4f1c-8430-7090dbf04a44,5c1291e8-3883-4e29-b824-8169a8dab0be,2026-06-04T12:53:37,2026-06-04T13:13:37,/search,direct,True
6ec50d43-40e7-47cc-a22a-b0ce9de084e2,3785fc7c-35aa-4e40-b620-f54b10e8a832,f443aa6d-14da-4302-94e9-dfd04e674dc8,2026-04-18T23:01:19,2026-04-18T23:21:19,/category/jaffles,organic_search,True
d5d8ac5a-30d7-4788-b518-a8433a58a50a,4b8b181e-668e-45d4-a8e3-7180a41cf064,eaff9c53-d2bf-45a0-93a2-ae2ae6ac8177,2026-08-04T17:21:22,2026-08-04T17:24:22,/,social,True
fc6023f6-1b47-4ac6-afd1-77946512700f,66dda3b2-66cf-4b2b-90b2-91abe28f6aa4,3c744cde-11ab-4a09-9d43-88b5589025df,2026-02-26T04:19:40,2026-02-26T04:39:40,/category/beverages,direct,True
4b17f394-595c-4684-bc44-a61372362087,,,2026-05-29T07:30:33,2026-05-29T07:31:33,/search,paid_search,False
06ab71c5-e6c7-4497-b387-a0af996649b9,8f9052f4-d761-416e-8b74-a71f640df0d7,,2026-07-02T05:47:21,2026-07-02T05:48:21,/category/jaffles,organic_search,True
f6af9ebd-c182-4058-82e3-cc6e5f19e3ed,33d208d7-91f2-4d70-9f75-c1bf87481c15,6b468906-8b50-4076-bfa4-a1ade235057b,2026-07-26T05:13:22,2026-07-26T05:14:22,/category/beverages,direct,True
4b2faa77-80df-470f-962c-31dcf50f6921,b66095e0-346f-477d-8c25-3b70d4dfab70,9909a455-4aac-4de2-be78-9f4943b6acbf,2026-04-22T18:41:40,2026-04-22T18:44:40,/,paid_search,True
0586fb63-4a77-4754-b96c-6c3d8fcd4676,,,2026-03-16T00:00:14,2026-03-16T00:45:14,/category/jaffles,paid_search,False
f47229f2-02c3-4370-973e-5c093780c2d7,529867fe-75f6-4cd9-b913-543b3d6e583c,,2026-06-26T04:21:42,2026-06-26T04:22:42,/,email,True
6b35c6c5-3fd8-43ea-b785-a8bf8a16a5a7,,,2026-02-23T00:53:07,2026-02-23T00:56:07,/,direct,False
5bff6529-2c13-44fb-b2ab-529f91a25a34,,,2026-06-02T02:05:59,2026-06-02T02:50:59,/search,direct,False
1cf7eb19-5e5e-4bf0-8dfc-23f3c16cfcad,afdabd06-a2b4-497a-93b8-7bcf582b5d3b,,2026-03-16T21:22:04,2026-03-16T21:23:04,/category/beverages,social,True
20710ebf-f89e-49d6-967c-1440c5038a82,ba2bf5e1-4b63-4bb3-b83a-f10438f84258,,2026-06-18T18:18:00,2026-06-18T18:19:00,/category/beverages,email,True
57299374-8db0-407c-ad69-3d0144473422,c052cca8-a71b-4e49-b713-c012bcfce146,,2026-06-02T21:56:26,2026-06-02T22:41:26,/,social,True
69c0dbd3-cd81-4ceb-822f-9220a25657df,019bbbbd-bb75-49d2-8d74-d1c01012bd21,0dab88b4-6768-4f90-9a51-359d376d0dca,2026-02-25T10:50:51,2026-02-25T10:53:51,/category/beverages,email,True
9c682ee2-6ce7-4e4c-af3e-f6029b591fc9,117c9a65-4a4c-494f-8a54-64305d57c551,4d70433c-1a8e-4080-a526-ea309306137e,2026-08-03T12:13:30,2026-08-03T12:16:30,/,social,True
09adff18-f8c2-430a-a684-f1280a892036,0000bd8e-496c-42aa-9430-fea7f9bd6a96,18852c9c-7f0f-4ed5-946c-eabc5624f598,2026-03-17T11:47:18,2026-03-17T11:55:18,/category/jaffles,direct,True
0add5ec7-595a-4c1a-9dc9-481b6855194b,,,2026-05-01T08:48:24,2026-05-01T08:51:24,/search,direct,False
2a451532-0f3b-4a30-bc61-4de441f2d5fe,543b48b5-22b5-41e4-8e3c-704fc8f03e8d,e9323ae2-1d2a-472a-ba43-35f93f73fe73,2026-05-19T22:26:23,2026-05-19T22:46:23,/category/beverages,social,True
b8cc6526-87b1-40b4-90f2-2c9b135493c7,4c710db6-7317-4d70-8dcb-6af9a4068e8d,9cc5f7a4-70e2-40ed-93d7-4c08c28b64c8,2026-04-01T15:25:05,2026-04-01T15:45:05,/,email,True
eea84cc9-b46b-4fc8-81d3-f46a0473cdc9,,,2026-04-17T07:40:12,2026-04-17T07:43:12,/category/jaffles,email,False
4b213623-e2d0-4d4e-b11d-f24e3b7512b2,,,2026-06-08T07:14:43,2026-06-08T07:34:43,/,referral,False
ca03a629-f5f9-4a18-a413-e9a632d10fd6,bea5ef1d-43b9-4df5-b3d1-436f675ec066,6c985da9-81fd-4ce8-88d5-46bd6bfa4668,2026-03-07T01:19:15,2026-03-07T01:39:15,/search,referral,True
36871ab0-1f26-4563-a406-22176736122e,47e4f30d-f965-45df-8474-93d5aeaf7cb2,317aae20-b95d-44f3-815e-35456d946394,2026-06-07T09:33:11,,/,social,True
dc81fbd0-04ac-411d-8a86-8e6d0e15d7f2,42748981-2a95-4e95-91cf-9844c8aa9c69,,2026-04-16T03:26:45,2026-04-16T03:29:45,/search,social,True
ceb21211-17f1-4a92-82d7-0f7cc9d71a83,af3dbfea-4df6-42c8-9826-57806904f81c,54984b2f-5212-4a0d-8872-82059e65002b,2026-07-15T20:16:31,2026-07-15T20:17:31,/category/jaffles,paid_search,True
0d59f8e5-0887-4994-aaa7-ba430cb21ff7,faae2750-9c1c-4c70-96ed-e845374e4e5e,,2026-05-09T21:33:40,2026-05-09T21:41:40,/category/beverages,direct,True
b20b0e11-3597-402b-beaa-9fa0a3ebad42,fd12529b-56bd-40cf-a742-a90ad36add5e,5542cda4-532c-4fca-8d82-0c1a55a6c08c,2026-04-03T04:11:09,2026-04-03T04:19:09,/category/beverages,referral,True
bcbc0915-3026-427e-b280-f7bec7eda860,3bfe5d2b-8ab3-473f-b56c-cdd86fff8877,e6e1f675-c2b1-4211-86da-c90dd625c71b,2026-06-02T01:07:40,2026-06-02T01:15:40,/category/jaffles,direct,True
6d45faba-6a92-4b0d-b219-28099dca4132,,,2026-06-15T08:11:27,2026-06-15T08:31:27,/category/beverages,email,False
2dc459bc-55f6-42e0-bc44-fcbcfa66c664,,,2026-07-20T20:19:01,2026-07-20T21:04:01,/search,organic_search,False
be794344-8ae5-4dc9-b8f7-19766c927920,,,2026-05-18T17:57:21,2026-05-18T18:17:21,/category/beverages,referral,False
2be5786d-d2f1-4928-bd1f-2afd5f3c9687,,,2026-03-06T07:32:18,2026-03-06T07:33:18,/category/jaffles,organic_search,False
02238372-3bae-40c8-86fd-6c486fbaa115,,,2026-06-20T08:17:12,2026-06-20T09:02:12,/search,referral,False
0f3473ef-f4f9-4159-bbc6-8d6dcdabf2e0,,,2026-05-22T15:52:04,2026-05-22T16:00:04,/,direct,False
8d118e0a-45dc-46a9-870f-8052b9c5e9d6,,,2026-05-08T10:16:05,2026-05-08T10:24:05,/,email,False
19ccf35d-01c5-4217-a7d6-900e2d0bd8c7,66dda3b2-66cf-4b2b-90b2-91abe28f6aa4,0c6dea90-9449-4115-a1be-1fe731878dfb,2026-02-21T20:13:38,2026-02-21T20:33:38,/category/beverages,direct,True
0adb146f-4b01-4478-9a31-decc9f61542c,e94d8a6e-9b23-411a-baf2-75f02c42d8cb,172216f4-1ca3-4e49-a4ce-093502f9bb80,2026-03-06T10:01:52,2026-03-06T10:21:52,/search,organic_search,True
fcb03507-e628-4d39-aa63-a6a591e125ba,,,2026-07-08T20:04:23,2026-07-08T20:07:23,/,organic_search,False
8ae36908-97ff-4137-b11a-3f0d815929f0,,,2026-08-15T22:01:03,2026-08-15T22:46:03,/category/jaffles,organic_search,False
5580aec3-3da3-4992-8937-1cbfd5d8098c,,,2026-05-01T14:59:10,2026-05-01T15:44:10,/,referral,False
96736fa0-abc3-4c96-86d3-1e10fb9a90e9,ffd40778-a37e-453c-81d1-9a769cac4692,,2026-02-16T14:19:48,2026-02-16T14:20:48,/category/beverages,direct,True
f5af0476-f140-402b-94f7-be55293384c5,,,2026-05-21T13:13:26,2026-05-21T13:14:26,/,referral,False
ad52b01c-ec9b-4ab1-a55b-eca02dc523aa,,,2026-03-29T10:35:09,2026-03-29T10:43:09,/,social,False
bcc11210-bb71-4b95-bf91-e7730539ff4e,,,2026-04-21T11:58:04,2026-04-21T12:06:04,/category/jaffles,email,False
a7a2cbbd-4c91-4c69-abfe-c99b0dda1fee,,,2026-05-14T23:16:16,2026-05-14T23:17:16,/category/beverages,email,False
477b7b5c-68ea-4d96-912d-b0be3fff4375,,,2026-04-12T18:50:54,2026-04-12T18:58:54,/category/jaffles,social,False
b85f8392-7c52-4481-b842-f1a04403f899,4a81b4c3-9e04-4757-a7c6-3191447eadc3,dc7e04ac-9623-47b4-8dad-dc9733ac7a74,2026-03-06T22:03:14,2026-03-06T22:11:14,/search,paid_search,True
7ea2c281-9db5-420e-bd45-ac091b9664dc,22a4c19e-c3ff-455d-8a3b-d4a9bd6b8334,3c875849-dfe5-4e76-9074-5c51e9272632,2026-06-07T10:08:53,2026-06-07T10:16:53,/,direct,True
73719db8-dadd-417e-9fc2-251e2e0adf9f,,,2026-03-15T17:56:19,2026-03-15T17:59:19,/category/beverages,email,False
bc1bc13a-c6d3-4a34-892d-0e4c58de6a3e,d88e53e9-6885-44c1-a0ce-e8ea44f2dcfc,8891b405-6e84-4ddf-87c1-91c2c0e74fbe,2026-02-22T05:22:38,2026-02-22T05:30:38,/category/beverages,social,True
5942542a-ded5-4c87-b036-c6d6f7375788,,,2026-02-21T01:53:08,2026-02-21T01:56:08,/category/beverages,referral,False
19ca281d-8266-4b3c-97ca-baeda61e325e,e8e92a9f-bec3-4873-951c-b05d0fe37715,,2026-04-01T23:28:22,2026-04-01T23:29:22,/category/jaffles,paid_search,True
b1b881ea-b905-4e73-b960-17b71379cfcc,3d2423f0-cecf-4060-b105-96b04f2ea442,a157b939-c72d-4c14-b090-20337ced9904,2026-05-12T10:29:18,2026-05-12T10:32:18,/,email,True
892731da-a369-4633-9b3c-dd3d9bc1e9e3,5bc5dd9e-3670-4c84-be25-41eace68a711,dff7c08b-1be7-4c2c-9a54-dd3a113d078b,2026-04-25T14:29:04,2026-04-25T14:32:04,/,social,True
8463eea4-42b4-4545-915e-c18ebbc64119,83967256-31c2-4fcb-a61d-2378ac6f1ad6,ed6965cf-1744-4c9c-b9c3-ebb80da9480f,2026-05-10T09:57:09,2026-05-10T10:05:09,/category/jaffles,paid_search,True
5b451ee2-697d-4ac3-85ec-a3005e814f3e,,,2026-04-21T14:23:44,2026-04-21T14:26:44,/category/jaffles,referral,False
ccab9169-43ed-40cc-88f8-cc0da77da240,827eed18-8ab1-4e5d-ab00-5d8ac9bb168b,a93c7d7f-7570-4337-afc4-7933af083afc,2026-06-12T23:28:42,2026-06-12T23:29:42,/,email,True
dab9b831-2487-4443-9ca0-3142b8972cef,,,2026-02-21T07:52:55,2026-02-21T07:55:55,/,organic_search,False
de6de00d-da7c-4cc0-94ec-f0a76e79fdb1,97bbee89-2209-4d9a-9f20-d3327baf7efe,3175ed22-7837-4204-bb6c-abe74d42dad8,2026-07-31T18:25:53,2026-07-31T18:45:53,/,referral,True
00a0af5e-5de8-40e9-9d6d-fd5192271000,,,2026-04-04T12:20:52,2026-04-04T13:05:52,/,paid_search,False
d9017e18-6a8a-4c0e-9e08-c21aad0ddfec,,,2026-07-01T21:24:32,2026-07-01T21:27:32,/category/jaffles,social,False
6f9c0fcc-8df4-406e-9958-0f9d5a17f034,,,2026-04-06T17:21:21,2026-04-06T17:41:21,/category/beverages,paid_search,False
20128615-20ec-42c4-a4c4-025ff3f1ef0d,438005c2-dd1d-48aa-8bfd-7fb06851b5f8,1984573e-6485-409d-aa93-edf195bdeae2,2026-07-25T22:05:31,2026-07-25T22:08:31,/,email,True
09a99b4f-2e45-4efc-adf4-5bc07502fd59,,,2026-04-14T10:13:42,2026-04-14T10:16:42,/category/beverages,email,False
7ff010de-40c0-48c1-861b-83136628a241,84ee8f13-e5a2-4988-8f65-daa65801c5d1,7e28f1bd-01fd-41a0-9cfb-8a07edd4c449,2026-05-09T01:43:19,2026-05-09T01:46:19,/,organic_search,True
4cee8030-ab51-4c00-aaf2-54c7905ed847,6b991ab8-8048-4161-b67d-7f862b2cc13e,94ab43cf-e17b-4f4a-a781-f254cc8208ec,2026-04-11T15:21:06,2026-04-11T15:24:06,/category/beverages,organic_search,True
561d3fc0-2838-440c-b225-0a90acacf3c5,6a49a618-20de-4b7a-af94-1b4afeb9a85e,dba75b23-9b82-4c5b-99a5-4df777217d89,2026-04-01T20:49:40,2026-04-01T20:50:40,/,organic_search,True
5c89c49e-d204-491c-8354-03af4c527185,,,2026-02-18T07:55:18,2026-02-18T07:58:18,/category/jaffles,organic_search,False
a802b8f6-ff00-4cb8-989f-58b5a795945c,fe2e9f59-c77b-4756-ad2e-fe864a560344,7484d48c-9146-46f6-985f-3420ecca18e6,2026-06-02T06:49:08,2026-06-02T06:57:08,/search,direct,True
1153056d-b66d-4970-892c-48ef8300a5e8,1435b563-f156-4cd8-9f3d-6224260e26a4,e40367e6-75ed-486c-93c5-645aa47e1c61,2026-05-14T04:37:52,2026-05-14T04:38:52,/category/beverages,direct,True
f8ad2c64-da42-4e2e-a089-18763fe2327f,d47fa6a3-60cc-4d46-8dc2-9b3fd5e43153,,2026-05-17T10:48:48,2026-05-17T10:51:48,/category/jaffles,direct,True
7a0000e8-c491-422f-831d-1a2fe1e45b51,40cff0ad-5c91-46bc-b72b-737347aafb25,621fbbf0-ee2e-47b8-b737-1f742715665b,2026-05-16T17:02:37,2026-05-16T17:05:37,/search,direct,True
11a9b2df-ad35-4088-b3a1-3cbc7f3f58ca,,,2026-06-14T15:31:08,2026-06-14T15:34:08,/,email,False
4e341c1f-add2-49d6-9ff8-487aa99e80bd,,,2026-03-27T22:49:20,2026-03-27T22:57:20,/category/jaffles,referral,False
4a233a37-77ac-4bae-91c7-9486a4a6cf61,8e6a03da-15e7-44e8-bec1-426b65edb389,abcb04f7-26a1-497d-9a56-2aa2dbb8b27e,2026-04-14T04:21:39,,/category/jaffles,email,True
30903081-fd92-43db-9527-7ec30e52c8c2,9368e74c-0581-4d77-9358-94e415a80423,a50e4237-b078-4c66-98d4-962c0f48effd,2026-07-24T17:57:24,2026-07-24T18:05:24,/,referral,True
93cf4ef1-ab4b-4c10-a94d-c46aada1b6da,28447ab4-5e16-465e-acd1-7fcacd2d97e2,,2026-04-19T22:18:37,2026-04-19T23:03:37,/search,email,True
b9c40668-ce8f-480d-81a5-3c53d5720906,b01b46fd-8f75-4db5-806d-c5c5980008c4,05f040bb-7cea-449c-a18b-31a2d6415cd2,2026-06-24T12:20:47,2026-06-24T12:23:47,/search,direct,True
15642d67-caef-4746-bb4c-d26acc42d63a,1f2b91fc-75c1-4628-aec0-5cbebc88f0bf,,2026-03-05T11:58:33,2026-03-05T11:59:33,/category/beverages,referral,True
4ad26f70-dc31-47a9-a59e-b024c5c3fa4f,fd9f1577-416e-472f-aad7-7bd5c56293f5,8662ee0a-92c6-4524-9678-4d8da85a180d,2026-03-17T07:30:18,2026-03-17T07:38:18,/,referral,True
d39845e1-9fb8-4e94-806b-1706d2fbf2fa,4955904c-175f-43ec-b76a-bc70d836d508,58543edf-388e-4d5b-b752-afce101e559d,2026-07-06T18:43:10,2026-07-06T19:03:10,/category/beverages,paid_search,True
0f7610e8-2b87-44c1-a509-dedb2b4c8aaf,943fb486-16d5-4258-99e7-8340b1862e76,18670e80-21c6-4ced-8334-b58432eba06f,2026-06-26T10:27:01,2026-06-26T10:30:01,/category/beverages,paid_search,True
67856451-6dca-4d18-9488-6a969f7f30aa,,,2026-04-28T02:10:09,2026-04-28T01:50:09,/category/beverages,paid_search,False
5642b26c-242b-42ec-901c-7568bd96b232,,,2026-03-11T16:24:55,2026-03-11T16:25:55,/category/jaffles,email,False
0d7a3e6a-4e94-434c-a493-7133476e5ff8,132425e2-d22d-43aa-a372-e3d9bfd77f8c,,2026-03-23T17:01:11,2026-03-23T17:02:11,/search,social,True
54c492b6-b923-4fe6-809d-17ebb4b5f311,139f4019-998c-4c6f-8c4f-a97a756af68c,ea7e6125-ec6f-4d48-b025-7d8b0354a9d6,2026-06-24T09:23:59,2026-06-24T09:43:59,/,email,True
282cffb1-ca59-470e-a617-bbade4b5f696,,,2026-03-09T21:38:51,2026-03-09T21:58:51,/,organic_search,False
d87ad496-95c8-447e-baab-f4677565590f,b2263d08-d05d-4240-a470-6fe31527b9d2,0f2d502e-6a49-44d8-9c72-c44143936370,2026-07-16T17:58:47,2026-07-16T17:59:47,/,email,True
ed22282e-3ee4-45ca-a17f-a6eb7ef11f09,13ae1187-ebff-4588-bbf0-db26b1bbb598,,2026-07-28T20:17:24,2026-07-28T20:25:24,/,direct,True
b8720d94-b0af-46b0-b732-47c0bf7f2023,,,2026-06-25T23:51:35,2026-06-25T23:54:35,/category/jaffles,email,False
4c406fcc-e9a1-43de-9e70-a27d38895da2,e8da2040-0489-4880-a881-ef127727f204,a0e9aad3-1730-45d0-8d5b-1235e7f4cec9,2026-07-30T03:03:11,2026-07-30T03:04:11,/category/jaffles,social,True
dc87bc2d-a97e-4f4b-ac6e-9ab0d2cdae2f,7c45f68c-bbba-4b82-9457-03de08fe8287,fca9a6e8-73a5-478f-a2dc-e1f74c3f35dd,2026-06-25T04:46:49,2026-06-25T04:47:49,/category/jaffles,referral,True
69320b5c-54d7-45d4-9754-1abcc4ef1792,63b6d2f8-4e38-4b4c-bf67-6651399b4453,f26e6046-de63-4440-b8b1-799a46c67937,2026-08-12T23:43:18,2026-08-12T23:51:18,/category/beverages,referral,True
27b4a95c-dcf0-484d-bb28-1d022ccd6bfe,,,2026-03-13T16:03:01,2026-03-13T16:06:01,/category/beverages,referral,False
3c21b1da-a4cb-4566-bf24-2d38f1a67a75,58ebbf6d-7eee-4180-aa0d-151621abffcf,c7fd2d4a-fae9-4223-9972-17b090f49109,2026-02-24T04:47:59,2026-02-24T05:07:59,/,paid_search,True
8c3ab107-db5e-44b1-80ff-07e56f2e3bc3,9bac4be0-d703-4f1d-a088-1bdb362d3246,,2026-03-04T11:08:28,2026-03-04T11:11:28,/category/jaffles,organic_search,True
ca7b2c7c-124b-41b1-a90d-00a9d52eb586,,,2026-07-30T08:51:26,2026-07-30T08:52:26,/search,paid_search,False
cde4f642-b0a7-4d3c-8ff0-f6aea76a7c8a,6bb94756-3d64-40f4-9ecb-bc26ede41625,09633ba0-78be-4963-b864-77b38646e697,2026-06-28T23:16:10,,/category/jaffles,email,True
032d4aee-0473-41c0-b684-c5497872c901,a2053515-1d0d-41cb-a47d-485aed398e8b,50f3317f-473c-433e-9c03-9282380b8604,2026-06-17T15:18:16,2026-06-17T15:26:16,/category/jaffles,referral,True
e4dff49e-e367-4944-935c-05ff3a6a6503,d6de888a-0aee-4f77-a7d4-daba8f0da415,,2026-05-08T06:26:59,2026-05-08T06:34:59,/category/jaffles,paid_search,True
99c2a3fd-a2b5-4798-a1fb-e8a06708917a,,,2026-07-16T20:41:41,2026-07-16T20:42:41,/category/beverages,email,False
3e66fa19-b951-4d1f-911a-acf4a5e2022e,46d34d7f-a3a4-4386-89ba-fa5ac15e5a69,,2026-03-13T16:21:55,2026-03-13T16:22:55,/category/jaffles,paid_search,True
3bc341b4-ed3e-4605-9abb-43ff46ecd11b,,,2026-07-15T15:32:50,2026-07-15T15:35:50,/category/beverages,direct,False
8093c814-3f8d-4ea8-a148-bad6c80e19de,d285a28f-6fa3-4c70-9469-73e7fe1787ae,0e4db30a-9bf1-46fd-a41b-5293bc0c2fe2,2026-03-21T22:03:55,2026-03-21T22:11:55,/category/jaffles,referral,True
5ee83f21-e6b0-401d-97cf-b16e7ed310a3,,,2026-06-06T05:06:20,2026-06-06T05:07:20,/category/jaffles,email,False
87da182c-fc4d-4441-a9d6-2f3b66d23a23,,,2026-07-02T15:11:42,2026-07-02T15:19:42,/search,social,False
8f4515e9-599d-4f22-9ec0-18b1c4227f11,07837268-1f07-43d7-a271-fa0ab4370eee,b9cde203-78c3-41a5-aa4e-2fbd6fc2f4a3,2026-03-13T07:22:24,2026-03-13T07:25:24,/category/beverages,referral,True
89c2e531-e096-410e-a44f-0b1d642f36ec,59292cdf-6314-4444-aee9-45a78c76dcbe,,2026-07-21T15:11:04,2026-07-21T15:56:04,/category/jaffles,paid_search,True
a2f410b6-5757-4fc1-a880-9b136e490bc2,a296a891-b126-44e1-a271-9228cc28b3bc,123defb2-1745-4dba-bb61-3ce53b130180,2026-05-29T22:56:10,2026-05-29T23:16:10,/category/beverages,organic_search,True
6eacc2b8-f6c2-4334-bc99-3d26411550f9,5f31277a-2dcf-4273-81e3-312413596a23,034a5cab-fced-4eac-9c1c-bcb519f9fd8f,2026-04-08T18:27:38,2026-04-08T18:35:38,/search,direct,True
93675726-ade8-4a4d-8ccd-935dbd17c837,,,2026-07-17T11:52:05,2026-07-17T11:55:05,/category/jaffles,social,False
0f212dd2-f58a-4f70-bf74-47b36d91ef62,,,2026-04-13T14:30:40,2026-04-13T14:50:40,/category/beverages,referral,False
acd606cd-edd3-4a86-af77-f3fc1c33856b,,,2026-03-26T02:43:01,2026-03-26T02:44:01,/,social,False
2c6736c7-60c3-4f66-aa47-4bbca2c2b32c,35292459-521c-4d3a-a786-3b68116663fc,26158602-babb-405d-a062-ea4b0ed76e8c,2026-04-15T18:59:15,2026-04-15T19:07:15,/category/beverages,organic_search,True
866bd150-2e5b-4ce0-a73f-b98fb89018d6,,,2026-08-10T06:54:08,2026-08-10T06:55:08,/category/jaffles,email,False
bade51ba-507c-43bc-acf8-3a4d5a49a2ff,a48b7707-e594-444f-854e-67d65eb9105d,391f9f08-2ea8-4536-a55a-a5705f270f95,2026-04-06T04:25:13,2026-04-06T05:10:13,/,email,True
ecb5a803-32ba-417d-a5bd-8e1af9e0c18d,,,2026-06-25T20:10:30,2026-06-25T20:11:30,/category/jaffles,paid_search,False
10c4d51d-b6e8-44ab-97f6-eedc2e57c127,,,2026-05-13T20:26:23,2026-05-13T20:29:23,/search,email,False
6b1c8646-0ba8-4823-bf53-26a9080547c5,31d39d83-97c5-4a86-8d98-c9ea5e4d6505,,2026-08-15T15:56:52,2026-08-15T16:04:52,/category/beverages,paid_search,True
90c44f3f-ab0e-48c9-ba0d-91d844221212,ce8210c0-c537-4fd0-80ef-c3e8063b748a,d88a252c-183b-491d-990d-f38312c5cdc2,2026-03-28T17:45:26,2026-03-28T18:05:26,/search,paid_search,True
20d3014a-9824-437e-8e48-a76f0886de1d,43df30db-068d-40fc-8576-7e2f6e62f2f6,6e1f3ad0-12d2-43cd-821b-202311ac98e0,2026-06-03T18:31:24,2026-06-03T18:32:24,/search,paid_search,True
66006bde-6cca-4f3f-a152-f2e66833ed8b,,,2026-03-16T02:39:23,2026-03-16T02:42:23,/category/jaffles,organic_search,False
d364b189-238d-45a0-ba8d-d7150198d078,19d5ac88-a8cd-46b8-9f3d-d5ef3a0adfe2,31fcfbd0-27da-4f92-8094-ffad75d480ff,2026-03-10T16:36:22,2026-03-10T16:44:22,/search,referral,True
9a824a65-4617-49e4-828e-01b69c14238d,da9de603-2c96-4356-820d-7c1e9ac4dde7,329103e2-4ec4-4514-9b94-dd4c8da3e192,2026-06-11T14:22:34,2026-06-11T14:42:34,/search,social,True
3a4ee862-2636-4666-8a20-545ad87cb951,,,2026-04-29T15:28:15,2026-04-29T15:29:15,/search,email,False
c7363fec-30ad-467e-a5d7-cd474aa70ca6,612533b6-7eaf-45a2-b9d4-06192ce5620e,bed84bd3-39f0-4474-a4d6-98701eac49ba,2026-06-18T06:57:41,2026-06-18T07:05:41,/,paid_search,True
1428bb69-5882-4ccb-b693-d74cd453f9b7,922d63c5-873c-4693-9775-df99ba006ccd,ef0f702b-6886-4a27-9f1c-de62b5b44aad,2026-08-09T06:05:31,2026-08-09T06:50:31,/category/jaffles,paid_search,True
d88569c2-1144-4c42-a467-ab541ffc0b08,8252af4b-fdbe-4139-b9a2-de4ceb670886,d7c9a079-2efa-4784-8777-b98afabe867a,2026-08-13T10:33:08,2026-08-13T10:36:08,/,direct,True
23c01189-edf5-4a54-84f2-4a21bd0c291c,3ad60b3b-8b4b-4504-9d49-adfd74fe548c,,2026-02-24T14:42:06,2026-02-24T14:45:06,/,social,True
683010f7-8c6c-40a9-9bbb-e9e78532ff15,32927010-1d7d-4cd9-a500-593804ff0e77,,2026-04-28T18:55:08,2026-04-28T18:58:08,/search,paid_search,True
ec15692b-75ad-4471-94b8-315333db0237,,,2026-06-17T15:06:28,2026-06-17T15:07:28,/,organic_search,False
e85c0fc0-b765-4996-8e20-69742bc12f33,7d0a9ece-1d73-43ea-98e7-8bbe21e890ec,7c9f2a1f-8c8f-4c4f-aeaf-ed2ccce00584,2026-05-23T18:05:50,2026-05-23T18:08:50,/,paid_search,True
557dc3a1-97ea-4393-ae8e-76563aabd9c5,e0cbd2e1-eee7-409c-9cf1-707eb4f867ce,5d98d38d-1813-4b22-806a-6a53d76d077c,2026-06-15T18:56:29,2026-06-15T18:59:29,/,referral,True
bcc12613-5f3e-469d-997f-154830660011,fdd86eaf-7a5b-4598-9a08-6f4f207743bb,0cf43114-56ad-458a-b747-559b305e59f5,2026-03-04T08:44:58,2026-03-04T09:04:58,/category/jaffles,paid_search,True
ef3e658d-f88a-4e55-af1e-e71b483a79d6,a3867ed0-9303-4ce2-b40d-a9711a5efef0,d65e8afd-22d8-4591-bb53-7aee7f113c6e,2026-03-18T20:14:55,2026-03-18T20:17:55,/search,referral,True
0753ce15-68c3-4bae-be2b-5d4491f4ad5c,,,2026-04-01T05:16:10,2026-04-01T05:24:10,/category/jaffles,direct,False
f1a9620e-1c1d-4820-a348-884d5bb1ebef,2ef2eede-fcc3-4c79-a843-4f5ae828d591,33dd6e95-3177-4254-af38-0682236e9996,2026-07-21T07:49:43,2026-07-21T07:50:43,/category/beverages,direct,True
ddaec35e-29a4-4cf1-977c-4b0469a9e556,,,2026-05-13T20:43:29,2026-05-13T21:28:29,/search,paid_search,False
4defeba9-9210-46aa-a520-8e2881a1f0b7,c9750567-c933-4797-9313-ec159ddcb6d2,fefa262b-e8a3-4eaa-b79e-ef711e504b58,2026-08-13T18:34:42,2026-08-13T19:19:42,/search,paid_search,True
75c670bd-7e6a-4971-aa0e-2d357f22a63b,,,2026-07-29T17:22:51,2026-07-29T17:42:51,/category/jaffles,paid_search,False
58fcbb20-2471-4898-a7b4-27fe3a4a1ba2,,,2026-08-14T18:58:01,2026-08-14T19:01:01,/search,referral,False
35645fea-7ea7-48b2-9884-847dcdaa2233,9455079c-4344-4995-939d-8184d7eb02e7,cceeb457-d22c-41d4-9922-13a9b31f1779,2026-03-20T03:16:03,2026-03-20T03:36:03,/search,referral,True
e124e898-ab81-4645-b114-1e67174df10c,,,2026-02-21T16:47:26,2026-02-21T16:50:26,/,social,False
3b2c9f5e-8f93-4395-abcb-ab971f625944,63af441d-70c7-4c4e-b495-80b967849285,3b502071-b984-4700-8f92-bbc8bd4d5540,2026-04-12T14:29:06,2026-04-12T14:32:06,/,referral,True
d09c425e-a461-4c3f-bb7d-6a691e319d50,,,2026-05-18T06:49:15,2026-05-18T06:57:15,/search,organic_search,False
5b13c2d4-f88d-4590-9b48-8444c8474c41,257291a7-c562-45b7-9229-49a527229518,d987d73e-96ec-466f-8713-040421309b2e,2026-07-15T11:35:49,2026-07-15T11:36:49,/,referral,True
8406f18d-1af2-451f-b915-f0e2dba51b1e,,,2026-04-12T06:16:50,2026-04-12T06:17:50,/,social,False
b01c1795-fb05-4702-9246-54211dbd16ea,,,2026-06-18T11:46:59,2026-06-18T12:06:59,/category/jaffles,social,False
ebee6033-9ba7-4acc-8fe6-ea9e473f82f3,,,2026-04-08T11:51:52,2026-04-08T12:11:52,/category/jaffles,organic_search,False
9da7a97e-9c31-4d5f-a330-f69271c2cf2a,,,2026-07-30T05:39:30,2026-07-30T05:42:30,/search,social,False
cf6c86e7-76ac-48fd-8bfb-3e84e2ebf022,87fc5559-9d20-4780-8c0e-b7c248cd6236,8c6ca6a1-9eef-4099-a679-6820cd6bba3d,2026-05-01T13:20:29,2026-05-01T13:28:29,/search,email,True
8680c3fb-619f-4392-806d-eafe32c0b378,,,2026-05-15T05:13:20,2026-05-15T05:58:20,/category/jaffles,email,False
5225ee8b-de25-402d-bc81-999c5ccd6321,d0299f60-146d-4716-bc55-eb830a04779e,9576fc84-4557-49f2-a631-409e19d1bcd9,2026-07-21T09:58:31,2026-07-21T10:06:31,/search,email,True
211dd84e-7a48-4c1d-a114-db30fcf964bb,eccb6e23-700f-4b9e-803e-9c681f12dd9e,dcf5abb8-723a-4717-8d3d-967b3b347269,2026-05-17T20:52:15,2026-05-17T21:37:15,/category/jaffles,paid_search,True
db335f60-75ae-4259-9bd1-009a7df57f66,8699b9d8-d299-411d-82bc-9ee94abdf576,0a442cc2-60e8-4dc8-b095-9b252e7fc0c5,2026-04-19T01:04:37,2026-04-19T01:12:37,/search,social,True
3cd2e14a-4215-4d3e-aeb3-58977fd38c11,f7989645-3a12-42f6-a926-2a7388aeb297,6764d05a-8b05-4ae0-af6b-8922b0af5132,2026-02-23T20:14:13,2026-02-23T20:22:13,/search,organic_search,True
d1915ca6-e145-4bca-8321-a7f8ae552b5d,430e5411-6ed3-439b-93c3-e885b2a37d0f,4c808e49-2bd0-48aa-b41b-41f4228a207f,2026-03-26T17:34:37,2026-03-26T17:37:37,/search,email,True
f7e63542-5ae4-41a9-b8f8-7331504c450f,,,2026-07-12T09:45:52,2026-07-12T10:30:52,/category/beverages,direct,False
295bb204-218d-4927-bf3f-f854de115572,2f76575f-2d85-40ca-8f3b-82b14debc678,e8c1a89a-5803-44c6-a916-81d3f33e86bf,2026-03-02T06:51:43,2026-03-02T06:52:43,/,social,True
c2b65409-f39d-43e8-9e33-5b2c8a016c49,,,2026-06-19T18:26:54,2026-06-19T18:29:54,/category/jaffles,social,False
4f0f6877-c98a-4d2c-8e10-b31bb96b3194,,,2026-06-12T10:22:00,2026-06-12T11:07:00,/search,social,False
26bbeb1f-24fa-4b3f-a20a-26fc22b68db5,,,2026-05-11T09:59:51,2026-05-11T10:07:51,/category/jaffles,email,False
af1d828e-b619-42b0-86c4-dfbdc8ca6644,,,2026-06-02T16:25:19,2026-06-02T16:26:19,/category/beverages,referral,False
c20430b0-6dd7-4d35-a94d-917b44eac7ff,ed7f8737-2c99-408f-afd0-f91c740e414c,1f54e0df-58e5-4052-9df3-5444ac1973ba,2026-04-12T10:48:19,2026-04-12T11:33:19,/category/jaffles,email,True
eadaa5f0-b495-406c-b9ae-6cab47d6e760,748db0ca-899a-4da8-8177-2fa1ec2a9302,f240e0ee-f108-491d-8c8a-030d25b65714,2026-03-28T02:46:14,2026-03-28T02:49:14,/category/beverages,email,True
40784a5c-a62e-4e22-aa8c-180740e09b87,878f6e41-bcd7-4f18-aa89-90133272eafa,42603dce-6486-4d82-bc50-f6c1c519001c,2026-03-20T21:15:39,2026-03-20T21:16:39,/,referral,True
755f46ec-de53-4908-bc26-d0f9f2860edc,eccb6e23-700f-4b9e-803e-9c681f12dd9e,dcf5abb8-723a-4717-8d3d-967b3b347269,2026-04-03T19:57:05,2026-04-03T20:05:05,/category/beverages,referral,True
03c0180e-80a6-48cd-988c-1fa6d44c9662,,,2026-05-25T02:04:49,2026-05-25T02:12:49,/category/jaffles,organic_search,False
b5076b0b-af2b-4ad0-b041-f575fc5f354b,,,2026-04-27T21:52:04,2026-04-27T21:53:04,/category/jaffles,paid_search,False
5236194f-9eb6-4dad-a253-d958b8421b6a,416cd82a-8e13-48b3-a6e1-dadbf5a29d2d,b9262448-2e05-4e15-909b-366e0aee34eb,2026-05-09T23:05:01,2026-05-09T23:08:01,/category/jaffles,organic_search,True
23f75eca-fb28-4a4e-9cf1-142b7cbfabb4,,,2026-05-06T09:05:54,2026-05-06T09:08:54,/category/beverages,referral,False
f5028cbb-999e-46cb-be0e-39b2794b1a3c,e6ef189a-76de-4ef5-ace2-676d69273e22,f2269275-78eb-4718-9f9b-a39cfceb9e06,2026-07-01T20:55:11,2026-07-01T21:40:11,/category/beverages,social,True
45a62c57-4155-483c-bad9-af203835237c,d6de888a-0aee-4f77-a7d4-daba8f0da415,,2026-04-22T21:27:33,2026-04-22T21:28:33,/category/beverages,email,True
2171ab8e-c3e1-482b-b935-3cff13d593b4,fa5ae382-e7ab-4d94-bdfc-7d689bc335ab,f436a538-7102-4a6b-b469-d34e46757f66,2026-05-24T21:56:15,2026-05-24T22:04:15,/,social,True
c4cddf07-0bec-4223-b8bb-f7f8330c6503,132425e2-d22d-43aa-a372-e3d9bfd77f8c,,2026-08-13T18:50:32,2026-08-13T18:58:32,/category/jaffles,referral,True
b1370b61-85f3-48e0-9396-669c6a3c0926,298ca377-a08e-4e0d-91d6-b0b5aff14c1b,cef6e514-dca7-4b85-9fc2-50841f0dd85e,2026-05-27T03:56:25,2026-05-27T04:04:25,/category/jaffles,paid_search,True
fbcf9de2-6ed8-483c-b189-d2402cdaa91d,5350fafc-45eb-4871-a195-d1cc090f9d9c,1954a129-0ba2-47eb-8358-bd9e24f5c609,2026-04-03T01:12:36,2026-04-03T01:32:36,/,email,True
bda52e8f-3972-4bf0-aa36-1a7421f4c2d1,96e4788e-210c-4cc9-97f7-b6b855134e0b,02bc38e9-b1ff-4b63-96b3-4676f4ba1f3f,2026-02-25T12:33:37,2026-02-25T13:18:37,/,email,True
74410fa2-9693-4f3f-9f08-9738f432b703,400ec64f-461d-45c5-b45e-b5c8dc21b4e1,13a6f5d1-6f64-4917-89b3-8dc2da2a1637,2026-08-03T13:39:31,2026-08-03T13:40:31,/category/beverages,referral,True
a9ab64cc-5a94-40e2-b6da-ee1e21c33bc8,4675a031-3216-463d-8c4d-42ea1283bd56,6a02a663-072d-4e3a-9004-71c91ea03eac,2026-07-17T22:56:39,2026-07-17T22:57:39,/,referral,True
cb7d1fbb-e7cd-4f94-a52b-eab4b41c56a7,,,2026-04-14T09:36:32,2026-04-14T09:44:32,/category/jaffles,paid_search,False
a116da02-6f52-45ba-8fb9-50d42c3ab7ea,355d89d9-bf5a-41df-9382-a5e57cbbbec4,541beeb4-f249-4ae6-8a3f-555d986b6a12,2026-04-26T17:44:55,2026-04-26T17:52:55,/,referral,True
52b00373-3333-4af3-9646-86b5a9b3c47f,,,2026-08-07T22:19:09,2026-08-07T22:20:09,/search,email,False
c05c13c4-02c9-43c0-aeb5-c414721a55df,a9976a20-42e5-4c26-a2d0-6ab72973887f,85675693-1e0a-4731-bf80-d1fee3b5016a,2026-03-31T06:52:08,2026-03-31T07:00:08,/search,email,True
98a13d1f-90f0-4915-b95d-fb142fe0a401,6a0e8a99-d39a-4600-9876-1344b693450f,75443dfb-f60f-4972-9c08-04540c63c9a4,2026-07-13T02:45:44,2026-07-13T02:53:44,/search,referral,True
517a92be-f98d-4a04-be7e-8f16158dd02d,33326773-e843-48d9-9641-9990733d705a,8c11e45e-ebf0-4df0-96fb-d41dcbe63bba,2026-04-02T10:58:15,2026-04-02T10:59:15,/search,paid_search,True
69db7206-37d2-4f36-b77e-ded866b03534,0327ed4c-b4a3-4746-9221-3bb172a05c50,506b5103-27e4-425f-83cb-233074ddbd59,2026-06-04T03:45:40,2026-06-04T04:05:40,/search,social,True
43dc7591-594e-4602-80d3-64ff7eaf9818,f1c1c41c-e3ac-4d0f-9604-06a648c54aa4,,2026-08-15T23:11:04,2026-08-15T23:12:04,/category/beverages,email,True
20c6a8c3-a9f4-47c4-af78-815c2dcf7ac9,,,2026-08-03T16:51:39,2026-08-03T17:11:39,/search,email,False
5a30bb17-8235-43c6-b793-8cb4787ea761,,,2026-03-08T21:36:28,2026-03-08T21:37:28,/search,referral,False
552b2549-6a5d-4654-b122-701e6a11edd4,367f1e9a-938e-4d15-8ec1-50ce91fef6ce,2f0c827e-3521-4ad8-9c24-9dfc25f280e1,2026-02-25T04:55:32,2026-02-25T05:15:32,/category/jaffles,referral,True
8d49a214-d5bd-45ae-8791-f29d20913fb2,,,2026-03-10T06:27:10,2026-03-10T07:12:10,/category/beverages,referral,False
149cffc8-afd7-4e20-98f7-f5778a119525,68f7b3c8-c205-42bc-bb75-a97603ceab5f,,2026-04-06T17:52:35,2026-04-06T18:37:35,/search,direct,True
b4a15e12-a766-4e53-9f5c-efd9d7891673,,,2026-02-20T19:26:01,2026-02-20T19:27:01,/category/jaffles,direct,False
1351c962-6be7-4887-856a-9af82ac92be1,1b221ed8-52ce-4d81-a181-c5317da12a7c,,2026-04-08T14:05:25,2026-04-08T14:13:25,/,email,True
7200b15b-495e-4df1-95bc-8cb47d7aef2c,77b903b9-c97e-44ae-8274-9dea7b101277,47fd745a-9379-49dc-817f-164715ea1f8f,2026-04-13T02:01:32,2026-04-13T02:09:32,/category/jaffles,social,True
74a1c609-e137-467f-a4aa-ee31942792f3,,,2026-04-06T11:05:59,2026-04-06T11:25:59,/search,referral,False
3c48be4e-8fc8-479e-9c40-2b6257c5854a,65dbcba7-fbb7-4837-ace0-5cd3cc5dd4a4,6673b880-8c24-4468-89ad-4ccb196d725d,2026-06-30T19:15:34,2026-06-30T20:00:34,/search,organic_search,True
84d43622-7cce-43d9-b8d9-ec5cb988f4dd,b0cab1cc-6689-4922-a78f-5c6e1c458cd1,154cb007-17c7-4ec0-ae39-264db5ce3c3d,2026-07-04T19:50:41,2026-07-04T19:53:41,/,referral,True
ae82d8a0-8d24-4c78-9a20-21134b3c3129,,,2026-08-01T04:47:51,2026-08-01T04:50:51,/search,social,False
50dd79c9-7b5c-4984-9247-6c3dcef27f21,ab13dd68-d82a-4dbe-b352-0f4df96ff5e3,792c94e1-cfd5-4ceb-8329-b12e76eca1f4,2026-07-11T08:09:24,2026-07-11T08:17:24,/category/beverages,direct,True
a534cf2b-f15d-4ec9-bb3d-2f94be6a55ba,,,2026-06-05T09:22:55,2026-06-05T09:30:55,/,organic_search,False
84996e45-2e7f-47d0-94c9-ae1fc0c532dd,,,2026-06-01T06:07:00,2026-06-01T06:08:00,/category/jaffles,referral,False
a4599a2b-3121-465d-8e51-3da4f395c43b,efb0203d-c970-47ec-8644-2090a658224b,9782dd5f-00ee-4536-a9a8-6696f05e7d59,2026-07-27T23:12:45,2026-07-27T23:20:45,/search,social,True
37ff7d03-1f84-405e-9f5d-5e99cd950298,33d208d7-91f2-4d70-9f75-c1bf87481c15,297fc3b0-5016-4a47-8d40-b1060bc64517,2026-07-15T13:34:20,2026-07-15T13:42:20,/category/jaffles,social,True
ec02cd22-a919-4c36-9358-b9a58cbdf746,,,2026-04-15T12:08:34,2026-04-15T12:28:34,/,referral,False
690e764b-8903-48d0-95a2-35ba09e1450e,,,2026-07-05T22:50:11,2026-07-05T22:58:11,/category/beverages,organic_search,False
978126be-24c4-4ecb-bd9f-7f7ffa039103,,,2026-07-27T19:51:17,2026-07-27T20:11:17,/,email,False
179463b9-d3a3-41c9-8109-56a09ec59c96,,,2026-07-25T15:33:46,2026-07-25T15:41:46,/search,email,False
0db703c6-907d-4602-93db-b0f80affa907,e6debecd-a5cf-4ced-957e-7fb31720480c,ece099f2-753b-40d7-92b3-1fb3719b9c17,2026-04-19T12:16:19,2026-04-19T12:19:19,/search,organic_search,True
09ddf619-159e-432d-be19-dd857384c7d0,,,2026-06-07T20:31:54,2026-06-07T20:51:54,/category/beverages,direct,False
94021104-3b17-49f8-a4d6-a5a836d96e82,,,2026-05-31T14:36:31,2026-05-31T14:39:31,/category/jaffles,organic_search,False
16d8c1b8-924a-4f60-948c-f2a00253db40,,,2026-02-26T20:32:16,2026-02-26T21:17:16,/category/beverages,referral,False
c4a314aa-e5c4-4025-a0d7-3f92782f1801,,,2026-06-03T16:24:00,2026-06-03T16:25:00,/category/jaffles,direct,False
a319ff84-f532-49e3-a7f1-0477d8da9d82,4da311cb-8e0d-487a-8fdd-4a94529db3e4,364ee8c2-996f-4f1a-aa37-579280a0a379,2026-03-04T02:15:47,2026-03-04T03:00:47,/,paid_search,True
33a801d9-4c93-4759-a978-77857e9fe411,e4adb740-2faa-44fc-bc18-4aa698032414,ba820d58-c2c4-4897-984c-a747e43d75ae,2026-04-22T20:37:16,2026-04-22T20:38:16,/search,email,True
5d53d30d-fdc0-4bc4-843b-ce4acff3fd07,58ebbf6d-7eee-4180-aa0d-151621abffcf,8807393d-cc7f-4ae3-b1e5-4e0d12fcb6c4,2026-04-25T17:27:45,2026-04-25T17:28:45,/search,paid_search,True
9dda0dd4-618f-4461-95fa-34370e95e067,,,2026-05-14T19:02:27,2026-05-14T19:10:27,/category/beverages,organic_search,False
8c3fb16f-4e29-46c5-ba33-1b861deee8c5,,,2026-03-13T20:40:19,2026-03-13T20:43:19,/category/jaffles,email,False
a56119dc-2240-4351-8fd3-ece2a0111574,4c11a926-7100-4d06-8910-5b0d5f3d7e9a,c2f85549-94cc-49ff-8945-6af8f962983f,2026-04-08T22:47:31,2026-04-08T23:07:31,/category/beverages,paid_search,True
ea925ae4-acb5-4d3e-93f3-e661b88d0df3,e0cbd2e1-eee7-409c-9cf1-707eb4f867ce,64014478-1c07-488a-87ba-7e8cbd1c4d16,2026-08-15T02:47:45,2026-08-15T02:50:45,/search,email,True
add1ddc7-cbea-4513-a70a-df7584cc1eff,3870073a-f764-4a2b-bc64-18e4569bf784,a7066825-d3cd-430b-ac17-8108934afe50,2026-04-01T18:34:49,2026-04-01T18:37:49,/,social,True
33f5977c-46dc-4e2d-9121-6bc52f748a05,5d24b6bc-2eea-4766-a11d-b0aed43f038a,,2026-05-26T01:38:51,2026-05-26T01:46:51,/search,email,True
fdf1afdc-3a87-49c9-82e0-31872073de57,,,2026-06-22T20:00:10,2026-06-22T20:20:10,/category/beverages,social,False
ac465a26-d243-4340-9c9b-9a92b790df55,,,2026-08-01T12:55:57,2026-08-01T12:58:57,/category/beverages,direct,False
72c52b26-6bff-4edc-898a-0971d1a8c7af,2a0095cd-099e-45f3-a8ed-241dbe5cde18,b1a621dd-f231-415b-b3fa-aa2c2a3862c0,2026-02-23T14:01:01,2026-02-23T14:02:01,/category/jaffles,referral,True
33b9c79c-1790-47e2-89e9-eff9e0810c3d,,,2026-04-02T23:30:18,2026-04-02T23:31:18,/,organic_search,False
425cd912-feb5-40a4-97f5-555dc0aaa3a0,b0382b3d-f5c4-4ecd-9e82-9ec911feb36a,,2026-03-06T19:08:46,2026-03-06T19:16:46,/,social,True
895be73e-b89a-4ae8-bc24-23f80e715cf7,,,2026-04-27T21:57:15,2026-04-27T22:00:15,/,social,False
c5c2bfd8-a013-4f09-911d-83f9a1fa6b82,3eb1c53f-4af3-42d8-8608-40548ce4843d,dde52e82-9402-4374-8b75-41d20b50843d,2026-07-18T08:08:09,2026-07-18T08:09:09,/category/jaffles,email,True
fbc32e94-ed25-43ea-a448-99f894270637,7bb8fda6-2726-4199-a7aa-ed27cdfff312,0dd89c6f-2e21-4d25-bdad-dc10199d8550,2026-03-21T15:12:26,2026-03-21T15:15:26,/category/beverages,direct,True
9144e0cb-e085-4efc-83c7-5fbf982c8d86,b43d4e7f-d2c2-4f0e-a706-cfd02d61a398,9cf17d22-e253-414a-a809-1f824017eced,2026-03-15T19:02:49,2026-03-15T19:22:49,/,email,True
2d8ff0cd-7500-46ff-b8a8-62e4587a566a,1bf35f99-4627-4c80-a5f8-0797538eaf54,cd45852a-41ac-43f5-9c41-5d7841fbd22b,2026-03-10T20:27:09,2026-03-10T20:28:09,/,paid_search,True
d17980ae-4bde-4311-9761-09d724933c36,f4c4994a-5a77-4a2f-902b-4f69c22ccee3,2e335b8e-16ee-4bc4-baae-cffa5ac4534d,2026-07-11T22:00:14,2026-07-11T22:08:14,/category/beverages,social,True
d081fb43-b8e1-427d-88e1-f4357ca44e55,7745384f-ccaa-4363-a18b-5e9ff0a824c0,5df66cde-1e46-4ada-9604-5862e5137860,2026-02-18T10:35:37,2026-02-18T10:38:37,/search,paid_search,True
e9f50b22-a956-41f5-8b56-71ac9d28d21c,,,2026-03-09T11:09:49,2026-03-09T11:10:49,/category/jaffles,referral,False
1cbcc7f7-fc6f-4f35-9279-a1900bff7646,fc41d86f-78f3-476a-882c-3eafc02d61f2,ad0a8918-7c03-4bef-ac11-bfd9a04e0d2b,2026-05-03T09:51:28,2026-05-03T09:59:28,/search,organic_search,True
44e0907f-cfaf-472f-a8e2-9bd39cd83dc1,bb0bc182-b8f7-4f26-b794-dca522dd4cec,,2026-03-30T03:14:38,2026-03-30T03:22:38,/,email,True
4c86255c-4b3b-4393-a25e-fcb114bd816b,f6722fed-e7e1-443f-84e8-a753dc7dcd63,,2026-06-28T03:55:01,2026-06-28T03:47:01,/category/beverages,referral,True
b982dc22-4231-4a92-ad7d-ab690c73e1f9,58e0c4db-27d0-4c06-9252-c40364b1ae74,f37cc2dd-b2c6-45e5-bc2a-3578fca97c78,2026-06-23T01:12:53,2026-06-23T01:20:53,/category/jaffles,social,True
2bc4e316-596c-4739-b7ac-97b16edb18f4,701ab460-123c-42eb-bae0-fbe7a111ebd7,995eaa4a-1054-4b5a-8260-9e8251d01092,2026-06-15T18:49:39,2026-06-15T18:50:39,/,referral,True
4162706a-b2c0-4b3b-876b-105c286dd23e,,,2026-07-10T02:20:02,,/,social,False
babe6d6d-7b79-409e-8188-47b3e072e055,23c5eb35-05e9-4347-8854-ee86ec27393e,,2026-05-09T20:56:48,2026-05-09T20:59:48,/category/jaffles,social,True
1b43d74a-695d-44ed-ac87-bcb5496d0ef1,017413ff-58e5-4097-93e6-84f98038b20b,45099dd0-5b12-4456-b181-7f5552c7aa74,2026-08-12T12:19:11,2026-08-12T12:22:11,/category/jaffles,social,True
3a9824f7-d72a-4a08-a881-db95b13ab63f,a792d50a-1570-450f-901a-c26bc3b4a9dd,3df9857a-351e-4dd1-916f-1e9dbe9c6cbc,2026-04-21T23:38:03,2026-04-22T00:23:03,/category/jaffles,referral,True
7c0f22bf-8089-4564-addb-e3a1d28e8a95,,,2026-07-14T23:42:29,2026-07-15T00:02:29,/search,direct,False
6e5cd043-7746-4a79-bff5-edc325bc85d6,8c39c27b-eb7a-452f-9581-a78bdf3ed9eb,89dc8f66-fec0-4813-90d3-be5da2a59736,2026-06-03T11:21:52,2026-06-03T11:24:52,/,referral,True
11f6cfe7-be9f-40ab-b5cf-299169d17039,,,2026-05-12T19:20:45,2026-05-12T19:28:45,/search,email,False
16b14f5e-7e78-4094-8280-95f7d6531438,af3dbfea-4df6-42c8-9826-57806904f81c,54984b2f-5212-4a0d-8872-82059e65002b,2026-05-14T17:17:16,2026-05-14T17:20:16,/category/jaffles,referral,True
f4b5776c-7479-4aa3-9e27-4a89e8cf62fd,e0cbd2e1-eee7-409c-9cf1-707eb4f867ce,5d98d38d-1813-4b22-806a-6a53d76d077c,2026-05-14T13:20:31,2026-05-14T13:23:31,/search,referral,True
99d3d2dc-c95e-4c6a-a1c0-58b463d3f7e9,,,2026-04-17T23:53:13,2026-04-17T23:54:13,/category/beverages,direct,False
691d492f-ccf2-42ad-9ec0-0cd27b73a82a,,,2026-03-30T14:04:08,2026-03-30T14:07:08,/category/jaffles,email,False
1fb58b7a-048a-443b-a718-0171b2324dd1,,,2026-03-08T18:03:09,2026-03-08T18:06:09,/search,paid_search,False
fa8d03dd-f905-40cd-afd4-550735bce261,,,2026-02-26T19:37:49,2026-02-26T19:17:49,/,organic_search,False
7a9763d7-4208-4054-b82e-a8ce65aab145,50fb8eb8-955f-41ca-ab6a-faaff8141652,aa820628-ac85-4ce1-a472-78454640c478,2026-08-07T04:02:59,2026-08-07T04:05:59,/search,organic_search,True
0153703b-2c11-4105-9d09-1fcf2b5c85ec,,,2026-06-20T15:07:56,2026-06-20T15:27:56,/,direct,False
96458d98-d0dd-44eb-8480-74659bbf8ddc,14dec3ce-7570-4c3f-af8c-e9c0d74cfcd2,e7d35370-5697-4e12-9fcf-636c8ebe72e4,2026-08-02T01:53:31,2026-08-02T01:54:31,/category/beverages,paid_search,True
d41d09ad-9b52-4bc1-8c4e-1abb9269c1fa,b761dca2-f8ff-4709-b645-9b0591dfa353,72dafddb-2a95-48a8-ac3a-6ccc522d3966,2026-07-08T06:10:16,2026-07-08T06:55:16,/category/beverages,email,True
0200b214-241b-4497-a2bd-0f7099261f1b,2251b079-d6df-4d71-bd74-d2a00e841a9d,54ffb708-d316-48cf-ab63-d80a0bbfbabe,2026-06-06T01:33:43,2026-06-06T01:34:43,/category/beverages,organic_search,True
df26a740-67af-4f33-8e8a-7e344c32d0f7,f4c4994a-5a77-4a2f-902b-4f69c22ccee3,0db2a039-6f59-4d2f-b2f9-1868e3c5a538,2026-08-01T09:20:39,2026-08-01T09:23:39,/,paid_search,True
ab532a81-79e7-4438-a6ee-1e84be5bb20d,,,2026-05-16T09:30:10,2026-05-16T09:38:10,/,referral,False
3acbb838-25a0-460c-b1cf-d49aec60c5e9,d3adc9f1-fd4e-45ad-9d75-0919a6617f7a,cf66a373-d3a8-406a-99dc-03cc7a39cdc1,2026-04-01T14:31:50,2026-04-01T14:39:50,/,referral,True
87331456-5cb8-494d-97c3-7501abee25fe,3934f6b2-65db-491f-93be-76ec718440d9,4f3beac0-0a07-43b8-b6e0-0f22606c8c21,2026-07-08T16:39:13,2026-07-08T16:40:13,/category/beverages,referral,True
379617ee-04bc-440a-9fa4-f139306bf555,8beae791-1455-41dd-a451-67f75ee83ea7,0a93cf67-513b-4f34-ab74-39cb49e2ce3f,2026-04-01T10:36:45,2026-04-01T10:44:45,/,direct,True
59edf146-6a86-4c0b-9961-b85b869b62ce,e9647282-4e31-40a7-a07e-5d10cd7e447a,287c53e1-d085-472f-a51c-cf41071940f9,2026-05-28T05:51:56,2026-05-28T05:54:56,/,referral,True
58427436-fb2d-4ca5-b704-2849af4798d7,,,2026-07-29T13:24:49,2026-07-29T13:32:49,/category/beverages,organic_search,False
2e749839-e0f1-48fe-961a-ce95e3c762f9,b8cf5c4c-27e2-4106-9058-eb38559661e0,ab03a999-acd0-4d8c-9081-a79f5c212d8c,2026-03-15T14:08:53,2026-03-15T14:28:53,/category/jaffles,social,True
7603bac7-0f06-41b4-8c74-0c7a6e1baf4a,,,2026-06-23T09:23:32,2026-06-23T10:08:32,/,referral,False
f6cf2e6d-5437-4552-9465-6dd323a6ca0e,,,2026-05-16T12:57:52,2026-05-16T12:58:52,/category/jaffles,direct,False
2f69be57-2442-47b7-913d-008ea4a0e310,5b16d3ac-510a-4143-8a0a-785ce783f3d8,,2026-06-09T04:11:28,2026-06-09T04:19:28,/,email,True
a6fb991e-8955-4d55-8799-ee33fb38be94,a7cebb21-0f26-4834-8a09-e3269b21a77b,82bfea4a-9b3d-4ed2-9e86-52ebb153535a,2026-05-05T07:49:07,2026-05-05T07:50:07,/search,email,True
8508c164-81ce-408d-8a84-749141e961d6,,,2026-03-29T20:13:36,2026-03-29T20:21:36,/category/beverages,paid_search,False
3336e037-7c33-45c7-a26f-d498571bc934,,,2026-04-10T04:52:58,2026-04-10T04:55:58,/,organic_search,False
0bb96e64-de25-42dc-bacb-577d13435c52,d78e6e3f-3ff1-49b6-9dcb-129816aa0ecb,,2026-08-09T05:30:06,2026-08-09T05:33:06,/search,email,True
f4cdd8d3-c860-43cb-8b1e-c5e93a5fb5e9,,,2026-06-20T19:20:04,2026-06-20T19:23:04,/search,social,False
c8b2ba7d-a746-4769-80d0-aa1e91173507,c9276a13-5b0f-4ce9-8802-3e0ead192508,9522d6a0-2199-4d90-865b-774cbcbebbcb,2026-06-13T09:25:54,2026-06-13T09:33:54,/,paid_search,True
021920f4-da42-40c7-8e72-ab482c732f7d,72492cee-bfcb-4501-9a63-5afe45f5215a,a641854d-3232-4de2-95c9-a566e34a4124,2026-08-09T05:17:16,2026-08-09T05:20:16,/category/beverages,referral,True
59beedc9-7e80-4789-8c3c-d44ea6d50d75,,,2026-07-01T06:52:09,2026-07-01T07:00:09,/category/jaffles,direct,False
aafa829a-d646-443e-b460-f3c7b517e384,7fcd9f31-c0cb-4414-9981-9d014f593081,77b4b5ec-40ed-4b84-b950-9acd6083b593,2026-06-29T12:14:13,2026-06-29T12:17:13,/,direct,True
509d753d-2112-457e-a852-c095acc03e65,117583ee-3cd8-4690-89c9-d804aedc86a8,a4e7965d-2dab-445b-a5aa-b452fc582d4f,2026-08-02T11:30:17,2026-08-02T12:15:17,/category/beverages,paid_search,True
053bce7a-58f0-4aee-8815-78026e8399c2,e52a8700-3ab9-4c47-8a16-e799e997a931,,2026-03-13T07:50:45,2026-03-13T07:51:45,/category/beverages,direct,True
d4834fa2-b94a-45e9-a5a8-948fd36d2f6f,8dcd5fa7-1a1d-413e-9468-5f4b02f2f3fe,e90fa3e9-a08c-4c3d-9cb1-cfb87accac78,2026-07-02T14:22:05,2026-07-02T14:42:05,/category/jaffles,organic_search,True
e94436a3-eacd-4f2f-985f-8767887baf3b,,,2026-07-23T07:56:19,2026-07-23T08:04:19,/category/beverages,direct,False
7a639a2a-c18c-4f1a-a2f0-38f9fd9296f7,d6914b8f-0d72-4044-a61b-055adb02f005,23b85a15-2203-461e-a770-ea4ffe93da20,2026-03-20T13:21:32,2026-03-20T13:41:32,/search,paid_search,True
d4473384-15e3-47d3-9667-e1eabdfac42b,96f4e93c-c759-4fc7-b4a3-c8a153858bea,98570d82-0110-4411-8479-2cf7a45de9f3,2026-07-01T13:35:15,2026-07-01T13:55:15,/,organic_search,True
0585bf15-1684-4b07-9b23-d8728c5c0819,c0a8be37-975c-4b34-8989-1eb846c63871,,2026-03-01T01:36:09,2026-03-01T01:44:09,/category/beverages,paid_search,True
f9d165f8-1ddf-43e4-8cf9-4cb2982a2c1e,2fac4408-7728-454c-94d8-16b7262380b0,5adf4181-d3d6-49dd-8d8c-484285eae8a1,2026-03-30T18:21:17,2026-03-30T18:24:17,/search,email,True
a284b054-d6d7-479b-8996-38754a4af4a3,,,2026-06-14T06:07:27,2026-06-14T06:52:27,/,social,False
eac00d2e-7ead-49fa-8822-3e26f5f4dd3f,41b09fe3-c0bf-4484-bc20-f48aedb5e7d5,36e3f63b-ceaf-443c-b148-d7382dac5680,2026-03-07T12:25:18,2026-03-07T12:33:18,/category/jaffles,direct,True
0b4b4e47-bffd-459b-a78d-e703c873dc17,0d78df79-b2dc-4cea-b7a0-712c91c0433d,,2026-06-10T01:48:34,2026-06-10T02:08:34,/category/jaffles,email,True
f474d5fe-dd39-491f-b662-90c8decb717c,,,2026-05-11T16:14:01,2026-05-11T16:17:01,/search,paid_search,False
ea169a80-d4c6-4bf1-a782-016e596f2432,,,2026-02-20T17:10:58,2026-02-20T17:11:58,/category/jaffles,paid_search,False
92c874ff-868a-4bc6-8f7e-2faea0eec411,,,2026-03-19T05:21:42,2026-03-19T05:22:42,/category/beverages,social,False
39653615-0b4e-40c8-b423-bb2be8cc8678,,,2026-04-23T15:51:40,2026-04-23T15:59:40,/category/beverages,paid_search,False
c743c938-b22e-49cc-8fb9-24fa30e2c006,4cd79f83-9fc7-43e4-a4c1-89402b7124e1,a1e82ef3-a8b3-4e23-a2e0-4de654d2867f,2026-06-20T10:00:57,2026-06-20T10:45:57,/category/jaffles,direct,True
033299a4-80b5-40e4-8690-f18eaaefe981,,,2026-07-25T01:59:07,2026-07-25T01:39:07,/category/beverages,email,False
7579dc84-0bac-4c4e-a7fa-19650ea5ec1d,0f708081-5838-40db-84a9-ca8b6845336f,6d870253-8065-48c6-9891-b3822723aaf0,2026-04-26T09:05:43,2026-04-26T09:06:43,/category/beverages,referral,True
349ad500-8dfd-4077-839c-144b6bda4830,e6e0c2ef-00b6-4d38-a129-32d4aa4e795d,ab9b29d3-e5dc-4959-9508-1070746ea61c,2026-07-23T18:22:49,2026-07-23T18:23:49,/category/jaffles,paid_search,True
7c238575-42bd-4ea6-98a4-b7c840f47a36,32927010-1d7d-4cd9-a500-593804ff0e77,,2026-05-06T09:11:28,2026-05-06T09:19:28,/,organic_search,True
ecd31cfa-35bf-4cba-a2e0-d06293810ac4,3cec8c73-424f-46c6-a5a7-cb5cd5141538,6bc09a56-f2d5-4a71-bddb-c0c2bd8184bc,2026-05-13T09:01:53,2026-05-13T09:04:53,/category/beverages,paid_search,True
b049d1f1-9d58-4ed6-9b8d-27a35f53073d,,,2026-07-27T13:24:18,2026-07-27T13:25:18,/search,direct,False
994d8025-4109-4ca5-9aa4-5bef341ebdbb,58e0c4db-27d0-4c06-9252-c40364b1ae74,f37cc2dd-b2c6-45e5-bc2a-3578fca97c78,2026-07-27T00:16:10,2026-07-27T00:24:10,/search,paid_search,True
7da07dd5-81ef-4c01-b914-bc71c88a86e3,b66095e0-346f-477d-8c25-3b70d4dfab70,9909a455-4aac-4de2-be78-9f4943b6acbf,2026-03-21T10:28:49,2026-03-21T10:36:49,/category/beverages,direct,True
393cb0eb-532d-4068-8ad5-8d40aa98573e,,,2026-04-28T01:43:22,2026-04-28T01:51:22,/category/beverages,email,False
f29dfc27-ae8f-48ae-a068-4f4b9ac35820,b8edba64-3db4-4841-8f8d-dc00dce6fb67,14e878b5-6531-45d4-a349-6efb1b1205e1,2026-08-02T23:59:40,2026-08-03T00:07:40,/category/jaffles,paid_search,True
b264acdc-2a91-4325-9297-094d3c41a279,,,2026-07-04T16:05:12,2026-07-04T16:08:12,/,social,False
317ae0da-696f-442c-a998-cbb50870a411,017413ff-58e5-4097-93e6-84f98038b20b,250b99d1-09f4-476b-b0b9-6a225a4f42bd,2026-03-31T02:36:29,2026-03-31T02:56:29,/,direct,True
bd6fafdf-e1e8-428f-ab5f-51eb750c9461,f7d61334-5d22-49f8-a022-903921239047,e668c0c4-5ba7-4a5f-aa64-e493e6aee960,2026-03-09T19:27:24,2026-03-09T19:47:24,/search,direct,True
4d61c301-4372-4831-bc29-09ba10d8f150,,,2026-05-07T14:52:24,2026-05-07T15:00:24,/category/beverages,direct,False
fc9ca95a-065e-45e9-9d94-f7c6d6cc18a7,,,2026-05-24T10:12:16,2026-05-24T10:15:16,/category/beverages,referral,False
910558ac-c7f4-42bd-8c3a-b8a4f8e1af98,4d6ee3e3-9ec6-4c2e-9552-a75af6d19f14,,2026-06-10T12:36:27,2026-06-10T12:37:27,/category/jaffles,paid_search,True
bce3ae21-b01e-443f-b22e-69da98776395,,,2026-07-06T19:28:13,2026-07-06T19:36:13,/category/beverages,organic_search,False
c8167eb2-c71a-4af2-8b47-7aead488798b,582e9081-9542-4d02-9ed4-d41c93fa8b2c,ee387f84-fc26-4abc-a54c-058ba59cc53d,2026-06-02T03:51:16,2026-06-02T03:59:16,/,referral,True
784896c8-1c7e-4bc1-bae9-063763b28365,358fc32a-8446-4c62-b4a1-92b145a689e8,a37d9fa9-c636-4cad-b6cc-932e1e771da7,2026-05-16T11:16:12,2026-05-16T12:01:12,/search,email,True
82092d51-562a-4959-9d84-f8241911e67f,35bb651c-499f-433f-b5af-b793b285e727,f2bc0deb-f645-48f8-aec5-bcf7864a14b8,2026-03-09T22:54:05,2026-03-09T22:57:05,/category/beverages,direct,True
e7ee394e-e451-4253-8701-8828ae9ed3d5,f1c1c41c-e3ac-4d0f-9604-06a648c54aa4,,2026-04-12T08:14:12,2026-04-12T08:34:12,/category/jaffles,referral,True
22e566c8-6b67-4d00-9e3a-cb534f71ad56,8976b896-e0e8-4696-b268-5587e42efaa0,0201e498-6f64-4afe-ba18-65b1c90fec2a,2026-05-05T04:59:02,2026-05-05T05:19:02,/,direct,True
172d8c71-d227-4bf7-be51-53011dfc97b0,,,2026-04-22T08:06:16,2026-04-22T08:07:16,/,organic_search,False
ec90b3aa-d3be-4d2d-a637-b4434707be7f,34a7e239-a098-4105-a6ab-b1a2c1c1c160,,2026-04-01T09:40:45,2026-04-01T09:41:45,/category/jaffles,email,True
4a3dd455-89c1-45a5-aecc-1e3f47c19ff1,7d624fe1-d3a6-4326-a6e6-32ebc0c46ea9,5840a0d4-98fe-4684-866c-fafb28a7b486,2026-06-26T12:22:02,2026-06-26T12:42:02,/search,email,True
8d4af9a4-7a5d-4b60-bd39-0159cbdbabd8,,,2026-05-27T09:32:58,2026-05-27T09:40:58,/,referral,False
66888f18-101c-4a48-9e8f-50f9de17c79c,c401aa52-5d86-4872-a6fc-75f431023457,42b3f9b3-00c0-46e3-ae27-ad074dfd6196,2026-03-16T12:44:55,2026-03-16T12:52:55,/,direct,True
f94a5152-d438-429b-b71a-da3df6de4159,,,2026-06-19T20:12:37,2026-06-19T20:20:37,/category/beverages,social,False
d5c4f7c9-4d5e-43b0-8eb9-023cb7230e9d,aa006c1b-6b97-4f02-99a9-57923d13eb8f,,2026-04-16T21:13:18,2026-04-16T21:33:18,/,social,True
bd57df79-bd62-431a-8535-7ee6c0d112bd,5b2179c5-dd1c-45b4-b99c-10f1c7c201f4,,2026-07-25T20:46:35,2026-07-25T20:47:35,/category/beverages,referral,True
1767e26e-655c-4ca7-b4b6-52c7ea001ec5,,,2026-05-31T04:59:06,2026-05-31T05:02:06,/,referral,False
87788970-106a-43e4-b9d4-6dea3088bf7d,8cf43099-d49e-4e95-8b08-3d61df8b947f,661a994c-bbef-4fb4-8875-b91ab4dd000b,2026-07-18T02:03:35,2026-07-18T02:23:35,/,email,True
520ba154-a10b-4f24-bc70-a43edf0fe784,,,2026-04-02T19:09:09,2026-04-02T19:17:09,/,paid_search,False
eb0e56e4-9323-4ac8-84e1-1f8e831dde41,,,2026-07-07T11:24:35,2026-07-07T12:09:35,/category/jaffles,organic_search,False
4b127f85-82c4-460b-aad4-3699837bfd39,c958448f-45d7-416d-a358-45098ec2a9da,,2026-06-29T23:41:55,2026-06-29T23:42:55,/category/beverages,email,True
b5b9041c-955b-45bf-89c3-11912c907978,7fcd9f31-c0cb-4414-9981-9d014f593081,77b4b5ec-40ed-4b84-b950-9acd6083b593,2026-07-06T19:04:46,2026-07-06T19:49:46,/,social,True
bc47b237-3285-4c9d-834a-b01eac76442d,,,2026-02-17T17:04:58,2026-02-17T17:12:58,/search,referral,False
048f4acd-a8f9-44c8-988d-6259454f1822,a3d91be1-b5d9-4d3c-bdd8-ab49cd378f30,25ffdaf0-4bca-4251-bac5-fc3603e00120,2026-05-03T04:00:41,2026-05-03T04:45:41,/,direct,True
1c60b043-a6a9-46e8-8515-cc2a746dc99d,2f771a5a-3d76-48e3-985b-b7e91e092c46,ad583c96-5b7b-40dc-8fe3-90ac826c73ee,2026-06-03T10:13:43,2026-06-03T10:16:43,/search,social,True
7f95687d-2e5d-4ff3-943c-0e6257380887,3f3af4f6-a87b-4f03-8669-2e1a8e3c6d8b,5bffb7f9-5822-444c-b92c-31749bc231a1,2026-05-21T11:12:00,2026-05-21T11:15:00,/,paid_search,True
767dd94b-b6ef-4a1a-9ffa-8d64af098121,7863e37d-24c8-4e18-8730-ea7e2a65606d,d6b0e003-4a23-4668-98ed-26460b2054e5,2026-08-10T19:20:57,2026-08-10T19:23:57,/category/jaffles,organic_search,True
8cd38e0c-2226-4d42-9604-20ed3e1f1657,,,2026-02-17T15:32:06,,/,direct,False
e634183e-7c25-46c1-a1e8-61d5b339fbbb,aac35f19-8d02-4c6c-b979-74da55c9ddb1,cbe47e00-3ce6-44a4-b8f1-99a03cb2e8fe,2026-04-17T13:45:23,2026-04-17T13:48:23,/category/beverages,social,True
07961330-f22e-42bd-ab9b-372f44bbdc07,,,2026-04-04T19:14:37,2026-04-04T19:34:37,/category/jaffles,social,False
a18949f1-c9b8-46f1-8c0c-93391261c908,,,2026-07-12T11:57:09,2026-07-12T12:00:09,/search,email,False
53d6a517-4d6f-43b9-8304-e2d6ae8c2406,bd081d89-0320-4774-bb4c-798b6e253b0e,5602a16c-2fc4-4261-a707-db182a32aa70,2026-04-15T19:56:48,2026-04-15T20:04:48,/category/jaffles,email,True
0e22d639-64eb-4c42-809c-08a9e972e3ca,120d57b9-de14-4717-aefe-ab126645435d,2b774c67-3f8b-439c-91ec-2159ac991594,2026-06-23T20:54:24,2026-06-23T21:02:24,/category/beverages,direct,True
a468189c-4c23-43b2-888f-485fba86d603,80617fda-335d-411d-aed3-ca3917a8cff2,4f2edff5-772b-4276-83f7-2ff39fd1a8a3,2026-06-11T16:00:00,2026-06-11T16:45:00,/category/jaffles,organic_search,True
c061af0e-67ea-4033-b698-7352af57bbbe,5fccc95a-c30f-4525-a4a6-43861baae99a,f664a745-126d-4b79-b9ca-4482375f13a1,2026-04-10T01:55:56,2026-04-10T01:56:56,/search,direct,True
648fa034-0e70-4e52-a376-9aa23a358893,9d37a85b-84b4-486d-b852-fd896a50fbf6,413ee122-8ed3-4393-b211-34a8c2714f27,2026-04-22T19:02:26,2026-04-22T19:05:26,/category/beverages,organic_search,True
4792b5c4-ed90-4cd9-9d1c-155f0bad924b,d4d6e685-70a2-49ea-b511-383a54d18cfa,,2026-02-22T13:13:19,2026-02-22T13:21:19,/search,email,True
bc9990d0-c952-4e0b-a64f-7ceeacc74abc,1380e029-b899-4413-a8da-0741720a6a06,b5ef7d00-95e0-40a3-bca1-8cdaec5f09c1,2026-02-24T03:22:13,2026-02-24T03:30:13,/category/jaffles,social,True
feb84342-e092-4fb8-851d-50830c9961de,,,2026-03-31T13:04:45,2026-03-31T13:12:45,/category/jaffles,direct,False
d3d5f49b-17ec-41bf-9fbe-7d1eeb5dad35,cf1ff13a-ac47-45d6-92eb-1583ead19df6,,2026-03-17T19:51:00,2026-03-17T19:52:00,/,paid_search,True
9515b0e2-de91-4dc1-8c6c-cdb18dbf9918,,,2026-08-15T17:06:58,2026-08-15T17:14:58,/,paid_search,False
a48f18a2-26fb-44de-8e24-e0ca8f57629f,ce8210c0-c537-4fd0-80ef-c3e8063b748a,f0e6bc61-5f42-4a27-acbe-e3bba7dae2ac,2026-04-19T18:33:20,2026-04-19T18:36:20,/search,social,True
391a672c-6708-4d9f-8964-bfeeaf31c14a,,,2026-08-11T23:00:48,2026-08-11T23:08:48,/category/beverages,referral,False
2cc73d02-2693-4034-9091-f647faa97d3e,9f72b282-1f70-450b-988f-9b3029fa121e,f5c2111a-7557-4184-b4da-71040aecbdf2,2026-06-20T00:00:07,2026-06-20T00:01:07,/search,email,True
45fc4571-3001-4195-b71a-3f41c0cae634,0d0eb3cb-f3ad-4673-8ef1-3b4600242421,,2026-04-08T02:39:53,2026-04-08T01:54:53,/category/beverages,email,True
eced77bc-dff2-49ed-a20f-5e1caef85b7b,b01b46fd-8f75-4db5-806d-c5c5980008c4,05f040bb-7cea-449c-a18b-31a2d6415cd2,2026-06-28T16:42:45,2026-06-28T16:45:45,/search,paid_search,True
f1d96a0d-f315-4f8e-81ae-7e7bb39b0336,,,2026-03-27T03:19:10,2026-03-27T03:22:10,/search,paid_search,False
51e16e7d-3fee-4e3b-922f-e7260f7a1bc6,70a0c69e-1bf5-4805-bf9c-4714e193f75d,180991dd-8c40-45d9-b973-21665070f286,2026-06-11T19:00:48,2026-06-11T19:03:48,/,email,True
ae266a08-98fa-4609-bde6-f6889facc7db,6939d1d2-fba3-4888-8c53-6898bb73c26f,abe2e158-f3a5-4137-b428-e7d2c116dd21,2026-04-08T02:19:43,2026-04-08T02:22:43,/category/beverages,organic_search,True
89904e2c-9b53-4b4e-b8d5-6cfcf975c04a,,,2026-06-05T19:58:29,2026-06-05T20:06:29,/,referral,False
4e14492e-3a46-4592-83ca-9397deb3ba9b,8639eac0-9cd8-4fe5-9e10-8526a16018d1,fd29d44f-2f16-4c49-9e3b-440ae1b2394a,2026-04-02T06:10:03,2026-04-02T06:13:03,/category/jaffles,direct,True
d0e0c2b9-9360-49f0-a73d-5840518e3e29,94638355-4830-4837-8708-12531dc89dbf,390601cf-7d50-43fe-91be-197e811a9e9f,2026-03-12T10:56:44,2026-03-12T11:16:44,/category/jaffles,referral,True
0c8976eb-5b3d-449f-a7cf-04776e24b8a3,4fc0f100-7ad9-49a8-9620-f0e3a0e42a80,a252cd5a-0410-45c5-93d0-d9c2cf8d2736,2026-03-11T20:31:24,2026-03-11T20:34:24,/category/jaffles,email,True
9b171416-60df-4b77-947b-8db83005cf8a,,,2026-04-16T22:42:22,2026-04-16T22:50:22,/search,paid_search,False
6bdd5a4a-18a2-4b0a-b7e5-cfdbbf90631d,b745eacd-b8ee-4507-82ff-98d3c4daffc7,8b8e1a54-3575-4603-af91-da0e103f831e,2026-03-06T02:35:52,2026-03-06T02:36:52,/,organic_search,True
4f7145f7-a793-4447-ae45-4f53c33ddf99,,,2026-03-11T01:58:02,2026-03-11T02:06:02,/category/jaffles,organic_search,False
7e99fd70-2e37-430c-874a-c67992d9fc5d,be6fcaa5-9911-4bb6-b97c-47eb53c88b32,06e5946a-b612-4c73-92c1-a5953982b338,2026-05-19T03:20:27,2026-05-19T03:40:27,/search,organic_search,True
84e8cd96-d1e0-47dc-9434-99de7ec9147b,8f34cf8e-4ab5-436b-b34d-d43e654c8d6b,,2026-02-24T20:23:57,2026-02-24T20:26:57,/category/beverages,direct,True
1e06bae5-e77c-4309-b5b5-bd08bd439441,d88e53e9-6885-44c1-a0ce-e8ea44f2dcfc,8891b405-6e84-4ddf-87c1-91c2c0e74fbe,2026-02-18T15:42:35,2026-02-18T15:43:35,/search,referral,True
37cf59e1-14bd-40e2-9d33-95941564d67d,387603c1-d2a6-475e-ab4c-9ba7aa78bb27,7f98f43d-3372-47c7-8754-8f8a016c460b,2026-08-09T03:54:38,2026-08-09T03:57:38,/category/beverages,paid_search,True
a7f9f07a-ecbc-466e-b393-0d7dc2c5651b,,,2026-07-01T23:17:35,2026-07-01T23:25:35,/category/jaffles,paid_search,False
7676f131-6787-43a8-ad7a-30a4a9f55ae4,fa2a460e-af12-4197-b38d-d2822d96e879,6abee566-0b75-43b2-8a5f-818b9ed604b5,2026-08-12T19:13:36,2026-08-12T19:33:36,/category/jaffles,referral,True
67a27e06-4e58-4bf1-a475-2123e3f476f2,,,2026-07-15T20:00:11,2026-07-15T20:01:11,/,social,False
37cdceca-3809-4fc9-823b-c747027b2b32,f962820d-d110-4903-9fbd-86a2ba5a9687,527f8c22-4cd0-4c48-8621-f90e23545550,2026-05-30T21:19:14,2026-05-30T22:04:14,/,email,True
1ac877ff-d495-4b75-9cff-e5a4099ed711,0c7084bc-19a5-4ad6-bb26-a25f9c09b324,,2026-07-14T10:01:13,2026-07-14T10:04:13,/search,direct,True
8d334e09-d0f2-423d-ba17-eb110cb320b0,b745eacd-b8ee-4507-82ff-98d3c4daffc7,8b8e1a54-3575-4603-af91-da0e103f831e,2026-04-21T11:26:47,2026-04-21T11:34:47,/category/beverages,social,True
a4632986-f0ee-4141-af2a-2cc3df246853,,,2026-07-29T17:44:14,2026-07-29T17:47:14,/,social,False
2ef449c8-c6e5-41d5-8b8d-0fe2c29cc671,,,2026-06-07T06:59:43,2026-06-07T07:02:43,/,paid_search,False
bf53b861-ba8d-4610-a8e1-895b402a9f8d,0855291e-0a0d-4e17-931b-beabbc173f85,8a36ac21-79a6-4894-ae35-e4392163839f,2026-04-24T12:01:44,2026-04-24T12:21:44,/category/beverages,social,True
e719a50d-8c22-4a02-8668-3f590e24203c,5d5ea9b6-fefd-4e25-850a-9c2d365e7e27,,2026-05-30T18:06:01,2026-05-30T18:51:01,/search,referral,True
490a963e-4e48-4a31-8478-7b6857ccbbe8,265cf9a7-b023-492e-9e62-3896325f1c48,bd33fd46-3e9b-4396-b6fc-b3be2aa7903e,2026-06-23T12:32:56,2026-06-23T12:40:56,/category/beverages,social,True
6177cc0f-dc9a-4582-9e57-47862bfa256d,ab13dd68-d82a-4dbe-b352-0f4df96ff5e3,5a8c1dad-7587-42f7-83e9-efc61490512a,2026-06-08T18:08:37,2026-06-08T18:09:37,/category/beverages,paid_search,True
884be65d-e9fb-40ff-9ee0-ae28811df1aa,,,2026-05-08T17:37:40,2026-05-08T17:57:40,/,social,False
b2b5f648-040b-46dd-be01-59f65ddb4ec6,07ef23e6-1d65-4721-a3ce-889f1c58f021,8bf95c1c-2744-4a61-a11f-00693daabab1,2026-03-16T19:52:39,2026-03-16T20:00:39,/category/beverages,direct,True
2b218701-acf3-4036-a1cf-dd509ca369f1,2e1fd151-264e-4a4a-8584-733dd5da3152,4bbc3ab1-3646-431b-b80f-b5570799dca7,2026-03-14T08:36:30,2026-03-14T08:37:30,/category/beverages,email,True
08104487-f735-4df4-9c52-197ef272da5c,,,2026-05-19T06:33:54,2026-05-19T06:34:54,/category/beverages,referral,False
649c5dfa-5c7e-42e0-9eee-c32fd82b4726,,,2026-05-28T16:16:44,2026-05-28T17:01:44,/category/jaffles,social,False
2e6c4bfc-9ca6-4d83-bba4-bb9d7ab1e59b,40da201b-b0f6-453a-97ca-b9d61306ad15,,2026-03-25T02:18:30,2026-03-25T03:03:30,/category/beverages,paid_search,True
c3f4ff6a-a1ac-4ead-ac37-b56726c5b86d,,,2026-06-11T12:53:41,2026-06-11T12:54:41,/,direct,False
374057b9-3455-4333-b325-0adbc4264f61,,,2026-07-12T11:48:39,2026-07-12T11:56:39,/category/jaffles,email,False
7192564d-47bc-44b3-a497-85fb6baf92fd,fa7960f6-2060-4fc8-a154-148e0c543e8a,998b2651-094d-4ff4-91e9-32727cd4ef0a,2026-06-04T18:04:35,2026-06-04T18:12:35,/search,paid_search,True
a73ac993-ccbb-4eba-8c4d-b13cfa2d0dc6,8639eac0-9cd8-4fe5-9e10-8526a16018d1,f28b8e37-a6ec-45af-aa51-6efc63868d0e,2026-04-07T17:50:58,2026-04-07T17:53:58,/,organic_search,True
d2de2c30-df96-47e2-a5f9-c19e73605f16,961b1333-d41e-443a-9880-0b1c8c59e141,,2026-04-04T20:56:27,2026-04-04T20:57:27,/category/beverages,social,True
31d2ba91-eaed-4b50-8fa0-0c42fedd30a1,,,2026-06-23T03:02:39,2026-06-23T03:05:39,/category/beverages,social,False
809c7185-9fcd-47e8-9f83-af451282fc98,3207b0f3-9af4-4ba4-acb1-6ba8ea25f52e,235eea18-266e-4fe5-805e-3522471fc616,2026-03-27T10:40:46,2026-03-27T10:48:46,/search,direct,True
e09d491c-bf8f-4f99-9e63-adfcbc0778f3,,,2026-06-07T20:18:09,2026-06-07T20:38:09,/category/beverages,paid_search,False
b566a626-fa43-4947-ba9e-c8d9d4a9a4a8,36654075-c818-484d-aa9f-b6e8834b1bd5,7b66aef4-0559-45a4-8549-384d71e0b63a,2026-02-25T11:30:24,2026-02-25T11:50:24,/category/beverages,paid_search,True
592044ee-9676-4836-af32-abd4571489f7,4b8b181e-668e-45d4-a8e3-7180a41cf064,36b84e1c-bf9e-4a41-8f77-7ac05d8ed564,2026-03-04T16:29:18,2026-03-04T16:49:18,/search,email,True
21a19094-af89-425c-b7e5-c7188d5c407b,,,2026-08-06T03:59:45,2026-08-06T04:00:45,/category/jaffles,paid_search,False
336c381e-674b-4244-bd59-99af656dfbc4,b3f95dcd-caf0-4d0c-8890-a7b8e231c6b7,115f5f7c-3be1-41ac-846a-005bb8fedc0c,2026-03-04T23:22:51,2026-03-04T23:30:51,/category/jaffles,direct,True
c1d77a8b-320e-4fb7-bc4a-df6a3e1898e9,f7d61334-5d22-49f8-a022-903921239047,e668c0c4-5ba7-4a5f-aa64-e493e6aee960,2026-06-11T16:28:33,2026-06-11T16:36:33,/search,email,True
c6874e57-f4c0-4709-aad7-b765daafc7f4,,,2026-04-03T21:38:10,2026-04-03T21:39:10,/search,email,False
fe29ec46-38c8-4374-9ad1-f50c19e5435b,3b47f466-5256-41a1-951c-efee13597676,,2026-03-01T09:54:00,2026-03-01T09:57:00,/category/jaffles,referral,True
f0229d3a-de68-428b-9355-d662eca900a3,b9915f58-4f74-4518-bb97-0b1e58c541a5,d1bfc72b-63c2-4306-b7e7-fd31efdda631,2026-03-01T08:35:54,2026-03-01T08:55:54,/search,organic_search,True
16356b2d-9a0e-4642-9521-04b64e4eb8c3,,,2026-03-25T04:52:18,2026-03-25T05:00:18,/search,direct,False
45279e10-c3f6-4ac5-b254-59c2024adbe5,,,2026-04-03T04:41:29,2026-04-03T04:42:29,/search,direct,False
8c126024-48bb-452d-874c-097006713a61,0688ed48-bbd7-41d6-b5ef-c2cd771f72c2,,2026-05-07T12:07:23,2026-05-07T12:15:23,/,direct,True
1e94e028-396c-4879-8884-5cdfd66c6d87,,,2026-03-14T16:58:49,2026-03-14T17:01:49,/category/jaffles,email,False
46325d47-d46a-4564-b9e3-998b70875020,,,2026-07-18T03:33:28,2026-07-18T03:41:28,/search,paid_search,False
8314c8ae-3147-4479-a6c2-7fff210d3d50,,,2026-05-04T06:56:56,2026-05-04T07:04:56,/category/jaffles,paid_search,False
52b577de-5d2c-480e-8e95-f646d0bbbd00,5960ff74-c2aa-4a55-9cee-c8f0532e2256,442ca4ca-a8b1-4c1f-a9f8-8b533d120479,2026-05-26T19:03:14,2026-05-26T19:04:14,/category/jaffles,direct,True
4329841a-1399-4677-9ddc-10157b736fc2,faae2750-9c1c-4c70-96ed-e845374e4e5e,,2026-05-20T16:12:54,2026-05-20T16:20:54,/category/jaffles,paid_search,True
55e9a63c-bf4a-481c-b7a9-55f25f3b0da1,72492cee-bfcb-4501-9a63-5afe45f5215a,a641854d-3232-4de2-95c9-a566e34a4124,2026-02-28T06:23:26,2026-02-28T06:26:26,/category/jaffles,organic_search,True
39ab732e-41f2-4ef4-bb0f-20e0f20d049a,,,2026-03-14T22:34:34,2026-03-14T22:42:34,/search,email,False
67f5acbe-14aa-4cb4-bf42-bb307926e0f5,2949aa7a-85ad-46d1-8409-bf608167f72a,deeaeb4d-0ef0-48ae-8cf0-0f3efcde2bd3,2026-03-29T01:28:22,2026-03-29T01:48:22,/search,social,True
f6171ac1-fefb-4905-b7fe-7813fad38932,,,2026-06-09T09:30:47,2026-06-09T09:50:47,/search,direct,False
8a8da5b3-80cd-4751-8325-9b50769935da,,,2026-04-29T22:41:07,2026-04-29T22:42:07,/search,direct,False
cb5d618a-b6d9-49e1-9fd4-59bb1f68a451,27e89b40-f32c-4604-8a79-6d1613bde382,,2026-02-22T10:24:30,2026-02-22T10:27:30,/category/beverages,paid_search,True
9bdea0a6-2cda-4f4d-8260-2723a7b207c3,9a689679-4c75-46ba-92d3-6b5b0c51a34a,b8090e7c-61eb-4409-ae80-a2d08b13c213,2026-08-12T07:44:46,2026-08-12T08:04:46,/category/beverages,social,True
45404640-8fc2-4979-8714-ddb5728bf7ff,,,2026-05-11T00:01:26,2026-05-11T00:21:26,/search,referral,False
908e895a-bf19-4016-b742-057f698942be,,,2026-06-13T05:06:24,2026-06-13T05:09:24,/search,paid_search,False
e31d5dda-2e31-4290-b29d-2b1da47e1b34,,,2026-04-01T18:12:52,2026-04-01T18:15:52,/search,organic_search,False
17fb8aef-d547-457a-b1e7-614865bb3775,,,2026-04-12T09:09:36,2026-04-12T09:54:36,/category/beverages,social,False
f23eb66f-3116-4a6a-b82a-386b73b99a3b,466ab61a-8180-4d06-90cc-2a380a0e6f0f,3b050d8a-3bd0-4496-9350-d971b0e1d82c,2026-05-04T10:53:48,2026-05-04T11:13:48,/category/jaffles,email,True
a1348290-22a7-42d7-bada-c1f5eca4695d,94638355-4830-4837-8708-12531dc89dbf,2e22f1bc-dfe7-4c98-b574-184682ed5137,2026-08-08T00:44:27,2026-08-08T00:47:27,/category/jaffles,social,True
d7e95ee4-aaf6-47a5-96a7-835d86f2c35b,7fcd9f31-c0cb-4414-9981-9d014f593081,77b4b5ec-40ed-4b84-b950-9acd6083b593,2026-07-21T12:01:01,2026-07-21T12:04:01,/category/beverages,referral,True
6912de9d-3583-427f-adef-0ae1ce35576a,,,2026-07-07T21:10:58,2026-07-07T21:30:58,/,referral,False
a4ab0b9c-758b-42bc-b993-26c9c3ebc9f5,,,2026-02-19T08:18:10,2026-02-19T08:26:10,/category/jaffles,organic_search,False
f60e2a2d-2fd5-4eff-8499-7458a6a3ee10,94638355-4830-4837-8708-12531dc89dbf,2e22f1bc-dfe7-4c98-b574-184682ed5137,2026-07-10T06:51:21,2026-07-10T07:11:21,/category/jaffles,email,True
6c897eae-213f-4e98-99a0-8db9f4c0ed8e,cc6587b9-1ad1-4f99-bb8b-dc23f1621ea6,,2026-07-31T08:06:33,2026-07-31T08:09:33,/category/jaffles,email,True
fbe5211e-2ac6-41d8-8ccb-f36f732da7e7,5484b02b-221a-4bbe-86a3-3eccdcf8d2ae,,2026-06-09T10:15:08,2026-06-09T10:16:08,/category/beverages,social,True
de4afc4d-ca3b-49a4-8f83-4846b860e550,,,2026-06-29T10:50:48,2026-06-29T10:51:48,/category/jaffles,social,False
eb7575a6-7978-496e-b0e9-c68894bc1e2b,,,2026-05-23T23:05:49,2026-05-23T23:06:49,/category/jaffles,direct,False
00f60485-21f3-47f3-a673-be7156965c95,,,2026-05-09T06:24:23,2026-05-09T06:44:23,/,referral,False
6b4185f4-86f2-490f-b816-3136637ace80,c712217e-16e5-4f51-a9f4-055b5176e747,d3edb0d8-9ba4-4dcd-bcef-7d4708c96da7,2026-03-03T03:13:13,2026-03-03T03:14:13,/,direct,True
75529d01-6324-45a8-b96b-a6b89ca24add,,,2026-06-05T01:14:12,2026-06-05T01:15:12,/category/beverages,direct,False
3d67c933-5c4b-4ee5-b361-e4222af51fc7,8beae791-1455-41dd-a451-67f75ee83ea7,0a93cf67-513b-4f34-ab74-39cb49e2ce3f,2026-07-05T03:40:49,2026-07-05T03:43:49,/,organic_search,True
6ffe9aff-c083-403c-84ed-fd326d5664d1,35bb651c-499f-433f-b5af-b793b285e727,666d44c2-30d2-4188-8c24-c31dbcccfe29,2026-03-31T15:17:20,2026-03-31T15:18:20,/,referral,True
1ece078f-6250-4c06-8fe0-bd77247bb358,,,2026-07-05T20:51:26,2026-07-05T20:59:26,/category/beverages,organic_search,False
05173a87-81e6-4574-ae7e-0ef3629e1add,65dbcba7-fbb7-4837-ace0-5cd3cc5dd4a4,e6791108-2ae7-496a-94e3-990e4e08c7d9,2026-07-06T13:20:15,2026-07-06T13:28:15,/,social,True
a34f4c3e-adcd-44c1-8ede-ac677cb128e0,,,2026-03-24T22:20:33,2026-03-24T22:23:33,/category/beverages,email,False
9bd471b5-c83c-41b5-beb3-623d63c3aa70,,,2026-03-25T18:00:30,2026-03-25T18:08:30,/category/jaffles,referral,False
18c53365-8668-4aa2-b57e-aaa3b4d564e1,,,2026-06-28T17:21:27,2026-06-28T17:29:27,/,direct,False
163a5e92-6ceb-44fd-bf98-848a61e97682,18b69140-479d-44b6-8369-04a49414f975,158fc765-4d56-4120-af75-4fbcaf5e7052,2026-05-23T00:48:45,2026-05-23T00:51:45,/category/beverages,paid_search,True
37c1fc05-cfa8-46a4-a3ef-e6b0c9f4bcb2,f5e8b3ff-659d-4bc9-bdc6-6b7fe343bcab,1957ff1c-dd2e-41d7-9ce9-a59d13a143ed,2026-03-16T21:27:46,2026-03-16T21:30:46,/category/jaffles,social,True
159b3779-fa9e-4661-acb2-4402c7f09ec9,e0cbd2e1-eee7-409c-9cf1-707eb4f867ce,64014478-1c07-488a-87ba-7e8cbd1c4d16,2026-04-22T13:30:03,2026-04-22T13:33:03,/category/jaffles,referral,True
4b7bac9b-f4ac-4349-b6b2-c8d1800b6356,17e24a9b-119c-4ea7-a53a-bb757c70ad0a,b4e16670-1fb1-4100-8ea4-3fbf204af2c7,2026-03-29T06:28:21,2026-03-29T06:36:21,/category/beverages,email,True
0c5e5588-6909-4bac-8532-86348f564170,e77008c8-b7e1-4bb6-93d8-8383d6385531,,2026-07-27T20:02:25,2026-07-27T20:47:25,/,organic_search,True
92dcadfc-629b-475c-abd8-5a027e886110,0f708081-5838-40db-84a9-ca8b6845336f,6d870253-8065-48c6-9891-b3822723aaf0,2026-02-19T10:47:33,2026-02-19T10:50:33,/category/jaffles,organic_search,True
5478808c-3be4-4f80-bf3a-9073a2172b7e,,,2026-03-11T23:06:13,2026-03-11T23:14:13,/category/jaffles,direct,False
4a52f36a-c539-484d-a456-611a06e04f97,8ebb4b7d-ed19-43be-a647-6c3a9a6a166a,,2026-08-07T10:02:52,2026-08-07T10:03:52,/category/beverages,paid_search,True
dae35fa3-1d6c-4694-9faf-8ccde9a4cc46,87fc5559-9d20-4780-8c0e-b7c248cd6236,820ebbdf-8b8a-4f49-a721-85a2439eb9e8,2026-07-09T05:40:12,2026-07-09T06:00:12,/category/jaffles,organic_search,True
9892a576-f8cf-4224-bfa6-240cf9cde70c,,,2026-03-10T18:15:18,2026-03-10T18:23:18,/search,paid_search,False
998c09a8-3b5f-44cb-81f9-7cc14332ca5a,,,2026-04-07T13:26:19,2026-04-07T13:29:19,/category/jaffles,referral,False
5281b2fa-cd60-424a-8cbb-3bdbb73835c1,,,2026-03-10T22:00:46,2026-03-10T22:45:46,/category/jaffles,organic_search,False
9f6e2e13-39ac-47eb-aaf1-094e021aada5,a31129ac-6e82-4a23-86f3-3d708e019069,f0980c6d-6817-467b-908a-7c25a670f7aa,2026-07-05T05:18:16,2026-07-05T05:21:16,/category/beverages,organic_search,True
fcb83339-7916-4193-87cb-455ec084fdae,,,2026-06-21T02:35:08,2026-06-21T02:43:08,/,paid_search,False
386a843d-8b01-45c9-b12f-2c160d4db054,6d622f69-5cf8-4eda-b7ff-4f57f0e66237,37ded67b-46c7-4d32-9901-f4f90b17897e,2026-03-23T00:21:13,2026-03-23T00:24:13,/category/jaffles,organic_search,True
bee30cec-c1fe-4db3-b28e-9a77ac9e1c98,50fb8eb8-955f-41ca-ab6a-faaff8141652,aa820628-ac85-4ce1-a472-78454640c478,2026-02-25T23:15:26,2026-02-25T23:16:26,/category/jaffles,referral,True
f43d2c90-7601-4230-b7b6-ff4c93ba4713,,,2026-05-03T08:21:08,2026-05-03T08:24:08,/category/beverages,organic_search,False
4316181b-b155-44e2-b2a6-8be259c0d9ec,,,2026-02-28T20:17:02,2026-02-28T20:20:02,/category/beverages,social,False
8af1ac54-e16f-4830-9541-341bd68fc2c0,e0cbd2e1-eee7-409c-9cf1-707eb4f867ce,64014478-1c07-488a-87ba-7e8cbd1c4d16,2026-07-19T19:31:12,2026-07-19T19:39:12,/category/jaffles,paid_search,True
b7ed56ba-e709-4c35-a783-0be5d814aa2c,,,2026-03-03T01:51:55,2026-03-03T01:59:55,/search,email,False
cd3c1081-aa0e-49a3-be70-4f2746937256,,,2026-03-14T15:45:38,2026-03-14T16:30:38,/search,paid_search,False
233e4577-b29a-4af5-8b97-704e2a4292c5,c9750567-c933-4797-9313-ec159ddcb6d2,fefa262b-e8a3-4eaa-b79e-ef711e504b58,2026-06-12T06:06:20,2026-06-12T06:26:20,/category/jaffles,direct,True
854e8447-0ddf-4ac5-b9e1-08ee19fee59d,,,2026-05-19T23:32:03,2026-05-19T23:33:03,/,organic_search,False
b0cada2f-f113-4fa8-98a2-ed130565d290,bbffd265-99c5-491d-a03e-fee1fec9e123,729abaac-f2ad-4303-8530-d8fc9403fb77,2026-08-14T17:21:20,2026-08-14T17:41:20,/,direct,True
9ac22a66-6c18-4140-84fe-ab020f023c24,d82c6a2f-7e02-40de-81c3-c42ef14d8460,c4de6104-be30-4600-8cd1-3d4a6b969ba4,2026-08-08T20:43:33,2026-08-08T20:51:33,/category/beverages,paid_search,True
a2d923f7-046c-44a7-89c2-63228d59a014,,,2026-02-24T05:14:23,,/,email,False
f1b4d4ea-c6f6-4298-8dd8-0ac50ee42283,c712217e-16e5-4f51-a9f4-055b5176e747,d3edb0d8-9ba4-4dcd-bcef-7d4708c96da7,2026-05-25T01:42:28,2026-05-25T01:45:28,/,social,True
0112b1a0-822d-425b-bf29-f45ecaf15108,f9f4d7f7-6884-4f0c-88d9-0d3432a666ca,68135d8e-e42b-4325-9070-e4860b19dab0,2026-08-05T04:50:37,2026-08-05T04:53:37,/,social,True
77b3b4a6-570f-4983-857a-e7ed81d0a858,,,2026-07-24T16:02:07,2026-07-24T16:10:07,/category/beverages,referral,False
92781faa-e0b9-4218-9900-cbe6450f304b,37601558-3b79-4200-800f-fc03a28a5ec7,41c5d875-1a2e-4c48-8d6b-8a171b37a55c,2026-04-20T07:43:19,2026-04-20T08:28:19,/category/beverages,referral,True
519eba12-df71-4e4d-a2e5-48518605ee12,,,2026-06-10T19:27:07,2026-06-10T20:12:07,/category/beverages,social,False
462d640f-7e3f-477a-b9d0-41d7c64a8226,99b2e147-d4f4-4a75-8f55-17304a277ed2,,2026-04-20T15:54:44,2026-04-20T15:55:44,/,paid_search,True
9e8fc729-d5ef-4435-b6f0-76544210847a,,,2026-06-30T17:22:26,2026-06-30T17:23:26,/category/beverages,organic_search,False
3b5a69e7-4d64-47f7-b457-fdc123a17d1e,,,2026-05-17T21:13:29,2026-05-17T21:16:29,/search,social,False
73501e03-7156-4510-b9f7-be5e83c960eb,3e5dc535-3e67-47d0-8eed-547c7f51e8c9,6c83b0d7-dc70-4239-9cb0-c5d20bbe80a4,2026-02-22T07:39:42,2026-02-22T07:40:42,/category/jaffles,direct,True
33042a9f-cd52-4269-be99-45cbd55068e6,,,2026-02-27T17:26:25,2026-02-27T17:34:25,/,email,False
7afabb77-7877-4a30-90bf-494fb4ae8704,,,2026-06-08T02:21:02,2026-06-08T02:41:02,/category/jaffles,referral,False
4cdf8578-7c02-4711-8224-fec09cdbd4bc,b60e68c2-1b3c-4a8b-a056-a39fb4e6a320,47c138e0-457e-4692-a3e8-1452d8306a88,2026-07-02T02:29:52,2026-07-02T02:37:52,/category/beverages,paid_search,True
993fd263-2a78-465a-8c18-64192409835d,7767d63a-0293-4866-ae0a-724670463aa1,2a079495-e616-4d35-9767-d69379681e36,2026-08-02T17:58:12,2026-08-02T17:59:12,/category/jaffles,organic_search,True
288c849a-75d7-4bcb-b0da-c4e080d92e46,8416975a-1321-43a3-b3e1-577aee3b59ae,590fcb29-a7ca-49cd-9245-f7694934f44a,2026-07-19T02:38:41,2026-07-19T02:41:41,/search,organic_search,True
0fd07cf2-5e47-4144-847b-d2de6e48e84d,,,2026-04-02T10:50:26,2026-04-02T10:58:26,/search,paid_search,False
3f87336a-b063-455a-b796-918783e43ab4,341da637-6927-4a64-8183-13ec96005b5f,,2026-06-18T00:45:37,2026-06-18T00:53:37,/category/beverages,paid_search,True
470dd671-10ed-457f-a030-fa1a480ce9a0,8dcd5fa7-1a1d-413e-9468-5f4b02f2f3fe,e90fa3e9-a08c-4c3d-9cb1-cfb87accac78,2026-07-11T01:34:24,2026-07-11T01:37:24,/category/beverages,social,True
4c6270ca-de2d-42bd-934e-1dc8372944ef,b3f95dcd-caf0-4d0c-8890-a7b8e231c6b7,115f5f7c-3be1-41ac-846a-005bb8fedc0c,2026-06-19T11:06:14,2026-06-19T11:09:14,/category/beverages,direct,True
e52178a0-4c33-4692-9d6a-d8f25ae41027,,,2026-03-29T03:30:55,2026-03-29T03:31:55,/,direct,False
8d5829da-a0e7-404d-9318-582c2f724b19,8ebb4b7d-ed19-43be-a647-6c3a9a6a166a,,2026-06-30T02:01:27,2026-06-30T02:09:27,/category/jaffles,email,True
44acc021-4005-4359-9bea-23752eb8ed07,80617fda-335d-411d-aed3-ca3917a8cff2,4f2edff5-772b-4276-83f7-2ff39fd1a8a3,2026-06-23T05:55:48,2026-06-23T05:58:48,/category/beverages,direct,True
0413919e-1258-40ce-abd1-328ac49db1f5,82205f5f-43a1-4172-aab8-523ed6a89f26,496deed5-87b7-49da-b06c-47e3312e4966,2026-04-27T04:41:25,2026-04-27T04:49:25,/category/beverages,direct,True
7acb7473-f3cd-4c0a-b72d-18c84fd198d5,49a68f77-776a-4b4b-b668-48e489f414ae,806f3850-93de-4701-94c8-e8ef507b6856,2026-03-04T01:05:12,2026-03-04T01:13:12,/category/jaffles,paid_search,True
5c10699a-9206-46b7-8532-8369e00a7159,,,2026-04-22T12:52:25,2026-04-22T12:53:25,/,organic_search,False
a7e4f967-cc02-485f-af1b-eafdc2551c93,03710ca1-feb1-4206-bd26-3bb8e6a1dac2,,2026-05-16T12:02:37,2026-05-16T12:05:37,/,email,True
0195c06a-c274-4f05-af11-9ce7accb0164,e4bced79-6e2c-4b22-a6d5-199ed87ca7ee,8708a6d0-0827-456c-9c9c-ff69e9b89281,2026-05-24T04:44:05,2026-05-24T04:47:05,/,paid_search,True
6726d5aa-5671-4435-9fcd-e077baa921da,,,2026-06-11T23:47:50,2026-06-11T23:48:50,/category/jaffles,referral,False
d2033813-ae98-45fe-a84e-6d20cc2fde78,73d9c423-e9d4-428f-bfaa-b073b2c1f454,1c4ecfd6-59e0-4ebe-8f04-3082d31e7164,2026-02-19T07:13:52,2026-02-19T07:14:52,/category/beverages,direct,True
f14c0578-347c-46a1-a23a-97e5389df50b,,,2026-05-26T04:30:15,2026-05-26T04:33:15,/search,direct,False
a2b6270c-a26e-485e-9583-e72c8401ed1a,,,2026-07-16T11:51:21,2026-07-16T12:11:21,/category/jaffles,paid_search,False
b10a2276-5d14-4fc7-b945-11610b4105e2,,,2026-02-27T07:00:25,2026-02-27T07:20:25,/category/jaffles,email,False
8d653088-b307-4b07-ac2f-8826c2c36f67,,,2026-06-24T19:42:06,2026-06-24T19:43:06,/category/beverages,paid_search,False
b048ed33-730c-4aa5-a7fe-44662b107bec,,,2026-02-19T05:06:01,2026-02-19T05:07:01,/category/beverages,social,False
8a04ff95-5dbc-453f-81e3-d6f019e29cd1,,,2026-03-18T05:53:52,2026-03-18T05:54:52,/,referral,False
858df64b-14b4-461b-87c1-f7ef838cb439,76d2b7be-1fa1-441b-9de1-97c64d06c646,c79a00a7-afc0-4fd4-adaa-101099ba8802,2026-07-01T13:59:58,2026-07-01T14:07:58,/category/beverages,organic_search,True
8c5e5163-e704-478f-bc0e-11561d0a4e5c,,,2026-04-04T17:30:23,2026-04-04T17:38:23,/search,paid_search,False
41ce6b4e-dd76-4797-b9c6-9c9af4c8e18b,,,2026-06-17T14:24:11,2026-06-17T14:27:11,/category/beverages,paid_search,False
a461d9a4-c6fa-4982-bf82-e7b5c26cfd2a,,,2026-05-04T04:00:31,2026-05-04T04:01:31,/,social,False
65200dde-b93e-40c3-8b7e-d609adf723b0,d51ebab3-97b1-482d-9ccd-7368f01000f7,062bf584-9b68-4dbf-9e62-dbc861847d0f,2026-06-12T16:11:13,2026-06-12T16:14:13,/search,referral,True
a85d47f4-d474-4018-a65d-f2d7a26ee9a3,46d34d7f-a3a4-4386-89ba-fa5ac15e5a69,,2026-07-02T09:43:02,2026-07-02T09:51:02,/category/jaffles,direct,True
ff0df94c-3a18-4204-9a0b-6e2acb2f9804,,,2026-08-11T06:39:46,2026-08-11T06:42:46,/category/beverages,social,False
f6baa406-d09f-4c8d-af3e-a1538c493a9e,2480125c-2d37-405c-96b9-ca32b2c75b33,b69fbb26-e630-48bc-a6b2-64ddca86ad6a,2026-07-22T05:55:51,2026-07-22T05:58:51,/,direct,True
7a12bdfb-bd9e-4cad-b419-364f527697b7,76d2b7be-1fa1-441b-9de1-97c64d06c646,c79a00a7-afc0-4fd4-adaa-101099ba8802,2026-03-25T14:38:51,2026-03-25T14:41:51,/category/jaffles,paid_search,True
03b58034-9e5f-4f80-8d09-08ac030cf002,,,2026-07-13T19:47:13,2026-07-13T20:07:13,/category/jaffles,email,False
d048284e-f97f-4a7c-99bf-d364d1fdfe0b,2977486c-8467-4a72-a290-db87a9022320,d64f1954-153b-40ba-8d27-c66602234d03,2026-06-29T19:01:46,2026-06-29T19:04:46,/,organic_search,True
f8478a0a-5b48-4069-830f-ec20ce4fee48,99b2e147-d4f4-4a75-8f55-17304a277ed2,,2026-07-30T09:17:48,2026-07-30T09:20:48,/search,referral,True
0efbbb0e-2e62-49b9-bb90-5c3f5d2ed5d6,09a354a5-a7cb-4687-8a52-c4a71feba0d2,99d2a332-5d56-4e98-af89-838ebece7cb3,2026-08-12T22:20:16,2026-08-12T22:40:16,/search,paid_search,True
1c4b6e2e-aedb-4d39-922a-e7ff3e8f1728,aa006c1b-6b97-4f02-99a9-57923d13eb8f,,2026-04-22T08:11:14,2026-04-22T08:19:14,/,paid_search,True
4fd36ad2-bbb7-40aa-93d5-0dce33fd9d6f,120d57b9-de14-4717-aefe-ab126645435d,2b774c67-3f8b-439c-91ec-2159ac991594,2026-07-03T02:30:39,2026-07-03T02:50:39,/search,organic_search,True
21516acb-9ed8-4c55-b098-9011de436faa,,,2026-07-31T16:47:59,2026-07-31T16:48:59,/category/beverages,organic_search,False
35e1005e-24d8-4124-8b06-45d4ba2b8a8b,628b0262-278b-4522-aa31-ed61da01b78a,b8f8b28f-e666-41e3-821e-45b802d70b15,2026-03-12T18:26:24,2026-03-12T18:29:24,/category/beverages,paid_search,True
7f4da3a0-ff55-46b4-9bac-cbb117670643,,,2026-04-23T10:50:38,2026-04-23T10:58:38,/search,organic_search,False
42aa44c2-f059-44b2-8d6f-8dc31bff179a,69731d27-9caa-46cf-8933-d01e29b20043,5c7ab260-42bf-40e1-aefa-ad98c85a3bbf,2026-07-29T18:39:49,2026-07-29T18:42:49,/,social,True
297d2ebe-28f8-47b0-9791-f9052642c3f9,5b2179c5-dd1c-45b4-b99c-10f1c7c201f4,,2026-07-30T08:17:48,2026-07-30T08:18:48,/search,paid_search,True
10f7f0ed-373b-4180-9546-9ce72f412222,0688ed48-bbd7-41d6-b5ef-c2cd771f72c2,,2026-06-01T17:55:55,2026-06-01T17:56:55,/,direct,True
88e562d3-c4a6-4211-9b82-f1d57b4edd30,,,2026-06-29T23:52:00,2026-06-30T00:12:00,/,social,False
300ba745-cc4b-42fe-8aa4-ef14969c47c8,,,2026-07-19T19:17:17,2026-07-19T19:18:17,/category/beverages,organic_search,False
181819bb-2361-45c3-bb29-ab06b02aad20,,,2026-03-31T20:51:27,2026-03-31T20:52:27,/search,direct,False
4ecf7a3d-13a8-44da-b993-b9248d331c7e,,,2026-05-13T19:18:27,2026-05-13T19:21:27,/search,referral,False
46036663-6796-453d-b5b7-1461b7a9ff51,,,2026-08-14T22:57:55,2026-08-14T23:00:55,/category/beverages,organic_search,False
381d4130-04e9-4656-84f7-7c1cab3ba662,,,2026-04-08T18:14:09,2026-04-08T18:22:09,/category/jaffles,organic_search,False
681b7fe0-e6ea-456a-a31b-ca3443241caa,c0ec2b5c-22e2-4010-a8f9-94431d5860c7,198336c2-f58b-4a9c-bb57-a2a8029380c3,2026-06-29T01:02:04,2026-06-29T01:05:04,/category/beverages,paid_search,True
7f5eb115-3887-4e93-a5a8-b95ac3027be4,adc6b3eb-08c6-47a0-a6ce-19384284547a,4006733c-dfdc-4b2b-a967-e035abe2b476,2026-03-25T10:53:05,2026-03-25T10:56:05,/category/beverages,social,True
f3125083-5dae-4aaf-a0cb-335c08a2d3ac,,,2026-05-30T16:33:18,2026-05-30T16:34:18,/search,direct,False
200b22a3-6660-42b8-a3f6-3f3a4b300072,,,2026-02-28T10:11:17,2026-02-28T10:12:17,/,direct,False
a03766b4-e507-47ea-9ed7-25961338a609,9ede5407-362e-465c-a234-482e1f2411c1,,2026-02-20T23:24:41,2026-02-20T23:25:41,/category/jaffles,email,True
1648cf67-9082-4bd9-91b6-d76b06db37b2,4ba45839-9bf9-4071-b1ca-52719a49c9fa,fe6cc714-187c-4d9a-b188-9c9959844ebf,2026-04-24T04:29:32,2026-04-24T04:37:32,/search,email,True
d09e12ad-0ef9-402f-b182-5a5a9ce18a5d,72fd6924-b954-4c8f-9c0b-2545d0efe53b,aebbae41-00ce-496a-9364-749bb195c243,2026-05-03T02:36:49,2026-05-03T02:44:49,/category/beverages,paid_search,True
bee62390-4662-491d-9f48-286e2037dc28,,,2026-06-25T21:24:17,2026-06-25T21:44:17,/category/jaffles,email,False
22a7e253-9445-47f4-bb6b-9700c5bd7915,d6cf7caa-9dd8-48c6-b4ee-5a02f62bb280,18296bd1-6f00-4e66-b318-94d9070cc5bb,2026-08-05T03:32:53,2026-08-05T03:33:53,/,email,True
df7208d0-d838-4968-8af7-ceeccb12ab8f,,,2026-07-14T12:36:57,2026-07-14T12:56:57,/category/beverages,referral,False
fd9e1877-33d2-4612-ad5d-9514540d369d,f044be50-29c1-40c4-a16c-a1dd1f95d6f3,49e24a45-9acb-4b7d-ab7c-fd2f5a2240d1,2026-07-19T06:34:24,2026-07-19T06:42:24,/category/jaffles,paid_search,True
fe792c60-3b0d-4384-a7c3-dc54084ac081,,,2026-07-08T12:29:51,2026-07-08T12:32:51,/,email,False
c0c96035-5b82-4d9d-be24-48bb5b957d8e,0c7084bc-19a5-4ad6-bb26-a25f9c09b324,,2026-07-03T16:28:56,2026-07-03T16:31:56,/,social,True
bdb1cf0f-324d-4662-8ac5-1aa5e49c9ec1,cd67e795-f5fa-470f-9a4f-4060d5951279,814c56af-42bd-4125-a7e6-aa856633e6bb,2026-05-25T05:07:08,2026-05-25T05:10:08,/category/beverages,paid_search,True
2aa507d7-95c3-42e5-9972-e55e59e6845c,d4d6c47d-5048-4008-b088-4f13691fbefd,dcb863d3-bb73-4c1c-a784-b40d9aed09fa,2026-03-20T20:29:32,2026-03-20T20:32:32,/,referral,True
25244759-ec42-4313-a0de-a7eaa4b80e12,d85d8387-2b7e-46a9-9f28-dad061a5fc01,a533ff72-cf1e-400c-a526-9ddb781d126f,2026-03-27T06:02:31,2026-03-27T06:47:31,/,social,True
98ec5554-2349-499c-bd9c-daa1255d8120,2e2960d6-f2e9-4048-b234-fb21f0f72405,8ef69df3-5ec5-48f1-a10f-5b480a62f3e5,2026-06-21T05:33:22,2026-06-21T05:41:22,/search,email,True
bfbd9861-3c6f-401a-ae0e-aad40afdfe4a,627b564c-f368-4634-b7f8-d7e1c5ee980a,cf36e3d8-342e-4e0d-8655-d848c742aafc,2026-07-31T00:57:34,2026-07-31T01:05:34,/search,direct,True
aa94978d-2e1a-4dd0-8d55-d820efed48c8,a46b9550-42ae-47e4-9a08-0f32481d5191,cdb3d2d7-5725-4310-987c-7b78c91f0d7f,2026-05-15T21:01:06,2026-05-15T21:46:06,/,direct,True
26aff314-5dc8-410c-ac04-16da3afed850,1435b563-f156-4cd8-9f3d-6224260e26a4,7f8115ed-c191-491b-82dd-181fb13cb99b,2026-04-14T17:32:15,2026-04-14T18:17:15,/search,social,True
41c36a4b-1947-4fa5-8e4f-4a10d78991f4,,,2026-04-22T11:51:18,2026-04-22T12:11:18,/category/jaffles,referral,False
db5a0310-ee07-4edb-a719-e89eb6f354b4,779b7f09-bfd0-4ab7-a46f-9f6eecb13030,,2026-02-17T10:54:15,2026-02-17T10:57:15,/search,paid_search,True
b7e00c9b-166a-43b4-9541-b663bca77136,,,2026-02-21T21:45:06,2026-02-21T21:53:06,/category/jaffles,direct,False
37420b73-8559-4bec-864e-c36aa2958dc3,122af8ba-58aa-4655-b297-e90d616f0bf6,7d973fa6-ed6a-4576-bb5b-c1d67a662055,2026-04-17T13:35:30,2026-04-17T13:38:30,/search,referral,True
d5af5583-2b55-4d48-9200-8f89255177b6,c9d0d7ff-0b5c-4b60-ac5e-0389909cf62a,,2026-03-17T00:17:04,2026-03-17T00:20:04,/,paid_search,True
afbfcefc-906b-4eb9-b6de-96655affb073,f8b1caa2-10e7-4302-963a-252a15b4a714,ca24ccfd-e1bb-485d-be8f-92e6cc39e130,2026-06-27T19:49:55,2026-06-27T19:57:55,/,email,True
1172fc1d-bac2-472a-b1cf-4484a3d9ebd2,e860f5d5-878c-468e-a446-059ba8434d4b,6b9929ce-c5ae-484a-a1aa-e34a5b1075a1,2026-03-03T03:36:13,2026-03-03T03:44:13,/category/jaffles,email,True
bd5ac17c-5746-4cb0-8d1b-155b26d4b375,53dda453-796e-4167-b482-7449bd52694f,a3642618-ee3a-40e5-a96d-184c7a2ec76b,2026-06-09T09:41:25,2026-06-09T10:26:25,/category/jaffles,social,True
97b92712-8ad0-434c-8e20-1c78c831d0c0,2347081e-7ae5-4085-a0d6-d1f551721f69,,2026-05-15T18:51:14,2026-05-15T18:54:14,/,organic_search,True
54157c2d-1887-4a63-b773-1c9ddc5a8d30,3455f0ff-3219-4cd9-acd8-091f34518293,45d56cbe-6833-48b6-8eeb-5f6b9bb51ffd,2026-05-31T01:56:10,2026-05-31T02:41:10,/category/beverages,organic_search,True
cb73b503-1f35-4076-960a-94b9227fafc1,8e5c2f29-44ce-4f60-b818-8b728f60b79b,d835030c-b514-45da-aabd-076b608023db,2026-04-13T15:21:45,2026-04-13T15:41:45,/category/jaffles,referral,True
e0c3cc36-2078-45cb-ab6f-82bb7e7e88b0,,,2026-07-05T12:23:44,2026-07-05T12:24:44,/search,organic_search,False
ec2803e6-91bd-4e0b-a5cd-b74f7d2f3169,,,2026-07-31T19:13:59,2026-07-31T19:16:59,/search,paid_search,False
793bb0c0-6442-4774-9c0b-3ba6b34bc02d,3810f8e6-9278-4c26-9be0-d6d6c35fe477,35ab6b36-7bee-4b6d-9670-aa1d1e6385aa,2026-07-25T21:55:30,2026-07-25T22:15:30,/category/jaffles,referral,True
a91057b3-24c4-4730-8430-63689a0df72f,148d63de-77f4-461d-b3ca-5369e9a98e7b,,2026-03-14T13:20:21,2026-03-14T13:23:21,/,organic_search,True
3dd00346-b3f1-40f2-a270-aa6206f595a1,b6b6f9ac-f08b-4ef6-8e52-a2c0bb49b17d,a69896b5-b1e2-4487-be86-e962649f15d7,2026-03-23T13:01:04,2026-03-23T13:09:04,/category/beverages,paid_search,True
24e3d6d7-6df6-4f92-97b7-036b222a3680,,,2026-08-03T06:13:29,2026-08-03T06:21:29,/search,email,False
e0162bde-664c-47e6-aa37-89d072695824,139f4019-998c-4c6f-8c4f-a97a756af68c,2d277785-1ca7-400f-a854-a625c061b01a,2026-06-11T17:50:37,2026-06-11T18:35:37,/category/beverages,email,True
a80fa907-b719-418a-b5ee-e4f27d263fca,,,2026-07-16T07:59:12,2026-07-16T08:00:12,/,direct,False
94041531-bb06-4b3a-ba7f-5ed8296337f5,5f2b73d5-f495-401c-82ee-47cf4886bfa2,60f458e0-f7e7-4ce0-b6c4-7262eb2c9a9e,2026-06-26T13:25:22,2026-06-26T13:33:22,/category/beverages,direct,True
edae9ea0-32d9-4dc4-9ea2-624b29786521,,,2026-06-08T01:57:35,2026-06-08T02:00:35,/,organic_search,False
5a3c5cc5-af2e-4613-a1a1-b5001356bf2c,1bcdbd0d-0e2f-4fdf-a8d5-214d3b49c7e2,cf5a2ccb-a49c-40cf-8038-a2832ac87bbf,2026-03-31T16:18:42,2026-03-31T17:03:42,/category/jaffles,organic_search,True
4c8e4aa4-2ec1-4a42-a8a2-0ea3d4063ce5,dc634429-12c2-417d-b460-f3ed4903d539,e2157b1c-54df-4806-9e55-a843a2fa65cf,2026-06-28T01:42:43,2026-06-28T01:43:43,/category/beverages,social,True
c1b7bcb1-28de-45e5-9ed6-8299e3bc0284,ffd40778-a37e-453c-81d1-9a769cac4692,,2026-03-05T01:54:26,2026-03-05T01:55:26,/,direct,True
bab043cf-a0d0-4bc6-9241-d53cd1392e7b,,,2026-07-23T02:05:15,2026-07-23T02:13:15,/search,email,False
67a15ff8-5cf7-44de-933c-a509816dfa6e,,,2026-03-13T15:01:25,2026-03-13T15:04:25,/category/jaffles,referral,False
c3a88018-902f-4d07-b1bd-d967ff0acbfd,b51ad0d8-7b4d-4859-8de9-fd9feb62c888,e3a124a2-7434-483d-b008-6593d65ff156,2026-06-26T16:13:53,2026-06-26T16:58:53,/,referral,True
1f1cbd50-ab43-4b83-b9bf-20de5128298f,98c7adf1-31bc-45c1-85fb-dbf53b4a53e2,f8798241-298e-4671-9509-9ed6890d42d8,2026-08-06T18:14:48,2026-08-06T18:22:48,/search,social,True
76066d9f-6d1f-4ff7-911b-4a48c1bb032b,8386c889-4e1d-49ce-9d61-12c967dad0f9,ebb50dfb-0d92-4a9f-a7a3-3b72a9b46878,2026-07-11T19:49:36,2026-07-11T19:52:36,/category/jaffles,social,True
28fff04d-3bf3-463b-9da9-8ff67cf5bb0f,,,2026-06-04T20:17:49,2026-06-04T20:20:49,/,referral,False
80e10981-636d-484a-9481-fa1b3577846f,,,2026-06-21T05:05:49,2026-06-21T05:08:49,/category/beverages,paid_search,False
0a1df397-f0be-4e97-84f4-b8159ad8534e,ed79e1d1-f247-47da-b20f-17c6184db706,1ac85124-c391-45f8-aed9-ec57152e48f3,2026-06-05T08:36:54,2026-06-05T09:21:54,/category/beverages,email,True
b2110e66-4718-4148-9034-eca6649a3cf5,,,2026-05-19T06:24:20,2026-05-19T06:32:20,/category/beverages,referral,False
8e2ac469-8387-4c05-a97f-71ff9dfd188d,5d59a09d-7696-4e1b-a171-abe3b79fff2d,0cb53a2b-4b4d-4c1d-8d0d-209cea80168f,2026-07-30T06:46:30,2026-07-30T06:49:30,/category/jaffles,direct,True
af2742ee-6ce5-4389-8fbb-97576d83496c,,,2026-07-24T06:19:40,2026-07-24T06:39:40,/category/beverages,social,False
4bbcfc49-eec8-43eb-848b-92c0e409e1f0,,,2026-07-29T21:57:18,2026-07-29T22:00:18,/,paid_search,False
a949be31-2e12-436e-96ea-7943bb71ad1f,99b2e147-d4f4-4a75-8f55-17304a277ed2,,2026-05-03T03:45:30,2026-05-03T03:48:30,/category/jaffles,email,True
e85a3ea6-6aa6-4c45-bd80-b558f95912f4,1bc088f8-fdf1-442f-9491-1287abc066d3,7d5c80c9-8142-4422-ad26-fdf7e95e9869,2026-03-14T15:39:09,2026-03-14T16:24:09,/search,referral,True
05fd8d66-3a60-490f-8f08-114967e92a35,,,2026-04-02T06:39:20,2026-04-02T06:42:20,/,direct,False
4b3fd5e1-aa02-4c78-a781-c6b599ceeb14,,,2026-08-02T15:27:43,2026-08-02T15:28:43,/search,email,False
324feb7b-ad85-46f7-b761-800ba0184db2,ac4632eb-3a22-4956-896e-0a3899a647f1,f001e234-373e-42f3-a1e2-898430c05720,2026-05-25T02:23:24,2026-05-25T02:31:24,/category/jaffles,referral,True
76a7adac-1891-4f60-91ae-67fd8e837eed,,,2026-07-17T22:21:52,2026-07-17T22:29:52,/search,referral,False
3294187d-340c-4e24-a64a-550ab59b7bf1,aece6b12-b296-4a1b-991c-ab89ac207fed,,2026-06-30T12:12:46,2026-06-30T12:15:46,/,referral,True
c133031d-81ef-4990-8af1-8b6d1fb69b91,,,2026-03-09T09:52:51,2026-03-09T09:55:51,/,social,False
8c2e4f02-06ba-4ca0-a4b1-9d31e6e98b07,,,2026-06-19T20:30:20,,/category/beverages,referral,False
fbf9ded7-2077-49f0-8cb6-a6290da08003,,,2026-04-09T16:47:13,2026-04-09T16:55:13,/search,referral,False
09429ce7-8a2d-4b7e-9efe-4331d5504d53,,,2026-05-12T08:31:12,2026-05-12T08:39:12,/,direct,False
fbb7ba87-394e-4c34-8e60-46c890a363ec,,,2026-04-09T18:24:20,2026-04-09T18:44:20,/category/jaffles,organic_search,False
7f63a360-54f2-4f43-9aeb-92356b20792b,748db0ca-899a-4da8-8177-2fa1ec2a9302,f240e0ee-f108-491d-8c8a-030d25b65714,2026-04-14T12:07:04,2026-04-14T12:52:04,/category/beverages,social,True
a856f1b2-732a-4ce4-9af1-089d9529dc97,5dbe3a93-bfd1-48f7-8040-dacc81b641f3,f1667d9c-9e1c-42b8-b4fe-eaf7ed5be277,2026-07-02T22:31:08,2026-07-02T22:39:08,/search,referral,True
1e472d61-de52-4fbb-b508-b3768fdcd0e2,34a9dd73-95d0-45d9-a3fb-636e4e080a6c,6beb3fd0-630c-4298-a029-b3746562fe61,2026-04-22T15:52:24,2026-04-22T16:37:24,/,direct,True
46598d94-9b22-437f-afa7-07ea109bc149,ce69d742-4723-467f-9e5d-262fff84a6a6,5bdd2168-b558-4def-9270-0309bc3c177e,2026-05-09T18:23:01,2026-05-09T18:43:01,/category/jaffles,email,True
3e2dce60-7b90-4739-bca1-72f91d81ed8f,,,2026-04-18T22:04:20,2026-04-18T22:07:20,/search,email,False
e8166558-23ef-4824-abfe-1d266a5f17d2,771f8441-b432-4b8a-8f8c-8890904c8a52,b5f41d74-9d79-421d-8d58-4696651ef716,2026-03-05T16:48:41,2026-03-05T16:51:41,/,referral,True
41e41673-a875-4d91-ab4f-7dd0d61e638e,,,2026-07-26T13:55:26,2026-07-26T13:58:26,/category/beverages,email,False
ae011ad1-ca11-4dfe-bd07-8008906dcfa6,1439dc05-4ab9-4995-90c7-d9437ae94f50,6d7d04f0-e0b4-47f4-9fe9-41e5d53f6dc9,2026-08-11T02:05:25,2026-08-11T02:06:25,/search,email,True
6e6f11a7-771b-4c2c-aee0-0fdb7e0bc57b,748db0ca-899a-4da8-8177-2fa1ec2a9302,f240e0ee-f108-491d-8c8a-030d25b65714,2026-06-29T21:00:45,2026-06-29T21:45:45,/,direct,True
bbc08d9b-2d74-4089-8241-367721a8f524,,,2026-06-24T15:59:47,2026-06-24T16:44:47,/category/beverages,paid_search,False
9a7c9ee8-e2a4-43d2-9222-b4c3b4584420,167ce993-af12-4071-a5cb-fb3f09045741,41ef0eec-7dc9-4471-ae10-b51e13907345,2026-08-07T22:42:18,2026-08-07T22:50:18,/category/jaffles,organic_search,True
e28ba11e-fb01-47c8-96f7-cb3736010863,795d2b23-6186-4d66-beb4-690083c579a2,,2026-05-17T20:41:50,2026-05-17T20:42:50,/search,direct,True
0936d09e-f3ed-44a2-9621-dc108b4ada5c,36708614-1e24-453b-8593-b03eb1a7c5b8,9d8aacca-06b3-4dd6-ae9c-7eb8c5fba6de,2026-06-09T08:57:40,2026-06-09T09:42:40,/category/beverages,organic_search,True
b55deac0-6e72-48cc-89ad-0404223657f2,,,2026-05-14T10:10:46,2026-05-14T10:13:46,/,direct,False
59848af6-f7dc-475b-9c20-6feeea0bfb4f,62b38185-a937-473c-b04e-833be36219e6,,2026-05-14T01:12:45,2026-05-14T01:57:45,/search,direct,True
4e0984a9-993c-4635-bf68-b4237b5af593,,,2026-05-12T09:15:53,2026-05-12T09:18:53,/category/jaffles,social,False
f8f46338-ff63-4392-898c-6ce18e4d7b80,91c5349a-5fb8-43b5-8af3-1b0018617bc3,,2026-06-03T15:50:19,2026-06-03T16:10:19,/category/beverages,social,True
963815a0-b2a9-4e17-9e12-cc40262110e0,,,2026-08-12T04:21:16,2026-08-12T04:22:16,/search,direct,False
2877ec66-014f-49e1-bf1a-315143d6e828,40353a67-5df0-44ca-9c10-b42fab44c6f3,79d55c32-229c-4507-9b67-96e7c26df6d6,2026-04-07T04:29:34,2026-04-07T04:37:34,/search,paid_search,True
6f5eb88d-1e9e-4d96-aacd-4a1bde9fcb20,,,2026-03-13T02:38:16,2026-03-13T02:41:16,/category/beverages,paid_search,False
b3c128a4-e913-4af6-8c3a-124b6b1dfd8c,0d78df79-b2dc-4cea-b7a0-712c91c0433d,,2026-03-06T05:34:52,2026-03-06T05:54:52,/category/beverages,paid_search,True
e60e74eb-1d2c-4d63-8af3-c1b5fdf686e4,b0382b3d-f5c4-4ecd-9e82-9ec911feb36a,,2026-03-12T15:54:15,2026-03-12T15:57:15,/search,social,True
673ac496-bf50-4097-be7f-3c4e5871c021,,,2026-06-28T11:23:51,2026-06-28T11:24:51,/search,referral,False
7e00b173-e295-4dfc-87e3-b937d87ef1a5,d50199e3-7c9b-4921-9920-d234b5fc561a,a8b9cfce-8aa0-47b1-bd2f-58002f3251c5,2026-05-28T15:46:18,2026-05-28T15:54:18,/category/beverages,direct,True
4906d20b-d4a8-4f30-8584-c9889d24e8bf,,,2026-02-16T18:02:05,2026-02-16T18:05:05,/category/jaffles,direct,False
ef8368cc-4f55-4f6d-aed8-b9f25d456a26,4d481210-54e4-4e94-80f3-81ba408de5a5,c87828e3-ccae-4b7e-9bfa-de505a600e0a,2026-03-09T14:54:55,2026-03-09T14:55:55,/category/beverages,referral,True
1659fe05-1299-493c-ae57-cff943d5ce2b,cc6587b9-1ad1-4f99-bb8b-dc23f1621ea6,,2026-06-27T02:56:48,2026-06-27T03:16:48,/category/beverages,organic_search,True
91f15005-c78c-441f-a1a7-7d73ede903b7,,,2026-07-15T00:08:52,2026-07-15T00:11:52,/category/beverages,paid_search,False
48abefae-690e-47cb-82d3-2f85db2f5584,e8e92a9f-bec3-4873-951c-b05d0fe37715,,2026-03-16T14:21:46,2026-03-16T14:24:46,/,paid_search,True
0b0cfa5e-2542-4a5c-816e-9f48e8bc2f35,27133460-80a8-449a-b422-65bfe97af456,7d8a3059-e127-48a1-8b18-29a1f33cc88e,2026-03-10T05:43:14,2026-03-10T05:42:14,/category/jaffles,email,True
f9ce8094-7ea5-4b6b-a1b1-8c60e60a3f30,,,2026-04-24T18:30:41,2026-04-24T18:31:41,/,email,False
a3c2d10a-52fb-4f48-a1c8-34f67d136df0,6faa20a4-1e8f-43a8-9a45-33ae5f675190,06cd54e4-9fb1-4ad2-b71d-d77cf79f2c1b,2026-07-01T14:26:22,2026-07-01T15:11:22,/,social,True
aea8978f-9261-4ea4-bed0-b806838cd226,58491188-36e5-4fb3-ab3b-514e78a270a6,8e39a628-f9e7-457e-bc79-3cb7f7a14ec5,2026-08-11T05:29:26,2026-08-11T05:37:26,/category/jaffles,email,True
19d8e0f0-12af-49f6-96e0-2ccad6eda91c,1380e029-b899-4413-a8da-0741720a6a06,e81a46e0-72b7-4003-9b14-a1459a974844,2026-08-16T00:05:22,2026-08-16T00:08:22,/,direct,True
b14daf2d-a182-4ebf-9c88-2fea639e97ea,,,2026-07-11T21:01:44,2026-07-11T21:04:44,/category/beverages,organic_search,False
fd58ac54-dbc9-4110-bfa1-21ada84bf47d,45514547-8413-41d4-ba88-c1240763e5e8,e49b348a-e589-4721-a3df-eb0ab13bd06b,2026-03-22T04:47:22,2026-03-22T04:48:22,/category/jaffles,email,True
da7a7f73-ceaa-473d-96a8-0d3689fca7bb,43317971-4c76-44db-9b97-011579286ea5,a12276d4-7cc5-4366-adcc-852d68237509,2026-03-06T22:06:26,2026-03-06T22:09:26,/search,social,True
434c6a9a-e0c7-467d-9dcd-03769916d5ae,a054cb90-d7e9-4236-9533-fc7fd2b1fd77,824ce9af-aab3-4427-93bb-943dcb835c6e,2026-07-24T14:37:57,2026-07-24T14:57:57,/category/jaffles,direct,True
25d7ef47-c45a-495e-9575-051b6f31e75c,3fa371d4-77dd-4e91-9a2f-86801b001903,,2026-06-17T10:58:24,2026-06-17T11:18:24,/category/beverages,paid_search,True
9c1cfb0f-aebd-4378-8ff6-00bd3bbd91bc,,,2026-06-19T09:03:11,2026-06-19T09:23:11,/category/beverages,direct,False
11a13eab-b36e-49bf-afe0-af46577832f7,1757e1cd-b99e-42a3-9e19-1b1305127836,,2026-04-18T21:33:42,2026-04-18T21:41:42,/category/beverages,email,True
f5a5d0df-3de9-4a8c-b3bb-7756a14bb6df,8fe1e8f7-9891-4978-ae6c-34234f35c728,177d713f-f987-4e4f-b29f-c22de71933b2,2026-04-13T19:21:30,2026-04-13T19:41:30,/,organic_search,True
826aca1c-57b0-476e-849e-8cfec1906d71,5bc10fee-ced7-43f1-91e5-597bd89faff6,f6f98dec-32d2-4d84-a8fe-ac30980b23d5,2026-06-10T03:41:03,2026-06-10T03:44:03,/search,paid_search,True
fad92fe9-9d3c-4024-913d-170dbc8283e4,,,2026-07-05T03:59:28,2026-07-05T04:02:28,/search,email,False
a6ba23e9-52ad-4d91-b3fe-b7460e26fa8c,3eaef1e6-c145-417b-875b-96a83a8a8dc8,2980a216-9901-4500-b9f3-278793ad913b,2026-02-27T12:01:40,2026-02-27T12:46:40,/category/beverages,paid_search,True
36486365-fe6e-4dd3-885c-ced941c97399,,,2026-05-23T06:58:20,2026-05-23T07:18:20,/,email,False
2ba85849-a7b4-4d4d-a5a5-924e661de83f,e50d93de-3e78-4f09-8406-df4f27f26c8f,a90fa1ae-707a-4f4b-bb56-7520f6bc443d,2026-04-06T07:37:53,2026-04-06T07:45:53,/search,social,True
5282289c-59a0-495f-9db0-98ee8b373b67,787f43ea-3f2a-4f90-967d-6479bad4f1a9,72f210fb-945d-42f3-ae45-c687d286d9bb,2026-08-16T09:14:03,2026-08-16T09:15:03,/category/jaffles,organic_search,True
0e8b79f7-5bf7-451b-a482-a1cc49713089,,,2026-06-21T22:13:55,2026-06-21T22:33:55,/search,email,False
dd7d0e29-38b3-46e3-8fc2-c34afbab8614,,,2026-07-17T01:56:26,2026-07-17T01:59:26,/,paid_search,False
b86d2950-dffa-4817-afe6-27e97329b448,32927010-1d7d-4cd9-a500-593804ff0e77,,2026-03-17T21:31:14,2026-03-17T21:39:14,/search,paid_search,True
5c8bbeaa-c0b2-42a0-a8a4-9d49b70b105c,,,2026-03-09T12:27:49,2026-03-09T12:30:49,/search,social,False
b569a6b5-5622-43b7-b2bd-ead673e04c8a,24ea0325-a7d6-4388-b86c-7b51e5805b26,4a1a7075-71ac-4c3a-a227-eca5e04ea5a2,2026-07-12T20:39:39,2026-07-12T20:40:39,/category/beverages,referral,True
6067e05f-bb8a-427b-b3e4-b31c8ee77260,,,2026-06-02T20:50:59,2026-06-02T20:53:59,/category/beverages,organic_search,False
1efc7875-1ca7-4bd5-8e77-34a076dc5d7d,122af8ba-58aa-4655-b297-e90d616f0bf6,7d973fa6-ed6a-4576-bb5b-c1d67a662055,2026-06-09T05:07:08,2026-06-09T05:15:08,/search,email,True
94a238fb-aff5-4e18-bf3e-1604808b4478,4ed3232e-6117-4b38-9d59-265a217c91cf,66861ee8-506c-404e-8089-ee390c6948f8,2026-04-02T03:20:34,2026-04-02T03:21:34,/category/beverages,paid_search,True
5bd3a8b0-ad37-45da-9157-968d027f2e42,,,2026-05-13T19:23:21,2026-05-13T19:24:21,/category/jaffles,paid_search,False
32fd1420-4c30-4c18-b03f-97b7e7848d25,,,2026-04-15T18:41:51,2026-04-15T18:44:51,/search,email,False
46b90587-c452-401f-bdfd-5e578622fc1a,a054cb90-d7e9-4236-9533-fc7fd2b1fd77,824ce9af-aab3-4427-93bb-943dcb835c6e,2026-06-03T11:18:12,2026-06-03T11:21:12,/category/beverages,email,True
264dd3d8-e98a-4cc0-8e98-c7de18cad25b,,,2026-05-16T17:55:28,2026-05-16T18:15:28,/,paid_search,False
76ca345e-cf1a-4609-9f25-1729907716aa,,,2026-02-25T16:45:11,2026-02-25T17:05:11,/category/beverages,direct,False
4e372c6a-beee-42e1-a2cc-9386e51b052a,,,2026-08-14T02:40:38,2026-08-14T02:41:38,/category/jaffles,social,False
9b2649f3-6936-4a86-994a-2a5217ce7d47,9400a9f1-7dfe-440e-9992-ce7a2dd5b296,4dda3b0c-9ece-4b2b-bbd6-5d330c20fa0c,2026-04-01T10:17:59,2026-04-01T10:25:59,/category/beverages,direct,True
222c9061-4e68-4cbd-ae13-814041e20058,70a0c69e-1bf5-4805-bf9c-4714e193f75d,180991dd-8c40-45d9-b973-21665070f286,2026-04-15T12:11:00,2026-04-15T12:12:00,/category/jaffles,organic_search,True
12a64931-bb67-406a-b412-9c1574431964,,,2026-05-09T12:51:20,2026-05-09T12:54:20,/search,organic_search,False
3e829365-95e5-4afa-8861-b7e1b31955ee,3eaef1e6-c145-417b-875b-96a83a8a8dc8,2980a216-9901-4500-b9f3-278793ad913b,2026-03-04T06:23:15,2026-03-04T06:24:15,/search,paid_search,True
14223a71-2f54-407d-a6d3-4ef66086aa94,d1a4b7a2-e152-4377-ad2c-08cb61ad6688,52b36bbc-4008-4e93-a967-55c6070055e2,2026-06-17T07:27:32,2026-06-17T07:30:32,/search,direct,True
6e92a144-3b4f-40c1-9160-caef8c574013,,,2026-06-30T13:38:44,2026-06-30T13:41:44,/category/beverages,social,False
c283228a-3145-4ec5-9c59-e0c79bb223ec,863114b5-ba0b-4849-bbc4-d76d59fd0215,c2752f23-34f7-4c97-a720-f7b1a67f2951,2026-05-15T04:39:22,2026-05-15T05:24:22,/search,paid_search,True
1bd43dc7-f888-4649-8eed-de00a19e9eba,2661b9e7-3b2c-40ea-b349-251363d10a4e,,2026-03-18T11:12:23,2026-03-18T11:20:23,/search,social,True
692a3fbd-9b90-4996-b7bb-914bf27b544a,37601558-3b79-4200-800f-fc03a28a5ec7,41c5d875-1a2e-4c48-8d6b-8a171b37a55c,2026-04-28T02:41:16,2026-04-28T02:42:16,/category/jaffles,referral,True
29723fda-430f-4fb0-ae69-07144023b570,,,2026-05-31T00:16:50,2026-05-31T00:24:50,/category/jaffles,paid_search,False
ac8b6e69-ae1f-4950-9673-76cf13249209,,,2026-07-14T10:17:53,2026-07-14T10:25:53,/category/jaffles,email,False
5cf1ba57-5e7e-4f9f-918c-16062f236851,b66b0e13-b74e-40e7-b3e7-1583f2f08a9b,,2026-06-14T12:23:33,2026-06-14T12:26:33,/,email,True
11552467-5dd5-41d6-9b21-360c1ff3f538,adaf0597-4b7f-4b6a-8881-40f3787bc862,4f891213-6fd1-4725-9073-27d7d8467344,2026-05-01T00:44:20,2026-05-01T01:29:20,/category/jaffles,organic_search,True
f6e5cbfe-ac04-47b8-a9c3-9eba815988da,,,2026-08-16T07:16:02,2026-08-16T07:17:02,/category/jaffles,social,False
4293e81e-ad92-4a53-b5b5-1325b1d1dc25,40353a67-5df0-44ca-9c10-b42fab44c6f3,79d55c32-229c-4507-9b67-96e7c26df6d6,2026-03-21T11:51:56,2026-03-21T11:52:56,/category/beverages,email,True
9fcdd364-5f9f-42b1-83fc-fda488e9bb2f,,,2026-06-27T00:05:40,2026-06-27T00:06:40,/category/jaffles,organic_search,False
1e38f978-0399-4397-8287-7173fe908e40,,,2026-07-14T07:40:45,2026-07-14T08:25:45,/category/beverages,email,False
5ab2fb4f-a1f1-47bb-8549-344b552c777d,1f2b91fc-75c1-4628-aec0-5cbebc88f0bf,,2026-05-30T05:54:59,2026-05-30T06:14:59,/category/jaffles,direct,True
9ce1f757-7723-4b30-9db9-f7bf25996b21,ec4bebdf-042b-4c0a-9846-f86a1a9685e9,60740ead-3a07-4a70-a26e-e571faddbbf9,2026-07-08T05:32:45,2026-07-08T05:35:45,/search,social,True
75ad3019-ac90-4c3d-b7df-363e401afffd,,,2026-03-27T20:52:50,2026-03-27T20:55:50,/category/beverages,email,False
8f71e051-fc00-4782-9359-ed09f784a228,2d4e6ed6-f081-4049-b92a-7792dbe97b89,,2026-03-20T14:53:41,2026-03-20T15:38:41,/search,direct,True
186923c5-0da6-443f-aa3e-5c9ea5992e43,5a62f2b9-646a-4b84-b570-661ca33a139f,,2026-05-07T03:22:35,2026-05-07T03:30:35,/category/jaffles,paid_search,True
a4bf9be5-143a-4e00-9218-fb8990c6c795,71ed3bfb-d094-47b4-bd02-9589f31e4c1d,aaae905c-ef5f-47f2-a9b0-848c5265d3e8,2026-06-10T00:42:37,2026-06-10T01:02:37,/search,social,True
a3e950b6-4dcf-4419-89a1-eb69528775d5,8e5c2f29-44ce-4f60-b818-8b728f60b79b,d835030c-b514-45da-aabd-076b608023db,2026-03-11T15:52:42,2026-03-11T15:55:42,/category/jaffles,organic_search,True
27527495-be29-4404-b812-840f07d1b068,,,2026-04-06T01:06:53,2026-04-06T01:09:53,/category/jaffles,social,False
0a69bb82-9dd3-4347-bf7e-706f0165ec41,848c50eb-5e2a-4b53-b6b9-751bfad107b7,,2026-06-27T17:47:03,2026-06-27T17:50:03,/,paid_search,True
8fa5ad5e-50d9-4ed5-b161-66d751781f8e,e860f5d5-878c-468e-a446-059ba8434d4b,445f489c-34ce-4862-9192-c47979fd5206,2026-05-30T06:50:42,2026-05-30T06:53:42,/search,paid_search,True
a4767c65-2e2a-4bbe-87f8-06042df3a327,3cc240f8-bb78-4677-a387-18bb7667c3ea,,2026-07-05T08:44:11,2026-07-05T08:47:11,/category/beverages,email,True
7c572682-ab87-407b-b3a1-8b403e44d335,,,2026-08-13T13:51:03,2026-08-13T13:52:03,/category/beverages,paid_search,False
c1f73bc5-d5aa-48de-a47a-5196e8b71d0a,,,2026-07-22T19:18:31,2026-07-22T19:21:31,/category/beverages,direct,False
27ae8b18-bd35-468d-a2d3-cbc5a3c1fc90,5a2b4f14-e7ac-4b3a-bf58-688bca696e5f,5279cdcf-3736-48d9-bc59-47bce10274b7,2026-08-08T14:20:20,2026-08-08T15:05:20,/category/jaffles,paid_search,True
6fa8aaf6-278b-4c8a-afac-c4f81df17874,303bc5db-08d0-4431-b6df-29c80d0321da,1d7445d5-fb36-49d3-86e1-b2c65a4dd249,2026-04-10T12:27:53,2026-04-10T12:28:53,/category/jaffles,organic_search,True
f2a169c5-5292-4ae2-bfc7-c628fc352cbd,827eed18-8ab1-4e5d-ab00-5d8ac9bb168b,a93c7d7f-7570-4337-afc4-7933af083afc,2026-04-23T01:11:23,2026-04-23T01:19:23,/,social,True
18f91033-d950-4646-86fe-b46c96055e51,,,2026-07-30T11:53:51,2026-07-30T11:56:51,/category/beverages,referral,False
733d8576-02bd-4dbc-a3f8-2f213c572dd0,,,2026-04-28T17:11:07,2026-04-28T17:12:07,/category/jaffles,direct,False
e0925dbe-1326-489e-9c91-9c49737dcab9,,,2026-02-17T09:54:21,2026-02-17T09:55:21,/category/beverages,paid_search,False
1cf4f3e7-777b-424b-b8fd-f0d73efa92b0,7d624fe1-d3a6-4326-a6e6-32ebc0c46ea9,5840a0d4-98fe-4684-866c-fafb28a7b486,2026-04-22T07:27:29,2026-04-22T07:35:29,/search,referral,True
3c72c1de-9e6a-48cb-9cbe-263418932304,,,2026-03-03T19:20:15,2026-03-03T19:23:15,/category/beverages,referral,False
46b50ff4-a993-48d4-859e-683d555c217a,,,2026-03-22T04:43:22,2026-03-22T04:44:22,/category/jaffles,referral,False
287688e6-ad47-4e48-9bd1-c0cb8aeb618a,e7e3f8e8-5e9a-4cea-90ea-8ba71ec98685,859eddcb-dcbb-4dc3-9d2a-5dead29b377e,2026-06-25T06:00:51,2026-06-25T06:08:51,/category/jaffles,email,True
c1959386-f76a-4e22-a502-f5945ac6566e,6939d1d2-fba3-4888-8c53-6898bb73c26f,abe2e158-f3a5-4137-b428-e7d2c116dd21,2026-03-15T01:06:54,2026-03-15T01:14:54,/category/jaffles,referral,True
b1b7f1fd-0624-4adb-b327-17feb089a926,,,2026-04-11T16:54:48,2026-04-11T16:57:48,/category/beverages,direct,False
f0ad7221-d983-4e07-8457-0394716d9c02,,,2026-04-08T15:57:50,2026-04-08T16:42:50,/category/jaffles,referral,False
4b6e4cb6-1e19-4d6d-b662-57de84ee60fb,,,2026-03-09T05:23:02,2026-03-09T05:43:02,/,direct,False
477c16be-05e5-4d78-aed7-d1f72110bc60,bd081d89-0320-4774-bb4c-798b6e253b0e,5602a16c-2fc4-4261-a707-db182a32aa70,2026-04-24T01:31:46,2026-04-24T01:32:46,/category/jaffles,referral,True
49d8bb7c-7cca-4b18-8307-28d797923f4a,,,2026-07-03T19:04:40,2026-07-03T19:24:40,/category/jaffles,organic_search,False
2bccc7d4-2f74-4e48-86a1-a12a7b49ea2f,,,2026-06-25T04:46:54,2026-06-25T05:06:54,/category/jaffles,paid_search,False
e1ae09be-91c1-4b7c-8c30-516edad66015,5daa5d95-314b-4f5e-8926-8d61c9d4daa1,,2026-05-20T07:24:19,2026-05-20T07:27:19,/,paid_search,True
21a55266-613a-499b-8fed-c61becbbaa00,,,2026-03-07T10:52:32,2026-03-07T10:55:32,/search,social,False
d2df92b6-421c-4659-a086-d1ed75832573,5b6d3273-0554-4f9d-bc05-2157626c1ad0,b4420200-4166-408d-81eb-5028e6deaf98,2026-07-14T07:31:58,2026-07-14T07:51:58,/,organic_search,True
79fa79e9-b755-45f9-ab9f-ce07bdef1be1,376d586e-00b0-4a49-9695-ddac46fb337e,,2026-07-05T11:48:10,2026-07-05T12:08:10,/category/jaffles,social,True
f7726e6e-9ff8-4aec-824c-9fc109567ac9,,,2026-05-01T23:41:31,2026-05-02T00:01:31,/search,referral,False
27c26ab6-a8f3-4cec-9922-9001c839622b,,,2026-03-16T02:39:29,2026-03-16T02:47:29,/search,direct,False
26f3b549-7a1c-4e37-a234-fa7604e5e26b,42748981-2a95-4e95-91cf-9844c8aa9c69,,2026-05-20T21:52:54,2026-05-20T22:12:54,/,direct,True
c13d44fa-eb68-49ba-9e75-59b807e57e71,,,2026-02-26T07:38:54,2026-02-26T07:46:54,/,organic_search,False
ce541d0c-1112-4b81-9d9f-3d3eeefeb37f,,,2026-02-21T10:16:42,2026-02-21T11:01:42,/search,email,False
44d1e79a-84d7-4855-9806-02ca17d940a5,ed7f8737-2c99-408f-afd0-f91c740e414c,1f54e0df-58e5-4052-9df3-5444ac1973ba,2026-03-17T16:33:22,2026-03-17T16:36:22,/category/beverages,organic_search,True
bab166e0-65a5-48b4-a439-b4d7db6a084f,,,2026-04-21T15:11:22,2026-04-21T15:12:22,/,email,False
d28c98bb-65d3-4e61-a42f-5041393abc6d,,,2026-07-06T05:03:02,2026-07-06T05:23:02,/category/beverages,social,False
fbad7ace-635a-4ef9-ab0c-accd025c01dc,6a0e8a99-d39a-4600-9876-1344b693450f,d9d60ac4-576a-499e-a2ce-ae3a58d4f962,2026-05-16T00:44:04,2026-05-16T01:04:04,/,referral,True
65a15254-64fc-413c-abd8-a7981cd75c6e,,,2026-02-17T21:08:39,2026-02-17T21:11:39,/category/beverages,organic_search,False
0a5209b8-6a16-4d3d-8eaf-bf3332910870,,,2026-02-19T05:32:28,2026-02-19T05:35:28,/search,paid_search,False
cc785b4d-234a-4301-80e4-57d7b38be8d9,5b817ccb-b122-4044-b74f-bde3d1df714d,,2026-04-22T16:04:59,2026-04-22T16:12:59,/category/jaffles,email,True
bb13f5ec-3481-4d2b-a1f3-f471a94c2407,,,2026-08-10T10:34:19,2026-08-10T10:54:19,/category/beverages,referral,False
483b3c06-0f84-4f6e-8606-9b70e1fb4d0e,c664111b-b80e-45ab-b2de-ee220ea29fbe,,2026-03-07T12:31:36,2026-03-07T12:34:36,/category/jaffles,email,True
3724ceba-c306-4bcd-875d-1a7a193e584a,,,2026-03-31T05:39:21,2026-03-31T05:40:21,/,organic_search,False
6f67e260-0aea-42b5-8516-d9fa0660247a,,,2026-08-01T12:11:46,2026-08-01T12:19:46,/category/jaffles,email,False
5fc714a0-68c7-4a3d-9d0c-e5d132e81fa1,3e5dc535-3e67-47d0-8eed-547c7f51e8c9,6c83b0d7-dc70-4239-9cb0-c5d20bbe80a4,2026-08-10T01:11:37,2026-08-10T01:31:37,/category/jaffles,social,True
de64490d-41f5-489a-8fd8-68443543033d,a31129ac-6e82-4a23-86f3-3d708e019069,f0980c6d-6817-467b-908a-7c25a670f7aa,2026-05-03T12:27:50,2026-05-03T12:35:50,/category/jaffles,paid_search,True
0294dacc-0c31-4669-874a-13860a2d0cdb,,,2026-08-01T06:45:53,2026-08-01T06:48:53,/,paid_search,False
9a088060-40bb-4027-b8b4-3eadf4fa2f65,,,2026-08-12T20:26:25,2026-08-12T20:34:25,/search,email,False
fed27cb3-aa0a-4de7-8c54-f900ad5a94d0,ac4632eb-3a22-4956-896e-0a3899a647f1,eb34e33e-7d13-4068-9090-07f1dbd29747,2026-02-23T23:08:27,2026-02-23T23:11:27,/,social,True
5d8886ad-5edd-4082-9823-29570c22c81a,aa006c1b-6b97-4f02-99a9-57923d13eb8f,,2026-04-13T19:43:14,2026-04-13T19:51:14,/category/jaffles,referral,True
d29b2c27-976d-4d11-9faa-84ac867684d3,,,2026-05-18T14:28:40,2026-05-18T14:29:40,/category/jaffles,direct,False
b7f15cc1-2766-4aee-9173-4a5a643221d6,,,2026-04-08T12:44:00,2026-04-08T12:52:00,/category/beverages,organic_search,False
ab5824c7-1162-48b0-9790-03cb7c41346f,,,2026-03-29T00:46:20,2026-03-29T00:49:20,/category/beverages,referral,False
d83f3318-5ac3-441c-8032-a6ee3290d8b3,6939d1d2-fba3-4888-8c53-6898bb73c26f,abe2e158-f3a5-4137-b428-e7d2c116dd21,2026-07-01T08:43:24,2026-07-01T08:51:24,/category/jaffles,referral,True
df97c728-be4e-4cbd-9d0b-dfaf6d66d920,,,2026-07-18T12:32:20,2026-07-18T12:40:20,/category/beverages,organic_search,False
a0dec2e7-f516-4425-970b-529a453d823b,,,2026-08-11T06:35:53,2026-08-11T06:36:53,/category/jaffles,organic_search,False
5de5d1ee-2e49-4c6f-8996-8b1874205e6c,,,2026-04-12T12:20:11,2026-04-12T12:23:11,/,paid_search,False
88f2fb07-ff36-4b6f-8a44-948e586a78ef,ed46daf6-4c46-4af8-a80d-c0cf0b307966,,2026-07-10T15:45:02,2026-07-10T15:48:02,/category/jaffles,direct,True
78df46b1-1657-4e6c-9046-97962878da15,,,2026-05-09T21:12:22,2026-05-09T21:20:22,/search,referral,False
347172f6-8b1c-4f9f-bfdc-02143515503a,388a03fa-6bff-4153-afbb-2349b43c876e,c72d7e8b-a163-4d7b-ab8d-dcf358303179,2026-06-06T04:31:24,2026-06-06T04:32:24,/search,email,True
6eba416f-aacd-4060-a379-325f85003476,be999c23-fb5b-4060-b4aa-bd50fe8ab5f6,,2026-03-09T19:13:57,2026-03-09T19:14:57,/category/beverages,referral,True
01521853-9b9c-4b99-8f27-a37f582a431d,,,2026-08-01T09:46:47,2026-08-01T09:47:47,/category/beverages,email,False
e2cf71ae-9770-411f-a01a-719577b35c32,d31efffd-fdc4-4168-ac26-83b67a6c5c47,74fd0ecb-c7b8-4075-8fc7-5b816db73838,2026-02-18T22:18:03,2026-02-18T22:38:03,/search,paid_search,True
40ef5498-b3c1-4444-8803-954566a32ddf,,,2026-05-14T07:27:38,2026-05-14T07:30:38,/,referral,False
c41f4313-d840-4b02-b18c-0616af6416ff,c11308cb-8153-4e7b-9149-9b6b5c0aa137,73ddeea7-4c66-4eec-8fa1-bb0079c88add,2026-02-28T11:09:16,2026-02-28T11:29:16,/category/jaffles,referral,True
9183c141-01f2-425d-9caa-98e32dbd0fb9,96f16837-3562-4765-b8dc-ddd863a970f2,640cf379-663e-4917-b418-3c03d4de36ba,2026-04-13T04:53:31,2026-04-13T04:54:31,/,referral,True
63aab2d0-558d-42c1-b6c6-9fc1443ff8a6,,,2026-04-21T15:32:05,2026-04-21T15:33:05,/search,referral,False
c924a0b0-c2a4-4c9b-b867-5dc40ae8036a,43217606-3354-4bb8-b967-c358331d8375,6ac3df22-6f9f-4a5d-bfbb-fb7e9f025a74,2026-03-25T23:46:05,2026-03-25T23:49:05,/search,direct,True
f9f9c97d-e9c5-4a2d-8192-8e9a2b16c5a8,6d24a27b-89f9-4e69-8c83-6f87ce5b6d33,969ae44d-d666-49da-a1ad-cd5cea099689,2026-06-09T13:35:59,2026-06-09T13:36:59,/category/jaffles,paid_search,True
5cb4c5d0-d631-44e3-bee2-d7b7f41e4aed,af16d888-ff4c-4c16-a2f8-9e2a3a9677c7,dfd38ef2-e7cc-4b62-b456-b9f29e02de43,2026-06-10T21:45:14,2026-06-10T21:53:14,/,organic_search,True
04c1b0d6-2de7-4160-a47c-37151045f60c,35292459-521c-4d3a-a786-3b68116663fc,6b805286-7ca6-4fc0-b45f-4b05694d2366,2026-03-20T10:37:24,2026-03-20T10:40:24,/search,paid_search,True
a4f11a17-f4ee-405d-bb48-247d434179f6,,,2026-03-19T10:42:28,2026-03-19T11:27:28,/category/beverages,organic_search,False
00619dd5-e73d-4e86-b81b-880e494686aa,,,2026-04-14T16:11:11,2026-04-14T16:14:11,/,referral,False
6ed1fee1-0e94-4ae9-8cfe-50912ec13c9e,531465bc-638f-4adb-9b47-cf0c1dc55550,6bae610e-9c19-4f9e-a4ee-b6f5cdd10d26,2026-04-15T18:43:47,2026-04-15T19:28:47,/search,paid_search,True
a345e8d6-a272-42fa-b485-10e187a3ccb9,,,2026-06-15T17:34:55,2026-06-15T17:35:55,/category/beverages,organic_search,False
e8699021-db16-4a23-b89c-d4181727eaff,b91c4cbb-67d6-4515-b897-dd13e44c1101,22d5c9e9-8483-4d4a-86fc-8d632c3271a9,2026-06-13T20:16:08,2026-06-13T20:17:08,/category/beverages,paid_search,True
6a4f6f4b-d349-43d5-a4c7-faaaee232089,42748981-2a95-4e95-91cf-9844c8aa9c69,,2026-07-19T18:52:50,2026-07-19T19:00:50,/,social,True
3487bd0f-9f44-4913-aa8c-e0e66f159131,e4adb740-2faa-44fc-bc18-4aa698032414,ba820d58-c2c4-4897-984c-a747e43d75ae,2026-02-22T01:00:25,2026-02-22T01:08:25,/,referral,True
d3721a4b-5327-43de-8b79-0f0dd67ffabe,,,2026-04-01T22:18:34,2026-04-01T22:21:34,/search,direct,False
73f2d37e-dbe4-4ad2-8eab-be66f92bf31b,,,2026-02-24T07:14:23,2026-02-24T07:34:23,/category/beverages,social,False
2d13d90d-b257-404b-8531-6a2954e70085,71972ade-a5de-461b-aac8-49774ccb1a4a,b5e46d12-0887-4c45-94f3-286e691b6b2e,2026-07-13T20:47:28,2026-07-13T20:50:28,/search,social,True
238963cb-f8b0-4c68-b88a-92c61042cc8c,66dda3b2-66cf-4b2b-90b2-91abe28f6aa4,0c6dea90-9449-4115-a1be-1fe731878dfb,2026-07-19T12:53:15,2026-07-19T13:01:15,/,organic_search,True
332b525b-1fff-4091-a72a-132f6a1075f5,53ed5bac-fa7d-4b1d-a73c-6c2b9845c1d1,19386682-09cc-40bd-913d-dbc6835b8592,2026-07-09T22:09:30,2026-07-09T22:10:30,/category/beverages,direct,True
f192a1fd-f0e2-4943-a527-e7e05d03e497,19a91b0b-51dc-434f-978a-177588409f99,f158bcd6-b93e-4f2d-b5ac-5489537502dc,2026-06-28T20:21:31,2026-06-28T20:29:31,/category/beverages,social,True
7454a176-e020-4d3a-b4a6-2c66956d2620,54c7fff7-8475-4ccd-a380-7e8187501723,fe4a76d5-b62c-48c1-951b-79b968b7bd54,2026-03-15T13:53:53,2026-03-15T13:54:53,/category/beverages,social,True
e212b18f-6f36-44b2-b609-1ce84178143a,099dd9b8-0a76-482f-92e1-f754d25d5aee,193ba470-eec7-48c7-8b8e-487521288f7d,2026-02-19T18:25:50,2026-02-19T18:26:50,/search,email,True
6aff433f-7fba-4f2f-af73-bff0b8907181,99b2e147-d4f4-4a75-8f55-17304a277ed2,,2026-06-24T05:29:50,2026-06-24T05:32:50,/search,social,True
9534b076-afd9-45ea-8f8b-b6a03a81d476,,,2026-04-09T13:25:49,2026-04-09T13:26:49,/category/jaffles,social,False
4ac1bc2f-8426-4538-a719-bd71b1b0ceba,,,2026-05-09T07:33:15,2026-05-09T07:53:15,/category/beverages,social,False
f55ab1c5-4cb8-42ec-9016-628f17cbe729,627b564c-f368-4634-b7f8-d7e1c5ee980a,cf36e3d8-342e-4e0d-8655-d848c742aafc,2026-07-28T16:19:40,2026-07-28T16:22:40,/search,direct,True
199f10f1-5088-4435-9c52-654393dab8e7,89c10b53-36ee-4f1c-8430-7090dbf04a44,5c1291e8-3883-4e29-b824-8169a8dab0be,2026-07-30T22:06:55,2026-07-30T22:26:55,/search,social,True
f6bea7a2-06b7-4427-bf84-d30f338f3032,b43d4e7f-d2c2-4f0e-a706-cfd02d61a398,9cf17d22-e253-414a-a809-1f824017eced,2026-04-14T23:15:56,2026-04-14T23:18:56,/category/beverages,email,True
25c5b4b2-1a04-4d15-aea7-fd0c99c67dd8,e4d6980c-4b68-4255-97a5-2540f5ef35bc,296c79ad-ab79-4156-8cc8-338763e1bd67,2026-06-24T16:05:09,2026-06-24T16:13:09,/category/jaffles,referral,True
cc2c6b64-ecb4-4581-8f4a-7dfa0dbdc5af,f14bcc19-681e-43a6-94e0-9748a8455850,0f2561f8-90d2-4674-876b-e14f08b360e4,2026-03-02T13:02:57,2026-03-02T13:10:57,/search,email,True
4d9318b0-6184-4515-9c62-a407f0559e08,a0a83e46-f548-4a18-a79a-5ecdd85b6c8e,,2026-05-15T18:13:27,2026-05-15T18:16:27,/,direct,True
43cfee32-1c35-42ae-8870-6e186e78ec82,85e030d5-7bbc-494b-baab-665c95549265,a4e92760-1289-4fa3-9d9b-e47fd8f6c271,2026-04-03T09:46:01,2026-04-03T09:49:01,/,paid_search,True
170b2f39-1fac-4ca6-a6f8-8f93c8f9b6a1,62e44a82-c99b-4d04-9abb-f6a2eb97c7ec,b559d443-49ca-4b4a-b764-2170c5c31a82,2026-03-05T08:07:09,2026-03-05T08:10:09,/,direct,True
1a93bfa6-978a-40fa-b189-7b2986bfb2b9,2251b079-d6df-4d71-bd74-d2a00e841a9d,54ffb708-d316-48cf-ab63-d80a0bbfbabe,2026-05-17T19:00:24,2026-05-17T19:01:24,/category/jaffles,email,True
6357a5af-1746-46d5-b41c-ac9699330821,,,2026-05-07T20:37:30,2026-05-07T20:40:30,/category/beverages,organic_search,False
c0c51e37-bc9f-47c8-b9c7-c2ed63132ac8,,,2026-06-30T15:47:36,2026-06-30T15:48:36,/category/jaffles,direct,False
9d6637ec-c841-4653-a214-34c9121eb4e7,45233069-2809-4274-b243-98792794b3e9,425fed5e-69b4-4ce5-ae8a-1a0888ccc754,2026-05-21T22:18:50,2026-05-21T22:38:50,/category/beverages,paid_search,True
682d1ce6-807a-44e9-b6c7-268d735b92ae,e58c63e7-69a9-49cb-947e-5841010ca567,e0b5a891-728b-4b27-afd2-db0584a8b650,2026-06-20T20:59:20,2026-06-20T21:19:20,/category/beverages,referral,True
d6866096-31c1-468a-a800-d0e57b1a627d,43086963-8392-432e-84e0-ef1902202b4c,4e8f79fc-4b79-4610-a0f3-a3c790991862,2026-03-13T13:32:38,2026-03-13T13:33:38,/,referral,True
507d990f-6f22-4eae-ab25-4b5fcec05110,3d6f18db-a49c-4563-9445-68d4e02bd664,c7775dfd-36cc-40db-8825-c87da174be1d,2026-04-05T01:41:32,2026-04-05T02:01:32,/search,referral,True
3be1ec1c-be1e-4cf8-aa4a-28f534717b2a,,,2026-06-13T06:42:31,2026-06-13T06:43:31,/,referral,False
e0931d01-80f5-4a42-b11f-a4bee364cb23,,,2026-05-28T08:01:43,2026-05-28T08:46:43,/search,paid_search,False
5256458a-472c-4536-b14f-53ae74816282,8d5d45b6-2bf0-4380-85a0-b73fcbc86e94,2fcc1a01-7656-4755-bdc3-c368eed879a0,2026-06-16T18:25:21,2026-06-16T18:33:21,/category/beverages,organic_search,True
781394fd-6840-4c4c-a817-12de45f33113,69f9f173-1ee1-4ba2-a1be-005dc5f305fd,,2026-06-21T08:14:44,2026-06-21T08:22:44,/category/beverages,organic_search,True
920194b1-fdc9-479f-9d34-bbd83be5899c,,,2026-04-19T15:49:58,2026-04-19T15:52:58,/category/jaffles,direct,False
f03c0d06-6391-49b7-8537-927c5b15485b,,,2026-02-27T22:36:16,2026-02-27T22:56:16,/category/jaffles,referral,False
a5473fd5-eca8-4a40-a655-c94be92c6b66,,,2026-08-04T10:30:42,2026-08-04T10:50:42,/category/beverages,referral,False
6b9bfd15-2f3e-4e30-8a9b-b6419b7df54e,,,2026-07-07T12:39:54,2026-07-07T12:42:54,/,paid_search,False
f187db4e-401a-4324-bb5f-b0b4d6b429d3,2661b9e7-3b2c-40ea-b349-251363d10a4e,,2026-07-10T01:14:37,2026-07-10T01:59:37,/search,referral,True
9b82b434-1977-4f95-840f-60052ae614a6,0a34659d-f0b2-4bdb-bf92-759aea838e90,318575e5-f6c8-49e5-948f-423b4c9fd40e,2026-04-28T21:51:52,2026-04-28T21:54:52,/search,organic_search,True
1f49e9a7-abb1-4c32-bb57-c2aea27e2410,e7297926-0c3c-47f0-a303-8e1ddfc0eb77,98e2c543-dfc6-4760-b608-19571a5436c4,2026-03-07T03:05:46,2026-03-07T03:08:46,/search,paid_search,True
01602d1e-8b78-4b4d-8275-d01ba1ff875c,8f9052f4-d761-416e-8b74-a71f640df0d7,,2026-07-29T23:33:29,2026-07-29T23:53:29,/category/jaffles,email,True
b5215ce6-6932-4885-86b8-1113be5720a5,6bb94756-3d64-40f4-9ecb-bc26ede41625,055c127f-81d1-40eb-9f2b-e9e7d1b80ced,2026-04-07T21:13:14,2026-04-07T21:21:14,/search,email,True
44c61f7b-9694-4ff0-bc36-ee66ce6bb7bd,117c9a65-4a4c-494f-8a54-64305d57c551,4d70433c-1a8e-4080-a526-ea309306137e,2026-08-02T23:21:21,2026-08-02T23:29:21,/category/beverages,direct,True
cbee575c-2bef-4d60-b14f-354911a236d2,2ffdab76-6ec7-4dce-bd58-e9b2f6da991c,a8cf00a3-4be9-4f5d-8036-73fbd93c6e1e,2026-04-05T22:11:34,2026-04-05T22:19:34,/category/jaffles,email,True
6d92761d-ae26-424e-a238-157ad1d8df98,45514547-8413-41d4-ba88-c1240763e5e8,e49b348a-e589-4721-a3df-eb0ab13bd06b,2026-07-14T00:55:38,2026-07-14T01:03:38,/search,paid_search,True
1d7b2f2e-e994-4a8d-8d9f-e2dcdf20d0ef,8ebb4b7d-ed19-43be-a647-6c3a9a6a166a,,2026-06-16T10:29:13,2026-06-16T10:49:13,/category/jaffles,referral,True
69701d68-5ba8-40d9-83c9-8872a7467922,,,2026-02-23T17:48:25,2026-02-23T17:49:25,/search,email,False
f9d6917d-c4ee-4b2a-a102-7458b346ec88,,,2026-04-26T03:58:11,2026-04-26T04:01:11,/search,direct,False
0a20a236-3030-4246-ba72-c68585888fc1,c6fb82d9-b6e6-445a-a3d3-0158405a9d16,,2026-04-21T16:30:30,2026-04-21T16:33:30,/category/beverages,email,True
ae283e2c-4bcc-483a-a09f-f59a3d716853,352810e9-e0fe-4062-a808-83f47ad5f4d4,722e7bc1-29dc-4da3-85e6-5b862d8770f2,2026-06-08T15:51:59,2026-06-08T15:54:59,/category/beverages,direct,True
8f11ed49-7111-43e5-872e-797b2f807405,913a8985-53b2-4a69-b2a2-3e44370275d4,a1fc3f00-146d-46ab-9a5f-4654555b3b33,2026-05-14T05:22:17,2026-05-14T05:25:17,/,social,True
f272645e-052b-4987-bd60-7186aa5787b2,,,2026-05-31T20:21:22,2026-05-31T20:29:22,/category/jaffles,paid_search,False
d46a9b02-bd55-4a0f-8d58-cd84ad6fe001,50e6ae18-ad0a-4f68-bb3d-e1a8b80eb58f,,2026-04-05T16:40:17,2026-04-05T16:41:17,/,referral,True
8c21bb28-56cd-4471-a127-d5bc501462ec,1fcec697-8153-4717-a361-5a4257e0c9b7,656fcac1-feb3-4da5-8113-a640dc790622,2026-06-01T04:47:44,2026-06-01T04:50:44,/category/jaffles,organic_search,True
fef6e7e1-d7ca-40c7-b87b-ada2f808309f,0815e683-4b1e-4ea3-b9e8-9d06bbfaedb5,779d88d4-262e-4b08-bb4f-fa5609c436cf,2026-06-21T22:20:20,2026-06-21T22:28:20,/category/jaffles,paid_search,True
344e65e7-3230-4511-9636-abd468c4fbee,,,2026-05-07T13:01:03,2026-05-07T13:04:03,/category/jaffles,organic_search,False
a9c9db4a-e4c4-4f0f-987b-aaeee456a15c,2dcc7662-f1ce-442c-b998-bbe351d5e186,,2026-03-28T09:52:54,2026-03-28T10:12:54,/category/beverages,email,True
218de22e-1448-46d3-8309-c25417ffca17,86fb0f27-e52e-40a4-8499-5f1610574213,36962ba8-b1c4-47f4-9832-6d394334264e,2026-05-11T22:40:54,2026-05-11T23:00:54,/category/jaffles,organic_search,True
71f5c382-1556-4658-a5a2-c1dff9fffcd6,afdabd06-a2b4-497a-93b8-7bcf582b5d3b,,2026-04-30T17:57:31,2026-04-30T18:05:31,/category/jaffles,direct,True
a9366b46-57ce-441d-ae9c-e24b0d752cd1,341da637-6927-4a64-8183-13ec96005b5f,,2026-08-03T02:23:21,2026-08-03T02:24:21,/search,email,True
de842b3f-8534-47c0-beab-82630d9cd055,f7d61334-5d22-49f8-a022-903921239047,e668c0c4-5ba7-4a5f-aa64-e493e6aee960,2026-02-17T21:00:19,2026-02-17T21:03:19,/,organic_search,True
aef29ac2-b52e-4132-ab3e-c253881245a5,,,2026-04-16T06:54:40,2026-04-16T06:55:40,/search,paid_search,False
89290cc4-72a3-47cb-89f9-df90cdc788e7,,,2026-06-14T09:23:22,2026-06-14T09:24:22,/category/beverages,organic_search,False
097d7aba-a26c-424a-919f-b39c465f03b5,,,2026-05-27T02:14:20,2026-05-27T02:22:20,/,direct,False
cd2b9852-e848-49e3-8205-ed96854ba74f,2bdeb3b7-a894-4fcf-8218-e41167bc557e,,2026-07-30T01:58:59,2026-07-30T02:01:59,/search,direct,True
76d78452-e367-4e9a-a5fe-c50b5a9b8ede,,,2026-03-14T07:08:07,2026-03-14T07:16:07,/search,organic_search,False
742cb368-4acc-48c8-909b-0860aeebb58e,,,2026-04-22T19:36:38,2026-04-22T20:21:38,/,paid_search,False
8c7f592f-326d-4b2e-9cb3-14253a7a3fc8,,,2026-05-01T18:31:27,2026-05-01T18:32:27,/category/beverages,social,False
65ed30fc-418d-4868-a633-3e8ff65dff20,bbfdba43-2871-4e95-84d9-e2ff45960e7d,,2026-07-20T04:42:18,2026-07-20T05:02:18,/,direct,True
032c44c7-14f0-41e5-af01-97ac5c1a425b,af3dbfea-4df6-42c8-9826-57806904f81c,54984b2f-5212-4a0d-8872-82059e65002b,2026-05-21T02:00:02,2026-05-21T02:01:02,/category/jaffles,organic_search,True
932f3432-13f8-4a03-9a65-6351ed84b4bb,,,2026-04-14T07:03:05,2026-04-14T07:11:05,/category/beverages,paid_search,False
551d510b-a2d4-4163-9b6b-75c84567052a,97bbee89-2209-4d9a-9f20-d3327baf7efe,3175ed22-7837-4204-bb6c-abe74d42dad8,2026-06-12T16:31:02,2026-06-12T16:39:02,/category/jaffles,social,True
ceda675c-2e20-4621-b832-e581887b29c5,,,2026-06-20T02:59:35,2026-06-20T03:02:35,/category/beverages,organic_search,False
9929d379-471d-493f-8797-28f96a4786bb,eb16c915-257c-4e0d-8f75-ef88a49065b6,81408970-985f-451a-8412-94d8e7962bf6,2026-06-02T08:46:49,2026-06-02T09:31:49,/category/jaffles,direct,True
3dd3b397-bbfb-4000-825a-d442d071ffc1,,,2026-06-23T08:22:41,2026-06-23T08:23:41,/search,referral,False
74c939af-5b6d-4de8-8268-851033eb393e,,,2026-06-29T03:58:05,2026-06-29T04:43:05,/search,social,False
50f07093-f3cc-4388-99e2-234edf64ebd8,,,2026-04-10T18:59:27,2026-04-10T19:19:27,/,referral,False
8b0208be-7745-4ec1-831f-0d2840df988d,,,2026-03-17T11:21:17,2026-03-17T11:24:17,/category/jaffles,paid_search,False
649ca763-0047-41c0-8ce0-ceb10bbba122,51d5c171-5764-4f95-8919-dd46d204df4b,16bde302-e42d-4fcc-a265-b578270fb7f3,2026-03-21T05:08:20,2026-03-21T05:16:20,/,referral,True
664999a0-b93b-4c1e-a2f0-531434968388,e94d8a6e-9b23-411a-baf2-75f02c42d8cb,172216f4-1ca3-4e49-a4ce-093502f9bb80,2026-02-20T20:45:16,2026-02-20T20:53:16,/,paid_search,True
7f838e41-9d10-4459-8d64-6a4141be3e9a,,,2026-03-19T16:09:03,2026-03-19T16:10:03,/category/beverages,direct,False
80b0e232-f9d6-4912-a708-bcc1f64a73fa,ec4bebdf-042b-4c0a-9846-f86a1a9685e9,449d13f7-c973-479a-9e7b-2821fbe8d5ad,2026-06-08T22:04:22,2026-06-08T22:07:22,/category/jaffles,direct,True
856d1e18-492d-466b-839a-aed79d39f0bb,,,2026-03-04T22:26:08,2026-03-04T23:11:08,/,direct,False
036747f6-2e0b-43d5-87b2-ebcc5be6ad83,8f9052f4-d761-416e-8b74-a71f640df0d7,,2026-03-19T05:22:42,2026-03-19T05:30:42,/search,referral,True
d54445cc-8442-418a-a125-be4a1ea596b1,298ca377-a08e-4e0d-91d6-b0b5aff14c1b,cef6e514-dca7-4b85-9fc2-50841f0dd85e,2026-03-23T02:36:38,2026-03-23T02:39:38,/category/jaffles,direct,True
3075abd7-a272-4c69-aeaa-16ca6869b734,82205f5f-43a1-4172-aab8-523ed6a89f26,496deed5-87b7-49da-b06c-47e3312e4966,2026-04-19T03:37:28,2026-04-19T03:45:28,/category/beverages,email,True
4785cba0-5c32-4faa-b4fa-32607ea123d5,,,2026-03-24T08:21:33,2026-03-24T08:24:33,/search,social,False
30c35cda-93c5-43c1-b22b-6025c0a25b24,0e4dbbf0-e4a8-4015-9595-c0b9bec0f9e5,,2026-07-14T02:40:00,2026-07-14T03:00:00,/search,social,True
63f76a1a-0761-4223-a0f9-eeb36b802a05,8cef9627-37e9-4bad-a5d7-69f87f291c90,6ef50631-b7f6-4587-a911-f8e1aad27798,2026-03-22T21:35:29,2026-03-22T21:43:29,/,paid_search,True
1674928b-c871-4265-a73c-78cdf51d4769,5f31277a-2dcf-4273-81e3-312413596a23,034a5cab-fced-4eac-9c1c-bcb519f9fd8f,2026-04-01T12:35:17,2026-04-01T12:36:17,/,email,True
5110f8cd-429e-4e39-8631-1609fe72273e,,,2026-07-01T21:02:29,2026-07-01T21:03:29,/search,organic_search,False
aef9ccd5-f4ca-4aa0-b39d-b3694bdecf75,b43ea9dd-823e-4930-9110-31ea0eaa05f3,6876c199-1d8f-4f7d-9967-429c7906e8be,2026-06-15T11:22:09,2026-06-15T11:25:09,/,paid_search,True
d8510ba5-db8d-4e61-97e3-d15316292ef6,6d883826-0157-47c4-a6cc-cb8134bcc6db,,2026-04-11T23:14:11,2026-04-11T23:34:11,/category/beverages,organic_search,True
559c7bbf-7e52-437e-a160-a819bbb9bea7,,,2026-05-26T11:52:04,2026-05-26T11:55:04,/category/jaffles,organic_search,False
c5129114-cbc1-4041-a76e-beb634d40c40,2f76575f-2d85-40ca-8f3b-82b14debc678,e8c1a89a-5803-44c6-a916-81d3f33e86bf,2026-08-03T20:03:07,2026-08-03T20:11:07,/,direct,True
3f5a994b-bd60-4897-8e3b-47815c413a62,0327ed4c-b4a3-4746-9221-3bb172a05c50,506b5103-27e4-425f-83cb-233074ddbd59,2026-03-25T06:27:57,2026-03-25T06:35:57,/category/beverages,direct,True
9c4fe323-ed1e-48fd-9102-3e18a74d5709,afdabd06-a2b4-497a-93b8-7bcf582b5d3b,,2026-06-08T06:50:05,2026-06-08T06:53:05,/,social,True
6505d75e-5f16-4bad-b6f9-056bea8c31be,22dc524c-5b2b-4982-a2a7-2a5f5a5b9ca5,bd96628f-5d69-4008-bc48-706c363c7160,2026-04-18T22:31:21,2026-04-18T22:34:21,/category/beverages,organic_search,True
6ddfdaf6-d887-4a65-970e-52f3449519cb,e7f5d853-30ed-4302-9303-e11752f57b2f,9be3ffe7-a8a9-4689-abed-83d0d9a342dc,2026-08-03T13:31:54,2026-08-03T13:34:54,/category/jaffles,email,True
b24dc685-a1f0-4398-9787-559d457d6206,,,2026-03-02T23:19:39,2026-03-02T23:39:39,/category/beverages,paid_search,False
5ea79222-f9e6-461c-8122-2b4a4c8ee235,c11308cb-8153-4e7b-9149-9b6b5c0aa137,73c0a280-fa67-4942-923a-3d3b0ebe94a0,2026-07-22T07:08:39,2026-07-22T07:53:39,/search,referral,True
9d018005-e612-4f84-8990-d239ea277c5c,77b903b9-c97e-44ae-8274-9dea7b101277,47fd745a-9379-49dc-817f-164715ea1f8f,2026-05-10T01:20:48,2026-05-10T01:40:48,/search,referral,True
3539f235-fb94-4ca8-add1-f7ba67fe5e4a,827eed18-8ab1-4e5d-ab00-5d8ac9bb168b,a93c7d7f-7570-4337-afc4-7933af083afc,2026-08-09T13:01:26,2026-08-09T13:09:26,/category/jaffles,social,True
d507010e-e385-4bcf-8af7-ce3c077cee08,,,2026-06-09T20:45:20,2026-06-09T21:05:20,/,organic_search,False
ca1a021a-1ffa-4db0-ae31-4aa050292c9d,15aeedcc-eed4-453e-850c-7f876e54c4ab,3d4ff2c6-7fac-4cfe-9f81-dcfe516aac80,2026-08-02T16:32:24,2026-08-02T16:35:24,/search,organic_search,True
3d8be2bf-e1aa-4262-bb2a-7c4b8103a7ff,5261268c-aa94-438a-921a-05efc0d414ac,62a0d1a3-12ed-4498-ae16-e3d8e2f7564c,2026-05-31T06:23:19,2026-05-31T06:26:19,/category/jaffles,paid_search,True
cad9fe02-6684-42e4-b681-d33a4bc6cd95,,,2026-07-25T22:13:26,2026-07-25T22:33:26,/,social,False
df86abc5-c805-4abf-88cc-c4e1eae959dd,,,2026-03-22T00:26:31,2026-03-22T01:11:31,/search,email,False
b283b7da-e2f5-4fd5-90d4-a339f367101e,,,2026-05-05T19:50:05,2026-05-05T19:58:05,/category/beverages,email,False
0ba072aa-796e-45c7-80b5-66aecd5c52d9,,,2026-05-12T16:37:56,2026-05-12T16:57:56,/category/jaffles,organic_search,False
60d83ecc-410a-4b84-b226-1d00ea8da8b4,6d24a27b-89f9-4e69-8c83-6f87ce5b6d33,642cc5af-549b-4b6a-a446-e045faae9d23,2026-05-21T05:46:25,2026-05-21T05:49:25,/search,social,True
b5f47685-4dc8-4122-8409-3415cfa3b75b,c958448f-45d7-416d-a358-45098ec2a9da,,2026-04-06T08:47:37,2026-04-06T08:48:37,/category/beverages,organic_search,True
a89d9138-b432-4d28-8c6e-dbf56e7d7b20,7767d63a-0293-4866-ae0a-724670463aa1,2a079495-e616-4d35-9767-d69379681e36,2026-03-01T12:28:47,2026-03-01T12:48:47,/,organic_search,True
c1515cc7-1c22-4b4d-805e-8ded67158256,8c39c27b-eb7a-452f-9581-a78bdf3ed9eb,89dc8f66-fec0-4813-90d3-be5da2a59736,2026-06-06T00:10:29,2026-06-06T00:18:29,/category/beverages,social,True
30a07eb7-6630-4ab4-9f5c-2d6d109ed1e4,efb0203d-c970-47ec-8644-2090a658224b,7b53e375-7c0d-43f2-b499-4f4f62f79ea9,2026-07-17T23:09:30,2026-07-17T23:17:30,/category/beverages,referral,True
8b3e314c-8f26-480b-95a8-972c7cd1ef51,,,2026-04-22T18:43:51,2026-04-22T18:46:51,/,email,False
fb7f7959-b84e-4290-9c0d-5ae44c140fae,33326773-e843-48d9-9641-9990733d705a,8c11e45e-ebf0-4df0-96fb-d41dcbe63bba,2026-08-04T01:34:45,2026-08-04T01:35:45,/,direct,True
dc15164c-94a8-47c5-9cb5-fbd3d286c1ea,,,2026-03-10T13:43:26,2026-03-10T14:03:26,/,direct,False
80ec4e96-7766-46f4-9b85-9516aa459922,848485f0-198f-4efa-8335-707db71a7434,,2026-07-02T09:24:19,2026-07-02T10:09:19,/,organic_search,True
125e6d83-0875-4832-9867-b675bad4180b,64ad7907-f83e-403b-b5b4-b1deded9bb1d,,2026-05-10T04:50:38,2026-05-10T04:51:38,/category/beverages,organic_search,True
a8c2fe6a-5b00-4247-a0a3-1b7ac3ae21e8,76d2b7be-1fa1-441b-9de1-97c64d06c646,c79a00a7-afc0-4fd4-adaa-101099ba8802,2026-07-25T21:00:04,2026-07-25T21:03:04,/category/beverages,paid_search,True
0caf7e9a-adb0-4bb7-85cd-9adde06a55da,f5e8b3ff-659d-4bc9-bdc6-6b7fe343bcab,1957ff1c-dd2e-41d7-9ce9-a59d13a143ed,2026-06-20T05:57:38,2026-06-20T06:00:38,/category/beverages,direct,True
85db6fd8-c4f1-4558-8589-5f8d96b16fc8,866ec748-2021-45f8-9170-6c393fca1e65,8d6c9f48-5cb7-4c80-a570-31ba27e01e83,2026-04-18T23:26:54,2026-04-18T23:29:54,/,organic_search,True
90ef681c-8b75-4e34-a525-c1fa2f5ef615,a6e1b4c7-24c0-48ca-96ee-6d0a46348a82,3ac2aebd-cd4c-4c88-843a-ffd1d227c805,2026-07-20T07:09:08,2026-07-20T07:12:08,/category/beverages,referral,True
3de0d882-e782-4e67-bdba-9dcf3bd47af9,,,2026-04-11T23:49:03,2026-04-11T23:52:03,/category/beverages,social,False
b5fa0ad2-6156-4769-be65-a12b8bf30ef9,1d94038e-346e-4263-a10f-7fa4e5d1179e,a0ca86dd-afc8-4b89-9a80-be9370312e1e,2026-04-22T06:19:45,2026-04-22T06:27:45,/category/beverages,social,True
37cdeab0-5af8-449b-a189-dd366cea08c1,132425e2-d22d-43aa-a372-e3d9bfd77f8c,,2026-07-28T17:04:33,2026-07-28T17:49:33,/search,social,True
5c8a90ab-3d4b-4afb-bb99-8d0f31c39119,,,2026-05-12T23:16:24,2026-05-12T23:36:24,/category/beverages,email,False
232c8bfb-590b-4d52-913a-365bf249cd0b,be999c23-fb5b-4060-b4aa-bd50fe8ab5f6,,2026-07-26T04:32:37,2026-07-26T04:40:37,/search,referral,True
a40fe2f3-2b98-4234-beae-08cacfb8a4d9,,,2026-08-04T08:43:07,2026-08-04T08:51:07,/,organic_search,False
1a6b4584-1f26-484d-b78f-e2ecc66e2521,355d89d9-bf5a-41df-9382-a5e57cbbbec4,541beeb4-f249-4ae6-8a3f-555d986b6a12,2026-04-10T03:32:59,2026-04-10T03:40:59,/category/beverages,email,True
0e2ef242-856e-4a29-9654-124c877972e5,,,2026-07-19T03:40:58,2026-07-19T03:48:58,/,paid_search,False
db85fce7-1f84-4637-890f-899553457046,,,2026-05-29T14:38:38,2026-05-29T14:58:38,/category/jaffles,direct,False
c11453a7-3087-4750-b244-54d5ea9ff849,,,2026-07-23T20:23:53,2026-07-23T20:24:53,/search,paid_search,False
f48c5c26-f072-499e-9d36-cd6f54d9172f,,,2026-07-05T17:13:29,2026-07-05T17:21:29,/search,email,False
ada03d78-f976-4bde-bcd2-dad2c64e696b,a59ab98c-fe50-412b-aa83-a693a561092f,,2026-08-01T18:50:00,2026-08-01T19:35:00,/,social,True
e98f2d97-b9bb-4039-80db-6879ffcd0e87,52ecad80-29ad-4b94-8e45-82007ac63dba,6936e863-6f80-4bdd-86cd-4c24133cd737,2026-04-21T00:27:32,2026-04-21T00:35:32,/,social,True
b1acc2c8-5a96-477f-88f5-a69d0987372a,2e0d6ce4-794d-4494-bd1d-f44dbca8683f,d2644aed-cb87-4146-935f-c63c32b0a078,2026-04-04T17:42:18,2026-04-04T17:43:18,/category/beverages,organic_search,True
df367def-d5fb-4a3c-a0b9-e9342d8bd337,,,2026-03-01T01:40:24,2026-03-01T01:48:24,/search,email,False
65c10c94-f956-41a0-8ec9-7ad2290e66ae,26b9f21d-cabb-40f3-b28e-71549d01a6e1,d81ad079-cd91-4bbb-9a0c-9c16bbf8ad8c,2026-08-07T03:14:02,2026-08-07T03:15:02,/search,organic_search,True
10ac0a78-f2d1-4272-9469-79ef7b6594ce,43217606-3354-4bb8-b967-c358331d8375,6ac3df22-6f9f-4a5d-bfbb-fb7e9f025a74,2026-03-14T02:15:15,2026-03-14T02:16:15,/,referral,True
8e923bbf-bc06-45a2-8012-a4d3fbe97044,,,2026-05-08T12:30:00,2026-05-08T12:31:00,/category/beverages,direct,False
662c6658-54cf-4c40-8303-976909be8774,,,2026-05-28T21:30:22,2026-05-28T21:33:22,/,paid_search,False
c154d85d-d91d-4d7f-9064-257e033dac92,63af441d-70c7-4c4e-b495-80b967849285,73bee611-0ed8-4d03-bb06-39637aea1914,2026-07-05T04:37:21,2026-07-05T04:45:21,/category/beverages,paid_search,True
512b002f-e49c-4447-9f92-420ed653dd72,8386c889-4e1d-49ce-9d61-12c967dad0f9,297759ec-ad2f-4034-9583-d661eb41eaaf,2026-05-22T20:20:41,2026-05-22T20:23:41,/,social,True
77ddfb3d-a1fd-4bd7-8339-2893798b7e80,,,2026-04-19T04:51:16,2026-04-19T04:52:16,/search,organic_search,False
96da03b1-f5ad-49e4-be43-33713eb2706b,43217606-3354-4bb8-b967-c358331d8375,6ac3df22-6f9f-4a5d-bfbb-fb7e9f025a74,2026-04-29T19:51:45,2026-04-29T19:59:45,/search,social,True
51529e43-a4b2-4f8f-9a31-be545543d7d2,,,2026-05-21T23:18:40,2026-05-21T23:26:40,/,social,False
34cb4ad2-9c8f-49f4-a7e2-4f38143ee132,46d24c86-1a31-430e-b1c4-1f4d8632c5ee,4955c9ed-59a2-4eba-a3c6-e9e7aad89212,2026-03-30T15:42:18,2026-03-30T15:45:18,/search,paid_search,True
8f1349bf-a6ff-4468-82c3-55dd727c9872,a1a72036-c041-4a92-a719-9bbf0e21d53b,739f5e62-78ef-416b-a04a-2d20be4c64ea,2026-07-17T09:34:22,2026-07-17T09:42:22,/category/jaffles,social,True
21db68e9-11b2-4db9-b07c-284355456c55,5ed25035-4723-4154-823d-a8c8b4c02e51,,2026-06-23T05:39:30,2026-06-23T05:40:30,/search,referral,True
5a06319c-6a79-4ff0-af09-630c132c6287,69f9f173-1ee1-4ba2-a1be-005dc5f305fd,,2026-06-08T23:31:42,2026-06-08T23:34:42,/,social,True
3ca7a0b6-517d-4eb3-88fd-caeb700117df,a5781cf5-d32e-4370-b0f8-4f229bc0efa4,59320c71-5ab8-48f2-8624-064bcab18c66,2026-04-14T14:42:36,2026-04-14T14:43:36,/category/beverages,social,True
a278f7ea-6524-486c-977b-eca9bfcb7310,a57c96be-0b7a-41c6-bd9a-9330e20c497a,,2026-07-27T06:43:22,2026-07-27T06:46:22,/,referral,True
7eccb4b3-b419-4952-8463-349436f018f7,,,2026-03-16T00:03:49,2026-03-16T00:04:49,/category/jaffles,referral,False
fcfae78c-7bd8-41ca-be2e-61ce7644a27b,58e0c4db-27d0-4c06-9252-c40364b1ae74,f37cc2dd-b2c6-45e5-bc2a-3578fca97c78,2026-03-01T06:00:18,2026-03-01T06:08:18,/,email,True
a43f93a8-0a92-4b38-8286-1518ebf979ba,,,2026-04-07T05:46:28,2026-04-07T05:54:28,/search,paid_search,False
50168900-9fa2-4f86-bdf1-c9d447d3921a,,,2026-02-19T03:34:59,2026-02-19T03:37:59,/category/beverages,email,False
eb6f3a49-6c43-44c7-b1f8-3b002ef2869d,,,2026-04-02T21:38:06,2026-04-02T21:41:06,/,social,False
d58587be-be97-4fdb-82eb-ca1bf24dd4b5,,,2026-07-05T17:43:04,2026-07-05T17:46:04,/,paid_search,False
7a3e4ee7-086c-4961-8586-3cc4a678a9e1,,,2026-04-07T03:34:36,2026-04-07T03:42:36,/,referral,False
e2af4e9e-6d51-40a9-9fcc-7d12d7d6118e,c5ee9489-e7ea-4da3-9a86-b34c76f6d340,cbf2e22b-2145-4a7f-a4cf-185cd3100c26,2026-05-31T07:25:50,2026-05-31T07:28:50,/,social,True
fdf35599-108e-4fa6-818a-62b164664372,bab8979a-8cd9-477b-bbd7-2e1dbab88437,,2026-08-04T03:56:16,2026-08-04T03:57:16,/,organic_search,True
1f1bbc6e-aebe-46d4-acb7-3fbcecf39a4d,1ed31084-8b68-49ca-91d6-7162d8521c02,8f930669-c8e2-44c4-9dde-b9b385f93513,2026-08-07T10:51:51,2026-08-07T10:52:51,/category/jaffles,direct,True
8cbe9892-9aae-4dc1-a092-96cd40b04af2,,,2026-06-22T12:48:09,2026-06-22T13:08:09,/category/beverages,social,False
7c4c9cc7-4941-4243-9b14-798e25627e5d,4675a031-3216-463d-8c4d-42ea1283bd56,6a02a663-072d-4e3a-9004-71c91ea03eac,2026-06-23T15:21:09,2026-06-23T15:24:09,/category/beverages,referral,True
7eca1841-a4fa-4e7b-8c2a-47b72894bedd,,,2026-07-31T04:58:18,2026-07-31T05:18:18,/,email,False
84b48204-69e1-448c-b2e5-4593e7f63097,,,2026-07-03T01:53:46,2026-07-03T01:56:46,/category/beverages,email,False
8f7712bc-280b-465d-8655-38dae02582ad,a792d50a-1570-450f-901a-c26bc3b4a9dd,3df9857a-351e-4dd1-916f-1e9dbe9c6cbc,2026-03-25T07:24:36,2026-03-25T08:09:36,/,email,True
37f1f182-7288-4fbd-9270-d966af3c37a9,,,2026-04-22T22:37:34,2026-04-22T23:22:34,/category/jaffles,direct,False
c59ac386-b9d8-417e-8ab6-078a776529be,45233069-2809-4274-b243-98792794b3e9,425fed5e-69b4-4ce5-ae8a-1a0888ccc754,2026-05-11T18:16:41,2026-05-11T18:19:41,/,paid_search,True
97718789-3352-4ea6-9aaf-ff651077ba6d,1922f6f3-ba06-4233-8d88-c1a9303a6a2a,46cc3206-688f-48b7-91fd-ca57a717b89f,2026-04-05T04:40:51,2026-04-05T05:00:51,/category/beverages,social,True
1ae17188-d57c-41bc-b49d-9b590ededd2b,8386c889-4e1d-49ce-9d61-12c967dad0f9,297759ec-ad2f-4034-9583-d661eb41eaaf,2026-06-23T11:59:17,2026-06-23T12:07:17,/search,email,True
f3a8eff7-7319-4f49-b74a-06955349f8b7,63b14504-d172-4e5e-b0fa-abd9cb43352e,1cce4df3-70e4-4766-8359-8afa79e249a4,2026-04-01T10:26:09,2026-04-01T10:29:09,/category/jaffles,social,True
8fbf66ca-52ad-4ab4-bfaf-d5b3ceaba356,d31efffd-fdc4-4168-ac26-83b67a6c5c47,74fd0ecb-c7b8-4075-8fc7-5b816db73838,2026-06-21T14:45:50,2026-06-21T15:05:50,/category/jaffles,social,True
5d95493d-5300-4340-91f1-0ecbb67429ef,adc6b3eb-08c6-47a0-a6ce-19384284547a,4006733c-dfdc-4b2b-a967-e035abe2b476,2026-03-05T22:55:30,2026-03-05T23:40:30,/search,direct,True
fcf4f55b-6a05-4b1b-9cdd-52a25a266361,f3abecde-d032-4605-876c-6373a9a9e65b,c0e007e5-907f-45f8-b308-4e80a5416f5e,2026-07-04T21:34:53,2026-07-04T21:42:53,/,paid_search,True
2279f24f-0ba2-48b2-a205-85c7ac3c9f32,fd788ea1-7f9f-477b-b5fa-9a64962eb7f0,426f4fcc-1422-4585-a139-82697f16d407,2026-07-15T13:08:52,2026-07-15T13:16:52,/,email,True
0d8980e2-64be-4333-acf8-538b0bf74171,a296a891-b126-44e1-a271-9228cc28b3bc,123defb2-1745-4dba-bb61-3ce53b130180,2026-04-22T00:09:54,2026-04-22T00:17:54,/search,paid_search,True
6927989b-5b78-4b86-997f-6db19dd8479a,,,2026-04-29T11:14:27,2026-04-29T11:17:27,/category/beverages,direct,False
ac1e93a6-fe98-4b21-8b9c-c537cf3fa871,71972ade-a5de-461b-aac8-49774ccb1a4a,b5e46d12-0887-4c45-94f3-286e691b6b2e,2026-06-04T19:05:14,2026-06-04T19:25:14,/,email,True
05b45f09-fe6a-4873-ab2a-de6af274b2c7,,,2026-03-23T19:12:11,2026-03-23T19:13:11,/category/jaffles,paid_search,False
670255a5-672a-465c-bf5f-a88bb1e0cb3f,,,2026-02-18T22:46:10,2026-02-18T22:49:10,/search,referral,False
7d8f2a40-7082-45f4-9c59-bbb3f143a4fd,6939d1d2-fba3-4888-8c53-6898bb73c26f,abe2e158-f3a5-4137-b428-e7d2c116dd21,2026-07-13T23:59:45,2026-07-14T00:07:45,/search,paid_search,True
2266841b-b338-47db-a500-0cd58a838d46,,,2026-05-25T21:05:00,2026-05-25T21:08:00,/category/beverages,social,False
e7b1be36-f65b-4fb9-80a0-2278c3918602,,,2026-04-06T14:35:52,2026-04-06T14:38:52,/search,referral,False
526715eb-e9eb-4d99-b631-dd67548348fb,e50d93de-3e78-4f09-8406-df4f27f26c8f,a90fa1ae-707a-4f4b-bb56-7520f6bc443d,2026-04-02T23:35:28,2026-04-02T23:43:28,/category/jaffles,email,True
f0bf2218-b947-41cd-a144-6799810a04ef,7bb8fda6-2726-4199-a7aa-ed27cdfff312,0dd89c6f-2e21-4d25-bdad-dc10199d8550,2026-06-02T00:04:18,2026-06-02T00:12:18,/,social,True
ad56bcab-6b73-4d67-b7ce-3d73a6cdaa29,,,2026-03-30T11:00:23,2026-03-30T11:08:23,/category/jaffles,referral,False
86e5e31a-d4fe-49d6-9ec9-3448537a9511,2fac4408-7728-454c-94d8-16b7262380b0,5adf4181-d3d6-49dd-8d8c-484285eae8a1,2026-06-18T19:53:06,2026-06-18T20:01:06,/category/jaffles,organic_search,True
25d449d5-2e5c-4678-b8df-dc81a4c2d8b3,827eed18-8ab1-4e5d-ab00-5d8ac9bb168b,a93c7d7f-7570-4337-afc4-7933af083afc,2026-05-09T01:19:46,2026-05-09T02:04:46,/category/beverages,email,True
7abbc121-1eef-41c5-af9e-7cf3dcb9b9d3,ef097aa6-f4d9-4c16-bc17-a7cc87116f35,27973997-b20d-4ce8-a1b4-c365e7c7ab00,2026-06-30T17:22:05,2026-06-30T17:25:05,/category/jaffles,social,True
7c3660fc-a981-4d9f-bbbb-f445dd06f82f,102e02b0-7f44-4058-881f-7896edc964b2,fb17df5a-c176-41c5-81d6-d1a90089ce05,2026-05-16T18:57:11,2026-05-16T19:05:11,/search,paid_search,True
46aa764d-99b8-4e4b-bac0-47a62bed5472,,,2026-03-13T00:14:30,2026-03-13T00:22:30,/,email,False
19abf172-c37d-4941-a010-008559244d8d,,,2026-07-26T14:11:10,2026-07-26T14:12:10,/category/beverages,referral,False
d58245a7-2543-4fba-8f77-c103eb2b723b,,,2026-02-28T00:48:20,2026-02-28T00:49:20,/,social,False
3574376d-df80-4349-aafb-52d8fb34f5e3,a31129ac-6e82-4a23-86f3-3d708e019069,f0980c6d-6817-467b-908a-7c25a670f7aa,2026-07-15T01:57:19,2026-07-15T02:00:19,/category/jaffles,organic_search,True
b2e14a52-529c-4aad-9c87-06691207d999,08ed887d-1b8b-4850-a0ef-45b78a04e4d7,143f4480-2b99-4e3c-bd1f-63e076358195,2026-04-25T05:26:01,2026-04-25T05:29:01,/search,organic_search,True
c17ade56-8dae-4593-b8b6-962c7a745a3e,43086963-8392-432e-84e0-ef1902202b4c,4e8f79fc-4b79-4610-a0f3-a3c790991862,2026-03-02T17:57:02,2026-03-02T18:17:02,/,direct,True
aa435c99-6f26-4402-b820-1326e03d478e,,,2026-03-30T06:16:00,2026-03-30T07:01:00,/,email,False
e48df0ff-44fc-4d4d-aaa7-28a8960b5af2,,,2026-06-23T00:54:30,2026-06-23T01:02:30,/category/beverages,social,False
11a6b7ba-ff5d-4147-baef-53e09be86c8e,,,2026-05-15T17:35:17,2026-05-15T17:38:17,/search,organic_search,False
82d1d3d1-a0b7-44b2-84db-39b0e691871d,adf0d9db-c6a0-4226-a93f-30482ccd9d28,a87addc6-d093-496a-9339-fa0598697d2e,2026-06-06T09:26:33,2026-06-06T10:11:33,/category/beverages,referral,True
8a95f5e7-d45f-405d-a59f-4c34dfba212d,,,2026-06-14T02:39:02,2026-06-14T02:40:02,/,social,False
21aba9fd-9d59-4305-91f8-d40ac6720d80,187d49e0-634f-4e10-a10c-3b0be7408be0,9a3a9d74-f442-424e-9772-71bcbb8c606b,2026-05-31T14:30:40,2026-05-31T14:31:40,/category/beverages,paid_search,True
28e012a6-aa7c-4c07-9bf2-fe201c68e881,09a354a5-a7cb-4687-8a52-c4a71feba0d2,8b59d70f-a87f-4abc-b453-58a8845284f6,2026-05-12T00:02:51,2026-05-12T00:10:51,/category/jaffles,email,True
f5e06973-a051-4c0a-9882-704eda815266,,,2026-06-13T11:34:33,2026-06-13T11:37:33,/category/jaffles,email,False
016a3c70-6284-412e-97d1-491effecc8d5,,,2026-03-01T05:13:02,2026-03-01T05:16:02,/search,paid_search,False
2daf4dd9-cc86-419b-a136-cdc9a01d3945,,,2026-04-21T00:59:57,2026-04-21T01:02:57,/category/beverages,referral,False
7faf6516-fe99-4bf5-9708-ed2d5771bbd3,20ae953d-06b1-4034-a24c-a173911af24e,2f617ffc-c777-4e0b-ba37-122763ec0815,2026-05-28T03:56:22,2026-05-28T03:59:22,/,organic_search,True
6615546b-44df-4297-80b6-8f7fc4ba779a,e4bced79-6e2c-4b22-a6d5-199ed87ca7ee,8708a6d0-0827-456c-9c9c-ff69e9b89281,2026-08-10T23:16:06,2026-08-10T23:19:06,/category/beverages,paid_search,True
c09df8e0-00eb-46d9-9da2-a56a48ebc536,1bf35f99-4627-4c80-a5f8-0797538eaf54,cd45852a-41ac-43f5-9c41-5d7841fbd22b,2026-05-28T10:36:12,2026-05-28T10:37:12,/,direct,True
a936895b-d790-4b5a-bb3a-bec39439c922,,,2026-07-31T19:51:39,2026-07-31T20:36:39,/category/beverages,social,False
0e7bc286-3751-4700-a087-d5d2c3a35bfe,7aa35447-7686-43f7-bb98-14b1bc5fe250,e22ea108-79d0-4254-9db0-66f1eb177b86,2026-03-13T12:18:39,2026-03-13T12:26:39,/category/beverages,paid_search,True
3d47f9fb-82ef-419e-9960-f15d17567105,847d46dd-9721-4351-8bef-5c2292b57d6f,9ce23d74-c25f-40e3-8949-1483326f6d2d,2026-07-30T05:03:48,2026-07-30T05:04:48,/category/jaffles,paid_search,True
6ff0b5c4-dbfa-48f8-a02a-3e583b3d80f5,36df5a68-777a-4824-9342-f7f557e872ba,07603537-eaa6-42f2-9290-b10c8bd8ddc8,2026-04-26T21:01:04,2026-04-26T21:21:04,/category/beverages,organic_search,True
944c2e72-efc8-401d-a99f-1122c5c2ca51,ce69d742-4723-467f-9e5d-262fff84a6a6,5bdd2168-b558-4def-9270-0309bc3c177e,2026-04-09T10:54:47,2026-04-09T10:55:47,/,email,True
f9af8d11-fec2-457f-88fb-1db19dc830db,,,2026-06-23T04:36:39,2026-06-23T04:56:39,/,direct,False
b25b8a7e-605a-4a40-b512-9303b2d69dff,a46b9550-42ae-47e4-9a08-0f32481d5191,22b60282-b0ff-4a75-9b4d-5bf36f32916f,2026-05-23T20:29:00,2026-05-23T20:32:00,/category/beverages,paid_search,True
fcc4bc4e-2034-4119-9319-7914514beeb4,,,2026-06-10T23:45:08,2026-06-10T23:48:08,/search,email,False
964f1369-b4ce-4a17-a260-b6b1ef1e4acf,,,2026-04-04T14:08:17,2026-04-04T14:09:17,/,organic_search,False
1be4e5cd-d1e4-4604-bbed-654445d02fc1,,,2026-07-11T21:46:01,2026-07-11T21:47:01,/category/jaffles,paid_search,False
b49bf6a8-c6a7-4761-8dbc-f687ff782de3,,,2026-06-13T18:45:34,2026-06-13T18:48:34,/search,email,False
072a6b92-7686-4648-bd04-c66d2bf5c059,7bfeca78-8e06-4644-9d0b-1470c32aa9e7,,2026-07-01T01:07:33,2026-07-01T01:08:33,/,social,True
e73ce1bf-ae68-49fe-8230-a23e59ae3b84,3b0faafa-80d0-490d-bdd0-fe1f13d22058,47ffdd1d-2681-4250-a5a0-14185077a5a1,2026-08-13T05:05:39,2026-08-13T05:06:39,/,email,True
f54f70c8-6844-4298-acf3-d7c4b2c130e1,6f1db361-6600-4690-8cd8-5520d4257b7f,,2026-07-24T01:32:26,2026-07-24T01:52:26,/category/jaffles,email,True
6a0b7f56-d6e1-48ef-846f-6449e24ac26e,c50959f1-d990-44ff-837f-4062c769ae54,88339f46-d88d-486b-87c7-81ed79719285,2026-07-04T17:42:14,2026-07-04T17:45:14,/category/beverages,social,True
a3ef6fe8-3583-4779-b23f-c11cde757e31,,,2026-05-25T18:38:08,2026-05-25T18:58:08,/search,direct,False
c0696b7f-fec3-4709-8f83-b137f44edcda,5d59a09d-7696-4e1b-a171-abe3b79fff2d,598c9cbb-fe25-4805-91fe-e11d1a5ab2ba,2026-05-29T06:12:31,2026-05-29T06:32:31,/,social,True
b175643c-d76c-45dd-a3a9-39de950a52ad,,,2026-05-16T16:37:52,2026-05-16T16:38:52,/,social,False
05a003a2-8d8b-40ec-a770-f725bca86e5c,355d89d9-bf5a-41df-9382-a5e57cbbbec4,541beeb4-f249-4ae6-8a3f-555d986b6a12,2026-04-03T23:16:36,2026-04-03T23:17:36,/category/beverages,social,True
91a95067-7299-4a32-aee1-39fc5461f9cf,7b4010bf-8e77-489c-83e9-0056299e9429,20835b66-c7b6-45c1-9a38-c247c23e5e32,2026-04-10T08:11:43,2026-04-10T08:31:43,/category/beverages,paid_search,True
9e6dc09f-985e-452e-9086-1bdd108f8635,d7290d30-60da-438f-a6f7-99a66828a1ba,0bca5835-f187-4e5b-b067-0f4df4315421,2026-05-23T19:09:33,2026-05-23T19:54:33,/,paid_search,True
d2cc2ab6-8bc2-4cdd-b5e1-3f9383b8d8ea,d1a4b7a2-e152-4377-ad2c-08cb61ad6688,52b36bbc-4008-4e93-a967-55c6070055e2,2026-07-26T21:49:03,2026-07-26T21:52:03,/search,social,True
318a4123-2ca2-4497-ae17-2ddca469b8ed,b761dca2-f8ff-4709-b645-9b0591dfa353,72dafddb-2a95-48a8-ac3a-6ccc522d3966,2026-06-07T13:38:20,2026-06-07T13:41:20,/category/jaffles,paid_search,True
7471e9e2-01c0-436a-875b-331ea56e9fd0,22a4c19e-c3ff-455d-8a3b-d4a9bd6b8334,3c875849-dfe5-4e76-9074-5c51e9272632,2026-08-10T08:42:30,2026-08-10T08:43:30,/category/beverages,email,True
0eaddbaf-b428-4df8-abb2-deaf7f6ef538,,,2026-03-07T09:04:26,2026-03-07T09:24:26,/category/beverages,email,False
1b0c9060-86bb-4d99-9c1d-a5a6f1ef2ecd,,,2026-02-27T13:31:28,2026-02-27T13:34:28,/search,paid_search,False
f029d94a-5ca9-4688-9f0a-14da1ccc3d9f,8386c889-4e1d-49ce-9d61-12c967dad0f9,297759ec-ad2f-4034-9583-d661eb41eaaf,2026-07-21T07:49:24,2026-07-21T08:34:24,/search,social,True
e28ec7a6-e61a-42e6-97b5-6abb1758fc92,,,2026-05-27T21:57:20,2026-05-27T22:00:20,/,direct,False
d703a892-fcfd-4582-9985-999c48fe5b32,827eed18-8ab1-4e5d-ab00-5d8ac9bb168b,a93c7d7f-7570-4337-afc4-7933af083afc,2026-04-23T16:20:00,2026-04-23T16:28:00,/search,email,True
20ca4c85-2923-4e85-a7e2-ff823810d626,6faa20a4-1e8f-43a8-9a45-33ae5f675190,06cd54e4-9fb1-4ad2-b71d-d77cf79f2c1b,2026-03-02T23:30:17,2026-03-02T23:31:17,/category/beverages,paid_search,True
840233d4-652e-41aa-aa24-d90f28851089,c3f68ead-12e5-4a95-9f20-2c9529a5f08b,75d7f3d3-f93d-4dc3-a031-545616d09349,2026-04-25T07:30:52,2026-04-25T07:33:52,/category/jaffles,organic_search,True
cc16290e-ed74-4545-bf2d-56f9eade846f,1826e2e6-ccef-4719-8707-4c18ec953356,736063d4-b15a-4736-a329-8602559b325b,2026-06-07T09:01:44,2026-06-07T09:04:44,/category/jaffles,email,True
d95ccf1c-0367-4dcc-b33a-5f788e1fc642,8834bd0d-66fc-44cf-83bc-c787f024b078,b788da26-3d5f-431e-a94c-029713659fd2,2026-05-11T13:13:32,2026-05-11T13:21:32,/category/beverages,paid_search,True
3cd884a6-584c-4d9f-8275-9ce3b057e64a,20ae953d-06b1-4034-a24c-a173911af24e,2f617ffc-c777-4e0b-ba37-122763ec0815,2026-04-29T03:17:14,2026-04-29T03:25:14,/search,direct,True
be18fd1a-e417-4b20-ab23-62efb10e2bd9,438d7ce2-8d55-49cd-ab64-d781e25abb9e,9f403914-1614-4698-9394-44468f9057a0,2026-02-27T14:04:16,2026-02-27T14:07:16,/category/jaffles,social,True
a8bc16ea-bb50-48bf-9dd9-b9cb23ba7638,,,2026-05-13T00:17:40,2026-05-13T00:18:40,/search,social,False
8406013a-2dee-4c83-95ea-531e0f100935,c6abaffa-11df-4987-9806-71dced92f534,f75f57fb-10a1-4468-a068-906eb76cdf41,2026-04-07T02:53:41,2026-04-07T03:13:41,/search,direct,True
6526a768-09bd-42c4-a699-1866ff7050f4,612533b6-7eaf-45a2-b9d4-06192ce5620e,bed84bd3-39f0-4474-a4d6-98701eac49ba,2026-07-22T13:45:22,2026-07-22T14:05:22,/,paid_search,True
7cdec1ed-d4d8-4737-8b28-40a79f1a7a3a,b7428f06-b3dd-477e-8569-96068f3d3dcb,22e4025f-0a40-49e9-ae53-3550e5414dc3,2026-05-17T11:13:39,2026-05-17T11:16:39,/,paid_search,True
119ea7d8-59f1-4823-9ef6-9fec676c0a49,05d8d4ba-5569-4f0e-985d-5f63fbfee659,7028e94e-6ab4-4d8f-b231-664d250c4a68,2026-05-22T15:32:42,2026-05-22T15:33:42,/,organic_search,True
29a67832-ef23-44e4-bae1-a5ca2b431d05,46d34d7f-a3a4-4386-89ba-fa5ac15e5a69,,2026-03-23T11:08:54,2026-03-23T11:11:54,/category/beverages,paid_search,True
630043b7-abd5-42b2-953f-7f5ac9967ac7,a30edde1-4a46-4acb-905c-013e285a8101,,2026-07-29T01:08:57,2026-07-29T01:28:57,/category/jaffles,direct,True
3e6ecff9-75ae-432b-bb14-b003e8ebdd4d,b5b5a474-4e05-47bf-b9a2-872e5dc9a328,96ea2af0-6c06-42e7-af3c-656203ebf45c,2026-05-13T11:10:41,2026-05-13T11:30:41,/category/jaffles,paid_search,True
7196ce17-0152-41ff-bfbb-2c67f4346a6c,0db82818-585b-4e3f-9898-2a72727c2e42,9ea960ad-fd92-4cef-96da-8bd6392f52e2,2026-02-25T07:28:22,2026-02-25T07:36:22,/category/jaffles,direct,True
d78aa617-1ba6-44fa-ab88-11603b15e509,50fb8eb8-955f-41ca-ab6a-faaff8141652,aa820628-ac85-4ce1-a472-78454640c478,2026-05-11T04:50:58,2026-05-11T04:51:58,/,organic_search,True
b699ccad-90a8-4b3a-943d-2c9d9301579a,6da78127-2929-4106-a298-2b58afca0a92,,2026-05-30T18:11:26,2026-05-30T18:14:26,/category/jaffles,paid_search,True
b7f5d4ac-25a0-401a-a667-e1e55734fd3f,2e1fd151-264e-4a4a-8584-733dd5da3152,4bbc3ab1-3646-431b-b80f-b5570799dca7,2026-06-08T21:45:07,2026-06-08T21:48:07,/category/beverages,email,True
2d2f87a4-2905-4cf6-8123-19594c755d40,,,2026-05-30T03:35:13,2026-05-30T03:36:13,/category/beverages,referral,False
b3d635ef-c1f6-47bf-8715-84c8ca6de652,,,2026-07-25T08:05:16,2026-07-25T08:25:16,/category/jaffles,paid_search,False
76bb2f54-461b-4fcb-88e4-423595a7c068,672a02fc-236c-4c57-9ef9-218b783ce0e3,a835a226-fcc9-44a1-897c-4cdfbd45b507,2026-07-14T00:21:40,2026-07-14T00:24:40,/category/jaffles,organic_search,True
e1bc490b-133b-4748-87d7-0db0b3b2374b,7c66bbce-e687-4e15-be85-d960c3de159b,f1011a8b-a387-4880-8c0d-0559ef02cdd8,2026-03-16T18:06:39,2026-03-16T18:09:39,/category/beverages,organic_search,True
2ca0a5d9-d2db-42e3-b4d6-1969232cd6cc,0d2974c5-d4de-4163-bf27-73d86a77b048,7dbac58a-2e41-4290-9753-45670b17cf31,2026-07-08T00:20:49,2026-07-08T00:40:49,/,paid_search,True
acc99a7e-854d-4353-a460-c4f3e96088a7,d9464bcd-0a19-4058-8fc1-bea843e6c339,,2026-07-14T11:41:36,2026-07-14T11:49:36,/,direct,True
e0fc03f6-54c4-4bd7-9ad3-f251e09952e1,,,2026-04-06T23:04:17,2026-04-06T23:24:17,/,direct,False
f54cee69-b71a-433e-9802-e42f87d80a07,1a1397df-b2b4-4791-93d9-87ac9062f545,f9bced32-9301-478e-a4e8-77cd40a0de63,2026-06-25T13:17:21,2026-06-25T13:25:21,/category/beverages,email,True
5fc9f921-eb92-4098-bc97-07beec25a305,9a689679-4c75-46ba-92d3-6b5b0c51a34a,c37ac671-ad0f-4aea-943d-74719a642cee,2026-07-25T23:36:57,2026-07-25T23:39:57,/,paid_search,True
83af899d-335d-4c15-ad1c-756847f9cad3,,,2026-06-20T12:33:30,2026-06-20T12:41:30,/category/jaffles,paid_search,False
7b7c0878-867b-4484-8e7d-90146952714f,,,2026-06-27T03:01:24,2026-06-27T03:02:24,/category/jaffles,referral,False
62d6e130-9f17-4ff8-bfe7-8d20a4e082d8,ce5679e9-296a-4566-ba46-98a3e0a94136,2ffb1787-2a6b-4d23-8f86-38d41e103630,2026-08-03T17:33:08,2026-08-03T18:18:08,/,organic_search,True
18a589ce-5086-49f0-a501-b361a0a7b540,,,2026-06-10T14:05:04,2026-06-10T14:50:04,/category/jaffles,organic_search,False
d8f71355-a894-418e-8de6-9c5c85b4c2e0,adc6b3eb-08c6-47a0-a6ce-19384284547a,4006733c-dfdc-4b2b-a967-e035abe2b476,2026-04-21T06:24:40,2026-04-21T06:27:40,/category/beverages,social,True
8c96fea7-8a3e-4172-ae49-21003c1b4566,e69b7e32-9292-400a-b228-b3ecc6727760,8958df46-aa5f-4d25-bbeb-f6da6bd8a22b,2026-04-27T13:10:27,2026-04-27T13:11:27,/category/jaffles,social,True
acfa614c-657c-4aab-b60b-300fe5ba09e1,,,2026-07-03T11:13:22,2026-07-03T11:16:22,/category/beverages,social,False
1d4a5933-83cb-4c1d-ab26-259d84a612e9,,,2026-04-27T05:17:57,2026-04-27T05:25:57,/,direct,False
de17ceec-3703-42f9-b019-10ad841da989,3bcd90d3-7d42-4c9f-ad46-04d8af612206,,2026-05-14T12:17:18,2026-05-14T12:20:18,/search,organic_search,True
1633ccd7-14b3-4530-aebc-9f57fe9367d9,,,2026-08-02T05:38:12,2026-08-02T05:41:12,/search,social,False
7ceabb5d-0e09-4e1f-a564-5ea150b3100c,,,2026-07-01T11:59:46,2026-07-01T12:02:46,/category/jaffles,direct,False
f2322596-456d-484c-ab80-5e3caa62d973,,,2026-03-20T18:15:49,2026-03-20T18:18:49,/category/jaffles,email,False
b0f248dd-7d8f-4216-b222-0f5ae7c58c7a,c90ea8ef-05ef-4528-bb65-06a8180093d8,0da4ba99-e6b1-46fd-a74f-0322ace975e5,2026-05-02T05:09:11,2026-05-02T05:12:11,/search,email,True
3bb54741-a61b-4af2-8f3c-3d4b3e096921,,,2026-05-27T16:28:54,2026-05-27T16:29:54,/category/beverages,referral,False
c5593cbe-16ab-48cf-b67e-6a9e47b1ce6d,2a26f327-c9ef-40f4-bb8c-c809417caad1,,2026-03-14T21:31:05,2026-03-14T21:28:05,/category/beverages,referral,True
666f3724-99d6-40d0-bab0-a2bdfbc7faac,fad2c57b-c35e-4270-8d10-2f067a5ee2b7,e15f156c-6463-4f6e-ac31-28955ebe7727,2026-06-25T01:20:55,2026-06-25T01:28:55,/category/beverages,email,True
45aa184a-be97-40d0-83ad-7d8167b924d3,0815e683-4b1e-4ea3-b9e8-9d06bbfaedb5,779d88d4-262e-4b08-bb4f-fa5609c436cf,2026-05-23T14:11:34,2026-05-23T14:56:34,/category/beverages,organic_search,True
5da6f8ec-4def-4d5a-aaab-bd6ce0e3cc1b,6d622f69-5cf8-4eda-b7ff-4f57f0e66237,37ded67b-46c7-4d32-9901-f4f90b17897e,2026-04-01T07:53:56,2026-04-01T07:56:56,/search,organic_search,True
d01589f1-6e29-46d8-a780-5c09188d26cf,61004774-fb70-403c-ae81-a1e9cd187146,030ceccc-27fd-4733-8b4f-7d139d51f696,2026-02-19T17:56:20,2026-02-19T18:41:20,/category/jaffles,email,True
216bcbe6-50f9-45da-bd7f-43f8f4d13c53,2661b9e7-3b2c-40ea-b349-251363d10a4e,,2026-06-01T02:55:34,2026-06-01T02:58:34,/category/beverages,organic_search,True
27498d35-5019-46d0-86d0-691d390f9ca5,,,2026-05-22T12:32:45,2026-05-22T12:52:45,/category/jaffles,organic_search,False
f628cfbc-a4f1-41ae-9f37-4bbc38801127,b745eacd-b8ee-4507-82ff-98d3c4daffc7,8b8e1a54-3575-4603-af91-da0e103f831e,2026-06-11T06:06:17,2026-06-11T06:07:17,/category/jaffles,email,True
6694fba5-031b-48b1-869f-ab101392e0dc,7e06ea60-a336-46ee-a77d-ca114267af0d,169c7cf6-f01d-4043-9738-f9283535bf35,2026-03-23T05:38:37,2026-03-23T06:23:37,/category/jaffles,referral,True
ec7b9200-02c0-4e7c-b13e-e718082e98d6,,,2026-02-24T18:30:21,2026-02-24T18:50:21,/category/beverages,organic_search,False
d910e1e8-29fb-4922-80c1-868bf31ad103,93c6c6a9-16fb-43ad-bd64-1ee5eccdd750,223e6d43-ab1b-40d3-b9b6-9017aa234d00,2026-02-25T10:41:56,2026-02-25T10:42:56,/category/jaffles,social,True
380b5e9e-39c9-4ea4-91e2-9dac29670de3,fe1ef2c8-17e9-4560-bca8-d42ce43d899f,90e83aa8-f6cb-46a6-956f-6174d48106c2,2026-06-06T13:39:35,2026-06-06T13:42:35,/category/beverages,referral,True
1466c64c-859f-4b7a-8ac2-20bd387a7326,,,2026-03-07T12:17:22,2026-03-07T12:25:22,/search,direct,False
19f923aa-8357-4e11-ad62-6891bbdf98e9,0bb6fcf3-0741-4179-af46-d26c45b77171,4d534f05-f86c-4ddc-a87b-627a82c7004c,2026-07-25T17:45:14,2026-07-25T18:05:14,/search,direct,True
be8edbc2-3272-4fcb-85cd-f56ed8714507,13b24541-2c78-41cb-a6b6-e8713ab9a16f,94dc0670-5b78-4fde-a311-1529912ef3dc,2026-04-03T19:59:27,2026-04-03T20:07:27,/search,paid_search,True
e2f6529a-47ec-4e46-8820-08a886da8911,ff29ece6-95da-4800-acd2-b14950a339dd,f6c655b4-606e-4670-aa88-c5f6c0b2dc80,2026-03-25T22:11:41,2026-03-25T22:14:41,/,direct,True
2f094bfd-8303-4d56-b179-faa140f5a154,f8486fce-bc07-4a4f-a6e9-ed6a06ba996c,7a2dac82-3a18-449f-a654-d00398ed799f,2026-08-01T20:55:55,2026-08-01T21:03:55,/category/jaffles,referral,True
8b816aff-ff52-439f-8f2a-7923202f197d,2dc965e2-d3fc-4bc8-a118-d1636dbfe8c5,,2026-04-04T00:04:14,2026-04-04T00:49:14,/,paid_search,True
f397160f-5a54-4cb4-9c03-08fe182b0e2c,,,2026-05-07T08:12:22,2026-05-07T08:13:22,/category/jaffles,paid_search,False
1be99c81-da4b-4a26-be37-9cd5a24c92ce,,,2026-04-11T11:31:45,2026-04-11T11:39:45,/category/jaffles,social,False
9b2bc3df-ee28-4459-a902-707c6e8b6615,,,2026-05-17T20:21:56,2026-05-17T20:29:56,/category/jaffles,referral,False
b01ec2f3-852a-4982-bef5-5efd084e083a,,,2026-06-26T18:53:15,2026-06-26T18:56:15,/category/beverages,social,False
cbb2e841-4afe-477b-9b08-a41e2855bb4b,f84190e8-5c4a-4bec-be4d-2e554dd46614,db9d0396-777b-4f05-926c-aec68002c636,2026-06-04T10:35:47,2026-06-04T10:38:47,/category/beverages,direct,True
00ce514b-5505-4d18-8f61-743c741b2ad3,e5873f83-602d-4424-9c5e-184c56c9d4ba,2d529464-b36b-41d0-a225-3661ae9a46a5,2026-06-05T16:20:50,2026-06-05T16:21:50,/category/beverages,organic_search,True
1c39ddb5-f63a-4f07-895b-893dc431dbf5,87fc5559-9d20-4780-8c0e-b7c248cd6236,820ebbdf-8b8a-4f49-a721-85a2439eb9e8,2026-04-22T09:28:24,2026-04-22T09:48:24,/search,email,True
a4da4d5e-6d12-4a57-a86c-11400fc5c0f0,c1d42cf2-74d9-44b1-a0a2-c85935c413be,d101ef49-dbdf-4b3f-a865-3db67b803bf7,2026-04-08T05:25:46,2026-04-08T05:28:46,/category/beverages,direct,True
c6393d52-2333-4cbb-99c1-44418937a8b6,c9276a13-5b0f-4ce9-8802-3e0ead192508,9522d6a0-2199-4d90-865b-774cbcbebbcb,2026-08-12T01:30:28,2026-08-12T01:33:28,/search,direct,True
70beafa6-b634-47c4-9a93-af7c482af0c2,,,2026-07-22T19:27:56,2026-07-22T19:28:56,/category/beverages,email,False
832a3793-d864-4cb6-aa7b-d09345713cf9,,,2026-07-17T20:12:35,2026-07-17T20:15:35,/search,referral,False
04fbc489-fec9-4ade-a580-de70e482aab8,,,2026-03-13T06:36:32,2026-03-13T06:39:32,/,social,False
bc192c62-11ad-4ce1-afac-13ee84fc589c,c64e9b29-2c3f-4a02-bf80-175c5a980c92,d9debfd2-b2f7-4d42-9dbb-9e094fe3e110,2026-03-21T19:34:06,2026-03-21T20:19:06,/search,direct,True
164ea936-6e7f-4600-a3dc-387c4b0945c0,16e8d4f8-2451-446f-a254-3bc68e40621b,ac824c85-79ef-4fde-9b21-e7abbcf3d816,2026-03-16T01:20:53,2026-03-16T01:40:53,/category/jaffles,direct,True
cb326cfb-42f4-46d4-ab3a-422766e9c26b,aa006c1b-6b97-4f02-99a9-57923d13eb8f,,2026-02-27T08:26:34,2026-02-27T08:29:34,/search,email,True
f5aedadc-ba28-4263-a89d-a4cbd7a2a907,d33f758e-ba0e-463c-ba18-0cd99108c547,3986917c-5242-449b-82bf-1fc49a3cd9b9,2026-07-31T13:42:08,2026-07-31T13:43:08,/category/jaffles,direct,True
571642b2-6641-4047-80ed-649338dbf03a,bbe9e834-7071-42d6-8970-aa7301b72ec2,eb4db118-1d59-4f03-b1f7-23938a5c6c39,2026-07-05T19:57:59,2026-07-05T20:00:59,/category/beverages,referral,True
a35e502d-aa93-4eea-95b6-37bfe092f2bb,2444fa55-4e76-4e0e-8880-6ccb037e3479,f1f872d8-072e-4210-a86a-0be93f609fa8,2026-06-11T08:12:46,2026-06-11T08:20:46,/category/jaffles,organic_search,True
8037bd49-39c3-4942-a14c-51335cfc09fb,,,2026-03-29T09:12:58,2026-03-29T09:13:58,/search,direct,False
303d74fb-d672-4e0e-a27a-0ebb925fa165,6d883826-0157-47c4-a6cc-cb8134bcc6db,,2026-05-12T05:27:52,2026-05-12T05:30:52,/category/jaffles,direct,True
80906f57-3b0a-46ac-809c-215727050a37,1bc088f8-fdf1-442f-9491-1287abc066d3,7d5c80c9-8142-4422-ad26-fdf7e95e9869,2026-07-27T18:05:45,2026-07-27T18:06:45,/category/jaffles,email,True
128881ce-661b-491c-9294-fadd62c9bb13,04edb858-b8d9-455a-a1f2-f236df11a91f,,2026-07-08T15:53:27,2026-07-08T16:01:27,/category/jaffles,email,True
53134bf9-580f-43e7-8e70-c9e50e75ac8f,,,2026-03-19T07:22:47,2026-03-19T07:23:47,/search,paid_search,False
41525623-ab48-4dee-bbb2-4487c9de8f4b,d47a83f3-a765-4a20-b40c-e0993cf00e4f,0841e154-d817-45e0-902a-36b872242721,2026-06-22T23:12:48,2026-06-22T23:15:48,/search,direct,True
09595d58-a9a3-471d-a819-a795b99add03,,,2026-07-27T19:44:41,2026-07-27T19:45:41,/category/beverages,direct,False
1592e4a7-4156-4b13-a3b6-10945f39f161,2fac4408-7728-454c-94d8-16b7262380b0,5adf4181-d3d6-49dd-8d8c-484285eae8a1,2026-05-30T03:29:49,2026-05-30T03:32:49,/,organic_search,True
27f42080-4fe1-488d-89ff-d54d38a4f08a,300faed1-594b-427c-894e-c46855f06f22,1115e97c-968e-43e9-badc-c7a989b7487a,2026-05-02T09:34:03,2026-05-02T09:54:03,/search,referral,True
a37d9fc7-9522-4ff9-8e61-2a7463bc7c83,,,2026-04-26T00:07:28,2026-04-26T00:27:28,/category/jaffles,referral,False
05f40f66-7c37-44cd-b6e4-3a825f09a1a4,797a1a0b-31a6-4422-af8a-98fd4e5e1114,6676ba26-6ba1-4b00-8ea7-c84eb5b22812,2026-06-20T17:18:44,2026-06-20T17:21:44,/category/beverages,organic_search,True
35528bd5-af76-4609-b1e7-974d8fd8e23c,8678daa5-37e5-4e54-8c81-551df8fb8c0a,eabb4a4f-018e-402e-bb0b-917f5f2b7cab,2026-05-15T07:32:18,2026-05-15T08:17:18,/,social,True
c56ab4c2-2c3d-4aab-b23b-18393be9a688,,,2026-08-15T01:07:24,2026-08-15T01:52:24,/,organic_search,False
dbd29775-fc96-4f53-a2c7-f3abf724e469,adf0d9db-c6a0-4226-a93f-30482ccd9d28,627033d4-418f-4008-a3ba-1c3fe1c5f104,2026-02-18T09:56:19,2026-02-18T10:04:19,/search,social,True
716e194d-6a43-4d1c-8680-19c60e559ca0,8dcd5fa7-1a1d-413e-9468-5f4b02f2f3fe,e90fa3e9-a08c-4c3d-9cb1-cfb87accac78,2026-05-01T11:31:08,2026-05-01T11:34:08,/,organic_search,True
7c46f9de-c90d-4676-b7ad-21c54baa488e,,,2026-04-16T19:57:51,2026-04-16T20:05:51,/,social,False
afdec7b8-237c-4686-81f7-a7cbd325081d,,,2026-07-11T10:55:40,2026-07-11T10:56:40,/,direct,False
e67d216e-581c-46db-9e8a-709edfd75b9c,,,2026-06-02T05:59:18,2026-06-02T06:02:18,/category/jaffles,direct,False
bb0842d6-ffb4-47ad-a096-ea37f8fc53db,5da6ee93-0365-4464-849c-cba666614c05,3d83ef70-9ccd-4ca9-9bc6-5a861a2732c0,2026-03-24T13:57:47,2026-03-24T14:00:47,/search,social,True
fe39067b-768b-44b4-8a56-7f950436b530,,,2026-06-16T02:29:05,2026-06-16T02:37:05,/category/beverages,organic_search,False
a0b83689-66e5-40e4-a237-0fced48b50a8,,,2026-05-10T01:53:27,2026-05-10T01:54:27,/,social,False
5a6284fd-1e44-4c77-919d-3efc58b95332,285bfea1-4dec-4f9d-a9f6-3b3cb20fdde9,9b4ecf3c-5438-4521-baa4-4b5350489c60,2026-04-30T17:51:52,2026-04-30T18:11:52,/search,social,True
f00571b2-33c5-4d51-8024-2746f9eaa34c,ed79e1d1-f247-47da-b20f-17c6184db706,9914fc82-7993-4c1f-a872-39e77504a5f9,2026-05-14T03:25:32,2026-05-14T03:28:32,/category/beverages,email,True
48c58dba-e02c-4966-bd8a-8e6028ea9c7f,f4835f98-d82c-487c-8788-26a05c249db0,265178d0-bf60-4005-a9fa-cea7895b5a42,2026-06-26T09:11:59,2026-06-26T09:31:59,/search,direct,True
45a743fc-9bd9-474c-a4a8-761a383f3091,a792d50a-1570-450f-901a-c26bc3b4a9dd,3df9857a-351e-4dd1-916f-1e9dbe9c6cbc,2026-06-10T07:05:05,2026-06-10T07:06:05,/,organic_search,True
f7f87179-cdfd-4823-b648-4f03122e5bbd,,,2026-05-27T13:24:23,2026-05-27T13:32:23,/category/beverages,organic_search,False
0586ff40-e030-43c0-955d-416df9599e51,913a8985-53b2-4a69-b2a2-3e44370275d4,a1fc3f00-146d-46ab-9a5f-4654555b3b33,2026-05-04T07:47:14,2026-05-04T08:07:14,/category/jaffles,social,True
6dabb786-9ff8-4ddd-8e15-4fe01387522e,,,2026-04-12T14:44:52,2026-04-12T15:29:52,/search,organic_search,False
1872eda9-344f-4f61-bfd8-851518fe8b08,,,2026-06-05T01:58:44,2026-06-05T02:06:44,/,social,False
6074df0c-ffde-4b39-87b6-06653224f3eb,66dda3b2-66cf-4b2b-90b2-91abe28f6aa4,3c744cde-11ab-4a09-9d43-88b5589025df,2026-07-29T06:56:20,2026-07-29T07:16:20,/category/beverages,organic_search,True
6fae3f92-9e78-4217-9142-601d9d3cbbdf,,,2026-06-03T22:29:28,2026-06-03T22:30:28,/search,paid_search,False
c401ff1b-6c8d-4d44-93a6-1f9f3cdc5827,5d5ea9b6-fefd-4e25-850a-9c2d365e7e27,,2026-04-04T03:39:56,2026-04-04T04:24:56,/category/jaffles,organic_search,True
8c793931-c3f9-4d08-a85d-569178f41260,,,2026-06-22T17:14:32,2026-06-22T17:59:32,/search,organic_search,False
98f463f7-63a5-4d96-8742-98b198d33e03,c401aa52-5d86-4872-a6fc-75f431023457,42b3f9b3-00c0-46e3-ae27-ad074dfd6196,2026-06-20T10:51:52,2026-06-20T10:54:52,/category/jaffles,paid_search,True
a56d2814-d291-4242-a989-daa9e25bfc60,,,2026-06-08T21:57:07,2026-06-08T22:05:07,/category/beverages,email,False
b26e8948-3e9d-4efd-9c2e-4c4e95a2de61,,,2026-02-27T00:15:18,2026-02-27T01:00:18,/,email,False
eb99e022-7c72-4290-acfc-18c94ec39f45,1fcec697-8153-4717-a361-5a4257e0c9b7,656fcac1-feb3-4da5-8113-a640dc790622,2026-03-28T11:54:31,2026-03-28T12:39:31,/,email,True
124e970d-87f1-4f37-b1e8-fbd86f8a85fd,495a6541-1c93-4076-90e3-345d72d9c83c,7786b9a3-97cf-4bfe-8759-8c9e171efde3,2026-03-25T12:58:15,2026-03-25T13:06:15,/search,email,True
fdc2ce97-1f52-41cd-8224-3fbe73650e02,7d0a9ece-1d73-43ea-98e7-8bbe21e890ec,7c9f2a1f-8c8f-4c4f-aeaf-ed2ccce00584,2026-04-11T08:32:17,2026-04-11T08:35:17,/,email,True
bd2e016a-6d0b-4f45-a2b8-bdee64b586c3,7528c8de-b892-4894-8892-94a29730aa9c,223ca82d-cba1-4205-bbf4-1489af96ae5b,2026-06-18T18:46:06,2026-06-18T19:31:06,/,paid_search,True
3f5be10a-32a5-40f3-a244-11c5568f4aaf,,,2026-05-01T09:15:11,2026-05-01T10:00:11,/category/beverages,email,False
bb7ab2fa-da02-453e-8476-5d83ce2ca648,,,2026-08-11T08:18:26,2026-08-11T08:21:26,/,organic_search,False
f5ff475f-d444-43a1-a46e-9f8a8eefa6ed,,,2026-04-07T23:48:26,2026-04-07T23:51:26,/category/jaffles,organic_search,False
038381ea-2517-4547-8d89-7e59810dbfef,,,2026-05-16T22:44:43,2026-05-16T22:47:43,/search,organic_search,False
16b1f9d4-06ec-42c4-b2b3-79944f280b46,,,2026-08-06T09:47:54,2026-08-06T09:48:54,/category/jaffles,paid_search,False
a90e9552-1987-4526-8121-06949d1bf775,24ea0325-a7d6-4388-b86c-7b51e5805b26,4a1a7075-71ac-4c3a-a227-eca5e04ea5a2,2026-06-08T16:20:35,2026-06-08T16:23:35,/,social,True
73f1da1a-2901-4760-b03f-d90a2030c5c0,e4adb740-2faa-44fc-bc18-4aa698032414,ba820d58-c2c4-4897-984c-a747e43d75ae,2026-08-05T08:31:17,2026-08-05T08:51:17,/category/jaffles,paid_search,True
505309d9-a263-466c-ad78-8169d52ee88e,,,2026-05-18T16:58:44,2026-05-18T17:01:44,/,referral,False
148c98c6-d0a2-4e15-a39e-60225dba39dc,,,2026-08-10T12:58:51,2026-08-10T12:59:51,/,organic_search,False
0703bf75-6f8b-4ebf-8c14-23fb9686c487,,,2026-07-14T22:32:40,2026-07-14T22:35:40,/category/jaffles,social,False
790e9867-f31f-4b9c-9d19-e226a4e54d6a,0815e683-4b1e-4ea3-b9e8-9d06bbfaedb5,779d88d4-262e-4b08-bb4f-fa5609c436cf,2026-03-02T15:24:07,2026-03-02T15:27:07,/category/jaffles,email,True
e13d9a31-d533-4417-b57e-f72c34aff95c,e9f40ffc-bea9-4cc6-abca-7fe897f37903,,2026-06-05T04:12:24,2026-06-05T04:15:24,/,direct,True
2b0d894e-c0ba-4d17-ba3a-168690bb04c8,0e105436-465e-4326-94d3-f6a0e7051725,8fdafd6b-bf82-4bf8-a1db-c557cc627e45,2026-04-27T08:17:33,2026-04-27T08:20:33,/search,paid_search,True
74c6595d-dc9e-4575-a9b7-495037ce684d,5484b02b-221a-4bbe-86a3-3eccdcf8d2ae,,2026-05-28T19:36:45,2026-05-28T19:44:45,/,social,True
813167ec-e4c2-40f7-916c-caa6466bb8f4,,,2026-08-01T00:22:50,2026-08-01T00:30:50,/category/jaffles,referral,False
df1aa3fb-9e2b-409b-96ac-a533cd5252a2,,,2026-03-02T21:20:05,2026-03-02T21:23:05,/,direct,False
ed457c3a-773c-4746-8e02-a917cc36efc7,073c6c4c-9988-45b0-9224-7ad4e69d8c6f,424330d6-0143-4559-b560-bf757dd4fe7e,2026-07-25T07:45:20,2026-07-25T07:46:20,/category/jaffles,email,True
7d21dca9-7f01-4a8d-94e7-b164009d14a5,,,2026-03-27T20:06:35,2026-03-27T20:14:35,/,direct,False
88fff32a-c032-4d0c-aecf-241f2bf2ca8b,3e28e5b6-fe21-474e-b5bc-95ac85c187ad,0e8f0c09-7082-4868-96f2-20b029462283,2026-03-12T22:22:29,2026-03-12T22:25:29,/,organic_search,True
31071289-23e4-4f88-bfb7-03447a663156,,,2026-03-10T21:30:29,2026-03-10T21:33:29,/category/jaffles,direct,False
30182c1e-99a4-49e5-ba8e-f4ae5b01e7be,f5e8b3ff-659d-4bc9-bdc6-6b7fe343bcab,1957ff1c-dd2e-41d7-9ce9-a59d13a143ed,2026-05-20T01:23:29,2026-05-20T01:26:29,/category/beverages,organic_search,True
0bf4e9c1-c8c7-441d-bf3d-660eee25934f,,,2026-03-16T13:00:13,2026-03-16T13:20:13,/category/jaffles,social,False
9214484b-bd52-492c-8857-04cb06a0b401,,,2026-08-02T04:36:21,2026-08-02T04:44:21,/,direct,False
7b185c91-e825-406e-9d21-71680bbdc972,,,2026-04-22T03:54:19,2026-04-22T03:57:19,/category/beverages,organic_search,False
37f927bc-5e9a-43b6-a919-4ce4de714d50,,,2026-08-12T00:12:25,2026-08-12T00:20:25,/category/beverages,direct,False
8200617b-4768-4550-a17a-bd200fc48e13,3455f0ff-3219-4cd9-acd8-091f34518293,7379b5b6-fa02-4846-a5c9-dc40b9024fcd,2026-07-11T10:45:21,2026-07-11T10:46:21,/category/beverages,referral,True
beb12615-7b21-4d38-aebc-7bbf93bebd78,0206c59d-8464-4845-9680-9463df25efd9,,2026-06-27T09:57:03,2026-06-27T10:05:03,/search,social,True
d68ac276-6c2b-49d0-a8e2-8e2d407d7dee,,,2026-05-13T19:15:37,2026-05-13T19:35:37,/,email,False
f3366141-2eec-47a0-b5e0-5be27aae45a7,5261268c-aa94-438a-921a-05efc0d414ac,62a0d1a3-12ed-4498-ae16-e3d8e2f7564c,2026-04-08T10:28:31,2026-04-08T10:48:31,/category/beverages,paid_search,True
0d229c77-0121-4d0e-9e52-431ca2d39392,303bc5db-08d0-4431-b6df-29c80d0321da,59b15ca6-b9c4-499a-82ac-f59f00e967e0,2026-06-11T01:51:49,2026-06-11T02:36:49,/,paid_search,True
052efdef-d431-42f3-b9b6-ebafc62b3bba,d6914b8f-0d72-4044-a61b-055adb02f005,23b85a15-2203-461e-a770-ea4ffe93da20,2026-02-28T11:00:23,2026-02-28T11:01:23,/category/jaffles,referral,True
e264d4cd-2125-4311-a563-1a1fc929ac1c,66983396-cb40-4613-8d6d-306b8f9ca5c4,d54f6dbd-cfc2-4783-a20a-a7dfcab85525,2026-02-23T08:36:26,2026-02-23T08:39:26,/search,referral,True
5b9c0f2c-c8cb-4861-934d-83ebda8565ab,c712217e-16e5-4f51-a9f4-055b5176e747,d3edb0d8-9ba4-4dcd-bcef-7d4708c96da7,2026-05-17T11:21:26,2026-05-17T11:29:26,/search,organic_search,True
ea0e3e07-6178-435e-8186-57785bcc68b5,,,2026-06-01T03:07:20,2026-06-01T03:10:20,/search,paid_search,False
36e8446c-392f-4024-9087-98f630930568,,,2026-04-06T22:08:04,2026-04-06T22:16:04,/category/jaffles,social,False
5aef8f6b-c9f0-4184-a354-7bd63169c350,a3867ed0-9303-4ce2-b40d-a9711a5efef0,d65e8afd-22d8-4591-bb53-7aee7f113c6e,2026-02-28T13:29:13,2026-02-28T13:37:13,/,referral,True
08445a90-6db0-4a90-9e6e-6c99abe1e03b,191feb1d-2def-4cbf-a8f8-ee3eb3856ea2,6e1c4ced-5640-417a-8837-7624703e1900,2026-08-02T10:10:06,2026-08-02T10:18:06,/category/jaffles,social,True
ee36bfc8-3276-4685-a5fe-4e9bb8a0cd1a,,,2026-05-08T22:38:51,2026-05-08T22:41:51,/category/jaffles,organic_search,False
12ea51c5-2036-45f9-93f9-da8c48f5ef70,3218db6b-84e5-453d-8de9-a966eecbacc6,2d6360e0-10d8-43fb-9f1d-c66c4715e54e,2026-06-22T08:24:50,2026-06-22T08:27:50,/category/beverages,social,True
56fd24d3-9c28-4c21-8765-3108d45f7bc7,,,2026-03-07T14:46:26,2026-03-07T14:49:26,/category/jaffles,direct,False
a725ad1a-5664-43e7-a132-539d87942368,3f3af4f6-a87b-4f03-8669-2e1a8e3c6d8b,821e541b-9f71-42a7-a816-bac5ae409c54,2026-07-01T13:34:55,2026-07-01T13:35:55,/,email,True
7091e1d3-9e45-4b61-85ce-b9505ab09fda,a43342bc-a956-480b-8ef3-7b28e61c9b9b,,2026-08-13T11:56:27,2026-08-13T12:04:27,/,direct,True
2d7249e9-6540-46c5-a83e-e5711f232486,,,2026-03-15T05:09:26,2026-03-15T05:10:26,/category/jaffles,direct,False
0ed29cf2-af60-4e3c-b33e-e62b2c2a022d,,,2026-03-27T03:13:17,2026-03-27T03:58:17,/search,organic_search,False
95e84812-693b-47fa-a2af-c36317a20401,,,2026-05-31T00:13:29,2026-05-31T00:21:29,/,social,False
a9e0d7b4-8eb8-41ac-a1aa-7f35492f2dd3,7eaca096-c253-48ee-936a-8ea930759d59,c877cbcf-f8a5-4836-9d76-748465e33ca9,2026-07-11T03:57:04,2026-07-11T04:17:04,/category/jaffles,social,True
d8b3339b-8e0d-4775-ac9e-a6a9150755a0,,,2026-06-06T13:18:55,2026-06-06T13:21:55,/category/beverages,email,False
01f0c4ee-b3a2-43e4-9fa6-99b01a9dacd2,073c6c4c-9988-45b0-9224-7ad4e69d8c6f,1d107b17-8200-4e55-9b08-4dc2894f1587,2026-07-10T02:42:30,2026-07-10T02:45:30,/,direct,True
57cd111b-18f4-40f8-babf-1d8e1b2828a4,80617fda-335d-411d-aed3-ca3917a8cff2,4f2edff5-772b-4276-83f7-2ff39fd1a8a3,2026-07-02T13:03:22,2026-07-02T13:23:22,/,email,True
6bfafc1a-28ba-413b-a06b-b4ad10d40b81,,,2026-06-10T19:07:17,2026-06-10T19:10:17,/search,organic_search,False
0057b535-db0a-4533-aad5-ed7f4fa65e80,2aee3fe5-2eb0-4391-bb79-d4d4ffdd9931,996ebda2-4b7c-4298-b59e-ce149070ea46,2026-08-07T19:35:38,2026-08-07T19:38:38,/search,email,True
5fd04829-2f81-48ee-9016-641fa5aa6a1e,d4d6c47d-5048-4008-b088-4f13691fbefd,dcb863d3-bb73-4c1c-a784-b40d9aed09fa,2026-05-22T05:14:45,2026-05-22T05:22:45,/search,organic_search,True
34964f46-4dc1-4ed3-9715-fed5947918c1,0abcb3b4-7e1c-4638-a21c-af1df3702f27,9df8f2d9-fff9-4d37-9a68-2c8a9e1a5c38,2026-07-29T07:26:35,2026-07-29T08:11:35,/category/jaffles,email,True
d45872b8-e7ec-4bcc-a3d6-e6e40ea05d54,6fcd3399-b9d5-4ab0-9d50-385be83fec9c,5d8ebabd-5684-477c-8c03-ed1ea07b8fee,2026-06-26T13:09:11,2026-06-26T13:17:11,/category/beverages,paid_search,True
26bffa8b-5baf-4f71-99bb-44d25de66c91,,,2026-04-09T05:21:52,2026-04-09T06:06:52,/category/beverages,paid_search,False
7025af5e-6627-45f9-af2b-d4e3cdadb3c0,c0a8be37-975c-4b34-8989-1eb846c63871,,2026-07-15T06:15:07,2026-07-15T06:23:07,/search,direct,True
195d2db7-6b24-4674-b5d5-b815446a47e4,,,2026-03-16T00:11:34,2026-03-16T00:19:34,/category/jaffles,organic_search,False
80f0d688-bf73-4ea8-ae9d-0cf05ed0a1c5,86fb0f27-e52e-40a4-8499-5f1610574213,36962ba8-b1c4-47f4-9832-6d394334264e,2026-06-12T05:39:23,2026-06-12T06:24:23,/search,paid_search,True
f4f15ae4-ffed-467c-b118-84e2de35cfe5,,,2026-05-03T22:59:09,2026-05-03T23:00:09,/,referral,False
c727bbb3-a806-42f7-9531-b827a8cee977,,,2026-04-30T14:08:44,2026-04-30T14:09:44,/,email,False
f0908106-20c2-4372-ab84-6569e8e5de38,,,2026-03-18T14:26:48,2026-03-18T15:11:48,/,paid_search,False
58306c4a-324c-405f-ac0b-a3f7f91cf67a,2347081e-7ae5-4085-a0d6-d1f551721f69,,2026-06-03T21:25:33,2026-06-03T21:33:33,/search,social,True
6e108aa4-636c-4246-9df2-31f028866a71,63af441d-70c7-4c4e-b495-80b967849285,73bee611-0ed8-4d03-bb06-39637aea1914,2026-07-10T15:07:50,2026-07-10T15:10:50,/search,email,True
9d821254-7a1c-4de7-a969-24f638b97364,,,2026-05-25T01:51:38,2026-05-25T01:54:38,/,social,False
3d94fb64-b9bc-4523-829d-8f4b04bec183,1991aaf6-d1b3-45f3-a33b-7a9174d18f8b,9bf23271-5a9e-4d84-af81-77894dd50754,2026-04-16T02:11:32,2026-04-16T02:12:32,/category/jaffles,organic_search,True
bad09fc3-c417-4f72-a8c3-82cc4d27ceca,,,2026-03-16T07:24:03,2026-03-16T07:27:03,/category/beverages,organic_search,False
1c837a94-943a-42d7-9a4c-4b661888260a,,,2026-05-04T14:09:19,2026-05-04T14:12:19,/,social,False
daefe26e-ddc1-42a8-8374-5d7cd9754141,c8544096-3228-4db0-b3de-4f0da1974b40,ca17beea-f62c-4eba-a055-db5c56253734,2026-03-21T19:24:07,2026-03-21T19:27:07,/,referral,True
bfb5ccfe-19d4-4125-b110-22f57a252748,,,2026-05-19T21:02:39,2026-05-19T21:05:39,/category/jaffles,direct,False
4936f049-50db-47a7-8a16-807a2026af1f,,,2026-08-11T21:03:12,2026-08-11T21:04:12,/,referral,False
bf375a19-1306-4348-919c-bc4083ecc5d2,b2310c7d-702b-4e62-b938-3b19262bd9e9,,2026-04-08T02:47:04,2026-04-08T02:50:04,/,email,True
393bd83a-64fb-46c9-80f8-c0129ee4bab5,f5e8b3ff-659d-4bc9-bdc6-6b7fe343bcab,1957ff1c-dd2e-41d7-9ce9-a59d13a143ed,2026-05-21T12:14:46,2026-05-21T12:17:46,/category/jaffles,paid_search,True
d114e373-d9e2-47e6-a184-4fffb776bf58,bcff2252-fa4f-4a03-88eb-6ff7b0e010a0,,2026-07-19T09:13:58,2026-07-19T09:14:58,/,social,True
beea6a9c-8ef7-40d9-a8e8-49d630a7d6cb,b998f134-9c6e-4e5b-9a37-d0d9dbc72f85,cb5d90ef-6c5f-4450-ba49-26e691b5b8fa,2026-03-05T00:01:25,2026-03-05T00:04:25,/category/jaffles,email,True
71b30674-b6be-4af9-ade7-042ada77fa2a,,,2026-04-28T15:58:57,2026-04-28T15:59:57,/category/jaffles,referral,False
851095b9-8fa5-4257-86c7-03891c9a598b,2dcc7662-f1ce-442c-b998-bbe351d5e186,,2026-04-07T04:02:40,2026-04-07T04:05:40,/,social,True
3c3b2265-445f-47d4-ba11-dcc4a129a920,,,2026-05-27T06:57:40,2026-05-27T07:05:40,/category/beverages,organic_search,False
b91afdb3-cf04-4868-b7d9-3b75918f199f,,,2026-06-12T07:20:11,2026-06-12T07:23:11,/,referral,False
fa4cba92-0657-4e69-aefb-9296d6860f0a,,,2026-05-27T02:27:43,2026-05-27T02:47:43,/search,paid_search,False
49d8ff4a-d231-4115-8012-c56ccd9f4fad,b169789c-d0e8-4853-819c-555646263d18,8bae9732-bc22-4990-bdbc-9ba30fa9d1b0,2026-07-08T06:27:48,2026-07-08T06:47:48,/category/beverages,email,True
0e85b68e-ab4e-4530-b0d3-177fa89be311,d64805ac-2294-4438-af7d-1f1483e8fd7b,71d0d78d-228f-4e62-8425-b83eb710f62a,2026-05-08T01:49:32,2026-05-08T01:52:32,/,paid_search,True
9802af2e-42c2-45ec-89ab-e8337ac730af,,,2026-02-18T13:33:30,2026-02-18T13:41:30,/search,organic_search,False
b0d53f46-47ad-4adf-af4e-594907efa200,8f40d15b-7ab5-4fdb-b9a0-767514af456f,,2026-03-15T11:37:40,2026-03-15T11:38:40,/category/jaffles,referral,True
c8db38e6-7d39-43b6-ae0b-cfb5a3a99c26,b1554012-ee9c-477f-a055-e067482499a6,e4aec285-d4be-4258-86ce-cc7bbc24af5e,2026-07-17T16:43:56,2026-07-17T16:51:56,/,referral,True
038deeb6-a611-4f26-a530-3e9270902617,92bac428-565b-4fba-a911-e9f3dc3c5ad8,bf0df9a2-e053-4960-bb47-98bc6ee6bc11,2026-04-05T14:05:48,2026-04-05T14:08:48,/category/beverages,email,True
5655794d-8036-47b6-a90f-cce9094ede19,16e8d4f8-2451-446f-a254-3bc68e40621b,ac824c85-79ef-4fde-9b21-e7abbcf3d816,2026-04-27T14:13:36,2026-04-27T14:21:36,/,referral,True
f9accced-6a3e-44aa-b15b-5eba602083be,18e7baeb-a66e-4a7d-882d-355810698bc3,3092f518-1c2d-4446-8435-0e28b07b3734,2026-05-01T01:22:38,2026-05-01T01:30:38,/search,paid_search,True
2738c9b4-8870-4b2c-bd71-89f98ad6104e,80617fda-335d-411d-aed3-ca3917a8cff2,4f2edff5-772b-4276-83f7-2ff39fd1a8a3,2026-03-06T09:47:15,2026-03-06T10:07:15,/category/jaffles,organic_search,True
9504d3d4-3250-4b66-a641-ff14d1a8d3e9,b01b46fd-8f75-4db5-806d-c5c5980008c4,05f040bb-7cea-449c-a18b-31a2d6415cd2,2026-05-22T22:05:04,2026-05-22T22:08:04,/,social,True
2ecfe399-ed33-4769-8774-6c33135c032a,,,2026-06-09T16:40:40,2026-06-09T16:41:40,/search,email,False
a547828e-211e-4395-8208-c9c724fee1bb,3bfe5d2b-8ab3-473f-b56c-cdd86fff8877,e6e1f675-c2b1-4211-86da-c90dd625c71b,2026-06-25T03:48:15,2026-06-25T04:08:15,/search,referral,True
fbdc6f29-66df-4828-94a0-efb1131e3ee5,2e2960d6-f2e9-4048-b234-fb21f0f72405,8ef69df3-5ec5-48f1-a10f-5b480a62f3e5,2026-05-27T18:16:12,2026-05-27T18:36:12,/,paid_search,True
3d3f2b47-9e0a-4976-98e4-5e1e8a5f3ab4,72874237-a564-45ff-95cf-5fb3ab18e7c8,084bb72a-7e5e-4a1c-88a5-34c139e7d4b7,2026-08-10T11:52:18,2026-08-10T11:55:18,/category/beverages,paid_search,True
23a7e8e2-a01d-493a-a189-a2fad98fd22d,2444fa55-4e76-4e0e-8880-6ccb037e3479,b6a4c599-06e4-40da-9354-8d209fd4a922,2026-07-17T03:43:31,2026-07-17T03:44:31,/category/beverages,email,True
e0889fd2-a948-42cf-aebb-800957bb4a1a,3d097c4e-dd09-4cfa-8460-39fd4fb8a1cc,,2026-04-28T07:18:11,2026-04-28T07:21:11,/category/jaffles,social,True
e57af312-a75f-484f-801f-e7f67b8c7b5c,,,2026-05-17T18:54:51,2026-05-17T19:14:51,/category/jaffles,email,False
acd07f8b-5276-4dfd-ba54-27e03d39193d,c401aa52-5d86-4872-a6fc-75f431023457,42b3f9b3-00c0-46e3-ae27-ad074dfd6196,2026-02-20T18:22:42,2026-02-20T18:25:42,/search,paid_search,True
453b1e42-8153-4f1b-a90f-19f688748755,ab13dd68-d82a-4dbe-b352-0f4df96ff5e3,89d86f43-1428-48ea-bf99-c9e9932b3cc5,2026-03-24T23:23:43,2026-03-24T23:26:43,/,referral,True
3a973058-97b5-49eb-b73e-392c58cda49f,cc6e430a-d0ba-4c08-8809-84cbb2347a9f,721a3394-1ac5-4cb1-a004-d572b0150c70,2026-05-15T06:12:34,2026-05-15T06:15:34,/search,organic_search,True
a0be3424-6b56-4763-8fe1-912265db899b,5d59a09d-7696-4e1b-a171-abe3b79fff2d,0cb53a2b-4b4d-4c1d-8d0d-209cea80168f,2026-07-02T13:54:53,2026-07-02T14:02:53,/category/jaffles,social,True
3b2901c3-3057-4594-a3a2-d256a2514bbf,2ba287a4-72ee-4028-bc13-39a65e78db4d,,2026-07-11T08:42:43,2026-07-11T08:43:43,/,referral,True
6ae3e057-bed7-487b-8042-299ce85ba23a,c664111b-b80e-45ab-b2de-ee220ea29fbe,,2026-06-25T12:21:20,2026-06-25T12:41:20,/,organic_search,True
ca5c6fe2-b1e1-4388-aaac-b81fb56dc00a,,,2026-04-24T18:30:41,2026-04-24T18:33:41,/category/beverages,paid_search,False
98aa56e3-84ce-42ec-bca6-2fcbb3530ed0,,,2026-05-05T13:26:07,2026-05-05T13:46:07,/category/jaffles,organic_search,False
bf17f755-9ca8-4ecd-9a67-ad654167815c,,,2026-02-25T16:19:15,2026-02-25T16:20:15,/category/beverages,social,False
bdd0505f-9edc-4eab-b76d-9d1b3ec1b8ae,,,2026-08-07T21:43:26,2026-08-07T21:46:26,/search,organic_search,False
52ce1997-55c5-40ef-934c-abfbb5ee772c,430e5411-6ed3-439b-93c3-e885b2a37d0f,863dacb2-ac6a-43e5-a5ba-9b5c3c8fdced,2026-08-15T03:41:02,2026-08-15T04:01:02,/category/jaffles,organic_search,True
c44dfe27-3943-4cd8-8398-f4f5f9f8433c,b418aed1-0951-4085-9fe4-e750e7fe45f9,87ac1896-2e56-4c65-a488-885114d5545f,2026-02-21T15:12:46,2026-02-21T15:13:46,/search,referral,True
3369f578-faab-4838-998e-444ae479cc52,,,2026-05-17T18:28:29,2026-05-17T18:36:29,/category/beverages,direct,False
d887a6d8-855d-4bf7-86b8-8e5e1589e90c,e8da2040-0489-4880-a881-ef127727f204,a0e9aad3-1730-45d0-8d5b-1235e7f4cec9,2026-05-27T18:15:36,2026-05-27T18:16:36,/search,paid_search,True
c3eab310-4363-44b1-97aa-68992fefd86b,,,2026-04-23T15:09:10,2026-04-23T15:54:10,/category/beverages,paid_search,False
610a5a41-598c-459c-9e6d-12ded90356f3,e77008c8-b7e1-4bb6-93d8-8383d6385531,,2026-05-30T10:04:55,2026-05-30T10:24:55,/category/jaffles,referral,True
27019ecf-2442-46c8-962e-912e3fa8600b,a9976a20-42e5-4c26-a2d0-6ab72973887f,85675693-1e0a-4731-bf80-d1fee3b5016a,2026-05-09T04:31:25,2026-05-09T05:16:25,/category/jaffles,referral,True
0931eaa7-c721-4603-953d-6490bcb1a18a,,,2026-07-11T15:47:53,2026-07-11T15:50:53,/search,social,False
f1272951-6988-402d-af99-81488156d007,aa0533fd-252b-49cb-8070-77b5c88b04ee,b1e31e4e-8c08-4f91-a319-3c0aecd7a6d0,2026-02-27T02:28:20,2026-02-27T02:36:20,/,organic_search,True
e5761282-1311-4506-a5a2-9d799881b57f,19a91b0b-51dc-434f-978a-177588409f99,f158bcd6-b93e-4f2d-b5ac-5489537502dc,2026-07-23T12:44:48,2026-07-23T13:04:48,/category/jaffles,email,True
802ebf8d-5688-42ce-86c3-f0e8a6478626,967d3e2d-8b15-4f43-a6b5-d1dd3934707d,,2026-04-17T00:53:39,2026-04-17T01:01:39,/,social,True
413a5ff5-5145-4503-b48e-31cd6511e7dd,,,2026-03-01T00:17:19,2026-03-01T00:18:19,/category/jaffles,direct,False
43c4396e-8f2a-4fbf-9d12-391109ad4050,,,2026-05-14T11:08:58,2026-05-14T11:28:58,/search,referral,False
8f841e9a-6525-4651-b4e6-98fb66d74e9e,254a6b6d-5dcb-4d20-88ce-e2e448935a93,682b6f64-88d1-4afb-b61b-e699c109f81a,2026-03-24T17:07:43,2026-03-24T17:15:43,/category/beverages,organic_search,True
4448998e-21b7-41c4-a947-4bbd3ebb25ab,f1c35457-d11b-4726-ae58-b98a09167675,,2026-03-06T19:37:27,2026-03-06T19:38:27,/category/beverages,social,True
a5777a50-0332-44a0-ab9f-8aa442c46d74,,,2026-05-18T14:26:00,2026-05-18T14:29:00,/category/jaffles,direct,False
c8558094-acbd-470d-a57a-5e623ab41105,58e0c4db-27d0-4c06-9252-c40364b1ae74,f37cc2dd-b2c6-45e5-bc2a-3578fca97c78,2026-03-06T17:13:56,2026-03-06T17:21:56,/,email,True
08f79032-1775-4c84-a475-276521fcccdf,,,2026-03-29T16:41:36,,/,social,False
0774d7a4-e28f-46f6-a2ac-68f2b85366d1,,,2026-07-28T12:05:31,2026-07-28T12:08:31,/search,organic_search,False
158fc9e3-8596-4c83-aa4e-148894ef433d,,,2026-07-13T10:41:13,2026-07-13T10:49:13,/,direct,False
35d6c6ab-2237-4f6b-a203-c651f2435458,dc634429-12c2-417d-b460-f3ed4903d539,e2157b1c-54df-4806-9e55-a843a2fa65cf,2026-03-13T06:42:31,2026-03-13T07:02:31,/category/jaffles,referral,True
0dca7f63-0bf2-4488-bd43-b7a7b042d048,,,2026-07-01T23:36:47,2026-07-01T23:39:47,/category/jaffles,social,False
fccaa46d-ed9d-4dfb-a54e-854c73118d7b,f35eb7b6-1b25-433b-90b5-29212b72f6e2,d5ff5386-2f1d-434f-83a3-2969e29b2c02,2026-07-15T10:33:20,2026-07-15T10:41:20,/,organic_search,True
4f53d46e-788f-4593-bbbf-00d16d06a3ef,f0496969-2829-4c93-834d-07ef9042cd86,664342d8-e9fc-48ae-8cba-3af24a47670d,2026-07-20T15:34:07,2026-07-20T16:19:07,/category/jaffles,email,True
6da365c5-0a63-41b3-be95-8fee0ab582d6,,,2026-05-15T11:36:54,2026-05-15T11:39:54,/category/beverages,referral,False
36a2ab1c-945e-445c-addd-dea9b8e6fa90,5c3c91f4-9d48-426f-9862-e165bf8f616d,e306ef8d-63c1-453d-92ad-61f5d75256a9,2026-05-28T21:19:14,2026-05-28T22:04:14,/search,direct,True
93bb4c1f-f7b0-4e92-b1da-ad31f4f22fa7,,,2026-03-04T23:41:55,2026-03-04T23:44:55,/search,paid_search,False
d2ca04db-71f9-4a39-b7f7-e77558728f98,c6abaffa-11df-4987-9806-71dced92f534,f75f57fb-10a1-4468-a068-906eb76cdf41,2026-05-19T17:50:22,2026-05-19T18:10:22,/category/beverages,paid_search,True
d864139f-8294-4bc6-8cf2-87e49fa909bf,33ab4667-4cdd-435a-875e-305ea36ebc4d,cf36a5c5-9912-4e29-bc6b-3228031bbb81,2026-03-01T06:41:11,2026-03-01T06:49:11,/category/beverages,referral,True
23847816-4e78-4f0a-9ae8-b5231af9ff8f,284f711a-5e5a-4929-bb5d-5ddba9a4a773,8b42db89-a02c-4c5c-ad1f-3b85f5454439,2026-04-28T02:16:41,2026-04-28T02:36:41,/,organic_search,True
080fe12a-9a24-4f86-b78b-314db89dcbb6,34b17474-7fef-4a04-8009-f83028f66521,22b8eaad-9bdb-4c58-92d2-401e335710a9,2026-04-02T12:32:38,2026-04-02T12:40:38,/category/jaffles,email,True
a798a221-9e3b-4c4b-b3fe-91740ad273bb,66dda3b2-66cf-4b2b-90b2-91abe28f6aa4,0c6dea90-9449-4115-a1be-1fe731878dfb,2026-06-05T10:55:21,2026-06-05T11:15:21,/category/beverages,paid_search,True
77a2c0fb-b297-4894-aabe-8080b7ebda8d,,,2026-07-11T14:43:00,2026-07-11T14:51:00,/,referral,False
d89ddb8f-998d-43f2-a699-a01845ca13c8,099dd9b8-0a76-482f-92e1-f754d25d5aee,edfe81bc-3543-401d-91d3-3d2dae27b9a2,2026-04-07T02:25:26,2026-04-07T02:33:26,/,organic_search,True
1e2b9f5f-e1e0-4e69-8107-e4a1ef30ab4a,,,2026-04-28T21:52:08,2026-04-28T21:53:08,/category/jaffles,referral,False
7aa0cff3-cbef-4bdb-900e-b2989afd466c,f3c5c37f-bd98-40b6-8f8b-eeb75218bbed,f7912de0-17b8-4035-989d-a5e87e084fee,2026-03-01T19:52:39,2026-03-01T20:00:39,/category/jaffles,social,True
265e9626-20f9-43bc-8e89-8e8d01f8ce28,2a082be2-fc91-4d5a-accd-200e91693b07,,2026-03-10T22:22:48,2026-03-10T22:25:48,/search,referral,True
b584b632-911f-4599-8738-a81298f219d5,,,2026-03-22T22:13:50,2026-03-22T22:14:50,/search,paid_search,False
60c4c7b1-1191-4e92-b172-c69cdf327270,5daa5d95-314b-4f5e-8926-8d61c9d4daa1,,2026-03-07T11:16:26,2026-03-07T11:19:26,/,organic_search,True
8f71d206-389b-44b7-801a-59b9d79adede,,,2026-06-03T20:57:26,2026-06-03T21:17:26,/category/beverages,referral,False
ed82f537-1524-483b-b5f2-e8d13746a99a,,,2026-02-17T15:10:02,2026-02-17T15:13:02,/search,social,False
0401c975-9f0c-4890-840d-8390cbf66dca,,,2026-05-06T17:47:05,2026-05-06T17:48:05,/search,direct,False
5691f2d0-bc1c-497b-835a-8f0f66c52208,a054cb90-d7e9-4236-9533-fc7fd2b1fd77,824ce9af-aab3-4427-93bb-943dcb835c6e,2026-03-29T09:11:09,2026-03-29T09:12:09,/,social,True
7ea417b0-3b7b-489b-b898-fc52f0d88de1,,,2026-03-22T07:15:17,2026-03-22T07:18:17,/search,direct,False
b58c6896-2e0e-4321-b4d8-657226dec69a,,,2026-07-18T13:13:58,2026-07-18T13:33:58,/category/beverages,direct,False
e0e5e69c-4e37-4bb2-b781-44ebf8c06ddb,758b4602-0ce0-440a-9584-ad59ce4216ad,0c0d1066-7529-43b2-953b-662bc6e04733,2026-05-22T21:47:32,2026-05-22T21:55:32,/search,social,True
6d31755d-d642-4892-b87b-f156b5cf2650,5b2179c5-dd1c-45b4-b99c-10f1c7c201f4,,2026-04-05T01:53:54,2026-04-05T02:01:54,/search,organic_search,True
c4c4064f-c80c-4cda-aeed-0da4bfd1ee40,4da311cb-8e0d-487a-8fdd-4a94529db3e4,364ee8c2-996f-4f1a-aa37-579280a0a379,2026-02-28T08:45:40,2026-02-28T08:48:40,/,social,True
3f1bc934-e5cc-4f76-83d6-d04a88355d30,0688ed48-bbd7-41d6-b5ef-c2cd771f72c2,,2026-06-06T21:08:17,2026-06-06T21:11:17,/category/beverages,direct,True
e66ede48-51f9-4543-bbe1-893378aada76,4d481210-54e4-4e94-80f3-81ba408de5a5,c87828e3-ccae-4b7e-9bfa-de505a600e0a,2026-03-08T15:09:41,2026-03-08T15:10:41,/,direct,True
b95a61f9-52b1-4d32-add8-0e952f3dad83,5bbca380-854e-47a4-ae5c-fd631650a115,d4bc3c91-980f-44d5-9a92-01820e5c925f,2026-04-29T03:52:22,2026-04-29T03:53:22,/search,organic_search,True
2e8e5744-9eff-4b6a-94b8-281b56fcd4da,77475cfc-c7a4-44fd-aa82-b68053aa7540,7987fb5d-0f0e-4bcc-b8d9-de70e83a9511,2026-03-01T17:49:08,2026-03-01T17:52:08,/category/beverages,social,True
5b931719-56e8-4a0a-a564-5671277cc07d,b51ad0d8-7b4d-4859-8de9-fd9feb62c888,e3a124a2-7434-483d-b008-6593d65ff156,2026-03-19T03:08:50,2026-03-19T03:16:50,/search,organic_search,True
e31ebc4e-efcd-4b8e-b8c4-2914f8b368ef,8e5c2f29-44ce-4f60-b818-8b728f60b79b,d835030c-b514-45da-aabd-076b608023db,2026-05-30T08:07:08,2026-05-30T08:08:08,/,referral,True
a5169cdf-1285-409d-ac91-88baf95de6f5,6faa20a4-1e8f-43a8-9a45-33ae5f675190,06cd54e4-9fb1-4ad2-b71d-d77cf79f2c1b,2026-02-22T20:44:19,2026-02-22T20:45:19,/category/beverages,email,True
fcbbb989-9669-4c82-9044-1f1648454840,,,2026-07-18T11:46:05,2026-07-18T11:49:05,/category/beverages,paid_search,False
ac4eafad-a7ca-40db-af46-b43a8e2fdd07,24ea0325-a7d6-4388-b86c-7b51e5805b26,4a1a7075-71ac-4c3a-a227-eca5e04ea5a2,2026-03-31T15:45:37,2026-03-31T15:46:37,/search,paid_search,True
794fe67d-f1d7-46c5-8e8c-f9a817fe881c,,,2026-06-24T03:28:30,2026-06-24T04:13:30,/search,referral,False
63b414bf-c6c9-4a98-9f1d-ba993adb75bb,fd788ea1-7f9f-477b-b5fa-9a64962eb7f0,426f4fcc-1422-4585-a139-82697f16d407,2026-08-16T01:21:53,2026-08-16T01:29:53,/,email,True
bfb96c41-aaad-4475-95bf-2423903d5b84,,,2026-08-04T23:08:05,2026-08-04T23:09:05,/category/beverages,email,False
6c838881-23a2-4b96-abc4-eb2baf7fb635,8e91d584-8798-4b43-a077-64b5334460b3,,2026-06-03T21:18:09,2026-06-03T21:38:09,/,social,True
41d59701-8cb5-4b55-9ff0-887471e1e945,f14bcc19-681e-43a6-94e0-9748a8455850,0f2561f8-90d2-4674-876b-e14f08b360e4,2026-06-06T21:42:11,2026-06-06T21:50:11,/category/jaffles,direct,True
b417f39e-1c6b-4f8d-a78c-8f40e8bc3072,d4d6e685-70a2-49ea-b511-383a54d18cfa,,2026-08-12T19:51:20,2026-08-12T19:54:20,/category/jaffles,paid_search,True
35d6a1aa-79b9-48f7-8494-e172f793fd0a,d0c20886-5575-4356-8218-337197faa2fb,e706a0af-dd07-4209-8349-1304c06dc3c3,2026-05-26T03:38:04,2026-05-26T03:41:04,/category/jaffles,email,True
b79769e4-2a73-43d3-bcca-fba91b2271d8,,,2026-05-31T19:56:26,2026-05-31T19:59:26,/,organic_search,False
7bedfe6c-a67a-4000-b16e-13e7e9371097,8252af4b-fdbe-4139-b9a2-de4ceb670886,2a775814-fc77-4ecd-ab79-26a6d71b44f9,2026-07-24T12:42:03,2026-07-24T12:50:03,/search,email,True
7e705a4c-5950-4537-ae6d-ba5b3e873777,f24f29fa-33e9-41e2-8965-ac4e39be3919,65256166-ae24-4ac0-9c62-2776d9465e6a,2026-03-28T12:56:55,2026-03-28T13:04:55,/category/beverages,referral,True
279ffc92-94bd-4161-b03c-435dda9aa16c,,,2026-06-19T11:42:53,2026-06-19T11:43:53,/category/jaffles,organic_search,False
94ff4822-e2f5-4668-9122-501e21e25281,27e89b40-f32c-4604-8a79-6d1613bde382,,2026-03-26T15:13:14,2026-03-26T15:21:14,/category/jaffles,organic_search,True
7984f7fc-f6ef-4526-8252-891a9562edd7,bf32ccad-096c-457c-9147-6f220d46e227,e12d2794-5cf3-406c-815c-d74f1a013c78,2026-03-24T20:27:02,2026-03-24T20:30:02,/search,referral,True
c718af62-e4d1-4f26-a34c-5340a6f57e18,ab13dd68-d82a-4dbe-b352-0f4df96ff5e3,89d86f43-1428-48ea-bf99-c9e9932b3cc5,2026-03-25T14:12:03,2026-03-25T14:20:03,/category/jaffles,organic_search,True
e523839e-b577-41e1-945d-933cbe2cde16,922d63c5-873c-4693-9775-df99ba006ccd,ef0f702b-6886-4a27-9f1c-de62b5b44aad,2026-07-10T02:22:56,2026-07-10T02:23:56,/category/beverages,direct,True
2e95de2e-4752-4940-ad40-8c8d87375cee,06a161e4-302f-4ae9-b96b-2734ad33f946,680d1da5-4694-4972-87a3-f9ed2ba67fcc,2026-02-24T13:28:01,2026-02-24T14:13:01,/category/beverages,email,True
82fdf4f6-4377-472f-9726-daa50483f262,,,2026-02-23T08:24:59,2026-02-23T08:25:59,/search,paid_search,False
54d411c1-c766-4126-a48c-2bbd59220ad1,,,2026-05-01T09:09:28,2026-05-01T09:54:28,/search,referral,False
894e480e-7865-47c1-ac9b-fdb308a24dff,388a03fa-6bff-4153-afbb-2349b43c876e,c72d7e8b-a163-4d7b-ab8d-dcf358303179,2026-05-25T04:41:35,2026-05-25T04:49:35,/category/jaffles,social,True
fd35f198-ce44-4d91-8944-1944d1900ed8,b43ea9dd-823e-4930-9110-31ea0eaa05f3,6876c199-1d8f-4f7d-9967-429c7906e8be,2026-03-06T22:13:10,2026-03-06T22:16:10,/category/beverages,email,True
7a2e2e2f-264a-4f47-b622-d0d46d3d8016,fe21b6ad-ebab-42b3-b5ed-ad3529036009,689153d1-77bd-4138-89fd-b300b2ea793a,2026-07-25T03:29:31,2026-07-25T03:32:31,/,paid_search,True
edae0d82-fec2-4d20-b6ce-f36a84c7f47c,,,2026-07-31T07:58:59,2026-07-31T08:06:59,/category/jaffles,referral,False
894239ec-3c29-416a-9d7c-fcb6ce38cecc,,,2026-06-06T19:20:51,2026-06-06T19:21:51,/category/beverages,direct,False
cc5395d8-9a08-4129-9800-8cf26ef425cf,,,2026-06-29T00:16:22,2026-06-29T00:17:22,/,email,False
5ba52926-835e-4e5e-a9e3-ec6f7706a235,d84ec4ed-ae05-416c-9cbe-eace4567132d,8be2064e-45e7-489d-8538-67bcdd8f1344,2026-07-01T04:07:21,2026-07-01T04:27:21,/category/jaffles,direct,True
35357a95-814d-4d14-83ce-bcc099cfd8ec,,,2026-04-09T18:57:43,2026-04-09T19:42:43,/,email,False
1290b685-e33b-4ad0-aa77-c56bdf9ded64,,,2026-02-20T10:56:07,2026-02-20T11:04:07,/,direct,False
8f54675d-cacb-4565-b63c-568105c5a42b,3207b0f3-9af4-4ba4-acb1-6ba8ea25f52e,235eea18-266e-4fe5-805e-3522471fc616,2026-06-11T04:15:47,2026-06-11T04:23:47,/search,email,True
89d6c1e2-13b5-467e-92d6-2ce8d1b251b0,,,2026-02-26T16:54:13,2026-02-26T17:02:13,/,social,False
ceffe5d5-a156-40d7-8b60-4ad6a1cd6030,2347081e-7ae5-4085-a0d6-d1f551721f69,,2026-02-23T11:47:49,2026-02-23T11:50:49,/,email,True
1f999535-ca43-4484-8ec4-82899f2314ec,a98f640e-492a-445a-8a0d-7d444e98f1a9,c5e0e7b2-bfc2-4061-a4bd-a97c2ca38c4c,2026-05-27T05:38:18,2026-05-27T05:46:18,/category/jaffles,email,True
7f74dede-4251-4ea6-902e-7721ee1c58f5,0206c59d-8464-4845-9680-9463df25efd9,,2026-06-18T00:38:46,2026-06-18T00:58:46,/,referral,True
9dfcb43a-99d2-430e-86e9-3ef04418cfe1,e0cbd2e1-eee7-409c-9cf1-707eb4f867ce,5d98d38d-1813-4b22-806a-6a53d76d077c,2026-05-08T04:15:52,2026-05-08T04:23:52,/category/jaffles,referral,True
254d09c7-8ca7-45e0-9178-85edd081a661,,,2026-08-08T15:56:59,,/category/beverages,referral,False
1609bea8-f0f5-463d-9693-56ca3e6c9c2c,07837268-1f07-43d7-a271-fa0ab4370eee,b9cde203-78c3-41a5-aa4e-2fbd6fc2f4a3,2026-04-28T05:46:49,2026-04-28T06:06:49,/category/beverages,referral,True
0200eae8-8037-497d-a059-4cadc258bb7d,,,2026-04-10T07:56:27,2026-04-10T08:16:27,/category/beverages,direct,False
bd4b3fce-1ab8-41e9-b1e6-5102c717401e,438d7ce2-8d55-49cd-ab64-d781e25abb9e,9f403914-1614-4698-9394-44468f9057a0,2026-07-05T04:39:57,2026-07-05T04:40:57,/category/beverages,organic_search,True
da823f79-93b7-472b-9585-33d1519480ad,0327ed4c-b4a3-4746-9221-3bb172a05c50,506b5103-27e4-425f-83cb-233074ddbd59,2026-05-24T18:53:49,2026-05-24T18:54:49,/,organic_search,True
01ff82f4-5f3e-46f0-aa14-740cece55ce3,3d2423f0-cecf-4060-b105-96b04f2ea442,a157b939-c72d-4c14-b090-20337ced9904,2026-07-24T19:10:25,2026-07-24T19:13:25,/,email,True
48f62c4b-eb4f-4602-b9a5-97276e48bbce,,,2026-02-24T08:59:48,2026-02-24T09:19:48,/category/beverages,direct,False
63649ec1-d6ba-4132-b556-e2336b70147a,7755a749-3460-4f0c-a33c-428dccd20885,,2026-03-20T18:31:50,2026-03-20T18:51:50,/category/beverages,email,True
7202f9d4-0452-4b5a-8d4e-3eabf9b40c1b,,,2026-07-23T19:52:15,2026-07-23T20:37:15,/search,direct,False
b699513c-9c78-4f16-aa08-37a4df7c3472,22dc524c-5b2b-4982-a2a7-2a5f5a5b9ca5,bd96628f-5d69-4008-bc48-706c363c7160,2026-06-01T15:01:31,2026-06-01T15:46:31,/,social,True
89fbe0eb-e6c8-41cf-8e6d-eeeba06df59a,,,2026-08-07T05:42:44,2026-08-07T05:50:44,/,referral,False
0579814f-2647-402c-9747-29205a1d4c73,ce5ac3ba-cbec-4482-816e-1ee6def437e2,8558c2ab-de38-47dd-8cde-1888b5633055,2026-08-04T07:05:40,2026-08-04T07:25:40,/category/beverages,email,True
b59e3f1e-dced-41e7-893f-f20a3ef6e3e7,,,2026-07-05T23:47:50,2026-07-06T00:07:50,/category/beverages,referral,False
ee4aea29-6118-4e59-87f1-ea8b286e7c83,,,2026-05-15T01:16:09,2026-05-15T01:17:09,/search,paid_search,False
b9ade089-cc7c-408a-80ad-ddc4c22eb158,7eaca096-c253-48ee-936a-8ea930759d59,c877cbcf-f8a5-4836-9d76-748465e33ca9,2026-03-12T23:51:34,2026-03-12T23:59:34,/,direct,True
d7d6c50a-d585-4433-af79-febe2937e930,33d208d7-91f2-4d70-9f75-c1bf87481c15,6b468906-8b50-4076-bfa4-a1ade235057b,2026-06-15T01:37:48,2026-06-15T01:40:48,/category/jaffles,paid_search,True
9caedf72-1e33-48ae-ac9d-b732b4e0554e,,,2026-06-09T00:51:06,2026-06-09T01:11:06,/,referral,False
06cc98c4-b7c9-4cd0-9ebc-a997f239d371,,,2026-05-22T02:14:48,2026-05-22T02:17:48,/search,email,False
6f093b1b-796d-468b-8c1c-5178c68bd079,,,2026-07-18T21:44:59,2026-07-18T21:47:59,/category/jaffles,paid_search,False
c9dbd9e0-a6b5-43e8-8fa3-ecd45010562c,90b6264d-1278-47c8-a418-6498aac365ba,e354b367-d973-4de3-a3a1-3a37c6f80c15,2026-07-21T17:21:43,2026-07-21T17:41:43,/search,social,True
01417516-567a-4b20-8b20-f9f4a9d3ecd9,20ae953d-06b1-4034-a24c-a173911af24e,2f617ffc-c777-4e0b-ba37-122763ec0815,2026-05-28T01:09:36,2026-05-28T01:12:36,/category/beverages,organic_search,True
18665bb3-1591-45a4-b7f7-6df6e23e7867,5b070f80-9227-43fd-951b-4c758d20070e,ddd85005-76db-40f9-bd5b-78b3445bd469,2026-04-17T07:06:56,2026-04-17T07:07:56,/category/beverages,referral,True
fa292631-1777-4719-b86a-f02110d44cfa,,,2026-06-06T13:46:06,2026-06-06T13:47:06,/,email,False
94a1c2f3-5546-4b11-93d9-00b3f00b415e,,,2026-06-23T01:18:39,2026-06-23T02:03:39,/category/jaffles,referral,False
cecb4504-4ed2-425d-aca4-65a62cc6f0b4,b2263d08-d05d-4240-a470-6fe31527b9d2,a59110ba-52dc-4bfe-9721-66a45842cb95,2026-04-07T02:21:04,2026-04-07T03:06:04,/category/jaffles,organic_search,True
9c5a6d28-ff51-41a0-aa5f-e90044d697bb,,,2026-04-02T03:11:19,2026-04-02T03:14:19,/category/beverages,organic_search,False
866eb986-6fac-4c23-a9e0-400fc41a2a7c,,,2026-05-17T00:38:07,2026-05-17T00:41:07,/category/beverages,organic_search,False
06428462-84bf-4708-bf2e-ac5e37aa08f1,,,2026-05-08T16:55:27,2026-05-08T16:58:27,/search,paid_search,False
0cdf73e7-3b85-4ea4-9739-bb1a104dab4a,,,2026-06-26T05:45:44,2026-06-26T05:46:44,/category/beverages,email,False
97138023-49d9-4ec5-9189-61b5f238b9ee,a054cb90-d7e9-4236-9533-fc7fd2b1fd77,824ce9af-aab3-4427-93bb-943dcb835c6e,2026-04-21T18:29:06,2026-04-21T18:37:06,/category/beverages,direct,True
43081342-e648-48ea-aff1-ef41dd33168a,fe1ef2c8-17e9-4560-bca8-d42ce43d899f,90e83aa8-f6cb-46a6-956f-6174d48106c2,2026-03-01T15:26:20,2026-03-01T15:34:20,/search,social,True
3e1bc9d6-390b-4f12-bb91-c313537bb44c,5e3636fd-a0a7-44c0-96e8-3d906cdbb119,087d3d32-8e23-4cd8-bc3f-020e7ffc7705,2026-07-03T18:25:27,,/,organic_search,True
97aa1fb5-ffa7-4546-b11d-d62a6c3d1ae4,,,2026-04-21T23:46:03,2026-04-22T00:06:03,/,paid_search,False
1ba2d8ac-75e1-49f1-897a-e22b08f1055b,,,2026-03-22T12:36:59,2026-03-22T12:44:59,/search,referral,False
866a7eb1-971b-43a3-99f7-e43dd48d5e91,,,2026-06-28T00:33:17,2026-06-28T00:36:17,/category/beverages,referral,False
8d106121-0c07-4d4e-884a-dc452bb8a14a,4675a031-3216-463d-8c4d-42ea1283bd56,6a02a663-072d-4e3a-9004-71c91ea03eac,2026-08-04T02:11:22,2026-08-04T02:56:22,/search,referral,True
63c203f1-6445-4e98-9861-7571b67d400c,,,2026-03-17T17:50:37,2026-03-17T17:58:37,/search,email,False
5ba86dae-f8a2-41ec-a6f7-8321d9dec481,,,2026-07-11T22:14:29,2026-07-11T22:17:29,/,organic_search,False
11716aa1-6e75-4ccd-a639-90c0b50ecf6a,8834bd0d-66fc-44cf-83bc-c787f024b078,b788da26-3d5f-431e-a94c-029713659fd2,2026-06-02T10:45:47,2026-06-02T10:48:47,/category/jaffles,organic_search,True
ca1c416d-439e-4591-a572-192ed03b1210,89c8f0cc-3bd3-4bf1-9560-ae8aad1315ce,c800122d-9dc9-4f66-9fa0-3d56adc6a728,2026-03-19T04:01:44,2026-03-19T04:04:44,/category/jaffles,referral,True
13502b21-c852-427b-853f-7bf1f205e5f3,,,2026-06-02T23:11:26,2026-06-02T23:14:26,/category/beverages,direct,False
e916c5a9-2b86-4d7f-9327-eb4018d19312,890861ac-5e77-4568-aaff-807b37e6f872,c3832612-a478-43ca-be7e-0a9abcf37b8a,2026-08-08T07:47:24,2026-08-08T07:55:24,/category/beverages,referral,True
52375a09-bc0d-4d7e-91af-7fb472cffb17,c502b1f4-b287-444d-b643-953150ebee0d,bc8400ee-ac31-43bb-a706-8f50d00c2111,2026-04-05T22:52:10,2026-04-05T23:00:10,/,organic_search,True
57e4f53b-14ae-43fc-819b-4f2ea9d3bcde,,,2026-05-14T12:21:49,2026-05-14T12:29:49,/,email,False
7590d413-a9b6-43b4-ad2b-839937cde203,0488eb84-da07-441d-ba11-055850946457,1e2af8aa-1f96-43ce-91f5-b3f9798a364a,2026-06-12T04:26:47,2026-06-12T04:29:47,/category/beverages,email,True
7dd2f689-21af-4958-b6da-2bbdc1b52cf7,b4413ac0-2fc9-4c91-b188-71c109d9be8f,d7e6c887-2434-4f6a-87b9-47b71b466f62,2026-05-15T16:47:35,2026-05-15T16:55:35,/,organic_search,True
24365cb9-f7c0-4a01-b41d-524c4d749737,,,2026-04-05T19:45:13,2026-04-05T19:53:13,/category/beverages,social,False
9a9e3a41-8f0a-4f5e-a2c1-41304d3e7deb,612533b6-7eaf-45a2-b9d4-06192ce5620e,339ee578-3f52-4249-a4ec-0287354cb074,2026-04-26T17:19:14,2026-04-26T17:20:14,/search,referral,True
009c5e0b-d3cd-4b58-ba0d-84afc29aa044,2ef2eede-fcc3-4c79-a843-4f5ae828d591,33dd6e95-3177-4254-af38-0682236e9996,2026-04-13T21:39:05,2026-04-13T21:42:05,/search,referral,True
36c9011b-2c03-4444-9a3b-13324692ef0c,249c5605-e2c1-49de-825b-aeef4ba19a9e,ef23ad0a-c866-4b70-9348-ea2a71e55bc8,2026-07-06T21:15:21,2026-07-06T21:23:21,/search,direct,True
9c5d4134-cea7-40c8-b844-576ea8108be5,,,2026-03-04T07:26:07,2026-03-04T08:11:07,/,paid_search,False
d7206025-1ea2-4fc8-adb6-181cf46d931a,,,2026-02-23T06:53:30,2026-02-23T07:01:30,/search,social,False
00fb813d-773e-435a-af78-1947b6fca864,2030e11b-f809-402e-8a1e-00aa3cb751da,10c1dffd-f4c7-47d0-aeb6-0d67541cb7f0,2026-05-11T15:09:28,2026-05-11T15:17:28,/search,social,True
d676767b-f369-4c3b-a20d-1e116c78b856,4d6ee3e3-9ec6-4c2e-9552-a75af6d19f14,,2026-03-07T11:44:06,2026-03-07T11:52:06,/category/beverages,social,True
ad19f23a-379a-45fd-b58e-c651ec9b5fff,,,2026-06-06T04:19:05,2026-06-06T04:27:05,/,email,False
a6a2eda5-0fb5-4f8d-980c-21aba6cdef1c,,,2026-07-17T02:00:49,2026-07-17T02:45:49,/search,email,False
a926fcef-ac1c-4ebf-a0dd-aed82736d364,dccd3e5d-2076-4fc6-aa79-87579e134ce1,81afcd4e-c0c2-42b5-bd50-8c224b39e4f0,2026-07-10T19:14:18,2026-07-10T19:34:18,/category/jaffles,paid_search,True
b30cf499-6e4f-4d93-afc0-7785655677c4,84f7f075-d17e-4662-a11c-bc80e28b12f5,e1b62caf-67c9-4f91-9029-4f9ad6a6984c,2026-08-10T23:44:03,2026-08-10T23:52:03,/search,direct,True
7d6ed684-b779-48f1-bda5-ec2cf9be6078,0e4dbbf0-e4a8-4015-9595-c0b9bec0f9e5,,2026-07-08T20:33:13,2026-07-08T20:34:13,/search,social,True
0195ba2b-c793-4e03-bbc4-5107b693bfd6,,,2026-03-08T22:53:05,2026-03-08T22:56:05,/search,email,False
31abe48e-0b43-480a-83f3-9b8904d7e1f2,aece6b12-b296-4a1b-991c-ab89ac207fed,,2026-06-17T08:29:37,2026-06-17T08:49:37,/category/beverages,paid_search,True
cda76cff-b561-4f4d-8f98-74419fa1313b,367f1e9a-938e-4d15-8ec1-50ce91fef6ce,2f0c827e-3521-4ad8-9c24-9dfc25f280e1,2026-03-04T07:15:36,2026-03-04T07:35:36,/category/beverages,paid_search,True
01f1a8c8-62b4-4e10-9096-918200564331,a0a83e46-f548-4a18-a79a-5ecdd85b6c8e,,2026-02-17T04:40:29,2026-02-17T04:48:29,/category/jaffles,paid_search,True
cacf283b-f4df-49f0-964a-4731c30897a1,,,2026-05-07T17:04:22,2026-05-07T17:07:22,/search,paid_search,False
cad98a80-ffb7-44e2-a0f3-e1bacac61015,,,2026-04-06T05:24:31,2026-04-06T05:27:31,/category/jaffles,email,False
6452ba70-1dee-449d-9c9c-dcf374df290c,,,2026-05-06T21:39:37,2026-05-06T21:59:37,/,paid_search,False
ad074e7e-e2e2-42d3-aeb6-a68f4f8f8894,,,2026-03-30T03:56:39,2026-03-30T03:57:39,/category/beverages,referral,False
7a571122-8d75-45fb-8a36-989b6660e9f1,,,2026-04-04T05:44:10,2026-04-04T05:52:10,/category/jaffles,social,False
7b10baf7-c609-41e1-aa78-9965c4a27af8,,,2026-07-02T22:14:41,2026-07-02T22:17:41,/search,referral,False
71a20f00-93b6-4b62-9a6d-7c389256e4f7,132425e2-d22d-43aa-a372-e3d9bfd77f8c,,2026-05-03T11:20:12,2026-05-03T11:21:12,/category/jaffles,direct,True
558a3910-a16a-4e8b-98c5-b097867c8a33,303bc5db-08d0-4431-b6df-29c80d0321da,59b15ca6-b9c4-499a-82ac-f59f00e967e0,2026-07-09T14:59:11,2026-07-09T15:07:11,/category/beverages,referral,True
78b68fb9-e3ea-4083-9f12-603cb6013736,,,2026-07-10T07:38:41,2026-07-10T07:41:41,/category/jaffles,email,False
28623b22-2844-4fdf-b72e-ceeaab7ffe48,6b9cd81e-126c-4c53-b6b5-575d78951256,b0530518-ea20-4d5f-b871-7c94cfbb5b65,2026-02-26T04:18:26,2026-02-26T04:38:26,/category/jaffles,direct,True
76d4ddea-f5a0-4531-8c8f-647b0b728c20,,,2026-05-22T11:46:40,2026-05-22T11:54:40,/category/jaffles,direct,False
ada87d82-a5c6-4d6d-9baf-c01390718a17,,,2026-06-25T08:22:25,2026-06-25T08:25:25,/category/jaffles,social,False
5100c121-0b4e-4c2c-9884-3143da71aee1,4423c47b-1f8b-4df4-bfe9-531cd8e6441b,6383ce7a-cf52-491f-9006-0bd7b1c01d99,2026-06-20T08:25:52,2026-06-20T08:28:52,/search,organic_search,True
287342b6-3727-49a9-9f5b-e14b903eb1e4,69731d27-9caa-46cf-8933-d01e29b20043,5c7ab260-42bf-40e1-aefa-ad98c85a3bbf,2026-02-27T13:51:32,2026-02-27T14:11:32,/,email,True
91fbf43e-2d1f-4470-8e73-9f38eeef98a3,,,2026-06-01T03:19:52,2026-06-01T03:22:52,/category/beverages,referral,False
9eb48295-5144-4b01-9a5d-6fcfb9f64d91,,,2026-08-05T14:16:46,2026-08-05T14:19:46,/category/jaffles,organic_search,False
dcf00fda-bbf1-4ade-bc97-0fe9169a3a4b,,,2026-07-20T07:26:40,2026-07-20T07:27:40,/,paid_search,False
74a29abe-9a12-4752-85ac-9cfbe84b5ad3,,,2026-06-05T09:41:22,2026-06-05T09:49:22,/,organic_search,False
5872a1a4-ec51-4916-95cd-e819ccbe8aa3,,,2026-02-25T22:23:43,2026-02-25T22:31:43,/,direct,False
e07b1698-0c7f-40a1-b437-0bb7251d1374,495a6541-1c93-4076-90e3-345d72d9c83c,7a296aab-76c5-4085-aa40-fe250e02acc9,2026-02-18T06:32:27,2026-02-18T06:35:27,/category/beverages,direct,True
f0e85d3e-c0c0-433b-809c-39fd180d97b1,,,2026-05-20T03:53:44,2026-05-20T04:01:44,/category/beverages,direct,False
f9df7b3f-5b4b-4d49-87a5-d50045a56046,,,2026-03-26T10:43:18,2026-03-26T10:51:18,/search,organic_search,False
782e7d04-7ef6-4254-9100-2c4929d980bb,40da201b-b0f6-453a-97ca-b9d61306ad15,,2026-05-19T02:12:10,2026-05-19T02:20:10,/category/beverages,social,True
219790ba-7dbe-4377-8edd-6c7b63b4d191,,,2026-02-28T21:56:36,2026-02-28T21:59:36,/search,social,False
fa7dcbaf-a17a-4335-bbbb-0927fd6b380a,,,2026-05-01T11:54:31,2026-05-01T12:02:31,/search,paid_search,False
2081efb8-ff9d-4dca-bb1a-e5b606865712,,,2026-04-18T03:19:54,2026-04-18T03:20:54,/,organic_search,False
e8bad45b-d67d-4594-aad6-31142af4e382,,,2026-06-15T15:59:40,2026-06-15T16:02:40,/search,email,False
712969fe-aa29-4067-acad-6c45fb580575,dcddb844-390f-4861-a4ee-0a32b75bb218,0115a250-4f4c-4313-986e-34c4437d223d,2026-07-19T20:40:10,2026-07-19T21:00:10,/search,paid_search,True
df03c3fc-0e35-4f1b-8096-cd2bb7a0dccd,,,2026-07-18T11:04:35,2026-07-18T11:03:35,/category/jaffles,organic_search,False
c9964cb8-954f-4a4d-8b7a-b6a2be2ecb23,8a77ab59-ae1e-4b71-ab66-66bda4615cfd,7aeea7fa-babf-4562-9d73-7f675e0ce73f,2026-05-15T19:37:39,2026-05-15T19:40:39,/search,paid_search,True
639aa8d2-ffb2-4b92-b513-c38b582cd6ac,4041ba09-7a39-4b37-9e0e-f39a765d9c82,0a5e6aec-944e-4670-ac64-ce83a2c2cbd9,2026-04-26T06:45:54,2026-04-26T07:30:54,/,paid_search,True
ba71ae02-07f5-4a2f-be4a-4de0dbf56068,3dc87d1c-7942-471e-b947-26b7ec78cedb,13c810af-311d-441a-b20a-e6ce7ab98b7a,2026-02-22T14:29:39,2026-02-22T14:49:39,/category/beverages,direct,True
41114fc6-1eae-490e-b398-a25dcde7a759,eccb6e23-700f-4b9e-803e-9c681f12dd9e,dcf5abb8-723a-4717-8d3d-967b3b347269,2026-03-08T12:40:37,2026-03-08T12:43:37,/,email,True
d6998f19-8248-4815-9ab0-4efd5fa62d07,d224c314-09b4-49c7-9490-53d3247615d2,a694a5cd-6aa6-4152-b73d-fb4b6e7b007e,2026-05-31T12:05:27,2026-05-31T12:06:27,/category/beverages,organic_search,True
967ee286-a8fb-4a63-a77e-48e262ff3b4c,4c11a926-7100-4d06-8910-5b0d5f3d7e9a,c2f85549-94cc-49ff-8945-6af8f962983f,2026-05-01T17:37:58,2026-05-01T17:57:58,/category/jaffles,paid_search,True
5485e3c9-5337-40e4-a38d-f0636c7d8f5c,72874237-a564-45ff-95cf-5fb3ab18e7c8,084bb72a-7e5e-4a1c-88a5-34c139e7d4b7,2026-05-08T13:40:45,2026-05-08T13:43:45,/,organic_search,True
4f975e6f-4a5a-4b17-a7ed-b073450c2a48,d6de888a-0aee-4f77-a7d4-daba8f0da415,,2026-04-19T10:36:49,2026-04-19T10:37:49,/,paid_search,True
c883e92e-395e-4a33-8d8a-f466bcb8bb07,132425e2-d22d-43aa-a372-e3d9bfd77f8c,,2026-04-25T08:58:52,2026-04-25T09:01:52,/,social,True
1cac1658-3ba5-47d1-a5cf-955eed2a07ce,d85d8387-2b7e-46a9-9f28-dad061a5fc01,a533ff72-cf1e-400c-a526-9ddb781d126f,2026-07-21T01:15:52,2026-07-21T01:16:52,/,paid_search,True
bda18973-f66e-41fd-804f-fa83f412d1fb,5b4df518-7c6e-4957-8906-e33505acee31,2911bcdd-46ac-47fe-a4f3-c926f0b2d014,2026-04-14T02:40:13,2026-04-14T02:41:13,/,direct,True
e7007a32-6788-4250-bcb1-66ea3f4b6304,,,2026-07-05T20:48:30,2026-07-05T20:51:30,/,direct,False
fd399070-aec7-4f03-9d75-773b73b81318,189edb91-3f25-4f32-bfb4-64bd4052cb1c,,2026-06-13T06:53:47,2026-06-13T07:13:47,/category/beverages,social,True
f7525851-b2ea-4a60-9874-49feafc958d5,,,2026-04-24T10:42:54,2026-04-24T10:50:54,/category/jaffles,paid_search,False
f6dc9be0-d57b-4cca-9c2f-67c22c88a97b,,,2026-02-22T12:13:17,2026-02-22T12:16:17,/category/beverages,referral,False
86590dcf-2bbd-46eb-aa35-9586a2a7196e,,,2026-02-28T12:43:07,2026-02-28T12:46:07,/category/jaffles,organic_search,False
bcb9f429-adb6-4138-9e2d-7f393123de83,303bc5db-08d0-4431-b6df-29c80d0321da,1d7445d5-fb36-49d3-86e1-b2c65a4dd249,2026-04-29T12:17:25,2026-04-29T12:37:25,/search,email,True
52360481-55ee-431b-b75c-a9c68c5a4f88,,,2026-08-01T04:37:52,2026-08-01T04:57:52,/search,organic_search,False
3495dc53-df47-45dc-b1c6-eb67738204a9,,,2026-05-04T07:25:28,2026-05-04T07:28:28,/,organic_search,False
47dc9aba-7e1f-4547-be77-ba2b5fa63275,,,2026-07-22T21:05:50,2026-07-22T21:13:50,/,referral,False
8c0833ce-1775-4630-88ab-560d9dd22674,8e5c2f29-44ce-4f60-b818-8b728f60b79b,d835030c-b514-45da-aabd-076b608023db,2026-04-02T19:43:08,2026-04-02T19:51:08,/,direct,True
dbb98d78-41ae-4ab5-a30a-afb467d27c4c,,,2026-03-08T05:20:40,2026-03-08T05:21:40,/search,direct,False
c7682f17-6b1b-43a2-a590-efd5f8dc5f7a,090fb913-1317-4169-b150-64e304451d38,68145b90-e552-4447-87bf-88a47cf8c46c,2026-04-27T00:49:19,2026-04-27T00:52:19,/category/jaffles,paid_search,True
ec068aff-e9b4-4723-ab66-c644577c13ce,d477b62b-46ba-4eaa-a26a-8e3d43ea5a28,216315e1-80a5-4a4b-a9ae-447ebad831c2,2026-06-07T23:29:07,2026-06-07T23:30:07,/search,organic_search,True
b5a439f1-3980-44c2-9a75-5b0b21819c0f,167ce993-af12-4071-a5cb-fb3f09045741,41ef0eec-7dc9-4471-ae10-b51e13907345,2026-04-27T03:29:17,2026-04-27T03:37:17,/category/beverages,paid_search,True
28ab87e8-6c68-40cd-90fb-6acf5bd3ecb6,359c05d0-e19d-463d-b3b4-43a0b4a3810f,a4f2e258-424c-4678-be39-3897c9d28ea4,2026-03-22T14:48:02,2026-03-22T14:56:02,/search,direct,True
27edae9b-6cb6-4ad8-8f28-dbf418a7b89a,,,2026-03-13T00:53:05,2026-03-13T00:56:05,/category/jaffles,email,False
545858a9-6a0e-4c7e-a71b-8b8af85ff48c,,,2026-06-02T10:54:20,2026-06-02T11:39:20,/search,direct,False
82f7ca0b-6dc0-46e3-ae55-a67e7a0700f5,,,2026-03-06T03:25:28,2026-03-06T03:33:28,/search,referral,False
62420a68-a454-44b5-a3a7-e023faddd70e,,,2026-03-28T15:11:35,2026-03-28T15:14:35,/category/beverages,direct,False
550a0c56-2941-4b71-901d-69cb6172e10f,0488eb84-da07-441d-ba11-055850946457,aa16a1b9-6f94-46d2-abfb-31c5e6675445,2026-04-06T17:00:41,2026-04-06T17:03:41,/,email,True
3987beae-18ca-4a5b-943c-e987707a7b05,ba2bf5e1-4b63-4bb3-b83a-f10438f84258,,2026-06-13T00:38:04,2026-06-13T00:39:04,/search,direct,True
25080556-2ed5-423a-92d3-d791b22abcbc,,,2026-05-07T00:13:31,2026-05-07T00:10:31,/category/beverages,paid_search,False
07992780-629a-4572-b3f6-db3b1f97e247,120d57b9-de14-4717-aefe-ab126645435d,2b774c67-3f8b-439c-91ec-2159ac991594,2026-05-10T10:53:34,2026-05-10T11:13:34,/search,email,True
52d85662-1c75-4e73-85dc-6452d8b04baf,6a49a618-20de-4b7a-af94-1b4afeb9a85e,9088b8fa-88a2-4349-b746-3a4d6ecfa711,2026-03-03T15:28:11,2026-03-03T15:31:11,/category/jaffles,organic_search,True
93961393-496f-479d-8be7-535f00b1f237,8c5628d0-6d15-4a6d-80f2-9c723e39ba83,12db0e63-03dc-4886-a389-ecd45a46878e,2026-05-16T00:44:42,2026-05-16T00:52:42,/category/jaffles,social,True
be600df7-d404-43fb-8338-0246d2950a10,,,2026-05-11T12:05:54,2026-05-11T12:50:54,/search,social,False
c50f1377-b3fc-4775-b647-f05d15d7f85f,,,2026-05-21T11:02:51,2026-05-21T11:10:51,/search,direct,False
51d83721-f27a-4f82-bc3a-d9be2f1dd0d2,f7989645-3a12-42f6-a926-2a7388aeb297,6764d05a-8b05-4ae0-af6b-8922b0af5132,2026-03-08T03:55:49,2026-03-08T04:15:49,/,referral,True
dc607d22-b8ed-45b8-842b-93a1856cd965,,,2026-06-07T02:06:30,2026-06-07T02:14:30,/,email,False
1e1b3bc6-a9e5-4f93-9f6f-bdf6fc6cf827,,,2026-05-14T08:30:04,2026-05-14T08:38:04,/category/jaffles,organic_search,False
4a2d84f0-25ca-4083-8887-561de4ad0a1d,,,2026-05-12T04:42:30,2026-05-12T04:45:30,/category/jaffles,direct,False
8e3bf159-eb3c-46e9-8026-73c2ff4c2f93,,,2026-03-18T07:02:48,2026-03-18T07:10:48,/search,social,False
f5c228b4-7226-4959-8a1e-c2015db1b6cf,,,2026-03-25T01:50:13,2026-03-25T01:58:13,/category/jaffles,organic_search,False
272080c9-29b5-4044-b48f-6daaeafac76e,0a34659d-f0b2-4bdb-bf92-759aea838e90,33c43360-a92c-44df-bfbe-0d45d5eb34d2,2026-06-06T06:02:21,2026-06-06T06:05:21,/search,paid_search,True
f7af557b-0476-4a4f-973e-6c005543d2c6,,,2026-08-06T00:55:42,2026-08-06T01:03:42,/,direct,False
dff5f218-7968-474d-88e3-9cb722dfc866,4675a031-3216-463d-8c4d-42ea1283bd56,6a02a663-072d-4e3a-9004-71c91ea03eac,2026-04-13T10:39:28,2026-04-13T10:47:28,/,organic_search,True
9b08ce63-14dd-45c2-a548-0dbd2a069bee,faae2750-9c1c-4c70-96ed-e845374e4e5e,,2026-08-08T10:32:16,,/category/jaffles,organic_search,True
0c68ad9c-3130-45bd-9daa-27563537dde9,,,2026-04-23T23:40:39,2026-04-23T23:43:39,/,social,False
a1c8bc76-53de-4055-a63f-5275e5297450,0f8ab48c-b1fa-4600-9712-1bc2a02d8f45,d5af949a-d060-4adb-92de-c581543972df,2026-07-13T10:54:04,2026-07-13T10:57:04,/category/jaffles,organic_search,True
6057fae5-afc4-41b2-be11-528fa9d97bac,,,2026-06-18T09:23:52,2026-06-18T09:26:52,/category/beverages,paid_search,False
fc44c99f-ade9-4eae-819f-c5992552cecb,4a81b4c3-9e04-4757-a7c6-3191447eadc3,dc7e04ac-9623-47b4-8dad-dc9733ac7a74,2026-07-10T11:49:14,2026-07-10T12:34:14,/category/beverages,direct,True
b2bda8bd-0299-4b4a-8e17-299b3b0cce7c,04edb858-b8d9-455a-a1f2-f236df11a91f,,2026-03-18T10:22:44,2026-03-18T10:42:44,/category/beverages,referral,True
658d07ac-1855-4a09-8602-37b015e5df9f,b998f134-9c6e-4e5b-9a37-d0d9dbc72f85,cb5d90ef-6c5f-4450-ba49-26e691b5b8fa,2026-02-24T01:42:48,2026-02-24T01:50:48,/search,social,True
bf921882-2ed9-451b-8ee8-6f1ee21557e6,,,2026-03-24T12:33:26,2026-03-24T12:53:26,/category/beverages,paid_search,False
37633362-656c-4d00-8779-ed8408e5093f,5960ff74-c2aa-4a55-9cee-c8f0532e2256,442ca4ca-a8b1-4c1f-a9f8-8b533d120479,2026-02-16T14:25:13,2026-02-16T14:26:13,/,email,True
4c96795c-325c-49cf-83e8-2842bc9ac8fa,,,2026-06-01T05:18:05,2026-06-01T05:19:05,/search,social,False
a97a6cb1-582b-40e1-aab6-d8bcb92965ce,2251b079-d6df-4d71-bd74-d2a00e841a9d,54ffb708-d316-48cf-ab63-d80a0bbfbabe,2026-04-07T21:05:28,2026-04-07T21:08:28,/category/beverages,organic_search,True
9fca790f-571f-42ec-980e-3bce322086b7,,,2026-03-01T03:50:41,2026-03-01T03:51:41,/category/jaffles,organic_search,False
1682d91a-fc86-4d70-b6e8-38b98829bda4,bb0bc182-b8f7-4f26-b794-dca522dd4cec,,2026-03-26T20:04:58,2026-03-26T20:12:58,/,referral,True
155198ff-2949-4009-bc15-f3f8893938d4,b8edba64-3db4-4841-8f8d-dc00dce6fb67,14e878b5-6531-45d4-a349-6efb1b1205e1,2026-05-07T13:52:12,2026-05-07T13:53:12,/category/beverages,direct,True
acbb05d5-cb64-46e5-923e-923220ef052f,faae2750-9c1c-4c70-96ed-e845374e4e5e,,2026-08-06T13:14:35,2026-08-06T13:34:35,/,referral,True
2826ed45-9fdc-4a5c-ac17-19f8e1fc7399,73b79064-9e0d-4b3f-87d0-6ab33593b492,5dfaed54-7f9c-46c7-a0c7-a3355fdb1692,2026-03-20T18:20:28,2026-03-20T18:21:28,/,paid_search,True
098decdd-ae90-4d1b-bf8f-8ea0b89367b1,122af8ba-58aa-4655-b297-e90d616f0bf6,7d973fa6-ed6a-4576-bb5b-c1d67a662055,2026-07-02T04:50:51,2026-07-02T04:58:51,/search,paid_search,True
48b5fe29-1910-4234-a239-4b68f3ab275e,8f06b288-f9eb-454f-adef-47f12b7572d7,16a0441e-29ec-4ebc-89f6-c62b4b60e3f2,2026-03-24T07:41:35,2026-03-24T07:44:35,/category/jaffles,paid_search,True
6455eb42-9226-45cc-9f27-b5e10fb03439,303bc5db-08d0-4431-b6df-29c80d0321da,59b15ca6-b9c4-499a-82ac-f59f00e967e0,2026-06-26T08:56:04,2026-06-26T09:16:04,/search,direct,True
236e0cfb-b7a9-43b2-a5a7-34df3765e51a,c64e9b29-2c3f-4a02-bf80-175c5a980c92,d9debfd2-b2f7-4d42-9dbb-9e094fe3e110,2026-07-29T12:14:27,2026-07-29T12:59:27,/category/beverages,paid_search,True
dbba7e7a-9ab8-4bbb-972a-96bcd00ef711,47334d60-a9ec-4cf6-8af3-a2d030a6062f,b66b9503-58cd-488a-a08d-a0c7ffea0fbe,2026-05-16T23:37:15,2026-05-16T23:40:15,/search,organic_search,True
929f7663-c9e1-4d45-b594-3c6a51e60100,,,2026-07-22T07:09:48,2026-07-22T07:17:48,/,social,False
0c83344c-c0b7-4a09-9ebf-1bc63bb3aef3,1069ad16-5cc8-4f60-83a5-08e7e0beeb5c,68aa3217-0ab6-4e84-8043-0a298d3d6cb8,2026-02-22T21:00:42,2026-02-22T21:45:42,/category/jaffles,organic_search,True
fd4e412e-3f84-4ea8-9ca8-ccab02a93bc1,a5781cf5-d32e-4370-b0f8-4f229bc0efa4,59320c71-5ab8-48f2-8624-064bcab18c66,2026-03-21T04:59:10,2026-03-21T05:02:10,/category/jaffles,organic_search,True
2be757ce-4a64-4f51-a351-26f99e67dbf2,b08f3b44-9c9f-407f-a89d-961068f5f58c,a3a25955-f48a-4151-a2f6-1032d20155db,2026-07-22T21:58:40,2026-07-22T22:43:40,/category/jaffles,paid_search,True
9845b1a5-b0bc-4a76-8757-d47143ab35c3,,,2026-06-09T20:38:05,2026-06-09T20:46:05,/search,social,False
199e5fb3-dc61-45aa-ad7e-501511ff104d,,,2026-04-05T23:05:22,2026-04-05T23:25:22,/category/beverages,paid_search,False
8f7a50c6-29ee-497f-b137-2c8d4be54dc7,,,2026-07-23T09:16:11,2026-07-23T10:01:11,/,referral,False
2d9fbe3b-f1c9-468d-baae-1f97bf281715,,,2026-06-29T14:29:30,2026-06-29T14:37:30,/,referral,False
81f6b131-b149-425b-9ae9-7ad3b5fc0b70,d18e4429-67b8-4ac0-8d74-6c1d026d15a7,a2162413-7dbc-42b1-848b-f91b64d65361,2026-07-11T15:09:19,2026-07-11T15:12:19,/category/beverages,organic_search,True
7975ffd8-18cf-47ab-a688-f75d6fec9aa5,4ba2a669-8d0b-4aef-96c0-aae24b7711ff,1a9559fd-ddc3-447b-8f6f-60930e0f79e8,2026-06-14T05:37:53,2026-06-14T05:45:53,/category/beverages,social,True
ccf42170-5a28-4a6f-81c4-fe762156e738,120d57b9-de14-4717-aefe-ab126645435d,2b774c67-3f8b-439c-91ec-2159ac991594,2026-05-27T18:23:18,2026-05-27T18:43:18,/category/beverages,referral,True
cd9ba4c8-5987-4673-ab13-5e55b9c54f42,43217606-3354-4bb8-b967-c358331d8375,6ac3df22-6f9f-4a5d-bfbb-fb7e9f025a74,2026-03-21T07:36:01,2026-03-21T07:56:01,/,referral,True
eb181d19-f575-4831-90bb-bbbacc1e1640,4fc0f100-7ad9-49a8-9620-f0e3a0e42a80,a252cd5a-0410-45c5-93d0-d9c2cf8d2736,2026-04-10T18:29:38,2026-04-10T18:37:38,/category/jaffles,paid_search,True
88e4e82a-cf88-44a0-944e-084a3f088167,69819ace-cccb-4f20-aa31-be439b1b8e2b,94295fef-e280-4e53-bdd4-032e854f0c37,2026-07-15T09:18:42,2026-07-15T09:38:42,/search,social,True
3fc05786-44e1-4970-aab1-089e482349a9,d23755ac-d315-4dfd-ae80-4fa042f7d833,bdc97b1b-66b4-4c92-8e67-f0034342dd25,2026-05-11T13:29:09,2026-05-11T13:32:09,/,email,True
c992cc86-8d31-4338-9c56-4379b15fdb24,,,2026-07-09T13:16:13,2026-07-09T13:24:13,/search,social,False
9b5e210c-603a-42c0-a44c-0930391ccd65,,,2026-07-09T17:07:32,2026-07-09T17:15:32,/,referral,False
ac42ff2b-e3a5-42e3-b6d9-59e3cc605d31,2609004e-90a8-450e-98f3-5ebc16841cd5,c49ecb77-4deb-4079-995a-ef3f1a641624,2026-03-07T23:19:28,2026-03-07T23:22:28,/,organic_search,True
68f622be-94a1-414c-8d72-bb4d8e7ac111,4acffd44-9d77-4c09-afdb-e7f93ee5518b,0beb0fb9-aba7-431c-a211-953e03a582f0,2026-04-15T12:10:03,2026-04-15T12:55:03,/category/jaffles,social,True
d18f3a15-9b6c-4e45-a8b7-438cd33aafe4,f4c4994a-5a77-4a2f-902b-4f69c22ccee3,2e335b8e-16ee-4bc4-baae-cffa5ac4534d,2026-06-23T15:24:25,2026-06-23T15:32:25,/,organic_search,True
7fa8065a-6b57-4d3f-8190-76417acfccb0,,,2026-04-04T20:57:31,2026-04-04T21:17:31,/,direct,False
81a57546-1b0d-463d-bf28-fe55cd63d663,,,2026-07-27T14:28:13,2026-07-27T14:36:13,/search,organic_search,False
c9ba7ebe-cb69-4d78-9af3-2cb35f2dc120,35292459-521c-4d3a-a786-3b68116663fc,de41e2bb-a6cd-4a2a-9377-c90dfb8aab46,2026-03-09T19:41:34,2026-03-09T20:26:34,/search,social,True
b9a516c2-7a26-45ed-9e64-7a3c063cc1ab,34a9dd73-95d0-45d9-a3fb-636e4e080a6c,6beb3fd0-630c-4298-a029-b3746562fe61,2026-03-01T21:41:35,2026-03-01T21:42:35,/category/beverages,email,True
fe24804e-5f54-4529-b2b0-88a5eb9ede36,e69b7e32-9292-400a-b228-b3ecc6727760,8958df46-aa5f-4d25-bbeb-f6da6bd8a22b,2026-08-14T00:02:45,2026-08-14T00:10:45,/category/jaffles,social,True
4cc6f281-c2b1-4ec4-aa37-1370f25290c0,bb9bad76-c7ec-4f36-842c-54c3bbb40467,5a1bf1f8-b588-49d4-8b24-c589419f749c,2026-07-21T16:52:22,2026-07-21T17:00:22,/category/beverages,organic_search,True
61d0dfd0-eaa4-4131-aca6-2e7641b316d2,,,2026-05-02T16:39:36,2026-05-02T16:42:36,/,paid_search,False
359d7eb6-024f-4b81-b7f5-ca66a9b3c54f,27e89b40-f32c-4604-8a79-6d1613bde382,,2026-07-16T14:05:50,2026-07-16T14:06:50,/,social,True
2b89ed50-2942-4b1d-af06-09b232e2fc1d,d4d6e685-70a2-49ea-b511-383a54d18cfa,,2026-07-26T05:40:44,2026-07-26T06:00:44,/category/jaffles,paid_search,True
adaf1e07-6946-489d-be2e-c2d6b77dc87f,,,2026-04-19T15:41:09,2026-04-19T15:42:09,/search,paid_search,False
c535cd8d-38f2-4fe0-9ae4-f7db5c6776bd,abf52e51-d999-45fd-a6b0-6a9cd018fb47,755bdae8-80a1-4157-bdc4-c25871fb255c,2026-03-16T23:16:05,2026-03-16T23:19:05,/search,direct,True
9b63ea0a-c3ad-4cbe-91e3-fc5f90463aa7,631f0e93-e48f-414d-b220-0c466b7fc584,20f03d15-046e-4e02-8586-da728be3732f,2026-05-27T18:48:42,2026-05-27T18:56:42,/category/jaffles,social,True
c5672e14-842f-4c16-a1c8-6f199a12b498,a43342bc-a956-480b-8ef3-7b28e61c9b9b,,2026-07-01T09:44:40,2026-07-01T09:47:40,/search,organic_search,True
71d0d250-63dd-4aaa-9d4d-7d97b897f59c,,,2026-02-23T12:02:35,2026-02-23T12:47:35,/,direct,False
5f2f7cb0-94f5-4246-b066-22726afd568c,,,2026-04-03T00:09:38,,/category/jaffles,email,False
25e486d2-d7d3-401b-88e9-2894c31edad0,d6ca3f18-6708-4e27-9196-8a2238aba9b0,57f5fc97-c32f-4db7-b5b1-85c3fd3f0664,2026-08-03T07:08:40,2026-08-03T07:16:40,/category/beverages,social,True
342b146e-1cd6-4618-b02b-b0405fe43427,d47a83f3-a765-4a20-b40c-e0993cf00e4f,515b8890-5a85-418a-a5ce-e08dcb8838ef,2026-03-01T10:50:54,2026-03-01T10:51:54,/category/beverages,paid_search,True
66b0ef34-5932-433b-8ab7-8c08d08f8101,08ed887d-1b8b-4850-a0ef-45b78a04e4d7,143f4480-2b99-4e3c-bd1f-63e076358195,2026-02-17T01:47:20,2026-02-17T01:50:20,/category/jaffles,referral,True
2d0c5f91-ad24-46d1-ba66-18458d229446,aef5051b-ee62-4974-994d-fbb200c5f89c,,2026-06-27T13:41:32,2026-06-27T13:49:32,/,direct,True
85a46ab5-2701-4f0c-9b5e-37512c5017a8,b08f3b44-9c9f-407f-a89d-961068f5f58c,a3a25955-f48a-4151-a2f6-1032d20155db,2026-07-05T04:00:29,2026-07-05T04:03:29,/category/beverages,direct,True
07b80ad4-291e-454f-a17b-583e84a32ea9,,,2026-06-17T17:18:31,2026-06-17T17:26:31,/category/beverages,referral,False
d5e3c65e-2329-4037-995b-8b19d4cf8e4d,,,2026-07-03T02:28:21,2026-07-03T02:29:21,/category/jaffles,referral,False
298ff81e-ce2e-429f-9e27-2497037e9a89,f5e8b3ff-659d-4bc9-bdc6-6b7fe343bcab,1957ff1c-dd2e-41d7-9ce9-a59d13a143ed,2026-04-13T15:13:59,2026-04-13T15:33:59,/search,email,True
2e09c056-092a-40ae-b95a-7b7c22188500,5bc10fee-ced7-43f1-91e5-597bd89faff6,f6f98dec-32d2-4d84-a8fe-ac30980b23d5,2026-05-11T06:20:55,2026-05-11T06:23:55,/category/beverages,referral,True
529ea491-e293-434c-ba6a-59efa02d2b00,723f776c-3ad0-4fa2-8177-a80f2cab59d9,932f2167-4897-47ad-a33e-5027269ead83,2026-02-24T15:29:01,2026-02-24T15:32:01,/search,social,True
7e9ae11e-e2d2-4647-81ad-8c62b28145bb,,,2026-05-29T17:09:12,2026-05-29T17:17:12,/search,organic_search,False
01a11339-bf73-4cd2-87dc-bb3208aa1080,2251b079-d6df-4d71-bd74-d2a00e841a9d,54ffb708-d316-48cf-ab63-d80a0bbfbabe,2026-03-20T11:36:45,2026-03-20T12:21:45,/,social,True
5d65598f-687c-4848-a087-5e11633ee37c,,,2026-03-28T08:13:27,2026-03-28T08:33:27,/,social,False
217a0e16-18e6-4ed1-a609-bfaa93eb71c5,5da6ee93-0365-4464-849c-cba666614c05,3d83ef70-9ccd-4ca9-9bc6-5a861a2732c0,2026-05-12T03:14:25,2026-05-12T03:34:25,/category/jaffles,referral,True
efa97bd7-c2c2-4224-8f59-44c87901fd01,,,2026-04-19T16:26:59,2026-04-19T16:27:59,/search,email,False
5b6bfa0c-4147-4e02-98f2-9672013fe88b,529867fe-75f6-4cd9-b913-543b3d6e583c,,2026-07-17T00:01:33,2026-07-17T00:21:33,/,paid_search,True
32dce745-0432-4b99-ae2e-d5fc25d24ca4,5a62f2b9-646a-4b84-b570-661ca33a139f,,2026-07-17T05:12:54,2026-07-17T05:15:54,/,organic_search,True
909830dd-4a32-4096-b13d-f56a013e6fc0,,,2026-07-14T19:50:11,2026-07-14T19:58:11,/search,email,False
650840a9-e1e7-42d9-915f-44c9573fd45e,,,2026-02-24T23:04:16,2026-02-24T23:05:16,/,paid_search,False
4d97cb0b-c2c1-43f9-be87-56072420095f,49a962c3-f4f1-4c85-accc-a1e3a243a202,1e59ca79-8c1d-469c-8892-641f4b74f965,2026-07-29T21:00:43,2026-07-29T21:20:43,/category/beverages,organic_search,True
40c879d2-e3d4-4221-84b7-b88d7aa1791e,,,2026-03-27T14:06:03,2026-03-27T14:07:03,/search,organic_search,False
117df815-35a4-4cf8-827d-b2dbcc1e7bf2,e9415456-41d5-4caa-84d2-e8a6d49cb1ae,9450999f-dd6a-4f23-be5b-5bafcf5d62b8,2026-02-20T07:53:15,2026-02-20T07:56:15,/category/jaffles,paid_search,True
485c53ce-6e21-4531-a129-2603d3fc3bfb,,,2026-04-01T00:59:15,2026-04-01T01:00:15,/category/beverages,email,False
f9784a94-ba52-4441-8871-114dba7a7487,961b1333-d41e-443a-9880-0b1c8c59e141,,2026-03-07T11:31:38,2026-03-07T11:34:38,/search,referral,True
e0400501-4ce0-452a-b6c3-d98d30008a69,,,2026-06-23T23:12:59,2026-06-23T23:13:59,/search,paid_search,False
0f53ca03-6130-4525-858a-c632eadfd876,,,2026-02-21T18:34:02,2026-02-21T19:19:02,/search,referral,False
69b6b33c-bd29-4207-b81b-f9938c5d99f1,58491188-36e5-4fb3-ab3b-514e78a270a6,8e39a628-f9e7-457e-bc79-3cb7f7a14ec5,2026-05-23T01:39:58,2026-05-23T02:24:58,/,paid_search,True
19bc8237-f673-4b4e-907f-ac33d6a64bbe,,,2026-05-01T00:06:56,,/category/jaffles,email,False
f819f971-cfb0-4039-9a3e-e7ce7874cd99,125d87d5-a36a-4f4e-865c-3122386e88ca,70f5d2aa-4605-49cb-a801-917c1c930056,2026-08-13T09:33:43,2026-08-13T09:41:43,/category/jaffles,organic_search,True
8f6e2374-e36c-4490-ab83-337840e18078,,,2026-04-21T06:11:31,2026-04-21T06:14:31,/category/beverages,paid_search,False
35749bd7-7ea1-44dc-a986-d74bdd32d119,2b4b540f-9423-4186-8164-4566e5e908f2,f1c33fd5-604e-4e8b-b30a-58157363c240,2026-03-29T22:18:44,2026-03-29T23:03:44,/,social,True
14613edb-e945-4914-a6a2-96a6e1bfaa05,,,2026-07-16T17:42:15,2026-07-16T17:50:15,/search,paid_search,False
3fc9ece3-b318-4a42-aefc-ba576048788e,fa6de1f2-ff8e-43ea-8da3-98d975b096da,d53bd7b6-06fd-4082-8b13-663c5ab7942d,2026-08-10T15:30:36,2026-08-10T15:50:36,/category/jaffles,direct,True
e6d15b1e-1fb0-427b-bc19-1abf7bedacf2,69731d27-9caa-46cf-8933-d01e29b20043,5c7ab260-42bf-40e1-aefa-ad98c85a3bbf,2026-05-27T02:24:00,2026-05-27T03:09:00,/search,email,True
b5a99932-11e7-43a6-9ae1-09b3a1358d1c,4b14013f-d7e7-44b8-a287-329bf6e298c3,,2026-05-05T12:29:43,2026-05-05T12:30:43,/category/beverages,organic_search,True
e6a95b7d-6ed1-4075-8d50-4a48cebeaea6,961b1333-d41e-443a-9880-0b1c8c59e141,,2026-07-27T11:04:11,2026-07-27T11:12:11,/category/beverages,email,True
4e176b51-7bec-4dc2-97a0-6dcc3f640962,1095b08b-dad8-473d-9ec9-bafeb20e71c9,7cc273a8-02d4-4e2c-8aed-04df61096feb,2026-05-11T22:30:25,2026-05-11T22:33:25,/category/jaffles,social,True
78a5e750-9314-4c28-bf32-d6db798b4e80,bd72d373-2261-4193-bee7-41d3bfd08ef1,5905bf64-ba13-4597-a6d4-872213dea4a4,2026-03-15T01:04:21,2026-03-15T01:07:21,/category/beverages,email,True
5ad34acd-3e32-4f34-bc9e-98b984697430,43086963-8392-432e-84e0-ef1902202b4c,4e8f79fc-4b79-4610-a0f3-a3c790991862,2026-08-15T21:23:35,2026-08-15T21:24:35,/category/beverages,direct,True
2e786424-0f44-4baf-a51e-50a2359eed31,f78c30cb-fcda-4209-9aea-0ae7ce4f7b81,8c6c4d6f-f362-48fd-af43-c06aa113b353,2026-04-02T19:20:28,2026-04-02T19:28:28,/category/beverages,referral,True
d7be3a45-c7a8-486b-9e93-34e941de0018,,,2026-03-02T23:51:35,2026-03-02T23:54:35,/category/jaffles,direct,False
582e8a53-9ce5-40b0-9c7a-d9b1b222c720,,,2026-05-14T06:21:00,2026-05-14T06:24:00,/category/beverages,referral,False
424909a4-aa18-47ae-ad33-be16dd02e1a6,cec4dd97-5c6e-415b-ba06-47dc8ef4570f,5e04c3fa-7c63-4a3c-a3a1-7ec783f5e558,2026-06-13T07:55:06,2026-06-13T07:56:06,/category/jaffles,paid_search,True
49587e9b-97cb-48bd-adbc-a97d20268b8d,,,2026-04-19T23:09:41,2026-04-19T23:29:41,/search,referral,False
ff1b5fc3-4455-4b36-b001-772f6594e89b,,,2026-06-19T08:09:06,2026-06-19T08:29:06,/category/beverages,email,False
3ce543b9-f449-415a-aabd-3a229caa1f0c,d6ca14b1-9b55-47f7-be97-787002ca26e5,387a8aa3-eacc-418b-8c45-09eda3873274,2026-04-20T23:16:38,2026-04-20T23:36:38,/category/jaffles,direct,True
96ae3b86-9f51-4c2e-bde1-c1432adf9d8a,,,2026-08-15T00:53:27,2026-08-15T01:38:27,/,email,False
2b2adfc6-5310-451b-9ac0-56130999af06,,,2026-08-09T05:56:46,2026-08-09T05:57:46,/search,paid_search,False
caec2c84-f22e-4bda-9433-ef3118111b7b,1435b563-f156-4cd8-9f3d-6224260e26a4,48a68736-82ab-4439-964e-84777ae694f3,2026-04-29T06:23:59,2026-04-29T07:08:59,/search,direct,True
0866b521-cb24-4724-9031-506b8dfb37a6,,,2026-05-13T08:31:43,2026-05-13T08:39:43,/,email,False
4856f68e-4e9b-4f45-806c-1f8c9edfbaca,77b903b9-c97e-44ae-8274-9dea7b101277,47fd745a-9379-49dc-817f-164715ea1f8f,2026-03-09T14:47:47,2026-03-09T14:50:47,/,organic_search,True
14bdb741-beb8-4e34-b593-d5f41f59601b,,,2026-03-17T17:57:46,2026-03-17T18:00:46,/category/jaffles,organic_search,False
733d8bd5-5306-4a0c-8c69-8d5493493d05,,,2026-05-07T03:48:13,2026-05-07T03:51:13,/,email,False
9da2c372-76e3-473c-92c5-86d0fee0ccb4,,,2026-05-05T23:51:44,2026-05-05T23:52:44,/category/beverages,direct,False
2f6ecebb-af36-42e8-af08-438ca7d03ce3,26ef1453-7eb5-4f13-9c8c-22a3f738d060,8b044b3f-337b-4f9b-a5c7-6ae6b53252af,2026-02-25T10:37:00,2026-02-25T10:45:00,/category/beverages,direct,True
2b33c404-2d56-4579-9ccc-f7b3be3105c5,,,2026-06-06T15:46:31,2026-06-06T15:54:31,/search,organic_search,False
cc32e15a-3eae-4a25-92b8-19b536a04095,17e24a9b-119c-4ea7-a53a-bb757c70ad0a,b4e16670-1fb1-4100-8ea4-3fbf204af2c7,2026-05-14T12:46:23,2026-05-14T12:45:23,/category/beverages,referral,True
8b4405c1-88cc-4064-b03e-bec88ff3be61,ce5ac3ba-cbec-4482-816e-1ee6def437e2,8558c2ab-de38-47dd-8cde-1888b5633055,2026-06-01T13:50:07,2026-06-01T13:53:07,/,email,True
6655042e-8bec-44c7-b6b9-cc1389ea9107,,,2026-04-07T20:57:05,2026-04-07T21:00:05,/category/jaffles,email,False
d4f6ec86-8eb8-4b4b-9dbd-f0ea5fe172b5,,,2026-08-10T05:25:15,2026-08-10T05:45:15,/,referral,False
d020e617-5a83-4441-8647-a48136f03513,,,2026-03-08T06:58:43,2026-03-08T07:43:43,/,direct,False
59d3881a-f585-4a07-8bc6-1b403ca821b1,,,2026-06-05T09:39:00,2026-06-05T09:40:00,/search,social,False
6118ecab-9b11-492a-ad36-839cba02fb1a,,,2026-04-23T14:45:26,2026-04-23T14:53:26,/category/jaffles,email,False
2ca176ec-8770-4ad4-a88e-9fa200ed797a,,,2026-08-14T20:26:06,2026-08-14T20:29:06,/category/jaffles,social,False
054fe8fe-1bec-43f8-8a5a-0b44819ef01b,,,2026-07-30T09:06:47,2026-07-30T09:51:47,/,referral,False
b4f8aa4c-c6b1-4497-b73e-22f2a77f1755,d23755ac-d315-4dfd-ae80-4fa042f7d833,b4c6a34e-e45c-4b70-ad77-7f7938156ad5,2026-04-28T00:05:09,2026-04-28T00:50:09,/,email,True
c84d388e-6789-4b45-99ee-82510e7f7ae3,e83c866a-6830-4488-8842-ce77146d8d41,98985dba-2610-4deb-ba9b-e5fb7a11c747,2026-05-20T21:45:22,2026-05-20T21:53:22,/,paid_search,True
3df818a3-07a8-402a-9eb5-8e16b7ae8395,49421d99-2baa-4a3f-bbff-4e4d4e0062aa,0fd2e3bb-c702-4bc4-8bf3-963a7cabb03d,2026-05-03T11:05:03,2026-05-03T11:06:03,/category/jaffles,organic_search,True
29594f6e-05c3-421a-8339-61b76711ef59,19fee9df-73a9-41e9-9777-18d2a79ab8b4,46a024f0-807b-484f-9c21-e6b947c56755,2026-03-24T19:13:49,2026-03-24T19:33:49,/category/jaffles,email,True
61f1485e-d572-4066-839f-0dff84989ee6,ea224baf-b892-4ba2-b9f3-d14cc512820c,ab525fd4-51bd-408b-9e9f-a2431b19b837,2026-03-13T18:00:21,2026-03-13T18:01:21,/,direct,True
cb18976e-3bd9-482b-86af-8e848c1a42ff,7b4010bf-8e77-489c-83e9-0056299e9429,20835b66-c7b6-45c1-9a38-c247c23e5e32,2026-06-18T09:47:20,2026-06-18T09:48:20,/category/jaffles,organic_search,True
70b3fe9f-d6c3-4daa-989f-4e35dd2c8939,,,2026-07-21T11:42:54,2026-07-21T12:02:54,/,organic_search,False
c3eabf64-81fb-40ea-939e-296f308b2c5c,3f78077b-93c7-4c4e-8976-f16cb11cfcfc,d44418e3-ec9a-4352-a8a7-26a1aa5e68fd,2026-07-31T01:56:03,2026-07-31T02:04:03,/category/jaffles,direct,True
986e10c7-e573-44c8-b5b5-d09fb90b15ea,cd709ef0-753a-4968-b981-ab264708b37a,8a52aa31-1515-4930-a8be-b4a5698a6b7c,2026-04-06T04:52:05,2026-04-06T04:55:05,/category/beverages,organic_search,True
9afbda64-8cd4-48f8-be6f-bcaa6b1ba25d,672a02fc-236c-4c57-9ef9-218b783ce0e3,a835a226-fcc9-44a1-897c-4cdfbd45b507,2026-02-18T04:21:44,2026-02-18T04:24:44,/,referral,True
1ab21085-7aec-41d1-ad36-70092a18f7c3,8639eac0-9cd8-4fe5-9e10-8526a16018d1,bd1663ff-6741-4f42-81d1-2b1058b6c72f,2026-04-26T15:49:16,2026-04-26T15:52:16,/,social,True
e006fdcf-915f-476e-9b2e-478e337e161e,,,2026-04-03T11:23:53,2026-04-03T11:31:53,/category/beverages,direct,False
5945026d-c1b3-4a52-b213-bb7ca19b0aa1,,,2026-04-18T04:48:27,2026-04-18T04:51:27,/category/jaffles,direct,False
8543dc4f-df3e-431a-96f3-a327e555851e,,,2026-03-14T11:30:27,2026-03-14T11:31:27,/,paid_search,False
8587cc7d-262e-40de-be13-e91385f2f9da,d224c314-09b4-49c7-9490-53d3247615d2,a694a5cd-6aa6-4152-b73d-fb4b6e7b007e,2026-02-24T17:20:30,2026-02-24T17:28:30,/search,email,True
900a0f53-fa4b-4501-87d0-647c174a256d,,,2026-03-04T04:54:36,2026-03-04T05:14:36,/,direct,False
3483e7b9-7eb1-4fac-a167-e014d032547c,543b48b5-22b5-41e4-8e3c-704fc8f03e8d,e9323ae2-1d2a-472a-ba43-35f93f73fe73,2026-05-08T10:55:42,2026-05-08T10:58:42,/,direct,True
5b3dda2a-38cf-4576-a69d-d07f6788eaa4,,,2026-07-30T12:57:47,2026-07-30T13:05:47,/search,referral,False
68bbe3df-0f83-4134-bd2b-fe5702ae3d79,967d3e2d-8b15-4f43-a6b5-d1dd3934707d,,2026-05-07T18:36:29,2026-05-07T18:44:29,/,social,True
2553e591-7e71-4030-9b78-36698bab0da0,,,2026-02-19T17:55:01,2026-02-19T17:58:01,/category/beverages,organic_search,False
a48fd2da-0201-4b5f-93e4-00289c7d834a,58491188-36e5-4fb3-ab3b-514e78a270a6,8e39a628-f9e7-457e-bc79-3cb7f7a14ec5,2026-04-13T20:42:55,2026-04-13T21:27:55,/,email,True
ba484c96-ba19-46e3-9d1c-cbfa2e0c0920,0e7b96a0-3300-42a0-b46a-0376d91610eb,,2026-04-02T23:44:05,2026-04-02T23:47:05,/category/jaffles,email,True
20bbf96d-c0e2-4b5a-8043-8c8f88f9c724,,,2026-05-04T02:55:33,2026-05-04T03:03:33,/category/jaffles,email,False
241368ac-5ed3-4a46-aea1-c116ce7626f1,,,2026-05-23T18:20:53,2026-05-23T18:21:53,/,email,False
d99b9300-2084-4f33-9906-017a3202a846,,,2026-06-27T12:44:21,2026-06-27T12:47:21,/category/beverages,direct,False
f763e6b1-ba91-4459-a9db-62933fe59ac9,11498734-cebc-4784-a055-6bd08a18f1dc,07da2f12-ae4b-40ce-aed3-26bea269f49b,2026-07-15T10:46:43,2026-07-15T10:49:43,/search,organic_search,True
b40416a5-eceb-4a9c-91f1-27e8c2a64ba1,b418aed1-0951-4085-9fe4-e750e7fe45f9,87ac1896-2e56-4c65-a488-885114d5545f,2026-05-31T02:49:38,2026-05-31T02:52:38,/,referral,True
8dcbc786-9887-4361-8f8d-daac07b6f0e6,,,2026-04-05T06:24:33,2026-04-05T07:09:33,/search,direct,False
c8f2c6c3-c823-4866-908d-0ce2353fcd64,4ed3232e-6117-4b38-9d59-265a217c91cf,66861ee8-506c-404e-8089-ee390c6948f8,2026-06-27T10:50:43,2026-06-27T11:10:43,/category/jaffles,direct,True
6c5d7bcc-fee4-4cca-87c8-d5bbff4dd869,7fcd9f31-c0cb-4414-9981-9d014f593081,77b4b5ec-40ed-4b84-b950-9acd6083b593,2026-05-27T02:54:37,2026-05-27T02:55:37,/category/jaffles,email,True
bdefd027-189f-4504-8438-b4ea52e5df41,33d208d7-91f2-4d70-9f75-c1bf87481c15,297fc3b0-5016-4a47-8d40-b1060bc64517,2026-06-06T05:42:53,2026-06-06T05:43:53,/,direct,True
d7351f67-b09b-4490-9887-d13126124bcb,33d208d7-91f2-4d70-9f75-c1bf87481c15,6b468906-8b50-4076-bfa4-a1ade235057b,2026-05-17T06:59:36,2026-05-17T07:00:36,/,referral,True
aa58bd01-0c37-4fdc-b8a4-c66f70bfe372,495a6541-1c93-4076-90e3-345d72d9c83c,7a296aab-76c5-4085-aa40-fe250e02acc9,2026-04-09T19:03:26,2026-04-09T19:48:26,/search,direct,True
99c55641-7fc3-4d51-931e-b00bf9c26a96,,,2026-04-02T19:11:45,2026-04-02T19:14:45,/,paid_search,False
8eeaedab-1a6d-4120-8c0a-d501a8a98cf3,,,2026-03-17T22:27:19,2026-03-17T23:12:19,/search,referral,False
f79cef98-5e18-4d8a-a2c0-093927fd57b6,dec2b1be-3447-4044-b4e3-17848dfd390e,abd23fa4-88f7-4102-872c-7fb740c0e95c,2026-04-16T05:23:13,2026-04-16T05:26:13,/category/beverages,direct,True
2e0ab82e-63ae-467b-b91b-3594f3d315e1,eccb6e23-700f-4b9e-803e-9c681f12dd9e,dcf5abb8-723a-4717-8d3d-967b3b347269,2026-05-27T06:35:26,,/category/jaffles,social,True
2c3a1041-1bb4-4354-9b48-20eac7fa6e06,ef097aa6-f4d9-4c16-bc17-a7cc87116f35,27973997-b20d-4ce8-a1b4-c365e7c7ab00,2026-03-02T04:44:21,2026-03-02T04:45:21,/category/beverages,social,True
a7f10510-4d9c-4545-8d1b-bacca46615ec,84f7f075-d17e-4662-a11c-bc80e28b12f5,29d1acd3-ceb1-4313-ae74-754488b73588,2026-06-09T11:55:26,2026-06-09T11:56:26,/,referral,True
494364f7-1014-4435-95d8-6684cc32b253,,,2026-07-05T03:15:44,2026-07-05T03:16:44,/category/beverages,organic_search,False
c4a7367e-782e-4493-ad3e-6a6fdfb2b286,,,2026-03-21T01:42:23,2026-03-21T02:02:23,/category/jaffles,direct,False
6ffe98be-d4f4-4f76-a818-ceb4c07504ee,7532eee7-0f38-4249-9459-e40b83d75db2,,2026-04-04T02:59:12,2026-04-04T03:07:12,/category/jaffles,organic_search,True
5c443afc-4158-45c6-a601-0499301c9d40,,,2026-07-31T22:13:03,2026-07-31T22:16:03,/category/jaffles,social,False
701fd7c5-647b-42f6-8b26-9e5a0ef49b4b,,,2026-04-13T17:52:56,2026-04-13T18:12:56,/category/beverages,social,False
214f6149-b8e2-431d-9b04-a89b6f8173b4,,,2026-07-08T10:44:39,2026-07-08T11:04:39,/,email,False
2f67d6ee-81fd-41d7-9f35-45c69cc2e73c,3b0faafa-80d0-490d-bdd0-fe1f13d22058,47ffdd1d-2681-4250-a5a0-14185077a5a1,2026-06-02T18:06:38,2026-06-02T18:14:38,/search,organic_search,True
67d46c21-9e7e-46d8-900d-b0ba93807b3f,,,2026-03-07T01:54:09,2026-03-07T01:55:09,/category/beverages,social,False
94475e2d-acbc-4d83-9ab0-1a2a1f9eb363,,,2026-07-27T11:57:59,2026-07-27T12:00:59,/search,paid_search,False
fca3ce8f-ab75-4cdf-99e0-e3116e221891,3f13d579-3df8-478c-b978-eec7255facfa,454cedd1-a058-4017-847c-0b0907587eaa,2026-07-16T02:40:27,2026-07-16T02:43:27,/category/jaffles,paid_search,True
f7c13b7e-8a00-49aa-9767-3e119001bd77,,,2026-04-03T01:51:46,2026-04-03T01:59:46,/search,paid_search,False
10614b59-5e36-44de-b6f6-3aa75993838e,,,2026-03-02T00:34:52,2026-03-02T00:37:52,/,social,False
2b1abaea-a0f6-4de7-959f-814b48d1d2ec,,,2026-06-25T04:08:13,2026-06-25T04:09:13,/category/beverages,email,False
4ba37c95-55b8-4fbc-9f75-904d88c6d813,f962820d-d110-4903-9fbd-86a2ba5a9687,527f8c22-4cd0-4c48-8621-f90e23545550,2026-04-01T16:24:29,2026-04-01T17:09:29,/category/beverages,direct,True
c8120d15-998f-4b97-be61-ec669021dcae,,,2026-02-26T18:21:22,2026-02-26T18:29:22,/category/beverages,organic_search,False
834af0a0-349a-43e5-9ae8-e48b808726ba,41db9c8c-af73-46c6-b7aa-64cee86dbe41,4459ba0a-6112-4132-8322-c33d585bc645,2026-04-20T21:37:05,2026-04-20T21:38:05,/category/jaffles,email,True
beb8c921-0270-4c94-bfc2-9a9d7da859a8,,,2026-04-09T10:12:59,2026-04-09T10:15:59,/category/jaffles,email,False
5e5b4bab-ccd9-4bcb-8648-5cab4071f6cc,,,2026-08-12T06:19:49,2026-08-12T06:27:49,/category/beverages,email,False
42b28f2e-e361-4c70-973b-e96f49ec7852,2ffdab76-6ec7-4dce-bd58-e9b2f6da991c,a8cf00a3-4be9-4f5d-8036-73fbd93c6e1e,2026-04-19T02:59:07,2026-04-19T03:44:07,/search,paid_search,True
ae3ad900-0428-4576-aa7e-688f7094cc44,153f6ea8-c8e7-4bfb-8273-72ac137733ea,,2026-07-03T21:36:52,2026-07-03T21:44:52,/category/beverages,paid_search,True
32ec0fa2-ff3d-472f-9927-eec660e4bd25,a5781cf5-d32e-4370-b0f8-4f229bc0efa4,59320c71-5ab8-48f2-8624-064bcab18c66,2026-07-18T00:28:53,2026-07-18T00:36:53,/category/beverages,referral,True
3fee2387-6398-4be1-9bd7-192bf6b7089c,,,2026-02-25T09:06:12,2026-02-25T09:09:12,/category/jaffles,direct,False
cfa58073-765d-4a02-b247-e3979fc50948,6d622f69-5cf8-4eda-b7ff-4f57f0e66237,37ded67b-46c7-4d32-9901-f4f90b17897e,2026-07-03T04:26:47,2026-07-03T04:29:47,/category/beverages,paid_search,True
854c7471-ddba-4a5f-8ecf-2565a3763073,670a79a3-05fc-4a33-8b9d-1b6df80347f4,3d6853b7-98f6-423f-99ec-b96a2fc0c2fd,2026-08-15T21:19:24,2026-08-15T21:22:24,/search,social,True
066cce4a-1478-4a5c-bccd-e8ec4a1209f4,,,2026-05-09T17:49:57,2026-05-09T18:09:57,/,email,False
5479d567-cdf6-4b38-9764-9a824b961202,40353a67-5df0-44ca-9c10-b42fab44c6f3,79d55c32-229c-4507-9b67-96e7c26df6d6,2026-04-02T02:48:18,2026-04-02T02:51:18,/category/beverages,referral,True
21bb09f9-81a3-47b0-befb-01a2aaacf816,9eac28b8-2264-4e48-9c2c-b3f7384bc20a,,2026-05-11T09:24:37,2026-05-11T09:44:37,/search,organic_search,True
4ac8213d-8305-4d34-814c-7af711564605,,,2026-05-21T19:08:09,2026-05-21T19:11:09,/,organic_search,False
5d1d2786-8ff0-4556-a92b-b98f56a3b59f,6aff094b-52ed-46fe-8904-5752ec7e76ec,ea11efa7-6c73-4b46-b518-caa750bd6990,2026-05-30T22:25:22,2026-05-30T22:28:22,/category/jaffles,paid_search,True
af608036-ab43-4a0f-94b2-e023ae2b696f,3870073a-f764-4a2b-bc64-18e4569bf784,a7066825-d3cd-430b-ac17-8108934afe50,2026-08-05T00:37:15,2026-08-05T00:40:15,/,organic_search,True
c4bddea8-97c3-47e1-a5d9-88010b4d2bf8,2ffdab76-6ec7-4dce-bd58-e9b2f6da991c,a8cf00a3-4be9-4f5d-8036-73fbd93c6e1e,2026-07-26T16:47:36,2026-07-26T16:48:36,/category/beverages,social,True
baf8f6a4-dcb4-4115-a927-c44c5ae5f421,,,2026-03-02T21:01:14,2026-03-02T21:02:14,/category/jaffles,organic_search,False
717bb069-1710-4054-b6cc-f5cc35bc557b,,,2026-03-13T05:52:34,2026-03-13T05:55:34,/,referral,False
6ba5f122-a4af-4329-89f6-f2bc9e3e3207,90b6264d-1278-47c8-a418-6498aac365ba,e354b367-d973-4de3-a3a1-3a37c6f80c15,2026-07-08T10:27:29,2026-07-08T10:47:29,/,paid_search,True
18ae7a6f-e0c6-4606-ab26-75e059c509dd,f0496969-2829-4c93-834d-07ef9042cd86,664342d8-e9fc-48ae-8cba-3af24a47670d,2026-04-16T10:45:18,2026-04-16T10:53:18,/category/beverages,referral,True
4984983c-3f90-4fec-8e89-395076ec86c2,2ef9867e-e76c-4d07-8089-7935ba03ca03,c18637ec-2f8d-4f2b-afe9-a6d02c1d943d,2026-06-11T17:48:26,2026-06-11T18:33:26,/,organic_search,True
5a42c5b9-ee08-482c-b20a-e1e3ff015343,5ed25035-4723-4154-823d-a8c8b4c02e51,,2026-06-07T14:19:35,2026-06-07T14:27:35,/search,organic_search,True
ca3d70e8-0950-4ccc-b557-9681f3b085e8,90b6264d-1278-47c8-a418-6498aac365ba,e354b367-d973-4de3-a3a1-3a37c6f80c15,2026-07-16T00:17:38,2026-07-16T00:20:38,/,social,True
7e937df9-dd78-429e-b020-f50e021c395e,0a34659d-f0b2-4bdb-bf92-759aea838e90,318575e5-f6c8-49e5-948f-423b4c9fd40e,2026-08-08T19:58:54,2026-08-08T20:06:54,/category/jaffles,email,True
bb86db5e-71c4-4740-9e26-d260ff4d87ef,,,2026-04-02T11:03:32,2026-04-02T11:11:32,/,organic_search,False
37b29bae-6b0f-438f-aeb5-971856c1627a,,,2026-04-30T10:08:08,2026-04-30T10:11:08,/category/jaffles,referral,False
26bea8ac-0021-49d1-bccb-23e39905a506,e4d6980c-4b68-4255-97a5-2540f5ef35bc,296c79ad-ab79-4156-8cc8-338763e1bd67,2026-03-21T03:49:20,2026-03-21T03:50:20,/category/jaffles,paid_search,True
b976aa9e-4d4e-4f99-b490-72ed3d43e2c5,,,2026-03-02T21:54:26,2026-03-02T21:57:26,/category/jaffles,organic_search,False
ce09ac05-9e45-43fa-a941-ba3a511cfbfc,21c61b96-d053-45f3-9730-c3483fe288d2,6bf04c7a-da5c-48af-9868-30758514e265,2026-06-27T18:06:28,2026-06-27T18:07:28,/,social,True
01219d87-47da-4b65-8997-25fbe762acdc,ac4632eb-3a22-4956-896e-0a3899a647f1,eb34e33e-7d13-4068-9090-07f1dbd29747,2026-03-01T03:08:02,2026-03-01T03:53:02,/search,referral,True
6c7a0f6c-be33-4a74-8ef6-64783f3410a6,,,2026-05-26T17:11:51,2026-05-26T17:14:51,/search,direct,False
feca6578-5901-4452-bc3a-3c084aefc3d6,f285aab8-56d5-40ad-92f1-61b0a4498890,4e7daf0d-d53e-4e0c-9d34-d8b2ebfade78,2026-02-22T12:16:40,2026-02-22T12:17:40,/search,organic_search,True
1ea4d364-1064-450b-b7a5-53edf736c9f9,,,2026-08-06T07:51:28,2026-08-06T07:54:28,/category/jaffles,direct,False
28c9a92c-203a-437e-8017-565aa73cf161,,,2026-03-20T06:02:36,2026-03-20T06:47:36,/search,direct,False
bb8790c8-52ec-4f94-acbf-016f1571bd47,2347081e-7ae5-4085-a0d6-d1f551721f69,,2026-05-14T12:32:31,2026-05-14T12:52:31,/category/beverages,referral,True
fb49ab09-a3e2-469f-a551-0f2da0e4cabf,8d5fa184-5966-49ce-b3e7-4acfaba98bfd,d170d990-9d2a-44b7-af6b-62d8ef0a894b,2026-03-18T02:26:05,2026-03-18T02:27:05,/category/beverages,direct,True
babd8805-e6bf-46f2-bada-332431d09cdd,94638355-4830-4837-8708-12531dc89dbf,2e22f1bc-dfe7-4c98-b574-184682ed5137,2026-07-05T16:45:02,2026-07-05T16:48:02,/category/jaffles,referral,True
0455ac0e-3bbc-4140-a5eb-202e16bf4aad,ffd40778-a37e-453c-81d1-9a769cac4692,,2026-03-20T00:08:14,2026-03-20T00:28:14,/category/jaffles,direct,True
3a9427ec-b2a6-4e20-8c90-b7627d266686,eccb6e23-700f-4b9e-803e-9c681f12dd9e,dcf5abb8-723a-4717-8d3d-967b3b347269,2026-05-09T17:21:25,2026-05-09T17:29:25,/search,social,True
3fe0d511-0668-4f10-9b62-53409ea5fd83,d47a83f3-a765-4a20-b40c-e0993cf00e4f,0841e154-d817-45e0-902a-36b872242721,2026-04-02T02:20:29,2026-04-02T02:23:29,/,organic_search,True
5a368062-76e5-4917-8ec9-372fa8fb3da5,,,2026-03-16T15:57:39,2026-03-16T16:00:39,/category/jaffles,direct,False
d7231534-6f94-4334-87d3-1f77cae52604,caa8f40a-63c6-4789-87ad-05b99d694a15,395463bc-654a-4ea5-8f0c-ded9b52bab57,2026-04-29T07:54:18,2026-04-29T07:57:18,/category/beverages,email,True
0613eb9b-66ab-492e-bc26-71331d4025de,,,2026-06-14T10:23:44,2026-06-14T10:31:44,/search,organic_search,False
42d19f1b-3578-45ff-80b5-9b3925b48cd1,1380e029-b899-4413-a8da-0741720a6a06,b5ef7d00-95e0-40a3-bca1-8cdaec5f09c1,2026-05-30T14:42:32,2026-05-30T14:45:32,/,organic_search,True
000b99f9-84f8-4ea1-ade0-b3b8603a3a7b,6d83b2dd-2590-42ba-8d66-d65101b1a517,3217400c-b565-42f8-9e83-4a6989f5fa98,2026-05-29T08:58:39,2026-05-29T09:01:39,/search,organic_search,True
7250f30d-7486-4153-91fb-28666484f8f1,f24f29fa-33e9-41e2-8965-ac4e39be3919,65256166-ae24-4ac0-9c62-2776d9465e6a,2026-02-17T15:47:13,2026-02-17T15:55:13,/,direct,True
a8a13d68-96ac-423a-b121-f871f350b4a7,05f69a50-2703-4591-a792-14e2e5994b43,,2026-02-22T15:12:38,2026-02-22T15:57:38,/category/jaffles,paid_search,True
c3356f0c-56b5-4b41-92e2-2f2034537ef2,,,2026-04-23T09:01:48,2026-04-23T09:02:48,/category/jaffles,organic_search,False
67952c6f-ad01-49d2-8d5a-31b24244623e,bb9bad76-c7ec-4f36-842c-54c3bbb40467,5a1bf1f8-b588-49d4-8b24-c589419f749c,2026-06-10T01:11:39,2026-06-10T01:19:39,/category/beverages,organic_search,True
f62b1845-6129-446a-833d-5cc2eec4c23f,961b1333-d41e-443a-9880-0b1c8c59e141,,2026-04-14T02:28:07,2026-04-14T02:31:07,/search,paid_search,True
81ee7259-c660-479d-93da-6ba8d70a115d,388a03fa-6bff-4153-afbb-2349b43c876e,c72d7e8b-a163-4d7b-ab8d-dcf358303179,2026-03-08T07:42:42,,/category/jaffles,organic_search,True
d48c4178-370c-4065-a2a3-4bc99d67abd6,26ce484a-a527-4fe1-903f-2809a03fd21a,06e36b96-8ea2-4ad5-95ac-66e0f7bee2b4,2026-06-15T22:12:53,2026-06-15T22:15:53,/category/beverages,paid_search,True
37b45efb-01fb-438d-923e-2290433974e5,7aa35447-7686-43f7-bb98-14b1bc5fe250,4f530574-4b1d-4167-bcb5-e47bd6e1370e,2026-03-19T22:34:03,2026-03-19T22:35:03,/,direct,True
7056015a-1276-444c-9d0d-639d7c7fde71,,,2026-04-01T16:23:54,2026-04-01T16:31:54,/category/beverages,social,False
0da21cf8-d981-4c66-be91-14248bc2cb18,b0da7a9b-77d7-407d-8506-51705503fa05,14fc8c14-32b1-439a-816f-788d6c06b407,2026-08-15T23:57:09,2026-08-16T00:00:09,/category/jaffles,email,True
3c7cc8f0-b28e-4135-971f-6aacfd420951,adf0d9db-c6a0-4226-a93f-30482ccd9d28,627033d4-418f-4008-a3ba-1c3fe1c5f104,2026-05-09T20:45:57,2026-05-09T21:30:57,/category/beverages,paid_search,True
cb90247e-75d2-430e-a85e-f09630288f44,848485f0-198f-4efa-8335-707db71a7434,,2026-07-26T11:14:06,2026-07-26T11:22:06,/category/beverages,referral,True
c3283699-7f1c-4774-8287-643cda067a81,,,2026-05-15T16:01:20,2026-05-15T16:09:20,/search,social,False
428c1ba8-816c-44e6-8055-c9602efba435,670a79a3-05fc-4a33-8b9d-1b6df80347f4,3d6853b7-98f6-423f-99ec-b96a2fc0c2fd,2026-03-07T03:36:35,2026-03-07T03:44:35,/category/jaffles,organic_search,True
b973aae2-716f-4be8-ac73-5f6b03d25ade,,,2026-05-07T01:29:12,2026-05-07T01:37:12,/search,social,False
7281e15c-594d-489d-9629-42d24ada9a01,8e104807-9dc2-4625-a1b7-9d858ddd96de,953e2e08-aa9f-4547-b436-7e762e63c91c,2026-07-11T23:40:09,2026-07-11T23:43:09,/search,social,True
098b57ce-82c1-40b1-9e22-52d2550fc089,,,2026-02-23T07:13:15,2026-02-23T07:21:15,/search,direct,False
537b3231-efe1-4022-9c16-befe00cd9ce9,122af8ba-58aa-4655-b297-e90d616f0bf6,7d973fa6-ed6a-4576-bb5b-c1d67a662055,2026-03-07T22:32:06,2026-03-07T23:17:06,/,organic_search,True
9518f9ab-b648-4347-bb09-d7a64ae43759,,,2026-03-09T20:10:12,2026-03-09T20:13:12,/,direct,False
234e01a5-09db-4757-a72e-f389179c1d9f,,,2026-03-30T13:27:28,2026-03-30T13:47:28,/category/beverages,direct,False
3d608eb2-3fa5-4475-8c8a-153ae2f9fe3d,,,2026-02-23T05:52:31,2026-02-23T05:53:31,/category/beverages,referral,False
961f7908-ea90-4b61-a0d8-7a855917f08e,2660b7ac-6c46-4392-8ddc-26194c532341,822881ee-2a0e-4072-9043-88514aaa428b,2026-06-22T21:57:33,2026-06-22T21:58:33,/category/jaffles,direct,True
53292645-08bc-497d-88b1-c1631f6aba8d,d5e5a6a6-cb8d-4d62-8551-298dee7f1f9f,e7f7058c-a6ed-4535-b76d-13e0cf73a14f,2026-06-27T04:15:23,2026-06-27T05:00:23,/,direct,True
7bb25c5e-3e07-477e-9074-5cc8692dde1d,5f2b73d5-f495-401c-82ee-47cf4886bfa2,db3452cc-6d28-4148-9d04-9dff4f3ba371,2026-08-12T18:18:59,2026-08-12T18:26:59,/search,referral,True
5a1750f4-9019-411f-abf2-cbf4bffc8b30,,,2026-04-26T08:13:23,2026-04-26T08:33:23,/,email,False
f07e7a26-e752-4cc3-864e-600d1837d47f,,,2026-07-25T07:37:21,2026-07-25T07:38:21,/search,paid_search,False
8e79432c-ef1f-4c20-9267-21401e17e8b9,,,2026-06-22T22:12:41,2026-06-22T22:20:41,/category/jaffles,organic_search,False
c5d6e1a3-6669-4d62-aac4-b0fe69f5b884,3a1577eb-7860-498f-936a-da13e16cbd8c,83e60628-b637-4e9f-97c4-a1d718f59759,2026-07-07T11:03:23,2026-07-07T11:06:23,/category/beverages,direct,True
b467d364-848f-4bed-b035-a22dfd85c893,4a81b4c3-9e04-4757-a7c6-3191447eadc3,a26307ed-7bf3-4f06-8028-30004e74a3e2,2026-05-15T17:51:15,2026-05-15T17:59:15,/search,email,True
640374d3-deb8-4b75-84a9-8e12320def39,a692df88-38f3-4725-84a6-73ec7e6c7ab5,1ba9cd23-98c2-421b-9d96-e6bcd7b3af5a,2026-05-18T01:57:14,2026-05-18T02:05:14,/search,paid_search,True
72ec4cb8-8781-4f5f-9010-1e83639bd6f1,,,2026-06-25T23:25:11,2026-06-25T23:33:11,/,direct,False
95b571d9-b59e-414d-b650-5b629a37350a,,,2026-04-04T15:16:53,2026-04-04T16:01:53,/,direct,False
da28be1b-101c-4666-96ac-674841ffe850,d85d8387-2b7e-46a9-9f28-dad061a5fc01,a533ff72-cf1e-400c-a526-9ddb781d126f,2026-03-24T23:20:21,2026-03-24T23:40:21,/,direct,True
95cf5191-6e03-4e0d-8b5c-19313c553110,,,2026-07-08T22:33:58,2026-07-08T22:36:58,/category/jaffles,email,False
e1dddf9f-0cac-407f-8d62-5439c86b74b0,d6914b8f-0d72-4044-a61b-055adb02f005,23b85a15-2203-461e-a770-ea4ffe93da20,2026-04-18T22:45:00,2026-04-18T22:46:00,/search,social,True
23a66ebc-11d3-48b6-88e8-bbec87246c9b,7d0a9ece-1d73-43ea-98e7-8bbe21e890ec,7c9f2a1f-8c8f-4c4f-aeaf-ed2ccce00584,2026-04-28T23:06:44,2026-04-28T23:14:44,/category/jaffles,email,True
a1f936e8-2750-4a11-98ae-dbc15a0322c4,f03fb49f-283d-405e-bf8d-52046ca6e77d,,2026-07-03T07:22:11,,/,referral,True
605f3946-1ba3-4009-9f97-be8bbaf73d06,b91c4cbb-67d6-4515-b897-dd13e44c1101,8fd4593d-e857-4608-9ed2-2cad659209a3,2026-04-08T21:27:42,2026-04-08T21:30:42,/,organic_search,True
9a617724-9728-4583-9ae9-b0f8ea6d078d,,,2026-06-23T00:03:21,2026-06-23T00:48:21,/category/jaffles,paid_search,False
d0326a02-63f1-4f5a-8d00-930841fe1630,,,2026-03-28T20:49:39,2026-03-28T20:57:39,/search,direct,False
90e51c59-afe0-4c85-b126-55794ac9a42a,,,2026-08-09T20:04:48,2026-08-09T20:12:48,/category/beverages,social,False
4043cbac-7d72-4946-971f-5a2524330e62,b3f95dcd-caf0-4d0c-8890-a7b8e231c6b7,115f5f7c-3be1-41ac-846a-005bb8fedc0c,2026-04-18T07:07:16,2026-04-18T07:15:16,/category/jaffles,social,True
ef4c2335-4a81-4d85-97da-83a7ca19e8d6,,,2026-03-13T22:32:43,2026-03-13T22:52:43,/category/beverages,referral,False
c954d525-3f97-425d-8519-a3166eb24e6b,0206c59d-8464-4845-9680-9463df25efd9,,2026-03-08T16:44:17,2026-03-08T17:29:17,/category/beverages,organic_search,True
2748aa38-1f8c-40b4-be09-8bd20b2e8df6,b6552330-9932-4624-8855-b5b7aa13d3f4,4ba68a7d-dab2-418f-9b9f-344468967615,2026-04-12T21:48:56,2026-04-12T21:49:56,/category/beverages,direct,True
5b505e7a-4a8e-42d8-b625-e42f58385f4a,,,2026-07-04T02:38:37,2026-07-04T02:46:37,/category/jaffles,referral,False
5d35028e-d96f-4559-a119-46dde6f0d9d9,5b2179c5-dd1c-45b4-b99c-10f1c7c201f4,,2026-05-18T00:26:47,2026-05-18T01:11:47,/,referral,True
fec04397-554b-49bd-9e3a-4d7c93db7ef2,265cf9a7-b023-492e-9e62-3896325f1c48,67be848a-9b35-477a-bb64-52da3ed15b19,2026-06-16T08:27:34,2026-06-16T08:30:34,/search,paid_search,True
8307b379-5d0a-4a21-816e-d464e47cc5ea,63b14504-d172-4e5e-b0fa-abd9cb43352e,ff27a83b-a753-4140-a15b-a4e09e0c7142,2026-05-17T03:55:48,2026-05-17T04:03:48,/,email,True
64ca3e39-ed69-4b65-902c-fa6a56216c8d,,,2026-07-25T00:55:17,2026-07-25T00:56:17,/,email,False
6882148a-d236-44e0-8e37-baaa81dd47cf,,,2026-04-26T18:08:58,2026-04-26T18:09:58,/,referral,False
bca64034-5680-4a65-98d8-1fbac2710ae7,,,2026-06-08T10:20:51,2026-06-08T10:21:51,/search,direct,False
f5885dc7-315f-416a-83ad-779f817af42f,bbffd265-99c5-491d-a03e-fee1fec9e123,729abaac-f2ad-4303-8530-d8fc9403fb77,2026-04-04T21:01:36,2026-04-04T21:09:36,/category/beverages,email,True
26952e3e-d99e-40cc-87dd-3de3960d2716,5bf14829-99bd-4d3c-b504-edd1e45593a0,235aaefe-e17e-4888-9ba2-5e3d6ca1d031,2026-04-13T14:19:20,2026-04-13T14:22:20,/category/jaffles,email,True
4f0f0806-269a-4f1a-9a5b-0eea77e6fe2f,fa6de1f2-ff8e-43ea-8da3-98d975b096da,d53bd7b6-06fd-4082-8b13-663c5ab7942d,2026-02-18T09:26:54,,/,organic_search,True
29112f7c-0158-4aa2-9147-c1f73102a6ee,b65fff66-1997-4dd8-bc91-1349a415e4a0,dd28e906-0e5d-40cf-892e-14e9846c6acf,2026-06-19T00:26:58,2026-06-19T00:27:58,/,organic_search,True
a60d5a9a-964e-40a1-be12-8317a623a5db,40c4aa0f-6d19-4084-820c-5764f87d9184,,2026-07-09T22:49:34,2026-07-09T22:50:34,/category/beverages,paid_search,True
ecced13d-b996-494e-a835-1d94fb636467,7fcd9f31-c0cb-4414-9981-9d014f593081,77b4b5ec-40ed-4b84-b950-9acd6083b593,2026-06-26T07:57:41,2026-06-26T08:17:41,/search,referral,True
3d97d08e-ba13-4ec5-96da-a645f0079e8a,,,2026-06-05T15:40:33,2026-06-05T15:43:33,/category/jaffles,email,False
881d2da2-e89d-4154-8095-7bfc0ee8c74a,f78c30cb-fcda-4209-9aea-0ae7ce4f7b81,8c6c4d6f-f362-48fd-af43-c06aa113b353,2026-04-08T01:33:51,,/category/beverages,paid_search,True
9483ab2c-c327-4c36-9c89-10a9343330d0,,,2026-06-08T10:28:21,2026-06-08T10:29:21,/category/beverages,referral,False
1e2c2889-ad01-4878-910c-97c0d8e6c523,387603c1-d2a6-475e-ab4c-9ba7aa78bb27,7f98f43d-3372-47c7-8754-8f8a016c460b,2026-08-03T05:14:06,2026-08-03T05:34:06,/category/jaffles,direct,True
370af6f4-7155-4742-bac6-68364e7af1d9,5d24b6bc-2eea-4766-a11d-b0aed43f038a,,2026-07-03T21:49:45,2026-07-03T22:34:45,/,email,True
b0259c69-981e-40da-b5fc-ff1a39c21efb,,,2026-04-08T15:09:18,2026-04-08T15:12:18,/category/jaffles,email,False
e6c8d322-afc8-4567-a8a4-bdf1406c6e7e,,,2026-07-14T10:05:53,2026-07-14T10:08:53,/category/jaffles,referral,False
7908d722-2d1d-4240-952e-8f706a7897e4,3d0fd916-f8d9-4f59-9d2f-75d16ed75c58,f07dc678-4839-46dc-a64d-b07e91c6684f,2026-04-07T11:24:18,2026-04-07T11:27:18,/category/jaffles,email,True
a76213c7-0e43-43ec-9d47-495ee49a1acf,,,2026-05-29T10:09:21,2026-05-29T10:12:21,/,direct,False
61a1a8e4-4de9-4c65-89cb-450734cdfb8b,,,2026-08-10T12:52:03,2026-08-10T13:00:03,/search,referral,False
890e6dd9-5e4a-43e1-a422-dee2d8c8608c,,,2026-02-25T07:16:44,2026-02-25T07:24:44,/category/jaffles,email,False
e282678a-33b4-4b6c-b3fa-f39a1f161f4b,bb35efe0-ac42-4801-bc72-7bea481716da,,2026-06-22T10:26:36,2026-06-22T11:11:36,/category/jaffles,organic_search,True
99a460c6-6bc5-45a4-acc0-0454e1b03590,,,2026-04-07T00:07:39,2026-04-07T00:10:39,/,direct,False
7a309ae3-88c3-4d33-9320-9cb825f2c5f4,cbd53684-acf0-447d-b61b-35f8bcde6edf,68e907fe-dbba-45fe-b790-ad1bf443306e,2026-03-24T13:03:08,2026-03-24T13:48:08,/,referral,True
f264438d-a478-4d40-a309-b52c24335fbb,,,2026-03-13T05:06:30,2026-03-13T05:07:30,/category/beverages,paid_search,False
75f152cc-cad5-4465-97ce-1034b9f1b8ec,4740d6a5-b760-477f-83d9-7d1c3e04f0ba,,2026-07-10T06:26:14,2026-07-10T06:34:14,/category/jaffles,email,True
cfb92685-cb49-4572-aa2a-025d3948abee,,,2026-08-06T12:52:45,2026-08-06T13:00:45,/category/jaffles,email,False
a3f46863-609c-4520-8fd1-22f334ab1b98,,,2026-07-29T19:54:32,2026-07-29T20:14:32,/category/beverages,social,False
b1611d49-bfc6-4a9d-a858-4dd77c2c9f23,72ad36e6-90e5-4d1f-8978-44a18ed7d4e0,454dfdb7-6ea3-4e8a-87c8-c328a98d56a0,2026-02-20T00:56:04,2026-02-20T00:59:04,/,paid_search,True
46100575-b56d-4523-985e-ac2377935d91,,,2026-04-04T11:39:25,2026-04-04T11:59:25,/,referral,False
d2ca0bbe-c63f-45ac-9412-a357b1a252bb,9db0e79f-fdea-4290-ba7b-114141f33d1f,60694340-b7f6-459a-8a13-fac8a983c0ce,2026-03-26T08:39:17,2026-03-26T08:47:17,/search,referral,True
c27c3c4e-6f7b-42fc-8e97-9dd362ceb2bc,b5b5a474-4e05-47bf-b9a2-872e5dc9a328,96ea2af0-6c06-42e7-af3c-656203ebf45c,2026-06-13T07:51:30,2026-06-13T07:54:30,/category/beverages,paid_search,True
fcb725ee-772f-4da3-b948-58db152f9ac5,55ae024c-4a5e-49d8-be84-2f493dc83880,,2026-03-12T16:31:47,2026-03-12T16:34:47,/search,email,True
d5ba7faf-b6d4-4689-a2cc-07f6cd5d25d0,28c1b6d1-da1f-4187-98af-4e43f096b00d,51d01470-e399-4174-a7e2-27be12dc2f09,2026-03-22T15:23:28,2026-03-22T15:43:28,/,social,True
1503950b-c661-48b3-9f2b-1a6081388aa6,,,2026-03-21T05:13:18,2026-03-21T05:33:18,/category/jaffles,paid_search,False
32921d94-4d56-41a6-acc7-440c65c8d198,,,2026-08-06T02:24:34,2026-08-06T03:09:34,/category/jaffles,social,False
576c825f-6894-4235-81cc-6727b3f8d65d,8252af4b-fdbe-4139-b9a2-de4ceb670886,2a775814-fc77-4ecd-ab79-26a6d71b44f9,2026-07-31T07:39:29,2026-07-31T07:59:29,/category/jaffles,referral,True
15177db8-909c-4ec3-88b0-96bd9b42dc16,fa2a460e-af12-4197-b38d-d2822d96e879,6abee566-0b75-43b2-8a5f-818b9ed604b5,2026-05-05T22:07:54,2026-05-05T22:15:54,/search,paid_search,True
6103e49f-2305-4cfd-998d-36eda6deee46,,,2026-06-11T10:54:48,2026-06-11T10:55:48,/category/jaffles,organic_search,False
9007d27f-a540-4926-828a-416d6a2d9619,5a056723-8fb6-4708-ba04-edc4e2854e74,,2026-07-17T20:13:08,2026-07-17T20:58:08,/category/beverages,paid_search,True
79ecacb5-4bb7-442e-a63d-eb29c38d86be,b0fb926f-1c66-426d-b796-e9d801b13122,49ee06e0-1f25-428b-817a-d87af770eb5d,2026-04-03T02:58:21,2026-04-03T03:06:21,/,referral,True
4159e971-4ff4-4e51-94a2-5cb39bd86d70,15aeedcc-eed4-453e-850c-7f876e54c4ab,3d4ff2c6-7fac-4cfe-9f81-dcfe516aac80,2026-08-06T09:45:27,2026-08-06T09:48:27,/search,direct,True
cbabe25a-7396-4347-82ea-ddd06ec98929,3207b0f3-9af4-4ba4-acb1-6ba8ea25f52e,235eea18-266e-4fe5-805e-3522471fc616,2026-05-18T06:54:50,2026-05-18T07:02:50,/search,social,True
6f86194e-1e8b-41bf-ae7b-f8d62e86a0ba,bb0bc182-b8f7-4f26-b794-dca522dd4cec,,2026-02-21T01:55:18,2026-02-21T02:03:18,/,social,True
a3b8b288-be9e-4339-933a-176783282080,92bac428-565b-4fba-a911-e9f3dc3c5ad8,bf0df9a2-e053-4960-bb47-98bc6ee6bc11,2026-07-31T10:23:13,2026-07-31T10:26:13,/,social,True
9ccdfa6d-d832-414b-a1fe-b85ba8c1ff98,993cbf30-efef-49e5-b5ad-7aaf3db149a3,81dabd0c-8ed8-4b43-9e13-21acf6078c62,2026-05-07T09:21:17,2026-05-07T10:06:17,/,referral,True
32ece800-8778-4a2b-99b1-112f7ef04cf6,05fae288-07c2-4e99-a945-fa3fbfa123ed,9e4d4b0d-7de9-4630-8dcb-ed166e26e5ac,2026-03-18T19:19:39,2026-03-18T19:20:39,/,social,True
0d8047d1-fdd2-4b75-8d6a-7e3aee98d830,,,2026-06-20T21:36:53,2026-06-20T22:21:53,/,email,False
1346ea61-c65e-4060-ab92-5e16752ef978,a59ab98c-fe50-412b-aa83-a693a561092f,,2026-06-06T01:22:32,2026-06-06T01:25:32,/category/beverages,paid_search,True
fd88f556-52ce-4520-a978-274327484f39,0872893c-bf01-4853-b91f-a1cc0263fedf,,2026-06-28T06:44:38,2026-06-28T06:45:38,/,referral,True
74d093ca-afd2-46e0-b787-4e385eb35422,848485f0-198f-4efa-8335-707db71a7434,,2026-03-12T08:35:21,2026-03-12T08:43:21,/category/jaffles,direct,True
cb02172e-976e-4dda-a257-7655adeb7800,66983396-cb40-4613-8d6d-306b8f9ca5c4,d54f6dbd-cfc2-4783-a20a-a7dfcab85525,2026-07-06T18:39:52,2026-07-06T18:42:52,/search,social,True
277a548d-c8ad-4097-8519-bc8dd4901860,3c7a4cde-d92b-4d90-a731-9c0461ae8c90,a6be2ee5-f551-4841-a4b3-faf4d6201de8,2026-03-16T18:18:41,2026-03-16T19:03:41,/,social,True
f9e60b17-2857-4740-b1f1-432d42b29628,270b35bf-74ca-4601-91d8-16fe5196ca5a,7aaea8f6-b43c-4377-aa03-6ddb4a32d297,2026-04-16T15:42:20,2026-04-16T16:02:20,/category/beverages,paid_search,True
55ad0ee9-5c79-424e-86d0-32fee2899b39,,,2026-02-21T22:46:18,2026-02-21T22:49:18,/category/beverages,organic_search,False
98046cda-604f-434f-ae70-ba7e90357843,28f88fb0-d9fb-4c32-8470-1738493e863b,a070ff23-6a87-4dd7-a906-9ef5ae5d1e9b,2026-04-22T12:39:38,2026-04-22T12:47:38,/category/jaffles,organic_search,True
efb39283-c222-4aa9-a8eb-b1714e4993aa,40c889c0-2020-4661-bb9a-564950b1a262,7ca3d79f-afc6-4820-81cc-753953423d3f,2026-04-18T18:20:38,2026-04-18T18:21:38,/category/beverages,social,True
9102f814-48fc-4fc8-98f1-4eb12e214b69,661d2fc6-9fa2-4c79-9d19-44c73cb68448,1e969e24-139e-4471-9859-f76a84954c04,2026-03-13T17:54:06,2026-03-13T17:55:06,/category/beverages,organic_search,True
f9ab2cc4-11a8-4baa-b7f6-694e6189d11d,8fd99d74-d73b-4014-a8fa-a37b39befe36,69fb852e-1a21-4fba-ac0b-1856ca9c0a2c,2026-05-02T17:29:38,2026-05-02T17:32:38,/,email,True
2714603b-1262-4e8d-850f-67848519c91d,d6914b8f-0d72-4044-a61b-055adb02f005,23b85a15-2203-461e-a770-ea4ffe93da20,2026-05-21T22:11:14,2026-05-21T22:12:14,/search,direct,True
23dbefa1-ff32-43c5-abb4-3bf5b6aa97b6,,,2026-08-11T21:46:46,2026-08-11T21:54:46,/search,direct,False
2528e239-4a1b-4897-bc12-20e5ad81d6f3,,,2026-08-14T02:12:58,2026-08-14T02:15:58,/search,paid_search,False
792399c3-3401-40d3-9383-be02ac680073,,,2026-07-24T05:23:21,2026-07-24T05:26:21,/category/beverages,referral,False
8cd83226-56dd-40ee-9c3c-dd82242a8f52,34a7e239-a098-4105-a6ab-b1a2c1c1c160,,2026-07-09T15:12:19,2026-07-09T15:15:19,/,paid_search,True
e5f63008-f1d4-4350-b83b-677307332626,8cf43099-d49e-4e95-8b08-3d61df8b947f,661a994c-bbef-4fb4-8875-b91ab4dd000b,2026-05-30T01:46:45,2026-05-30T01:54:45,/,direct,True
fde50378-d518-4528-a0d7-4023e2978467,,,2026-04-20T18:57:09,2026-04-20T19:17:09,/category/jaffles,referral,False
d04f8a07-7dc1-4716-9798-310d2392ce0d,4b14013f-d7e7-44b8-a287-329bf6e298c3,,2026-08-15T03:37:12,2026-08-15T03:40:12,/search,referral,True
0071cc8a-846b-495c-9518-a5cc1788d3b0,9368e74c-0581-4d77-9358-94e415a80423,dc18ff8c-aeb4-40fd-9d9c-275cfdf6bcbc,2026-03-07T14:05:40,2026-03-07T14:25:40,/category/jaffles,referral,True
a0144c07-df2f-480e-b2db-de63eddfb235,6deb3adf-b348-4736-a975-af07bea72c06,3a66c59b-f839-4836-b800-85c4f2dce59a,2026-02-22T22:27:01,2026-02-22T22:47:01,/category/jaffles,paid_search,True
af83cd9c-af41-4339-b1ae-301aab610de4,c3f68ead-12e5-4a95-9f20-2c9529a5f08b,75d7f3d3-f93d-4dc3-a031-545616d09349,2026-02-22T10:02:23,2026-02-22T10:10:23,/category/beverages,email,True
25239da1-3c0c-48f2-9bed-66dbf2fad5d1,,,2026-03-08T11:34:00,2026-03-08T11:37:00,/category/jaffles,paid_search,False
111fab64-6dd0-4c84-b4ed-22d53bd637d7,,,2026-06-20T03:17:01,2026-06-20T03:20:01,/,social,False
fe3b19f9-12a2-4460-b282-85227aec9ddd,,,2026-05-30T14:13:56,2026-05-30T14:16:56,/category/jaffles,email,False
affbc8b2-a563-4849-a666-04f7e36b6381,d85d8387-2b7e-46a9-9f28-dad061a5fc01,a533ff72-cf1e-400c-a526-9ddb781d126f,2026-05-22T06:01:41,2026-05-22T06:46:41,/search,paid_search,True
63c033c8-7cbf-4e7b-8366-0d22b928ef45,943fb486-16d5-4258-99e7-8340b1862e76,74e82a39-f98b-4d04-9f2f-ffa7c66d89b7,2026-06-12T13:56:42,2026-06-12T14:04:42,/category/beverages,direct,True
3324dee0-86c4-47e9-80db-12716f76dd31,c664111b-b80e-45ab-b2de-ee220ea29fbe,,2026-02-25T21:24:59,2026-02-25T21:44:59,/category/beverages,direct,True
4867ed52-0718-4aa8-b2c0-146feca5b514,,,2026-08-15T09:24:42,2026-08-15T09:44:42,/search,email,False
6e2fe5c2-ab64-4c7d-b84c-61008585c34d,,,2026-04-02T19:22:12,,/,paid_search,False
8eac5e12-1cee-45b8-86d8-c6cf48b18316,,,2026-05-14T10:03:42,2026-05-14T10:23:42,/category/jaffles,organic_search,False
699a5a7e-480f-49b8-a3d8-5369cfe531ca,,,2026-06-18T17:28:31,2026-06-18T17:31:31,/category/jaffles,social,False
f71186e0-e984-4748-a70c-9376daf4412c,26ebc43f-cfbf-4fa1-9c7f-9134871f7b65,0ed743bc-349f-49fd-9625-b638c7bd0788,2026-08-08T09:19:18,2026-08-08T09:22:18,/search,email,True
ddad631e-9c16-46a4-afde-7c6da0c47c4d,7b4010bf-8e77-489c-83e9-0056299e9429,480f791a-d934-4af9-8e34-c409a9b58007,2026-07-12T00:17:06,2026-07-12T00:18:06,/,email,True
3f77fa28-ca80-4f3c-8f05-beb68fa83913,ff29ece6-95da-4800-acd2-b14950a339dd,f6c655b4-606e-4670-aa88-c5f6c0b2dc80,2026-06-16T13:29:37,2026-06-16T13:49:37,/category/jaffles,organic_search,True
33129713-28e2-4437-a37a-91d08f0267f3,84a120aa-c994-404e-9e74-8277a6f9eb4e,,2026-07-13T04:08:50,2026-07-13T04:09:50,/category/jaffles,direct,True
8bc63aac-b0ae-473f-aa9d-7161c8698236,,,2026-07-22T13:54:58,2026-07-22T14:14:58,/category/beverages,paid_search,False
4c491e73-d156-4809-8788-289089fec152,9bac4be0-d703-4f1d-a088-1bdb362d3246,,2026-03-18T07:18:18,2026-03-18T07:26:18,/category/beverages,referral,True
30b46256-a5ff-485e-be98-e552c01dc3cc,7bd64d99-cfe2-4e61-aed9-8b6f3d410468,996577a2-6d4a-4765-8f3e-f99c20414f60,2026-03-01T00:01:09,2026-03-01T00:09:09,/category/beverages,social,True
addb8c14-0ab2-4062-b75e-7e18654e1c7e,33a6f9f2-9265-47a5-ab40-37c29c87ed07,b971cd40-d13d-4569-ba18-64c04c298ef4,2026-07-18T00:36:31,2026-07-18T00:44:31,/search,email,True
5cfba00f-de23-4222-993f-8e71949d3269,be999c23-fb5b-4060-b4aa-bd50fe8ab5f6,,2026-02-26T17:41:52,2026-02-26T17:21:52,/search,organic_search,True
891a4b6e-3f3b-4b78-b9c7-0d0885c4d667,191feb1d-2def-4cbf-a8f8-ee3eb3856ea2,6e1c4ced-5640-417a-8837-7624703e1900,2026-02-24T07:03:19,2026-02-24T07:11:19,/,paid_search,True
fe1a6fe9-fce0-4630-952d-aea6a043db2b,,,2026-08-16T00:18:50,2026-08-16T01:03:50,/search,paid_search,False
d7fee856-add2-4509-bff9-d19be3da4669,f14bcc19-681e-43a6-94e0-9748a8455850,0f2561f8-90d2-4674-876b-e14f08b360e4,2026-03-27T07:51:27,2026-03-27T07:59:27,/,email,True
76d1d30c-6e0d-4fb8-91fe-9037d74eebf3,be6fcaa5-9911-4bb6-b97c-47eb53c88b32,06e5946a-b612-4c73-92c1-a5953982b338,2026-05-29T05:13:35,2026-05-29T05:21:35,/category/jaffles,direct,True
2b531505-848f-4799-8bee-424065364b4f,2a0095cd-099e-45f3-a8ed-241dbe5cde18,b1a621dd-f231-415b-b3fa-aa2c2a3862c0,2026-06-08T04:24:15,2026-06-08T04:25:15,/search,email,True
d5d3db28-9b11-47d4-b4cc-b58c2a331802,d224c314-09b4-49c7-9490-53d3247615d2,a694a5cd-6aa6-4152-b73d-fb4b6e7b007e,2026-07-13T05:23:12,2026-07-13T06:08:12,/search,email,True
b8b74d7a-6758-4ee8-9a7e-606ac09c3874,94e0e084-e14c-4061-80da-7e6030bf14d5,,2026-02-22T06:28:07,2026-02-22T06:48:07,/category/jaffles,direct,True
def2b197-7c9e-4db7-ad6d-2f729640eecf,8ebb4b7d-ed19-43be-a647-6c3a9a6a166a,,2026-03-20T18:47:38,2026-03-20T18:50:38,/category/jaffles,referral,True
493505ac-7dfc-4d14-998d-85c02d682318,,,2026-07-07T21:53:01,2026-07-07T21:56:01,/category/beverages,referral,False
510a7bac-f7f6-4b53-b1b1-b287a9369f1c,cfefbf12-9a5a-4d61-a708-d92f785af097,402e69c5-8e0d-44f5-90df-c5aadfadbef0,2026-05-09T21:44:01,2026-05-09T21:45:01,/,email,True
6cb6b25e-3c07-4336-a6ca-43cba826444c,7c0459a0-2d38-460e-8653-72aefbf15570,,2026-02-27T10:59:18,2026-02-27T11:00:18,/,email,True
f851ed74-1032-4d16-85af-4c585d77dc4b,,,2026-03-10T05:08:51,2026-03-10T05:16:51,/category/beverages,organic_search,False
60414735-9593-44ed-ac5b-e9e03d0fd718,e039c2ef-fe4c-4d60-97ee-99d043299f0e,d0228acb-0ce5-4992-9338-57f7ea867c5b,2026-03-06T23:24:34,2026-03-06T23:32:34,/category/beverages,paid_search,True
2bef47d9-ffbf-43d0-94dd-8bfe649320cf,875e080f-6237-421c-b26b-433b3b0c6584,,2026-02-26T22:01:09,2026-02-26T22:09:09,/,paid_search,True
5601d02c-375b-4cea-8b11-a1a055194358,,,2026-05-30T16:27:45,2026-05-30T16:35:45,/category/beverages,paid_search,False
ce7ad6b2-0791-4d94-bf06-b89af786b4bf,359ce707-dfea-41f8-be3e-8689b460486f,38e495eb-378c-4764-b4fb-fc07fe1ae0d4,2026-05-02T21:14:56,2026-05-02T21:15:56,/,paid_search,True
b7774241-3972-4aad-95e1-27fbd1651a81,45ed3c5a-3c94-463b-91d2-73d3333fe5fc,6cd4296e-b05b-49c8-a04b-8be77d271d06,2026-04-04T10:04:13,2026-04-04T10:07:13,/category/jaffles,social,True
32a74e60-f757-4e37-aa3e-1a30af45d7d5,,,2026-07-17T04:17:58,2026-07-17T04:37:58,/category/jaffles,email,False
774080ab-aa32-451a-82d3-0e709ac217f1,be6fcaa5-9911-4bb6-b97c-47eb53c88b32,06e5946a-b612-4c73-92c1-a5953982b338,2026-02-25T04:22:10,2026-02-25T04:25:10,/category/beverages,email,True
2c1cafaa-c79c-4923-9c82-339e9cfaa766,8c5628d0-6d15-4a6d-80f2-9c723e39ba83,12db0e63-03dc-4886-a389-ecd45a46878e,2026-07-02T22:36:59,2026-07-02T22:37:59,/search,referral,True
fbeac4d1-b396-4a75-ae96-caa909dd2e65,d6ca3f18-6708-4e27-9196-8a2238aba9b0,57f5fc97-c32f-4db7-b5b1-85c3fd3f0664,2026-06-02T19:00:10,2026-06-02T19:45:10,/category/jaffles,organic_search,True
9a54e058-119c-4316-994f-d32942b4db08,5f8c9b91-24ee-43a2-b758-fece4c2fd787,462236bd-8e5e-47a4-97ba-a40d8b9aaf97,2026-08-01T10:33:03,2026-08-01T10:36:03,/,direct,True
3a1acdb2-3abc-4b2f-a42e-38b114781f47,f8b1caa2-10e7-4302-963a-252a15b4a714,5e3be45d-7cbb-4918-aeb8-0fb0bbfdb845,2026-04-30T21:50:12,2026-04-30T21:53:12,/search,direct,True
6a9833a0-0196-4e45-bc97-11c0b7eeed2a,10d7cb3c-5a86-4eae-9da6-611ddf67fdd8,,2026-06-21T14:56:22,2026-06-21T15:04:22,/category/beverages,paid_search,True
83bf4c9c-097b-438a-abca-8f71cd103543,05e61dfb-4365-41c3-8f86-f9b259998765,,2026-04-29T16:41:09,2026-04-29T16:49:09,/search,email,True
b7e0b972-5066-4b0c-946f-f4ddd7aa02ee,5a95b7ee-17bf-44cc-9775-835c337d4cb4,9cbf4fa2-b1d2-49ca-a2ae-784152ba2b69,2026-03-28T02:55:44,2026-03-28T03:03:44,/search,referral,True
f717e791-a4a1-4cc5-917e-4ebdae4f56dc,5d5ea9b6-fefd-4e25-850a-9c2d365e7e27,,2026-04-17T07:16:31,2026-04-17T07:24:31,/search,referral,True
02dc589f-1114-48de-95cb-dc974d1973b9,16e8d4f8-2451-446f-a254-3bc68e40621b,ac824c85-79ef-4fde-9b21-e7abbcf3d816,2026-05-10T04:28:24,2026-05-10T05:13:24,/,organic_search,True
1baa83dd-60f5-4293-bc1e-ed75f1a35dfd,,,2026-02-27T12:43:21,2026-02-27T12:44:21,/,paid_search,False
ef9e822d-e3cd-446b-ab78-4ccb29396ff1,,,2026-07-05T02:14:17,2026-07-05T02:17:17,/,direct,False
50b9447c-7934-4d8a-ade4-16ec6cf511ec,47334d60-a9ec-4cf6-8af3-a2d030a6062f,b66b9503-58cd-488a-a08d-a0c7ffea0fbe,2026-06-08T11:42:11,2026-06-08T11:43:11,/category/beverages,email,True
51550e80-f200-47c7-b20f-fc2f025365cd,,,2026-07-05T04:11:06,2026-07-05T04:31:06,/,paid_search,False
416b03a2-4838-4742-b68d-35ad5c1c8fdb,8f4f1f50-62c9-4870-bf5b-bdcd357f8ad7,a5f734db-d812-4b45-905f-8f59b33bba56,2026-05-28T16:59:46,2026-05-28T17:44:46,/search,direct,True
a4cfe38c-5819-42bf-a8b8-37a7abc7f8b6,26ebc43f-cfbf-4fa1-9c7f-9134871f7b65,0ed743bc-349f-49fd-9625-b638c7bd0788,2026-02-23T21:55:30,2026-02-23T21:58:30,/category/jaffles,social,True
bf446f28-7003-424c-a3ce-a59bcf03a38b,bb0bc182-b8f7-4f26-b794-dca522dd4cec,,2026-04-15T07:09:37,2026-04-15T07:17:37,/category/beverages,direct,True
f2938852-8e22-4fe8-8325-1e501b693a4d,,,2026-05-12T16:10:08,2026-05-12T16:30:08,/category/jaffles,referral,False
be8178b7-2703-435f-bb02-7ac17ba09f46,cf5dd5d1-b2dc-47d4-9be1-b6c0e5b07a12,,2026-07-14T02:31:01,2026-07-14T02:32:01,/search,organic_search,True
dade3eae-d53a-4e7e-be37-252cf8fcb0bd,34ec60c6-4248-4ad1-8dd9-759b309578a4,ee92d43d-33a8-45b0-a68a-9e826fe65fac,2026-06-23T05:47:50,2026-06-23T05:48:50,/search,social,True
f0b6b5d5-2023-47a5-97dd-a238e285ab4b,,,2026-04-30T06:45:38,2026-04-30T07:30:38,/,referral,False
c3a91624-15d2-408f-93a7-679ff7103e3e,4da311cb-8e0d-487a-8fdd-4a94529db3e4,364ee8c2-996f-4f1a-aa37-579280a0a379,2026-04-19T07:18:05,2026-04-19T07:38:05,/category/beverages,paid_search,True
532ba4a2-9039-4256-b6d3-9e3f588f5b02,,,2026-04-11T03:44:50,2026-04-11T03:47:50,/,direct,False
d0bf8d90-153b-4805-b402-9191a2dacd23,,,2026-06-02T03:27:27,2026-06-02T03:35:27,/search,email,False
28bb2b94-4d50-43be-bf20-e6bad6fe4345,,,2026-05-31T21:08:46,2026-05-31T21:53:46,/,direct,False
a0927110-e0db-45c7-a8b4-4b9098902cb2,9ede5407-362e-465c-a234-482e1f2411c1,,2026-02-18T13:57:24,2026-02-18T14:05:24,/category/beverages,referral,True
7787e6e3-85cf-4179-baa8-4292c1804781,2977486c-8467-4a72-a290-db87a9022320,a24d4651-1e37-4c33-9c51-606a936b59e1,2026-06-17T14:57:07,2026-06-17T14:58:07,/search,organic_search,True
3d9da8d3-e83c-409c-ac1e-30679cd656f5,5d24b6bc-2eea-4766-a11d-b0aed43f038a,,2026-02-20T21:03:15,2026-02-20T21:06:15,/search,direct,True
de107750-3d54-4ee4-bfdb-e3ca5a676a38,,,2026-05-23T02:46:02,2026-05-23T02:49:02,/search,organic_search,False
5a7dc0af-9c64-4981-816d-03fd6e7f0bf5,b8cf5c4c-27e2-4106-9058-eb38559661e0,a4856a05-1898-46c2-aae4-f4fdc9a55ec5,2026-06-04T05:36:13,2026-06-04T05:56:13,/search,paid_search,True
79dea5b0-9726-4244-a0b1-87850533602e,,,2026-07-22T05:07:00,2026-07-22T05:27:00,/category/jaffles,social,False
32e532a1-d22d-4f1e-9de2-d391f82a46ad,67d2941c-ef55-4f74-9994-431a09ee14db,6133a5c5-e24f-4bd7-a192-3f914899cbae,2026-03-21T05:58:46,2026-03-21T06:01:46,/category/beverages,paid_search,True
210ca161-a152-4cdc-b6a3-44c41071ba0d,,,2026-03-17T19:17:49,2026-03-17T19:18:49,/category/beverages,email,False
edc2df2c-fa4b-458a-8639-bcc5e23d8893,,,2026-07-31T06:54:26,2026-07-31T07:02:26,/category/beverages,organic_search,False
bd07b10f-2b4b-47c5-851b-a51a189f58e9,5a589b0f-69ac-4256-aea8-df379845f417,3b7970a7-5071-427d-b02e-d4954517ac86,2026-05-06T09:33:39,2026-05-06T09:34:39,/category/beverages,paid_search,True
b6578fc4-dd3d-4d9e-a821-0c6f472f95f4,,,2026-07-15T04:46:26,2026-07-15T04:49:26,/category/jaffles,email,False
f1eea986-98c7-401f-9ea8-38e22c6c6ce2,a6e1b4c7-24c0-48ca-96ee-6d0a46348a82,3ac2aebd-cd4c-4c88-843a-ffd1d227c805,2026-03-08T13:31:25,2026-03-08T13:39:25,/category/beverages,direct,True
92f58746-a78c-4669-a3fc-b8a99e5196b2,7bb37398-522c-4b94-95aa-882d79ae2041,e38dea20-70ba-4442-9102-3d26357befee,2026-04-22T15:29:49,2026-04-22T15:37:49,/search,paid_search,True
fc66b8b1-bdec-4c2c-b590-eee7120373d4,,,2026-04-21T19:01:05,2026-04-21T19:04:05,/category/beverages,email,False
9b5fedd9-38e7-4d0f-a61a-af25c82a5c64,,,2026-03-22T07:36:46,2026-03-22T07:37:46,/category/beverages,email,False
794a32a8-d0f0-4801-86ae-0cb0f77243c5,,,2026-03-10T12:29:10,2026-03-10T12:37:10,/search,social,False
46785cef-2303-4885-8fbb-146dda9ccfb7,8e104807-9dc2-4625-a1b7-9d858ddd96de,ef143d54-60c9-4d8e-85cf-ed8a497ef6b9,2026-04-05T16:58:57,,/,email,True
6a404a56-453f-48c9-af79-749a7ee7abe8,b998f134-9c6e-4e5b-9a37-d0d9dbc72f85,cb5d90ef-6c5f-4450-ba49-26e691b5b8fa,2026-06-30T05:35:08,2026-06-30T06:20:08,/search,organic_search,True
966d9829-b0a4-438f-92cb-0db3ce8c5ba7,f962820d-d110-4903-9fbd-86a2ba5a9687,527f8c22-4cd0-4c48-8621-f90e23545550,2026-06-28T11:11:24,2026-06-28T11:19:24,/search,paid_search,True
b9f217b0-3514-442c-8c3f-5888faef6051,41ca48ad-5cc0-4e25-83df-63d166b91a12,,2026-07-04T14:59:42,2026-07-04T15:00:42,/category/jaffles,paid_search,True
b12bd860-2839-403d-91db-dd109aaf9200,,,2026-04-29T09:20:10,2026-04-29T09:21:10,/category/jaffles,email,False
7b6f4eb3-df5f-47ea-95ec-450ca20a0dea,890861ac-5e77-4568-aaff-807b37e6f872,c3832612-a478-43ca-be7e-0a9abcf37b8a,2026-04-01T20:20:59,2026-04-01T20:28:59,/,email,True
9e8784b6-2fac-4fea-8073-778b548b96e4,3e28e5b6-fe21-474e-b5bc-95ac85c187ad,0e8f0c09-7082-4868-96f2-20b029462283,2026-05-26T08:59:01,2026-05-26T09:07:01,/category/jaffles,social,True
b7c1f64b-015b-4934-a38e-1c40f52f5876,3d097c4e-dd09-4cfa-8460-39fd4fb8a1cc,,2026-06-22T09:54:24,2026-06-22T10:02:24,/,email,True
33a29369-4064-4a17-8dca-91e4bb28cd81,a5f46489-06cf-45af-9efd-dbd27067716c,7fb37c0e-27bb-4038-a6f9-803e3a54e79c,2026-03-15T23:06:25,2026-03-15T23:26:25,/search,referral,True
3d5a35c1-db4d-4ef2-a395-44208d0cb87a,,,2026-06-28T00:25:37,2026-06-28T00:33:37,/category/jaffles,direct,False
cb86263a-7288-4787-9686-89225be761db,,,2026-04-25T17:00:08,2026-04-25T17:03:08,/category/jaffles,paid_search,False
a022c0ed-5c16-4aa3-a3c2-8d4334b557a9,adf0d9db-c6a0-4226-a93f-30482ccd9d28,a87addc6-d093-496a-9339-fa0598697d2e,2026-05-13T13:24:07,2026-05-13T13:32:07,/category/beverages,social,True
9d63ea79-0297-4cf0-9614-93de556b3e38,,,2026-04-01T18:34:49,2026-04-01T18:37:49,/,social,False
fe1d0227-11de-4aa3-b608-36cb532709c6,,,2026-06-19T21:19:47,2026-06-19T22:04:47,/search,direct,False
cbe93652-ec4f-469e-bc1b-8d54cd25054d,,,2026-07-02T04:43:00,2026-07-02T05:28:00,/category/beverages,referral,False
ee64a9b1-c5c7-4d8d-8aae-6fced7ec9bc0,529867fe-75f6-4cd9-b913-543b3d6e583c,,2026-04-14T08:32:07,2026-04-14T08:33:07,/category/beverages,social,True
74d7a7c2-78c7-4983-98a6-9310c028fdea,,,2026-08-04T18:50:01,2026-08-04T19:10:01,/category/beverages,organic_search,False
5b194ef2-60e7-438a-9be0-7956b5b7bf67,afdabd06-a2b4-497a-93b8-7bcf582b5d3b,,2026-05-24T09:56:26,2026-05-24T09:57:26,/category/beverages,direct,True
e1405c6a-92a8-468f-922d-2a384b3259d8,cd67e795-f5fa-470f-9a4f-4060d5951279,814c56af-42bd-4125-a7e6-aa856633e6bb,2026-07-14T17:53:03,2026-07-14T17:54:03,/,referral,True
61ce31e0-ff04-48fe-ba88-f9ba84cc9a32,43df30db-068d-40fc-8576-7e2f6e62f2f6,4ddcce09-c08d-433d-8856-05d436473fa4,2026-07-18T09:22:17,2026-07-18T09:25:17,/,organic_search,True
abb325d4-2df3-4e03-803a-cde42ba23b21,,,2026-03-30T23:38:39,2026-03-30T23:58:39,/search,direct,False
26b69632-7d83-40c3-8664-d189c049b3ee,,,2026-03-13T10:09:58,2026-03-13T10:12:58,/category/beverages,paid_search,False
4156ccb2-0540-4632-802a-dd2d2d12b7c8,5b2179c5-dd1c-45b4-b99c-10f1c7c201f4,,2026-03-07T09:43:16,2026-03-07T09:51:16,/search,email,True
d24470b1-f02b-4612-8049-5c2f62e02869,848bb1e9-3367-4758-8f73-e886fadfadab,75fd135f-003c-44cd-9f2b-713911d5ce38,2026-03-15T02:49:46,2026-03-15T02:52:46,/search,paid_search,True
bc1967e7-9d3e-455d-aa87-1d81f8d64c06,,,2026-05-14T14:00:41,2026-05-14T14:08:41,/category/beverages,social,False
f1981e1d-7cee-42df-8d8c-a47b59ba1a1f,,,2026-05-10T11:53:11,2026-05-10T11:54:11,/category/beverages,direct,False
59ecb357-f943-4565-a67e-3da02824567f,,,2026-03-27T23:09:29,2026-03-27T23:29:29,/,email,False
2c7dbd55-09e2-4557-b45b-9bd2dccbc007,9eac28b8-2264-4e48-9c2c-b3f7384bc20a,,2026-06-09T22:51:21,2026-06-09T23:11:21,/search,email,True
0006126b-8b88-4eb8-b23f-0efb1f3c8266,,,2026-05-24T23:24:54,2026-05-24T23:25:54,/search,paid_search,False
2a25bfe1-60dc-46e2-b221-3e1337bdc217,,,2026-02-17T06:31:01,2026-02-17T06:51:01,/category/beverages,email,False
79a291a7-7ab3-4acb-97f8-cd1e52828696,,,2026-04-04T18:53:49,2026-04-04T19:01:49,/,referral,False
9180ee6c-1a57-4d62-a976-fc579ac2b7dc,,,2026-04-12T13:22:53,2026-04-12T13:23:53,/category/jaffles,direct,False
5b36493f-d09c-4da7-93cc-3facb64ef572,9eac28b8-2264-4e48-9c2c-b3f7384bc20a,,2026-04-24T22:42:08,2026-04-24T22:50:08,/search,paid_search,True
de52c784-ce98-4934-9525-b59f9f6f6ff0,,,2026-05-24T00:25:48,2026-05-24T00:33:48,/,direct,False
15e8495d-206d-46af-8bab-c4ca4e130e4a,,,2026-04-07T07:24:38,2026-04-07T07:44:38,/category/jaffles,direct,False
8c4f055e-a26d-4ea1-a6da-30caf0967eba,,,2026-04-11T04:46:15,2026-04-11T04:49:15,/search,organic_search,False
0c3bd0b8-100a-4420-8edc-24c898e9f20f,,,2026-08-04T23:19:46,2026-08-04T23:20:46,/category/jaffles,referral,False
e562490c-b691-44ff-83aa-59f5a82a7c6a,5ed25035-4723-4154-823d-a8c8b4c02e51,,2026-07-25T02:36:55,2026-07-25T02:39:55,/category/beverages,email,True
f2540922-a167-460b-880a-a5916c8d3167,,,2026-02-27T05:00:45,2026-02-27T05:45:45,/search,organic_search,False
40262a17-b3bd-4422-89f3-026ff0d66a32,94e0e084-e14c-4061-80da-7e6030bf14d5,,2026-06-30T17:27:31,2026-06-30T17:35:31,/category/jaffles,email,True
3300da46-3bb0-4bb6-985c-99d0355ef1bb,,,2026-03-05T20:35:22,2026-03-05T20:55:22,/category/jaffles,paid_search,False
4b5c81d4-5bb3-4b94-aa49-dd677b369154,,,2026-05-08T01:44:58,2026-05-08T01:45:58,/category/beverages,paid_search,False
0a796717-0ea4-45be-843d-5bd35a59fa9b,2aee3fe5-2eb0-4391-bb79-d4d4ffdd9931,996ebda2-4b7c-4298-b59e-ce149070ea46,2026-05-13T13:50:38,2026-05-13T13:58:38,/category/jaffles,organic_search,True
c402b76e-2fee-4c1d-88e9-f52e250453ee,,,2026-07-21T03:31:00,2026-07-21T03:39:00,/search,social,False
ca6ec2e9-eff0-4e52-80a9-d8dc740f007d,6d622f69-5cf8-4eda-b7ff-4f57f0e66237,37ded67b-46c7-4d32-9901-f4f90b17897e,2026-08-09T06:34:32,2026-08-09T06:37:32,/category/jaffles,referral,True
54b93c01-0184-455a-b429-175611f23cdd,257291a7-c562-45b7-9229-49a527229518,7f8ae70c-e78c-431b-af28-ac21cf12405a,2026-03-13T16:20:33,2026-03-13T16:40:33,/category/beverages,referral,True
29bbac0b-0b3e-4103-be27-62478e3cb2e7,723f776c-3ad0-4fa2-8177-a80f2cab59d9,932f2167-4897-47ad-a33e-5027269ead83,2026-07-10T03:15:22,2026-07-10T03:23:22,/search,direct,True
297ba575-79c5-4e4b-8ebd-02f1ca66d6dc,628b0262-278b-4522-aa31-ed61da01b78a,b8f8b28f-e666-41e3-821e-45b802d70b15,2026-06-30T10:34:49,2026-06-30T10:37:49,/,paid_search,True
594c96d8-9acd-4b6a-bc44-60395d2e724d,07365e1d-9d4c-4185-859e-d5757178280c,03e52767-788d-47bf-841a-6ccd7015ba64,2026-03-19T08:53:41,2026-03-19T09:01:41,/,paid_search,True
b2246c25-f034-4528-b4ea-10726a974fec,148d63de-77f4-461d-b3ca-5369e9a98e7b,,2026-05-01T20:23:59,2026-05-01T20:31:59,/category/beverages,email,True
c63efffe-fedc-45fc-9d2a-9409bb930d4b,3483e39a-260f-4974-9366-50c2d833307f,,2026-08-02T02:49:22,2026-08-02T02:52:22,/search,referral,True
fc081559-f0d1-4db6-ae76-6cd28ed50dc4,,,2026-05-11T21:53:25,,/category/jaffles,direct,False
1e5e87b4-a06d-400b-9cee-d978d29856a2,64fec69e-52e2-471f-9fbc-7a8e33f991bd,30d271ee-146e-489e-8409-91251b63aa9d,2026-03-28T21:02:52,2026-03-28T21:05:52,/category/beverages,social,True
87626607-619c-4317-9243-137eb947f137,cc9cb0b1-f5d5-4fbb-ae89-025a80fb57c1,e539691a-f4bd-43d7-937a-b982f8fa0a0c,2026-02-28T17:48:03,2026-02-28T17:49:03,/,direct,True
5c4cf045-e9cb-47ca-b9aa-caa191f745a5,,,2026-05-23T17:55:57,2026-05-23T17:58:57,/category/beverages,paid_search,False
b957d74d-6041-4cf5-bd4e-a39cbe74f737,,,2026-05-05T21:35:29,2026-05-05T21:43:29,/search,direct,False
b111d95e-6c5b-438f-addc-cd4bb3e7971d,7bfeca78-8e06-4644-9d0b-1470c32aa9e7,,2026-07-18T11:55:49,2026-07-18T11:56:49,/,email,True
6774a4b2-5095-4a27-ad69-89a58b4445e0,,,2026-06-01T21:17:50,2026-06-01T21:18:50,/category/jaffles,paid_search,False
28cab131-50aa-4277-95f9-3c634d520d17,,,2026-03-08T16:09:05,2026-03-08T16:17:05,/category/jaffles,paid_search,False
f7ee408b-9426-4b8e-a406-b708f0c2c2a6,,,2026-03-13T05:53:52,2026-03-13T06:13:52,/,referral,False
9a5768d3-f619-49e8-97a9-2cdd3b328c8f,8ebb4b7d-ed19-43be-a647-6c3a9a6a166a,,2026-07-06T15:54:28,2026-07-06T15:55:28,/category/beverages,organic_search,True
2af52d6a-b5e4-42a1-b69f-e846c2284095,a43342bc-a956-480b-8ef3-7b28e61c9b9b,,2026-06-19T14:56:52,2026-06-19T14:59:52,/category/jaffles,email,True
e361bc0b-518f-4983-a965-a67d8c004241,,,2026-05-22T09:40:37,2026-05-22T10:25:37,/category/jaffles,organic_search,False
7feae8cc-2a29-4103-81dd-9115c16fb5e8,f4835f98-d82c-487c-8788-26a05c249db0,265178d0-bf60-4005-a9fa-cea7895b5a42,2026-06-18T08:59:29,2026-06-18T09:02:29,/category/beverages,organic_search,True
49333b22-3833-4a20-a3a4-48e4a307549b,1a1fa253-a2de-457a-9397-7c6c80d5d589,,2026-06-25T18:32:49,2026-06-25T18:52:49,/search,referral,True
51782a77-2c39-43cf-9450-21832a96ee01,,,2026-06-29T14:41:24,2026-06-29T14:44:24,/category/jaffles,referral,False
ca29f49d-e157-4b03-bfba-d5cec296fb30,,,2026-05-29T05:06:33,2026-05-29T05:26:33,/,referral,False
891758fc-2a86-4633-bba3-a87433863d23,f639b5da-4c4d-46ef-8ffe-75cca075bc23,,2026-07-24T11:47:07,2026-07-24T11:50:07,/category/jaffles,paid_search,True
307a5f48-c89d-4242-9c0a-60d321198221,,,2026-03-29T22:18:54,2026-03-29T22:38:54,/category/beverages,organic_search,False
fb63e287-d6e6-4866-ba59-f80637560277,9eac28b8-2264-4e48-9c2c-b3f7384bc20a,,2026-06-23T05:09:04,2026-06-23T05:17:04,/category/beverages,paid_search,True
de3a45be-bf07-4264-8bb9-95f8e437df99,fad2c57b-c35e-4270-8d10-2f067a5ee2b7,e15f156c-6463-4f6e-ac31-28955ebe7727,2026-04-02T05:04:14,2026-04-02T05:07:14,/category/beverages,organic_search,True
71e6f679-3a62-4f10-bba7-f6fa0f7d11ab,71ed3bfb-d094-47b4-bd02-9589f31e4c1d,fe7feb27-8b8e-4c6c-9daa-eaca93e300af,2026-07-30T07:29:16,2026-07-30T07:49:16,/search,email,True
0a27e441-3e55-4cb8-a702-c72d745e9cee,7745384f-ccaa-4363-a18b-5e9ff0a824c0,5df66cde-1e46-4ada-9604-5862e5137860,2026-04-26T10:59:52,2026-04-26T11:00:52,/category/beverages,paid_search,True
6f3b9cca-6c32-4caa-b06b-2f875acae5b3,,,2026-07-23T23:51:42,2026-07-24T00:11:42,/,email,False
5b577983-e3af-4ca5-b084-4c7a78829525,257291a7-c562-45b7-9229-49a527229518,7f8ae70c-e78c-431b-af28-ac21cf12405a,2026-07-04T08:13:12,2026-07-04T08:33:12,/category/jaffles,organic_search,True
67f10224-4c19-4654-9309-887ede6efecf,c11308cb-8153-4e7b-9149-9b6b5c0aa137,73ddeea7-4c66-4eec-8fa1-bb0079c88add,2026-05-30T03:29:39,2026-05-30T03:32:39,/category/beverages,paid_search,True
fab0fca1-4c13-4d5e-aa58-fa9ccde5c503,,,2026-02-27T09:24:11,2026-02-27T09:25:11,/search,referral,False
2e740261-69bc-4107-887a-c08c861d194d,73d9c423-e9d4-428f-bfaa-b073b2c1f454,1c4ecfd6-59e0-4ebe-8f04-3082d31e7164,2026-04-19T22:30:33,2026-04-19T22:33:33,/search,paid_search,True
b0d7b35c-8167-40b9-8d65-950c46fe9c40,e5873f83-602d-4424-9c5e-184c56c9d4ba,2d529464-b36b-41d0-a225-3661ae9a46a5,2026-03-28T14:32:18,2026-03-28T14:33:18,/category/jaffles,email,True
92a3cdc5-d6ab-4de3-a097-b77ab0794f10,2949aa7a-85ad-46d1-8409-bf608167f72a,deeaeb4d-0ef0-48ae-8cf0-0f3efcde2bd3,2026-06-02T09:31:42,2026-06-02T10:16:42,/category/jaffles,organic_search,True
b8f04a0b-e90d-46fb-aa23-0ec9642939e2,8cef9627-37e9-4bad-a5d7-69f87f291c90,6ef50631-b7f6-4587-a911-f8e1aad27798,2026-07-28T22:34:38,2026-07-28T22:54:38,/search,referral,True
58c31320-e736-455b-97d3-68147d0aba88,cee4269a-3771-43d9-adc4-762ba3bc1782,deb1fc07-f367-4bc5-b9fd-9e891e5c2790,2026-07-12T22:32:22,2026-07-12T22:52:22,/,organic_search,True
bcc79ee4-b3e6-497a-93f2-8764519e60ba,b8edba64-3db4-4841-8f8d-dc00dce6fb67,14e878b5-6531-45d4-a349-6efb1b1205e1,2026-08-09T23:11:10,2026-08-09T23:12:10,/search,referral,True
46944a72-0049-4d5e-bd7c-3dad2f9d7e6c,,,2026-08-11T09:29:04,2026-08-11T09:37:04,/category/jaffles,social,False
85519c03-3d34-4ccd-8a7b-f993ee598f04,,,2026-05-01T01:01:51,2026-05-01T01:02:51,/,paid_search,False
3e4d7cae-a9d0-4177-87f5-efa5fb2ae105,,,2026-07-18T06:56:59,2026-07-18T06:59:59,/search,paid_search,False
e642ef8a-9abc-435e-94b1-375c7e8e7578,34ec60c6-4248-4ad1-8dd9-759b309578a4,ee92d43d-33a8-45b0-a68a-9e826fe65fac,2026-04-21T00:21:32,2026-04-21T00:29:32,/category/jaffles,social,True
3bee8662-2a36-4f28-93a8-6aa4141e94ba,,,2026-07-06T14:32:02,2026-07-06T14:35:02,/search,direct,False
b298fa79-1213-4589-bfc0-5c85062cf20d,2e0d6ce4-794d-4494-bd1d-f44dbca8683f,d2644aed-cb87-4146-935f-c63c32b0a078,2026-07-20T19:33:03,2026-07-20T19:41:03,/,referral,True
40793dfb-5182-4d42-b1ef-38308a09239c,5e3636fd-a0a7-44c0-96e8-3d906cdbb119,087d3d32-8e23-4cd8-bc3f-020e7ffc7705,2026-07-15T00:39:07,2026-07-15T00:47:07,/,referral,True
29f3294c-cb2b-4f7e-9136-f073e34caf2a,,,2026-05-09T08:30:14,2026-05-09T08:50:14,/,organic_search,False
1f417729-ff02-4d02-bded-2344e4031d6d,e5873f83-602d-4424-9c5e-184c56c9d4ba,2d529464-b36b-41d0-a225-3661ae9a46a5,2026-02-17T16:32:06,2026-02-17T16:35:06,/search,organic_search,True
19fda046-e823-4f8d-8e60-f596c05c0fd0,,,2026-06-15T02:01:04,2026-06-15T02:46:04,/,paid_search,False
b0b8061b-ddc8-4f8a-82dc-d3add966c471,49c4bc11-2495-438d-9b87-3c395574433f,7d6425fb-6f3e-4d58-abce-c732e376eb74,2026-03-03T06:07:03,2026-03-03T06:08:03,/category/jaffles,direct,True
83e419e2-7679-46ec-a980-932a14ca955f,863114b5-ba0b-4849-bbc4-d76d59fd0215,8fb443e6-2937-4c9f-afd8-bff1b1e0a523,2026-07-28T13:17:22,2026-07-28T13:37:22,/category/jaffles,email,True
1c800123-a92b-4544-bf6a-00d57a088ecd,816f5acb-1a37-44ba-8ce8-25c40cec4d06,3681f832-2086-4af2-b000-c4fc8e5eb5f9,2026-02-19T20:18:06,2026-02-19T20:21:06,/search,social,True
02710a62-04f5-4ee7-92c7-b540462b1154,,,2026-03-30T10:14:20,2026-03-30T10:34:20,/category/beverages,direct,False
e0f46fe8-084e-4734-998d-74a8a273fcc6,,,2026-06-19T22:05:47,2026-06-19T22:13:47,/category/jaffles,email,False
3faa3e9d-bdcd-422c-9374-9f4929d1b092,19296d35-a0df-426f-88ed-d3f5323adb8a,2c33ea3a-a130-41ba-8377-b40b00fa15c6,2026-07-20T08:28:55,2026-07-20T08:36:55,/search,organic_search,True
68f1264f-ea61-4952-82b5-206ab68172d7,ce5ac3ba-cbec-4482-816e-1ee6def437e2,8558c2ab-de38-47dd-8cde-1888b5633055,2026-07-17T13:11:05,2026-07-17T13:14:05,/category/beverages,paid_search,True
dcf3139a-8712-4381-9286-1373f4ba9d51,,,2026-03-31T18:54:01,2026-03-31T18:57:01,/,organic_search,False
cbc458a4-013f-4451-93c8-7f7a043a46b2,,,2026-04-19T09:45:45,2026-04-19T09:48:45,/category/jaffles,paid_search,False
455571e4-dd4b-4c86-b568-6f807c658651,,,2026-03-04T04:34:38,2026-03-04T04:54:38,/category/beverages,referral,False
9eb10acd-82d3-4353-b68c-07e99aab710b,,,2026-08-08T12:52:58,2026-08-08T13:00:58,/category/beverages,organic_search,False
750e6918-e9f3-4dfc-9cda-78c18475ccdf,9e22e2d2-ef3f-4b75-8aa0-f3ae453183e1,f9b21507-12e8-43f5-bf2d-8e68f249281b,2026-07-16T17:51:53,2026-07-16T17:54:53,/category/jaffles,email,True
586a0a07-5203-40d5-989a-6073c701062f,,,2026-06-20T12:10:30,2026-06-20T12:11:30,/search,referral,False
78546481-d764-464c-a975-7bb87a7271e7,,,2026-08-13T11:32:08,2026-08-13T12:17:08,/search,referral,False
62c30941-8551-4085-b082-4317a49d2505,f03fb49f-283d-405e-bf8d-52046ca6e77d,,2026-02-27T06:05:30,2026-02-27T06:06:30,/category/beverages,referral,True
4457e49d-a272-4657-af28-720ad1d3a242,9368e74c-0581-4d77-9358-94e415a80423,dc18ff8c-aeb4-40fd-9d9c-275cfdf6bcbc,2026-08-10T17:32:57,2026-08-10T17:40:57,/,social,True
d0228faf-644d-47f4-98da-5a15f5f619cc,49421d99-2baa-4a3f-bbff-4e4d4e0062aa,0fd2e3bb-c702-4bc4-8bf3-963a7cabb03d,2026-05-30T21:54:46,2026-05-30T21:57:46,/search,organic_search,True
d30d186b-e069-4030-8265-ffe920b562f4,70a0c69e-1bf5-4805-bf9c-4714e193f75d,180991dd-8c40-45d9-b973-21665070f286,2026-04-24T01:29:09,2026-04-24T01:37:09,/category/beverages,social,True
9bd0f0ff-71e6-421f-ae2a-093fd92ba63a,670a79a3-05fc-4a33-8b9d-1b6df80347f4,3d6853b7-98f6-423f-99ec-b96a2fc0c2fd,2026-05-20T18:14:51,2026-05-20T18:17:51,/search,paid_search,True
ab964dac-6efa-4c4d-a0cc-69f508409a92,5d59a09d-7696-4e1b-a171-abe3b79fff2d,0cb53a2b-4b4d-4c1d-8d0d-209cea80168f,2026-05-19T20:02:01,2026-05-19T20:05:01,/search,organic_search,True
136049f9-d98c-4ee3-ab6d-16c394a18cfa,5dbe3a93-bfd1-48f7-8040-dacc81b641f3,f1667d9c-9e1c-42b8-b4fe-eaf7ed5be277,2026-06-29T14:54:33,2026-06-29T14:55:33,/category/beverages,paid_search,True
5c4c3b51-ced5-473d-bc36-c7d57a755aeb,,,2026-06-16T12:47:35,2026-06-16T12:55:35,/category/jaffles,referral,False
2ae12da9-bd8b-4916-b2d5-463f10798d63,,,2026-05-09T03:17:07,2026-05-09T03:20:07,/,organic_search,False
c4627dd0-0e46-4a41-9e06-c2d00d09307f,,,2026-06-01T01:55:39,2026-06-01T02:40:39,/category/jaffles,direct,False
96166df4-3bfb-473c-8a5f-de8299a9cd18,e77008c8-b7e1-4bb6-93d8-8383d6385531,,2026-04-16T06:41:57,2026-04-16T07:26:57,/,direct,True
0bed6ef3-79a4-4238-a486-0289ef20d324,,,2026-05-31T10:17:40,2026-05-31T10:18:40,/,paid_search,False
d5fba619-6fc2-417f-9ad8-fa4357f9e030,b4cc95b0-6dbf-4264-a3ef-43fbbadf652a,,2026-03-17T17:23:30,2026-03-17T17:26:30,/search,direct,True
c79c594c-e20c-40eb-91ed-ad822ce9923c,0db82818-585b-4e3f-9898-2a72727c2e42,97734947-936b-4331-a8e5-33caded7c946,2026-06-04T18:27:17,2026-06-04T18:47:17,/,organic_search,True
78327275-6912-439a-bcbe-e1e685075da4,17e24a9b-119c-4ea7-a53a-bb757c70ad0a,b4e16670-1fb1-4100-8ea4-3fbf204af2c7,2026-06-10T23:20:38,2026-06-10T23:21:38,/,paid_search,True
4afed6cd-325c-4752-865b-7faeba84c8e1,,,2026-02-24T01:24:57,2026-02-24T01:44:57,/category/beverages,paid_search,False
5dbbf5b0-af21-47ea-80b2-af877b1996c8,,,2026-07-30T14:23:10,2026-07-30T14:31:10,/category/beverages,referral,False
47b8665a-8f30-498c-ae98-ba448bc7655e,45514547-8413-41d4-ba88-c1240763e5e8,e49b348a-e589-4721-a3df-eb0ab13bd06b,2026-04-17T20:25:36,2026-04-17T20:28:36,/search,referral,True
3084f005-a6e0-4c45-bffd-f8f275ab1c8a,,,2026-08-10T07:05:51,2026-08-10T07:13:51,/search,paid_search,False
19f2618a-e94c-4e26-a4b7-e0697a7ffad6,f419edd5-8bb5-4809-8cfc-599ab209f6da,83b11150-fba6-4bb6-9938-08decd8df7f0,2026-03-31T23:03:08,2026-03-31T23:04:08,/search,email,True
fc2a6126-d3fd-4a7f-b132-66c58820f521,59292cdf-6314-4444-aee9-45a78c76dcbe,,2026-06-04T07:40:22,2026-06-04T07:48:22,/category/jaffles,organic_search,True
df74d29d-168c-41f3-9c5f-dcefc73c6ef9,6939d1d2-fba3-4888-8c53-6898bb73c26f,abe2e158-f3a5-4137-b428-e7d2c116dd21,2026-03-30T11:33:54,2026-03-30T11:36:54,/,paid_search,True
b95bbdf5-b02c-4235-ad70-56b267993848,,,2026-04-24T00:34:04,2026-04-24T00:42:04,/category/jaffles,paid_search,False
41c5caa6-63cf-4ddc-a97e-5795a66487f2,376d586e-00b0-4a49-9695-ddac46fb337e,,2026-07-11T09:44:53,2026-07-11T09:47:53,/search,social,True
778fdb79-08b0-4f81-91c7-db38efd0c58e,31d39d83-97c5-4a86-8d98-c9ea5e4d6505,,2026-03-28T11:47:17,2026-03-28T12:32:17,/,referral,True
75a1678c-f26e-4668-93da-074219114c69,b51ad0d8-7b4d-4859-8de9-fd9feb62c888,e3a124a2-7434-483d-b008-6593d65ff156,2026-04-04T16:52:10,2026-04-04T17:12:10,/,referral,True
7f45aea6-0d6b-4e02-9643-dd66661769d6,cd8175bc-ff34-4742-8b86-61ec290e632f,48097bd3-9e80-442b-8d25-c1a57d236851,2026-04-04T09:38:00,2026-04-04T09:46:00,/category/jaffles,social,True
553711e0-d3a3-4f61-9c64-92636e67ca9f,a2ae6f2d-02bc-447f-9852-0d197780e7d4,,2026-03-21T15:25:21,2026-03-21T15:33:21,/,referral,True
3f4edaba-941b-48ce-94b5-98cf43c4b415,,,2026-03-23T15:39:40,2026-03-23T15:42:40,/category/jaffles,direct,False
ab3f42c1-dfc4-4694-8347-8888695ef362,848bb1e9-3367-4758-8f73-e886fadfadab,75fd135f-003c-44cd-9f2b-713911d5ce38,2026-05-23T23:58:38,2026-05-24T00:06:38,/search,paid_search,True
b667eca9-f6d4-46b6-bfd8-e48b0beda69f,,,2026-07-14T17:30:07,2026-07-14T17:31:07,/category/jaffles,referral,False
bad9df5b-66d8-4a2f-a4c5-273d8f927bc1,4740d6a5-b760-477f-83d9-7d1c3e04f0ba,,2026-03-02T20:02:56,2026-03-02T20:22:56,/,social,True
6be15808-d890-4a01-92a1-de1c703b3100,7d0a9ece-1d73-43ea-98e7-8bbe21e890ec,7c9f2a1f-8c8f-4c4f-aeaf-ed2ccce00584,2026-07-04T15:38:42,2026-07-04T15:41:42,/,email,True
0497eb42-1ca9-4ba8-8a06-0a5129cd60cc,,,2026-08-14T20:35:16,2026-08-14T20:55:16,/search,direct,False
389ffa7f-f7bb-4c6f-a6a0-eb40898f3b03,3455f0ff-3219-4cd9-acd8-091f34518293,7379b5b6-fa02-4846-a5c9-dc40b9024fcd,2026-04-30T16:04:47,2026-04-30T16:07:47,/,direct,True
af7254cf-3e11-4116-b319-5579bbcdf1fe,7863e37d-24c8-4e18-8730-ea7e2a65606d,e3e89b41-3f82-4971-9c62-da6921e60e6e,2026-03-16T14:00:08,2026-03-16T14:20:08,/category/jaffles,direct,True
78d69d50-f46c-4c8b-b065-2f4ce0cec795,12c154ff-46ac-45a7-921c-2404994ecc21,669010b3-0654-4c43-b432-56634cdf42ea,2026-04-26T01:07:12,,/category/jaffles,referral,True
6241139e-8495-43e5-bd49-7d6cec29ce72,0872893c-bf01-4853-b91f-a1cc0263fedf,,2026-03-26T04:41:50,2026-03-26T04:49:50,/category/beverages,email,True
9ffaca03-89f4-4a39-b922-b99a67e3326e,,,2026-06-25T00:15:04,2026-06-25T00:18:04,/,paid_search,False
79b4b004-59b8-48d8-8e0f-be66b29c1f07,430e5411-6ed3-439b-93c3-e885b2a37d0f,4c808e49-2bd0-48aa-b41b-41f4228a207f,2026-05-19T21:14:35,2026-05-19T21:59:35,/category/jaffles,social,True
ec5ab073-7dd1-40fb-bd72-ee9651273bfa,2f0fa97b-f713-40a9-8e11-3e18580cd97b,4439e1b7-16b9-4bd1-934b-04c0b25dad32,2026-04-28T16:07:38,2026-04-28T16:52:38,/category/jaffles,organic_search,True
7c7a5600-e530-4449-b098-17a644c07314,45233069-2809-4274-b243-98792794b3e9,425fed5e-69b4-4ce5-ae8a-1a0888ccc754,2026-07-28T08:31:48,2026-07-28T08:32:48,/category/jaffles,organic_search,True
9b1d4ccc-e92f-4558-af6f-3962dee5302c,58491188-36e5-4fb3-ab3b-514e78a270a6,8e39a628-f9e7-457e-bc79-3cb7f7a14ec5,2026-08-15T14:50:44,2026-08-15T14:53:44,/category/beverages,email,True
e0fbd8a7-ebd7-491b-becf-ec83ce33e4bf,49a68f77-776a-4b4b-b668-48e489f414ae,806f3850-93de-4701-94c8-e8ef507b6856,2026-05-28T07:19:25,2026-05-28T07:27:25,/,email,True
6ec7ee46-f99c-40b2-a3ac-ed8e9c3ed356,07837268-1f07-43d7-a271-fa0ab4370eee,b9cde203-78c3-41a5-aa4e-2fbd6fc2f4a3,2026-05-06T04:03:27,2026-05-06T04:11:27,/category/jaffles,direct,True
7e04876c-86c2-4f76-a17b-f4a0f417d2a8,,,2026-06-12T05:58:58,2026-06-12T06:06:58,/category/beverages,paid_search,False
d22c4025-6aea-4636-afd6-f6dd6872f1fe,2aee3fe5-2eb0-4391-bb79-d4d4ffdd9931,996ebda2-4b7c-4298-b59e-ce149070ea46,2026-04-28T15:20:12,2026-04-28T15:40:12,/,referral,True
c73df032-1f23-417f-95c6-366ce2da1246,f8486fce-bc07-4a4f-a6e9-ed6a06ba996c,8093e971-8185-4a1f-9fdc-efe4f08a5b26,2026-04-07T17:08:19,2026-04-07T17:11:19,/category/jaffles,paid_search,True
c39dd507-921c-43fb-bb15-c9d94c38c193,1a1fa253-a2de-457a-9397-7c6c80d5d589,,2026-04-23T15:37:07,2026-04-23T15:45:07,/category/beverages,organic_search,True
3b923550-f0d1-4bd0-a873-5276180d987d,43317971-4c76-44db-9b97-011579286ea5,a12276d4-7cc5-4366-adcc-852d68237509,2026-07-17T14:23:58,2026-07-17T15:08:58,/category/jaffles,social,True
e28b8e09-49d2-4e76-85d1-406203146aa4,,,2026-05-31T19:56:43,2026-05-31T19:59:43,/category/beverages,referral,False
fefdad83-77f0-43d5-bc97-78703eb5e7cc,5d5ea9b6-fefd-4e25-850a-9c2d365e7e27,,2026-06-25T03:10:22,2026-06-25T03:30:22,/category/beverages,organic_search,True
bff49e0d-437b-44d0-a400-e94992d9a66d,,,2026-05-11T11:36:14,2026-05-11T11:56:14,/,organic_search,False
e6ce8d6c-64e9-4a54-bbb0-bbb9b4b88775,902c8ddc-8ba2-42a6-b380-4afc64f50ffc,89d07c54-7399-4c34-b923-52941944c8a1,2026-07-07T16:10:07,2026-07-07T16:13:07,/search,paid_search,True
edc5775f-32ce-4f0d-b672-0d4fe74a8eb4,,,2026-07-09T17:54:19,2026-07-09T17:57:19,/,social,False
ad774d22-be8a-4802-91e3-427038afedd2,7d4b9dcb-d4ff-42fa-9c58-5657c61f4954,4427964d-94cb-40b3-95ca-4a1d8a5e52ab,2026-04-30T00:36:09,2026-04-30T00:37:09,/,organic_search,True
ee6bdfe9-d6e6-4f32-9ef3-2bef9e2a71a0,adaf0597-4b7f-4b6a-8881-40f3787bc862,4f891213-6fd1-4725-9073-27d7d8467344,2026-07-15T15:45:56,2026-07-15T15:53:56,/category/beverages,paid_search,True
39350289-3db5-46d2-ab0b-86130d3ce22d,a3d91be1-b5d9-4d3c-bdd8-ab49cd378f30,25ffdaf0-4bca-4251-bac5-fc3603e00120,2026-04-13T11:19:49,2026-04-13T11:20:49,/category/jaffles,referral,True
2f6f0724-6243-4f51-b884-756c2e08dd7c,,,2026-07-30T00:26:59,2026-07-30T00:29:59,/search,social,False
bae72887-9720-4abe-a821-d4d42bd034c8,8e104807-9dc2-4625-a1b7-9d858ddd96de,ef143d54-60c9-4d8e-85cf-ed8a497ef6b9,2026-06-09T21:51:26,2026-06-09T21:54:26,/search,referral,True
47efd85a-8e0c-4b96-b9c5-1c24a9828b68,1a1fa253-a2de-457a-9397-7c6c80d5d589,,2026-07-06T01:07:13,2026-07-06T01:08:13,/category/jaffles,social,True
4a74845b-ae42-4a97-9a79-9f6a97f7ca90,7528c8de-b892-4894-8892-94a29730aa9c,223ca82d-cba1-4205-bbf4-1489af96ae5b,2026-03-04T19:12:17,2026-03-04T19:20:17,/search,social,True
206a15f6-4f87-44be-9e0a-7d97eb8e727c,967d3e2d-8b15-4f43-a6b5-d1dd3934707d,,2026-02-24T11:22:11,2026-02-24T11:23:11,/,organic_search,True
5882dc78-d075-4a53-853c-aadd7419dbf7,66983396-cb40-4613-8d6d-306b8f9ca5c4,d54f6dbd-cfc2-4783-a20a-a7dfcab85525,2026-04-20T00:05:23,2026-04-20T00:25:23,/category/jaffles,social,True
0ed92293-648a-4bdd-96a1-21da082b0bfd,a3d91be1-b5d9-4d3c-bdd8-ab49cd378f30,25ffdaf0-4bca-4251-bac5-fc3603e00120,2026-07-06T07:05:39,2026-07-06T07:50:39,/search,direct,True
d2491fd0-a4c2-40d7-a51d-6b6767c9b428,35292459-521c-4d3a-a786-3b68116663fc,de41e2bb-a6cd-4a2a-9377-c90dfb8aab46,2026-03-29T06:30:49,2026-03-29T06:33:49,/,organic_search,True
82e99ab9-ba0d-4eb9-b017-b5f4bfb00c0b,300faed1-594b-427c-894e-c46855f06f22,b3d35547-5c65-418a-8031-d90e789a63d9,2026-05-06T23:32:08,2026-05-06T23:52:08,/category/jaffles,social,True
0a879cb5-903c-42ec-96f8-29dc694572e4,b81636bb-71f3-4ace-8eb7-628abe1eac07,53cb0eda-49cb-4871-93cb-d123fb3f91ca,2026-06-15T12:00:47,2026-06-15T12:01:47,/category/jaffles,direct,True
298cd3a4-1bb2-4c2f-8550-64f5ff8446e6,5bbca380-854e-47a4-ae5c-fd631650a115,d4bc3c91-980f-44d5-9a92-01820e5c925f,2026-07-06T15:17:53,2026-07-06T15:18:53,/search,social,True
e85ceb7e-6676-4b08-8e7a-acc45ff0aef8,faae2750-9c1c-4c70-96ed-e845374e4e5e,,2026-06-18T14:30:04,2026-06-18T14:31:04,/category/jaffles,paid_search,True
4ad2f76c-643f-446f-bb19-0aa67a85e9ed,e215d555-cc18-4890-8969-89abf72d28ae,be7b468d-bb9b-44b7-9bc3-5fa64c196066,2026-02-17T05:59:28,2026-02-17T06:02:28,/,paid_search,True
49360c4d-46d6-4daa-82e8-b528ba12d877,8ebb4b7d-ed19-43be-a647-6c3a9a6a166a,,2026-03-06T01:37:47,2026-03-06T02:22:47,/category/beverages,paid_search,True
55319200-2170-4b06-b854-d4058da1b451,,,2026-06-04T03:14:55,2026-06-04T03:17:55,/search,social,False
b95d55ba-29ca-47fe-b2d4-05764f1d62af,58491188-36e5-4fb3-ab3b-514e78a270a6,8e39a628-f9e7-457e-bc79-3cb7f7a14ec5,2026-07-09T17:38:46,2026-07-09T17:46:46,/search,email,True
7775088d-0e45-4832-b60c-319ff23c367f,49a962c3-f4f1-4c85-accc-a1e3a243a202,1e59ca79-8c1d-469c-8892-641f4b74f965,2026-05-16T00:03:39,2026-05-16T00:11:39,/,organic_search,True
07301a94-0166-4730-a4e6-1071e76a38e5,b01b46fd-8f75-4db5-806d-c5c5980008c4,05f040bb-7cea-449c-a18b-31a2d6415cd2,2026-05-12T11:46:44,2026-05-12T12:06:44,/category/jaffles,social,True
911a11d1-e140-43e2-b83d-b842e1fb0b4e,,,2026-04-01T16:49:15,2026-04-01T16:57:15,/category/beverages,organic_search,False
967ca2ad-0c50-4553-bb4a-180fa6d43383,0c621caa-4854-43bb-ab8f-74e1f79ba3e4,,2026-07-12T15:32:47,2026-07-12T15:35:47,/category/jaffles,email,True
5b9c83af-397c-441b-a3fe-bc3a2b29a92b,899ea741-e615-4f9e-ad30-286f6f306f00,441b6182-8993-4497-a96b-a520600a15ac,2026-07-17T10:40:05,2026-07-17T10:48:05,/category/beverages,direct,True
8babfab6-cca7-4b63-9ebf-776ab88a1798,e50d93de-3e78-4f09-8406-df4f27f26c8f,a90fa1ae-707a-4f4b-bb56-7520f6bc443d,2026-03-06T08:39:27,2026-03-06T08:47:27,/search,direct,True
ed79c9b6-a798-42b9-9ca5-7804ecd57066,,,2026-03-05T14:44:23,2026-03-05T14:47:23,/,social,False
62a22988-4bbd-46ac-b342-4a6af5ff8dc4,,,2026-08-14T16:34:43,2026-08-14T16:42:43,/category/jaffles,social,False
d30ffb38-5727-453f-bada-95b3ce08654c,,,2026-06-30T08:47:59,2026-06-30T09:32:59,/search,paid_search,False
4878b76d-3d40-45b3-99e0-37a185cdea02,ffd40778-a37e-453c-81d1-9a769cac4692,,2026-03-04T08:49:21,2026-03-04T09:34:21,/search,social,True
522111d3-680a-4c14-91e9-4229aa67698a,6d83b2dd-2590-42ba-8d66-d65101b1a517,3217400c-b565-42f8-9e83-4a6989f5fa98,2026-06-06T06:46:13,2026-06-06T07:06:13,/category/beverages,direct,True
ae40108f-097f-4518-a9f4-79ed5106c376,6b9cd81e-126c-4c53-b6b5-575d78951256,d552df94-5e2e-4176-9e10-f0eb4883d94c,2026-07-20T13:06:26,2026-07-20T13:09:26,/search,paid_search,True
15eecc76-6e65-486d-ae46-e8bedaa47ea0,d23755ac-d315-4dfd-ae80-4fa042f7d833,bdc97b1b-66b4-4c92-8e67-f0034342dd25,2026-05-29T20:02:04,2026-05-29T20:05:04,/search,direct,True
fe029af8-10ef-4bab-956f-fe3a7d196b4f,866ec748-2021-45f8-9170-6c393fca1e65,61d802a7-e25e-44d5-bfa4-09ffd17de7a6,2026-06-11T03:14:16,2026-06-11T03:15:16,/search,referral,True
00c8c133-7dae-44b2-9719-9194cb4b7cbf,0815e683-4b1e-4ea3-b9e8-9d06bbfaedb5,779d88d4-262e-4b08-bb4f-fa5609c436cf,2026-03-10T14:42:58,2026-03-10T14:45:58,/category/jaffles,organic_search,True
d970e80e-b0eb-42c9-a6bf-5a2ba5b31226,2e2960d6-f2e9-4048-b234-fb21f0f72405,d532d7f4-5dcd-466a-9bc3-90948b2169be,2026-02-26T10:58:51,2026-02-26T11:18:51,/category/beverages,referral,True
24dfc21c-d4cc-4c38-86f9-6da1022887d5,b66095e0-346f-477d-8c25-3b70d4dfab70,9909a455-4aac-4de2-be78-9f4943b6acbf,2026-04-16T21:02:05,2026-04-16T21:47:05,/category/jaffles,paid_search,True
db326d39-5c49-4493-8f73-2457c6fce494,9c98b2d4-f4f3-440f-b28d-0e1ca7a152a5,362ed288-23b6-4663-996a-794a7b8e179b,2026-03-23T02:50:17,2026-03-23T02:53:17,/,referral,True
3032014e-15b1-4240-8606-5c70008fb820,,,2026-06-25T11:16:42,2026-06-25T11:24:42,/category/jaffles,email,False
91be67a0-8673-4cb6-aa75-1073c89698e3,a5066e8e-de65-4798-9ed5-f6cae5f86031,989efba8-acc4-44fc-b98a-113da7b55aac,2026-03-27T02:13:48,2026-03-27T02:21:48,/category/jaffles,referral,True
6b5192a7-8336-449f-b207-a18d6c4f2b7b,,,2026-06-19T20:05:48,,/category/jaffles,direct,False
73fc882c-8267-4055-bf17-e643b29180b0,943fb486-16d5-4258-99e7-8340b1862e76,74e82a39-f98b-4d04-9f2f-ffa7c66d89b7,2026-07-29T16:41:21,2026-07-29T16:44:21,/search,direct,True
a940b68c-49b5-4b36-8299-bba1c6c249f7,,,2026-08-10T19:57:08,2026-08-10T20:05:08,/category/beverages,social,False
e43a4537-479e-4e58-9ddc-8132959bd3a6,6d91807a-84e4-47c1-8e47-925d52e0dd48,aca7cf38-2ac9-4926-86cf-6abeedc960fb,2026-05-29T01:12:10,2026-05-29T01:13:10,/,email,True
a77552c3-f2e7-43d1-9a8c-cf78ee6f8f9f,aece6b12-b296-4a1b-991c-ab89ac207fed,,2026-05-04T09:05:59,2026-05-04T09:08:59,/search,paid_search,True
ae1ac1c8-6ee4-46dd-b543-a7ff4fe53786,bb9bad76-c7ec-4f36-842c-54c3bbb40467,5a1bf1f8-b588-49d4-8b24-c589419f749c,2026-02-28T18:59:16,2026-02-28T19:44:16,/category/beverages,paid_search,True
27a31a6a-c681-4cff-91ad-3e5de31a30ea,6a49a618-20de-4b7a-af94-1b4afeb9a85e,9088b8fa-88a2-4349-b746-3a4d6ecfa711,2026-05-11T06:48:47,2026-05-11T06:56:47,/category/beverages,organic_search,True
cfefb486-a64c-4e81-9be8-0cf3c55f22d7,b169789c-d0e8-4853-819c-555646263d18,8bae9732-bc22-4990-bdbc-9ba30fa9d1b0,2026-07-10T09:08:36,2026-07-10T09:28:36,/,organic_search,True
74cdc86d-9188-43c4-b202-2bae953a2efa,,,2026-08-02T22:13:05,2026-08-02T22:33:05,/category/jaffles,referral,False
e71a6a21-5690-405e-a63c-7a921280de14,,,2026-07-09T11:01:52,2026-07-09T11:04:52,/category/beverages,social,False
168ef2f4-ab85-4a0f-9a06-97bf313c26b7,,,2026-02-17T22:34:15,2026-02-17T22:54:15,/search,direct,False
785ffa47-01e6-4039-8164-387d46e91b00,,,2026-07-30T13:35:37,2026-07-30T13:38:37,/category/beverages,paid_search,False
2191e8ab-82d4-46d8-86c4-2d13577960eb,,,2026-04-28T14:44:22,2026-04-28T15:29:22,/category/jaffles,social,False
e32ea6f0-ab09-4292-8634-fa270f19aa53,,,2026-04-30T05:32:47,2026-04-30T05:35:47,/search,referral,False
b65a7d57-1cd8-4898-9ee5-0448882aa40f,f285aab8-56d5-40ad-92f1-61b0a4498890,4e7daf0d-d53e-4e0c-9d34-d8b2ebfade78,2026-06-16T11:23:23,2026-06-16T11:43:23,/category/jaffles,paid_search,True
4a3071eb-1c41-41a3-a617-9a9db18899b0,,,2026-07-07T21:29:56,2026-07-07T21:30:56,/,organic_search,False
13e60827-f1c5-4a9e-9e31-0403ff63a0de,,,2026-08-09T03:16:17,2026-08-09T03:17:17,/category/beverages,referral,False
0fb2b7e4-adf0-4fd2-9882-f62161805468,a296a891-b126-44e1-a271-9228cc28b3bc,628a40a1-fa72-49b2-8992-1a1ad2a1fcd1,2026-07-15T08:41:47,2026-07-15T08:42:47,/category/jaffles,email,True
c216c99c-05ea-4605-8481-89161b39de9f,faae2750-9c1c-4c70-96ed-e845374e4e5e,,2026-07-31T04:16:04,2026-07-31T04:24:04,/search,direct,True
31166fc7-0694-4e73-950c-9a27e2d86993,8f34cf8e-4ab5-436b-b34d-d43e654c8d6b,,2026-04-29T15:42:03,2026-04-29T15:50:03,/category/beverages,organic_search,True
c24f00d7-e4ab-4143-bf2a-89cf64440ed7,,,2026-03-31T11:44:03,2026-03-31T11:47:03,/search,social,False
276f3bca-ee90-4b7b-a68a-f687d720eb76,,,2026-05-06T01:45:54,2026-05-06T01:46:54,/,referral,False
f2059b34-8ed4-4f4b-8b5c-72f9ce41e699,07365e1d-9d4c-4185-859e-d5757178280c,03e52767-788d-47bf-841a-6ccd7015ba64,2026-08-09T19:17:00,2026-08-09T19:20:00,/category/jaffles,direct,True
b92d6e6e-2ffb-4790-bf4a-aa9ca720b47e,,,2026-06-19T13:35:50,2026-06-19T13:38:50,/category/jaffles,organic_search,False
c70f76ee-0215-4824-8ba9-921bef190aec,32927010-1d7d-4cd9-a500-593804ff0e77,,2026-04-23T12:43:00,2026-04-23T12:51:00,/,paid_search,True
e2726331-8647-493e-93bd-9898adcec38b,,,2026-07-29T11:13:54,2026-07-29T11:14:54,/,paid_search,False
a59d3651-e960-4c46-b256-12ce210208da,,,2026-05-18T04:12:28,2026-05-18T04:57:28,/category/jaffles,email,False
82051739-1178-41ef-a113-cb5941e11d6a,3d0fd916-f8d9-4f59-9d2f-75d16ed75c58,8522038e-3f3f-4ef9-b324-89bc6c203e88,2026-06-10T18:30:06,2026-06-10T18:33:06,/search,organic_search,True
32e7f0a0-6943-4583-b057-079229934498,49a962c3-f4f1-4c85-accc-a1e3a243a202,2ee0fe90-8b60-4c37-958f-5bf500766429,2026-04-08T15:34:38,2026-04-08T15:54:38,/category/jaffles,social,True
6a241b87-2190-4f46-b6b2-63f307d8baed,a98f640e-492a-445a-8a0d-7d444e98f1a9,87769f4d-7419-417f-bea6-6d386dff3ff9,2026-04-11T02:11:17,2026-04-11T02:31:17,/search,email,True
60a1c3af-852e-4281-970f-c45294026bfd,,,2026-02-18T08:49:33,2026-02-18T08:52:33,/category/jaffles,referral,False
b19bc890-142b-44b3-a304-0dfd47325250,85e030d5-7bbc-494b-baab-665c95549265,a4e92760-1289-4fa3-9d9b-e47fd8f6c271,2026-03-01T18:11:31,2026-03-01T18:31:31,/,organic_search,True
57b4c4cd-63ae-42a8-a9dd-7a358cba9701,,,2026-03-27T03:36:06,2026-03-27T03:37:06,/,direct,False
7d1a69e4-c4ac-466b-93f2-13a273fc9f62,c6abaffa-11df-4987-9806-71dced92f534,f75f57fb-10a1-4468-a068-906eb76cdf41,2026-04-19T23:21:33,2026-04-19T23:22:33,/,social,True
ffb76c5b-3cdd-4925-b3af-bf4a35be2742,,,2026-04-10T08:14:00,2026-04-10T08:59:00,/search,referral,False
d3e5b6b3-be94-4622-ab39-a3010c7dfcea,bd463573-d217-4411-9ac0-8b72bd7609cd,1a164fcb-d0b6-4bfc-811f-7a6bd50f84ec,2026-04-24T03:13:57,2026-04-24T03:14:57,/,paid_search,True
b6dcd9e5-4a22-4353-980a-0881a61bc4c2,,,2026-03-01T12:42:45,2026-03-01T12:43:45,/,paid_search,False
9dab7111-1425-48a3-a933-f1f6ed4f83cc,cd8175bc-ff34-4742-8b86-61ec290e632f,48097bd3-9e80-442b-8d25-c1a57d236851,2026-06-10T19:16:28,2026-06-10T19:24:28,/,social,True
276e5b72-1f35-47bf-bacd-6d85747a021a,14dec3ce-7570-4c3f-af8c-e9c0d74cfcd2,5c68b3b2-57e7-44b0-a5d4-1980e12b618d,2026-02-16T21:17:10,2026-02-16T21:20:10,/category/beverages,direct,True
bd7ac125-4cf6-421f-b64d-d2e43d7805fa,,,2026-03-16T03:53:40,2026-03-16T04:01:40,/search,paid_search,False
30751ddc-4bdf-4217-b616-abddd12d71e7,,,2026-07-29T01:09:19,2026-07-29T01:12:19,/,referral,False
3eea9e45-32ef-4396-8373-ae040f3a4356,090fb913-1317-4169-b150-64e304451d38,4d78b04d-669c-4ceb-bb15-dfc9abd8e2a7,2026-03-16T11:26:45,2026-03-16T11:29:45,/category/beverages,organic_search,True
8ed860b0-e028-4790-af7d-e705eccb1401,e7f5d853-30ed-4302-9303-e11752f57b2f,8e536272-2611-45b8-bbc8-399c7d068a82,2026-07-01T09:49:45,2026-07-01T10:09:45,/,social,True
59e9cb54-63a4-450d-9813-a89f18cf0e37,91c5349a-5fb8-43b5-8af3-1b0018617bc3,,2026-08-06T09:15:46,2026-08-06T09:12:46,/search,email,True
dca034a6-b4fe-4600-adfa-5cc999942fa3,,,2026-08-16T03:35:47,2026-08-16T03:36:47,/,social,False
bac7da5a-7784-4929-bbb4-4267733f3239,1233e680-06d7-4b38-8c6e-796ef158556a,7b7850b4-61df-45cd-95e5-9bc771f57491,2026-05-08T00:24:04,2026-05-08T01:09:04,/category/beverages,paid_search,True
3c40635e-cc6f-4f2a-b0d5-9a57982381a2,,,2026-05-24T11:44:01,2026-05-24T11:47:01,/category/beverages,organic_search,False
a9953af0-1234-4faa-ac24-48c01bd4211d,,,2026-04-03T00:31:10,2026-04-03T00:39:10,/category/beverages,paid_search,False
99443bb3-adf0-4712-96c1-89115911879d,,,2026-06-18T17:04:02,2026-06-18T17:12:02,/category/jaffles,referral,False
74d2abe0-8e5c-4ac0-af4a-51a5f2173536,,,2026-04-06T05:38:01,2026-04-06T05:46:01,/category/beverages,paid_search,False
aa41af0d-cafd-41dd-a069-c0b147d1198e,5ed25035-4723-4154-823d-a8c8b4c02e51,,2026-05-22T17:37:58,2026-05-22T17:45:58,/search,direct,True
3c029f88-4bca-46ac-8a2a-fb2d39ba27bc,a792d50a-1570-450f-901a-c26bc3b4a9dd,3df9857a-351e-4dd1-916f-1e9dbe9c6cbc,2026-05-07T16:10:36,2026-05-07T16:30:36,/,referral,True
eef33c26-86d3-4306-b46c-d86ad8fa8b80,,,2026-03-16T03:36:43,2026-03-16T03:39:43,/category/beverages,paid_search,False
92597f1c-62ea-43e6-b96a-89fb7a8c3e1c,71c65b56-3757-459a-ac5b-b50c76fb6a5e,71503259-6628-48aa-bc21-5b5458faf652,2026-05-23T15:13:32,2026-05-23T14:28:32,/search,paid_search,True
518edb2b-56c1-4cb8-8159-bc404669709d,d50199e3-7c9b-4921-9920-d234b5fc561a,a8b9cfce-8aa0-47b1-bd2f-58002f3251c5,2026-03-11T20:51:06,2026-03-11T20:59:06,/,email,True
03120b0d-d9dd-4567-b446-19119fce3b8b,,,2026-07-21T00:34:32,2026-07-21T01:19:32,/category/jaffles,referral,False
41d96225-4288-4882-b393-fc4f5cad5154,15aeedcc-eed4-453e-850c-7f876e54c4ab,f08d149e-0f69-4ca3-9cd4-d8b7cbf35220,2026-08-02T06:23:04,2026-08-02T06:26:04,/search,referral,True
ba5de97f-5760-4afe-9466-aa45b4849fa0,120d57b9-de14-4717-aefe-ab126645435d,4816ccdc-751f-4362-a1fb-0ed50e408be1,2026-05-13T01:48:48,2026-05-13T01:49:48,/category/beverages,referral,True
ba33ed28-d5e7-436c-95da-89678e0362c2,10687c1c-9437-400c-a604-0e19882c65e1,6d48a5a4-594c-407a-861c-a15e900c3644,2026-08-07T18:32:52,2026-08-07T18:35:52,/,direct,True
61fbd0a1-5ff8-4355-bc8c-05fbf702dd31,466ab61a-8180-4d06-90cc-2a380a0e6f0f,3b050d8a-3bd0-4496-9350-d971b0e1d82c,2026-03-06T14:06:12,2026-03-06T14:14:12,/category/beverages,social,True
d90ec979-43e1-413d-a7ea-c5eaa32db420,,,2026-08-07T07:51:04,2026-08-07T08:36:04,/category/beverages,direct,False
d368d54b-e782-449c-87ce-f2bc81e84a8e,,,2026-02-21T01:02:38,2026-02-21T01:05:38,/,referral,False
f3486f86-910b-4b50-a205-bb530497c1f1,341ed9b2-1760-4720-a1b1-42681d273c63,2282baa1-1c63-4e0f-9358-4a089c351af4,2026-05-16T13:30:29,2026-05-16T13:33:29,/category/jaffles,direct,True
db0d6a53-b196-4b30-8eae-e1aef96998a9,,,2026-04-20T10:22:02,2026-04-20T10:42:02,/category/beverages,organic_search,False
d3cbc7f0-3dce-4852-890c-f11b261edfd3,5b6d3273-0554-4f9d-bc05-2157626c1ad0,b4420200-4166-408d-81eb-5028e6deaf98,2026-06-05T19:39:11,2026-06-05T19:47:11,/category/jaffles,direct,True
d8b35c04-166f-4ad0-b553-460113562ee7,,,2026-07-21T05:15:23,2026-07-21T05:16:23,/category/jaffles,paid_search,False
9828ce70-1bb0-4a76-9534-108842b1095c,,,2026-03-25T22:27:41,2026-03-25T22:28:41,/search,email,False
dc039b5c-c7e0-4fbd-8cb0-d7b56acc67f6,41c59ae8-bcd0-4d00-b8e9-bfaa0ce5913b,9ae1fe6e-3708-4242-9a19-73e37be49665,2026-03-05T10:37:20,2026-03-05T10:40:20,/category/beverages,paid_search,True
8180c650-a7fa-4c95-bb39-17fd7273e919,0313557a-f7d4-4834-be26-3977f30a5235,b8914921-844f-4e54-b259-1209567036db,2026-02-25T13:55:32,2026-02-25T14:15:32,/category/jaffles,email,True
0ef70ebb-456f-40f7-a95e-3c867efb3e5f,,,2026-04-04T04:21:08,2026-04-04T04:22:08,/search,paid_search,False
868cba09-5dd0-463d-822b-1596ab6582e9,bacd6bed-844e-4650-8181-7f73dd1352e2,18a0e557-8737-4477-9339-9ef594a01d66,2026-05-14T16:50:24,2026-05-14T16:58:24,/category/beverages,referral,True
96b0e55f-a79c-46a3-9c5e-913a62ed319e,ead66f31-3437-42c5-9145-8281898ce326,,2026-06-20T06:04:44,2026-06-20T06:24:44,/,email,True
46e5d218-5a90-46fa-a6b8-6b43af57b425,69819ace-cccb-4f20-aa31-be439b1b8e2b,94295fef-e280-4e53-bdd4-032e854f0c37,2026-04-17T23:19:23,2026-04-17T23:22:23,/category/beverages,paid_search,True
55379913-5e64-43aa-a94f-9882f2979f0f,,,2026-06-29T06:55:35,2026-06-29T06:58:35,/,paid_search,False
261e17d9-642a-4467-ac8d-5bbc238116ab,7bb37398-522c-4b94-95aa-882d79ae2041,e38dea20-70ba-4442-9102-3d26357befee,2026-07-12T15:17:11,2026-07-12T15:25:11,/category/jaffles,email,True
5883a041-62f4-4723-9868-8f427d1b9472,,,2026-04-28T21:08:51,2026-04-28T21:28:51,/category/beverages,paid_search,False
ca8bc037-0dbe-4cb0-a01c-781915bad10f,d2d5925b-c91a-440d-a613-0c76f88845cc,69e6361d-1965-4955-9cdb-1b5228f64403,2026-04-02T10:25:12,2026-04-02T10:26:12,/search,paid_search,True
598fe3e5-beac-4400-8af9-a13e562da0fc,,,2026-03-03T06:50:58,2026-03-03T07:10:58,/search,email,False
2ffaf9b5-4c0b-4362-911e-24be7b34558e,,,2026-04-26T17:24:30,2026-04-26T17:27:30,/category/jaffles,email,False
4187c198-d15a-434c-914a-bfc5f1d2db0c,e215d555-cc18-4890-8969-89abf72d28ae,be7b468d-bb9b-44b7-9bc3-5fa64c196066,2026-02-17T13:57:41,2026-02-17T13:58:41,/search,referral,True
2bc8e1ae-bbbf-402f-8132-b6cd0c3a97be,bcff2252-fa4f-4a03-88eb-6ff7b0e010a0,,2026-06-22T10:52:50,2026-06-22T11:00:50,/search,organic_search,True
35049490-7e18-4298-ba30-b7eaf814cecd,96aa3e1c-ce39-4f76-b813-c9b4d59c0cdc,dd7b787b-0a8d-43b5-b4d6-89aaae632d24,2026-04-19T22:18:26,2026-04-19T22:19:26,/category/beverages,social,True
83d175b8-143c-48ff-9896-dec3fea485b6,,,2026-05-23T03:16:25,2026-05-23T03:24:25,/,social,False
218e350d-36b5-4849-b4e7-a714c9dd38fd,,,2026-03-01T20:51:33,2026-03-01T20:54:33,/search,direct,False
cf2de29d-3c80-4b38-b632-9dc97bccb17d,,,2026-08-06T22:56:12,2026-08-06T22:59:12,/category/beverages,email,False
2cdca9dc-9d1e-46d6-b8c5-fa0404876030,,,2026-04-03T09:25:43,2026-04-03T09:26:43,/category/jaffles,direct,False
c8d7e3ba-a6ae-4649-a2dc-a8caa4a99303,8f06b288-f9eb-454f-adef-47f12b7572d7,3a75cb60-d2d8-4a29-b309-9e9f6899f35f,2026-05-14T13:39:35,2026-05-14T14:24:35,/category/beverages,email,True
601fb629-95ce-4663-bc12-deafc742c1e4,ed79e1d1-f247-47da-b20f-17c6184db706,9914fc82-7993-4c1f-a872-39e77504a5f9,2026-02-18T01:58:46,2026-02-18T02:43:46,/search,referral,True
65d0a12d-19ed-439b-ba0a-96d2367eb352,,,2026-03-23T04:56:33,2026-03-23T05:04:33,/category/beverages,referral,False
4ef6514d-d829-4a24-a601-db8aecce758b,,,2026-04-15T00:03:46,2026-04-15T00:06:46,/category/beverages,organic_search,False
14dcb576-015a-4270-87a6-e4fc69930de0,,,2026-05-29T11:14:03,2026-05-29T11:34:03,/category/jaffles,direct,False
1d5cb048-fd42-4d0d-8ed6-5d61c71f80ab,890861ac-5e77-4568-aaff-807b37e6f872,c3832612-a478-43ca-be7e-0a9abcf37b8a,2026-05-18T14:38:39,2026-05-18T14:41:39,/search,organic_search,True
73b96cdf-413a-4bef-88a5-31c05dd2f4d6,05e61dfb-4365-41c3-8f86-f9b259998765,,2026-02-20T05:05:37,2026-02-20T05:08:37,/,paid_search,True
a2c05d53-bc5e-4566-8d9f-136328491908,303bc5db-08d0-4431-b6df-29c80d0321da,59b15ca6-b9c4-499a-82ac-f59f00e967e0,2026-06-19T10:58:47,2026-06-19T11:01:47,/,direct,True
fdc63183-494b-48ce-8145-230e04038e3c,6afcdfd4-7162-4241-9932-0cf1f3a2b6e7,d2c83fb5-0353-4a16-bdb0-619ddeb56b97,2026-03-07T22:26:52,2026-03-07T22:29:52,/,organic_search,True
b4dbbf9d-4f95-4e25-8312-d9fabbb4092c,672a02fc-236c-4c57-9ef9-218b783ce0e3,a835a226-fcc9-44a1-897c-4cdfbd45b507,2026-05-11T09:17:43,2026-05-11T09:20:43,/category/jaffles,organic_search,True
938717cb-baff-4483-bcb0-4d53e9944075,92bac428-565b-4fba-a911-e9f3dc3c5ad8,bf0df9a2-e053-4960-bb47-98bc6ee6bc11,2026-03-12T15:37:27,2026-03-12T15:57:27,/,paid_search,True
a612a5d6-0b8f-427b-881e-598507ce0f0d,4a81b4c3-9e04-4757-a7c6-3191447eadc3,a26307ed-7bf3-4f06-8028-30004e74a3e2,2026-05-09T03:58:24,2026-05-09T04:01:24,/category/jaffles,paid_search,True
20705953-ee61-4e48-b9bc-d7a5cb2367e2,8c5628d0-6d15-4a6d-80f2-9c723e39ba83,12db0e63-03dc-4886-a389-ecd45a46878e,2026-06-10T02:20:58,2026-06-10T02:21:58,/category/jaffles,organic_search,True
6e8c0614-6879-4f50-b727-f969bf685fea,,,2026-04-28T23:09:32,2026-04-28T23:17:32,/category/beverages,organic_search,False
30f37df3-3888-44d3-b2a1-6740051470ce,,,2026-07-04T07:28:38,2026-07-04T07:36:38,/search,organic_search,False
fc05103b-e81e-4ccc-b342-97212ab398b0,2f771a5a-3d76-48e3-985b-b7e91e092c46,ad583c96-5b7b-40dc-8fe3-90ac826c73ee,2026-06-29T18:13:25,2026-06-29T18:21:25,/search,referral,True
448d6aee-34c4-4542-93c5-f2cedb0cbb98,,,2026-05-31T05:23:51,2026-05-31T05:26:51,/,referral,False
0e8f57a3-d74c-4125-b974-ee3c78c48e8e,,,2026-04-04T20:29:19,2026-04-04T20:37:19,/category/jaffles,organic_search,False
d147c35d-cb0a-4b46-a188-682c7ec848a2,b08f3b44-9c9f-407f-a89d-961068f5f58c,a3a25955-f48a-4151-a2f6-1032d20155db,2026-06-19T02:13:46,2026-06-19T02:16:46,/search,organic_search,True
0cbfd139-87ce-4a3c-ac02-49110f27a792,a9976a20-42e5-4c26-a2d0-6ab72973887f,be27a5ce-8b27-414b-b423-933c21b21988,2026-06-03T06:28:52,2026-06-03T06:31:52,/search,email,True
8c64cf6d-faab-47e4-8796-78f1679300c9,355d89d9-bf5a-41df-9382-a5e57cbbbec4,541beeb4-f249-4ae6-8a3f-555d986b6a12,2026-07-14T11:54:04,2026-07-14T11:57:04,/search,referral,True
b6516ee5-2e7d-4f04-8c17-b09949ac5b8b,,,2026-07-25T02:31:59,2026-07-25T03:16:59,/category/jaffles,referral,False
1638e565-f385-4563-8acd-b98386fcb639,,,2026-06-28T04:18:57,2026-06-28T04:19:57,/search,direct,False
c95a9169-0c1b-493c-a0f0-399b27d8dc7b,,,2026-07-24T23:38:45,2026-07-24T23:39:45,/,referral,False
75be324b-1112-4fc1-81ca-a4c478104393,bf03895d-6d44-49a2-8183-81c4e89eac75,e4d4f934-0d77-497c-9764-6c23118c7f6c,2026-06-29T09:25:47,2026-06-29T09:33:47,/category/jaffles,direct,True
82c3d0e9-26c9-43b7-9b28-0d300cf2278e,d9464bcd-0a19-4058-8fc1-bea843e6c339,,2026-02-16T14:14:40,2026-02-16T14:22:40,/category/jaffles,social,True
37372551-1b46-4b23-8646-a7c3b478fee3,758d0e66-e551-46a4-b8f9-0a98d7161e93,9135d603-63c8-4119-8b56-afd7ab76b73d,2026-06-02T04:19:19,2026-06-02T04:39:19,/category/jaffles,email,True
252d39fd-5adb-42f7-b6ab-1dc55453414d,,,2026-05-23T10:48:57,2026-05-23T10:49:57,/search,social,False
41044d56-ec2b-4d57-abdf-2fa2e690216c,cb969dd8-a609-4b10-b213-d1011a90ef2b,0ca9bdaf-1d90-4936-8753-c32a033c541a,2026-07-22T16:41:35,2026-07-22T16:49:35,/category/beverages,referral,True
6290d5a5-09c2-4f58-9847-54d2c396f5f9,e6173937-b216-46db-b863-ec7526285150,6c2fcb25-21c6-491e-8792-0ee0e320d62e,2026-03-12T15:11:38,2026-03-12T15:14:38,/search,email,True
883fecdd-1d2b-4f1c-8ddb-547ffef820cd,352810e9-e0fe-4062-a808-83f47ad5f4d4,722e7bc1-29dc-4da3-85e6-5b862d8770f2,2026-07-12T15:18:30,2026-07-12T15:26:30,/category/beverages,organic_search,True
d3c78537-7cdb-4680-b3ad-409ddbde9d5e,04b679f3-0691-47bc-975a-fdac41f52db4,dea98f94-dbb3-453e-a253-297b55c1e4a6,2026-03-19T09:03:35,2026-03-19T09:04:35,/category/jaffles,paid_search,True
45f190f2-555d-4490-8191-d94d7cb59bd7,8e91d584-8798-4b43-a077-64b5334460b3,,2026-02-25T11:32:49,2026-02-25T11:35:49,/,referral,True
2a484975-bb7a-4755-b8d3-00cf582eba92,,,2026-03-21T17:18:26,2026-03-21T17:19:26,/search,email,False
00268d00-09e6-4e41-bb75-447459879dd5,ddd9ed38-6351-4568-b08c-8f6c92cb84a8,,2026-02-26T13:59:57,2026-02-26T14:02:57,/search,paid_search,True
9f6dc069-f040-4a61-bed8-2da50b8bbef2,534f7dee-6c8b-474d-b7be-41fa1dbbe93a,e78dfa68-9bc2-4464-b747-6a53fcf23197,2026-06-28T06:47:58,2026-06-28T07:07:58,/search,referral,True
d11c848c-7593-4b26-ad55-81f8e2f3be7f,,,2026-04-06T18:06:17,2026-04-06T18:26:17,/,organic_search,False
ef9a3491-3ab9-4410-bc48-32d81a7a626b,,,2026-05-20T04:16:14,2026-05-20T04:24:14,/category/beverages,social,False
a129769b-c8cb-468e-b956-fffc1082cdd9,,,2026-06-05T16:11:34,2026-06-05T16:31:34,/,email,False
39e4b7bb-9859-41ee-9482-a65faf02b00b,,,2026-06-11T04:13:25,2026-06-11T04:16:25,/search,organic_search,False
334cc349-b45e-46f8-a7fd-fe18353e539f,890861ac-5e77-4568-aaff-807b37e6f872,c3832612-a478-43ca-be7e-0a9abcf37b8a,2026-03-14T12:20:06,2026-03-14T12:23:06,/category/beverages,organic_search,True
430ad658-a2f8-473e-983b-ae1617b93357,34b17474-7fef-4a04-8009-f83028f66521,ef05bccf-0a78-4480-a6cf-4d4689560535,2026-06-27T03:42:31,2026-06-27T03:50:31,/category/beverages,referral,True
1087b74d-de58-42e3-968e-5b45e8174434,4b8b181e-668e-45d4-a8e3-7180a41cf064,eaff9c53-d2bf-45a0-93a2-ae2ae6ac8177,2026-04-08T18:33:29,2026-04-08T18:36:29,/category/jaffles,social,True
d567b001-5d43-4a5c-963a-b6640530eea3,,,2026-06-15T23:33:21,2026-06-15T23:36:21,/search,social,False
0d6cd226-7685-4509-9ae4-8b8c22934e71,94a6d963-227a-4d07-92a6-0bb60ebd66e6,fd53ceca-bbed-4412-bd2d-c4f94a1ae300,2026-06-13T00:02:00,2026-06-13T00:22:00,/,referral,True
e2bb48f2-a6bd-41ab-96b3-558044731e78,,,2026-07-10T14:19:42,2026-07-10T14:20:42,/category/jaffles,social,False
3bf1139d-9ddf-4068-9e77-b3dd6e176071,92bac428-565b-4fba-a911-e9f3dc3c5ad8,bf0df9a2-e053-4960-bb47-98bc6ee6bc11,2026-03-26T08:22:15,2026-03-26T08:30:15,/category/beverages,paid_search,True
6bc32739-4513-43de-bb0e-fbd3385e9963,98c7adf1-31bc-45c1-85fb-dbf53b4a53e2,f8798241-298e-4671-9509-9ed6890d42d8,2026-03-01T16:18:21,2026-03-01T16:38:21,/,paid_search,True
fdce6843-f32c-463c-938a-a23072aa8cc5,a768163c-0781-430b-8703-ce1ce473c762,f61949d0-65ce-4c42-a2df-c6e62650b893,2026-07-02T05:05:41,2026-07-02T05:50:41,/search,email,True
1a4294c8-71ae-4604-b938-67b73f5f848c,073c6c4c-9988-45b0-9224-7ad4e69d8c6f,424330d6-0143-4559-b560-bf757dd4fe7e,2026-04-29T00:18:18,,/category/beverages,email,True
8e857389-de44-4c08-920b-d945da7f51f3,28447ab4-5e16-465e-acd1-7fcacd2d97e2,,2026-06-17T06:35:48,2026-06-17T07:20:48,/category/jaffles,email,True
45c7c56e-a1d3-456e-ae8b-906d9481bc96,c6abaffa-11df-4987-9806-71dced92f534,f75f57fb-10a1-4468-a068-906eb76cdf41,2026-04-08T16:15:59,2026-04-08T16:23:59,/search,referral,True
a4d69e37-8a34-4dcf-8ee6-9a65ae7f4a5b,612533b6-7eaf-45a2-b9d4-06192ce5620e,339ee578-3f52-4249-a4ec-0287354cb074,2026-03-28T17:41:30,2026-03-28T17:49:30,/category/beverages,referral,True
03f24712-8c0f-43f5-9a99-7978d9f8bb7d,9094466a-3714-44da-802d-85c2317b80e5,,2026-05-13T06:39:19,2026-05-13T06:42:19,/search,email,True
10fa82f1-27d0-4e92-a5ad-68531b8df886,,,2026-05-08T14:28:33,2026-05-08T14:31:33,/search,email,False
18b9bf7b-ef25-4e5b-8ac6-21c1e88a6b09,bd463573-d217-4411-9ac0-8b72bd7609cd,1a164fcb-d0b6-4bfc-811f-7a6bd50f84ec,2026-03-12T22:10:03,2026-03-12T22:11:03,/category/beverages,organic_search,True
c15812ff-15a6-476b-b187-a88337b9fb1f,,,2026-03-03T08:47:14,2026-03-03T09:32:14,/,direct,False
ee34d275-fbd3-4e58-9678-cd0b6cccf11a,529867fe-75f6-4cd9-b913-543b3d6e583c,,2026-05-14T06:25:21,2026-05-14T06:26:21,/category/jaffles,email,True
8dc7386c-e732-44ec-af00-90bbf3f02dd0,c958448f-45d7-416d-a358-45098ec2a9da,,2026-05-21T04:43:51,2026-05-21T04:44:51,/category/jaffles,paid_search,True
bff205c7-92ff-4fcb-b793-964235c6ed62,8678daa5-37e5-4e54-8c81-551df8fb8c0a,eabb4a4f-018e-402e-bb0b-917f5f2b7cab,2026-04-12T19:34:58,2026-04-12T19:37:58,/,referral,True
17d7b1a9-32cb-4383-8005-9d25e58488a4,99b2e147-d4f4-4a75-8f55-17304a277ed2,,2026-06-26T18:05:53,2026-06-26T18:13:53,/search,referral,True
85341913-53f9-4451-8856-bf831c2136cf,fa08fd03-3569-400d-9d63-e8ae15712195,d6fead53-1254-4b73-8812-ddb2aec69006,2026-04-03T16:00:21,2026-04-03T16:01:21,/category/beverages,organic_search,True
4b8847c5-b4c3-424d-abb0-62836f2534ae,f9f4d7f7-6884-4f0c-88d9-0d3432a666ca,68135d8e-e42b-4325-9070-e4860b19dab0,2026-06-10T15:36:29,2026-06-10T15:39:29,/search,direct,True
45b974f5-b3d1-42da-acfc-7fbc28345eb3,0872893c-bf01-4853-b91f-a1cc0263fedf,,2026-05-10T13:52:31,2026-05-10T13:55:31,/,referral,True
c9a893fb-7215-4abe-aa53-34003560c21c,,,2026-08-14T02:39:21,2026-08-14T02:42:21,/category/beverages,paid_search,False
1748f53d-44e1-42f5-8f54-57dc17bc01fb,e7f5d853-30ed-4302-9303-e11752f57b2f,8e536272-2611-45b8-bbc8-399c7d068a82,2026-05-13T11:14:39,2026-05-13T11:17:39,/,direct,True
a29a3004-0774-4b52-8e7a-ce7c44d1aa2c,,,2026-04-10T19:21:25,2026-04-10T20:06:25,/search,organic_search,False
ea096338-a65e-4dae-886d-1416f9179bd7,b0da7a9b-77d7-407d-8506-51705503fa05,14fc8c14-32b1-439a-816f-788d6c06b407,2026-03-09T14:48:35,2026-03-09T14:51:35,/category/jaffles,referral,True
ba1c8dac-a5cd-4ca0-8345-b31d53f8949d,,,2026-05-19T21:27:04,2026-05-19T21:35:04,/category/beverages,organic_search,False
8a2859f1-981a-4b5b-ba65-e59f5a75bd38,36708614-1e24-453b-8593-b03eb1a7c5b8,9d8aacca-06b3-4dd6-ae9c-7eb8c5fba6de,2026-03-30T01:58:08,2026-03-30T01:59:08,/category/jaffles,social,True
fddf6e6c-cf57-49e1-89a1-47559912ea5a,4b761c33-8a8a-4dbe-a0d0-fa3261b391ee,6d9bc668-a32d-4b22-b7d8-3f87aaf8a657,2026-04-04T08:51:43,2026-04-04T08:54:43,/,paid_search,True
95cf2fff-e453-4e7e-a235-00446c4b44f8,,,2026-06-12T16:59:38,2026-06-12T17:19:38,/category/jaffles,direct,False
1eb392f0-7432-4545-ae8f-abb349105b08,,,2026-02-28T00:00:21,2026-02-28T00:08:21,/category/jaffles,direct,False
34b29217-5b1a-4f2c-a277-f4926afd82ca,,,2026-03-25T10:57:37,2026-03-25T11:42:37,/category/jaffles,referral,False
25a7532b-cc9f-4f79-9f12-ee7a339abf89,,,2026-03-21T09:46:20,2026-03-21T09:47:20,/category/beverages,paid_search,False
6ca7f55d-a630-4ca6-9846-a96897fe9b8b,7532eee7-0f38-4249-9459-e40b83d75db2,,2026-03-17T17:59:07,2026-03-17T18:02:07,/search,direct,True
65e61e4e-30b3-4759-a640-0aa76dde018e,,,2026-03-25T17:11:34,2026-03-25T17:14:34,/search,referral,False
bd9051a5-a3c5-41a9-8220-457a51597f40,41653b96-0020-4b26-86da-cb8f9aac99a0,cd6ee705-1b39-4515-8dd8-26d72e1c65ee,2026-04-29T16:18:05,2026-04-29T16:21:05,/,direct,True
2dc29b92-ae52-4035-9095-c218a14145fa,40da201b-b0f6-453a-97ca-b9d61306ad15,,2026-08-12T23:40:09,2026-08-12T23:43:09,/category/beverages,paid_search,True
e9cca0be-760b-4976-93d4-96d6e66514f7,,,2026-05-25T03:10:25,2026-05-25T03:18:25,/category/jaffles,organic_search,False
da296646-9cda-41bc-a735-0d142507a40e,,,2026-08-11T23:35:02,2026-08-11T23:43:02,/category/beverages,organic_search,False
a237315b-0c8d-43b6-903d-c1c2904c171d,d10408ec-2013-471e-b6a9-e3bcf0e25322,,2026-05-26T18:02:05,2026-05-26T18:03:05,/category/beverages,email,True
9416b165-8a2e-4105-999b-a8f9929e308c,748db0ca-899a-4da8-8177-2fa1ec2a9302,f240e0ee-f108-491d-8c8a-030d25b65714,2026-07-06T10:56:57,2026-07-06T10:59:57,/category/jaffles,email,True
fd0a06b4-1e91-4535-8d9b-8246722cde88,f55982fc-a2f7-407d-b845-3b32df0463f7,a1fcb40f-b9cf-44f6-85da-5333ce615e1e,2026-07-19T17:29:03,2026-07-19T17:32:03,/category/jaffles,direct,True
294d83b5-5e87-4a67-8ff6-197938775fbe,e0df02ff-f788-4191-9881-df0d6c775206,,2026-05-22T01:57:10,2026-05-22T02:17:10,/search,organic_search,True
5089f5bd-8557-4485-9310-7e322aa5e438,,,2026-05-28T00:01:35,2026-05-28T00:04:35,/category/beverages,email,False
4ca4a464-0ec5-40c9-b191-d2bf05bb44f7,,,2026-04-02T04:10:11,2026-04-02T04:11:11,/search,paid_search,False
69d09d01-54b1-4e6d-8c59-f6273eca1558,8e312b31-712d-4fc0-84dd-27ff2b1dd09b,,2026-07-05T09:46:26,2026-07-05T10:06:26,/search,paid_search,True
4784ed2c-a7a3-4306-92bf-fc6237263d43,265cf9a7-b023-492e-9e62-3896325f1c48,4be06c6c-e971-46e7-ad7e-8d54f34172ea,2026-02-19T14:11:21,2026-02-19T14:19:21,/search,organic_search,True
c592697a-3b52-4ee5-b7ef-dabceb0e8de6,af3dbfea-4df6-42c8-9826-57806904f81c,54984b2f-5212-4a0d-8872-82059e65002b,2026-07-23T17:50:04,2026-07-23T17:58:04,/,social,True
d6510800-b7d1-4124-90af-4300a45cbda4,7c45f68c-bbba-4b82-9457-03de08fe8287,fca9a6e8-73a5-478f-a2dc-e1f74c3f35dd,2026-02-26T10:40:57,2026-02-26T10:41:57,/category/jaffles,direct,True
a89b2bce-99f4-4fe0-a231-67a333f13c93,,,2026-06-30T05:40:29,2026-06-30T05:43:29,/category/beverages,referral,False
b0fc1740-7b3d-42bc-81ea-b145895112e9,9094466a-3714-44da-802d-85c2317b80e5,,2026-05-04T09:23:02,2026-05-04T09:24:02,/,email,True
8358b18e-53e7-4109-a295-8fdf5fe31133,7eaca096-c253-48ee-936a-8ea930759d59,c877cbcf-f8a5-4836-9d76-748465e33ca9,2026-03-11T09:09:05,2026-03-11T09:12:05,/category/beverages,direct,True
2ba33389-7ae0-4bfd-9426-765edb5597f7,,,2026-04-13T04:11:16,2026-04-13T04:19:16,/category/beverages,direct,False
468b8f9f-7c8c-4253-871f-81a25abf98dd,,,2026-06-29T12:59:37,2026-06-29T13:19:37,/category/beverages,paid_search,False
b8dae5c0-427b-4522-b3f4-1451bc29c4e7,,,2026-08-02T11:50:32,2026-08-02T11:51:32,/,organic_search,False
c4c1860e-8e49-45b3-b60b-ad4c2345e5e7,bd081d89-0320-4774-bb4c-798b6e253b0e,f12992d5-6cca-470b-bc11-9896ac27b632,2026-04-13T16:39:12,2026-04-13T16:47:12,/category/beverages,organic_search,True
cf5625f6-b4e8-40da-929e-61f3bec52f4c,,,2026-08-09T03:06:57,2026-08-09T03:51:57,/category/beverages,social,False
34a4c9f2-0124-41f1-8c04-aab872387643,3fa371d4-77dd-4e91-9a2f-86801b001903,,2026-02-20T03:55:23,2026-02-20T03:56:23,/category/beverages,direct,True
5d7a02dc-22c0-428c-be58-74efa06f0fa9,,,2026-06-02T08:53:41,2026-06-02T08:54:41,/category/jaffles,paid_search,False
41edf60a-780d-4d8c-af4b-a0d542ed5322,628b0262-278b-4522-aa31-ed61da01b78a,67cf0365-5e88-4b81-88d9-768957f18b37,2026-02-20T20:14:37,2026-02-20T20:15:37,/,direct,True
1438972e-af5f-403a-b9cd-bdc0c86cb893,67f25b4e-183c-4a43-9227-09966e445b42,76b693c5-337c-48a6-a66e-1864309cb78c,2026-03-21T13:59:00,2026-03-21T14:00:00,/category/beverages,organic_search,True
2a462a68-e6fa-4b73-8ba0-9a5e1735f6e2,d5e5a6a6-cb8d-4d62-8551-298dee7f1f9f,565eaa0c-405c-49fc-bcdf-3499bb726a1d,2026-04-15T20:15:48,2026-04-15T20:23:48,/search,paid_search,True
9924260d-dc77-4515-9d85-1b1eba9584ac,a2effce6-3ad2-4811-940b-bbb5a4ad9b67,,2026-05-31T23:45:19,2026-05-31T23:53:19,/,social,True
252f7ac5-9395-4a7e-bc56-353184e13bdf,76d2b7be-1fa1-441b-9de1-97c64d06c646,c79a00a7-afc0-4fd4-adaa-101099ba8802,2026-06-01T04:53:51,2026-06-01T04:56:51,/search,paid_search,True
5c3f9197-8936-48b9-8509-cb19bf63a684,e0cbd2e1-eee7-409c-9cf1-707eb4f867ce,5d98d38d-1813-4b22-806a-6a53d76d077c,2026-03-21T13:53:05,2026-03-21T13:54:05,/category/beverages,referral,True
94622810-afce-4290-a87a-a089986c310d,,,2026-03-11T16:18:36,2026-03-11T16:19:36,/category/jaffles,referral,False
286ae64f-1535-4827-89fd-6245a610af89,,,2026-03-02T19:42:29,2026-03-02T19:45:29,/category/jaffles,organic_search,False
f9121c98-17a4-4333-93ad-53de503b7e27,dcddb844-390f-4861-a4ee-0a32b75bb218,0115a250-4f4c-4313-986e-34c4437d223d,2026-02-26T00:46:53,2026-02-26T00:47:53,/search,organic_search,True
657fc1b7-ebf7-450c-a892-e62949952cc4,fa6de1f2-ff8e-43ea-8da3-98d975b096da,d53bd7b6-06fd-4082-8b13-663c5ab7942d,2026-07-14T13:58:57,2026-07-14T14:18:57,/category/jaffles,direct,True
47c9b8ef-c6ac-4c16-a856-ef7a8028b511,66983396-cb40-4613-8d6d-306b8f9ca5c4,d54f6dbd-cfc2-4783-a20a-a7dfcab85525,2026-06-13T14:15:36,2026-06-13T14:18:36,/category/jaffles,direct,True
db6ab405-01e7-457d-9cde-9480cacb049a,84ee8f13-e5a2-4988-8f65-daa65801c5d1,7e28f1bd-01fd-41a0-9cfb-8a07edd4c449,2026-02-23T03:04:54,2026-02-23T03:12:54,/,referral,True
be472398-4f7f-4aa5-aa78-8592a3a660ec,f4835f98-d82c-487c-8788-26a05c249db0,265178d0-bf60-4005-a9fa-cea7895b5a42,2026-03-22T20:58:04,2026-03-22T20:59:04,/search,email,True
5d8724ea-8d98-4d5e-93f0-d2997b0cd150,7e7c62c1-b8a8-4e9a-ab94-81a82d76e3e5,,2026-05-04T04:54:07,2026-05-04T04:55:07,/category/jaffles,organic_search,True
7e57a5f2-ccc0-4e2c-97a0-c82391487ee5,,,2026-05-28T18:52:45,2026-05-28T18:55:45,/search,direct,False
3da66110-6d3a-4aa4-a3ea-568fed69f656,23c5eb35-05e9-4347-8854-ee86ec27393e,,2026-07-10T04:11:42,2026-07-10T04:14:42,/search,social,True
1581cef2-3623-4bc9-bb12-38aec2663b21,e94d8a6e-9b23-411a-baf2-75f02c42d8cb,172216f4-1ca3-4e49-a4ce-093502f9bb80,2026-06-22T08:08:39,2026-06-22T08:11:39,/,organic_search,True
e9e96f11-4445-4d74-b7d4-41292a1cf135,,,2026-07-04T15:03:17,2026-07-04T15:11:17,/category/beverages,referral,False
743e5c61-788d-41f6-bbd8-e8dab31376bb,19296d35-a0df-426f-88ed-d3f5323adb8a,2c33ea3a-a130-41ba-8377-b40b00fa15c6,2026-03-04T01:32:47,2026-03-04T01:52:47,/category/jaffles,paid_search,True
823a0a3e-6195-41b5-80f9-611c8d6add4d,,,2026-06-06T15:28:56,2026-06-06T15:36:56,/category/jaffles,organic_search,False
f1e32588-7a23-484b-ad86-f1bb4fa015d6,7c66bbce-e687-4e15-be85-d960c3de159b,f1011a8b-a387-4880-8c0d-0559ef02cdd8,2026-06-15T13:50:31,2026-06-15T13:51:31,/,paid_search,True
97f92663-f2c0-4a39-9028-6c9433576f8e,,,2026-03-27T07:39:42,2026-03-27T07:42:42,/category/jaffles,social,False
71f76164-8f16-4e86-aeed-f85ec65932e7,,,2026-02-28T15:18:59,2026-02-28T15:38:59,/,social,False
19ddd249-1ab8-4bdb-b841-e15c810f25af,,,2026-06-18T06:57:30,2026-06-18T07:05:30,/search,referral,False
bf347550-8e1c-47a4-9e75-beec10e9fedb,,,2026-08-06T11:38:58,2026-08-06T11:41:58,/category/jaffles,organic_search,False
7528bd63-ebeb-4cd0-bf99-b06ddad60f4c,c958448f-45d7-416d-a358-45098ec2a9da,,2026-06-13T19:27:31,2026-06-13T19:30:31,/category/beverages,referral,True
10111ac4-ab7c-48a5-b6f7-bcd0606ecbbd,b01b46fd-8f75-4db5-806d-c5c5980008c4,05f040bb-7cea-449c-a18b-31a2d6415cd2,2026-03-14T01:46:09,2026-03-14T01:54:09,/category/beverages,social,True
8ba09aab-2cfb-4c9f-a450-371963314030,,,2026-03-22T04:13:59,2026-03-22T04:21:59,/category/beverages,email,False
5981107a-6e08-47e0-923d-fd4343c639d3,e4d6980c-4b68-4255-97a5-2540f5ef35bc,a4c0fe1f-fc18-40b4-ab4c-1673f7dea76b,2026-07-13T05:15:32,2026-07-13T05:18:32,/category/jaffles,referral,True
00f4d0fe-d766-4be6-b99f-9c6d515b7e5d,,,2026-08-13T05:53:03,2026-08-13T05:54:03,/search,direct,False
40255dee-c8ce-4fe2-a49e-528e13bd4ebe,f772193d-0b52-429c-ac06-5e9986fefa68,ad8dc3dd-6d83-425a-b64d-1a7cf857bd7f,2026-04-18T17:56:50,2026-04-18T17:57:50,/category/beverages,social,True
851d812f-8583-424b-8637-0e0073f18088,438005c2-dd1d-48aa-8bfd-7fb06851b5f8,1984573e-6485-409d-aa93-edf195bdeae2,2026-03-18T14:56:48,2026-03-18T14:57:48,/,social,True
9ce99fd8-1227-464e-9434-31d2a65bfade,,,2026-07-27T08:04:20,2026-07-27T08:07:20,/,paid_search,False
25f4c5cd-db20-44bc-9072-52f1e646522e,,,2026-08-13T22:47:22,2026-08-13T22:50:22,/category/jaffles,referral,False
d2787599-86b3-4ea3-b3a6-b20cff7eaf73,,,2026-02-22T21:00:03,2026-02-22T21:01:03,/search,organic_search,False
c3ca8a6d-0de4-49bd-8ad8-7d862bc329c1,10687c1c-9437-400c-a604-0e19882c65e1,6d48a5a4-594c-407a-861c-a15e900c3644,2026-04-14T07:17:16,2026-04-14T07:20:16,/search,paid_search,True
7926f518-ee53-417d-97a8-52263bac940b,06a161e4-302f-4ae9-b96b-2734ad33f946,680d1da5-4694-4972-87a3-f9ed2ba67fcc,2026-07-06T16:14:46,2026-07-06T16:22:46,/category/beverages,organic_search,True
3f348202-6b00-413f-9aa2-589890f4fbc7,97bbee89-2209-4d9a-9f20-d3327baf7efe,3175ed22-7837-4204-bb6c-abe74d42dad8,2026-03-22T09:59:02,2026-03-22T10:02:02,/search,direct,True
75054e1c-f9e9-4b11-bad0-5e75fb68ecfa,8d5d45b6-2bf0-4380-85a0-b73fcbc86e94,2fcc1a01-7656-4755-bdc3-c368eed879a0,2026-08-04T10:40:17,2026-08-04T10:41:17,/search,organic_search,True
75500ab3-0112-4797-a6d0-861adf7a1312,d4d6c47d-5048-4008-b088-4f13691fbefd,dcb863d3-bb73-4c1c-a784-b40d9aed09fa,2026-06-02T02:00:18,2026-06-02T02:45:18,/category/jaffles,social,True
3350ce26-f607-4a3b-969d-79106ad911f6,125d87d5-a36a-4f4e-865c-3122386e88ca,70f5d2aa-4605-49cb-a801-917c1c930056,2026-07-27T06:00:57,2026-07-27T06:08:57,/category/beverages,organic_search,True
0ff7baad-e2ac-457f-82e3-8d757f400349,132425e2-d22d-43aa-a372-e3d9bfd77f8c,,2026-06-28T07:30:47,2026-06-28T07:31:47,/category/beverages,direct,True
56ce77b8-782b-4ed5-8a36-15426054b663,55ae024c-4a5e-49d8-be84-2f493dc83880,,2026-05-22T03:08:50,2026-05-22T03:11:50,/category/beverages,email,True
31813d6b-8982-40ce-a1a3-683418a176e9,,,2026-08-16T03:25:34,2026-08-16T03:33:34,/search,organic_search,False
f5850ef7-f693-4b36-b125-73cec2fc4116,,,2026-04-14T08:42:37,2026-04-14T08:45:37,/category/jaffles,direct,False
d8bb830f-435b-42c7-b34e-0162ae4eda9c,,,2026-02-17T14:12:59,2026-02-17T14:13:59,/search,social,False
998610b6-928d-44f5-935c-70f77258cc02,bb9bad76-c7ec-4f36-842c-54c3bbb40467,5a1bf1f8-b588-49d4-8b24-c589419f749c,2026-03-15T18:24:28,2026-03-15T19:09:28,/,email,True
b4bfdad3-fce8-4ebd-b21f-ccfa9ffaa9b1,69819ace-cccb-4f20-aa31-be439b1b8e2b,94295fef-e280-4e53-bdd4-032e854f0c37,2026-05-28T17:19:22,2026-05-28T17:20:22,/category/beverages,social,True
9db5b719-8c0c-49de-8681-857db68020fc,598904ac-fa48-43af-8fe9-41388451ae53,f9ce8320-ff04-4453-8513-3ea16a1a4605,2026-05-16T22:37:40,2026-05-16T22:45:40,/category/beverages,direct,True
e07690ca-34fc-483e-b797-319368ca4856,333d41f0-5f4d-48cb-b3bd-042814f9b7f8,1d849927-d547-4af4-b929-50e33bc3b031,2026-08-06T20:49:26,2026-08-06T21:09:26,/category/jaffles,organic_search,True
e31bf0eb-468f-46fc-835d-3c377b450253,e100dd4b-6c96-4036-88a6-8813aa5a718f,57307d79-5a68-4e07-a1ec-b514ee122624,2026-05-20T17:36:22,2026-05-20T17:44:22,/search,email,True
0d01aaaa-40b9-45ed-ba14-7930610c6001,,,2026-05-03T08:52:06,2026-05-03T08:55:06,/category/beverages,social,False
64be49a8-36d4-40d4-a558-8cd6ea309dce,,,2026-06-05T08:05:38,2026-06-05T08:50:38,/category/beverages,social,False
830ad469-e79f-4085-803b-943baa1ed487,,,2026-05-29T13:39:42,2026-05-29T13:42:42,/,social,False
3a157ac6-0c47-4a8d-9e5a-067763282054,8ebb4b7d-ed19-43be-a647-6c3a9a6a166a,,2026-05-03T06:46:00,2026-05-03T06:47:00,/category/beverages,paid_search,True
19b7f5b9-bcb8-4aaf-8389-a7d2a7c7ec3b,3870073a-f764-4a2b-bc64-18e4569bf784,a7066825-d3cd-430b-ac17-8108934afe50,2026-06-02T07:19:02,2026-06-02T07:22:02,/search,paid_search,True
7c6df1b6-68db-4aa4-b77e-b17112ee9c89,3e28e5b6-fe21-474e-b5bc-95ac85c187ad,0e8f0c09-7082-4868-96f2-20b029462283,2026-03-24T05:48:55,2026-03-24T05:49:55,/category/jaffles,organic_search,True
a9151641-c597-4574-b5ca-6034a02dbb51,f24f29fa-33e9-41e2-8965-ac4e39be3919,65256166-ae24-4ac0-9c62-2776d9465e6a,2026-02-23T15:01:33,2026-02-23T15:04:33,/category/jaffles,paid_search,True
19170ea2-0e4b-476f-b556-6b1cc8dd4064,,,2026-02-24T05:45:31,2026-02-24T06:05:31,/search,direct,False
0df14f16-54d0-42c1-a01d-c90f268d4a43,,,2026-07-12T14:32:10,2026-07-12T14:40:10,/category/jaffles,referral,False
3b70e963-c57b-455b-b65e-b6a83de2375a,,,2026-03-24T06:43:23,2026-03-24T06:44:23,/search,direct,False
9be35e86-e0f6-4d5d-a4e3-e2cfc745e50b,,,2026-07-22T11:19:25,2026-07-22T11:20:25,/category/jaffles,paid_search,False
7581864a-3af9-4597-8387-0e64686bc220,,,2026-02-20T08:51:39,2026-02-20T08:54:39,/category/beverages,social,False
cd68aa5c-949c-4ee5-8d94-ab403e6d9bae,,,2026-06-22T05:40:54,2026-06-22T05:41:54,/,organic_search,False
985d3b62-39dc-485d-821c-51604cfa4df1,a9976a20-42e5-4c26-a2d0-6ab72973887f,85675693-1e0a-4731-bf80-d1fee3b5016a,2026-03-23T16:35:54,2026-03-23T16:43:54,/,paid_search,True
9cab9f80-37c3-4a1f-9284-440e36b2afb7,5b16d3ac-510a-4143-8a0a-785ce783f3d8,,2026-03-21T08:16:55,2026-03-21T08:19:55,/,direct,True
134a74cd-3030-407e-8027-a98bca02a7b0,758d0e66-e551-46a4-b8f9-0a98d7161e93,985c919d-5066-4287-9684-c31388aaaf77,2026-05-08T09:14:54,2026-05-08T09:17:54,/search,email,True
7c490da7-0bfd-4450-bad4-7610835df21b,,,2026-03-20T08:28:16,2026-03-20T08:31:16,/search,direct,False
4b1e425a-8333-4a4a-b394-7eecb138a868,913a8985-53b2-4a69-b2a2-3e44370275d4,a1fc3f00-146d-46ab-9a5f-4654555b3b33,2026-03-03T23:00:48,2026-03-03T23:08:48,/category/jaffles,paid_search,True
1ec780b2-e3bf-4771-81db-09196a77b084,,,2026-04-24T02:17:06,2026-04-24T02:25:06,/category/jaffles,organic_search,False
0ac56af5-291d-4391-936f-9a990323eecd,ce5ac3ba-cbec-4482-816e-1ee6def437e2,8558c2ab-de38-47dd-8cde-1888b5633055,2026-06-28T22:50:20,2026-06-28T22:51:20,/search,referral,True
43b47b69-e6f5-46fc-b655-c7b35d9d48fe,,,2026-05-14T07:39:47,2026-05-14T07:59:47,/,paid_search,False
f0530af5-953c-44a5-808f-03a91564704a,09a354a5-a7cb-4687-8a52-c4a71feba0d2,99d2a332-5d56-4e98-af89-838ebece7cb3,2026-07-26T21:16:31,2026-07-26T21:36:31,/search,referral,True
57a99049-3c00-4fb4-ad6c-65a27ec9707f,,,2026-05-16T15:29:17,2026-05-16T16:14:17,/category/beverages,social,False
8f2226c6-b97d-4633-bc58-de6241f93bfc,d6914b8f-0d72-4044-a61b-055adb02f005,23b85a15-2203-461e-a770-ea4ffe93da20,2026-03-29T11:06:07,2026-03-29T11:09:07,/search,email,True
560c8057-7f93-4e90-ad37-4e8c45e9c951,0313557a-f7d4-4834-be26-3977f30a5235,b8914921-844f-4e54-b259-1209567036db,2026-04-01T13:18:57,2026-04-01T13:21:57,/category/beverages,paid_search,True
fbf4d66a-ee5c-407f-9027-7f019044526a,55ae024c-4a5e-49d8-be84-2f493dc83880,,2026-07-25T17:34:52,2026-07-25T17:37:52,/,email,True
0e372df7-5dcd-4ddd-8648-11e804d7ca2f,c90ea8ef-05ef-4528-bb65-06a8180093d8,2e99aa49-5666-402d-9929-59c75faec7df,2026-06-21T11:54:52,2026-06-21T11:57:52,/search,email,True
ed25e26a-0a7b-4b98-805a-473b47868601,e9f40ffc-bea9-4cc6-abca-7fe897f37903,,2026-03-08T20:28:05,,/search,paid_search,True
0b81fa9f-cfe2-42b1-838e-cb1dfdd1df90,2030e11b-f809-402e-8a1e-00aa3cb751da,4e18c482-612a-430f-ba5e-1c25ca0139f6,2026-04-02T21:19:14,2026-04-02T21:22:14,/,social,True
afb59ddf-b2e3-4db5-974f-813a56a9a69a,,,2026-02-17T20:44:05,2026-02-17T21:04:05,/category/jaffles,direct,False
6306c88f-869f-455d-96d8-f24ed924dc7a,,,2026-04-14T14:13:40,2026-04-14T14:33:40,/,social,False
ac63800d-4d28-4558-924a-128add7722d7,8976b896-e0e8-4696-b268-5587e42efaa0,0201e498-6f64-4afe-ba18-65b1c90fec2a,2026-05-28T13:00:17,2026-05-28T13:03:17,/category/jaffles,email,True
5a5ce4ab-8886-4a2a-bddd-9ab52c1f7f8f,,,2026-05-21T09:30:33,2026-05-21T10:15:33,/category/beverages,email,False
bc6c88c7-a727-40f0-8742-6dec072cd373,e4adb740-2faa-44fc-bc18-4aa698032414,ba820d58-c2c4-4897-984c-a747e43d75ae,2026-05-25T05:50:52,2026-05-25T05:51:52,/,organic_search,True
62caa210-b28a-4dd9-b9d5-bf547d7cb580,,,2026-06-09T19:46:04,2026-06-09T19:49:04,/category/beverages,paid_search,False
ec03feb9-7944-432d-886f-a4493b27c18f,,,2026-03-13T04:16:13,2026-03-13T04:24:13,/,referral,False
3d5869a3-4ae4-4aaa-8072-7daa914214e1,,,2026-04-17T08:26:04,2026-04-17T08:29:04,/search,paid_search,False
a0f6f7fc-6f2d-48cc-8988-c80fc3cbd939,be6fcaa5-9911-4bb6-b97c-47eb53c88b32,06e5946a-b612-4c73-92c1-a5953982b338,2026-07-16T02:03:05,2026-07-16T02:11:05,/search,organic_search,True
a88b3979-69b1-4bfb-b1ca-751a2af321a1,,,2026-05-21T11:41:45,2026-05-21T11:44:45,/category/jaffles,direct,False
f26d643e-caec-4f6e-ab0d-99135ec1e2f6,,,2026-06-10T20:41:52,2026-06-10T20:42:52,/search,email,False
63efd204-24d8-47f7-9260-08ad850ccd7a,,,2026-05-14T06:57:36,2026-05-14T07:42:36,/search,email,False
8c1d3417-5ce7-41fd-a85f-6236dcab8dd2,d33f758e-ba0e-463c-ba18-0cd99108c547,3986917c-5242-449b-82bf-1fc49a3cd9b9,2026-03-25T16:35:04,2026-03-25T16:38:04,/category/beverages,organic_search,True
8c428b1d-a467-476e-a8cd-18c97165942a,,,2026-08-04T12:41:36,2026-08-04T12:42:36,/search,referral,False
a4ee1991-9218-482f-b63c-5d065052118f,04edb858-b8d9-455a-a1f2-f236df11a91f,,2026-06-08T07:06:45,2026-06-08T07:09:45,/,social,True
8c0400e9-6048-4800-8375-a72bdc06fbaf,80617fda-335d-411d-aed3-ca3917a8cff2,4f2edff5-772b-4276-83f7-2ff39fd1a8a3,2026-06-29T23:25:40,2026-06-29T23:28:40,/category/jaffles,referral,True
92c84427-b76b-498e-8543-0b4cc1ad030c,3785fc7c-35aa-4e40-b620-f54b10e8a832,f443aa6d-14da-4302-94e9-dfd04e674dc8,2026-04-23T23:32:37,2026-04-23T23:52:37,/,email,True
63253dff-92c4-4c6f-a56a-7b1c87558352,19fee9df-73a9-41e9-9777-18d2a79ab8b4,46a024f0-807b-484f-9c21-e6b947c56755,2026-05-24T12:20:17,2026-05-24T12:23:17,/,referral,True
1e0875e8-bdfc-4860-a71c-25fabcfdd5bf,eccb6e23-700f-4b9e-803e-9c681f12dd9e,dcf5abb8-723a-4717-8d3d-967b3b347269,2026-07-24T21:43:59,2026-07-24T21:44:59,/,direct,True
446f9797-1799-4803-8468-21237bd34aa5,,,2026-07-10T09:12:28,2026-07-10T09:13:28,/category/jaffles,organic_search,False
277147f4-f554-4b36-ae76-ba07607368d2,c630fcf6-11c8-465f-9498-0839aee67e55,2bdb1b43-4a37-4d92-bf47-6752a852be7a,2026-07-14T13:25:54,,/search,organic_search,True
36a78035-2c4f-4d33-855d-01a1ce2cf08a,993cbf30-efef-49e5-b5ad-7aaf3db149a3,81dabd0c-8ed8-4b43-9e13-21acf6078c62,2026-06-30T11:45:52,2026-06-30T11:53:52,/category/beverages,direct,True
e1e15fcb-e8d4-42a4-aea5-47e29994e6e1,1b25718d-795f-4b30-a424-50167ae8c0ad,1d0e0e0f-edb7-43c6-bda8-44cac0a6e1f4,2026-08-02T03:00:01,2026-08-02T03:03:01,/category/jaffles,social,True
18c80759-db3d-4441-af12-276eb9409608,,,2026-03-19T14:27:13,2026-03-19T14:30:13,/category/beverages,referral,False
8bd0cf11-59af-4e90-af6a-66438e533ec0,0b7ba743-6819-4540-8542-b7fa14bd996d,b04b00f6-4232-4189-9d7e-954ed137f341,2026-08-03T17:50:10,2026-08-03T17:58:10,/category/jaffles,paid_search,True
8fefaae9-df7a-4ae6-aa01-70692045ef97,adaf0597-4b7f-4b6a-8881-40f3787bc862,4f891213-6fd1-4725-9073-27d7d8467344,2026-04-07T13:00:00,2026-04-07T13:01:00,/category/jaffles,social,True
19b35c10-8c57-4367-ae13-8bc2d5d6f79b,,,2026-05-25T08:17:36,2026-05-25T08:37:36,/category/beverages,direct,False
63bd7486-ceae-4019-a386-474a52d9577c,5fccc95a-c30f-4525-a4a6-43861baae99a,f664a745-126d-4b79-b9ca-4482375f13a1,2026-06-30T20:40:27,2026-06-30T21:00:27,/search,referral,True
1584b1f1-888a-4fe3-8b51-1ee8cc0984d9,,,2026-03-24T22:47:25,2026-03-24T22:48:25,/category/beverages,email,False
3ef6aa4a-8808-441b-b5d1-c6e10b61fd84,4ba2a669-8d0b-4aef-96c0-aae24b7711ff,1a9559fd-ddc3-447b-8f6f-60930e0f79e8,2026-03-12T11:59:59,2026-03-12T12:00:59,/category/jaffles,direct,True
951869da-843c-471f-872b-960ab1b34b89,0c7084bc-19a5-4ad6-bb26-a25f9c09b324,,2026-06-14T03:53:39,2026-06-14T04:13:39,/,paid_search,True
092164d8-df31-4ee2-b1b8-3f23c8a03ffa,,,2026-03-09T20:30:36,2026-03-09T20:50:36,/category/jaffles,organic_search,False
efbdab44-e007-48f7-b9f4-a982ac7f1067,d477b62b-46ba-4eaa-a26a-8e3d43ea5a28,216315e1-80a5-4a4b-a9ae-447ebad831c2,2026-03-13T19:06:58,2026-03-13T19:51:58,/,paid_search,True
2ab3a9b3-1a75-49d7-9372-7a0246852b56,627b564c-f368-4634-b7f8-d7e1c5ee980a,cf36e3d8-342e-4e0d-8655-d848c742aafc,2026-04-13T05:29:41,2026-04-13T06:14:41,/category/jaffles,paid_search,True
0b6df32b-31d7-4aec-80c7-bfc77a2ef184,485b6c22-4f0b-4e0f-bfba-0c9d38a0122d,97cce258-cc90-4046-905d-9f0bd4713bc5,2026-03-06T05:19:41,2026-03-06T05:20:41,/category/jaffles,organic_search,True
6f637889-5f31-48a5-96d7-52c7215cd7c6,45514547-8413-41d4-ba88-c1240763e5e8,e49b348a-e589-4721-a3df-eb0ab13bd06b,2026-07-03T19:42:21,2026-07-03T19:43:21,/search,paid_search,True
43e4aedb-162e-4644-84b6-ae4cee1cdb03,,,2026-03-06T23:08:35,2026-03-06T23:11:35,/category/jaffles,organic_search,False
0b6e517c-8f47-4e32-bc06-bb9594393f5f,33d208d7-91f2-4d70-9f75-c1bf87481c15,297fc3b0-5016-4a47-8d40-b1060bc64517,2026-04-16T18:41:23,2026-04-16T18:44:23,/category/jaffles,social,True
5beec13e-e11c-4272-a175-cd3795ab46f9,,,2026-07-17T06:50:18,2026-07-17T07:10:18,/search,paid_search,False
ec85f59c-6d90-437b-8554-72b4d3fd3c4b,582e9081-9542-4d02-9ed4-d41c93fa8b2c,ee387f84-fc26-4abc-a54c-058ba59cc53d,2026-03-30T10:54:48,2026-03-30T11:14:48,/category/beverages,email,True
4f3d0fac-3027-4972-9ab9-c5a8dfe41135,3cec8c73-424f-46c6-a5a7-cb5cd5141538,fe6f70a5-66d6-414f-9200-001a98d82372,2026-07-03T13:48:19,2026-07-03T13:56:19,/,email,True
9f838d60-8f15-4677-b06c-9c81d6569fc5,,,2026-04-26T06:31:12,2026-04-26T06:34:12,/,email,False
4252bd5b-cc59-4e48-9860-75631f3a50f7,b43d4e7f-d2c2-4f0e-a706-cfd02d61a398,9cf17d22-e253-414a-a809-1f824017eced,2026-03-08T08:18:20,2026-03-08T08:21:20,/category/beverages,organic_search,True
eeee4058-5d92-44a2-bc73-7f6f1599066a,,,2026-08-01T10:06:47,2026-08-01T10:14:47,/category/jaffles,organic_search,False
b8366638-216b-4ba6-8a6b-721258b23ac5,96f4e93c-c759-4fc7-b4a3-c8a153858bea,98570d82-0110-4411-8479-2cf7a45de9f3,2026-08-06T20:46:08,2026-08-06T20:54:08,/category/beverages,paid_search,True
cb204adc-1049-45c4-8ddb-4eedc6f3cafc,,,2026-03-29T16:41:28,2026-03-29T16:49:28,/,paid_search,False
9be9b252-ce18-418b-8626-8b10171b9f2b,,,2026-04-27T10:38:06,2026-04-27T10:39:06,/search,paid_search,False
317cd3ad-b8e9-4dda-a3f6-e2a153f7143b,77b903b9-c97e-44ae-8274-9dea7b101277,47fd745a-9379-49dc-817f-164715ea1f8f,2026-06-11T20:05:07,2026-06-11T20:06:07,/search,social,True
9e9c0b3e-78d1-408d-8615-32c2cecdfef5,33326773-e843-48d9-9641-9990733d705a,8c11e45e-ebf0-4df0-96fb-d41dcbe63bba,2026-02-23T19:29:48,2026-02-23T19:32:48,/search,organic_search,True
748f3a0d-7acd-40d9-9dd5-e83c364083fc,1740f65f-2823-4d8a-9ff9-2bf6dfcddfb6,eab1c69a-c0ab-4fa3-9e2b-525a0566a5d3,2026-05-05T21:24:49,2026-05-05T21:44:49,/search,social,True
cb2b4b65-61a9-4c38-8a08-26225042ae83,,,2026-03-08T11:29:13,2026-03-08T11:30:13,/category/jaffles,social,False
c6924e57-41d7-4c6c-a7a9-9284746cf5a4,fc41d86f-78f3-476a-882c-3eafc02d61f2,ad0a8918-7c03-4bef-ac11-bfd9a04e0d2b,2026-06-03T00:23:12,2026-06-03T00:31:12,/search,direct,True
89e20228-410a-4446-b3df-fe0233a9c540,,,2026-04-09T15:49:23,2026-04-09T16:09:23,/,organic_search,False
83c104a7-d315-4c0b-85ac-aff6c8b0ae1c,,,2026-03-12T14:16:52,2026-03-12T14:24:52,/,organic_search,False
d2399f92-b1b6-476c-a038-c18a3778c7fb,82205f5f-43a1-4172-aab8-523ed6a89f26,496deed5-87b7-49da-b06c-47e3312e4966,2026-07-03T09:12:59,2026-07-03T09:15:59,/category/beverages,paid_search,True
4e1a177a-460b-4d12-8d5a-f3de0b6c0f14,,,2026-05-23T21:41:44,2026-05-23T21:44:44,/category/jaffles,paid_search,False
25ba0fbe-6cb9-4d05-bc5e-809e0913fa6f,5b2179c5-dd1c-45b4-b99c-10f1c7c201f4,,2026-07-05T01:10:15,2026-07-05T01:13:15,/category/jaffles,email,True
e0f26f6a-e885-4f56-8814-c1cfcad0e7b4,6d91807a-84e4-47c1-8e47-925d52e0dd48,aca7cf38-2ac9-4926-86cf-6abeedc960fb,2026-08-11T00:51:32,2026-08-11T00:54:32,/search,social,True
41f7d066-e272-47a2-97f8-b8d7af3863be,,,2026-06-19T04:04:35,2026-06-19T04:05:35,/category/beverages,organic_search,False
8cf1347d-3698-4a45-97e0-b79466eee54c,,,2026-05-17T01:11:12,2026-05-17T01:19:12,/category/beverages,referral,False
74ab8ed0-94f1-44e3-b911-734b1423c03c,,,2026-05-28T23:29:41,2026-05-28T23:37:41,/search,referral,False
236beb52-6a5a-4369-ad69-eeb125aab37c,,,2026-05-16T20:14:29,2026-05-16T20:17:29,/category/beverages,direct,False
103d50f5-d209-417d-877f-bc040d107b19,3870073a-f764-4a2b-bc64-18e4569bf784,a7066825-d3cd-430b-ac17-8108934afe50,2026-07-13T23:11:06,2026-07-13T23:56:06,/,organic_search,True
e0189998-84ed-4d17-8671-875895e41c53,,,2026-07-21T15:36:48,2026-07-21T15:44:48,/category/beverages,paid_search,False
568db5ad-fc7b-49e7-a11e-eb1ebb261ba2,84f816bd-12e2-4633-a419-fc80705977e6,4e803f48-b6d0-4278-ba9a-96b944edea80,2026-04-14T12:02:11,2026-04-14T12:22:11,/search,referral,True
67a0f45c-8077-4046-8ed3-f9c3fe04858a,8cf43099-d49e-4e95-8b08-3d61df8b947f,661a994c-bbef-4fb4-8875-b91ab4dd000b,2026-03-21T21:56:28,2026-03-21T22:16:28,/category/beverages,email,True
1c30d37f-3528-4c2b-ac09-fc355ce7b246,,,2026-05-13T22:38:59,2026-05-13T23:23:59,/search,direct,False
bcdf0d86-1125-4a24-ae48-ffb3c4d93ac9,0327ed4c-b4a3-4746-9221-3bb172a05c50,506b5103-27e4-425f-83cb-233074ddbd59,2026-02-24T08:36:11,2026-02-24T09:21:11,/search,referral,True
de68a09a-cc10-4e0f-ae98-28c7a90d5022,,,2026-08-09T00:08:58,2026-08-09T00:53:58,/,social,False
4e16e73b-ddde-49f6-b1fa-e700f86cab2b,b4eb2e6a-e0ab-46b4-8a7a-cb2e92d8e009,,2026-06-22T15:51:46,2026-06-22T16:36:46,/category/beverages,paid_search,True
c4690f31-d429-4d83-91d3-b35d87581dfd,e94d8a6e-9b23-411a-baf2-75f02c42d8cb,172216f4-1ca3-4e49-a4ce-093502f9bb80,2026-05-28T23:22:51,2026-05-28T23:42:51,/,direct,True
0af5ba7c-3d17-4dc7-9900-4c7bd6f9daaf,,,2026-05-31T07:22:49,2026-05-31T07:30:49,/,paid_search,False
e9a8d4a7-0123-4365-bd9c-fb9c82357321,,,2026-02-20T04:17:40,2026-02-20T04:20:40,/category/jaffles,social,False
849dba0a-c205-4506-8cd9-0ea07392cfe1,,,2026-06-08T07:52:22,2026-06-08T08:00:22,/search,paid_search,False
e837342f-81b3-4fe0-a540-e8f1518d3b74,,,2026-07-30T13:09:10,2026-07-30T13:17:10,/,direct,False
b8a8d11e-1278-4b94-8a8c-d0694708262d,,,2026-07-06T22:42:21,2026-07-06T22:22:21,/category/jaffles,paid_search,False
01666eaf-92a6-4df2-a24b-e70a988ebac1,,,2026-06-01T00:08:25,2026-06-01T00:53:25,/search,direct,False
f3d1cd56-814e-4f73-ad31-3e8067dd51bb,e4bced79-6e2c-4b22-a6d5-199ed87ca7ee,8708a6d0-0827-456c-9c9c-ff69e9b89281,2026-07-07T05:46:41,2026-07-07T06:06:41,/category/beverages,organic_search,True
10a1cb0c-dd55-4cc8-a146-94c15b0e55a9,99b2e147-d4f4-4a75-8f55-17304a277ed2,,2026-04-23T04:43:33,2026-04-23T04:46:33,/category/beverages,paid_search,True
9bad8e2e-01ce-4ae4-be22-10e3329d6761,3218db6b-84e5-453d-8de9-a966eecbacc6,1fcf81d9-9109-40ed-8d53-fdb6586eefa0,2026-07-21T17:55:55,2026-07-21T17:58:55,/,direct,True
8c7b8528-a070-4800-ac61-e705e1cd601e,,,2026-05-29T19:05:13,2026-05-29T19:06:13,/category/jaffles,organic_search,False
5c2cbc12-ef65-4dde-9f0d-1b418dc64d9d,87fc5559-9d20-4780-8c0e-b7c248cd6236,820ebbdf-8b8a-4f49-a721-85a2439eb9e8,2026-05-06T16:33:37,2026-05-06T16:36:37,/category/jaffles,email,True
3624a942-a2ad-41ed-b830-9ac3186470bf,d9464bcd-0a19-4058-8fc1-bea843e6c339,,2026-06-07T03:42:58,2026-06-07T03:43:58,/category/jaffles,referral,True
84c146b2-f881-4233-8687-b6545b65737e,1c3dc001-75eb-4fb9-b3ad-59a3be5b31ac,8c562414-7c78-47cb-9e0f-e06a84facadd,2026-03-04T17:15:30,2026-03-04T17:16:30,/category/beverages,paid_search,True
e4430ee6-5c37-473b-a4ac-8dc95d8e2a3e,4675a031-3216-463d-8c4d-42ea1283bd56,6a02a663-072d-4e3a-9004-71c91ea03eac,2026-03-11T19:28:01,2026-03-11T20:13:01,/,social,True
4dde8277-4d67-4bdd-9d67-b075b2bb7766,,,2026-08-03T21:01:58,2026-08-03T21:04:58,/category/jaffles,paid_search,False
cd616e8e-c5b6-4ea1-980c-8002584c0c2d,cfefbf12-9a5a-4d61-a708-d92f785af097,402e69c5-8e0d-44f5-90df-c5aadfadbef0,2026-07-19T10:46:01,2026-07-19T10:54:01,/category/jaffles,referral,True
e037384d-7e58-4d4c-9b54-8afd854fb2d2,afa83ff8-2b40-47b8-8bcf-1f9285c11695,d46889c2-80e7-434d-82b4-13aa17f84401,2026-03-18T10:00:28,2026-03-18T10:03:28,/category/jaffles,referral,True
1b324eed-66a3-4db2-8e41-ef7ad859ccc4,24ea0325-a7d6-4388-b86c-7b51e5805b26,4a1a7075-71ac-4c3a-a227-eca5e04ea5a2,2026-07-22T02:56:07,2026-07-22T03:04:07,/search,direct,True
e530b90b-ecc0-4c62-87c8-dbeded87b9b0,26ce484a-a527-4fe1-903f-2809a03fd21a,06e36b96-8ea2-4ad5-95ac-66e0f7bee2b4,2026-03-24T07:38:47,2026-03-24T07:41:47,/,direct,True
44cf642f-e2d7-4705-9396-515a6726302e,,,2026-04-10T13:18:31,2026-04-10T13:26:31,/,direct,False
fe6c5ad5-7a07-4c8e-a5b9-f658a518d37e,f9c2b37f-2e88-4008-a277-99f35c4760bf,4166feae-7d59-4fc4-b3aa-68c53ecd62f5,2026-05-15T00:44:25,2026-05-15T00:47:25,/category/jaffles,paid_search,True
4c58c9ed-dd9a-4e91-90c7-3236b8e9cd79,b8edba64-3db4-4841-8f8d-dc00dce6fb67,14e878b5-6531-45d4-a349-6efb1b1205e1,2026-04-21T08:25:10,2026-04-21T08:28:10,/category/jaffles,social,True
add888ea-dc4a-4706-a5d7-f3cae7963b17,,,2026-05-23T05:55:31,2026-05-23T06:03:31,/category/jaffles,email,False
fe181727-508a-4ade-9d6e-31df8f2c27a3,341da637-6927-4a64-8183-13ec96005b5f,,2026-06-11T01:54:44,2026-06-11T02:02:44,/search,referral,True
30928d3b-4c9f-44cb-83a8-3776d5ead437,,,2026-07-31T08:32:41,2026-07-31T08:52:41,/category/jaffles,social,False
e1f3dafb-02c6-43c3-8db2-1180fc553c40,a46b9550-42ae-47e4-9a08-0f32481d5191,22b60282-b0ff-4a75-9b4d-5bf36f32916f,2026-03-02T21:41:32,2026-03-02T21:44:32,/,email,True
7359d341-aeec-422f-9855-8a3e732d6b70,2ffdab76-6ec7-4dce-bd58-e9b2f6da991c,a8cf00a3-4be9-4f5d-8036-73fbd93c6e1e,2026-06-04T14:41:13,2026-06-04T14:44:13,/category/beverages,direct,True
7a72089e-539a-414d-9202-86754c6000ac,8cf43099-d49e-4e95-8b08-3d61df8b947f,661a994c-bbef-4fb4-8875-b91ab4dd000b,2026-06-29T19:43:57,2026-06-29T19:46:57,/,email,True
ac94aaaa-d0c4-4d6a-beaf-0761cae3173c,34a7e239-a098-4105-a6ab-b1a2c1c1c160,,2026-03-15T12:41:12,2026-03-15T12:42:12,/search,direct,True
67487ccc-ab71-457c-a157-72e5162a3260,,,2026-07-14T19:13:13,2026-07-14T19:21:13,/search,email,False
250672f7-660a-4f01-9854-7c96a418c4e4,1fcfe435-1e78-4646-a517-19906c49735a,554510cd-de67-4fe7-a868-d834b974b2de,2026-05-03T14:16:56,2026-05-03T14:19:56,/,direct,True
f1b22a89-3aa5-4342-b873-2f37fae6c3da,,,2026-05-21T20:03:56,2026-05-21T20:06:56,/category/beverages,referral,False
6ad61b0d-44a9-44ed-86ea-ac10c97dc82e,,,2026-06-12T16:35:27,2026-06-12T16:43:27,/search,direct,False
00a0e816-be12-400b-b6d5-dc3015741189,,,2026-05-13T01:56:20,2026-05-13T01:59:20,/,direct,False
ef0e1b1b-9f64-4b83-8715-a8d589049540,49421d99-2baa-4a3f-bbff-4e4d4e0062aa,0fd2e3bb-c702-4bc4-8bf3-963a7cabb03d,2026-05-22T16:13:48,2026-05-22T16:58:48,/category/jaffles,organic_search,True
