id,customer_id,email,account_status,account_type,created_at,updated_at
7ceba567-8192-4c82-b6ae-c6359b32bb92,400ec64f-461d-45c5-b45e-b5c8dc21b4e1,mkim@example.org,suspended,standard,2025-04-21T17:13:42,2025-04-21T17:13:42
81801649-df3b-454c-a89c-98c6b8a3a65b,d6ca3f18-6708-4e27-9196-8a2238aba9b0,astark@example.net,suspended,standard,2024-10-23T03:55:38,2024-10-23T03:55:38
10f444df-8cf8-4f5e-b0a9-8678c6c545f7,367f1e9a-938e-4d15-8ec1-50ce91fef6ce,andrew64@example.org,active,standard,2024-07-28T07:20:19,2024-07-28T07:20:19
b56be93b-cda3-4136-8f81-855ca5bf8b09,6f80c5c6-04ed-4548-83b7-aee06e3700c4,bbell@example.com,inactive,vip,2025-06-03T02:13:14,2025-06-03T02:13:14
7e37887a-ed55-4f06-b284-0a12e705813a,0855291e-0a0d-4e17-931b-beabbc173f85,brooke97@example.net,active,standard,2024-08-02T09:41:00,2024-08-02T09:41:00
a5d3c4cc-0477-442c-b9be-60a6f83b1197,b998f134-9c6e-4e5b-9a37-d0d9dbc72f85,lawrenceallen@example.org,closed,standard,2026-06-17T02:01:34,2026-06-17T02:01:34
92d04127-bd22-4504-b00e-4996056e1401,5948da4d-8a3d-4122-9885-6f62f017c7b2,johnsongeorge@example.com,active,standard,2025-07-01T10:42:40,2025-07-01T10:42:40
99714b75-1538-477c-ad19-dcca6e2b921c,5b6d3273-0554-4f9d-bc05-2157626c1ad0,trussell@example.com,active,standard,2024-05-23T23:18:03,2024-05-23T23:18:03
d76cd26c-44cf-467e-a89c-79a456aded2a,33326773-e843-48d9-9641-9990733d705a,davidtodd@example.org,active,standard,2025-08-12T04:52:26,2025-08-12T04:52:26
772cd23a-7392-4dc9-b37c-a6cb0f562c9f,543b48b5-22b5-41e4-8e3c-704fc8f03e8d,angelarandall@example.net,closed,standard,2026-06-19T17:21:46,2026-06-19T17:21:46
efff7885-4a8c-4e18-bcc1-f53b5bdb3226,4126c950-a88a-4305-895c-96d7e076897e,yfaulkner@example.org,active,standard,2024-08-19T07:55:59,2024-08-19T07:55:59
7ef51d8a-e48a-4777-97c9-de2eb711abd3,62b38185-a937-473c-b04e-833be36219e6,todd15@example.com,inactive,standard,2024-07-12T17:14:04,2024-07-12T17:14:04
a570192c-7b5a-43ab-b1cb-03f4aa08d3bf,7b4010bf-8e77-489c-83e9-0056299e9429,lewismelissa@example.org,active,standard,2024-10-13T03:20:35,2024-10-13T03:20:35
b95c2404-1658-45ac-9eba-a68a69eee1c6,1bcdbd0d-0e2f-4fdf-a8d5-214d3b49c7e2,whitney78@example.com,active,standard,2024-10-16T18:48:13,2024-10-16T18:48:13
141ead85-c929-40ba-ac6c-d8985866d282,f35eb7b6-1b25-433b-90b5-29212b72f6e2,jessica14@example.com,active,standard,2024-05-28T21:45:26,2024-05-28T21:45:26
253c8b12-2a4a-4f59-b1fc-f03dc4a57d2d,26ef1453-7eb5-4f13-9c8c-22a3f738d060,bryanhamilton@example.com,inactive,standard,2025-11-25T04:02:25,2025-11-25T04:02:25
b8e83d2a-4d72-4942-8d38-78aa20c8622f,,davidphelps@example.org,active,standard,2024-11-05T12:32:37,2024-11-05T12:32:37
0a73379d-7477-4280-9076-4f48a8e052ea,0b7ba743-6819-4540-8542-b7fa14bd996d,carolynsmith@example.com,suspended,vip,2025-07-28T06:15:53,2025-07-28T06:15:53
7183a67f-e223-4f54-adee-ae4946c1ea80,86fb0f27-e52e-40a4-8499-5f1610574213,ramirezderrick@example.org,active,standard,2024-11-25T23:07:54,2024-11-25T23:07:54
938cab81-ed6e-4926-abb8-15616fbac412,466ab61a-8180-4d06-90cc-2a380a0e6f0f,davisphillip@example.com,active,standard,2026-07-29T22:42:42,2026-07-29T22:42:42
5416944d-593b-401e-a06f-13fe282ae2d3,9e22e2d2-ef3f-4b75-8aa0-f3ae453183e1,gibbsmichael@example.net,active,standard,2025-07-10T14:45:04,2025-07-10T14:45:04
5e8b53f7-90e5-4af5-aa55-61cdafe0d5b7,aa0533fd-252b-49cb-8070-77b5c88b04ee,bradleypayne@example.net,active,standard,2025-09-15T01:21:33,2025-09-15T01:21:33
f0956b8a-092d-4334-b1d6-01d0f7b63e52,bd081d89-0320-4774-bb4c-798b6e253b0e,stokesthomas@example.com,suspended,standard,2025-09-23T06:00:38,2025-09-23T06:00:38
7b1ffee2-3505-4fa6-b1fd-22bfbb6d574d,06a161e4-302f-4ae9-b96b-2734ad33f946,nataliedeleon@example.net,active,standard,2026-03-07T20:07:04,2026-03-07T20:07:04
cd38bee0-b0a5-48cd-928c-d619459d6912,13b24541-2c78-41cb-a6b6-e8713ab9a16f,stevenschristian@example.com,suspended,standard,2024-12-30T19:46:45,2024-12-30T19:46:45
fcb9f45f-e0da-481c-83c7-2b11bfc287a5,b60e68c2-1b3c-4a8b-a056-a39fb4e6a320,susan79@example.org,active,standard,2025-10-04T19:55:51,2025-10-04T19:55:51
7d3f96e4-c7b4-4930-b134-02d236d389b2,76d2b7be-1fa1-441b-9de1-97c64d06c646,megan82@example.com,suspended,vip,2026-04-04T04:26:02,2026-04-04T04:26:02
63acc2fd-13ea-46a2-b667-15509fca19c1,066ca82d-85b8-45e6-b262-bac0bb3c0e21,michael79@example.com,active,standard,2026-07-01T06:08:47,2026-07-01T06:08:47
6ba657fb-9d2f-4b0a-9c96-acb004d7e595,7bfeca78-8e06-4644-9d0b-1470c32aa9e7,karenhudson@example.net,suspended,standard,2025-11-02T14:25:04,2025-11-02T14:25:04
62fd4475-6583-4ec8-9895-3e703ebc0e3d,1c8233dc-8ccb-4d27-84e7-e00d33ff6674,lawrencegary@example.com,closed,standard,2024-11-28T22:17:49,2024-11-28T22:17:49
ad0d43f0-aa86-4d14-aa9d-f008a0e183ab,ef097aa6-f4d9-4c16-bc17-a7cc87116f35,hebertmatthew@example.com,active,vip,2026-05-28T15:34:57,2026-05-28T15:34:57
e7dda7e0-6d2a-414d-b131-1923aa5f02d0,43df30db-068d-40fc-8576-7e2f6e62f2f6,kari39@example.net,inactive,standard,2024-08-24T07:05:45,2024-08-24T07:05:45
f43e6a3d-ae3f-46ed-9a56-9b83dba2e706,53ed5bac-fa7d-4b1d-a73c-6c2b9845c1d1,smurray@example.com,closed,standard,2025-11-27T04:16:17,2025-11-27T04:16:17
e1e7d146-07f3-4258-847d-8129fd41bc42,87fc5559-9d20-4780-8c0e-b7c248cd6236,alexisrogers@example.com,active,standard,2026-06-20T19:36:51,2026-06-20T19:36:51
7f2c4b98-6d7e-4399-aeb5-d2519fc6880d,430e5411-6ed3-439b-93c3-e885b2a37d0f,andrew44@example.com,active,standard,2025-04-10T09:47:56,2025-04-10T09:47:56
fad82a8e-dda2-42f2-abc9-7bbbc56a050f,387603c1-d2a6-475e-ab4c-9ba7aa78bb27,younggabrielle@example.com,active,standard,2025-03-24T14:53:28,2025-03-24T14:53:28
4da76ac3-cd8e-458e-ac45-fdc36b53ae45,8e312b31-712d-4fc0-84dd-27ff2b1dd09b,brittney88@example.net,suspended,standard,2025-10-16T01:36:03,2025-10-16T01:36:03
00d9c420-56c9-4839-a582-96cfd8f2dfef,6faa20a4-1e8f-43a8-9a45-33ae5f675190,frankgray@example.net,active,standard,2024-10-29T15:50:43,2024-10-29T15:50:43
054eae93-c791-451a-b78f-0cf2ecdaae63,5f8c9b91-24ee-43a2-b758-fece4c2fd787,gibsonleonard@example.com,active,vip,2024-08-30T18:28:31,2024-08-30T18:28:31
11b5a948-e5a0-4c01-bc42-7388ae104be1,758b4602-0ce0-440a-9584-ad59ce4216ad,brendastark@example.org,active,standard,2025-05-29T06:24:12,2025-05-29T06:24:12
165a1d82-9c69-435e-b892-58ec71a28344,122af8ba-58aa-4655-b297-e90d616f0bf6,jonathan77@example.com,inactive,standard,2024-09-15T01:54:54,2024-09-15T01:54:54
018f9516-3ef8-48b4-893a-7cfa9c3fd49a,ed5f2f3e-8bef-4da7-b30c-90c3fa5f40ea,danielcole@example.com,active,standard,2025-01-13T17:49:54,2025-01-13T17:49:54
c814ec3e-3796-4d19-8891-013f317dd118,661d2fc6-9fa2-4c79-9d19-44c73cb68448,gmoore@example.com,inactive,standard,2024-06-01T13:26:18,2024-06-01T13:26:18
2083e9f9-1d98-40e2-8f90-a533ebed610b,49c4bc11-2495-438d-9b87-3c395574433f,williamsdarlene@example.net,inactive,standard,2025-12-13T04:17:24,2025-12-13T04:17:24
19b11a3f-b064-4c93-b1a7-0c0a33256831,4da311cb-8e0d-487a-8fdd-4a94529db3e4,znelson@example.org,active,standard,2024-03-24T17:10:41,2024-03-24T17:10:41
cfd1720f-70e7-477b-82ea-9b4feebaa2ff,8e104807-9dc2-4625-a1b7-9d858ddd96de,ismith@example.org,closed,standard,2024-10-20T09:37:30,2024-10-20T09:37:30
2c4b6bca-a89c-4f15-936f-9b334ddcd43f,8d5fa184-5966-49ce-b3e7-4acfaba98bfd,harristonya@example.com,active,vip,2024-04-19T00:03:07,2024-04-19T00:03:07
c396cbf5-d5d1-4b4c-a6c6-b3d659fe06e7,49a68f77-776a-4b4b-b668-48e489f414ae,scottbowen@example.net,inactive,standard,2025-03-25T23:30:00,2025-03-25T23:30:00
7d00010a-c845-407f-bd18-fa8362a182c4,3c7a4cde-d92b-4d90-a731-9c0461ae8c90,jeffrey28@example.com,active,standard,2025-03-12T18:09:17,2025-03-12T18:09:17
58a1458c-0b08-43cf-971c-aa5d25e3ade8,d6de888a-0aee-4f77-a7d4-daba8f0da415,kayla51@example.com,active,standard,2026-04-24T01:26:14,2026-04-24T01:26:14
e15b9232-a8ac-4b0f-b9a3-8e5560cb89e3,2e1fd151-264e-4a4a-8584-733dd5da3152,crystalpham@example.org,suspended,standard,2025-07-25T00:57:08,2025-07-25T00:57:08
2fcfb011-f798-4327-86b6-64926db3d086,b9915f58-4f74-4518-bb97-0b1e58c541a5,rgarrison@example.org,active,standard,2024-03-17T02:02:32,2024-03-17T02:02:32
dd23f526-2454-4435-8819-64165c8e87d5,e100dd4b-6c96-4036-88a6-8813aa5a718f,tammy99@example.org,active,standard,2026-03-20T01:32:53,2026-03-20T01:32:53
b0766b96-ed1d-4ffe-a084-b70e5a6860c8,438d7ce2-8d55-49cd-ab64-d781e25abb9e,dlittle@example.com,inactive,standard,2025-11-08T11:49:42,2025-11-08T11:49:42
07bdbb9b-995b-496f-ae6c-fe39d6aa42cc,239409e0-b3ad-4bf6-ba7c-08628ee3cbee,joseph69@example.net,active,standard,2026-06-18T14:16:36,2026-06-18T14:16:36
a783eaaf-4c3d-414e-8a2a-34389fa77811,0ed041f5-3d65-4f50-b23e-849b527ee107,briansmith@example.org,inactive,standard,2024-10-14T18:26:37,2024-10-14T18:26:37
cf7aacd9-9445-4bec-92df-ee1c30925db8,67d2941c-ef55-4f74-9994-431a09ee14db,aguilarjonathan@example.org,active,standard,2026-05-16T10:04:41,2026-05-16T10:04:41
6f024876-d851-4b5f-9312-77abb4166561,132425e2-d22d-43aa-a372-e3d9bfd77f8c,sarayoung@example.org,active,vip,2024-05-08T05:40:37,2024-05-08T05:40:37
d822b1e5-9108-45ce-8fc9-3650d8b095e2,c664111b-b80e-45ab-b2de-ee220ea29fbe,wayala@example.org,suspended,standard,2024-07-17T12:09:51,2024-07-17T12:09:51
da695110-2835-4f2f-af61-027351528631,1b25718d-795f-4b30-a424-50167ae8c0ad,emiles@example.net,active,standard,2025-12-05T19:21:08,2025-12-05T19:21:08
a32fd3e2-56b8-4105-93f3-8face107199c,f4835f98-d82c-487c-8788-26a05c249db0,chavezwilliam@example.com,active,standard,2024-04-30T00:26:53,2024-04-30T00:26:53
f30adbad-4bb1-487a-a7b6-a5c5ae663e63,9db0e79f-fdea-4290-ba7b-114141f33d1f,amydavenport@example.net,active,standard,2026-07-05T00:53:59,2026-07-05T00:53:59
6c917cc0-97fd-42b7-8dd4-00cd1361351e,c8544096-3228-4db0-b3de-4f0da1974b40,joel28@example.org,suspended,standard,2025-01-17T04:04:01,2025-01-17T04:04:01
1426fbf5-f4ef-4531-a2bd-5047e085cae4,8fd99d74-d73b-4014-a8fa-a37b39befe36,moniquewilliams@example.com,active,standard,2025-10-12T07:41:13,2025-10-12T07:41:13
1a06d962-d60e-4e72-88c5-18f45f0d46e9,a9976a20-42e5-4c26-a2d0-6ab72973887f,delacruzbrandy@example.net,active,standard,2024-11-09T11:47:04,2024-11-09T11:47:04
ae0412f7-c708-4b74-a278-0ace9e1af538,72492cee-bfcb-4501-9a63-5afe45f5215a,ofinley@example.net,suspended,standard,2025-06-20T15:31:06,2025-06-20T15:31:06
ce6c2d3b-2217-4583-9bd9-84390c8dd8d8,485b6c22-4f0b-4e0f-bfba-0c9d38a0122d,velezchristopher@example.net,active,standard,2024-10-31T01:22:52,2024-10-31T01:22:52
7b8b1b32-6a8e-4e38-99ff-3ebf9a1f40a4,298ca377-a08e-4e0d-91d6-b0b5aff14c1b,carlsonkristen@example.com,inactive,standard,2024-08-27T16:34:30,2024-08-27T16:34:30
9a209439-6d25-42dc-9cec-7135df3425cd,3483e39a-260f-4974-9366-50c2d833307f,josephwright@example.net,active,standard,2025-01-18T16:29:59,2025-01-18T16:29:59
0d1f2bcf-c051-4c72-a9fe-1b145ed96d46,9c98b2d4-f4f3-440f-b28d-0e1ca7a152a5,george97@example.net,inactive,vip,2024-05-23T02:07:21,2024-05-23T02:07:21
87b57fc4-4f60-4639-aeeb-fed3bab324a7,3fa371d4-77dd-4e91-9a2f-86801b001903,bruce43@example.org,active,standard,2024-12-22T00:20:06,2024-12-22T00:20:06
ebdbd999-4428-4910-a9a9-f78857ed0f8b,89c8f0cc-3bd3-4bf1-9560-ae8aad1315ce,elizabeth18@example.net,active,standard,2025-10-30T09:15:07,2025-10-30T09:15:07
9c8c1cc6-a3ca-4f54-b8e3-76acb4fde8e1,f9f4d7f7-6884-4f0c-88d9-0d3432a666ca,zunderwood@example.com,closed,standard,2026-03-24T08:05:05,2026-03-24T08:05:05
5ccacff7-c7a9-44e8-9770-e08b43a8e416,285bfea1-4dec-4f9d-a9f6-3b3cb20fdde9,mccormickdeborah@example.org,active,standard,2026-07-02T21:09:51,2026-07-02T21:09:51
37523cee-9c33-4ade-b3e6-fcb8586d7071,cbd53684-acf0-447d-b61b-35f8bcde6edf,gwright@example.org,active,standard,2026-07-06T10:28:25,2026-07-06T10:28:25
39894afd-f229-47dd-931f-61642ebf32c7,f78c30cb-fcda-4209-9aea-0ae7ce4f7b81,jeffrey21@example.net,inactive,standard,2024-11-24T14:29:36,2024-11-24T14:29:36
4119f5d4-acd4-4569-bf51-2732437bf8de,0688ed48-bbd7-41d6-b5ef-c2cd771f72c2,harveyrobert@example.net,active,standard,2024-09-30T00:41:03,2024-09-30T00:41:03
b9cf8b8e-01ec-4a83-9cbf-c4c1fd7e0cb0,a3d91be1-b5d9-4d3c-bdd8-ab49cd378f30,orose@example.com,closed,standard,2024-06-04T04:36:01,2024-06-04T04:36:01
c6a658e0-8cc2-4b5b-9e8c-a7b1940c6608,f1c35457-d11b-4726-ae58-b98a09167675,hinesgregory@example.net,closed,standard,2024-10-06T21:32:35,2024-10-06T21:32:35
740afd64-48f4-41ac-a721-a0a39926d992,848485f0-198f-4efa-8335-707db71a7434,wcabrera@example.net,closed,standard,2024-06-28T16:43:41,2024-06-28T16:43:41
9e36be38-445f-44f9-82b8-631638d1e1e3,d33f758e-ba0e-463c-ba18-0cd99108c547,silvageorge@example.net,suspended,standard,2025-08-26T20:01:00,2025-08-26T20:01:00
b95794a7-e7de-4532-b635-dfba474d0044,d7af9974-5b4c-4c70-85c5-1f7ff782da88,evaughn@example.com,active,standard,2024-08-12T23:49:10,2024-08-12T23:49:10
b722ae15-c2c0-4973-92f9-364e4a7cc4a7,359ce707-dfea-41f8-be3e-8689b460486f,griffithleslie@example.net,active,standard,2026-08-01T16:40:33,2026-08-01T16:40:33
880ed9fd-58ab-4a02-89b3-4b62e217d6bf,3934f6b2-65db-491f-93be-76ec718440d9,cwood@example.org,active,standard,2024-03-10T03:49:25,2024-03-10T03:49:25
c6a1b351-c642-49f9-aeda-48da439c1db3,e6e0c2ef-00b6-4d38-a129-32d4aa4e795d,davisalyssa@example.com,suspended,standard,2026-08-08T18:00:50,2026-08-08T18:00:50
6fb9dbeb-958e-49c8-afd8-2660c26564fa,2ef2eede-fcc3-4c79-a843-4f5ae828d591,olopez@example.net,active,standard,2024-11-11T21:02:30,2024-11-11T21:02:30
68d61f8f-fdac-41b5-96c0-e616a4fa0426,c64e9b29-2c3f-4a02-bf80-175c5a980c92,christopher13@example.com,active,vip,2025-10-02T19:18:42,2025-10-02T19:18:42
d2b45a91-ca16-4b6a-85d8-e7da21889530,848bb1e9-3367-4758-8f73-e886fadfadab,akim@example.org,inactive,standard,2025-02-26T20:52:53,2025-02-26T20:52:53
6a689c86-6b78-46d6-a7af-9b82725d02f7,96f4e93c-c759-4fc7-b4a3-c8a153858bea,lynchgeorge@example.net,active,standard,2024-07-31T03:12:36,2024-07-31T03:12:36
26014e36-2635-4997-90ab-7b13766cf025,afdabd06-a2b4-497a-93b8-7bcf582b5d3b,osbornjames@example.net,active,standard,2025-04-14T12:05:54,2025-04-14T12:05:54
f994524b-54d4-48f6-949b-8b35c0a03ad2,a3f993fd-aeaa-43c7-9e5c-9ad7b7c0f8d9,patrick21@example.net,inactive,standard,2025-06-01T12:25:11,2025-06-01T12:25:11
faea001a-c3e9-44fd-816e-a4a7b5a730a6,0ea8c796-5c53-421e-9442-830bc190960b,malik37@example.com,active,standard,2026-01-16T17:09:00,2026-01-16T17:09:00
6d2d7dfc-5610-4dca-a27f-0e0ec87496df,c9750567-c933-4797-9313-ec159ddcb6d2,martinezlogan@example.org,active,standard,2024-11-11T16:15:34,2024-11-11T16:15:34
5803e649-2605-4da0-994f-393c9310ba04,447fed8a-4bae-41c5-b5cd-cbf6a09c4782,karen26@example.org,closed,standard,2026-04-03T09:59:17,2026-04-03T09:59:17
1bfa54d4-23e8-42d9-8f08-3f58da09bd57,8c5628d0-6d15-4a6d-80f2-9c723e39ba83,jose56@example.net,active,standard,2026-03-28T20:51:34,2026-03-28T20:51:34
e951fd1e-1c42-4682-bba9-6e55072c1245,495a6541-1c93-4076-90e3-345d72d9c83c,jimenezcourtney@example.com,closed,standard,2025-02-13T11:49:32,2025-02-13T11:49:32
43c94ba4-2890-4191-b2e7-f110a48902fc,36654075-c818-484d-aa9f-b6e8834b1bd5,fuenteslaura@example.com,active,standard,2025-05-12T14:33:42,2025-05-12T14:33:42
142143b7-c26b-4c6d-a91e-263167b1a7ea,adaf0597-4b7f-4b6a-8881-40f3787bc862,matthewreeves@example.net,active,standard,2026-03-31T23:38:41,2026-03-31T23:38:41
667ac4df-9b86-464f-af7e-99074c7d6ace,71f1cea1-588b-47f5-93c3-4e649541a9e4,rebekahhill@example.com,active,standard,2026-05-04T23:52:10,2026-05-04T23:52:10
d6db3c19-900d-4ed8-8028-72cb5fc62ddb,3d097c4e-dd09-4cfa-8460-39fd4fb8a1cc,tina34@example.org,active,standard,2024-07-06T18:15:03,2024-07-06T18:15:03
5fecb2f3-7268-4eb8-a3ca-9f7ac4c5848c,a0a83e46-f548-4a18-a79a-5ecdd85b6c8e,joymorales@example.org,active,standard,2024-10-20T23:02:35,2024-10-20T23:02:35
edec17b4-a38e-4070-bc28-202ce75d8ed2,2e2960d6-f2e9-4048-b234-fb21f0f72405,dturner@example.net,suspended,standard,2024-12-25T15:02:14,2024-12-25T15:02:14
89d0d9db-6743-4dad-958a-00aef35a2aac,31d39d83-97c5-4a86-8d98-c9ea5e4d6505,gabriel90@example.net,active,standard,2024-11-24T14:38:09,2024-11-24T14:38:09
c2df56c2-9378-49b9-854a-a35730724a13,8834bd0d-66fc-44cf-83bc-c787f024b078,meltonmelanie@example.org,closed,standard,2025-10-29T11:08:48,2025-10-29T11:08:48
d8bb01a3-85bd-42ad-b51e-39e30ccc6873,dcddb844-390f-4861-a4ee-0a32b75bb218,timothybooth@example.com,inactive,standard,2025-10-27T11:29:57,2025-10-27T11:29:57
939a32ed-e3b5-478d-a7b2-04343bae2f3b,b761dca2-f8ff-4709-b645-9b0591dfa353,leonardhayes@example.org,active,standard,2024-02-29T22:41:09,2024-02-29T22:41:09
79c2451e-4459-4b3b-b4dd-52f85b1ab46b,4d97e8a1-7720-4190-b326-dccfa2ec4426,alexanderrobert@example.com,active,standard,2026-06-25T16:47:19,2026-06-25T16:47:19
ea4e5287-56c2-4d44-b291-2aadfe89acff,b0581066-18c7-4fcf-8fa6-a671cb141ca5,carlamoore@example.org,active,standard,2025-07-06T17:50:44,2025-07-06T17:50:44
74ac62d0-fcb0-4499-aacc-9854f0b862a6,c1d42cf2-74d9-44b1-a0a2-c85935c413be,walkerjeffrey@example.com,suspended,standard,2024-12-16T10:22:37,2024-12-16T10:22:37
5a2d0069-a537-480e-ab19-95c863001542,,msummers@example.net,active,standard,2025-08-04T14:42:03,2025-08-04T14:42:03
d8210cb1-1ecc-46d1-9920-a4eb34eeb796,861181e6-5d97-48a8-bbe4-226caa976140,kendragalloway@example.org,active,standard,2025-12-21T08:26:45,2025-12-21T08:26:45
4da465f5-24fc-499c-a865-3e08c31bf6cb,f84190e8-5c4a-4bec-be4d-2e554dd46614,karen64@example.org,active,standard,2024-07-09T16:29:01,2024-07-09T16:29:01
6cd20b07-c0fa-4d4f-852d-fa96259d2b30,e648e7c1-b5f5-4d67-b78c-7d41956f4eaf,derekcarrillo@example.org,active,standard,2025-07-20T23:02:54,2025-07-20T23:02:54
80824192-9a47-41e0-a163-5f37ae2766e7,f0496969-2829-4c93-834d-07ef9042cd86,andrew41@example.org,active,standard,2026-02-20T06:02:13,2026-02-20T06:02:13
af097c3c-ebb9-42b9-9564-79ec1b36c983,05f69a50-2703-4591-a792-14e2e5994b43,rodriguezjohn@example.net,closed,standard,2024-11-22T05:50:30,2024-11-22T05:50:30
04b703f7-b8e6-47d9-952e-4dd5bdf6e608,02c02023-75d2-4ad2-89f6-ed2c2e7ae6f5,cameronmckinney@example.com,active,standard,2025-01-08T05:12:31,2025-01-08T05:12:31
52f1758d-e5d3-45a1-8fe9-6f1cfc3d3d2d,10d7cb3c-5a86-4eae-9da6-611ddf67fdd8,elizabethcalderon@example.net,active,standard,2025-02-21T20:52:49,2025-02-21T20:52:49
295015f8-a638-4739-9c2d-d062604e0781,8d5d45b6-2bf0-4380-85a0-b73fcbc86e94,daviscolin@example.net,active,standard,2024-10-12T02:23:09,2024-10-12T02:23:09
2b05e10b-5000-4538-9961-d585eebec879,1c4a9464-3e0e-45d2-9ca2-87c36b03f80b,brianromero@example.org,active,standard,2025-12-18T21:25:20,2025-12-18T21:25:20
14e1fea0-7d00-4a71-9862-0e2b0d39eb3e,a3c5ffdb-8383-4846-a0c1-c9bf88ba6832,awest@example.org,active,standard,2024-10-12T13:14:57,2024-10-12T13:14:57
02c84ec7-f173-48ae-9b0d-0ffb875e3c56,6cb96ee5-043d-47e6-a79a-67e7b0fa034e,jamesmorales@example.net,inactive,standard,2024-05-08T18:12:06,2024-05-08T18:12:06
4cecc8f6-91e7-4a74-9c43-9a9658fad4d5,7aa35447-7686-43f7-bb98-14b1bc5fe250,cynthia07@example.com,active,vip,2025-04-11T00:05:11,2025-04-11T00:05:11
78cb5cfa-8ce4-410d-815f-5fdd67a68f2b,95381466-0836-4fd0-b05c-e8ca6147a51f,sanchezsandy@example.org,active,standard,2025-12-20T16:24:22,2025-12-20T16:24:22
cf1fd494-44d4-41a2-9d03-dcc932ce05e9,c0ec2b5c-22e2-4010-a8f9-94431d5860c7,ywhite@example.com,inactive,standard,2025-02-19T10:21:17,2025-02-19T10:21:17
c462cb32-ead3-4db0-8657-d77e3c0141b4,5daa5d95-314b-4f5e-8926-8d61c9d4daa1,mlee@example.net,inactive,standard,2026-02-04T03:25:43,2026-02-04T03:25:43
a77f371e-4720-41ae-afe6-2f3a21c8f251,7745384f-ccaa-4363-a18b-5e9ff0a824c0,ryangross@example.net,closed,standard,2025-11-15T00:23:18,2025-11-15T00:23:18
9b23b7e9-931f-486f-807b-93375fcb360e,c9276a13-5b0f-4ce9-8802-3e0ead192508,danderson@example.net,active,standard,2024-03-31T07:42:17,2024-03-31T07:42:17
09c5955e-59aa-4ef6-9633-764f11107680,bea5ef1d-43b9-4df5-b3d1-436f675ec066,hritter@example.net,active,standard,2025-02-09T16:57:10,2025-02-09T16:57:10
e55124e4-7dba-4d9d-b0c9-8b334709732e,f962820d-d110-4903-9fbd-86a2ba5a9687,lewischristian@example.net,active,standard,2026-05-27T17:30:26,2026-05-27T17:30:26
b1dfa31b-320e-4ef2-975e-f40944e0f535,6a7675ef-2c9d-4e2d-80c0-b5f38fffb6ea,tamaranovak@example.com,active,vip,2024-08-06T19:39:00,2024-08-06T19:39:00
b0448328-425e-46bf-ae17-784f5076c823,bbffd265-99c5-491d-a03e-fee1fec9e123,ashleyatkinson@example.net,closed,standard,2024-11-18T22:17:31,2024-11-18T22:17:31
a47d06cf-3467-441d-b367-541f5db834f0,96e4788e-210c-4cc9-97f7-b6b855134e0b,michaelhardin@example.com,inactive,standard,2024-11-22T07:21:07,2024-11-22T07:21:07
161eb30e-8459-413f-a2c6-3d522267ba9c,ff29ece6-95da-4800-acd2-b14950a339dd,christinebyrd@example.net,closed,standard,2025-11-25T18:34:47,2025-11-25T18:34:47
79989bef-b9ac-4a0f-81ce-b028357323db,7c66bbce-e687-4e15-be85-d960c3de159b,michael56@example.net,active,standard,2025-04-18T12:11:47,2025-04-18T12:11:47
0dc6be7f-5fff-4a6a-9fc5-3b9f606372ba,153f6ea8-c8e7-4bfb-8273-72ac137733ea,smithmaria@example.org,active,standard,2025-01-11T15:36:10,2025-01-11T15:36:10
ea5b5bc7-a64d-41dd-996b-37ac95f27151,b06bdac7-cb60-4550-a13d-62da39a1c53e,hernandezheather@example.org,active,standard,2026-05-17T05:16:50,2026-05-17T05:16:50
6afd291a-72ac-4730-85b9-dc2ffe967862,a0f290f7-884a-4d5d-b502-f43702abb2db,jessica23@example.org,inactive,standard,2026-02-05T00:25:00,2026-02-05T00:25:00
e26bd917-bd5c-46f6-8865-828ac09bbdbb,e6ef189a-76de-4ef5-ace2-676d69273e22,jennifercruz@example.com,suspended,standard,2025-05-06T21:02:02,2025-05-06T21:02:02
8279420a-a172-4f44-8d4e-cf213796dd8e,176aa5a0-a79f-4429-84fb-73d501c7e219,blackjames@example.org,suspended,standard,2025-12-10T00:58:28,2025-12-10T00:58:28
ab08ca95-ca74-436e-b772-34e93b3a9daf,a1a72036-c041-4a92-a719-9bbf0e21d53b,robert18@example.com,active,standard,2024-10-05T12:46:13,2024-10-05T12:46:13
8697475c-cff0-4779-9e72-eee6d8ac5752,be6fcaa5-9911-4bb6-b97c-47eb53c88b32,jamesrodgers@example.com,suspended,standard,2025-01-27T01:29:13,2025-01-27T01:29:13
2fe57cf3-3ef4-40d7-bc83-ef4bc0eb5d6f,cb969dd8-a609-4b10-b213-d1011a90ef2b,xjohnson@example.com,active,standard,2024-12-28T06:58:26,2024-12-28T06:58:26
2ae1de27-d4ed-496c-9235-6eb834fed36f,d47a83f3-a765-4a20-b40c-e0993cf00e4f,georgetracy@example.org,active,standard,2026-08-15T14:18:59,2026-08-15T14:18:59
b7524272-e5f8-4b95-b292-32e46233c23c,a5f46489-06cf-45af-9efd-dbd27067716c,cody64@example.com,active,standard,2025-05-18T13:53:32,2025-05-18T13:53:32
5db53c06-809e-4ca4-9407-b5d3ad82b5f1,85e030d5-7bbc-494b-baab-665c95549265,michaelcooper@example.org,active,standard,2025-08-14T11:46:27,2025-08-14T11:46:27
c1c43ee9-39e5-4331-8403-bc14ab1e27e1,caa8f40a-63c6-4789-87ad-05b99d694a15,michaeljohnson@example.org,inactive,standard,2024-10-25T05:48:57,2024-10-25T05:48:57
ce6df92c-7e48-476e-8d2a-549e30bf6492,2dc965e2-d3fc-4bc8-a118-d1636dbfe8c5,christopher60@example.com,inactive,standard,2026-05-09T03:34:28,2026-05-09T03:34:28
1d4a4f86-adf8-4c39-a03a-a20f3163acd5,3cc240f8-bb78-4677-a387-18bb7667c3ea,melissa14@example.com,active,standard,2026-02-10T18:22:19,2026-02-10T18:22:19
9137b942-ceed-4e09-bfda-087dd8d808ff,b8edba64-3db4-4841-8f8d-dc00dce6fb67,mooregina@example.net,active,standard,2024-06-21T14:51:39,2024-06-21T14:51:39
fae92460-3360-4b60-a605-bce4dd8fdfd1,94e0e084-e14c-4061-80da-7e6030bf14d5,clarence34@example.org,active,standard,2024-11-05T13:34:36,2024-11-05T13:34:36
5c1488b7-6111-4ffc-a4ee-db85baccf27d,103fcba9-e7d7-4b76-b162-0fc8a31cfa6b,griffinemily@example.org,closed,standard,2025-01-28T00:24:49,2025-01-28T00:24:49
9e71e32f-f7e0-4429-aaec-0d4eb935ca3e,d4d6c47d-5048-4008-b088-4f13691fbefd,hansenemily@example.com,active,standard,2024-10-08T17:08:42,2024-10-08T17:08:42
dead9c6e-4af8-4807-b85f-f66d58c65326,5b16d3ac-510a-4143-8a0a-785ce783f3d8,egarcia@example.net,inactive,standard,2024-03-25T10:51:32,2024-03-25T10:51:32
49edf258-be56-46a1-8acb-e2ef8a8eb2a0,71c65b56-3757-459a-ac5b-b50c76fb6a5e,davisjeffrey@example.net,active,standard,2024-08-08T05:06:41,2024-08-08T05:06:41
a1e4984e-ebcf-47d3-adb3-e3ece69a5e1a,2030e11b-f809-402e-8a1e-00aa3cb751da,sheila14@example.org,inactive,standard,2025-11-22T05:37:18,2025-11-22T05:37:18
646fec5a-cbe0-4a0a-8a4d-69cbb474e2b0,3f78077b-93c7-4c4e-8976-f16cb11cfcfc,alyssa42@example.com,suspended,standard,2025-08-01T08:10:42,2025-08-01T08:10:42
f34cc2e2-68a0-4982-a12e-e0fab2800ac3,cf5dd5d1-b2dc-47d4-9be1-b6c0e5b07a12,conniesimmons@example.com,active,standard,2025-09-13T03:44:54,2025-09-13T03:44:54
086bc103-4f6f-483a-a780-aa127170c2c9,a792d50a-1570-450f-901a-c26bc3b4a9dd,reevesjimmy@example.com,active,standard,2026-05-29T01:43:13,2026-05-29T01:43:13
f7419e9c-1f7b-42b8-ab9d-f77a96b69709,333d41f0-5f4d-48cb-b3bd-042814f9b7f8,carterpaul@example.org,suspended,standard,2024-06-20T03:05:07,2024-06-20T03:05:07
b72fb790-1355-4ae7-8380-54858de9f9c5,125d87d5-a36a-4f4e-865c-3122386e88ca,juliehamilton@example.org,suspended,vip,2025-05-03T02:49:37,2025-05-03T02:49:37
5472126e-629d-404a-8a35-da918054f729,bab8979a-8cd9-477b-bbd7-2e1dbab88437,vfox@example.org,inactive,standard,2025-05-08T17:43:00,2025-05-08T17:43:00
b221b4d5-aa01-43e9-b9ff-cbea1f003333,faae2750-9c1c-4c70-96ed-e845374e4e5e,stevenscott@example.com,suspended,standard,2024-12-03T14:00:50,2024-12-03T14:00:50
75fe3340-6bbd-4cd5-aa08-7b671cacb85a,2ef9867e-e76c-4d07-8089-7935ba03ca03,gibsonemily@example.net,active,standard,2024-09-28T16:27:19,2024-09-28T16:27:19
6260f5be-35df-41ff-9c7b-c2a1fc73670e,265cf9a7-b023-492e-9e62-3896325f1c48,reedscott@example.com,active,standard,2025-11-26T05:20:38,2025-11-26T05:20:38
3ceabd4e-5a52-4922-a75c-560a31f02166,c958448f-45d7-416d-a358-45098ec2a9da,nicoleturner@example.com,active,vip,2026-08-02T02:34:38,2026-08-02T02:34:38
6a81415a-3f73-423f-947e-3fb61d09b3a2,5b4df518-7c6e-4957-8906-e33505acee31,hdunn@example.net,closed,standard,2026-07-31T07:35:59,2026-07-31T07:35:59
74641f5b-195b-4a78-b126-10669f1f86da,bf32ccad-096c-457c-9147-6f220d46e227,jeffrey42@example.com,active,standard,2026-06-28T10:27:02,2026-06-28T10:27:02
0b99ac92-30ab-4a75-9b2f-c0cc796c096b,4041ba09-7a39-4b37-9e0e-f39a765d9c82,josephortiz@example.org,active,standard,2026-03-29T04:49:50,2026-03-29T04:49:50
26713dfe-a458-4268-b50c-77096b3b7f90,2ba287a4-72ee-4028-bc13-39a65e78db4d,amanda51@example.net,suspended,standard,2024-04-19T19:23:05,2024-04-19T19:23:05
66d22ac4-caf1-4244-8be7-f54f885eaed6,92bac428-565b-4fba-a911-e9f3dc3c5ad8,michaeljones@example.net,suspended,standard,2024-05-12T16:31:08,2024-05-12T16:31:08
78ab150c-6c83-4c00-a306-1180bb6f6123,2609004e-90a8-450e-98f3-5ebc16841cd5,ramosmichelle@example.net,active,standard,2024-07-06T03:31:01,2024-07-06T03:31:01
60e2d2aa-4976-4997-b13a-d4c01fb395e9,bbe44e0a-dc83-4c13-a357-89d0c4f06f29,wileymichelle@example.com,suspended,standard,2025-03-09T10:20:27,2025-03-09T10:20:27
4f9c4028-ea74-4b52-a9db-fa6b5c7bb5c7,43317971-4c76-44db-9b97-011579286ea5,lisa80@example.net,active,vip,2025-10-03T23:45:02,2025-10-03T23:45:02
36a7d74b-8d12-48ba-b95d-3f1aa8f2876e,6bb94756-3d64-40f4-9ecb-bc26ede41625,gmaynard@example.net,closed,vip,2024-08-31T23:04:51,2024-08-31T23:04:51
c882d2f3-9f2b-490a-be85-dd3a5b2b7f7d,45ed3c5a-3c94-463b-91d2-73d3333fe5fc,wendymitchell@example.com,inactive,standard,2026-04-05T20:22:19,2026-04-05T20:22:19
4f5c778c-ffba-4de8-89b1-f6ace5d3c8ed,c912d33f-5dc2-4ec9-a126-34b598046705,wheelerbrandon@example.org,active,vip,2025-06-20T20:04:42,2025-06-20T20:04:42
3affaa25-5fc6-4c3e-867b-19f2e63c92d4,b745eacd-b8ee-4507-82ff-98d3c4daffc7,thorntonapril@example.net,inactive,standard,2026-03-29T11:56:04,2026-03-29T11:56:04
6ac55339-c2ae-45bd-99da-3b0efb6ca940,dec2b1be-3447-4044-b4e3-17848dfd390e,umatthews@example.org,active,standard,2026-01-15T14:46:25,2026-01-15T14:46:25
e82ef66c-89ce-4443-ae68-7cae140089b3,0f8ab48c-b1fa-4600-9712-1bc2a02d8f45,vincentwhitaker@example.com,active,standard,2026-02-19T14:11:26,2026-02-19T14:11:26
c0f92836-1a0e-4fe2-ac35-5c09ea1a43c6,b0cab1cc-6689-4922-a78f-5c6e1c458cd1,hernandezlisa@example.com,active,standard,2024-03-18T14:41:44,2024-03-18T14:41:44
6d3618c2-4273-4a78-b02d-96f5bbe92167,7bb37398-522c-4b94-95aa-882d79ae2041,livingstonstacy@example.com,suspended,standard,2026-04-15T17:50:40,2026-04-15T17:50:40
50aead54-3672-4533-834b-05bb9c3479b2,8f4f1f50-62c9-4870-bf5b-bdcd357f8ad7,wcasey@example.com,suspended,standard,2024-07-31T12:03:28,2024-07-31T12:03:28
d1628054-226e-4c47-ad4b-a2b63df3d3b7,bf03895d-6d44-49a2-8183-81c4e89eac75,vmarshall@example.net,inactive,standard,2026-06-01T22:03:24,2026-06-01T22:03:24
d533cb02-a5ee-4fe4-9180-0f30ec14439c,c630fcf6-11c8-465f-9498-0839aee67e55,fowlershelia@example.com,active,standard,2026-02-14T16:33:44,2026-02-14T16:33:44
e9c5c545-f3d2-417e-917c-fc5db15a3581,2f0fa97b-f713-40a9-8e11-3e18580cd97b,maria67@example.org,closed,standard,2024-11-23T20:00:59,2024-11-23T20:00:59
6de173a0-c71e-4609-a9a0-6bbc5ef2bf2b,5d24b6bc-2eea-4766-a11d-b0aed43f038a,tberry@example.net,active,standard,2024-11-03T13:23:06,2024-11-03T13:23:06
04d1fea7-dfd4-43f1-8728-f3f7480b60e5,27133460-80a8-449a-b422-65bfe97af456,terrigarcia@example.net,suspended,standard,2024-08-20T12:51:15,2024-08-20T12:51:15
c4a774c8-ac04-4df5-8e91-52616c8217e2,f639b5da-4c4d-46ef-8ffe-75cca075bc23,adamreyes@example.com,active,standard,2025-02-08T09:55:46,2025-02-08T09:55:46
13384fb8-41e9-465b-bd75-f41908ba69ea,cc1816db-c3dd-4c16-8ea7-18fe313472b9,jamesshawn@example.com,active,standard,2025-08-08T06:12:04,2025-08-08T06:12:04
7732d512-3225-4169-a88e-a695411d1d32,d6914b8f-0d72-4044-a61b-055adb02f005,xfox@example.com,active,standard,2024-06-21T15:17:32,2024-06-21T15:17:32
3ebb5339-0939-49f3-ab73-b28ff8b35409,31006b42-8446-43cf-bd23-af4d84ca2c85,khines@example.org,inactive,standard,2024-08-11T18:41:44,2024-08-11T18:41:44
30712555-765d-4764-b1fb-31a918a52272,710200a9-2c6c-4f21-b3f1-3ed6aa684fa2,ntucker@example.com,active,standard,2024-06-03T19:33:25,2024-06-03T19:33:25
a2019472-f02b-413e-8ae1-5705a13548c3,83967256-31c2-4fcb-a61d-2378ac6f1ad6,lbyrd@example.net,inactive,standard,2024-09-02T01:21:31,2024-09-02T01:21:31
bf88c557-c7e8-4ae2-9d48-cab448963885,c664111b-b80e-45ab-b2de-ee220ea29fbe,caseyelliott@example.net,active,standard,2026-03-29T11:42:36,2026-03-29T11:42:36
c8e1bb6e-3405-4968-a1c2-1f7228535a09,93c6c6a9-16fb-43ad-bd64-1ee5eccdd750,james27@example.net,inactive,standard,2024-11-23T01:13:42,2024-11-23T01:13:42
4a528963-d7c8-4ccc-8669-58bf5dd688fe,01450c81-3eae-4663-a704-f91c175e17f0,madison97@example.org,active,standard,2025-11-06T21:27:05,2025-11-06T21:27:05
9a77b03a-f7a5-4b1f-9997-6a521abd8f06,f24f29fa-33e9-41e2-8965-ac4e39be3919,hayesjeffrey@example.net,active,standard,2024-03-13T04:17:40,2024-03-13T04:17:40
9daf678b-0d21-494e-ac84-e0f8590cf968,878f6e41-bcd7-4f18-aa89-90133272eafa,gateskathy@example.com,active,vip,2025-01-03T22:16:26,2025-01-03T22:16:26
cac6d703-733c-4d93-b716-100ca584e52f,c108b321-1696-4fbd-8457-87fd61ca65d8,megan90@example.org,active,standard,2025-03-25T11:16:46,2025-03-25T11:16:46
976ce6ea-657a-4a9a-aca6-c74bec3fe279,670a79a3-05fc-4a33-8b9d-1b6df80347f4,courtney86@example.com,active,standard,2024-05-14T17:20:40,2024-05-14T17:20:40
bd558292-3056-40c3-82ec-d2dd1cef686a,efc6a229-f984-41c8-b741-83d9a46c5fd1,scoffey@example.net,inactive,standard,2025-01-19T00:10:51,2025-01-19T00:10:51
637765ea-1b9e-4b7c-b05e-8b3f5feaf1fe,cd8175bc-ff34-4742-8b86-61ec290e632f,lisapeck@example.net,inactive,standard,2026-03-26T00:10:56,2026-03-26T00:10:56
9fef6eb8-e50b-41f4-8a82-890cd4740240,c5ee9489-e7ea-4da3-9a86-b34c76f6d340,richardsonemily@example.com,active,standard,2024-08-08T02:10:01,2024-08-08T02:10:01
8e385809-404b-433d-beba-49d6e9c3c8e2,9d37a85b-84b4-486d-b852-fd896a50fbf6,samuel81@example.com,inactive,standard,2025-05-26T14:03:06,2025-05-26T14:03:06
51e4647e-4227-4e54-9b43-7102988d2c89,2aee3fe5-2eb0-4391-bb79-d4d4ffdd9931,perrymark@example.com,active,standard,2025-04-25T20:59:07,2025-04-25T20:59:07
1a88a149-99cf-42f2-861b-167169a2caab,eb16c915-257c-4e0d-8f75-ef88a49065b6,sferguson@example.com,suspended,standard,2025-04-01T16:54:35,2025-04-01T16:54:35
9a543275-264b-4ffd-8e78-0bb531637543,34ec60c6-4248-4ad1-8dd9-759b309578a4,jamessmith@example.org,active,standard,2025-12-15T07:31:39,2025-12-15T07:31:39
cc3be169-a9b3-4624-8cb3-8adcf99dede9,5bc10fee-ced7-43f1-91e5-597bd89faff6,zhuang@example.com,active,standard,2025-02-25T18:08:25,2025-02-25T18:08:25
3bd73162-483e-491d-89db-10b8e8aca7d8,438005c2-dd1d-48aa-8bfd-7fb06851b5f8,jillrhodes@example.net,suspended,standard,2026-03-27T08:23:29,2026-03-27T08:23:29
0043348b-82f3-4c7a-b46f-2a01493c778e,902c8ddc-8ba2-42a6-b380-4afc64f50ffc,jessica42@example.org,suspended,standard,2026-01-17T05:54:12,2026-01-17T05:54:12
6668e381-a134-437b-8616-c2650dd2cf8b,a054cb90-d7e9-4236-9533-fc7fd2b1fd77,walkercharlene@example.com,active,standard,2026-05-25T18:22:15,2026-05-25T18:22:15
905880c6-c8d9-41d1-997e-30efb6cf3beb,7e394ed8-8aae-477f-9649-5d3e7f5658fb,collinssamuel@example.org,active,vip,2025-02-03T03:11:54,2025-02-03T03:11:54
9a791489-dbc3-4252-a556-407b576116d1,d477b62b-46ba-4eaa-a26a-8e3d43ea5a28,ramireztracey@example.org,closed,standard,2026-06-14T18:41:02,2026-06-14T18:41:02
39df7362-af08-4a0c-a143-f69d278aa977,3f1fc492-e8ed-4840-97a0-a56592fdc1d9,pfoster@example.com,active,standard,2024-10-26T19:25:01,2024-10-26T19:25:01
fa289c2a-3a49-4eda-ad79-c94ba9caaf85,3f3af4f6-a87b-4f03-8669-2e1a8e3c6d8b,teresa28@example.org,inactive,standard,2024-06-27T05:37:07,2024-06-27T05:37:07
66d45bb8-74f7-4418-8d53-dabeb26c472d,24ea0325-a7d6-4388-b86c-7b51e5805b26,tasha01@example.net,closed,standard,2026-04-20T16:34:22,2026-04-20T16:34:22
47073fc5-3a90-4500-8470-c74c7ad5bf88,4a81b4c3-9e04-4757-a7c6-3191447eadc3,christopher24@example.com,active,standard,2024-12-12T16:36:22,2024-12-12T16:36:22
1ed6f7d0-ad62-45c8-9d01-e0c56c2ee759,4dc2aa9c-8633-4861-b795-5b285cf76a1f,sarahcampos@example.net,suspended,standard,2025-09-30T21:35:47,2025-09-30T21:35:47
1511642a-83ef-4451-8855-a3876469f065,42748981-2a95-4e95-91cf-9844c8aa9c69,daviskatherine@example.org,active,vip,2024-06-29T12:07:59,2024-06-29T12:07:59
70a86828-395e-4d11-a08a-0b08e80bf341,26ebc43f-cfbf-4fa1-9c7f-9134871f7b65,alexander89@example.net,inactive,standard,2025-07-18T20:52:48,2025-07-18T20:52:48
59edef64-dc13-4fde-b6aa-41de525762d0,7eaca096-c253-48ee-936a-8ea930759d59,louis43@example.org,closed,standard,2025-12-03T13:09:29,2025-12-03T13:09:29
f1b062dc-6f38-4e5b-bf28-40d938cb3df6,5a589b0f-69ac-4256-aea8-df379845f417,larsonemma@example.org,active,standard,2024-12-31T14:28:39,2024-12-31T14:28:39
4a4d75f5-fd59-4d1f-b33c-d9b23361f0fb,d224c314-09b4-49c7-9490-53d3247615d2,michellehill@example.com,active,standard,2025-06-22T10:32:03,2025-06-22T10:32:03
b5a7e108-c6ea-4d78-9212-0dacb556071e,bde10f4a-86e5-45d2-b176-3ec1222265c1,wallaceheather@example.org,active,vip,2025-10-25T16:13:20,2025-10-25T16:13:20
feff7d55-59c4-438d-8fba-8c7e48645723,a7cebb21-0f26-4834-8a09-e3269b21a77b,sara74@example.com,active,standard,2025-10-17T04:11:49,2025-10-17T04:11:49
db60cd5b-734d-4074-ad2c-2bb94dbddfc6,7c2a3f62-d757-4322-a213-921d7c370838,dalepruitt@example.com,inactive,standard,2024-10-10T14:40:01,2024-10-10T14:40:01
c4d5208c-746f-4284-b79a-9889a3511cca,993cbf30-efef-49e5-b5ad-7aaf3db149a3,madkins@example.com,active,standard,2024-09-25T16:18:02,2024-09-25T16:18:02
8c4ce02f-acff-4194-9ecf-32ff8a089dc6,ce5ac3ba-cbec-4482-816e-1ee6def437e2,christinaschultz@example.com,active,standard,2025-11-26T12:39:49,2025-11-26T12:39:49
b1b020ca-0e95-4a8c-b7f3-4ac0c8cfea04,847d46dd-9721-4351-8bef-5c2292b57d6f,brian97@example.net,active,standard,2024-03-28T05:21:27,2024-03-28T05:21:27
82335b17-345b-470b-9a9e-c4e455590570,73b79064-9e0d-4b3f-87d0-6ab33593b492,reynoldsjessica@example.com,active,standard,2026-04-02T07:05:32,2026-04-02T07:05:32
69728e1c-a31c-478f-964e-72142d8790ad,9400a9f1-7dfe-440e-9992-ce7a2dd5b296,penajohn@example.com,inactive,standard,2024-05-29T21:38:00,2024-05-29T21:38:00
5b71cd1b-2e0a-4ba1-92a4-1719e2f9901f,6f1db361-6600-4690-8cd8-5520d4257b7f,patricia00@example.org,active,standard,2025-08-12T00:36:03,2025-08-12T00:36:03
57c08aa1-8d1c-4157-ab09-ad030c9e581c,249c5605-e2c1-49de-825b-aeef4ba19a9e,haroldhorne@example.org,active,standard,2025-04-26T00:41:23,2025-04-26T00:41:23
b7fc2509-17d2-43d3-88ad-fe749596a0ab,0f708081-5838-40db-84a9-ca8b6845336f,laurie61@example.com,active,standard,2024-07-24T05:20:58,2024-07-24T05:20:58
3d5199ba-4f6a-4360-bfe0-96971ae30793,b0da7a9b-77d7-407d-8506-51705503fa05,clintonhopkins@example.com,active,vip,2024-10-15T12:35:47,2024-10-15T12:35:47
975655e0-c7c5-4cc9-9a37-3c0bb70acf5e,27e89b40-f32c-4604-8a79-6d1613bde382,zhall@example.net,closed,standard,2025-11-14T16:20:57,2025-11-14T16:20:57
2a194116-e73a-4af0-8792-fdab8ae1e88b,77475cfc-c7a4-44fd-aa82-b68053aa7540,jacquelineanderson@example.org,suspended,standard,2025-08-22T04:21:58,2025-08-22T04:21:58
b92e268b-76ef-48c3-a7b9-4080e3b6b188,d85d8387-2b7e-46a9-9f28-dad061a5fc01,shawn75@example.net,inactive,standard,2026-05-22T03:05:16,2026-05-22T03:05:16
f58eae96-2d43-4139-9d2c-971bb7184b04,fd12529b-56bd-40cf-a742-a90ad36add5e,tiffany44@example.net,active,standard,2025-08-05T01:13:40,2025-08-05T01:13:40
37c2c840-08c3-4c4f-bbe5-5cc0736828bb,69819ace-cccb-4f20-aa31-be439b1b8e2b,luis11@example.com,active,vip,2025-11-25T08:49:56,2025-11-25T08:49:56
2a95d093-6c45-4fef-947c-ab0c966401ef,8e119f8a-036b-4da9-bbae-98ab4fb61e2f,huffmannichole@example.net,closed,standard,2025-04-08T17:36:55,2025-04-08T17:36:55
60baad3e-3177-4ce9-b0f4-00447a4d8830,3b0faafa-80d0-490d-bdd0-fe1f13d22058,qzavala@example.net,active,standard,2024-09-06T18:00:32,2024-09-06T18:00:32
4da8e82d-1718-4b0d-8e6f-150c2a942ea7,d1c356c7-a230-4e49-abb6-3eb1f58155cd,jeffreyanderson@example.org,closed,vip,2025-12-31T11:59:48,2025-12-31T11:59:48
a9fc0077-3454-4cff-b17d-72aac874c229,08ed887d-1b8b-4850-a0ef-45b78a04e4d7,katiegood@example.net,closed,standard,2025-04-19T03:20:59,2025-04-19T03:20:59
8b107c47-4507-45f6-a4ad-12341365dca9,22a4c19e-c3ff-455d-8a3b-d4a9bd6b8334,sandersjudy@example.com,active,standard,2026-02-15T13:15:37,2026-02-15T13:15:37
4a58ab2d-80ee-474d-9460-9185945be88d,62e44a82-c99b-4d04-9abb-f6a2eb97c7ec,jennifer50@example.org,active,standard,2024-08-25T10:59:41,2024-08-25T10:59:41
6baa359c-e544-44d3-a660-c85687763d37,d0c20886-5575-4356-8218-337197faa2fb,garciarobert@example.net,active,standard,2024-07-09T06:15:49,2024-07-09T06:15:49
def16960-44ca-4f85-9f0c-511519b3b874,ed7f8737-2c99-408f-afd0-f91c740e414c,charleslandry@example.net,inactive,standard,2025-10-27T03:44:41,2025-10-27T03:44:41
9093bd8b-cf7e-41be-bf3a-f8a4e2334db1,6d883826-0157-47c4-a6cc-cb8134bcc6db,theresalong@example.com,closed,standard,2024-11-27T18:57:09,2024-11-27T18:57:09
8f31f135-df49-4482-aac9-366741fa9a45,4ecae9d3-e8de-48eb-baf6-e76c81c58c66,mathewaguilar@example.org,active,standard,2025-12-19T16:40:50,2025-12-19T16:40:50
5302dfda-ab03-46f5-b8e4-95754452720e,d7615aca-6de3-4a17-8fd0-212330ca9c28,urice@example.org,suspended,standard,2026-05-13T16:37:17,2026-05-13T16:37:17
541bc7a9-4230-4cf9-b2aa-bf1cec30f32f,07365e1d-9d4c-4185-859e-d5757178280c,shawrachel@example.net,active,vip,2024-04-11T10:01:30,2024-04-11T10:01:30
e5b7a71c-8f3e-4a10-87e1-897d9018adc5,3cec8c73-424f-46c6-a5a7-cb5cd5141538,lawrence09@example.org,active,standard,2026-06-19T12:56:24,2026-06-19T12:56:24
f13ca297-9f8f-4281-9308-f2676dbd3d73,e9f40ffc-bea9-4cc6-abca-7fe897f37903,vfrench@example.com,active,standard,2026-06-28T07:54:27,2026-06-28T07:54:27
7f98a893-17bf-4e3e-93ef-aa53326ceb5f,72fd6924-b954-4c8f-9c0b-2545d0efe53b,nperry@example.net,active,standard,2025-06-28T11:21:50,2025-06-28T11:21:50
9b91d6c9-1c88-4752-adfa-d1062d63652b,51d5c171-5764-4f95-8919-dd46d204df4b,brentstein@example.org,active,standard,2026-05-11T05:23:44,2026-05-11T05:23:44
a0feca14-bf32-488e-9f6f-554691260c3f,5a2b4f14-e7ac-4b3a-bf58-688bca696e5f,byrdjorge@example.org,active,standard,2024-04-01T21:58:52,2024-04-01T21:58:52
bf55c159-7252-4844-b86c-50898b19e7ff,961b1333-d41e-443a-9880-0b1c8c59e141,acastaneda@example.net,closed,standard,2025-02-10T16:14:21,2025-02-10T16:14:21
3fd05072-27ed-4e14-a226-1b7a03bc9038,fe1ef2c8-17e9-4560-bca8-d42ce43d899f,coxhenry@example.org,suspended,standard,2025-01-26T08:23:17,2025-01-26T08:23:17
a128f986-0163-4599-ac84-9b7c313dcc79,8639eac0-9cd8-4fe5-9e10-8526a16018d1,sreid@example.com,inactive,standard,2026-01-17T17:16:21,2026-01-17T17:16:21
5fe4f4ac-c36c-44a4-9665-efd23d03e6db,b66b0e13-b74e-40e7-b3e7-1583f2f08a9b,ejohnson@example.org,active,standard,2024-05-27T07:04:01,2024-05-27T07:04:01
4ce6e475-b4a0-44d1-8229-1b5a331d1553,afa83ff8-2b40-47b8-8bcf-1f9285c11695,erica49@example.com,inactive,standard,2026-05-16T12:22:25,2026-05-16T12:22:25
25549370-248b-476f-bfb2-46f66f5949a3,9813cce1-ec92-4b06-b6e3-ed8a73e34436,tanner82@example.net,active,standard,2024-04-05T15:36:09,2024-04-05T15:36:09
953aae95-744a-4c88-9a78-bf3d219f33ee,3207b0f3-9af4-4ba4-acb1-6ba8ea25f52e,kellysmith@example.com,active,standard,2024-05-03T16:21:07,2024-05-03T16:21:07
16835bc7-dd1f-4b5b-97a3-2c77373ee2e1,d31efffd-fdc4-4168-ac26-83b67a6c5c47,zrobinson@example.net,closed,standard,2026-08-11T08:14:33,2026-08-11T08:14:33
cb1ba4d4-128d-4ffe-8dc9-c24783e4c8bd,943fb486-16d5-4258-99e7-8340b1862e76,cporter@example.org,inactive,standard,2024-10-06T18:42:22,2024-10-06T18:42:22
2d23e404-a821-416d-8b82-ebd02a2ded3d,4b8b181e-668e-45d4-a8e3-7180a41cf064,natasha43@example.org,active,vip,2025-08-10T00:55:37,2025-08-10T00:55:37
7dcd9462-c60b-46fa-bd30-8e30c12a5e82,b1554012-ee9c-477f-a055-e067482499a6,millerroy@example.com,active,standard,2025-05-01T05:30:24,2025-05-01T05:30:24
52f353e9-2e76-4dd6-a849-b10a9439db74,5b817ccb-b122-4044-b74f-bde3d1df714d,asilva@example.net,active,standard,2024-06-26T08:55:04,2024-06-26T08:55:04
7f0aaa99-da1e-42f6-8a1a-82f71890f8e6,529867fe-75f6-4cd9-b913-543b3d6e583c,sarah52@example.com,active,standard,2026-02-01T03:08:52,2026-02-01T03:08:52
8d7d55f1-875e-4247-a1cf-4f2096e3c0ea,1bf35f99-4627-4c80-a5f8-0797538eaf54,mitchellclark@example.com,active,standard,2024-08-27T12:31:44,2024-08-27T12:31:44
5e3355c7-8ab6-4532-88b9-f7c8a6d035e7,efb0203d-c970-47ec-8644-2090a658224b,fortiz@example.com,closed,standard,2026-01-04T20:28:49,2026-01-04T20:28:49
ac3f76f9-c02d-4740-9fc7-bf863647ca7c,adf0d9db-c6a0-4226-a93f-30482ccd9d28,georgemiller@example.com,active,standard,2026-04-29T03:29:12,2026-04-29T03:29:12
f191e16e-cc85-4d94-a181-acc77f624598,cf2dbf35-0461-492d-81bd-a783c553409a,hahnsean@example.com,suspended,standard,2024-10-11T06:30:40,2024-10-11T06:30:40
766f3979-5627-4fd5-a700-add75631b94b,3d0d96e7-a6da-4e11-a509-76b813d466f5,abrown@example.com,suspended,vip,2024-06-18T14:51:27,2024-06-18T14:51:27
a5a55d22-d556-41f9-a0ba-34a3a0b789c4,355d89d9-bf5a-41df-9382-a5e57cbbbec4,james30@example.com,active,standard,2024-05-18T06:17:54,2024-05-18T06:17:54
befe195b-7b10-4bef-8370-5802381f1946,d3adc9f1-fd4e-45ad-9d75-0919a6617f7a,kathleenbecker@example.net,active,standard,2024-03-03T08:00:53,2024-03-03T08:00:53
8b2967cb-e104-445b-86a1-3402fa622a6f,779b7f09-bfd0-4ab7-a46f-9f6eecb13030,johnnewman@example.org,active,standard,2025-01-02T13:16:32,2025-01-02T13:16:32
b3f736d1-441d-4f5d-b802-b3dbb98f67d8,41db9c8c-af73-46c6-b7aa-64cee86dbe41,tracynelson@example.com,active,standard,2026-01-04T02:11:09,2026-01-04T02:11:09
79fab279-45a5-4f60-bb44-d26e7acd4e4c,71972ade-a5de-461b-aac8-49774ccb1a4a,howardkristina@example.net,active,standard,2026-03-18T09:43:54,2026-03-18T09:43:54
efc92502-f207-4119-a268-8e02109ac197,5b070f80-9227-43fd-951b-4c758d20070e,timothy64@example.com,closed,standard,2025-11-18T22:48:20,2025-11-18T22:48:20
8b0ceab3-91bf-4ff8-b49e-16c57c6405a1,0f1df561-31c0-417e-909b-4b054c45baaf,jeffery48@example.net,inactive,standard,2024-06-15T05:59:04,2024-06-15T05:59:04
e0491027-2484-4834-a847-106ed2a6baf4,05fae288-07c2-4e99-a945-fa3fbfa123ed,smoore@example.org,active,vip,2024-07-12T00:42:19,2024-07-12T00:42:19
0885d3c4-88c9-4623-a071-04c59b4b4a79,4ed3232e-6117-4b38-9d59-265a217c91cf,joshuacolon@example.net,suspended,standard,2024-07-19T02:42:21,2024-07-19T02:42:21
3c90279b-ccce-48d9-bf2d-a8daa7f76137,3d0fd916-f8d9-4f59-9d2f-75d16ed75c58,brian63@example.org,active,standard,2024-09-04T04:48:37,2024-09-04T04:48:37
855cc7ab-2101-41d1-82f5-af28763122a3,cc6587b9-1ad1-4f99-bb8b-dc23f1621ea6,oconnelltiffany@example.org,suspended,standard,2024-10-15T23:01:56,2024-10-15T23:01:56
4d3fad2a-3d62-456a-afe3-52f49dcb2dbd,d47fa6a3-60cc-4d46-8dc2-9b3fd5e43153,lloydamanda@example.com,closed,standard,2025-12-17T04:28:54,2025-12-17T04:28:54
026449ec-1824-4ea4-9ec4-aa2ff5da7202,03710ca1-feb1-4206-bd26-3bb8e6a1dac2,codygarcia@example.org,inactive,vip,2024-08-31T23:03:37,2024-08-31T23:03:37
7ebf64cf-2876-4af3-bc3a-a1b3593fdfda,28f88fb0-d9fb-4c32-8470-1738493e863b,jeffreymercer@example.org,closed,standard,2024-12-19T18:32:58,2024-12-19T18:32:58
41a56264-2081-49e1-9d67-a134973c9a69,90249383-3427-4005-a185-d20f5542dae5,tblankenship@example.net,active,standard,2024-10-24T23:03:51,2024-10-24T23:03:51
092cd23c-b637-413e-9569-2dfafa8df7e6,b4cc95b0-6dbf-4264-a3ef-43fbbadf652a,hdavis@example.com,active,standard,2024-05-31T17:38:13,2024-05-31T17:38:13
eeac3e63-4a02-449d-9967-889b3c983d4f,b2310c7d-702b-4e62-b938-3b19262bd9e9,stephenmadden@example.com,active,standard,2024-10-14T19:30:47,2024-10-14T19:30:47
4851bd98-261c-4190-9d88-6b6c9045192d,d18e4429-67b8-4ac0-8d74-6c1d026d15a7,fitzgeraldvictor@example.com,suspended,standard,2025-05-12T19:09:46,2025-05-12T19:09:46
eb0820c6-4a68-4af5-9f7b-18084ffb5142,b01b46fd-8f75-4db5-806d-c5c5980008c4,mmckee@example.com,inactive,vip,2025-04-22T19:47:24,2025-04-22T19:47:24
783ffccf-77d9-4f4e-93d6-7a8eeff1fa91,cec4dd97-5c6e-415b-ba06-47dc8ef4570f,omartinez@example.net,inactive,standard,2026-02-01T14:18:02,2026-02-01T14:18:02
d159b118-5514-405f-a599-2a0ab933ef25,ead66f31-3437-42c5-9145-8281898ce326,nguyenbrian@example.com,suspended,standard,2024-12-23T01:13:53,2024-12-23T01:13:53
dccabef4-fc71-4f05-9dc9-eaddc5ac6528,66dda3b2-66cf-4b2b-90b2-91abe28f6aa4,wwebster@example.net,active,standard,2024-08-21T20:11:06,2024-08-21T20:11:06
10e56854-fd25-4fe5-b755-81f59a1c88f5,102e02b0-7f44-4058-881f-7896edc964b2,stephanie79@example.net,inactive,standard,2025-02-18T15:46:24,2025-02-18T15:46:24
a2ebb8b9-4ff8-4d16-8adf-daae6ad92101,795d2b23-6186-4d66-beb4-690083c579a2,ythompson@example.net,active,standard,2024-05-04T06:44:45,2024-05-04T06:44:45
3a5812ed-3bcc-4d7f-835c-fe205426c433,,amy51@example.org,active,standard,2026-01-20T13:31:45,2026-01-20T13:31:45
0281b105-24e0-4750-aa35-2c892ca3d28c,33f27548-d085-481a-aa4f-a851fbebe0cd,alexis39@example.org,inactive,standard,2024-11-13T18:04:18,2024-11-13T18:04:18
374a7329-4998-41a8-94bd-fb87c6b33f3a,d5e5a6a6-cb8d-4d62-8551-298dee7f1f9f,megan51@example.com,active,standard,2026-03-07T13:37:42,2026-03-07T13:37:42
34daa15a-0dcc-4959-a1d3-122d4bfb9d93,e7297926-0c3c-47f0-a303-8e1ddfc0eb77,watsonmatthew@example.org,active,standard,2024-08-07T21:13:27,2024-08-07T21:13:27
6ef4cbdf-7159-458e-b470-aa1f6682e4fa,e6173937-b216-46db-b863-ec7526285150,theresa25@example.net,active,standard,2026-05-08T21:46:54,2026-05-08T21:46:54
1626b0d7-56de-449b-b4c0-43b8f272466a,ce5679e9-296a-4566-ba46-98a3e0a94136,xmalone@example.org,active,standard,2025-06-13T21:23:32,2025-06-13T21:23:32
2b4daf66-4cf8-4a50-870d-bb5c449601bd,416cd82a-8e13-48b3-a6e1-dadbf5a29d2d,fbrown@example.net,active,standard,2024-08-12T19:27:35,2024-08-12T19:27:35
9c273884-3656-4f0f-9b62-d9ec9853e80d,6d91807a-84e4-47c1-8e47-925d52e0dd48,nataliearroyo@example.org,suspended,standard,2026-05-28T09:00:17,2026-05-28T09:00:17
4094e504-5729-4644-a8ac-d0c21066748b,296a6b8f-b21e-4485-ad7f-18c1262a0764,kpena@example.net,active,standard,2024-08-16T12:43:18,2024-08-16T12:43:18
bc366120-a0b6-4f70-94aa-4a02c1747efc,a4c57aeb-c65a-4a1c-954e-acc7a7ba7c74,anthony47@example.com,active,standard,2025-01-04T03:17:48,2025-01-04T03:17:48
247822d1-0348-4592-9b56-887df8685c6c,1740f65f-2823-4d8a-9ff9-2bf6dfcddfb6,christophergarcia@example.org,closed,standard,2025-11-14T07:49:30,2025-11-14T07:49:30
c17508f6-ac8f-4576-9743-e467a065c34d,0edeaba5-35f3-4e68-98ca-f412d9cd14b5,ysanford@example.org,active,standard,2025-11-18T19:13:10,2025-11-18T19:13:10
5ed3a9cf-0304-498e-9378-9017f5677bb4,b418aed1-0951-4085-9fe4-e750e7fe45f9,jennifercollins@example.org,closed,standard,2026-06-06T02:03:55,2026-06-06T02:03:55
fcc684d2-4847-482b-86db-daa68f2efeb7,b8cf5c4c-27e2-4106-9058-eb38559661e0,matthewsalexander@example.org,active,standard,2024-08-09T00:28:29,2024-08-09T00:28:29
ae42999b-a853-48ff-ab48-4280645ec647,ea224baf-b892-4ba2-b9f3-d14cc512820c,josephmiller@example.org,active,standard,2024-03-18T19:35:33,2024-03-18T19:35:33
c44a85a7-92b7-42f9-ae61-d5ce9fcab377,a5781cf5-d32e-4370-b0f8-4f229bc0efa4,nwolf@example.com,inactive,standard,2024-08-13T01:29:49,2024-08-13T01:29:49
864e9024-28b7-443b-bf5f-f0d3399be92f,0e4dbbf0-e4a8-4015-9595-c0b9bec0f9e5,freemancrystal@example.org,inactive,standard,2026-03-05T10:41:19,2026-03-05T10:41:19
2e9b7fa4-419e-44dc-87ff-3ad925077867,96aa3e1c-ce39-4f76-b813-c9b4d59c0cdc,ufloyd@example.net,suspended,standard,2025-04-02T12:45:35,2025-04-02T12:45:35
536d7d96-4da4-4d3d-a5eb-5d3ec97ff943,827eed18-8ab1-4e5d-ab00-5d8ac9bb168b,rodriguezsierra@example.net,inactive,standard,2026-07-10T22:40:50,2026-07-10T22:40:50
29c17e75-e8b1-40ff-92fe-45163a654802,72ad36e6-90e5-4d1f-8978-44a18ed7d4e0,qparker@example.org,closed,standard,2025-11-02T09:59:24,2025-11-02T09:59:24
dbacbb8f-41b2-4bb5-bcb8-d1cdc28add91,099dd9b8-0a76-482f-92e1-f754d25d5aee,xmoran@example.net,closed,standard,2025-07-15T20:57:23,2025-07-15T20:57:23
7d58d887-37a3-40ba-a5d5-59d3d672ca1f,a30edde1-4a46-4acb-905c-013e285a8101,christopherbruce@example.net,active,standard,2025-10-21T21:03:25,2025-10-21T21:03:25
57a07a67-96ea-4abb-9050-46c92be200e3,84ee8f13-e5a2-4988-8f65-daa65801c5d1,lydiatrujillo@example.com,active,standard,2025-07-02T02:22:30,2025-07-02T02:22:30
596901e6-49cd-4428-8d34-e2fdf8d366bb,cee4269a-3771-43d9-adc4-762ba3bc1782,nicolejohnson@example.net,closed,standard,2025-09-09T21:07:59,2025-09-09T21:07:59
39e8d813-a1cb-47e5-b3fa-2c710b75f620,40da201b-b0f6-453a-97ca-b9d61306ad15,rschroeder@example.net,closed,standard,2024-04-16T13:22:38,2024-04-16T13:22:38
70964634-8fac-4dc2-9933-05b1bb091171,5b2179c5-dd1c-45b4-b99c-10f1c7c201f4,maryramirez@example.net,active,standard,2025-04-16T19:44:12,2025-04-16T19:44:12
68ebacb6-ac8d-40fb-ba87-6ccc4714b943,e7f5d853-30ed-4302-9303-e11752f57b2f,amoreno@example.org,inactive,standard,2024-04-18T08:18:12,2024-04-18T08:18:12
5b0d7f53-a684-4eed-be0d-70af0ebb4094,eccb6e23-700f-4b9e-803e-9c681f12dd9e,kchristian@example.org,suspended,standard,2024-08-15T01:32:37,2024-08-15T01:32:37
d98d8d64-47a3-4c8a-8d70-9caf0bac4202,3eb1c53f-4af3-42d8-8608-40548ce4843d,larryhiggins@example.net,suspended,standard,2024-04-22T13:25:54,2024-04-22T13:25:54
a9f92f5a-bfbe-414c-8ee4-f85864d466b8,376d586e-00b0-4a49-9695-ddac46fb337e,rushstacy@example.com,active,standard,2024-04-04T07:55:04,2024-04-04T07:55:04
94b6dc18-3e34-4639-b556-a82574c0b6b0,bacd6bed-844e-4650-8181-7f73dd1352e2,elizabeth56@example.net,active,standard,2025-09-11T13:26:05,2025-09-11T13:26:05
0c8d97e9-4618-43d4-82d9-777c0c763cd3,0d0eb3cb-f3ad-4673-8ef1-3b4600242421,wagnergerald@example.org,closed,standard,2026-05-29T01:21:13,2026-05-29T01:21:13
220de9f9-9bcb-4d3f-83a0-05d0c64378db,6b9cd81e-126c-4c53-b6b5-575d78951256,rcrosby@example.org,active,standard,2024-03-20T06:51:19,2024-03-20T06:51:19
afcaca37-37a1-4fb8-83ad-637933aa6cde,14dec3ce-7570-4c3f-af8c-e9c0d74cfcd2,tparks@example.com,active,standard,2024-03-03T16:29:16,2024-03-03T16:29:16
c03320e1-2be3-4f2c-b2a5-d0301a481f57,64e25b29-1b93-4db3-a929-7fb7183288be,stephen19@example.org,active,standard,2026-02-06T02:06:41,2026-02-06T02:06:41
fefe17f8-7859-4c46-b209-d407b47cdb8b,19a91b0b-51dc-434f-978a-177588409f99,rarnold@example.net,closed,standard,2024-03-24T15:17:16,2024-03-24T15:17:16
6a9b2fe9-bb29-4e55-8ee9-b9f92e54d937,41653b96-0020-4b26-86da-cb8f9aac99a0,michelleramsey@example.com,active,standard,2026-03-26T10:28:20,2026-03-26T10:28:20
62570be4-a596-4c20-a2a3-37d9007def93,9ede5407-362e-465c-a234-482e1f2411c1,jonathanthompson@example.org,active,standard,2026-06-13T19:43:13,2026-06-13T19:43:13
7e2ddf6b-7118-4dc4-b0b8-7993f99888dc,bcff2252-fa4f-4a03-88eb-6ff7b0e010a0,terriortiz@example.net,active,standard,2025-06-18T06:40:30,2025-06-18T06:40:30
1744262b-19ea-4afd-b296-c686edc74a87,d6de888a-0aee-4f77-a7d4-daba8f0da415,amoore@example.net,inactive,standard,2024-08-07T02:32:01,2024-08-07T02:32:01
b3024a25-c23b-4114-825d-4af66aba64af,446153de-73e0-4d85-a593-2c3ae8664564,dawsontanya@example.com,closed,standard,2024-07-23T10:05:15,2024-07-23T10:05:15
902f14fc-6cd9-4d16-8568-650dfcfe24b4,da9de603-2c96-4356-820d-7c1e9ac4dde7,qmartinez@example.com,inactive,standard,2025-12-29T23:48:22,2025-12-29T23:48:22
248dd80a-45f4-4f52-b175-75dc1a0f3328,816f5acb-1a37-44ba-8ce8-25c40cec4d06,hannahburns@example.com,active,vip,2024-03-06T01:35:02,2024-03-06T01:35:02
e66a9140-1b4b-47ca-a1ae-fcf699693b8a,73d9c423-e9d4-428f-bfaa-b073b2c1f454,bethwilliams@example.com,active,vip,2025-06-04T15:53:07,2025-06-04T15:53:07
42ea1020-037e-44c4-99a6-74dd2e923c43,cf1ff13a-ac47-45d6-92eb-1583ead19df6,scott69@example.org,active,standard,2024-04-17T06:57:54,2024-04-17T06:57:54
20d41ef6-a0ea-4375-8477-b306bd7a7601,84f7f075-d17e-4662-a11c-bc80e28b12f5,rodney65@example.com,active,standard,2024-11-05T10:00:40,2024-11-05T10:00:40
e248a1b3-4025-49c6-b5c7-f6a334f57be2,40353a67-5df0-44ca-9c10-b42fab44c6f3,fwalters@example.org,closed,standard,2025-06-28T17:23:14,2025-06-28T17:23:14
20968439-75d7-47f0-b47a-123b89080623,3e5dc535-3e67-47d0-8eed-547c7f51e8c9,amandasharp@example.org,active,standard,2026-04-01T18:42:47,2026-04-01T18:42:47
a745582c-4434-48c5-aad3-d96e28eaa19c,341da637-6927-4a64-8183-13ec96005b5f,trose@example.org,active,standard,2025-05-26T14:40:59,2025-05-26T14:40:59
50c3409c-460f-442c-b390-54aeb5f0ea0c,3a1577eb-7860-498f-936a-da13e16cbd8c,jim95@example.net,active,standard,2024-06-28T00:27:50,2024-06-28T00:27:50
cc90d4f9-5b7e-432a-9fcb-df93686e42f9,019bbbbd-bb75-49d2-8d74-d1c01012bd21,glennmartin@example.org,suspended,standard,2024-12-05T06:32:12,2024-12-05T06:32:12
f4c568b0-259e-4e23-afbb-dd92428a0a9e,fe2e9f59-c77b-4756-ad2e-fe864a560344,pwilliams@example.org,active,vip,2024-09-02T17:15:54,2024-09-02T17:15:54
4a950886-b17d-4bfc-8dcf-e24a849b52dd,d1a4b7a2-e152-4377-ad2c-08cb61ad6688,wmurphy@example.com,active,standard,2024-07-06T20:46:28,2024-07-06T20:46:28
8ce6a754-152e-4720-a79a-43351414ccd5,531465bc-638f-4adb-9b47-cf0c1dc55550,nathanielmartin@example.net,inactive,standard,2024-06-27T06:14:29,2024-06-27T06:14:29
8327e2fa-976b-4cc8-966e-3a169ac8d217,fdd86eaf-7a5b-4598-9a08-6f4f207743bb,palmerjoshua@example.com,active,standard,2025-01-08T15:08:38,2025-01-08T15:08:38
9115f333-e961-44a2-a46e-5a18217efd65,19fee9df-73a9-41e9-9777-18d2a79ab8b4,tylerjohnson@example.net,inactive,vip,2025-02-08T10:48:58,2025-02-08T10:48:58
7b9ba00f-a551-41d3-a66b-25dbcfac78f9,21e6a119-3caa-43ab-9905-08bda65f8493,robertmonroe@example.org,suspended,standard,2025-07-29T20:58:58,2025-07-29T20:58:58
2a5f8d25-48df-4920-ae3d-8907a4983f10,017413ff-58e5-4097-93e6-84f98038b20b,patrickhoward@example.com,closed,standard,2026-07-07T00:52:31,2026-07-07T00:52:31
fb0c6cbd-7f4d-43d2-8922-3a3a69601f73,6d622f69-5cf8-4eda-b7ff-4f57f0e66237,wwillis@example.net,closed,standard,2024-12-18T18:09:38,2024-12-18T18:09:38
b659f9ac-5f28-49a5-a4c6-431aaf26d199,625c6012-3c16-4c27-ab0c-a8512e488ad7,robin05@example.net,suspended,standard,2024-05-30T15:04:37,2024-05-30T15:04:37
c147b413-6d14-4c3b-a054-46bb9d87df6b,1bc088f8-fdf1-442f-9491-1287abc066d3,debra96@example.net,closed,standard,2025-03-27T14:22:06,2025-03-27T14:22:06
547cbf45-6b62-4b3c-8d3c-6eaebf1767c6,a4512e27-9e9c-4aa8-bc00-11e9e1f1fd9f,max41@example.com,inactive,standard,2026-06-22T13:01:32,2026-06-22T13:01:32
722ab5fd-8e28-4807-8457-0850704d8c71,0a42e609-2a53-4824-bf02-0088bdb9b149,zroberts@example.net,active,standard,2025-11-15T16:07:36,2025-11-15T16:07:36
b36b4430-8f7d-492a-a049-a9b29e257e21,eefcf9f0-dbd0-4907-a619-121deeb825dc,jasonparrish@example.net,active,standard,2026-02-24T07:04:05,2026-02-24T07:04:05
3faf9db4-bd07-4aae-9f57-561d57cd7bb9,a311b0c8-1b63-4405-8097-09a984512389,djames@example.net,closed,standard,2025-12-01T15:58:51,2025-12-01T15:58:51
e9f998e8-24cc-46d1-a6a5-566e8e72cc2c,4423c47b-1f8b-4df4-bfe9-531cd8e6441b,susanwells@example.net,active,standard,2025-11-22T14:48:12,2025-11-22T14:48:12
18a01416-44c0-4d67-8fa0-e7c3006cbcd8,701ab460-123c-42eb-bae0-fbe7a111ebd7,jennifersimpson@example.net,active,standard,2025-05-16T22:30:07,2025-05-16T22:30:07
e08fe0af-5330-4310-80be-3f61ca0d5e1e,1a1fa253-a2de-457a-9397-7c6c80d5d589,ashleyhernandez@example.com,active,standard,2025-12-09T10:30:45,2025-12-09T10:30:45
a178e2ff-d146-4566-9570-bd5dc09b40a2,2347081e-7ae5-4085-a0d6-d1f551721f69,nielsenmelanie@example.org,suspended,standard,2024-11-21T12:54:15,2024-11-21T12:54:15
5a737e42-05cc-44d0-bb25-e211ab345521,47ac22ab-9718-46c4-ac3b-e6473f31a413,stephen00@example.com,suspended,standard,2025-06-05T00:44:40,2025-06-05T00:44:40
b1684fbf-198c-4e87-81a6-83f85555b089,cfefbf12-9a5a-4d61-a708-d92f785af097,jack04@example.com,inactive,standard,2025-01-21T20:58:15,2025-01-21T20:58:15
376a44cd-2868-417f-83e4-ad192fd0eba7,0db82818-585b-4e3f-9898-2a72727c2e42,sarakim@example.net,active,standard,2025-04-08T18:55:49,2025-04-08T18:55:49
8a2d0b45-459e-41a7-9a00-141fa3885758,058a019d-da8d-434a-8e8b-621c3b214928,cwilson@example.org,active,standard,2026-04-12T19:34:03,2026-04-12T19:34:03
71520794-c112-4acf-b86b-0b5579a4e464,c6fb82d9-b6e6-445a-a3d3-0158405a9d16,gibsonolivia@example.net,active,standard,2026-06-30T03:12:31,2026-06-30T03:12:31
2bfe7d3c-3dcc-4b7d-a565-e0b50b4c2d58,ddd9ed38-6351-4568-b08c-8f6c92cb84a8,jamesherrera@example.org,closed,standard,2026-05-30T19:59:21,2026-05-30T19:59:21
2dfd7118-769d-4570-a220-a2e6e1621c36,2a2c365a-ac9d-4106-a494-678e09ae412c,russellwilliams@example.com,active,standard,2024-03-18T10:40:14,2024-03-18T10:40:14
0ce2c73e-637b-4127-a1ec-c19a37dd71c5,c50959f1-d990-44ff-837f-4062c769ae54,pyoung@example.com,suspended,standard,2025-10-26T18:55:18,2025-10-26T18:55:18
88854461-de68-4c20-bee7-ab1b4c21055c,e58c63e7-69a9-49cb-947e-5841010ca567,kevinclayton@example.org,active,standard,2026-05-19T05:18:02,2026-05-19T05:18:02
5c533c3e-cd19-4c24-a81c-39820c415d6b,3bcd90d3-7d42-4c9f-ad46-04d8af612206,dsalazar@example.com,active,standard,2026-08-06T23:55:32,2026-08-06T23:55:32
b6080a96-047f-4aeb-8417-87f925e6a210,6f595044-c1c1-4b1b-8b9a-6ba836a7d845,usweeney@example.com,closed,standard,2024-10-23T19:58:42,2024-10-23T19:58:42
6488a7a7-46fd-4e9e-8314-2530fb6aae81,12c154ff-46ac-45a7-921c-2404994ecc21,ilewis@example.com,active,standard,2025-01-12T05:05:25,2025-01-12T05:05:25
ea532b68-4e0d-433b-80f1-743e9dca1c18,d4d6e685-70a2-49ea-b511-383a54d18cfa,starkdaniel@example.net,inactive,standard,2026-07-12T19:52:08,2026-07-12T19:52:08
ba024115-99bd-4fa3-b25d-3a8138498a8e,f9c2b37f-2e88-4008-a277-99f35c4760bf,chenbailey@example.net,active,standard,2026-01-24T10:35:51,2026-01-24T10:35:51
410673f4-6831-4f8c-8649-e4103f5a94b6,e7e3f8e8-5e9a-4cea-90ea-8ba71ec98685,yhill@example.org,suspended,vip,2025-09-22T23:28:26,2025-09-22T23:28:26
3f505779-bc01-4943-a033-e86b917768f1,6939d1d2-fba3-4888-8c53-6898bb73c26f,warrenjohn@example.net,active,standard,2026-05-24T02:22:00,2026-05-24T02:22:00
b998e3e9-8184-46fb-8cf8-421f3cccc5c3,ff4e2ef5-4f72-41f4-90ea-4f40665b9f5b,mcknightdavid@example.com,closed,standard,2024-11-30T08:30:37,2024-11-30T08:30:37
ddf07267-fd9a-476b-aa20-94a20a23d031,e52a8700-3ab9-4c47-8a16-e799e997a931,james84@example.org,active,standard,2025-07-18T13:43:05,2025-07-18T13:43:05
6aeb75e9-7381-429f-af61-e7d1d94917c9,67f25b4e-183c-4a43-9227-09966e445b42,wellsdarrell@example.com,suspended,standard,2025-12-16T10:19:43,2025-12-16T10:19:43
72b59cce-a5fa-47ea-a4e1-eaa4079349e7,83864095-dda9-4a16-ab3a-ba6429fa3dbd,greenjorge@example.com,suspended,standard,2024-04-19T16:03:03,2024-04-19T16:03:03
2b863fbe-99d5-4d36-abac-4a29dd3c183f,8dcd5fa7-1a1d-413e-9468-5f4b02f2f3fe,jenniferbrock@example.net,active,standard,2025-05-02T16:42:45,2025-05-02T16:42:45
7ef0cb34-4671-477a-859b-58afecf8798c,2aaf9fc4-0801-4163-8cc8-39558682f704,cameronhill@example.net,inactive,standard,2025-01-24T09:56:22,2025-01-24T09:56:22
3669c573-e4fb-421c-86be-ccf97047ba95,8aff4c2d-48b5-4b85-bf21-20ad95d18b6c,bwagner@example.org,closed,standard,2024-07-08T20:43:28,2024-07-08T20:43:28
e51c5481-4ec3-4aca-9b9a-68a2d76be37e,1acd402c-8758-4f7a-9a24-57636d44ede6,stephanie49@example.net,active,standard,2025-10-26T21:14:12,2025-10-26T21:14:12
71086b51-9c54-49e5-9e02-d1006a505217,2a0095cd-099e-45f3-a8ed-241dbe5cde18,raymondramirez@example.org,closed,standard,2024-03-14T09:35:44,2024-03-14T09:35:44
9d543251-3adf-4ed8-855a-1677f24f7223,53dda453-796e-4167-b482-7449bd52694f,parkerscott@example.net,closed,standard,2025-12-27T21:39:14,2025-12-27T21:39:14
00a6aaee-a6df-4069-9c5a-c93a69e0c9f3,8f054a96-7920-42dc-b286-f6980ea8dbeb,petersenlatoya@example.net,active,standard,2026-06-14T01:22:39,2026-06-14T01:22:39
a58f71f6-d6ff-4d2b-a71e-7e51dae5ddb5,af16d888-ff4c-4c16-a2f8-9e2a3a9677c7,gsimmons@example.com,active,standard,2024-09-11T18:51:20,2024-09-11T18:51:20
051215f4-78e5-4705-bcf4-261d089a2d1e,35292459-521c-4d3a-a786-3b68116663fc,samantha91@example.net,active,standard,2025-03-08T08:39:22,2025-03-08T08:39:22
809b72dd-c22d-4404-a79e-487ae0a69d93,76acc7d2-0fca-4530-89dd-39889b4f3bb3,steven73@example.net,suspended,standard,2024-12-30T14:02:07,2024-12-30T14:02:07
c28ce42f-0f85-4cce-8534-f6d71f659959,4c11a926-7100-4d06-8910-5b0d5f3d7e9a,meganrivera@example.net,suspended,standard,2025-03-11T01:39:02,2025-03-11T01:39:02
9235a731-9690-4c2a-b87c-d9b68d98bb4f,b69dd468-7a0d-45e5-951c-ead1fcda2225,lopezmichael@example.com,active,standard,2026-04-21T19:19:21,2026-04-21T19:19:21
18d2a43b-5651-4fd5-a2be-622906dfd82d,e50d93de-3e78-4f09-8406-df4f27f26c8f,collinsnicholas@example.com,closed,standard,2025-05-21T19:18:50,2025-05-21T19:18:50
0f42d39e-ec14-4569-b6cc-607e26ca8736,aece6b12-b296-4a1b-991c-ab89ac207fed,catherinestuart@example.net,active,standard,2026-03-02T00:47:55,2026-03-02T00:47:55
8c39cb21-44c3-4699-80a3-19fecb11b01b,1b221ed8-52ce-4d81-a181-c5317da12a7c,brettgarrett@example.net,active,standard,2024-06-21T20:59:52,2024-06-21T20:59:52
359cb1bf-294e-4b61-a21e-8dd135771698,77b903b9-c97e-44ae-8274-9dea7b101277,martinkyle@example.net,active,standard,2024-12-06T03:00:27,2024-12-06T03:00:27
37e6ece8-9ac1-460b-aa1c-90550204dcbc,d2d5925b-c91a-440d-a613-0c76f88845cc,wellsdavid@example.org,active,standard,2025-05-05T06:54:31,2025-05-05T06:54:31
791f04ff-7a76-456c-a673-2c10916716d0,631f0e93-e48f-414d-b220-0c466b7fc584,thickman@example.org,active,standard,2026-03-31T01:01:51,2026-03-31T01:01:51
daad781c-02f0-4177-91e0-2835ee051db9,55ae024c-4a5e-49d8-be84-2f493dc83880,lauren10@example.org,active,standard,2025-03-31T19:58:25,2025-03-31T19:58:25
48f7eed0-4ef7-4288-a746-42d9662b3ab6,82205f5f-43a1-4172-aab8-523ed6a89f26,csolis@example.org,closed,vip,2025-10-27T20:44:40,2025-10-27T20:44:40
efd8fc88-da33-4aaa-b7d7-fda6d642c8ff,72874237-a564-45ff-95cf-5fb3ab18e7c8,priceelizabeth@example.com,suspended,standard,2024-09-30T21:24:09,2024-09-30T21:24:09
8c0b5763-682e-4e0f-b474-a8a5eabd5b72,6058494e-8390-41a7-9c1b-182902dda8db,lindsaybruce@example.net,active,standard,2024-10-07T20:41:07,2024-10-07T20:41:07
e8f871f8-ea3e-453b-8695-7b53df8be02f,8beae791-1455-41dd-a451-67f75ee83ea7,bellcharles@example.com,inactive,standard,2025-11-30T12:13:06,2025-11-30T12:13:06
dc9f09ed-d707-43df-a0b7-dfa157f4cb41,41b09fe3-c0bf-4484-bc20-f48aedb5e7d5,wendyburton@example.net,active,standard,2024-12-23T16:02:59,2024-12-23T16:02:59
0d466a78-78f9-4a90-b538-4412eb49a683,57476af2-aff3-4f50-9313-77926b1859bc,ariel18@example.org,inactive,standard,2025-01-21T03:17:07,2025-01-21T03:17:07
efc4db14-4673-4a7a-b7cc-c1f68868ce72,3870073a-f764-4a2b-bc64-18e4569bf784,williamsyvette@example.org,active,standard,2024-03-13T21:31:18,2024-03-13T21:31:18
c2abd476-9b86-43a9-b099-7abc4d3f8076,8cf43099-d49e-4e95-8b08-3d61df8b947f,brittanydrake@example.net,inactive,standard,2025-07-24T23:20:07,2025-07-24T23:20:07
8fa77af0-6186-46a4-8779-7e861fc1545c,2a6409ee-29ac-483f-a2a7-9074fcb50191,teresastokes@example.org,active,standard,2025-07-05T12:59:19,2025-07-05T12:59:19
571cc567-5c2d-461a-913c-8a8681323469,0c621caa-4854-43bb-ab8f-74e1f79ba3e4,ugill@example.org,active,standard,2026-07-15T08:43:08,2026-07-15T08:43:08
38625e3d-5dc0-4889-bf70-18a939d3ea9f,3cbc7f74-54e3-47c2-b02f-229f7ca60a5c,marcia99@example.org,suspended,standard,2026-03-13T21:05:16,2026-03-13T21:05:16
5a6b5ab6-bef6-464f-a31f-eb362a6042dd,2444fa55-4e76-4e0e-8880-6ccb037e3479,kellymueller@example.net,active,standard,2025-01-30T03:01:35,2025-01-30T03:01:35
8ab48fce-547b-4025-9ee6-3442f5710856,436ca6dd-1cc3-4ff0-986c-eabb97606b9b,christopher38@example.com,suspended,standard,2026-07-16T22:11:18,2026-07-16T22:11:18
26b63ac8-5105-4202-8332-dd1af16ee579,771f8441-b432-4b8a-8f8c-8890904c8a52,newmantiffany@example.org,active,standard,2024-10-06T21:51:09,2024-10-06T21:51:09
b4d92d15-af75-4a05-8b34-68ef6a6a254f,47334d60-a9ec-4cf6-8af3-a2d030a6062f,davissuzanne@example.net,active,standard,2025-04-21T23:27:16,2025-04-21T23:27:16
4c29ece4-a6dd-4f89-b7fb-83a89b8f2618,ba2bf5e1-4b63-4bb3-b83a-f10438f84258,christina18@example.net,inactive,standard,2026-03-06T00:12:06,2026-03-06T00:12:06
423c88a5-9c11-439d-b021-c3daf7adfdd4,3b5801eb-5e85-44e1-abb0-6e1879e5e0ac,tprice@example.org,active,standard,2025-10-16T10:56:59,2025-10-16T10:56:59
325e67dd-9e4e-4009-9c92-6fd24fda2a02,672a02fc-236c-4c57-9ef9-218b783ce0e3,smithjonathan@example.net,active,standard,2025-03-10T21:58:47,2025-03-10T21:58:47
df7bb888-325d-4cc5-8d0c-e7a87a11dfc9,9668fd00-799b-4cff-811f-a3e0528d255d,roberthampton@example.com,suspended,standard,2025-06-19T00:05:51,2025-06-19T00:05:51
e22ea233-349c-439a-85a5-db97659a87ac,6d24a27b-89f9-4e69-8c83-6f87ce5b6d33,uparrish@example.org,suspended,standard,2026-07-16T08:46:57,2026-07-16T08:46:57
296f4a4d-6441-4c20-813e-06714faf161f,f8486fce-bc07-4a4f-a6e9-ed6a06ba996c,jesseguzman@example.net,active,standard,2025-03-16T14:12:16,2025-03-16T14:12:16
3cb6cf3e-45cb-46c9-b958-a0984729a770,187d49e0-634f-4e10-a10c-3b0be7408be0,samuelcarter@example.net,active,standard,2025-05-30T21:43:14,2025-05-30T21:43:14
61b48c8a-1692-4c52-9d57-5c1cf8eae90c,80968676-93cd-4bf5-a9f9-595055ff800a,myerstheodore@example.net,active,standard,2025-07-02T20:06:46,2025-07-02T20:06:46
1b6070d6-a167-409a-804a-083ebd9c5998,fa2a460e-af12-4197-b38d-d2822d96e879,angela18@example.org,active,standard,2024-11-16T19:28:49,2024-11-16T19:28:49
ac1d3462-b56e-47e5-95d9-27bbd213bd17,5261268c-aa94-438a-921a-05efc0d414ac,garzaanthony@example.org,active,vip,2024-12-19T20:45:41,2024-12-19T20:45:41
9ebc7f6e-aeb9-41e5-ba36-68692472042c,92bac428-565b-4fba-a911-e9f3dc3c5ad8,jonathanfletcher@example.org,active,standard,2026-02-03T02:50:57,2026-02-03T02:50:57
6cc25d9c-73a7-4562-aa06-4d5f2ff70878,3d6f18db-a49c-4563-9445-68d4e02bd664,vflores@example.com,active,standard,2024-08-18T12:27:15,2024-08-18T12:27:15
2c386a11-7db2-4f3b-9c86-ec93e5ac8e70,19a47a26-3ca3-42d2-9e2d-8da79f09b587,hollanderic@example.net,inactive,standard,2025-10-14T14:45:12,2025-10-14T14:45:12
854e42ce-99db-402c-8414-c63f1ecc05cf,b8ccafb8-eae9-4e35-beb2-afbc3cb9690c,xwest@example.net,suspended,standard,2026-04-20T12:17:09,2026-04-20T12:17:09
0eee0d0e-3e50-4594-9c2f-ca58d67a63fb,bd463573-d217-4411-9ac0-8b72bd7609cd,jennifer99@example.org,active,standard,2025-08-19T09:29:56,2025-08-19T09:29:56
89df146a-62a4-4e7a-83ea-277ca98022e9,aef5051b-ee62-4974-994d-fbb200c5f89c,joseph19@example.com,active,standard,2026-04-16T08:49:52,2026-04-16T08:49:52
1aa06473-5abe-44cc-a5e6-9f09d3f5150d,4a0fcf58-3784-4070-96a6-0925fc23e36f,danafoster@example.net,inactive,standard,2024-11-25T13:34:47,2024-11-25T13:34:47
e8f7af07-1329-4135-b4a6-99be3f646d33,0206c59d-8464-4845-9680-9463df25efd9,rsims@example.com,active,standard,2025-11-05T17:08:36,2025-11-05T17:08:36
2a8e3785-2821-4f9d-8b0c-2d9f4bf41176,d45ce04e-1258-4744-ab7d-af982c28565d,samuel67@example.com,inactive,standard,2025-05-19T09:19:26,2025-05-19T09:19:26
5765069e-c7ae-4919-a375-f9b1c5b24c33,63af441d-70c7-4c4e-b495-80b967849285,eewing@example.net,active,standard,2025-09-17T04:56:53,2025-09-17T04:56:53
c4b02c5b-794e-424b-ace2-8e9c55b75384,4740d6a5-b760-477f-83d9-7d1c3e04f0ba,michaelortiz@example.org,active,standard,2026-06-25T17:39:59,2026-06-25T17:39:59
8ca406f5-c22a-49f5-a39b-bcb4817ae4e2,c0a8be37-975c-4b34-8989-1eb846c63871,imiller@example.net,closed,standard,2025-04-27T01:50:41,2025-04-27T01:50:41
19067709-3a02-4a45-86ce-466608a8dff0,aeea9d66-6c0a-4d7b-95ee-d3d25c66a5ac,james14@example.net,suspended,standard,2024-03-17T13:54:15,2024-03-17T13:54:15
dd73efc0-2386-42fb-8c7f-2529a67d0935,5d59a09d-7696-4e1b-a171-abe3b79fff2d,brownjessica@example.org,active,standard,2026-03-25T20:45:47,2026-03-25T20:45:47
7ca862d7-27a3-4a95-9061-224ead4b401c,ef7f92e8-2f80-4e44-9e56-9ee276819791,elizabeth65@example.net,active,vip,2025-01-13T12:11:24,2025-01-13T12:11:24
1a62f919-2237-468d-8ff1-91ab927e0083,e0df02ff-f788-4191-9881-df0d6c775206,jenniferwilliams@example.com,active,standard,2025-07-29T03:56:53,2025-07-29T03:56:53
5a99c5dc-5673-4e18-a5fd-441a82c15134,2f771a5a-3d76-48e3-985b-b7e91e092c46,brittanycarpenter@example.org,inactive,standard,2026-03-05T17:58:55,2026-03-05T17:58:55
d5897cf0-4846-42b9-aaf0-e0fb1cfb2b28,8fe1e8f7-9891-4978-ae6c-34234f35c728,zachary87@example.com,active,standard,2024-06-06T20:10:11,2024-06-06T20:10:11
f1b14e19-1b18-4800-9c9e-465abfbef8b7,4ba45839-9bf9-4071-b1ca-52719a49c9fa,millsmichael@example.net,active,standard,2024-10-14T00:02:17,2024-10-14T00:02:17
ff235e1d-1e2c-4083-9c7d-b305187112d3,5a62f2b9-646a-4b84-b570-661ca33a139f,rachelwallace@example.org,active,standard,2024-08-20T03:54:51,2024-08-20T03:54:51
90fa92b2-57e9-4e72-ade2-b0cebc843bff,,bartonshannon@example.net,active,standard,2026-01-27T05:04:41,2026-01-27T05:04:41
09a6ca19-8278-41cd-9615-30328701f41d,ce8210c0-c537-4fd0-80ef-c3e8063b748a,courtney67@example.org,inactive,standard,2026-03-26T07:38:21,2026-03-26T07:38:21
04d1efa9-fe38-4cd6-a20a-c0e397d2b4fa,3f13d579-3df8-478c-b978-eec7255facfa,lmoon@example.net,active,standard,2026-05-18T00:40:19,2026-05-18T00:40:19
bb5f4ad4-5383-4793-ab04-ff33ae27dd69,7755a749-3460-4f0c-a33c-428dccd20885,terri77@example.com,active,standard,2025-09-28T12:28:24,2025-09-28T12:28:24
937a898f-5905-4362-9746-10beb67dba09,32927010-1d7d-4cd9-a500-593804ff0e77,gregory01@example.org,active,vip,2025-09-24T02:36:57,2025-09-24T02:36:57
9b95e923-227d-4a21-8b7b-28006f9be168,01a03f19-633a-4474-990e-57e75b98e60b,normanbowers@example.org,closed,standard,2024-04-17T09:36:19,2024-04-17T09:36:19
6306b751-13a2-4d8b-b1fe-9f04d62aca60,68f7b3c8-c205-42bc-bb75-a97603ceab5f,davidfarrell@example.com,active,standard,2026-04-10T17:15:35,2026-04-10T17:15:35
2ea49202-d398-4fb7-91a2-c45cc29c4cc8,4955904c-175f-43ec-b76a-bc70d836d508,foxallison@example.com,active,standard,2024-06-23T11:33:13,2024-06-23T11:33:13
3b9105c7-28ca-40a1-aca3-4f2bae1d0918,bbce772f-b9b7-49f2-b79e-fa5d953ced6b,ashleyhall@example.com,inactive,standard,2025-11-17T23:47:48,2025-11-17T23:47:48
bd04cad7-06d3-49f0-beac-948047eea5d0,26b9f21d-cabb-40f3-b28e-71549d01a6e1,caseyhubbard@example.org,active,standard,2026-01-01T13:43:40,2026-01-01T13:43:40
2189e25e-080e-4b39-b8b9-3d25357d0eba,1a1397df-b2b4-4791-93d9-87ac9062f545,ryan25@example.com,suspended,standard,2024-05-18T20:46:05,2024-05-18T20:46:05
521e9302-aebf-49b3-a583-d93741d39128,94638355-4830-4837-8708-12531dc89dbf,karenwells@example.org,suspended,standard,2026-02-08T16:23:05,2026-02-08T16:23:05
4c069a62-ea3a-4a3d-92e5-554cc61de9f9,7767d63a-0293-4866-ae0a-724670463aa1,booneryan@example.com,inactive,standard,2024-06-05T15:03:42,2024-06-05T15:03:42
d5fa844f-c66c-4b8f-b8af-fa9b3970ccd6,875e080f-6237-421c-b26b-433b3b0c6584,gbender@example.net,inactive,vip,2024-09-27T02:18:38,2024-09-27T02:18:38
953e8975-8b99-45e3-9e66-daee0a4a9a35,b3f95dcd-caf0-4d0c-8890-a7b8e231c6b7,paulscott@example.com,active,standard,2026-03-15T11:47:25,2026-03-15T11:47:25
6f2948e3-5ab3-44f0-8822-363648d1c52c,0313557a-f7d4-4834-be26-3977f30a5235,contrerassteven@example.org,active,standard,2025-05-13T22:22:44,2025-05-13T22:22:44
d98d74ef-907e-4720-8017-f5d3b16c2ef9,5da6ee93-0365-4464-849c-cba666614c05,floresthomas@example.com,closed,standard,2024-03-27T00:09:38,2024-03-27T00:09:38
e06c3715-82a2-4126-96aa-ad7145784cc2,9455079c-4344-4995-939d-8184d7eb02e7,harrisoncrystal@example.com,active,standard,2026-06-10T00:07:10,2026-06-10T00:07:10
f0c9b14e-fcfd-4283-8e89-b9488bd5c8af,a98f640e-492a-445a-8a0d-7d444e98f1a9,kyle62@example.net,active,standard,2025-04-23T05:03:33,2025-04-23T05:03:33
6ed9e08e-5880-4542-809c-d9a26c227b88,913a8985-53b2-4a69-b2a2-3e44370275d4,donna47@example.net,suspended,standard,2024-11-28T01:43:32,2024-11-28T01:43:32
f681ff21-f201-4ba1-a6e7-b24de98f0e01,3c4b0324-423a-4e3b-884c-c93438a59688,rbennett@example.net,active,standard,2025-01-22T16:49:36,2025-01-22T16:49:36
6d8b8ee5-e9ce-4786-9a8d-7677397d3c8d,50a2d1c4-d788-4498-a6f7-dd75d4db588f,johnsonjoshua@example.org,active,standard,2024-10-31T08:04:11,2024-10-31T08:04:11
d3d48def-7487-48bc-b811-0fcb280319a1,f55982fc-a2f7-407d-b845-3b32df0463f7,perezchristopher@example.org,active,standard,2024-04-02T03:26:05,2024-04-02T03:26:05
7cdbadfc-b486-4454-bdf0-e0451945fb61,a6e1b4c7-24c0-48ca-96ee-6d0a46348a82,alfred40@example.org,active,standard,2025-02-01T00:17:01,2025-02-01T00:17:01
72617846-e979-41d7-bc36-3aeeb0aa0c64,f03fb49f-283d-405e-bf8d-52046ca6e77d,paul20@example.com,active,standard,2024-05-09T13:51:49,2024-05-09T13:51:49
cabadeca-84d5-491c-9290-4137772d9b99,d51ebab3-97b1-482d-9ccd-7368f01000f7,kennedyjames@example.org,inactive,standard,2025-03-02T02:17:37,2025-03-02T02:17:37
2de68d0f-ab94-477f-9a10-745d95504ef2,28447ab4-5e16-465e-acd1-7fcacd2d97e2,sarah35@example.org,active,standard,2024-10-25T01:12:02,2024-10-25T01:12:02
5921c957-cdd1-4604-92ad-e052d1a5b351,d88e53e9-6885-44c1-a0ce-e8ea44f2dcfc,colelisa@example.net,active,standard,2026-04-07T16:57:28,2026-04-07T16:57:28
99482c6f-7414-4487-b6ee-d09fc6467187,fad2c57b-c35e-4270-8d10-2f067a5ee2b7,ruizjoyce@example.net,suspended,standard,2026-04-11T22:46:34,2026-04-11T22:46:34
5e97cc06-8a3a-4054-83df-9bb2cc13fdbc,f6489f0b-4a7a-4dd2-97d4-d0008f662858,eringuerrero@example.org,suspended,standard,2025-02-04T05:34:20,2025-02-04T05:34:20
3184ebc6-0ebd-47c8-9d72-643b187c3d12,d9464bcd-0a19-4058-8fc1-bea843e6c339,rileyamy@example.net,active,vip,2024-03-25T16:47:08,2024-03-25T16:47:08
1dfb6787-fc72-4c86-a538-bfc33714cb2b,2e0d6ce4-794d-4494-bd1d-f44dbca8683f,tthomas@example.org,active,standard,2025-11-19T17:04:34,2025-11-19T17:04:34
7a9bb8a1-148f-4f63-9e03-70886819046d,58ebbf6d-7eee-4180-aa0d-151621abffcf,abrown@example.net,closed,standard,2024-12-12T14:20:57,2024-12-12T14:20:57
ee852d22-8a32-4c79-9d6c-c062e531f2f6,1fcec697-8153-4717-a361-5a4257e0c9b7,lisahall@example.org,active,standard,2024-10-10T17:08:16,2024-10-10T17:08:16
a82eed4a-f953-4f08-9b41-cfbd6ff3e0a6,4fc0f100-7ad9-49a8-9620-f0e3a0e42a80,johnsonmatthew@example.org,active,vip,2024-05-24T04:05:38,2024-05-24T04:05:38
990148f0-9f91-4769-92e9-1658bd11ecca,19d5ac88-a8cd-46b8-9f3d-d5ef3a0adfe2,hudsonjames@example.net,active,standard,2024-04-06T22:16:51,2024-04-06T22:16:51
86756012-bb24-4f58-8423-c8ae2d0620b6,e60ba363-7c8f-4fba-8c98-2d4952e8fbc5,opatel@example.org,suspended,standard,2024-05-14T14:43:48,2024-05-14T14:43:48
19d3e26d-aeca-466a-b10d-5bbc94eb2b02,3f5140d0-d9ef-4655-a6ab-69e5e6921143,moorekaren@example.org,active,standard,2026-07-27T19:23:03,2026-07-27T19:23:03
b2aa89a0-fcd0-49f9-94a2-bca99e88fad9,257291a7-c562-45b7-9229-49a527229518,keith10@example.com,active,standard,2024-06-12T23:24:10,2024-06-12T23:24:10
17e01260-0049-4277-85c6-e64c482df3f3,9a689679-4c75-46ba-92d3-6b5b0c51a34a,kimberly04@example.org,closed,standard,2026-06-20T17:55:59,2026-06-20T17:55:59
cd58150d-a733-48d7-bd93-7eabe64d842e,fa08fd03-3569-400d-9d63-e8ae15712195,lozanojulie@example.com,active,standard,2025-06-17T05:43:42,2025-06-17T05:43:42
c78ff124-2e4b-42e2-826e-24b122ae8ee6,16e8d4f8-2451-446f-a254-3bc68e40621b,lori33@example.org,suspended,standard,2025-12-31T11:15:42,2025-12-31T11:15:42
0ab67453-cac1-4b44-9b21-097d6bd96399,c5dde410-2c70-486e-bb0d-974b2798825b,ujenkins@example.org,active,standard,2024-05-19T08:08:41,2024-05-19T08:08:41
000843e9-41ab-4610-ae39-eade881b6b98,ae6e644d-c310-4f23-84dc-5063fc2e2953,reeddaniel@example.net,active,standard,2025-05-01T22:56:55,2025-05-01T22:56:55
14067bda-6bf1-4f89-a6bf-be5afb9d8bfd,,nrodriguez@example.org,active,standard,2024-04-19T03:54:40,2024-04-19T03:54:40
40c0affa-6534-4ddc-8f27-c134440c2838,270b35bf-74ca-4601-91d8-16fe5196ca5a,guerraapril@example.com,active,standard,2024-03-17T23:32:55,2024-03-17T23:32:55
18884154-effe-4269-ae9c-baac7f8df242,15aeedcc-eed4-453e-850c-7f876e54c4ab,sarah84@example.org,active,standard,2024-05-07T22:14:35,2024-05-07T22:14:35
d755c6a0-cea8-4a9a-acb6-0a16fbb6b6d8,8e91d584-8798-4b43-a077-64b5334460b3,nbrooks@example.net,inactive,standard,2026-05-30T23:43:21,2026-05-30T23:43:21
cdfe2a57-479a-4545-9e08-2c0f9c399765,33ab4667-4cdd-435a-875e-305ea36ebc4d,jonathangarcia@example.net,suspended,standard,2024-05-17T21:48:58,2024-05-17T21:48:58
815f251a-fe30-4a6c-ad1c-a06c4737365e,1a1e8918-e445-4bc0-8fa1-5a470711d51d,lauren11@example.com,suspended,standard,2024-08-01T19:18:58,2024-08-01T19:18:58
3b094797-eaf9-4d74-9f5d-beb1d0619709,314d5517-f29b-49b2-a076-3abe12756120,sonia96@example.org,active,standard,2025-04-17T17:12:54,2025-04-17T17:12:54
cc974b1b-503a-4582-b38c-4fa14a4e2be8,33a6f9f2-9265-47a5-ab40-37c29c87ed07,pollardmichael@example.net,active,standard,2026-07-21T07:19:28,2026-07-21T07:19:28
6931e3a7-6b2b-41a2-be63-3862e7a9de17,ce73a9b8-27f8-4c9f-941c-4b99a646fb32,russellcarpenter@example.net,active,standard,2024-04-15T12:06:30,2024-04-15T12:06:30
cad4e241-06d3-4e49-94a6-1ed296147b0d,3b47f466-5256-41a1-951c-efee13597676,wdavis@example.net,closed,vip,2024-12-06T02:29:32,2024-12-06T02:29:32
a93a86c3-f503-4dc0-85ad-5cd006327b22,07837268-1f07-43d7-a271-fa0ab4370eee,martinstephanie@example.net,active,standard,2025-06-12T18:12:32,2025-06-12T18:12:32
634a35a7-b4f4-444f-989e-d7d902d41b79,628b0262-278b-4522-aa31-ed61da01b78a,buckleyanna@example.org,active,standard,2026-08-06T18:51:43,2026-08-06T18:51:43
25efccfc-af3e-4417-8e5a-5ba6f32c2883,8e6a03da-15e7-44e8-bec1-426b65edb389,derrickgonzalez@example.com,active,standard,2026-04-22T08:15:15,2026-04-22T08:15:15
8fed91b4-acdd-4e04-a56e-b26578c6cd18,2a26f327-c9ef-40f4-bb8c-c809417caad1,keyemily@example.com,active,standard,2024-03-21T06:16:04,2024-03-21T06:16:04
b89f45b1-c51e-4cd9-b2ac-11162fa4c40f,7d4b9dcb-d4ff-42fa-9c58-5657c61f4954,crawfordwilliam@example.org,active,standard,2024-04-28T21:45:55,2024-04-28T21:45:55
428d3f6a-500f-432d-b17d-34d9e44f0df5,23c5eb35-05e9-4347-8854-ee86ec27393e,sarahibarra@example.org,suspended,standard,2024-04-14T16:20:43,2024-04-14T16:20:43
65fb0628-43a8-4c12-80bf-5c8a6c56aed7,97bbee89-2209-4d9a-9f20-d3327baf7efe,rhernandez@example.org,active,standard,2026-01-21T16:30:51,2026-01-21T16:30:51
900da0b2-9521-4601-ac51-ef1dc2d88696,c6abaffa-11df-4987-9806-71dced92f534,lucasrodney@example.com,active,standard,2026-03-28T03:01:15,2026-03-28T03:01:15
3142a546-8504-4cf9-b7a6-5922a70e3150,8c39c27b-eb7a-452f-9581-a78bdf3ed9eb,brandonalvarez@example.com,inactive,standard,2024-10-22T14:30:17,2024-10-22T14:30:17
2a5ba6bc-0af5-4d5b-8590-7ef4efc9242d,0e105436-465e-4326-94d3-f6a0e7051725,annalopez@example.com,closed,standard,2025-05-11T09:26:22,2025-05-11T09:26:22
0bf52908-389b-44d1-b9a7-53b13a604b3f,d285a28f-6fa3-4c70-9469-73e7fe1787ae,rebekahserrano@example.org,active,standard,2026-05-25T14:20:58,2026-05-25T14:20:58
00a000db-4cd8-41cf-96ef-e7fdb6fec823,07ef23e6-1d65-4721-a3ce-889f1c58f021,terrykevin@example.net,suspended,standard,2026-06-06T17:42:06,2026-06-06T17:42:06
94d11e71-a73a-454c-bda2-0c906ea3d074,bb9bad76-c7ec-4f36-842c-54c3bbb40467,meredith27@example.org,closed,standard,2024-04-09T09:25:01,2024-04-09T09:25:01
3a2c8cc9-1907-4bb3-a75c-29e642f6ca3e,e4adb740-2faa-44fc-bc18-4aa698032414,gbailey@example.com,suspended,standard,2025-01-17T17:43:15,2025-01-17T17:43:15
c3fe4882-7631-4875-bd6f-ea6e2d3df2d2,1095b08b-dad8-473d-9ec9-bafeb20e71c9,shortrichard@example.org,active,standard,2024-06-12T17:05:49,2024-06-12T17:05:49
761829e4-892f-4b32-b466-bc57b8188af4,a5066e8e-de65-4798-9ed5-f6cae5f86031,fconner@example.net,inactive,standard,2026-06-26T21:49:05,2026-06-26T21:49:05
41a27f5b-55ce-45a7-8256-0a8973f8f4d8,748db0ca-899a-4da8-8177-2fa1ec2a9302,briangutierrez@example.net,active,standard,2026-08-10T02:37:42,2026-08-10T02:37:42
f8f8ea8b-305e-4fcc-b722-001f65549b31,,daniel60@example.net,active,standard,2025-02-02T14:09:16,2025-02-02T14:09:16
0643fd60-9d45-40ae-a22f-02e460ea7df0,f4c4994a-5a77-4a2f-902b-4f69c22ccee3,ymcneil@example.net,suspended,standard,2025-09-25T13:18:08,2025-09-25T13:18:08
f8571a0c-7a2a-414e-82e8-c26e360ef612,2fac4408-7728-454c-94d8-16b7262380b0,adamortiz@example.org,active,standard,2024-11-08T12:39:03,2024-11-08T12:39:03
783d3775-736e-43f9-a9a2-86ea9b0f4485,358fc32a-8446-4c62-b4a1-92b145a689e8,edwardslarry@example.com,closed,standard,2025-12-27T20:29:59,2025-12-27T20:29:59
91936ddf-b460-4bd1-b440-34d55c7a9b95,fa7960f6-2060-4fc8-a154-148e0c543e8a,gary15@example.com,closed,standard,2026-06-14T06:37:15,2026-06-14T06:37:15
fdb99999-1cd3-4942-a50c-ef9b75acf7fc,64ad7907-f83e-403b-b5b4-b1deded9bb1d,meadowsmary@example.net,active,standard,2025-03-24T12:20:05,2025-03-24T12:20:05
87fc3342-ef90-46d7-9c7b-e58a409a93e2,8ebb4b7d-ed19-43be-a647-6c3a9a6a166a,ojones@example.com,active,standard,2024-12-14T15:23:56,2024-12-14T15:23:56
b9f147e5-ac67-47f4-81f8-2315b2a54ffe,45233069-2809-4274-b243-98792794b3e9,ysnyder@example.com,active,standard,2025-01-07T03:32:37,2025-01-07T03:32:37
9fe9fff8-e642-45f7-94d2-985cf0eefa42,4acffd44-9d77-4c09-afdb-e7f93ee5518b,brandon08@example.com,active,standard,2025-11-30T18:43:47,2025-11-30T18:43:47
4502842a-907d-41c3-8328-f88c98281899,43217606-3354-4bb8-b967-c358331d8375,martinaaron@example.com,suspended,standard,2024-06-04T15:53:18,2024-06-04T15:53:18
161f62af-dc66-439e-86f4-b2e2eedf23b7,b0382b3d-f5c4-4ecd-9e82-9ec911feb36a,oyu@example.com,active,standard,2024-06-13T18:31:11,2024-06-13T18:31:11
a79cbdcc-cb59-4a60-a10b-f4c27dffa11b,5dbe3a93-bfd1-48f7-8040-dacc81b641f3,franciscojones@example.org,active,standard,2025-01-07T13:32:23,2025-01-07T13:32:23
9f681736-cbe9-459a-a0cd-1b52edea3f40,2d4e6ed6-f081-4049-b92a-7792dbe97b89,tiffanysantiago@example.com,active,standard,2025-11-08T21:38:14,2025-11-08T21:38:14
39062ff3-abd7-4493-9751-a5d57f1e01ae,a2053515-1d0d-41cb-a47d-485aed398e8b,robert11@example.net,closed,standard,2026-02-06T00:40:11,2026-02-06T00:40:11
9f924bdc-0ff0-4a2c-80c3-e7afb674b022,0815e683-4b1e-4ea3-b9e8-9d06bbfaedb5,arivera@example.org,closed,standard,2025-05-15T08:55:07,2025-05-15T08:55:07
5b66a9a8-6bff-4576-8d46-a12ca647cd5a,612533b6-7eaf-45a2-b9d4-06192ce5620e,marycalhoun@example.net,inactive,vip,2026-04-07T13:28:03,2026-04-07T13:28:03
ce37b5ea-ccf5-47fe-9f28-bb27f698853d,300faed1-594b-427c-894e-c46855f06f22,kimberlywarren@example.net,closed,standard,2025-02-14T12:52:58,2025-02-14T12:52:58
f7a466f9-d4c2-4d3a-be4f-b1ac266890ad,50e6ae18-ad0a-4f68-bb3d-e1a8b80eb58f,vsullivan@example.org,inactive,standard,2025-03-01T14:24:36,2025-03-01T14:24:36
95cf4fa4-54a5-4622-9965-0a1e34617abf,0b4a904c-b6d7-4355-b1ff-3744b3831112,julie69@example.com,active,standard,2024-12-26T21:34:53,2024-12-26T21:34:53
f561f283-a93d-4f1e-b8a4-c857d74b18a7,4232e434-92ef-4ff9-a069-d1e5312ebda2,howens@example.com,active,standard,2025-12-08T21:20:16,2025-12-08T21:20:16
d7573a4a-d290-4dce-9482-6908452be0fe,96f16837-3562-4765-b8dc-ddd863a970f2,qnelson@example.org,active,standard,2026-05-06T05:03:20,2026-05-06T05:03:20
6e1e950c-6328-462d-b9f0-5178b0d66df7,adc6b3eb-08c6-47a0-a6ce-19384284547a,stevenvargas@example.com,active,vip,2026-03-26T07:42:04,2026-03-26T07:42:04
cf190ec1-d3c1-4465-a283-4d395768e3d6,0bc37503-ab88-4833-9b4e-1355bdd20deb,flamb@example.com,suspended,standard,2026-04-04T23:43:00,2026-04-04T23:43:00
bb8f23bf-2e16-4b61-b788-fb8f9c4bbc0e,7e2a9b35-5e70-4df4-889c-34732fd2ee32,lfrench@example.net,closed,standard,2025-02-12T04:10:16,2025-02-12T04:10:16
c3a81134-68f4-4e72-b8da-5c5d2ef39fe4,073c6c4c-9988-45b0-9224-7ad4e69d8c6f,hsmith@example.net,active,standard,2025-05-11T18:15:39,2025-05-11T18:15:39
2e987e52-e857-4f5e-bc63-362fa551a030,c710ee81-7487-44d1-b65f-69a898acaf69,anna99@example.com,active,standard,2025-06-28T20:30:10,2025-06-28T20:30:10
4c71723c-c266-44a0-aa1c-a637f761e1d4,758d0e66-e551-46a4-b8f9-0a98d7161e93,ricetiffany@example.com,active,standard,2025-12-09T10:26:57,2025-12-09T10:26:57
c0098b34-1865-4a02-8122-82eb03d771e8,0488eb84-da07-441d-ba11-055850946457,fernandodonovan@example.org,active,standard,2025-01-18T08:15:26,2025-01-18T08:15:26
342295d3-673a-4750-9dd8-d982f5b546a2,0c7084bc-19a5-4ad6-bb26-a25f9c09b324,iwhite@example.net,active,standard,2024-07-06T21:37:18,2024-07-06T21:37:18
9ad07d6c-ca0b-44ad-b015-13f57af20040,99908d5f-92b2-4e74-812d-8fbf41ddc894,grant89@example.com,active,standard,2026-06-21T22:59:09,2026-06-21T22:59:09
608f2eb0-4fcc-4a8b-84e1-eeda897b8b42,5bf14829-99bd-4d3c-b504-edd1e45593a0,ihorton@example.net,closed,vip,2026-07-30T23:07:18,2026-07-30T23:07:18
c4722b8d-6dd1-40bd-938f-6c2e9b690f3f,74b13d9f-159f-4adb-8b2c-a623d67b529e,fbrewer@example.com,active,standard,2025-08-20T19:36:10,2025-08-20T19:36:10
d5bf2f79-aa74-4f9e-b6b3-f2ccfa4ed9e6,,travisunderwood@example.net,active,standard,2024-03-09T19:59:30,2024-03-09T19:59:30
bb1d9e51-da60-465c-824a-4fbcc23e1aa9,723f776c-3ad0-4fa2-8177-a80f2cab59d9,lpetersen@example.com,active,vip,2024-09-30T22:19:29,2024-09-30T22:19:29
d8eb3392-2e8e-4fa7-8ff7-8090de94ac4a,cd67e795-f5fa-470f-9a4f-4060d5951279,christopher70@example.com,active,standard,2026-02-19T10:59:30,2026-02-19T10:59:30
e872283a-57bd-469e-9239-80ad704d5586,7e7c62c1-b8a8-4e9a-ab94-81a82d76e3e5,flynnjeffrey@example.org,closed,standard,2024-03-26T18:27:09,2024-03-26T18:27:09
15be3a7f-bdee-4169-a4e1-94b62a24467f,7160f724-2528-4ac3-ba79-b6e99e6b8a01,ttaylor@example.org,closed,standard,2026-01-18T01:59:20,2026-01-18T01:59:20
1db6becf-1e78-4237-bc7c-cec322cded02,1c4373e3-238c-46b7-83f5-6cf757228aba,angelaburns@example.org,active,standard,2024-06-20T08:44:01,2024-06-20T08:44:01
46c21edf-88e2-4ddb-a16e-a51783d2d4b0,34a7e239-a098-4105-a6ab-b1a2c1c1c160,tyleraguilar@example.org,active,standard,2024-08-30T01:22:27,2024-08-30T01:22:27
5eb6718a-c52c-49af-8f4f-d40c847fcadb,1f2b91fc-75c1-4628-aec0-5cbebc88f0bf,donna66@example.org,closed,standard,2025-01-02T08:25:07,2025-01-02T08:25:07
9a924e0e-8d09-49c0-be88-7db732256b76,e215d555-cc18-4890-8969-89abf72d28ae,charles87@example.net,active,vip,2025-01-07T08:07:19,2025-01-07T08:07:19
01bf1057-403a-4fdb-bc31-15a8dc62b6c4,2ffdab76-6ec7-4dce-bd58-e9b2f6da991c,stricklandfrank@example.com,active,standard,2025-01-03T22:27:31,2025-01-03T22:27:31
c3cfbf7c-3250-43c3-96bf-6b10fa879193,c9d0d7ff-0b5c-4b60-ac5e-0389909cf62a,seanmyers@example.net,active,standard,2025-06-09T05:21:36,2025-06-09T05:21:36
4401f015-1518-43e9-833f-eff765fef6d8,4675a031-3216-463d-8c4d-42ea1283bd56,rogersmarcus@example.org,suspended,standard,2025-02-09T02:27:55,2025-02-09T02:27:55
1f334f8e-2f03-4ebe-b25a-adcb097d3cdd,1d94038e-346e-4263-a10f-7fa4e5d1179e,ismall@example.net,inactive,standard,2025-03-17T04:45:46,2025-03-17T04:45:46
95aef799-05d6-4c0a-87f7-ec545ed58722,e6debecd-a5cf-4ced-957e-7fb31720480c,nancy07@example.com,active,standard,2024-10-21T06:05:48,2024-10-21T06:05:48
97587d5a-a215-4dda-8a38-1ffc596b617f,3e28e5b6-fe21-474e-b5bc-95ac85c187ad,ericphillips@example.org,closed,standard,2025-03-09T06:45:30,2025-03-09T06:45:30
aeb794bc-b406-4d1d-8a5d-ea0b567e31d8,89c10b53-36ee-4f1c-8430-7090dbf04a44,mburch@example.net,active,standard,2024-11-30T16:54:27,2024-11-30T16:54:27
737ccdd3-1ce9-4278-86ba-e524e5e1963d,f459a5e8-b280-49fd-904a-3cd3746f4f16,kristyjohnson@example.net,inactive,standard,2026-02-21T12:08:22,2026-02-21T12:08:22
ed0103be-368a-46c5-80d4-78335cf2cdc3,e83c866a-6830-4488-8842-ce77146d8d41,rreed@example.org,active,standard,2026-01-15T00:00:01,2026-01-15T00:00:01
3bdb23bf-3e9a-4c3e-9b4c-48bd87130733,a692df88-38f3-4725-84a6-73ec7e6c7ab5,qknox@example.com,active,standard,2024-05-06T21:26:10,2024-05-06T21:26:10
f6d21774-6f98-46c9-836a-003143e6f70b,03410ea3-1e8a-40ef-9322-bc532f78f7ff,larry16@example.net,active,standard,2025-05-24T13:29:02,2025-05-24T13:29:02
5e035e0d-1a54-4b26-88e3-6b4d07548761,b6b6f9ac-f08b-4ef6-8e52-a2c0bb49b17d,paynerachael@example.org,closed,standard,2024-11-12T06:44:21,2024-11-12T06:44:21
3731118e-d0ca-423f-990c-e5678ce8d191,f419edd5-8bb5-4809-8cfc-599ab209f6da,mercedesholland@example.net,active,vip,2025-02-20T01:15:37,2025-02-20T01:15:37
38145fac-f916-4914-b2b5-25504e45d029,0bb6fcf3-0741-4179-af46-d26c45b77171,barnold@example.net,inactive,standard,2026-05-31T06:41:47,2026-05-31T06:41:47
c26e7679-2f9a-4098-8158-8c0c683ab5ee,2f162c0f-4d00-4d10-88ca-6dd2b94f24f5,dross@example.com,active,standard,2026-04-14T21:49:06,2026-04-14T21:49:06
f8e778f8-90c6-454c-b977-9aece90854a4,b30877a4-5c8f-4cdb-94ea-3569b516061a,baldwinsherry@example.org,suspended,standard,2026-06-19T09:23:28,2026-06-19T09:23:28
8139c605-616d-47d2-93fb-268f26628142,863114b5-ba0b-4849-bbc4-d76d59fd0215,mariacohen@example.net,active,standard,2026-02-26T19:57:40,2026-02-26T19:57:40
e64a2653-ee2a-4617-82a5-b0b60bcdbba1,e9647282-4e31-40a7-a07e-5d10cd7e447a,michelle64@example.net,active,standard,2026-03-09T12:01:33,2026-03-09T12:01:33
1685d301-66b9-4397-bbf5-6d3a441b5692,3dc87d1c-7942-471e-b947-26b7ec78cedb,mphillips@example.com,inactive,standard,2024-03-21T08:39:04,2024-03-21T08:39:04
6b03f5a7-c50a-4d33-b213-9e3fa0f6b934,,aaronkelly@example.net,active,standard,2026-08-03T02:58:20,2026-08-03T02:58:20
0b79523c-aaa7-4001-a958-49e4c152afac,59292cdf-6314-4444-aee9-45a78c76dcbe,acostaregina@example.net,active,standard,2025-09-02T19:36:42,2025-09-02T19:36:42
cae2b2f5-84a0-42c6-926a-9e16260024a9,2949aa7a-85ad-46d1-8409-bf608167f72a,robertroach@example.net,active,standard,2024-11-27T10:08:11,2024-11-27T10:08:11
4b6d5ca1-c42f-42c2-b549-2d532c3f5c38,40cff0ad-5c91-46bc-b72b-737347aafb25,yleon@example.net,inactive,standard,2024-09-24T04:20:33,2024-09-24T04:20:33
9e45e2d1-fdb6-42bf-9e75-dda8aac5ef88,7532eee7-0f38-4249-9459-e40b83d75db2,michelle52@example.com,active,standard,2024-09-19T14:21:17,2024-09-19T14:21:17
f402effa-c43f-4a07-aad5-2505972de1a9,b5261e71-886e-4d78-8d1d-310ed9754704,rioswhitney@example.com,active,standard,2024-04-25T10:27:31,2024-04-25T10:27:31
48a1ff8c-48e6-4256-9d41-8981305c5eca,2dbed2c3-1c68-4b90-a343-39b51de57b45,esanchez@example.com,active,standard,2025-06-08T21:09:20,2025-06-08T21:09:20
41b39ca6-86ec-48c6-91b6-0363e8461b03,80617fda-335d-411d-aed3-ca3917a8cff2,armstrongjackie@example.org,inactive,standard,2026-03-29T08:08:47,2026-03-29T08:08:47
ce6f5858-0c7e-4404-8c44-aa5eaab785ba,89b94667-2d12-4e7a-bfdd-f37056d10195,derrick99@example.org,inactive,standard,2025-06-26T20:33:04,2025-06-26T20:33:04
c627a642-3946-480b-acf3-1f5d91999b4b,33d208d7-91f2-4d70-9f75-c1bf87481c15,jonathan10@example.org,inactive,vip,2024-12-21T03:50:23,2024-12-21T03:50:23
bc18feb2-7375-469c-8c8b-1de7ecd60fd6,4c710db6-7317-4d70-8dcb-6af9a4068e8d,fergusonjessica@example.org,active,standard,2026-07-07T01:32:38,2026-07-07T01:32:38
dd5cda24-d6c5-47cb-9d2d-68254dc3316d,22dc524c-5b2b-4982-a2a7-2a5f5a5b9ca5,allencarlos@example.net,suspended,standard,2025-12-10T14:07:03,2025-12-10T14:07:03
ab6d08aa-9de1-462f-8d84-4551a415633b,1826e2e6-ccef-4719-8707-4c18ec953356,jsanchez@example.org,active,standard,2024-06-25T16:20:15,2024-06-25T16:20:15
8973b90a-c35d-4116-b94f-da268d358149,f5e8b3ff-659d-4bc9-bdc6-6b7fe343bcab,briannasmith@example.net,active,standard,2024-03-19T00:05:34,2024-03-19T00:05:34
c6edcf84-c1ea-4218-9493-0eccd46e1860,a1be3ec3-e6d6-43ba-8011-02ffe7491e78,danielle64@example.com,active,standard,2026-02-02T13:31:02,2026-02-02T13:31:02
dbd0a72b-9a29-4e9d-8d51-2207e33f303b,425be648-8195-4636-880e-d86e4cd8e38f,ashleylopez@example.net,active,standard,2026-02-02T01:42:22,2026-02-02T01:42:22
f1602068-6006-4b00-9995-40094a8dedce,51e5a1ad-d8d2-4387-82fe-860a54c87f4b,hwest@example.com,active,standard,2025-07-22T06:49:55,2025-07-22T06:49:55
70dd197f-aae7-40bb-ba94-f2bd146a25f2,fa5ae382-e7ab-4d94-bdfc-7d689bc335ab,riverachristina@example.org,inactive,standard,2026-05-12T23:49:08,2026-05-12T23:49:08
beb14be9-a9e6-4c81-901a-370340177c10,36df5a68-777a-4824-9342-f7f557e872ba,nolansteven@example.com,suspended,standard,2026-06-26T14:02:41,2026-06-26T14:02:41
06e2be9d-0b76-42bb-b469-96a48759d0f4,b0fb926f-1c66-426d-b796-e9d801b13122,lopezdonald@example.com,active,standard,2025-01-01T09:27:51,2025-01-01T09:27:51
68d82c17-16e6-4714-a716-8cd9d9a15289,04edb858-b8d9-455a-a1f2-f236df11a91f,jsmith@example.com,suspended,standard,2024-06-28T13:02:57,2024-06-28T13:02:57
f7d56f08-a1d9-4fed-9ae7-6f666b768809,9f72b282-1f70-450b-988f-9b3029fa121e,xclements@example.org,suspended,standard,2025-01-18T03:57:23,2025-01-18T03:57:23
2bdc76d2-6de7-4e9a-891b-a50a7ee354e0,aa006c1b-6b97-4f02-99a9-57923d13eb8f,lindajarvis@example.com,suspended,standard,2026-03-18T08:48:08,2026-03-18T08:48:08
b7b78bda-c8e0-47c0-b33a-db3bccb6a5f8,1922f6f3-ba06-4233-8d88-c1a9303a6a2a,francisco74@example.net,active,standard,2024-12-26T18:19:32,2024-12-26T18:19:32
e71454af-bbbd-4d37-a060-8502abd27b87,49a962c3-f4f1-4c85-accc-a1e3a243a202,alexander67@example.org,active,standard,2025-02-27T12:26:27,2025-02-27T12:26:27
e9b74f9a-7530-4b48-8366-1b6770640cae,8e5821f5-d035-421b-a56a-6ed02c100432,nicholas65@example.org,suspended,standard,2024-09-22T06:08:21,2024-09-22T06:08:21
404f5e53-33da-45c3-8da5-900f363106d3,5f22d013-c3f9-44a7-aeba-0975da12ffcc,bsmith@example.org,closed,vip,2024-06-25T18:58:27,2024-06-25T18:58:27
57bd1bdf-1a8c-48ab-a4b0-ca59a5b2d372,ffd40778-a37e-453c-81d1-9a769cac4692,halljasmine@example.net,active,vip,2025-11-17T06:56:40,2025-11-17T06:56:40
327efd99-3996-418d-ab8c-22b1e8cd061d,bb35efe0-ac42-4801-bc72-7bea481716da,williamsdarrell@example.com,closed,standard,2026-08-03T17:00:55,2026-08-03T17:00:55
c86f1b40-8c34-4374-a180-6d8dbd003ee8,547f74d3-e5b0-4e69-a707-74acc44f122c,scott43@example.com,active,standard,2024-06-15T00:26:27,2024-06-15T00:26:27
a53ba00e-dbd7-4cdd-9a34-30fe3317ed9b,6fcd3399-b9d5-4ab0-9d50-385be83fec9c,fburns@example.net,active,standard,2024-04-20T01:47:52,2024-04-20T01:47:52
2369a3d0-3910-4a30-982c-2bf87547e09c,36708614-1e24-453b-8593-b03eb1a7c5b8,hughesfrank@example.net,inactive,standard,2025-04-20T05:02:24,2025-04-20T05:02:24
53fa4497-1a26-4fc4-a92a-42b27703cbb1,1069ad16-5cc8-4f60-83a5-08e7e0beeb5c,harry08@example.org,active,standard,2025-04-22T18:41:37,2025-04-22T18:41:37
0b558718-bb17-459b-a400-67a7886413b8,52ecad80-29ad-4b94-8e45-82007ac63dba,catherinegomez@example.net,inactive,standard,2025-08-06T16:47:44,2025-08-06T16:47:44
dbac803a-70c9-4652-ac55-00527f5d56e8,69731d27-9caa-46cf-8933-d01e29b20043,smiller@example.net,inactive,standard,2024-11-20T22:57:23,2024-11-20T22:57:23
79d5fdd8-42b8-4c9b-ae96-f59c90578745,ab13dd68-d82a-4dbe-b352-0f4df96ff5e3,josephvelasquez@example.net,active,standard,2025-11-18T04:29:20,2025-11-18T04:29:20
04e26a00-c043-4144-af44-4a50ef40d5dc,c502b1f4-b287-444d-b643-953150ebee0d,scottmary@example.net,active,standard,2025-09-10T07:15:57,2025-09-10T07:15:57
0ec1b9b1-c90a-44ce-856a-a3253bc0809d,8f06b288-f9eb-454f-adef-47f12b7572d7,raymond43@example.org,active,standard,2025-01-05T09:26:17,2025-01-05T09:26:17
06728dfb-570a-4845-8b1a-f20ea6a14a39,bbfdba43-2871-4e95-84d9-e2ff45960e7d,michael86@example.net,active,standard,2025-07-02T16:36:01,2025-07-02T16:36:01
90549d8b-908d-4ffc-9d4e-389eb4ebd50c,6e4bc86a-7c8c-457f-bc7a-61c6187a18f4,ybrooks@example.com,active,standard,2026-03-21T19:15:54,2026-03-21T19:15:54
494dbbd7-f017-4dff-a330-0213ce78cb92,1380e029-b899-4413-a8da-0741720a6a06,nwilson@example.net,active,standard,2024-07-05T10:04:05,2024-07-05T10:04:05
bcc36a5a-e7a1-4c42-92c7-07275b66bb26,30380af9-7c90-4e56-9717-61064c5ca79c,ann44@example.org,active,standard,2026-04-28T23:55:29,2026-04-28T23:55:29
e5f27715-c6f8-4b37-a835-331403493445,6aff094b-52ed-46fe-8904-5752ec7e76ec,stephanie81@example.org,suspended,standard,2024-03-04T07:16:32,2024-03-04T07:16:32
f92ad1e3-531b-4b58-b5e3-e3395b8cd792,7ea9b687-48e0-4f47-9245-7a3e02c88fec,terrimoore@example.com,suspended,standard,2024-06-04T01:03:29,2024-06-04T01:03:29
f044c66c-b011-43ad-9ca6-7779a2fcd036,6a9699dc-eba5-4045-9b96-91504f0cfe77,stephentaylor@example.org,active,standard,2024-09-07T17:54:06,2024-09-07T17:54:06
c6da0bb4-ce47-4119-945f-ed0ce572a8cf,bb0bc182-b8f7-4f26-b794-dca522dd4cec,cbrennan@example.net,closed,standard,2026-05-27T13:55:56,2026-05-27T13:55:56
ec3c991f-aff4-4140-825a-683d6ae5535f,b81636bb-71f3-4ace-8eb7-628abe1eac07,stephaniethomas@example.net,inactive,standard,2026-02-18T22:57:42,2026-02-18T22:57:42
783db76c-5303-47b1-a76d-a4832c650292,e9415456-41d5-4caa-84d2-e8a6d49cb1ae,david36@example.net,suspended,standard,2024-09-02T18:42:01,2024-09-02T18:42:01
2c25b48a-1ec8-4c36-b50b-80aab2fe0d35,4671e25f-30dd-4e69-bd9f-8b7f48135732,christina87@example.com,active,standard,2025-11-03T19:42:36,2025-11-03T19:42:36
fa6a2901-bbcc-462a-848f-d1fa9c35825b,cc6587b9-1ad1-4f99-bb8b-dc23f1621ea6,xgarcia@example.org,inactive,standard,2025-09-13T01:07:47,2025-09-13T01:07:47
89622bba-33e9-451d-a676-96538a0bfb03,b7428f06-b3dd-477e-8569-96068f3d3dcb,oscar85@example.com,suspended,standard,2025-01-15T03:16:06,2025-01-15T03:16:06
06cce1d7-61a5-4bcf-a5b3-159d7d507cc2,2dcc7662-f1ce-442c-b998-bbe351d5e186,brooksdanielle@example.net,active,standard,2024-09-15T07:21:58,2024-09-15T07:21:58
38e0992a-43a8-4808-a209-3f642ff41dd0,0e7b96a0-3300-42a0-b46a-0376d91610eb,jeff73@example.com,closed,standard,2025-02-09T02:59:50,2025-02-09T02:59:50
a901decd-8ed3-4362-aa89-752bec650ce8,91c5349a-5fb8-43b5-8af3-1b0018617bc3,pgarcia@example.org,active,standard,2024-10-14T23:00:01,2024-10-14T23:00:01
4fb0c93a-9e21-473e-b560-1627a0cae700,90b6264d-1278-47c8-a418-6498aac365ba,davidalvarez@example.net,active,standard,2025-01-31T06:06:40,2025-01-31T06:06:40
981841af-e83a-49ee-b74d-175ae7ea5401,f7989645-3a12-42f6-a926-2a7388aeb297,jreed@example.net,active,vip,2026-05-05T16:58:26,2026-05-05T16:58:26
b18dfcd7-6fae-4b29-b2eb-75c9df87b071,3218db6b-84e5-453d-8de9-a966eecbacc6,ncook@example.com,active,standard,2026-05-01T01:22:01,2026-05-01T01:22:01
2d8bd805-30eb-4004-a128-0d7d3a11a0dd,b51ad0d8-7b4d-4859-8de9-fd9feb62c888,barnettlindsey@example.com,closed,standard,2024-07-18T18:29:04,2024-07-18T18:29:04
f1783650-a616-49c8-95c2-f1bfb52d48e4,c401aa52-5d86-4872-a6fc-75f431023457,gstewart@example.org,active,standard,2024-09-25T17:56:39,2024-09-25T17:56:39
70ca9587-d4e9-4bca-b6a8-9f84852eca25,ed46daf6-4c46-4af8-a80d-c0cf0b307966,fgarcia@example.com,inactive,vip,2024-03-08T20:53:36,2024-03-08T20:53:36
28c0dae1-1fdf-4d98-9227-0f494443fb8d,07571aa5-5581-4cf0-9a68-006051f37c8c,reyesronald@example.com,suspended,standard,2026-06-02T22:31:16,2026-06-02T22:31:16
0c1cccfe-ceec-4bf8-8057-ce2e5304413e,af3dbfea-4df6-42c8-9826-57806904f81c,weaverbrian@example.org,closed,standard,2024-10-26T22:14:45,2024-10-26T22:14:45
39ee6c2e-7e29-4316-bb7f-1c0b802221b2,e4bced79-6e2c-4b22-a6d5-199ed87ca7ee,carl95@example.org,active,standard,2024-03-02T00:39:58,2024-03-02T00:39:58
c602fb5c-6be2-404a-ab83-6d52e2329e45,84f816bd-12e2-4633-a419-fc80705977e6,ccalderon@example.org,suspended,standard,2025-09-09T07:21:37,2025-09-09T07:21:37
3d29a682-e05c-4593-80a9-0396b7c82ab9,0bb6fcf3-0741-4179-af46-d26c45b77171,kellie42@example.net,suspended,standard,2025-05-20T16:02:14,2025-05-20T16:02:14
5bd676df-1482-462c-9dc6-b555e44c0446,a43342bc-a956-480b-8ef3-7b28e61c9b9b,mikayla56@example.com,active,standard,2026-08-08T03:58:34,2026-08-08T03:58:34
88811b41-99e2-469e-a9f3-ec17f03582eb,2977486c-8467-4a72-a290-db87a9022320,ndavis@example.net,inactive,standard,2024-07-17T20:47:47,2024-07-17T20:47:47
7f8ed010-82f6-4d80-8a0e-a9957e924799,46d24c86-1a31-430e-b1c4-1f4d8632c5ee,cordovarichard@example.net,suspended,standard,2024-05-20T03:24:38,2024-05-20T03:24:38
694a51d1-709c-44a5-b4b5-7801f77b326f,c2457423-d813-4e9b-8cac-e77de71eef5d,randyallen@example.com,active,standard,2025-11-15T21:40:21,2025-11-15T21:40:21
0374bfe5-77cd-46e1-b1ed-50e68afe1b8c,797a1a0b-31a6-4422-af8a-98fd4e5e1114,lanesarah@example.net,active,standard,2024-12-17T13:17:10,2024-12-17T13:17:10
479a04f1-c823-41b6-a5b2-6e2216a2397f,13ae1187-ebff-4588-bbf0-db26b1bbb598,farrelldebra@example.net,active,standard,2025-10-25T14:15:47,2025-10-25T14:15:47
3756376a-687a-4073-95da-4e25723d043a,a970776b-59ce-47ec-9e77-946229a8be45,nolanjason@example.org,closed,standard,2026-05-02T23:14:46,2026-05-02T23:14:46
769b1891-90e5-4516-a495-579caafbc3a7,37601558-3b79-4200-800f-fc03a28a5ec7,kcooper@example.net,active,standard,2024-06-17T15:27:42,2024-06-17T15:27:42
fdd25a32-0225-40af-9865-cff0faac1811,6a0e8a99-d39a-4600-9876-1344b693450f,lynchjody@example.org,active,standard,2025-10-22T10:56:05,2025-10-22T10:56:05
75e75ecf-a7e7-4aa5-b489-97f560b9f6e8,352810e9-e0fe-4062-a808-83f47ad5f4d4,dylanwatts@example.org,active,standard,2025-07-18T18:07:24,2025-07-18T18:07:24
d1cfc771-ecdc-406a-808a-df2b97492ac9,1ed31084-8b68-49ca-91d6-7162d8521c02,carloshernandez@example.org,active,standard,2025-03-21T23:31:51,2025-03-21T23:31:51
2870b90c-bb47-4d3e-9e11-0617b44c68d6,8976b896-e0e8-4696-b268-5587e42efaa0,hendersonvanessa@example.com,active,standard,2025-04-02T14:29:41,2025-04-02T14:29:41
52b265ed-ace0-4d3b-846f-2c4c7e6c1e3b,c3f68ead-12e5-4a95-9f20-2c9529a5f08b,jessicapayne@example.org,active,standard,2026-01-01T07:21:50,2026-01-01T07:21:50
d737a553-8d5e-496f-8ed0-2b095d01c02b,18e7baeb-a66e-4a7d-882d-355810698bc3,sandersnathaniel@example.com,active,standard,2025-02-25T22:59:38,2025-02-25T22:59:38
53083a6d-06d2-48a5-917d-1eb2de12fbdb,20ae953d-06b1-4034-a24c-a173911af24e,wrightstephen@example.com,active,standard,2024-03-01T15:47:53,2024-03-01T15:47:53
43604076-2fcf-43d7-96ea-c2482f6751ae,63b14504-d172-4e5e-b0fa-abd9cb43352e,shellyhendrix@example.com,closed,standard,2026-07-09T21:40:09,2026-07-09T21:40:09
c3b91af3-92c4-4a6b-a443-3a889aa559a2,a59ab98c-fe50-412b-aa83-a693a561092f,nancy04@example.net,inactive,standard,2024-03-05T09:08:33,2024-03-05T09:08:33
8650c11d-91da-4874-a062-ab6a2ea59a6d,f1c1c41c-e3ac-4d0f-9604-06a648c54aa4,longandrea@example.com,active,standard,2024-03-10T16:37:17,2024-03-10T16:37:17
f73ddc03-9c3b-473b-9e11-ced8de16525c,99b2e147-d4f4-4a75-8f55-17304a277ed2,jeffrey10@example.org,active,standard,2026-07-16T03:07:12,2026-07-16T03:07:12
9c368a84-3eef-4354-acde-4bb534198f36,ec4bebdf-042b-4c0a-9846-f86a1a9685e9,brooksanthony@example.org,inactive,vip,2024-06-01T17:38:28,2024-06-01T17:38:28
1c9111b0-a76c-4316-b225-34eaa025488b,7bd64d99-cfe2-4e61-aed9-8b6f3d410468,fjones@example.com,suspended,standard,2025-05-31T08:36:27,2025-05-31T08:36:27
3a979fe0-f36e-4745-9794-d117cae5f8b4,d10408ec-2013-471e-b6a9-e3bcf0e25322,troy74@example.net,inactive,standard,2024-11-10T11:09:11,2024-11-10T11:09:11
680e4ef8-6ab8-401c-af0f-abf101723cdc,920c0197-3c76-4cb7-90f7-b1a687043563,susan56@example.net,suspended,standard,2026-02-02T21:13:18,2026-02-02T21:13:18
cb2175af-0fa9-4b73-9d3f-ecf95087480f,f3c5c37f-bd98-40b6-8f8b-eeb75218bbed,sanchezthomas@example.com,active,standard,2024-06-08T14:50:05,2024-06-08T14:50:05
fcd62b2c-90ee-4ed6-8671-9f407dc8c9b4,8f40d15b-7ab5-4fdb-b9a0-767514af456f,linda71@example.org,suspended,standard,2024-04-24T19:13:11,2024-04-24T19:13:11
016a91ef-998c-4c0f-9f17-fc7a69080ed6,b5b5a474-4e05-47bf-b9a2-872e5dc9a328,zroberts@example.org,active,standard,2026-03-14T20:06:43,2026-03-14T20:06:43
2ffbd545-646b-433b-9155-10aa0ea86822,341ed9b2-1760-4720-a1b1-42681d273c63,jennifermiles@example.com,active,standard,2024-08-27T16:16:57,2024-08-27T16:16:57
9f346dea-dc1b-41ac-b571-48ed7c3a1da7,191feb1d-2def-4cbf-a8f8-ee3eb3856ea2,andrewstaylor@example.com,active,standard,2024-05-07T15:37:51,2024-05-07T15:37:51
01ca0426-8834-495c-a899-95c4cb7d1963,e4d6980c-4b68-4255-97a5-2540f5ef35bc,pamela83@example.net,active,standard,2024-05-04T19:38:41,2024-05-04T19:38:41
b47a7d1a-9048-4445-b924-ca3b8df853af,be999c23-fb5b-4060-b4aa-bd50fe8ab5f6,fosternatasha@example.net,inactive,standard,2024-10-06T22:29:52,2024-10-06T22:29:52
4c4cc04c-1d22-4c90-bdee-361964d471fa,a2388294-855e-4447-a3d5-b3649380d30e,srodriguez@example.org,closed,standard,2024-10-27T05:44:54,2024-10-27T05:44:54
db36040f-bfb6-4b43-abc8-1af65dad3df4,84a120aa-c994-404e-9e74-8277a6f9eb4e,gary24@example.net,active,standard,2025-11-03T08:44:10,2025-11-03T08:44:10
ab6713fe-f209-47f0-8bce-384275dce388,388a03fa-6bff-4153-afbb-2349b43c876e,enelson@example.net,active,standard,2026-06-13T06:02:07,2026-06-13T06:02:07
1e563f10-9a60-4b6e-a039-ac6a84b1d9a5,7d624fe1-d3a6-4326-a6e6-32ebc0c46ea9,frogers@example.com,active,standard,2025-03-05T05:10:01,2025-03-05T05:10:01
fb94e179-59ef-48d4-8349-ae00d4512feb,df8c3dd7-4bc5-4996-98e5-18e7ec0046e9,hunterandrea@example.com,closed,standard,2025-09-20T07:55:17,2025-09-20T07:55:17
b4583fcf-7516-49ff-8286-90566a800132,40c4aa0f-6d19-4084-820c-5764f87d9184,kevinclark@example.org,active,standard,2025-03-11T13:04:05,2025-03-11T13:04:05
1feb9664-617a-43d4-8978-ae5b8571c635,4d481210-54e4-4e94-80f3-81ba408de5a5,flynnraymond@example.com,active,standard,2025-10-17T12:35:49,2025-10-17T12:35:49
2bc19e80-ce97-46c9-af27-66a8dd02292f,a2effce6-3ad2-4811-940b-bbb5a4ad9b67,perezwilliam@example.org,active,vip,2025-05-10T02:13:18,2025-05-10T02:13:18
a6d300f8-f671-4442-9211-672062bf0be0,5350fafc-45eb-4871-a195-d1cc090f9d9c,jford@example.net,active,standard,2025-10-02T15:46:24,2025-10-02T15:46:24
c96c3329-ee07-4aaa-8068-c94cc9480df7,11498734-cebc-4784-a055-6bd08a18f1dc,bakerjohn@example.org,closed,standard,2024-09-30T23:36:22,2024-09-30T23:36:22
e754c539-0bef-4008-bc8b-26c59ccb009f,3ad60b3b-8b4b-4504-9d49-adfd74fe548c,gregorychase@example.com,active,standard,2026-06-17T15:46:41,2026-06-17T15:46:41
bb3a76ac-4889-442f-8678-0ee549925a28,34b17474-7fef-4a04-8009-f83028f66521,kelleyrenee@example.net,active,standard,2024-05-02T03:34:02,2024-05-02T03:34:02
a85abcdf-2877-486c-8c95-acd82469a84b,b66095e0-346f-477d-8c25-3b70d4dfab70,rsheppard@example.com,active,standard,2025-03-15T21:26:11,2025-03-15T21:26:11
918214b6-2920-4ff5-be69-ea0ebe5af327,a57c96be-0b7a-41c6-bd9a-9330e20c497a,justin78@example.net,inactive,vip,2024-05-11T12:18:46,2024-05-11T12:18:46
f73afc71-9462-45a9-8963-c53470ba62c0,d0299f60-146d-4716-bc55-eb830a04779e,mclaughlinnicole@example.com,suspended,standard,2025-06-07T08:23:40,2025-06-07T08:23:40
addfc9eb-67af-49c1-b946-2b64ed441030,8cef9627-37e9-4bad-a5d7-69f87f291c90,stephanie71@example.org,suspended,standard,2024-11-17T13:47:01,2024-11-17T13:47:01
4690ef90-948b-4f56-a49f-7e862e447f2e,3d2423f0-cecf-4060-b105-96b04f2ea442,richard04@example.com,inactive,standard,2025-07-24T05:47:13,2025-07-24T05:47:13
94785757-07fe-40e1-966a-7e6b7fdbd38c,848c50eb-5e2a-4b53-b6b9-751bfad107b7,james67@example.org,suspended,standard,2024-10-10T07:08:36,2024-10-10T07:08:36
721526f0-dbae-4b33-a125-150a71ce854c,2661b9e7-3b2c-40ea-b349-251363d10a4e,powellkara@example.net,closed,standard,2025-06-03T00:40:21,2025-06-03T00:40:21
be5d92b0-4e3d-449c-afe4-bbad939a848b,5c3c91f4-9d48-426f-9862-e165bf8f616d,joshuacollins@example.net,active,standard,2025-01-26T19:29:37,2025-01-26T19:29:37
26067fac-971a-44b5-9734-8de10ddfbe50,4b761c33-8a8a-4dbe-a0d0-fa3261b391ee,meadowsbrittany@example.net,active,standard,2025-01-16T11:08:11,2025-01-16T11:08:11
80921beb-ecdb-493a-bb85-282e574d69a4,9adbebb4-c5dd-473e-b0ca-c36f10577392,mariahdavis@example.org,active,standard,2024-08-11T06:53:45,2024-08-11T06:53:45
ea1abb01-804f-4425-a5ae-8d9bd0e7bbdc,4dba6ec7-4085-4058-9f0e-5109b846f1c1,elizabeth62@example.net,closed,standard,2025-03-10T01:14:24,2025-03-10T01:14:24
8361d28a-5199-4eac-98a1-9df0aa9c5797,aeb1bb4a-8548-48ed-a8e2-c31bc682b091,thompsonnancy@example.org,active,standard,2025-08-13T17:39:09,2025-08-13T17:39:09
36317624-72de-4621-a333-a2519159a10e,8699b9d8-d299-411d-82bc-9ee94abdf576,andersonjacob@example.com,active,standard,2025-05-13T14:21:11,2025-05-13T14:21:11
a02a8e3f-c73e-4e24-a503-e1cad40c251f,143944c0-b4d0-48f7-ac1f-6ffaeff64a70,sandovalamy@example.com,active,standard,2025-01-27T21:16:07,2025-01-27T21:16:07
716078c8-bc98-4b68-99be-0683fc6c3474,9eac28b8-2264-4e48-9c2c-b3f7384bc20a,angela36@example.net,active,standard,2025-10-12T17:39:34,2025-10-12T17:39:34
8e9a9639-e9de-4c46-bfe4-cd81e7251603,6bb3949d-b446-4beb-bcc9-01846e7ef85f,brenda51@example.net,active,standard,2025-06-17T12:16:42,2025-06-17T12:16:42
4cf852f6-7e81-486b-ab6b-e85166d21bd3,013b644d-5645-44bd-8ca3-d7d254b2ba18,smithchristine@example.net,inactive,standard,2026-05-06T09:27:21,2026-05-06T09:27:21
e32f1379-0739-49a4-b74c-283ca178b413,17e24a9b-119c-4ea7-a53a-bb757c70ad0a,wiseanthony@example.com,suspended,standard,2025-03-01T21:05:03,2025-03-01T21:05:03
6edf961d-60ee-471c-89e7-ead5938954ca,7b971d80-7566-4bfa-93b7-b87270c4b732,ericolson@example.org,inactive,standard,2024-06-11T15:27:28,2024-06-11T15:27:28
c8082497-0932-4b69-95a2-d66eb10405b4,b4624db2-8aba-4c57-a0f7-0f5cb8bf0a04,lkelly@example.org,active,standard,2024-07-26T20:50:39,2024-07-26T20:50:39
0739374d-8ebc-4cc2-8a49-e50caac09110,6afcdfd4-7162-4241-9932-0cf1f3a2b6e7,davidzimmerman@example.net,active,standard,2024-07-22T00:55:37,2024-07-22T00:55:37
7d8df863-db3d-4eaf-b227-94af070ec526,c11308cb-8153-4e7b-9149-9b6b5c0aa137,michelle17@example.org,active,standard,2024-08-30T03:35:54,2024-08-30T03:35:54
a9628f32-55e3-434d-9d18-c0194843d864,61004774-fb70-403c-ae81-a1e9cd187146,susanramirez@example.com,active,standard,2024-03-29T10:45:55,2024-03-29T10:45:55
e9d7cb08-2734-47a2-b958-8ca4dc0706d4,284f711a-5e5a-4929-bb5d-5ddba9a4a773,warrenmary@example.org,suspended,standard,2025-01-12T21:57:16,2025-01-12T21:57:16
43f9ff59-4431-4f4a-853c-d9b915f8c70d,5a95b7ee-17bf-44cc-9775-835c337d4cb4,jamiejennings@example.org,suspended,standard,2026-05-10T20:21:49,2026-05-10T20:21:49
bdb7c5e4-95e3-4fee-b5bf-805bd589717b,f772193d-0b52-429c-ac06-5e9986fefa68,rachel90@example.org,active,standard,2024-06-06T09:19:21,2024-06-06T09:19:21
c8995dc5-5dbf-41bc-9d72-ddb67b105547,cc1fc998-ac73-4d63-9bb0-03e1756e8d0d,lisa62@example.com,active,standard,2024-09-17T12:42:24,2024-09-17T12:42:24
69324b6d-9626-42b4-89b4-c8fa260a1870,e0cbd2e1-eee7-409c-9cf1-707eb4f867ce,ronaldstephens@example.net,active,standard,2025-10-08T21:28:06,2025-10-08T21:28:06
704bd917-0edc-432b-a9f1-e66741fca68f,7863e37d-24c8-4e18-8730-ea7e2a65606d,brenda71@example.com,suspended,standard,2025-11-30T18:51:03,2025-11-30T18:51:03
e79660bd-67a6-43bb-808a-686722259120,899ea741-e615-4f9e-ad30-286f6f306f00,hodgemark@example.net,suspended,standard,2024-11-16T17:58:25,2024-11-16T17:58:25
6850d9a6-72ba-4dd9-a139-7256a00830b3,4b503eb1-da2e-4115-8f64-b4dc888db448,rose31@example.net,active,standard,2025-12-17T22:55:06,2025-12-17T22:55:06
7b8cec07-d268-487b-8362-d0f83b50da09,d77ac8a9-6445-4f65-9a77-b0fb3abe853d,andrearivera@example.com,inactive,standard,2024-06-22T18:05:22,2024-06-22T18:05:22
bf5cecda-1ed6-4c29-8e53-d673c8bba13d,a3867ed0-9303-4ce2-b40d-a9711a5efef0,mluna@example.net,closed,standard,2025-05-06T02:13:34,2025-05-06T02:13:34
a31ffa84-3c91-4430-a448-49d94a21523b,f7d61334-5d22-49f8-a022-903921239047,campbellkristen@example.com,closed,standard,2024-03-29T19:02:13,2024-03-29T19:02:13
9cc5729e-7b43-4dd0-9e91-b5edf5635d29,e8014144-a99b-4ca2-8418-56404aee2f08,fmontoya@example.com,suspended,standard,2025-01-08T20:55:24,2025-01-08T20:55:24
7f4ebdba-bab1-48af-89e9-f83ba87664df,bbc4757e-2351-486e-9ca8-f73b9dac716f,vargasmaria@example.org,active,standard,2024-06-06T10:37:40,2024-06-06T10:37:40
4e559cc5-6804-47c0-bf27-967cbce43fe1,58e0c4db-27d0-4c06-9252-c40364b1ae74,desireebailey@example.org,active,standard,2025-09-11T12:34:38,2025-09-11T12:34:38
7170445c-ad60-47dc-9393-a371ce8e4737,7c0459a0-2d38-460e-8653-72aefbf15570,jasonrojas@example.net,active,vip,2026-08-15T04:21:10,2026-08-15T04:21:10
e839d0a6-7600-471f-a319-b52096562cbd,bf060a41-af0e-4932-b757-4f010ccf07f1,katrinaanderson@example.net,active,standard,2024-12-03T06:53:33,2024-12-03T06:53:33
31dd9845-742f-4e28-807e-7f8abca26fc1,890861ac-5e77-4568-aaff-807b37e6f872,cgrimes@example.net,closed,standard,2024-12-20T00:02:08,2024-12-20T00:02:08
fac087db-ebcb-4fa6-be36-40e87ecfdac3,71ed3bfb-d094-47b4-bd02-9589f31e4c1d,stacey73@example.org,closed,standard,2025-10-29T09:04:10,2025-10-29T09:04:10
4b799201-7de0-4f6c-83eb-a7ae9c03e795,78e4ffca-cfe4-42f3-9ef0-98ca1bb8cfa0,jrodriguez@example.org,closed,standard,2025-03-09T11:23:35,2025-03-09T11:23:35
3a5fb39c-b7dd-4bc5-9983-6ecefc2e577c,3455f0ff-3219-4cd9-acd8-091f34518293,randallgreene@example.org,active,standard,2025-10-02T23:45:43,2025-10-02T23:45:43
bd9fdcf3-684e-409a-9b2e-75e84a97b08f,58491188-36e5-4fb3-ab3b-514e78a270a6,kimberly63@example.com,active,standard,2025-12-05T02:24:33,2025-12-05T02:24:33
9bf45e12-32b8-494b-baa3-32e57efa3506,859fee02-f1ae-4067-a05f-d5db7dbbb2d4,jessicabell@example.org,active,standard,2024-03-29T00:40:23,2024-03-29T00:40:23
45561428-9782-4bd0-aa16-1b3aba08f440,8252af4b-fdbe-4139-b9a2-de4ceb670886,hreid@example.net,suspended,standard,2026-02-09T23:54:11,2026-02-09T23:54:11
7451d141-66a9-498e-be7d-bee9664bd11f,b65fff66-1997-4dd8-bc91-1349a415e4a0,michael90@example.net,active,standard,2025-01-25T15:17:14,2025-01-25T15:17:14
5134572b-3dd5-4404-83a4-3085d76c6138,d7290d30-60da-438f-a6f7-99a66828a1ba,brittanygardner@example.net,inactive,standard,2026-03-06T00:04:20,2026-03-06T00:04:20
0dfbcd99-835e-45d1-a450-bd234104d68f,05d8d4ba-5569-4f0e-985d-5f63fbfee659,lwilliams@example.org,active,standard,2025-12-30T19:34:37,2025-12-30T19:34:37
824f14eb-0e9c-48be-b055-66ba50f20f72,abf52e51-d999-45fd-a6b0-6a9cd018fb47,smithsarah@example.net,suspended,standard,2024-08-17T15:58:04,2024-08-17T15:58:04
5a3fada2-7abb-431e-a03e-15e45e488834,0872893c-bf01-4853-b91f-a1cc0263fedf,jeffreymorgan@example.net,active,standard,2026-06-04T13:08:44,2026-06-04T13:08:44
021b043d-6d26-4f85-b035-9c555808a043,f044be50-29c1-40c4-a16c-a1dd1f95d6f3,wsmith@example.com,closed,standard,2024-07-05T21:55:27,2024-07-05T21:55:27
c29923aa-291d-4feb-89ab-0f36e31426f6,b2263d08-d05d-4240-a470-6fe31527b9d2,tsanders@example.org,closed,standard,2024-03-28T14:15:46,2024-03-28T14:15:46
383eae18-f3b6-4cfb-b8fd-0e52e8a64eba,8416975a-1321-43a3-b3e1-577aee3b59ae,amanda40@example.net,suspended,standard,2025-05-31T05:21:38,2025-05-31T05:21:38
2f5a9794-1a27-44e0-9594-1642b12cc636,19296d35-a0df-426f-88ed-d3f5323adb8a,bhopkins@example.org,active,standard,2025-07-06T00:14:25,2025-07-06T00:14:25
fc8453dd-a441-48cf-a34f-4f1ef9f639ca,7d0a9ece-1d73-43ea-98e7-8bbe21e890ec,barbara10@example.net,closed,standard,2024-10-08T03:49:32,2024-10-08T03:49:32
ce73c49a-3308-4982-8ba2-95ca996f27df,c052cca8-a71b-4e49-b713-c012bcfce146,kellycarlos@example.org,suspended,standard,2024-05-18T09:06:55,2024-05-18T09:06:55
33229ce2-b95e-487d-88ad-242e7c6ff665,d78e6e3f-3ff1-49b6-9dcb-129816aa0ecb,kristenli@example.org,suspended,standard,2026-04-14T20:44:50,2026-04-14T20:44:50
b70ce295-d667-43e2-9381-5b05df68752e,cd709ef0-753a-4968-b981-ab264708b37a,wmartinez@example.org,active,vip,2025-09-23T14:22:58,2025-09-23T14:22:58
966695fc-70bf-4d6f-a66d-17f48f09c495,6d83b2dd-2590-42ba-8d66-d65101b1a517,samanthajensen@example.com,active,standard,2025-11-24T06:02:39,2025-11-24T06:02:39
70b03c07-45cb-403f-962f-a8786838b5e3,1fcfe435-1e78-4646-a517-19906c49735a,kchavez@example.com,inactive,standard,2025-02-17T03:44:42,2025-02-17T03:44:42
fd1294c4-6059-457c-ba4d-1c96eb21d06b,534f7dee-6c8b-474d-b7be-41fa1dbbe93a,hoganashlee@example.org,active,standard,2024-04-25T18:16:32,2024-04-25T18:16:32
4f918c80-20e0-4aa3-8ef7-6e6a53d49d09,98c7adf1-31bc-45c1-85fb-dbf53b4a53e2,stephanie72@example.org,suspended,standard,2026-08-14T08:43:55,2026-08-14T08:43:55
261028bb-d0cf-42f3-983e-bfd37f3a69b9,0327ed4c-b4a3-4746-9221-3bb172a05c50,adam29@example.net,inactive,vip,2026-01-02T21:43:56,2026-01-02T21:43:56
331cac03-df46-4183-930c-6535889286b5,a31129ac-6e82-4a23-86f3-3d708e019069,noahwhitaker@example.com,active,standard,2024-03-10T15:29:14,2024-03-10T15:29:14
c0a4d612-390a-474a-96c9-f589acd857bd,7902cccb-bb75-45ac-92b3-688e65d231bb,lambertrichard@example.net,suspended,standard,2025-10-13T06:23:19,2025-10-13T06:23:19
973cf2a4-4e7b-4012-882b-0fe68fe1937d,f6722fed-e7e1-443f-84e8-a753dc7dcd63,davidcaldwell@example.net,suspended,standard,2026-01-04T19:11:31,2026-01-04T19:11:31
6800a48a-e9d4-4d07-be7e-440c41859890,7e26cac1-f9ea-443d-a6d7-b0d624d82143,chelseastrickland@example.net,active,standard,2024-07-07T18:13:22,2024-07-07T18:13:22
638aee90-8630-4633-ac14-ec490bce4343,7c45f68c-bbba-4b82-9457-03de08fe8287,rjohnson@example.com,active,standard,2025-08-23T19:24:42,2025-08-23T19:24:42
c78634db-d905-499d-b106-f2153f76fc1e,b2664ec9-be42-46bd-9f6d-073a50105636,wfreeman@example.org,active,standard,2025-02-18T23:36:27,2025-02-18T23:36:27
ba2465fc-69ba-4d0a-8e5d-01db55c7578e,12d19891-03e3-455b-b4f2-7d8f8f6b8f01,edelgado@example.com,suspended,standard,2025-12-18T09:51:41,2025-12-18T09:51:41
6f14db01-22b3-46ae-b0a4-17402e0a40da,5ed25035-4723-4154-823d-a8c8b4c02e51,meagan89@example.org,inactive,standard,2025-10-14T12:51:35,2025-10-14T12:51:35
07876092-b0ac-4d38-b504-8dde5ac38f50,8f34cf8e-4ab5-436b-b34d-d43e654c8d6b,troymorris@example.com,active,standard,2025-12-13T18:06:18,2025-12-13T18:06:18
2d0a55d4-898b-4a3a-a143-0ea220d29b35,05e61dfb-4365-41c3-8f86-f9b259998765,erikarush@example.com,active,vip,2026-04-05T13:50:34,2026-04-05T13:50:34
d5c4c6c4-e8c2-4e3c-bba3-70347e5f4578,d84ec4ed-ae05-416c-9cbe-eace4567132d,danielle44@example.net,active,standard,2025-02-19T05:11:04,2025-02-19T05:11:04
87bf5756-83ba-4d3a-b107-7cacb3d80cf8,e69b7e32-9292-400a-b228-b3ecc6727760,kathryn50@example.com,inactive,standard,2025-04-12T05:54:54,2025-04-12T05:54:54
793ae15d-ead0-4e52-86f5-3165fa37cf60,b4eb2e6a-e0ab-46b4-8a7a-cb2e92d8e009,russellbeasley@example.com,suspended,standard,2026-01-11T06:29:23,2026-01-11T06:29:23
7997b1dc-2a10-4a0f-822d-1b8ef966f672,5fccc95a-c30f-4525-a4a6-43861baae99a,kristinrodriguez@example.org,closed,standard,2024-03-06T10:42:48,2024-03-06T10:42:48
6e3f45a2-8ea0-4241-aded-11ad17a5c9af,a2ae6f2d-02bc-447f-9852-0d197780e7d4,vrasmussen@example.com,active,standard,2025-12-15T01:00:17,2025-12-15T01:00:17
3cbf4257-1abd-44f8-940c-48b50f555f97,2a082be2-fc91-4d5a-accd-200e91693b07,christianelizabeth@example.org,inactive,standard,2024-11-06T01:29:33,2024-11-06T01:29:33
b8fe507b-33a6-4392-8f44-8f8a03950a1a,46d34d7f-a3a4-4386-89ba-fa5ac15e5a69,qburns@example.com,active,standard,2025-07-31T11:23:12,2025-07-31T11:23:12
43bbce99-b85e-47db-a8cd-6070ec6bb2c6,e8e92a9f-bec3-4873-951c-b05d0fe37715,caroline51@example.net,active,standard,2025-05-08T23:42:42,2025-05-08T23:42:42
92a3ab48-6b57-415c-aa37-0c5ba3db8938,5d5ea9b6-fefd-4e25-850a-9c2d365e7e27,dylanwilliams@example.com,active,standard,2025-12-19T00:49:16,2025-12-19T00:49:16
9f5e7c04-2bae-4dc7-8f02-cfeac735a5ff,b169789c-d0e8-4853-819c-555646263d18,gdavis@example.com,active,standard,2024-05-02T15:08:52,2024-05-02T15:08:52
91ab7c08-c6df-4cc4-bad7-e5267470ec9c,69f9f173-1ee1-4ba2-a1be-005dc5f305fd,cummingscraig@example.com,active,standard,2024-11-20T12:54:40,2024-11-20T12:54:40
0649cab4-c941-4866-8a41-49fb3f530d75,6b991ab8-8048-4161-b67d-7f862b2cc13e,fhernandez@example.net,active,standard,2025-01-22T16:07:52,2025-01-22T16:07:52
95e2a6f6-d7a5-4c91-9a39-e226ab0acbad,cc9cb0b1-f5d5-4fbb-ae89-025a80fb57c1,alexandria49@example.net,inactive,standard,2024-07-12T09:01:55,2024-07-12T09:01:55
d4001b6c-205d-440b-96cd-2d1bd3d83bd4,b4413ac0-2fc9-4c91-b188-71c109d9be8f,ambercummings@example.net,active,standard,2025-06-26T05:11:26,2025-06-26T05:11:26
d5e7d339-dfcd-47d6-abfb-ad487c3ef070,26ef1453-7eb5-4f13-9c8c-22a3f738d060,dominicturner@example.com,closed,standard,2025-07-03T00:03:00,2025-07-03T00:03:00
d2e436d7-493c-4413-809a-8e4d6ff6986d,6ffc9798-2bb6-43ca-823b-e9dda0935299,austinharvey@example.org,closed,standard,2024-07-27T20:13:02,2024-07-27T20:13:02
0af84074-09f8-4a36-8e0f-187254952529,bd72d373-2261-4193-bee7-41d3bfd08ef1,gallagherstacie@example.net,suspended,vip,2024-06-02T08:11:23,2024-06-02T08:11:23
3ec83e30-9959-4740-852c-30624f088acb,47e4f30d-f965-45df-8474-93d5aeaf7cb2,kwilson@example.org,inactive,standard,2024-12-26T15:32:38,2024-12-26T15:32:38
62efeb19-8c00-4c6f-b4d9-746332e5b1db,fa6de1f2-ff8e-43ea-8da3-98d975b096da,kathleenjackson@example.org,suspended,standard,2026-04-24T15:13:08,2026-04-24T15:13:08
831d1454-eb8e-4e9b-a4fb-6c165a21fb54,3785fc7c-35aa-4e40-b620-f54b10e8a832,jwoodward@example.net,active,standard,2026-02-24T15:13:43,2026-02-24T15:13:43
1c3251f2-1a5b-48f0-9144-1bd04051cbe6,212484cd-56e9-4934-ab9b-69d43228ee16,adamsamy@example.com,suspended,standard,2025-06-04T04:45:25,2025-06-04T04:45:25
1696fa8e-3e60-476c-bc55-ae4dfb05125f,7e52ce3f-191d-4d27-a0a8-76706fd6173c,helenpeterson@example.org,active,standard,2025-09-02T02:00:22,2025-09-02T02:00:22
946fbed2-48cb-458b-aaf0-d2aa60febceb,787f43ea-3f2a-4f90-967d-6479bad4f1a9,russojacob@example.net,inactive,standard,2026-08-04T11:30:51,2026-08-04T11:30:51
141ccc87-682e-496a-b446-80321282d20a,117c9a65-4a4c-494f-8a54-64305d57c551,patricia12@example.org,active,standard,2025-02-09T09:11:22,2025-02-09T09:11:22
207d13b9-e0b6-4618-bc2b-95d5ce24d7e0,254a6b6d-5dcb-4d20-88ce-e2e448935a93,edwardsnicole@example.org,inactive,standard,2026-04-19T19:36:59,2026-04-19T19:36:59
e286cc23-3696-4e53-b4f8-e5b8e8bc8c82,5f2b73d5-f495-401c-82ee-47cf4886bfa2,wwilliams@example.net,active,standard,2024-08-15T19:55:02,2024-08-15T19:55:02
07521be2-1b29-4c44-bca5-84f42d08cf95,5bbca380-854e-47a4-ae5c-fd631650a115,gabriellecameron@example.org,active,standard,2024-06-13T10:05:12,2024-06-13T10:05:12
df05e8a1-26a0-47d4-a12c-e6779f585e7b,4cd79f83-9fc7-43e4-a4c1-89402b7124e1,zwarren@example.com,suspended,standard,2025-10-27T09:19:46,2025-10-27T09:19:46
d1ebe052-6d4d-45ca-9020-d53e9fa2d38a,a46b9550-42ae-47e4-9a08-0f32481d5191,tjimenez@example.com,suspended,standard,2025-02-16T18:17:18,2025-02-16T18:17:18
51b5a545-c819-4f05-bea8-0cc7fde14775,fd9f1577-416e-472f-aad7-7bd5c56293f5,davidharris@example.org,active,standard,2025-03-19T12:47:08,2025-03-19T12:47:08
3e0bf235-5971-4d7d-955f-24584fcd541f,0abcb3b4-7e1c-4638-a21c-af1df3702f27,kcarlson@example.com,active,standard,2024-06-27T21:49:31,2024-06-27T21:49:31
99d9a54a-ed6e-4512-802d-4a60b2cfde9f,5960ff74-c2aa-4a55-9cee-c8f0532e2256,laura09@example.com,closed,standard,2025-07-23T21:45:31,2025-07-23T21:45:31
1dc28dc7-655a-4793-a2ec-9a649bc7c8e1,cc6e430a-d0ba-4c08-8809-84cbb2347a9f,cjackson@example.com,closed,vip,2026-04-13T07:10:53,2026-04-13T07:10:53
a8537141-0f1e-47af-bc68-8ef8fca3ea29,4d9a6ab4-f181-4f8c-9beb-e4cd9774b5d7,jonesraymond@example.net,closed,standard,2026-06-30T12:46:07,2026-06-30T12:46:07
e82ff70a-dc7f-42bd-92c3-48cdb9f65840,6b9cd81e-126c-4c53-b6b5-575d78951256,fpena@example.net,closed,standard,2024-06-15T06:45:03,2024-06-15T06:45:03
d16cae91-76f2-4e84-802d-d41aeb5a0a16,b91c4cbb-67d6-4515-b897-dd13e44c1101,ryan38@example.com,active,standard,2025-05-06T01:07:24,2025-05-06T01:07:24
a65ce295-0d77-418c-bea7-5baca9990407,26ce484a-a527-4fe1-903f-2809a03fd21a,michaelpugh@example.com,active,standard,2025-07-09T22:50:00,2025-07-09T22:50:00
2821be9c-f8e0-4cc5-82cc-b89656832cf3,f3feb7f9-9069-4fd7-be91-3800d1307935,cheryl80@example.net,active,standard,2025-10-14T08:21:06,2025-10-14T08:21:06
676c9de7-e3cf-478e-b8d1-a3925236f5d3,4feef355-aeb7-41f9-a391-7f991eeb7b15,lisa46@example.org,active,standard,2026-03-11T21:56:15,2026-03-11T21:56:15
9a82e184-4a30-42c3-8204-d9313707a15e,04b679f3-0691-47bc-975a-fdac41f52db4,thomasharvey@example.net,suspended,standard,2025-11-03T10:55:55,2025-11-03T10:55:55
ffa65b7b-a7a1-4230-a566-58cadf0f7935,3810f8e6-9278-4c26-9be0-d6d6c35fe477,enorris@example.com,inactive,standard,2025-06-07T07:56:40,2025-06-07T07:56:40
e661c757-de6d-4eec-bb12-4b42c7f84be1,3870073a-f764-4a2b-bc64-18e4569bf784,housemelinda@example.org,closed,standard,2025-07-13T02:28:03,2025-07-13T02:28:03
83e1c85f-36e8-428c-869d-d017950a5456,dc634429-12c2-417d-b460-f3ed4903d539,juan35@example.org,active,standard,2025-03-16T18:20:11,2025-03-16T18:20:11
572fa3f4-aa3f-477d-8f9a-8c43cab81bd0,b27a07f1-ddf4-4134-9f7d-1b1ac869b110,dwalker@example.com,active,standard,2025-05-01T23:23:33,2025-05-01T23:23:33
e810b0d2-7dd2-4db9-95b7-31ef4197e2af,18b69140-479d-44b6-8369-04a49414f975,josephbrennan@example.com,closed,standard,2026-01-11T16:29:17,2026-01-11T16:29:17
79acbe74-4de8-4a5b-95bb-50978d0e800b,a48b7707-e594-444f-854e-67d65eb9105d,katherine83@example.org,active,standard,2024-07-21T07:54:12,2024-07-21T07:54:12
b51c3483-4dd1-4eaa-9948-3b4a6f582c53,5a056723-8fb6-4708-ba04-edc4e2854e74,cynthia05@example.org,active,standard,2024-05-06T09:23:35,2024-05-06T09:23:35
f8212ee0-7de7-49dd-9a14-d56ee9defc1f,1c3dc001-75eb-4fb9-b3ad-59a3be5b31ac,sue78@example.com,active,standard,2025-10-26T00:25:47,2025-10-26T00:25:47
93deda67-f5fb-4304-a779-5f85ff3fdcb4,9ff834d1-4ca0-4dd5-bb53-ea96ad8611bb,camposmichelle@example.org,active,standard,2026-03-12T13:16:43,2026-03-12T13:16:43
c88ed2dd-f95d-491c-88e4-7a193b185738,834105ff-e792-4a6f-be6d-fb89b4d75d4a,timothyfreeman@example.com,suspended,standard,2025-01-01T05:48:03,2025-01-01T05:48:03
4a47ba52-c4df-4ed8-ad54-5a50dc80cfa7,40c889c0-2020-4661-bb9a-564950b1a262,kathrynbest@example.org,active,standard,2024-10-13T20:51:16,2024-10-13T20:51:16
c2a53666-6156-4d10-9111-ec725da14d17,1991aaf6-d1b3-45f3-a33b-7a9174d18f8b,victor87@example.org,suspended,standard,2025-09-26T05:46:50,2025-09-26T05:46:50
6e3a71da-6ea8-4b3e-8c58-bd22192cbafc,967d3e2d-8b15-4f43-a6b5-d1dd3934707d,sarah12@example.com,active,standard,2024-07-16T15:58:51,2024-07-16T15:58:51
7e759cea-b940-445b-be39-1dbdb43e4e18,43086963-8392-432e-84e0-ef1902202b4c,michelle96@example.org,active,vip,2025-03-02T19:55:08,2025-03-02T19:55:08
cdd3707d-0733-4de9-892d-579ff382597f,f4c0d073-250c-455a-a84a-848e56ae7048,jasongomez@example.org,closed,standard,2024-12-27T00:55:16,2024-12-27T00:55:16
afbe0013-303e-4902-99fc-333ecc38e8e3,359c05d0-e19d-463d-b3b4-43a0b4a3810f,markmiller@example.com,active,standard,2025-05-22T19:11:27,2025-05-22T19:11:27
42261239-a049-4ac8-97a4-b68ca6a6412a,b43ea9dd-823e-4930-9110-31ea0eaa05f3,williamssteven@example.org,active,vip,2024-03-10T00:20:30,2024-03-10T00:20:30
44218f94-2444-4efa-ab43-9d94f13f3cb0,6fb41f2c-72b6-4e3e-b896-89be93d85e5a,kvillarreal@example.com,active,standard,2024-10-07T07:21:51,2024-10-07T07:21:51
1111b91e-7d5f-41e6-92a0-996e25d2efcc,be999c23-fb5b-4060-b4aa-bd50fe8ab5f6,christinebecker@example.com,active,standard,2025-02-28T13:25:06,2025-02-28T13:25:06
36271e8a-cf2c-4b30-9636-049dcce9871d,7528c8de-b892-4894-8892-94a29730aa9c,william46@example.com,inactive,standard,2026-03-16T19:51:54,2026-03-16T19:51:54
1a0f9e3a-4db5-4f67-971a-91df2ca6e19f,4d6ee3e3-9ec6-4c2e-9552-a75af6d19f14,donnacampbell@example.net,suspended,standard,2024-05-23T05:56:42,2024-05-23T05:56:42
e8256a1c-ec61-4437-b607-0b5e1eff0fcd,23fd6560-8719-45ae-a5f0-6d81f0484750,barkereric@example.com,inactive,standard,2026-06-24T15:21:36,2026-06-24T15:21:36
fc1a93f6-7842-4a51-9f7e-f1efb51d2ed0,1757e1cd-b99e-42a3-9e19-1b1305127836,david96@example.com,inactive,standard,2026-02-14T10:50:08,2026-02-14T10:50:08
f680b196-34af-4075-8cc6-59fd1129e13d,f11283f0-4183-4d8d-a117-4b2a2c070ec2,gary04@example.com,active,standard,2024-05-03T23:38:42,2024-05-03T23:38:42
29ca9a18-0207-4dd0-ac64-3f3cbd8f502f,a296a891-b126-44e1-a271-9228cc28b3bc,danielhorton@example.org,active,standard,2024-11-05T14:41:07,2024-11-05T14:41:07
47e6dc17-1cfe-4959-aad6-97ea1ea024a7,dccd3e5d-2076-4fc6-aa79-87579e134ce1,nathanielthomas@example.com,active,standard,2026-04-03T03:01:58,2026-04-03T03:01:58
14e595bb-d10b-4f56-b41b-57c8fd790e56,f714d574-6aed-4017-952f-ff5bc4155939,aprilwallace@example.org,inactive,standard,2025-09-15T21:53:50,2025-09-15T21:53:50
954c39e3-be5f-4bb4-b2f0-d24a866e736a,ac4632eb-3a22-4956-896e-0a3899a647f1,jessica99@example.net,active,standard,2024-10-18T06:35:07,2024-10-18T06:35:07
fb626eb8-c711-4bbc-b825-9064b66b5740,d82c6a2f-7e02-40de-81c3-c42ef14d8460,randy47@example.com,active,standard,2026-06-03T11:47:03,2026-06-03T11:47:03
fe6254e1-8880-4dc5-b7c6-13d8ca05e543,f3abecde-d032-4605-876c-6373a9a9e65b,michael79@example.org,active,standard,2024-08-26T01:28:07,2024-08-26T01:28:07
8307db9d-9e97-4c96-acd8-eac302284e1a,0000bd8e-496c-42aa-9430-fea7f9bd6a96,susanrogers@example.org,active,standard,2026-05-04T08:44:47,2026-05-04T08:44:47
5922d353-0a48-4b6b-9662-859509606245,6da78127-2929-4106-a298-2b58afca0a92,brettbennett@example.net,active,vip,2024-10-09T18:21:39,2024-10-09T18:21:39
4025296f-aec6-4920-a9bd-d0ed4d52342e,44df0dc9-35a6-4159-8141-4a8bf47c0e2b,burgesskaren@example.org,inactive,standard,2025-12-13T05:08:07,2025-12-13T05:08:07
88a012c7-20b0-43af-8a08-8bbcfa6f09bb,89a5d615-2bb0-4843-8177-90bf7f452bfe,whitelucas@example.net,active,standard,2024-10-09T02:28:29,2024-10-09T02:28:29
f4a8f5a8-0b5e-495f-83a6-bb5757895b76,e77008c8-b7e1-4bb6-93d8-8383d6385531,danamullins@example.org,suspended,standard,2026-06-01T15:06:52,2026-06-01T15:06:52
5bf9aba9-d651-49de-8443-de7798e2aa30,9aaa8391-995f-4006-8413-c590098fc46a,cindy14@example.net,active,standard,2024-08-10T04:56:58,2024-08-10T04:56:58
5132b12c-55a5-49f5-b79b-59a69bcafc80,fd788ea1-7f9f-477b-b5fa-9a64962eb7f0,gomezanita@example.com,active,standard,2024-11-19T06:29:46,2024-11-19T06:29:46
c0fe6b23-28fa-4c14-ab91-094a73516540,254292b3-d9f3-4b20-be39-1db058d17bb9,allentracy@example.com,active,standard,2024-07-15T00:56:33,2024-07-15T00:56:33
554cac2b-05a3-4301-b978-878f621250f6,41ca48ad-5cc0-4e25-83df-63d166b91a12,jacob83@example.org,suspended,standard,2025-12-05T03:53:06,2025-12-05T03:53:06
d0cce59f-90cd-4f9a-9fde-37946e22e698,baa48fe5-b7a4-4ea7-8eaf-5387ded157f7,vbailey@example.com,active,vip,2025-02-06T19:18:11,2025-02-06T19:18:11
1a446f3d-a6e8-4897-a660-5e19083989b5,fe21b6ad-ebab-42b3-b5ed-ad3529036009,rsellers@example.net,active,standard,2025-02-18T15:36:52,2025-02-18T15:36:52
de441984-ea20-4dff-b261-5f5da987ebb9,35bb651c-499f-433f-b5af-b793b285e727,vjones@example.net,closed,standard,2026-01-12T07:07:36,2026-01-12T07:07:36
7d328b0a-0a7a-413e-9a84-f1d5f60931e3,1435b563-f156-4cd8-9f3d-6224260e26a4,perezrebecca@example.com,inactive,standard,2025-04-06T04:19:23,2025-04-06T04:19:23
78ae57e9-b6b3-4844-baac-c8a417329b1c,d63f06df-5e5d-4adc-b0a5-43b4bac6bf5c,frobertson@example.com,active,standard,2026-07-24T21:42:26,2026-07-24T21:42:26
bdbbc2cf-1679-496f-b912-f9b7fcd2e5a0,5484b02b-221a-4bbe-86a3-3eccdcf8d2ae,staceylam@example.net,active,standard,2024-03-01T12:48:35,2024-03-01T12:48:35
0410e15b-8876-4aa7-8613-cf5e75ba1ffa,41c59ae8-bcd0-4d00-b8e9-bfaa0ce5913b,ajohnson@example.org,active,standard,2025-06-24T06:41:25,2025-06-24T06:41:25
e0690d2e-610e-42f4-bc0c-360460cae9d1,8386c889-4e1d-49ce-9d61-12c967dad0f9,thomasmiller@example.net,active,standard,2025-01-11T11:04:09,2025-01-11T11:04:09
bd1ce5c9-60c9-4884-a08d-b34cabb91377,,wwilson@example.net,active,standard,2025-01-28T10:09:52,2025-01-28T10:09:52
f99b5116-5242-4c23-bf9f-ba634e73e339,b08f3b44-9c9f-407f-a89d-961068f5f58c,ingramjill@example.com,inactive,standard,2024-04-26T05:33:11,2024-04-26T05:33:11
7dc43617-7787-4143-b35f-1b4c09797c27,c404f9e5-cfcd-428e-8459-c1e1fd0d586b,elizabetholsen@example.com,inactive,standard,2024-10-07T13:21:52,2024-10-07T13:21:52
0c3f902a-aa34-43ef-93cb-c75e19ca2d8b,4559b465-3dfc-40aa-84fe-31c153b4c0d8,dennismccann@example.com,active,standard,2024-10-18T01:14:40,2024-10-18T01:14:40
cab734a2-1d91-4e47-9d14-3a64c66ba498,090fb913-1317-4169-b150-64e304451d38,johnsondonna@example.net,suspended,standard,2026-02-03T07:51:07,2026-02-03T07:51:07
5c4391e8-813a-4521-84fb-4acfc6ae4add,bbe9e834-7071-42d6-8970-aa7301b72ec2,laurahenderson@example.org,active,standard,2026-06-11T22:06:51,2026-06-11T22:06:51
4c2491f5-16fe-40c7-b9ab-32e0d72d855c,167ce993-af12-4071-a5cb-fb3f09045741,maria66@example.net,active,standard,2025-08-22T15:52:13,2025-08-22T15:52:13
42dc5d5b-c95f-442a-b508-506d7eaa3a9d,e94d8a6e-9b23-411a-baf2-75f02c42d8cb,grahamtamara@example.org,active,vip,2025-06-20T16:04:24,2025-06-20T16:04:24
873f5739-50c0-470b-b319-09673f1cf4f4,6f2f044e-7270-4c80-8003-fd28bb66c57c,michael77@example.org,suspended,standard,2024-03-31T09:11:17,2024-03-31T09:11:17
4a31fbb7-7cb3-4abd-a2c3-de54f2f77ef8,2068f48f-4c39-4084-81d1-95af149d8547,paulwatson@example.net,active,vip,2026-04-09T15:34:03,2026-04-09T15:34:03
a7564409-13a1-46c2-9481-3d022dd3105f,ce69d742-4723-467f-9e5d-262fff84a6a6,amymorris@example.org,closed,standard,2026-04-18T02:35:32,2026-04-18T02:35:32
d04ae6fe-3717-4a6e-b3dd-b05d7ff92be2,34a9dd73-95d0-45d9-a3fb-636e4e080a6c,jrivas@example.com,closed,standard,2025-05-19T13:49:02,2025-05-19T13:49:02
72838a78-e844-4b9b-be05-d4c5a153dc17,7bb8fda6-2726-4199-a7aa-ed27cdfff312,maypaul@example.com,closed,standard,2025-11-01T18:13:26,2025-11-01T18:13:26
1b4fc993-d04c-4968-8239-3f2b20f0ef9d,53352c2c-02b9-41af-b276-94d6d22379fe,mullinsjames@example.com,active,standard,2024-10-24T22:47:08,2024-10-24T22:47:08
69b18435-1e99-46c5-bfaa-61a6a8c25bda,ab833d6f-87cf-4229-a1f8-707b52a55e5e,thompsonkendra@example.com,inactive,standard,2024-08-15T09:03:10,2024-08-15T09:03:10
eea9ad0c-d903-4106-838e-ff4bb4edf24a,a768163c-0781-430b-8703-ce1ce473c762,juliephillips@example.org,inactive,standard,2025-11-28T08:22:36,2025-11-28T08:22:36
d7ce3551-8955-41a1-8e48-20f5d4be8004,120d57b9-de14-4717-aefe-ab126645435d,qwilliams@example.net,inactive,standard,2024-10-11T14:15:29,2024-10-11T14:15:29
b19cf7e4-00a2-448e-a35c-65c67c2af1d5,28a5a7b8-b34b-47a6-91f7-8e384d6b6f59,ithompson@example.net,inactive,standard,2025-08-04T02:34:41,2025-08-04T02:34:41
72903992-83fd-428b-9a43-a7d1f83a2588,63b6d2f8-4e38-4b4c-bf67-6651399b4453,joshuapadilla@example.org,closed,standard,2026-05-18T20:08:14,2026-05-18T20:08:14
64d8b325-cd70-4461-8a4b-7d4adeae29e2,8678daa5-37e5-4e54-8c81-551df8fb8c0a,tflores@example.org,active,standard,2025-06-16T19:57:47,2025-06-16T19:57:47
4d4943af-d9de-427e-94ef-b3c6f7444e81,1439dc05-4ab9-4995-90c7-d9437ae94f50,wolfscott@example.org,closed,standard,2025-10-11T06:20:06,2025-10-11T06:20:06
36bf7752-540e-44ba-99e2-282ee62c0125,03a59f85-596f-4b87-9ab3-5f1a84f37beb,courtneyberger@example.net,active,standard,2024-05-15T07:55:48,2024-05-15T07:55:48
f4f96e8d-59a2-40aa-9298-29471137e619,139f4019-998c-4c6f-8c4f-a97a756af68c,ghernandez@example.org,closed,standard,2024-03-10T12:42:04,2024-03-10T12:42:04
042afe6f-bae3-4b6d-864c-2c10de0f2f19,0a34659d-f0b2-4bdb-bf92-759aea838e90,stanleynancy@example.net,active,standard,2025-12-31T19:41:53,2025-12-31T19:41:53
708e97be-2f41-4827-9dfa-873b18d7896c,49421d99-2baa-4a3f-bbff-4e4d4e0062aa,rubendavis@example.org,inactive,standard,2025-02-12T16:32:52,2025-02-12T16:32:52
2398fa1a-306d-43e4-aab7-e9d279caabfc,cbda2de6-06db-4a9f-91af-cc36e8ba0bad,juliawells@example.com,active,standard,2024-04-17T16:10:33,2024-04-17T16:10:33
ea4da390-575f-4ae7-b6e5-0c122f93ddb0,2480125c-2d37-405c-96b9-ca32b2c75b33,lindsay78@example.org,active,standard,2026-04-10T22:20:28,2026-04-10T22:20:28
10b2f5ef-a1cd-470a-ab4b-231c08a21e85,2f76575f-2d85-40ca-8f3b-82b14debc678,amanda98@example.org,suspended,standard,2025-07-20T08:52:15,2025-07-20T08:52:15
2bec0914-2197-4332-a20c-4f6265bb81d8,e860f5d5-878c-468e-a446-059ba8434d4b,xglover@example.org,active,standard,2024-06-08T17:29:33,2024-06-08T17:29:33
1edfbf43-e477-4ac3-9c33-fc0d262f9b5f,45514547-8413-41d4-ba88-c1240763e5e8,lopezjason@example.com,suspended,standard,2024-08-08T11:11:47,2024-08-08T11:11:47
db821e9e-d053-47ba-85aa-fb6cba87be65,aac35f19-8d02-4c6c-b979-74da55c9ddb1,davisnicholas@example.net,active,standard,2025-06-25T08:21:45,2025-06-25T08:21:45
398a0a1a-8274-4fea-b3b3-cf3c53de6a2a,303bc5db-08d0-4431-b6df-29c80d0321da,katelynmitchell@example.com,suspended,standard,2025-06-26T17:49:37,2025-06-26T17:49:37
950aced6-61fc-4b11-b6d8-7146a19cddcc,54c7fff7-8475-4ccd-a380-7e8187501723,jfaulkner@example.net,closed,standard,2025-06-20T07:07:02,2025-06-20T07:07:02
35bbad5b-819a-4b74-8c19-7b0f416ee3f9,fc41d86f-78f3-476a-882c-3eafc02d61f2,jacobsandoval@example.com,closed,standard,2024-07-03T10:36:30,2024-07-03T10:36:30
761cbfaa-dddc-4a35-a58c-8b98187a3b39,f14bcc19-681e-43a6-94e0-9748a8455850,anthonycochran@example.com,active,standard,2025-03-26T07:00:09,2025-03-26T07:00:09
ddee8b4e-39e6-4e3e-ba0b-cd118224007f,d6cf7caa-9dd8-48c6-b4ee-5a02f62bb280,molly71@example.net,suspended,standard,2025-10-26T03:50:26,2025-10-26T03:50:26
f19f5b52-f5be-4ec4-b75b-c93fe4e4142c,09a354a5-a7cb-4687-8a52-c4a71feba0d2,lynchdiane@example.net,active,standard,2026-01-07T17:28:09,2026-01-07T17:28:09
e7278d71-c12d-4694-990c-40fdc98f02b1,e5873f83-602d-4424-9c5e-184c56c9d4ba,lacey20@example.com,active,standard,2026-07-02T12:58:45,2026-07-02T12:58:45
a086c1db-e330-469d-878f-7a6bbcd951e9,2b4b540f-9423-4186-8164-4566e5e908f2,simsjohn@example.net,suspended,standard,2026-08-07T07:05:04,2026-08-07T07:05:04
dcd32260-bffa-4417-923b-37cec1166766,117583ee-3cd8-4690-89c9-d804aedc86a8,hayeslisa@example.com,active,standard,2025-08-31T18:25:07,2025-08-31T18:25:07
60530dd5-fc2f-4806-9c58-784c384516f3,582e9081-9542-4d02-9ed4-d41c93fa8b2c,ksmith@example.com,active,standard,2025-07-15T15:25:45,2025-07-15T15:25:45
f38de211-b101-4ac6-988e-5936d010a3e8,3bfe5d2b-8ab3-473f-b56c-cdd86fff8877,ugibson@example.org,active,vip,2024-03-07T12:17:00,2024-03-07T12:17:00
e117f415-5738-4841-afcf-8ea3a0f7e0a5,627b564c-f368-4634-b7f8-d7e1c5ee980a,cindy61@example.com,active,standard,2025-10-19T23:04:19,2025-10-19T23:04:19
08b65b1e-6843-444b-acdd-d27f50048584,e8da2040-0489-4880-a881-ef127727f204,tarabishop@example.net,active,standard,2024-08-14T12:27:32,2024-08-14T12:27:32
0fc75fbb-e733-4583-8427-fafca4246912,c90ea8ef-05ef-4528-bb65-06a8180093d8,benjamin96@example.com,active,standard,2026-04-26T14:24:10,2026-04-26T14:24:10
4813f0c1-d11c-4e65-ac8e-c7fc388d32fb,8e5c2f29-44ce-4f60-b818-8b728f60b79b,patricia22@example.com,suspended,standard,2025-11-08T07:33:57,2025-11-08T07:33:57
b026eb9d-e8cf-4b56-b29d-a4203c8006f9,6deb3adf-b348-4736-a975-af07bea72c06,susan03@example.org,active,standard,2024-05-13T05:35:47,2024-05-13T05:35:47
6d57583f-a476-4e54-9e59-edcb59c53018,866ec748-2021-45f8-9170-6c393fca1e65,allentran@example.net,suspended,standard,2024-04-02T20:19:30,2024-04-02T20:19:30
5628133f-abc3-4a39-b8c0-26719d57fdae,28c1b6d1-da1f-4187-98af-4e43f096b00d,stacey84@example.org,active,standard,2025-05-13T03:05:48,2025-05-13T03:05:48
d1a23885-70cb-4f38-bb8f-21f5b430d350,148d63de-77f4-461d-b3ca-5369e9a98e7b,kevinperkins@example.com,active,standard,2024-06-27T05:22:56,2024-06-27T05:22:56
0bb0543e-18c5-4451-8235-f696baa6c7fe,c712217e-16e5-4f51-a9f4-055b5176e747,fosterlisa@example.net,suspended,standard,2025-01-22T14:34:53,2025-01-22T14:34:53
6ae863b4-14fd-4596-b6a2-065ce82a6ffc,50fb8eb8-955f-41ca-ab6a-faaff8141652,reynoldsdesiree@example.net,inactive,standard,2025-09-17T02:04:01,2025-09-17T02:04:01
0202809c-1c85-4bb5-9022-30e86d23194e,66983396-cb40-4613-8d6d-306b8f9ca5c4,jonesjason@example.com,active,standard,2025-08-24T09:37:07,2025-08-24T09:37:07
8a406c40-8258-47b4-8210-851b7143ea5e,f8b1caa2-10e7-4302-963a-252a15b4a714,karenparsons@example.org,active,standard,2025-03-24T19:09:23,2025-03-24T19:09:23
e3dff53d-3099-4910-841e-871efc86f4fc,953ad96a-103b-4460-a3b5-14b78403eb5d,scott74@example.net,inactive,standard,2024-04-11T15:10:51,2024-04-11T15:10:51
1b8d79ad-a113-4b0f-bf7f-7d30d25c5310,94a6d963-227a-4d07-92a6-0bb60ebd66e6,charlesharrington@example.com,active,vip,2024-09-05T01:13:12,2024-09-05T01:13:12
9c3d78cf-f79f-4e49-8a24-d3aebe44ab3b,acb70464-ce97-4c94-a4bf-b165bd1b2fed,comptonshelly@example.net,suspended,standard,2025-01-29T12:17:23,2025-01-29T12:17:23
5f663888-db63-4c76-a8be-8fbae722d86d,5bc5dd9e-3670-4c84-be25-41eace68a711,schmidtjames@example.com,active,standard,2024-05-28T10:37:47,2024-05-28T10:37:47
fa93a09e-f629-4bc2-acaa-4f674b31cf05,87a00a98-1d65-4fba-92f9-41ac07bce2bd,pwalker@example.com,active,standard,2024-06-19T04:33:48,2024-06-19T04:33:48
63656777-904c-4602-b3af-2fd092137faf,70a0c69e-1bf5-4805-bf9c-4714e193f75d,george62@example.net,suspended,standard,2025-06-09T09:16:12,2025-06-09T09:16:12
f71bb6c7-5ce7-4fb1-bb19-666384210ed5,0d2974c5-d4de-4163-bf27-73d86a77b048,prestonjulia@example.org,active,standard,2024-08-11T23:38:21,2024-08-11T23:38:21
4fb681b0-7837-4847-bd70-8fc7938d610d,d64805ac-2294-4438-af7d-1f1483e8fd7b,bwilkerson@example.com,active,standard,2025-12-12T15:20:45,2025-12-12T15:20:45
8dce0259-dfdc-48da-80ba-1426700a2f5b,d50199e3-7c9b-4921-9920-d234b5fc561a,duranrobert@example.net,closed,standard,2024-07-04T07:01:40,2024-07-04T07:01:40
848e10ec-287b-48bd-9c36-0b0ccfbb84a7,66975479-1eec-445e-a34d-78b59cc44f64,cassie99@example.com,suspended,standard,2025-09-24T01:30:43,2025-09-24T01:30:43
51531207-4af5-46af-a88b-24992734ae24,4ba2a669-8d0b-4aef-96c0-aae24b7711ff,donna43@example.org,inactive,standard,2026-05-06T08:16:38,2026-05-06T08:16:38
a2cca868-6e2f-4519-8fbe-03c135221326,d6ca14b1-9b55-47f7-be97-787002ca26e5,greenmichael@example.org,active,standard,2024-07-30T12:36:27,2024-07-30T12:36:27
334c273f-5ad3-4df2-89ef-f9f16b5b77e4,e039c2ef-fe4c-4d60-97ee-99d043299f0e,nelsonebony@example.com,suspended,standard,2025-01-05T21:23:55,2025-01-05T21:23:55
59e9894e-ffb4-41ef-b78c-95c19905821b,6f1db361-6600-4690-8cd8-5520d4257b7f,amy29@example.com,inactive,standard,2024-12-16T09:32:16,2024-12-16T09:32:16
aa24f5b4-3c84-4dbd-aa9d-ae78465d18dd,7fcd9f31-c0cb-4414-9981-9d014f593081,gabrielle71@example.com,active,standard,2026-01-23T22:32:20,2026-01-23T22:32:20
5e8e6d18-72d0-4b6d-8c0e-e0e671f814fe,6a49a618-20de-4b7a-af94-1b4afeb9a85e,sarahyang@example.net,closed,standard,2025-10-25T05:59:56,2025-10-25T05:59:56
c3cd9472-e53a-4bb4-a07e-e5e60c8be281,8020c8de-2e83-4aae-8bd6-638db33f0978,lcarr@example.org,active,standard,2025-08-21T16:44:36,2025-08-21T16:44:36
b2188b3b-5f9e-4098-88f2-00be56bc5432,8f9052f4-d761-416e-8b74-a71f640df0d7,daniellegarcia@example.com,active,standard,2025-08-01T22:14:07,2025-08-01T22:14:07
258cb02e-5047-4d7d-ba15-1ca461eb31f5,9368e74c-0581-4d77-9358-94e415a80423,dwhite@example.org,inactive,standard,2026-06-25T12:22:46,2026-06-25T12:22:46
2df6067f-7b06-4f67-a068-80b056c899b3,3eaef1e6-c145-417b-875b-96a83a8a8dc8,bentonsteven@example.net,suspended,standard,2024-05-21T21:22:33,2024-05-21T21:22:33
8bf0d99a-d4f7-4a77-a279-53206eb852b8,b6552330-9932-4624-8855-b5b7aa13d3f4,kmaldonado@example.net,active,standard,2025-08-08T22:32:53,2025-08-08T22:32:53
47599f8f-f0f6-4dde-bdd2-7cd1fddaae30,15b9a6ba-816d-4956-936f-2894eff8b72d,tonykelly@example.com,suspended,standard,2025-01-25T03:22:24,2025-01-25T03:22:24
bde61855-19a1-47b0-938f-238a970ef0ef,1076f00e-5dd1-41d1-b2a5-0c59e18a5310,jenniferross@example.net,active,standard,2025-03-04T19:41:06,2025-03-04T19:41:06
f1ccf6e6-dbd1-41ba-ad1f-d8f2415e065d,f285aab8-56d5-40ad-92f1-61b0a4498890,joshua94@example.net,active,standard,2025-05-15T11:29:43,2025-05-15T11:29:43
7d614509-08f6-4f8f-bd8c-29094893f9b4,21c61b96-d053-45f3-9730-c3483fe288d2,shawrachel@example.org,active,standard,2024-08-24T14:09:27,2024-08-24T14:09:27
60de5af7-4c10-490a-8454-37bb7d1175db,922d63c5-873c-4693-9775-df99ba006ccd,kellyroberts@example.net,active,standard,2026-01-31T08:01:19,2026-01-31T08:01:19
049aa8b1-b454-46c4-9957-86314a935c94,8a77ab59-ae1e-4b71-ab66-66bda4615cfd,marcalvarez@example.org,active,standard,2025-08-11T11:27:34,2025-08-11T11:27:34
4bd6e1c3-bdcf-4707-864d-ef746673dea6,2660b7ac-6c46-4392-8ddc-26194c532341,shaneramirez@example.org,closed,standard,2024-05-10T11:53:12,2024-05-10T11:53:12
a15fd943-15cb-40c3-87b5-8e284df05703,598904ac-fa48-43af-8fe9-41388451ae53,wendy11@example.org,active,standard,2024-12-13T11:20:44,2024-12-13T11:20:44
5351ad1e-0287-42a0-8efe-eeb4ed804ad6,5e3636fd-a0a7-44c0-96e8-3d906cdbb119,rguerrero@example.org,inactive,standard,2026-05-02T22:09:31,2026-05-02T22:09:31
e96c5293-d018-4b9d-bf7d-bade1deeaf02,0d78df79-b2dc-4cea-b7a0-712c91c0433d,ashleyjackson@example.com,inactive,standard,2024-11-27T10:30:37,2024-11-27T10:30:37
a3653393-9c50-415d-b627-b2066b021af0,5f31277a-2dcf-4273-81e3-312413596a23,ronald85@example.com,closed,standard,2024-08-04T14:39:25,2024-08-04T14:39:25
d49dc663-1bab-4293-8d9d-aaa5d13cdcc4,9094466a-3714-44da-802d-85c2317b80e5,brentgray@example.org,active,standard,2025-05-08T00:13:23,2025-05-08T00:13:23
881f08c0-f82a-45c8-a064-2c18a7d77d1f,2251b079-d6df-4d71-bd74-d2a00e841a9d,williamsmatthew@example.org,inactive,standard,2025-05-13T22:56:30,2025-05-13T22:56:30
c200e50b-e4c9-4592-9969-d13a0b5d566d,c37c5233-7b26-4427-8ed9-ce36cc9ceb00,ldrake@example.org,active,standard,2024-06-16T13:36:00,2024-06-16T13:36:00
2feab5b6-ec7a-4cda-adb6-5bca10b4bc4a,7e06ea60-a336-46ee-a77d-ca114267af0d,oscar98@example.com,active,standard,2024-09-29T07:40:22,2024-09-29T07:40:22
ee5a06e1-5920-461b-a3ef-5ec21c369dd5,b43d4e7f-d2c2-4f0e-a706-cfd02d61a398,floressteven@example.com,active,standard,2025-08-07T06:52:14,2025-08-07T06:52:14
e06cf839-331d-4f95-ba37-1ee99289e393,9bac4be0-d703-4f1d-a088-1bdb362d3246,samuel87@example.org,inactive,standard,2026-07-25T14:42:13,2026-07-25T14:42:13
4977427c-8bfe-4989-88d3-a71aa67874e0,4b14013f-d7e7-44b8-a287-329bf6e298c3,zwelch@example.org,active,standard,2025-08-19T13:44:14,2025-08-19T13:44:14
13e7b71d-151d-4a0b-96d8-6e5f609578b0,189edb91-3f25-4f32-bfb4-64bd4052cb1c,patrickhernandez@example.org,active,standard,2026-03-13T04:20:00,2026-03-13T04:20:00
13bc8f4e-f6c2-49a3-865c-f7c9c6a9cba4,65dbcba7-fbb7-4837-ace0-5cd3cc5dd4a4,avilatiffany@example.com,inactive,vip,2025-07-25T14:05:49,2025-07-25T14:05:49
ac038d82-4933-482f-82b2-c2b6f323c132,10687c1c-9437-400c-a604-0e19882c65e1,cranemelissa@example.net,active,standard,2026-02-20T05:42:42,2026-02-20T05:42:42
53a00f94-c9ce-43f3-9a95-740093421118,e2141773-bfb8-4698-a4da-2be4540c14a5,kimberlyjames@example.com,active,standard,2024-10-09T09:10:02,2024-10-09T09:10:02
c500e549-d55f-4b7a-831f-c1ceadee56cb,d23755ac-d315-4dfd-ae80-4fa042f7d833,mnavarro@example.com,suspended,standard,2024-12-24T20:15:11,2024-12-24T20:15:11
a6066545-ec51-4351-9fad-d5a6f392b472,2bdeb3b7-a894-4fcf-8218-e41167bc557e,william40@example.org,active,standard,2026-05-13T13:01:47,2026-05-13T13:01:47
c9f6ae7b-0413-47d4-ae29-9664346a305f,ed79e1d1-f247-47da-b20f-17c6184db706,troyrodriguez@example.com,active,vip,2024-07-18T17:35:51,2024-07-18T17:35:51
4c974ee6-e475-424b-a444-f782c65a8d79,1233e680-06d7-4b38-8c6e-796ef158556a,andreamoore@example.com,inactive,standard,2024-05-31T13:21:56,2024-05-31T13:21:56
e83ac2e9-c18a-4c48-a8d8-7207dc47829f,a4bf9059-6cd4-4e62-9a86-ff20975d7434,terickson@example.com,active,standard,2025-09-25T18:39:15,2025-09-25T18:39:15
4e81d3a4-8511-471e-8c84-bb67a288d691,64fec69e-52e2-471f-9fbc-7a8e33f991bd,anthony44@example.com,active,standard,2024-09-20T14:31:40,2024-09-20T14:31:40
