id,customer_id,session_id,created_at,updated_at,status
95db1e0f-4794-446a-a917-08a485367f7a,,f9ce8094-7ea5-4b6b-a1b1-8c60e60a3f30,2026-04-24T18:38:41,2026-04-24T21:54:41,abandoned
8d05bcca-5895-48d5-b607-44c11082ab38,a3d91be1-b5d9-4d3c-bdd8-ab49cd378f30,69636b77-ce2f-4ab6-a8f1-6ccedccb7630,2026-05-12T03:47:40,2026-05-12T06:21:40,converted
f4f00938-40d4-4e00-bca0-5ff8ed59006a,9ede5407-362e-465c-a234-482e1f2411c1,e038d02c-ffcc-43ef-9a85-810e29f77c76,2026-03-08T23:58:40,2026-03-09T00:42:40,converted
1c5636cd-0858-4d62-b332-1ce1caab23f1,,9b5fedd9-38e7-4d0f-a61a-af25c82a5c64,2026-03-22T07:40:46,2026-03-22T09:40:46,abandoned
0fbd7230-f403-4fe5-903b-03a6f04c09f7,,3c72c1de-9e6a-48cb-9cbe-263418932304,2026-03-03T19:33:15,2026-03-03T23:06:15,converted
c879f9e6-3b57-43c6-84d0-3ebdb83e09bf,,f0908106-20c2-4372-ab84-6569e8e5de38,2026-03-18T14:38:48,2026-03-18T14:56:48,converted
5649e6b8-ea45-497c-8bea-e182b9b739e1,,0eaddbaf-b428-4df8-abb2-deaf7f6ef538,2026-03-07T09:10:26,2026-03-07T10:41:26,abandoned
b88a7be5-c478-4643-8a6c-946986a22e7c,,c4a7367e-782e-4493-ad3e-6a6fdfb2b286,2026-03-21T01:56:23,2026-03-21T03:58:23,active
0e9183c6-8488-4cd3-b280-3746c48cfbf8,a1a72036-c041-4a92-a719-9bbf0e21d53b,8f1349bf-a6ff-4468-82c3-55dd727c9872,2026-07-17T09:37:22,2026-07-17T12:10:22,abandoned
18d5c6fb-ad50-42f6-8902-a56bb4f8523d,adf0d9db-c6a0-4226-a93f-30482ccd9d28,80bc94f4-f7b1-40a0-976a-c70c1e6c2b31,2026-04-13T23:16:38,2026-04-14T00:50:38,active
70ee0916-0801-4702-a10f-e89e22d53f4f,3218db6b-84e5-453d-8de9-a966eecbacc6,9bad8e2e-01ce-4ae4-be22-10e3329d6761,2026-07-21T17:57:55,2026-07-21T19:06:55,converted
c9db7d82-d606-4406-bbd1-0964ecbe6cbb,,33b9c79c-1790-47e2-89e9-eff9e0810c3d,2026-04-02T23:33:18,2026-04-03T03:15:18,abandoned
a90bff50-d446-4009-b6b6-2b761f4cb2a8,72fd6924-b954-4c8f-9c0b-2545d0efe53b,d09e12ad-0ef9-402f-b182-5a5a9ce18a5d,2026-05-03T02:38:49,2026-05-03T06:16:49,active
01bb7a74-454f-4c93-92ed-cdf78ee6c09f,,8f71d206-389b-44b7-801a-59b9d79adede,2026-06-03T21:07:26,2026-06-03T23:28:26,abandoned
b56ec3dd-0d89-4bf9-a8ba-86d8ace96be6,eefcf9f0-dbd0-4907-a619-121deeb825dc,83ffda65-2982-491b-a93a-2436f049422a,2026-03-21T09:23:05,2026-03-21T10:00:05,active
77dd1caf-d180-47cd-b5bf-809006a5f649,d4d6e685-70a2-49ea-b511-383a54d18cfa,4792b5c4-ed90-4cd9-9d1c-155f0bad924b,2026-02-22T13:25:19,2026-02-22T16:29:19,abandoned
39383d56-7ec4-4e98-a648-980b7d2022c1,,5c4c3b51-ced5-473d-bc36-c7d57a755aeb,2026-06-16T12:53:35,2026-06-16T15:20:35,converted
03260f88-9cb2-45f8-9097-3a545d926998,,35357a95-814d-4d14-83ce-bcc099cfd8ec,2026-04-09T19:02:43,2026-04-09T22:34:43,converted
c9414fe1-bb15-4bf8-97e8-d064ed9d7859,187d49e0-634f-4e10-a10c-3b0be7408be0,2e98d7d5-e006-47a9-824e-e69f203f937b,2026-06-07T14:27:52,2026-06-07T16:29:52,converted
faa9d7ce-7f35-48e0-9b0f-f4b89294514c,53352c2c-02b9-41af-b276-94d6d22379fe,898e59bb-d1bc-49d4-b5f9-072bffa81d8e,2026-04-16T13:48:31,2026-04-16T13:51:31,abandoned
33564ebb-f763-40d3-b8fd-1b687b3d12f3,2b4b540f-9423-4186-8164-4566e5e908f2,889f2a57-f110-4095-b4e7-5e51bfaf5104,2026-04-08T07:05:35,2026-04-08T09:22:35,abandoned
d10d8b31-8515-4592-89eb-9763b4b5f313,04edb858-b8d9-455a-a1f2-f236df11a91f,a4ee1991-9218-482f-b63c-5d065052118f,2026-06-08T07:08:45,2026-06-08T09:19:45,converted
e7661f2f-2a33-434d-85f1-2980bcfd7d43,4ba2a669-8d0b-4aef-96c0-aae24b7711ff,7975ffd8-18cf-47ab-a688-f75d6fec9aa5,2026-06-14T05:45:53,2026-06-14T07:53:53,converted
6b5a3a1f-f967-4430-8da9-2043ca4abf21,2aee3fe5-2eb0-4391-bb79-d4d4ffdd9931,0057b535-db0a-4533-aad5-ed7f4fa65e80,2026-08-07T19:43:38,2026-08-07T21:43:38,converted
0871fe18-c666-4386-954e-c9d64755a430,0a42e609-2a53-4824-bf02-0088bdb9b149,08a9615e-dbe9-4e50-a02e-eee47798d405,2026-07-25T13:49:06,2026-07-25T14:23:06,converted
7b0666c7-f04a-4db0-b9b4-243a51de9ded,69731d27-9caa-46cf-8933-d01e29b20043,e6d15b1e-1fb0-427b-bc19-1abf7bedacf2,2026-05-27T02:32:00,2026-05-27T04:28:00,abandoned
de78d2c9-43da-45d5-8b54-353953f52923,0872893c-bf01-4853-b91f-a1cc0263fedf,6241139e-8495-43e5-bd49-7d6cec29ce72,2026-03-26T04:48:50,2026-03-26T05:09:50,converted
261ef5b6-2166-41a4-b4dd-0b469c749c5d,2e2960d6-f2e9-4048-b234-fb21f0f72405,fbdc6f29-66df-4828-94a0-efb1131e3ee5,2026-05-27T18:20:12,2026-05-27T22:09:12,converted
6b441763-b269-41a6-85f9-ea14596d07c4,a57c96be-0b7a-41c6-bd9a-9330e20c497a,a278f7ea-6524-486c-977b-eca9bfcb7310,2026-07-27T06:51:22,2026-07-27T07:32:22,abandoned
6696d564-ea08-4009-8b40-3f1193ec4ba3,,bc16f2a7-1a75-46d9-93ad-8d15c1144135,2026-03-28T18:44:42,2026-03-28T19:43:42,converted
84428938-5193-4eb8-9706-df57ab3bc5d5,,e94436a3-eacd-4f2f-985f-8767887baf3b,2026-07-23T08:10:19,2026-07-23T11:21:19,converted
1a003ecc-8117-4c94-a91b-f915d681d031,816f5acb-1a37-44ba-8ce8-25c40cec4d06,287f15f5-5f79-4ee2-b5ae-f19260d60935,2026-05-11T19:18:48,2026-05-11T23:06:48,active
2b88d495-45e3-44f2-95f2-6cb3c3b73e49,,de107750-3d54-4ee4-bfdb-e3ca5a676a38,2026-05-23T02:58:02,2026-05-23T06:27:02,active
53941e30-8dfc-4e53-bf77-722581e71e6d,,19abf172-c37d-4941-a010-008559244d8d,2026-07-26T14:18:10,2026-07-26T14:21:10,abandoned
e9409b29-8911-4b42-9117-545319e38668,41c59ae8-bcd0-4d00-b8e9-bfaa0ce5913b,dc039b5c-c7e0-4fbd-8cb0-d7b56acc67f6,2026-03-05T10:41:20,2026-03-05T13:52:20,abandoned
0a60401d-8088-4276-b655-cac2d566905e,,d09c425e-a461-4c3f-bb7d-6a691e319d50,2026-05-18T07:04:15,2026-05-18T07:13:15,active
09064fd7-b03b-4ca9-88fc-8923b496f496,e77008c8-b7e1-4bb6-93d8-8383d6385531,96166df4-3bfb-473c-8a5f-de8299a9cd18,2026-04-16T06:47:57,2026-04-16T09:17:57,active
9e731179-d5a2-4933-9bb4-046457aca5fc,5b2179c5-dd1c-45b4-b99c-10f1c7c201f4,bd57df79-bd62-431a-8535-7ee6c0d112bd,2026-07-25T20:48:35,2026-07-25T22:18:35,abandoned
57762cee-a407-4341-b8a1-dfa3d27b2100,a792d50a-1570-450f-901a-c26bc3b4a9dd,8f7712bc-280b-465d-8655-38dae02582ad,2026-03-25T07:35:36,2026-03-25T07:57:36,abandoned
3904d087-df05-44cd-b923-f546b79bb1a3,,6103e49f-2305-4cfd-998d-36eda6deee46,2026-06-11T11:07:48,2026-06-11T13:46:48,abandoned
20da50ba-ab79-4847-9ef3-a3feb19e256d,,46aa764d-99b8-4e4b-bac0-47a62bed5472,2026-03-13T00:27:30,2026-03-13T02:41:30,active
a1b6ac58-b35d-4fe1-bb16-0a145d1b71e5,,fde50378-d518-4528-a0d7-4023e2978467,2026-04-20T19:10:09,2026-04-20T21:42:09,active
b9168387-eb8a-487e-a3e9-bc36790cd1e7,,c133031d-81ef-4990-8af1-8b6d1fb69b91,2026-03-09T09:58:51,2026-03-09T12:54:51,active
86ea0b3d-e268-4187-b9c3-a4a3c1fb275c,,2ffaf9b5-4c0b-4362-911e-24be7b34558e,2026-04-26T17:39:30,2026-04-26T20:14:30,abandoned
3abb18e2-454c-4a56-93c9-fec97588f92c,a31129ac-6e82-4a23-86f3-3d708e019069,de64490d-41f5-489a-8fd8-68443543033d,2026-05-03T12:32:50,2026-05-03T14:45:50,abandoned
26fa5d3c-f466-4767-bb44-a3e34b2bd642,6deb3adf-b348-4736-a975-af07bea72c06,a0144c07-df2f-480e-b2db-de63eddfb235,2026-02-22T22:32:01,2026-02-23T00:03:01,abandoned
ccd5cb2d-20cb-4f51-93a6-c83a1a29496a,,4dde8277-4d67-4bdd-9d67-b075b2bb7766,2026-08-03T21:11:58,2026-08-04T00:46:58,abandoned
a4399aab-eedf-4def-8cb4-5e6771840264,303bc5db-08d0-4431-b6df-29c80d0321da,558a3910-a16a-4e8b-98c5-b097867c8a33,2026-07-09T15:06:11,2026-07-09T16:41:11,abandoned
19986e76-aec7-47eb-857c-a60f93aa1f1f,,03c0180e-80a6-48cd-988c-1fa6d44c9662,2026-05-25T02:05:49,2026-05-25T02:46:49,abandoned
e71a9159-0565-4a2f-8252-efb4fbfe6d87,,9be9b252-ce18-418b-8626-8b10171b9f2b,2026-04-27T10:42:06,2026-04-27T14:29:06,abandoned
75be6668-1ee6-41cc-88c3-1f53f7c97531,,86590dcf-2bbd-46eb-aa35-9586a2a7196e,2026-02-28T12:49:07,2026-02-28T13:43:07,abandoned
a3b1a6bb-b953-455c-b81d-a111a75fa8d1,5a589b0f-69ac-4256-aea8-df379845f417,bd07b10f-2b4b-47c5-851b-a51a189f58e9,2026-05-06T09:47:39,2026-05-06T13:27:39,abandoned
bcb9f3fc-0c11-431c-9d3f-49b333954c5e,77475cfc-c7a4-44fd-aa82-b68053aa7540,2e8e5744-9eff-4b6a-94b8-281b56fcd4da,2026-03-01T17:57:08,2026-03-01T19:49:08,converted
b6bc4c9f-a933-44c2-8804-b80a6ad9bbe5,,10fa82f1-27d0-4e92-a5ad-68531b8df886,2026-05-08T14:35:33,2026-05-08T14:39:33,active
42acfadc-669a-4bdf-8dcb-47f1946f7a61,aece6b12-b296-4a1b-991c-ab89ac207fed,a77552c3-f2e7-43d1-9a8c-cf78ee6f8f9f,2026-05-04T09:18:59,2026-05-04T12:17:59,abandoned
597fd7b7-283e-46a4-ade7-7f6da45dc4e1,,93675726-ade8-4a4d-8ccd-935dbd17c837,2026-07-17T11:56:05,2026-07-17T11:58:05,converted
0493b49a-9c43-413c-9ac5-c93e7761f3fa,33326773-e843-48d9-9641-9990733d705a,517a92be-f98d-4a04-be7e-8f16158dd02d,2026-04-02T11:10:15,2026-04-02T11:33:15,converted
b2e102b4-717e-41b6-89f2-1712f3403f8a,e6ef189a-76de-4ef5-ace2-676d69273e22,f5028cbb-999e-46cb-be0e-39b2794b1a3c,2026-07-01T21:10:11,2026-07-02T00:41:11,converted
b258691a-d6c6-4f54-a36b-98af4cb4c471,41db9c8c-af73-46c6-b7aa-64cee86dbe41,834af0a0-349a-43e5-9ae8-e48b808726ba,2026-04-20T21:42:05,2026-04-21T01:09:05,abandoned
eff95d5e-9ede-4d7e-be92-9b3c5cbdf392,53ed5bac-fa7d-4b1d-a73c-6c2b9845c1d1,332b525b-1fff-4091-a72a-132f6a1075f5,2026-07-09T22:22:30,2026-07-09T22:55:30,converted
eeeb5841-f1f5-4935-be2b-5064161f364d,,e2bb48f2-a6bd-41ab-96b3-558044731e78,2026-07-10T14:24:42,2026-07-10T16:31:42,abandoned
ef4ac8d9-7360-4c5c-858f-4df41d2e8aac,,054fe8fe-1bec-43f8-8a5a-0b44819ef01b,2026-07-30T09:13:47,2026-07-30T12:45:47,converted
19392771-1e58-4f0f-b046-a617197a6ccf,,4162706a-b2c0-4b3b-876b-105c286dd23e,2026-07-10T02:31:02,2026-07-10T03:38:02,abandoned
5c06f0f4-a807-4185-8add-941a10e23aa6,be6fcaa5-9911-4bb6-b97c-47eb53c88b32,774080ab-aa32-451a-82d3-0e709ac217f1,2026-02-25T04:32:10,2026-02-25T07:01:10,converted
34fd806f-a858-45cc-bdce-c9a608add101,120d57b9-de14-4717-aefe-ab126645435d,e1f9eade-ab23-4e27-babe-bcf0b52ac394,2026-05-08T13:21:59,2026-05-08T16:33:59,abandoned
600f68fe-2dd7-4a44-997c-583e31dfd84a,,796d0c1e-365a-40a3-bc13-4d947ec1d4a8,2026-04-15T08:46:08,2026-04-15T10:29:08,converted
7af31582-1801-4f62-8a32-a8a1f9503579,ae6e644d-c310-4f23-84dc-5063fc2e2953,dd4b5717-2711-47b6-9104-5cd5810191a2,2026-03-04T04:51:56,2026-03-04T08:07:56,converted
c4263080-7040-477c-8c57-527cd9eb05ce,b2310c7d-702b-4e62-b938-3b19262bd9e9,bf375a19-1306-4348-919c-bc4083ecc5d2,2026-04-08T02:53:04,2026-04-08T04:02:04,abandoned
78508c2a-f39f-45ba-a05c-a1451ee865cc,f772193d-0b52-429c-ac06-5e9986fefa68,d5c42697-e600-498e-878a-f91ed4be6101,2026-07-13T03:59:43,2026-07-13T04:41:43,active
05a444c7-7d6e-4010-b502-3bdce3c963e8,a59ab98c-fe50-412b-aa83-a693a561092f,1346ea61-c65e-4060-ab92-5e16752ef978,2026-06-06T01:28:32,2026-06-06T01:57:32,active
57184c35-6665-442a-beab-f308445b37b2,5f2b73d5-f495-401c-82ee-47cf4886bfa2,94041531-bb06-4b3a-ba7f-5ed8296337f5,2026-06-26T13:38:22,2026-06-26T15:47:22,abandoned
e5e8e101-d744-4472-a610-7e67e607490b,,74ab8ed0-94f1-44e3-b911-734b1423c03c,2026-05-28T23:40:41,2026-05-29T00:03:41,active
404c90af-adff-4872-b976-fd253fbf0e90,ac4632eb-3a22-4956-896e-0a3899a647f1,324feb7b-ad85-46f7-b761-800ba0184db2,2026-05-25T02:29:24,2026-05-25T03:56:24,active
0658cf1f-08de-44de-8821-268f2cb2a8d5,67d2941c-ef55-4f74-9994-431a09ee14db,32e532a1-d22d-4f1e-9de2-d391f82a46ad,2026-03-21T06:05:46,2026-03-21T08:56:46,abandoned
0bdd460c-0032-4b03-80d1-8b09181cbe39,2661b9e7-3b2c-40ea-b349-251363d10a4e,f187db4e-401a-4324-bb5f-b0b4d6b429d3,2026-07-10T01:29:37,2026-07-10T02:51:37,converted
eab7921d-f23c-4046-ba7d-be20eaea4dfc,a1a72036-c041-4a92-a719-9bbf0e21d53b,efcc14a1-14af-4b92-98ce-fa50700d0d79,2026-02-28T21:48:10,2026-02-28T21:56:10,abandoned
b0a8eadf-99d3-4ef8-8156-ea286681d902,08ed887d-1b8b-4850-a0ef-45b78a04e4d7,b2e14a52-529c-4aad-9c87-06691207d999,2026-04-25T05:27:01,2026-04-25T05:39:01,active
87814a18-867a-45d6-97fe-8bf6d8dde696,,4906d20b-d4a8-4f30-8584-c9889d24e8bf,2026-02-16T18:11:05,2026-02-16T20:27:05,abandoned
991ff661-51a2-4c69-9115-b5347b0e80a4,8d5fa184-5966-49ce-b3e7-4acfaba98bfd,fb49ab09-a3e2-469f-a551-0f2da0e4cabf,2026-03-18T02:41:05,2026-03-18T04:46:05,active
460b541c-b0c7-4f7d-9444-5ee395e231a4,,c1f73bc5-d5aa-48de-a47a-5196e8b71d0a,2026-07-22T19:20:31,2026-07-22T20:56:31,abandoned
3eadafd7-a547-448e-9882-0c136c5f6e77,d84ec4ed-ae05-416c-9cbe-eace4567132d,5ba52926-835e-4e5e-a9e3-ec6f7706a235,2026-07-01T04:15:21,2026-07-01T06:45:21,abandoned
9c7f4645-835a-4056-9483-3013a9ccad6a,,9518f9ab-b648-4347-bb09-d7a64ae43759,2026-03-09T20:14:12,2026-03-09T21:41:12,abandoned
ede98a9d-6ae6-45ee-a04b-04d0f202a8d6,3f3af4f6-a87b-4f03-8669-2e1a8e3c6d8b,7f95687d-2e5d-4ff3-943c-0e6257380887,2026-05-21T11:23:00,2026-05-21T11:56:00,converted
c449d696-1234-474e-83e3-c3ec9b70041a,,b10a2276-5d14-4fc7-b945-11610b4105e2,2026-02-27T07:01:25,2026-02-27T10:26:25,converted
89c4bc1a-de52-43aa-8012-f4aa374c05de,3d2423f0-cecf-4060-b105-96b04f2ea442,b1b881ea-b905-4e73-b960-17b71379cfcc,2026-05-12T10:35:18,2026-05-12T11:07:18,merged
1c8f0955-d743-431a-8c1d-208326a2a09e,04edb858-b8d9-455a-a1f2-f236df11a91f,ca3e59a9-6aaa-411a-b467-1ca425539c10,2026-04-27T10:32:25,2026-04-27T12:24:25,abandoned
2daa2920-a9b0-40be-8311-bf8ec46a8d3b,5d59a09d-7696-4e1b-a171-abe3b79fff2d,ab964dac-6efa-4c4d-a0cc-69f508409a92,2026-05-19T20:16:01,2026-05-19T20:46:01,abandoned
2ca09a53-1e16-4d54-836a-8db5927dcf02,19a47a26-3ca3-42d2-9e2d-8da79f09b587,7999d7c1-6a7b-4117-9888-dd2ac9e50fc1,2026-06-04T06:03:55,2026-06-04T07:05:55,converted
5093d002-47ba-4816-9ea5-a44dcffae71a,8976b896-e0e8-4696-b268-5587e42efaa0,ac63800d-4d28-4558-924a-128add7722d7,2026-05-28T13:15:17,2026-05-28T14:05:17,active
0ba9e94f-0959-4a32-8fc5-2ae7963f20ba,,4c96795c-325c-49cf-83e8-2842bc9ac8fa,2026-06-01T05:31:05,2026-06-01T06:45:05,abandoned
fb420136-fb13-42db-93a4-faf9c9c46acd,,f6171ac1-fefb-4905-b7fe-7813fad38932,2026-06-09T09:42:47,2026-06-09T13:29:47,converted
cabc9f8d-1187-40e7-b6e6-40169b60d39e,43086963-8392-432e-84e0-ef1902202b4c,d6866096-31c1-468a-a800-d0e57b1a627d,2026-03-13T13:38:38,2026-03-13T14:27:38,abandoned
8b4bb710-dac9-432b-b655-9adb12acc481,961b1333-d41e-443a-9880-0b1c8c59e141,f62b1845-6129-446a-833d-5cc2eec4c23f,2026-04-14T02:31:07,2026-04-14T05:34:07,active
d14c17fd-e41c-435e-9919-4086ddc4f4ad,42748981-2a95-4e95-91cf-9844c8aa9c69,dc81fbd0-04ac-411d-8a86-8e6d0e15d7f2,2026-04-16T03:28:45,2026-04-16T03:41:45,abandoned
731a27ea-f660-471b-9b57-6121a2d9eb8d,b998f134-9c6e-4e5b-9a37-d0d9dbc72f85,6a404a56-453f-48c9-af79-749a7ee7abe8,2026-06-30T05:37:08,2026-06-30T07:19:08,abandoned
4acd1552-d633-4498-abb2-5fb7087399f2,8f34cf8e-4ab5-436b-b34d-d43e654c8d6b,1e862318-2b16-43ca-be7c-1dcbb644db04,2026-07-05T18:19:57,2026-07-05T20:04:57,abandoned
ae8d2f65-c87d-44e7-8d22-d5836ee01ab7,05d8d4ba-5569-4f0e-985d-5f63fbfee659,119ea7d8-59f1-4823-9ef6-9fec676c0a49,2026-05-22T15:36:42,2026-05-22T17:40:42,active
45ed904d-3c27-4189-9d9c-6286f4373112,612533b6-7eaf-45a2-b9d4-06192ce5620e,c7363fec-30ad-467e-a5d7-cd474aa70ca6,2026-06-18T06:58:41,2026-06-18T10:30:41,merged
8dc7a31c-0175-491f-9965-e38c50569c3b,,bfb96c41-aaad-4475-95bf-2423903d5b84,2026-08-04T23:16:05,2026-08-05T03:15:05,abandoned
dc0c0fd7-fab7-4aa0-a13c-5108b92c0b15,8c5628d0-6d15-4a6d-80f2-9c723e39ba83,a267f8d6-111f-455c-be2a-09b5374567c3,2026-07-09T07:53:29,2026-07-09T09:19:29,converted
7972f4d4-7ad1-47e3-983c-6bf7bca2062c,0a34659d-f0b2-4bdb-bf92-759aea838e90,26dc687f-a9fc-4844-8175-8b598bb8eb7b,2026-02-26T05:52:41,2026-02-26T06:05:41,active
83f45a0f-8251-4d54-a622-fb71294fa9e2,,e28b8e09-49d2-4e76-85d1-406203146aa4,2026-05-31T20:01:43,2026-05-31T20:45:43,merged
e11fae9e-7a0f-4fae-a5a5-dd9657363e3d,303bc5db-08d0-4431-b6df-29c80d0321da,0d229c77-0121-4d0e-9e52-431ca2d39392,2026-06-11T01:58:49,2026-06-11T04:25:49,merged
aec6d193-3859-4140-bd53-6bcf9d464b48,,1466c64c-859f-4b7a-8ac2-20bd387a7326,2026-03-07T12:30:22,2026-03-07T14:49:22,abandoned
7f38af4a-cd45-42a5-bf51-d415763f2bc5,62e44a82-c99b-4d04-9abb-f6a2eb97c7ec,58247428-3016-4f4c-83c1-904f0871dcc1,2026-06-19T20:59:43,2026-06-19T22:37:43,abandoned
ba8d699f-0bed-4011-9913-3021e662b599,,87da182c-fc4d-4441-a9d6-2f3b66d23a23,2026-07-02T15:26:42,2026-07-02T16:32:42,converted
0f0f5a88-bacc-4834-a956-2571415d7162,,4f7145f7-a793-4447-ae45-4f53c33ddf99,2026-03-11T02:00:02,2026-03-11T04:48:02,abandoned
d544467d-a745-4408-9fc9-47a64d6410d5,628b0262-278b-4522-aa31-ed61da01b78a,41edf60a-780d-4d8c-af4b-a0d542ed5322,2026-02-20T20:16:37,2026-02-20T21:52:37,converted
2d1e775d-e703-45c5-8e40-e73ce246af9e,,1d65ba6e-92e4-48ca-bad3-05b3c45606f7,2026-03-03T05:09:25,2026-03-03T07:09:25,converted
94d8febd-ed56-4374-b4ca-e792b6543351,ce8210c0-c537-4fd0-80ef-c3e8063b748a,a48f18a2-26fb-44de-8e24-e0ca8f57629f,2026-04-19T18:35:20,2026-04-19T22:11:20,converted
6ff72b5b-d492-46c2-84ce-b016c8110572,,bdb2ce57-1722-4e3e-9c7e-90d54ee66f9c,2026-05-10T11:09:42,2026-05-10T13:21:42,converted
32d893eb-fac3-4c14-a474-814f026be92d,5ed25035-4723-4154-823d-a8c8b4c02e51,5a42c5b9-ee08-482c-b20a-e1e3ff015343,2026-06-07T14:30:35,2026-06-07T15:40:35,abandoned
0c978b45-5b53-4465-9174-eaaee2206923,a054cb90-d7e9-4236-9533-fc7fd2b1fd77,5691f2d0-bc1c-497b-835a-8f0f66c52208,2026-03-29T09:16:09,2026-03-29T09:46:09,abandoned
51afbb3a-17c8-4581-993d-d0b8c633880b,1435b563-f156-4cd8-9f3d-6224260e26a4,838a4ab4-b462-47fd-ade0-f58792c84a7a,2026-07-13T07:34:20,2026-07-13T08:18:20,abandoned
8e83010e-9f1c-4c8a-9dbd-b89be24d3ab7,c11308cb-8153-4e7b-9149-9b6b5c0aa137,5ea79222-f9e6-461c-8122-2b4a4c8ee235,2026-07-22T07:20:39,2026-07-22T09:34:39,abandoned
597e5f42-84b9-401d-b7e4-93bc2a148461,afdabd06-a2b4-497a-93b8-7bcf582b5d3b,324a0bf1-57d7-419d-b404-a465c3df86e1,2026-05-18T03:39:58,2026-05-18T06:06:58,converted
9b4b4bea-3e7c-4fda-a5e3-f36085b1c751,,a3ef6fe8-3583-4779-b23f-c11cde757e31,2026-05-25T18:53:08,2026-05-25T19:36:08,converted
75bd318c-4c0e-4409-95ce-322850b0a070,4675a031-3216-463d-8c4d-42ea1283bd56,dff5f218-7968-474d-88e3-9cb722dfc866,2026-04-13T10:40:28,2026-04-13T14:31:28,abandoned
102174f4-62a2-4d32-8d38-dffecfc2addc,b43d4e7f-d2c2-4f0e-a706-cfd02d61a398,9144e0cb-e085-4efc-83c7-5fbf982c8d86,2026-03-15T19:16:49,2026-03-15T19:22:49,merged
fa11e1a9-e989-4c3b-a77c-e60c0c39da54,,d953451a-7252-4c68-8354-fe1f228c1bd6,2026-04-08T07:40:14,2026-04-08T11:03:14,converted
d9c225f7-2e80-494a-8afa-8d312625464c,,7815f541-ad0c-4233-938c-c3c1a90cb791,2026-04-07T01:29:10,2026-04-07T01:41:10,converted
2f203ed8-c721-4f88-b544-f1e2623b6bc6,0688ed48-bbd7-41d6-b5ef-c2cd771f72c2,10f7f0ed-373b-4180-9546-9ce72f412222,2026-06-01T17:57:55,2026-06-01T18:20:55,converted
0c55ee9a-2670-4626-9502-192bacf42b2f,,5ba86dae-f8a2-41ec-a6f7-8321d9dec481,2026-07-11T22:25:29,2026-07-11T22:51:29,active
76e5289e-83cb-441e-acf2-c9732724b860,8e104807-9dc2-4625-a1b7-9d858ddd96de,7281e15c-594d-489d-9629-42d24ada9a01,2026-07-11T23:46:09,2026-07-12T01:43:09,abandoned
7970227a-9096-4aff-95a5-2e41f0b8e796,,7c0f22bf-8089-4564-addb-e3a1d28e8a95,2026-07-14T23:53:29,2026-07-15T00:12:29,abandoned
5efb14e6-f93f-420c-910f-1f5149d3d235,22dc524c-5b2b-4982-a2a7-2a5f5a5b9ca5,b699513c-9c78-4f16-aa08-37a4df7c3472,2026-06-01T15:09:31,2026-06-01T16:32:31,abandoned
09a1fc96-0dd5-4c36-a339-d83095292877,,6067e05f-bb8a-427b-b3e4-b31c8ee77260,2026-06-02T20:53:59,2026-06-02T22:07:59,active
2132d19b-048a-4628-a3a2-61b1140bba19,,de68a09a-cc10-4e0f-ae98-28c7a90d5022,2026-08-09T00:17:58,2026-08-09T01:06:58,converted
7b2f5f1b-b00e-4ee5-bace-06c4c5ef37cd,,39ff7afe-6c74-4ff0-84ba-3d34cb07178d,2026-05-17T10:09:19,2026-05-17T11:51:19,converted
574f4b13-5820-4883-9bb8-dd7f7209fa89,fe2e9f59-c77b-4756-ad2e-fe864a560344,f776db07-20b8-47cd-aedd-12d85178f079,2026-08-06T10:24:22,2026-08-06T11:16:22,converted
f68a1983-b3b0-427b-b1ec-058ca1ac778e,63b14504-d172-4e5e-b0fa-abd9cb43352e,8307b379-5d0a-4a21-816e-d464e47cc5ea,2026-05-17T04:05:48,2026-05-17T05:09:48,abandoned
6fda26e9-ae76-4226-8bfe-1cac1989e996,dec2b1be-3447-4044-b4e3-17848dfd390e,f79cef98-5e18-4d8a-a2c0-093927fd57b6,2026-04-16T05:28:13,2026-04-16T08:50:13,active
f8916a1d-40aa-4bd8-b472-99104a46002a,c6abaffa-11df-4987-9806-71dced92f534,7d1a69e4-c4ac-466b-93f2-13a273fc9f62,2026-04-19T23:28:33,2026-04-20T01:52:33,abandoned
b8d2189b-64fb-4ea0-982c-f5c4fb80bb6a,,0753ce15-68c3-4bae-be2b-5d4491f4ad5c,2026-04-01T05:18:10,2026-04-01T07:33:10,active
5d72bc80-3dc5-41d9-814d-edf10bf3bb3c,,7e57a5f2-ccc0-4e2c-97a0-c82391487ee5,2026-05-28T19:02:45,2026-05-28T21:49:45,merged
b774f526-b3c2-421e-81d1-40b73e815661,caa8f40a-63c6-4789-87ad-05b99d694a15,d7231534-6f94-4334-87d3-1f77cae52604,2026-04-29T07:56:18,2026-04-29T08:09:18,converted
c4fa2427-9349-42d5-abd8-5590f3f98019,b65fff66-1997-4dd8-bc91-1349a415e4a0,29112f7c-0158-4aa2-9147-c1f73102a6ee,2026-06-19T00:39:58,2026-06-19T04:18:58,converted
7b9693f9-4009-4602-bc38-82bd6c9c6bd8,9a689679-4c75-46ba-92d3-6b5b0c51a34a,9bdea0a6-2cda-4f4d-8260-2723a7b207c3,2026-08-12T07:46:46,2026-08-12T11:31:46,abandoned
46fbed0d-dcd0-4f4e-8ed6-d6bc17599f8f,3e5dc535-3e67-47d0-8eed-547c7f51e8c9,73501e03-7156-4510-b9f7-be5e83c960eb,2026-02-22T07:44:42,2026-02-22T11:16:42,converted
b387185b-31f7-4a4e-873f-aa98e18f2c94,83864095-dda9-4a16-ab3a-ba6429fa3dbd,e36ca276-de81-4c1d-a623-2bbb2a5c722e,2026-02-26T10:29:04,2026-02-26T13:23:04,active
72d3519e-844c-4d26-9c87-89a017156c38,0abcb3b4-7e1c-4638-a21c-af1df3702f27,34964f46-4dc1-4ed3-9715-fed5947918c1,2026-07-29T07:35:35,2026-07-29T10:25:35,abandoned
bcfc105f-cc08-49cb-bb90-8f9aef9d2c5f,a48b7707-e594-444f-854e-67d65eb9105d,bade51ba-507c-43bc-acf8-3a4d5a49a2ff,2026-04-06T04:35:13,2026-04-06T06:04:13,abandoned
2ad8780e-4859-41d0-9b84-4e2e3d5662d4,,f4f7913f-12cf-4853-be8d-68c8b0203d42,2026-08-07T06:12:46,2026-08-07T08:56:46,abandoned
f44e7440-7174-4439-97a8-9c6761d4e43b,,ed82f537-1524-483b-b5f2-e8d13746a99a,2026-02-17T15:13:02,2026-02-17T17:14:02,abandoned
5a59f19e-fceb-4985-92a4-b345337b8eba,0e4dbbf0-e4a8-4015-9595-c0b9bec0f9e5,30c35cda-93c5-43c1-b22b-6025c0a25b24,2026-07-14T02:52:00,2026-07-14T04:24:00,converted
5501c597-1cd3-48fc-87d6-5d9caf350fb1,341ed9b2-1760-4720-a1b1-42681d273c63,f3486f86-910b-4b50-a205-bb530497c1f1,2026-05-16T13:35:29,2026-05-16T16:18:29,abandoned
6376c741-24c2-4d0b-9e37-3f47c0699bc6,,9214484b-bd52-492c-8857-04cb06a0b401,2026-08-02T04:40:21,2026-08-02T05:23:21,abandoned
dc6d082c-0e07-47f7-aa3a-55dbaa5f099d,,ecb5a803-32ba-417d-a5bd-8e1af9e0c18d,2026-06-25T20:16:30,2026-06-25T20:32:30,abandoned
159c9522-48fa-4761-b7aa-6b6ee1bf9db3,,cbc458a4-013f-4451-93c8-7f7a043a46b2,2026-04-19T09:54:45,2026-04-19T11:45:45,active
602cd1ca-9a77-4831-89da-d4f71950e019,a2effce6-3ad2-4811-940b-bbb5a4ad9b67,9924260d-dc77-4515-9d85-1b1eba9584ac,2026-05-31T23:49:19,2026-06-01T00:58:19,converted
f8314f1c-203b-4d48-8e5c-99c7ff5e03c5,,df1aa3fb-9e2b-409b-96ac-a533cd5252a2,2026-03-02T21:30:05,2026-03-03T01:21:05,converted
89a2e121-aedc-4b8f-8413-907e29949843,b01b46fd-8f75-4db5-806d-c5c5980008c4,20969796-1dd9-41a0-a455-fc0626106410,2026-05-15T06:03:00,2026-05-15T06:42:00,converted
4d3e90bf-cbf4-4592-ae42-ae291f246c8c,,bf347550-8e1c-47a4-9e75-beec10e9fedb,2026-08-06T11:52:58,2026-08-06T15:49:58,abandoned
262d1fa9-578f-42d5-a2a1-76038b675a24,d23755ac-d315-4dfd-ae80-4fa042f7d833,15eecc76-6e65-486d-ae46-e8bedaa47ea0,2026-05-29T20:17:04,2026-05-29T21:28:04,abandoned
f3cbb9cf-ba1d-42be-950e-715edfd75d1e,27e89b40-f32c-4604-8a79-6d1613bde382,cb5d618a-b6d9-49e1-9fd4-59bb1f68a451,2026-02-22T10:25:30,2026-02-22T12:29:30,converted
e50b0e50-6e52-4fed-88bc-7c578286d4f4,388a03fa-6bff-4153-afbb-2349b43c876e,81ee7259-c660-479d-93da-6ba8d70a115d,2026-03-08T07:51:42,2026-03-08T11:32:42,abandoned
47578b73-336d-4424-879e-fa0a2cd90853,24ea0325-a7d6-4388-b86c-7b51e5805b26,b569a6b5-5622-43b7-b2bd-ead673e04c8a,2026-07-12T20:54:39,2026-07-12T23:45:39,converted
a6bcbe86-4646-4bd9-acd3-9718508e8736,,1c837a94-943a-42d7-9a4c-4b661888260a,2026-05-04T14:18:19,2026-05-04T14:57:19,abandoned
cdee5cf1-01a7-43ef-9ee8-2e9d9b832a97,,f5ff475f-d444-43a1-a46e-9f8a8eefa6ed,2026-04-07T23:55:26,2026-04-08T00:43:26,abandoned
5cce7a83-c99d-4902-9dbb-60e392db316f,,6e92a144-3b4f-40c1-9160-caef8c574013,2026-06-30T13:45:44,2026-06-30T14:28:44,abandoned
2561e217-29ca-4bf7-ba70-24d8e354bd82,,bca64034-5680-4a65-98d8-1fbac2710ae7,2026-06-08T10:21:51,2026-06-08T10:57:51,abandoned
f983fbe8-a477-4cce-9035-72a2a2a7e655,71ed3bfb-d094-47b4-bd02-9589f31e4c1d,71e6f679-3a62-4f10-bba7-f6fa0f7d11ab,2026-07-30T07:32:16,2026-07-30T10:20:16,abandoned
34bb4528-1f84-465e-8ece-6f1ffb747579,d5e5a6a6-cb8d-4d62-8551-298dee7f1f9f,53292645-08bc-497d-88b1-c1631f6aba8d,2026-06-27T04:18:23,2026-06-27T07:06:23,converted
e3eafb87-0a50-479a-94ce-e851b33db6a9,,35e1b18a-a561-46b6-a433-a9a8fe4da11a,2026-03-11T11:56:27,2026-03-11T12:13:27,converted
6959ad81-e9bb-47b4-8c6c-0eb8dc64a75a,,bbc08d9b-2d74-4089-8241-367721a8f524,2026-06-24T16:06:47,2026-06-24T18:35:47,merged
77dd3078-1a9a-4cf2-8c66-4018c7758ab5,3455f0ff-3219-4cd9-acd8-091f34518293,856a8111-d029-4d4e-bd94-87dcd0b18dc8,2026-05-17T20:49:59,2026-05-18T00:08:59,converted
cdb1f65e-dce9-46a2-8aa0-b755298961a5,314d5517-f29b-49b2-a076-3abe12756120,53d4b9c8-0511-4683-8ae9-c0f4bbe02152,2026-08-05T13:48:14,2026-08-05T17:47:14,abandoned
f211106e-f075-4353-b521-be6b5c0d3d16,,bff49e0d-437b-44d0-a400-e94992d9a66d,2026-05-11T11:37:14,2026-05-11T13:11:14,converted
038096ef-aade-4790-978c-520d9cc10de0,afdabd06-a2b4-497a-93b8-7bcf582b5d3b,1cf7eb19-5e5e-4bf0-8dfc-23f3c16cfcad,2026-03-16T21:34:04,2026-03-16T21:40:04,converted
06fb3aa8-643f-4bf5-8743-bc7d70960224,45514547-8413-41d4-ba88-c1240763e5e8,6d92761d-ae26-424e-a238-157ad1d8df98,2026-07-14T01:00:38,2026-07-14T01:27:38,abandoned
bfa7fb09-eb8d-4a63-860a-23f55a1b222b,387603c1-d2a6-475e-ab4c-9ba7aa78bb27,1e2c2889-ad01-4878-910c-97c0d8e6c523,2026-08-03T05:18:06,2026-08-03T07:41:06,converted
0554611c-14d5-4475-8747-f0ffcbd83318,b01b46fd-8f75-4db5-806d-c5c5980008c4,9504d3d4-3250-4b66-a641-ff14d1a8d3e9,2026-05-22T22:10:04,2026-05-22T22:21:04,converted
27bffd87-b08b-439e-8e5b-8d1c9be27982,50fb8eb8-955f-41ca-ab6a-faaff8141652,bee30cec-c1fe-4db3-b28e-9a77ac9e1c98,2026-02-25T23:23:26,2026-02-25T23:38:26,converted
c2116b7d-aa41-420e-bf6b-9fe29dd4b049,,10c4d51d-b6e8-44ab-97f6-eedc2e57c127,2026-05-13T20:38:23,2026-05-13T22:27:23,converted
96c293fb-d1f6-45c6-b78b-978255cf73f0,3870073a-f764-4a2b-bc64-18e4569bf784,103d50f5-d209-417d-877f-bc040d107b19,2026-07-13T23:24:06,2026-07-14T03:05:06,active
ecce0abb-8e00-4b51-ac4e-8559ec86e855,a1be3ec3-e6d6-43ba-8011-02ffe7491e78,f7a1e471-81b6-4b13-b84a-7a413857bd2c,2026-05-13T11:33:13,2026-05-13T15:28:13,active
d6eeb4fe-47fa-4a72-b02e-d9ae209817c3,,742cb368-4acc-48c8-909b-0860aeebb58e,2026-04-22T19:49:38,2026-04-22T22:18:38,converted
f3a05c54-d669-48dd-bf01-c239b452d0ae,,f264438d-a478-4d40-a309-b52c24335fbb,2026-03-13T05:20:30,2026-03-13T09:12:30,converted
611837c2-1956-49a5-8f64-6843bab8e990,,94622810-afce-4290-a87a-a089986c310d,2026-03-11T16:22:36,2026-03-11T16:24:36,abandoned
b28c81fb-e825-4299-a6a8-049545439b9a,2347081e-7ae5-4085-a0d6-d1f551721f69,bb8790c8-52ec-4f94-acbf-016f1571bd47,2026-05-14T12:42:31,2026-05-14T15:35:31,converted
ec2cb27a-ac7e-493f-a74b-2bc9daa49fad,6b991ab8-8048-4161-b67d-7f862b2cc13e,10f09c20-914d-4536-86e6-4146ddfe054d,2026-04-22T09:15:17,2026-04-22T09:17:17,merged
555a038c-e2b8-493a-b5fa-3a32ccd2c1ac,b9915f58-4f74-4518-bb97-0b1e58c541a5,f0229d3a-de68-428b-9355-d662eca900a3,2026-03-01T08:37:54,2026-03-01T10:02:54,abandoned
79a77151-4928-48b9-ba37-ff5b3335d1a7,,61a1a8e4-4de9-4c65-89cb-450734cdfb8b,2026-08-10T13:04:03,2026-08-10T17:00:03,merged
82f1ebfe-5dda-4322-914b-963618071562,84f7f075-d17e-4662-a11c-bc80e28b12f5,b30cf499-6e4f-4d93-afc0-7785655677c4,2026-08-10T23:56:03,2026-08-11T00:37:03,converted
c3b1da9a-66bf-405b-ae02-9969205e53e4,8e91d584-8798-4b43-a077-64b5334460b3,6c838881-23a2-4b96-abc4-eb2baf7fb635,2026-06-03T21:31:09,2026-06-03T23:29:09,abandoned
54fc1ba3-3c93-4d70-8b4a-f8dcb1e7e512,f8b1caa2-10e7-4302-963a-252a15b4a714,afbfcefc-906b-4eb9-b6de-96655affb073,2026-06-27T20:01:55,2026-06-27T21:37:55,abandoned
174d7820-c65d-4dc4-9885-666383dae49c,d77ac8a9-6445-4f65-9a77-b0fb3abe853d,72ed3f9f-58f0-4913-97fd-3c719cd97b2e,2026-07-10T04:51:10,2026-07-10T05:26:10,active
6863ada6-18ee-4c0d-8c00-df7738706086,bbfdba43-2871-4e95-84d9-e2ff45960e7d,65ed30fc-418d-4868-a633-3e8ff65dff20,2026-07-20T04:49:18,2026-07-20T07:19:18,abandoned
7c2a75ef-8164-4a65-ab0e-a5e6cbcbea3c,,1ec780b2-e3bf-4771-81db-09196a77b084,2026-04-24T02:31:06,2026-04-24T04:09:06,converted
3ffee605-4b08-45ab-9c4a-468d567261dd,,b3fbed84-6a41-4f86-a348-b056e09e2bde,2026-07-21T19:41:53,2026-07-21T23:00:53,abandoned
56dd9da0-ec53-4876-b104-30afc634900a,bea5ef1d-43b9-4df5-b3d1-436f675ec066,ca03a629-f5f9-4a18-a413-e9a632d10fd6,2026-03-07T01:22:15,2026-03-07T02:48:15,converted
5916efea-93ff-4194-a80f-b071b163722c,797a1a0b-31a6-4422-af8a-98fd4e5e1114,05f40f66-7c37-44cd-b6e4-3a825f09a1a4,2026-06-20T17:33:44,2026-06-20T17:41:44,abandoned
2bf59550-e085-4c2d-86c5-b8eafc7778ed,d78e6e3f-3ff1-49b6-9dcb-129816aa0ecb,0bb96e64-de25-42dc-bacb-577d13435c52,2026-08-09T05:34:06,2026-08-09T08:56:06,abandoned
5186d1a5-f166-47e8-84c4-0c5e740f8820,,65e61e4e-30b3-4759-a640-0aa76dde018e,2026-03-25T17:24:34,2026-03-25T20:49:34,abandoned
835a5ee9-46a0-4132-a7e0-bf1db41eb4f0,,7c1aeddd-3d1f-48f8-921c-46a65369bc17,2026-05-19T12:23:33,2026-05-19T13:35:33,abandoned
c8e162f1-8068-4953-8f00-d7a54ea24012,,9da7a97e-9c31-4d5f-a330-f69271c2cf2a,2026-07-30T05:40:30,2026-07-30T08:48:30,abandoned
6bf8a61b-d1d7-4ca3-9425-e5abaa856436,d50199e3-7c9b-4921-9920-d234b5fc561a,518edb2b-56c1-4cb8-8159-bc404669709d,2026-03-11T21:02:06,2026-03-11T21:24:06,converted
868baf44-c673-4368-b1f4-1db826b5cd49,,3d5869a3-4ae4-4aaa-8072-7daa914214e1,2026-04-17T08:31:04,2026-04-17T09:04:04,abandoned
8047a4e4-f434-4e39-a2bd-6666632e0fc4,c0a8be37-975c-4b34-8989-1eb846c63871,7025af5e-6627-45f9-af2b-d4e3cdadb3c0,2026-07-15T06:18:07,2026-07-15T09:30:07,abandoned
7115e688-ddb1-4485-8006-e4a24a0b123d,,3bb0bbd0-3685-49e1-aae8-30ae7f495b39,2026-06-06T19:32:03,2026-06-06T23:10:03,active
e9c4fb75-b6d9-4970-ba96-6875eb33a448,7eaca096-c253-48ee-936a-8ea930759d59,a9e0d7b4-8eb8-41ac-a1aa-7f35492f2dd3,2026-07-11T03:58:04,2026-07-11T07:21:04,active
863849cf-6c33-49df-a438-7e224a38e976,b51ad0d8-7b4d-4859-8de9-fd9feb62c888,c3a88018-902f-4d07-b1bd-d967ff0acbfd,2026-06-26T16:22:53,2026-06-26T19:16:53,abandoned
451dade0-a97c-4d69-b90d-6da0457fbe78,eccb6e23-700f-4b9e-803e-9c681f12dd9e,41114fc6-1eae-490e-b398-a25dcde7a759,2026-03-08T12:48:37,2026-03-08T16:17:37,converted
0e461f5e-fe74-4695-98d6-33d41fe8d1d6,,abb325d4-2df3-4e03-803a-cde42ba23b21,2026-03-30T23:43:39,2026-03-31T01:27:39,converted
e73477ba-dd76-425a-a20f-158bc06e43b0,0a34659d-f0b2-4bdb-bf92-759aea838e90,7e937df9-dd78-429e-b020-f50e021c395e,2026-08-08T20:10:54,2026-08-08T21:29:54,converted
6e599bb5-07a9-4183-b23b-5ac6412bb88c,5b2179c5-dd1c-45b4-b99c-10f1c7c201f4,5d35028e-d96f-4559-a119-46dde6f0d9d9,2026-05-18T00:34:47,2026-05-18T02:57:47,merged
25118287-b6c6-4414-a659-b996cbecc6fe,6d91807a-84e4-47c1-8e47-925d52e0dd48,e0f26f6a-e885-4f56-8814-c1cfcad0e7b4,2026-08-11T00:52:32,2026-08-11T01:15:32,abandoned
cacb0d2e-f087-44c0-abed-1413cdfcc06b,,d99b9300-2084-4f33-9906-017a3202a846,2026-06-27T12:47:21,2026-06-27T14:54:21,active
19c5edff-9e77-4877-a604-1f76e2e37d5e,,f7c13b7e-8a00-49aa-9767-3e119001bd77,2026-04-03T01:59:46,2026-04-03T04:01:46,active
7035f60a-e0c9-4872-aab7-a99306e9735f,9400a9f1-7dfe-440e-9992-ce7a2dd5b296,9b2649f3-6936-4a86-994a-2a5217ce7d47,2026-04-01T10:30:59,2026-04-01T11:25:59,converted
2c5d9252-7f03-40b1-8920-1af461c4fc39,,46036663-6796-453d-b5b7-1461b7a9ff51,2026-08-14T23:05:55,2026-08-14T23:47:55,converted
9a557d04-c437-41b0-b02f-2587eb351bd5,7bb8fda6-2726-4199-a7aa-ed27cdfff312,178df977-b03d-4f3a-a7af-b928647adb80,2026-08-02T20:58:57,2026-08-03T00:05:57,abandoned
d195f80f-4f58-45a9-8da4-e77e49fcb48d,d88e53e9-6885-44c1-a0ce-e8ea44f2dcfc,1e06bae5-e77c-4309-b5b5-bd08bd439441,2026-02-18T15:46:35,2026-02-18T19:11:35,abandoned
5cbb7fab-0e10-4520-bcb7-598ac3938f55,c630fcf6-11c8-465f-9498-0839aee67e55,4c312d94-08af-482b-8051-27951fac5f83,2026-07-19T16:19:00,2026-07-19T20:05:00,converted
000b8fa6-8d61-4ef3-9b11-0f11163b0905,d18e4429-67b8-4ac0-8d74-6c1d026d15a7,81f6b131-b149-425b-9ae9-7ad3b5fc0b70,2026-07-11T15:19:19,2026-07-11T15:45:19,converted
933d94ad-c98e-4986-b8ac-6b1e26a820aa,5d59a09d-7696-4e1b-a171-abe3b79fff2d,c0696b7f-fec3-4709-8f83-b137f44edcda,2026-05-29T06:16:31,2026-05-29T07:16:31,abandoned
42bb6150-57ab-43a9-8924-f4222f073ce4,95381466-0836-4fd0-b05c-e8ca6147a51f,46b4c0ef-c344-40cb-bef2-9d50861f81bb,2026-02-16T18:09:20,2026-02-16T20:15:20,merged
678f326f-1e6a-4b22-99e6-b0de8ba3a556,,cb204adc-1049-45c4-8ddb-4eedc6f3cafc,2026-03-29T16:46:28,2026-03-29T17:01:28,abandoned
29361c1f-4047-4582-bac1-14f72c7fd159,,254d09c7-8ca7-45e0-9178-85edd081a661,2026-08-08T16:04:59,2026-08-08T16:29:59,converted
81b86776-9081-49fe-b709-fc640d797cd6,64fec69e-52e2-471f-9fbc-7a8e33f991bd,1e5e87b4-a06d-400b-9cee-d978d29856a2,2026-03-28T21:10:52,2026-03-28T23:59:52,merged
ee99eac9-de0f-4962-914e-9f10f679bee2,e9f40ffc-bea9-4cc6-abca-7fe897f37903,e13d9a31-d533-4417-b57e-f72c34aff95c,2026-06-05T04:16:24,2026-06-05T05:01:24,active
785d749f-281a-4b8d-8974-357afaf90930,a054cb90-d7e9-4236-9533-fc7fd2b1fd77,434c6a9a-e0c7-467d-9dcd-03769916d5ae,2026-07-24T14:44:57,2026-07-24T15:07:57,active
3e9fb21c-3852-47fc-98ba-2bdca639e1d8,43217606-3354-4bb8-b967-c358331d8375,c924a0b0-c2a4-4c9b-b867-5dc40ae8036a,2026-03-25T23:53:05,2026-03-26T02:25:05,abandoned
1bbbc1ab-2779-489b-9a47-993b9976ffd9,c401aa52-5d86-4872-a6fc-75f431023457,98f463f7-63a5-4d96-8742-98b198d33e03,2026-06-20T10:59:52,2026-06-20T12:36:52,converted
1e02720b-0751-439f-a3cf-85f6f444b5c3,efb0203d-c970-47ec-8644-2090a658224b,30a07eb7-6630-4ab4-9f5c-2d6d109ed1e4,2026-07-17T23:12:30,2026-07-18T02:58:30,active
07de142c-c4e9-4d4a-a1ee-8d51c9b28e84,ec4bebdf-042b-4c0a-9846-f86a1a9685e9,9ce1f757-7723-4b30-9db9-f7bf25996b21,2026-07-08T05:46:45,2026-07-08T08:48:45,abandoned
375d163e-ae4a-42ec-85f4-3c9897314b2b,,ec2803e6-91bd-4e0b-a5cd-b74f7d2f3169,2026-07-31T19:19:59,2026-07-31T19:29:59,converted
9e116c02-0d5a-45e7-857f-a123d11e34fe,,7f838e41-9d10-4459-8d64-6a4141be3e9a,2026-03-19T16:17:03,2026-03-19T17:15:03,abandoned
a9983466-1baa-4427-b63b-86db0363b106,6bb94756-3d64-40f4-9ecb-bc26ede41625,cde4f642-b0a7-4d3c-8ff0-f6aea76a7c8a,2026-06-28T23:27:10,2026-06-29T01:27:10,abandoned
20aad4b6-0c34-47a4-8a68-eee04769c7e6,ce5679e9-296a-4566-ba46-98a3e0a94136,62d6e130-9f17-4ff8-bfe7-8d20a4e082d8,2026-08-03T17:38:08,2026-08-03T21:27:08,abandoned
4e6cd492-ace2-4584-bb26-7195c6235e0a,1bcdbd0d-0e2f-4fdf-a8d5-214d3b49c7e2,9f3e404c-9e4e-4762-a057-3effff69cc9d,2026-07-14T08:06:34,2026-07-14T11:34:34,converted
edb4fc69-57dc-471f-8602-43a27d467226,,0ed29cf2-af60-4e3c-b33e-e62b2c2a022d,2026-03-27T03:19:17,2026-03-27T03:43:17,abandoned
be840aab-b37b-45a6-b5b0-41a9c44d3ac0,,1638e565-f385-4563-8acd-b98386fcb639,2026-06-28T04:25:57,2026-06-28T07:15:57,abandoned
e4ab626a-44b9-4b40-9e95-527d5876d432,40da201b-b0f6-453a-97ca-b9d61306ad15,782e7d04-7ef6-4254-9100-2c4929d980bb,2026-05-19T02:27:10,2026-05-19T02:35:10,abandoned
ce1bc06e-7cf9-472e-b6ed-90acb94dec0f,,9a617724-9728-4583-9ae9-b0f8ea6d078d,2026-06-23T00:14:21,2026-06-23T00:39:21,active
b57cdb8d-84ec-4255-b83b-22bb6ad61a0f,,e52178a0-4c33-4692-9d6a-d8f25ae41027,2026-03-29T03:38:55,2026-03-29T06:28:55,converted
c3a48db1-9084-40c8-a4cf-bacfcc9c3a6f,d6914b8f-0d72-4044-a61b-055adb02f005,8f2226c6-b97d-4633-bc58-de6241f93bfc,2026-03-29T11:12:07,2026-03-29T11:38:07,abandoned
66ed9974-551c-4fbb-95f2-38ea8df5f2e4,,28fff04d-3bf3-463b-9da9-8ff67cf5bb0f,2026-06-04T20:21:49,2026-06-05T00:18:49,abandoned
35e230cc-da8c-483a-ad47-394dd48f6124,5b2179c5-dd1c-45b4-b99c-10f1c7c201f4,ed01f488-ba7e-4937-af05-56afc02f8825,2026-04-06T06:50:45,2026-04-06T07:24:45,merged
299357f2-3966-44d0-9ed4-ebace9454de3,0db82818-585b-4e3f-9898-2a72727c2e42,7196ce17-0152-41ff-bfbb-2c67f4346a6c,2026-02-25T07:42:22,2026-02-25T11:39:22,active
cede3ff6-307a-42e6-b14b-8ace36bf4476,c958448f-45d7-416d-a358-45098ec2a9da,4b127f85-82c4-460b-aad4-3699837bfd39,2026-06-29T23:53:55,2026-06-30T01:44:55,abandoned
53587280-b035-41d5-9eba-6055c05c2d1e,69731d27-9caa-46cf-8933-d01e29b20043,42aa44c2-f059-44b2-8d6f-8dc31bff179a,2026-07-29T18:41:49,2026-07-29T19:50:49,converted
87559e3c-ad8e-4f14-a6ad-317e99a06bfc,,5580aec3-3da3-4992-8937-1cbfd5d8098c,2026-05-01T15:04:10,2026-05-01T19:04:10,merged
35baedb7-25bb-4958-bbde-dc8340a63cc4,27e89b40-f32c-4604-8a79-6d1613bde382,359d7eb6-024f-4b81-b7f5-ca66a9b3c54f,2026-07-16T14:13:50,2026-07-16T14:38:50,abandoned
cd8c3bf3-729f-49d3-8a15-5c151b5d5a62,adf0d9db-c6a0-4226-a93f-30482ccd9d28,82d1d3d1-a0b7-44b2-84db-39b0e691871d,2026-06-06T09:39:33,2026-06-06T11:10:33,abandoned
6e0ca21d-bd2d-4e4b-a5ba-aa0e1bf23103,400ec64f-461d-45c5-b45e-b5c8dc21b4e1,8b669aec-9bce-4eb3-b04b-2e3a14b02cac,2026-05-20T20:34:43,2026-05-20T23:06:43,active
3b4bf07a-6245-4c99-8daa-05ea9b393a81,,2ae12da9-bd8b-4916-b2d5-463f10798d63,2026-05-09T03:18:07,2026-05-09T07:16:07,abandoned
12e4c0cd-7ae0-4782-9a0d-e9fc7f949f47,b2263d08-d05d-4240-a470-6fe31527b9d2,cecb4504-4ed2-425d-aca4-65a62cc6f0b4,2026-04-07T02:27:04,2026-04-07T04:12:04,converted
ecf763cb-85d3-47b9-b3bb-f87957bc7644,,9c7bb707-ee69-4bd1-86d6-6232e55cbd79,2026-03-05T05:58:20,2026-03-05T08:44:20,abandoned
12410c18-0d67-4570-9881-71314c4195a4,98c7adf1-31bc-45c1-85fb-dbf53b4a53e2,1f1cbd50-ab43-4b83-b9bf-20de5128298f,2026-08-06T18:20:48,2026-08-06T21:38:48,converted
32cfcb26-9165-4bbc-b5b4-c7c592c21b11,b0fb926f-1c66-426d-b796-e9d801b13122,79ecacb5-4bb7-442e-a63d-eb29c38d86be,2026-04-03T03:05:21,2026-04-03T04:09:21,abandoned
31540986-53ad-4adb-8ae9-6c4e7a7a71ac,284f711a-5e5a-4929-bb5d-5ddba9a4a773,23847816-4e78-4f0a-9ae8-b5231af9ff8f,2026-04-28T02:27:41,2026-04-28T04:36:41,abandoned
1360b706-2260-446a-b320-16505a3063a1,,6cd75535-9711-4352-8009-9df3bbf09946,2026-04-10T15:49:41,2026-04-10T16:09:41,merged
b1000f18-0e47-472e-891d-c8555edaecef,758d0e66-e551-46a4-b8f9-0a98d7161e93,134a74cd-3030-407e-8027-a98bca02a7b0,2026-05-08T09:25:54,2026-05-08T11:39:54,abandoned
2a10b816-d531-4ba9-9c1d-47a0056b77c9,,8a04ff95-5dbc-453f-81e3-d6f019e29cd1,2026-03-18T05:56:52,2026-03-18T08:54:52,converted
0b34788b-963e-4fdf-9286-dfbe4e6d05f1,5350fafc-45eb-4871-a195-d1cc090f9d9c,706b45d8-3e15-4a93-a8ca-d41f9c5736a1,2026-07-30T16:58:16,2026-07-30T18:11:16,merged
7baf051f-5b19-4edf-ac97-8ca2969904f4,a31129ac-6e82-4a23-86f3-3d708e019069,9f6e2e13-39ac-47eb-aaf1-094e021aada5,2026-07-05T05:23:16,2026-07-05T08:26:16,converted
0ae40e29-fe64-4f42-9500-d4134994427d,b5b5a474-4e05-47bf-b9a2-872e5dc9a328,c27c3c4e-6f7b-42fc-8e97-9dd362ceb2bc,2026-06-13T07:55:30,2026-06-13T08:56:30,abandoned
58e1df2f-be69-471c-b6e5-db20ef324f71,a3d91be1-b5d9-4d3c-bdd8-ab49cd378f30,0ed92293-648a-4bdd-96a1-21da082b0bfd,2026-07-06T07:08:39,2026-07-06T08:08:39,abandoned
55b72df4-7e46-42dd-9502-e62248d1b380,2030e11b-f809-402e-8a1e-00aa3cb751da,00fb813d-773e-435a-af78-1947b6fca864,2026-05-11T15:24:28,2026-05-11T15:41:28,merged
13399726-d929-4f0a-a071-f408d5994a0d,,86deb02f-97b2-4e67-8a4d-06a098ff2bb1,2026-03-02T21:17:04,2026-03-03T00:23:04,abandoned
a5cadc9f-76a4-44ec-96d3-43a387e11971,5d5ea9b6-fefd-4e25-850a-9c2d365e7e27,c401ff1b-6c8d-4d44-93a6-1f9f3cdc5827,2026-04-04T03:42:56,2026-04-04T04:07:56,active
ce879146-33db-40ec-ad99-0e9e456a2130,ce73a9b8-27f8-4c9f-941c-4b99a646fb32,4db710e5-02c0-43d2-9b51-59cda4b4b46f,2026-05-12T21:59:11,2026-05-12T22:38:11,converted
875d6f15-96d4-4ab7-a5b1-10a7216f09f3,,edae9ea0-32d9-4dc4-9ea2-624b29786521,2026-06-08T02:04:35,2026-06-08T04:37:35,converted
2b09e459-502e-49b2-9d99-9e0eb13c27a9,,ab532a81-79e7-4438-a6ee-1e84be5bb20d,2026-05-16T09:31:10,2026-05-16T11:51:10,abandoned
6bd3214b-34be-4836-8b2d-6ea7963ca56d,,7eca1841-a4fa-4e7b-8c2a-47b72894bedd,2026-07-31T05:04:18,2026-07-31T05:09:18,abandoned
c0ad246f-a1a0-4997-83d6-1e00d6445a74,fa2a460e-af12-4197-b38d-d2822d96e879,15177db8-909c-4ec3-88b0-96bd9b42dc16,2026-05-05T22:17:54,2026-05-06T00:37:54,converted
0aeb560d-b726-46c9-a732-b2819954646c,ffd40778-a37e-453c-81d1-9a769cac4692,96736fa0-abc3-4c96-86d3-1e10fb9a90e9,2026-02-16T14:29:48,2026-02-16T16:17:48,active
7146f5dc-359c-4ffa-ac8f-1490254774df,17e24a9b-119c-4ea7-a53a-bb757c70ad0a,78327275-6912-439a-bcbe-e1e685075da4,2026-06-10T23:31:38,2026-06-11T01:16:38,abandoned
1742f3f6-aefb-4a06-aad8-ef7c23ac69eb,,6bf3a6ba-ec98-430d-9b07-e5b518867579,2026-05-23T05:47:15,2026-05-23T08:17:15,abandoned
0aa549df-ec38-415b-8e93-d06da3afa88e,400ec64f-461d-45c5-b45e-b5c8dc21b4e1,74410fa2-9693-4f3f-9f08-9738f432b703,2026-08-03T13:54:31,2026-08-03T16:08:31,active
d5d20331-9721-44e7-a0d1-c28bc033c5ff,49a962c3-f4f1-4c85-accc-a1e3a243a202,4d97cb0b-c2c1-43f9-be87-56072420095f,2026-07-29T21:02:43,2026-07-29T22:22:43,active
7ebea8f5-0eea-4b3a-9b19-c4c2726b1366,,b01ec2f3-852a-4982-bef5-5efd084e083a,2026-06-26T19:04:15,2026-06-26T20:47:15,abandoned
48086c41-3857-44c0-9385-78c700d89ce7,,fab0fca1-4c13-4d5e-aa58-fa9ccde5c503,2026-02-27T09:31:11,2026-02-27T11:18:11,abandoned
6f34ee57-815a-4888-8712-57242707d7d2,bab8979a-8cd9-477b-bbd7-2e1dbab88437,fdf35599-108e-4fa6-818a-62b164664372,2026-08-04T04:01:16,2026-08-04T08:00:16,converted
3aa01641-cf40-4a36-a18a-1a0142b71077,,fad92fe9-9d3c-4024-913d-170dbc8283e4,2026-07-05T04:07:28,2026-07-05T08:04:28,abandoned
f1acf2a2-4924-4830-bb44-49941edf92b3,ead66f31-3437-42c5-9145-8281898ce326,3b12cde4-27ec-4877-a000-78f9332238b0,2026-04-02T22:45:09,2026-04-02T23:12:09,abandoned
c69c78b6-9ff2-4b93-bc68-1b599388ea6a,b51ad0d8-7b4d-4859-8de9-fd9feb62c888,75a1678c-f26e-4668-93da-074219114c69,2026-04-04T17:02:10,2026-04-04T19:57:10,abandoned
70e8da81-6900-4dc0-a23f-11523cc0297c,7c45f68c-bbba-4b82-9457-03de08fe8287,d6510800-b7d1-4124-90af-4300a45cbda4,2026-02-26T10:45:57,2026-02-26T11:16:57,abandoned
a03104c2-31bd-43cc-a807-b099532d658f,b0da7a9b-77d7-407d-8506-51705503fa05,ea096338-a65e-4dae-886d-1416f9179bd7,2026-03-09T15:03:35,2026-03-09T16:06:35,active
866ae618-6a0a-4219-8e92-aec0b0bb0c3a,,64be49a8-36d4-40d4-a558-8cd6ea309dce,2026-06-05T08:18:38,2026-06-05T08:24:38,abandoned
82dc6abc-27bd-46c1-8c39-d745319f0026,06a161e4-302f-4ae9-b96b-2734ad33f946,1230eb51-709a-486f-bb14-72fd13240e9a,2026-05-02T13:59:17,2026-05-02T15:16:17,abandoned
d9c4d267-d5aa-41f1-9a4a-c4ba496efa0b,8f06b288-f9eb-454f-adef-47f12b7572d7,288eff9e-7f99-46e5-a416-e88e507d0fde,2026-08-13T21:13:21,2026-08-13T22:46:21,abandoned
1e239a80-ab2b-4de7-856f-c0b73029201d,f1c1c41c-e3ac-4d0f-9604-06a648c54aa4,43dc7591-594e-4602-80d3-64ff7eaf9818,2026-08-15T23:26:04,2026-08-16T00:36:04,active
3510bc0f-0a54-4df4-99bf-4955941ecb00,19a47a26-3ca3-42d2-9e2d-8da79f09b587,0c1e2f8a-78c3-4c9e-bf05-af590a0875f6,2026-05-13T12:09:04,2026-05-13T12:39:04,converted
8d44995a-7580-4795-815d-939e9e803537,,520d5170-70d9-483b-9339-c639b2115ef9,2026-08-14T19:17:01,2026-08-14T21:40:01,abandoned
0ada652e-b265-4449-8d15-df1b80ea3ce9,,6e8c0614-6879-4f50-b727-f969bf685fea,2026-04-28T23:24:32,2026-04-29T00:58:32,converted
3e13c816-322c-4e07-b0b9-e15e5e08cd80,,5bff6529-2c13-44fb-b2ab-529f91a25a34,2026-06-02T02:18:59,2026-06-02T03:05:59,abandoned
0ac705bc-7048-4794-bae4-29306c885e12,,dd7d0e29-38b3-46e3-8fc2-c34afbab8614,2026-07-17T02:06:26,2026-07-17T05:21:26,abandoned
25112ef8-9697-4e9e-8b41-37adb6980ee0,249c5605-e2c1-49de-825b-aeef4ba19a9e,36c9011b-2c03-4444-9a3b-13324692ef0c,2026-07-06T21:16:21,2026-07-06T22:54:21,converted
2e42a1a3-8c7c-4062-b7cc-44a7f92debd9,,5c8bbeaa-c0b2-42a0-a8a4-9d49b70b105c,2026-03-09T12:38:49,2026-03-09T13:41:49,converted
e4d6eb9e-370e-4067-911b-073a5447f7a5,28f88fb0-d9fb-4c32-8470-1738493e863b,98046cda-604f-434f-ae70-ba7e90357843,2026-04-22T12:52:38,2026-04-22T16:41:38,abandoned
55f00ebb-8fbe-473e-9010-e230ef40af78,d4d6c47d-5048-4008-b088-4f13691fbefd,beea6ce4-c969-4cd4-813f-b13f21686fd3,2026-04-12T16:44:16,2026-04-12T19:17:16,abandoned
8ed7f427-7e1a-4cfb-a54a-829a2b6dbea6,834105ff-e792-4a6f-be6d-fb89b4d75d4a,46f996bc-2115-498d-8105-4cb273774364,2026-06-01T11:48:45,2026-06-01T14:33:45,abandoned
7f085f53-bd6d-4e28-beeb-9100d20b78d1,,c402b76e-2fee-4c1d-88e9-f52e250453ee,2026-07-21T03:40:00,2026-07-21T06:45:00,merged
7149e265-20ec-47f2-80e5-b5af0bbec5f4,7bb37398-522c-4b94-95aa-882d79ae2041,92f58746-a78c-4669-a3fc-b8a99e5196b2,2026-04-22T15:30:49,2026-04-22T18:10:49,abandoned
eb033dfc-b6cb-4392-8cb7-c06f182be5fa,,f317a271-b466-4e9d-84e0-2a843b537c84,2026-05-04T04:02:48,2026-05-04T07:31:48,abandoned
54982e54-2f8c-45fd-85d0-d7f472122634,62e44a82-c99b-4d04-9abb-f6a2eb97c7ec,170b2f39-1fac-4ca6-a6f8-8f93c8f9b6a1,2026-03-05T08:10:09,2026-03-05T10:09:09,converted
775cf92a-db8c-407c-aca1-f27618730d06,8f9052f4-d761-416e-8b74-a71f640df0d7,ee483804-ba13-40de-81ed-8328302e9419,2026-03-02T21:13:01,2026-03-02T23:45:01,converted
425cd83b-b98a-4211-85e8-e5e9487236ae,,2b0c71f2-1821-4878-b1a3-61da3ded6fb7,2026-07-10T10:51:57,2026-07-10T12:58:57,converted
88020b67-a6cf-4ee3-9bcb-60c6ad253263,848485f0-198f-4efa-8335-707db71a7434,80ec4e96-7766-46f4-9b85-9516aa459922,2026-07-02T09:31:19,2026-07-02T10:03:19,converted
d4cd7db1-f80d-48a8-bf03-6a4be9200048,359ce707-dfea-41f8-be3e-8689b460486f,4e7de4c0-0178-44d4-89ae-9dea77518a42,2026-04-11T11:33:08,2026-04-11T11:46:08,converted
4f89132e-d391-41a9-8422-b7934d4de6e0,9bac4be0-d703-4f1d-a088-1bdb362d3246,8c3ab107-db5e-44b1-80ff-07e56f2e3bc3,2026-03-04T11:23:28,2026-03-04T11:31:28,abandoned
8e42efb0-7a06-4378-941e-98f749719282,,172d8c71-d227-4bf7-be51-53011dfc97b0,2026-04-22T08:20:16,2026-04-22T10:15:16,active
22ce32e5-e960-46f8-ac98-0b170b867a20,96f4e93c-c759-4fc7-b4a3-c8a153858bea,d4473384-15e3-47d3-9667-e1eabdfac42b,2026-07-01T13:37:15,2026-07-01T15:49:15,merged
574ae2d6-b542-4793-81f3-d9a7858f7d6a,bcff2252-fa4f-4a03-88eb-6ff7b0e010a0,d114e373-d9e2-47e6-a184-4fffb776bf58,2026-07-19T09:23:58,2026-07-19T12:37:58,abandoned
94d996ea-6560-4c49-a797-4d3079c429ed,,a0dec2e7-f516-4425-970b-529a453d823b,2026-08-11T06:47:53,2026-08-11T07:04:53,abandoned
5212caae-0379-45e2-86a5-da123cfb29b4,,446f9797-1799-4803-8468-21237bd34aa5,2026-07-10T09:23:28,2026-07-10T10:40:28,converted
1a7e4633-00fd-404e-ae69-6506b68eca3d,,391a672c-6708-4d9f-8964-bfeeaf31c14a,2026-08-11T23:15:48,2026-08-12T00:25:48,active
8191131e-2166-4681-91fa-00f27941c7ef,,c8120d15-998f-4b97-be61-ec669021dcae,2026-02-26T18:35:22,2026-02-26T22:17:22,converted
a8b0d864-749f-4bfd-bcc5-8b25e2308af7,34ec60c6-4248-4ad1-8dd9-759b309578a4,dade3eae-d53a-4e7e-be37-252cf8fcb0bd,2026-06-23T05:48:50,2026-06-23T07:46:50,abandoned
f89c3ee1-88ec-42a5-92b1-0a857b70fd82,e77008c8-b7e1-4bb6-93d8-8383d6385531,610a5a41-598c-459c-9e6d-12ded90356f3,2026-05-30T10:07:55,2026-05-30T12:31:55,active
6b060f79-da45-4913-a91f-784e613d86d5,4675a031-3216-463d-8c4d-42ea1283bd56,7c4c9cc7-4941-4243-9b14-798e25627e5d,2026-06-23T15:25:09,2026-06-23T16:20:09,merged
ae7db8dc-1fe8-462d-9477-1510c4a42c78,,67d46c21-9e7e-46d8-900d-b0ba93807b3f,2026-03-07T02:00:09,2026-03-07T04:59:09,abandoned
c107f7d4-22e4-4cc8-8272-560167437225,,30751ddc-4bdf-4217-b616-abddd12d71e7,2026-07-29T01:10:19,2026-07-29T04:59:19,converted
296cc200-915b-4f42-b5aa-93d5012020ed,,07961330-f22e-42bd-ab9b-372f44bbdc07,2026-04-04T19:18:37,2026-04-04T22:56:37,active
d88f8107-a8ec-4999-9489-d4e6943fc3bb,06a161e4-302f-4ae9-b96b-2734ad33f946,7926f518-ee53-417d-97a8-52263bac940b,2026-07-06T16:17:46,2026-07-06T19:10:46,abandoned
8e3c1188-c66a-4161-8d29-b5c4d07a8bca,,d28c98bb-65d3-4e61-a42f-5041393abc6d,2026-07-06T05:10:02,2026-07-06T06:26:02,converted
41cbc593-79c6-4d5d-bad1-00569cc286ad,0206c59d-8464-4845-9680-9463df25efd9,7f74dede-4251-4ea6-902e-7721ee1c58f5,2026-06-18T00:46:46,2026-06-18T00:49:46,abandoned
acd72c5d-14f9-4a74-bca1-f0ebc0ffdab6,,62a22988-4bbd-46ac-b342-4a6af5ff8dc4,2026-08-14T16:40:43,2026-08-14T18:13:43,abandoned
25f98762-ad5b-4721-9a06-6492d9a01674,8e91d584-8798-4b43-a077-64b5334460b3,d5d37025-7105-4060-8ce3-17d94ce1e4c2,2026-06-16T07:27:19,2026-06-16T10:37:19,abandoned
e88b4825-89bd-4c8c-8843-0c8d6611fcde,63af441d-70c7-4c4e-b495-80b967849285,c154d85d-d91d-4d7f-9064-257e033dac92,2026-07-05T04:48:21,2026-07-05T04:55:21,converted
763f6c3d-cbf0-43c3-929a-0f00c7f7d50e,,e28ec7a6-e61a-42e6-97b5-6abb1758fc92,2026-05-27T21:58:20,2026-05-28T00:44:20,converted
d1caa115-e4b3-47e7-93ea-1ea53bfefe3f,,27c26ab6-a8f3-4cec-9922-9001c839622b,2026-03-16T02:54:29,2026-03-16T03:07:29,merged
410fb1fb-9c20-4fba-bef4-59d4ec07aa02,0f1df561-31c0-417e-909b-4b054c45baaf,5c7752f1-1bd3-4b91-b38f-0f593c8738fe,2026-02-21T23:29:38,2026-02-22T00:21:38,converted
ff172c88-8946-4705-b69f-6b0916aa2852,,6057fae5-afc4-41b2-be11-528fa9d97bac,2026-06-18T09:33:52,2026-06-18T13:04:52,abandoned
7046db1b-db9b-4b9d-92b4-10315154c7f0,,1be99c81-da4b-4a26-be37-9cd5a24c92ce,2026-04-11T11:36:45,2026-04-11T12:10:45,abandoned
79385bed-f5d4-4d36-bdc2-8d494577c71a,,dc15164c-94a8-47c5-9cb5-fbd3d286c1ea,2026-03-10T13:46:26,2026-03-10T16:22:26,converted
90b922e9-5916-4120-8225-1bff4aa43a9e,58e0c4db-27d0-4c06-9252-c40364b1ae74,994d8025-4109-4ca5-9aa4-5bef341ebdbb,2026-07-27T00:21:10,2026-07-27T03:11:10,abandoned
24821986-70bf-4fe0-a971-80bea25266e2,14dec3ce-7570-4c3f-af8c-e9c0d74cfcd2,276e5b72-1f35-47bf-bacd-6d85747a021a,2026-02-16T21:25:10,2026-02-17T00:21:10,converted
39907d45-d0fa-4ca5-ab4b-93dcd853f1c7,,3fee2387-6398-4be1-9bd7-192bf6b7089c,2026-02-25T09:13:12,2026-02-25T12:57:12,active
82abe9cd-fa92-48f2-8188-90f9c4d1f9f2,,3bc341b4-ed3e-4605-9abb-43ff46ecd11b,2026-07-15T15:37:50,2026-07-15T18:55:50,abandoned
66a7eee2-7bd8-4ee8-a9e3-ffab1a740409,b66095e0-346f-477d-8c25-3b70d4dfab70,7da07dd5-81ef-4c01-b914-bc71c88a86e3,2026-03-21T10:39:49,2026-03-21T13:28:49,converted
470dac13-082a-422b-89f4-8858407615d6,,b7f15cc1-2766-4aee-9173-4a5a643221d6,2026-04-08T12:52:00,2026-04-08T16:28:00,converted
dabe33fb-99c4-4c93-b54d-a412ad01a201,d9464bcd-0a19-4058-8fc1-bea843e6c339,82c3d0e9-26c9-43b7-9b28-0d300cf2278e,2026-02-16T14:28:40,2026-02-16T17:44:40,active
034ac01e-edc7-4646-8964-b4088dbf5a67,,195d2db7-6b24-4674-b5d5-b815446a47e4,2026-03-16T00:15:34,2026-03-16T03:55:34,active
936bef3e-c1d8-4972-9dfd-fcdcfc526234,,1fb04815-0ed1-45c6-b6e2-5f114eb708d7,2026-02-25T17:07:30,2026-02-25T17:56:30,converted
510d0f0c-adf3-4670-a3f5-9c283f570ed4,5d5ea9b6-fefd-4e25-850a-9c2d365e7e27,4b40e79c-5d41-4ff7-9907-30f80a6facac,2026-02-26T07:28:48,2026-02-26T08:45:48,abandoned
51928fcf-6653-4bff-946f-3c537cc3b8ff,,bd7ac125-4cf6-421f-b64d-d2e43d7805fa,2026-03-16T03:54:40,2026-03-16T05:15:40,converted
546d4bfb-d056-47b0-9c65-8127ec2011fd,2dcc7662-f1ce-442c-b998-bbe351d5e186,851095b9-8fa5-4257-86c7-03891c9a598b,2026-04-07T04:13:40,2026-04-07T05:24:40,converted
ff9c5336-0a96-49bd-ac38-164f0c72114f,,cad98a80-ffb7-44e2-a0f3-e1bacac61015,2026-04-06T05:30:31,2026-04-06T06:20:31,converted
ea962b08-2dee-4446-a291-069a3be58560,,ca7b2c7c-124b-41b1-a90d-00a9d52eb586,2026-07-30T08:52:26,2026-07-30T11:56:26,merged
826409f2-8db7-460e-907f-6c4d9c674443,,849dba0a-c205-4506-8cd9-0ea07392cfe1,2026-06-08T08:03:22,2026-06-08T08:41:22,abandoned
f6c1f2a8-4305-412b-a7b8-9d97fc035c71,d4d6c47d-5048-4008-b088-4f13691fbefd,75500ab3-0112-4797-a6d0-861adf7a1312,2026-06-02T02:07:18,2026-06-02T03:02:18,abandoned
974c7a12-74c4-4852-9909-bec957da78f2,,2266841b-b338-47db-a500-0cd58a838d46,2026-05-25T21:16:00,2026-05-26T01:08:00,abandoned
40f021fc-bf5a-4c2c-9129-7ad3d21370b6,0f708081-5838-40db-84a9-ca8b6845336f,92dcadfc-629b-475c-abd8-5a027e886110,2026-02-19T10:51:33,2026-02-19T14:22:33,converted
467667d5-5010-44ff-80b1-19e8addbb4f0,aa006c1b-6b97-4f02-99a9-57923d13eb8f,5d8886ad-5edd-4082-9823-29570c22c81a,2026-04-13T19:55:14,2026-04-13T21:15:14,converted
363b132e-bfbf-4040-a83a-f0a54c37445b,922d63c5-873c-4693-9775-df99ba006ccd,dd6aa9cf-24fc-441c-999f-275806bf7bb7,2026-07-28T07:33:58,2026-07-28T09:52:58,active
10e56260-283a-418b-9804-fcc3bcd243c5,,5bd3a8b0-ad37-45da-9157-968d027f2e42,2026-05-13T19:33:21,2026-05-13T22:44:21,converted
07f9f3c1-fc08-4423-9515-47ec1c97c143,,7ea417b0-3b7b-489b-b898-fc52f0d88de1,2026-03-22T07:19:17,2026-03-22T07:34:17,merged
fd39daca-243a-4fc2-b7d6-01424bf729d8,,a89b2bce-99f4-4fe0-a231-67a333f13c93,2026-06-30T05:55:29,2026-06-30T07:21:29,abandoned
374b455b-6ace-40a3-a4d5-65b7239f69bb,bbe9e834-7071-42d6-8970-aa7301b72ec2,571642b2-6641-4047-80ed-649338dbf03a,2026-07-05T20:02:59,2026-07-05T20:26:59,active
ef6b3387-8621-49c6-aed9-9be67f668b25,7bb8fda6-2726-4199-a7aa-ed27cdfff312,f0bf2218-b947-41cd-a144-6799810a04ef,2026-06-02T00:18:18,2026-06-02T01:16:18,abandoned
41a33d18-2780-4687-937b-1e04b4b3bd83,,699a5a7e-480f-49b8-a3d8-5369cfe531ca,2026-06-18T17:32:31,2026-06-18T18:12:31,converted
2cdf4dfd-ea9e-4331-b4fc-3f500aa0056c,1c3dc001-75eb-4fb9-b3ad-59a3be5b31ac,84c146b2-f881-4233-8687-b6545b65737e,2026-03-04T17:22:30,2026-03-04T21:22:30,converted
3223d94f-6146-474a-b9c2-5859e9190d24,,01f6a7c0-3469-4861-810b-f8f61d0f4a04,2026-03-10T03:24:40,2026-03-10T05:43:40,active
ed2764c6-8bd4-42af-b7e5-5ff722935fe6,,4ac8213d-8305-4d34-814c-7af711564605,2026-05-21T19:20:09,2026-05-21T21:56:09,merged
d373c226-539a-421d-a6a2-028d5a35a177,f419edd5-8bb5-4809-8cfc-599ab209f6da,19f2618a-e94c-4e26-a4b7-e0697a7ffad6,2026-03-31T23:06:08,2026-04-01T02:06:08,abandoned
db3588f1-97e9-4fdf-aab2-bae6f62d618f,19296d35-a0df-426f-88ed-d3f5323adb8a,743e5c61-788d-41f6-bbd8-e8dab31376bb,2026-03-04T01:40:47,2026-03-04T05:38:47,abandoned
efa509b0-6ea4-4efc-87ec-902ae76234bd,,3c3b2265-445f-47d4-ba11-dcc4a129a920,2026-05-27T07:03:40,2026-05-27T08:52:40,converted
3550498e-f987-4437-a158-fbcb7b6b7d51,,51782a77-2c39-43cf-9450-21832a96ee01,2026-06-29T14:44:24,2026-06-29T17:32:24,converted
4363aef0-47d9-4039-a260-ca01c3770967,6a0e8a99-d39a-4600-9876-1344b693450f,98a13d1f-90f0-4915-b95d-fb142fe0a401,2026-07-13T02:54:44,2026-07-13T05:08:44,converted
89b693f5-d15e-4c06-91b6-863c0762e4e6,,0dca7f63-0bf2-4488-bd43-b7a7b042d048,2026-07-01T23:38:47,2026-07-02T00:53:47,active
f45c9f4f-d9b3-4152-9e98-dd65a04bfb5d,4c11a926-7100-4d06-8910-5b0d5f3d7e9a,a56119dc-2240-4351-8fd3-ece2a0111574,2026-04-08T22:50:31,2026-04-08T23:08:31,converted
4e8d6ad5-7665-466a-9d47-534c4ca8af14,80617fda-335d-411d-aed3-ca3917a8cff2,2738c9b4-8870-4b2c-bd71-89f98ad6104e,2026-03-06T09:53:15,2026-03-06T10:09:15,converted
eff5342f-d67d-4ae0-bf8b-c4ba6f4a8979,2251b079-d6df-4d71-bd74-d2a00e841a9d,4f22bd75-c5f1-4e95-85fe-1b0880705b2c,2026-06-19T09:40:03,2026-06-19T13:09:03,converted
53e02450-e6f4-4145-94c0-6ef870d9a739,6afcdfd4-7162-4241-9932-0cf1f3a2b6e7,fdc63183-494b-48ce-8145-230e04038e3c,2026-03-07T22:40:52,2026-03-08T01:15:52,converted
47add280-d977-43d4-9548-585fa66fdb4f,14dec3ce-7570-4c3f-af8c-e9c0d74cfcd2,7a1b9166-2278-4ed1-abe3-8e2ed5e7f9ff,2026-06-14T09:01:16,2026-06-14T12:22:16,converted
2725b99a-88fa-48d2-a13b-73619f32b620,61004774-fb70-403c-ae81-a1e9cd187146,d01589f1-6e29-46d8-a780-5c09188d26cf,2026-02-19T18:02:20,2026-02-19T19:18:20,abandoned
c1e16b6d-8647-46ef-8159-006ff82256c4,,911a11d1-e140-43e2-b83d-b842e1fb0b4e,2026-04-01T16:52:15,2026-04-01T19:17:15,converted
dc90cce2-e01e-44a6-b9cb-9afa1060635d,612533b6-7eaf-45a2-b9d4-06192ce5620e,6526a768-09bd-42c4-a699-1866ff7050f4,2026-07-22T13:55:22,2026-07-22T16:39:22,converted
5bd634a5-8db8-40e2-9223-ace8d34852ec,,0fd07cf2-5e47-4144-847b-d2de6e48e84d,2026-04-02T10:54:26,2026-04-02T13:33:26,abandoned
8ae94738-6e9a-4fc1-be66-4e5c02c560e4,85e030d5-7bbc-494b-baab-665c95549265,d04bdc34-fd73-445c-86ad-7f104fd4c11b,2026-04-11T23:35:42,2026-04-12T02:09:42,converted
2592921e-03fb-44bd-a194-a44e8497a4db,0edeaba5-35f3-4e68-98ca-f412d9cd14b5,e209fcf3-a122-4c6f-be0a-d35219dd3b3c,2026-04-19T09:37:00,2026-04-19T12:34:00,converted
a4d68745-0ac0-4a9a-bde9-679bfcc7404b,d9464bcd-0a19-4058-8fc1-bea843e6c339,3624a942-a2ad-41ed-b830-9ac3186470bf,2026-06-07T03:51:58,2026-06-07T06:47:58,converted
d51e8eba-65b8-4f14-8b6f-cd2119d49f5d,2a26f327-c9ef-40f4-bb8c-c809417caad1,c5593cbe-16ab-48cf-b67e-6a9e47b1ce6d,2026-03-14T21:40:05,2026-03-15T01:18:05,converted
0d350637-e3bb-4324-aad2-1536b5404816,1233e680-06d7-4b38-8c6e-796ef158556a,bac7da5a-7784-4929-bbb4-4267733f3239,2026-05-08T00:29:04,2026-05-08T04:08:04,converted
ebaf9727-0442-43e6-b7d3-1ccfd87094e3,2347081e-7ae5-4085-a0d6-d1f551721f69,97b92712-8ad0-434c-8e20-1c78c831d0c0,2026-05-15T18:58:14,2026-05-15T19:04:14,converted
4b18b57b-a735-4541-abd2-0a007993a9b8,,ec15692b-75ad-4471-94b8-315333db0237,2026-06-17T15:09:28,2026-06-17T17:48:28,converted
ade9633e-7684-459d-9080-4cf24c0ffe65,,6d45faba-6a92-4b0d-b219-28099dca4132,2026-06-15T08:13:27,2026-06-15T08:55:27,abandoned
01f766e4-1e9e-4468-971e-882e286217c1,,4b5c81d4-5bb3-4b94-aa49-dd677b369154,2026-05-08T01:58:58,2026-05-08T02:39:58,converted
b1a83498-9ed6-42bd-b1fe-2d5bd732b557,7fcd9f31-c0cb-4414-9981-9d014f593081,40064b48-4311-4100-8e6f-c4a978620723,2026-06-03T03:30:47,2026-06-03T04:15:47,converted
4a0dae29-b66f-4e76-b334-22a34a37b557,,d0bf8d90-153b-4805-b402-9191a2dacd23,2026-06-02T03:31:27,2026-06-02T05:54:27,converted
ff42533f-ac58-455d-841d-17b837cee232,,582e8a53-9ce5-40b0-9c7a-d9b1b222c720,2026-05-14T06:22:00,2026-05-14T07:47:00,active
df639bf6-0cc8-4c80-b501-f83e88c7c007,fe1ef2c8-17e9-4560-bca8-d42ce43d899f,43081342-e648-48ea-aff1-ef41dd33168a,2026-03-01T15:28:20,2026-03-01T15:50:20,active
aaabfd8c-6940-459c-9e7a-c6097296e1c2,ffd40778-a37e-453c-81d1-9a769cac4692,0455ac0e-3bbc-4140-a5eb-202e16bf4aad,2026-03-20T00:10:14,2026-03-20T00:15:14,merged
1e65198e-67c0-4e33-b313-ec2e7e1ca24c,,a3adecef-6e0a-46ad-a861-b8e1b9a8f43b,2026-07-18T16:21:08,2026-07-18T16:55:08,abandoned
587bd493-c09d-42c1-9f1d-8a78dae44d41,7160f724-2528-4ac3-ba79-b6e99e6b8a01,28a5614c-3bc1-4327-8b3c-5b4552a4e52c,2026-08-07T17:17:07,2026-08-07T20:03:07,merged
17d4ce56-9c57-4be3-ad92-74d561a2b798,,c727bbb3-a806-42f7-9531-b827a8cee977,2026-04-30T14:19:44,2026-04-30T15:56:44,abandoned
d478600d-be0f-4b11-adbd-657bc809e32d,,7a571122-8d75-45fb-8a36-989b6660e9f1,2026-04-04T05:47:10,2026-04-04T06:27:10,abandoned
65979b33-4bb1-4e4e-8f56-f1605acb9753,e94d8a6e-9b23-411a-baf2-75f02c42d8cb,0adb146f-4b01-4478-9a31-decc9f61542c,2026-03-06T10:11:52,2026-03-06T13:22:52,abandoned
e927dcca-61da-4c3f-bd37-9c7469a0ae60,,21a55266-613a-499b-8fed-c61becbbaa00,2026-03-07T10:57:32,2026-03-07T13:38:32,active
3ec6e202-9859-413d-a790-1dc13baf4980,7eaca096-c253-48ee-936a-8ea930759d59,6745818d-0a69-4d59-8eda-e7110d34c7ba,2026-02-25T12:53:33,2026-02-25T14:27:33,abandoned
3bcc4793-491d-4c1f-b41e-aba382510590,,c4627dd0-0e46-4a41-9e06-c2d00d09307f,2026-06-01T02:09:39,2026-06-01T03:27:39,active
97bcc3aa-a815-40fc-8b23-2b6ba0997fac,19a47a26-3ca3-42d2-9e2d-8da79f09b587,01c4c72e-3973-4e07-9e46-4abea37e8535,2026-05-04T13:41:08,2026-05-04T15:23:08,converted
f3baaa15-6412-4097-a897-c63a4467d1f9,96f4e93c-c759-4fc7-b4a3-c8a153858bea,b8366638-216b-4ba6-8a6b-721258b23ac5,2026-08-06T20:52:08,2026-08-06T21:47:08,converted
f6e22107-71c4-49af-a760-645675ca57bb,,6774a4b2-5095-4a27-ad69-89a58b4445e0,2026-06-01T21:31:50,2026-06-01T23:06:50,converted
bb9f5a7d-bd71-4264-87ab-e19c8cddf1ea,4cd79f83-9fc7-43e4-a4c1-89402b7124e1,c743c938-b22e-49cc-8fb9-24fa30e2c006,2026-06-20T10:15:57,2026-06-20T11:14:57,converted
b06c83de-cfb8-4e37-8e9d-c1cfcc6c90f8,466ab61a-8180-4d06-90cc-2a380a0e6f0f,61fbd0a1-5ff8-4355-bc8c-05fbf702dd31,2026-03-06T14:10:12,2026-03-06T15:03:12,abandoned
7c2f18a5-e902-4f94-9434-b223b2507704,af3dbfea-4df6-42c8-9826-57806904f81c,16b14f5e-7e78-4094-8280-95f7d6531438,2026-05-14T17:31:16,2026-05-14T20:24:16,abandoned
48f73d93-3901-4e2e-9eb0-2def375c0b3d,5261268c-aa94-438a-921a-05efc0d414ac,3d8be2bf-e1aa-4262-bb2a-7c4b8103a7ff,2026-05-31T06:26:19,2026-05-31T07:31:19,abandoned
c3e81108-772b-4160-af24-b922490c57a0,6a0e8a99-d39a-4600-9876-1344b693450f,fbad7ace-635a-4ef9-ab0c-accd025c01dc,2026-05-16T00:49:04,2026-05-16T03:21:04,converted
02197d9b-9a1e-451b-a20a-8857e5d8f5bb,,fe792c60-3b0d-4384-a7c3-dc54084ac081,2026-07-08T12:33:51,2026-07-08T16:00:51,merged
4eb52c72-2465-4b94-af20-594e83f41ab4,1439dc05-4ab9-4995-90c7-d9437ae94f50,ae011ad1-ca11-4dfe-bd07-8008906dcfa6,2026-08-11T02:12:25,2026-08-11T04:28:25,converted
ee5273f4-4ca4-4098-b33b-23ba08117e75,,74cdc86d-9188-43c4-b202-2bae953a2efa,2026-08-02T22:20:05,2026-08-02T22:51:05,abandoned
4b5f08c3-960f-4070-8de4-89d39f680b4e,2251b079-d6df-4d71-bd74-d2a00e841a9d,a97a6cb1-582b-40e1-aab6-d8bcb92965ce,2026-04-07T21:12:28,2026-04-07T22:32:28,active
b9bd2816-924e-408f-b72b-b6401689242e,26ce484a-a527-4fe1-903f-2809a03fd21a,d48c4178-370c-4065-a2a3-4bc99d67abd6,2026-06-15T22:24:53,2026-06-16T01:14:53,abandoned
18f82918-d872-4ec6-98ad-739b5fb69413,,286ae64f-1535-4827-89fd-6245a610af89,2026-03-02T19:46:29,2026-03-02T20:33:29,abandoned
0ce36ea4-8f92-4b40-b32c-5fa2143da0d8,,00f4d0fe-d766-4be6-b99f-9c6d515b7e5d,2026-08-13T06:08:03,2026-08-13T06:58:03,converted
e911e4d8-65ea-4b8f-b6f1-61d171f41768,3fa371d4-77dd-4e91-9a2f-86801b001903,34a4c9f2-0124-41f1-8c04-aab872387643,2026-02-20T04:07:23,2026-02-20T05:46:23,converted
7461775e-7d45-4637-8a76-6b08fdf751cb,f78c30cb-fcda-4209-9aea-0ae7ce4f7b81,4b12d117-3961-4426-a7d1-89b28168fa49,2026-04-11T21:14:58,2026-04-11T23:51:58,active
624451f6-411f-4991-afec-c99325ed7b24,120d57b9-de14-4717-aefe-ab126645435d,0e22d639-64eb-4c42-809c-08a9e972e3ca,2026-06-23T21:08:24,2026-06-23T22:45:24,converted
017a82ab-ac62-493d-91d4-908b316ddc4a,96aa3e1c-ce39-4f76-b813-c9b4d59c0cdc,35049490-7e18-4298-ba30-b7eaf814cecd,2026-04-19T22:27:26,2026-04-19T23:35:26,active
9febd932-dc5d-4978-b9dd-62be2d1720a0,dcddb844-390f-4861-a4ee-0a32b75bb218,f9121c98-17a4-4333-93ad-53de503b7e27,2026-02-26T00:49:53,2026-02-26T01:43:53,converted
c44b2265-302a-4f7a-994e-885004c26b8e,6a49a618-20de-4b7a-af94-1b4afeb9a85e,561d3fc0-2838-440c-b225-0a90acacf3c5,2026-04-01T20:57:40,2026-04-01T22:51:40,abandoned
aeb88956-6c4b-412e-849c-1720e443a331,,7968783b-1091-4080-8813-f36376318507,2026-03-28T14:15:47,2026-03-28T17:02:47,abandoned
b5aec199-a956-427a-ba34-693c0f6e5fee,c052cca8-a71b-4e49-b713-c012bcfce146,57299374-8db0-407c-ad69-3d0144473422,2026-06-02T22:07:26,2026-06-03T00:29:26,converted
a8026594-7b83-4379-8a88-77c600adb40d,40c889c0-2020-4661-bb9a-564950b1a262,2f29c850-b368-4425-a481-8a4c6b31b5c5,2026-07-03T08:27:13,2026-07-03T08:41:13,converted
d5aa9f13-9f8d-44e7-b50a-f6cc64a8c9fc,,74d2abe0-8e5c-4ac0-af4a-51a5f2173536,2026-04-06T05:49:01,2026-04-06T08:20:01,abandoned
a6b7c6bb-082f-41d1-8e46-6c07c6a41b05,d82c6a2f-7e02-40de-81c3-c42ef14d8460,9ac22a66-6c18-4140-84fe-ab020f023c24,2026-08-08T20:51:33,2026-08-09T00:36:33,converted
870a1290-a0bb-48b5-9f52-b12c74bad4c2,,863e2dc8-ae87-4bf7-824b-97e84d7b277c,2026-03-14T23:58:24,2026-03-15T00:07:24,abandoned
83a17fa1-2fe8-47c7-9ade-89904a3ba1bf,b43d4e7f-d2c2-4f0e-a706-cfd02d61a398,4252bd5b-cc59-4e48-9860-75631f3a50f7,2026-03-08T08:22:20,2026-03-08T09:01:20,abandoned
9f1f0615-b39c-4fdc-87e2-4a4f57ac9544,,67bab532-c7c0-482d-91c9-1bd7d3702930,2026-04-11T08:21:26,2026-04-11T08:40:26,converted
29744ce4-1a97-4e80-a5ec-89d2ee83c9dc,,eca2600a-e04b-4d04-90f6-6d38bdf62935,2026-05-27T10:06:55,2026-05-27T13:44:55,converted
ffc0a3f4-485d-4092-8a42-ae4f5734fe7d,,ec03feb9-7944-432d-886f-a4493b27c18f,2026-03-13T04:18:13,2026-03-13T07:20:13,converted
b6ba4203-11e5-4bba-a31b-5df1f5362e2b,495a6541-1c93-4076-90e3-345d72d9c83c,e07b1698-0c7f-40a1-b437-0bb7251d1374,2026-02-18T06:34:27,2026-02-18T07:45:27,abandoned
1049b028-26a4-4a6c-9712-6b789f581b23,,e837342f-81b3-4fe0-a540-e8f1518d3b74,2026-07-30T13:20:10,2026-07-30T13:54:10,abandoned
a71438a3-dcc3-4b30-8362-cf999c133c21,,8f6e2374-e36c-4490-ab83-337840e18078,2026-04-21T06:22:31,2026-04-21T06:41:31,active
93f36203-e53d-42e4-8232-2ed8ab977ea8,a9976a20-42e5-4c26-a2d0-6ab72973887f,985d3b62-39dc-485d-821c-51604cfa4df1,2026-03-23T16:42:54,2026-03-23T18:39:54,abandoned
e6842ca8-8213-46a3-a7db-fc3e7e6a26e6,e9f40ffc-bea9-4cc6-abca-7fe897f37903,ed25e26a-0a7b-4b98-805a-473b47868601,2026-03-08T20:32:05,2026-03-09T00:08:05,converted
c6c4e4f5-8f4f-4fae-8d18-a27947633c1e,f24f29fa-33e9-41e2-8965-ac4e39be3919,7250f30d-7486-4153-91fb-28666484f8f1,2026-02-17T15:49:13,2026-02-17T16:26:13,converted
b04bb2e4-4be5-4506-908b-22f838facde6,485b6c22-4f0b-4e0f-bfba-0c9d38a0122d,0b6df32b-31d7-4aec-80c7-bfc77a2ef184,2026-03-06T05:28:41,2026-03-06T08:08:41,merged
cc792c6a-0066-4431-bcb8-f3c86d95dd0d,,d8bb830f-435b-42c7-b34e-0162ae4eda9c,2026-02-17T14:22:59,2026-02-17T14:28:59,abandoned
7e444186-8777-4437-920b-af1c88460d1b,,c03441af-8a09-4c22-882c-8a95043a7c4f,2026-03-07T09:54:32,2026-03-07T12:36:32,active
ba21b653-e179-42fb-baab-e407b621eaaf,b81636bb-71f3-4ace-8eb7-628abe1eac07,0a879cb5-903c-42ec-96f8-29dc694572e4,2026-06-15T12:08:47,2026-06-15T13:52:47,active
de8c6e38-10f5-44c8-a2fa-eeee9f24a194,f3feb7f9-9069-4fd7-be91-3800d1307935,b009ba77-6729-4024-8e2f-4f18dc862eec,2026-03-12T13:58:22,2026-03-12T16:28:22,abandoned
8a78d2a4-dfba-4927-b79a-956a0cc6c6d2,,0a560dca-c675-422c-ac1e-132a49a90b6e,2026-06-11T18:54:23,2026-06-11T22:53:23,abandoned
33dc01cd-9d76-4290-9c04-4c2de9214d9b,,26bbeb1f-24fa-4b3f-a20a-26fc22b68db5,2026-05-11T10:01:51,2026-05-11T11:02:51,abandoned
4feecc1a-c819-4bd4-aa44-19f42a27cd85,7fcd9f31-c0cb-4414-9981-9d014f593081,b5b9041c-955b-45bf-89c3-11912c907978,2026-07-06T19:07:46,2026-07-06T22:08:46,converted
2fc59f70-d7bb-42e7-99ce-2bb8fe507a79,f7989645-3a12-42f6-a926-2a7388aeb297,51d83721-f27a-4f82-bc3a-d9be2f1dd0d2,2026-03-08T04:01:49,2026-03-08T05:13:49,abandoned
cbca85fc-846b-427d-bfb1-667c4ca5cbd4,19a91b0b-51dc-434f-978a-177588409f99,6e4f26e5-4f78-406c-8aa8-b0ac433d4752,2026-06-28T02:11:09,2026-06-28T03:23:09,converted
2fcf8890-d5d7-41f4-a3e2-fb5f2193a7cc,47e4f30d-f965-45df-8474-93d5aeaf7cb2,36871ab0-1f26-4563-a406-22176736122e,2026-06-07T09:38:11,2026-06-07T09:44:11,converted
aa140192-4ad5-40f9-872e-72bdeaf77dc4,,41ce6b4e-dd76-4797-b9c6-9c9af4c8e18b,2026-06-17T14:34:11,2026-06-17T16:05:11,abandoned
bd44bdd2-c901-4a55-b21f-b15b54d9ca82,,7ddb3f56-d6e2-4b52-a824-57c87f201872,2026-04-22T16:12:10,2026-04-22T20:04:10,abandoned
2ea9040a-3f23-4f41-98c7-f6aea8155049,,9180ee6c-1a57-4d62-a976-fc579ac2b7dc,2026-04-12T13:26:53,2026-04-12T16:03:53,converted
d3e617e4-fbc1-4267-8c6e-2f6e2e1d5f2a,d9464bcd-0a19-4058-8fc1-bea843e6c339,acc99a7e-854d-4353-a460-c4f3e96088a7,2026-07-14T11:46:36,2026-07-14T15:00:36,converted
af2cabe1-0682-49f9-ab83-c970979ee080,,e81e8784-dc57-4f41-902f-8d6ca4960afd,2026-06-20T02:35:15,2026-06-20T03:01:15,abandoned
99400c77-b667-4bd3-ad58-ad85f9b4f59d,270b35bf-74ca-4601-91d8-16fe5196ca5a,f9e60b17-2857-4740-b1f1-432d42b29628,2026-04-16T15:54:20,2026-04-16T17:45:20,converted
b36272a8-4327-4442-8165-3ec0ca448142,8cf43099-d49e-4e95-8b08-3d61df8b947f,e5f63008-f1d4-4350-b83b-677307332626,2026-05-30T01:54:45,2026-05-30T05:27:45,merged
33b9ba4c-2b91-4b29-b5cd-7b47cc7c4384,,3032014e-15b1-4240-8606-5c70008fb820,2026-06-25T11:30:42,2026-06-25T13:56:42,abandoned
53bc229d-922b-40c7-92f5-8717f5da8d3a,,3261700c-7318-4594-8a78-8a0335fbc5d8,2026-04-25T17:16:55,2026-04-25T17:40:55,abandoned
52fce3af-2646-4980-8a1c-343005b33474,4b761c33-8a8a-4dbe-a0d0-fa3261b391ee,fddf6e6c-cf57-49e1-89a1-47559912ea5a,2026-04-04T09:06:43,2026-04-04T10:12:43,converted
e2bf5b2e-64d3-4ccc-b054-be6bea7a7afa,,e9e96f11-4445-4d74-b7d4-41292a1cf135,2026-07-04T15:12:17,2026-07-04T18:51:17,converted
9dab5255-08d2-49ba-a20c-f9115ad09b03,6d91807a-84e4-47c1-8e47-925d52e0dd48,e43a4537-479e-4e58-9ddc-8132959bd3a6,2026-05-29T01:20:10,2026-05-29T04:11:10,abandoned
3cc040f6-d1ef-4bc9-8b40-da4911001114,f9c2b37f-2e88-4008-a277-99f35c4760bf,fe6c5ad5-7a07-4c8e-a5b9-f658a518d37e,2026-05-15T00:58:25,2026-05-15T02:32:25,abandoned
2a0fe427-3b90-4339-ba78-e02c72b66e6f,,db85fce7-1f84-4637-890f-899553457046,2026-05-29T14:51:38,2026-05-29T16:24:38,converted
573615aa-b7c4-4b9e-894f-216634c322ae,05e61dfb-4365-41c3-8f86-f9b259998765,83bf4c9c-097b-438a-abca-8f71cd103543,2026-04-29T16:56:09,2026-04-29T18:03:09,converted
c447a529-9ac8-4886-8e4c-91ccd136fbc4,fa6de1f2-ff8e-43ea-8da3-98d975b096da,3fc9ece3-b318-4a42-aefc-ba576048788e,2026-08-10T15:33:36,2026-08-10T16:47:36,abandoned
536007ca-2c92-40fd-b932-1ee57d13af9e,fa6de1f2-ff8e-43ea-8da3-98d975b096da,4f0f0806-269a-4f1a-9a5b-0eea77e6fe2f,2026-02-18T09:41:54,2026-02-18T10:20:54,abandoned
5c021358-3839-4204-bf38-59ba1be2730e,a98f640e-492a-445a-8a0d-7d444e98f1a9,6a241b87-2190-4f46-b6b2-63f307d8baed,2026-04-11T02:17:17,2026-04-11T03:18:17,active
e34b2c81-6428-4f80-8d8a-4d6abc9d54a2,,26e4be00-79f6-4efc-8eac-71ce1e1cb75d,2026-04-19T16:53:38,2026-04-19T19:25:38,merged
47157a4c-d35e-46e5-ab1c-9349e8984a65,b08f3b44-9c9f-407f-a89d-961068f5f58c,2be757ce-4a64-4f51-a351-26f99e67dbf2,2026-07-22T22:09:40,2026-07-22T23:07:40,abandoned
7a92c899-abb6-49ef-9b2c-a580761b1247,8e312b31-712d-4fc0-84dd-27ff2b1dd09b,69d09d01-54b1-4e6d-8c59-f6273eca1558,2026-07-05T10:00:26,2026-07-05T11:17:26,abandoned
dc197236-f2e2-4e97-8136-d50f714f2b6b,6a49a618-20de-4b7a-af94-1b4afeb9a85e,27a31a6a-c681-4cff-91ad-3e5de31a30ea,2026-05-11T07:01:47,2026-05-11T07:43:47,abandoned
6d3b7e37-3ba8-455a-9feb-df455d70fe05,f14bcc19-681e-43a6-94e0-9748a8455850,cc2c6b64-ecb4-4581-8f4a-7dfa0dbdc5af,2026-03-02T13:07:57,2026-03-02T16:07:57,abandoned
d9519736-be40-4337-ac4a-04e0186b75b4,62b38185-a937-473c-b04e-833be36219e6,59848af6-f7dc-475b-9c20-6feeea0bfb4f,2026-05-14T01:21:45,2026-05-14T02:21:45,active
e496f52c-1e0c-40cd-8999-7ff4b7c21518,8cef9627-37e9-4bad-a5d7-69f87f291c90,b8f04a0b-e90d-46fb-aa23-0ec9642939e2,2026-07-28T22:47:38,2026-07-29T00:03:38,abandoned
6ac346df-0b77-4480-9852-d73fd8486ce2,5b817ccb-b122-4044-b74f-bde3d1df714d,59c9de21-67d2-4a4a-82ba-50e12097560f,2026-08-06T16:44:00,2026-08-06T20:23:00,active
cc7f6693-49e3-43f1-b300-af5323c2e4ad,,66006bde-6cca-4f3f-a152-f2e66833ed8b,2026-03-16T02:44:23,2026-03-16T05:21:23,converted
1cd75b39-949e-43a4-a29a-69a26f1e470a,,ea169a80-d4c6-4bf1-a782-016e596f2432,2026-02-20T17:20:58,2026-02-20T21:18:58,active
463a876c-d002-402d-8ddd-16eeccd6adfe,e7e3f8e8-5e9a-4cea-90ea-8ba71ec98685,287688e6-ad47-4e48-9bd1-c0cb8aeb618a,2026-06-25T06:06:51,2026-06-25T07:43:51,abandoned
44955510-f105-4921-b9b4-10164271492e,333d41f0-5f4d-48cb-b3bd-042814f9b7f8,bc5cff8a-f99a-4dcd-b5b2-716de1ab693e,2026-04-23T12:55:01,2026-04-23T15:11:01,abandoned
5a18ec57-c0a4-446e-86e3-3dc85f87157f,faae2750-9c1c-4c70-96ed-e845374e4e5e,0d59f8e5-0887-4994-aaa7-ba430cb21ff7,2026-05-09T21:48:40,2026-05-09T22:59:40,converted
e1983ce1-cf42-4ab5-873f-25ed72a8eac3,132425e2-d22d-43aa-a372-e3d9bfd77f8c,0d7a3e6a-4e94-434c-a493-7133476e5ff8,2026-03-23T17:06:11,2026-03-23T20:05:11,converted
ad52de94-b0dd-49c6-84a3-18c4deb684b4,e4adb740-2faa-44fc-bc18-4aa698032414,bc6c88c7-a727-40f0-8742-6dec072cd373,2026-05-25T06:04:52,2026-05-25T07:28:52,abandoned
8d69c056-ed9a-4c4d-b8b6-ea100ee0147b,f8b1caa2-10e7-4302-963a-252a15b4a714,3a1acdb2-3abc-4b2f-a42e-38b114781f47,2026-04-30T22:00:12,2026-04-30T22:10:12,abandoned
fbc69e42-4b59-4e3e-ad7a-98b67a97ee71,,78db5ab1-a2a7-49a2-b781-475e59f11a7d,2026-05-15T10:23:52,2026-05-15T12:40:52,active
fc45c4e2-c7cc-4990-ad72-5d9bd1dc746e,,3bee8662-2a36-4f28-93a8-6aa4141e94ba,2026-07-06T14:40:02,2026-07-06T15:30:02,active
9c12d94d-b19a-4a90-9079-94b68427206f,,b91afdb3-cf04-4868-b7d9-3b75918f199f,2026-06-12T07:30:11,2026-06-12T09:44:11,abandoned
d02846b0-f34a-4ca8-929d-74faeec85ec1,,7e9ae11e-e2d2-4647-81ad-8c62b28145bb,2026-05-29T17:24:12,2026-05-29T20:03:12,abandoned
e2fd4e45-e913-46b6-9617-e77c1fc2f90c,,9be35e86-e0f6-4d5d-a4e3-e2cfc745e50b,2026-07-22T11:28:25,2026-07-22T15:26:25,abandoned
73b03e24-5c32-4e18-93c8-cd070365065a,9455079c-4344-4995-939d-8184d7eb02e7,35645fea-7ea7-48b2-9884-847dcdaa2233,2026-03-20T03:17:03,2026-03-20T07:14:03,converted
db51b1b5-241a-4bd3-b90d-442d17aaf9f4,cd709ef0-753a-4968-b981-ab264708b37a,986e10c7-e573-44c8-b5b5-d09fb90b15ea,2026-04-06T04:58:05,2026-04-06T06:58:05,converted
40061987-4c35-47cb-96cb-7c5867daa365,6aff094b-52ed-46fe-8904-5752ec7e76ec,5d1d2786-8ff0-4556-a92b-b98f56a3b59f,2026-05-30T22:37:22,2026-05-31T02:14:22,abandoned
41eaee8c-54f2-4fbe-9154-fcd5df3469b1,,b12bd860-2839-403d-91db-dd109aaf9200,2026-04-29T09:31:10,2026-04-29T12:28:10,abandoned
63cf92a7-1fcb-41f9-8501-2086a2238028,,15e8495d-206d-46af-8bab-c4ca4e130e4a,2026-04-07T07:28:38,2026-04-07T08:22:38,active
0a434828-8d1b-4bda-a5eb-ec711feeda74,0313557a-f7d4-4834-be26-3977f30a5235,8180c650-a7fa-4c95-bb39-17fd7273e919,2026-02-25T14:03:32,2026-02-25T16:31:32,converted
633296a0-fc4f-4bd0-a225-ce8364290c02,425be648-8195-4636-880e-d86e4cd8e38f,c2ea74e1-c382-4696-bd0b-7a587a5fd94d,2026-04-06T19:43:22,2026-04-06T22:18:22,active
ec1af937-786c-4d73-ae8a-0c5b9a0510c4,adc6b3eb-08c6-47a0-a6ce-19384284547a,7f5eb115-3887-4e93-a5a8-b95ac3027be4,2026-03-25T10:57:05,2026-03-25T14:18:05,abandoned
18bbf258-b545-46d0-bc37-a973b9a5ef71,9eac28b8-2264-4e48-9c2c-b3f7384bc20a,5b36493f-d09c-4da7-93cc-3facb64ef572,2026-04-24T22:45:08,2026-04-25T02:41:08,abandoned
4429adeb-c058-418c-b9f8-23e93caeebb8,22dc524c-5b2b-4982-a2a7-2a5f5a5b9ca5,634b2dfb-7a15-4fe7-b566-4c64817f3eab,2026-06-15T11:07:28,2026-06-15T14:15:28,active
1a67ecc7-afe8-45f9-8b97-b5998bdae263,5d5ea9b6-fefd-4e25-850a-9c2d365e7e27,f717e791-a4a1-4cc5-917e-4ebdae4f56dc,2026-04-17T07:24:31,2026-04-17T08:21:31,active
b7045932-1c48-4e72-8a32-1e89e6153409,,74da1511-b51e-4a4f-9348-a89795448d58,2026-06-02T01:14:01,2026-06-02T04:51:01,active
a895e528-7c84-4040-be4e-f30565a874a6,4cd79f83-9fc7-43e4-a4c1-89402b7124e1,71ce1e57-c1f9-42c6-ba22-4c226171eeb7,2026-03-01T04:47:47,2026-03-01T07:06:47,abandoned
88e4fbde-0c59-40c0-95b0-c84b18c6df1f,529867fe-75f6-4cd9-b913-543b3d6e583c,5b6bfa0c-4147-4e02-98f2-9672013fe88b,2026-07-17T00:10:33,2026-07-17T04:03:33,converted
18f38240-2bcc-4c86-bdd8-75bf6702995e,967d3e2d-8b15-4f43-a6b5-d1dd3934707d,206a15f6-4f87-44be-9e0a-7d97eb8e727c,2026-02-24T11:31:11,2026-02-24T12:37:11,abandoned
69780639-7d9f-4a71-92c6-bff9f0259692,46d24c86-1a31-430e-b1c4-1f4d8632c5ee,34cb4ad2-9c8f-49f4-a7e2-4f38143ee132,2026-03-30T15:45:18,2026-03-30T18:15:18,abandoned
4ab1cb6f-04f9-4af0-b1a9-26fbfb8851dc,34ec60c6-4248-4ad1-8dd9-759b309578a4,e642ef8a-9abc-435e-94b1-375c7e8e7578,2026-04-21T00:26:32,2026-04-21T01:03:32,active
a09f64d1-e051-4229-8b68-de5e5b169a72,e52a8700-3ab9-4c47-8a16-e799e997a931,053bce7a-58f0-4aee-8815-78026e8399c2,2026-03-13T07:54:45,2026-03-13T08:30:45,abandoned
96ffbdf9-1f15-47db-b665-22d310fd8547,,7fa8065a-6b57-4d3f-8190-76417acfccb0,2026-04-04T21:06:31,2026-04-05T00:43:31,converted
863313b1-92d7-4b33-a953-fb97d1627214,d7290d30-60da-438f-a6f7-99a66828a1ba,9e6dc09f-985e-452e-9086-1bdd108f8635,2026-05-23T19:15:33,2026-05-23T23:03:33,converted
62be7fdf-9f2f-49c5-b111-a68ac5c595a8,50e6ae18-ad0a-4f68-bb3d-e1a8b80eb58f,d46a9b02-bd55-4a0f-8d58-cd84ad6fe001,2026-04-05T16:44:17,2026-04-05T16:59:17,converted
c10b99ff-42a4-4e90-a462-4571dd501eba,,03cd7159-0da6-4f19-a7a1-0ced8ef2abe3,2026-03-12T22:02:36,2026-03-13T00:09:36,converted
6e580b5b-154d-4343-940a-9cd81f9a99c0,352810e9-e0fe-4062-a808-83f47ad5f4d4,883fecdd-1d2b-4f1c-8ddb-547ffef820cd,2026-07-12T15:33:30,2026-07-12T15:48:30,merged
69994801-2368-4528-86ad-9e08ff39fe4d,,a7a2cbbd-4c91-4c69-abfe-c99b0dda1fee,2026-05-14T23:26:16,2026-05-15T00:38:16,active
b2290784-a7f1-42dc-86e5-e24e90a1fe1e,4ba2a669-8d0b-4aef-96c0-aae24b7711ff,3ef6aa4a-8808-441b-b5d1-c6e10b61fd84,2026-03-12T12:03:59,2026-03-12T13:38:59,abandoned
b6bbe3bb-771b-4551-98d7-1664d4ec6aba,e4d6980c-4b68-4255-97a5-2540f5ef35bc,5981107a-6e08-47e0-923d-fd4343c639d3,2026-07-13T05:29:32,2026-07-13T09:21:32,abandoned
34a736b9-44d6-48e2-a03b-2f86749946f7,ce5ac3ba-cbec-4482-816e-1ee6def437e2,0579814f-2647-402c-9747-29205a1d4c73,2026-08-04T07:12:40,2026-08-04T07:21:40,active
0691a40c-bd7b-4eae-a2da-2b58d770fe92,92bac428-565b-4fba-a911-e9f3dc3c5ad8,3bf1139d-9ddf-4068-9e77-b3dd6e176071,2026-03-26T08:29:15,2026-03-26T08:39:15,abandoned
17710191-d3ae-4b81-80ca-83ed125031a3,,27b4a95c-dcf0-484d-bb28-1d022ccd6bfe,2026-03-13T16:07:01,2026-03-13T20:07:01,converted
a86ddd21-0ddb-4543-be94-56e48ca3379b,,3d97d08e-ba13-4ec5-96da-a645f0079e8a,2026-06-05T15:48:33,2026-06-05T19:22:33,converted
e68735ba-db23-4b92-b1c9-1c82d682a466,5f2b73d5-f495-401c-82ee-47cf4886bfa2,7bb25c5e-3e07-477e-9074-5cc8692dde1d,2026-08-12T18:29:59,2026-08-12T20:11:59,merged
1e1f3470-eb42-46d9-b596-ad5810a5133d,,998c09a8-3b5f-44cb-81f9-7cc14332ca5a,2026-04-07T13:38:19,2026-04-07T13:57:19,abandoned
cc4fbc33-c45c-4a1a-b74e-18fa826d79e7,2dcc7662-f1ce-442c-b998-bbe351d5e186,a9c9db4a-e4c4-4f0f-987b-aaeee456a15c,2026-03-28T09:54:54,2026-03-28T12:21:54,converted
9f622075-0676-4121-b4d2-757431fcc576,1922f6f3-ba06-4233-8d88-c1a9303a6a2a,aaa15ffc-3518-46aa-ac1f-a69cf12d8415,2026-03-01T05:23:41,2026-03-01T05:53:41,active
ddaaafda-999b-48d5-80a3-6bea15b4dcd5,e6173937-b216-46db-b863-ec7526285150,6290d5a5-09c2-4f58-9847-54d2c396f5f9,2026-03-12T15:26:38,2026-03-12T17:20:38,abandoned
98e458aa-75e0-4d0f-8307-db4efd8b4783,,63efd204-24d8-47f7-9260-08ad850ccd7a,2026-05-14T07:05:36,2026-05-14T08:08:36,abandoned
76c570c0-710a-4754-a302-5be6c7c58924,6a0e8a99-d39a-4600-9876-1344b693450f,aa197c3b-afdf-45b8-8325-53b83da0af68,2026-04-07T16:05:35,2026-04-07T16:10:35,converted
4dbc3110-f3cc-42b2-a92b-6279b78cbae5,a46b9550-42ae-47e4-9a08-0f32481d5191,e1f3dafb-02c6-43c3-8db2-1180fc553c40,2026-03-02T21:44:32,2026-03-02T22:45:32,converted
cc259c0d-aa0c-43e7-891a-64c4ff71f3bc,6b991ab8-8048-4161-b67d-7f862b2cc13e,4cee8030-ab51-4c00-aaf2-54c7905ed847,2026-04-11T15:29:06,2026-04-11T17:11:06,abandoned
b2dc01cf-250a-478f-9907-b9e2c0745030,,85585a2d-485b-4c7c-b8ba-e228e19e3db9,2026-02-25T21:00:59,2026-02-26T00:56:59,converted
604ff792-9740-4978-bdcf-f70170a8d017,,99a460c6-6bc5-45a4-acc0-0454e1b03590,2026-04-07T00:16:39,2026-04-07T02:19:39,abandoned
83e95c11-95b8-4874-994f-b7e4e25fa931,20ae953d-06b1-4034-a24c-a173911af24e,7faf6516-fe99-4bf5-9708-ed2d5771bbd3,2026-05-28T04:11:22,2026-05-28T06:32:22,merged
1cbde731-5773-4b32-876f-e933d2f02215,102e02b0-7f44-4058-881f-7896edc964b2,cf605a0c-6ba9-4aa0-a1af-56c59828809f,2026-03-19T19:00:05,2026-03-19T21:04:05,converted
3773be37-90d9-4f6c-8ccb-35188a0d2da9,b4cc95b0-6dbf-4264-a3ef-43fbbadf652a,15d9fbe6-650c-4540-9f2c-767eec4c601e,2026-05-07T16:27:19,2026-05-07T18:06:19,active
30801a13-4465-44f8-8d72-56bd97d22bcb,0688ed48-bbd7-41d6-b5ef-c2cd771f72c2,3f1bc934-e5cc-4f76-83d6-d04a88355d30,2026-06-06T21:16:17,2026-06-06T21:47:17,active
4d45fcca-228e-443b-982f-b3c2fd35f62a,e6e0c2ef-00b6-4d38-a129-32d4aa4e795d,aadc771c-444a-4502-ad23-a320341120ad,2026-05-09T17:41:59,2026-05-09T20:28:59,abandoned
a5676110-10cf-441f-8540-c2816c7986e5,59292cdf-6314-4444-aee9-45a78c76dcbe,89c2e531-e096-410e-a44f-0b1d642f36ec,2026-07-21T15:17:04,2026-07-21T18:31:04,abandoned
9c182e48-b382-4d49-987e-2db2ac07170e,7eaca096-c253-48ee-936a-8ea930759d59,8358b18e-53e7-4109-a295-8fdf5fe31133,2026-03-11T09:10:05,2026-03-11T12:01:05,converted
7a668ba3-7b33-4469-bf0b-52b11a790ddd,8c39c27b-eb7a-452f-9581-a78bdf3ed9eb,c1515cc7-1c22-4b4d-805e-8ded67158256,2026-06-06T00:24:29,2026-06-06T03:03:29,abandoned
6215f25f-f4e2-475d-a9ad-8fb49d170285,,02710a62-04f5-4ee7-92c7-b540462b1154,2026-03-30T10:18:20,2026-03-30T13:18:20,abandoned
12127163-2246-4c9e-b79b-20e7537fc10a,,d30ffb38-5727-453f-bada-95b3ce08654c,2026-06-30T08:57:59,2026-06-30T12:18:59,converted
846ebd1e-8664-496a-97b0-d3ea5f395c08,fa6de1f2-ff8e-43ea-8da3-98d975b096da,657fc1b7-ebf7-450c-a892-e62949952cc4,2026-07-14T14:07:57,2026-07-14T15:25:57,merged
c5e0dc8a-b540-49ad-8ba7-826037472072,adaf0597-4b7f-4b6a-8881-40f3787bc862,11552467-5dd5-41d6-9b21-360c1ff3f538,2026-05-01T00:52:20,2026-05-01T02:17:20,active
015c2221-b840-4bde-91f3-5420498e101f,ead66f31-3437-42c5-9145-8281898ce326,96b0e55f-a79c-46a3-9c5e-913a62ed319e,2026-06-20T06:09:44,2026-06-20T06:58:44,abandoned
994158a6-b38c-4ba0-bd96-6d61268c3515,,fa4cba92-0657-4e69-aefb-9296d6860f0a,2026-05-27T02:39:43,2026-05-27T03:49:43,abandoned
bbc0f582-c5aa-46a7-b866-861e5f7d6f10,e0df02ff-f788-4191-9881-df0d6c775206,294d83b5-5e87-4a67-8ff6-197938775fbe,2026-05-22T01:59:10,2026-05-22T03:56:10,converted
734fc7c8-151a-44f6-8724-701435a97dcb,,c3fd2e6c-e9a8-40df-8659-9860d16dd8cb,2026-05-10T10:03:49,2026-05-10T11:10:49,converted
bdf9d6ea-d0c4-4513-ad15-1df8fc67e7f8,5da6ee93-0365-4464-849c-cba666614c05,bb0842d6-ffb4-47ad-a096-ea37f8fc53db,2026-03-24T14:10:47,2026-03-24T14:27:47,active
be47c4bc-2722-4ff1-8fd6-7cf12c33e69d,,94475e2d-acbc-4d83-9ab0-1a2a1f9eb363,2026-07-27T12:01:59,2026-07-27T13:16:59,abandoned
16ddc30f-c044-4581-8b5b-a8426162517f,355d89d9-bf5a-41df-9382-a5e57cbbbec4,05a003a2-8d8b-40ec-a770-f725bca86e5c,2026-04-03T23:21:36,2026-04-04T00:27:36,abandoned
7cd52dd4-a79b-40e2-83bd-48122f58ef2d,3b0faafa-80d0-490d-bdd0-fe1f13d22058,e73ce1bf-ae68-49fe-8230-a23e59ae3b84,2026-08-13T05:10:39,2026-08-13T06:02:39,abandoned
32fb9a3a-c6bf-4f51-a3e0-d49fd46832d2,,c6101823-4b7e-4ddf-8759-0f1a764239ac,2026-06-21T16:46:56,2026-06-21T18:33:56,converted
685e1e6f-9b86-40bc-8f12-ad4e16c167f8,eccb6e23-700f-4b9e-803e-9c681f12dd9e,211dd84e-7a48-4c1d-a114-db30fcf964bb,2026-05-17T21:02:15,2026-05-17T23:03:15,abandoned
50b49fd5-0ce8-42c8-8314-182d575c4ab4,355d89d9-bf5a-41df-9382-a5e57cbbbec4,8c64cf6d-faab-47e4-8796-78f1679300c9,2026-07-14T12:06:04,2026-07-14T14:06:04,converted
a3a7249b-114b-49f0-bb56-e692fee516ea,,4dccbe2d-f2f3-4ca6-990f-f487b6e9b1c0,2026-07-08T17:04:59,2026-07-08T20:40:59,abandoned
8a150fa2-f123-40af-bc98-8580d012a458,3d0d96e7-a6da-4e11-a509-76b813d466f5,954ac8a0-8b7b-4507-a9d5-6141131fc038,2026-02-17T08:26:35,2026-02-17T09:50:35,abandoned
18be32bc-82a4-4cae-a486-68ada15c0c80,485b6c22-4f0b-4e0f-bfba-0c9d38a0122d,6a3112c7-4e98-4710-b087-9896074c1d06,2026-07-19T00:40:26,2026-07-19T03:56:26,converted
fb7b8c47-ef7a-4297-a3a4-3f1dac5e258b,3d6f18db-a49c-4563-9445-68d4e02bd664,507d990f-6f22-4eae-ab25-4b5fcec05110,2026-04-05T01:49:32,2026-04-05T05:38:32,converted
d26e8f9b-f685-4799-88e3-487e21efe532,a9976a20-42e5-4c26-a2d0-6ab72973887f,0cbfd139-87ce-4a3c-ac02-49110f27a792,2026-06-03T06:35:52,2026-06-03T07:18:52,active
faecf8a3-bc82-446f-932d-094eded88b0d,cfefbf12-9a5a-4d61-a708-d92f785af097,cd616e8e-c5b6-4ea1-980c-8002584c0c2d,2026-07-19T10:48:01,2026-07-19T14:20:01,converted
eabe34da-4a37-4956-93f2-bf1fbab91fb3,86fb0f27-e52e-40a4-8499-5f1610574213,218de22e-1448-46d3-8309-c25417ffca17,2026-05-11T22:41:54,2026-05-12T01:55:54,converted
6597f4a5-c107-4718-8f4a-ab7f71e40689,2661b9e7-3b2c-40ea-b349-251363d10a4e,216bcbe6-50f9-45da-bd7f-43f8f4d13c53,2026-06-01T03:06:34,2026-06-01T04:19:34,abandoned
2151ee2a-db14-497c-b125-9671a2cd8e33,866ec748-2021-45f8-9170-6c393fca1e65,fe029af8-10ef-4bab-956f-fe3a7d196b4f,2026-06-11T03:22:16,2026-06-11T06:09:16,abandoned
854c63fe-1d22-45a6-a1fa-1ed95b5f55a8,,8ba09aab-2cfb-4c9f-a450-371963314030,2026-03-22T04:17:59,2026-03-22T05:43:59,converted
82007ad5-ad3b-4dbb-8d9a-6a65cd22dc8e,,12a64931-bb67-406a-b412-9c1574431964,2026-05-09T13:02:20,2026-05-09T16:16:20,abandoned
2aac299b-3675-4966-acc0-532114e308f2,cee4269a-3771-43d9-adc4-762ba3bc1782,58c31320-e736-455b-97d3-68147d0aba88,2026-07-12T22:33:22,2026-07-13T00:36:22,converted
6a1f3ec8-5e13-4fc1-afc5-e9c1f81e0e36,,494364f7-1014-4435-95d8-6684cc32b253,2026-07-05T03:18:44,2026-07-05T07:15:44,converted
fa966a15-ea0d-43eb-b27e-2294c9c11581,b6b6f9ac-f08b-4ef6-8e52-a2c0bb49b17d,3dd00346-b3f1-40f2-a270-aa6206f595a1,2026-03-23T13:10:04,2026-03-23T13:42:04,converted
4b337089-b572-475f-a91b-1886986a4411,672a02fc-236c-4c57-9ef9-218b783ce0e3,9afbda64-8cd4-48f8-be6f-bcaa6b1ba25d,2026-02-18T04:32:44,2026-02-18T07:03:44,converted
8424e29e-4197-4f2c-af5a-8e02c4c1b5dd,,5a368062-76e5-4917-8ec9-372fa8fb3da5,2026-03-16T16:01:39,2026-03-16T17:01:39,abandoned
a029a587-7a24-403c-a229-6cf1a820c0ba,,edc5775f-32ce-4f0d-b672-0d4fe74a8eb4,2026-07-09T17:58:19,2026-07-09T21:06:19,active
c23398e6-8cbf-4349-96ce-a71a6860277a,2b4b540f-9423-4186-8164-4566e5e908f2,35749bd7-7ea1-44dc-a986-d74bdd32d119,2026-03-29T22:29:44,2026-03-29T22:32:44,abandoned
68204cfb-6637-45af-a006-203fd75dcd6b,d47a83f3-a765-4a20-b40c-e0993cf00e4f,41525623-ab48-4dee-bbb2-4487c9de8f4b,2026-06-22T23:27:48,2026-06-23T01:27:48,active
6896724e-6c81-46cb-ae79-81e49c84b0bd,,b5076b0b-af2b-4ad0-b041-f575fc5f354b,2026-04-27T21:54:04,2026-04-28T01:54:04,active
16e010bd-f944-44a4-b9c8-08000a047f5d,cb969dd8-a609-4b10-b213-d1011a90ef2b,41044d56-ec2b-4d57-abdf-2fa2e690216c,2026-07-22T16:47:35,2026-07-22T18:29:35,abandoned
a11b8085-fe39-491e-bbe1-92e8550dd1a0,adf0d9db-c6a0-4226-a93f-30482ccd9d28,dbd29775-fc96-4f53-a2c7-f3abf724e469,2026-02-18T09:57:19,2026-02-18T13:28:19,abandoned
428348ec-8c48-4371-bdbb-28a0c27ee6f7,97bbee89-2209-4d9a-9f20-d3327baf7efe,551d510b-a2d4-4163-9b6b-75c84567052a,2026-06-12T16:32:02,2026-06-12T20:08:02,converted
0abd0cd8-39e2-4198-8180-946eb26efa57,1435b563-f156-4cd8-9f3d-6224260e26a4,1153056d-b66d-4970-892c-48ef8300a5e8,2026-05-14T04:47:52,2026-05-14T08:05:52,abandoned
ba59c322-01f9-424f-bc43-aec465c19884,d78e6e3f-3ff1-49b6-9dcb-129816aa0ecb,44edfd6d-a509-4f62-afb3-d16a2d7626d8,2026-05-18T01:26:55,2026-05-18T04:00:55,abandoned
e2dbab66-5d20-46b6-a009-d52c9dedc216,341da637-6927-4a64-8183-13ec96005b5f,a9366b46-57ce-441d-ae9c-e24b0d752cd1,2026-08-03T02:36:21,2026-08-03T06:15:21,active
fbf06828-6d38-404d-99e6-ff942b45a5c4,,ac8b6e69-ae1f-4950-9673-76cf13249209,2026-07-14T10:32:53,2026-07-14T11:16:53,active
1cc1d734-749c-4569-adea-f02042e5182a,122af8ba-58aa-4655-b297-e90d616f0bf6,537b3231-efe1-4022-9c16-befe00cd9ce9,2026-03-07T22:38:06,2026-03-08T00:54:06,abandoned
17521ad4-7f15-409f-9707-c140a4e1fe5d,49a68f77-776a-4b4b-b668-48e489f414ae,e0fbd8a7-ebd7-491b-becf-ec83ce33e4bf,2026-05-28T07:24:25,2026-05-28T07:56:25,abandoned
e3a4a8e7-993e-459c-a4d1-a27bcfa3203b,359c05d0-e19d-463d-b3b4-43a0b4a3810f,28ab87e8-6c68-40cd-90fb-6acf5bd3ecb6,2026-03-22T14:51:02,2026-03-22T17:52:02,abandoned
1d6be760-0e09-498f-8d42-1b2ecf0ef63e,4041ba09-7a39-4b37-9e0e-f39a765d9c82,639aa8d2-ffb2-4b92-b513-c38b582cd6ac,2026-04-26T06:55:54,2026-04-26T09:35:54,converted
b6ae7324-48df-4bce-a1cf-1bf0416e25f7,76d2b7be-1fa1-441b-9de1-97c64d06c646,a8c2fe6a-5b00-4247-a0a3-1b7ac3ae21e8,2026-07-25T21:03:04,2026-07-25T23:58:04,abandoned
cff93a85-a5bf-4407-b41a-a609a07ecc18,,140c7ec1-3f21-4f00-826c-fb60f9ced636,2026-02-17T02:29:45,2026-02-17T03:23:45,abandoned
ca32b273-f2ce-4753-8f52-f28e91256846,,7d21dca9-7f01-4a8d-94e7-b164009d14a5,2026-03-27T20:21:35,2026-03-27T21:28:35,converted
8474a1a7-8b05-46f9-8378-7248c03c1fed,902c8ddc-8ba2-42a6-b380-4afc64f50ffc,aa60953b-96eb-4d1d-983e-0643308edeac,2026-03-15T23:08:09,2026-03-16T02:49:09,converted
1dd66195-20e7-44d4-a121-6a7d65ee3e9c,,24e3d6d7-6df6-4f92-97b7-036b222a3680,2026-08-03T06:19:29,2026-08-03T06:27:29,abandoned
a4017ce0-4ad8-4af8-aabf-e2e04cf723af,878f6e41-bcd7-4f18-aa89-90133272eafa,40784a5c-a62e-4e22-aa8c-180740e09b87,2026-03-20T21:26:39,2026-03-20T22:23:39,active
071b03d1-01a4-403a-a6a2-24f75b27dda3,,f7cad40b-731b-44eb-857e-342b94156381,2026-05-30T22:46:40,2026-05-31T01:20:40,active
ee60bae7-b254-48ae-a432-608a1f6102ef,,65d0a12d-19ed-439b-ba0a-96d2367eb352,2026-03-23T04:58:33,2026-03-23T06:19:33,abandoned
a1c19b7d-9278-4c6c-8b1b-3c2107744a3e,,67a27e06-4e58-4bf1-a475-2123e3f476f2,2026-07-15T20:07:11,2026-07-15T20:21:11,abandoned
3742a3ed-593f-4861-a1c4-9ff82c339296,a296a891-b126-44e1-a271-9228cc28b3bc,0d8980e2-64be-4333-acf8-538b0bf74171,2026-04-22T00:14:54,2026-04-22T02:02:54,converted
bf4f284d-78a4-4d85-b0dd-21b35e867f8f,,bad09fc3-c417-4f72-a8c3-82cc4d27ceca,2026-03-16T07:33:03,2026-03-16T10:34:03,abandoned
11c166c1-6243-49d4-837d-dfca60b21dc5,e77008c8-b7e1-4bb6-93d8-8383d6385531,0c5e5588-6909-4bac-8532-86348f564170,2026-07-27T20:10:25,2026-07-27T22:50:25,converted
2af7dfb8-dd85-4c52-a441-9bde75783fc8,6a9699dc-eba5-4045-9b96-91504f0cfe77,d190c5d9-c25a-4b41-b44d-d15338f199af,2026-05-20T10:46:25,2026-05-20T13:27:25,abandoned
fd147896-ef76-4ab6-8811-43ac4fc95309,,8543dc4f-df3e-431a-96f3-a327e555851e,2026-03-14T11:31:27,2026-03-14T14:02:27,converted
0c39a163-6900-4687-9e61-dabb34cde89c,46d34d7f-a3a4-4386-89ba-fa5ac15e5a69,a85d47f4-d474-4018-a65d-f2d7a26ee9a3,2026-07-02T09:52:02,2026-07-02T12:35:02,abandoned
dffee3db-8c7c-4150-bac5-4dbcf2f3adcc,80617fda-335d-411d-aed3-ca3917a8cff2,44acc021-4005-4359-9bea-23752eb8ed07,2026-06-23T06:03:48,2026-06-23T06:52:48,abandoned
cc4c9406-d2f0-47ee-9fa9-cce02cd91351,8beae791-1455-41dd-a451-67f75ee83ea7,379617ee-04bc-440a-9fa4-f139306bf555,2026-04-01T10:40:45,2026-04-01T10:54:45,active
dcbbc046-2857-4923-8af9-abab7798e3f8,8976b896-e0e8-4696-b268-5587e42efaa0,22e566c8-6b67-4d00-9e3a-cb534f71ad56,2026-05-05T05:07:02,2026-05-05T07:00:02,active
42b8bff5-7d68-45c5-a4be-729ae8f07021,257291a7-c562-45b7-9229-49a527229518,5b13c2d4-f88d-4590-9b48-8444c8474c41,2026-07-15T11:48:49,2026-07-15T12:04:49,active
6839600a-6819-46d8-8df2-a8b0eb5a5940,,717bb069-1710-4054-b6cc-f5cc35bc557b,2026-03-13T06:07:34,2026-03-13T09:02:34,converted
c752a0ae-f756-408c-b930-2426f91d8b18,4a81b4c3-9e04-4757-a7c6-3191447eadc3,b85f8392-7c52-4481-b842-f1a04403f899,2026-03-06T22:14:14,2026-03-07T01:37:14,abandoned
ef1d2581-7fde-4b0b-a32c-d5100972691c,4a81b4c3-9e04-4757-a7c6-3191447eadc3,fc44c99f-ade9-4eae-819f-c5992552cecb,2026-07-10T11:58:14,2026-07-10T12:31:14,abandoned
60b8261a-7ed0-48ae-9bb2-0e3b826876ea,,a345e8d6-a272-42fa-b485-10e187a3ccb9,2026-06-15T17:38:55,2026-06-15T21:27:55,abandoned
9374cbe8-1f05-4f74-bb9e-6d1126c5dd4e,495a6541-1c93-4076-90e3-345d72d9c83c,124e970d-87f1-4f37-b1e8-fbd86f8a85fd,2026-03-25T13:10:15,2026-03-25T15:42:15,converted
b5e1e98e-6cc0-464c-ac35-009115bb7d91,eb16c915-257c-4e0d-8f75-ef88a49065b6,9929d379-471d-493f-8797-28f96a4786bb,2026-06-02T08:47:49,2026-06-02T10:53:49,abandoned
e8419e06-60ef-4bce-9e30-07b982c9d6e5,,aa435c99-6f26-4402-b820-1326e03d478e,2026-03-30T06:21:00,2026-03-30T09:01:00,converted
f975cd7f-25c7-43fe-b2f6-c05f524d906a,,fe1d0227-11de-4aa3-b608-36cb532709c6,2026-06-19T21:26:47,2026-06-19T23:04:47,active
9d8ac961-3240-40ba-af81-133612c19fc1,1380e029-b899-4413-a8da-0741720a6a06,bc9990d0-c952-4e0b-a64f-7ceeacc74abc,2026-02-24T03:36:13,2026-02-24T06:17:13,active
0e76250a-7cf4-43f1-8f53-055dbf666f8f,,5beec13e-e11c-4272-a175-cd3795ab46f9,2026-07-17T07:01:18,2026-07-17T07:33:18,active
380cfa1c-52cf-4113-bedf-24b0a57aea9e,,51dfc262-4fc0-46b6-a1b1-ec0565d3cb99,2026-05-09T21:18:18,2026-05-09T22:46:18,abandoned
947700c2-84b9-44b7-8369-183f14e67bb2,,fcc4bc4e-2034-4119-9319-7914514beeb4,2026-06-10T23:46:08,2026-06-11T03:19:08,converted
49ab463c-4076-4975-8974-eed9f0d90caf,,9a088060-40bb-4027-b8b4-3eadf4fa2f65,2026-08-12T20:35:25,2026-08-12T21:34:25,abandoned
8f992942-0d22-474d-bf8d-90538b011afc,,95931230-c3cf-4854-9085-458115bc0627,2026-03-04T05:55:17,2026-03-04T08:33:17,abandoned
372ac196-4aeb-4a04-90b5-cd17a5a7ac45,e8014144-a99b-4ca2-8418-56404aee2f08,229c4dbe-cf71-4e14-9fd2-7b68f751ff0d,2026-03-05T20:11:25,2026-03-05T22:47:25,abandoned
7899504a-f490-4e92-9d2c-185e6fe34ac0,,41471fb4-6302-44f3-bff3-4cdae606d6d1,2026-03-03T02:15:11,2026-03-03T02:32:11,abandoned
1a0e6f4d-80a1-47f7-a535-62657cc70413,7bfeca78-8e06-4644-9d0b-1470c32aa9e7,cce3ff70-2c9b-495f-9044-9bd422045599,2026-03-23T21:20:12,2026-03-24T01:00:12,abandoned
6dcd0b1c-2624-4f10-a768-cb79e095095a,40353a67-5df0-44ca-9c10-b42fab44c6f3,eb30207f-7d6b-4731-bc63-ccfe728565f6,2026-04-05T08:49:41,2026-04-05T09:21:41,abandoned
670aade6-c742-47f1-b7ba-da703d5bfdd7,,b4a15e12-a766-4e53-9f5c-efd9d7891673,2026-02-20T19:32:01,2026-02-20T19:55:01,converted
bcacfbf5-5b2a-4f4a-987f-77cabb8377b7,,ddeba101-ccc0-4da7-8e5e-881db48e8466,2026-06-30T01:00:53,2026-06-30T02:38:53,abandoned
b4a90b88-4eaa-4370-9365-f6f0d13f6acc,b418aed1-0951-4085-9fe4-e750e7fe45f9,c44dfe27-3943-4cd8-8398-f4f5f9f8433c,2026-02-21T15:13:46,2026-02-21T16:52:46,abandoned
b5fbc049-da67-457f-a017-eeb81e80ab99,,41e41673-a875-4d91-ab4f-7dd0d61e638e,2026-07-26T13:56:26,2026-07-26T16:03:26,abandoned
80d5d686-7e38-4825-a457-e201a61d1cf8,,6b7543df-ad03-4a05-99c3-734fb43ef635,2026-02-25T12:56:43,2026-02-25T15:01:43,converted
be5e8541-da55-4b73-8393-77f646104b97,2e0d6ce4-794d-4494-bd1d-f44dbca8683f,b1acc2c8-5a96-477f-88f5-a69d0987372a,2026-04-04T17:51:18,2026-04-04T21:20:18,converted
624882b0-d570-4219-9f42-67f811eecee4,e0cbd2e1-eee7-409c-9cf1-707eb4f867ce,557dc3a1-97ea-4393-ae8e-76563aabd9c5,2026-06-15T18:58:29,2026-06-15T21:26:29,abandoned
5d4ed1f7-4b35-4b58-a1da-65fee6ac8ca6,,a433d84a-5bfe-4630-8c78-a5b67209c5fd,2026-04-01T15:33:29,2026-04-01T16:59:29,abandoned
c3e0da00-1205-4ee2-9121-f955ffc78348,1922f6f3-ba06-4233-8d88-c1a9303a6a2a,97718789-3352-4ea6-9aaf-ff651077ba6d,2026-04-05T04:50:51,2026-04-05T07:50:51,converted
2a1f4f9d-3b49-4d70-b6a4-1cd7c2e8540d,8ebb4b7d-ed19-43be-a647-6c3a9a6a166a,1d7b2f2e-e994-4a8d-8d9f-e2dcdf20d0ef,2026-06-16T10:32:13,2026-06-16T13:40:13,abandoned
85fb1342-6061-45cb-a8bf-4fa72a348c25,32927010-1d7d-4cd9-a500-593804ff0e77,b86d2950-dffa-4817-afe6-27e97329b448,2026-03-17T21:41:14,2026-03-17T23:20:14,abandoned
dfc215da-1e28-4d9f-9a1a-ae40b0ecd995,,2528e239-4a1b-4897-bc12-20e5ad81d6f3,2026-08-14T02:14:58,2026-08-14T04:57:58,converted
fb534c94-7f82-4322-8ed4-696494acd374,2347081e-7ae5-4085-a0d6-d1f551721f69,ceffe5d5-a156-40d7-8b60-4ad6a1cd6030,2026-02-23T11:48:49,2026-02-23T12:53:49,abandoned
e2d79b7d-f22a-406a-903e-b76b41b6246a,8dcd5fa7-1a1d-413e-9468-5f4b02f2f3fe,d4834fa2-b94a-45e9-a5a8-948fd36d2f6f,2026-07-02T14:28:05,2026-07-02T15:48:05,abandoned
8c75b657-9a6e-4029-a454-af9f6090cd1b,,2a25bfe1-60dc-46e2-b221-3e1337bdc217,2026-02-17T06:32:01,2026-02-17T07:03:01,abandoned
1d9a1e2d-d267-446b-819f-c16c013ef6de,c9276a13-5b0f-4ce9-8802-3e0ead192508,c6393d52-2333-4cbb-99c1-44418937a8b6,2026-08-12T01:31:28,2026-08-12T01:45:28,abandoned
477fba70-46b1-43db-88d4-f95fae04d149,,09429ce7-8a2d-4b7e-9efe-4331d5504d53,2026-05-12T08:44:12,2026-05-12T11:35:12,converted
b7c560c8-3251-48c7-979f-499d9f2d49ba,d6ca3f18-6708-4e27-9196-8a2238aba9b0,25e486d2-d7d3-401b-88e9-2894c31edad0,2026-08-03T07:11:40,2026-08-03T10:37:40,abandoned
cd7b4680-5125-41d5-b8d5-f75932dcff1f,,2a484975-bb7a-4755-b8d3-00cf582eba92,2026-03-21T17:29:26,2026-03-21T18:09:26,abandoned
a658e608-1910-41fa-8c00-e4ef00715ce6,723f776c-3ad0-4fa2-8177-a80f2cab59d9,29bbac0b-0b3e-4103-be27-62478e3cb2e7,2026-07-10T03:26:22,2026-07-10T05:08:22,converted
b8a69a16-fb11-4dde-9dd0-b0a7f38f1096,,12da0e58-01b4-4f5e-aada-fe96b870ef6f,2026-07-07T03:17:24,2026-07-07T06:38:24,abandoned
f2535716-9018-43ed-b439-38b00f2766cc,07837268-1f07-43d7-a271-fa0ab4370eee,1609bea8-f0f5-463d-9693-56ca3e6c9c2c,2026-04-28T06:00:49,2026-04-28T08:01:49,active
a6687a51-eff8-4973-9885-905bf2675d0e,f285aab8-56d5-40ad-92f1-61b0a4498890,feca6578-5901-4452-bc3a-3c084aefc3d6,2026-02-22T12:17:40,2026-02-22T14:04:40,abandoned
01de3a01-cb33-4a1b-9245-cbe7baf1e383,e5873f83-602d-4424-9c5e-184c56c9d4ba,00ce514b-5505-4d18-8f61-743c741b2ad3,2026-06-05T16:25:50,2026-06-05T17:03:50,abandoned
dfddfc90-be6d-45b9-8fe6-596d542a3b79,,6c124be9-b860-4929-a65e-b1d2c1e54044,2026-06-26T01:53:49,2026-06-26T04:48:49,abandoned
bdee1027-9d0b-439d-865f-333b7f37b731,,2f6b0799-5edb-4e7b-a135-2a7c852113fc,2026-06-23T12:09:30,2026-06-23T13:27:30,abandoned
c54dbf2f-1e39-49e0-b415-37c0d32e3985,,f9df7b3f-5b4b-4d49-87a5-d50045a56046,2026-03-26T10:47:18,2026-03-26T13:39:18,merged
f6b17ff2-1940-4343-b4fe-96c35ac444a7,b0581066-18c7-4fcf-8fa6-a671cb141ca5,2e729fcc-07cc-4aeb-a874-55c0edc9f0f8,2026-08-11T23:58:41,2026-08-12T02:26:41,active
7a5e16c1-f81a-4e74-a3e9-2643d252d891,1ed31084-8b68-49ca-91d6-7162d8521c02,1f1bbc6e-aebe-46d4-acb7-3fbcecf39a4d,2026-08-07T11:01:51,2026-08-07T11:03:51,abandoned
ad7fa328-d0ff-4b3d-aa99-8161a62c7add,,0774d7a4-e28f-46f6-a2ac-68f2b85366d1,2026-07-28T12:11:31,2026-07-28T14:48:31,abandoned
9a920c42-35a1-4086-a864-beef6756bd64,ab13dd68-d82a-4dbe-b352-0f4df96ff5e3,6177cc0f-dc9a-4582-9e57-47862bfa256d,2026-06-08T18:22:37,2026-06-08T20:04:37,abandoned
f3505c7b-538d-40fa-b7b8-7db20b1ad229,d47a83f3-a765-4a20-b40c-e0993cf00e4f,3fe0d511-0668-4f10-9b62-53409ea5fd83,2026-04-02T02:28:29,2026-04-02T03:50:29,converted
258ee5ea-cd6a-4551-804e-5db5aee7e202,,0add5ec7-595a-4c1a-9dc9-481b6855194b,2026-05-01T08:55:24,2026-05-01T10:15:24,active
4c0c11d6-8b53-4a49-882d-cc8d0806d8f3,,ac465a26-d243-4340-9c9b-9a92b790df55,2026-08-01T13:05:57,2026-08-01T13:58:57,converted
535e352f-c1c5-4e33-b487-b46833928eec,a5f46489-06cf-45af-9efd-dbd27067716c,d04ce5cf-73b1-4d13-99f9-7800ed672b7f,2026-04-26T08:48:50,2026-04-26T09:22:50,active
3fe47754-9b68-4f68-8bc7-6e9bef5e4300,627b564c-f368-4634-b7f8-d7e1c5ee980a,2ab3a9b3-1a75-49d7-9372-7a0246852b56,2026-04-13T05:38:41,2026-04-13T05:58:41,active
915c7f87-d505-472b-8118-d81b57389614,7745384f-ccaa-4363-a18b-5e9ff0a824c0,d081fb43-b8e1-427d-88e1-f4357ca44e55,2026-02-18T10:36:37,2026-02-18T14:12:37,abandoned
c62518ce-ee2b-4dbc-b301-ae5df3ec0871,6a9699dc-eba5-4045-9b96-91504f0cfe77,8a884132-0bd4-4ffd-ad1a-3eb3c7cdf109,2026-06-29T02:58:26,2026-06-29T06:17:26,abandoned
5274a088-59ed-48bf-9eb4-570a580de345,,4b6e4cb6-1e19-4d6d-b662-57de84ee60fb,2026-03-09T05:36:02,2026-03-09T07:30:02,converted
d191c543-3c0a-4948-97a9-51b5ec72c6c2,,82f7ca0b-6dc0-46e3-ae55-a67e7a0700f5,2026-03-06T03:28:28,2026-03-06T06:45:28,active
ae006cef-0c99-474d-b9c0-e243b27a24b2,bb9bad76-c7ec-4f36-842c-54c3bbb40467,ae1ac1c8-6ee4-46dd-b543-a7ff4fe53786,2026-02-28T19:11:16,2026-02-28T21:49:16,converted
ff6ceb18-e58d-4fec-8ffe-b087e5b69719,d4d6c47d-5048-4008-b088-4f13691fbefd,2aa507d7-95c3-42e5-9972-e55e59e6845c,2026-03-20T20:38:32,2026-03-20T22:09:32,abandoned
750a4cc0-2a55-416d-8cc7-3cf227a99ee8,6d83b2dd-2590-42ba-8d66-d65101b1a517,522111d3-680a-4c14-91e9-4229aa67698a,2026-06-06T07:00:13,2026-06-06T08:41:13,active
b8d3e397-342e-4b7d-8952-b74eecd21a38,090fb913-1317-4169-b150-64e304451d38,c7682f17-6b1b-43a2-a590-efd5f8dc5f7a,2026-04-27T00:59:19,2026-04-27T03:16:19,converted
39348be9-a944-4f57-8276-4bbe25f29772,e5873f83-602d-4424-9c5e-184c56c9d4ba,1f417729-ff02-4d02-bded-2344e4031d6d,2026-02-17T16:37:06,2026-02-17T20:07:06,merged
b0881502-c646-497d-96c5-fef80d4ca0bd,72874237-a564-45ff-95cf-5fb3ab18e7c8,5485e3c9-5337-40e4-a38d-f0636c7d8f5c,2026-05-08T13:51:45,2026-05-08T16:20:45,converted
7f473392-4b35-4276-a82c-d7e6369d3735,,f0b6b5d5-2023-47a5-97dd-a238e285ab4b,2026-04-30T06:56:38,2026-04-30T09:13:38,converted
4b78e8f3-f1f1-4a29-95c9-134784414bca,,bdd0505f-9edc-4eab-b76d-9d1b3ec1b8ae,2026-08-07T21:51:26,2026-08-07T22:27:26,active
52c660c6-5171-468c-bd39-f90084f6b027,45514547-8413-41d4-ba88-c1240763e5e8,47b8665a-8f30-498c-ae98-ba448bc7655e,2026-04-17T20:27:36,2026-04-17T20:47:36,abandoned
19f40f36-6454-45cf-a87b-3933f78ceb2a,d3adc9f1-fd4e-45ad-9d75-0919a6617f7a,3acbb838-25a0-460c-b1cf-d49aec60c5e9,2026-04-01T14:34:50,2026-04-01T15:39:50,converted
7a45e91c-830b-4252-ac1b-ddaee5621658,,90ddc8d4-ece9-4f94-85b8-c759d543b7cc,2026-08-09T06:47:49,2026-08-09T09:52:49,converted
ed427318-e22d-4ad3-a910-b67bb17abadc,94e0e084-e14c-4061-80da-7e6030bf14d5,b8b74d7a-6758-4ee8-9a7e-606ac09c3874,2026-02-22T06:37:07,2026-02-22T08:49:07,abandoned
5242d795-a96a-4e66-a999-d88457257010,,83af899d-335d-4c15-ad1c-756847f9cad3,2026-06-20T12:44:30,2026-06-20T14:27:30,converted
98b1e990-a162-49f1-a849-35fb5a6325d3,6939d1d2-fba3-4888-8c53-6898bb73c26f,b5d40c5b-6d82-48c5-a4c1-2426441ea009,2026-08-15T09:26:21,2026-08-15T13:07:21,active
b3e74072-4316-4e93-ae2a-a648c959bc3a,,6fae3f92-9e78-4217-9142-601d9d3cbbdf,2026-06-03T22:43:28,2026-06-04T01:58:28,abandoned
384411ec-dbc6-46a0-bff1-c550bbdba2aa,e6e0c2ef-00b6-4d38-a129-32d4aa4e795d,b66ab0fa-cbf4-4108-b3e5-c95b5b61ce9c,2026-07-19T12:54:21,2026-07-19T15:23:21,converted
823f5413-5062-4d45-8c50-fdc677d47a94,,b7e00c9b-166a-43b4-9541-b663bca77136,2026-02-21T21:47:06,2026-02-21T23:08:06,converted
c4b298f6-f9a9-4ffd-942f-6c28ac80c709,96e4788e-210c-4cc9-97f7-b6b855134e0b,bda52e8f-3972-4bf0-aa36-1a7421f4c2d1,2026-02-25T12:36:37,2026-02-25T14:56:37,abandoned
d5f29722-978b-419d-895c-b12961a09416,,3e4d7cae-a9d0-4177-87f5-efa5fb2ae105,2026-07-18T07:05:59,2026-07-18T10:22:59,converted
42dd1d10-fef8-4a5a-92a5-ef1ded9a0219,4fc0f100-7ad9-49a8-9620-f0e3a0e42a80,0c8976eb-5b3d-449f-a7cf-04776e24b8a3,2026-03-11T20:33:24,2026-03-11T20:38:24,abandoned
4082bef3-e985-4cb3-907a-33d6b6e7cc94,,bc47b237-3285-4c9d-834a-b01eac76442d,2026-02-17T17:07:58,2026-02-17T18:12:58,abandoned
a2d70854-9f75-4858-9c70-cad115e59aa2,,17fb8aef-d547-457a-b1e7-614865bb3775,2026-04-12T09:13:36,2026-04-12T10:45:36,abandoned
1fad53c9-2860-4ce5-91c5-6945dccf1a3a,b4413ac0-2fc9-4c91-b188-71c109d9be8f,01688f04-fb1d-4f8e-b562-b3907c8dadb7,2026-07-29T09:55:36,2026-07-29T13:31:36,abandoned
98003a9a-2220-4201-ad1a-c66f3507040f,787f43ea-3f2a-4f90-967d-6479bad4f1a9,5282289c-59a0-495f-9db0-98ee8b373b67,2026-08-16T09:21:03,2026-08-16T10:24:03,converted
14bd0e80-701e-438b-91e9-be6c3e3f9cc5,,d7be3a45-c7a8-486b-9e93-34e941de0018,2026-03-02T23:55:35,2026-03-03T02:01:35,merged
cbf3f1e7-76e4-4660-a623-af423ea4bcbd,e9647282-4e31-40a7-a07e-5d10cd7e447a,59edf146-6a86-4c0b-9961-b85b869b62ce,2026-05-28T05:54:56,2026-05-28T07:25:56,converted
98cdbd8d-969f-4d5d-96dd-d731036bb38f,,7b185c91-e825-406e-9d21-71680bbdc972,2026-04-22T04:07:19,2026-04-22T06:44:19,converted
d4c18feb-c253-4d02-ba30-a207c600d786,2aaf9fc4-0801-4163-8cc8-39558682f704,6c6723dc-9550-42ea-853d-cd8fe196219e,2026-06-12T16:17:56,2026-06-12T16:24:56,converted
38eafffc-ea22-4bfc-8aa3-1d62575f1e47,748db0ca-899a-4da8-8177-2fa1ec2a9302,eadaa5f0-b495-406c-b9ae-6cab47d6e760,2026-03-28T02:53:14,2026-03-28T05:41:14,abandoned
2ff5cd04-1246-4d30-8bcf-76d9bfc6153c,,a29a3004-0774-4b52-8e7a-ce7c44d1aa2c,2026-04-10T19:31:25,2026-04-10T20:27:25,abandoned
d201780a-7e8b-493a-a6e2-7b312b69db43,,895be73e-b89a-4ae8-bc24-23f80e715cf7,2026-04-27T22:02:15,2026-04-28T00:19:15,active
441f4931-36d1-4605-ab00-3e2d10a4cf5d,,691d492f-ccf2-42ad-9ec0-0cd27b73a82a,2026-03-30T14:17:08,2026-03-30T14:33:08,abandoned
8f19311f-a516-49be-b5b8-65b7ac8450a2,,186fba9f-19b1-4c3b-8a88-2ccb414cca46,2026-07-15T20:28:37,2026-07-15T21:31:37,converted
451eea37-6c62-4d23-a937-eeb6bebc1e32,,b976aa9e-4d4e-4f99-b490-72ed3d43e2c5,2026-03-02T22:09:26,2026-03-02T23:30:26,abandoned
a26663e3-83c6-4e4e-98a7-725099f6cfcf,,fc9ca95a-065e-45e9-9d94-f7c6d6cc18a7,2026-05-24T10:22:16,2026-05-24T12:34:16,converted
958947b4-17b5-43dc-b632-2e10b51ef265,,bdcb6b01-024f-4ef7-a7f0-c093c48d7cba,2026-05-04T05:13:41,2026-05-04T06:59:41,converted
5e9db869-a526-4401-b4b6-acfc87dc58a9,2a6409ee-29ac-483f-a2a7-9074fcb50191,a0a25835-90af-4787-a2e4-3bff3e5c3c0a,2026-06-30T21:52:39,2026-07-01T00:23:39,converted
8c68b00e-fcc7-4f9e-bdaf-92a9f01906a7,7863e37d-24c8-4e18-8730-ea7e2a65606d,af7254cf-3e11-4116-b319-5579bbcdf1fe,2026-03-16T14:09:08,2026-03-16T15:00:08,abandoned
a0c19f83-0415-4cd4-ba3f-45f8c551af67,,52b00373-3333-4af3-9646-86b5a9b3c47f,2026-08-07T22:20:09,2026-08-08T01:54:09,abandoned
fc9a806a-7f8e-443c-a0ee-90eb00315d85,187d49e0-634f-4e10-a10c-3b0be7408be0,21aba9fd-9d59-4305-91f8-d40ac6720d80,2026-05-31T14:43:40,2026-05-31T15:21:40,converted
3953bcef-27d6-416b-a81d-bbd5c200debc,33d208d7-91f2-4d70-9f75-c1bf87481c15,0b6e517c-8f47-4e32-bc06-bb9594393f5f,2026-04-16T18:49:23,2026-04-16T18:57:23,converted
7fe11084-2569-4e2b-b84c-7254f748860c,f044be50-29c1-40c4-a16c-a1dd1f95d6f3,43fce5bb-e028-4d31-b318-02e33ad83cbd,2026-04-12T07:40:40,2026-04-12T09:49:40,converted
1e174bbf-915e-48de-af51-7d3219a1d0e6,d6ca14b1-9b55-47f7-be97-787002ca26e5,3ce543b9-f449-415a-aabd-3a229caa1f0c,2026-04-20T23:26:38,2026-04-21T00:28:38,abandoned
2fde32dd-e01b-4e6d-b9e2-92b0233627cb,,0703bf75-6f8b-4ebf-8c14-23fb9686c487,2026-07-14T22:34:40,2026-07-14T23:21:40,converted
bc62046b-79fa-4606-a4f5-685a92fb78b2,49421d99-2baa-4a3f-bbff-4e4d4e0062aa,d0228faf-644d-47f4-98da-5a15f5f619cc,2026-05-30T21:58:46,2026-05-30T22:28:46,abandoned
b408db5c-ebb7-4f7a-aa94-c2459923197f,8e5c2f29-44ce-4f60-b818-8b728f60b79b,8c0833ce-1775-4630-88ab-560d9dd22674,2026-04-02T19:49:08,2026-04-02T20:04:08,converted
05ed2cfa-8d7a-49ea-884e-0a7f29777a1e,148d63de-77f4-461d-b3ca-5369e9a98e7b,b29001b9-1926-4b05-8a3d-d6be3462439b,2026-06-13T00:46:05,2026-06-13T03:39:05,active
3acb360e-21f5-4778-9403-583038ba96bf,6939d1d2-fba3-4888-8c53-6898bb73c26f,ae266a08-98fa-4609-bde6-f6889facc7db,2026-04-08T02:27:43,2026-04-08T02:51:43,converted
f5377876-26bf-420c-b49c-ccecdfdb7750,627b564c-f368-4634-b7f8-d7e1c5ee980a,bfbd9861-3c6f-401a-ae0e-aad40afdfe4a,2026-07-31T01:05:34,2026-07-31T01:38:34,merged
23cbf71a-1942-4b24-afd5-4e6a20f5211f,,41b14795-462c-4fb2-a890-2a8d3dc6ff8a,2026-02-21T02:43:46,2026-02-21T04:03:46,converted
47fab705-b7ff-4df5-aca6-d173b52eb30f,,e1eb7fdf-1287-46c9-aa38-b1c9bc266b65,2026-06-11T07:52:50,2026-06-11T11:09:50,abandoned
f909845a-def7-4ea4-ab47-dbf61efbea39,,5d7a02dc-22c0-428c-be58-74efa06f0fa9,2026-06-02T08:57:41,2026-06-02T12:22:41,active
09551162-725f-4514-a8fa-945554fd4b96,78e4ffca-cfe4-42f3-9ef0-98ca1bb8cfa0,e99ce951-2f58-4cbc-a4a0-7da487585bec,2026-04-04T16:53:40,2026-04-04T19:18:40,abandoned
80d90584-687a-4267-aea3-efa29fc6da6e,,da8a6716-492e-4375-9b6d-e3a8e19bc409,2026-06-30T12:10:03,2026-06-30T13:16:03,abandoned
c5f5f8fa-742b-4b29-9031-e84ab230122b,f4c4994a-5a77-4a2f-902b-4f69c22ccee3,d17980ae-4bde-4311-9761-09d724933c36,2026-07-11T22:12:14,2026-07-12T01:34:14,converted
736e435c-a9d0-4519-8bb0-8c510579a611,7c66bbce-e687-4e15-be85-d960c3de159b,f1e32588-7a23-484b-ad86-f1bb4fa015d6,2026-06-15T14:03:31,2026-06-15T17:05:31,converted
713c48eb-18a3-4e8c-8ad1-5a3aac1c73a2,f1c35457-d11b-4726-ae58-b98a09167675,8ecb4feb-d7cd-4713-b5cd-698f07c2b23f,2026-04-02T20:03:20,2026-04-02T21:06:20,abandoned
d9d4995b-527c-4059-b8fe-5404cf1e9f9a,,fcb83339-7916-4193-87cb-455ec084fdae,2026-06-21T02:49:08,2026-06-21T06:13:08,active
0c2d1a7d-3efa-4b9c-8f68-e6deb1295b5e,ba2bf5e1-4b63-4bb3-b83a-f10438f84258,20710ebf-f89e-49d6-967c-1440c5038a82,2026-06-18T18:26:00,2026-06-18T21:10:00,abandoned
ca718494-32db-4292-b00e-aebf7d9e0d2d,43086963-8392-432e-84e0-ef1902202b4c,c0c2e53a-51d5-44f1-8f89-16e5321ee72b,2026-02-21T23:01:41,2026-02-21T23:08:41,abandoned
d82fa49d-a2d6-4cdc-b01a-b22b12f39e24,f35eb7b6-1b25-433b-90b5-29212b72f6e2,fccaa46d-ed9d-4dfb-a54e-854c73118d7b,2026-07-15T10:38:20,2026-07-15T13:02:20,converted
fb2d5fb7-eeba-4a8b-b745-0094f3678d35,,99c55641-7fc3-4d51-931e-b00bf9c26a96,2026-04-02T19:22:45,2026-04-02T20:47:45,converted
bf16b9b2-a662-4f94-ba17-5d228775399e,,200b22a3-6660-42b8-a3f6-3f3a4b300072,2026-02-28T10:26:17,2026-02-28T11:30:17,abandoned
0caae719-2350-4a6e-85da-f65822ee9b8c,a5781cf5-d32e-4370-b0f8-4f229bc0efa4,fd4e412e-3f84-4ea8-9ca8-ccab02a93bc1,2026-03-21T05:10:10,2026-03-21T07:09:10,abandoned
a5fad31e-cabb-47b8-afd5-64df9b320d5b,,be600df7-d404-43fb-8338-0246d2950a10,2026-05-11T12:19:54,2026-05-11T13:02:54,converted
0f06635f-1fa6-4bd0-bbfb-df03ecd79900,2949aa7a-85ad-46d1-8409-bf608167f72a,92a3cdc5-d6ab-4de3-a097-b77ab0794f10,2026-06-02T09:43:42,2026-06-02T11:36:42,active
e9dd02b3-6e0d-4f9e-9495-31477c44301e,26ce484a-a527-4fe1-903f-2809a03fd21a,8747e817-3eb1-48f4-895c-609f947f3e6f,2026-03-19T02:23:25,2026-03-19T03:50:25,abandoned
340c0d97-1922-4efd-9210-3c0023e75c82,,5ff189cc-c6e6-47cb-a47b-27ba1fbc2f76,2026-04-06T04:18:46,2026-04-06T06:06:46,abandoned
be1a4265-2c78-45a6-97bd-c3db8364985e,612533b6-7eaf-45a2-b9d4-06192ce5620e,a4d69e37-8a34-4dcf-8ee6-9a65ae7f4a5b,2026-03-28T17:50:30,2026-03-28T19:07:30,converted
78cd53e1-6e52-4408-a950-1ab755563ed8,,58fcbb20-2471-4898-a7b4-27fe3a4a1ba2,2026-08-14T19:00:01,2026-08-14T19:19:01,abandoned
11f56f3c-c87c-4bef-8b53-ac2f77dd4244,,0497eb42-1ca9-4ba8-8a06-0a5129cd60cc,2026-08-14T20:50:16,2026-08-14T21:13:16,abandoned
bbb873db-935b-43e2-9efc-57a7a79eec04,,a4f11a17-f4ee-405d-bb48-247d434179f6,2026-03-19T10:55:28,2026-03-19T12:47:28,abandoned
9e9d689b-39f8-41ee-a49f-ba2101408e26,,07b80ad4-291e-454f-a17b-583e84a32ea9,2026-06-17T17:32:31,2026-06-17T20:26:31,merged
2337e9cc-87e6-4258-962f-dfaff0eaecf7,69731d27-9caa-46cf-8933-d01e29b20043,287342b6-3727-49a9-9f5b-e14b903eb1e4,2026-02-27T13:57:32,2026-02-27T17:46:32,abandoned
5850dc33-b920-48a7-b1ae-2027c33907bd,,b329faf2-ffc3-42e9-9bf9-29809d182e95,2026-05-31T07:28:15,2026-05-31T10:45:15,abandoned
60e2d3bb-b3ea-4dd5-954a-cef5c3fa4b52,8678daa5-37e5-4e54-8c81-551df8fb8c0a,35528bd5-af76-4609-b1e7-974d8fd8e23c,2026-05-15T07:35:18,2026-05-15T09:53:18,abandoned
711a4722-29a1-473f-a5bb-293be519b84c,,de4afc4d-ca3b-49a4-8f83-4846b860e550,2026-06-29T10:59:48,2026-06-29T11:10:48,converted
0dd467aa-b1fd-4741-a490-9f162f356cf1,5b817ccb-b122-4044-b74f-bde3d1df714d,cc785b4d-234a-4301-80e4-57d7b38be8d9,2026-04-22T16:11:59,2026-04-22T17:45:59,abandoned
301c3680-d127-4191-bbe4-406841232167,5b16d3ac-510a-4143-8a0a-785ce783f3d8,18f412c1-f9f8-4a02-8e52-f4ce1500f472,2026-04-30T14:28:01,2026-04-30T17:20:01,abandoned
6b948800-7ed2-4b09-b487-da3725b32bd5,117c9a65-4a4c-494f-8a54-64305d57c551,44c61f7b-9694-4ff0-bc36-ee66ce6bb7bd,2026-08-02T23:33:21,2026-08-03T02:18:21,abandoned
d6658bd4-9b52-4c1a-8cc5-622d20d15c33,19fee9df-73a9-41e9-9777-18d2a79ab8b4,29594f6e-05c3-421a-8339-61b76711ef59,2026-03-24T19:22:49,2026-03-24T20:31:49,converted
c50c2464-d233-4149-b1d1-a2505993bf43,e215d555-cc18-4890-8969-89abf72d28ae,4ad2f76c-643f-446f-bb19-0aa67a85e9ed,2026-02-17T06:09:28,2026-02-17T08:27:28,active
1b6044df-3e74-434d-9595-67eb73a0123d,,5f2f7cb0-94f5-4246-b066-22726afd568c,2026-04-03T00:13:38,2026-04-03T02:12:38,active
cb41a6ef-21f2-4a98-9b1b-1146daf3cd48,416cd82a-8e13-48b3-a6e1-dadbf5a29d2d,5236194f-9eb6-4dad-a253-d958b8421b6a,2026-05-09T23:11:01,2026-05-10T02:11:01,abandoned
cea2d9dc-c860-4bf8-9db5-a95d79c167b4,,25080556-2ed5-423a-92d3-d791b22abcbc,2026-05-07T00:14:31,2026-05-07T03:13:31,abandoned
47a4e861-a113-4e88-bce7-9988be166746,,6927989b-5b78-4b86-997f-6db19dd8479a,2026-04-29T11:15:27,2026-04-29T11:36:27,converted
c52c7581-5881-4de9-bbd5-cf3d283daf60,,18b926e2-e811-420a-9bbf-5500aa0ba9a0,2026-08-08T21:34:09,2026-08-08T21:59:09,converted
516a9d2a-c311-403b-a1b4-6cc5af753afe,c9276a13-5b0f-4ce9-8802-3e0ead192508,c8b2ba7d-a746-4769-80d0-aa1e91173507,2026-06-13T09:37:54,2026-06-13T11:44:54,converted
b0a38efa-e5c8-4d31-8aff-2307e9774627,91c5349a-5fb8-43b5-8af3-1b0018617bc3,f8f46338-ff63-4392-898c-6ce18e4d7b80,2026-06-03T15:52:19,2026-06-03T16:56:19,abandoned
75b832e0-36be-4496-82eb-37d9c7fc09ae,,0294dacc-0c31-4669-874a-13860a2d0cdb,2026-08-01T06:53:53,2026-08-01T09:26:53,converted
179a5732-49cb-4490-8ca9-ba7dc4a1972a,,65a15254-64fc-413c-abd8-a7981cd75c6e,2026-02-17T21:15:39,2026-02-17T23:22:39,abandoned
e31a7d35-76be-4a49-a964-923efd8323b8,3eaef1e6-c145-417b-875b-96a83a8a8dc8,a6ba23e9-52ad-4d91-b3fe-b7460e26fa8c,2026-02-27T12:07:40,2026-02-27T14:57:40,abandoned
42c8d22a-9db6-45de-96ee-11219318b998,,89904e2c-9b53-4b4e-b8d5-6cfcf975c04a,2026-06-05T20:13:29,2026-06-05T22:01:29,abandoned
07562428-ff45-484b-97d0-0eadfd4bba8a,80617fda-335d-411d-aed3-ca3917a8cff2,57cd111b-18f4-40f8-babf-1d8e1b2828a4,2026-07-02T13:16:22,2026-07-02T15:34:22,abandoned
edef0475-688c-4606-aa24-ba017c761a95,,6912de9d-3583-427f-adef-0ae1ce35576a,2026-07-07T21:12:58,2026-07-07T21:41:58,converted
d4d86af7-a567-400d-b72c-dcbe395c9099,,276f0d04-f226-46a6-8fc7-88be2aa5e9a2,2026-06-28T21:20:07,2026-06-29T00:19:07,abandoned
43ff8e47-5bf2-44ca-931c-0bfc1831e044,,1d9ebb38-af21-4e5f-a4f0-ee8a89d2abe6,2026-08-10T22:26:03,2026-08-11T01:01:03,abandoned
1ecf9db3-dd17-4089-98fe-a99ee84a58b1,,02107b5c-749d-4b83-93ca-25ae1b3ce9cb,2026-03-01T22:01:23,2026-03-02T01:38:23,abandoned
6b25be54-97a2-4de1-9597-181a3cb27e0d,,6357a5af-1746-46d5-b41c-ac9699330821,2026-05-07T20:42:30,2026-05-08T00:11:30,active
12cc35be-22e9-4c0e-9965-a1e25b0342ba,2a0095cd-099e-45f3-a8ed-241dbe5cde18,2b531505-848f-4799-8bee-424065364b4f,2026-06-08T04:34:15,2026-06-08T07:32:15,active
4217987f-ce13-404c-bfb2-85c738d241d2,,1be4e5cd-d1e4-4604-bbed-654445d02fc1,2026-07-11T21:53:01,2026-07-11T23:28:01,active
cb884fb0-8c35-449a-9603-8c515e72bf21,91c5349a-5fb8-43b5-8af3-1b0018617bc3,59e9cb54-63a4-450d-9813-a89f18cf0e37,2026-08-06T09:18:46,2026-08-06T12:47:46,abandoned
6de52dae-6d28-4dc2-b2d0-65b5063d4c1e,bd081d89-0320-4774-bb4c-798b6e253b0e,53d6a517-4d6f-43b9-8304-e2d6ae8c2406,2026-04-15T20:05:48,2026-04-15T23:14:48,abandoned
86a3980d-9942-4e07-93e7-2ecc924dadcc,09a354a5-a7cb-4687-8a52-c4a71feba0d2,f0530af5-953c-44a5-808f-03a91564704a,2026-07-26T21:26:31,2026-07-27T00:56:31,active
f0f5ca1a-d918-4db8-9fa9-fc89932410d8,,14613edb-e945-4914-a6a2-96a6e1bfaa05,2026-07-16T17:43:15,2026-07-16T20:52:15,converted
a852f1d2-3e4c-4472-b3b3-28df1aa9c139,63b6d2f8-4e38-4b4c-bf67-6651399b4453,69320b5c-54d7-45d4-9754-1abcc4ef1792,2026-08-12T23:57:18,2026-08-13T02:56:18,active
d1f32add-a25c-4767-b6c6-610354e4f070,bb35efe0-ac42-4801-bc72-7bea481716da,e282678a-33b4-4b6c-b3fa-f39a1f161f4b,2026-06-22T10:36:36,2026-06-22T12:04:36,abandoned
c0065b91-7dc5-4abc-9a8c-df5bb76fd48c,b8cf5c4c-27e2-4106-9058-eb38559661e0,2e749839-e0f1-48fe-961a-ce95e3c762f9,2026-03-15T14:17:53,2026-03-15T17:37:53,abandoned
da5da933-92d4-4943-ab16-6e5b60f6e57d,63af441d-70c7-4c4e-b495-80b967849285,6e108aa4-636c-4246-9df2-31f028866a71,2026-07-10T15:08:50,2026-07-10T15:46:50,merged
b98116e7-79b9-4474-a1b5-175be12209ed,f3abecde-d032-4605-876c-6373a9a9e65b,ea17e093-686d-4a5e-b900-c4ebe6a8a8ec,2026-04-08T23:29:27,2026-04-09T00:41:27,abandoned
747ee012-b22c-4ddb-976f-0518d5fb752e,8e104807-9dc2-4625-a1b7-9d858ddd96de,bae72887-9720-4abe-a821-d4d42bd034c8,2026-06-09T22:06:26,2026-06-10T00:07:26,converted
e52e001c-f053-4527-bdaf-af81facdba73,758d0e66-e551-46a4-b8f9-0a98d7161e93,75abf708-e51b-4bea-b70b-f12658c4ff56,2026-03-19T23:03:24,2026-03-19T23:40:24,converted
8657c824-c677-4d14-8854-ea791dcc5b00,24ea0325-a7d6-4388-b86c-7b51e5805b26,ac4eafad-a7ca-40db-af46-b43a8e2fdd07,2026-03-31T15:57:37,2026-03-31T19:15:37,converted
32c74e72-a251-48e7-bd54-66deac2f648b,74b13d9f-159f-4adb-8b2c-a623d67b529e,b4eb573a-1555-47a6-818c-3a6922f71afe,2026-03-03T04:38:47,2026-03-03T05:06:47,abandoned
10885579-45e1-474b-8e9b-a3d64b530f74,5ed25035-4723-4154-823d-a8c8b4c02e51,e562490c-b691-44ff-83aa-59f5a82a7c6a,2026-07-25T02:51:55,2026-07-25T03:58:55,converted
00eaeb52-3da7-4d4e-8411-7303be135714,890861ac-5e77-4568-aaff-807b37e6f872,334cc349-b45e-46f8-a7fd-fe18353e539f,2026-03-14T12:23:06,2026-03-14T12:30:06,converted
0b626e1d-8dc7-4d61-8c86-4a20fc0ba1b1,5b16d3ac-510a-4143-8a0a-785ce783f3d8,9cab9f80-37c3-4a1f-9284-440e36b2afb7,2026-03-21T08:21:55,2026-03-21T11:55:55,converted
dee83f3f-f14d-4564-a51e-b278452d31bd,adc6b3eb-08c6-47a0-a6ce-19384284547a,d8f71355-a894-418e-8de6-9c5c85b4c2e0,2026-04-21T06:35:40,2026-04-21T07:13:40,converted
b4b8b043-d60b-4df4-b0ac-3dcdea1a16e7,1233e680-06d7-4b38-8c6e-796ef158556a,93b2a3eb-8bf5-4044-82a9-bdcd781fda90,2026-05-05T16:49:01,2026-05-05T20:07:01,converted
75f8fb80-0b5b-4651-8026-e08593abe28a,,2553e591-7e71-4030-9b78-36698bab0da0,2026-02-19T17:56:01,2026-02-19T19:17:01,converted
f6ccce5b-2265-423a-b48d-70a52c5688d7,be6fcaa5-9911-4bb6-b97c-47eb53c88b32,7e99fd70-2e37-430c-874a-c67992d9fc5d,2026-05-19T03:29:27,2026-05-19T06:08:27,active
b0e9b4bb-8f48-4e23-9e9b-50125d6fcf91,066ca82d-85b8-45e6-b262-bac0bb3c0e21,5746799d-d2b4-4ffa-b304-ae9de2f39b78,2026-03-28T16:29:37,2026-03-28T16:56:37,abandoned
4d325376-a16e-46ee-bc95-7f19ed6e62b8,ec4bebdf-042b-4c0a-9846-f86a1a9685e9,80b0e232-f9d6-4912-a708-bcc1f64a73fa,2026-06-08T22:19:22,2026-06-09T00:29:22,active
9eda17e6-b958-4103-9e87-21b5a0db9014,,4f0f6877-c98a-4d2c-8e10-b31bb96b3194,2026-06-12T10:36:00,2026-06-12T13:55:00,abandoned
fecc8ed9-a0e6-4e07-ab46-54d605318da4,,db0d6a53-b196-4b30-8eae-e1aef96998a9,2026-04-20T10:36:02,2026-04-20T12:50:02,converted
cf287b8e-9489-4d14-90d7-49c384e7cb06,50fb8eb8-955f-41ca-ab6a-faaff8141652,d78aa617-1ba6-44fa-ab88-11603b15e509,2026-05-11T04:53:58,2026-05-11T06:29:58,abandoned
7370581d-6175-46cd-b375-c2eb8a06c4c8,15aeedcc-eed4-453e-850c-7f876e54c4ab,41d96225-4288-4882-b393-fc4f5cad5154,2026-08-02T06:36:04,2026-08-02T06:57:04,converted
f4608a63-eff3-48f4-b397-2ca7ce5cd25e,,6655042e-8bec-44c7-b6b9-cc1389ea9107,2026-04-07T21:05:05,2026-04-07T21:49:05,active
bc7e5b83-925c-4738-854d-40f2882b7504,8e91d584-8798-4b43-a077-64b5334460b3,45f190f2-555d-4490-8191-d94d7cb59bd7,2026-02-25T11:42:49,2026-02-25T12:00:49,abandoned
4c11fee6-7a9a-4b5b-9155-ee715ebdbf25,8d5d45b6-2bf0-4380-85a0-b73fcbc86e94,75054e1c-f9e9-4b11-bad0-5e75fb68ecfa,2026-08-04T10:42:17,2026-08-04T11:46:17,active
bcd826a9-3c83-4751-ab36-26d3defd3d8f,72492cee-bfcb-4501-9a63-5afe45f5215a,021920f4-da42-40c7-8e72-ab482c732f7d,2026-08-09T05:19:16,2026-08-09T06:09:16,converted
72111830-2b77-409d-b959-2d15115412f9,,8b0208be-7745-4ec1-831f-0d2840df988d,2026-03-17T11:26:17,2026-03-17T14:49:17,active
38b0f4fc-821f-4606-896a-2237fd1d28e6,,4e341c1f-add2-49d6-9ff8-487aa99e80bd,2026-03-27T23:01:20,2026-03-28T00:17:20,converted
a94428f9-c6f5-4543-a515-ab76d31c508f,f4835f98-d82c-487c-8788-26a05c249db0,7feae8cc-2a29-4103-81dd-9115c16fb5e8,2026-06-18T09:14:29,2026-06-18T09:47:29,converted
8b2d7ec4-73db-4529-97e8-92b93635d5c6,943fb486-16d5-4258-99e7-8340b1862e76,0f7610e8-2b87-44c1-a509-dedb2b4c8aaf,2026-06-26T10:31:01,2026-06-26T12:56:01,converted
788a0a86-9277-4ee9-84c4-200119d6c610,,2daf4dd9-cc86-419b-a136-cdc9a01d3945,2026-04-21T01:09:57,2026-04-21T01:22:57,abandoned
0acc66fc-509b-4614-8f96-14bad84b4521,,e8bad45b-d67d-4594-aad6-31142af4e382,2026-06-15T16:13:40,2026-06-15T20:13:40,merged
c9637a58-69cf-405e-936d-f0fc98d1a2f6,13ae1187-ebff-4588-bbf0-db26b1bbb598,ed22282e-3ee4-45ca-a17f-a6eb7ef11f09,2026-07-28T20:20:24,2026-07-28T21:27:24,abandoned
4ead2d28-42cc-45bc-bf33-18bb172e9c5f,0815e683-4b1e-4ea3-b9e8-9d06bbfaedb5,45aa184a-be97-40d0-83ad-7d8167b924d3,2026-05-23T14:15:34,2026-05-23T15:54:34,converted
53aa1e59-c941-4e27-9b4e-9b5621be347f,9c98b2d4-f4f3-440f-b28d-0e1ca7a152a5,dce441a0-6d27-493a-a6d3-de03ed875978,2026-07-15T04:04:11,2026-07-15T06:28:11,converted
8c0687c5-fd6f-40a8-a230-0196c33efbaf,59292cdf-6314-4444-aee9-45a78c76dcbe,fc2a6126-d3fd-4a7f-b132-66c58820f521,2026-06-04T07:41:22,2026-06-04T11:30:22,converted
b975c422-8af6-4026-ba18-9df8e37b0776,2a0095cd-099e-45f3-a8ed-241dbe5cde18,72c52b26-6bff-4edc-898a-0971d1a8c7af,2026-02-23T14:12:01,2026-02-23T15:20:01,active
379eecb9-0556-4d38-b84c-2a58c6f1d48b,,13e60827-f1c5-4a9e-9e31-0403ff63a0de,2026-08-09T03:26:17,2026-08-09T03:44:17,abandoned
7ff64959-eb57-4d8f-b790-f1882828c5d5,,f2540922-a167-460b-880a-a5916c8d3167,2026-02-27T05:05:45,2026-02-27T08:14:45,abandoned
5811e8d9-93e2-4df8-bc4b-a8e833aae70a,36654075-c818-484d-aa9f-b6e8834b1bd5,b566a626-fa43-4947-ba9e-c8d9d4a9a4a8,2026-02-25T11:43:24,2026-02-25T15:22:24,merged
de56e807-3962-4f10-91fc-87de983eb6e7,,18c80759-db3d-4441-af12-276eb9409608,2026-03-19T14:29:13,2026-03-19T15:41:13,converted
e1779ebe-590e-4b96-b9fd-06ebab7ac6be,73d9c423-e9d4-428f-bfaa-b073b2c1f454,2e740261-69bc-4107-887a-c08c861d194d,2026-04-19T22:32:33,2026-04-20T00:36:33,abandoned
388708a4-742d-4be9-a5d9-3efd46002711,,ad52b01c-ec9b-4ab1-a55b-eca02dc523aa,2026-03-29T10:41:09,2026-03-29T13:17:09,abandoned
00b31fea-bae4-4e03-afd8-94bc9328457b,,89fbe0eb-e6c8-41cf-8e6d-eeeba06df59a,2026-08-07T05:56:44,2026-08-07T08:33:44,active
883c22a4-d459-4de6-bc73-7902e3b1baa9,a3d91be1-b5d9-4d3c-bdd8-ab49cd378f30,7874fc5a-2738-4e9a-800e-42c6f700fdd3,2026-04-13T17:05:10,2026-04-13T20:16:10,converted
8ea30f18-893f-4749-a69b-acdc625d8339,189edb91-3f25-4f32-bfb4-64bd4052cb1c,fd399070-aec7-4f03-9d75-773b73b81318,2026-06-13T06:55:47,2026-06-13T07:09:47,merged
c8a558e3-893c-4f4a-9997-6df265ff4f26,,94021104-3b17-49f8-a4d6-a5a836d96e82,2026-05-31T14:38:31,2026-05-31T14:45:31,abandoned
1aed060f-9934-4e20-9d58-9c9af82f2035,8f34cf8e-4ab5-436b-b34d-d43e654c8d6b,84e8cd96-d1e0-47dc-9434-99de7ec9147b,2026-02-24T20:29:57,2026-02-24T22:40:57,converted
29014383-7458-41c0-b821-0df663915c7e,d4d6e685-70a2-49ea-b511-383a54d18cfa,b417f39e-1c6b-4f8d-a78c-8f40e8bc3072,2026-08-12T19:56:20,2026-08-12T23:39:20,converted
19358087-3691-4ae8-83e0-d1dbd5b54656,,b79769e4-2a73-43d3-bcca-fba91b2271d8,2026-05-31T20:00:26,2026-05-31T23:32:26,converted
3e2a15cf-c567-47e8-9996-9e89f172a139,,30be6662-8ef1-4867-851d-3e6eb6ce8561,2026-03-02T13:53:03,2026-03-02T17:32:03,converted
081ccbd5-8943-48cc-b73c-32609ed03d44,17e24a9b-119c-4ea7-a53a-bb757c70ad0a,32105173-f451-469b-b8d1-99e1f44bd5b8,2026-07-07T17:50:10,2026-07-07T21:13:10,converted
9d0f2651-7663-4861-9a67-9a1a680d01df,,48f62c4b-eb4f-4602-b9a5-97276e48bbce,2026-02-24T09:10:48,2026-02-24T11:33:48,abandoned
afdb60eb-5941-48f0-b402-0fe5ae6ff87d,,b283b7da-e2f5-4fd5-90d4-a339f367101e,2026-05-05T20:02:05,2026-05-05T22:08:05,abandoned
d9375437-2e9b-43bb-879f-daa145f13539,3218db6b-84e5-453d-8de9-a966eecbacc6,12ea51c5-2036-45f9-93f9-da8c48f5ef70,2026-06-22T08:27:50,2026-06-22T08:34:50,converted
b1bb7f3b-3b99-4405-ba37-1c616bb3378c,,ceda675c-2e20-4621-b832-e581887b29c5,2026-06-20T03:05:35,2026-06-20T04:26:35,abandoned
8d87d891-9040-4505-8940-41ece39039a4,,8cf1347d-3698-4a45-97e0-b79466eee54c,2026-05-17T01:25:12,2026-05-17T04:07:12,converted
6e2c7cb5-4730-4a69-b15e-36fd0d3ce8e5,0855291e-0a0d-4e17-931b-beabbc173f85,bf53b861-ba8d-4610-a8e1-895b402a9f8d,2026-04-24T12:02:44,2026-04-24T14:41:44,converted
0384ac08-bf8a-4d95-b333-c0dfa94df1f3,,63aab2d0-558d-42c1-b6c6-9fc1443ff8a6,2026-04-21T15:40:05,2026-04-21T19:07:05,active
52571a67-b3db-4b60-ad9e-7c1035bca85d,a2053515-1d0d-41cb-a47d-485aed398e8b,032d4aee-0473-41c0-b684-c5497872c901,2026-06-17T15:31:16,2026-06-17T17:58:16,abandoned
fe0a258d-0eaf-4d66-a569-b360fa14346d,cd67e795-f5fa-470f-9a4f-4060d5951279,e1405c6a-92a8-468f-922d-2a384b3259d8,2026-07-14T18:05:03,2026-07-14T20:00:03,abandoned
e5f04982-6ecc-41e7-9ec3-60e5680e40c4,69f9f173-1ee1-4ba2-a1be-005dc5f305fd,781394fd-6840-4c4c-a817-12de45f33113,2026-06-21T08:23:44,2026-06-21T08:26:44,merged
b37a4f9d-0d37-427c-a8f7-ede88ba1b14b,fc41d86f-78f3-476a-882c-3eafc02d61f2,1cbcc7f7-fc6f-4f35-9279-a1900bff7646,2026-05-03T10:06:28,2026-05-03T11:39:28,abandoned
9bc1bb28-0e05-49e9-a7cf-a72aec910056,a296a891-b126-44e1-a271-9228cc28b3bc,0fb2b7e4-adf0-4fd2-9882-f62161805468,2026-07-15T08:55:47,2026-07-15T10:48:47,abandoned
4281579a-1a18-49b1-b1db-3c7fdda2a365,,0e2ef242-856e-4a29-9654-124c877972e5,2026-07-19T03:47:58,2026-07-19T03:50:58,abandoned
07b1f95e-e0e3-4a86-ab8d-005a21593f92,3d2423f0-cecf-4060-b105-96b04f2ea442,01ff82f4-5f3e-46f0-aa14-740cece55ce3,2026-07-24T19:18:25,2026-07-24T19:59:25,abandoned
568d1d85-b1a1-4a7f-a3e2-b9313ca00a1d,3fa371d4-77dd-4e91-9a2f-86801b001903,25d7ef47-c45a-495e-9575-051b6f31e75c,2026-06-17T11:03:24,2026-06-17T15:01:24,converted
348f1144-2071-42b6-a794-f18d749c89af,,75529d01-6324-45a8-b96b-a6b89ca24add,2026-06-05T01:27:12,2026-06-05T04:01:12,active
b79f6ea0-98a8-4810-a075-ebe06126aa4c,d6914b8f-0d72-4044-a61b-055adb02f005,2714603b-1262-4e8d-850f-67848519c91d,2026-05-21T22:15:14,2026-05-22T02:05:14,converted
7eb3c114-c460-460c-a6f8-58d6b46035c3,,76efe7b1-3c4e-4339-900c-9f602226e51a,2026-03-31T09:16:45,2026-03-31T12:57:45,converted
c5cd929d-51f0-4335-9f77-5f8c0e4b8ef8,f4835f98-d82c-487c-8788-26a05c249db0,be472398-4f7f-4aa5-aa78-8592a3a660ec,2026-03-22T21:06:04,2026-03-22T23:23:04,converted
eaa4a562-7393-418c-8b5d-0503f01f2be6,,59ecb357-f943-4565-a67e-3da02824567f,2026-03-27T23:19:29,2026-03-28T00:24:29,converted
b080d5f8-127f-430c-9ab1-e9c24f577648,2b4b540f-9423-4186-8164-4566e5e908f2,8a74c4d8-d48e-4832-9622-1113e3fd956b,2026-02-19T15:05:42,2026-02-19T15:30:42,converted
1fb0f205-cf93-4413-977c-6d7af5e7777b,,a936895b-d790-4b5a-bb3a-bec39439c922,2026-07-31T20:03:39,2026-07-31T21:16:39,converted
d5ebe455-4c81-4e31-9d91-d92bb84ccfc7,7160f724-2528-4ac3-ba79-b6e99e6b8a01,3546cd49-a172-4c26-9bac-e3c2e4201a52,2026-05-03T15:01:57,2026-05-03T16:51:57,active
cfa99b5e-872b-4f84-8e72-2059cb502233,70a0c69e-1bf5-4805-bf9c-4714e193f75d,51e16e7d-3fee-4e3b-922f-e7260f7a1bc6,2026-06-11T19:03:48,2026-06-11T20:30:48,abandoned
b2d002bb-08c6-4cc8-9b30-6f4f78105acc,,993bc59d-77b2-470e-902f-bf38ed4557b4,2026-07-26T13:05:40,2026-07-26T14:25:40,abandoned
d9887914-beec-4717-a401-af54ea8d32d8,,ed5bd453-e2ab-4365-9028-8bd47478c6b4,2026-02-18T03:58:19,2026-02-18T06:28:19,active
6b43e3e6-943f-406f-9f24-15c39b77983d,701ab460-123c-42eb-bae0-fbe7a111ebd7,2bc4e316-596c-4739-b7ac-97b16edb18f4,2026-06-15T18:59:39,2026-06-15T22:35:39,converted
c3406729-2f29-4a0f-8b39-dd093ed590fd,,a940b68c-49b5-4b36-8299-bba1c6c249f7,2026-08-10T20:02:08,2026-08-10T21:55:08,converted
74d0a1e0-cd8e-4bdb-ac50-acaaebf9fd1d,b418aed1-0951-4085-9fe4-e750e7fe45f9,b40416a5-eceb-4a9c-91f1-27e8c2a64ba1,2026-05-31T02:56:38,2026-05-31T06:17:38,abandoned
fb198a98-195f-4674-8814-d8fcf4f95780,7aa35447-7686-43f7-bb98-14b1bc5fe250,37b45efb-01fb-438d-923e-2290433974e5,2026-03-19T22:39:03,2026-03-20T00:20:03,abandoned
739a10cf-755b-4f24-9abc-daa208a2e610,,5110f8cd-429e-4e39-8631-1609fe72273e,2026-07-01T21:16:29,2026-07-02T00:44:29,abandoned
28b706f5-a1f3-42c2-8f14-8727ed3b6ec0,,c3f4ff6a-a1ac-4ead-ac37-b56726c5b86d,2026-06-11T13:08:41,2026-06-11T16:27:41,abandoned
dfb21eca-2b43-43f3-950f-b05f95becc08,96f16837-3562-4765-b8dc-ddd863a970f2,9183c141-01f2-425d-9caa-98e32dbd0fb9,2026-04-13T05:02:31,2026-04-13T05:14:31,abandoned
9e132a75-4300-4c17-b22f-1721b111af0f,,210ca161-a152-4cdc-b6a3-44c41071ba0d,2026-03-17T19:20:49,2026-03-17T19:22:49,active
161309d0-9624-492f-b765-bebef23bbaaf,,f43d2c90-7601-4230-b7b6-ff4c93ba4713,2026-05-03T08:24:08,2026-05-03T10:26:08,abandoned
0c905b9f-b46c-443d-bb60-073d7e8209ac,71972ade-a5de-461b-aac8-49774ccb1a4a,ac1e93a6-fe98-4b21-8b9c-c537cf3fa871,2026-06-04T19:17:14,2026-06-04T19:19:14,merged
c0a18024-6049-4c67-8fb4-42061325abf5,8f9052f4-d761-416e-8b74-a71f640df0d7,01602d1e-8b78-4b4d-8275-d01ba1ff875c,2026-07-29T23:41:29,2026-07-30T02:11:29,active
55d315a7-6222-4fcd-99eb-50fefbe96cb2,495a6541-1c93-4076-90e3-345d72d9c83c,8ea20e60-2c65-4763-a26c-9f09766dc165,2026-07-01T19:31:23,2026-07-01T22:01:23,abandoned
f94bb3ba-b9ff-4cd7-872d-c5e84091be02,,9892a576-f8cf-4224-bfa6-240cf9cde70c,2026-03-10T18:28:18,2026-03-10T19:31:18,abandoned
2ac448cd-bef1-4abe-a2e3-29f63b431694,20ae953d-06b1-4034-a24c-a173911af24e,01417516-567a-4b20-8b20-f9f4a9d3ecd9,2026-05-28T01:10:36,2026-05-28T03:35:36,abandoned
bef298b5-6a72-4e9b-a078-50ac6788e163,,5b451ee2-697d-4ac3-85ec-a3005e814f3e,2026-04-21T14:37:44,2026-04-21T15:33:44,abandoned
ee3cd162-021d-4174-be06-fbf2ada86262,7d624fe1-d3a6-4326-a6e6-32ebc0c46ea9,1cf4f3e7-777b-424b-b8fd-f0d73efa92b0,2026-04-22T07:40:29,2026-04-22T11:35:29,abandoned
e86500dd-3d23-4c80-ab53-0beaf7b8cf82,53dda453-796e-4167-b482-7449bd52694f,bd5ac17c-5746-4cb0-8d1b-155b26d4b375,2026-06-09T09:49:25,2026-06-09T10:40:25,abandoned
0cd21bc2-671f-4869-b5b3-f6d65f7e43cb,,fee5d047-f299-469f-8962-b6decc7cf466,2026-06-22T12:51:37,2026-06-22T13:44:37,converted
bbfa634a-be21-44f0-8198-0a075185c3ac,ac4632eb-3a22-4956-896e-0a3899a647f1,fed27cb3-aa0a-4de7-8c54-f900ad5a94d0,2026-02-23T23:23:27,2026-02-24T00:31:27,converted
f9924dff-ec35-46bd-a876-bdc9d4aa35e7,6a49a618-20de-4b7a-af94-1b4afeb9a85e,52d85662-1c75-4e73-85dc-6452d8b04baf,2026-03-03T15:29:11,2026-03-03T19:09:11,active
5397c77a-e9fd-4f06-87e6-3a5c9a548f7d,5960ff74-c2aa-4a55-9cee-c8f0532e2256,52b577de-5d2c-480e-8e95-f646d0bbbd00,2026-05-26T19:08:14,2026-05-26T23:00:14,converted
75e10d24-6883-4660-91d6-69abe83621ce,9db0e79f-fdea-4290-ba7b-114141f33d1f,d2ca0bbe-c63f-45ac-9412-a357b1a252bb,2026-03-26T08:48:17,2026-03-26T10:22:17,converted
a09a73c5-79c8-48b6-8a16-4e2b7c80f3f5,3d097c4e-dd09-4cfa-8460-39fd4fb8a1cc,e0889fd2-a948-42cf-aebb-800957bb4a1a,2026-04-28T07:22:11,2026-04-28T09:47:11,converted
c21022ee-c19a-47b9-a06b-423c123d218e,,bee62390-4662-491d-9f48-286e2037dc28,2026-06-25T21:26:17,2026-06-25T22:37:17,abandoned
d0427417-5945-42d7-b46d-b5a28eb47643,,d567b001-5d43-4a5c-963a-b6640530eea3,2026-06-15T23:43:21,2026-06-16T01:30:21,abandoned
5dd95adf-df4b-4753-bdad-d492c7949957,,fe3b19f9-12a2-4460-b282-85227aec9ddd,2026-05-30T14:15:56,2026-05-30T16:56:56,abandoned
278de386-1a52-4685-9096-09e08e3af1e6,298ca377-a08e-4e0d-91d6-b0b5aff14c1b,b1370b61-85f3-48e0-9396-669c6a3c0926,2026-05-27T04:06:25,2026-05-27T05:09:25,active
47a6aa89-5362-4fbb-8bc0-ac07274a995d,b3f95dcd-caf0-4d0c-8890-a7b8e231c6b7,4043cbac-7d72-4946-971f-5a2524330e62,2026-04-18T07:16:16,2026-04-18T07:52:16,active
86fe915c-99c5-41ef-af54-dea1deeae412,f8486fce-bc07-4a4f-a6e9-ed6a06ba996c,2f094bfd-8303-4d56-b179-faa140f5a154,2026-08-01T21:00:55,2026-08-01T21:39:55,converted
c8ba8ab9-fc4e-4468-88cd-8b3825c54b8d,,b26e8948-3e9d-4efd-9c2e-4c4e95a2de61,2026-02-27T00:21:18,2026-02-27T03:06:18,active
141c2d7e-46dc-4e06-ad9e-74178a8acea7,,f0ad7221-d983-4e07-8457-0394716d9c02,2026-04-08T16:10:50,2026-04-08T19:28:50,active
20ab6196-b6ac-484d-9067-4867d30d5ca0,fa5ae382-e7ab-4d94-bdfc-7d689bc335ab,2171ab8e-c3e1-482b-b935-3cff13d593b4,2026-05-24T22:10:15,2026-05-25T00:27:15,abandoned
2b3788e1-eccc-4992-b529-79bec054efd5,b745eacd-b8ee-4507-82ff-98d3c4daffc7,f628cfbc-a4f1-41ae-9f37-4bbc38801127,2026-06-11T06:17:17,2026-06-11T08:23:17,converted
37fa2853-2714-496c-bc98-076ff7c79439,,e8134f53-62ff-47b5-a68b-fef381db5e3f,2026-05-23T07:37:05,2026-05-23T10:32:05,abandoned
b4db0edf-a4dc-4382-8223-3192342462fa,,41f7d066-e272-47a2-97f8-b8d7af3863be,2026-06-19T04:14:35,2026-06-19T05:51:35,merged
e0e150cb-2a9b-477d-8daf-b940188467b4,,ef2532fb-b0ce-466b-9684-d743d7ceb442,2026-02-21T12:33:44,2026-02-21T14:13:44,abandoned
539abe97-9df7-4cd3-8b32-8c4a7caf2d58,,f4dc6495-ccda-4604-a58e-a6888f877575,2026-05-01T04:06:05,2026-05-01T07:30:05,converted
f435dd4c-faba-43ba-812c-862670bb4a55,,6be90000-cdf5-488c-a2fe-e7f3db9d06fb,2026-03-26T16:06:30,2026-03-26T16:51:30,abandoned
06cc66e6-5a2c-40a4-8c13-eb8daba61c81,,b62fc630-f334-4fe8-b9af-ebbef5b2a4fa,2026-06-24T10:42:42,2026-06-24T11:21:42,abandoned
0525cc62-5c5d-44eb-b258-15f5d8d0a824,,76ca345e-cf1a-4609-9f25-1729907716aa,2026-02-25T16:57:11,2026-02-25T18:05:11,converted
e5fc094e-5547-48d6-9130-f496797411fd,1b221ed8-52ce-4d81-a181-c5317da12a7c,1351c962-6be7-4887-856a-9af82ac92be1,2026-04-08T14:12:25,2026-04-08T17:17:25,active
01d01466-a7a5-45f5-90c6-99d22470bca9,19fee9df-73a9-41e9-9777-18d2a79ab8b4,de2f4a81-5b14-48f3-9007-d669e7bd435f,2026-07-27T22:22:56,2026-07-28T01:59:56,converted
7f761127-0548-4233-b41a-27b7c3554e6c,cc6e430a-d0ba-4c08-8809-84cbb2347a9f,3a973058-97b5-49eb-b73e-392c58cda49f,2026-05-15T06:25:34,2026-05-15T09:51:34,abandoned
86007971-b4d1-4db6-bd9b-270195616f9c,5f8c9b91-24ee-43a2-b758-fece4c2fd787,9a54e058-119c-4316-994f-d32942b4db08,2026-08-01T10:42:03,2026-08-01T11:04:03,merged
c3a89d61-c4f1-46fa-8e76-26873932b72e,303bc5db-08d0-4431-b6df-29c80d0321da,bcb9f429-adb6-4138-9e2d-7f393123de83,2026-04-29T12:28:25,2026-04-29T15:16:25,abandoned
bd5ba1ec-7218-4019-b1aa-d72051158344,298ca377-a08e-4e0d-91d6-b0b5aff14c1b,d54445cc-8442-418a-a125-be4a1ea596b1,2026-03-23T02:47:38,2026-03-23T03:33:38,converted
136b9468-5761-49a6-9dbd-cdd2e5fcf94e,,1633ccd7-14b3-4530-aebc-9f57fe9367d9,2026-08-02T05:52:12,2026-08-02T08:05:12,converted
20a968d8-c415-4fb0-b51a-21cfddd287fb,35292459-521c-4d3a-a786-3b68116663fc,d2491fd0-a4c2-40d7-a51d-6b6767c9b428,2026-03-29T06:43:49,2026-03-29T10:42:49,abandoned
5d259259-a1ed-407d-992e-b8b32730b474,b43ea9dd-823e-4930-9110-31ea0eaa05f3,aef9ccd5-f4ca-4aa0-b39d-b3694bdecf75,2026-06-15T11:36:09,2026-06-15T13:12:09,abandoned
90f0be72-4452-47d9-8dcb-b5c47c4930ad,438d7ce2-8d55-49cd-ab64-d781e25abb9e,be18fd1a-e417-4b20-ab23-62efb10e2bd9,2026-02-27T14:05:16,2026-02-27T14:49:16,abandoned
ff90e80d-badc-4b1f-8c5d-ba1cee5e96f8,4b14013f-d7e7-44b8-a287-329bf6e298c3,d04f8a07-7dc1-4716-9798-310d2392ce0d,2026-08-15T03:42:12,2026-08-15T07:11:12,converted
dceb4607-0e70-4e30-83ce-ba714a37827a,,fc66b8b1-bdec-4c2c-b590-eee7120373d4,2026-04-21T19:06:05,2026-04-21T20:52:05,converted
f684834b-1f61-42be-bb3a-046f1c98bfbc,3cec8c73-424f-46c6-a5a7-cb5cd5141538,ecd31cfa-35bf-4cba-a2e0-d06293810ac4,2026-05-13T09:03:53,2026-05-13T10:52:53,converted
ad401bb0-586d-4492-b179-be60ed8bf396,93c6c6a9-16fb-43ad-bd64-1ee5eccdd750,d910e1e8-29fb-4922-80c1-868bf31ad103,2026-02-25T10:56:56,2026-02-25T11:33:56,converted
fdbbab42-2736-4551-ab44-991afc1b72f5,967d3e2d-8b15-4f43-a6b5-d1dd3934707d,68bbe3df-0f83-4134-bd2b-fe5702ae3d79,2026-05-07T18:49:29,2026-05-07T22:38:29,abandoned
00712d10-e6f1-4f31-8d5a-30f863195991,,23dbefa1-ff32-43c5-abb4-3bf5b6aa97b6,2026-08-11T21:58:46,2026-08-12T00:23:46,abandoned
aa59a141-3f4c-4cf5-b51d-031d515908b9,,01521853-9b9c-4b99-8f27-a37f582a431d,2026-08-01T10:00:47,2026-08-01T13:19:47,abandoned
37bf2bab-31a3-4761-b97f-9c6af05e91ba,,2d2f87a4-2905-4cf6-8123-19594c755d40,2026-05-30T03:48:13,2026-05-30T04:08:13,abandoned
fe1656d7-714a-4bea-9668-a07ce4624cf6,,374057b9-3455-4333-b325-0adbc4264f61,2026-07-12T12:03:39,2026-07-12T13:02:39,abandoned
7a955be4-881b-4f52-8714-86daa1d72bf5,b4624db2-8aba-4c57-a0f7-0f5cb8bf0a04,e3f79591-d29f-40b5-9d7f-090c961b79ea,2026-08-13T08:18:04,2026-08-13T11:24:04,abandoned
103a9308-3115-4352-8fd7-fe8643eafb35,11498734-cebc-4784-a055-6bd08a18f1dc,f763e6b1-ba91-4459-a9db-62933fe59ac9,2026-07-15T10:49:43,2026-07-15T11:37:43,converted
438214b4-8ccd-4223-a039-3e6d07263f03,43df30db-068d-40fc-8576-7e2f6e62f2f6,61ce31e0-ff04-48fe-ba88-f9ba84cc9a32,2026-07-18T09:35:17,2026-07-18T12:09:17,converted
e82c71b6-eee6-41e9-b982-a022d080a19d,,eea84cc9-b46b-4fc8-81d3-f46a0473cdc9,2026-04-17T07:55:12,2026-04-17T11:01:12,converted
538ecc6c-755e-46a2-b9bd-ea6f836b4c46,,0bed6ef3-79a4-4238-a486-0289ef20d324,2026-05-31T10:29:40,2026-05-31T13:58:40,abandoned
16130188-c1f8-44f6-bd30-e39f5ddc6406,,cc4a183d-63b1-43c9-8c27-e95b5e1d990b,2026-07-22T15:33:28,2026-07-22T16:51:28,abandoned
58c757a1-a583-47de-a5b0-e5fc42051d79,2e1fd151-264e-4a4a-8584-733dd5da3152,b7f5d4ac-25a0-401a-a667-e1e55734fd3f,2026-06-08T21:54:07,2026-06-09T01:28:07,abandoned
36c8878d-adbe-4b9e-bd0b-ddb41d9d3dea,,505309d9-a263-466c-ad78-8169d52ee88e,2026-05-18T17:05:44,2026-05-18T19:50:44,abandoned
6c963a00-262c-4afc-8519-7c1f87a9f8dc,,800bbfe4-318e-4580-a0cb-e3589c0a7e9c,2026-04-23T08:29:51,2026-04-23T09:19:51,converted
a2071aae-5c9f-436d-9bdb-10e4665d1ea0,,2b1abaea-a0f6-4de7-959f-814b48d1d2ec,2026-06-25T04:21:13,2026-06-25T07:15:13,abandoned
0f20dce3-9cfa-45da-853a-c93326e7160a,,01c8a6a8-fbd7-4aaa-a40c-4e166c13a0f7,2026-05-09T19:27:26,2026-05-09T20:28:26,converted
a24e0d9d-c6ad-4adb-b4a1-f809276b692e,,ba1c8dac-a5cd-4ca0-8345-b31d53f8949d,2026-05-19T21:36:04,2026-05-19T21:55:04,abandoned
c79f8e1c-980b-47e8-b57c-93d7d82464f6,3455f0ff-3219-4cd9-acd8-091f34518293,54157c2d-1887-4a63-b773-1c9ddc5a8d30,2026-05-31T01:58:10,2026-05-31T02:08:10,abandoned
3cef6d43-0aa5-408b-adcf-8cf4090adb51,8e104807-9dc2-4625-a1b7-9d858ddd96de,46785cef-2303-4885-8fbb-146dda9ccfb7,2026-04-05T17:06:57,2026-04-05T18:12:57,converted
c8719675-44e2-4224-877a-b1df9d7804f6,faae2750-9c1c-4c70-96ed-e845374e4e5e,4329841a-1399-4677-9ddc-10157b736fc2,2026-05-20T16:17:54,2026-05-20T16:33:54,converted
fb78f7ab-de23-4b5e-82ef-c55a33cd5b0b,65dbcba7-fbb7-4837-ace0-5cd3cc5dd4a4,e92d280c-6ae4-41ea-a049-988b8d4e4208,2026-06-13T02:40:45,2026-06-13T04:34:45,abandoned
381e7e72-f25c-4585-ac42-410f069c01ec,,73719db8-dadd-417e-9fc2-251e2e0adf9f,2026-03-15T17:58:19,2026-03-15T20:20:19,converted
571985df-cbdb-4e53-a0c4-089234a2264f,2d4e6ed6-f081-4049-b92a-7792dbe97b89,8f71e051-fc00-4782-9359-ed09f784a228,2026-03-20T15:00:41,2026-03-20T15:35:41,abandoned
3a71aa81-f11d-445b-8a74-b8e1eeac83f1,,b6516ee5-2e7d-4f04-8c17-b09949ac5b8b,2026-07-25T02:44:59,2026-07-25T06:10:59,abandoned
2500532d-3785-4a91-8d36-53f04e647f21,0206c59d-8464-4845-9680-9463df25efd9,c955246f-fcad-4b1d-ad3c-1c30cc5c0681,2026-04-05T23:35:38,2026-04-06T02:31:38,abandoned
7d6aeb88-d4ab-4075-9d53-dcf070053968,f7d61334-5d22-49f8-a022-903921239047,c1d77a8b-320e-4fb7-bc4a-df6a3e1898e9,2026-06-11T16:42:33,2026-06-11T20:19:33,converted
66cb1bec-89fb-497a-bb2d-2ea760bfe032,,91fbf43e-2d1f-4470-8e73-9f38eeef98a3,2026-06-01T03:23:52,2026-06-01T04:22:52,abandoned
131f3f27-1846-4dfc-bda8-e1ee372acf14,,76a7adac-1891-4f60-91ae-67fd8e837eed,2026-07-17T22:22:52,2026-07-17T22:39:52,active
fd390c5d-942b-4736-a4a2-12b597eb5abc,f03fb49f-283d-405e-bf8d-52046ca6e77d,62c30941-8551-4085-b082-4317a49d2505,2026-02-27T06:19:30,2026-02-27T08:11:30,abandoned
ffc8b34e-a9ec-45ca-a183-e2982ca49c16,5bf14829-99bd-4d3c-b504-edd1e45593a0,26952e3e-d99e-40cc-87dd-3de3960d2716,2026-04-13T14:32:20,2026-04-13T15:02:20,abandoned
6fd8a62a-eaa6-4a41-a23b-a8f4ec4cec72,,16356b2d-9a0e-4642-9521-04b64e4eb8c3,2026-03-25T04:53:18,2026-03-25T07:12:18,abandoned
97f2695f-e7d8-41ba-ac68-1f8289b01f45,,d68ac276-6c2b-49d0-a8e2-8e2d407d7dee,2026-05-13T19:27:37,2026-05-13T22:34:37,abandoned
05096fab-1f68-4e7a-8a4d-84fd7cec3212,0a34659d-f0b2-4bdb-bf92-759aea838e90,272080c9-29b5-4044-b48f-6daaeafac76e,2026-06-06T06:11:21,2026-06-06T09:05:21,converted
d4a3136b-4468-4126-b2fd-280f25c17e52,c502b1f4-b287-444d-b643-953150ebee0d,52375a09-bc0d-4d7e-91af-7fb472cffb17,2026-04-05T22:55:10,2026-04-06T01:43:10,abandoned
76272c18-3b5c-4e23-a869-52fea4c7c333,3d0fd916-f8d9-4f59-9d2f-75d16ed75c58,7908d722-2d1d-4240-952e-8f706a7897e4,2026-04-07T11:28:18,2026-04-07T12:39:18,converted
18a9014c-6463-4d08-9fdc-cf5610e029ba,3870073a-f764-4a2b-bc64-18e4569bf784,add1ddc7-cbea-4513-a70a-df7584cc1eff,2026-04-01T18:40:49,2026-04-01T19:53:49,converted
b2f7c151-8a62-4458-baf1-eb57ce4ff996,,06428462-84bf-4708-bf2e-ac5e37aa08f1,2026-05-08T17:05:27,2026-05-08T20:58:27,converted
1c42bd1b-a668-4665-a31b-d13a25568353,8c5628d0-6d15-4a6d-80f2-9c723e39ba83,20705953-ee61-4e48-b9bc-d7a5cb2367e2,2026-06-10T02:28:58,2026-06-10T06:24:58,abandoned
51efc0b5-f988-41c6-a9f9-d1a4217833fa,d23755ac-d315-4dfd-ae80-4fa042f7d833,3fc05786-44e1-4970-aab1-089e482349a9,2026-05-11T13:34:09,2026-05-11T15:48:09,abandoned
26271599-c940-4b96-b4a9-87e8554cafa3,d4d6e685-70a2-49ea-b511-383a54d18cfa,7e9406c6-6437-4969-b51f-0cf28d1de473,2026-06-01T17:14:51,2026-06-01T18:42:51,converted
102ab64c-fe85-4e00-9051-b2c8e54e2432,45ed3c5a-3c94-463b-91d2-73d3333fe5fc,a424f66a-5e20-4a70-901e-9ca716ad39e4,2026-06-05T10:37:03,2026-06-05T11:58:03,abandoned
9fefa07e-c1d7-4dc0-a54a-d107322ac222,,79dea5b0-9726-4244-a0b1-87850533602e,2026-07-22T05:09:00,2026-07-22T08:47:00,converted
fc2bd113-110d-45a9-a8a3-e8c5ca066b68,a6e1b4c7-24c0-48ca-96ee-6d0a46348a82,f1eea986-98c7-401f-9ea8-38e22c6c6ce2,2026-03-08T13:42:25,2026-03-08T15:07:25,merged
7e383fd5-8f52-43de-9f75-e1085e6e0a34,f55982fc-a2f7-407d-b845-3b32df0463f7,fd0a06b4-1e91-4535-8d9b-8246722cde88,2026-07-19T17:37:03,2026-07-19T18:04:03,abandoned
92ae4475-93ac-4fc8-bc65-864a8805fda2,89b94667-2d12-4e7a-bfdd-f37056d10195,b272707b-90ec-4d91-b3e3-d27b1cca5528,2026-03-07T06:51:52,2026-03-07T07:58:52,abandoned
dadda374-cede-44ab-a982-69ed6170350f,5bbca380-854e-47a4-ae5c-fd631650a115,298cd3a4-1bb2-4c2f-8550-64f5ff8446e6,2026-07-06T15:32:53,2026-07-06T15:40:53,merged
c5b16bd3-06b7-4cda-b8d7-70297c37b470,,11597808-e2c6-4e0d-aa5c-4b07d2678acc,2026-05-01T07:38:22,2026-05-01T11:18:22,converted
8757f2e8-a60b-42ec-b0e2-d94a7578d642,f8b1caa2-10e7-4302-963a-252a15b4a714,aeb06a96-bdff-43c0-8481-e30894952941,2026-06-13T17:16:42,2026-06-13T18:17:42,abandoned
4081235e-fc4e-4f60-9878-950589890959,,f3125083-5dae-4aaf-a0cb-335c08a2d3ac,2026-05-30T16:35:18,2026-05-30T16:56:18,converted
e029d95a-5fb2-4175-96b3-6562e41f7f03,,b95bbdf5-b02c-4235-ad70-56b267993848,2026-04-24T00:36:04,2026-04-24T01:29:04,abandoned
f5808b3a-a667-4825-b4fb-e5e06a4e0c8d,58491188-36e5-4fb3-ab3b-514e78a270a6,b578eb2b-d70f-4380-8080-7d9962f3b1b0,2026-03-18T02:25:45,2026-03-18T03:57:45,abandoned
6ecda101-7f34-456e-af11-3e1478099ab5,32927010-1d7d-4cd9-a500-593804ff0e77,7c238575-42bd-4ea6-98a4-b7c840f47a36,2026-05-06T09:19:28,2026-05-06T11:01:28,active
79e5009c-1f42-4ce0-b8e9-bb7b870eaa42,355d89d9-bf5a-41df-9382-a5e57cbbbec4,1a6b4584-1f26-484d-b78f-e2ecc66e2521,2026-04-10T03:41:59,2026-04-10T07:04:59,active
6add5b41-1a6c-4104-94f1-1a4030130abf,a792d50a-1570-450f-901a-c26bc3b4a9dd,3a9824f7-d72a-4a08-a881-db95b13ab63f,2026-04-21T23:39:03,2026-04-21T23:50:03,abandoned
cae9a21b-bb03-4fe3-8dab-f95520381baf,,9c5d4134-cea7-40c8-b844-576ea8108be5,2026-03-04T07:37:07,2026-03-04T09:52:07,abandoned
12a0d386-45c0-46d3-b65c-defe34cd4d36,b43d4e7f-d2c2-4f0e-a706-cfd02d61a398,f6bea7a2-06b7-4427-bf84-d30f338f3032,2026-04-14T23:29:56,2026-04-15T01:13:56,abandoned
b214bfed-3462-4b02-bb44-e15ca733f7a3,,733d8bd5-5306-4a0c-8c69-8d5493493d05,2026-05-07T03:59:13,2026-05-07T07:05:13,abandoned
e26eaeff-a517-4fed-8332-efbe888ac0a1,21c61b96-d053-45f3-9730-c3483fe288d2,aac4d1ee-bccd-45ab-bf3b-83b6036a283a,2026-07-05T17:09:50,2026-07-05T18:29:50,converted
cb6cc182-88d3-4872-bfa1-e5ac98d33c90,,ef9e822d-e3cd-446b-ab78-4ccb29396ff1,2026-07-05T02:21:17,2026-07-05T05:43:17,abandoned
e3dd3d91-a655-4896-a5ca-afded427d6e6,ef097aa6-f4d9-4c16-bc17-a7cc87116f35,2c3a1041-1bb4-4354-9b48-20eac7fa6e06,2026-03-02T04:48:21,2026-03-02T06:46:21,abandoned
720eec7e-edf3-494c-9b3c-aa2b6fada4a1,d285a28f-6fa3-4c70-9469-73e7fe1787ae,82573aa1-3d9d-4494-9314-f721c6c2d70c,2026-02-22T05:31:22,2026-02-22T08:46:22,converted
d7936102-64ed-4da3-9164-47ff87a0a161,3207b0f3-9af4-4ba4-acb1-6ba8ea25f52e,809c7185-9fcd-47e8-9f83-af451282fc98,2026-03-27T10:43:46,2026-03-27T12:26:46,abandoned
2f49c931-49eb-487f-8636-795e46dfe960,5daa5d95-314b-4f5e-8926-8d61c9d4daa1,e1ae09be-91c1-4b7c-8c30-516edad66015,2026-05-20T07:34:19,2026-05-20T10:46:19,converted
c970b5d5-f564-4550-8530-0f8ff80a1e9f,,179463b9-d3a3-41c9-8109-56a09ec59c96,2026-07-25T15:40:46,2026-07-25T15:47:46,active
10f1df8d-2913-4397-b36f-ffabb5d5062c,4126c950-a88a-4305-895c-96d7e076897e,bfff9256-b038-483f-bddd-a50c615c90f4,2026-03-15T23:07:38,2026-03-15T23:56:38,abandoned
4e8ab632-a150-4dfa-9087-c772922961b4,,a18949f1-c9b8-46f1-8c0c-93391261c908,2026-07-12T12:11:09,2026-07-12T15:50:09,converted
57d82fa9-bca9-4c85-81d5-b9799c0c0239,d224c314-09b4-49c7-9490-53d3247615d2,d6998f19-8248-4815-9ab0-4efd5fa62d07,2026-05-31T12:19:27,2026-05-31T12:54:27,active
f04bd05c-1c88-4f6f-8e59-bb26d8ddfbb9,43217606-3354-4bb8-b967-c358331d8375,10ac0a78-f2d1-4272-9469-79ef7b6594ce,2026-03-14T02:16:15,2026-03-14T06:16:15,abandoned
b3996bfb-a217-450f-b5cd-058b3b7f48e6,300faed1-594b-427c-894e-c46855f06f22,27f42080-4fe1-488d-89ff-d54d38a4f08a,2026-05-02T09:48:03,2026-05-02T13:31:03,active
bb4f685f-2162-4fdf-bdfb-f7f8dad5e19c,7767d63a-0293-4866-ae0a-724670463aa1,993fd263-2a78-465a-8c18-64192409835d,2026-08-02T18:11:12,2026-08-02T19:30:12,converted
ea2ab712-c4be-4e1f-8822-614cdd73d6c2,5d5ea9b6-fefd-4e25-850a-9c2d365e7e27,521f0d47-968b-4375-b45d-6b01c1eb4eec,2026-03-15T17:11:02,2026-03-15T18:53:02,converted
ea2910a2-1bb3-440d-872c-5f675f06c9f7,,c6ec640e-e38f-45f3-bed1-c58d958fed52,2026-03-06T11:56:12,2026-03-06T12:21:12,abandoned
443e0b7c-55cd-4246-b14d-b6607167de0e,189edb91-3f25-4f32-bfb4-64bd4052cb1c,8d89084b-d87a-4692-b636-88fe0a1e0897,2026-08-12T14:25:55,2026-08-12T17:34:55,converted
44654465-d652-4094-bee7-3f409e6b6c19,,9534b076-afd9-45ea-8f8b-b6a03a81d476,2026-04-09T13:40:49,2026-04-09T16:10:49,converted
f9f8a392-af37-4ae9-ab44-5fd99f2d09fe,bf03895d-6d44-49a2-8183-81c4e89eac75,2d7c8edc-5d3b-411d-9735-248822e26989,2026-06-24T16:11:31,2026-06-24T17:00:31,abandoned
069c7090-c15b-45fc-8c47-1fcc4cf20ff2,,f14c0578-347c-46a1-a23a-97e5389df50b,2026-05-26T04:36:15,2026-05-26T06:47:15,converted
f69a7d9b-61a1-42ad-b501-5cb0da4e83f0,a43342bc-a956-480b-8ef3-7b28e61c9b9b,7091e1d3-9e45-4b61-85ce-b9505ab09fda,2026-08-13T12:03:27,2026-08-13T15:07:27,abandoned
fc793517-95fc-4585-b73e-cf12a15be943,aa006c1b-6b97-4f02-99a9-57923d13eb8f,1c4b6e2e-aedb-4d39-922a-e7ff3e8f1728,2026-04-22T08:25:14,2026-04-22T11:10:14,abandoned
3bbefcbc-de94-4d57-9957-20098f169319,,04fbc489-fec9-4ade-a580-de70e482aab8,2026-03-13T06:44:32,2026-03-13T07:55:32,abandoned
4efd71eb-63c5-4347-9ac4-03e979535482,9f72b282-1f70-450b-988f-9b3029fa121e,2cc73d02-2693-4034-9091-f647faa97d3e,2026-06-20T00:13:07,2026-06-20T03:20:07,converted
f228a7b5-32db-4506-9d78-e09359ee60f0,,8c7f592f-326d-4b2e-9cb3-14253a7a3fc8,2026-05-01T18:41:27,2026-05-01T21:14:27,active
8238361c-f6ef-4897-84e4-b33fe909f72a,2ba287a4-72ee-4028-bc13-39a65e78db4d,3b2901c3-3057-4594-a3a2-d256a2514bbf,2026-07-11T08:57:43,2026-07-11T10:13:43,abandoned
26d6312f-f017-410b-aa87-508e7ef0bc3c,05f69a50-2703-4591-a792-14e2e5994b43,a8a13d68-96ac-423a-b121-f871f350b4a7,2026-02-22T15:18:38,2026-02-22T16:01:38,converted
45530a63-5232-4a06-b2e4-11ab6f3bdcf1,2251b079-d6df-4d71-bd74-d2a00e841a9d,1a93bfa6-978a-40fa-b189-7b2986bfb2b9,2026-05-17T19:14:24,2026-05-17T21:13:24,converted
199b6576-c175-4765-b4a7-85928963939c,073c6c4c-9988-45b0-9224-7ad4e69d8c6f,01f0c4ee-b3a2-43e4-9fa6-99b01a9dacd2,2026-07-10T02:50:30,2026-07-10T02:57:30,abandoned
6d18c76a-e44d-46c9-b734-1640a0f98ff7,,092164d8-df31-4ee2-b1b8-3f23c8a03ffa,2026-03-09T20:39:36,2026-03-09T23:00:36,converted
378b5e87-27a7-400c-a291-5f1d1c76d1cf,b08f3b44-9c9f-407f-a89d-961068f5f58c,3c922cdb-9b93-43d9-9132-fcdee24de258,2026-03-22T07:33:28,2026-03-22T11:28:28,merged
bd452994-9ecc-4086-b4bd-8104bf156495,f8486fce-bc07-4a4f-a6e9-ed6a06ba996c,c73df032-1f23-417f-95c6-366ce2da1246,2026-04-07T17:16:19,2026-04-07T17:52:19,abandoned
1102d5bf-beaf-43c2-8f3d-8307b28661fa,d47a83f3-a765-4a20-b40c-e0993cf00e4f,342b146e-1cd6-4618-b02b-b0405fe43427,2026-03-01T11:02:54,2026-03-01T11:38:54,converted
78e58b4d-37bf-4c9d-b3b7-919b632bab47,3934f6b2-65db-491f-93be-76ec718440d9,87331456-5cb8-494d-97c3-7501abee25fe,2026-07-08T16:42:13,2026-07-08T19:14:13,converted
5441c1db-fa3f-4f38-b36b-14efe55ce2c7,,37f927bc-5e9a-43b6-a919-4ce4de714d50,2026-08-12T00:13:25,2026-08-12T03:01:25,abandoned
c43da196-afc8-4eca-b499-747df4ccbd20,35bb651c-499f-433f-b5af-b793b285e727,82092d51-562a-4959-9d84-f8241911e67f,2026-03-09T22:56:05,2026-03-10T01:54:05,active
676f58d4-d491-4c30-b98d-3a93190402f6,,477b7b5c-68ea-4d96-912d-b0be3fff4375,2026-04-12T18:51:54,2026-04-12T19:51:54,abandoned
6e4409af-f72e-445e-9daa-b9c86fb0a18a,8f4f1f50-62c9-4870-bf5b-bdcd357f8ad7,416b03a2-4838-4742-b68d-35ad5c1c8fdb,2026-05-28T17:06:46,2026-05-28T18:39:46,active
ca5ffd6c-c1e0-4849-a95c-5359e08fd933,,beb8c921-0270-4c94-bfc2-9a9d7da859a8,2026-04-09T10:13:59,2026-04-09T11:25:59,abandoned
8d272674-c8ac-46c5-ada8-1fb4632552f0,,8cd38e0c-2226-4d42-9604-20ed3e1f1657,2026-02-17T15:47:06,2026-02-17T17:39:06,active
561cdb65-e4f0-4889-9fe7-54502dc1f479,3785fc7c-35aa-4e40-b620-f54b10e8a832,92c84427-b76b-498e-8543-0b4cc1ad030c,2026-04-23T23:35:37,2026-04-24T00:07:37,converted
3fb9a0b4-2914-4352-b4e2-2d15d73777c1,cc6587b9-1ad1-4f99-bb8b-dc23f1621ea6,bd445066-6943-4375-980b-fd307efbb077,2026-05-28T21:46:16,2026-05-28T22:09:16,active
d1626e8c-ce9c-485c-aaa6-2d10180e2a74,05e61dfb-4365-41c3-8f86-f9b259998765,73b96cdf-413a-4bef-88a5-31c05dd2f4d6,2026-02-20T05:09:37,2026-02-20T07:37:37,converted
ad56ca9f-b878-42d3-b4a7-e5d8eb1625e2,34b17474-7fef-4a04-8009-f83028f66521,430ad658-a2f8-473e-983b-ae1617b93357,2026-06-27T03:52:31,2026-06-27T07:43:31,active
4d83db08-bff8-43a4-ad9e-3fdd41183677,1757e1cd-b99e-42a3-9e19-1b1305127836,11a13eab-b36e-49bf-afe0-af46577832f7,2026-04-18T21:48:42,2026-04-19T00:12:42,active
e3e34326-7016-4f8e-b198-05b6b5453297,7e394ed8-8aae-477f-9649-5d3e7f5658fb,84f9c4e7-c52b-4dbd-835e-8fcd1e09a0c8,2026-07-25T20:58:19,2026-07-26T00:15:19,abandoned
23d95224-a7d8-4429-a00c-ba860920e5ce,902c8ddc-8ba2-42a6-b380-4afc64f50ffc,e6ce8d6c-64e9-4a54-bbb0-bbb9b4b88775,2026-07-07T16:25:07,2026-07-07T19:52:07,abandoned
7920eb5b-0c2e-47bb-84c8-1008cea21a42,90b6264d-1278-47c8-a418-6498aac365ba,ca3d70e8-0950-4ccc-b557-9681f3b085e8,2026-07-16T00:21:38,2026-07-16T02:28:38,active
f78a41ad-3851-4b06-b38e-ba1494d964f1,f044be50-29c1-40c4-a16c-a1dd1f95d6f3,fd9e1877-33d2-4612-ad5d-9514540d369d,2026-07-19T06:45:24,2026-07-19T09:12:24,abandoned
b498e9f0-5c94-40d8-8a70-97c02741daab,,70b3fe9f-d6c3-4daa-989f-4e35dd2c8939,2026-07-21T11:52:54,2026-07-21T13:40:54,abandoned
2453876a-c6d2-4ef2-9c29-fc7822ce99aa,,7e99109b-c916-4e20-bb45-078682dbc95e,2026-02-24T07:28:53,2026-02-24T10:07:53,abandoned
866971e5-fba5-4ffd-be72-8dee012a012f,,c4a314aa-e5c4-4025-a0d7-3f92782f1801,2026-06-03T16:25:00,2026-06-03T19:09:00,active
361f3f4e-1548-4665-9258-9f6af1935d4e,943fb486-16d5-4258-99e7-8340b1862e76,73fc882c-8267-4055-bf17-e643b29180b0,2026-07-29T16:47:21,2026-07-29T19:41:21,abandoned
1612a15c-8de0-469b-9b73-1cc976faf225,b745eacd-b8ee-4507-82ff-98d3c4daffc7,8d334e09-d0f2-423d-ba17-eb110cb320b0,2026-04-21T11:31:47,2026-04-21T13:31:47,abandoned
0147ada9-c6f5-4cb1-a9c9-a7330178cfd8,33ab4667-4cdd-435a-875e-305ea36ebc4d,30f70ae2-85f4-42b4-8a26-460cee240fd9,2026-08-01T16:28:40,2026-08-01T17:19:40,merged
b7d7fd96-d1ec-433d-859c-d936ef031e84,,f26d643e-caec-4f6e-ab0d-99135ec1e2f6,2026-06-10T20:50:52,2026-06-10T23:05:52,abandoned
fadedb34-4bee-43bb-b946-d6fed675d99b,4740d6a5-b760-477f-83d9-7d1c3e04f0ba,bad9df5b-66d8-4a2f-a4c5-273d8f927bc1,2026-03-02T20:04:56,2026-03-02T20:43:56,abandoned
575c560b-947e-4574-b689-3e248142abe3,b4eb2e6a-e0ab-46b4-8a7a-cb2e92d8e009,4e16e73b-ddde-49f6-b1fa-e700f86cab2b,2026-06-22T15:54:46,2026-06-22T18:54:46,merged
7fd4f50c-aeec-48a2-be6b-61d40899ccae,,9864618f-4035-4d02-bfdf-563ed4d17f10,2026-04-04T15:37:31,2026-04-04T16:02:31,abandoned
7ba554ea-7d42-414b-8235-00cd2b7d609f,,f1d96a0d-f315-4f8e-81ae-7e7bb39b0336,2026-03-27T03:32:10,2026-03-27T03:35:10,merged
be373e2f-bf44-438a-ab8d-9957201a36fe,,71f76164-8f16-4e86-aeed-f85ec65932e7,2026-02-28T15:19:59,2026-02-28T16:57:59,active
ee763011-24b5-4516-a5e7-ff06f6b4147f,,8d118e0a-45dc-46a9-870f-8052b9c5e9d6,2026-05-08T10:29:05,2026-05-08T12:12:05,active
74aba196-697e-4e36-8c6f-fa1e4a4b7ae4,37601558-3b79-4200-800f-fc03a28a5ec7,92781faa-e0b9-4218-9900-cbe6450f304b,2026-04-20T07:44:19,2026-04-20T10:53:19,converted
77c61c22-106f-4d7a-bbf4-ada7acadd323,,df1d6f73-3315-41e1-a98e-9067b6870e2d,2026-02-17T18:20:36,2026-02-17T18:44:36,abandoned
fad6b159-7b44-445e-94ae-3d8d349187fd,3a1577eb-7860-498f-936a-da13e16cbd8c,d26bc6a5-e92a-44e4-8d16-805b2ea2fb82,2026-04-18T14:48:10,2026-04-18T18:18:10,abandoned
ac6923cb-ef2b-4e03-b8a4-9ed7951293a0,5d24b6bc-2eea-4766-a11d-b0aed43f038a,3d9da8d3-e83c-409c-ac1e-30679cd656f5,2026-02-20T21:17:15,2026-02-20T23:52:15,abandoned
1d027fd2-3821-4796-b291-3e524373c3de,1435b563-f156-4cd8-9f3d-6224260e26a4,caec2c84-f22e-4bda-9433-ef3118111b7b,2026-04-29T06:24:59,2026-04-29T07:31:59,abandoned
4ffbf7ca-1326-4374-a67c-7e6d3963bf4e,,a37d9fc7-9522-4ff9-8e61-2a7463bc7c83,2026-04-26T00:10:28,2026-04-26T04:07:28,merged
b4a1cc6c-d080-4744-bcbe-09a7c25ac6e8,,79f34981-c143-423f-9820-55bc01d97114,2026-03-06T11:49:49,2026-03-06T14:30:49,converted
abe653c1-a9a4-4b97-994f-200bf7c6599a,84f7f075-d17e-4662-a11c-bc80e28b12f5,a7f10510-4d9c-4545-8d1b-bacca46615ec,2026-06-09T11:59:26,2026-06-09T13:41:26,abandoned
5333d5c9-f825-411d-824a-758df120cb1c,f78c30cb-fcda-4209-9aea-0ae7ce4f7b81,e7c9b124-4ee2-4d3a-9cbc-d75d1d1943a1,2026-08-08T12:03:55,2026-08-08T14:04:55,converted
804d3890-c257-43d2-b258-7f90cee53c27,5a056723-8fb6-4708-ba04-edc4e2854e74,9007d27f-a540-4926-828a-416d6a2d9619,2026-07-17T20:17:08,2026-07-17T21:53:08,converted
d27eec3c-cd96-400f-ab7d-819047940563,adf0d9db-c6a0-4226-a93f-30482ccd9d28,3c7cc8f0-b28e-4135-971f-6aacfd420951,2026-05-09T20:47:57,2026-05-09T21:32:57,abandoned
d7af69d3-fe2b-4367-85f1-b53ec2018f5c,26ce484a-a527-4fe1-903f-2809a03fd21a,784a7522-db35-4212-a2eb-b8411ecb82a8,2026-05-09T13:21:06,2026-05-09T15:22:06,abandoned
f4478307-fb47-4b59-b291-3f731eae5f1a,5bbca380-854e-47a4-ae5c-fd631650a115,b95a61f9-52b1-4d32-add8-0e952f3dad83,2026-04-29T03:55:22,2026-04-29T06:08:22,merged
38ce305f-fc6c-487a-ae79-3d3306d77452,18b69140-479d-44b6-8369-04a49414f975,163a5e92-6ceb-44fd-bf98-848a61e97682,2026-05-23T00:50:45,2026-05-23T04:45:45,abandoned
f35b293f-6c3c-4b86-96f0-5b1149c56f7f,,ab5824c7-1162-48b0-9790-03cb7c41346f,2026-03-29T00:56:20,2026-03-29T03:17:20,abandoned
1c7ef490-4e6f-43d5-965c-1eaf53b22a79,,b14daf2d-a182-4ebf-9c88-2fea639e97ea,2026-07-11T21:11:44,2026-07-11T22:58:44,converted
acb481a7-f219-4628-bc4b-7ff070ac29c1,,4ef6514d-d829-4a24-a601-db8aecce758b,2026-04-15T00:09:46,2026-04-15T01:34:46,abandoned
70d5b42f-8dee-4679-9e65-7fed1328704c,33d208d7-91f2-4d70-9f75-c1bf87481c15,37ff7d03-1f84-405e-9f5d-5e99cd950298,2026-07-15T13:43:20,2026-07-15T16:15:20,abandoned
97793199-7142-48f6-b9f0-e332cf6c26d4,848c50eb-5e2a-4b53-b6b9-751bfad107b7,0a69bb82-9dd3-4347-bf7e-706f0165ec41,2026-06-27T17:52:03,2026-06-27T20:45:03,converted
82877909-7c3d-4986-9d0f-db4cab0e0496,b998f134-9c6e-4e5b-9a37-d0d9dbc72f85,658d07ac-1855-4a09-8602-37b015e5df9f,2026-02-24T01:52:48,2026-02-24T04:04:48,abandoned
5580af0e-2d33-4950-a936-d4ea2f05538d,faae2750-9c1c-4c70-96ed-e845374e4e5e,9b08ce63-14dd-45c2-a548-0dbd2a069bee,2026-08-08T10:33:16,2026-08-08T11:12:16,abandoned
440164bd-a58e-4104-84fa-e49bb1c9d195,10687c1c-9437-400c-a604-0e19882c65e1,c3ca8a6d-0de4-49bd-8ad8-7d862bc329c1,2026-04-14T07:19:16,2026-04-14T07:55:16,active
02abc901-1f8a-4202-8950-9093329af915,,f7e63542-5ae4-41a9-b8f8-7331504c450f,2026-07-12T09:55:52,2026-07-12T12:50:52,converted
0f8f84a2-15cc-4f13-8106-80c0b96daeec,,6bfafc1a-28ba-413b-a06b-b4ad10d40b81,2026-06-10T19:09:17,2026-06-10T22:21:17,abandoned
32d8d320-c316-4be8-a87e-67c005f82a85,cfefbf12-9a5a-4d61-a708-d92f785af097,211abf5d-02a9-4d6f-8c41-cd5cd2d1e82f,2026-05-15T23:02:18,2026-05-16T01:22:18,converted
997020c7-d163-4fef-baf1-5d4c091234db,e94d8a6e-9b23-411a-baf2-75f02c42d8cb,664999a0-b93b-4c1e-a2f0-531434968388,2026-02-20T20:52:16,2026-02-20T23:34:16,abandoned
9a475c91-e140-4836-9d8d-49e7c8e75024,8e312b31-712d-4fc0-84dd-27ff2b1dd09b,f4dc5001-5099-4649-b922-da61d6409669,2026-03-05T07:25:33,2026-03-05T09:56:33,active
14d2a704-b4ae-44b8-aab6-faa0c8afefcf,22a4c19e-c3ff-455d-8a3b-d4a9bd6b8334,7471e9e2-01c0-436a-875b-331ea56e9fd0,2026-08-10T08:53:30,2026-08-10T11:59:30,abandoned
a4a3c90d-0fb4-4db5-8568-288b0f19bcc6,,9b2bc3df-ee28-4459-a902-707c6e8b6615,2026-05-17T20:35:56,2026-05-17T21:55:56,converted
dae1c525-47b4-4f0e-97fc-0dacb9499098,82205f5f-43a1-4172-aab8-523ed6a89f26,d2399f92-b1b6-476c-a038-c18a3778c7fb,2026-07-03T09:25:59,2026-07-03T10:51:59,abandoned
ef0c3594-17da-4c35-b882-97fbe1c5599f,,eeee4058-5d92-44a2-bc73-7f6f1599066a,2026-08-01T10:09:47,2026-08-01T13:49:47,abandoned
e54491a5-e684-413f-923c-d169ad91eee4,,5a1750f4-9019-411f-abf2-cbf4bffc8b30,2026-04-26T08:18:23,2026-04-26T10:39:23,converted
83cd0025-9c85-46f2-adfe-27df80440f68,670a79a3-05fc-4a33-8b9d-1b6df80347f4,854c7471-ddba-4a5f-8ecf-2565a3763073,2026-08-15T21:29:24,2026-08-15T22:00:24,converted
e42ab070-3f4f-4722-b92c-b834b7cd282c,77b903b9-c97e-44ae-8274-9dea7b101277,9d018005-e612-4f84-8990-d239ea277c5c,2026-05-10T01:34:48,2026-05-10T02:56:48,converted
82a0db63-5081-4b72-ae3d-828a91d44fa8,,aee964b3-c756-40e3-8f49-6c2ecfa99eb7,2026-07-09T02:03:38,2026-07-09T05:50:38,abandoned
8e892210-c6d0-4750-92da-89cc5edb63d4,b6552330-9932-4624-8855-b5b7aa13d3f4,2748aa38-1f8c-40b4-be09-8bd20b2e8df6,2026-04-12T21:50:56,2026-04-12T22:06:56,merged
7172c5f5-fe06-4ff0-b6b8-6dad6b11fc19,,218e350d-36b5-4849-b4e7-a714c9dd38fd,2026-03-01T21:04:33,2026-03-01T21:37:33,active
7bec0fab-ecf6-4cf8-8e22-6a009b86ee29,,f7726e6e-9ff8-4aec-824c-9fc109567ac9,2026-05-01T23:47:31,2026-05-02T03:11:31,converted
562ab822-450f-4859-af9f-9ca2b3f3b307,,2191e8ab-82d4-46d8-86c4-2d13577960eb,2026-04-28T14:54:22,2026-04-28T15:13:22,abandoned
ff58015a-8a69-447e-abf6-2468d831fdf4,,b8a8d11e-1278-4b94-8a8c-d0694708262d,2026-07-06T22:45:21,2026-07-06T23:00:21,merged
fe44ecac-ba89-45b1-be76-be50c9299bdc,8c5628d0-6d15-4a6d-80f2-9c723e39ba83,7f3b5c4f-b256-438b-beb1-267cfd707918,2026-03-02T02:44:43,2026-03-02T03:55:43,abandoned
a8f55dcc-94e4-4631-a72c-b50994d0c64c,,a9953af0-1234-4faa-ac24-48c01bd4211d,2026-04-03T00:40:10,2026-04-03T03:10:10,converted
773a8fcd-d2b1-446d-9935-91e76b1db6b7,117c9a65-4a4c-494f-8a54-64305d57c551,96966186-c178-4576-9f60-22f950c52654,2026-02-20T21:38:29,2026-02-20T22:17:29,abandoned
c503ef37-9d05-4a73-8d2e-fb935a305244,,cbe93652-ec4f-469e-bc1b-8d54cd25054d,2026-07-02T04:53:00,2026-07-02T05:12:00,abandoned
5748dfa4-0b8c-4e13-967e-2eb25ab6f477,bbffd265-99c5-491d-a03e-fee1fec9e123,b0cada2f-f113-4fa8-98a2-ed130565d290,2026-08-14T17:25:20,2026-08-14T18:12:20,converted
af728224-c5d0-4e9d-901c-242c79267d8d,,884be65d-e9fb-40ff-9ee0-ae28811df1aa,2026-05-08T17:39:40,2026-05-08T19:43:40,converted
96b67c68-5678-4c13-b0ae-9ae70a2d31d6,,5642b26c-242b-42ec-901c-7568bd96b232,2026-03-11T16:32:55,2026-03-11T17:56:55,merged
a4cd21fa-5372-464c-9709-749f182d1f5f,aeb1bb4a-8548-48ed-a8e2-c31bc682b091,9f6d0177-b4e6-4a3f-816d-477d9a0fe72d,2026-03-25T14:54:56,2026-03-25T16:10:56,merged
ce2988e3-affc-48f1-ada5-78e4f919f069,ce69d742-4723-467f-9e5d-262fff84a6a6,46598d94-9b22-437f-afa7-07ea109bc149,2026-05-09T18:38:01,2026-05-09T21:14:01,merged
ddfb3a33-1578-40d5-b731-68d512bd414a,,27498d35-5019-46d0-86d0-691d390f9ca5,2026-05-22T12:41:45,2026-05-22T12:59:45,active
2a026170-0d87-480e-948d-4cf220952eb7,388a03fa-6bff-4153-afbb-2349b43c876e,347172f6-8b1c-4f9f-bfdc-02143515503a,2026-06-06T04:37:24,2026-06-06T07:59:24,abandoned
07cf84de-b920-443f-8183-a36ec1942d94,b06bdac7-cb60-4550-a13d-62da39a1c53e,88268a87-a01c-4aa5-831f-82f3f0904f5c,2026-03-01T09:05:48,2026-03-01T09:12:48,abandoned
ff2dc254-9577-4b55-ad1b-8bb39e67f146,26b9f21d-cabb-40f3-b28e-71549d01a6e1,65c10c94-f956-41a0-8ec9-7ad2290e66ae,2026-08-07T03:27:02,2026-08-07T07:25:02,converted
4105b6bd-c107-4827-84f2-0641710f599e,83967256-31c2-4fcb-a61d-2378ac6f1ad6,8463eea4-42b4-4545-915e-c18ebbc64119,2026-05-10T10:00:09,2026-05-10T11:05:09,abandoned
ce7a5bde-7982-4476-81ba-90ce377ee4c7,3b47f466-5256-41a1-951c-efee13597676,fe29ec46-38c8-4374-9ad1-f50c19e5435b,2026-03-01T10:02:00,2026-03-01T11:28:00,abandoned
90ffb6a0-452e-49de-9b92-b3b27f99bcf9,1439dc05-4ab9-4995-90c7-d9437ae94f50,7cc070ea-c54e-4f75-a4aa-62eb6abcfc3c,2026-05-27T23:46:21,2026-05-28T03:09:21,converted
e1078ee4-ecc1-45ed-b535-494d5abe1ddb,,496c318f-ab9d-4a9a-86bd-97263a5a8eb9,2026-04-08T05:37:27,2026-04-08T07:03:27,abandoned
f0996127-cd6b-41d6-abb5-0976623e159a,,8f7a50c6-29ee-497f-b137-2c8d4be54dc7,2026-07-23T09:31:11,2026-07-23T11:33:11,converted
8d95d40f-f2a3-4485-902a-164fe31be9fe,e8da2040-0489-4880-a881-ef127727f204,4c406fcc-e9a1-43de-9e70-a27d38895da2,2026-07-30T03:04:11,2026-07-30T04:59:11,abandoned
e16c1bb2-1249-4ee0-8e20-42d8bc3ef86e,,485c53ce-6e21-4531-a129-2603d3fc3bfb,2026-04-01T01:03:15,2026-04-01T04:44:15,converted
8c3d0881-7a00-43b3-9b3d-45d369e24342,5d59a09d-7696-4e1b-a171-abe3b79fff2d,a0be3424-6b56-4763-8fe1-912265db899b,2026-07-02T14:00:53,2026-07-02T14:22:53,converted
fb7a4802-e3a4-4794-a0db-d8766ad9dbec,125d87d5-a36a-4f4e-865c-3122386e88ca,f819f971-cfb0-4039-9a3e-e7ce7874cd99,2026-08-13T09:34:43,2026-08-13T12:57:43,abandoned
b9642cb6-b5cb-4948-966a-0760ac8c3da7,,5478808c-3be4-4f80-bf3a-9073a2172b7e,2026-03-11T23:16:13,2026-03-11T23:59:13,abandoned
7e062b93-35ae-4201-a3b3-ace3bd88861a,,c6874e57-f4c0-4709-aad7-b765daafc7f4,2026-04-03T21:52:10,2026-04-04T01:09:10,abandoned
79491518-6d57-466d-8972-c3aeeaa45987,,95cf5191-6e03-4e0d-8b5c-19313c553110,2026-07-08T22:34:58,2026-07-08T23:51:58,converted
0bdaeda9-e4eb-42f6-b31a-051394e6397c,87fc5559-9d20-4780-8c0e-b7c248cd6236,cf6c86e7-76ac-48fd-8bfb-3e84e2ebf022,2026-05-01T13:21:29,2026-05-01T15:24:29,abandoned
93355132-db19-439c-b62b-10ebece4466f,,cf876644-27d5-4ac8-89e6-b5d74028cf97,2026-03-13T05:12:29,2026-03-13T09:01:29,abandoned
68503b3f-7d6f-4290-8925-7a9ecace1a84,,c24f00d7-e4ab-4143-bf2a-89cf64440ed7,2026-03-31T11:57:03,2026-03-31T12:14:03,abandoned
ef196c6f-4add-481c-a6ce-4fe77b9fbd63,8639eac0-9cd8-4fe5-9e10-8526a16018d1,a73ac993-ccbb-4eba-8c4d-b13cfa2d0dc6,2026-04-07T18:05:58,2026-04-07T19:00:58,converted
c447f355-40be-4fa4-9a92-38e638237c50,,9d63ea79-0297-4cf0-9614-93de556b3e38,2026-04-01T18:44:49,2026-04-01T19:04:49,converted
4e4049c6-5f79-4ec8-b566-34c10bf83d97,fd12529b-56bd-40cf-a742-a90ad36add5e,b20b0e11-3597-402b-beaa-9fa0a3ebad42,2026-04-03T04:20:09,2026-04-03T06:29:09,abandoned
d93729de-eea1-4ae9-b8fc-0a56a76c727c,e50d93de-3e78-4f09-8406-df4f27f26c8f,2ba85849-a7b4-4d4d-a5a5-924e661de83f,2026-04-06T07:50:53,2026-04-06T09:29:53,converted
3fece65c-d6a1-423e-a04d-50a323a2283b,8fd99d74-d73b-4014-a8fa-a37b39befe36,f9ab2cc4-11a8-4baa-b7f6-694e6189d11d,2026-05-02T17:44:38,2026-05-02T17:49:38,abandoned
d97e2e0d-97b3-47fe-860d-d5dd4aec73d8,8e5c2f29-44ce-4f60-b818-8b728f60b79b,e31ebc4e-efcd-4b8e-b8c4-2914f8b368ef,2026-05-30T08:21:08,2026-05-30T10:38:08,converted
65c93333-5fe3-4e7a-8aca-f119aeaf71d8,1435b563-f156-4cd8-9f3d-6224260e26a4,26aff314-5dc8-410c-ac04-16da3afed850,2026-04-14T17:42:15,2026-04-14T20:11:15,converted
b858e612-f30c-439e-9c3a-6846e26acf60,748db0ca-899a-4da8-8177-2fa1ec2a9302,9416b165-8a2e-4105-999b-a8f9929e308c,2026-07-06T11:06:57,2026-07-06T14:37:57,abandoned
172985bd-973c-45be-9cf9-639d9efe8fb7,,586a0a07-5203-40d5-989a-6073c701062f,2026-06-20T12:13:30,2026-06-20T15:44:30,converted
028c3518-5ff6-43fd-b5e1-e3626b202ae7,,74d7a7c2-78c7-4983-98a6-9310c028fdea,2026-08-04T19:04:01,2026-08-04T20:35:01,abandoned
5f6604d5-27d6-45cc-a497-43b9616d6632,,8489bc4b-89ac-4915-bdd8-00fc67755eec,2026-05-30T18:42:11,2026-05-30T19:52:11,abandoned
6b553018-dd2c-4556-a64f-5cb2ba8663a0,,670255a5-672a-465c-bf5f-a88bb1e0cb3f,2026-02-18T22:48:10,2026-02-18T23:15:10,converted
7ad55960-732e-429f-9f71-2e12971bef5d,4675a031-3216-463d-8c4d-42ea1283bd56,8d106121-0c07-4d4e-884a-dc452bb8a14a,2026-08-04T02:22:22,2026-08-04T04:48:22,converted
9a68cf56-23e0-41ac-a923-a714642f0f9d,,b06ccf93-2d08-4b80-8d38-5ea9b2324559,2026-06-21T15:13:44,2026-06-21T15:50:44,active
4c707a71-29f9-401d-a252-ef286f8d794f,d6ca3f18-6708-4e27-9196-8a2238aba9b0,fbeac4d1-b396-4a75-ae96-caa909dd2e65,2026-06-02T19:04:10,2026-06-02T22:17:10,abandoned
8860501a-6c49-42b3-b111-dfc9c4b7612f,,cdcab946-31c1-4759-a24b-238338935581,2026-06-28T22:40:09,2026-06-29T01:27:09,active
e2cb6a04-61fd-44a3-a38e-4b1845acc17f,3e28e5b6-fe21-474e-b5bc-95ac85c187ad,9e8784b6-2fac-4fea-8073-778b548b96e4,2026-05-26T09:09:01,2026-05-26T11:24:01,active
3610050d-4589-4765-917a-a0a45048ad88,,920194b1-fdc9-479f-9d34-bbd83be5899c,2026-04-19T15:55:58,2026-04-19T16:43:58,active
73f9ad80-c8a9-4f75-addd-3579daf019a3,8fe1e8f7-9891-4978-ae6c-34234f35c728,f5a5d0df-3de9-4a8c-b3bb-7756a14bb6df,2026-04-13T19:36:30,2026-04-13T21:09:30,converted
a5465a4c-4cfe-4862-a9a8-7d696898dadd,,07ef078e-534b-4218-b793-b5126b78af92,2026-03-30T05:36:29,2026-03-30T07:49:29,abandoned
9d92f54b-985e-4d56-ad67-44d8d148c974,,344e65e7-3230-4511-9636-abd468c4fbee,2026-05-07T13:06:03,2026-05-07T13:46:03,abandoned
650839bf-d2b0-4b86-9ea2-46831b7a9abd,cd67e795-f5fa-470f-9a4f-4060d5951279,bdb1cf0f-324d-4662-8ac5-1aa5e49c9ec1,2026-05-25T05:20:08,2026-05-25T08:21:08,converted
c4281cf1-8de2-4436-a377-c05300156532,,0af5ba7c-3d17-4dc7-9900-4c7bd6f9daaf,2026-05-31T07:25:49,2026-05-31T07:57:49,abandoned
cfa469b5-a699-443a-aab0-d2e4b0f5d6e7,,27edae9b-6cb6-4ad8-8f28-dbf418a7b89a,2026-03-13T00:57:05,2026-03-13T04:22:05,abandoned
ecdf7e30-e4fd-4ca3-a7a8-080c64c847ac,f4c4994a-5a77-4a2f-902b-4f69c22ccee3,df26a740-67af-4f33-8e8a-7e344c32d0f7,2026-08-01T09:35:39,2026-08-01T10:59:39,converted
94715545-4024-4331-aa52-794d33cc9d47,8f9052f4-d761-416e-8b74-a71f640df0d7,06ab71c5-e6c7-4497-b387-a0af996649b9,2026-07-02T05:55:21,2026-07-02T07:50:21,abandoned
0789678c-9d8e-4c46-b7af-fc457f3d6f6c,2ffdab76-6ec7-4dce-bd58-e9b2f6da991c,42b28f2e-e361-4c70-973b-e96f49ec7852,2026-04-19T03:10:07,2026-04-19T05:39:07,abandoned
e3c6b4da-38d2-4735-a63f-c8cc6a3bc9be,387603c1-d2a6-475e-ab4c-9ba7aa78bb27,37cf59e1-14bd-40e2-9d33-95941564d67d,2026-08-09T04:03:38,2026-08-09T07:14:38,merged
3848f4c0-9a3c-491c-ac5d-fe9d2cd8dd3e,2e1fd151-264e-4a4a-8584-733dd5da3152,2b218701-acf3-4036-a1cf-dd509ca369f1,2026-03-14T08:50:30,2026-03-14T10:58:30,converted
302eb064-8903-4e6a-ad3e-7d3d7d55789f,,74a29abe-9a12-4752-85ac-9cfbe84b5ad3,2026-06-05T09:55:22,2026-06-05T10:26:22,abandoned
21d9c7bc-66d5-4f21-ad4e-e712bd42c4a9,,37b97e58-b910-48e3-b0fd-4700ea56d355,2026-04-25T15:48:25,2026-04-25T19:18:25,abandoned
b34b2219-768a-4d43-9e54-6073f0eda7bc,c958448f-45d7-416d-a358-45098ec2a9da,7528bd63-ebeb-4cd0-bf99-b06ddad60f4c,2026-06-13T19:39:31,2026-06-13T22:42:31,active
9369cd90-b8ad-45f0-b1a3-24ff0ba611a0,,7238a5f8-9cfe-4b65-b4ee-c0a67fcf25d5,2026-05-11T00:53:29,2026-05-11T04:08:29,converted
f42ae4c3-ea18-40e3-a534-64475a1fc044,,b3d635ef-c1f6-47bf-8715-84c8ca6de652,2026-07-25T08:18:16,2026-07-25T11:02:16,converted
541c4aca-11c8-4e25-8995-970fca83716d,4ba45839-9bf9-4071-b1ca-52719a49c9fa,44e453f1-8eaf-4eac-85b8-6c33f9f302ec,2026-04-27T19:36:12,2026-04-27T21:40:12,converted
1fd86e8f-aaf0-4d22-9b55-6f82cfb89f52,31d39d83-97c5-4a86-8d98-c9ea5e4d6505,6b1c8646-0ba8-4823-bf53-26a9080547c5,2026-08-15T15:58:52,2026-08-15T16:50:52,active
fcfd9510-d11d-4fb3-b39b-5a9438e8e0f8,71ed3bfb-d094-47b4-bd02-9589f31e4c1d,a4bf9be5-143a-4e00-9218-fb8990c6c795,2026-06-10T00:57:37,2026-06-10T01:32:37,abandoned
ef957e5e-04ab-4d79-bdad-f40bbfba1be1,84ee8f13-e5a2-4988-8f65-daa65801c5d1,7ff010de-40c0-48c1-861b-83136628a241,2026-05-09T01:54:19,2026-05-09T05:01:19,abandoned
5795c166-7473-4db1-879d-1cf328d66621,35292459-521c-4d3a-a786-3b68116663fc,2c6736c7-60c3-4f66-aa47-4bbca2c2b32c,2026-04-15T19:11:15,2026-04-15T21:39:15,converted
d8b1d563-eccd-4823-be8a-d2dbaa41c681,d45ce04e-1258-4744-ab7d-af982c28565d,87d20e62-8c01-4d82-9f4e-fe65e769930a,2026-07-03T17:09:08,2026-07-03T19:14:08,abandoned
1451d183-7e46-4e2a-ab51-f10bc098d3f3,,bfb5ccfe-19d4-4125-b110-22f57a252748,2026-05-19T21:13:39,2026-05-19T23:18:39,abandoned
adc5edf3-9862-4d17-9467-852efde5e238,72ad36e6-90e5-4d1f-8978-44a18ed7d4e0,b1611d49-bfc6-4a9d-a858-4dd77c2c9f23,2026-02-20T01:06:04,2026-02-20T03:46:04,converted
d064dd64-5e4c-4e14-bb6a-8854a8cb562b,,99c2a3fd-a2b5-4798-a1fb-e8a06708917a,2026-07-16T20:48:41,2026-07-16T23:24:41,abandoned
9e5b9918-bc68-4237-b52b-1c892b1930ae,,b8720d94-b0af-46b0-b732-47c0bf7f2023,2026-06-25T23:57:35,2026-06-26T03:17:35,converted
012c5398-fc60-4281-987a-5c58585fec0b,,9da2c372-76e3-473c-92c5-86d0fee0ccb4,2026-05-05T23:55:44,2026-05-06T00:14:44,converted
fe5e1c89-650d-43ef-bb80-3fc228eb2f07,5b2179c5-dd1c-45b4-b99c-10f1c7c201f4,6d31755d-d642-4892-b87b-f156b5cf2650,2026-04-05T01:56:54,2026-04-05T04:46:54,abandoned
57395fdb-a04e-469f-af0d-ba870eebd38e,e100dd4b-6c96-4036-88a6-8813aa5a718f,e31bf0eb-468f-46fc-835d-3c377b450253,2026-05-20T17:46:22,2026-05-20T18:28:22,converted
de04c42b-7993-4092-ae61-b028f80caf56,02c02023-75d2-4ad2-89f6-ed2c2e7ae6f5,c06444d8-cccf-44ce-bc0e-99c2a2a62de4,2026-04-16T18:46:57,2026-04-16T19:14:57,converted
868d0e2f-da66-438b-8b48-170298071fe2,,c3eab310-4363-44b1-97aa-68992fefd86b,2026-04-23T15:14:10,2026-04-23T15:37:10,abandoned
243f44a3-a1f7-4b4b-8720-4e00238fcfc7,,f7f87179-cdfd-4823-b648-4f03122e5bbd,2026-05-27T13:39:23,2026-05-27T16:24:23,abandoned
31b42e88-3bd1-41e1-bafd-2aa71b55e714,2a26f327-c9ef-40f4-bb8c-c809417caad1,10e9bbf9-fcfc-4732-b25f-a7e0e49f8ae7,2026-07-20T18:05:24,2026-07-20T19:29:24,converted
0fadaf1c-4cc8-451f-ac44-618948e76b0d,534f7dee-6c8b-474d-b7be-41fa1dbbe93a,9f6dc069-f040-4a61-bed8-2da50b8bbef2,2026-06-28T06:56:58,2026-06-28T09:02:58,abandoned
19745709-ea9f-40bf-afcd-85c8d329dce2,,11f6cfe7-be9f-40ab-b5cf-299169d17039,2026-05-12T19:24:45,2026-05-12T20:11:45,converted
90e74993-0bc3-4288-8974-fab82e1c7d10,d1a4b7a2-e152-4377-ad2c-08cb61ad6688,14223a71-2f54-407d-a6d3-4ef66086aa94,2026-06-17T07:31:32,2026-06-17T09:56:32,active
28a76941-361b-47da-84df-ccd581d1d8ac,,792399c3-3401-40d3-9383-be02ac680073,2026-07-24T05:32:21,2026-07-24T07:44:21,abandoned
14088b4b-d292-4a6d-918b-c569d34dcd1c,58e0c4db-27d0-4c06-9252-c40364b1ae74,fcfae78c-7bd8-41ca-be2e-61ce7644a27b,2026-03-01T06:11:18,2026-03-01T08:21:18,abandoned
daccfd9b-e0cd-4d0c-aa40-3e55c5ec6cbf,fad2c57b-c35e-4270-8d10-2f067a5ee2b7,666f3724-99d6-40d0-bab0-a2bdfbc7faac,2026-06-25T01:25:55,2026-06-25T03:51:55,converted
a2d3fe32-0489-441c-873c-7e591a75aca3,40353a67-5df0-44ca-9c10-b42fab44c6f3,2877ec66-014f-49e1-bf1a-315143d6e828,2026-04-07T04:39:34,2026-04-07T07:27:34,merged
80ae4729-0793-4495-8b41-f47a7a6c390f,ab13dd68-d82a-4dbe-b352-0f4df96ff5e3,453b1e42-8153-4f1b-a90f-19f688748755,2026-03-24T23:38:43,2026-03-25T00:44:43,abandoned
5dcef4a4-529b-4ea0-b439-3f2b1a4a77e9,,9a017749-2388-49fa-b428-24d5b56d7a94,2026-07-01T19:50:44,2026-07-01T22:47:44,converted
918d28b6-afc0-4568-84a5-e46191c69320,,0006126b-8b88-4eb8-b23f-0efb1f3c8266,2026-05-24T23:36:54,2026-05-25T02:53:54,abandoned
712d6e49-f914-4c62-8710-9fc5ae42b11a,34a7e239-a098-4105-a6ab-b1a2c1c1c160,ac94aaaa-d0c4-4d6a-beaf-0761cae3173c,2026-03-15T12:56:12,2026-03-15T16:50:12,active
dd26564e-9844-4081-b0de-0ffb910f298e,117583ee-3cd8-4690-89c9-d804aedc86a8,509d753d-2112-457e-a852-c095acc03e65,2026-08-02T11:34:17,2026-08-02T14:08:17,abandoned
b86588ef-6610-4538-9073-467c066fc2d5,b8cf5c4c-27e2-4106-9058-eb38559661e0,123ea073-4a9a-41f5-9e78-336ad5d33ff8,2026-07-17T10:59:45,2026-07-17T11:56:45,converted
1f30e00c-683d-4159-8f7f-4ce74e7bb68d,7532eee7-0f38-4249-9459-e40b83d75db2,6ca7f55d-a630-4ca6-9846-a96897fe9b8b,2026-03-17T18:03:07,2026-03-17T18:21:07,abandoned
8a20a9a7-b471-46bb-95ae-17c0548587f1,,cb86263a-7288-4787-9686-89225be761db,2026-04-25T17:09:08,2026-04-25T17:44:08,abandoned
799ed0c4-24fb-4b0c-8b44-e463f3573c61,,e11c196e-0977-495c-8645-a33559d3cab3,2026-06-17T12:09:15,2026-06-17T14:45:15,converted
0e96605a-2a14-4205-a792-32f20bddfa0e,fe1ef2c8-17e9-4560-bca8-d42ce43d899f,380b5e9e-39c9-4ea4-91e2-9dac29670de3,2026-06-06T13:52:35,2026-06-06T13:58:35,converted
40ad49e1-e2e5-455f-b0d2-ac45c9c5677b,10d7cb3c-5a86-4eae-9da6-611ddf67fdd8,6a9833a0-0196-4e45-bc97-11c0b7eeed2a,2026-06-21T14:59:22,2026-06-21T16:04:22,converted
381e8c67-f7ae-432d-bed0-271092e3af05,,2ba33389-7ae0-4bfd-9426-765edb5597f7,2026-04-13T04:26:16,2026-04-13T05:56:16,converted
3a61e829-e550-436a-ae6e-37a6a85906f0,,fe1a6fe9-fce0-4630-952d-aea6a043db2b,2026-08-16T00:31:50,2026-08-16T03:25:50,abandoned
91d5f68d-b395-43dd-9f1d-ad1a6670ca50,19a91b0b-51dc-434f-978a-177588409f99,e5761282-1311-4506-a5a2-9d799881b57f,2026-07-23T12:51:48,2026-07-23T16:36:48,abandoned
98147be3-73d9-4826-832d-deafb23fff5c,97bbee89-2209-4d9a-9f20-d3327baf7efe,de6de00d-da7c-4cc0-94ec-f0a76e79fdb1,2026-07-31T18:27:53,2026-07-31T19:10:53,abandoned
cbb253c7-7de8-4e51-a342-1b95aab0169c,,a129769b-c8cb-468e-b956-fffc1082cdd9,2026-06-05T16:17:34,2026-06-05T17:33:34,converted
1f456fa5-e154-4c5d-9de2-f259790892d3,,f94a5152-d438-429b-b71a-da3df6de4159,2026-06-19T20:23:37,2026-06-19T21:36:37,converted
e35db423-2115-4a62-8283-34e44d5ade62,b60e68c2-1b3c-4a8b-a056-a39fb4e6a320,4cdf8578-7c02-4711-8224-fec09cdbd4bc,2026-07-02T02:31:52,2026-07-02T04:50:52,converted
20f288c2-c5c9-43eb-990e-7644beb5e9ab,b08f3b44-9c9f-407f-a89d-961068f5f58c,d147c35d-cb0a-4b46-a188-682c7ec848a2,2026-06-19T02:27:46,2026-06-19T04:07:46,abandoned
148188d0-9334-4f23-b69e-2369ffd08080,2251b079-d6df-4d71-bd74-d2a00e841a9d,01a11339-bf73-4cd2-87dc-bb3208aa1080,2026-03-20T11:42:45,2026-03-20T11:54:45,converted
3c73e60d-2b2f-4d53-a613-354a12f8ec1f,,733d8576-02bd-4dbc-a3f8-2f213c572dd0,2026-04-28T17:22:07,2026-04-28T19:11:07,converted
717ba87d-b37a-4483-9345-5772854704ab,6faa20a4-1e8f-43a8-9a45-33ae5f675190,20ca4c85-2923-4e85-a7e2-ff823810d626,2026-03-02T23:42:17,2026-03-03T03:07:17,abandoned
e9ea5cdb-1089-4a4e-95fd-6e0bd4fab41c,26ebc43f-cfbf-4fa1-9c7f-9134871f7b65,7553aff1-033f-40fc-b36a-8ab03f982d81,2026-07-18T06:46:24,2026-07-18T08:14:24,active
fa55dcbe-9a34-4569-8201-47cbd3ed9761,8cf43099-d49e-4e95-8b08-3d61df8b947f,7a72089e-539a-414d-9202-86754c6000ac,2026-06-29T19:48:57,2026-06-29T19:59:57,converted
6ae85619-c548-4c96-864e-1e6ee8d6e928,430e5411-6ed3-439b-93c3-e885b2a37d0f,79b4b004-59b8-48d8-8e0f-be66b29c1f07,2026-05-19T21:18:35,2026-05-19T22:34:35,abandoned
4f9f7fc2-0224-47c8-ba78-e57b2ed1f3eb,257291a7-c562-45b7-9229-49a527229518,54b93c01-0184-455a-b429-175611f23cdd,2026-03-13T16:31:33,2026-03-13T18:20:33,abandoned
9b1e9e07-ec09-44e8-b58e-66c693a14f88,d6914b8f-0d72-4044-a61b-055adb02f005,7a639a2a-c18c-4f1a-a2f0-38f9fd9296f7,2026-03-20T13:26:32,2026-03-20T14:41:32,abandoned
b204647a-e92e-457d-a1c2-0b0d0461730c,,ddaec35e-29a4-4cf1-977c-4b0469a9e556,2026-05-13T20:50:29,2026-05-13T23:54:29,abandoned
1b3bf9dd-e5c0-40ab-a941-73ba184f5f1d,bd72d373-2261-4193-bee7-41d3bfd08ef1,78a5e750-9314-4c28-bf32-d6db798b4e80,2026-03-15T01:09:21,2026-03-15T01:18:21,abandoned
5afcd520-709a-4a1e-99ae-b2d0ac9af395,672a02fc-236c-4c57-9ef9-218b783ce0e3,b4dbbf9d-4f95-4e25-8312-d9fabbb4092c,2026-05-11T09:27:43,2026-05-11T12:36:43,abandoned
51547514-b0bc-4719-a38f-164efa382a88,,3343638d-2d98-4f0e-80df-8ce8aded3b34,2026-07-12T18:37:28,2026-07-12T22:31:28,abandoned
4f356f0b-cce2-4079-90f0-1b9ad40356f4,0c7084bc-19a5-4ad6-bb26-a25f9c09b324,951869da-843c-471f-872b-960ab1b34b89,2026-06-14T04:07:39,2026-06-14T07:01:39,converted
71683403-7970-48d6-b259-b29c3af6880f,33d208d7-91f2-4d70-9f75-c1bf87481c15,f6af9ebd-c182-4058-82e3-cc6e5f19e3ed,2026-07-26T05:19:22,2026-07-26T07:49:22,active
adcc3212-fdbc-4566-bdfb-66cf2aec4b31,,c3283699-7f1c-4774-8287-643cda067a81,2026-05-15T16:05:20,2026-05-15T18:24:20,converted
c50841c5-37e3-4c2a-9a48-799adab5c169,,16b1f9d4-06ec-42c4-b2b3-79944f280b46,2026-08-06T09:51:54,2026-08-06T12:41:54,abandoned
3d005718-40f8-40a2-9a3e-b293d486e1a9,,e8ecf5be-4c03-4173-ae87-ba787c02d997,2026-06-20T16:55:46,2026-06-20T20:16:46,abandoned
c53695ad-e620-4a5d-a2fd-ccb4c1d87be7,33a6f9f2-9265-47a5-ab40-37c29c87ed07,addb8c14-0ab2-4062-b75e-7e18654e1c7e,2026-07-18T00:51:31,2026-07-18T01:56:31,active
7f20640f-c042-458e-a1dd-d0e72377655d,,519eba12-df71-4e4d-a2e5-48518605ee12,2026-06-10T19:36:07,2026-06-10T22:45:07,merged
15dd9525-4d19-4576-bfbd-ed8569be1601,,493505ac-7dfc-4d14-998d-85c02d682318,2026-07-07T22:08:01,2026-07-07T22:40:01,converted
dca3abe0-34c0-4c35-abdd-682717c164ac,2ef2eede-fcc3-4c79-a843-4f5ae828d591,009c5e0b-d3cd-4b58-ba0d-84afc29aa044,2026-04-13T21:40:05,2026-04-13T23:39:05,abandoned
e342dabd-16b8-4bf1-aa3d-dae67c3730b9,8ebb4b7d-ed19-43be-a647-6c3a9a6a166a,4a52f36a-c539-484d-a456-611a06e04f97,2026-08-07T10:06:52,2026-08-07T13:09:52,abandoned
d1b293b0-a6c2-4e2f-9a69-28da8a88faa5,8834bd0d-66fc-44cf-83bc-c787f024b078,d95ccf1c-0367-4dcc-b33a-5f788e1fc642,2026-05-11T13:18:32,2026-05-11T17:04:32,converted
755e1aa2-c8e8-4f31-897a-91f3f39627bb,8f9052f4-d761-416e-8b74-a71f640df0d7,7c696aa0-b922-4427-bd3e-ce8179e8d3a1,2026-04-13T00:26:29,2026-04-13T01:23:29,converted
5b75be06-ea5e-4df1-b6ae-6aecc763a1c4,d477b62b-46ba-4eaa-a26a-8e3d43ea5a28,efbdab44-e007-48f7-b9f4-a982ac7f1067,2026-03-13T19:17:58,2026-03-13T22:12:58,abandoned
7c8ce61e-e5e6-4275-83bd-49d4baed1076,18e7baeb-a66e-4a7d-882d-355810698bc3,f9accced-6a3e-44aa-b15b-5eba602083be,2026-05-01T01:33:38,2026-05-01T02:04:38,abandoned
442f03d0-5742-43a4-a58d-94199bbdd733,b3f95dcd-caf0-4d0c-8890-a7b8e231c6b7,4c6270ca-de2d-42bd-934e-1dc8372944ef,2026-06-19T11:18:14,2026-06-19T14:41:14,converted
c61be9cf-6da5-4bef-b780-80672c6a55e9,2661b9e7-3b2c-40ea-b349-251363d10a4e,1bd43dc7-f888-4649-8eed-de00a19e9eba,2026-03-18T11:26:23,2026-03-18T13:36:23,converted
42a54a32-8b07-4218-b5e5-970f1a6a65e6,,84b48204-69e1-448c-b2e5-4593e7f63097,2026-07-03T01:59:46,2026-07-03T05:37:46,abandoned
256b5fb6-0d43-45a2-b59e-3e12c562a360,d23755ac-d315-4dfd-ae80-4fa042f7d833,b4f8aa4c-c6b1-4497-b73e-22f2a77f1755,2026-04-28T00:17:09,2026-04-28T03:44:09,abandoned
a24c938d-cc1d-4e79-abfc-f6e20c035e81,40da201b-b0f6-453a-97ca-b9d61306ad15,2e6c4bfc-9ca6-4d83-bba4-bb9d7ab1e59b,2026-03-25T02:25:30,2026-03-25T05:36:30,abandoned
0eeab226-24fe-4b71-b704-937f320de013,,f0065b34-386c-4b2a-855e-3ed3921163e2,2026-02-17T06:16:38,2026-02-17T08:00:38,abandoned
8360e151-f2b8-4972-8ce7-da1b8e4c5856,e8e92a9f-bec3-4873-951c-b05d0fe37715,8003b34d-a407-4154-bdaa-09a59487f78c,2026-02-16T21:20:10,2026-02-17T00:29:10,abandoned
d05267d9-ced9-48d4-b316-a4fafdc1b211,,b24dc685-a1f0-4398-9787-559d457d6206,2026-03-02T23:29:39,2026-03-03T02:56:39,converted
87f193fb-7556-4526-8eec-76666e0a5b40,,e333ce72-c884-446e-aae8-97cb235a6af7,2026-02-16T22:19:11,2026-02-17T00:52:11,abandoned
4d27bf9b-857d-4b13-b5ed-246d8fd06489,3218db6b-84e5-453d-8de9-a966eecbacc6,2d1f5d13-d8a6-44b2-8db9-72e3140c9899,2026-04-28T05:20:28,2026-04-28T06:24:28,merged
66b93e43-a426-4fa5-adfc-0b7e55a8f4e7,1380e029-b899-4413-a8da-0741720a6a06,42d19f1b-3578-45ff-80b5-9b3925b48cd1,2026-05-30T14:57:32,2026-05-30T18:54:32,abandoned
f5989409-cac8-42de-8d0e-fb8804a6a884,,be794344-8ae5-4dc9-b8f7-19766c927920,2026-05-18T17:58:21,2026-05-18T20:06:21,active
32528fdc-f94b-4f1a-b251-3ba432cb070a,,3f5be10a-32a5-40f3-a244-11c5568f4aaf,2026-05-01T09:30:11,2026-05-01T12:37:11,abandoned
36daf1bb-90d4-4c2c-9396-52e2e7d6442e,2f76575f-2d85-40ca-8f3b-82b14debc678,c5129114-cbc1-4041-a76e-beb634d40c40,2026-08-03T20:15:07,2026-08-03T23:46:07,converted
bef1136c-5b33-46e9-b694-4a54ddf4124b,84ee8f13-e5a2-4988-8f65-daa65801c5d1,db6ab405-01e7-457d-9cde-9480cacb049a,2026-02-23T03:05:54,2026-02-23T04:22:54,abandoned
a74342af-5ad3-43b9-bacd-7e42e9499682,3207b0f3-9af4-4ba4-acb1-6ba8ea25f52e,8f54675d-cacb-4565-b63c-568105c5a42b,2026-06-11T04:19:47,2026-06-11T07:21:47,converted
256633ba-15c7-4ff1-a7a6-41479eb30585,,44cf642f-e2d7-4705-9396-515a6726302e,2026-04-10T13:19:31,2026-04-10T14:54:31,abandoned
9b19cce0-5ae6-4829-8d9b-5e6135a9f67f,65dbcba7-fbb7-4837-ace0-5cd3cc5dd4a4,3c48be4e-8fc8-479e-9c40-2b6257c5854a,2026-06-30T19:26:34,2026-06-30T21:06:34,converted
2489bab9-11b1-4841-93e3-99956de761fb,69819ace-cccb-4f20-aa31-be439b1b8e2b,b4bfdad3-fce8-4ebd-b21f-ccfa9ffaa9b1,2026-05-28T17:31:22,2026-05-28T19:25:22,merged
edc992d8-8bef-4579-9e1b-aa3ec0e7d708,,bb13f5ec-3481-4d2b-a1f3-f471a94c2407,2026-08-10T10:37:19,2026-08-10T13:14:19,abandoned
863f0efb-d2d2-4521-ae17-45b71341415a,b0382b3d-f5c4-4ecd-9e82-9ec911feb36a,e60e74eb-1d2c-4d63-8af3-c1b5fdf686e4,2026-03-12T16:08:15,2026-03-12T17:30:15,abandoned
