id,cart_id,event_type,occurred_at
1a1d54be-9591-4e9f-85d3-cbf434f29d2e,95db1e0f-4794-446a-a917-08a485367f7a,created,2026-04-24T18:38:41
28a733fa-55b6-48bf-a8ef-ec3c8038022c,95db1e0f-4794-446a-a917-08a485367f7a,item_removed,2026-04-24T19:00:41
f76e89d9-1daf-43a4-8a2a-2b54360a70d5,95db1e0f-4794-446a-a917-08a485367f7a,item_added,2026-04-24T18:48:41
66ea4c21-49d9-4785-9c56-46ba747f41eb,95db1e0f-4794-446a-a917-08a485367f7a,item_added,2026-04-24T18:57:41
1d14a4a1-55bc-44ec-8eb4-aa90fffa6a59,95db1e0f-4794-446a-a917-08a485367f7a,item_added,2026-04-24T19:15:41
c7456fe9-54d4-437a-b95e-0d3fd94274b4,95db1e0f-4794-446a-a917-08a485367f7a,abandoned,2026-04-24T21:54:41
4b4da2da-87d5-4f3d-8c5c-ae203edc091d,8d05bcca-5895-48d5-b607-44c11082ab38,created,2026-05-12T03:47:40
29220f5a-0e96-4aeb-adc3-b674e7792f28,8d05bcca-5895-48d5-b607-44c11082ab38,item_added,2026-05-12T03:50:40
f881fbbe-c048-44f8-a133-9ccb424d36d4,8d05bcca-5895-48d5-b607-44c11082ab38,converted,2026-05-12T06:21:40
ffb59125-6ced-43c5-be91-ca893e8c2f38,f4f00938-40d4-4e00-bca0-5ff8ed59006a,created,2026-03-08T23:58:40
3ea731c8-831c-4779-8d0f-08ad2f6f153f,f4f00938-40d4-4e00-bca0-5ff8ed59006a,item_added,2026-03-09T00:18:40
ca47d06e-b068-4411-94a0-036b12edf34f,f4f00938-40d4-4e00-bca0-5ff8ed59006a,item_added,2026-03-09T00:31:40
670e61d5-fa89-48a3-a149-fe4b64958ce1,f4f00938-40d4-4e00-bca0-5ff8ed59006a,item_added,2026-03-09T00:49:40
85ac2359-c4cb-47d4-90dc-9b34cf213230,f4f00938-40d4-4e00-bca0-5ff8ed59006a,item_added,2026-03-09T00:53:40
f1497498-6331-477e-ae8e-0bf151c291fb,f4f00938-40d4-4e00-bca0-5ff8ed59006a,converted,2026-03-09T00:42:40
defa9f85-872d-41a6-a642-ea976b092a99,1c5636cd-0858-4d62-b332-1ce1caab23f1,created,2026-03-22T07:40:46
48f2ca10-dba0-4fd1-ba30-7f2e22fcec6f,1c5636cd-0858-4d62-b332-1ce1caab23f1,item_removed,2026-03-22T08:01:46
4e281263-6367-466c-a460-a0b210363e3d,1c5636cd-0858-4d62-b332-1ce1caab23f1,item_added,2026-03-22T07:46:46
2f3ec025-53c1-4b3e-9f49-3b44179976c7,1c5636cd-0858-4d62-b332-1ce1caab23f1,item_added,2026-03-22T07:47:46
29eeaafb-63fb-4fb4-8bea-fbf0c7ae5fc5,1c5636cd-0858-4d62-b332-1ce1caab23f1,abandoned,2026-03-22T09:40:46
0c1a0132-822a-4700-a14f-8bfcb4c910b0,0fbd7230-f403-4fe5-903b-03a6f04c09f7,created,2026-03-03T19:33:15
67079578-1a85-4372-964a-f756e7000783,0fbd7230-f403-4fe5-903b-03a6f04c09f7,item_added,2026-03-03T19:43:15
a6ab6b71-48f2-44f3-9b22-d8dd141316f8,0fbd7230-f403-4fe5-903b-03a6f04c09f7,converted,2026-03-03T23:06:15
45fa6da9-b74d-45c5-be88-e29dfcc8c5ac,c879f9e6-3b57-43c6-84d0-3ebdb83e09bf,created,2026-03-18T14:38:48
32ad3354-ef2e-43f2-a914-9a2a8d04a10a,c879f9e6-3b57-43c6-84d0-3ebdb83e09bf,item_added,2026-03-18T14:47:48
4dbdf516-a9f2-4adc-bef8-96681aef11ca,c879f9e6-3b57-43c6-84d0-3ebdb83e09bf,converted,2026-03-18T14:56:48
eb860554-c6b8-4561-864b-b0d804233d59,5649e6b8-ea45-497c-8bea-e182b9b739e1,created,2026-03-07T09:10:26
6356f7d5-73c8-4293-a730-6f7b0a8de4e2,5649e6b8-ea45-497c-8bea-e182b9b739e1,item_added,2026-03-07T09:13:26
11bd6520-b567-43a1-9bca-2daa80aac43e,5649e6b8-ea45-497c-8bea-e182b9b739e1,item_added,2026-03-07T09:22:26
1a8cf65d-6b73-4319-87a7-47f7fe59cd1f,5649e6b8-ea45-497c-8bea-e182b9b739e1,abandoned,2026-03-07T10:41:26
2da91f1e-98f0-4331-9691-957641157ef9,b88a7be5-c478-4643-8a6c-946986a22e7c,created,2026-03-21T01:56:23
a0e62fa1-7794-49d8-ab5c-c2f948579eec,b88a7be5-c478-4643-8a6c-946986a22e7c,item_added,2026-03-21T02:08:23
6760babf-e33c-4a05-8a34-6c1a84f8a7a4,b88a7be5-c478-4643-8a6c-946986a22e7c,item_added,2026-03-21T02:20:23
bde5cdef-ee0c-4e28-9c15-f68904c0ef20,b88a7be5-c478-4643-8a6c-946986a22e7c,item_added,2026-03-21T02:27:23
3e76dae7-f36f-4f87-8a89-672f6201553f,0e9183c6-8488-4cd3-b280-3746c48cfbf8,created,2026-07-17T09:37:22
2fc8a134-23f1-4f5f-99e3-2fffdedc22b7,0e9183c6-8488-4cd3-b280-3746c48cfbf8,item_added,2026-07-17T09:56:22
0794acd1-f800-44a1-9724-e36fecbfe00b,0e9183c6-8488-4cd3-b280-3746c48cfbf8,item_added,2026-07-17T10:01:22
eb43bbad-9960-4f6d-8a7a-56ea3f64eedd,0e9183c6-8488-4cd3-b280-3746c48cfbf8,abandoned,2026-07-17T12:10:22
29e8c3d5-0ca3-4d3e-8b7e-73bde4865915,18d5c6fb-ad50-42f6-8902-a56bb4f8523d,created,2026-04-13T23:16:38
a26b0322-58d9-422f-af17-fc2f54581a8a,18d5c6fb-ad50-42f6-8902-a56bb4f8523d,item_added,2026-04-13T23:21:38
0306cf0e-ce23-406a-b528-c316f4286424,18d5c6fb-ad50-42f6-8902-a56bb4f8523d,item_added,2026-04-13T23:35:38
2175d543-bd85-4eb2-88a4-1c89d5991326,70ee0916-0801-4702-a10f-e89e22d53f4f,created,2026-07-21T17:57:55
aae21919-fefb-4df6-9847-873bf1a4af3a,70ee0916-0801-4702-a10f-e89e22d53f4f,item_added,2026-07-21T18:11:55
6544ba0d-2de3-4cdd-b96e-c04989c820b3,70ee0916-0801-4702-a10f-e89e22d53f4f,item_added,2026-07-21T18:21:55
1ee2e1b8-0d45-4c95-a738-975810a276ce,70ee0916-0801-4702-a10f-e89e22d53f4f,item_added,2026-07-21T18:25:55
4ebbb653-e765-41a9-a2ec-026820b7ad2b,70ee0916-0801-4702-a10f-e89e22d53f4f,converted,2026-07-21T19:06:55
b65da3bf-111c-477e-b0b4-dfbe2cc5622e,c9db7d82-d606-4406-bbd1-0964ecbe6cbb,created,2026-04-02T23:33:18
87b449c0-9972-4a4e-95fb-1cb9fdbc789d,c9db7d82-d606-4406-bbd1-0964ecbe6cbb,item_added,2026-04-02T23:49:18
b3ae0673-a320-460b-9e27-65758e3a461d,c9db7d82-d606-4406-bbd1-0964ecbe6cbb,item_added,2026-04-03T00:00:18
3cd7bb70-3ab2-417d-8936-6a71c0b17a6d,c9db7d82-d606-4406-bbd1-0964ecbe6cbb,abandoned,2026-04-03T03:15:18
2f63f8b2-d014-41d4-877d-8272c28f1d6b,a90bff50-d446-4009-b6b6-2b761f4cb2a8,created,2026-05-03T02:38:49
aba032a4-bfe2-4365-b436-c184dffe204b,01bb7a74-454f-4c93-92ed-cdf78ee6c09f,created,2026-06-03T21:07:26
3bac445b-8aa7-47a6-80e9-f81814cc01b1,01bb7a74-454f-4c93-92ed-cdf78ee6c09f,item_removed,2026-06-03T21:37:26
b2ca2b3d-3de2-4782-a751-8c724b9923f3,01bb7a74-454f-4c93-92ed-cdf78ee6c09f,item_added,2026-06-03T21:12:26
037488e7-e546-48de-a5ce-2523cd986d20,01bb7a74-454f-4c93-92ed-cdf78ee6c09f,item_added,2026-06-03T21:16:26
396c1472-1e0e-4b04-8c33-bf33c83a44ac,01bb7a74-454f-4c93-92ed-cdf78ee6c09f,abandoned,2026-06-03T23:28:26
85db459e-9fe1-4307-8ee7-bff072289d15,b56ec3dd-0d89-4bf9-a8ba-86d8ace96be6,created,2026-03-21T09:23:05
b896026f-df3c-4e7b-a148-07ef427c0e6e,77dd1caf-d180-47cd-b5bf-809006a5f649,created,2026-02-22T13:25:19
cd0e9236-87a2-434b-a448-24cd87f90134,77dd1caf-d180-47cd-b5bf-809006a5f649,item_added,2026-02-22T13:31:19
52c48d64-fc68-4430-be89-c7c4ed9467fc,77dd1caf-d180-47cd-b5bf-809006a5f649,item_added,2026-02-22T13:41:19
0b9e4c1b-248d-4ae0-8764-9df1e19194af,77dd1caf-d180-47cd-b5bf-809006a5f649,item_added,2026-02-22T13:52:19
1b9aaf8d-0e9d-4f49-b3f4-8506e0383977,77dd1caf-d180-47cd-b5bf-809006a5f649,abandoned,2026-02-22T16:29:19
99ed228e-4616-4189-b50b-f68d45a51a92,39383d56-7ec4-4e98-a648-980b7d2022c1,created,2026-06-16T12:53:35
537da1e4-acac-417d-9386-a36773554982,39383d56-7ec4-4e98-a648-980b7d2022c1,item_added,2026-06-16T13:09:35
c7e6d282-f026-4c87-b32e-29f26342d50f,39383d56-7ec4-4e98-a648-980b7d2022c1,item_added,2026-06-16T13:14:35
25a8aa34-3688-44fa-9ad7-66c4855e5e2e,39383d56-7ec4-4e98-a648-980b7d2022c1,item_added,2026-06-16T13:25:35
962b7778-6b1a-4fe5-9ddc-3f7162c2f90f,39383d56-7ec4-4e98-a648-980b7d2022c1,converted,2026-06-16T15:20:35
d3b2e0cb-45ac-4519-af12-9e56692677a9,03260f88-9cb2-45f8-9097-3a545d926998,created,2026-04-09T19:02:43
0265e90b-5bbd-43ae-9b7f-a8ae53e44bc6,03260f88-9cb2-45f8-9097-3a545d926998,item_added,2026-04-09T19:12:43
f76a6082-5caa-404a-80e7-9ac25bd6cb9b,03260f88-9cb2-45f8-9097-3a545d926998,item_added,2026-04-09T19:21:43
977f9091-078b-46ee-af1b-19b2c73f813b,03260f88-9cb2-45f8-9097-3a545d926998,item_added,2026-04-09T19:25:43
3bd22f98-461c-499a-8ddd-773cc626ca0d,03260f88-9cb2-45f8-9097-3a545d926998,converted,2026-04-09T22:34:43
4677d22c-e048-48cd-8ae4-0ec27e702b77,c9414fe1-bb15-4bf8-97e8-d064ed9d7859,created,2026-06-07T14:27:52
9c76cd7d-d070-41e7-830d-c2a5ba29840a,c9414fe1-bb15-4bf8-97e8-d064ed9d7859,item_added,2026-06-07T14:33:52
615b82e0-e135-4120-9430-38dc4ae0ac74,c9414fe1-bb15-4bf8-97e8-d064ed9d7859,converted,2026-06-07T16:29:52
adaea2ee-e1fc-425d-89cc-254293d2ca3a,faa9d7ce-7f35-48e0-9b0f-f4b89294514c,created,2026-04-16T13:48:31
5021b413-b5aa-4a38-97d4-7dd6ea345235,faa9d7ce-7f35-48e0-9b0f-f4b89294514c,item_added,2026-04-16T14:06:31
cd3d0d86-893b-4f26-9081-814dbae506c3,faa9d7ce-7f35-48e0-9b0f-f4b89294514c,item_added,2026-04-16T14:07:31
9992046e-21eb-48a7-979d-7f103a7641e4,faa9d7ce-7f35-48e0-9b0f-f4b89294514c,abandoned,2026-04-16T13:51:31
e8c4e4ac-cf0e-4876-905f-3f003de4f817,33564ebb-f763-40d3-b8fd-1b687b3d12f3,created,2026-04-08T07:05:35
75294be4-3106-4444-a525-19829ce056b8,33564ebb-f763-40d3-b8fd-1b687b3d12f3,item_added,2026-04-08T07:14:35
142ca1ca-6dce-4608-86d6-4ec69e0c120c,33564ebb-f763-40d3-b8fd-1b687b3d12f3,abandoned,2026-04-08T09:22:35
3a2ae9ea-b8ed-4748-928a-c2aca4660d45,d10d8b31-8515-4592-89eb-9763b4b5f313,created,2026-06-08T07:08:45
88160264-1397-4294-97d6-c29bcdaed3b3,d10d8b31-8515-4592-89eb-9763b4b5f313,item_added,2026-06-08T07:28:45
0bece93c-33e9-4935-bebb-83e85c9faddc,d10d8b31-8515-4592-89eb-9763b4b5f313,item_added,2026-06-08T07:47:45
fa655f91-28da-49a7-b329-0f4723d47022,d10d8b31-8515-4592-89eb-9763b4b5f313,item_added,2026-06-08T07:59:45
1a1dc37d-8ad0-462a-b179-57a80dec9629,d10d8b31-8515-4592-89eb-9763b4b5f313,converted,2026-06-08T09:19:45
a8f36042-d0a4-45db-a198-d7334c430140,e7661f2f-2a33-434d-85f1-2980bcfd7d43,created,2026-06-14T05:45:53
9b90febd-474a-4235-9c7f-14f228745d39,e7661f2f-2a33-434d-85f1-2980bcfd7d43,item_added,2026-06-14T05:46:53
29dd8a80-2880-4e55-9dda-69e14f6cb3c6,e7661f2f-2a33-434d-85f1-2980bcfd7d43,item_added,2026-06-14T05:53:53
833f267c-14a6-485b-9993-d321b32c5586,e7661f2f-2a33-434d-85f1-2980bcfd7d43,converted,2026-06-14T07:53:53
39cbf6b6-246a-41f7-9c2e-92bfd6c66ab6,6b5a3a1f-f967-4430-8da9-2043ca4abf21,created,2026-08-07T19:43:38
0dba7ece-e4bf-4dd0-9d3c-1a3daa173180,6b5a3a1f-f967-4430-8da9-2043ca4abf21,item_added,2026-08-07T19:51:38
cf93397b-533e-456e-8e27-698b71f1b585,6b5a3a1f-f967-4430-8da9-2043ca4abf21,item_added,2026-08-07T20:07:38
ade181fc-a0d5-454d-b3db-9a1494f2ce82,6b5a3a1f-f967-4430-8da9-2043ca4abf21,converted,2026-08-07T21:43:38
8282b1c3-a17d-4ef4-99e4-a89b7ee014f6,0871fe18-c666-4386-954e-c9d64755a430,created,2026-07-25T13:49:06
8560c23f-87b4-43eb-8d25-d9f1de740e01,0871fe18-c666-4386-954e-c9d64755a430,item_added,2026-07-25T13:50:06
f7df8bc5-b1ea-4a1e-b39d-4fd5c075b1ee,0871fe18-c666-4386-954e-c9d64755a430,item_added,2026-07-25T14:04:06
f0603a93-9ea4-4373-999a-41cc55bbaa43,0871fe18-c666-4386-954e-c9d64755a430,item_added,2026-07-25T14:16:06
0ed1768d-4513-4e32-a8d9-fc8d25756226,0871fe18-c666-4386-954e-c9d64755a430,item_added,2026-07-25T14:36:06
43bb1532-fa9b-4271-a14a-f2dae61db8e0,0871fe18-c666-4386-954e-c9d64755a430,converted,2026-07-25T14:23:06
86f77942-b415-4687-842c-9a0553ecc84f,7b0666c7-f04a-4db0-b9b4-243a51de9ded,created,2026-05-27T02:32:00
8382a31e-9b41-4257-be2c-0a2fc024bcda,7b0666c7-f04a-4db0-b9b4-243a51de9ded,item_removed,2026-05-27T02:40:00
e274695b-5d6c-4d5c-982c-4efbdb889876,7b0666c7-f04a-4db0-b9b4-243a51de9ded,item_added,2026-05-27T02:35:00
98b501e2-043a-4970-81ab-1efdbf183704,7b0666c7-f04a-4db0-b9b4-243a51de9ded,abandoned,2026-05-27T04:28:00
46a76401-2945-455a-8266-d7ed82424e18,de78d2c9-43da-45d5-8b54-353953f52923,created,2026-03-26T04:48:50
37e0c9aa-8bc8-4212-a009-52b5dc219c72,de78d2c9-43da-45d5-8b54-353953f52923,item_added,2026-03-26T05:08:50
007b4fdc-18c0-4765-9f14-b22da2af7203,de78d2c9-43da-45d5-8b54-353953f52923,item_added,2026-03-26T05:17:50
c2721a44-7456-453c-976b-6846ef496868,de78d2c9-43da-45d5-8b54-353953f52923,item_added,2026-03-26T05:34:50
768b89b0-96fd-4d82-ba86-ba705bff552c,de78d2c9-43da-45d5-8b54-353953f52923,item_added,2026-03-26T05:37:50
25168480-42a0-4398-9400-4e0b85864980,de78d2c9-43da-45d5-8b54-353953f52923,converted,2026-03-26T05:09:50
c8367333-74b3-40e0-b685-26f95d06c1fd,261ef5b6-2166-41a4-b4dd-0b469c749c5d,created,2026-05-27T18:20:12
aa78420b-bfda-4c14-9b26-03ea19414739,261ef5b6-2166-41a4-b4dd-0b469c749c5d,item_added,2026-05-27T18:29:12
a706efe5-ec85-43c4-b439-1657eae2feb8,261ef5b6-2166-41a4-b4dd-0b469c749c5d,item_added,2026-05-27T18:46:12
291b1e51-6a93-42dd-9444-61da3e5b68fd,261ef5b6-2166-41a4-b4dd-0b469c749c5d,converted,2026-05-27T22:09:12
009ca476-4756-48b9-92f4-888f4b393ee5,6b441763-b269-41a6-85f9-ea14596d07c4,created,2026-07-27T06:51:22
44e1c61d-571d-4be9-b501-f545b0bc7091,6b441763-b269-41a6-85f9-ea14596d07c4,item_added,2026-07-27T07:09:22
99e8d072-fa88-4a1d-8446-1a6dfc853f8e,6b441763-b269-41a6-85f9-ea14596d07c4,abandoned,2026-07-27T07:32:22
3bc827a3-edd3-450d-8039-1bfc793a19ee,6696d564-ea08-4009-8b40-3f1193ec4ba3,created,2026-03-28T18:44:42
aff68f22-0052-49da-8255-c42182054e01,6696d564-ea08-4009-8b40-3f1193ec4ba3,item_added,2026-03-28T18:58:42
5bd8a6aa-2ef5-46cf-b74d-f96b51d2c277,6696d564-ea08-4009-8b40-3f1193ec4ba3,item_added,2026-03-28T19:08:42
e8ead0a2-906e-4f26-a14a-3b3a1d421e66,6696d564-ea08-4009-8b40-3f1193ec4ba3,item_added,2026-03-28T19:21:42
9c53983d-659b-4d0e-9162-cbc1b66ddc64,6696d564-ea08-4009-8b40-3f1193ec4ba3,converted,2026-03-28T19:43:42
2ef31f51-759d-4eb4-83eb-f04dd5283d5c,84428938-5193-4eb8-9706-df57ab3bc5d5,created,2026-07-23T08:10:19
b2c27546-bfbe-4e32-a6a8-3991299042fe,84428938-5193-4eb8-9706-df57ab3bc5d5,item_added,2026-07-23T08:12:19
93319d94-7e25-4480-835a-696aa33e4b2c,84428938-5193-4eb8-9706-df57ab3bc5d5,item_added,2026-07-23T08:22:19
0bc89abc-5fdf-442e-a679-adc252cdd0e7,84428938-5193-4eb8-9706-df57ab3bc5d5,item_added,2026-07-23T08:23:19
f2ffc663-9365-4238-8614-7fa05e1b8606,84428938-5193-4eb8-9706-df57ab3bc5d5,converted,2026-07-23T11:21:19
8408ee60-0eb4-4677-884c-aa29b4019b94,1a003ecc-8117-4c94-a91b-f915d681d031,created,2026-05-11T19:18:48
ef3dd0b9-7ae6-4d45-aafe-f34c0557ca3e,1a003ecc-8117-4c94-a91b-f915d681d031,item_removed,2026-05-11T19:28:48
8ca8e03b-dd75-4a5f-8ea3-32bae46266b0,1a003ecc-8117-4c94-a91b-f915d681d031,item_added,2026-05-11T19:27:48
13f5f17d-9f6a-47fd-98e7-df81302fc98d,1a003ecc-8117-4c94-a91b-f915d681d031,item_added,2026-05-11T19:46:48
878880cf-aa9f-4ea7-a982-cc63bba13757,2b88d495-45e3-44f2-95f2-6cb3c3b73e49,created,2026-05-23T02:58:02
7a00fd20-63e9-4ab1-9af2-88230ae85a83,2b88d495-45e3-44f2-95f2-6cb3c3b73e49,item_added,2026-05-23T03:06:02
4b675491-bea1-4e1b-881c-b8fbf06247fe,53941e30-8dfc-4e53-bf77-722581e71e6d,created,2026-07-26T14:18:10
a8a09a10-11ae-49e9-8233-e2b99496f2bb,53941e30-8dfc-4e53-bf77-722581e71e6d,item_added,2026-07-26T14:38:10
2c61e05b-1ebc-4dfd-9d36-b0a16c7fedbd,53941e30-8dfc-4e53-bf77-722581e71e6d,abandoned,2026-07-26T14:21:10
bb17f82c-7454-4c7d-b054-4d9b7eeaaca8,e9409b29-8911-4b42-9117-545319e38668,created,2026-03-05T10:41:20
91db4b1d-4f5f-4930-9649-d6a41526e6a4,e9409b29-8911-4b42-9117-545319e38668,item_added,2026-03-05T10:46:20
8b27b7e3-3a44-42ab-b000-5e975d943583,e9409b29-8911-4b42-9117-545319e38668,abandoned,2026-03-05T13:52:20
da0e6a80-e5d5-4cbc-9de4-cfe94296bac3,0a60401d-8088-4276-b655-cac2d566905e,created,2026-05-18T07:04:15
b0c3cde7-7786-4951-be63-effaca515a70,0a60401d-8088-4276-b655-cac2d566905e,item_added,2026-05-18T07:14:15
97200bb1-8c62-43ad-8c98-6bf8fa4312c1,0a60401d-8088-4276-b655-cac2d566905e,item_added,2026-05-18T07:22:15
fa4cc50f-0427-4ed2-955b-9a5f990484cd,09064fd7-b03b-4ca9-88fc-8923b496f496,created,2026-04-16T06:47:57
d1e7b765-ae4d-4ce9-b727-d5565e44aca4,09064fd7-b03b-4ca9-88fc-8923b496f496,item_added,2026-04-16T06:50:57
545dfb58-a032-44c4-8795-ab00983d6a2e,09064fd7-b03b-4ca9-88fc-8923b496f496,item_removed,2026-04-16T07:06:57
6b5f90c2-e432-495b-bafa-364361e46f41,09064fd7-b03b-4ca9-88fc-8923b496f496,item_added,2026-04-16T07:03:57
d2f684b8-40dc-479e-93d5-0884885a3a34,9e731179-d5a2-4933-9bb4-046457aca5fc,created,2026-07-25T20:48:35
9638368d-8e05-471d-92a1-db8bc1d954de,9e731179-d5a2-4933-9bb4-046457aca5fc,item_removed,2026-07-25T21:18:35
8999b102-0a8d-4191-9af6-aa7156aac7f6,9e731179-d5a2-4933-9bb4-046457aca5fc,item_added,2026-07-25T20:56:35
07bb2e4c-7072-4be4-a404-71ce50edfacd,9e731179-d5a2-4933-9bb4-046457aca5fc,item_added,2026-07-25T20:58:35
c240f070-e2fd-48e0-8aca-9fad96b22591,9e731179-d5a2-4933-9bb4-046457aca5fc,abandoned,2026-07-25T22:18:35
804883c1-b307-4163-afe1-42666a0b9026,57762cee-a407-4341-b8a1-dfa3d27b2100,created,2026-03-25T07:35:36
e823c0ba-0d7b-4054-bc8e-4d0ee2d27141,57762cee-a407-4341-b8a1-dfa3d27b2100,item_added,2026-03-25T07:41:36
cbbc77b9-a4f4-4fe5-8376-6a03d932070c,57762cee-a407-4341-b8a1-dfa3d27b2100,abandoned,2026-03-25T07:57:36
57623a69-2ea9-44e6-9d71-9654321d10ec,3904d087-df05-44cd-b923-f546b79bb1a3,created,2026-06-11T11:07:48
b41bcd34-4151-4635-8329-9b9de4d07649,3904d087-df05-44cd-b923-f546b79bb1a3,item_added,2026-06-11T11:23:48
30ec9c16-385c-430d-9ae4-3a829a4c11c9,3904d087-df05-44cd-b923-f546b79bb1a3,item_added,2026-06-11T11:30:48
e4c5cb68-a3a9-4d3d-b9f5-59538817d015,3904d087-df05-44cd-b923-f546b79bb1a3,item_added,2026-06-11T11:36:48
7fbc9eb0-c860-4c58-90d0-eea97ce3f932,3904d087-df05-44cd-b923-f546b79bb1a3,abandoned,2026-06-11T13:46:48
ed7fecce-552e-4cc7-b713-84720b90cca2,20da50ba-ab79-4847-9ef3-a3feb19e256d,created,2026-03-13T00:27:30
4b0f8ce8-7b2b-48ac-9086-62b6fa5bab96,20da50ba-ab79-4847-9ef3-a3feb19e256d,item_added,2026-03-13T00:31:30
1512df0b-78df-48fa-ab3a-51aa21dae7ed,20da50ba-ab79-4847-9ef3-a3feb19e256d,item_added,2026-03-13T00:35:30
a63150f3-7ad2-4884-b11d-e07a51bfecd7,20da50ba-ab79-4847-9ef3-a3feb19e256d,item_added,2026-03-13T00:42:30
3e408d2c-81aa-44de-af24-cd3b313cae1e,a1b6ac58-b35d-4fe1-bb16-0a145d1b71e5,created,2026-04-20T19:10:09
dbcd52db-6e5e-49d2-adf7-9e55ac930660,a1b6ac58-b35d-4fe1-bb16-0a145d1b71e5,item_removed,2026-04-20T19:30:09
f2d94642-696b-4dcb-8da7-188b593bea9e,a1b6ac58-b35d-4fe1-bb16-0a145d1b71e5,item_added,2026-04-20T19:27:09
4b100c71-b9f6-4343-a34a-26607f5f8ee6,b9168387-eb8a-487e-a3e9-bc36790cd1e7,created,2026-03-09T09:58:51
e19289fe-c5ad-44f1-8bbc-0244f7a2dec7,b9168387-eb8a-487e-a3e9-bc36790cd1e7,item_added,2026-03-09T10:08:51
c0e0583f-4608-49de-9012-2f36d0a3f864,b9168387-eb8a-487e-a3e9-bc36790cd1e7,item_added,2026-03-09T10:25:51
0f9c512e-b04f-4255-9ffd-7e2fad208afb,86ea0b3d-e268-4187-b9c3-a4a3c1fb275c,created,2026-04-26T17:39:30
4e936ff6-6661-4c4d-b55e-d70fa2009fae,86ea0b3d-e268-4187-b9c3-a4a3c1fb275c,item_added,2026-04-26T17:54:30
eabe60f9-f662-4861-a67b-4477dc740f69,86ea0b3d-e268-4187-b9c3-a4a3c1fb275c,item_added,2026-04-26T18:04:30
f9480482-c455-4dc9-b6d8-119eb7733adc,86ea0b3d-e268-4187-b9c3-a4a3c1fb275c,abandoned,2026-04-26T20:14:30
ce40b2c7-8081-4718-be31-4f8f5df0779b,3abb18e2-454c-4a56-93c9-fec97588f92c,created,2026-05-03T12:32:50
e50f82c2-5985-43aa-afeb-31bf3bf71240,3abb18e2-454c-4a56-93c9-fec97588f92c,item_added,2026-05-03T12:43:50
b01eec49-0d69-4c0d-8f46-8378464f2c8f,3abb18e2-454c-4a56-93c9-fec97588f92c,abandoned,2026-05-03T14:45:50
b8f4bfaf-1ac9-4626-90de-bb503eaf90fd,26fa5d3c-f466-4767-bb44-a3e34b2bd642,created,2026-02-22T22:32:01
195efb24-0780-4925-b524-045034e4b0c2,26fa5d3c-f466-4767-bb44-a3e34b2bd642,item_added,2026-02-22T22:52:01
907d2c19-e14b-4092-a364-c95f246da139,26fa5d3c-f466-4767-bb44-a3e34b2bd642,item_added,2026-02-22T22:53:01
6e2fe5c6-7fb8-40e4-a6a0-eac6d3735bfd,26fa5d3c-f466-4767-bb44-a3e34b2bd642,abandoned,2026-02-23T00:03:01
46eeccbc-9096-4717-8d24-c65b794e3b52,ccd5cb2d-20cb-4f51-93a6-c83a1a29496a,created,2026-08-03T21:11:58
80aec5c5-2167-4bed-a4ca-49191fd2a698,ccd5cb2d-20cb-4f51-93a6-c83a1a29496a,item_added,2026-08-03T21:29:58
6ebd34ea-ea46-45d0-ba2b-e70ab975d497,ccd5cb2d-20cb-4f51-93a6-c83a1a29496a,abandoned,2026-08-04T00:46:58
ecba71a5-9ece-43c9-882e-127cc748294d,a4399aab-eedf-4def-8cb4-5e6771840264,created,2026-07-09T15:06:11
bb029258-92e7-495c-a673-3c19fe77736c,a4399aab-eedf-4def-8cb4-5e6771840264,item_added,2026-07-09T15:17:11
5f848932-9ba7-43d5-8dd2-a4ffc1491cec,a4399aab-eedf-4def-8cb4-5e6771840264,abandoned,2026-07-09T16:41:11
2713d7cf-040e-4122-a737-dca53d05da73,19986e76-aec7-47eb-857c-a60f93aa1f1f,created,2026-05-25T02:05:49
637cde45-ae05-4fe0-a17c-bd15e56fad88,19986e76-aec7-47eb-857c-a60f93aa1f1f,item_added,2026-05-25T02:19:49
a9e92b9b-effe-43d6-85fc-5c182e7b0fd1,19986e76-aec7-47eb-857c-a60f93aa1f1f,abandoned,2026-05-25T02:46:49
a63e84b0-ea2b-42f3-910e-8b05bd88a99c,e71a9159-0565-4a2f-8252-efb4fbfe6d87,created,2026-04-27T10:42:06
691bdc33-355b-4e12-89fe-6e4d9293de1d,e71a9159-0565-4a2f-8252-efb4fbfe6d87,item_added,2026-04-27T11:01:06
95175a11-f314-422a-87e7-0c416b2a496a,e71a9159-0565-4a2f-8252-efb4fbfe6d87,item_added,2026-04-27T11:08:06
2672c599-f4c6-49c3-8b68-ef55a53549a0,e71a9159-0565-4a2f-8252-efb4fbfe6d87,abandoned,2026-04-27T14:29:06
d7b07e24-630c-46b2-836c-cbc544f316a6,75be6668-1ee6-41cc-88c3-1f53f7c97531,created,2026-02-28T12:49:07
5346edad-f5cf-462a-a4bc-0f24e2c29973,75be6668-1ee6-41cc-88c3-1f53f7c97531,item_added,2026-02-28T12:55:07
9abe0d58-fcd3-439f-be59-6d4a776f30c6,75be6668-1ee6-41cc-88c3-1f53f7c97531,item_removed,2026-02-28T13:28:07
88e71024-62ca-47d3-8f9f-8281689b5e75,75be6668-1ee6-41cc-88c3-1f53f7c97531,item_added,2026-02-28T12:58:07
700a086e-ee51-4045-bee0-e05739cfc55b,75be6668-1ee6-41cc-88c3-1f53f7c97531,abandoned,2026-02-28T13:43:07
1600ded8-ed12-4230-9909-77d246d09ef2,a3b1a6bb-b953-455c-b81d-a111a75fa8d1,created,2026-05-06T09:47:39
8ac1eaf9-42c2-4389-81a0-ef4db947683b,a3b1a6bb-b953-455c-b81d-a111a75fa8d1,item_added,2026-05-06T09:57:39
5f7f8977-3572-4869-8bda-dc6f32beebcd,a3b1a6bb-b953-455c-b81d-a111a75fa8d1,abandoned,2026-05-06T13:27:39
19c7ca99-9f64-4021-9b34-c9e6237ae001,bcb9f3fc-0c11-431c-9d3f-49b333954c5e,created,2026-03-01T17:57:08
a66747aa-f9bb-4ade-a709-da9b3dac7187,bcb9f3fc-0c11-431c-9d3f-49b333954c5e,item_added,2026-03-01T18:13:08
4aa1ca63-df64-44a6-8173-62ab5aef18c9,bcb9f3fc-0c11-431c-9d3f-49b333954c5e,converted,2026-03-01T19:49:08
d2d4c416-f9f7-48c0-83e9-d82092c0d0e4,b6bc4c9f-a933-44c2-8804-b80a6ad9bbe5,created,2026-05-08T14:35:33
317a8871-4ea3-4278-aace-a9ed9e22f8d2,b6bc4c9f-a933-44c2-8804-b80a6ad9bbe5,item_added,2026-05-08T14:52:33
4c8716db-1761-4968-be4c-d6945ca0deaf,42acfadc-669a-4bdf-8dcb-47f1946f7a61,created,2026-05-04T09:18:59
1ebaac45-4a6a-4ac9-b79d-559148f129c8,42acfadc-669a-4bdf-8dcb-47f1946f7a61,item_added,2026-05-04T09:29:59
5d38fdf6-7f7a-454d-bd91-c44a38ad3bdc,42acfadc-669a-4bdf-8dcb-47f1946f7a61,abandoned,2026-05-04T12:17:59
0d4b8432-e74d-47b5-a62b-f46dbea707e0,597fd7b7-283e-46a4-ade7-7f6da45dc4e1,created,2026-07-17T11:56:05
09ddcf8b-e056-456c-852b-466be1d8531f,0493b49a-9c43-413c-9ac5-c93e7761f3fa,created,2026-04-02T11:10:15
1ec025f5-9d74-4260-992b-e75d01814a59,0493b49a-9c43-413c-9ac5-c93e7761f3fa,item_added,2026-04-02T11:25:15
4d37c21d-7dad-4a64-9b2e-62e722759704,0493b49a-9c43-413c-9ac5-c93e7761f3fa,item_added,2026-04-02T11:37:15
ca98624f-a68e-4c5f-baaf-6b708e18db45,0493b49a-9c43-413c-9ac5-c93e7761f3fa,item_added,2026-04-02T11:55:15
97b4ff76-8aa6-4955-b9dc-435361e13880,0493b49a-9c43-413c-9ac5-c93e7761f3fa,converted,2026-04-02T11:33:15
556f9e0e-8332-4500-a447-88e84dee83a1,b2e102b4-717e-41b6-89f2-1712f3403f8a,created,2026-07-01T21:10:11
4d78c263-d9b4-42de-9c6c-283a93afac30,b2e102b4-717e-41b6-89f2-1712f3403f8a,item_added,2026-07-01T21:16:11
6ecbc3ce-a485-4305-9458-306199b5ac63,b2e102b4-717e-41b6-89f2-1712f3403f8a,converted,2026-07-02T00:41:11
e7210d9e-db72-4bbe-b572-4306df3e0996,b258691a-d6c6-4f54-a36b-98af4cb4c471,created,2026-04-20T21:42:05
44317a4c-cbdf-4d47-a927-3e98fcf0d2d8,b258691a-d6c6-4f54-a36b-98af4cb4c471,item_removed,2026-04-20T22:15:05
17c902e6-c7d6-433e-8aa3-086db89e8eae,b258691a-d6c6-4f54-a36b-98af4cb4c471,item_added,2026-04-20T21:54:05
cda59b88-5769-4f1e-8eeb-dfc5458a1b0b,b258691a-d6c6-4f54-a36b-98af4cb4c471,item_added,2026-04-20T21:57:05
2a8e5d90-8629-40de-b394-eb8f339001dd,b258691a-d6c6-4f54-a36b-98af4cb4c471,item_removed,2026-04-20T22:29:05
48e7b386-df4f-4cc7-8a1d-00ef77b65c6e,b258691a-d6c6-4f54-a36b-98af4cb4c471,item_added,2026-04-20T22:16:05
89bc0d62-8351-4065-8871-8a84647dbbd1,b258691a-d6c6-4f54-a36b-98af4cb4c471,abandoned,2026-04-21T01:09:05
27a2ce0c-77d1-4988-815c-55e78327a95e,eff95d5e-9ede-4d7e-be92-9b3c5cbdf392,created,2026-07-09T22:22:30
b87ca370-5207-4e88-8a49-824494b4c74a,eff95d5e-9ede-4d7e-be92-9b3c5cbdf392,item_added,2026-07-09T22:41:30
8b74c54a-d603-4352-811e-ea69ad037176,eff95d5e-9ede-4d7e-be92-9b3c5cbdf392,converted,2026-07-09T22:55:30
f4bd7b3a-ffae-405b-9170-4f1d4bc18997,eeeb5841-f1f5-4935-be2b-5064161f364d,created,2026-07-10T14:24:42
037ba188-a4d5-4270-91b2-15225202f021,eeeb5841-f1f5-4935-be2b-5064161f364d,item_added,2026-07-10T14:42:42
a2dc1c92-4fbe-4b3e-b5c3-0165d57ce59c,eeeb5841-f1f5-4935-be2b-5064161f364d,item_added,2026-07-10T14:59:42
d999d3f7-18ef-49ef-92af-f39c81676ac5,eeeb5841-f1f5-4935-be2b-5064161f364d,item_added,2026-07-10T15:05:42
53daa88c-2a11-4c4a-bbe4-a271ffda7f97,eeeb5841-f1f5-4935-be2b-5064161f364d,abandoned,2026-07-10T16:31:42
69f1049c-3801-43b7-8572-607eb778743d,ef4ac8d9-7360-4c5c-858f-4df41d2e8aac,created,2026-07-30T09:13:47
92be21a3-0754-44f4-8caf-94328f4167cc,ef4ac8d9-7360-4c5c-858f-4df41d2e8aac,item_added,2026-07-30T09:27:47
1ad555d7-ceea-44ee-96cc-794abdf3e9b8,ef4ac8d9-7360-4c5c-858f-4df41d2e8aac,item_added,2026-07-30T09:45:47
44dda529-2cf2-4359-8910-416a01414cac,ef4ac8d9-7360-4c5c-858f-4df41d2e8aac,converted,2026-07-30T12:45:47
5cf3f128-b96f-4c71-bac0-61860eda0191,19392771-1e58-4f0f-b046-a617197a6ccf,created,2026-07-10T02:31:02
09a2e47d-9ea7-47ec-a3ab-040d00a4474a,19392771-1e58-4f0f-b046-a617197a6ccf,item_added,2026-07-10T02:40:02
c718c119-c74d-467b-8c89-2a9bb9207b8b,19392771-1e58-4f0f-b046-a617197a6ccf,item_added,2026-07-10T02:47:02
8ff61987-5f9e-4c2b-a560-6eb0db002019,19392771-1e58-4f0f-b046-a617197a6ccf,abandoned,2026-07-10T03:38:02
efabec3b-083e-4c49-b69e-7860abff1a81,5c06f0f4-a807-4185-8add-941a10e23aa6,created,2026-02-25T04:32:10
63db4784-5108-4490-bfad-ec69a8fc9430,5c06f0f4-a807-4185-8add-941a10e23aa6,item_added,2026-02-25T04:37:10
ac76dbfc-c3d7-4593-ab16-c0cb58a19017,5c06f0f4-a807-4185-8add-941a10e23aa6,converted,2026-02-25T07:01:10
e489fc5c-ee68-4b11-a5ae-09305d3cc176,34fd806f-a858-45cc-bdce-c9a608add101,created,2026-05-08T13:21:59
d9863394-b782-4ff5-bad3-8ad62b2db7fd,34fd806f-a858-45cc-bdce-c9a608add101,item_added,2026-05-08T13:41:59
d5a8cdeb-7a24-4f38-a7f7-7c12befbc0c1,34fd806f-a858-45cc-bdce-c9a608add101,item_added,2026-05-08T13:59:59
9525c025-4dc6-4493-a439-3fd04d488c45,34fd806f-a858-45cc-bdce-c9a608add101,abandoned,2026-05-08T16:33:59
bd0acab0-ae71-4de2-a4eb-269808466605,600f68fe-2dd7-4a44-997c-583e31dfd84a,created,2026-04-15T08:46:08
a5a0d4ad-cc97-4a19-9a9d-35aec12bbff9,600f68fe-2dd7-4a44-997c-583e31dfd84a,item_added,2026-04-15T08:49:08
2c4bc1a6-b2da-4ac8-9ee7-cde447162109,600f68fe-2dd7-4a44-997c-583e31dfd84a,converted,2026-04-15T10:29:08
f2669e03-6dbb-47b2-8c99-80e09b041f01,7af31582-1801-4f62-8a32-a8a1f9503579,created,2026-03-04T04:51:56
07cf0c3d-c1e6-4f99-b496-07cd2f44456a,7af31582-1801-4f62-8a32-a8a1f9503579,item_added,2026-03-04T05:08:56
40f6eb19-2c60-4901-853f-a3a55c92d81b,7af31582-1801-4f62-8a32-a8a1f9503579,converted,2026-03-04T08:07:56
38278e69-c25f-4a3e-942f-2ea0e3cc1520,c4263080-7040-477c-8c57-527cd9eb05ce,created,2026-04-08T02:53:04
d74f9417-f433-4267-99f5-cf953045635b,c4263080-7040-477c-8c57-527cd9eb05ce,item_added,2026-04-08T03:12:04
6e4f4ae1-be71-4a85-b728-76bdc261d351,c4263080-7040-477c-8c57-527cd9eb05ce,abandoned,2026-04-08T04:02:04
9286bc57-5573-4f2c-b71f-ea427b1a7136,78508c2a-f39f-45ba-a05c-a1451ee865cc,created,2026-07-13T03:59:43
4ef90090-d26f-43ad-be03-4e76cd560735,78508c2a-f39f-45ba-a05c-a1451ee865cc,item_added,2026-07-13T04:00:43
de5768b0-6f12-4721-984e-037458f62a8c,78508c2a-f39f-45ba-a05c-a1451ee865cc,item_added,2026-07-13T04:01:43
7829391b-1a36-4a0c-a957-98f8cb6db238,78508c2a-f39f-45ba-a05c-a1451ee865cc,item_added,2026-07-13T04:08:43
098c0e65-9607-463b-a5cf-eaed8e76f80c,05a444c7-7d6e-4010-b502-3bdce3c963e8,created,2026-06-06T01:28:32
f00ab003-6c02-4316-91ee-574b52737f37,05a444c7-7d6e-4010-b502-3bdce3c963e8,item_added,2026-06-06T01:45:32
caf14580-248f-4585-8bb9-b97781008f0c,57184c35-6665-442a-beab-f308445b37b2,created,2026-06-26T13:38:22
68f41437-2409-4fd5-ab22-98915305188d,57184c35-6665-442a-beab-f308445b37b2,item_added,2026-06-26T13:49:22
a7f66855-13dc-4506-9e62-47d8452e9714,57184c35-6665-442a-beab-f308445b37b2,abandoned,2026-06-26T15:47:22
e6e4918b-681d-451d-9ce9-6ed4bd5462e7,e5e8e101-d744-4472-a610-7e67e607490b,created,2026-05-28T23:40:41
2f48beea-a2f4-42fb-906c-4cf8ef9bcc82,e5e8e101-d744-4472-a610-7e67e607490b,item_added,2026-05-28T23:55:41
50bdca3d-80cf-4f5b-a04b-ad78ae8f0318,e5e8e101-d744-4472-a610-7e67e607490b,item_removed,2026-05-29T00:29:41
9b94a128-b927-4ee0-afea-5a6c08b49efc,e5e8e101-d744-4472-a610-7e67e607490b,item_added,2026-05-29T00:15:41
b4439d2f-b02d-4dd4-95e1-80b2696a636c,e5e8e101-d744-4472-a610-7e67e607490b,item_added,2026-05-29T00:18:41
7a796d9a-68e4-4629-8921-14037d45e85a,404c90af-adff-4872-b976-fd253fbf0e90,created,2026-05-25T02:29:24
5a90f925-6957-4f98-b51d-9fb83e086813,0658cf1f-08de-44de-8821-268f2cb2a8d5,created,2026-03-21T06:05:46
ffb79873-8949-481a-b874-a129aac38aff,0658cf1f-08de-44de-8821-268f2cb2a8d5,item_added,2026-03-21T06:11:46
f93c7096-9e90-4de6-9211-2211a6ac38a2,0658cf1f-08de-44de-8821-268f2cb2a8d5,abandoned,2026-03-21T08:56:46
d7228155-9df8-4fe8-88b4-21ccbffbf262,0bdd460c-0032-4b03-80d1-8b09181cbe39,created,2026-07-10T01:29:37
a865a355-ec72-4a94-9176-e88a3650c902,0bdd460c-0032-4b03-80d1-8b09181cbe39,item_added,2026-07-10T01:40:37
dc162277-80b1-4390-bc0a-342ef7c550ca,0bdd460c-0032-4b03-80d1-8b09181cbe39,converted,2026-07-10T02:51:37
e6734dc6-f9ed-4793-a6a6-94d69759ac6c,eab7921d-f23c-4046-ba7d-be20eaea4dfc,created,2026-02-28T21:48:10
5a2d0e55-bc52-4731-9c9c-39c2f0615b90,eab7921d-f23c-4046-ba7d-be20eaea4dfc,item_added,2026-02-28T21:50:10
db27748c-cc86-464f-a110-d5abda49da32,eab7921d-f23c-4046-ba7d-be20eaea4dfc,item_added,2026-02-28T22:05:10
f351b646-531a-491e-ad70-a62286a2a1ac,eab7921d-f23c-4046-ba7d-be20eaea4dfc,item_added,2026-02-28T22:16:10
9b45c920-d897-428a-a388-beff533b392d,eab7921d-f23c-4046-ba7d-be20eaea4dfc,item_added,2026-02-28T22:22:10
5c914dfc-bb96-49f3-8664-17792c17f21a,eab7921d-f23c-4046-ba7d-be20eaea4dfc,abandoned,2026-02-28T21:56:10
1a22a552-756a-4022-a6ba-3bb292e81234,b0a8eadf-99d3-4ef8-8156-ea286681d902,created,2026-04-25T05:27:01
49d22399-5f68-40c0-accb-57cdda44777b,b0a8eadf-99d3-4ef8-8156-ea286681d902,item_added,2026-04-25T05:33:01
267b2bdc-f769-472e-8a14-879f30027326,b0a8eadf-99d3-4ef8-8156-ea286681d902,item_added,2026-04-25T05:37:01
94c3ce57-4ddc-4932-a47d-3e29f5663f45,87814a18-867a-45d6-97fe-8bf6d8dde696,created,2026-02-16T18:11:05
3a9ca615-405d-4221-b2a0-d41911725ec6,87814a18-867a-45d6-97fe-8bf6d8dde696,item_added,2026-02-16T18:23:05
0c768ec0-3caa-419a-a10f-c49c4381cf4e,87814a18-867a-45d6-97fe-8bf6d8dde696,item_added,2026-02-16T18:34:05
f8798a5c-d034-4b79-ba85-693d5c7f3c2c,87814a18-867a-45d6-97fe-8bf6d8dde696,abandoned,2026-02-16T20:27:05
1ec1bd3b-ad08-4faa-9698-f0214900f364,991ff661-51a2-4c69-9115-b5347b0e80a4,created,2026-03-18T02:41:05
ed5f4e23-cb02-4a04-aa10-3261878b1066,991ff661-51a2-4c69-9115-b5347b0e80a4,item_added,2026-03-18T02:54:05
4861cfec-8332-43bf-b2be-43fbce3084be,991ff661-51a2-4c69-9115-b5347b0e80a4,item_added,2026-03-18T03:01:05
d555968a-8dae-4a02-ab03-4e0ac78f11d7,460b541c-b0c7-4f7d-9444-5ee395e231a4,created,2026-07-22T19:20:31
4cc8bc9a-b4fe-4a26-841e-7de2eb008811,460b541c-b0c7-4f7d-9444-5ee395e231a4,item_added,2026-07-22T19:24:31
174e7687-e86d-4445-b607-e7a60375a8be,460b541c-b0c7-4f7d-9444-5ee395e231a4,abandoned,2026-07-22T20:56:31
50b176b8-0c01-4635-8c38-ea967514fca5,3eadafd7-a547-448e-9882-0c136c5f6e77,created,2026-07-01T04:15:21
87f4fb10-83fa-4502-b68e-92b2143e336b,3eadafd7-a547-448e-9882-0c136c5f6e77,item_added,2026-07-01T04:30:21
2bea0d78-9e3b-491d-a8f1-a7b3324865b9,3eadafd7-a547-448e-9882-0c136c5f6e77,abandoned,2026-07-01T06:45:21
2c2bae00-ff5f-49ff-bb59-7f51276b3bf2,9c7f4645-835a-4056-9483-3013a9ccad6a,created,2026-03-09T20:14:12
76f574d0-13c4-4a9a-9a0d-269f89912104,9c7f4645-835a-4056-9483-3013a9ccad6a,item_added,2026-03-09T20:18:12
908520f1-39f4-4973-bba6-17f0e213f5e7,9c7f4645-835a-4056-9483-3013a9ccad6a,item_added,2026-03-09T20:36:12
971f64e4-682f-4a0b-ac9d-eba8e5b0b5cd,9c7f4645-835a-4056-9483-3013a9ccad6a,abandoned,2026-03-09T21:41:12
bfdda599-cff7-4511-8f59-86b069b4de83,ede98a9d-6ae6-45ee-a04b-04d0f202a8d6,created,2026-05-21T11:23:00
159e774b-0802-49a8-8b08-388a0392c743,ede98a9d-6ae6-45ee-a04b-04d0f202a8d6,item_added,2026-05-21T11:27:00
121d1157-d3e6-4230-a710-89ebb109019b,ede98a9d-6ae6-45ee-a04b-04d0f202a8d6,item_added,2026-05-21T11:32:00
b701f20f-dd41-40e7-8752-e40ad2140de3,ede98a9d-6ae6-45ee-a04b-04d0f202a8d6,converted,2026-05-21T11:56:00
93d69049-cc69-488c-9a2e-6c16a0616c2f,c449d696-1234-474e-83e3-c3ec9b70041a,created,2026-02-27T07:01:25
639f42ce-d325-4193-95e5-64496725f606,c449d696-1234-474e-83e3-c3ec9b70041a,item_added,2026-02-27T07:15:25
c9f0c069-60ed-4c98-8e0f-4838c5d67451,c449d696-1234-474e-83e3-c3ec9b70041a,converted,2026-02-27T10:26:25
58df5cbd-3328-4043-bec2-762d243b9623,89c4bc1a-de52-43aa-8012-f4aa374c05de,created,2026-05-12T10:35:18
7d5dc892-8d98-446c-8c34-f4e49af97e75,89c4bc1a-de52-43aa-8012-f4aa374c05de,item_added,2026-05-12T10:36:18
bb72bc30-1b8f-408b-a1e7-14d14095e481,89c4bc1a-de52-43aa-8012-f4aa374c05de,item_added,2026-05-12T10:56:18
b442ba65-bea1-40ef-9686-cb82e213f96a,89c4bc1a-de52-43aa-8012-f4aa374c05de,item_added,2026-05-12T11:07:18
57a921fe-08b4-4e78-819c-53b2c96cab1c,89c4bc1a-de52-43aa-8012-f4aa374c05de,item_added,2026-05-12T11:12:18
8535a508-091d-41a9-a2ab-f236f7d2aaab,1c8f0955-d743-431a-8c1d-208326a2a09e,created,2026-04-27T10:32:25
db46bcaf-bdce-438f-9e62-47c7556fabc3,1c8f0955-d743-431a-8c1d-208326a2a09e,item_removed,2026-04-27T11:07:25
31e5cbf9-2401-44ac-8cee-225d3f24f8cd,1c8f0955-d743-431a-8c1d-208326a2a09e,item_added,2026-04-27T10:43:25
79c133d8-85b3-4a8f-8cc3-f4aac4543123,1c8f0955-d743-431a-8c1d-208326a2a09e,item_added,2026-04-27T11:01:25
3e13703c-c7db-4b2e-baa3-ef9eaeb0a5ed,1c8f0955-d743-431a-8c1d-208326a2a09e,item_added,2026-04-27T11:16:25
960bc542-4856-4f78-9b6f-1f412f814752,1c8f0955-d743-431a-8c1d-208326a2a09e,item_added,2026-04-27T11:25:25
4f40a7b2-2cb8-45ff-85a0-020ea53a85cd,1c8f0955-d743-431a-8c1d-208326a2a09e,abandoned,2026-04-27T12:24:25
fb9943d9-4e30-4381-ba6c-3cc6698ff52b,2daa2920-a9b0-40be-8311-bf8ec46a8d3b,created,2026-05-19T20:16:01
6245b1be-ac7e-4a1b-bdfe-010b0b07d386,2daa2920-a9b0-40be-8311-bf8ec46a8d3b,item_added,2026-05-19T20:22:01
3cc99c9d-16c9-405d-a72f-96a8b6468750,2daa2920-a9b0-40be-8311-bf8ec46a8d3b,item_added,2026-05-19T20:27:01
f4fcf37c-1545-42cc-bec9-ef83a4b1374c,2daa2920-a9b0-40be-8311-bf8ec46a8d3b,item_added,2026-05-19T20:41:01
ab995300-baea-46bd-93e8-8ebd96786332,2daa2920-a9b0-40be-8311-bf8ec46a8d3b,abandoned,2026-05-19T20:46:01
b6371f1c-a3b9-4045-985c-c3769fa4402a,2ca09a53-1e16-4d54-836a-8db5927dcf02,created,2026-06-04T06:03:55
332e40b5-6550-462a-bf6c-5664a942fcf7,2ca09a53-1e16-4d54-836a-8db5927dcf02,item_added,2026-06-04T06:04:55
886f863a-175d-4ecd-a803-cd2c06382c27,2ca09a53-1e16-4d54-836a-8db5927dcf02,item_added,2026-06-04T06:24:55
481ddc37-bf27-46b0-88af-b6c86bdfc328,2ca09a53-1e16-4d54-836a-8db5927dcf02,converted,2026-06-04T07:05:55
7b445cad-a041-4df6-85b7-b8ce3f4b1a99,5093d002-47ba-4816-9ea5-a44dcffae71a,created,2026-05-28T13:15:17
19433142-4318-44e2-a6d9-146fb0092cdd,5093d002-47ba-4816-9ea5-a44dcffae71a,item_added,2026-05-28T13:23:17
12dcdd91-93a4-4776-904d-d93d9178de16,0ba9e94f-0959-4a32-8fc5-2ae7963f20ba,created,2026-06-01T05:31:05
7ad37917-1e11-4410-aee9-f2aba3b40a55,0ba9e94f-0959-4a32-8fc5-2ae7963f20ba,item_added,2026-06-01T05:35:05
c7ee74fd-1330-4b66-b7fe-cff671f06609,0ba9e94f-0959-4a32-8fc5-2ae7963f20ba,abandoned,2026-06-01T06:45:05
5692d8f7-be53-482b-8469-cb2ea5056902,fb420136-fb13-42db-93a4-faf9c9c46acd,created,2026-06-09T09:42:47
02a78229-a2ba-4923-8632-1168f1b58365,fb420136-fb13-42db-93a4-faf9c9c46acd,item_added,2026-06-09T09:58:47
b406716f-907c-4c21-b6c8-b066f979b39b,fb420136-fb13-42db-93a4-faf9c9c46acd,item_added,2026-06-09T10:03:47
6b66bb30-b4a8-42ad-af72-06473542703a,fb420136-fb13-42db-93a4-faf9c9c46acd,item_added,2026-06-09T10:07:47
9bb0c1c1-ad02-4658-a3a6-89deef7785c5,fb420136-fb13-42db-93a4-faf9c9c46acd,converted,2026-06-09T13:29:47
5d7c7faf-b4f8-47cc-bf35-9d37b6f0f77e,cabc9f8d-1187-40e7-b6e6-40169b60d39e,created,2026-03-13T13:38:38
ed80bfe2-7d3e-4fe3-8126-5073fa7705cc,cabc9f8d-1187-40e7-b6e6-40169b60d39e,item_added,2026-03-13T13:40:38
ee392504-52b9-4b0e-b467-278b78b08691,cabc9f8d-1187-40e7-b6e6-40169b60d39e,abandoned,2026-03-13T14:27:38
1d8f0f64-b5d9-4e11-819a-a396536c316f,8b4bb710-dac9-432b-b655-9adb12acc481,created,2026-04-14T02:31:07
de6f8cfe-dbf4-4113-a0d4-9b28cf5a1cc7,8b4bb710-dac9-432b-b655-9adb12acc481,item_added,2026-04-14T02:39:07
4bf618c4-4fd2-4ced-81ea-fd0ece102c30,d14c17fd-e41c-435e-9919-4086ddc4f4ad,created,2026-04-16T03:28:45
9674d2e8-8226-43fb-acf0-a8a104cc3d50,d14c17fd-e41c-435e-9919-4086ddc4f4ad,item_added,2026-04-16T03:33:45
93e8c39c-7f4d-4c05-8595-3712fc6676c5,d14c17fd-e41c-435e-9919-4086ddc4f4ad,abandoned,2026-04-16T03:41:45
12491347-6de1-4502-9ccd-ee3962f4900e,731a27ea-f660-471b-9b57-6121a2d9eb8d,created,2026-06-30T05:37:08
2f95c2fa-9747-4385-b4c1-d9c3f1a6f154,731a27ea-f660-471b-9b57-6121a2d9eb8d,item_added,2026-06-30T05:43:08
a0769d58-101d-4a9d-8d64-9894911183e7,731a27ea-f660-471b-9b57-6121a2d9eb8d,item_added,2026-06-30T06:01:08
82bc0db8-4528-4fee-b20c-43c5c8b86f36,731a27ea-f660-471b-9b57-6121a2d9eb8d,abandoned,2026-06-30T07:19:08
9bb9f0b3-e9b4-4abe-b4f7-c45f431e848c,4acd1552-d633-4498-abb2-5fb7087399f2,created,2026-07-05T18:19:57
a92e45bb-9a0f-412d-af25-0846f5a83d09,4acd1552-d633-4498-abb2-5fb7087399f2,item_added,2026-07-05T18:35:57
f417b227-4193-4964-8b52-b85f3cd9f9f5,4acd1552-d633-4498-abb2-5fb7087399f2,item_added,2026-07-05T18:48:57
c1d87ee3-24f7-4143-a3cb-5d92bd45e12a,4acd1552-d633-4498-abb2-5fb7087399f2,item_added,2026-07-05T18:52:57
39878f2e-bf7e-4e1f-935e-b2c93ba25062,4acd1552-d633-4498-abb2-5fb7087399f2,item_added,2026-07-05T19:00:57
d18c3408-c1e1-45f2-a492-c4d8433b007f,4acd1552-d633-4498-abb2-5fb7087399f2,abandoned,2026-07-05T20:04:57
36676769-ed4b-422a-8485-73bbb6f138a3,ae8d2f65-c87d-44e7-8d22-d5836ee01ab7,created,2026-05-22T15:36:42
7ddb5752-e051-4e13-b2ca-905d23ca3f20,ae8d2f65-c87d-44e7-8d22-d5836ee01ab7,item_added,2026-05-22T15:53:42
026b86eb-2281-4609-9615-e63d819dc9a0,ae8d2f65-c87d-44e7-8d22-d5836ee01ab7,item_added,2026-05-22T16:02:42
4f0a4df8-0c43-4ee5-9a07-5b3c1ccdfeb4,45ed904d-3c27-4189-9d9c-6286f4373112,created,2026-06-18T06:58:41
60d56f4e-3c88-4f4f-983c-a7380ccbfa1f,45ed904d-3c27-4189-9d9c-6286f4373112,item_added,2026-06-18T07:02:41
e305357b-30ab-46fe-bfa7-ba5ab1518f03,45ed904d-3c27-4189-9d9c-6286f4373112,item_added,2026-06-18T07:16:41
03af52b3-de2a-455c-8dc3-7294bf55cec9,45ed904d-3c27-4189-9d9c-6286f4373112,item_added,2026-06-18T07:35:41
612e8f06-892f-47ab-8437-ccfacfe40c33,8dc7a31c-0175-491f-9965-e38c50569c3b,created,2026-08-04T23:16:05
2bf59f7a-4a09-4533-b3cf-f233939aed01,8dc7a31c-0175-491f-9965-e38c50569c3b,item_added,2026-08-04T23:31:05
a7c03a09-f2c0-44ab-aba0-c448dc8f7a0a,8dc7a31c-0175-491f-9965-e38c50569c3b,item_added,2026-08-04T23:34:05
5fec3cc1-7d50-4543-9490-8d7c19710f2a,8dc7a31c-0175-491f-9965-e38c50569c3b,item_added,2026-08-04T23:44:05
8fc95d4c-e04f-423e-b96a-dcee123c9b98,8dc7a31c-0175-491f-9965-e38c50569c3b,abandoned,2026-08-05T03:15:05
17828a11-ad28-46bc-9cbc-fd89feadcdbe,dc0c0fd7-fab7-4aa0-a13c-5108b92c0b15,created,2026-07-09T07:53:29
05f41cee-d31c-4c3b-965b-bbea19cfc2b6,dc0c0fd7-fab7-4aa0-a13c-5108b92c0b15,item_added,2026-07-09T07:57:29
50ea74c2-09c0-4d20-9657-da2b67618cc2,dc0c0fd7-fab7-4aa0-a13c-5108b92c0b15,converted,2026-07-09T09:19:29
8e76f721-9e47-4720-9bce-09f052be6169,7972f4d4-7ad1-47e3-983c-6bf7bca2062c,created,2026-02-26T05:52:41
8c9ca7ac-2f38-41a2-98d5-9234dc67354b,7972f4d4-7ad1-47e3-983c-6bf7bca2062c,item_added,2026-02-26T05:59:41
dfafef2b-5545-49be-ae23-f7373f718b6c,83f45a0f-8251-4d54-a622-fb71294fa9e2,created,2026-05-31T20:01:43
6b3dfc3a-8dc3-4146-8e91-4b3f1e16bbfe,83f45a0f-8251-4d54-a622-fb71294fa9e2,item_added,2026-05-31T20:03:43
ba33aad7-793c-4de1-9de3-b10ec3b5ffb7,e11fae9e-7a0f-4fae-a5a5-dd9657363e3d,created,2026-06-11T01:58:49
6aef5975-e45b-42ef-9748-4ec5ba1c28db,e11fae9e-7a0f-4fae-a5a5-dd9657363e3d,item_added,2026-06-11T02:09:49
f45e05b4-9633-49d5-91b6-ed4926484b48,aec6d193-3859-4140-bd53-6bcf9d464b48,created,2026-03-07T12:30:22
7583c8ae-7bc2-4f4d-ba25-3e81f58862c2,aec6d193-3859-4140-bd53-6bcf9d464b48,item_added,2026-03-07T12:37:22
8afdae8d-f018-4f11-a429-c4bca8f3a13e,aec6d193-3859-4140-bd53-6bcf9d464b48,abandoned,2026-03-07T14:49:22
a32e3a87-8186-4512-a21a-da404120b2a3,7f38af4a-cd45-42a5-bf51-d415763f2bc5,created,2026-06-19T20:59:43
3dc23b32-a629-4fdc-a50e-ed1044015bb8,7f38af4a-cd45-42a5-bf51-d415763f2bc5,item_added,2026-06-19T21:08:43
528002af-1350-4b78-aa41-4aae84d17975,7f38af4a-cd45-42a5-bf51-d415763f2bc5,item_removed,2026-06-19T21:30:43
ff9730c9-0de1-41de-927d-13f3873fa010,7f38af4a-cd45-42a5-bf51-d415763f2bc5,item_added,2026-06-19T21:22:43
41ee17ea-2cd1-464d-b695-e1ad19592291,7f38af4a-cd45-42a5-bf51-d415763f2bc5,item_added,2026-06-19T21:39:43
b66df00e-589a-4a07-bfc7-ecf5fc768444,7f38af4a-cd45-42a5-bf51-d415763f2bc5,abandoned,2026-06-19T22:37:43
06bd3e1e-2d47-48dc-95d5-c1f1ee0d0a69,ba8d699f-0bed-4011-9913-3021e662b599,created,2026-07-02T15:26:42
1c13ef73-5e84-4e36-832e-3c9367b2bc77,ba8d699f-0bed-4011-9913-3021e662b599,item_added,2026-07-02T15:38:42
91db452e-beeb-4725-8513-e78c01ec69b3,ba8d699f-0bed-4011-9913-3021e662b599,item_added,2026-07-02T15:58:42
f1abf8b5-ddba-4cfe-aa86-0314348b8a5f,ba8d699f-0bed-4011-9913-3021e662b599,item_added,2026-07-02T16:18:42
f95c56e6-27fd-47e2-ad24-f0591c7cc696,ba8d699f-0bed-4011-9913-3021e662b599,converted,2026-07-02T16:32:42
5e3ff81c-1c72-434a-8675-aed33f605afd,0f0f5a88-bacc-4834-a956-2571415d7162,created,2026-03-11T02:00:02
b55dab10-1a57-472d-b785-132d8c45167c,0f0f5a88-bacc-4834-a956-2571415d7162,item_added,2026-03-11T02:19:02
afe07caf-ca06-45ab-be0c-130e0357e0ac,0f0f5a88-bacc-4834-a956-2571415d7162,item_added,2026-03-11T02:24:02
a88168ff-21a5-4968-bfdd-f44ff3b24ea7,0f0f5a88-bacc-4834-a956-2571415d7162,abandoned,2026-03-11T04:48:02
9fa8bdce-e6c9-43f3-b2d8-c2755f016594,d544467d-a745-4408-9fc9-47a64d6410d5,created,2026-02-20T20:16:37
d2aa1e94-d7ef-4c62-9112-cb05bfbebfa4,d544467d-a745-4408-9fc9-47a64d6410d5,item_added,2026-02-20T20:27:37
350e2826-a05b-4233-b1d5-a74f96b8276d,d544467d-a745-4408-9fc9-47a64d6410d5,converted,2026-02-20T21:52:37
3d04eaee-242b-402c-bb3d-967625186166,2d1e775d-e703-45c5-8e40-e73ce246af9e,created,2026-03-03T05:09:25
966caa20-f53d-4b50-9c13-09419c5ee16e,2d1e775d-e703-45c5-8e40-e73ce246af9e,item_added,2026-03-03T05:28:25
1aac0789-d785-45c5-83e1-03fc125f55f0,2d1e775d-e703-45c5-8e40-e73ce246af9e,item_added,2026-03-03T05:36:25
be7f06e0-dd08-4c66-91ad-6a16ed35d6df,2d1e775d-e703-45c5-8e40-e73ce246af9e,item_added,2026-03-03T05:43:25
91f42c04-c168-4d87-bd49-c7259421c6f6,2d1e775d-e703-45c5-8e40-e73ce246af9e,converted,2026-03-03T07:09:25
52eddc79-6fec-4207-83d5-580d4a6d0b0b,94d8febd-ed56-4374-b4ca-e792b6543351,created,2026-04-19T18:35:20
01d81588-3135-4e85-b1de-3cff2f6aebdd,94d8febd-ed56-4374-b4ca-e792b6543351,item_added,2026-04-19T18:53:20
ea4c831a-b7ef-4c15-b88e-86091cf5bf3e,94d8febd-ed56-4374-b4ca-e792b6543351,converted,2026-04-19T22:11:20
38c477a9-8994-4588-a779-0408ea4fbc99,6ff72b5b-d492-46c2-84ce-b016c8110572,created,2026-05-10T11:09:42
a889a739-4311-4ac9-90c5-c072c4d3ecba,6ff72b5b-d492-46c2-84ce-b016c8110572,item_added,2026-05-10T11:12:42
ca81ea9d-3331-4284-8ff5-ebeaf7d78a18,6ff72b5b-d492-46c2-84ce-b016c8110572,item_added,2026-05-10T11:25:42
91ce5c14-eadf-40d3-8fc0-6f7af2086fb9,6ff72b5b-d492-46c2-84ce-b016c8110572,item_added,2026-05-10T11:35:42
a98bbc5f-f154-492f-b155-5a2515bc3c7d,6ff72b5b-d492-46c2-84ce-b016c8110572,item_added,2026-05-10T11:43:42
2620fdc3-5d0a-459a-8962-ad511bc2555f,6ff72b5b-d492-46c2-84ce-b016c8110572,converted,2026-05-10T13:21:42
2f6c42fd-1849-4752-a6e0-66f3d0f29bf0,32d893eb-fac3-4c14-a474-814f026be92d,created,2026-06-07T14:30:35
37716703-a838-40f6-b617-a7859815eb37,32d893eb-fac3-4c14-a474-814f026be92d,item_added,2026-06-07T14:40:35
bd644942-c7fc-4323-836e-a5d47c0211ba,32d893eb-fac3-4c14-a474-814f026be92d,abandoned,2026-06-07T15:40:35
cbba44fc-f748-49c1-9f17-10ce997b2842,0c978b45-5b53-4465-9174-eaaee2206923,created,2026-03-29T09:16:09
558b7815-954a-4803-a7a6-b919a9c99ec8,0c978b45-5b53-4465-9174-eaaee2206923,item_added,2026-03-29T09:30:09
11e19339-42da-490d-a458-6c73167d0335,0c978b45-5b53-4465-9174-eaaee2206923,abandoned,2026-03-29T09:46:09
e254646f-8b52-455a-a1d9-fbe12bd7c00a,51afbb3a-17c8-4581-993d-d0b8c633880b,created,2026-07-13T07:34:20
ccea3c13-c7b8-4ee4-8284-1fb18c0de6c0,51afbb3a-17c8-4581-993d-d0b8c633880b,item_removed,2026-07-13T08:02:20
38d55165-c2ee-4867-a35a-24b63cb0adc4,51afbb3a-17c8-4581-993d-d0b8c633880b,item_added,2026-07-13T07:45:20
2340f3d2-9b49-4230-b538-548131e6c05c,51afbb3a-17c8-4581-993d-d0b8c633880b,item_added,2026-07-13T08:01:20
7ac94240-b532-499a-8348-e703254cf56c,51afbb3a-17c8-4581-993d-d0b8c633880b,abandoned,2026-07-13T08:18:20
c27a284e-9e54-450a-aa01-ff97a2fd4c64,8e83010e-9f1c-4c8a-9dbd-b89be24d3ab7,created,2026-07-22T07:20:39
0aff677d-cf07-4002-b83d-00cc9dee50e2,8e83010e-9f1c-4c8a-9dbd-b89be24d3ab7,item_removed,2026-07-22T07:44:39
7cc43b6a-b3f5-4e53-a4d8-813e0c9ec4ba,8e83010e-9f1c-4c8a-9dbd-b89be24d3ab7,item_added,2026-07-22T07:34:39
c1af45f1-0a4f-4f39-8e6a-7c24edcefe72,8e83010e-9f1c-4c8a-9dbd-b89be24d3ab7,item_added,2026-07-22T07:39:39
ad614e82-5aec-4d7f-bd4b-fb932fc00350,8e83010e-9f1c-4c8a-9dbd-b89be24d3ab7,abandoned,2026-07-22T09:34:39
22c97105-999a-47fc-b776-ea54578acaf9,597e5f42-84b9-401d-b7e4-93bc2a148461,created,2026-05-18T03:39:58
5275cbf6-bd11-42a2-9e54-4f29c67ef42f,597e5f42-84b9-401d-b7e4-93bc2a148461,item_added,2026-05-18T03:51:58
787e9d10-c4f0-4980-bb22-e37872af015a,597e5f42-84b9-401d-b7e4-93bc2a148461,converted,2026-05-18T06:06:58
dc876a64-5e75-483e-a433-d0c79e883af8,9b4b4bea-3e7c-4fda-a5e3-f36085b1c751,created,2026-05-25T18:53:08
9aded6f0-409a-4e5a-8ab7-8fea78d49c8f,9b4b4bea-3e7c-4fda-a5e3-f36085b1c751,item_added,2026-05-25T19:11:08
dc8e9c34-853e-4aca-b0cb-0ee3a9eb2e27,9b4b4bea-3e7c-4fda-a5e3-f36085b1c751,item_added,2026-05-25T19:17:08
f6baca73-97c5-43b7-8633-d90d77bfbac4,9b4b4bea-3e7c-4fda-a5e3-f36085b1c751,converted,2026-05-25T19:36:08
7bdf1c60-41d1-4f49-9464-040b83918c5c,75bd318c-4c0e-4409-95ce-322850b0a070,created,2026-04-13T10:40:28
afbcdb85-0107-47a6-9fc5-c6903410a980,75bd318c-4c0e-4409-95ce-322850b0a070,item_added,2026-04-13T10:43:28
ada18ac9-ac9b-42f6-9066-640171aa954f,75bd318c-4c0e-4409-95ce-322850b0a070,abandoned,2026-04-13T14:31:28
2941e83a-80c9-4bf6-b888-5347b513f71a,102174f4-62a2-4d32-8d38-dffecfc2addc,created,2026-03-15T19:16:49
df6893e2-6f8b-4298-a741-6cf17dce020c,102174f4-62a2-4d32-8d38-dffecfc2addc,item_added,2026-03-15T19:23:49
d4e88886-8e40-4162-b44a-8baf1dacb7fb,fa11e1a9-e989-4c3b-a77c-e60c0c39da54,created,2026-04-08T07:40:14
bb8dc014-cb99-4ab1-b69b-bc2618336219,fa11e1a9-e989-4c3b-a77c-e60c0c39da54,item_added,2026-04-08T07:47:14
e8b06b59-367a-4e32-ba1b-4db4b65f708e,fa11e1a9-e989-4c3b-a77c-e60c0c39da54,item_added,2026-04-08T07:53:14
00888516-14a3-4f36-ad08-04e76860f476,fa11e1a9-e989-4c3b-a77c-e60c0c39da54,item_added,2026-04-08T08:12:14
ea6a0661-868f-4269-aa39-44f6dbe4078a,fa11e1a9-e989-4c3b-a77c-e60c0c39da54,converted,2026-04-08T11:03:14
191c6352-72ad-436b-b3e2-e57c1d10a265,d9c225f7-2e80-494a-8afa-8d312625464c,created,2026-04-07T01:29:10
b61c4d7e-5947-4577-80d3-b1909696b48b,d9c225f7-2e80-494a-8afa-8d312625464c,item_added,2026-04-07T01:47:10
3aca16f6-4bca-4f9a-bcd1-544e17047edb,d9c225f7-2e80-494a-8afa-8d312625464c,item_added,2026-04-07T01:51:10
e948b4bc-5261-4fd1-ac02-0064ee047387,d9c225f7-2e80-494a-8afa-8d312625464c,converted,2026-04-07T01:41:10
5dfe1a53-1c62-400a-8cad-74f0b14bf702,2f203ed8-c721-4f88-b544-f1e2623b6bc6,created,2026-06-01T17:57:55
4d5e65d5-3c3b-4802-b5fe-8905e5c5728d,2f203ed8-c721-4f88-b544-f1e2623b6bc6,item_added,2026-06-01T18:08:55
fd696206-eba8-406b-80a0-55c606eaac15,2f203ed8-c721-4f88-b544-f1e2623b6bc6,converted,2026-06-01T18:20:55
2471057b-b4c0-4db9-97a0-e651a3a27b5a,0c55ee9a-2670-4626-9502-192bacf42b2f,created,2026-07-11T22:25:29
e73b9b38-7c02-4817-ad32-6c1e73a6e67c,0c55ee9a-2670-4626-9502-192bacf42b2f,item_added,2026-07-11T22:45:29
cb38798a-518f-4f01-bb96-f408758bd02d,76e5289e-83cb-441e-acf2-c9732724b860,created,2026-07-11T23:46:09
9c95598d-73c7-477a-8269-8402738150a9,76e5289e-83cb-441e-acf2-c9732724b860,item_added,2026-07-12T00:01:09
7552f48e-b253-4233-895c-a60a03f8636a,76e5289e-83cb-441e-acf2-c9732724b860,abandoned,2026-07-12T01:43:09
53e94792-8196-4bdc-9e84-8e1d97522a96,7970227a-9096-4aff-95a5-2e41f0b8e796,created,2026-07-14T23:53:29
b27f75f8-0b37-4bbc-b1e3-f1827ac59908,7970227a-9096-4aff-95a5-2e41f0b8e796,item_added,2026-07-15T00:09:29
99e35d50-f7b9-4df5-9c9a-fe5de5c6748a,7970227a-9096-4aff-95a5-2e41f0b8e796,item_added,2026-07-15T00:17:29
6361c101-0904-44a1-a56d-a8cbac2bc2b2,7970227a-9096-4aff-95a5-2e41f0b8e796,item_added,2026-07-15T00:37:29
26bb203b-b31e-42ac-9c85-6b9c4950d6f3,7970227a-9096-4aff-95a5-2e41f0b8e796,item_added,2026-07-15T00:51:29
63087cab-bfb9-4af5-8907-f976f97b79b2,7970227a-9096-4aff-95a5-2e41f0b8e796,abandoned,2026-07-15T00:12:29
8bb5b3cc-0fd6-4908-ad91-f231d629ce2a,5efb14e6-f93f-420c-910f-1f5149d3d235,created,2026-06-01T15:09:31
23b1bfa6-65df-4eaf-be03-490fb5c5d137,5efb14e6-f93f-420c-910f-1f5149d3d235,item_added,2026-06-01T15:11:31
c9d0cacd-1980-4cda-baa4-173e91c2ca49,5efb14e6-f93f-420c-910f-1f5149d3d235,item_added,2026-06-01T15:27:31
928e0146-9a0f-4487-90c9-8b53563fe1d1,5efb14e6-f93f-420c-910f-1f5149d3d235,abandoned,2026-06-01T16:32:31
55d30000-0741-4640-bdbf-80173cb28871,09a1fc96-0dd5-4c36-a339-d83095292877,created,2026-06-02T20:53:59
1a63b405-2eb6-4ea7-8dbc-bdc35f1c93d1,09a1fc96-0dd5-4c36-a339-d83095292877,item_removed,2026-06-02T21:30:59
9a3512b4-bd9e-4ee0-8adb-96ec160c2047,09a1fc96-0dd5-4c36-a339-d83095292877,item_added,2026-06-02T21:12:59
139c5752-0670-45fb-899f-7394109bc94f,09a1fc96-0dd5-4c36-a339-d83095292877,item_removed,2026-06-02T21:26:59
e776b072-e44d-45ec-9773-d89e5cee2771,09a1fc96-0dd5-4c36-a339-d83095292877,item_added,2026-06-02T21:13:59
3fd6298b-9407-4086-9f89-abbb92e69639,09a1fc96-0dd5-4c36-a339-d83095292877,item_added,2026-06-02T21:16:59
e0c1eb71-5098-4376-b4c9-288dd99a1d84,09a1fc96-0dd5-4c36-a339-d83095292877,item_added,2026-06-02T21:22:59
fdaa7a54-6acb-47b6-87c1-04976f1e2aba,2132d19b-048a-4628-a3a2-61b1140bba19,created,2026-08-09T00:17:58
f4e10225-d7c9-4286-84fb-bf82550355fe,2132d19b-048a-4628-a3a2-61b1140bba19,item_added,2026-08-09T00:22:58
ada5ce7b-7ae0-4a58-b9cd-b0c6182da013,2132d19b-048a-4628-a3a2-61b1140bba19,item_added,2026-08-09T00:37:58
f086e87b-30c4-4591-884a-ebd2880860f0,2132d19b-048a-4628-a3a2-61b1140bba19,converted,2026-08-09T01:06:58
ddbfa87a-d3aa-4d14-8fab-b462684cb7e6,7b2f5f1b-b00e-4ee5-bace-06c4c5ef37cd,created,2026-05-17T10:09:19
bfa5cc50-b8ac-45cd-9100-af6576983747,7b2f5f1b-b00e-4ee5-bace-06c4c5ef37cd,item_added,2026-05-17T10:12:19
adbf1708-760f-44ba-abe3-6b1797dfa7dd,7b2f5f1b-b00e-4ee5-bace-06c4c5ef37cd,item_added,2026-05-17T10:16:19
8144d43b-c35c-474f-8f70-16999e4e6387,7b2f5f1b-b00e-4ee5-bace-06c4c5ef37cd,converted,2026-05-17T11:51:19
42e8c230-cc35-49e6-a029-688976c7041a,574f4b13-5820-4883-9bb8-dd7f7209fa89,created,2026-08-06T10:24:22
cbb38144-cb1b-45ed-b8d9-afa62fe91022,574f4b13-5820-4883-9bb8-dd7f7209fa89,item_added,2026-08-06T10:42:22
1de8cb07-2919-4086-a6ae-cd8901eee878,574f4b13-5820-4883-9bb8-dd7f7209fa89,item_added,2026-08-06T10:48:22
10480d03-dfab-4c35-8022-a45b0dd76399,574f4b13-5820-4883-9bb8-dd7f7209fa89,converted,2026-08-06T11:16:22
af7725e8-9770-4382-afa7-410d2c5a28dc,f68a1983-b3b0-427b-b1ec-058ca1ac778e,created,2026-05-17T04:05:48
5ae1f6e3-1827-4245-b851-e2efcee08f11,f68a1983-b3b0-427b-b1ec-058ca1ac778e,item_added,2026-05-17T04:07:48
7fa0d014-7f75-4591-b357-3d3d3cea95af,f68a1983-b3b0-427b-b1ec-058ca1ac778e,item_added,2026-05-17T04:18:48
07aa2d46-e0a9-4803-8db5-d198e463bb5c,f68a1983-b3b0-427b-b1ec-058ca1ac778e,item_added,2026-05-17T04:32:48
c3123ec5-d3c7-48ec-bbd6-d9d1d9d61a5e,f68a1983-b3b0-427b-b1ec-058ca1ac778e,item_added,2026-05-17T04:35:48
5b5e9549-8839-4d87-beb1-59dd39540a0a,f68a1983-b3b0-427b-b1ec-058ca1ac778e,abandoned,2026-05-17T05:09:48
ca91bb6b-4910-4a63-8c4c-e430dd054325,6fda26e9-ae76-4226-8bfe-1cac1989e996,created,2026-04-16T05:28:13
6485c3c3-c4a5-4c23-87e1-27c3032a379c,6fda26e9-ae76-4226-8bfe-1cac1989e996,item_added,2026-04-16T05:31:13
caf2f093-c65b-408e-b5f4-41101ba6f149,f8916a1d-40aa-4bd8-b472-99104a46002a,created,2026-04-19T23:28:33
05ced86f-bab0-4d18-bc58-bde3ce62914e,f8916a1d-40aa-4bd8-b472-99104a46002a,item_removed,2026-04-19T23:45:33
eb89a14d-4f3b-4185-8ca8-5b9b23ae37df,f8916a1d-40aa-4bd8-b472-99104a46002a,item_added,2026-04-19T23:31:33
f9e5e958-0247-41b2-941c-5c3c95ebeb2b,f8916a1d-40aa-4bd8-b472-99104a46002a,item_added,2026-04-19T23:45:33
574743af-ec60-4d0c-9f83-911144a383c4,f8916a1d-40aa-4bd8-b472-99104a46002a,abandoned,2026-04-20T01:52:33
277d2c17-964a-47d5-87cb-43d44ecd4580,b8d2189b-64fb-4ea0-982c-f5c4fb80bb6a,created,2026-04-01T05:18:10
670b6804-5bfa-4e32-8e13-616965cf694d,b8d2189b-64fb-4ea0-982c-f5c4fb80bb6a,item_added,2026-04-01T05:20:10
a9890a6e-6c5c-422a-a588-fff416f94471,5d72bc80-3dc5-41d9-814d-edf10bf3bb3c,created,2026-05-28T19:02:45
8eaaef69-f294-4169-bc59-cf546c4c7288,5d72bc80-3dc5-41d9-814d-edf10bf3bb3c,item_added,2026-05-28T19:20:45
2901ecb9-5536-446b-a36f-d5f244c3abcd,b774f526-b3c2-421e-81d1-40b73e815661,created,2026-04-29T07:56:18
cbaadda6-8425-4475-ad97-6613eecc8c7d,b774f526-b3c2-421e-81d1-40b73e815661,item_added,2026-04-29T08:03:18
7d246968-cb4a-434c-8859-150ba30b60fa,b774f526-b3c2-421e-81d1-40b73e815661,item_added,2026-04-29T08:14:18
003a88e5-8061-443c-a4e1-5f7f980e7f79,b774f526-b3c2-421e-81d1-40b73e815661,item_added,2026-04-29T08:30:18
0886b80e-4dba-4b11-a424-562081440b04,b774f526-b3c2-421e-81d1-40b73e815661,converted,2026-04-29T08:09:18
1f48a01e-f1bd-4bf7-bec4-61b07ef7ef80,c4fa2427-9349-42d5-abd8-5590f3f98019,created,2026-06-19T00:39:58
5ebbf9e6-6d87-4ea5-835a-bfcf0353ef4a,c4fa2427-9349-42d5-abd8-5590f3f98019,item_added,2026-06-19T00:49:58
f7af33e5-3110-40f9-b303-28084f90bec5,c4fa2427-9349-42d5-abd8-5590f3f98019,item_added,2026-06-19T00:51:58
ea3b461e-9ac0-4746-a25c-ab17fce4a6b6,c4fa2427-9349-42d5-abd8-5590f3f98019,item_added,2026-06-19T01:06:58
f4934b62-62c8-4586-a352-152e9ecbc1c6,c4fa2427-9349-42d5-abd8-5590f3f98019,converted,2026-06-19T04:18:58
728cf45b-d15a-4118-bdb8-75048a961869,7b9693f9-4009-4602-bc38-82bd6c9c6bd8,created,2026-08-12T07:46:46
e1dd1ffb-7d90-424a-94f9-d61eb3ccd1da,7b9693f9-4009-4602-bc38-82bd6c9c6bd8,item_added,2026-08-12T08:01:46
bd0a682f-ca27-4dec-a2b3-1db75324ac18,7b9693f9-4009-4602-bc38-82bd6c9c6bd8,item_added,2026-08-12T08:12:46
c1f61f05-1fde-4311-8622-7f27cd48128b,7b9693f9-4009-4602-bc38-82bd6c9c6bd8,abandoned,2026-08-12T11:31:46
c2f18aa6-3efd-4150-a21f-6ee38b598849,46fbed0d-dcd0-4f4e-8ed6-d6bc17599f8f,created,2026-02-22T07:44:42
4a892946-c1a3-4848-adae-f482282cd945,46fbed0d-dcd0-4f4e-8ed6-d6bc17599f8f,item_added,2026-02-22T07:51:42
9d285249-be65-4adf-8d28-c3898b2719fe,46fbed0d-dcd0-4f4e-8ed6-d6bc17599f8f,converted,2026-02-22T11:16:42
3e386f70-823e-4d68-ab31-66dfe3e1ba55,b387185b-31f7-4a4e-873f-aa98e18f2c94,created,2026-02-26T10:29:04
12af22c6-889f-4027-ad70-002d34d0d771,b387185b-31f7-4a4e-873f-aa98e18f2c94,item_added,2026-02-26T10:46:04
400717ef-75eb-45e5-830b-91f2a6efc3f2,72d3519e-844c-4d26-9c87-89a017156c38,created,2026-07-29T07:35:35
41e0d81a-dbc6-4c0a-b37b-d2ded7bc7023,bcfc105f-cc08-49cb-bb90-8f9aef9d2c5f,created,2026-04-06T04:35:13
12ed0d4c-54ac-4dd9-adef-f87ea404ce3c,bcfc105f-cc08-49cb-bb90-8f9aef9d2c5f,item_added,2026-04-06T04:48:13
2de22836-3b14-49fb-8dd1-f9781d2bcfba,bcfc105f-cc08-49cb-bb90-8f9aef9d2c5f,item_added,2026-04-06T04:58:13
b60b3d9c-c5d5-4222-bda6-6d144eab8584,bcfc105f-cc08-49cb-bb90-8f9aef9d2c5f,abandoned,2026-04-06T06:04:13
11d414cc-e80e-452c-884e-c4c981d0237f,2ad8780e-4859-41d0-9b84-4e2e3d5662d4,created,2026-08-07T06:12:46
27853365-b7d6-4fdb-888d-b5f9dce24966,2ad8780e-4859-41d0-9b84-4e2e3d5662d4,item_added,2026-08-07T06:29:46
babfba14-43dd-4ba1-a5b8-7faace1ad970,2ad8780e-4859-41d0-9b84-4e2e3d5662d4,abandoned,2026-08-07T08:56:46
394d3a48-109d-46e8-a6ae-1ccdb6fb9418,f44e7440-7174-4439-97a8-9c6761d4e43b,created,2026-02-17T15:13:02
9d010798-c875-4fa0-866d-06772aa91824,5a59f19e-fceb-4985-92a4-b345337b8eba,created,2026-07-14T02:52:00
5e7d180a-366b-4a70-bede-317273be475e,5a59f19e-fceb-4985-92a4-b345337b8eba,item_added,2026-07-14T03:06:00
4902e4f4-debd-430b-9855-218263d341ec,5a59f19e-fceb-4985-92a4-b345337b8eba,converted,2026-07-14T04:24:00
26f1ba66-b642-4674-b6fe-d8c40e57d8a4,5501c597-1cd3-48fc-87d6-5d9caf350fb1,created,2026-05-16T13:35:29
cf74e264-3152-4f9a-80ee-1a3978e5fabc,5501c597-1cd3-48fc-87d6-5d9caf350fb1,item_removed,2026-05-16T13:39:29
6be2f6e6-08c7-46b9-82f8-f86665ba0937,5501c597-1cd3-48fc-87d6-5d9caf350fb1,item_added,2026-05-16T13:37:29
2478c473-56d7-4c37-8b34-95a8ada98e97,5501c597-1cd3-48fc-87d6-5d9caf350fb1,item_added,2026-05-16T13:54:29
55a56f4f-3c28-4326-8f67-763d53ed8b2f,5501c597-1cd3-48fc-87d6-5d9caf350fb1,abandoned,2026-05-16T16:18:29
0971bdeb-6ce6-4297-8e13-0724c6e946d4,6376c741-24c2-4d0b-9e37-3f47c0699bc6,created,2026-08-02T04:40:21
7a0895de-aca7-433a-8f24-da13ed8b5068,6376c741-24c2-4d0b-9e37-3f47c0699bc6,item_added,2026-08-02T05:00:21
fd7d0367-6856-48b7-98bd-1013d34a4d46,6376c741-24c2-4d0b-9e37-3f47c0699bc6,abandoned,2026-08-02T05:23:21
d35171ad-488f-4974-906c-3cfe8c8ca35e,dc6d082c-0e07-47f7-aa3a-55dbaa5f099d,created,2026-06-25T20:16:30
e30edf82-a21a-433f-b84d-d1ef94121c8d,dc6d082c-0e07-47f7-aa3a-55dbaa5f099d,item_removed,2026-06-25T20:29:30
21365a21-eedd-402e-bd79-81b6f0b0731f,dc6d082c-0e07-47f7-aa3a-55dbaa5f099d,item_added,2026-06-25T20:28:30
0a93dff6-8f36-4381-9f4f-33cc1b252143,dc6d082c-0e07-47f7-aa3a-55dbaa5f099d,item_added,2026-06-25T20:46:30
f102358c-549a-4a34-b2a5-d940f438a991,dc6d082c-0e07-47f7-aa3a-55dbaa5f099d,item_added,2026-06-25T20:58:30
83bf8101-0a3a-42c5-8273-e45f04f0ee8c,dc6d082c-0e07-47f7-aa3a-55dbaa5f099d,abandoned,2026-06-25T20:32:30
38ed404c-c195-46ae-88f9-3fac731445eb,159c9522-48fa-4761-b7aa-6b6ee1bf9db3,created,2026-04-19T09:54:45
f29d1730-b08b-4a2e-ad9b-99fc67b968ba,159c9522-48fa-4761-b7aa-6b6ee1bf9db3,item_added,2026-04-19T10:12:45
e5d70f73-0566-4c3a-904b-5a65c9eb0ce1,159c9522-48fa-4761-b7aa-6b6ee1bf9db3,item_added,2026-04-19T10:31:45
0b32256b-0203-45b3-8408-c156cda5e490,159c9522-48fa-4761-b7aa-6b6ee1bf9db3,item_added,2026-04-19T10:37:45
864223e6-7a05-436e-865a-148e412899bd,602cd1ca-9a77-4831-89da-d4f71950e019,created,2026-05-31T23:49:19
db1ef1d1-f62e-4aaf-90a8-a1a4ad2efde8,602cd1ca-9a77-4831-89da-d4f71950e019,item_added,2026-05-31T23:55:19
a59b30be-b622-4e74-9ddb-38da6d0f3957,602cd1ca-9a77-4831-89da-d4f71950e019,converted,2026-06-01T00:58:19
69ad7f0c-4b73-4fd3-98f2-7f3823d5b5e6,f8314f1c-203b-4d48-8e5c-99c7ff5e03c5,created,2026-03-02T21:30:05
7900aade-9a59-42a0-8354-77c21e56bac3,f8314f1c-203b-4d48-8e5c-99c7ff5e03c5,item_added,2026-03-02T21:37:05
177c0705-8a55-4903-9af8-1ed6ea3cdb9b,f8314f1c-203b-4d48-8e5c-99c7ff5e03c5,item_added,2026-03-02T21:47:05
ea05c6d7-ebbe-467f-a475-ef11f05a11e4,f8314f1c-203b-4d48-8e5c-99c7ff5e03c5,converted,2026-03-03T01:21:05
53648c12-5a84-4537-a17d-bd45ca2e7264,89a2e121-aedc-4b8f-8413-907e29949843,created,2026-05-15T06:03:00
a5576465-fb51-4c64-9c42-cfb394b89ca0,89a2e121-aedc-4b8f-8413-907e29949843,item_added,2026-05-15T06:09:00
bb546928-0fdb-4b33-9ad5-405687a2c4d5,89a2e121-aedc-4b8f-8413-907e29949843,item_added,2026-05-15T06:20:00
ed9e73fe-ce0d-49e0-9e73-cf5bacc27282,89a2e121-aedc-4b8f-8413-907e29949843,item_added,2026-05-15T06:39:00
17b51a8f-98ec-4d37-90c0-e51dd7b7dfdc,89a2e121-aedc-4b8f-8413-907e29949843,item_added,2026-05-15T06:57:00
6ad06777-7e7e-41ae-8f0d-5b133f1cf565,89a2e121-aedc-4b8f-8413-907e29949843,converted,2026-05-15T06:42:00
86d12691-507a-406e-975b-aeca64119c1f,4d3e90bf-cbf4-4592-ae42-ae291f246c8c,created,2026-08-06T11:52:58
bcbc8f8d-ccab-482b-b0df-66e537b1ef18,4d3e90bf-cbf4-4592-ae42-ae291f246c8c,item_added,2026-08-06T11:54:58
b0022806-2eaa-484f-9e3e-880c0e9d6217,4d3e90bf-cbf4-4592-ae42-ae291f246c8c,item_added,2026-08-06T12:07:58
c9ae183e-052c-48e0-b658-8628491d6abe,4d3e90bf-cbf4-4592-ae42-ae291f246c8c,item_added,2026-08-06T12:19:58
8b66ab03-b2e5-4cd5-a465-ddee70d05791,4d3e90bf-cbf4-4592-ae42-ae291f246c8c,abandoned,2026-08-06T15:49:58
fd6a99ea-54d2-4966-9330-0bf94bbc59ba,262d1fa9-578f-42d5-a2a1-76038b675a24,created,2026-05-29T20:17:04
8dce0e3c-e2d7-42a2-a1bf-5c266ee2082e,262d1fa9-578f-42d5-a2a1-76038b675a24,item_added,2026-05-29T20:21:04
13c136aa-210a-4303-96ae-654678babbd2,262d1fa9-578f-42d5-a2a1-76038b675a24,abandoned,2026-05-29T21:28:04
b9609948-f2a7-42db-8134-36b358be3743,f3cbb9cf-ba1d-42be-950e-715edfd75d1e,created,2026-02-22T10:25:30
bbebb550-91e8-4200-bb3c-7a496f69ecd1,f3cbb9cf-ba1d-42be-950e-715edfd75d1e,item_added,2026-02-22T10:45:30
aee9b1d9-22c4-4e5a-93a5-1eb53734f7c6,f3cbb9cf-ba1d-42be-950e-715edfd75d1e,item_added,2026-02-22T10:54:30
440bad77-353a-475d-a20e-dd4319b245e7,f3cbb9cf-ba1d-42be-950e-715edfd75d1e,converted,2026-02-22T12:29:30
92c707fa-3d3f-4c48-82ed-bc13c8fe4771,e50b0e50-6e52-4fed-88bc-7c578286d4f4,created,2026-03-08T07:51:42
1448faf7-6072-4879-bd19-a03f5ba90ca7,e50b0e50-6e52-4fed-88bc-7c578286d4f4,item_added,2026-03-08T08:11:42
3347904d-cae5-496c-9bf6-2827adccf0af,e50b0e50-6e52-4fed-88bc-7c578286d4f4,item_added,2026-03-08T08:12:42
b1f36c69-c00f-4e7a-8752-7c5674b2825e,e50b0e50-6e52-4fed-88bc-7c578286d4f4,item_added,2026-03-08T08:31:42
28e9450a-e416-4b69-8f15-1b93ca2b21a8,e50b0e50-6e52-4fed-88bc-7c578286d4f4,abandoned,2026-03-08T11:32:42
d38e3421-5d9c-4c72-9122-5457ffbd7773,47578b73-336d-4424-879e-fa0a2cd90853,created,2026-07-12T20:54:39
57f31464-3423-46b9-91e2-a607faa40880,47578b73-336d-4424-879e-fa0a2cd90853,item_added,2026-07-12T21:11:39
48637e13-fc19-43a0-9e62-62dfc271f50d,47578b73-336d-4424-879e-fa0a2cd90853,converted,2026-07-12T23:45:39
641866d7-de66-4229-8cfe-e1e7e4dca2bf,a6bcbe86-4646-4bd9-acd3-9718508e8736,created,2026-05-04T14:18:19
631f6f18-5a27-439d-9b28-d9c1dceaa293,a6bcbe86-4646-4bd9-acd3-9718508e8736,item_added,2026-05-04T14:34:19
4b9accc8-1836-4c0f-8915-d5c30c3a238b,a6bcbe86-4646-4bd9-acd3-9718508e8736,abandoned,2026-05-04T14:57:19
f4e08952-c8e2-4193-8857-9cbcb5629a24,cdee5cf1-01a7-43ef-9ee8-2e9d9b832a97,created,2026-04-07T23:55:26
9ee7df89-c6e4-408d-b907-bbae47210bcb,cdee5cf1-01a7-43ef-9ee8-2e9d9b832a97,item_added,2026-04-08T00:02:26
440b41fe-3f8e-4b3e-8ad6-ff1af73fd369,cdee5cf1-01a7-43ef-9ee8-2e9d9b832a97,abandoned,2026-04-08T00:43:26
8583aeb3-3840-4d07-a883-1e29b9461411,5cce7a83-c99d-4902-9dbb-60e392db316f,created,2026-06-30T13:45:44
afadd294-6ac4-436a-b2e1-b4215a10e52a,5cce7a83-c99d-4902-9dbb-60e392db316f,item_added,2026-06-30T13:55:44
af332a46-09cd-40b2-bdc5-469056ad94f1,5cce7a83-c99d-4902-9dbb-60e392db316f,abandoned,2026-06-30T14:28:44
61f32d1a-22b8-4436-ba50-9745ae06cca8,2561e217-29ca-4bf7-ba70-24d8e354bd82,created,2026-06-08T10:21:51
577fe113-8e7f-4089-bc50-e02556d335b2,2561e217-29ca-4bf7-ba70-24d8e354bd82,item_added,2026-06-08T10:28:51
2cbd32bd-96b3-4bb7-9389-2dd78eefde7a,2561e217-29ca-4bf7-ba70-24d8e354bd82,abandoned,2026-06-08T10:57:51
52957163-9878-47f1-83a4-da328e27c9b4,f983fbe8-a477-4cce-9035-72a2a2a7e655,created,2026-07-30T07:32:16
21f8a053-8476-4b5c-951f-b9a4dd15ac38,f983fbe8-a477-4cce-9035-72a2a2a7e655,item_added,2026-07-30T07:46:16
2346674f-197e-4b2c-af4d-6e6ac20a7d46,f983fbe8-a477-4cce-9035-72a2a2a7e655,item_added,2026-07-30T07:54:16
551ed148-40f1-49cf-bb8d-11ab78500ffb,f983fbe8-a477-4cce-9035-72a2a2a7e655,item_added,2026-07-30T08:08:16
14543bf1-8396-4c17-a541-803bd9ccc869,f983fbe8-a477-4cce-9035-72a2a2a7e655,abandoned,2026-07-30T10:20:16
a41a58f6-e682-473a-a716-078ffe50fecd,34bb4528-1f84-465e-8ece-6f1ffb747579,created,2026-06-27T04:18:23
645ecd22-7d02-4c1e-8a32-a2845a249a69,e3eafb87-0a50-479a-94ce-e851b33db6a9,created,2026-03-11T11:56:27
66c0b2de-efc4-478e-af89-b4aeee55224f,e3eafb87-0a50-479a-94ce-e851b33db6a9,item_added,2026-03-11T11:59:27
7e0c1986-f66d-4d6d-a4b0-6bf38422d999,e3eafb87-0a50-479a-94ce-e851b33db6a9,item_added,2026-03-11T12:03:27
9a332658-935a-446f-b518-96dc0180af1a,e3eafb87-0a50-479a-94ce-e851b33db6a9,item_added,2026-03-11T12:19:27
4d247d86-0797-4ad5-9108-f18b21debd2c,e3eafb87-0a50-479a-94ce-e851b33db6a9,item_added,2026-03-11T12:22:27
cedf89f9-30d2-40b2-82d1-31f7821e84de,e3eafb87-0a50-479a-94ce-e851b33db6a9,converted,2026-03-11T12:13:27
be2ed654-7e87-49a5-9c46-7ea98dbb169f,6959ad81-e9bb-47b4-8c6c-0eb8dc64a75a,created,2026-06-24T16:06:47
d12e1b3d-75d3-45d3-a586-61fe422cee81,6959ad81-e9bb-47b4-8c6c-0eb8dc64a75a,item_added,2026-06-24T16:18:47
2d14e42b-a5fa-4dc1-aaf3-0f057556485d,6959ad81-e9bb-47b4-8c6c-0eb8dc64a75a,item_added,2026-06-24T16:22:47
8650cae6-ebe2-4e5b-95ce-3df293f3cc80,6959ad81-e9bb-47b4-8c6c-0eb8dc64a75a,item_added,2026-06-24T16:36:47
38b9eb3f-336b-4f6f-ba30-4eb3688086e3,6959ad81-e9bb-47b4-8c6c-0eb8dc64a75a,item_added,2026-06-24T16:51:47
446ae2a3-a074-4b37-a5fa-e392fb7994f3,77dd3078-1a9a-4cf2-8c66-4018c7758ab5,created,2026-05-17T20:49:59
e9507b7a-842e-4121-8d0b-25dbc77dcce3,77dd3078-1a9a-4cf2-8c66-4018c7758ab5,item_added,2026-05-17T20:54:59
b2f3a000-9ddd-4d4a-9c0a-b8d4750f892f,77dd3078-1a9a-4cf2-8c66-4018c7758ab5,converted,2026-05-18T00:08:59
02890f82-248c-427d-92a4-2009e20c9e89,cdb1f65e-dce9-46a2-8aa0-b755298961a5,created,2026-08-05T13:48:14
ec993d9f-3c3a-401e-80a5-0e125a443617,cdb1f65e-dce9-46a2-8aa0-b755298961a5,item_added,2026-08-05T13:53:14
c972f7c4-8c0a-42bd-a049-1ede3ed8dbb0,cdb1f65e-dce9-46a2-8aa0-b755298961a5,abandoned,2026-08-05T17:47:14
c28147e5-e468-4f6a-b336-01c2593c4f7a,f211106e-f075-4353-b521-be6b5c0d3d16,created,2026-05-11T11:37:14
93fb2dfd-fab9-470a-bf51-7c8897f356c7,f211106e-f075-4353-b521-be6b5c0d3d16,item_added,2026-05-11T11:38:14
6325cf62-092b-4d49-9f99-8525ccf384aa,f211106e-f075-4353-b521-be6b5c0d3d16,item_added,2026-05-11T11:53:14
5a9a4766-25a0-4646-983e-84abd9984379,f211106e-f075-4353-b521-be6b5c0d3d16,converted,2026-05-11T13:11:14
68876918-d82f-4cf5-a3d1-5d097fd610ce,038096ef-aade-4790-978c-520d9cc10de0,created,2026-03-16T21:34:04
163032a2-6d18-4444-9f2a-d62ed05ba0e1,038096ef-aade-4790-978c-520d9cc10de0,item_added,2026-03-16T21:38:04
9e283f68-9855-465d-83d1-138ca640dac6,038096ef-aade-4790-978c-520d9cc10de0,converted,2026-03-16T21:40:04
99c54025-f849-48d4-af54-e6e289194728,06fb3aa8-643f-4bf5-8743-bc7d70960224,created,2026-07-14T01:00:38
5195c17e-9d9c-489e-a4c2-296158655dbb,06fb3aa8-643f-4bf5-8743-bc7d70960224,item_added,2026-07-14T01:16:38
337e7d63-58e2-4625-b35d-2e861d410125,06fb3aa8-643f-4bf5-8743-bc7d70960224,item_added,2026-07-14T01:31:38
e1926cc7-ecf5-490a-bc77-30af88c222d7,06fb3aa8-643f-4bf5-8743-bc7d70960224,item_added,2026-07-14T01:44:38
3ab9b1c2-9eff-451f-8e2c-ec1be118ed30,06fb3aa8-643f-4bf5-8743-bc7d70960224,abandoned,2026-07-14T01:27:38
6de97564-46e9-4569-943f-3a9df47dacf0,bfa7fb09-eb8d-4a63-860a-23f55a1b222b,created,2026-08-03T05:18:06
b62009bd-8367-4782-bfac-28f66f18ceb7,0554611c-14d5-4475-8747-f0ffcbd83318,created,2026-05-22T22:10:04
9812f6f1-dfd7-450f-8522-bedfba8bd6ec,0554611c-14d5-4475-8747-f0ffcbd83318,item_added,2026-05-22T22:13:04
64016570-d53d-4b3f-9862-c12a8e4ed43b,0554611c-14d5-4475-8747-f0ffcbd83318,converted,2026-05-22T22:21:04
cc9b0968-592d-4c88-98bc-561bee9bcc0a,27bffd87-b08b-439e-8e5b-8d1c9be27982,created,2026-02-25T23:23:26
bf59bf6b-d407-45b4-8d7a-b30b37f929b0,27bffd87-b08b-439e-8e5b-8d1c9be27982,item_added,2026-02-25T23:26:26
d7d27c5f-2130-4f16-81d8-045f6d46b69b,27bffd87-b08b-439e-8e5b-8d1c9be27982,item_added,2026-02-25T23:27:26
998251b8-d9c7-4717-ade5-1a1889978d8b,27bffd87-b08b-439e-8e5b-8d1c9be27982,item_added,2026-02-25T23:38:26
4ad27097-2ad3-4a7c-b4d2-25fe341c76fc,27bffd87-b08b-439e-8e5b-8d1c9be27982,item_added,2026-02-25T23:47:26
a3e8701a-489a-4641-b6ef-70b403e2aeff,27bffd87-b08b-439e-8e5b-8d1c9be27982,converted,2026-02-25T23:38:26
5ef47c82-1b19-411b-bd2c-f290fa643a7b,c2116b7d-aa41-420e-bf6b-9fe29dd4b049,created,2026-05-13T20:38:23
747b02cb-9b1e-4c54-8778-50e8cd389098,c2116b7d-aa41-420e-bf6b-9fe29dd4b049,item_added,2026-05-13T20:52:23
95098920-7d14-4e9f-ac31-09058714fbdf,c2116b7d-aa41-420e-bf6b-9fe29dd4b049,item_added,2026-05-13T21:12:23
010d5c0e-cdc3-4652-bbd7-f9e069b5e2ca,c2116b7d-aa41-420e-bf6b-9fe29dd4b049,converted,2026-05-13T22:27:23
fc515a3f-67e7-46a5-b793-2fbbbfdce346,96c293fb-d1f6-45c6-b78b-978255cf73f0,created,2026-07-13T23:24:06
f49b4adb-8892-4074-a07d-386c00873f21,96c293fb-d1f6-45c6-b78b-978255cf73f0,item_added,2026-07-13T23:32:06
cdd4bd7c-ddc4-47a2-a37f-fae6eeecbf6c,96c293fb-d1f6-45c6-b78b-978255cf73f0,item_added,2026-07-13T23:46:06
66251c65-6f62-413e-a5db-5d7db2166c67,ecce0abb-8e00-4b51-ac4e-8559ec86e855,created,2026-05-13T11:33:13
d27f9c6c-3c6c-47f8-8783-a8b5b604a97b,ecce0abb-8e00-4b51-ac4e-8559ec86e855,item_added,2026-05-13T11:42:13
667f2e2c-78d7-4921-bf38-4d48ed9e06cf,ecce0abb-8e00-4b51-ac4e-8559ec86e855,item_removed,2026-05-13T12:22:13
0700a8f4-f78d-4f45-9841-df3cf105c778,ecce0abb-8e00-4b51-ac4e-8559ec86e855,item_added,2026-05-13T11:57:13
568ec019-e704-4418-8060-2d4f5be5f5e2,ecce0abb-8e00-4b51-ac4e-8559ec86e855,item_added,2026-05-13T12:10:13
c3711809-12da-4abb-8b5c-5e6c86f31ca9,d6eeb4fe-47fa-4a72-b02e-d9ae209817c3,created,2026-04-22T19:49:38
a3e7ab5e-1cde-4bd4-865b-1a65dae1e209,d6eeb4fe-47fa-4a72-b02e-d9ae209817c3,item_added,2026-04-22T19:53:38
882758a5-20b8-4924-b395-d876b5cbf950,d6eeb4fe-47fa-4a72-b02e-d9ae209817c3,item_added,2026-04-22T20:08:38
2dcdc282-b29a-424e-981f-0720d014eaed,d6eeb4fe-47fa-4a72-b02e-d9ae209817c3,converted,2026-04-22T22:18:38
2b234c41-10ed-4d85-9732-ab64c7cce77f,f3a05c54-d669-48dd-bf01-c239b452d0ae,created,2026-03-13T05:20:30
2c664e87-2d31-4c54-93e3-6b13e8ec570e,f3a05c54-d669-48dd-bf01-c239b452d0ae,item_added,2026-03-13T05:34:30
2c089fc1-cd33-4583-8221-81526a875482,f3a05c54-d669-48dd-bf01-c239b452d0ae,converted,2026-03-13T09:12:30
edd7275c-b337-4626-8c1d-1bbefeb1d0fb,611837c2-1956-49a5-8f64-6843bab8e990,created,2026-03-11T16:22:36
32aaaab9-a86a-4927-815a-a43a582a8e3d,611837c2-1956-49a5-8f64-6843bab8e990,item_removed,2026-03-11T16:41:36
912d5f19-3fbe-4cbf-839f-94329202a390,611837c2-1956-49a5-8f64-6843bab8e990,item_added,2026-03-11T16:38:36
235f7b27-daec-4cf8-a527-d04f9e402986,611837c2-1956-49a5-8f64-6843bab8e990,item_added,2026-03-11T16:39:36
e22d48d3-05d3-45c7-9a78-ad8a8cd436d6,611837c2-1956-49a5-8f64-6843bab8e990,item_added,2026-03-11T16:58:36
7481f435-3cf3-4315-a8f5-ef7372737311,611837c2-1956-49a5-8f64-6843bab8e990,abandoned,2026-03-11T16:24:36
6df7dabc-b3f3-45fd-b2ea-f8d0ab1664c2,b28c81fb-e825-4299-a6a8-049545439b9a,created,2026-05-14T12:42:31
573bbd3b-3064-4bb0-acee-d6b055c83d96,b28c81fb-e825-4299-a6a8-049545439b9a,item_added,2026-05-14T12:59:31
e2dc124a-a997-436f-ba60-a04facdfea69,b28c81fb-e825-4299-a6a8-049545439b9a,converted,2026-05-14T15:35:31
e7d25468-fbb5-480d-88c1-e5dd3099f0e1,ec2cb27a-ac7e-493f-a74b-2bc9daa49fad,created,2026-04-22T09:15:17
0ebee503-c872-4420-9229-7b35a0fb2a1d,ec2cb27a-ac7e-493f-a74b-2bc9daa49fad,item_added,2026-04-22T09:21:17
a8317c6b-d790-4596-8cfd-db271d24cd3f,ec2cb27a-ac7e-493f-a74b-2bc9daa49fad,item_added,2026-04-22T09:38:17
6950cf68-5ceb-47ae-9ee4-25f873cd8f5d,555a038c-e2b8-493a-b5fa-3a32ccd2c1ac,created,2026-03-01T08:37:54
ba5477a9-3ce4-4d7e-80eb-c8d4af6420ff,555a038c-e2b8-493a-b5fa-3a32ccd2c1ac,item_added,2026-03-01T08:39:54
76abfa97-1e47-424e-abf3-d03ba9da7ce7,555a038c-e2b8-493a-b5fa-3a32ccd2c1ac,item_added,2026-03-01T08:50:54
98a59d01-bf85-41e7-8d15-fc3e5bc4990f,555a038c-e2b8-493a-b5fa-3a32ccd2c1ac,item_added,2026-03-01T09:01:54
90d6001b-3e54-4b18-a4bb-6dcf25d0b2f5,555a038c-e2b8-493a-b5fa-3a32ccd2c1ac,abandoned,2026-03-01T10:02:54
002b2d3d-ef57-4877-8e6c-5b1f7110a4ff,79a77151-4928-48b9-ba37-ff5b3335d1a7,created,2026-08-10T13:04:03
2485cce1-476b-4ec4-99b8-a58bd2909f4b,79a77151-4928-48b9-ba37-ff5b3335d1a7,item_added,2026-08-10T13:10:03
3ff05d83-0726-488c-b38b-85820177d4fe,79a77151-4928-48b9-ba37-ff5b3335d1a7,item_added,2026-08-10T13:24:03
f7ff9555-69db-40c6-ab7f-ab3081107722,82f1ebfe-5dda-4322-914b-963618071562,created,2026-08-10T23:56:03
ca2cba46-b687-4b15-be1b-6502567adb78,82f1ebfe-5dda-4322-914b-963618071562,item_added,2026-08-11T00:09:03
bfe226a7-888a-4216-977f-fc603c0811b8,82f1ebfe-5dda-4322-914b-963618071562,converted,2026-08-11T00:37:03
3df7a7b2-edd6-4b6f-9303-39e030e5e0ab,c3b1da9a-66bf-405b-ae02-9969205e53e4,created,2026-06-03T21:31:09
75e35738-d077-4c6e-869a-16adb66360bb,c3b1da9a-66bf-405b-ae02-9969205e53e4,item_added,2026-06-03T21:42:09
2770db67-8619-4006-b35f-c7165bcc66be,c3b1da9a-66bf-405b-ae02-9969205e53e4,item_added,2026-06-03T21:43:09
a2bd68b4-eeaa-4495-a100-3ec214691a4f,c3b1da9a-66bf-405b-ae02-9969205e53e4,item_added,2026-06-03T21:46:09
fd2a18b3-e56b-4275-9c75-40810dbb9e09,c3b1da9a-66bf-405b-ae02-9969205e53e4,item_removed,2026-06-03T22:26:09
2a86ac95-c570-437f-80fc-9ea61e36d6c3,c3b1da9a-66bf-405b-ae02-9969205e53e4,item_added,2026-06-03T22:04:09
d9825dcf-72d5-467d-a8bb-521768023410,c3b1da9a-66bf-405b-ae02-9969205e53e4,abandoned,2026-06-03T23:29:09
618a88db-624d-4377-bc15-e3e22bd48922,54fc1ba3-3c93-4d70-8b4a-f8dcb1e7e512,created,2026-06-27T20:01:55
28beb03e-889a-4818-8d6c-942a69e9d5ec,54fc1ba3-3c93-4d70-8b4a-f8dcb1e7e512,item_added,2026-06-27T20:16:55
4f92599d-f1ec-499a-8f7e-837a4639ae99,54fc1ba3-3c93-4d70-8b4a-f8dcb1e7e512,item_removed,2026-06-27T21:02:55
887ca6b6-0a6d-483e-a1b2-a1b84da44707,54fc1ba3-3c93-4d70-8b4a-f8dcb1e7e512,item_added,2026-06-27T20:35:55
021d4098-ee61-4bc6-9b86-4ae4110bf2ba,54fc1ba3-3c93-4d70-8b4a-f8dcb1e7e512,abandoned,2026-06-27T21:37:55
76f447f9-fca4-43a4-b1e7-35335944bcf6,174d7820-c65d-4dc4-9885-666383dae49c,created,2026-07-10T04:51:10
c70a25bd-a509-4209-8c10-2c5ae3e82920,174d7820-c65d-4dc4-9885-666383dae49c,item_added,2026-07-10T05:11:10
f1666b19-8426-4f00-925d-d98dd71b2a6d,174d7820-c65d-4dc4-9885-666383dae49c,item_added,2026-07-10T05:24:10
54145b2e-41cd-4dcb-b195-8fce3ff5aa49,174d7820-c65d-4dc4-9885-666383dae49c,item_added,2026-07-10T05:29:10
106edd27-5eac-4d6b-adc5-8b36bedd043b,6863ada6-18ee-4c0d-8c00-df7738706086,created,2026-07-20T04:49:18
853129b9-a836-43c8-9685-4749d6b55a81,6863ada6-18ee-4c0d-8c00-df7738706086,item_removed,2026-07-20T05:15:18
af7e91a2-1ca8-4b21-b1a2-3a469bf8dff1,6863ada6-18ee-4c0d-8c00-df7738706086,item_added,2026-07-20T05:06:18
3d1ea63c-4566-46dd-91ba-af76c39f6f4d,6863ada6-18ee-4c0d-8c00-df7738706086,abandoned,2026-07-20T07:19:18
ec7d1afc-9a2c-4ff0-bef7-ee915c30d13f,7c2a75ef-8164-4a65-ab0e-a5e6cbcbea3c,created,2026-04-24T02:31:06
a19b1627-cfcc-402d-8a8f-29d67cae7a10,7c2a75ef-8164-4a65-ab0e-a5e6cbcbea3c,item_added,2026-04-24T02:42:06
5b17a8c6-07b4-4c8b-9ab6-25be7e0d5539,7c2a75ef-8164-4a65-ab0e-a5e6cbcbea3c,item_added,2026-04-24T03:02:06
080f8f7a-6ddd-484b-91ed-5438093172f9,7c2a75ef-8164-4a65-ab0e-a5e6cbcbea3c,item_added,2026-04-24T03:19:06
f8e8a452-6d53-4ec1-8ef8-a062617d4ff2,7c2a75ef-8164-4a65-ab0e-a5e6cbcbea3c,converted,2026-04-24T04:09:06
3d32f0e9-ff0d-4cfe-b1d7-c03f33d84a13,3ffee605-4b08-45ab-9c4a-468d567261dd,created,2026-07-21T19:41:53
8b76746c-1f6b-4309-8574-db72dc0be695,3ffee605-4b08-45ab-9c4a-468d567261dd,item_added,2026-07-21T19:46:53
d7dbac2c-2a1d-401d-8e16-bcdbebcebafa,3ffee605-4b08-45ab-9c4a-468d567261dd,item_added,2026-07-21T20:00:53
10f81c40-04bf-442f-b9a4-52f876043538,3ffee605-4b08-45ab-9c4a-468d567261dd,item_added,2026-07-21T20:12:53
1a0162fb-b92a-4bcf-ab92-d84e62b40e1e,3ffee605-4b08-45ab-9c4a-468d567261dd,abandoned,2026-07-21T23:00:53
5a0db7ca-a251-42a8-9970-2567dd350130,56dd9da0-ec53-4876-b104-30afc634900a,created,2026-03-07T01:22:15
c3b19667-5868-439f-94ac-0520d44bf57c,56dd9da0-ec53-4876-b104-30afc634900a,item_added,2026-03-07T01:32:15
0ab84223-fa11-423f-b928-f325e1e61a10,56dd9da0-ec53-4876-b104-30afc634900a,converted,2026-03-07T02:48:15
7326bb5a-b78f-41ca-a477-cdb67a05537f,5916efea-93ff-4194-a80f-b071b163722c,created,2026-06-20T17:33:44
7f0d4fb8-b634-4b3b-91c0-a8ab90e4b8ff,5916efea-93ff-4194-a80f-b071b163722c,item_added,2026-06-20T17:38:44
7c801369-e4ac-4770-805a-aa79a93f7e58,5916efea-93ff-4194-a80f-b071b163722c,item_added,2026-06-20T17:53:44
3116e478-b451-4453-8176-a2e981b8ec3b,5916efea-93ff-4194-a80f-b071b163722c,abandoned,2026-06-20T17:41:44
7f9b744b-5bd7-4578-9c6a-f899b3514bf6,2bf59550-e085-4c2d-86c5-b8eafc7778ed,created,2026-08-09T05:34:06
6e9aa9fc-6663-45ea-bc34-9c2dd3094da7,5186d1a5-f166-47e8-84c4-0c5e740f8820,created,2026-03-25T17:24:34
9feaa5a7-6f10-4d7d-bd3d-4fa20f3a3828,5186d1a5-f166-47e8-84c4-0c5e740f8820,item_added,2026-03-25T17:40:34
22375ff0-0305-423d-9dfc-1d55482d5fe8,5186d1a5-f166-47e8-84c4-0c5e740f8820,abandoned,2026-03-25T20:49:34
692b8741-3bc4-4283-a629-299b900ca878,835a5ee9-46a0-4132-a7e0-bf1db41eb4f0,created,2026-05-19T12:23:33
6d7ed308-e1f8-4bc2-96f5-8af91f038c22,835a5ee9-46a0-4132-a7e0-bf1db41eb4f0,item_added,2026-05-19T12:27:33
67f3bcdf-58a2-420e-99c3-fd90548551d9,835a5ee9-46a0-4132-a7e0-bf1db41eb4f0,item_added,2026-05-19T12:33:33
b1f77373-4a5b-46e2-92c8-2b03929bdd7f,835a5ee9-46a0-4132-a7e0-bf1db41eb4f0,abandoned,2026-05-19T13:35:33
074682e2-59bc-41f1-ae69-a673ee09e0fa,c8e162f1-8068-4953-8f00-d7a54ea24012,created,2026-07-30T05:40:30
af0cb60a-f191-428e-94dc-f38e7d3539ac,c8e162f1-8068-4953-8f00-d7a54ea24012,item_added,2026-07-30T05:42:30
d983dfdf-a271-433d-883d-685b1442fc19,c8e162f1-8068-4953-8f00-d7a54ea24012,abandoned,2026-07-30T08:48:30
1d28be89-e9df-4f8e-bbc1-d5aadd693d42,6bf8a61b-d1d7-4ca3-9425-e5abaa856436,created,2026-03-11T21:02:06
c2a449c9-2124-4358-b22e-b3d77ca811b2,6bf8a61b-d1d7-4ca3-9425-e5abaa856436,item_added,2026-03-11T21:17:06
7b75a8ec-db24-48e4-ae48-8efeb9745820,6bf8a61b-d1d7-4ca3-9425-e5abaa856436,converted,2026-03-11T21:24:06
f13b16c6-0b3f-4b96-92b8-4048ec77067c,868baf44-c673-4368-b1f4-1db826b5cd49,created,2026-04-17T08:31:04
55e43164-200c-45cd-a608-91c097b97442,868baf44-c673-4368-b1f4-1db826b5cd49,item_added,2026-04-17T08:35:04
5ab1a43a-59b2-4087-b831-34e99cb8dec2,868baf44-c673-4368-b1f4-1db826b5cd49,item_added,2026-04-17T08:55:04
3621afc6-6d2b-492f-9f19-f26c9c1314b8,868baf44-c673-4368-b1f4-1db826b5cd49,abandoned,2026-04-17T09:04:04
fd0ec1f0-e229-4a75-ada0-3dd41f82960c,8047a4e4-f434-4e39-a2bd-6666632e0fc4,created,2026-07-15T06:18:07
2afc0413-86bf-421b-b5a5-b932f67245ab,8047a4e4-f434-4e39-a2bd-6666632e0fc4,item_added,2026-07-15T06:34:07
52b1290f-3d70-47e6-a31a-d8d549092f53,8047a4e4-f434-4e39-a2bd-6666632e0fc4,item_added,2026-07-15T06:37:07
68e0bbff-21e4-4c13-a6d4-f602ee527cb9,8047a4e4-f434-4e39-a2bd-6666632e0fc4,item_added,2026-07-15T06:57:07
84bc899e-fc97-41ae-a96f-56f25652584c,8047a4e4-f434-4e39-a2bd-6666632e0fc4,abandoned,2026-07-15T09:30:07
83964dcd-cafb-41d1-b21c-fec94ad92ef3,7115e688-ddb1-4485-8006-e4a24a0b123d,created,2026-06-06T19:32:03
c0370773-589b-4021-89f9-44530cd63c54,7115e688-ddb1-4485-8006-e4a24a0b123d,item_added,2026-06-06T19:44:03
32604c30-0f96-4aec-92de-9fde24d2e125,7115e688-ddb1-4485-8006-e4a24a0b123d,item_added,2026-06-06T20:01:03
58896ec5-6080-4d7d-bec8-2f8a30cabd07,7115e688-ddb1-4485-8006-e4a24a0b123d,item_removed,2026-06-06T20:34:03
05e2c6ec-c396-4004-98e3-e65fc28605dd,7115e688-ddb1-4485-8006-e4a24a0b123d,item_added,2026-06-06T20:10:03
b591896b-7064-4b93-b9a3-93bbf9a4a724,e9c4fb75-b6d9-4970-ba96-6875eb33a448,created,2026-07-11T03:58:04
5edc12e2-1892-4af2-a0b1-b16d3b0681c5,e9c4fb75-b6d9-4970-ba96-6875eb33a448,item_added,2026-07-11T04:07:04
2d62a2ab-6999-4d6f-9512-1a6b21f259cc,863849cf-6c33-49df-a438-7e224a38e976,created,2026-06-26T16:22:53
6144a3c1-8c4c-4e11-9395-31bd780f3324,863849cf-6c33-49df-a438-7e224a38e976,item_added,2026-06-26T16:42:53
7a5ff115-6ab5-4564-8148-01afeb3b5a9b,863849cf-6c33-49df-a438-7e224a38e976,item_removed,2026-06-26T17:14:53
537583c8-3f6f-406d-a2ff-1f330c70cb15,863849cf-6c33-49df-a438-7e224a38e976,item_added,2026-06-26T16:45:53
f370325b-f340-4626-b2b6-1a8f7b52ea67,863849cf-6c33-49df-a438-7e224a38e976,abandoned,2026-06-26T19:16:53
002d30e1-343b-4ee6-ac24-867472f3f161,451dade0-a97c-4d69-b90d-6da0457fbe78,created,2026-03-08T12:48:37
4a6b2c45-0cda-4b69-bbc4-4da7bab99232,451dade0-a97c-4d69-b90d-6da0457fbe78,item_added,2026-03-08T12:53:37
293f8f4d-fe13-415a-bf97-f62e6fef38c8,451dade0-a97c-4d69-b90d-6da0457fbe78,converted,2026-03-08T16:17:37
9dde0354-033f-44d3-8a1e-698d1f1ec94f,0e461f5e-fe74-4695-98d6-33d41fe8d1d6,created,2026-03-30T23:43:39
5ef933f4-8ea8-49ba-8050-d9619fd5cad1,e73477ba-dd76-425a-a20f-158bc06e43b0,created,2026-08-08T20:10:54
56ef1389-0120-4121-8431-62a0bcb95146,e73477ba-dd76-425a-a20f-158bc06e43b0,item_added,2026-08-08T20:30:54
3ac49f0a-d671-4ff3-8a81-60574c8ff716,e73477ba-dd76-425a-a20f-158bc06e43b0,item_added,2026-08-08T20:39:54
329cc57d-6f75-4264-9777-5e98686b0b2e,e73477ba-dd76-425a-a20f-158bc06e43b0,converted,2026-08-08T21:29:54
1f2bbef4-595a-4b95-a86a-3f72ff4e05e7,6e599bb5-07a9-4183-b23b-5ac6412bb88c,created,2026-05-18T00:34:47
18689114-d978-4609-8faf-18f684b3bbb4,6e599bb5-07a9-4183-b23b-5ac6412bb88c,item_added,2026-05-18T00:41:47
5aa20440-85e6-4dfa-bb77-c0307b9b397a,25118287-b6c6-4414-a659-b996cbecc6fe,created,2026-08-11T00:52:32
9e5635a3-d3bd-4aac-ab67-f89f523bcb7d,25118287-b6c6-4414-a659-b996cbecc6fe,item_added,2026-08-11T01:10:32
c6d0d2d8-8a8a-4bdb-8c58-5435afd6040a,25118287-b6c6-4414-a659-b996cbecc6fe,item_added,2026-08-11T01:25:32
8899bfea-b246-4cb5-b2b7-63cecdf1b127,25118287-b6c6-4414-a659-b996cbecc6fe,item_removed,2026-08-11T01:45:32
32f9845d-81b8-438e-9595-b5dffa0ac083,25118287-b6c6-4414-a659-b996cbecc6fe,item_added,2026-08-11T01:43:32
0d59c776-39ae-4874-abe8-bb32ffbc9f7e,25118287-b6c6-4414-a659-b996cbecc6fe,item_added,2026-08-11T02:00:32
f0ee9989-d5ab-4af7-931c-f2b9752aaa55,25118287-b6c6-4414-a659-b996cbecc6fe,abandoned,2026-08-11T01:15:32
3a401c11-6041-4fbe-a814-7192d5c05414,cacb0d2e-f087-44c0-abed-1413cdfcc06b,created,2026-06-27T12:47:21
10b2d79a-5ef9-4ff1-b007-4232942412e7,cacb0d2e-f087-44c0-abed-1413cdfcc06b,item_added,2026-06-27T13:03:21
e7c45609-2bed-4db3-a3d7-b5f89ddcd31c,cacb0d2e-f087-44c0-abed-1413cdfcc06b,item_added,2026-06-27T13:16:21
fe6008a3-f89d-4d7e-b110-a76bab71e9d2,cacb0d2e-f087-44c0-abed-1413cdfcc06b,item_added,2026-06-27T13:21:21
fa745a42-1967-40ed-b736-3e3621bb3ec3,19c5edff-9e77-4877-a604-1f76e2e37d5e,created,2026-04-03T01:59:46
7095a032-f14b-45d0-b65c-34017d569aa0,19c5edff-9e77-4877-a604-1f76e2e37d5e,item_added,2026-04-03T02:17:46
ae3fc984-2a59-4378-b22e-73baf1fd0565,19c5edff-9e77-4877-a604-1f76e2e37d5e,item_removed,2026-04-03T02:31:46
e3f19148-d70d-438b-a7fe-1253777b4e28,19c5edff-9e77-4877-a604-1f76e2e37d5e,item_added,2026-04-03T02:29:46
2eea34c4-9a88-41e8-a7e2-7da1549ac499,19c5edff-9e77-4877-a604-1f76e2e37d5e,item_added,2026-04-03T02:48:46
c3d711f1-e4b8-4158-b85f-738bd0c20cda,19c5edff-9e77-4877-a604-1f76e2e37d5e,item_added,2026-04-03T02:55:46
8ed4be07-bb2a-4a60-b5fc-a4ddeaff7b3f,7035f60a-e0c9-4872-aab7-a99306e9735f,created,2026-04-01T10:30:59
5ae6dc95-5a0a-4c96-8210-97de0a18b24f,7035f60a-e0c9-4872-aab7-a99306e9735f,item_added,2026-04-01T10:45:59
7052d50a-87bd-477b-b112-194c0a53fc27,7035f60a-e0c9-4872-aab7-a99306e9735f,converted,2026-04-01T11:25:59
f77e3c80-2f02-4dcb-bd24-3e0327f396b8,2c5d9252-7f03-40b1-8920-1af461c4fc39,created,2026-08-14T23:05:55
2c0ac37b-8ab7-4b50-978d-53966f4e2c6a,2c5d9252-7f03-40b1-8920-1af461c4fc39,item_added,2026-08-14T23:25:55
07b27e10-daf7-42b0-95e8-5723a1cd71a8,2c5d9252-7f03-40b1-8920-1af461c4fc39,item_added,2026-08-14T23:29:55
1a23d086-621b-45bd-9648-c8c191ce927d,2c5d9252-7f03-40b1-8920-1af461c4fc39,converted,2026-08-14T23:47:55
c6557b3c-ea34-4570-978b-53821866317f,9a557d04-c437-41b0-b02f-2587eb351bd5,created,2026-08-02T20:58:57
62d5fb29-9ff2-4096-a78f-67e9dc73fe3f,9a557d04-c437-41b0-b02f-2587eb351bd5,item_removed,2026-08-02T21:15:57
37cde6bb-7ffb-4777-ae48-ad7eb8b1e13c,9a557d04-c437-41b0-b02f-2587eb351bd5,item_added,2026-08-02T21:02:57
abc67a34-78b4-4211-977e-e0fffb3d4443,9a557d04-c437-41b0-b02f-2587eb351bd5,item_added,2026-08-02T21:07:57
402de322-1702-47af-9611-aa0fcc55fa42,9a557d04-c437-41b0-b02f-2587eb351bd5,item_added,2026-08-02T21:21:57
640e619e-b68d-4daa-9cb7-10928881121e,9a557d04-c437-41b0-b02f-2587eb351bd5,item_added,2026-08-02T21:34:57
1ecb41e7-b6fe-4b4d-a2db-5b91bb17c6da,9a557d04-c437-41b0-b02f-2587eb351bd5,abandoned,2026-08-03T00:05:57
30558646-ccc0-4e40-be2b-fdccd6aaf61f,d195f80f-4f58-45a9-8da4-e77e49fcb48d,created,2026-02-18T15:46:35
af53db22-bb7c-44ea-bf1e-b5e42cefb984,d195f80f-4f58-45a9-8da4-e77e49fcb48d,item_added,2026-02-18T15:50:35
04dfd10d-6250-424b-84ac-6c3770398071,d195f80f-4f58-45a9-8da4-e77e49fcb48d,abandoned,2026-02-18T19:11:35
d3d40fcd-a745-4879-ae7b-af0d643b6e79,5cbb7fab-0e10-4520-bcb7-598ac3938f55,created,2026-07-19T16:19:00
ef0cd6a6-9e3e-4521-987f-e8e5d643219e,5cbb7fab-0e10-4520-bcb7-598ac3938f55,item_added,2026-07-19T16:26:00
7cf9f953-0979-4393-bbe8-9e65ee3eb985,5cbb7fab-0e10-4520-bcb7-598ac3938f55,item_added,2026-07-19T16:35:00
efe89f8f-0f60-4545-ad4c-db9174dd8682,5cbb7fab-0e10-4520-bcb7-598ac3938f55,item_added,2026-07-19T16:37:00
a0a9ceff-3e49-465d-9864-39178c29d917,5cbb7fab-0e10-4520-bcb7-598ac3938f55,item_added,2026-07-19T16:49:00
f0f427ed-c778-4bae-852c-1f7b28d8a017,5cbb7fab-0e10-4520-bcb7-598ac3938f55,converted,2026-07-19T20:05:00
aabd36ca-8708-45cd-9f94-f53316a33546,000b8fa6-8d61-4ef3-9b11-0f11163b0905,created,2026-07-11T15:19:19
d484b819-0528-4211-9ba9-7fd4032c20b7,000b8fa6-8d61-4ef3-9b11-0f11163b0905,item_added,2026-07-11T15:31:19
d87322a8-29b9-49f9-bbe9-c8dfdf4449c1,000b8fa6-8d61-4ef3-9b11-0f11163b0905,item_added,2026-07-11T15:36:19
d1a5890e-4dbe-4fd8-8aff-7a6a232cad0d,000b8fa6-8d61-4ef3-9b11-0f11163b0905,converted,2026-07-11T15:45:19
f50b05e9-2b96-4d42-a6c7-187844a48c60,933d94ad-c98e-4986-b8ac-6b1e26a820aa,created,2026-05-29T06:16:31
93f674e8-45d5-41bf-bc97-392d043d2ad9,933d94ad-c98e-4986-b8ac-6b1e26a820aa,item_added,2026-05-29T06:25:31
d72d936a-387e-4cf8-b4c2-562d90ada795,933d94ad-c98e-4986-b8ac-6b1e26a820aa,item_removed,2026-05-29T06:47:31
48944a86-2d54-4937-927d-6c59886dfde9,933d94ad-c98e-4986-b8ac-6b1e26a820aa,item_added,2026-05-29T06:30:31
8c4012e9-30e0-4b67-913f-7d5aab79af72,933d94ad-c98e-4986-b8ac-6b1e26a820aa,abandoned,2026-05-29T07:16:31
b37f8157-5711-4a0d-b716-de7af1ade0ab,42bb6150-57ab-43a9-8924-f4222f073ce4,created,2026-02-16T18:09:20
e1e61ba1-32e5-499b-a8ed-b3a47cab53ac,42bb6150-57ab-43a9-8924-f4222f073ce4,item_added,2026-02-16T18:15:20
aa98c9d2-d980-46ec-a7f7-4f23bdd0830c,42bb6150-57ab-43a9-8924-f4222f073ce4,item_added,2026-02-16T18:26:20
a0982dc1-c5a3-4837-b395-0740f8af962c,42bb6150-57ab-43a9-8924-f4222f073ce4,item_added,2026-02-16T18:34:20
6a28b2ba-4a8b-48d6-aa51-4771870661d4,42bb6150-57ab-43a9-8924-f4222f073ce4,item_added,2026-02-16T18:37:20
1f2f7fed-2097-44ed-ac7f-3dab4ab7c897,678f326f-1e6a-4b22-99e6-b0de8ba3a556,created,2026-03-29T16:46:28
5be48198-1a83-4301-a18b-8fcc42084be6,678f326f-1e6a-4b22-99e6-b0de8ba3a556,item_added,2026-03-29T16:54:28
5e6863a5-f7d3-45f5-a068-ec5796a98c2e,678f326f-1e6a-4b22-99e6-b0de8ba3a556,item_added,2026-03-29T17:03:28
c0256a40-0a6a-44e4-9fa1-9478b3a180f4,678f326f-1e6a-4b22-99e6-b0de8ba3a556,item_added,2026-03-29T17:12:28
9f8dff82-80ce-4adb-8bf3-24aed22dca13,678f326f-1e6a-4b22-99e6-b0de8ba3a556,abandoned,2026-03-29T17:01:28
991bc3be-0245-482c-86f6-0ac3abb67e12,29361c1f-4047-4582-bac1-14f72c7fd159,created,2026-08-08T16:04:59
b2bf746c-d281-4201-8ed9-ec90e00bfa65,29361c1f-4047-4582-bac1-14f72c7fd159,item_added,2026-08-08T16:11:59
bc19a675-1be7-4d10-b3c0-66ef2b49c3bd,29361c1f-4047-4582-bac1-14f72c7fd159,converted,2026-08-08T16:29:59
8340fe68-86ba-4cfb-8e18-c2ef0cc98c53,81b86776-9081-49fe-b709-fc640d797cd6,created,2026-03-28T21:10:52
5722b714-b74f-4afb-8fdb-bfce48e377d7,81b86776-9081-49fe-b709-fc640d797cd6,item_added,2026-03-28T21:17:52
2214a7d3-5e7b-4a02-8be0-9ded5517a27c,81b86776-9081-49fe-b709-fc640d797cd6,item_added,2026-03-28T21:22:52
5c557a06-f180-4ebb-af44-762157973a82,81b86776-9081-49fe-b709-fc640d797cd6,item_added,2026-03-28T21:27:52
8c5ea9ba-082d-4fc1-b9b0-386a74f20f2b,ee99eac9-de0f-4962-914e-9f10f679bee2,created,2026-06-05T04:16:24
71c8d002-1729-4746-ac75-e0b198499c75,ee99eac9-de0f-4962-914e-9f10f679bee2,item_added,2026-06-05T04:26:24
9d250b5a-2ade-40b5-97e0-75e5b2826eac,785d749f-281a-4b8d-8974-357afaf90930,created,2026-07-24T14:44:57
342ff9de-bc4c-4f05-9971-d7b237b2f5fe,785d749f-281a-4b8d-8974-357afaf90930,item_added,2026-07-24T14:54:57
2d5c3052-3949-4255-8ede-68d788990df3,785d749f-281a-4b8d-8974-357afaf90930,item_added,2026-07-24T14:57:57
825769eb-15bb-4154-9bc7-39cdab225f85,3e9fb21c-3852-47fc-98ba-2bdca639e1d8,created,2026-03-25T23:53:05
94863ce2-d69d-4d24-b8cc-6a920e927a9a,3e9fb21c-3852-47fc-98ba-2bdca639e1d8,item_added,2026-03-25T23:55:05
f19ad000-74de-412a-88c1-b82bcbc9a6c5,3e9fb21c-3852-47fc-98ba-2bdca639e1d8,abandoned,2026-03-26T02:25:05
8d176107-49f6-44b7-a167-5d1b43f0e706,1bbbc1ab-2779-489b-9a47-993b9976ffd9,created,2026-06-20T10:59:52
ab97bbcf-02a8-46ac-96f5-9a33dac35553,1bbbc1ab-2779-489b-9a47-993b9976ffd9,item_added,2026-06-20T11:08:52
3f98f891-3a95-4170-bec0-2003521daa00,1bbbc1ab-2779-489b-9a47-993b9976ffd9,item_added,2026-06-20T11:14:52
e2c43324-1493-4d55-873c-09c25abdd9e0,1bbbc1ab-2779-489b-9a47-993b9976ffd9,item_added,2026-06-20T11:27:52
012391e1-bba8-47cc-a511-7752c8e24f01,1bbbc1ab-2779-489b-9a47-993b9976ffd9,converted,2026-06-20T12:36:52
6abccd11-b52f-450e-9c57-9a4d43c1f178,1e02720b-0751-439f-a3cf-85f6f444b5c3,created,2026-07-17T23:12:30
ab72ab58-c764-4c37-99c1-68d7a3dfc042,1e02720b-0751-439f-a3cf-85f6f444b5c3,item_added,2026-07-17T23:24:30
e0a247e9-7c55-4991-ba2c-0a751c3a3465,1e02720b-0751-439f-a3cf-85f6f444b5c3,item_added,2026-07-17T23:26:30
15628370-6a52-4518-91a8-653b6234aaa9,1e02720b-0751-439f-a3cf-85f6f444b5c3,item_added,2026-07-17T23:38:30
913b2a73-8af4-4e29-bc7a-088fc0dc5ab0,07de142c-c4e9-4d4a-a1ee-8d51c9b28e84,created,2026-07-08T05:46:45
27727d72-6125-43fd-980d-c79ec960ef1a,07de142c-c4e9-4d4a-a1ee-8d51c9b28e84,item_added,2026-07-08T06:06:45
d2bfc17a-1a35-46bf-a796-6b76de4525d3,07de142c-c4e9-4d4a-a1ee-8d51c9b28e84,item_added,2026-07-08T06:12:45
0e910a8d-b48e-42a9-ab14-c5b60bbb02c1,07de142c-c4e9-4d4a-a1ee-8d51c9b28e84,abandoned,2026-07-08T08:48:45
3e28cfa8-b8db-4bb2-8e9a-9b8e4d372f72,375d163e-ae4a-42ec-85f4-3c9897314b2b,created,2026-07-31T19:19:59
ed4e9d33-a55d-4f7b-a267-c24ef59dc249,375d163e-ae4a-42ec-85f4-3c9897314b2b,item_added,2026-07-31T19:20:59
5af81871-2db7-4c79-b37b-a2a636b8277e,375d163e-ae4a-42ec-85f4-3c9897314b2b,item_added,2026-07-31T19:28:59
58311718-cc73-4687-94d2-c2c5ba6b26c8,375d163e-ae4a-42ec-85f4-3c9897314b2b,item_added,2026-07-31T19:34:59
a0c5b81e-9dcb-47f4-aebf-04ad3c44718e,375d163e-ae4a-42ec-85f4-3c9897314b2b,converted,2026-07-31T19:29:59
f580a432-9df4-45dd-8157-3660820f2ba6,9e116c02-0d5a-45e7-857f-a123d11e34fe,created,2026-03-19T16:17:03
da9c6707-81b0-4951-a00c-0bccde1b720b,a9983466-1baa-4427-b63b-86db0363b106,created,2026-06-28T23:27:10
7db98d1e-0bae-46fc-861b-efb4bfad0982,a9983466-1baa-4427-b63b-86db0363b106,item_removed,2026-06-28T23:47:10
e9259e0e-796b-40c0-a3ab-e4438bdc8336,a9983466-1baa-4427-b63b-86db0363b106,item_added,2026-06-28T23:30:10
49d6295e-a30f-4db7-82cf-99b8128e5a26,a9983466-1baa-4427-b63b-86db0363b106,abandoned,2026-06-29T01:27:10
3ec6a836-6c34-42a2-8b4a-16f9e8948acd,20aad4b6-0c34-47a4-8a68-eee04769c7e6,created,2026-08-03T17:38:08
87be284d-d95c-4f60-9082-f1e507c2fbdf,20aad4b6-0c34-47a4-8a68-eee04769c7e6,item_added,2026-08-03T17:47:08
22a7a9a8-c067-4863-9b27-1476c6c40f20,20aad4b6-0c34-47a4-8a68-eee04769c7e6,item_added,2026-08-03T18:02:08
87174427-110a-4969-974f-f3bfc8454cd3,20aad4b6-0c34-47a4-8a68-eee04769c7e6,item_added,2026-08-03T18:17:08
0da30c35-4b0b-4139-9c2f-491cc523cc89,20aad4b6-0c34-47a4-8a68-eee04769c7e6,abandoned,2026-08-03T21:27:08
6065cb27-f855-471f-ac18-6f2a0184bc01,4e6cd492-ace2-4584-bb26-7195c6235e0a,created,2026-07-14T08:06:34
5aaa2d54-27fc-44cd-8c78-64b2e5cbe6dc,4e6cd492-ace2-4584-bb26-7195c6235e0a,item_added,2026-07-14T08:22:34
346ea568-1b7e-4262-9863-8d13221c0a63,4e6cd492-ace2-4584-bb26-7195c6235e0a,item_added,2026-07-14T08:33:34
5d23b10d-2955-4ebe-908e-acd6c6084792,4e6cd492-ace2-4584-bb26-7195c6235e0a,converted,2026-07-14T11:34:34
b21c57f0-8734-431b-83ba-c71005dd8f8b,edb4fc69-57dc-471f-8602-43a27d467226,created,2026-03-27T03:19:17
c1603b5a-ad1f-48e2-a5e8-30f5cc51af83,edb4fc69-57dc-471f-8602-43a27d467226,item_removed,2026-03-27T03:40:17
2ed08cf2-647f-4f92-ac3f-e0edab83b879,edb4fc69-57dc-471f-8602-43a27d467226,item_added,2026-03-27T03:34:17
019780f0-b9db-401c-99e0-9ea814f8d285,edb4fc69-57dc-471f-8602-43a27d467226,item_added,2026-03-27T03:43:17
b390142f-c3e3-4acb-9439-018ddb1908b2,edb4fc69-57dc-471f-8602-43a27d467226,abandoned,2026-03-27T03:43:17
025321ee-51ba-4a52-9cf9-c1a7f9ff4efc,be840aab-b37b-45a6-b5b0-41a9c44d3ac0,created,2026-06-28T04:25:57
b70db659-09b1-414f-a2b4-a3682fad4b4d,be840aab-b37b-45a6-b5b0-41a9c44d3ac0,item_added,2026-06-28T04:44:57
bdc3aeec-46c9-4fcb-8de1-79c3746b6c3c,be840aab-b37b-45a6-b5b0-41a9c44d3ac0,item_added,2026-06-28T04:55:57
63a3951e-c29b-4a7c-b56a-a6daeb4c7092,be840aab-b37b-45a6-b5b0-41a9c44d3ac0,abandoned,2026-06-28T07:15:57
2a1320a7-b359-4f53-bab6-4e5c16e11362,e4ab626a-44b9-4b40-9e95-527d5876d432,created,2026-05-19T02:27:10
30bc08b1-2499-491f-ba5c-ec547801b55e,e4ab626a-44b9-4b40-9e95-527d5876d432,item_added,2026-05-19T02:41:10
52e783da-948b-4e8e-bd16-d13981c4262a,e4ab626a-44b9-4b40-9e95-527d5876d432,item_added,2026-05-19T02:55:10
577c7423-a220-4c92-850a-9b07285fbe13,e4ab626a-44b9-4b40-9e95-527d5876d432,item_added,2026-05-19T03:06:10
5d3790fd-57e5-4768-b008-58aca38487ec,e4ab626a-44b9-4b40-9e95-527d5876d432,item_added,2026-05-19T03:17:10
b386a374-983a-45fc-8ed5-f46556cb6a5b,e4ab626a-44b9-4b40-9e95-527d5876d432,abandoned,2026-05-19T02:35:10
f79cd2ce-ac60-401f-b2eb-fdeaa1267d57,ce1bc06e-7cf9-472e-b6ed-90acb94dec0f,created,2026-06-23T00:14:21
d95a4506-77d5-44df-82ef-e9cc1b43950f,ce1bc06e-7cf9-472e-b6ed-90acb94dec0f,item_added,2026-06-23T00:27:21
a5f1f465-fde2-473f-9c72-935a052a035e,ce1bc06e-7cf9-472e-b6ed-90acb94dec0f,item_added,2026-06-23T00:41:21
7e852516-3946-431e-afaa-91439a15817b,b57cdb8d-84ec-4255-b83b-22bb6ad61a0f,created,2026-03-29T03:38:55
8813e237-0fe2-4331-af8b-e39f2a0dc421,b57cdb8d-84ec-4255-b83b-22bb6ad61a0f,item_added,2026-03-29T03:50:55
a057247a-ecc0-4939-aa32-7b09763faeb0,b57cdb8d-84ec-4255-b83b-22bb6ad61a0f,item_added,2026-03-29T03:55:55
e84c8209-3945-44dd-ac52-070021476f36,b57cdb8d-84ec-4255-b83b-22bb6ad61a0f,item_added,2026-03-29T04:06:55
792c18d0-de2d-4cf8-9516-8b2b373f2fd5,b57cdb8d-84ec-4255-b83b-22bb6ad61a0f,converted,2026-03-29T06:28:55
9947b2d9-2c47-421e-bcd0-c11afaf849bb,c3a48db1-9084-40c8-a4cf-bacfcc9c3a6f,created,2026-03-29T11:12:07
9a1ad063-3b49-4534-9b77-662c20302b47,c3a48db1-9084-40c8-a4cf-bacfcc9c3a6f,item_added,2026-03-29T11:20:07
cb90057e-6575-4d71-b0df-48e8938fa259,c3a48db1-9084-40c8-a4cf-bacfcc9c3a6f,abandoned,2026-03-29T11:38:07
ecad9d4c-90b4-45fb-8c69-0f1cc626a32f,66ed9974-551c-4fbb-95f2-38ea8df5f2e4,created,2026-06-04T20:21:49
bb4a7fc2-6ef1-46d4-a21d-916bf7327ade,66ed9974-551c-4fbb-95f2-38ea8df5f2e4,item_added,2026-06-04T20:30:49
a25e0e16-66bb-4933-a15c-39cd93b0e67f,66ed9974-551c-4fbb-95f2-38ea8df5f2e4,abandoned,2026-06-05T00:18:49
aaab6e4c-b56f-4fef-980a-2cdd91edc3b8,35e230cc-da8c-483a-ad47-394dd48f6124,created,2026-04-06T06:50:45
9539fa10-d498-4d96-a954-65ff7521ab24,35e230cc-da8c-483a-ad47-394dd48f6124,item_added,2026-04-06T07:09:45
c31e1512-d7b7-4cc1-952a-db565c4014d7,35e230cc-da8c-483a-ad47-394dd48f6124,item_added,2026-04-06T07:27:45
4c1e2bca-b6ac-428f-a7fd-a8b0311563be,299357f2-3966-44d0-9ed4-ebace9454de3,created,2026-02-25T07:42:22
b4bbeb6d-704f-42b4-9b9b-fe66f6ac5b28,299357f2-3966-44d0-9ed4-ebace9454de3,item_added,2026-02-25T08:02:22
e715befc-ccfd-4c03-9d3b-a0d06342a587,299357f2-3966-44d0-9ed4-ebace9454de3,item_added,2026-02-25T08:08:22
3de0cb7d-beb0-49b8-b5b5-630ea0859865,cede3ff6-307a-42e6-b14b-8ace36bf4476,created,2026-06-29T23:53:55
1645bd93-5123-4143-b53d-654f4dac2cde,cede3ff6-307a-42e6-b14b-8ace36bf4476,item_added,2026-06-30T00:07:55
87e277d4-6640-42b3-828f-4f4011079446,cede3ff6-307a-42e6-b14b-8ace36bf4476,abandoned,2026-06-30T01:44:55
0011a387-804a-4546-b71a-193a6750641a,53587280-b035-41d5-9eba-6055c05c2d1e,created,2026-07-29T18:41:49
0255f350-d402-4554-8358-46b9b2694f47,53587280-b035-41d5-9eba-6055c05c2d1e,item_added,2026-07-29T18:56:49
cb7986ad-6829-446d-9337-16365dd9eb52,53587280-b035-41d5-9eba-6055c05c2d1e,item_added,2026-07-29T18:59:49
b5f3bab1-ebf9-413c-8d90-ef4f9d6f1c4b,53587280-b035-41d5-9eba-6055c05c2d1e,item_added,2026-07-29T19:09:49
c1f69c3a-3ba2-4fd7-ac7c-94ab510e7942,53587280-b035-41d5-9eba-6055c05c2d1e,converted,2026-07-29T19:50:49
5aabe8af-98d3-4ce5-a919-f79e42511bde,87559e3c-ad8e-4f14-a6ad-317e99a06bfc,created,2026-05-01T15:04:10
c7024e9e-af03-48a9-8b0f-d4173df1cc1d,87559e3c-ad8e-4f14-a6ad-317e99a06bfc,item_added,2026-05-01T15:10:10
1180fe32-2b71-4d2f-bbc9-634a1e4be2b2,87559e3c-ad8e-4f14-a6ad-317e99a06bfc,item_added,2026-05-01T15:22:10
4959c6ee-135a-4765-ab09-59a9b77f6a77,35baedb7-25bb-4958-bbde-dc8340a63cc4,created,2026-07-16T14:13:50
52cc32a1-d545-42d2-a010-bf69bdf0224e,35baedb7-25bb-4958-bbde-dc8340a63cc4,item_added,2026-07-16T14:16:50
c11ca440-a650-46a8-a8c9-1882b532b553,35baedb7-25bb-4958-bbde-dc8340a63cc4,abandoned,2026-07-16T14:38:50
0bfbc945-64e2-4b44-8411-de4c3be3fd6c,cd8c3bf3-729f-49d3-8a15-5c151b5d5a62,created,2026-06-06T09:39:33
42366752-3ccc-4d03-9716-afe89096a70f,cd8c3bf3-729f-49d3-8a15-5c151b5d5a62,item_added,2026-06-06T09:46:33
167c9905-eac2-49cf-b1b7-abcfe2e7e0d9,cd8c3bf3-729f-49d3-8a15-5c151b5d5a62,item_added,2026-06-06T10:02:33
1a1a0744-d2d4-4fb3-9b0f-61122be4ad62,cd8c3bf3-729f-49d3-8a15-5c151b5d5a62,item_added,2026-06-06T10:16:33
c593a5a6-7189-4b5f-812e-94e1fcb6dc73,cd8c3bf3-729f-49d3-8a15-5c151b5d5a62,abandoned,2026-06-06T11:10:33
6bac655f-c577-4519-bc68-df68b6faf651,6e0ca21d-bd2d-4e4b-a5ba-aa0e1bf23103,created,2026-05-20T20:34:43
3f159d9e-c230-4161-8ae6-3294dabaa88a,6e0ca21d-bd2d-4e4b-a5ba-aa0e1bf23103,item_added,2026-05-20T20:36:43
430cd1b9-06ba-465d-a033-ad8aec6d2803,3b4bf07a-6245-4c99-8daa-05ea9b393a81,created,2026-05-09T03:18:07
42c3319d-fbd3-4511-9b70-6979a16d3724,3b4bf07a-6245-4c99-8daa-05ea9b393a81,item_added,2026-05-09T03:31:07
b5419423-0203-417d-a81f-67a1e17f8fe5,3b4bf07a-6245-4c99-8daa-05ea9b393a81,item_removed,2026-05-09T04:01:07
34d1318a-012b-49df-a688-552d9975abd3,3b4bf07a-6245-4c99-8daa-05ea9b393a81,item_added,2026-05-09T03:49:07
1ae8f3b6-062c-4dcb-b4eb-5d1af0eb4c02,3b4bf07a-6245-4c99-8daa-05ea9b393a81,item_added,2026-05-09T03:55:07
e988ed6d-f5fb-4f2a-b8ce-38043cc0476b,3b4bf07a-6245-4c99-8daa-05ea9b393a81,abandoned,2026-05-09T07:16:07
19ca6ae2-ee63-4651-a928-efde78227327,12e4c0cd-7ae0-4782-9a0d-e9fc7f949f47,created,2026-04-07T02:27:04
29720905-90e0-4911-8556-8d5ffdb476a4,12e4c0cd-7ae0-4782-9a0d-e9fc7f949f47,item_added,2026-04-07T02:30:04
c78d77dc-b6b6-47a1-b89d-a4ce9ed259f7,12e4c0cd-7ae0-4782-9a0d-e9fc7f949f47,item_added,2026-04-07T02:46:04
6eecd161-56b7-4123-abb3-1c2c56579e79,12e4c0cd-7ae0-4782-9a0d-e9fc7f949f47,item_added,2026-04-07T03:03:04
7484074c-cffb-44dc-bda5-4b4a985a198a,12e4c0cd-7ae0-4782-9a0d-e9fc7f949f47,converted,2026-04-07T04:12:04
cff94f98-3046-4c71-85b1-08afd806e8da,ecf763cb-85d3-47b9-b3bb-f87957bc7644,created,2026-03-05T05:58:20
48d00dd5-fed9-445b-b686-daf0b23700d3,ecf763cb-85d3-47b9-b3bb-f87957bc7644,item_added,2026-03-05T06:10:20
8727f1bf-53ae-4628-94e4-11d3b532ad41,ecf763cb-85d3-47b9-b3bb-f87957bc7644,abandoned,2026-03-05T08:44:20
a6a6dc7b-7916-4a2f-a557-f26df892b3ce,12410c18-0d67-4570-9881-71314c4195a4,created,2026-08-06T18:20:48
317d2c09-f0dd-4822-a92b-8be60fc9900d,12410c18-0d67-4570-9881-71314c4195a4,item_added,2026-08-06T18:40:48
30c9a525-7c03-406f-a32b-fb4ce305c12e,12410c18-0d67-4570-9881-71314c4195a4,item_added,2026-08-06T18:59:48
1f022583-3175-471f-8080-bebedd62047b,12410c18-0d67-4570-9881-71314c4195a4,converted,2026-08-06T21:38:48
58b13fec-bf26-4f15-8759-e9957eaffa48,32cfcb26-9165-4bbc-b5b4-c7c592c21b11,created,2026-04-03T03:05:21
d3c58539-f68e-4f6b-bbe5-5d6d8f5ba129,32cfcb26-9165-4bbc-b5b4-c7c592c21b11,item_added,2026-04-03T03:10:21
8a1cf941-60a5-438c-8d24-f9fb82b04bcb,32cfcb26-9165-4bbc-b5b4-c7c592c21b11,item_added,2026-04-03T03:26:21
4b21dbed-9b85-4952-a0e2-90d26bfe098c,32cfcb26-9165-4bbc-b5b4-c7c592c21b11,abandoned,2026-04-03T04:09:21
2d9a97ca-6265-4baa-941a-963d3a6aaecc,31540986-53ad-4adb-8ae9-6c4e7a7a71ac,created,2026-04-28T02:27:41
0021ca1c-d8db-4add-bb9d-f2559ad6ccc2,1360b706-2260-446a-b320-16505a3063a1,created,2026-04-10T15:49:41
ba70e27b-e7dd-41fc-af17-b344d9eb9d03,1360b706-2260-446a-b320-16505a3063a1,item_added,2026-04-10T16:09:41
b4d46b35-cd4a-467b-9d9e-73993a24e347,b1000f18-0e47-472e-891d-c8555edaecef,created,2026-05-08T09:25:54
7aa48fc7-6c56-4cbe-b438-4b35131f3b79,b1000f18-0e47-472e-891d-c8555edaecef,item_added,2026-05-08T09:36:54
c1f5a4e6-3f57-48f2-ba4d-65a30c458dc8,b1000f18-0e47-472e-891d-c8555edaecef,item_added,2026-05-08T09:46:54
b4febf44-b812-4a46-b020-69cabf82039b,b1000f18-0e47-472e-891d-c8555edaecef,abandoned,2026-05-08T11:39:54
ffa812e6-21f6-4768-a593-277ade679099,2a10b816-d531-4ba9-9c1d-47a0056b77c9,created,2026-03-18T05:56:52
208b1bee-e3ba-4a44-a997-2fa398c1fa59,2a10b816-d531-4ba9-9c1d-47a0056b77c9,item_added,2026-03-18T06:10:52
ea1b8382-2501-4d6a-a7a2-519c907caf95,2a10b816-d531-4ba9-9c1d-47a0056b77c9,item_added,2026-03-18T06:16:52
646b7919-5f6d-4bc5-bc46-b38cda05cd10,2a10b816-d531-4ba9-9c1d-47a0056b77c9,item_added,2026-03-18T06:36:52
7560fd9e-964f-4c7e-be9d-bbbef668adc2,2a10b816-d531-4ba9-9c1d-47a0056b77c9,item_added,2026-03-18T06:40:52
cd3ee3af-b412-4042-8b40-39bd292bda37,2a10b816-d531-4ba9-9c1d-47a0056b77c9,converted,2026-03-18T08:54:52
399bd581-2a74-45b2-bbee-673d74a348b1,0b34788b-963e-4fdf-9286-dfbe4e6d05f1,created,2026-07-30T16:58:16
cac59efa-2b0a-451c-9092-a760afe0bc36,0b34788b-963e-4fdf-9286-dfbe4e6d05f1,item_added,2026-07-30T17:15:16
b16dd5c1-aa70-4d25-9737-4adcec7906ac,7baf051f-5b19-4edf-ac97-8ca2969904f4,created,2026-07-05T05:23:16
12533c9c-633a-4692-8663-e51d24aaabe0,7baf051f-5b19-4edf-ac97-8ca2969904f4,item_added,2026-07-05T05:37:16
81fcf5d2-2dd3-4cdc-b140-5a7b865b0950,7baf051f-5b19-4edf-ac97-8ca2969904f4,item_added,2026-07-05T05:54:16
42aa6ca7-f942-41bf-a1f9-9f04da695e56,7baf051f-5b19-4edf-ac97-8ca2969904f4,item_added,2026-07-05T05:59:16
91938a54-1cdc-4d4d-a03c-fe120e08925e,7baf051f-5b19-4edf-ac97-8ca2969904f4,converted,2026-07-05T08:26:16
ef4f52d5-de30-488a-8a38-743d5c79ccb7,0ae40e29-fe64-4f42-9500-d4134994427d,created,2026-06-13T07:55:30
a132834a-2f5a-426e-b557-a332cb3c1166,0ae40e29-fe64-4f42-9500-d4134994427d,item_removed,2026-06-13T08:27:30
035db66b-2e38-4b14-b726-680ded568cc7,0ae40e29-fe64-4f42-9500-d4134994427d,item_added,2026-06-13T08:14:30
ecc7c713-bcee-4e10-bc7d-76d7062fea53,0ae40e29-fe64-4f42-9500-d4134994427d,item_added,2026-06-13T08:21:30
c03a9efc-6903-48b9-af1e-383924051120,0ae40e29-fe64-4f42-9500-d4134994427d,item_added,2026-06-13T08:22:30
c0298040-9884-410b-8a3f-e2996f2f5f13,0ae40e29-fe64-4f42-9500-d4134994427d,abandoned,2026-06-13T08:56:30
137fa578-600e-4007-8942-8d26b22a5ae4,58e1df2f-be69-471c-b6e5-db20ef324f71,created,2026-07-06T07:08:39
8cd71fee-da0d-4b3f-82ef-c2a3856d8089,58e1df2f-be69-471c-b6e5-db20ef324f71,item_added,2026-07-06T07:10:39
06e9a075-4dbe-4a88-b93e-c9bc5868c372,58e1df2f-be69-471c-b6e5-db20ef324f71,item_added,2026-07-06T07:17:39
965bc1cb-6f25-4772-a9fd-3054284e9eea,58e1df2f-be69-471c-b6e5-db20ef324f71,item_added,2026-07-06T07:26:39
6c05b41f-bf91-4ec7-9743-ea971b78f70c,58e1df2f-be69-471c-b6e5-db20ef324f71,abandoned,2026-07-06T08:08:39
6f80c403-b764-4155-bf5a-9240c32b5752,55b72df4-7e46-42dd-9502-e62248d1b380,created,2026-05-11T15:24:28
8c1f79ff-979f-4dab-8412-e7d5a6d760cf,55b72df4-7e46-42dd-9502-e62248d1b380,item_added,2026-05-11T15:43:28
bccd7e2a-8df5-4967-9be2-baa7dac982aa,13399726-d929-4f0a-a071-f408d5994a0d,created,2026-03-02T21:17:04
1786f100-1480-457f-8605-9d65c7340dc8,13399726-d929-4f0a-a071-f408d5994a0d,item_added,2026-03-02T21:23:04
63402ac5-4ebf-403b-8ad4-e783ba649d18,13399726-d929-4f0a-a071-f408d5994a0d,abandoned,2026-03-03T00:23:04
deab1f2c-8615-4c3b-abf1-dc210e4d9e3d,a5cadc9f-76a4-44ec-96d3-43a387e11971,created,2026-04-04T03:42:56
931fabfd-582e-492e-bbf4-1edabe8a9701,a5cadc9f-76a4-44ec-96d3-43a387e11971,item_removed,2026-04-04T04:13:56
880e0755-c1e8-46f7-b350-4e0b52f1b91d,a5cadc9f-76a4-44ec-96d3-43a387e11971,item_added,2026-04-04T03:43:56
237d5f92-ba66-4ad8-a1a1-61e5de68938c,ce879146-33db-40ec-ad99-0e9e456a2130,created,2026-05-12T21:59:11
58282c75-e820-4344-85c7-3bad8c373a0a,ce879146-33db-40ec-ad99-0e9e456a2130,item_added,2026-05-12T22:09:11
736ab022-7a5d-4521-8512-af25e3386c51,ce879146-33db-40ec-ad99-0e9e456a2130,converted,2026-05-12T22:38:11
85349087-3733-4733-b955-9a299c81dee3,875d6f15-96d4-4ab7-a5b1-10a7216f09f3,created,2026-06-08T02:04:35
b0e9a5fd-fdc0-4161-9dd5-544f4858ab30,875d6f15-96d4-4ab7-a5b1-10a7216f09f3,item_added,2026-06-08T02:17:35
efa67ea7-f3e3-445f-839c-5f0052dc640e,875d6f15-96d4-4ab7-a5b1-10a7216f09f3,converted,2026-06-08T04:37:35
b8696681-290e-4909-950d-17e5b2646265,2b09e459-502e-49b2-9d99-9e0eb13c27a9,created,2026-05-16T09:31:10
57268b59-fb19-4ba1-b45a-8ac96cd0c3e8,6bd3214b-34be-4836-8b2d-6ea7963ca56d,created,2026-07-31T05:04:18
72fd732f-0f30-462a-98d5-f7c1196b0371,6bd3214b-34be-4836-8b2d-6ea7963ca56d,item_added,2026-07-31T05:17:18
4add6dec-ffcf-4a67-ab19-2792e50e639e,6bd3214b-34be-4836-8b2d-6ea7963ca56d,item_added,2026-07-31T05:20:18
9e3ddf6f-9d1f-4f84-afda-5cf2bc4e12bf,6bd3214b-34be-4836-8b2d-6ea7963ca56d,item_added,2026-07-31T05:37:18
d1b6d959-6e29-4da6-a195-8eb1501a65c5,6bd3214b-34be-4836-8b2d-6ea7963ca56d,item_added,2026-07-31T05:46:18
72c9e245-b90f-4fef-8496-332a0776dba1,6bd3214b-34be-4836-8b2d-6ea7963ca56d,abandoned,2026-07-31T05:09:18
59426f18-128e-4e3b-891b-282ac47ee4e1,c0ad246f-a1a0-4997-83d6-1e00d6445a74,created,2026-05-05T22:17:54
2cb3a4be-a7e1-4d9d-b1fa-5d85a438e356,c0ad246f-a1a0-4997-83d6-1e00d6445a74,item_added,2026-05-05T22:28:54
22c2a4fc-7e0e-4839-bba2-d4d362fefa9d,c0ad246f-a1a0-4997-83d6-1e00d6445a74,item_added,2026-05-05T22:38:54
472a8907-81f9-4c17-9b80-87deb8e86e75,c0ad246f-a1a0-4997-83d6-1e00d6445a74,converted,2026-05-06T00:37:54
555e06a4-8f73-4738-be35-61b39a9a0926,0aeb560d-b726-46c9-a732-b2819954646c,created,2026-02-16T14:29:48
2b660500-97d4-4374-9298-03b9fa470d34,0aeb560d-b726-46c9-a732-b2819954646c,item_added,2026-02-16T14:35:48
45de650b-c489-4c49-ad69-5d1ede2a5a0b,0aeb560d-b726-46c9-a732-b2819954646c,item_added,2026-02-16T14:41:48
f5a2bd1a-8dea-46d7-9831-73c586e749bf,7146f5dc-359c-4ffa-ac8f-1490254774df,created,2026-06-10T23:31:38
7d38164c-67fb-42c9-88eb-2064f0efaafe,7146f5dc-359c-4ffa-ac8f-1490254774df,item_added,2026-06-10T23:33:38
3c557205-4105-4474-94ef-d6dfb3111a9c,7146f5dc-359c-4ffa-ac8f-1490254774df,abandoned,2026-06-11T01:16:38
ad8ebc28-2e8e-4b37-aa38-60dd429afd90,1742f3f6-aefb-4a06-aad8-ef7c23ac69eb,created,2026-05-23T05:47:15
6dd6af14-7530-4b63-bbc8-1ffa33ed42d8,1742f3f6-aefb-4a06-aad8-ef7c23ac69eb,item_added,2026-05-23T06:03:15
4cb876fc-9a5d-4c34-8b8f-c79fa259cd23,1742f3f6-aefb-4a06-aad8-ef7c23ac69eb,item_added,2026-05-23T06:05:15
9a10f984-a1e5-41d9-9b60-d5f524516bc9,1742f3f6-aefb-4a06-aad8-ef7c23ac69eb,item_added,2026-05-23T06:12:15
91661dc9-7542-4440-8dd6-2e43686b1d22,1742f3f6-aefb-4a06-aad8-ef7c23ac69eb,abandoned,2026-05-23T08:17:15
d63f331e-af36-4c2a-9a41-a0951f3438f9,0aa549df-ec38-415b-8e93-d06da3afa88e,created,2026-08-03T13:54:31
ae4f121d-27e4-4daf-8714-7ade798ba1d1,0aa549df-ec38-415b-8e93-d06da3afa88e,item_added,2026-08-03T14:02:31
1f459c09-84d7-4532-ab06-1b68c01e2537,d5d20331-9721-44e7-a0d1-c28bc033c5ff,created,2026-07-29T21:02:43
363e1602-f943-4e7a-ac9f-cfbedd4c325a,d5d20331-9721-44e7-a0d1-c28bc033c5ff,item_removed,2026-07-29T21:50:43
d17703a3-4c50-488b-8183-9cc4ae67f7ca,d5d20331-9721-44e7-a0d1-c28bc033c5ff,item_added,2026-07-29T21:21:43
22f7eec4-336d-4abe-a307-f6dde180f8c4,d5d20331-9721-44e7-a0d1-c28bc033c5ff,item_added,2026-07-29T21:30:43
4a7e5934-ae82-4ce6-8dd3-7437c28735f1,7ebea8f5-0eea-4b3a-9b19-c4c2726b1366,created,2026-06-26T19:04:15
52c3c295-5b69-4f32-92b8-914eb4ab8248,7ebea8f5-0eea-4b3a-9b19-c4c2726b1366,item_added,2026-06-26T19:24:15
256374dc-15ef-4c96-9cde-084fa879c975,7ebea8f5-0eea-4b3a-9b19-c4c2726b1366,abandoned,2026-06-26T20:47:15
eefd5a2f-d5b9-48c8-ab4c-365dc864b735,48086c41-3857-44c0-9385-78c700d89ce7,created,2026-02-27T09:31:11
78f9f7e9-c2fd-4f70-9d75-3a2c76a79442,48086c41-3857-44c0-9385-78c700d89ce7,item_added,2026-02-27T09:33:11
51dcd860-1be0-4e94-8363-b38bfd79231b,48086c41-3857-44c0-9385-78c700d89ce7,item_removed,2026-02-27T09:52:11
c197a684-5808-47d6-badf-b1cca751fe89,48086c41-3857-44c0-9385-78c700d89ce7,item_added,2026-02-27T09:45:11
08a2f728-d184-4b12-aee1-ab30ef89a4a5,48086c41-3857-44c0-9385-78c700d89ce7,item_removed,2026-02-27T10:10:11
eb7c1c3a-9149-43f3-8b6f-1b5b05cc7cd1,48086c41-3857-44c0-9385-78c700d89ce7,item_added,2026-02-27T09:59:11
01c34228-b496-48e1-a98a-6c40b0d448c1,48086c41-3857-44c0-9385-78c700d89ce7,abandoned,2026-02-27T11:18:11
f20f9dbb-4368-483c-a19d-cf5ed6a9d331,6f34ee57-815a-4888-8712-57242707d7d2,created,2026-08-04T04:01:16
e61b61b4-3de0-443a-a956-45171683234b,6f34ee57-815a-4888-8712-57242707d7d2,item_added,2026-08-04T04:19:16
49b8c56a-f3a7-4e9a-af6e-f57ce6713134,6f34ee57-815a-4888-8712-57242707d7d2,converted,2026-08-04T08:00:16
c9f7d487-95e2-4cb4-8112-013d2249438d,3aa01641-cf40-4a36-a18a-1a0142b71077,created,2026-07-05T04:07:28
6902809a-06fc-4119-9b8e-56d58a4cef52,3aa01641-cf40-4a36-a18a-1a0142b71077,item_added,2026-07-05T04:13:28
a233b7d7-efc3-4cbf-b2e1-ad0976558a4c,3aa01641-cf40-4a36-a18a-1a0142b71077,item_removed,2026-07-05T04:30:28
b6336632-d0ec-46b7-b606-13afa41031a9,3aa01641-cf40-4a36-a18a-1a0142b71077,item_added,2026-07-05T04:29:28
9076bdbf-b1ad-44c3-a0ea-438b387ceb93,3aa01641-cf40-4a36-a18a-1a0142b71077,abandoned,2026-07-05T08:04:28
fbc5e9ab-0d13-4ebb-a102-52bbeeb04ce4,f1acf2a2-4924-4830-bb44-49941edf92b3,created,2026-04-02T22:45:09
28728f30-bedf-42ab-ba53-4e2c6bf02931,f1acf2a2-4924-4830-bb44-49941edf92b3,item_added,2026-04-02T22:59:09
9749703b-bf1e-481b-a2c2-736fa66b5e42,f1acf2a2-4924-4830-bb44-49941edf92b3,abandoned,2026-04-02T23:12:09
771f262a-1e6d-40a6-b79a-687f16579a64,c69c78b6-9ff2-4b93-bc68-1b599388ea6a,created,2026-04-04T17:02:10
c5b2427b-7dbd-42ef-9e62-527f43ce1472,c69c78b6-9ff2-4b93-bc68-1b599388ea6a,item_added,2026-04-04T17:18:10
c2a88212-5bed-4731-af6b-10743bfef827,c69c78b6-9ff2-4b93-bc68-1b599388ea6a,item_added,2026-04-04T17:21:10
3f5213d9-4e50-46ad-9fd4-69a1cf762338,c69c78b6-9ff2-4b93-bc68-1b599388ea6a,item_added,2026-04-04T17:40:10
0e8118b5-d5ff-41fa-8679-833bd28dd845,c69c78b6-9ff2-4b93-bc68-1b599388ea6a,abandoned,2026-04-04T19:57:10
6d01fa3b-ae62-4cea-80e5-7085cd3cbcc0,70e8da81-6900-4dc0-a23f-11523cc0297c,created,2026-02-26T10:45:57
f4310fa7-ff70-475a-97c2-887164764364,70e8da81-6900-4dc0-a23f-11523cc0297c,item_added,2026-02-26T10:56:57
efbe479e-382c-4d94-a7d8-969e818d4380,70e8da81-6900-4dc0-a23f-11523cc0297c,item_added,2026-02-26T11:01:57
c4d2a060-7ac7-4670-a2b7-81dceb17066c,70e8da81-6900-4dc0-a23f-11523cc0297c,item_added,2026-02-26T11:05:57
8e31969d-c9ad-43b7-b596-40e18fce8bb0,70e8da81-6900-4dc0-a23f-11523cc0297c,item_added,2026-02-26T11:08:57
5d46fea8-7db6-425a-b17f-7457c0115f16,70e8da81-6900-4dc0-a23f-11523cc0297c,abandoned,2026-02-26T11:16:57
11465f74-b86d-406d-9959-ca1207514759,a03104c2-31bd-43cc-a807-b099532d658f,created,2026-03-09T15:03:35
5e9a6304-02de-463c-8673-cf07e06e8c2b,a03104c2-31bd-43cc-a807-b099532d658f,item_added,2026-03-09T15:19:35
8ee5ba00-c10b-46e1-8be0-01a5027f9818,a03104c2-31bd-43cc-a807-b099532d658f,item_removed,2026-03-09T15:42:35
d2e10e2f-bb64-4918-bc46-6742f331fd7d,a03104c2-31bd-43cc-a807-b099532d658f,item_added,2026-03-09T15:23:35
d144ec2f-9866-44bc-a62b-d310b8c6a6c6,866ae618-6a0a-4219-8e92-aec0b0bb0c3a,created,2026-06-05T08:18:38
4cd51da0-71db-4b65-859f-39dbf2f0a49c,866ae618-6a0a-4219-8e92-aec0b0bb0c3a,item_added,2026-06-05T08:28:38
a788ac61-11e9-4837-a454-93eedc0f3cb5,866ae618-6a0a-4219-8e92-aec0b0bb0c3a,abandoned,2026-06-05T08:24:38
0adee770-f0b2-4757-8bef-fa00879f78a4,82dc6abc-27bd-46c1-8c39-d745319f0026,created,2026-05-02T13:59:17
7eab32ce-7b93-4014-a71a-45233d91c0de,82dc6abc-27bd-46c1-8c39-d745319f0026,item_added,2026-05-02T14:06:17
456bf72d-3128-4a5a-ba88-55c2a3c00f96,82dc6abc-27bd-46c1-8c39-d745319f0026,item_added,2026-05-02T14:22:17
88a73982-d0ad-454a-9d17-a1cc523457f0,82dc6abc-27bd-46c1-8c39-d745319f0026,abandoned,2026-05-02T15:16:17
65f5044e-b125-42e1-adbd-e33577eeb76d,d9c4d267-d5aa-41f1-9a4a-c4ba496efa0b,created,2026-08-13T21:13:21
58fcd263-bf3e-4e41-a30b-45edcf651430,d9c4d267-d5aa-41f1-9a4a-c4ba496efa0b,item_added,2026-08-13T21:15:21
894ba07c-52ab-481e-8674-0ca4d2d19d7d,d9c4d267-d5aa-41f1-9a4a-c4ba496efa0b,abandoned,2026-08-13T22:46:21
3ea68e7e-a4c0-4083-a3af-09242ee3220f,1e239a80-ab2b-4de7-856f-c0b73029201d,created,2026-08-15T23:26:04
be662012-8b43-4bbc-8d0c-0c385e014d53,1e239a80-ab2b-4de7-856f-c0b73029201d,item_added,2026-08-15T23:32:04
00bb85ce-07ce-4e83-8634-e05712a56819,3510bc0f-0a54-4df4-99bf-4955941ecb00,created,2026-05-13T12:09:04
9c5f329f-057e-4d35-b931-1825656fef3d,3510bc0f-0a54-4df4-99bf-4955941ecb00,item_added,2026-05-13T12:21:04
038dfe17-7f42-405f-975e-3d07eb0fbb24,3510bc0f-0a54-4df4-99bf-4955941ecb00,item_added,2026-05-13T12:26:04
7cf73164-0b41-43dd-8f5f-80b8ca3bdb3d,3510bc0f-0a54-4df4-99bf-4955941ecb00,converted,2026-05-13T12:39:04
91f697e4-13ab-427b-9ccd-aa618927aed6,8d44995a-7580-4795-815d-939e9e803537,created,2026-08-14T19:17:01
50c0d397-802b-4c94-b660-da4804e03378,8d44995a-7580-4795-815d-939e9e803537,item_added,2026-08-14T19:29:01
f078c251-bc80-4779-9fea-275f1ef2ce41,8d44995a-7580-4795-815d-939e9e803537,abandoned,2026-08-14T21:40:01
e29675d9-bdec-4acf-9351-f4fbdb82f043,0ada652e-b265-4449-8d15-df1b80ea3ce9,created,2026-04-28T23:24:32
d2af9103-ba1c-49a8-a56f-826432308f28,0ada652e-b265-4449-8d15-df1b80ea3ce9,item_added,2026-04-28T23:30:32
4f64db33-bf8e-4989-9012-b4324fdcf398,0ada652e-b265-4449-8d15-df1b80ea3ce9,item_added,2026-04-28T23:48:32
238a4309-2060-41d1-b57f-7944e77c9799,0ada652e-b265-4449-8d15-df1b80ea3ce9,converted,2026-04-29T00:58:32
2011ddee-319b-49c9-9cfd-903510da75d9,3e13c816-322c-4e07-b0b9-e15e5e08cd80,created,2026-06-02T02:18:59
86634ebe-1a78-4d5c-a84c-7577eaafe75c,3e13c816-322c-4e07-b0b9-e15e5e08cd80,item_added,2026-06-02T02:28:59
53519ea1-5a8a-45da-a8a1-30e2db761ad9,3e13c816-322c-4e07-b0b9-e15e5e08cd80,abandoned,2026-06-02T03:05:59
6ed4cb14-77cf-4396-bc9e-c992a50e2fb8,0ac705bc-7048-4794-bae4-29306c885e12,created,2026-07-17T02:06:26
cda4c74a-2fa8-49ab-8a1a-293fe29d7b93,0ac705bc-7048-4794-bae4-29306c885e12,item_removed,2026-07-17T02:47:26
4b46b903-070d-4687-8b4c-8131684e4e6e,0ac705bc-7048-4794-bae4-29306c885e12,item_added,2026-07-17T02:17:26
6342f89d-2f90-416b-abb1-9344e296084e,0ac705bc-7048-4794-bae4-29306c885e12,item_added,2026-07-17T02:34:26
0667889a-91f8-46c0-9009-10cbc8812aa0,0ac705bc-7048-4794-bae4-29306c885e12,abandoned,2026-07-17T05:21:26
5860f1dc-1a57-4567-ba2a-64adb7d8d7bf,25112ef8-9697-4e9e-8b41-37adb6980ee0,created,2026-07-06T21:16:21
d3d32af1-42c4-4ddf-b6e4-b3087d42acdd,25112ef8-9697-4e9e-8b41-37adb6980ee0,item_added,2026-07-06T21:19:21
6f726ef6-7caf-41e1-9734-78b1deedabdf,25112ef8-9697-4e9e-8b41-37adb6980ee0,item_added,2026-07-06T21:28:21
640d6f87-a244-481c-9104-ccb9a41e858b,25112ef8-9697-4e9e-8b41-37adb6980ee0,converted,2026-07-06T22:54:21
74746529-eea8-435a-b8ce-64eb4115dc45,2e42a1a3-8c7c-4062-b7cc-44a7f92debd9,created,2026-03-09T12:38:49
ec0552c1-c46d-4784-99fe-c142986f7b32,2e42a1a3-8c7c-4062-b7cc-44a7f92debd9,item_added,2026-03-09T12:50:49
4970fd4f-99d1-4e18-9f4f-0b26516a6c7b,2e42a1a3-8c7c-4062-b7cc-44a7f92debd9,item_added,2026-03-09T12:52:49
376cd714-eb01-4969-97ab-ebd9fb9802ba,2e42a1a3-8c7c-4062-b7cc-44a7f92debd9,item_added,2026-03-09T13:05:49
bdc2896b-eab3-4bd7-b634-ea0275ad977a,2e42a1a3-8c7c-4062-b7cc-44a7f92debd9,converted,2026-03-09T13:41:49
3b5338a1-6f55-4d58-942f-e1e8819ad5bf,e4d6eb9e-370e-4067-911b-073a5447f7a5,created,2026-04-22T12:52:38
ffb8dd16-cb37-4fb9-b765-3306701392bc,e4d6eb9e-370e-4067-911b-073a5447f7a5,item_added,2026-04-22T12:56:38
184ad6fc-c6eb-4417-a92e-c56457253902,e4d6eb9e-370e-4067-911b-073a5447f7a5,item_added,2026-04-22T13:05:38
f17cd137-dd9f-4176-a8c0-87317c4b0eb4,e4d6eb9e-370e-4067-911b-073a5447f7a5,item_added,2026-04-22T13:13:38
5b3f04e9-328c-4d7c-b6b0-e215dbe3a5d3,e4d6eb9e-370e-4067-911b-073a5447f7a5,item_added,2026-04-22T13:15:38
135970f5-c126-4d31-85e8-eee7476415e7,e4d6eb9e-370e-4067-911b-073a5447f7a5,abandoned,2026-04-22T16:41:38
cbe1d904-61dd-447e-8350-e1458a694211,55f00ebb-8fbe-473e-9010-e230ef40af78,created,2026-04-12T16:44:16
4419aa13-394b-4284-81bc-4786c3d20206,55f00ebb-8fbe-473e-9010-e230ef40af78,item_added,2026-04-12T16:51:16
facc24be-785b-4f60-af5e-c3699ef74172,55f00ebb-8fbe-473e-9010-e230ef40af78,item_added,2026-04-12T17:11:16
192e1453-a664-4717-aeff-b76926fdde24,55f00ebb-8fbe-473e-9010-e230ef40af78,abandoned,2026-04-12T19:17:16
70f5a43d-4142-4383-aca9-49e6e8efa85e,8ed7f427-7e1a-4cfb-a54a-829a2b6dbea6,created,2026-06-01T11:48:45
d51a63d9-fc66-4988-88e9-bf9d8faf5ea1,8ed7f427-7e1a-4cfb-a54a-829a2b6dbea6,item_added,2026-06-01T12:07:45
7b706e45-7754-4c0e-ab1a-b447f19f35b2,8ed7f427-7e1a-4cfb-a54a-829a2b6dbea6,item_added,2026-06-01T12:12:45
09164f8f-3670-46b7-8e08-fe4f52126286,8ed7f427-7e1a-4cfb-a54a-829a2b6dbea6,abandoned,2026-06-01T14:33:45
9be50c58-2412-4b00-927d-0e6563972432,7f085f53-bd6d-4e28-beeb-9100d20b78d1,created,2026-07-21T03:40:00
a9182bdb-6719-4b48-a12d-26a632c06b8d,7f085f53-bd6d-4e28-beeb-9100d20b78d1,item_added,2026-07-21T03:41:00
b7cf76b8-892c-4a6b-a9ff-ffa756bcb144,7f085f53-bd6d-4e28-beeb-9100d20b78d1,item_added,2026-07-21T03:52:00
abc7a135-0c9d-4ecc-97da-715be5bb7f81,7149e265-20ec-47f2-80e5-b5af0bbec5f4,created,2026-04-22T15:30:49
08d46bce-0e0d-4609-b68e-53935cbcab1d,7149e265-20ec-47f2-80e5-b5af0bbec5f4,item_added,2026-04-22T15:34:49
31c26f1d-1242-4eec-b8d3-7601b1b2fe65,7149e265-20ec-47f2-80e5-b5af0bbec5f4,abandoned,2026-04-22T18:10:49
25a7924a-5717-4df8-9174-343c3fb8d80c,eb033dfc-b6cb-4392-8cb7-c06f182be5fa,created,2026-05-04T04:02:48
564f0b7c-319d-4dc5-a142-c4c9b0e81c47,eb033dfc-b6cb-4392-8cb7-c06f182be5fa,item_added,2026-05-04T04:22:48
45b4b4f2-26f9-40bc-af2e-e310de751eba,eb033dfc-b6cb-4392-8cb7-c06f182be5fa,abandoned,2026-05-04T07:31:48
1e529202-c5b4-49bc-ba0a-a13515e73cd0,54982e54-2f8c-45fd-85d0-d7f472122634,created,2026-03-05T08:10:09
09be0866-f341-46ca-960a-ed76586e5f3b,54982e54-2f8c-45fd-85d0-d7f472122634,item_added,2026-03-05T08:30:09
88a43821-0b62-4e50-a908-3ed4ee119dd3,54982e54-2f8c-45fd-85d0-d7f472122634,converted,2026-03-05T10:09:09
36b933f6-6df5-4028-a1ad-8575e1edeea4,775cf92a-db8c-407c-aca1-f27618730d06,created,2026-03-02T21:13:01
1235f92b-0a31-4701-a87c-e4f6778142e0,775cf92a-db8c-407c-aca1-f27618730d06,item_added,2026-03-02T21:27:01
4ab86073-1c1a-497c-b143-bcc6a127ec42,775cf92a-db8c-407c-aca1-f27618730d06,item_added,2026-03-02T21:37:01
81970e7c-4c6e-4e4c-9ed2-50f5241d9171,775cf92a-db8c-407c-aca1-f27618730d06,item_added,2026-03-02T21:52:01
b4544d2f-8c2d-49fa-b7d8-e8d3ff0779aa,775cf92a-db8c-407c-aca1-f27618730d06,item_added,2026-03-02T21:58:01
130de7a3-c8b0-48b4-a120-d81a87362166,775cf92a-db8c-407c-aca1-f27618730d06,converted,2026-03-02T23:45:01
a4a5a225-83cf-4a0a-a774-ab61690a6323,425cd83b-b98a-4211-85e8-e5e9487236ae,created,2026-07-10T10:51:57
ac79d47b-7d83-49d8-9236-e87bb5b9884f,425cd83b-b98a-4211-85e8-e5e9487236ae,item_added,2026-07-10T10:53:57
fae239fd-5586-412d-ac5a-42325479ab9a,425cd83b-b98a-4211-85e8-e5e9487236ae,converted,2026-07-10T12:58:57
ea41df91-d9aa-46e0-a1e5-ee535811946d,88020b67-a6cf-4ee3-9bcb-60c6ad253263,created,2026-07-02T09:31:19
f258013c-2aca-468f-a846-43bfabf94b5d,88020b67-a6cf-4ee3-9bcb-60c6ad253263,item_added,2026-07-02T09:48:19
2456608a-9e5f-4c3d-9f8e-86e1b9edc8e1,88020b67-a6cf-4ee3-9bcb-60c6ad253263,item_added,2026-07-02T10:01:19
caa68646-57bc-4c47-9032-cd6fe65493b9,88020b67-a6cf-4ee3-9bcb-60c6ad253263,converted,2026-07-02T10:03:19
12274bb9-dc4d-4f67-a93d-8b6e3f831260,d4cd7db1-f80d-48a8-bf03-6a4be9200048,created,2026-04-11T11:33:08
96bc1f96-2f48-418f-b69f-cf0f496b9671,d4cd7db1-f80d-48a8-bf03-6a4be9200048,item_added,2026-04-11T11:35:08
ac535ddf-a975-4b6d-b4c7-2f2583174426,d4cd7db1-f80d-48a8-bf03-6a4be9200048,converted,2026-04-11T11:46:08
ea694d22-bfeb-4414-aa92-8e3756b83482,4f89132e-d391-41a9-8422-b7934d4de6e0,created,2026-03-04T11:23:28
024d1d94-1eaa-473f-8b1e-ecde52f43a5e,4f89132e-d391-41a9-8422-b7934d4de6e0,item_added,2026-03-04T11:28:28
3b1c4cfb-ecef-4176-8fe5-effc7c6604aa,4f89132e-d391-41a9-8422-b7934d4de6e0,item_added,2026-03-04T11:36:28
a2f64e1f-10c1-4ca3-9b6a-def244fbdf89,4f89132e-d391-41a9-8422-b7934d4de6e0,abandoned,2026-03-04T11:31:28
5e7d3b8b-d5f4-48da-a3d9-0f0ac96b3019,8e42efb0-7a06-4378-941e-98f749719282,created,2026-04-22T08:20:16
a825519f-6f18-47ee-95a5-754c4d99f1ea,8e42efb0-7a06-4378-941e-98f749719282,item_added,2026-04-22T08:35:16
27857484-d077-43d8-8a91-130af2019775,22ce32e5-e960-46f8-ac98-0b170b867a20,created,2026-07-01T13:37:15
19abd9bd-470d-415c-8521-811d12d77e39,22ce32e5-e960-46f8-ac98-0b170b867a20,item_added,2026-07-01T13:39:15
13960ea8-2a3b-4686-b56b-493a8883a862,22ce32e5-e960-46f8-ac98-0b170b867a20,item_added,2026-07-01T13:53:15
3b469347-dab7-4870-ae58-50d44a8cae74,574ae2d6-b542-4793-81f3-d9a7858f7d6a,created,2026-07-19T09:23:58
9f9da77c-d3bb-46b1-937a-6dd43b50ca2d,574ae2d6-b542-4793-81f3-d9a7858f7d6a,item_added,2026-07-19T09:34:58
9f81b86b-558a-4667-8f4d-95fe00178705,574ae2d6-b542-4793-81f3-d9a7858f7d6a,item_added,2026-07-19T09:53:58
e2d02773-9280-4fd1-b30e-02617335823c,574ae2d6-b542-4793-81f3-d9a7858f7d6a,abandoned,2026-07-19T12:37:58
4bff446e-c93f-4884-b7f0-43fb5fa5fbe7,94d996ea-6560-4c49-a797-4d3079c429ed,created,2026-08-11T06:47:53
5601e33d-cd83-4658-8879-d2d81e900447,94d996ea-6560-4c49-a797-4d3079c429ed,item_added,2026-08-11T07:01:53
185e1925-0e76-4bdc-b1c9-9beaebbb5040,94d996ea-6560-4c49-a797-4d3079c429ed,item_added,2026-08-11T07:19:53
afdb59e4-c9e4-4051-8d17-41534d302299,94d996ea-6560-4c49-a797-4d3079c429ed,abandoned,2026-08-11T07:04:53
f7a4c992-e9e1-468d-8786-71049c12ea64,5212caae-0379-45e2-86a5-da123cfb29b4,created,2026-07-10T09:23:28
34e020c4-cff2-4fa0-8677-d6646ce69a83,5212caae-0379-45e2-86a5-da123cfb29b4,item_added,2026-07-10T09:34:28
ef43ec35-e55c-409f-aeaf-27b2597c3ba4,5212caae-0379-45e2-86a5-da123cfb29b4,item_added,2026-07-10T09:49:28
83557ce1-e9ff-4bcd-b139-697b6cdabcdd,5212caae-0379-45e2-86a5-da123cfb29b4,item_added,2026-07-10T09:55:28
4c88049e-db34-46bc-8b0c-330d20e7258c,5212caae-0379-45e2-86a5-da123cfb29b4,converted,2026-07-10T10:40:28
8a64e35c-d9ff-4a83-ab81-be876de05b12,1a7e4633-00fd-404e-ae69-6506b68eca3d,created,2026-08-11T23:15:48
d503a105-ecc3-4b1e-a28a-b2932d661bf7,1a7e4633-00fd-404e-ae69-6506b68eca3d,item_added,2026-08-11T23:30:48
e0ad5ed6-778c-4392-a50e-b76de10cac0e,8191131e-2166-4681-91fa-00f27941c7ef,created,2026-02-26T18:35:22
c43367a6-a2f5-4347-b2ac-347924d9a2e8,8191131e-2166-4681-91fa-00f27941c7ef,item_added,2026-02-26T18:48:22
cba71168-45c5-418c-8073-c3bc6e0828f9,8191131e-2166-4681-91fa-00f27941c7ef,item_added,2026-02-26T19:00:22
6eb1aaea-cc26-4703-8427-9d3a14743c8b,8191131e-2166-4681-91fa-00f27941c7ef,item_added,2026-02-26T19:05:22
0c93db33-978b-4fb1-aeda-385ce8e80db3,8191131e-2166-4681-91fa-00f27941c7ef,converted,2026-02-26T22:17:22
1f7fe213-cd08-4969-898d-8dfe460b8eb6,a8b0d864-749f-4bfd-bcc5-8b25e2308af7,created,2026-06-23T05:48:50
f556b7a0-29cf-478e-8d51-1d1eb1bbc8bb,a8b0d864-749f-4bfd-bcc5-8b25e2308af7,item_added,2026-06-23T05:50:50
c0bf2af7-8ccf-43bd-91f0-29fb57102d27,a8b0d864-749f-4bfd-bcc5-8b25e2308af7,item_added,2026-06-23T05:53:50
0e951cf4-6262-438f-ba81-5bba89136759,a8b0d864-749f-4bfd-bcc5-8b25e2308af7,abandoned,2026-06-23T07:46:50
783411ec-dac8-41f7-a048-377cb1ab4858,f89c3ee1-88ec-42a5-92b1-0a857b70fd82,created,2026-05-30T10:07:55
1f9a0378-3ecc-43d2-8a11-44fa04155e63,f89c3ee1-88ec-42a5-92b1-0a857b70fd82,item_removed,2026-05-30T10:32:55
18ae6792-7adc-49d3-9592-bd96b897f187,f89c3ee1-88ec-42a5-92b1-0a857b70fd82,item_added,2026-05-30T10:17:55
54937968-9d5a-4a32-b515-f43c3e8549f3,f89c3ee1-88ec-42a5-92b1-0a857b70fd82,item_added,2026-05-30T10:21:55
2ba4a9f6-62ac-4dce-86e6-dafb2f05c6d0,f89c3ee1-88ec-42a5-92b1-0a857b70fd82,item_added,2026-05-30T10:23:55
df671217-5da2-4624-8314-e417eb2e9384,f89c3ee1-88ec-42a5-92b1-0a857b70fd82,item_added,2026-05-30T10:39:55
741545b3-27a5-41b8-a1b0-1242e3ee606f,6b060f79-da45-4913-a91f-784e613d86d5,created,2026-06-23T15:25:09
a1f990f9-1a4a-4093-af5b-3fb142bed257,6b060f79-da45-4913-a91f-784e613d86d5,item_added,2026-06-23T15:45:09
22a5c980-ede6-4827-94ee-1324b1e92b91,6b060f79-da45-4913-a91f-784e613d86d5,item_added,2026-06-23T15:53:09
32cddda2-7378-4c76-bfd3-111ff7260646,ae7db8dc-1fe8-462d-9477-1510c4a42c78,created,2026-03-07T02:00:09
298b536a-e2dc-4fe7-beeb-34a939a8afe0,ae7db8dc-1fe8-462d-9477-1510c4a42c78,item_added,2026-03-07T02:11:09
013ce149-e411-49d0-8d7c-2b805c81869d,ae7db8dc-1fe8-462d-9477-1510c4a42c78,abandoned,2026-03-07T04:59:09
2ccb7cf7-5def-437c-874f-58caf241299a,c107f7d4-22e4-4cc8-8272-560167437225,created,2026-07-29T01:10:19
b4918b44-3918-4dab-8558-0f20d4cc6fc9,c107f7d4-22e4-4cc8-8272-560167437225,item_added,2026-07-29T01:17:19
10158589-75e0-48a7-9380-fdbb25a0795a,c107f7d4-22e4-4cc8-8272-560167437225,item_added,2026-07-29T01:20:19
e430934d-3d27-4c7c-b31e-ebbfb8e2fe6b,c107f7d4-22e4-4cc8-8272-560167437225,converted,2026-07-29T04:59:19
6c67713f-ccf1-468a-9936-557b2afdf8d1,296cc200-915b-4f42-b5aa-93d5012020ed,created,2026-04-04T19:18:37
70aff830-1c41-4253-ae5f-9bc1486eb4c1,296cc200-915b-4f42-b5aa-93d5012020ed,item_added,2026-04-04T19:19:37
40671c10-37ae-49ac-a74c-aacc38fb3dbf,d88f8107-a8ec-4999-9489-d4e6943fc3bb,created,2026-07-06T16:17:46
6bb23752-1e1d-4fd3-a6f3-9621ccc173b1,d88f8107-a8ec-4999-9489-d4e6943fc3bb,item_added,2026-07-06T16:20:46
35e373ac-8ae3-415d-87d8-3adc93259ba5,d88f8107-a8ec-4999-9489-d4e6943fc3bb,item_removed,2026-07-06T16:40:46
5ec9703b-5f2e-4664-8cc8-8c23006f4e42,d88f8107-a8ec-4999-9489-d4e6943fc3bb,item_added,2026-07-06T16:34:46
80d31995-7a8d-4a9d-8da6-4b340dc04e6a,d88f8107-a8ec-4999-9489-d4e6943fc3bb,item_added,2026-07-06T16:38:46
8d02baf8-5aec-425f-a603-d08a239de311,d88f8107-a8ec-4999-9489-d4e6943fc3bb,item_added,2026-07-06T16:43:46
d6a772da-ef0c-426b-bce4-4218f2e8e531,d88f8107-a8ec-4999-9489-d4e6943fc3bb,abandoned,2026-07-06T19:10:46
2cf04197-58a1-4481-8409-dfbcc529ab9e,8e3c1188-c66a-4161-8d29-b5c4d07a8bca,created,2026-07-06T05:10:02
e00ec2de-bb33-4314-b19a-2cfe210eb231,8e3c1188-c66a-4161-8d29-b5c4d07a8bca,item_added,2026-07-06T05:30:02
ba17dcc8-3610-43d5-bdf1-cf7f54b519f0,8e3c1188-c66a-4161-8d29-b5c4d07a8bca,item_added,2026-07-06T05:31:02
292176a7-7c30-41c3-bad2-335188002568,8e3c1188-c66a-4161-8d29-b5c4d07a8bca,item_added,2026-07-06T05:37:02
88a0ca94-0469-4568-9fe5-00c4b3169b4c,8e3c1188-c66a-4161-8d29-b5c4d07a8bca,item_added,2026-07-06T05:47:02
02d12369-f574-4a4e-9fda-252e0761f85f,8e3c1188-c66a-4161-8d29-b5c4d07a8bca,converted,2026-07-06T06:26:02
2eeb61cf-5456-45ad-908e-9b7265a55bb5,41cbc593-79c6-4d5d-bad1-00569cc286ad,created,2026-06-18T00:46:46
26e0c16c-18d7-4814-9a88-60c5c920d047,41cbc593-79c6-4d5d-bad1-00569cc286ad,item_added,2026-06-18T01:05:46
685bdb71-bb69-496b-9667-1e5cf2d7a806,41cbc593-79c6-4d5d-bad1-00569cc286ad,item_added,2026-06-18T01:23:46
1a130236-55a8-45fb-9bc2-c82a84c40172,41cbc593-79c6-4d5d-bad1-00569cc286ad,item_added,2026-06-18T01:42:46
3ad9fa3e-a789-40da-a093-95cc99e725f5,41cbc593-79c6-4d5d-bad1-00569cc286ad,abandoned,2026-06-18T00:49:46
0ae28e0f-db94-4e3d-bb47-a8c0240fa02e,acd72c5d-14f9-4a74-bca1-f0ebc0ffdab6,created,2026-08-14T16:40:43
89b5ecc2-0e3f-44f5-8aac-63a6609925b8,acd72c5d-14f9-4a74-bca1-f0ebc0ffdab6,item_added,2026-08-14T16:44:43
5207e165-2db4-4154-8dce-a704f2dbc780,acd72c5d-14f9-4a74-bca1-f0ebc0ffdab6,item_added,2026-08-14T16:59:43
02df62bf-ac80-49f3-b93f-7ceecdd86910,acd72c5d-14f9-4a74-bca1-f0ebc0ffdab6,item_added,2026-08-14T17:19:43
9ae256b8-7fff-4798-9ba7-e703283e17ea,acd72c5d-14f9-4a74-bca1-f0ebc0ffdab6,item_added,2026-08-14T17:37:43
a5568ab6-9713-4842-bbb4-b72365c31a22,acd72c5d-14f9-4a74-bca1-f0ebc0ffdab6,abandoned,2026-08-14T18:13:43
431c32a0-e78c-4025-b672-0723bd2d68c7,25f98762-ad5b-4721-9a06-6492d9a01674,created,2026-06-16T07:27:19
a22846a7-b3d0-4393-9107-e2fbd6eca65d,25f98762-ad5b-4721-9a06-6492d9a01674,item_added,2026-06-16T07:29:19
ec24c40a-2b1a-42bc-ab88-86e9505e3e83,25f98762-ad5b-4721-9a06-6492d9a01674,abandoned,2026-06-16T10:37:19
25b49e88-7742-466b-8b0a-a435e0e63346,e88b4825-89bd-4c8c-8843-0c8d6611fcde,created,2026-07-05T04:48:21
b4a813a5-e62c-40e0-830e-478140fb9226,e88b4825-89bd-4c8c-8843-0c8d6611fcde,item_added,2026-07-05T04:51:21
d4a11962-de52-493c-98ed-cd557dca25c9,e88b4825-89bd-4c8c-8843-0c8d6611fcde,converted,2026-07-05T04:55:21
cfaf8c58-c330-41cb-81f3-3ee860a51e8d,763f6c3d-cbf0-43c3-929a-0f00c7f7d50e,created,2026-05-27T21:58:20
139b75f2-1343-4b4c-a6c4-f0083c7bef5f,763f6c3d-cbf0-43c3-929a-0f00c7f7d50e,item_added,2026-05-27T22:18:20
6b8249e3-2ae4-494f-9233-5d24818eb309,763f6c3d-cbf0-43c3-929a-0f00c7f7d50e,converted,2026-05-28T00:44:20
3a3b07da-905e-44a3-9d6d-0fabad47da41,d1caa115-e4b3-47e7-93ea-1ea53bfefe3f,created,2026-03-16T02:54:29
09982217-9c3b-45d1-95b0-5b8d0d4d061d,d1caa115-e4b3-47e7-93ea-1ea53bfefe3f,item_added,2026-03-16T02:58:29
1fcee4b6-6fd5-49bb-b72b-7126a3748109,410fb1fb-9c20-4fba-bef4-59d4ec07aa02,created,2026-02-21T23:29:38
8a863d21-9131-4968-b219-e05b72c73cca,410fb1fb-9c20-4fba-bef4-59d4ec07aa02,item_added,2026-02-21T23:33:38
bd8de96e-7ee9-45d4-8c94-b81006021a51,410fb1fb-9c20-4fba-bef4-59d4ec07aa02,item_added,2026-02-21T23:41:38
511a1ff8-3e26-44ad-958c-b914f0d56dfe,410fb1fb-9c20-4fba-bef4-59d4ec07aa02,item_added,2026-02-21T23:42:38
1d445fad-65e2-456d-a7f6-c2bf22c69406,410fb1fb-9c20-4fba-bef4-59d4ec07aa02,converted,2026-02-22T00:21:38
592e27be-6a6b-4051-9518-890a38cef231,ff172c88-8946-4705-b69f-6b0916aa2852,created,2026-06-18T09:33:52
3971818c-9c9e-493f-b428-733275159744,ff172c88-8946-4705-b69f-6b0916aa2852,item_added,2026-06-18T09:35:52
f1db06ba-574e-4d41-9744-b49a8dc74127,ff172c88-8946-4705-b69f-6b0916aa2852,item_removed,2026-06-18T09:58:52
5c22c788-45f2-4885-93a8-6d00cfc1ed0e,ff172c88-8946-4705-b69f-6b0916aa2852,item_added,2026-06-18T09:40:52
37fc89b3-780f-4d84-a6cf-bb2f470427c2,ff172c88-8946-4705-b69f-6b0916aa2852,item_added,2026-06-18T09:46:52
81975ea8-6056-45ca-ae81-26667a7b34bc,ff172c88-8946-4705-b69f-6b0916aa2852,item_added,2026-06-18T09:52:52
e3630ad9-3619-41c2-ab5e-c6c2ee6f336f,ff172c88-8946-4705-b69f-6b0916aa2852,abandoned,2026-06-18T13:04:52
69c42ef3-67b7-4805-b60e-d0e4827ebf83,7046db1b-db9b-4b9d-92b4-10315154c7f0,created,2026-04-11T11:36:45
6782878c-0234-42c5-81bb-854336faf9a2,7046db1b-db9b-4b9d-92b4-10315154c7f0,item_added,2026-04-11T11:42:45
bbfa382e-256d-4dbd-9093-f1a476c7406f,7046db1b-db9b-4b9d-92b4-10315154c7f0,item_added,2026-04-11T11:53:45
76fb4777-e29b-4a9e-999b-74f40cb9f051,7046db1b-db9b-4b9d-92b4-10315154c7f0,item_added,2026-04-11T12:10:45
c125228a-fb37-4ae6-a31f-4d459737005e,7046db1b-db9b-4b9d-92b4-10315154c7f0,abandoned,2026-04-11T12:10:45
4b9d25bb-c83c-42e6-a331-1d2956f42600,79385bed-f5d4-4d36-bdc2-8d494577c71a,created,2026-03-10T13:46:26
b77457b1-7d7f-488b-9ce9-386f0ec426fd,79385bed-f5d4-4d36-bdc2-8d494577c71a,item_added,2026-03-10T14:04:26
6346f94f-72de-4a7b-8f60-7330f49c784b,79385bed-f5d4-4d36-bdc2-8d494577c71a,converted,2026-03-10T16:22:26
0ee78f6d-ad14-4bbe-99e0-52fd301db94d,90b922e9-5916-4120-8225-1bff4aa43a9e,created,2026-07-27T00:21:10
30763d1a-9c37-41f2-875d-5c59a0b17cb7,90b922e9-5916-4120-8225-1bff4aa43a9e,item_added,2026-07-27T00:29:10
c1435ead-570f-4c23-a7bc-a20e4fb04389,90b922e9-5916-4120-8225-1bff4aa43a9e,item_added,2026-07-27T00:36:10
55faba73-b747-4a59-8d90-d0200fc118ce,90b922e9-5916-4120-8225-1bff4aa43a9e,abandoned,2026-07-27T03:11:10
8d968e59-fe23-424d-baf8-f17ecf13e624,24821986-70bf-4fe0-a971-80bea25266e2,created,2026-02-16T21:25:10
0c1e7ef1-ca62-4584-b9c9-729fd22c2557,24821986-70bf-4fe0-a971-80bea25266e2,item_added,2026-02-16T21:35:10
4c1a97ae-2e83-4357-a63e-944c47cf5a8e,24821986-70bf-4fe0-a971-80bea25266e2,item_added,2026-02-16T21:39:10
c4f04cd6-fc89-454a-bb40-ed63d936ca9f,24821986-70bf-4fe0-a971-80bea25266e2,item_added,2026-02-16T21:43:10
087a6266-2f7c-4184-a09f-39ebc9aa43f6,24821986-70bf-4fe0-a971-80bea25266e2,converted,2026-02-17T00:21:10
cf631895-45cc-4fa5-92d6-d4f8e3546a5e,39907d45-d0fa-4ca5-ab4b-93dcd853f1c7,created,2026-02-25T09:13:12
7ba7b405-48cb-4cde-b76c-de6c902a1019,39907d45-d0fa-4ca5-ab4b-93dcd853f1c7,item_added,2026-02-25T09:21:12
4cabfc98-d697-428a-b0bb-b319d53afeca,82abe9cd-fa92-48f2-8188-90f9c4d1f9f2,created,2026-07-15T15:37:50
3b308696-9f2d-4d53-b439-1c1407beab7b,82abe9cd-fa92-48f2-8188-90f9c4d1f9f2,item_removed,2026-07-15T16:05:50
0cf464ea-4fa7-4982-8a38-e150df69a687,82abe9cd-fa92-48f2-8188-90f9c4d1f9f2,item_added,2026-07-15T15:52:50
d239d4a6-1031-4915-86d1-1186c56bc431,82abe9cd-fa92-48f2-8188-90f9c4d1f9f2,item_removed,2026-07-15T16:20:50
41be8d37-99dd-4059-b0a7-dc4f415170fd,82abe9cd-fa92-48f2-8188-90f9c4d1f9f2,item_added,2026-07-15T15:59:50
e71fb42d-ef08-4fca-9ac5-b6e0da8877f1,82abe9cd-fa92-48f2-8188-90f9c4d1f9f2,abandoned,2026-07-15T18:55:50
8105ab09-2f6a-460a-ac8d-c908363a5f83,66a7eee2-7bd8-4ee8-a9e3-ffab1a740409,created,2026-03-21T10:39:49
fd33dcce-43ad-4bdc-98c7-cc72925f4ed0,66a7eee2-7bd8-4ee8-a9e3-ffab1a740409,item_added,2026-03-21T10:49:49
7c27ce6c-a4ae-48ca-ad20-26037ba37540,66a7eee2-7bd8-4ee8-a9e3-ffab1a740409,item_added,2026-03-21T10:51:49
0a454894-46dc-4436-9368-c501e8dc8634,66a7eee2-7bd8-4ee8-a9e3-ffab1a740409,converted,2026-03-21T13:28:49
377dfaa2-77ce-42da-b2df-b13dc4bf114b,470dac13-082a-422b-89f4-8858407615d6,created,2026-04-08T12:52:00
31d66c94-1d53-4b34-a7a8-3aaf0d118ccc,470dac13-082a-422b-89f4-8858407615d6,item_added,2026-04-08T13:09:00
b299a322-e04a-4947-b9dd-ae69cdff1fd0,470dac13-082a-422b-89f4-8858407615d6,item_added,2026-04-08T13:21:00
79c43e35-139e-4877-9262-6bd5f96eafd4,470dac13-082a-422b-89f4-8858407615d6,item_added,2026-04-08T13:27:00
fe48f374-3e1f-4d79-a0f0-51d8743fb284,470dac13-082a-422b-89f4-8858407615d6,converted,2026-04-08T16:28:00
91ac6d82-2e60-449c-989a-f33c5d7d32d6,dabe33fb-99c4-4c93-b54d-a412ad01a201,created,2026-02-16T14:28:40
08cd7da6-6dfb-43f9-b4cc-727443d037e6,dabe33fb-99c4-4c93-b54d-a412ad01a201,item_added,2026-02-16T14:32:40
3a88a3bd-b5c4-47f1-b91a-dcdecd38f140,034ac01e-edc7-4646-8964-b4088dbf5a67,created,2026-03-16T00:15:34
f4699e03-d9ad-45d3-a008-cf3e7e60a9db,034ac01e-edc7-4646-8964-b4088dbf5a67,item_added,2026-03-16T00:24:34
397d7d69-6959-4769-8a19-3b35e01d9080,936bef3e-c1d8-4972-9dfd-fcdcfc526234,created,2026-02-25T17:07:30
523f936c-6fc6-442e-ae78-e5d831cdd643,936bef3e-c1d8-4972-9dfd-fcdcfc526234,item_added,2026-02-25T17:21:30
262e9259-8cf0-4b1b-9f42-5e54053e160f,936bef3e-c1d8-4972-9dfd-fcdcfc526234,item_added,2026-02-25T17:23:30
f87b80fd-5bd4-4de5-8982-a368a4eea875,936bef3e-c1d8-4972-9dfd-fcdcfc526234,converted,2026-02-25T17:56:30
fffe0a04-1238-457c-96d5-efded92fa755,510d0f0c-adf3-4670-a3f5-9c283f570ed4,created,2026-02-26T07:28:48
60794f85-d9a5-44ac-a1a2-e0527990ac26,510d0f0c-adf3-4670-a3f5-9c283f570ed4,item_added,2026-02-26T07:36:48
bdebfcc9-fca0-4fc9-b73c-df7d84331047,510d0f0c-adf3-4670-a3f5-9c283f570ed4,abandoned,2026-02-26T08:45:48
9994fa63-faca-4618-a36b-ce6d58c053a7,51928fcf-6653-4bff-946f-3c537cc3b8ff,created,2026-03-16T03:54:40
9db19943-27c7-4e99-b616-441235a18ce1,51928fcf-6653-4bff-946f-3c537cc3b8ff,item_added,2026-03-16T04:12:40
e6f03ca9-65a8-45fc-b6b7-d20ede075a82,51928fcf-6653-4bff-946f-3c537cc3b8ff,item_added,2026-03-16T04:28:40
116e0b0b-3119-4dc7-abae-05c636654592,51928fcf-6653-4bff-946f-3c537cc3b8ff,item_added,2026-03-16T04:40:40
300fad3f-8ddb-4ef4-8a8b-3815d41f47c5,51928fcf-6653-4bff-946f-3c537cc3b8ff,converted,2026-03-16T05:15:40
dcf15e11-bd07-43ad-93a4-bd77c24ceece,546d4bfb-d056-47b0-9c65-8127ec2011fd,created,2026-04-07T04:13:40
886c3724-1b2e-498e-8c86-652895a0b8e5,546d4bfb-d056-47b0-9c65-8127ec2011fd,item_added,2026-04-07T04:30:40
b0c229f2-71a6-43c9-8df9-9b8a8266383d,546d4bfb-d056-47b0-9c65-8127ec2011fd,item_added,2026-04-07T04:32:40
fd75609b-131b-4cb6-a8e3-e811c4a1a428,546d4bfb-d056-47b0-9c65-8127ec2011fd,converted,2026-04-07T05:24:40
7dde950f-a568-40d5-8443-7a1d44b2706b,ff9c5336-0a96-49bd-ac38-164f0c72114f,created,2026-04-06T05:30:31
2081ee2b-8fa5-4c85-bdf0-c712875f51bd,ff9c5336-0a96-49bd-ac38-164f0c72114f,item_added,2026-04-06T05:38:31
91a3813c-0435-4fcb-8532-7ce00c58d25b,ff9c5336-0a96-49bd-ac38-164f0c72114f,item_added,2026-04-06T05:52:31
fd5c14e9-407e-4521-8c9d-334f2982b86b,ff9c5336-0a96-49bd-ac38-164f0c72114f,converted,2026-04-06T06:20:31
980cca25-b465-4b5d-b6cd-43f3f61cd2ae,ea962b08-2dee-4446-a291-069a3be58560,created,2026-07-30T08:52:26
aa72045d-fe9c-4cc2-af99-97f78caeb1be,ea962b08-2dee-4446-a291-069a3be58560,item_added,2026-07-30T08:54:26
fb7ec835-4e26-4316-9374-fc332ea2c1bc,ea962b08-2dee-4446-a291-069a3be58560,item_added,2026-07-30T09:12:26
2020d6f3-12d0-4d84-a3a5-10591c688355,826409f2-8db7-460e-907f-6c4d9c674443,created,2026-06-08T08:03:22
9eb916c3-d312-4826-90ab-365beb920502,826409f2-8db7-460e-907f-6c4d9c674443,item_removed,2026-06-08T08:30:22
db736f32-1991-4712-b47b-f625315a8f9e,826409f2-8db7-460e-907f-6c4d9c674443,item_added,2026-06-08T08:16:22
f4042bb2-6c04-4bd5-b25e-42bfe36f981e,826409f2-8db7-460e-907f-6c4d9c674443,abandoned,2026-06-08T08:41:22
a530d020-c26c-4e71-a695-b4497fa8a8e2,f6c1f2a8-4305-412b-a7b8-9d97fc035c71,created,2026-06-02T02:07:18
2bcc136f-62db-41b3-bb02-d94947132f47,f6c1f2a8-4305-412b-a7b8-9d97fc035c71,item_added,2026-06-02T02:13:18
746ac029-39a1-42e1-b7a5-c2e75fd3a4ac,f6c1f2a8-4305-412b-a7b8-9d97fc035c71,abandoned,2026-06-02T03:02:18
44ad9083-538b-4336-8e73-8555507a7153,974c7a12-74c4-4852-9909-bec957da78f2,created,2026-05-25T21:16:00
811e2921-86c8-44d7-b380-b4266505b8dc,974c7a12-74c4-4852-9909-bec957da78f2,item_added,2026-05-25T21:28:00
26abdcd8-a010-4f14-ae5e-8697241a9aa2,974c7a12-74c4-4852-9909-bec957da78f2,abandoned,2026-05-26T01:08:00
a5c4b81a-ea22-4817-9615-08d7fdbbed18,40f021fc-bf5a-4c2c-9129-7ad3d21370b6,created,2026-02-19T10:51:33
d0f5f5b5-fc13-45e1-97dc-332a3f237ec1,40f021fc-bf5a-4c2c-9129-7ad3d21370b6,item_added,2026-02-19T10:54:33
0629f02f-83ef-461c-bb32-9afa7f535e4d,40f021fc-bf5a-4c2c-9129-7ad3d21370b6,item_added,2026-02-19T11:01:33
57efbf54-eb84-4008-9570-f9ae09ad0772,40f021fc-bf5a-4c2c-9129-7ad3d21370b6,converted,2026-02-19T14:22:33
01e08621-5dcd-4a2f-b082-e66a7a88e2f9,467667d5-5010-44ff-80b1-19e8addbb4f0,created,2026-04-13T19:55:14
a4c66bf1-e93e-4921-8290-356062f14073,467667d5-5010-44ff-80b1-19e8addbb4f0,item_added,2026-04-13T20:15:14
02da3ff3-e046-4037-a286-9741b00ff98c,467667d5-5010-44ff-80b1-19e8addbb4f0,item_added,2026-04-13T20:31:14
ce6c0036-3892-43aa-a891-01ec44583177,467667d5-5010-44ff-80b1-19e8addbb4f0,converted,2026-04-13T21:15:14
94d97d68-304e-45a6-992d-f79c058d1a25,363b132e-bfbf-4040-a83a-f0a54c37445b,created,2026-07-28T07:33:58
476ff52d-d0c2-4ebe-b156-ffa7dffcf3ae,363b132e-bfbf-4040-a83a-f0a54c37445b,item_added,2026-07-28T07:35:58
6bbcc474-a0ad-414d-abd1-3dc48c273972,363b132e-bfbf-4040-a83a-f0a54c37445b,item_added,2026-07-28T07:54:58
c5ff5216-364d-49ac-912d-8fd0966e7b26,10e56260-283a-418b-9804-fcc3bcd243c5,created,2026-05-13T19:33:21
77ddd650-adf8-45cf-92f6-4f1ebb05d6f4,10e56260-283a-418b-9804-fcc3bcd243c5,item_added,2026-05-13T19:44:21
5643e0fa-e041-432f-933c-7e3c76e53476,10e56260-283a-418b-9804-fcc3bcd243c5,item_added,2026-05-13T20:01:21
f41b3bac-3d5c-4a26-9552-9e599c11357b,10e56260-283a-418b-9804-fcc3bcd243c5,converted,2026-05-13T22:44:21
8572f732-f118-454f-922d-b02745accd26,07f9f3c1-fc08-4423-9515-47ec1c97c143,created,2026-03-22T07:19:17
0d7aa58c-2421-4757-88da-71e0871c13cf,07f9f3c1-fc08-4423-9515-47ec1c97c143,item_added,2026-03-22T07:21:17
c2cc16f2-3269-4eb5-825e-7eb9a0312b62,07f9f3c1-fc08-4423-9515-47ec1c97c143,item_added,2026-03-22T07:30:17
bccb0a6b-f606-42cd-8e1f-c4db0f7f353b,07f9f3c1-fc08-4423-9515-47ec1c97c143,item_added,2026-03-22T07:43:17
d23c21e9-9f0b-4bf9-a66a-7d7caca70cdc,07f9f3c1-fc08-4423-9515-47ec1c97c143,item_added,2026-03-22T07:52:17
3552faca-1bc4-44f1-afd1-cfc4660cd418,fd39daca-243a-4fc2-b7d6-01424bf729d8,created,2026-06-30T05:55:29
f4ca949f-84bc-4ba2-aa54-4bb013a43f89,fd39daca-243a-4fc2-b7d6-01424bf729d8,item_added,2026-06-30T06:09:29
a3a7a013-619e-4dbc-9e58-37a5fe0c56ea,fd39daca-243a-4fc2-b7d6-01424bf729d8,abandoned,2026-06-30T07:21:29
508bc59e-4ea1-4fbd-8c58-52ac727f74f9,374b455b-6ace-40a3-a4d5-65b7239f69bb,created,2026-07-05T20:02:59
e994a590-f728-48cd-a6e1-c4b8516591b0,374b455b-6ace-40a3-a4d5-65b7239f69bb,item_added,2026-07-05T20:17:59
8c960521-3958-4396-8c8b-261fef23f7d2,ef6b3387-8621-49c6-aed9-9be67f668b25,created,2026-06-02T00:18:18
8b475b8e-d36f-4795-9507-93e51a43fd5d,ef6b3387-8621-49c6-aed9-9be67f668b25,item_added,2026-06-02T00:31:18
370a6d13-c35d-4b2c-9489-1c5c325a7fbd,ef6b3387-8621-49c6-aed9-9be67f668b25,item_added,2026-06-02T00:41:18
bd0e568c-c210-475a-9188-3c4a6b4a56c4,ef6b3387-8621-49c6-aed9-9be67f668b25,item_added,2026-06-02T00:54:18
1cb87648-571b-401a-b2d8-87dc534ba7cf,ef6b3387-8621-49c6-aed9-9be67f668b25,item_added,2026-06-02T01:08:18
8145fd96-914f-4248-8092-e1981c121538,ef6b3387-8621-49c6-aed9-9be67f668b25,abandoned,2026-06-02T01:16:18
ee37b556-c41e-4662-b202-292fe5ce641c,41a33d18-2780-4687-937b-1e04b4b3bd83,created,2026-06-18T17:32:31
3ac61694-26d5-4545-959d-eed574bfea4c,41a33d18-2780-4687-937b-1e04b4b3bd83,item_added,2026-06-18T17:38:31
d5117859-ad0b-47b7-b7e4-4faa234c0a3f,41a33d18-2780-4687-937b-1e04b4b3bd83,converted,2026-06-18T18:12:31
9569bbc0-c62f-4a2d-80b2-6b21e1724a9f,2cdf4dfd-ea9e-4331-b4fc-3f500aa0056c,created,2026-03-04T17:22:30
dfd6ef4a-6f89-4e64-b482-d77cb50aaa0f,2cdf4dfd-ea9e-4331-b4fc-3f500aa0056c,item_added,2026-03-04T17:39:30
28ab50db-8899-4d6f-9af3-bb0eec9625cb,2cdf4dfd-ea9e-4331-b4fc-3f500aa0056c,converted,2026-03-04T21:22:30
2d1f6b40-335e-46fb-89fd-e21e52c2f819,3223d94f-6146-474a-b9c2-5859e9190d24,created,2026-03-10T03:24:40
146b2581-2ab4-47e7-a95b-da99ff7847c9,3223d94f-6146-474a-b9c2-5859e9190d24,item_added,2026-03-10T03:33:40
345eacbc-9e49-41ef-ac27-31dae2d53092,3223d94f-6146-474a-b9c2-5859e9190d24,item_added,2026-03-10T03:51:40
ea024941-4b39-4ba2-b0f2-aed2b4198964,3223d94f-6146-474a-b9c2-5859e9190d24,item_added,2026-03-10T04:03:40
977a81de-4365-4ae0-87e7-75bbb0dc829a,3223d94f-6146-474a-b9c2-5859e9190d24,item_added,2026-03-10T04:06:40
1fc896a6-ecbf-40bd-b0b9-57ed3ba4583f,ed2764c6-8bd4-42af-b7e5-5ff722935fe6,created,2026-05-21T19:20:09
ce1d2951-be85-46cc-9ce4-cc81784f4ddf,ed2764c6-8bd4-42af-b7e5-5ff722935fe6,item_added,2026-05-21T19:21:09
4023a3a6-41bc-4488-a6d0-4e1ea204b988,ed2764c6-8bd4-42af-b7e5-5ff722935fe6,item_added,2026-05-21T19:34:09
316e8278-84d8-4a08-a4d1-e5465ef5a325,d373c226-539a-421d-a6a2-028d5a35a177,created,2026-03-31T23:06:08
78857585-93d8-4a58-961f-e48f57433c11,d373c226-539a-421d-a6a2-028d5a35a177,item_added,2026-03-31T23:16:08
efb80b22-92db-4ab7-a5be-973f5b935057,d373c226-539a-421d-a6a2-028d5a35a177,abandoned,2026-04-01T02:06:08
4fd20e3d-dafb-4070-9eda-6bd57f0308b8,db3588f1-97e9-4fdf-aab2-bae6f62d618f,created,2026-03-04T01:40:47
b8d9d8fa-d80b-4fe7-a64c-30d05eb9eb0b,db3588f1-97e9-4fdf-aab2-bae6f62d618f,item_added,2026-03-04T01:59:47
b900a3fc-fbf4-4380-b979-ace4ff7658e8,db3588f1-97e9-4fdf-aab2-bae6f62d618f,abandoned,2026-03-04T05:38:47
4006d69d-c3fe-4e1f-997f-a7b293256d36,efa509b0-6ea4-4efc-87ec-902ae76234bd,created,2026-05-27T07:03:40
0212e2b1-87bc-4809-9978-1d223c3f56a1,efa509b0-6ea4-4efc-87ec-902ae76234bd,item_added,2026-05-27T07:17:40
bd06032b-b45b-4f36-b2d8-3cef9ea3c82c,efa509b0-6ea4-4efc-87ec-902ae76234bd,converted,2026-05-27T08:52:40
9d0bb266-d23c-4da2-a2fa-95c9a3de66bb,3550498e-f987-4437-a158-fbcb7b6b7d51,created,2026-06-29T14:44:24
084b527c-6e3b-41da-80fb-efcf86910f45,4363aef0-47d9-4039-a260-ca01c3770967,created,2026-07-13T02:54:44
4bb2fb6e-00b8-41e0-ab55-91f6d2d14e3a,4363aef0-47d9-4039-a260-ca01c3770967,item_added,2026-07-13T03:08:44
1b0bcd7e-e588-4e65-add1-d8546eb5140f,4363aef0-47d9-4039-a260-ca01c3770967,converted,2026-07-13T05:08:44
71f3b00e-e4ee-4f1c-9336-3907407d4be2,89b693f5-d15e-4c06-91b6-863c0762e4e6,created,2026-07-01T23:38:47
8a989191-08ec-471a-9ad9-4ee1a2446288,89b693f5-d15e-4c06-91b6-863c0762e4e6,item_added,2026-07-01T23:51:47
c4fc58dd-0dcd-4efb-a189-942a6d7e2ce0,89b693f5-d15e-4c06-91b6-863c0762e4e6,item_added,2026-07-02T00:10:47
f1011bdd-9a11-43e3-8414-626fa8d614d6,f45c9f4f-d9b3-4152-9e98-dd65a04bfb5d,created,2026-04-08T22:50:31
c6cbd2dc-6b38-486a-8234-790bf85affce,f45c9f4f-d9b3-4152-9e98-dd65a04bfb5d,item_added,2026-04-08T23:09:31
d269867b-a637-462b-8ca6-fbf535182950,f45c9f4f-d9b3-4152-9e98-dd65a04bfb5d,item_added,2026-04-08T23:28:31
0b13357b-e590-43d9-be4e-50f3b796c292,f45c9f4f-d9b3-4152-9e98-dd65a04bfb5d,item_added,2026-04-08T23:42:31
96aced3c-8f2d-478d-ae10-568f60f42924,f45c9f4f-d9b3-4152-9e98-dd65a04bfb5d,item_added,2026-04-08T23:58:31
5b3e1754-0640-452e-a64a-ff4eb8214e00,f45c9f4f-d9b3-4152-9e98-dd65a04bfb5d,converted,2026-04-08T23:08:31
22b417a0-99be-43f1-825a-863646bfb29f,4e8d6ad5-7665-466a-9d47-534c4ca8af14,created,2026-03-06T09:53:15
9f04485a-666d-4525-b7b1-2c4493d3cf56,4e8d6ad5-7665-466a-9d47-534c4ca8af14,item_added,2026-03-06T10:09:15
3d47ad11-09e8-46ea-9ba5-30a0ea77a393,4e8d6ad5-7665-466a-9d47-534c4ca8af14,item_added,2026-03-06T10:12:15
fd93aa09-7c58-4bad-bcca-3f2c371b9e55,4e8d6ad5-7665-466a-9d47-534c4ca8af14,item_added,2026-03-06T10:31:15
e7a1f897-0cae-4487-926a-e71f379bef90,4e8d6ad5-7665-466a-9d47-534c4ca8af14,converted,2026-03-06T10:09:15
40a6bc2d-2413-4283-a95c-64437b2562f3,eff5342f-d67d-4ae0-bf8b-c4ba6f4a8979,created,2026-06-19T09:40:03
e85d980e-7c45-4aef-87ae-388ec5538008,eff5342f-d67d-4ae0-bf8b-c4ba6f4a8979,item_added,2026-06-19T09:43:03
9ac88af9-15ec-4be8-94ce-2567691e3b5b,eff5342f-d67d-4ae0-bf8b-c4ba6f4a8979,converted,2026-06-19T13:09:03
ac0caae0-e65d-4c00-a503-79c782e0d8ea,53e02450-e6f4-4145-94c0-6ef870d9a739,created,2026-03-07T22:40:52
04209442-0d7a-439b-96b9-4e6ae1c2585f,53e02450-e6f4-4145-94c0-6ef870d9a739,item_added,2026-03-07T22:46:52
7a9a19f3-3883-484c-82ec-0cf40741b8c2,53e02450-e6f4-4145-94c0-6ef870d9a739,converted,2026-03-08T01:15:52
c609525d-61e0-46a0-b89d-2f760911d769,47add280-d977-43d4-9548-585fa66fdb4f,created,2026-06-14T09:01:16
99ae375b-8de4-423e-88a2-9f0fd5975f53,47add280-d977-43d4-9548-585fa66fdb4f,item_added,2026-06-14T09:04:16
bdd53d78-b274-439a-b589-d39bfb1ea2d4,47add280-d977-43d4-9548-585fa66fdb4f,item_added,2026-06-14T09:05:16
5c774a65-e5ef-4528-927b-ced0135f2b56,47add280-d977-43d4-9548-585fa66fdb4f,item_added,2026-06-14T09:25:16
5da31dd7-035e-46ad-8244-4f2a15482b90,47add280-d977-43d4-9548-585fa66fdb4f,converted,2026-06-14T12:22:16
f9c5c36d-0aec-4d09-ac75-5b66ee831680,2725b99a-88fa-48d2-a13b-73619f32b620,created,2026-02-19T18:02:20
8a356d5d-e776-4167-b49f-329a4cdee168,2725b99a-88fa-48d2-a13b-73619f32b620,item_added,2026-02-19T18:20:20
1c8d3b8f-b4c2-4424-92cf-4eab6619ee61,2725b99a-88fa-48d2-a13b-73619f32b620,item_added,2026-02-19T18:29:20
14e5ae6b-3f6d-472b-bed6-40e096036e78,2725b99a-88fa-48d2-a13b-73619f32b620,item_added,2026-02-19T18:36:20
4aa6c1d9-49c8-4ddc-8180-ed8562bbfccf,2725b99a-88fa-48d2-a13b-73619f32b620,abandoned,2026-02-19T19:18:20
41edd9b4-0f35-4dfb-9274-be78023c6110,c1e16b6d-8647-46ef-8159-006ff82256c4,created,2026-04-01T16:52:15
9f14e2bc-cbae-4765-8b08-3f4bc1e9559d,c1e16b6d-8647-46ef-8159-006ff82256c4,item_added,2026-04-01T17:11:15
a04b1b7e-1dcd-4d14-a080-85a2dae944e6,c1e16b6d-8647-46ef-8159-006ff82256c4,item_added,2026-04-01T17:12:15
625f0e10-02e8-4c34-a48c-6c0d05f75c44,c1e16b6d-8647-46ef-8159-006ff82256c4,item_added,2026-04-01T17:22:15
b7cf7db5-84a0-4e68-b4f8-43ae13647b0b,c1e16b6d-8647-46ef-8159-006ff82256c4,converted,2026-04-01T19:17:15
4a518a72-cbb4-43ca-941b-c60ba66d1fee,dc90cce2-e01e-44a6-b9cb-9afa1060635d,created,2026-07-22T13:55:22
679225bc-740b-4041-b548-1abbb43ea630,dc90cce2-e01e-44a6-b9cb-9afa1060635d,item_added,2026-07-22T14:06:22
b0d3528f-33a9-4a33-95b8-a004a8250fe7,dc90cce2-e01e-44a6-b9cb-9afa1060635d,converted,2026-07-22T16:39:22
7808cc7d-cf4d-4041-a8ce-83fdcd5d7689,5bd634a5-8db8-40e2-9223-ace8d34852ec,created,2026-04-02T10:54:26
88200ce4-d00f-4aa1-b858-18d304d8edbb,5bd634a5-8db8-40e2-9223-ace8d34852ec,item_added,2026-04-02T10:56:26
89f8024a-0cd1-4447-a188-efc27a958fc1,5bd634a5-8db8-40e2-9223-ace8d34852ec,abandoned,2026-04-02T13:33:26
9966ba0c-7c4a-41e8-854d-3972ecc12ea3,8ae94738-6e9a-4fc1-be66-4e5c02c560e4,created,2026-04-11T23:35:42
3ff287f6-d836-4f74-913d-50257ca53872,8ae94738-6e9a-4fc1-be66-4e5c02c560e4,item_added,2026-04-11T23:36:42
70f0a3bf-0ae2-473b-9048-bc45235584b3,8ae94738-6e9a-4fc1-be66-4e5c02c560e4,item_added,2026-04-11T23:47:42
917876b3-b34d-48b4-89c9-62b72edbcd51,8ae94738-6e9a-4fc1-be66-4e5c02c560e4,converted,2026-04-12T02:09:42
1d37e378-9d48-4a73-8318-d29ca48e8df9,2592921e-03fb-44bd-a194-a44e8497a4db,created,2026-04-19T09:37:00
38b7e144-a72c-4716-8cab-c83598b4e4e8,2592921e-03fb-44bd-a194-a44e8497a4db,item_added,2026-04-19T09:47:00
7361ceb8-0ece-4533-a0b9-a4bdeadca823,2592921e-03fb-44bd-a194-a44e8497a4db,item_added,2026-04-19T09:49:00
248bed97-3643-4a5f-bbc2-1d2c227322e0,2592921e-03fb-44bd-a194-a44e8497a4db,converted,2026-04-19T12:34:00
a201c404-0731-43f6-b663-055eac1f01fc,a4d68745-0ac0-4a9a-bde9-679bfcc7404b,created,2026-06-07T03:51:58
150b08e7-2aa6-464c-aede-a754b5d319d8,a4d68745-0ac0-4a9a-bde9-679bfcc7404b,item_added,2026-06-07T03:58:58
d981471d-e691-4bd9-9841-f10ffc348d57,a4d68745-0ac0-4a9a-bde9-679bfcc7404b,item_added,2026-06-07T04:16:58
05fb21be-54ea-4fee-8d4a-7a7c0a38e136,a4d68745-0ac0-4a9a-bde9-679bfcc7404b,converted,2026-06-07T06:47:58
ba3fa9f4-173b-4c8c-b68a-2248dfc95823,d51e8eba-65b8-4f14-8b6f-cd2119d49f5d,created,2026-03-14T21:40:05
dee0a27f-8965-41ae-8008-691b71c3432e,d51e8eba-65b8-4f14-8b6f-cd2119d49f5d,item_added,2026-03-14T21:46:05
a2cbd10c-d430-4cab-b89b-535a2b6a8399,d51e8eba-65b8-4f14-8b6f-cd2119d49f5d,converted,2026-03-15T01:18:05
5ec222a2-4573-443a-b2d2-c52dd6ad0f3e,0d350637-e3bb-4324-aad2-1536b5404816,created,2026-05-08T00:29:04
f874f68a-a197-4be2-84ac-b1b5e6dad3e0,0d350637-e3bb-4324-aad2-1536b5404816,item_added,2026-05-08T00:44:04
b840d86e-5500-4606-aa44-8e0f282f38cc,0d350637-e3bb-4324-aad2-1536b5404816,item_added,2026-05-08T00:55:04
fa4f7667-fe69-4f42-af56-e54612120520,0d350637-e3bb-4324-aad2-1536b5404816,converted,2026-05-08T04:08:04
cf25008e-dc5a-474c-a34c-baa8b5775437,ebaf9727-0442-43e6-b7d3-1ccfd87094e3,created,2026-05-15T18:58:14
ac12351e-71f1-4c74-a315-954b03cd7607,ebaf9727-0442-43e6-b7d3-1ccfd87094e3,item_added,2026-05-15T19:18:14
0f64fd0d-0f7f-4449-a415-f51bb33234bf,ebaf9727-0442-43e6-b7d3-1ccfd87094e3,item_added,2026-05-15T19:36:14
11631826-3214-4896-a3c1-baa83601b4ef,ebaf9727-0442-43e6-b7d3-1ccfd87094e3,item_added,2026-05-15T19:37:14
16f45648-591e-4f7f-89bc-6d8177826112,ebaf9727-0442-43e6-b7d3-1ccfd87094e3,converted,2026-05-15T19:04:14
66a720b9-0466-4ccc-8fb4-5dd6972687ad,4b18b57b-a735-4541-abd2-0a007993a9b8,created,2026-06-17T15:09:28
4cfb46ab-081c-4c8d-a409-f628ba59b139,ade9633e-7684-459d-9080-4cf24c0ffe65,created,2026-06-15T08:13:27
65574c32-9256-4060-a24b-7af9e64b8c30,ade9633e-7684-459d-9080-4cf24c0ffe65,item_added,2026-06-15T08:25:27
e1c41433-dafa-4a44-9a5d-83b383fd50bd,ade9633e-7684-459d-9080-4cf24c0ffe65,item_added,2026-06-15T08:36:27
f0dd4337-9034-47e1-b619-8172138e98b0,ade9633e-7684-459d-9080-4cf24c0ffe65,item_added,2026-06-15T08:46:27
c7458cd8-6ce4-48b1-a4db-a6d3d1c30ddf,ade9633e-7684-459d-9080-4cf24c0ffe65,abandoned,2026-06-15T08:55:27
03000f77-fe66-4826-99ad-baee31dfd4eb,01f766e4-1e9e-4468-971e-882e286217c1,created,2026-05-08T01:58:58
285f0c12-7f76-4bbe-93bb-5ab69d0eb8b0,01f766e4-1e9e-4468-971e-882e286217c1,item_added,2026-05-08T02:07:58
2cd5a27f-feaf-435c-8f27-8efa728e3e66,01f766e4-1e9e-4468-971e-882e286217c1,converted,2026-05-08T02:39:58
5a803877-1bca-48d8-abf1-e12ef8f48dfe,b1a83498-9ed6-42bd-b1fe-2d5bd732b557,created,2026-06-03T03:30:47
997a41a1-6f12-491e-ab64-8b8fe189d05f,b1a83498-9ed6-42bd-b1fe-2d5bd732b557,item_added,2026-06-03T03:48:47
a1db2caa-c9d4-4ba0-9f91-8f587f1b667f,b1a83498-9ed6-42bd-b1fe-2d5bd732b557,item_added,2026-06-03T03:56:47
e13466c7-3beb-4d6f-862b-a33b74abb3ed,b1a83498-9ed6-42bd-b1fe-2d5bd732b557,item_added,2026-06-03T04:13:47
579a91ad-82d3-4f5e-962e-7efbd29bf44e,b1a83498-9ed6-42bd-b1fe-2d5bd732b557,converted,2026-06-03T04:15:47
6165cb60-31a4-4f99-8c05-a6b7489e4fcd,4a0dae29-b66f-4e76-b334-22a34a37b557,created,2026-06-02T03:31:27
1175466d-ecb9-4a6a-8f1c-5d3f08363cb1,4a0dae29-b66f-4e76-b334-22a34a37b557,item_added,2026-06-02T03:32:27
e50d9947-4886-4d96-a2d2-4cee515b359d,4a0dae29-b66f-4e76-b334-22a34a37b557,item_added,2026-06-02T03:36:27
d6cb0547-4a16-4863-ac14-20d43cf58112,4a0dae29-b66f-4e76-b334-22a34a37b557,item_added,2026-06-02T03:49:27
c83e353d-c896-4e43-8ad5-9087c7a5e4a0,4a0dae29-b66f-4e76-b334-22a34a37b557,converted,2026-06-02T05:54:27
e17abbbd-6db5-4eea-aad7-788b3f3657d5,ff42533f-ac58-455d-841d-17b837cee232,created,2026-05-14T06:22:00
fac334ff-30c6-48aa-bf0f-5bc2c3d94190,df639bf6-0cc8-4c80-b501-f83e88c7c007,created,2026-03-01T15:28:20
f1f900dc-e68b-4246-b5f7-ac9b4d63286d,df639bf6-0cc8-4c80-b501-f83e88c7c007,item_removed,2026-03-01T15:52:20
b0f923d2-cc95-4fbd-be98-d67aaebe3b93,df639bf6-0cc8-4c80-b501-f83e88c7c007,item_added,2026-03-01T15:31:20
cae9ef1d-98b7-49e1-baee-cc0807750b2b,df639bf6-0cc8-4c80-b501-f83e88c7c007,item_added,2026-03-01T15:49:20
91998ca3-0754-4225-8cf9-b96482228d69,aaabfd8c-6940-459c-9e7a-c6097296e1c2,created,2026-03-20T00:10:14
2a7b1f86-4d19-4e48-be16-9e047406ee85,aaabfd8c-6940-459c-9e7a-c6097296e1c2,item_added,2026-03-20T00:12:14
3c7d1897-1558-44bd-95ef-2e0f121117fc,aaabfd8c-6940-459c-9e7a-c6097296e1c2,item_added,2026-03-20T00:24:14
0abf76e1-516b-4be3-95bb-5c9ca0780761,aaabfd8c-6940-459c-9e7a-c6097296e1c2,item_added,2026-03-20T00:30:14
a078c21b-27a7-496c-9043-f2f5a66181ee,1e65198e-67c0-4e33-b313-ec2e7e1ca24c,created,2026-07-18T16:21:08
ae8bd10a-a0ab-46ba-b14c-501741888db9,1e65198e-67c0-4e33-b313-ec2e7e1ca24c,item_added,2026-07-18T16:35:08
9a1a019b-6343-456b-ab41-51f37bda6a01,1e65198e-67c0-4e33-b313-ec2e7e1ca24c,item_removed,2026-07-18T17:05:08
25810e79-faca-44e4-8dff-dfabe35d046f,1e65198e-67c0-4e33-b313-ec2e7e1ca24c,item_added,2026-07-18T16:36:08
f55a5e90-5c8b-478a-82b6-e6198a5b83c8,1e65198e-67c0-4e33-b313-ec2e7e1ca24c,item_added,2026-07-18T16:54:08
12066d2b-c5b0-4c07-89e4-69c49fa73153,1e65198e-67c0-4e33-b313-ec2e7e1ca24c,abandoned,2026-07-18T16:55:08
66558764-ab9d-40a4-b5fe-c7588f654fd4,587bd493-c09d-42c1-9f1d-8a78dae44d41,created,2026-08-07T17:17:07
786cb5f0-895d-46c7-967e-190099e0dcb7,587bd493-c09d-42c1-9f1d-8a78dae44d41,item_added,2026-08-07T17:30:07
69655ea9-a927-4e0b-8a63-b7986dc9090d,587bd493-c09d-42c1-9f1d-8a78dae44d41,item_added,2026-08-07T17:32:07
40784fec-9dae-4ab6-b354-71a8d5ded730,17d4ce56-9c57-4be3-ad92-74d561a2b798,created,2026-04-30T14:19:44
f7d98896-68bc-4ccb-a191-fd3579563457,17d4ce56-9c57-4be3-ad92-74d561a2b798,item_added,2026-04-30T14:21:44
91fce341-471a-41b8-af67-94bff0018df6,17d4ce56-9c57-4be3-ad92-74d561a2b798,item_added,2026-04-30T14:23:44
4f61e4ca-3571-4746-8dac-541e609973a6,17d4ce56-9c57-4be3-ad92-74d561a2b798,abandoned,2026-04-30T15:56:44
6693c044-10fb-4c71-9a5b-087fa8e0a2da,d478600d-be0f-4b11-adbd-657bc809e32d,created,2026-04-04T05:47:10
ab9410d9-6a3a-4861-b156-0ac290266ae9,d478600d-be0f-4b11-adbd-657bc809e32d,item_added,2026-04-04T06:05:10
822c92cd-b2d4-49b0-a04e-399b7ca00aa0,d478600d-be0f-4b11-adbd-657bc809e32d,item_added,2026-04-04T06:15:10
2e7529d4-2b8f-4419-ba87-822aff477be1,d478600d-be0f-4b11-adbd-657bc809e32d,abandoned,2026-04-04T06:27:10
92627df2-76f3-4a28-8208-5eae53255e87,65979b33-4bb1-4e4e-8f56-f1605acb9753,created,2026-03-06T10:11:52
1eef9276-fc71-4fdd-8e60-031a80beb86b,65979b33-4bb1-4e4e-8f56-f1605acb9753,item_added,2026-03-06T10:27:52
80bd29b5-7cc2-4f98-a687-84b257bb549b,65979b33-4bb1-4e4e-8f56-f1605acb9753,abandoned,2026-03-06T13:22:52
1968f66c-d3b9-4bdb-9b79-d5227fecd67f,e927dcca-61da-4c3f-bd37-9c7469a0ae60,created,2026-03-07T10:57:32
182d0015-446a-4a38-9e1f-3da72cb5de1e,e927dcca-61da-4c3f-bd37-9c7469a0ae60,item_added,2026-03-07T11:06:32
9ad0bb8d-9080-4639-9676-997f21edfc0d,e927dcca-61da-4c3f-bd37-9c7469a0ae60,item_added,2026-03-07T11:22:32
cbb8777d-8c58-4b4b-b6fe-751e7ea8a460,e927dcca-61da-4c3f-bd37-9c7469a0ae60,item_added,2026-03-07T11:33:32
73ebde66-0553-4966-868d-7ff0ea391f8e,3ec6e202-9859-413d-a790-1dc13baf4980,created,2026-02-25T12:53:33
8a302a86-426e-4409-bdd3-49eb1d7f261d,3ec6e202-9859-413d-a790-1dc13baf4980,item_added,2026-02-25T13:13:33
18aaeb87-7725-48db-94cc-44dee93eaa5a,3ec6e202-9859-413d-a790-1dc13baf4980,item_added,2026-02-25T13:33:33
5c32bd0a-9f1f-40fa-b1a9-61069ae7f0e8,3ec6e202-9859-413d-a790-1dc13baf4980,item_added,2026-02-25T13:46:33
3b764e62-8464-462a-b529-c2581ef309ef,3ec6e202-9859-413d-a790-1dc13baf4980,abandoned,2026-02-25T14:27:33
0028516e-6eda-490b-b5cf-a1d20294e17e,3bcc4793-491d-4c1f-b41e-aba382510590,created,2026-06-01T02:09:39
212c6369-7d09-4cb3-ac41-679726c09199,3bcc4793-491d-4c1f-b41e-aba382510590,item_added,2026-06-01T02:26:39
4a76d567-c581-4533-ad7e-f05c2c196c82,3bcc4793-491d-4c1f-b41e-aba382510590,item_added,2026-06-01T02:32:39
1f4d5b18-13a5-4ea9-80ff-c26b8d93bf8f,97bcc3aa-a815-40fc-8b23-2b6ba0997fac,created,2026-05-04T13:41:08
671311df-dee6-49c1-a98c-1940189ffad5,97bcc3aa-a815-40fc-8b23-2b6ba0997fac,item_added,2026-05-04T13:49:08
1da95857-725e-4115-9e00-6c83eb95a170,97bcc3aa-a815-40fc-8b23-2b6ba0997fac,converted,2026-05-04T15:23:08
32f82558-74a2-4ebc-914e-f020ac58ac6c,f3baaa15-6412-4097-a897-c63a4467d1f9,created,2026-08-06T20:52:08
08e35464-e50d-4195-9b0e-068a3a292baa,f3baaa15-6412-4097-a897-c63a4467d1f9,item_added,2026-08-06T21:02:08
8574f558-5b66-45d7-a700-8a05105e1aa9,f3baaa15-6412-4097-a897-c63a4467d1f9,converted,2026-08-06T21:47:08
fbaffb92-db00-4986-8423-08386fa73d6b,f6e22107-71c4-49af-a760-645675ca57bb,created,2026-06-01T21:31:50
cc97c68d-1aa9-4ceb-bbf1-655ff1020c87,f6e22107-71c4-49af-a760-645675ca57bb,item_added,2026-06-01T21:34:50
6bf61d6c-273b-456c-90b8-66518c9561cf,f6e22107-71c4-49af-a760-645675ca57bb,converted,2026-06-01T23:06:50
a8c6c718-a72e-45d0-b9cd-7b4bddd2e25c,bb9f5a7d-bd71-4264-87ab-e19c8cddf1ea,created,2026-06-20T10:15:57
385290ae-68fe-4e6d-af79-7939ffa38e70,bb9f5a7d-bd71-4264-87ab-e19c8cddf1ea,item_added,2026-06-20T10:20:57
04238f50-8518-42d0-ac3f-d5170cdcb91e,bb9f5a7d-bd71-4264-87ab-e19c8cddf1ea,item_added,2026-06-20T10:34:57
d1f6331a-1ea9-41e0-a17c-8ad244c0212b,bb9f5a7d-bd71-4264-87ab-e19c8cddf1ea,converted,2026-06-20T11:14:57
a63000bd-d32c-423b-a197-2e8e829b7195,b06c83de-cfb8-4e37-8e9d-c1cfcc6c90f8,created,2026-03-06T14:10:12
f500d210-ea46-4309-b751-c709db7862b3,b06c83de-cfb8-4e37-8e9d-c1cfcc6c90f8,item_added,2026-03-06T14:16:12
ba6bfbd8-9ca8-40ff-a745-15a99dcd5a30,b06c83de-cfb8-4e37-8e9d-c1cfcc6c90f8,item_added,2026-03-06T14:28:12
bf82c799-0075-48b9-95b9-233da4d07c14,b06c83de-cfb8-4e37-8e9d-c1cfcc6c90f8,item_added,2026-03-06T14:48:12
1cc8890c-87b2-48d5-b7f7-4dbc157ae5ac,b06c83de-cfb8-4e37-8e9d-c1cfcc6c90f8,abandoned,2026-03-06T15:03:12
a00ef3c6-7a11-45b5-952f-94999a23a3bb,7c2f18a5-e902-4f94-9434-b223b2507704,created,2026-05-14T17:31:16
327947c5-dd76-4b0f-af0f-9dd015c310ac,7c2f18a5-e902-4f94-9434-b223b2507704,item_added,2026-05-14T17:39:16
98debe0b-c4fd-4f34-987e-3e8fad60ece2,7c2f18a5-e902-4f94-9434-b223b2507704,abandoned,2026-05-14T20:24:16
b5750945-5efc-4c5b-94e3-7a5495736e52,48f73d93-3901-4e2e-9eb0-2def375c0b3d,created,2026-05-31T06:26:19
13f9fce0-8f57-4139-a2b4-9e0bec2eb7eb,48f73d93-3901-4e2e-9eb0-2def375c0b3d,item_added,2026-05-31T06:38:19
12ec1b90-dba9-4d93-98e6-b050ce9668f2,48f73d93-3901-4e2e-9eb0-2def375c0b3d,abandoned,2026-05-31T07:31:19
dfbce205-dbb4-4cf6-8c75-e42abdd6afa0,c3e81108-772b-4160-af24-b922490c57a0,created,2026-05-16T00:49:04
4f99bc6a-329d-4c7f-acaa-752878c24bea,c3e81108-772b-4160-af24-b922490c57a0,item_added,2026-05-16T00:53:04
fdafa9ec-e062-4ea3-b53c-4c2af86d4966,c3e81108-772b-4160-af24-b922490c57a0,item_added,2026-05-16T00:57:04
61be2a72-40b6-4c97-be74-8df43561e5da,c3e81108-772b-4160-af24-b922490c57a0,converted,2026-05-16T03:21:04
8b2805b5-9fd3-4d2a-9722-4f837db9d7d8,02197d9b-9a1e-451b-a20a-8857e5d8f5bb,created,2026-07-08T12:33:51
e701f11a-5718-4f7b-b484-5cb8bf74b9d4,02197d9b-9a1e-451b-a20a-8857e5d8f5bb,item_added,2026-07-08T12:34:51
b111db23-fcf4-48cc-a829-851b406d3ce6,02197d9b-9a1e-451b-a20a-8857e5d8f5bb,item_added,2026-07-08T12:40:51
6824fc16-958e-4bf7-9da2-7cd9e72af140,02197d9b-9a1e-451b-a20a-8857e5d8f5bb,item_added,2026-07-08T12:50:51
5b33c2b8-9479-4238-8dba-5ef847a3b439,4eb52c72-2465-4b94-af20-594e83f41ab4,created,2026-08-11T02:12:25
70653a5b-d017-48d0-af58-38077da0cfd2,4eb52c72-2465-4b94-af20-594e83f41ab4,item_added,2026-08-11T02:21:25
6bca13d0-c589-4ba8-a70e-4a991437efb8,4eb52c72-2465-4b94-af20-594e83f41ab4,converted,2026-08-11T04:28:25
4c1bf839-393c-4c2d-a55e-f66fa99276a5,ee5273f4-4ca4-4098-b33b-23ba08117e75,created,2026-08-02T22:20:05
2ac49d51-0871-4cca-a968-008192833bb6,ee5273f4-4ca4-4098-b33b-23ba08117e75,item_added,2026-08-02T22:25:05
716e6d65-4a46-4c25-9eb7-ce9dfe2a306b,ee5273f4-4ca4-4098-b33b-23ba08117e75,abandoned,2026-08-02T22:51:05
33b454ab-ca4e-4b9c-9c89-df355a56b725,4b5f08c3-960f-4070-8de4-89d39f680b4e,created,2026-04-07T21:12:28
9fa54917-d4a3-43c2-8360-eceb81522b0b,4b5f08c3-960f-4070-8de4-89d39f680b4e,item_added,2026-04-07T21:25:28
ebd30b51-aa41-4de7-95a3-acc3ecbcfbc1,b9bd2816-924e-408f-b72b-b6401689242e,created,2026-06-15T22:24:53
60625209-bb7b-4929-95d0-2756db16658a,b9bd2816-924e-408f-b72b-b6401689242e,item_added,2026-06-15T22:41:53
08efcf31-8e73-436a-9164-d0ee307a69c6,b9bd2816-924e-408f-b72b-b6401689242e,item_added,2026-06-15T22:55:53
47ffb59c-4b66-4a31-925a-9cb4d1e4a39b,b9bd2816-924e-408f-b72b-b6401689242e,abandoned,2026-06-16T01:14:53
d4a5229a-9007-47ff-ab82-17f02f6bd024,18f82918-d872-4ec6-98ad-739b5fb69413,created,2026-03-02T19:46:29
6d87818e-423d-4c12-b111-cb43ccc65e09,18f82918-d872-4ec6-98ad-739b5fb69413,item_removed,2026-03-02T20:23:29
be4457cd-c760-4b78-85e1-a48a414748be,18f82918-d872-4ec6-98ad-739b5fb69413,item_added,2026-03-02T19:57:29
6ba9b33b-6aa8-41ee-9407-63a358129f93,18f82918-d872-4ec6-98ad-739b5fb69413,item_added,2026-03-02T19:59:29
efc99082-a6a5-425c-94ec-6bd416c3e3d1,18f82918-d872-4ec6-98ad-739b5fb69413,item_added,2026-03-02T20:11:29
a2b876ca-b16c-44bb-8387-23afb6ca4f34,18f82918-d872-4ec6-98ad-739b5fb69413,item_added,2026-03-02T20:17:29
9080cf6b-289e-4136-9f32-184e31e34023,18f82918-d872-4ec6-98ad-739b5fb69413,abandoned,2026-03-02T20:33:29
b7cfab90-60da-4b1c-b7bc-2a8554cd80f4,0ce36ea4-8f92-4b40-b32c-5fa2143da0d8,created,2026-08-13T06:08:03
3766a878-68df-4bb4-af4e-4c695baf719d,0ce36ea4-8f92-4b40-b32c-5fa2143da0d8,item_added,2026-08-13T06:10:03
51d4ccbe-0e9e-4bf5-bed1-7fa50eb66db2,0ce36ea4-8f92-4b40-b32c-5fa2143da0d8,item_added,2026-08-13T06:26:03
d1b1aaf8-f364-463d-b5dc-b3088af702fb,0ce36ea4-8f92-4b40-b32c-5fa2143da0d8,converted,2026-08-13T06:58:03
1024560c-88f5-4ab4-8569-086799a10a56,e911e4d8-65ea-4b8f-b6f1-61d171f41768,created,2026-02-20T04:07:23
1238c2d4-0717-4466-8d04-60381f527088,e911e4d8-65ea-4b8f-b6f1-61d171f41768,item_added,2026-02-20T04:21:23
312c8d17-eefc-4b11-ad99-6ec908dbebb9,e911e4d8-65ea-4b8f-b6f1-61d171f41768,item_added,2026-02-20T04:27:23
f11da0d2-5866-4bde-a36d-c50d515e2fe2,e911e4d8-65ea-4b8f-b6f1-61d171f41768,item_added,2026-02-20T04:43:23
9e155a75-8326-4fa4-b7d4-cd22cbcd06e0,e911e4d8-65ea-4b8f-b6f1-61d171f41768,item_added,2026-02-20T04:53:23
e931e83e-b395-43dc-9697-eed7e38653e1,e911e4d8-65ea-4b8f-b6f1-61d171f41768,converted,2026-02-20T05:46:23
9c6fa8bc-3246-48d4-8c43-0fcd93def87e,7461775e-7d45-4637-8a76-6b08fdf751cb,created,2026-04-11T21:14:58
d67e4a19-3696-4099-b1e9-a018e65b3c35,7461775e-7d45-4637-8a76-6b08fdf751cb,item_added,2026-04-11T21:28:58
4bd54e97-dee1-4ebf-bf59-f0ae63f4739e,7461775e-7d45-4637-8a76-6b08fdf751cb,item_added,2026-04-11T21:29:58
22cb91fb-179d-454f-9559-8b8457122da0,624451f6-411f-4991-afec-c99325ed7b24,created,2026-06-23T21:08:24
d97a9a97-43d7-4b75-9de2-298408318aa9,624451f6-411f-4991-afec-c99325ed7b24,item_added,2026-06-23T21:13:24
72941e91-42d4-42d5-ae89-64a5e1a7820c,624451f6-411f-4991-afec-c99325ed7b24,item_added,2026-06-23T21:32:24
6f2f2f26-5b72-4696-a5e1-8b608901af26,624451f6-411f-4991-afec-c99325ed7b24,item_added,2026-06-23T21:47:24
22d76b5d-927b-4c63-a411-dc657144d86d,624451f6-411f-4991-afec-c99325ed7b24,converted,2026-06-23T22:45:24
fc270c83-2bdc-4fae-b771-442a9f9c0cf1,017a82ab-ac62-493d-91d4-908b316ddc4a,created,2026-04-19T22:27:26
b9ddf896-d63f-4e19-80c4-d6a8117c86e7,017a82ab-ac62-493d-91d4-908b316ddc4a,item_added,2026-04-19T22:30:26
3d3aa037-65cc-4b35-90d8-c933fc8d5bf8,017a82ab-ac62-493d-91d4-908b316ddc4a,item_added,2026-04-19T22:46:26
a4a81b91-64b4-4042-a454-8d38a42b153e,9febd932-dc5d-4978-b9dd-62be2d1720a0,created,2026-02-26T00:49:53
cd3d2b2a-8954-4e4e-addd-14483b008028,9febd932-dc5d-4978-b9dd-62be2d1720a0,item_added,2026-02-26T00:51:53
28542c8a-caab-4391-ad98-0a881907b4f9,9febd932-dc5d-4978-b9dd-62be2d1720a0,item_added,2026-02-26T01:06:53
ac3bd51a-a777-45a5-975a-a478b2da17ac,9febd932-dc5d-4978-b9dd-62be2d1720a0,converted,2026-02-26T01:43:53
84af8abd-00b3-4d5f-b92d-419993a23136,c44b2265-302a-4f7a-994e-885004c26b8e,created,2026-04-01T20:57:40
6af87b51-95b2-47ab-b466-5c6c8e41a4b2,c44b2265-302a-4f7a-994e-885004c26b8e,item_added,2026-04-01T21:17:40
9df97f93-3566-40be-b460-589824036c45,c44b2265-302a-4f7a-994e-885004c26b8e,item_added,2026-04-01T21:18:40
4b9f12f7-4b15-4726-a22e-2fad6b7cf1b3,c44b2265-302a-4f7a-994e-885004c26b8e,abandoned,2026-04-01T22:51:40
4a90621a-1222-4492-849c-76b3fb2a53aa,aeb88956-6c4b-412e-849c-1720e443a331,created,2026-03-28T14:15:47
7f61446f-b651-46a1-a26d-295b2309c5af,aeb88956-6c4b-412e-849c-1720e443a331,item_removed,2026-03-28T14:30:47
cfb0d27f-66e6-400d-a5fb-34747a9e6906,aeb88956-6c4b-412e-849c-1720e443a331,item_added,2026-03-28T14:28:47
928a93f3-3c0b-42ed-8000-ce91952c0a6e,aeb88956-6c4b-412e-849c-1720e443a331,abandoned,2026-03-28T17:02:47
919106af-4c27-402d-9e85-f8931889a1b9,b5aec199-a956-427a-ba34-693c0f6e5fee,created,2026-06-02T22:07:26
e50ef7b9-41e5-4050-badc-e24413d23f9b,b5aec199-a956-427a-ba34-693c0f6e5fee,item_added,2026-06-02T22:12:26
fb8a48f5-ffc0-4bcf-a389-2658b56b30dd,b5aec199-a956-427a-ba34-693c0f6e5fee,converted,2026-06-03T00:29:26
d99727fe-8ea9-4de7-b385-f88e30c3e8d3,a8026594-7b83-4379-8a88-77c600adb40d,created,2026-07-03T08:27:13
0484c981-f3b2-4908-acc6-4b901655d7a9,a8026594-7b83-4379-8a88-77c600adb40d,item_added,2026-07-03T08:37:13
c7440971-6393-4e48-bc9a-5225e08efb7e,a8026594-7b83-4379-8a88-77c600adb40d,item_added,2026-07-03T08:52:13
e5921aa9-1d18-4dd8-8acd-2e00c2ac2bfa,a8026594-7b83-4379-8a88-77c600adb40d,converted,2026-07-03T08:41:13
ada604ff-41cf-48dd-aac8-a8efd120a495,d5aa9f13-9f8d-44e7-b50a-f6cc64a8c9fc,created,2026-04-06T05:49:01
5d802136-0447-4bbe-af3b-59328e48b2d9,d5aa9f13-9f8d-44e7-b50a-f6cc64a8c9fc,item_added,2026-04-06T05:57:01
807d0257-f116-4542-af2c-343d5412b358,d5aa9f13-9f8d-44e7-b50a-f6cc64a8c9fc,abandoned,2026-04-06T08:20:01
005b0b50-8218-451a-8b45-b7d83077557f,a6b7c6bb-082f-41d1-8e46-6c07c6a41b05,created,2026-08-08T20:51:33
9128b49b-d8a0-4285-aa98-8c3be43ba68e,a6b7c6bb-082f-41d1-8e46-6c07c6a41b05,item_added,2026-08-08T21:06:33
32806dde-f59c-4a2e-baaa-f9988ae533d0,a6b7c6bb-082f-41d1-8e46-6c07c6a41b05,item_added,2026-08-08T21:09:33
bd34c224-2206-4070-89c5-8aa414580ece,a6b7c6bb-082f-41d1-8e46-6c07c6a41b05,item_added,2026-08-08T21:28:33
dec36378-be2b-40d3-8927-1f09d7a51b34,a6b7c6bb-082f-41d1-8e46-6c07c6a41b05,converted,2026-08-09T00:36:33
ba754e29-8429-456e-8b5e-e8152187274f,870a1290-a0bb-48b5-9f52-b12c74bad4c2,created,2026-03-14T23:58:24
7df2bb24-20f0-44b1-9d9b-a73a503703f6,870a1290-a0bb-48b5-9f52-b12c74bad4c2,item_added,2026-03-15T00:05:24
c51574e7-2ea4-4b10-82f6-0b53d6e0d2f5,870a1290-a0bb-48b5-9f52-b12c74bad4c2,abandoned,2026-03-15T00:07:24
cf584949-3111-41b2-990b-9b25b218362e,83a17fa1-2fe8-47c7-9ade-89904a3ba1bf,created,2026-03-08T08:22:20
9ff10caf-db36-4817-ba9c-f3dc657e3921,83a17fa1-2fe8-47c7-9ade-89904a3ba1bf,item_added,2026-03-08T08:32:20
bb3a4513-14c6-4859-b1d6-e0de65ca60f1,83a17fa1-2fe8-47c7-9ade-89904a3ba1bf,item_added,2026-03-08T08:50:20
521b66fd-01c8-4c51-afef-55f1f177429c,83a17fa1-2fe8-47c7-9ade-89904a3ba1bf,abandoned,2026-03-08T09:01:20
266fce84-7590-4605-81da-e088ae8ca4c5,9f1f0615-b39c-4fdc-87e2-4a4f57ac9544,created,2026-04-11T08:21:26
67a0ca43-26f6-4c89-a8dd-12bd6fed853a,9f1f0615-b39c-4fdc-87e2-4a4f57ac9544,item_added,2026-04-11T08:23:26
dee06393-5711-4680-a3d4-e1fc95073c6f,9f1f0615-b39c-4fdc-87e2-4a4f57ac9544,item_added,2026-04-11T08:37:26
f07ad463-e176-4cb9-81bb-1f6df0a29b35,9f1f0615-b39c-4fdc-87e2-4a4f57ac9544,converted,2026-04-11T08:40:26
a43d17af-4d5e-45fa-908a-3a2f33fc1f75,29744ce4-1a97-4e80-a5ec-89d2ee83c9dc,created,2026-05-27T10:06:55
1cc7c0e2-4eb9-43c9-b4c1-4c67f38fadb4,29744ce4-1a97-4e80-a5ec-89d2ee83c9dc,item_added,2026-05-27T10:16:55
be209470-ef5e-4392-bf38-d070b7d90ff9,29744ce4-1a97-4e80-a5ec-89d2ee83c9dc,converted,2026-05-27T13:44:55
6c130351-a2e8-4576-bbb1-3678c3525512,ffc0a3f4-485d-4092-8a42-ae4f5734fe7d,created,2026-03-13T04:18:13
accca155-d0ac-4be8-b0e5-e4b78835cb03,ffc0a3f4-485d-4092-8a42-ae4f5734fe7d,item_added,2026-03-13T04:27:13
1053989b-5075-4c1c-8628-36f5e9378122,ffc0a3f4-485d-4092-8a42-ae4f5734fe7d,item_added,2026-03-13T04:44:13
86224424-73ba-48b8-b602-4615e91b0f0e,ffc0a3f4-485d-4092-8a42-ae4f5734fe7d,item_added,2026-03-13T04:48:13
67238aad-2fa0-413f-b017-e5d3a596a11b,ffc0a3f4-485d-4092-8a42-ae4f5734fe7d,item_added,2026-03-13T05:08:13
18a85f60-75ff-47d2-8d18-e643b7273171,ffc0a3f4-485d-4092-8a42-ae4f5734fe7d,converted,2026-03-13T07:20:13
3efd3102-15db-4ac7-aa49-09f31177f4a9,b6ba4203-11e5-4bba-a31b-5df1f5362e2b,created,2026-02-18T06:34:27
a777b92d-805b-4c39-b159-098c7c5b2df9,b6ba4203-11e5-4bba-a31b-5df1f5362e2b,item_added,2026-02-18T06:53:27
58ff0c4c-0de5-40a1-afbb-4cb6aaed6433,b6ba4203-11e5-4bba-a31b-5df1f5362e2b,item_added,2026-02-18T07:08:27
7f1f7e79-b9b8-44f5-96e3-c21687e90e3c,b6ba4203-11e5-4bba-a31b-5df1f5362e2b,item_added,2026-02-18T07:20:27
19231844-379f-48ed-a213-d2c06f628ceb,b6ba4203-11e5-4bba-a31b-5df1f5362e2b,item_added,2026-02-18T07:31:27
470401e7-68e5-4be3-9109-0bc9e2684242,b6ba4203-11e5-4bba-a31b-5df1f5362e2b,abandoned,2026-02-18T07:45:27
a6b67524-a942-4069-8b27-721e9355804f,1049b028-26a4-4a6c-9712-6b789f581b23,created,2026-07-30T13:20:10
8e5a6d13-6976-4792-b342-5bef15cc9912,1049b028-26a4-4a6c-9712-6b789f581b23,item_added,2026-07-30T13:31:10
3415a721-6dd5-4825-b9b0-ca25969307a8,1049b028-26a4-4a6c-9712-6b789f581b23,item_added,2026-07-30T13:50:10
a80c36d8-301b-4db0-882b-e87cdba9babf,1049b028-26a4-4a6c-9712-6b789f581b23,item_added,2026-07-30T13:59:10
bfa7b909-f919-4c92-a2fe-01ec615bdcbf,1049b028-26a4-4a6c-9712-6b789f581b23,abandoned,2026-07-30T13:54:10
25d11f96-9e0a-411e-8541-b00bd49c8128,a71438a3-dcc3-4b30-8362-cf999c133c21,created,2026-04-21T06:22:31
8a25611d-f289-41ea-b884-2a6bee8a3035,a71438a3-dcc3-4b30-8362-cf999c133c21,item_added,2026-04-21T06:40:31
05b1a2a1-4e68-429b-9444-e5f9c9a1fe0f,93f36203-e53d-42e4-8232-2ed8ab977ea8,created,2026-03-23T16:42:54
fbe668a3-d53d-4b87-9168-c4db63cde803,93f36203-e53d-42e4-8232-2ed8ab977ea8,item_added,2026-03-23T16:59:54
52325be7-5270-4e2f-8428-6b8af4eadf58,93f36203-e53d-42e4-8232-2ed8ab977ea8,item_added,2026-03-23T17:14:54
045d6c97-3806-4461-90fb-ac1de93bedde,93f36203-e53d-42e4-8232-2ed8ab977ea8,abandoned,2026-03-23T18:39:54
9211c472-a3d3-4261-aede-a963acaa174d,e6842ca8-8213-46a3-a7db-fc3e7e6a26e6,created,2026-03-08T20:32:05
7240603a-b45c-45fb-b8e2-05d92d75f9d4,c6c4e4f5-8f4f-4fae-8d18-a27947633c1e,created,2026-02-17T15:49:13
1e4aa808-c51d-4608-9a65-5bb1aa4e3473,c6c4e4f5-8f4f-4fae-8d18-a27947633c1e,item_added,2026-02-17T16:07:13
18bc1846-b880-42ad-a7bc-2b9a74c44c3b,c6c4e4f5-8f4f-4fae-8d18-a27947633c1e,item_added,2026-02-17T16:25:13
c22fbac0-fa99-4374-be57-c737f4f42ee5,c6c4e4f5-8f4f-4fae-8d18-a27947633c1e,converted,2026-02-17T16:26:13
3b894a1c-b823-41fb-a7f3-8842dbfa4bc5,b04bb2e4-4be5-4506-908b-22f838facde6,created,2026-03-06T05:28:41
5ffd6580-d0a2-4d99-b2e1-a8b8d95cb9ca,b04bb2e4-4be5-4506-908b-22f838facde6,item_added,2026-03-06T05:39:41
294e17f9-2284-4479-bb64-df8e9926fd6b,b04bb2e4-4be5-4506-908b-22f838facde6,item_added,2026-03-06T05:46:41
672cae58-f01f-4b19-8df5-556bc03ad3d6,cc792c6a-0066-4431-bcb8-f3c86d95dd0d,created,2026-02-17T14:22:59
9db29589-e5ae-447f-a084-0ae2c7d73950,cc792c6a-0066-4431-bcb8-f3c86d95dd0d,item_added,2026-02-17T14:33:59
765bc61d-b40e-4c7e-88fe-7f8ed2b4a62c,cc792c6a-0066-4431-bcb8-f3c86d95dd0d,item_added,2026-02-17T14:51:59
0aeef36d-4709-4909-83eb-1468a8a52196,cc792c6a-0066-4431-bcb8-f3c86d95dd0d,abandoned,2026-02-17T14:28:59
89f29967-6a50-4e6f-834d-e407b03137da,7e444186-8777-4437-920b-af1c88460d1b,created,2026-03-07T09:54:32
4b7b1b2a-c101-4f0e-bb19-bbe3227118fa,7e444186-8777-4437-920b-af1c88460d1b,item_added,2026-03-07T10:02:32
ee505edb-bf1e-45f6-9ca5-64d36d03e62f,7e444186-8777-4437-920b-af1c88460d1b,item_added,2026-03-07T10:06:32
813e882b-e99a-45e4-bbad-09018c9f863f,7e444186-8777-4437-920b-af1c88460d1b,item_added,2026-03-07T10:17:32
bef2d5d7-1d1c-4e36-8fef-b3b182c01d90,7e444186-8777-4437-920b-af1c88460d1b,item_added,2026-03-07T10:37:32
a3b8c1e1-e779-4427-881c-a556dcb95d03,ba21b653-e179-42fb-baab-e407b621eaaf,created,2026-06-15T12:08:47
ed9fa848-dd84-4aa6-ac3a-ee2b73405210,ba21b653-e179-42fb-baab-e407b621eaaf,item_added,2026-06-15T12:09:47
0dde7b08-2187-4a60-a220-d7cc635591dc,ba21b653-e179-42fb-baab-e407b621eaaf,item_removed,2026-06-15T12:40:47
463e70dd-8a33-42f7-bde1-7d0d4485a8d8,ba21b653-e179-42fb-baab-e407b621eaaf,item_added,2026-06-15T12:24:47
564d9e0b-6107-4b22-9aba-3c55e21b18cd,de8c6e38-10f5-44c8-a2fa-eeee9f24a194,created,2026-03-12T13:58:22
c7bab052-f565-4472-bd2a-8fff7e85ad36,de8c6e38-10f5-44c8-a2fa-eeee9f24a194,item_added,2026-03-12T14:16:22
49a27aae-f10d-45e7-a7b0-3028170a212c,de8c6e38-10f5-44c8-a2fa-eeee9f24a194,item_removed,2026-03-12T14:58:22
dfdecf37-55a8-4c27-b930-c409057dee62,de8c6e38-10f5-44c8-a2fa-eeee9f24a194,item_added,2026-03-12T14:31:22
8c85543f-7857-4d5c-8020-d4b448139304,de8c6e38-10f5-44c8-a2fa-eeee9f24a194,item_added,2026-03-12T14:44:22
391a82c1-f220-435e-a71b-7e68d42646cc,de8c6e38-10f5-44c8-a2fa-eeee9f24a194,item_added,2026-03-12T15:02:22
b42d878d-df40-4f26-b5d9-5cfe31daef7b,de8c6e38-10f5-44c8-a2fa-eeee9f24a194,abandoned,2026-03-12T16:28:22
249df976-352d-4563-b565-d562a91f4762,8a78d2a4-dfba-4927-b79a-956a0cc6c6d2,created,2026-06-11T18:54:23
1faf708b-1eea-4702-8704-97765d1928e7,8a78d2a4-dfba-4927-b79a-956a0cc6c6d2,item_added,2026-06-11T18:59:23
0f05c371-a4a8-4d9d-a86a-28a3a7f1a1a2,8a78d2a4-dfba-4927-b79a-956a0cc6c6d2,abandoned,2026-06-11T22:53:23
39e97ea3-a348-4d51-a201-fb93639b74e7,33dc01cd-9d76-4290-9c04-4c2de9214d9b,created,2026-05-11T10:01:51
1511a610-d320-4945-8361-29f37403d3c5,33dc01cd-9d76-4290-9c04-4c2de9214d9b,item_added,2026-05-11T10:09:51
5cb63093-518f-4ad4-8869-000fb95a1ee8,33dc01cd-9d76-4290-9c04-4c2de9214d9b,abandoned,2026-05-11T11:02:51
ad1d7887-f125-40dc-842c-7b2080c68a9d,4feecc1a-c819-4bd4-aa44-19f42a27cd85,created,2026-07-06T19:07:46
1b8dc739-defd-4a61-a073-1b255789c1e7,4feecc1a-c819-4bd4-aa44-19f42a27cd85,item_added,2026-07-06T19:10:46
b41fb87b-770b-436e-b994-43348ac5591b,4feecc1a-c819-4bd4-aa44-19f42a27cd85,converted,2026-07-06T22:08:46
80655d09-d3b5-460c-a13a-ec9a1f916d9a,2fc59f70-d7bb-42e7-99ce-2bb8fe507a79,created,2026-03-08T04:01:49
cc457a9f-94d4-456d-9a9c-0de6914de501,2fc59f70-d7bb-42e7-99ce-2bb8fe507a79,item_added,2026-03-08T04:05:49
74b40afb-c2a9-474f-a536-2307481c93e6,2fc59f70-d7bb-42e7-99ce-2bb8fe507a79,item_added,2026-03-08T04:18:49
c05f32ee-7a16-4214-9ed3-735d9be7874c,2fc59f70-d7bb-42e7-99ce-2bb8fe507a79,abandoned,2026-03-08T05:13:49
94fa64a5-81c8-4f8c-9e73-a89e46f06c1e,cbca85fc-846b-427d-bfb1-667c4ca5cbd4,created,2026-06-28T02:11:09
8145bd8a-c1c2-4fbb-b084-c8fc35fd51d2,cbca85fc-846b-427d-bfb1-667c4ca5cbd4,item_added,2026-06-28T02:25:09
d619e2d7-dbdf-4142-8c25-9ef6dc4eae79,cbca85fc-846b-427d-bfb1-667c4ca5cbd4,item_added,2026-06-28T02:36:09
c84d19e2-6c9f-451c-a9ff-418b0dc7c604,cbca85fc-846b-427d-bfb1-667c4ca5cbd4,item_added,2026-06-28T02:53:09
cba64b17-1178-4f81-9176-41a3bfbce999,cbca85fc-846b-427d-bfb1-667c4ca5cbd4,converted,2026-06-28T03:23:09
50fc3966-0561-47ee-b0d3-8e7792fe9bff,2fcf8890-d5d7-41f4-a3e2-fb5f2193a7cc,created,2026-06-07T09:38:11
5c2efd87-113a-496e-a16d-b34dbbd27e56,2fcf8890-d5d7-41f4-a3e2-fb5f2193a7cc,item_added,2026-06-07T09:39:11
6504b231-eea1-4532-9a01-a7639e639b6f,2fcf8890-d5d7-41f4-a3e2-fb5f2193a7cc,item_added,2026-06-07T09:52:11
b4780d0d-ca85-4e20-be32-9ef0ecaf645b,2fcf8890-d5d7-41f4-a3e2-fb5f2193a7cc,converted,2026-06-07T09:44:11
29a7d555-5ed2-494a-976c-98e9ea7d3cf3,aa140192-4ad5-40f9-872e-72bdeaf77dc4,created,2026-06-17T14:34:11
3339aab8-98a8-4602-9291-b3e7a72ca2e6,aa140192-4ad5-40f9-872e-72bdeaf77dc4,item_added,2026-06-17T14:49:11
cc4d4b02-319b-4fbf-989a-81ec55220b25,aa140192-4ad5-40f9-872e-72bdeaf77dc4,abandoned,2026-06-17T16:05:11
351c731d-b8bf-44f7-b5f0-88fb33d5f8cb,bd44bdd2-c901-4a55-b21f-b15b54d9ca82,created,2026-04-22T16:12:10
dd2cc235-a98c-4c85-a352-85b80bd422f1,bd44bdd2-c901-4a55-b21f-b15b54d9ca82,item_added,2026-04-22T16:23:10
cdfc1508-5de6-499b-930f-4d1ce67fb561,bd44bdd2-c901-4a55-b21f-b15b54d9ca82,item_added,2026-04-22T16:34:10
83a211df-30d8-49f8-866d-d384ad526898,bd44bdd2-c901-4a55-b21f-b15b54d9ca82,abandoned,2026-04-22T20:04:10
4667af54-4f26-46a6-889a-ad355d42da0e,2ea9040a-3f23-4f41-98c7-f6aea8155049,created,2026-04-12T13:26:53
f4b39242-d029-43f3-aadc-8402861689ad,2ea9040a-3f23-4f41-98c7-f6aea8155049,item_added,2026-04-12T13:41:53
704811f5-2ce5-4d92-88fc-751b607be5f3,2ea9040a-3f23-4f41-98c7-f6aea8155049,item_added,2026-04-12T13:45:53
827e3cb1-85b3-42fe-9729-8c08c4611b57,2ea9040a-3f23-4f41-98c7-f6aea8155049,converted,2026-04-12T16:03:53
88231c17-a986-404f-8103-d41b3c8e8517,d3e617e4-fbc1-4267-8c6e-2f6e2e1d5f2a,created,2026-07-14T11:46:36
69c73048-4f32-4d75-9cac-5b49903c388d,d3e617e4-fbc1-4267-8c6e-2f6e2e1d5f2a,item_added,2026-07-14T11:54:36
3c20e45a-16f9-48b9-8a27-4144679cb058,d3e617e4-fbc1-4267-8c6e-2f6e2e1d5f2a,converted,2026-07-14T15:00:36
2a0dde79-c77d-4996-9319-b4515f89712c,af2cabe1-0682-49f9-ab83-c970979ee080,created,2026-06-20T02:35:15
6438ca0a-ff4a-4446-b2cf-7018cf0e167f,af2cabe1-0682-49f9-ab83-c970979ee080,item_added,2026-06-20T02:50:15
78f557a6-bfb0-485b-9edc-56c98475c09d,af2cabe1-0682-49f9-ab83-c970979ee080,item_added,2026-06-20T02:52:15
1b77f282-3b96-491e-8fe5-eebaa05230f9,af2cabe1-0682-49f9-ab83-c970979ee080,abandoned,2026-06-20T03:01:15
3d11f22d-05c2-498e-b3dc-457b03e02ecf,99400c77-b667-4bd3-ad58-ad85f9b4f59d,created,2026-04-16T15:54:20
646ca16d-3362-4f56-8722-8a5e1ef9d976,99400c77-b667-4bd3-ad58-ad85f9b4f59d,item_added,2026-04-16T16:07:20
abfd87d4-0f8c-49ca-9d06-80c71e0819a4,99400c77-b667-4bd3-ad58-ad85f9b4f59d,item_added,2026-04-16T16:21:20
db08ef3d-6730-46f8-b2e5-1ccc14058cd3,99400c77-b667-4bd3-ad58-ad85f9b4f59d,converted,2026-04-16T17:45:20
61d6c90c-7790-4837-96d6-e9700990d826,b36272a8-4327-4442-8165-3ec0ca448142,created,2026-05-30T01:54:45
1464d197-8df8-4cad-ac54-6b8d43e4c857,b36272a8-4327-4442-8165-3ec0ca448142,item_added,2026-05-30T02:06:45
f8413eeb-b4f1-4714-8e57-4525775f286a,b36272a8-4327-4442-8165-3ec0ca448142,item_added,2026-05-30T02:20:45
1816cd9a-2ee2-4d19-9dc2-92453dde94c5,b36272a8-4327-4442-8165-3ec0ca448142,item_added,2026-05-30T02:26:45
8b7c8f2f-0020-4c29-9009-a9734b77e7a7,33b9ba4c-2b91-4b29-b5cd-7b47cc7c4384,created,2026-06-25T11:30:42
b27d1b31-5285-405f-a74b-530ae617184f,33b9ba4c-2b91-4b29-b5cd-7b47cc7c4384,item_added,2026-06-25T11:47:42
7c33865b-5c00-41a3-b0c8-de4973c80b10,33b9ba4c-2b91-4b29-b5cd-7b47cc7c4384,abandoned,2026-06-25T13:56:42
d766d194-8190-4273-a585-a6d46d85be50,53bc229d-922b-40c7-92f5-8717f5da8d3a,created,2026-04-25T17:16:55
4a0a351d-97fe-4e51-be04-7ec6db228bb9,53bc229d-922b-40c7-92f5-8717f5da8d3a,item_added,2026-04-25T17:29:55
d5468148-65d6-4f24-bc17-13b921b78eb4,53bc229d-922b-40c7-92f5-8717f5da8d3a,abandoned,2026-04-25T17:40:55
af222ee2-3ec1-4cbb-a16e-8e8d9aceb4ec,52fce3af-2646-4980-8a1c-343005b33474,created,2026-04-04T09:06:43
4ea50263-c95d-4c92-86a6-f0ae9f310a1a,52fce3af-2646-4980-8a1c-343005b33474,item_added,2026-04-04T09:23:43
0db560e0-61db-49a2-a442-98e83af48921,52fce3af-2646-4980-8a1c-343005b33474,converted,2026-04-04T10:12:43
0e91f1ba-2c78-4b7c-bd20-238fd6531c04,e2bf5b2e-64d3-4ccc-b054-be6bea7a7afa,created,2026-07-04T15:12:17
1b54c48b-2554-42e6-8f57-df2243f02c33,e2bf5b2e-64d3-4ccc-b054-be6bea7a7afa,item_added,2026-07-04T15:26:17
44a47308-36a4-4b29-97a0-ef7bbcde4775,e2bf5b2e-64d3-4ccc-b054-be6bea7a7afa,converted,2026-07-04T18:51:17
d0510d75-f144-4507-9f4c-6e4379f3bc14,9dab5255-08d2-49ba-a20c-f9115ad09b03,created,2026-05-29T01:20:10
d737f359-3874-4a9b-91d2-d01c640fe0b9,9dab5255-08d2-49ba-a20c-f9115ad09b03,item_added,2026-05-29T01:37:10
0e573096-97d7-49b3-aa09-8a5a06aed494,9dab5255-08d2-49ba-a20c-f9115ad09b03,item_removed,2026-05-29T01:51:10
192ea542-0feb-4710-80a1-9b18d9ef34cb,9dab5255-08d2-49ba-a20c-f9115ad09b03,item_added,2026-05-29T01:45:10
579b9b1c-97d4-41b1-a6ab-62092b1cfded,9dab5255-08d2-49ba-a20c-f9115ad09b03,item_added,2026-05-29T02:02:10
08d7a583-6533-4da5-af16-3c3a1469e3df,9dab5255-08d2-49ba-a20c-f9115ad09b03,abandoned,2026-05-29T04:11:10
2969cb7e-555f-4efa-8908-403b15631763,3cc040f6-d1ef-4bc9-8b40-da4911001114,created,2026-05-15T00:58:25
1d82cd02-b2ab-4ae9-93a6-eb9c9266cdb7,3cc040f6-d1ef-4bc9-8b40-da4911001114,item_added,2026-05-15T01:18:25
ee39cf81-a05c-457f-81df-682849395ad4,3cc040f6-d1ef-4bc9-8b40-da4911001114,item_added,2026-05-15T01:19:25
b5343ae7-01d0-4ba5-9972-1a0faa1778cf,3cc040f6-d1ef-4bc9-8b40-da4911001114,item_added,2026-05-15T01:39:25
3a33d277-9c77-47b1-9b7d-d1027009c97f,3cc040f6-d1ef-4bc9-8b40-da4911001114,abandoned,2026-05-15T02:32:25
0a6d8996-1d3b-410b-af02-f7a7b3cbf452,2a0fe427-3b90-4339-ba78-e02c72b66e6f,created,2026-05-29T14:51:38
3eed3a82-d8b0-4e73-a20b-22d4504377b8,2a0fe427-3b90-4339-ba78-e02c72b66e6f,item_added,2026-05-29T15:04:38
127a52f7-db64-49f1-a74a-ca6ee8da5ec6,2a0fe427-3b90-4339-ba78-e02c72b66e6f,item_added,2026-05-29T15:19:38
c5757416-fbf1-455d-a218-76053b60a8e7,2a0fe427-3b90-4339-ba78-e02c72b66e6f,converted,2026-05-29T16:24:38
d72674a2-0495-4d65-92a2-ecacec9a9169,573615aa-b7c4-4b9e-894f-216634c322ae,created,2026-04-29T16:56:09
539f8873-261d-4f16-b070-721f60144280,573615aa-b7c4-4b9e-894f-216634c322ae,item_added,2026-04-29T17:02:09
b55d4e04-3f34-48f5-b6dd-312705138340,573615aa-b7c4-4b9e-894f-216634c322ae,item_added,2026-04-29T17:15:09
b5f0518a-4733-4bc4-b09a-942e61a38e63,573615aa-b7c4-4b9e-894f-216634c322ae,converted,2026-04-29T18:03:09
c00625c1-8de5-494d-97a4-8eb4bde059a7,c447a529-9ac8-4886-8e4c-91ccd136fbc4,created,2026-08-10T15:33:36
bf362b98-7bea-4a49-9890-1637d1da2cd3,c447a529-9ac8-4886-8e4c-91ccd136fbc4,item_added,2026-08-10T15:46:36
39a25d9b-9e02-4062-99a0-4809ae2474b0,c447a529-9ac8-4886-8e4c-91ccd136fbc4,abandoned,2026-08-10T16:47:36
01afeb33-9adc-4ec5-8f01-0091d4158df4,536007ca-2c92-40fd-b932-1ee57d13af9e,created,2026-02-18T09:41:54
20bb0aca-c4df-4f03-a137-5bf8e41a45ec,536007ca-2c92-40fd-b932-1ee57d13af9e,item_added,2026-02-18T09:45:54
7008f333-138d-41c3-9cf2-31fce2f8799d,536007ca-2c92-40fd-b932-1ee57d13af9e,item_added,2026-02-18T09:57:54
4251d745-da84-40f0-8951-b4f49ea248b6,536007ca-2c92-40fd-b932-1ee57d13af9e,item_added,2026-02-18T09:59:54
a2fa30a6-336d-4a70-bd90-1e6c416de2ff,536007ca-2c92-40fd-b932-1ee57d13af9e,abandoned,2026-02-18T10:20:54
3258a853-7da4-4161-a725-16d72dc12c3b,5c021358-3839-4204-bf38-59ba1be2730e,created,2026-04-11T02:17:17
f1b4a476-ea5a-44a6-bb81-c9fabd1794d1,5c021358-3839-4204-bf38-59ba1be2730e,item_added,2026-04-11T02:34:17
ac2810e1-aca7-4a93-b594-f190764ad7b3,e34b2c81-6428-4f80-8d8a-4d6abc9d54a2,created,2026-04-19T16:53:38
6f73c0ad-2ae6-431a-a57c-885356f468e7,e34b2c81-6428-4f80-8d8a-4d6abc9d54a2,item_added,2026-04-19T17:03:38
6d777d1b-04cb-403c-ba02-fe9bb3b11747,e34b2c81-6428-4f80-8d8a-4d6abc9d54a2,item_added,2026-04-19T17:11:38
4f439fbe-387f-4112-b3bf-42753f182cec,47157a4c-d35e-46e5-ab1c-9349e8984a65,created,2026-07-22T22:09:40
ba7793bf-0751-4954-9d42-d8c72c8c0ca2,47157a4c-d35e-46e5-ab1c-9349e8984a65,item_added,2026-07-22T22:18:40
c8f5252a-341c-4a9e-9f2e-9f490e5e074c,47157a4c-d35e-46e5-ab1c-9349e8984a65,item_added,2026-07-22T22:26:40
70624a61-735f-46aa-921b-7ff8702ccf88,47157a4c-d35e-46e5-ab1c-9349e8984a65,item_added,2026-07-22T22:29:40
b06fe4e7-41e3-4034-92d8-5584b9cbce72,47157a4c-d35e-46e5-ab1c-9349e8984a65,abandoned,2026-07-22T23:07:40
48c479bb-2b00-4e30-9fca-bf56413f7240,7a92c899-abb6-49ef-9b2c-a580761b1247,created,2026-07-05T10:00:26
12c33ff1-10bf-4019-93d9-be33e8edb722,7a92c899-abb6-49ef-9b2c-a580761b1247,item_added,2026-07-05T10:09:26
125ebba9-c328-4e8d-bfad-ba8f55a222d1,7a92c899-abb6-49ef-9b2c-a580761b1247,item_added,2026-07-05T10:21:26
ce35f599-d67a-48fa-a2a0-e4599ecd65fe,7a92c899-abb6-49ef-9b2c-a580761b1247,abandoned,2026-07-05T11:17:26
2e5cfded-05a9-4e59-8812-9da2756e7ad0,dc197236-f2e2-4e97-8136-d50f714f2b6b,created,2026-05-11T07:01:47
9e0ecc2f-46cf-42f7-ad0d-864fdafd3b97,dc197236-f2e2-4e97-8136-d50f714f2b6b,item_added,2026-05-11T07:14:47
e68e0db0-3714-4a58-8d8b-50acd60aa510,dc197236-f2e2-4e97-8136-d50f714f2b6b,abandoned,2026-05-11T07:43:47
76a6be18-5ae7-47b1-9026-25ff7f8947f1,6d3b7e37-3ba8-455a-9feb-df455d70fe05,created,2026-03-02T13:07:57
b5955f5b-d6c6-4b5b-a946-7d0e2f6ab9b7,6d3b7e37-3ba8-455a-9feb-df455d70fe05,item_added,2026-03-02T13:19:57
9426ea67-2847-4016-b9ce-b1444379355d,6d3b7e37-3ba8-455a-9feb-df455d70fe05,abandoned,2026-03-02T16:07:57
cb0ac786-cbd5-4be7-b800-b218a213e6f6,d9519736-be40-4337-ac4a-04e0186b75b4,created,2026-05-14T01:21:45
466aea8f-7ccf-42fb-9e2b-f9f87f388123,d9519736-be40-4337-ac4a-04e0186b75b4,item_added,2026-05-14T01:25:45
d862e4cc-787c-4412-8272-38df8229b743,e496f52c-1e0c-40cd-8999-7ff4b7c21518,created,2026-07-28T22:47:38
06400cb2-cfc3-461f-beeb-1cba5e9f7bd3,e496f52c-1e0c-40cd-8999-7ff4b7c21518,item_added,2026-07-28T22:57:38
62694daf-b613-4fe4-ba6d-61a5be7b2216,e496f52c-1e0c-40cd-8999-7ff4b7c21518,item_added,2026-07-28T23:12:38
a01f81fa-52a6-4d7c-b021-42efb952fe2b,e496f52c-1e0c-40cd-8999-7ff4b7c21518,abandoned,2026-07-29T00:03:38
f6ef67ff-1867-4168-bebc-2d4be9157c3d,6ac346df-0b77-4480-9852-d73fd8486ce2,created,2026-08-06T16:44:00
f3e2387c-efa4-4e81-8cb1-a6f6c2f4200b,6ac346df-0b77-4480-9852-d73fd8486ce2,item_added,2026-08-06T16:45:00
3109b9b6-8858-42ff-bf8f-9561509350ec,cc7f6693-49e3-43f1-b300-af5323c2e4ad,created,2026-03-16T02:44:23
8b8d05dd-b474-4158-8633-70c959d30a45,cc7f6693-49e3-43f1-b300-af5323c2e4ad,item_added,2026-03-16T02:49:23
1eaae811-000a-433f-ba22-34d74d51c715,cc7f6693-49e3-43f1-b300-af5323c2e4ad,item_added,2026-03-16T03:07:23
08ac6618-325d-42e8-89be-00f84651b914,cc7f6693-49e3-43f1-b300-af5323c2e4ad,converted,2026-03-16T05:21:23
f9b76632-e595-4d49-af8b-41db62fb375e,1cd75b39-949e-43a4-a29a-69a26f1e470a,created,2026-02-20T17:20:58
cdf9e397-0d3d-4301-8bc2-afc4d822f0da,1cd75b39-949e-43a4-a29a-69a26f1e470a,item_added,2026-02-20T17:26:58
a34e9678-15f9-49de-ad7f-2b2a15d8357d,463a876c-d002-402d-8ddd-16eeccd6adfe,created,2026-06-25T06:06:51
0d18b7c7-3e32-48e5-a648-66546643fcde,44955510-f105-4921-b9b4-10164271492e,created,2026-04-23T12:55:01
d5580621-514c-47c6-9406-e80b284000ee,44955510-f105-4921-b9b4-10164271492e,item_added,2026-04-23T12:57:01
38f9e51a-07fb-43e5-8c9b-7969554c61de,44955510-f105-4921-b9b4-10164271492e,item_removed,2026-04-23T13:23:01
da6b904c-61a3-41e8-acae-edfb7dab9c33,44955510-f105-4921-b9b4-10164271492e,item_added,2026-04-23T13:08:01
90b2cb91-24bb-47fa-afcb-1db5ecebd220,44955510-f105-4921-b9b4-10164271492e,item_added,2026-04-23T13:16:01
10e6aa30-f28a-4131-90c0-ad26e976bd21,44955510-f105-4921-b9b4-10164271492e,abandoned,2026-04-23T15:11:01
84b0e0c3-44cc-4083-b6d7-fa914d6f2e75,5a18ec57-c0a4-446e-86e3-3dc85f87157f,created,2026-05-09T21:48:40
8d3115b7-74c6-4476-954d-19aa5c9feaeb,5a18ec57-c0a4-446e-86e3-3dc85f87157f,item_added,2026-05-09T22:00:40
86fd07ac-c9f4-4267-9e01-d17da0743425,5a18ec57-c0a4-446e-86e3-3dc85f87157f,item_added,2026-05-09T22:05:40
24643c6b-5583-4cee-b0f9-5c1300d98ca3,5a18ec57-c0a4-446e-86e3-3dc85f87157f,converted,2026-05-09T22:59:40
972706a5-950e-4eeb-b63f-77882419dd2d,e1983ce1-cf42-4ab5-873f-25ed72a8eac3,created,2026-03-23T17:06:11
35925f4c-b926-439c-a248-2a8588b71647,e1983ce1-cf42-4ab5-873f-25ed72a8eac3,item_added,2026-03-23T17:23:11
8af706b3-c655-4a54-bb74-5905c82b29d1,e1983ce1-cf42-4ab5-873f-25ed72a8eac3,item_added,2026-03-23T17:30:11
eac1674e-786a-4ca7-b1b2-57b1c1447234,e1983ce1-cf42-4ab5-873f-25ed72a8eac3,item_added,2026-03-23T17:42:11
e2511a15-34b9-4886-a38d-679a5df661d6,e1983ce1-cf42-4ab5-873f-25ed72a8eac3,item_added,2026-03-23T17:51:11
f5b9498c-5ef3-4df7-a68f-9181b8304ce8,e1983ce1-cf42-4ab5-873f-25ed72a8eac3,converted,2026-03-23T20:05:11
be85c04c-31e4-49ed-bca8-97cee8791f8f,ad52de94-b0dd-49c6-84a3-18c4deb684b4,created,2026-05-25T06:04:52
1d75a35d-497c-42fd-b27c-034f6427486f,ad52de94-b0dd-49c6-84a3-18c4deb684b4,item_added,2026-05-25T06:06:52
3e394843-00ce-4d8f-af56-a738bbc43a07,ad52de94-b0dd-49c6-84a3-18c4deb684b4,item_added,2026-05-25T06:14:52
3df7c63d-082f-4085-bab9-2cb0c715f511,ad52de94-b0dd-49c6-84a3-18c4deb684b4,item_added,2026-05-25T06:18:52
5f612500-8608-478e-8d5b-0c9661fa0fa4,ad52de94-b0dd-49c6-84a3-18c4deb684b4,abandoned,2026-05-25T07:28:52
cdbf895f-72f0-4696-8ee6-97e36dd37e92,8d69c056-ed9a-4c4d-b8b6-ea100ee0147b,created,2026-04-30T22:00:12
7a8e043e-4924-4535-9d4b-f8ce0a358359,8d69c056-ed9a-4c4d-b8b6-ea100ee0147b,item_added,2026-04-30T22:07:12
3d0b436f-9052-4d76-b2e1-9bbf1ea5d0c6,8d69c056-ed9a-4c4d-b8b6-ea100ee0147b,abandoned,2026-04-30T22:10:12
372171c1-e21e-4058-ad1d-6b7670949376,fbc69e42-4b59-4e3e-ad7a-98b67a97ee71,created,2026-05-15T10:23:52
be39222d-ab20-4e22-a37a-24b73563c05d,fbc69e42-4b59-4e3e-ad7a-98b67a97ee71,item_added,2026-05-15T10:33:52
7d6acebd-12a0-4a93-87b5-201cc10aaf44,fbc69e42-4b59-4e3e-ad7a-98b67a97ee71,item_added,2026-05-15T10:52:52
c15bb65b-53a4-4c0c-bee0-7b6c42c7bcb5,fbc69e42-4b59-4e3e-ad7a-98b67a97ee71,item_removed,2026-05-15T11:08:52
5e24d289-b5d1-41bb-8f74-3c22e7fc5cab,fbc69e42-4b59-4e3e-ad7a-98b67a97ee71,item_added,2026-05-15T11:07:52
0fab0700-2c02-429d-a67a-1bc5a1254d29,fc45c4e2-c7cc-4990-ad72-5d9bd1dc746e,created,2026-07-06T14:40:02
fc024fb5-4c9b-4a0f-91ae-2c42ff2dab03,fc45c4e2-c7cc-4990-ad72-5d9bd1dc746e,item_added,2026-07-06T14:41:02
6ae82e37-db08-4048-a5c4-157af9c7ab13,9c12d94d-b19a-4a90-9079-94b68427206f,created,2026-06-12T07:30:11
206deeb5-7664-4ae8-b254-4adc022e2980,9c12d94d-b19a-4a90-9079-94b68427206f,item_added,2026-06-12T07:38:11
2c2e8d5a-b32f-480e-821f-e2c7745c7ca2,9c12d94d-b19a-4a90-9079-94b68427206f,item_added,2026-06-12T07:41:11
0f4aa977-1836-41d5-ac06-26fea356f8bf,9c12d94d-b19a-4a90-9079-94b68427206f,abandoned,2026-06-12T09:44:11
bb30f2b7-ef93-44fb-959a-14f446611dcb,d02846b0-f34a-4ca8-929d-74faeec85ec1,created,2026-05-29T17:24:12
764142a0-c1a2-4c38-8e1b-8e38ed0fa908,d02846b0-f34a-4ca8-929d-74faeec85ec1,item_added,2026-05-29T17:37:12
3860fffe-b36d-4b0c-9a79-755251f359ab,d02846b0-f34a-4ca8-929d-74faeec85ec1,item_added,2026-05-29T17:41:12
2eb25925-adeb-47a4-ba4b-773d6f5fd889,d02846b0-f34a-4ca8-929d-74faeec85ec1,abandoned,2026-05-29T20:03:12
067678c7-4303-44ed-a1f7-13cfa589d481,e2fd4e45-e913-46b6-9617-e77c1fc2f90c,created,2026-07-22T11:28:25
a3346b8b-698b-4449-b33a-23ea290a0ba8,e2fd4e45-e913-46b6-9617-e77c1fc2f90c,item_added,2026-07-22T11:47:25
acfcff4b-9419-402e-8b19-53e670e7c3a3,e2fd4e45-e913-46b6-9617-e77c1fc2f90c,item_added,2026-07-22T11:49:25
63828982-7f36-41a0-844c-d703b5eed24f,e2fd4e45-e913-46b6-9617-e77c1fc2f90c,abandoned,2026-07-22T15:26:25
2c3cddbd-9739-449a-9f3f-2caef40b5694,73b03e24-5c32-4e18-93c8-cd070365065a,created,2026-03-20T03:17:03
3d9b7c84-36e3-400a-8aa6-ef8bdd8e45d3,73b03e24-5c32-4e18-93c8-cd070365065a,item_added,2026-03-20T03:28:03
0a7c4daf-1a8d-4a58-91ac-7efafc2eddee,73b03e24-5c32-4e18-93c8-cd070365065a,item_added,2026-03-20T03:41:03
4e7c2812-5df5-460c-a866-cc869a978e65,73b03e24-5c32-4e18-93c8-cd070365065a,converted,2026-03-20T07:14:03
3e7e4de5-849b-46bb-a205-830bc37ca246,db51b1b5-241a-4bd3-b90d-442d17aaf9f4,created,2026-04-06T04:58:05
34a0a1a3-6620-4381-ba9d-59ae639c47f0,db51b1b5-241a-4bd3-b90d-442d17aaf9f4,item_added,2026-04-06T05:18:05
5af4b880-ea3b-4af8-b349-2f05f792beb3,db51b1b5-241a-4bd3-b90d-442d17aaf9f4,converted,2026-04-06T06:58:05
39ff9cf0-8165-4097-a55f-42c0f805aba4,40061987-4c35-47cb-96cb-7c5867daa365,created,2026-05-30T22:37:22
7fc2a9a8-a8ea-45b4-9fd6-ea3cb561e3cc,40061987-4c35-47cb-96cb-7c5867daa365,item_added,2026-05-30T22:46:22
0bbcca99-cab6-4edf-b819-f041b940084d,40061987-4c35-47cb-96cb-7c5867daa365,item_added,2026-05-30T22:57:22
42c13873-eb92-4719-9fa0-fc96c0b7395d,40061987-4c35-47cb-96cb-7c5867daa365,abandoned,2026-05-31T02:14:22
470e81ef-5fd7-4d02-9587-f22121b1422e,41eaee8c-54f2-4fbe-9154-fcd5df3469b1,created,2026-04-29T09:31:10
40d3482d-dad3-4c45-99a7-66fa4aab56de,41eaee8c-54f2-4fbe-9154-fcd5df3469b1,item_removed,2026-04-29T09:48:10
c8c0d72f-a25f-4f92-80c6-f62db5dea830,41eaee8c-54f2-4fbe-9154-fcd5df3469b1,item_added,2026-04-29T09:47:10
b09e7f08-a51d-4b23-9911-0228c3471e9d,41eaee8c-54f2-4fbe-9154-fcd5df3469b1,abandoned,2026-04-29T12:28:10
7b32945e-172d-4d2f-96b5-25e5f57a7325,63cf92a7-1fcb-41f9-8501-2086a2238028,created,2026-04-07T07:28:38
2f5ce388-6386-4a0c-877d-f8c05697ffde,63cf92a7-1fcb-41f9-8501-2086a2238028,item_added,2026-04-07T07:48:38
ab2a0a0a-ce72-49bb-abf2-594df4695169,0a434828-8d1b-4bda-a5eb-ec711feeda74,created,2026-02-25T14:03:32
876aa74f-5b7e-4a1f-94c7-3fd79b228365,0a434828-8d1b-4bda-a5eb-ec711feeda74,item_added,2026-02-25T14:23:32
2340aa24-0d17-4f0a-8379-486af678d8fc,0a434828-8d1b-4bda-a5eb-ec711feeda74,item_added,2026-02-25T14:41:32
087f3f61-ee96-4ad0-8780-dfa7d1d3670c,0a434828-8d1b-4bda-a5eb-ec711feeda74,converted,2026-02-25T16:31:32
3f1e75ea-5b98-412f-a8f9-3fa1ca79530e,633296a0-fc4f-4bd0-a225-ce8364290c02,created,2026-04-06T19:43:22
04e87325-2c7c-42c4-8187-18c6b1f7652b,633296a0-fc4f-4bd0-a225-ce8364290c02,item_added,2026-04-06T19:45:22
94d8e9d6-229d-4e39-912f-7a385f32845b,633296a0-fc4f-4bd0-a225-ce8364290c02,item_removed,2026-04-06T20:10:22
d0e9e356-65a8-4843-a5ab-f7d5597bd0f5,633296a0-fc4f-4bd0-a225-ce8364290c02,item_added,2026-04-06T19:56:22
db7d412d-ecaa-4f5e-97b5-863ebf013d54,633296a0-fc4f-4bd0-a225-ce8364290c02,item_added,2026-04-06T20:00:22
2845f95e-be10-4e56-966b-afd13f567e66,633296a0-fc4f-4bd0-a225-ce8364290c02,item_added,2026-04-06T20:01:22
3bd9ac55-5867-434e-b5a2-947ddb312991,ec1af937-786c-4d73-ae8a-0c5b9a0510c4,created,2026-03-25T10:57:05
775e1980-789a-4739-b2d9-545ce916e41c,ec1af937-786c-4d73-ae8a-0c5b9a0510c4,item_added,2026-03-25T10:58:05
fca48f1b-1e9e-440e-8746-6153a6a03ccf,ec1af937-786c-4d73-ae8a-0c5b9a0510c4,abandoned,2026-03-25T14:18:05
20e280c8-5da4-41bb-845a-bfb2785eb5f7,18bbf258-b545-46d0-bc37-a973b9a5ef71,created,2026-04-24T22:45:08
53df7ec6-3259-4115-8cc7-021b7c061811,18bbf258-b545-46d0-bc37-a973b9a5ef71,item_added,2026-04-24T22:55:08
fd7d58cb-1ecd-4115-84a0-2595f88f174a,18bbf258-b545-46d0-bc37-a973b9a5ef71,item_added,2026-04-24T23:02:08
f5d9cb6d-0114-4821-baea-e481eebdacc7,18bbf258-b545-46d0-bc37-a973b9a5ef71,item_added,2026-04-24T23:20:08
a3dd98be-1699-4586-88a5-2bbd8949289e,18bbf258-b545-46d0-bc37-a973b9a5ef71,item_added,2026-04-24T23:26:08
5cf28df8-4ad1-409b-94ce-9a953da34660,18bbf258-b545-46d0-bc37-a973b9a5ef71,abandoned,2026-04-25T02:41:08
a223cbe2-08dd-4746-ab4d-fc8d39404adf,4429adeb-c058-418c-b9f8-23e93caeebb8,created,2026-06-15T11:07:28
fa2a2074-aa4c-4ac0-950b-43e3df15c263,4429adeb-c058-418c-b9f8-23e93caeebb8,item_added,2026-06-15T11:19:28
94feb313-f99a-4ada-9f40-5f8ea92ca22e,1a67ecc7-afe8-45f9-8b97-b5998bdae263,created,2026-04-17T07:24:31
e5d73675-89cf-489f-af17-cbb3dfbf8f48,1a67ecc7-afe8-45f9-8b97-b5998bdae263,item_added,2026-04-17T07:35:31
b7af9822-9bd4-47bd-85d2-e2ea8bf71fc8,b7045932-1c48-4e72-8a32-1e89e6153409,created,2026-06-02T01:14:01
faf36449-ba91-47c2-8d33-c248f446ff8f,b7045932-1c48-4e72-8a32-1e89e6153409,item_added,2026-06-02T01:34:01
191a2568-8859-4c46-b71f-d3a1d6bbc317,b7045932-1c48-4e72-8a32-1e89e6153409,item_added,2026-06-02T01:35:01
5f18fdff-29bf-4c83-a1cf-c5b5fc69044c,b7045932-1c48-4e72-8a32-1e89e6153409,item_added,2026-06-02T01:52:01
e0ce330e-fed2-48f4-8254-c272dc09a23c,b7045932-1c48-4e72-8a32-1e89e6153409,item_added,2026-06-02T02:00:01
b2cf391d-8094-4a36-865b-31e6e0bc7b5c,a895e528-7c84-4040-be4e-f30565a874a6,created,2026-03-01T04:47:47
34c40422-11bd-4a70-8521-4b19d0854846,a895e528-7c84-4040-be4e-f30565a874a6,item_removed,2026-03-01T04:55:47
79dd5df3-fa26-4f66-9de3-607108d1759e,a895e528-7c84-4040-be4e-f30565a874a6,item_added,2026-03-01T04:52:47
1fed2d2c-5538-49f2-b838-380fbc88d1cd,a895e528-7c84-4040-be4e-f30565a874a6,item_added,2026-03-01T04:56:47
185d75a9-fdbf-40d7-a24d-420bb96812b8,a895e528-7c84-4040-be4e-f30565a874a6,abandoned,2026-03-01T07:06:47
c5dcd9e7-c9c0-4302-a796-5df1044be18a,88e4fbde-0c59-40c0-95b0-c84b18c6df1f,created,2026-07-17T00:10:33
f4905b0c-a24b-4e75-be29-a4cb0c7b53ff,88e4fbde-0c59-40c0-95b0-c84b18c6df1f,item_added,2026-07-17T00:28:33
72aa412f-91f1-4dd5-a416-363b6b579e44,88e4fbde-0c59-40c0-95b0-c84b18c6df1f,item_added,2026-07-17T00:42:33
f8e3fba9-ae86-4d70-be8f-280ff7857652,88e4fbde-0c59-40c0-95b0-c84b18c6df1f,converted,2026-07-17T04:03:33
bbf3f70d-961f-47aa-af68-fc9799c76eed,18f38240-2bcc-4c86-bdd8-75bf6702995e,created,2026-02-24T11:31:11
f1866868-5f10-4c7b-9164-7ca4c71f7f4b,18f38240-2bcc-4c86-bdd8-75bf6702995e,item_added,2026-02-24T11:51:11
ae32771a-390d-4fd8-9f05-b5d19672a541,18f38240-2bcc-4c86-bdd8-75bf6702995e,item_removed,2026-02-24T12:39:11
3d343f34-f1b1-428e-972a-4ea830027238,18f38240-2bcc-4c86-bdd8-75bf6702995e,item_added,2026-02-24T12:11:11
33be399a-944a-445e-b9bc-8b3478494d8c,18f38240-2bcc-4c86-bdd8-75bf6702995e,abandoned,2026-02-24T12:37:11
c12cb5c2-14ba-4453-a9c0-a0d17ece9b75,69780639-7d9f-4a71-92c6-bff9f0259692,created,2026-03-30T15:45:18
5f54e1ed-2708-4fd3-8097-0caff304efd1,69780639-7d9f-4a71-92c6-bff9f0259692,item_added,2026-03-30T15:55:18
cc833f2b-cb7a-4070-bed6-58f351ccb03f,69780639-7d9f-4a71-92c6-bff9f0259692,abandoned,2026-03-30T18:15:18
bf38ab3e-0f2b-435a-a8cd-c7ab25f8a451,4ab1cb6f-04f9-4af0-b1a9-26fbfb8851dc,created,2026-04-21T00:26:32
a2a392aa-4dda-4349-bb0e-cc0b6a2794de,4ab1cb6f-04f9-4af0-b1a9-26fbfb8851dc,item_added,2026-04-21T00:40:32
d3265fc4-cbdc-4147-96d6-e89d5d795677,a09f64d1-e051-4229-8b68-de5e5b169a72,created,2026-03-13T07:54:45
86b0087b-9d29-4dc0-abf5-48f924332d95,a09f64d1-e051-4229-8b68-de5e5b169a72,item_added,2026-03-13T08:03:45
498419f5-3b6d-4fce-8e03-caa54f6fd87a,a09f64d1-e051-4229-8b68-de5e5b169a72,item_removed,2026-03-13T08:20:45
f9822d92-ab9e-4ec7-bbf7-7072161c0826,a09f64d1-e051-4229-8b68-de5e5b169a72,item_added,2026-03-13T08:19:45
219ee057-ebd7-4fb7-9b1e-47e5f18bd2ce,a09f64d1-e051-4229-8b68-de5e5b169a72,abandoned,2026-03-13T08:30:45
4abd4559-3e8a-4501-9ad6-9903ba31dad8,96ffbdf9-1f15-47db-b665-22d310fd8547,created,2026-04-04T21:06:31
c2606e8f-6dd0-49e0-9149-c9d8aa2ab151,96ffbdf9-1f15-47db-b665-22d310fd8547,item_added,2026-04-04T21:26:31
f9af8e31-346a-4400-acb3-3bf3f72f89e2,96ffbdf9-1f15-47db-b665-22d310fd8547,converted,2026-04-05T00:43:31
b5e009cc-c3d2-46c4-b7dd-9711cb747957,863313b1-92d7-4b33-a953-fb97d1627214,created,2026-05-23T19:15:33
814503a8-cd24-4b4d-a46e-12268ffdf69a,863313b1-92d7-4b33-a953-fb97d1627214,item_added,2026-05-23T19:23:33
1343cb67-8b03-49b0-8df3-202045bc4175,863313b1-92d7-4b33-a953-fb97d1627214,converted,2026-05-23T23:03:33
116c90f8-169f-48fa-8610-d6b74e6e74bf,62be7fdf-9f2f-49c5-b111-a68ac5c595a8,created,2026-04-05T16:44:17
60b32b3b-f2af-47ce-9267-c40020c4707e,62be7fdf-9f2f-49c5-b111-a68ac5c595a8,item_added,2026-04-05T16:58:17
98bb3810-7cfb-4952-a982-f869cf932f46,62be7fdf-9f2f-49c5-b111-a68ac5c595a8,item_added,2026-04-05T17:18:17
8821315c-dde0-46d1-b4cf-b3dd65e91f6a,62be7fdf-9f2f-49c5-b111-a68ac5c595a8,item_added,2026-04-05T17:31:17
6f52f6f2-d7fd-4d38-b314-931ccf0761b2,62be7fdf-9f2f-49c5-b111-a68ac5c595a8,converted,2026-04-05T16:59:17
3019625f-aea0-4253-bb98-2437de94db9c,c10b99ff-42a4-4e90-a462-4571dd501eba,created,2026-03-12T22:02:36
baa19ce7-83d8-492e-be80-6b5297a30e25,c10b99ff-42a4-4e90-a462-4571dd501eba,item_added,2026-03-12T22:08:36
9b8fe2fd-c9ba-46be-829e-65dc348879df,c10b99ff-42a4-4e90-a462-4571dd501eba,converted,2026-03-13T00:09:36
7e4eaaa3-2358-4c9e-85ff-4a8b3ced98b2,6e580b5b-154d-4343-940a-9cd81f9a99c0,created,2026-07-12T15:33:30
fa384f45-2ffa-473e-a0ea-d7d6fc20f459,6e580b5b-154d-4343-940a-9cd81f9a99c0,item_added,2026-07-12T15:35:30
d808bd94-b231-4fb2-a1b2-a4dbb1c6250f,6e580b5b-154d-4343-940a-9cd81f9a99c0,item_added,2026-07-12T15:55:30
7ae4efa8-873a-4828-875b-0000e7dc8902,69994801-2368-4528-86ad-9e08ff39fe4d,created,2026-05-14T23:26:16
ddbd9ac6-378f-4255-b8ba-825c15fdf231,69994801-2368-4528-86ad-9e08ff39fe4d,item_added,2026-05-14T23:33:16
040513f6-b916-45b3-ac6f-f4672c94b26b,b2290784-a7f1-42dc-86e5-e24e90a1fe1e,created,2026-03-12T12:03:59
4faa6e2d-8f6d-4907-940a-5c6dd1f4eac5,b2290784-a7f1-42dc-86e5-e24e90a1fe1e,item_added,2026-03-12T12:10:59
ea5c0677-bf6b-4e8f-ab85-41ffe5bb4edb,b2290784-a7f1-42dc-86e5-e24e90a1fe1e,abandoned,2026-03-12T13:38:59
e3be54e0-9dd7-41e3-bc20-9971fbeba7a2,b6bbe3bb-771b-4551-98d7-1664d4ec6aba,created,2026-07-13T05:29:32
b8e27894-8d02-40f8-bffa-adb816631135,b6bbe3bb-771b-4551-98d7-1664d4ec6aba,item_added,2026-07-13T05:42:32
455918c5-f2ec-4d8b-b71f-0ff48a06f8fb,b6bbe3bb-771b-4551-98d7-1664d4ec6aba,abandoned,2026-07-13T09:21:32
cacbeffb-1f1a-4f39-a52c-5e8f27b2c11d,34a736b9-44d6-48e2-a03b-2f86749946f7,created,2026-08-04T07:12:40
cda58133-2331-4452-969e-88760c79b0e0,34a736b9-44d6-48e2-a03b-2f86749946f7,item_added,2026-08-04T07:31:40
c2ce68d3-d377-4b93-8877-0b98bd8f62bb,34a736b9-44d6-48e2-a03b-2f86749946f7,item_added,2026-08-04T07:41:40
cf5a7b78-7687-4dd6-922a-f13f21e8f854,34a736b9-44d6-48e2-a03b-2f86749946f7,item_added,2026-08-04T07:59:40
2949479f-bf18-455d-94a7-1f04637a9ccf,0691a40c-bd7b-4eae-a2da-2b58d770fe92,created,2026-03-26T08:29:15
ebca7ae3-7518-46b2-97cf-7a52230e31e5,0691a40c-bd7b-4eae-a2da-2b58d770fe92,item_added,2026-03-26T08:33:15
272bef00-21a6-499d-890a-58a2f1dcf49a,0691a40c-bd7b-4eae-a2da-2b58d770fe92,abandoned,2026-03-26T08:39:15
724d73d9-2ac3-4af9-9cb2-afc1705e93c0,17710191-d3ae-4b81-80ca-83ed125031a3,created,2026-03-13T16:07:01
c839e23c-5f4f-4b6d-bcee-869dc9153f9a,17710191-d3ae-4b81-80ca-83ed125031a3,item_added,2026-03-13T16:24:01
814cb1a0-da2d-4ce6-b3eb-ceb1756677d3,17710191-d3ae-4b81-80ca-83ed125031a3,converted,2026-03-13T20:07:01
c7c83e97-46b0-4f38-829f-d28ae307d916,a86ddd21-0ddb-4543-be94-56e48ca3379b,created,2026-06-05T15:48:33
c766cc9d-d207-489e-aa5c-405e67b91b8d,a86ddd21-0ddb-4543-be94-56e48ca3379b,item_added,2026-06-05T15:51:33
2ec2bbf2-4869-4881-a815-ef2fde6ae366,a86ddd21-0ddb-4543-be94-56e48ca3379b,converted,2026-06-05T19:22:33
b4d7158b-d5d7-4425-8154-defb57f8423c,e68735ba-db23-4b92-b1c9-1c82d682a466,created,2026-08-12T18:29:59
498b3c79-d430-4fae-b99b-c15b28d3bd63,e68735ba-db23-4b92-b1c9-1c82d682a466,item_added,2026-08-12T18:38:59
480630d8-9436-4f14-9e3c-316d203cf9f1,1e1f3470-eb42-46d9-b596-ad5810a5133d,created,2026-04-07T13:38:19
629c88eb-cd8d-4472-95e2-1e558518f30e,1e1f3470-eb42-46d9-b596-ad5810a5133d,item_added,2026-04-07T13:58:19
416e1eb8-9efe-4978-af26-22d2f43a1532,1e1f3470-eb42-46d9-b596-ad5810a5133d,abandoned,2026-04-07T13:57:19
ffbd6bfd-23ac-427d-9f98-155c1e660a73,cc4fbc33-c45c-4a1a-b74e-18fa826d79e7,created,2026-03-28T09:54:54
289e3f0a-d1b5-470f-8f16-e54c9f77d787,cc4fbc33-c45c-4a1a-b74e-18fa826d79e7,item_added,2026-03-28T10:03:54
1a63af2f-1318-498f-9225-b18ce0af8dd3,cc4fbc33-c45c-4a1a-b74e-18fa826d79e7,item_added,2026-03-28T10:08:54
66a769b8-2a18-4117-9246-d350ad611926,cc4fbc33-c45c-4a1a-b74e-18fa826d79e7,converted,2026-03-28T12:21:54
4241725a-8a08-4cf6-8f53-48ed2ce4f456,9f622075-0676-4121-b4d2-757431fcc576,created,2026-03-01T05:23:41
9b079067-40c9-4b3a-98e7-f8eb0a46d4de,9f622075-0676-4121-b4d2-757431fcc576,item_added,2026-03-01T05:43:41
d137629a-41dc-4d3a-9713-5ceca9197f80,9f622075-0676-4121-b4d2-757431fcc576,item_removed,2026-03-01T05:52:41
4f3702bd-ca77-44d7-946e-c34ed1caedc0,9f622075-0676-4121-b4d2-757431fcc576,item_added,2026-03-01T05:51:41
25a7b9ca-f9ac-4577-b039-b4379053522e,ddaaafda-999b-48d5-80a3-6bea15b4dcd5,created,2026-03-12T15:26:38
fb8d804d-c8c3-4718-8412-fc73c3c28ea4,ddaaafda-999b-48d5-80a3-6bea15b4dcd5,item_removed,2026-03-12T15:37:38
229b2782-0f8d-4a65-b908-ae918b4d75cf,ddaaafda-999b-48d5-80a3-6bea15b4dcd5,item_added,2026-03-12T15:31:38
704d3049-19c0-45f1-aa5d-c4130e64044a,ddaaafda-999b-48d5-80a3-6bea15b4dcd5,abandoned,2026-03-12T17:20:38
d75f21eb-eb63-466b-b275-1cb803195dba,98e458aa-75e0-4d0f-8307-db4efd8b4783,created,2026-05-14T07:05:36
4d87140a-3f4f-485b-a02c-a1d820a9bb3d,98e458aa-75e0-4d0f-8307-db4efd8b4783,item_added,2026-05-14T07:20:36
9dd32cfa-47b3-4c35-8752-21b1d9c794fd,98e458aa-75e0-4d0f-8307-db4efd8b4783,item_added,2026-05-14T07:33:36
b08eeca6-7d43-43ae-984f-95633bea37e6,98e458aa-75e0-4d0f-8307-db4efd8b4783,item_added,2026-05-14T07:44:36
17e81a21-9841-43f8-a75e-94b44bfde5be,98e458aa-75e0-4d0f-8307-db4efd8b4783,abandoned,2026-05-14T08:08:36
6369bd07-aaed-4716-8a89-59f174b7fe34,76c570c0-710a-4754-a302-5be6c7c58924,created,2026-04-07T16:05:35
56d58870-966b-4762-9baa-360fe3d06827,76c570c0-710a-4754-a302-5be6c7c58924,item_added,2026-04-07T16:09:35
8d93d17f-068b-4b52-bae7-6435809402d1,76c570c0-710a-4754-a302-5be6c7c58924,converted,2026-04-07T16:10:35
73352c24-2aec-41ae-8dcb-67a0b4e45ba2,4dbc3110-f3cc-42b2-a92b-6279b78cbae5,created,2026-03-02T21:44:32
7e7078d3-a2aa-4712-a4c3-ee46951b280b,4dbc3110-f3cc-42b2-a92b-6279b78cbae5,item_added,2026-03-02T22:01:32
1408fe78-5bf2-4169-9d80-26f7a7708522,4dbc3110-f3cc-42b2-a92b-6279b78cbae5,item_added,2026-03-02T22:04:32
83ad8112-7bec-4409-9189-2c074779738e,4dbc3110-f3cc-42b2-a92b-6279b78cbae5,item_added,2026-03-02T22:11:32
8582dae5-8b35-499b-82ca-36f345fee6de,4dbc3110-f3cc-42b2-a92b-6279b78cbae5,item_added,2026-03-02T22:20:32
18c056dc-09eb-47a0-8689-eb4139750686,4dbc3110-f3cc-42b2-a92b-6279b78cbae5,converted,2026-03-02T22:45:32
9bef1116-d81e-43c5-8e44-8586d114c2bb,cc259c0d-aa0c-43e7-891a-64c4ff71f3bc,created,2026-04-11T15:29:06
ed066a44-65f5-460e-8b2f-0edb45a9bb8b,b2dc01cf-250a-478f-9907-b9e2c0745030,created,2026-02-25T21:00:59
1c4386f4-b328-432a-92e8-d762cd8d285c,b2dc01cf-250a-478f-9907-b9e2c0745030,item_added,2026-02-25T21:10:59
474317be-b370-4019-ae74-6472e237880f,b2dc01cf-250a-478f-9907-b9e2c0745030,item_added,2026-02-25T21:14:59
03a1adbd-f42b-4236-bdf6-eb1dd183d040,b2dc01cf-250a-478f-9907-b9e2c0745030,converted,2026-02-26T00:56:59
51d9b0f0-6cd0-45cb-9fb8-d0dc680b1ee1,604ff792-9740-4978-bdcf-f70170a8d017,created,2026-04-07T00:16:39
453c03bc-3544-47df-8457-e836fd25dd48,604ff792-9740-4978-bdcf-f70170a8d017,item_added,2026-04-07T00:32:39
dd4bf0e0-84b7-4ec1-ac6e-cc2fb2e5f054,604ff792-9740-4978-bdcf-f70170a8d017,abandoned,2026-04-07T02:19:39
683d8e66-432c-447b-9359-d9c669845b6b,83e95c11-95b8-4874-994f-b7e4e25fa931,created,2026-05-28T04:11:22
ecfc2a5c-1e49-4b44-b3b4-5f9fd19c2f5f,83e95c11-95b8-4874-994f-b7e4e25fa931,item_added,2026-05-28T04:30:22
2400c960-b732-4a1a-8383-7c30246ac97e,83e95c11-95b8-4874-994f-b7e4e25fa931,item_added,2026-05-28T04:38:22
3624fa04-fcbc-467d-9977-1cf6dc0793a7,83e95c11-95b8-4874-994f-b7e4e25fa931,item_added,2026-05-28T04:41:22
df4a738b-7fa6-44b5-a1bf-1764bbdeeeb9,1cbde731-5773-4b32-876f-e933d2f02215,created,2026-03-19T19:00:05
820fdbd4-8971-4978-9a0e-0e343057f216,1cbde731-5773-4b32-876f-e933d2f02215,item_added,2026-03-19T19:19:05
bcacff61-39f4-4704-92c8-94b137d56e22,1cbde731-5773-4b32-876f-e933d2f02215,converted,2026-03-19T21:04:05
d248d53c-4170-450e-8488-40a176a9e26b,3773be37-90d9-4f6c-8ccb-35188a0d2da9,created,2026-05-07T16:27:19
4d308230-4138-4406-af55-5855c453b889,3773be37-90d9-4f6c-8ccb-35188a0d2da9,item_added,2026-05-07T16:41:19
9642d2e5-fcbb-4dfe-9471-bc0fdbd6f9d7,3773be37-90d9-4f6c-8ccb-35188a0d2da9,item_added,2026-05-07T16:47:19
f2dbf74b-778b-4903-8821-6340bdaa5b7e,3773be37-90d9-4f6c-8ccb-35188a0d2da9,item_added,2026-05-07T16:48:19
de8d5976-311c-4957-abbf-e49ce1e638e5,30801a13-4465-44f8-8d72-56bd97d22bcb,created,2026-06-06T21:16:17
b89d5357-378f-43e8-8516-9106abaf2da6,30801a13-4465-44f8-8d72-56bd97d22bcb,item_added,2026-06-06T21:27:17
b139898b-3280-4ff6-913a-3353bdcee198,4d45fcca-228e-443b-982f-b3c2fd35f62a,created,2026-05-09T17:41:59
3a6befc3-211d-4e01-9d6f-10efee63b80b,4d45fcca-228e-443b-982f-b3c2fd35f62a,item_removed,2026-05-09T18:10:59
66b63cfd-cde7-44a2-894c-85055b924815,4d45fcca-228e-443b-982f-b3c2fd35f62a,item_added,2026-05-09T17:47:59
68d12a80-ebec-4f67-abb0-80412c05615d,4d45fcca-228e-443b-982f-b3c2fd35f62a,abandoned,2026-05-09T20:28:59
0790efff-561e-455c-81a8-36433fdf71b5,a5676110-10cf-441f-8540-c2816c7986e5,created,2026-07-21T15:17:04
7589c853-0543-4012-aadf-9b6d90e3cc60,a5676110-10cf-441f-8540-c2816c7986e5,item_added,2026-07-21T15:31:04
68453ee4-7d98-450c-b712-2e4c7c5f8814,a5676110-10cf-441f-8540-c2816c7986e5,abandoned,2026-07-21T18:31:04
3b6f1524-3f1d-4a01-9329-46c8d277ece5,9c182e48-b382-4d49-987e-2db2ac07170e,created,2026-03-11T09:10:05
896f0558-4c0f-4dc9-a613-8f98110fc916,9c182e48-b382-4d49-987e-2db2ac07170e,item_added,2026-03-11T09:11:05
f2343da6-723a-45cf-be26-49bef3fff246,9c182e48-b382-4d49-987e-2db2ac07170e,converted,2026-03-11T12:01:05
fbabd21d-f947-4802-889c-ee7899037f73,7a668ba3-7b33-4469-bf0b-52b11a790ddd,created,2026-06-06T00:24:29
122cef15-ccab-4429-970b-4a006371d0b5,7a668ba3-7b33-4469-bf0b-52b11a790ddd,item_added,2026-06-06T00:41:29
70d87012-3456-4a62-839e-5fb50ddf9e72,7a668ba3-7b33-4469-bf0b-52b11a790ddd,item_added,2026-06-06T00:48:29
224bbf8f-2a39-4db5-a6b5-fbd9433e9663,7a668ba3-7b33-4469-bf0b-52b11a790ddd,abandoned,2026-06-06T03:03:29
9a50315c-fba8-4ff3-8b9a-8ab5e087ade4,6215f25f-f4e2-475d-a9ad-8fb49d170285,created,2026-03-30T10:18:20
9be0c22d-9421-48d1-8b82-dd417338a32a,6215f25f-f4e2-475d-a9ad-8fb49d170285,item_added,2026-03-30T10:23:20
79afa344-5408-46c1-9a49-e4d28f649f77,6215f25f-f4e2-475d-a9ad-8fb49d170285,item_added,2026-03-30T10:37:20
61d490e2-57fb-4c5b-8658-7e9516246ce0,6215f25f-f4e2-475d-a9ad-8fb49d170285,item_added,2026-03-30T10:51:20
1ee22cda-902c-4cc0-9693-a6351065bd67,6215f25f-f4e2-475d-a9ad-8fb49d170285,abandoned,2026-03-30T13:18:20
39c6d2b1-068b-42a5-a1c6-415483ba44a6,12127163-2246-4c9e-b79b-20e7537fc10a,created,2026-06-30T08:57:59
6103120e-099b-439b-9daf-3a68469d3aa3,12127163-2246-4c9e-b79b-20e7537fc10a,item_added,2026-06-30T09:07:59
02fe64c4-ca43-4f6a-bf8b-bee1aa95231c,12127163-2246-4c9e-b79b-20e7537fc10a,item_added,2026-06-30T09:21:59
f2c04184-95d5-4231-8f24-0827354b7eb4,12127163-2246-4c9e-b79b-20e7537fc10a,converted,2026-06-30T12:18:59
5b299cfd-9e7c-43ce-b956-f542643cdd42,846ebd1e-8664-496a-97b0-d3ea5f395c08,created,2026-07-14T14:07:57
777318b0-2d82-4db7-9175-f161e98abcd0,846ebd1e-8664-496a-97b0-d3ea5f395c08,item_added,2026-07-14T14:20:57
9285197e-e2af-4d2a-8441-28385551d11b,c5e0dc8a-b540-49ad-8ba7-826037472072,created,2026-05-01T00:52:20
3c6466ed-dafa-47e8-a78a-f5572aa743d2,c5e0dc8a-b540-49ad-8ba7-826037472072,item_added,2026-05-01T01:02:20
42bd6106-c1b3-406d-8e7d-e983eedcd6b8,015c2221-b840-4bde-91f3-5420498e101f,created,2026-06-20T06:09:44
0ff46dee-d342-44cc-926e-ef8115132a55,015c2221-b840-4bde-91f3-5420498e101f,item_added,2026-06-20T06:11:44
c2936fa6-1565-49f6-bfa0-623579013bad,015c2221-b840-4bde-91f3-5420498e101f,abandoned,2026-06-20T06:58:44
912e663c-d779-4f47-a5ab-c3b76a55c436,994158a6-b38c-4ba0-bd96-6d61268c3515,created,2026-05-27T02:39:43
648564ee-fb5e-441e-b350-f7867beb9119,994158a6-b38c-4ba0-bd96-6d61268c3515,item_added,2026-05-27T02:54:43
23109dfb-8ddf-4131-8148-aed1727875b3,994158a6-b38c-4ba0-bd96-6d61268c3515,item_added,2026-05-27T03:08:43
b47ac5cb-1197-4af3-9d8b-1e30687ce560,994158a6-b38c-4ba0-bd96-6d61268c3515,item_removed,2026-05-27T03:44:43
352a34c8-c4d2-4765-81aa-5aa1d8000433,994158a6-b38c-4ba0-bd96-6d61268c3515,item_added,2026-05-27T03:23:43
1ebcad24-d211-43e5-9312-4be8270b879d,994158a6-b38c-4ba0-bd96-6d61268c3515,abandoned,2026-05-27T03:49:43
e030beb0-f603-49df-9555-cc37ff235810,bbc0f582-c5aa-46a7-b866-861e5f7d6f10,created,2026-05-22T01:59:10
8aec039a-ea92-473c-bb4a-4fd112559d5c,bbc0f582-c5aa-46a7-b866-861e5f7d6f10,item_added,2026-05-22T02:16:10
b9e08767-14df-469b-8cc3-69505458c334,bbc0f582-c5aa-46a7-b866-861e5f7d6f10,item_added,2026-05-22T02:31:10
bf700f1d-304c-4fde-8ce5-de0a7a8305a3,bbc0f582-c5aa-46a7-b866-861e5f7d6f10,converted,2026-05-22T03:56:10
97ca9ef4-eab1-4833-89e9-73655359d0d3,734fc7c8-151a-44f6-8724-701435a97dcb,created,2026-05-10T10:03:49
3f030fc6-0feb-4210-8cd2-5afbb8978c12,bdf9d6ea-d0c4-4513-ad15-1df8fc67e7f8,created,2026-03-24T14:10:47
dbdcdb3d-d2e7-4629-98ba-10d42cb2aeb5,bdf9d6ea-d0c4-4513-ad15-1df8fc67e7f8,item_added,2026-03-24T14:18:47
b432621e-4a9a-44f3-a59c-d86d25a86269,bdf9d6ea-d0c4-4513-ad15-1df8fc67e7f8,item_removed,2026-03-24T14:38:47
dc703a74-4282-4972-b9c3-75f26a8b7d52,bdf9d6ea-d0c4-4513-ad15-1df8fc67e7f8,item_added,2026-03-24T14:20:47
873d5fc1-52fa-428d-a6dc-4bf94c9a1be2,bdf9d6ea-d0c4-4513-ad15-1df8fc67e7f8,item_added,2026-03-24T14:40:47
34abccc1-5764-4fb3-bcfa-36c56fbde04a,be47c4bc-2722-4ff1-8fd6-7cf12c33e69d,created,2026-07-27T12:01:59
52791b41-e487-49e9-94e1-65ce23ae9f79,be47c4bc-2722-4ff1-8fd6-7cf12c33e69d,item_removed,2026-07-27T12:47:59
b2a055aa-251d-4d0e-9008-a111a2536e3f,be47c4bc-2722-4ff1-8fd6-7cf12c33e69d,item_added,2026-07-27T12:21:59
bed3a3fc-2414-4d3f-ac91-68a8b28b0bd1,be47c4bc-2722-4ff1-8fd6-7cf12c33e69d,item_added,2026-07-27T12:38:59
342f9b3d-383d-46ab-b331-2fbb34c288a8,be47c4bc-2722-4ff1-8fd6-7cf12c33e69d,abandoned,2026-07-27T13:16:59
10ed3ff1-9108-48d5-bc88-f6778732d969,16ddc30f-c044-4581-8b5b-a8426162517f,created,2026-04-03T23:21:36
baf959c9-3250-46a0-8250-c6b2030c5570,16ddc30f-c044-4581-8b5b-a8426162517f,item_added,2026-04-03T23:33:36
483a99f9-77d0-4808-9ded-c5fa60ef2c98,16ddc30f-c044-4581-8b5b-a8426162517f,abandoned,2026-04-04T00:27:36
303be1b4-8322-48b0-9cea-e959f85c37bc,7cd52dd4-a79b-40e2-83bd-48122f58ef2d,created,2026-08-13T05:10:39
7f434712-481b-4491-887f-f4ec2611a68b,7cd52dd4-a79b-40e2-83bd-48122f58ef2d,item_added,2026-08-13T05:11:39
f98e5a2b-5c60-43b5-976e-4c2818c3f128,7cd52dd4-a79b-40e2-83bd-48122f58ef2d,abandoned,2026-08-13T06:02:39
b74f755e-1bb2-4a8c-ba2c-4620a496f65b,32fb9a3a-c6bf-4f51-a3e0-d49fd46832d2,created,2026-06-21T16:46:56
b3158463-fb10-42f5-8f0a-9ac8a9fc2aa2,32fb9a3a-c6bf-4f51-a3e0-d49fd46832d2,item_added,2026-06-21T16:51:56
e653cd85-9ffc-4741-a84a-fd819799821b,32fb9a3a-c6bf-4f51-a3e0-d49fd46832d2,converted,2026-06-21T18:33:56
9c89964a-7ff5-43fb-96da-e8ff606d14e7,685e1e6f-9b86-40bc-8f12-ad4e16c167f8,created,2026-05-17T21:02:15
1bca4b6f-8d19-4e1b-87a8-95975aab0df2,685e1e6f-9b86-40bc-8f12-ad4e16c167f8,item_added,2026-05-17T21:22:15
892b9ec0-8d25-45e6-a8df-c85a43263a74,685e1e6f-9b86-40bc-8f12-ad4e16c167f8,item_added,2026-05-17T21:26:15
171e2c08-9683-448a-8fd2-168a6cee32ce,685e1e6f-9b86-40bc-8f12-ad4e16c167f8,item_added,2026-05-17T21:37:15
47398900-915c-40da-a7a8-94a9a6a87184,685e1e6f-9b86-40bc-8f12-ad4e16c167f8,item_added,2026-05-17T21:51:15
23d5b010-d5d6-45b8-89f1-1b93aa263676,685e1e6f-9b86-40bc-8f12-ad4e16c167f8,abandoned,2026-05-17T23:03:15
74f8762c-798a-460e-9cf5-541e5c15dea8,50b49fd5-0ce8-42c8-8314-182d575c4ab4,created,2026-07-14T12:06:04
eb0e0351-9119-49e1-be5e-0a5e61ae26c1,50b49fd5-0ce8-42c8-8314-182d575c4ab4,item_added,2026-07-14T12:12:04
90448dff-1a0e-40ce-971a-71a6daf5e782,50b49fd5-0ce8-42c8-8314-182d575c4ab4,item_added,2026-07-14T12:24:04
6fe783d3-c32a-433e-909d-f4892515de30,50b49fd5-0ce8-42c8-8314-182d575c4ab4,converted,2026-07-14T14:06:04
b84ad8ef-55d3-4e35-af9a-1b6371a2d534,a3a7249b-114b-49f0-bb56-e692fee516ea,created,2026-07-08T17:04:59
c7e31100-35e0-48ca-a20f-43cd45117eca,a3a7249b-114b-49f0-bb56-e692fee516ea,item_added,2026-07-08T17:12:59
07231255-f7fc-43ba-97c0-54f0faa99a7a,a3a7249b-114b-49f0-bb56-e692fee516ea,item_added,2026-07-08T17:27:59
3e92f2c9-6f14-4151-9480-d4a69d7ddf23,a3a7249b-114b-49f0-bb56-e692fee516ea,item_added,2026-07-08T17:34:59
6ce1c0d9-f1d9-456c-871d-2b012acb13cd,a3a7249b-114b-49f0-bb56-e692fee516ea,abandoned,2026-07-08T20:40:59
0d3cbe91-cdf3-4b14-8f87-829a3ce88b70,8a150fa2-f123-40af-bc98-8580d012a458,created,2026-02-17T08:26:35
9ace95ee-a37e-484e-beb4-e40281712afc,8a150fa2-f123-40af-bc98-8580d012a458,item_added,2026-02-17T08:37:35
c6550991-e70d-4b10-a067-340c3b31fde6,8a150fa2-f123-40af-bc98-8580d012a458,item_removed,2026-02-17T08:46:35
66f93de5-10fb-4d11-9960-42289ace6f30,8a150fa2-f123-40af-bc98-8580d012a458,item_added,2026-02-17T08:45:35
41a04ca2-58fa-4b59-90b2-3ff243e90b18,8a150fa2-f123-40af-bc98-8580d012a458,item_removed,2026-02-17T09:25:35
69650d3f-d8fc-42ea-bc20-9c18fe7cb91b,8a150fa2-f123-40af-bc98-8580d012a458,item_added,2026-02-17T09:01:35
8e4ccfe7-881e-47d1-b28b-b0f56bebe523,8a150fa2-f123-40af-bc98-8580d012a458,item_added,2026-02-17T09:09:35
212ce16f-f13b-479c-86b3-f9774ec7946f,8a150fa2-f123-40af-bc98-8580d012a458,abandoned,2026-02-17T09:50:35
f338ede6-246b-42ec-9839-d45e24ca6a0c,18be32bc-82a4-4cae-a486-68ada15c0c80,created,2026-07-19T00:40:26
6a5d0ecf-a71a-4a71-a23e-b8a4af96a207,18be32bc-82a4-4cae-a486-68ada15c0c80,item_added,2026-07-19T00:44:26
7476f7e4-8aa4-42e8-be8a-e823702810eb,18be32bc-82a4-4cae-a486-68ada15c0c80,item_added,2026-07-19T00:57:26
f2ac5e3a-ed85-495e-b4b9-98a84eb5c68e,18be32bc-82a4-4cae-a486-68ada15c0c80,item_added,2026-07-19T01:00:26
04e8a268-a7c5-4d24-a1a3-1933aa667d19,18be32bc-82a4-4cae-a486-68ada15c0c80,converted,2026-07-19T03:56:26
08a3c288-33cc-44e3-bafd-dc52639a7099,fb7b8c47-ef7a-4297-a3a4-3f1dac5e258b,created,2026-04-05T01:49:32
96747cee-da2e-4363-9d6b-c218b19d7795,fb7b8c47-ef7a-4297-a3a4-3f1dac5e258b,item_added,2026-04-05T01:59:32
fef1f5be-3f72-451f-993f-664198786ed4,fb7b8c47-ef7a-4297-a3a4-3f1dac5e258b,converted,2026-04-05T05:38:32
c8dbbc6a-1656-4d1f-a78a-7cf9d36f0cb8,d26e8f9b-f685-4799-88e3-487e21efe532,created,2026-06-03T06:35:52
8d01c69a-5b35-4ae7-bfdb-01bcbab69c20,d26e8f9b-f685-4799-88e3-487e21efe532,item_added,2026-06-03T06:51:52
c5f6314d-6251-4d6d-925e-2041a8623c5c,faecf8a3-bc82-446f-932d-094eded88b0d,created,2026-07-19T10:48:01
d16c2d6a-9577-45a0-b451-2c4170e9f44b,faecf8a3-bc82-446f-932d-094eded88b0d,item_added,2026-07-19T11:04:01
5bd0c48c-0bcc-4f7b-af1f-babd47228ec0,faecf8a3-bc82-446f-932d-094eded88b0d,item_added,2026-07-19T11:12:01
685b8d38-8970-4dd2-b771-c0feaa5be2e9,faecf8a3-bc82-446f-932d-094eded88b0d,converted,2026-07-19T14:20:01
b9f2d7c4-5c5a-46b4-a919-acd6c4b416a9,eabe34da-4a37-4956-93f2-bf1fbab91fb3,created,2026-05-11T22:41:54
e53d12cd-28df-4a4d-85eb-9c0be12af348,eabe34da-4a37-4956-93f2-bf1fbab91fb3,item_added,2026-05-11T22:49:54
3b69d9bf-a3d7-4e72-be8a-15c79ad6e018,eabe34da-4a37-4956-93f2-bf1fbab91fb3,converted,2026-05-12T01:55:54
a275dac9-fc10-405d-9740-004b42dcb2f4,6597f4a5-c107-4718-8f4a-ab7f71e40689,created,2026-06-01T03:06:34
0d678803-a787-4333-8a9e-62e65bba9124,6597f4a5-c107-4718-8f4a-ab7f71e40689,item_added,2026-06-01T03:25:34
ae978ac2-7562-4947-a8e3-9a0601374a5a,6597f4a5-c107-4718-8f4a-ab7f71e40689,abandoned,2026-06-01T04:19:34
861df68c-f20b-44ac-9ea4-b87a99cc98b6,2151ee2a-db14-497c-b125-9671a2cd8e33,created,2026-06-11T03:22:16
2f5a6417-4317-46fb-b3ab-d113a1d4b51c,2151ee2a-db14-497c-b125-9671a2cd8e33,item_added,2026-06-11T03:32:16
8a46f90e-3361-41b2-b391-db936833f4a4,2151ee2a-db14-497c-b125-9671a2cd8e33,item_removed,2026-06-11T03:53:16
23a4648a-3e7b-4562-8088-a594309e47b9,2151ee2a-db14-497c-b125-9671a2cd8e33,item_added,2026-06-11T03:51:16
9fe5a87b-64ef-47b1-a467-e6e0457620e1,2151ee2a-db14-497c-b125-9671a2cd8e33,abandoned,2026-06-11T06:09:16
a6f8765c-dcb4-4d6b-81ba-18f8a45f85a4,854c63fe-1d22-45a6-a1fa-1ed95b5f55a8,created,2026-03-22T04:17:59
d050f6fe-476e-4d6f-a766-9806be98dd1a,854c63fe-1d22-45a6-a1fa-1ed95b5f55a8,item_added,2026-03-22T04:19:59
9947453d-03de-4525-b121-834c5609b7ec,854c63fe-1d22-45a6-a1fa-1ed95b5f55a8,item_added,2026-03-22T04:26:59
51f5669b-df1f-46a8-aa69-730f2c464ddc,854c63fe-1d22-45a6-a1fa-1ed95b5f55a8,converted,2026-03-22T05:43:59
14fd11fb-6cd4-40a6-9bd9-290edc1cb1b0,82007ad5-ad3b-4dbb-8d9a-6a65cd22dc8e,created,2026-05-09T13:02:20
88f64047-079e-46fa-8852-8dca8a0a51c1,82007ad5-ad3b-4dbb-8d9a-6a65cd22dc8e,item_added,2026-05-09T13:17:20
95177618-c8a5-453f-8fb1-40fcaa748994,82007ad5-ad3b-4dbb-8d9a-6a65cd22dc8e,abandoned,2026-05-09T16:16:20
22590a5f-319e-4f82-a009-2bd6060ecf5b,2aac299b-3675-4966-acc0-532114e308f2,created,2026-07-12T22:33:22
944ba39d-b4e4-409a-8523-40bdb3628a05,2aac299b-3675-4966-acc0-532114e308f2,item_added,2026-07-12T22:50:22
119cf16b-189f-4df9-af48-46d5f9a5f22f,2aac299b-3675-4966-acc0-532114e308f2,converted,2026-07-13T00:36:22
7053dac5-a4cb-4473-acff-58c1592577e4,6a1f3ec8-5e13-4fc1-afc5-e9c1f81e0e36,created,2026-07-05T03:18:44
65e35757-331c-4fd6-bce8-472dc68e6360,6a1f3ec8-5e13-4fc1-afc5-e9c1f81e0e36,item_added,2026-07-05T03:26:44
baeeba86-f818-4538-b80a-25800dba8a7f,6a1f3ec8-5e13-4fc1-afc5-e9c1f81e0e36,converted,2026-07-05T07:15:44
2c40da8a-c3a1-4cfe-b4a0-bb95a653d87d,fa966a15-ea0d-43eb-b27e-2294c9c11581,created,2026-03-23T13:10:04
3415d0d6-2192-45e7-81dd-8a4f49df260f,4b337089-b572-475f-a91b-1886986a4411,created,2026-02-18T04:32:44
b544b726-2cab-45b7-a339-f7ebb8210a1e,4b337089-b572-475f-a91b-1886986a4411,item_added,2026-02-18T04:40:44
a4c1a29b-3868-4b0d-afad-dd78443fb4f6,4b337089-b572-475f-a91b-1886986a4411,item_added,2026-02-18T04:48:44
768b71de-5a33-448d-848e-509062fca611,4b337089-b572-475f-a91b-1886986a4411,converted,2026-02-18T07:03:44
a77cbc8d-5214-422d-bd8a-91e2fb7c2aeb,8424e29e-4197-4f2c-af5a-8e02c4c1b5dd,created,2026-03-16T16:01:39
bcbfa69b-e2ed-4fc4-8c91-132625911cb8,8424e29e-4197-4f2c-af5a-8e02c4c1b5dd,item_added,2026-03-16T16:20:39
43973085-3d0e-4c25-9f61-eff8dc4dec5d,8424e29e-4197-4f2c-af5a-8e02c4c1b5dd,item_added,2026-03-16T16:33:39
f25730b9-d2f6-491b-9064-404643db2efa,8424e29e-4197-4f2c-af5a-8e02c4c1b5dd,item_added,2026-03-16T16:41:39
f89f5c87-b6c0-44dc-a97c-bc53c62625f9,8424e29e-4197-4f2c-af5a-8e02c4c1b5dd,item_removed,2026-03-16T17:07:39
3bb89701-f4d5-4c7f-8086-61d8ec996b95,8424e29e-4197-4f2c-af5a-8e02c4c1b5dd,item_added,2026-03-16T16:43:39
fc067ff0-88a5-43df-8e0e-bc6013de385e,8424e29e-4197-4f2c-af5a-8e02c4c1b5dd,abandoned,2026-03-16T17:01:39
064db55f-e79e-4d54-ba56-36477a0f5b70,a029a587-7a24-403c-a229-6cf1a820c0ba,created,2026-07-09T17:58:19
83f0a065-01fb-4726-b7da-b41c55cb8e80,a029a587-7a24-403c-a229-6cf1a820c0ba,item_added,2026-07-09T18:02:19
0119b4ba-6e72-44a8-8a0c-cf605cbcf55f,a029a587-7a24-403c-a229-6cf1a820c0ba,item_added,2026-07-09T18:16:19
89a2d377-e8e1-42ed-aed0-404dca36d1e4,c23398e6-8cbf-4349-96ce-a71a6860277a,created,2026-03-29T22:29:44
1a7f52e4-fe6a-49d2-ba7b-d7abc3f85d7d,c23398e6-8cbf-4349-96ce-a71a6860277a,item_added,2026-03-29T22:30:44
010cbdf5-9055-4426-b1f9-948aa995448e,c23398e6-8cbf-4349-96ce-a71a6860277a,abandoned,2026-03-29T22:32:44
544e7dba-5182-4d18-9b38-8cfc2a8b8f79,68204cfb-6637-45af-a006-203fd75dcd6b,created,2026-06-22T23:27:48
5e0673e0-1a8b-4abc-b5f7-5c7f371673cd,68204cfb-6637-45af-a006-203fd75dcd6b,item_added,2026-06-22T23:37:48
5ce9d91b-62ba-49f8-8321-ca562f920d37,68204cfb-6637-45af-a006-203fd75dcd6b,item_added,2026-06-22T23:41:48
2a536c72-76dd-454b-9bcc-eb02e9a3436a,6896724e-6c81-46cb-ae79-81e49c84b0bd,created,2026-04-27T21:54:04
b90fe478-6633-4f5d-a354-f9b65ea1821f,6896724e-6c81-46cb-ae79-81e49c84b0bd,item_removed,2026-04-27T22:11:04
eb4e4357-98ec-4393-b90b-7b07a5d55ebe,6896724e-6c81-46cb-ae79-81e49c84b0bd,item_added,2026-04-27T22:00:04
39b9e81d-20f8-4d8b-804f-2de7830ee849,6896724e-6c81-46cb-ae79-81e49c84b0bd,item_added,2026-04-27T22:06:04
d8094b62-0bd1-41c8-88d3-0fac7d342fc8,6896724e-6c81-46cb-ae79-81e49c84b0bd,item_added,2026-04-27T22:14:04
750b1933-cd77-495f-9e1c-625192fe82aa,6896724e-6c81-46cb-ae79-81e49c84b0bd,item_added,2026-04-27T22:22:04
9ceef7df-ab46-42bc-aecd-04d1ea39ccac,16e010bd-f944-44a4-b9c8-08000a047f5d,created,2026-07-22T16:47:35
9e4d649b-34f2-41f2-b543-6e9f5649c429,16e010bd-f944-44a4-b9c8-08000a047f5d,item_added,2026-07-22T17:01:35
d40967b5-d739-4eb4-9c95-a951a3223e93,16e010bd-f944-44a4-b9c8-08000a047f5d,item_added,2026-07-22T17:09:35
44523c0f-52cf-4392-b8de-c37a0b2805e0,16e010bd-f944-44a4-b9c8-08000a047f5d,item_added,2026-07-22T17:24:35
ae5c8d03-e824-4714-9436-19805862b7a3,16e010bd-f944-44a4-b9c8-08000a047f5d,abandoned,2026-07-22T18:29:35
bbb5d905-0174-42ea-b47e-114e538d1aac,a11b8085-fe39-491e-bbe1-92e8550dd1a0,created,2026-02-18T09:57:19
f5f145f6-f75f-49fa-8f1d-7e061e9cdc38,a11b8085-fe39-491e-bbe1-92e8550dd1a0,item_added,2026-02-18T09:58:19
2a2d14c3-569d-4a39-afd5-5e7d07e3de8f,a11b8085-fe39-491e-bbe1-92e8550dd1a0,item_added,2026-02-18T10:06:19
e2eb2951-6594-4a9a-8713-6d39729e1d9d,a11b8085-fe39-491e-bbe1-92e8550dd1a0,abandoned,2026-02-18T13:28:19
d9b3bb18-0f6e-4291-b432-ae56924f585f,428348ec-8c48-4371-bdbb-28a0c27ee6f7,created,2026-06-12T16:32:02
6b0ffd9c-29a2-4584-af7c-f9e47e16e598,428348ec-8c48-4371-bdbb-28a0c27ee6f7,item_added,2026-06-12T16:39:02
42739248-ba3a-46db-a7e7-894c0c41d548,428348ec-8c48-4371-bdbb-28a0c27ee6f7,converted,2026-06-12T20:08:02
fced5023-88b7-48a1-925a-961d8821fde5,0abd0cd8-39e2-4198-8180-946eb26efa57,created,2026-05-14T04:47:52
d41ada04-4838-4e49-85a5-a0496b3775e8,0abd0cd8-39e2-4198-8180-946eb26efa57,item_added,2026-05-14T04:54:52
9f8a98c4-42f6-4c25-8ac0-17184edc8567,0abd0cd8-39e2-4198-8180-946eb26efa57,abandoned,2026-05-14T08:05:52
2d03d3da-fbe8-46c8-97ed-9b4cded916f6,ba59c322-01f9-424f-bc43-aec465c19884,created,2026-05-18T01:26:55
545c7cfe-c38a-4030-b092-655f6927acf7,ba59c322-01f9-424f-bc43-aec465c19884,item_added,2026-05-18T01:43:55
c8c0c42b-870a-4d7f-90a1-38878e071f78,ba59c322-01f9-424f-bc43-aec465c19884,abandoned,2026-05-18T04:00:55
e0a65881-6b6c-461a-b470-611ef9270a23,e2dbab66-5d20-46b6-a009-d52c9dedc216,created,2026-08-03T02:36:21
dcbf001d-aa5b-438e-8e4b-47af9acf6168,e2dbab66-5d20-46b6-a009-d52c9dedc216,item_added,2026-08-03T02:51:21
69370050-7985-48eb-8857-01c34ab2389c,e2dbab66-5d20-46b6-a009-d52c9dedc216,item_added,2026-08-03T02:59:21
4c8c510b-b0a1-49d7-bdfb-ab799b0ddbbe,e2dbab66-5d20-46b6-a009-d52c9dedc216,item_added,2026-08-03T03:17:21
c359755f-bff9-4a87-9e39-fc30be935008,fbf06828-6d38-404d-99e6-ff942b45a5c4,created,2026-07-14T10:32:53
8c12a64a-2d4c-407e-93d2-d3ae98c601f9,fbf06828-6d38-404d-99e6-ff942b45a5c4,item_added,2026-07-14T10:37:53
8cb65102-241d-4716-bdaa-e00758924a91,1cc1d734-749c-4569-adea-f02042e5182a,created,2026-03-07T22:38:06
b4c2a9f5-da8f-4965-9e52-a55b9183ac6d,1cc1d734-749c-4569-adea-f02042e5182a,item_added,2026-03-07T22:44:06
38e5190f-b9c6-4ac8-8f81-62db001d49a1,1cc1d734-749c-4569-adea-f02042e5182a,abandoned,2026-03-08T00:54:06
1a5e646a-26dd-4bd1-b1ee-61901bf14fb5,17521ad4-7f15-409f-9707-c140a4e1fe5d,created,2026-05-28T07:24:25
563eca58-b006-442f-a425-6629cf503a6f,17521ad4-7f15-409f-9707-c140a4e1fe5d,item_added,2026-05-28T07:37:25
fb6530a6-429c-49ab-a7f8-88215d1a49fe,17521ad4-7f15-409f-9707-c140a4e1fe5d,abandoned,2026-05-28T07:56:25
a2b79ae4-818e-4137-93e7-1d40b5b06255,e3a4a8e7-993e-459c-a4d1-a27bcfa3203b,created,2026-03-22T14:51:02
a74fd8cc-e671-4748-95c6-f0e437227a95,e3a4a8e7-993e-459c-a4d1-a27bcfa3203b,item_added,2026-03-22T14:55:02
01230570-2233-434a-8954-1cef2ff31dd3,e3a4a8e7-993e-459c-a4d1-a27bcfa3203b,abandoned,2026-03-22T17:52:02
3f4d9b7c-c09e-4ab9-9b60-7e20b47ae76f,1d6be760-0e09-498f-8d42-1b2ecf0ef63e,created,2026-04-26T06:55:54
22b634fe-36b5-4fa6-a458-4ff1ae98fb49,1d6be760-0e09-498f-8d42-1b2ecf0ef63e,item_added,2026-04-26T07:12:54
6fda6110-40d3-4755-a3b3-1b61f7fbf7fa,1d6be760-0e09-498f-8d42-1b2ecf0ef63e,converted,2026-04-26T09:35:54
ae9b8637-5a4c-4cd7-a0de-a1c1b24ba92a,b6ae7324-48df-4bce-a1cf-1bf0416e25f7,created,2026-07-25T21:03:04
6e77675b-075d-453e-b14b-3ced1e5eeaf6,b6ae7324-48df-4bce-a1cf-1bf0416e25f7,item_added,2026-07-25T21:12:04
b6012673-929f-48f9-9de6-cbabe503b86b,b6ae7324-48df-4bce-a1cf-1bf0416e25f7,abandoned,2026-07-25T23:58:04
fa7dd736-34bd-477d-9a20-f6d78d1a53ad,cff93a85-a5bf-4407-b41a-a609a07ecc18,created,2026-02-17T02:29:45
9f47e8cb-d510-4798-b548-e3575ae20dd4,cff93a85-a5bf-4407-b41a-a609a07ecc18,item_added,2026-02-17T02:31:45
941d2de4-c4ea-4784-baa6-563f13706f11,cff93a85-a5bf-4407-b41a-a609a07ecc18,item_added,2026-02-17T02:35:45
bd1249d4-92e1-4e3e-8ee8-8ecb85ccd2a5,cff93a85-a5bf-4407-b41a-a609a07ecc18,item_added,2026-02-17T02:38:45
e587a2d7-e5f9-4e61-8884-89d4a4d1c02a,cff93a85-a5bf-4407-b41a-a609a07ecc18,abandoned,2026-02-17T03:23:45
57f66e87-d8ce-4727-8cc3-e508870dff40,ca32b273-f2ce-4753-8f52-f28e91256846,created,2026-03-27T20:21:35
f500e6db-6336-4d10-a4b2-dd657e6fb1e0,ca32b273-f2ce-4753-8f52-f28e91256846,item_added,2026-03-27T20:31:35
9bb69605-6244-4e39-a68e-5a2ead563131,ca32b273-f2ce-4753-8f52-f28e91256846,item_added,2026-03-27T20:35:35
8d41a0d5-fa1c-4b75-9276-572c7ddaa548,ca32b273-f2ce-4753-8f52-f28e91256846,item_added,2026-03-27T20:43:35
a4cd7edd-b6c3-47ad-a9ec-3384ec25068a,ca32b273-f2ce-4753-8f52-f28e91256846,item_added,2026-03-27T20:59:35
0be1cb9d-3b88-44e3-9b08-bbdf7afd758e,ca32b273-f2ce-4753-8f52-f28e91256846,converted,2026-03-27T21:28:35
7d03beb2-65a7-4531-af77-07a9e4dc0bfe,8474a1a7-8b05-46f9-8378-7248c03c1fed,created,2026-03-15T23:08:09
cc5d5e14-0ec4-4759-8375-36b6cc8d42e8,8474a1a7-8b05-46f9-8378-7248c03c1fed,item_added,2026-03-15T23:20:09
dcd834a1-b4e6-4ae1-bb0e-8ac14328e0c8,8474a1a7-8b05-46f9-8378-7248c03c1fed,item_added,2026-03-15T23:28:09
bd1c4b91-fded-419c-b578-db1c232f49c4,8474a1a7-8b05-46f9-8378-7248c03c1fed,converted,2026-03-16T02:49:09
eaf9a86b-7641-4d42-9b36-15f4a4a51153,1dd66195-20e7-44d4-a121-6a7d65ee3e9c,created,2026-08-03T06:19:29
8857ebcd-5e0f-460c-acee-74c36fa14b31,1dd66195-20e7-44d4-a121-6a7d65ee3e9c,item_added,2026-08-03T06:30:29
3e606525-163f-433d-9990-d62737528297,1dd66195-20e7-44d4-a121-6a7d65ee3e9c,item_added,2026-08-03T06:44:29
be976cdd-982d-4168-8191-f2a2b9f81208,1dd66195-20e7-44d4-a121-6a7d65ee3e9c,abandoned,2026-08-03T06:27:29
d0546b64-3ad3-4f7e-aa42-c404ec63e324,a4017ce0-4ad8-4af8-aabf-e2e04cf723af,created,2026-03-20T21:26:39
509c4edd-bc18-4544-8b07-93e94907ff65,a4017ce0-4ad8-4af8-aabf-e2e04cf723af,item_added,2026-03-20T21:27:39
34bb1d62-9233-405d-a0a5-1546ddd71ae8,a4017ce0-4ad8-4af8-aabf-e2e04cf723af,item_added,2026-03-20T21:32:39
253299ac-7aac-4787-b2dc-1b28962b8ee7,071b03d1-01a4-403a-a6a2-24f75b27dda3,created,2026-05-30T22:46:40
65871467-ae45-4471-8206-968c4c2c2563,071b03d1-01a4-403a-a6a2-24f75b27dda3,item_added,2026-05-30T22:51:40
3932d767-c689-4b60-afb4-03bac4d3e854,071b03d1-01a4-403a-a6a2-24f75b27dda3,item_removed,2026-05-30T23:31:40
bfb4e228-e4ec-4074-90a0-00e25f1163ef,071b03d1-01a4-403a-a6a2-24f75b27dda3,item_added,2026-05-30T23:02:40
1fb94286-48e5-4489-b3ad-399ef180150e,071b03d1-01a4-403a-a6a2-24f75b27dda3,item_added,2026-05-30T23:07:40
074fe342-f2bd-45ea-918e-cd130e959597,071b03d1-01a4-403a-a6a2-24f75b27dda3,item_added,2026-05-30T23:25:40
2b55be64-f1ed-4db3-83b4-7231f25b06d0,ee60bae7-b254-48ae-a432-608a1f6102ef,created,2026-03-23T04:58:33
2ff5fabd-77cc-4759-a8a1-8d4cb8e2871d,ee60bae7-b254-48ae-a432-608a1f6102ef,item_added,2026-03-23T05:17:33
23ed9bbf-ab87-48be-a685-6306bb3304a3,ee60bae7-b254-48ae-a432-608a1f6102ef,abandoned,2026-03-23T06:19:33
eaa80eb1-cff8-422c-833d-7743c85e0d28,a1c19b7d-9278-4c6c-8b1b-3c2107744a3e,created,2026-07-15T20:07:11
77112011-392a-4443-8e60-5835a0019d97,a1c19b7d-9278-4c6c-8b1b-3c2107744a3e,item_removed,2026-07-15T20:14:11
885db54f-84ac-431b-ad92-151e4a9e937e,a1c19b7d-9278-4c6c-8b1b-3c2107744a3e,item_added,2026-07-15T20:13:11
4f966d47-c573-48b8-ba3d-51b99debe17f,a1c19b7d-9278-4c6c-8b1b-3c2107744a3e,item_added,2026-07-15T20:25:11
2dbd3d9d-e1aa-4190-9c29-585598da48c5,a1c19b7d-9278-4c6c-8b1b-3c2107744a3e,abandoned,2026-07-15T20:21:11
9556fbb2-1484-420f-b1cf-2166c5afde33,3742a3ed-593f-4861-a1c4-9ff82c339296,created,2026-04-22T00:14:54
98401fc2-ecfd-42c8-baa1-80645ebeb947,3742a3ed-593f-4861-a1c4-9ff82c339296,item_added,2026-04-22T00:30:54
d2539967-d2d9-401e-a863-9d22fb6bb3ff,3742a3ed-593f-4861-a1c4-9ff82c339296,item_added,2026-04-22T00:41:54
b51ca723-7374-4c03-8543-29c748873f91,3742a3ed-593f-4861-a1c4-9ff82c339296,item_added,2026-04-22T00:56:54
fb710338-71b3-493e-a8de-ffba7dad31fd,3742a3ed-593f-4861-a1c4-9ff82c339296,item_added,2026-04-22T00:58:54
47e12f7b-6b01-44d7-b0ff-e492f284746c,3742a3ed-593f-4861-a1c4-9ff82c339296,converted,2026-04-22T02:02:54
2de24d39-866a-420f-a587-79799c7e46c3,bf4f284d-78a4-4d85-b0dd-21b35e867f8f,created,2026-03-16T07:33:03
b4140746-26f9-491e-98b5-c288dacd1296,bf4f284d-78a4-4d85-b0dd-21b35e867f8f,item_added,2026-03-16T07:49:03
c8a4d579-d1cc-472c-975c-7dc2ca6216dc,bf4f284d-78a4-4d85-b0dd-21b35e867f8f,abandoned,2026-03-16T10:34:03
27b3fd4a-628f-4f96-91cc-0bc2bccd62b6,11c166c1-6243-49d4-837d-dfca60b21dc5,created,2026-07-27T20:10:25
1f11232d-d7e0-41f7-8bd6-7c387458da1d,11c166c1-6243-49d4-837d-dfca60b21dc5,item_added,2026-07-27T20:14:25
1158c00c-3d89-40be-a45b-506f4faafbca,11c166c1-6243-49d4-837d-dfca60b21dc5,item_added,2026-07-27T20:24:25
e88b5f20-ae42-41cb-aa4f-d37f18299f38,11c166c1-6243-49d4-837d-dfca60b21dc5,item_added,2026-07-27T20:28:25
8ac68f7a-d683-495d-9f11-84dad05622f1,11c166c1-6243-49d4-837d-dfca60b21dc5,item_added,2026-07-27T20:33:25
ccf3c19c-a1a2-47ab-af35-0aa77e6432d7,11c166c1-6243-49d4-837d-dfca60b21dc5,converted,2026-07-27T22:50:25
d064f5ba-815f-4c8a-9644-fd81f5697fca,2af7dfb8-dd85-4c52-a441-9bde75783fc8,created,2026-05-20T10:46:25
a3c573b0-82da-41fa-bbbe-d5870c722b3d,2af7dfb8-dd85-4c52-a441-9bde75783fc8,item_added,2026-05-20T10:50:25
6fb2e9ae-45e1-428a-b402-940dbaaef1a4,2af7dfb8-dd85-4c52-a441-9bde75783fc8,item_added,2026-05-20T10:51:25
a990b4a8-c443-4d58-bc0c-96ce6efb76bc,2af7dfb8-dd85-4c52-a441-9bde75783fc8,abandoned,2026-05-20T13:27:25
dd118fd3-a155-466c-af6d-a849b08577ad,fd147896-ef76-4ab6-8811-43ac4fc95309,created,2026-03-14T11:31:27
2e7b52de-24f8-463f-9340-0086b724faa1,fd147896-ef76-4ab6-8811-43ac4fc95309,item_added,2026-03-14T11:46:27
a30c740b-bdd6-4a64-83a2-bfcdfcb5084f,fd147896-ef76-4ab6-8811-43ac4fc95309,converted,2026-03-14T14:02:27
3a0a55cd-e996-40b5-af6f-66808adf6e71,0c39a163-6900-4687-9e61-dabb34cde89c,created,2026-07-02T09:52:02
e348cf09-7cc0-4c1c-bad2-a1f19959ceac,0c39a163-6900-4687-9e61-dabb34cde89c,item_added,2026-07-02T09:55:02
c45175ef-6183-4b72-9793-1620ad25bad0,0c39a163-6900-4687-9e61-dabb34cde89c,abandoned,2026-07-02T12:35:02
bd2d1c51-6106-46ca-a280-4befcaa67750,dffee3db-8c7c-4150-bac5-4dbcf2f3adcc,created,2026-06-23T06:03:48
42096c51-28f5-472c-b1df-1209aaab1b86,dffee3db-8c7c-4150-bac5-4dbcf2f3adcc,item_added,2026-06-23T06:19:48
78a9087d-1972-41d2-86ac-965718a441b3,dffee3db-8c7c-4150-bac5-4dbcf2f3adcc,item_added,2026-06-23T06:37:48
73813658-37fe-4cb0-82ce-aac6be9b104a,dffee3db-8c7c-4150-bac5-4dbcf2f3adcc,item_added,2026-06-23T06:40:48
4862d1f9-4c1e-4d1c-94f2-19b69520cb2c,dffee3db-8c7c-4150-bac5-4dbcf2f3adcc,abandoned,2026-06-23T06:52:48
c8491564-d969-4b2a-be74-15964ab0f0bc,cc4c9406-d2f0-47ee-9fa9-cce02cd91351,created,2026-04-01T10:40:45
94a5ce89-437f-433b-8879-885635380a92,cc4c9406-d2f0-47ee-9fa9-cce02cd91351,item_added,2026-04-01T10:44:45
06594f1b-3456-48b3-bbcd-b514eb90edde,dcbbc046-2857-4923-8af9-abab7798e3f8,created,2026-05-05T05:07:02
4bdd8b12-56f8-4c7d-a599-8b59f68020c3,dcbbc046-2857-4923-8af9-abab7798e3f8,item_added,2026-05-05T05:14:02
a4fe0b99-81ee-49f6-b35f-779ecf4d4266,42b8bff5-7d68-45c5-a4be-729ae8f07021,created,2026-07-15T11:48:49
91cbd649-73c9-4b88-8ce3-84e625d33abe,42b8bff5-7d68-45c5-a4be-729ae8f07021,item_added,2026-07-15T11:50:49
dca6b17e-9b50-49f5-b863-6029821f8592,6839600a-6819-46d8-8df2-a8b0eb5a5940,created,2026-03-13T06:07:34
e1277f27-5256-454d-b16a-c702925174d5,6839600a-6819-46d8-8df2-a8b0eb5a5940,item_added,2026-03-13T06:15:34
6c5581bb-fd97-4bd5-96f1-7aaf2c913027,6839600a-6819-46d8-8df2-a8b0eb5a5940,item_added,2026-03-13T06:25:34
72b9cb23-a404-4649-a355-7ae2fd25fd09,6839600a-6819-46d8-8df2-a8b0eb5a5940,item_added,2026-03-13T06:41:34
22810194-ab86-438c-b59e-2aaad81f513e,6839600a-6819-46d8-8df2-a8b0eb5a5940,converted,2026-03-13T09:02:34
0d755110-18a2-42a0-9516-19290f76938e,c752a0ae-f756-408c-b930-2426f91d8b18,created,2026-03-06T22:14:14
b0e1e586-25a6-42f4-b378-c647998321a1,c752a0ae-f756-408c-b930-2426f91d8b18,item_added,2026-03-06T22:32:14
446c7793-5496-4e6b-bf2c-b439dc8133a0,c752a0ae-f756-408c-b930-2426f91d8b18,item_added,2026-03-06T22:44:14
48375f9b-ebef-48c4-b8e7-4ccb9d1cd9bd,c752a0ae-f756-408c-b930-2426f91d8b18,abandoned,2026-03-07T01:37:14
ed1dcb1d-3eb8-435e-8e0d-20799a2ffc7e,ef1d2581-7fde-4b0b-a32c-d5100972691c,created,2026-07-10T11:58:14
d943d20e-e565-482b-8566-0dc6024658d1,60b8261a-7ed0-48ae-9bb2-0e3b826876ea,created,2026-06-15T17:38:55
1354ab3a-baee-4549-8828-03c7718719fa,60b8261a-7ed0-48ae-9bb2-0e3b826876ea,item_added,2026-06-15T17:58:55
59a5f09c-3e73-4c3b-ae92-0e6bbe7341b6,60b8261a-7ed0-48ae-9bb2-0e3b826876ea,item_added,2026-06-15T18:01:55
890cc036-4502-4124-9c7b-ce92c9998225,60b8261a-7ed0-48ae-9bb2-0e3b826876ea,item_added,2026-06-15T18:20:55
cf042d8a-8554-40c1-9866-8bbd90363e70,60b8261a-7ed0-48ae-9bb2-0e3b826876ea,item_added,2026-06-15T18:33:55
9973910c-c002-44bb-ae23-349ce3c61aff,60b8261a-7ed0-48ae-9bb2-0e3b826876ea,abandoned,2026-06-15T21:27:55
a44c198b-f1ab-4810-9a58-04cd2e7d8b2f,9374cbe8-1f05-4f74-bb9e-6d1126c5dd4e,created,2026-03-25T13:10:15
50643cad-1e24-4579-b7e2-190666955a3b,9374cbe8-1f05-4f74-bb9e-6d1126c5dd4e,item_added,2026-03-25T13:12:15
9bcec91c-7bb1-4955-abb1-5dc8bd116e40,9374cbe8-1f05-4f74-bb9e-6d1126c5dd4e,converted,2026-03-25T15:42:15
65eedfbd-061f-4494-bd70-d1b2c272e24f,b5e1e98e-6cc0-464c-ac35-009115bb7d91,created,2026-06-02T08:47:49
5661bbc6-0624-4a1e-8b6b-af8f24f5ab4f,b5e1e98e-6cc0-464c-ac35-009115bb7d91,item_added,2026-06-02T08:52:49
ea7bfaa1-1fa7-47bf-8239-037962b861e1,b5e1e98e-6cc0-464c-ac35-009115bb7d91,item_added,2026-06-02T09:05:49
36dc1f17-1fac-45c4-b7d9-22bd4ae51013,b5e1e98e-6cc0-464c-ac35-009115bb7d91,abandoned,2026-06-02T10:53:49
cb369f4f-3da3-46ae-a76b-e2ecbfbc6d5f,e8419e06-60ef-4bce-9e30-07b982c9d6e5,created,2026-03-30T06:21:00
ebda8c60-3db2-4eca-839c-227b935d897d,e8419e06-60ef-4bce-9e30-07b982c9d6e5,item_added,2026-03-30T06:36:00
581f55c8-d7e3-4842-89bc-6f0356d76163,e8419e06-60ef-4bce-9e30-07b982c9d6e5,item_added,2026-03-30T06:41:00
1d0b32fd-7de4-42ed-8510-eecbd38b6c81,e8419e06-60ef-4bce-9e30-07b982c9d6e5,converted,2026-03-30T09:01:00
8b5ad63e-df84-4405-bd2a-e8b7c3ce96bb,f975cd7f-25c7-43fe-b2f6-c05f524d906a,created,2026-06-19T21:26:47
6370bec7-57a2-4c05-90a5-fca571f7b746,f975cd7f-25c7-43fe-b2f6-c05f524d906a,item_added,2026-06-19T21:29:47
313da49d-1d0d-453e-8e7f-52f5922e8903,9d8ac961-3240-40ba-af81-133612c19fc1,created,2026-02-24T03:36:13
b16fc75a-3a47-4d9a-8452-9b30cc52a9d3,0e76250a-7cf4-43f1-8f53-055dbf666f8f,created,2026-07-17T07:01:18
b75e1e4b-2f24-4f67-b60d-fc685195b32f,0e76250a-7cf4-43f1-8f53-055dbf666f8f,item_added,2026-07-17T07:21:18
7d9e69d9-68ff-44c2-91f6-7712842b2a6d,0e76250a-7cf4-43f1-8f53-055dbf666f8f,item_added,2026-07-17T07:36:18
c2af0fed-9523-4913-a5e9-4a4fe41bac2a,0e76250a-7cf4-43f1-8f53-055dbf666f8f,item_added,2026-07-17T07:37:18
4f60bf6d-ebc9-4479-a6f5-b666a35d76fc,0e76250a-7cf4-43f1-8f53-055dbf666f8f,item_added,2026-07-17T07:50:18
38f09d8e-08cd-4325-a402-dd816a0fdb8e,380cfa1c-52cf-4113-bedf-24b0a57aea9e,created,2026-05-09T21:18:18
1fa68d48-83be-4446-874d-9e4e08a85774,380cfa1c-52cf-4113-bedf-24b0a57aea9e,item_added,2026-05-09T21:21:18
5f9257c9-14f3-4341-a495-912d97815e66,380cfa1c-52cf-4113-bedf-24b0a57aea9e,abandoned,2026-05-09T22:46:18
9bbf0073-4303-407b-96a4-a40ab4e582c3,947700c2-84b9-44b7-8369-183f14e67bb2,created,2026-06-10T23:46:08
c50792f2-d1b6-4743-8217-cd3d8a89ab5e,947700c2-84b9-44b7-8369-183f14e67bb2,item_added,2026-06-10T23:50:08
500d8de2-c8e5-440c-a0e4-3640899c126d,947700c2-84b9-44b7-8369-183f14e67bb2,item_added,2026-06-11T00:09:08
d932f094-2f8a-4158-9c08-f64ff4763bb7,947700c2-84b9-44b7-8369-183f14e67bb2,item_added,2026-06-11T00:21:08
7cf30c20-bfc0-4818-ac5d-ff455ef84b04,947700c2-84b9-44b7-8369-183f14e67bb2,converted,2026-06-11T03:19:08
b7c4ed39-142b-465b-a813-fe93ab1f8416,49ab463c-4076-4975-8974-eed9f0d90caf,created,2026-08-12T20:35:25
1add1344-035b-4c4d-a11f-2546ed8a04f4,49ab463c-4076-4975-8974-eed9f0d90caf,item_added,2026-08-12T20:43:25
55d52aa1-de56-482e-8abd-99873c67933f,49ab463c-4076-4975-8974-eed9f0d90caf,item_added,2026-08-12T21:02:25
2242b744-d335-463d-8a63-bba4752f3a36,49ab463c-4076-4975-8974-eed9f0d90caf,abandoned,2026-08-12T21:34:25
2c4fe288-a7ae-435b-b2df-8e03945a98ef,8f992942-0d22-474d-bf8d-90538b011afc,created,2026-03-04T05:55:17
befeb891-7d22-4ba7-9bd2-622f45379e1d,8f992942-0d22-474d-bf8d-90538b011afc,item_added,2026-03-04T06:14:17
a7fd935d-c6f3-4cc2-85ad-a7a7e50f6523,8f992942-0d22-474d-bf8d-90538b011afc,item_added,2026-03-04T06:22:17
c32a96f5-eaae-4169-b8c4-759895d1373a,8f992942-0d22-474d-bf8d-90538b011afc,item_added,2026-03-04T06:25:17
46f1aedf-be38-4bed-9fef-cc06f170c986,8f992942-0d22-474d-bf8d-90538b011afc,item_added,2026-03-04T06:37:17
8ec87285-a230-4d88-aee6-f296e3a1690e,8f992942-0d22-474d-bf8d-90538b011afc,abandoned,2026-03-04T08:33:17
fdd7ef6d-f629-4870-a104-ad3c47a7773e,372ac196-4aeb-4a04-90b5-cd17a5a7ac45,created,2026-03-05T20:11:25
8f1a9beb-39df-40eb-ae62-3650faf125b6,372ac196-4aeb-4a04-90b5-cd17a5a7ac45,item_added,2026-03-05T20:27:25
ab943c24-bea4-47a3-bd3c-17d0446ec9c6,372ac196-4aeb-4a04-90b5-cd17a5a7ac45,item_added,2026-03-05T20:37:25
d32ca1a7-efc8-4133-bf9b-7a60db5aaf70,372ac196-4aeb-4a04-90b5-cd17a5a7ac45,item_added,2026-03-05T20:45:25
8e6e71e1-3c22-46fe-9635-aa1724f234f7,372ac196-4aeb-4a04-90b5-cd17a5a7ac45,abandoned,2026-03-05T22:47:25
ecfb7ea9-80b1-434f-a774-bbadac2b4fd9,7899504a-f490-4e92-9d2c-185e6fe34ac0,created,2026-03-03T02:15:11
e9110254-ff69-4623-877e-91c75e5f5688,7899504a-f490-4e92-9d2c-185e6fe34ac0,item_added,2026-03-03T02:35:11
ecbbe53d-1dc0-402a-9fa5-9462e80d5e10,7899504a-f490-4e92-9d2c-185e6fe34ac0,item_added,2026-03-03T02:48:11
360943cf-c290-4e7b-a325-f3725ed75a94,7899504a-f490-4e92-9d2c-185e6fe34ac0,abandoned,2026-03-03T02:32:11
64d4d322-7026-4df0-a0b8-dfc1ddc2e1c2,1a0e6f4d-80a1-47f7-a535-62657cc70413,created,2026-03-23T21:20:12
43f45ba9-a4ae-4235-8828-0d681b0a14c4,1a0e6f4d-80a1-47f7-a535-62657cc70413,item_removed,2026-03-23T21:39:12
7499de2d-9e73-4b21-ac90-57328a5d2998,1a0e6f4d-80a1-47f7-a535-62657cc70413,item_added,2026-03-23T21:27:12
74c4dcfb-352a-476a-b284-54a36783ece4,1a0e6f4d-80a1-47f7-a535-62657cc70413,abandoned,2026-03-24T01:00:12
267dfa74-4380-4700-a1b2-28ffb0317b42,6dcd0b1c-2624-4f10-a768-cb79e095095a,created,2026-04-05T08:49:41
6c533bc7-c11a-4b00-a304-185cd959e307,6dcd0b1c-2624-4f10-a768-cb79e095095a,item_added,2026-04-05T09:07:41
2617fe32-b020-40b6-ad7f-5223b41ed9c0,6dcd0b1c-2624-4f10-a768-cb79e095095a,item_added,2026-04-05T09:14:41
3821a7dc-fdd1-4047-9333-8e06741eb24b,6dcd0b1c-2624-4f10-a768-cb79e095095a,item_added,2026-04-05T09:20:41
d0e0e8a6-d0b4-44c6-b088-0d4e5dd2d08f,6dcd0b1c-2624-4f10-a768-cb79e095095a,item_added,2026-04-05T09:31:41
f091dbb4-68e8-4b0b-aabc-e924570d5b6e,6dcd0b1c-2624-4f10-a768-cb79e095095a,abandoned,2026-04-05T09:21:41
b0156312-b5ac-4b1e-92e4-ce7975572247,670aade6-c742-47f1-b7ba-da703d5bfdd7,created,2026-02-20T19:32:01
07216c60-f12d-42f0-8fe6-12e472a0ac15,670aade6-c742-47f1-b7ba-da703d5bfdd7,item_added,2026-02-20T19:45:01
9e27af68-5374-4f71-bad6-28512c5fed6b,670aade6-c742-47f1-b7ba-da703d5bfdd7,item_added,2026-02-20T19:58:01
8ddbd8fb-45cd-4969-ab0f-9bbd485b97b1,670aade6-c742-47f1-b7ba-da703d5bfdd7,item_added,2026-02-20T20:01:01
1be93b79-5357-4f08-949a-98ea32f6dd01,670aade6-c742-47f1-b7ba-da703d5bfdd7,converted,2026-02-20T19:55:01
b47f72b3-bdc2-4b3b-9875-27397097e563,bcacfbf5-5b2a-4f4a-987f-77cabb8377b7,created,2026-06-30T01:00:53
e21f0bea-8434-4435-aca6-1d6bce5a3a1a,bcacfbf5-5b2a-4f4a-987f-77cabb8377b7,item_added,2026-06-30T01:19:53
cc5dce23-2a5a-42ad-be19-7b36bd143e3e,bcacfbf5-5b2a-4f4a-987f-77cabb8377b7,abandoned,2026-06-30T02:38:53
a0a1063e-0473-48a8-a27f-470ab99e18f2,b4a90b88-4eaa-4370-9365-f6f0d13f6acc,created,2026-02-21T15:13:46
a8e6f8bd-7e22-4b16-9162-77d18228cfae,b4a90b88-4eaa-4370-9365-f6f0d13f6acc,item_added,2026-02-21T15:31:46
7a68f1f0-be93-4c99-ad33-6465f60ca021,b4a90b88-4eaa-4370-9365-f6f0d13f6acc,item_added,2026-02-21T15:43:46
6d69b1d8-4aa7-4c3b-8da9-702c7da9aad6,b4a90b88-4eaa-4370-9365-f6f0d13f6acc,item_added,2026-02-21T15:57:46
ae010ee3-37f4-4248-aa89-6497a772c025,b4a90b88-4eaa-4370-9365-f6f0d13f6acc,item_added,2026-02-21T16:00:46
edd8fb3c-c26b-4538-b08d-e77362528b17,b4a90b88-4eaa-4370-9365-f6f0d13f6acc,abandoned,2026-02-21T16:52:46
5badd687-c770-4e7e-81de-b3312f00e24d,b5fbc049-da67-457f-a017-eeb81e80ab99,created,2026-07-26T13:56:26
b0a377cf-c565-47e4-b0e8-6b28772a4802,b5fbc049-da67-457f-a017-eeb81e80ab99,item_added,2026-07-26T14:13:26
6db27fd9-ae53-4bfc-a92e-848fe3e117aa,b5fbc049-da67-457f-a017-eeb81e80ab99,item_added,2026-07-26T14:17:26
b39af21a-9a86-4337-ae26-80224adb7182,b5fbc049-da67-457f-a017-eeb81e80ab99,item_added,2026-07-26T14:36:26
e472ec23-f996-4860-9f9f-c452e33d3261,b5fbc049-da67-457f-a017-eeb81e80ab99,abandoned,2026-07-26T16:03:26
d180212f-d094-4257-a21a-7d5274369533,80d5d686-7e38-4825-a457-e201a61d1cf8,created,2026-02-25T12:56:43
c38ac386-1be2-468a-8901-a071f2620e40,80d5d686-7e38-4825-a457-e201a61d1cf8,item_added,2026-02-25T12:58:43
b45e8fec-2548-44c1-b119-6cd990401535,80d5d686-7e38-4825-a457-e201a61d1cf8,item_added,2026-02-25T13:09:43
89821d96-cca2-4079-8a7b-7715b070d377,80d5d686-7e38-4825-a457-e201a61d1cf8,item_added,2026-02-25T13:19:43
563b16a0-c792-476d-93bf-0a599b8af122,80d5d686-7e38-4825-a457-e201a61d1cf8,item_added,2026-02-25T13:29:43
eba9d573-8d78-4033-8e68-502a406c39da,80d5d686-7e38-4825-a457-e201a61d1cf8,converted,2026-02-25T15:01:43
7831408a-dd6c-4154-9da6-e27dd2bb1090,be5e8541-da55-4b73-8393-77f646104b97,created,2026-04-04T17:51:18
c6fa3383-3274-4dd8-9f69-dac72d59b0c4,be5e8541-da55-4b73-8393-77f646104b97,item_added,2026-04-04T18:10:18
4c841c4b-3342-4a47-a755-3d3736583e20,be5e8541-da55-4b73-8393-77f646104b97,item_added,2026-04-04T18:15:18
a330c7d4-03ee-4313-9ee0-c5fc5e7e62d1,be5e8541-da55-4b73-8393-77f646104b97,converted,2026-04-04T21:20:18
78dbc63a-b4dd-40e8-a4e5-22ef111e8d28,624882b0-d570-4219-9f42-67f811eecee4,created,2026-06-15T18:58:29
1b091f93-9045-4512-869e-2b16c925a4cc,624882b0-d570-4219-9f42-67f811eecee4,item_added,2026-06-15T18:59:29
f983e7a6-9e8a-413b-9a40-24a424a4bc17,624882b0-d570-4219-9f42-67f811eecee4,item_added,2026-06-15T19:09:29
8f8edb86-6aaf-40b2-9aef-a3f39d3b5380,624882b0-d570-4219-9f42-67f811eecee4,item_added,2026-06-15T19:29:29
b1eaeac6-d9f1-45ec-a4c2-cb1b9536b8ab,624882b0-d570-4219-9f42-67f811eecee4,abandoned,2026-06-15T21:26:29
14b8766c-4fd1-4a02-a662-75c66287284f,5d4ed1f7-4b35-4b58-a1da-65fee6ac8ca6,created,2026-04-01T15:33:29
3898806f-2199-4101-baae-1a352d3b5a0a,5d4ed1f7-4b35-4b58-a1da-65fee6ac8ca6,item_added,2026-04-01T15:43:29
97cfbf09-f958-4e81-9735-87e33b3db197,5d4ed1f7-4b35-4b58-a1da-65fee6ac8ca6,item_added,2026-04-01T15:58:29
4b0e1ce3-cedb-481a-b17b-ac3bea13fd28,5d4ed1f7-4b35-4b58-a1da-65fee6ac8ca6,abandoned,2026-04-01T16:59:29
2b4a761c-5c07-490d-91c6-57d1ae31ebfc,c3e0da00-1205-4ee2-9121-f955ffc78348,created,2026-04-05T04:50:51
dd087d2b-a0ca-48f5-9168-145946a2f6bb,c3e0da00-1205-4ee2-9121-f955ffc78348,item_added,2026-04-05T05:09:51
5ecfeadb-60b1-4170-9142-7ab4de3f4b20,c3e0da00-1205-4ee2-9121-f955ffc78348,item_added,2026-04-05T05:17:51
9f243f5b-ac82-4af4-bf96-f4e4ac3e1f9a,c3e0da00-1205-4ee2-9121-f955ffc78348,item_added,2026-04-05T05:18:51
d39c9216-a3b8-437f-9228-bf5182140794,c3e0da00-1205-4ee2-9121-f955ffc78348,converted,2026-04-05T07:50:51
f843df2a-e037-4e93-91bc-98b801c0ea44,2a1f4f9d-3b49-4d70-b6a4-1cd7c2e8540d,created,2026-06-16T10:32:13
2f5fb724-c543-4b45-bc73-271f061b8e72,2a1f4f9d-3b49-4d70-b6a4-1cd7c2e8540d,item_added,2026-06-16T10:38:13
3b3b7d70-5e08-4474-a81d-3807d29f340e,2a1f4f9d-3b49-4d70-b6a4-1cd7c2e8540d,item_added,2026-06-16T10:54:13
bafcd558-fdfa-4bb3-aaf2-09520493dfa6,2a1f4f9d-3b49-4d70-b6a4-1cd7c2e8540d,abandoned,2026-06-16T13:40:13
9060d36e-4517-4d71-91f1-4d0f76e9846e,85fb1342-6061-45cb-a8bf-4fa72a348c25,created,2026-03-17T21:41:14
58a8d2ff-9ad5-4bb0-b3a8-9cd5fed5c4eb,85fb1342-6061-45cb-a8bf-4fa72a348c25,item_removed,2026-03-17T22:12:14
4cbcc243-578b-4de8-8199-50f5049dbd10,85fb1342-6061-45cb-a8bf-4fa72a348c25,item_added,2026-03-17T21:59:14
715123f2-eabe-4147-a22d-05c8725153b4,85fb1342-6061-45cb-a8bf-4fa72a348c25,abandoned,2026-03-17T23:20:14
2ec44353-ed1a-431c-8756-fdde03cae776,dfc215da-1e28-4d9f-9a1a-ae40b0ecd995,created,2026-08-14T02:14:58
54df8826-d92a-4d26-aa35-3f89d6254b9d,dfc215da-1e28-4d9f-9a1a-ae40b0ecd995,item_added,2026-08-14T02:28:58
dfa9e316-a6aa-4a01-84a7-66db6ee41710,dfc215da-1e28-4d9f-9a1a-ae40b0ecd995,item_added,2026-08-14T02:46:58
76968d85-04e0-4f3c-b6e3-25b084e4fa22,dfc215da-1e28-4d9f-9a1a-ae40b0ecd995,converted,2026-08-14T04:57:58
cbc7c59a-043b-4183-b6fc-f8d7b2583541,fb534c94-7f82-4322-8ed4-696494acd374,created,2026-02-23T11:48:49
d21a8e62-c1d0-4a91-8096-d53989954337,fb534c94-7f82-4322-8ed4-696494acd374,item_removed,2026-02-23T11:58:49
32f09618-d5f3-41a6-9a20-84209046a313,fb534c94-7f82-4322-8ed4-696494acd374,item_added,2026-02-23T11:57:49
e1cc0d78-41fe-4c8e-86dd-418cada36294,fb534c94-7f82-4322-8ed4-696494acd374,abandoned,2026-02-23T12:53:49
13537674-a1a8-4693-bc5a-bb9e74dfe79f,e2d79b7d-f22a-406a-903e-b76b41b6246a,created,2026-07-02T14:28:05
9c5ba533-7359-4ea2-b23e-0578dd9de178,e2d79b7d-f22a-406a-903e-b76b41b6246a,item_added,2026-07-02T14:33:05
86b70c67-6629-436a-81ad-4af9f94f8dbd,e2d79b7d-f22a-406a-903e-b76b41b6246a,item_added,2026-07-02T14:43:05
90a3dd38-a292-4291-a638-94e63cbde29e,e2d79b7d-f22a-406a-903e-b76b41b6246a,item_removed,2026-07-02T15:18:05
ec10be5a-aff2-4f06-9959-7841e2126999,e2d79b7d-f22a-406a-903e-b76b41b6246a,item_added,2026-07-02T15:02:05
4c08ea21-f9f8-4053-b42c-408af3d1d1c7,e2d79b7d-f22a-406a-903e-b76b41b6246a,item_added,2026-07-02T15:19:05
3425d98e-ac9c-4d42-9692-873af313a1f6,e2d79b7d-f22a-406a-903e-b76b41b6246a,abandoned,2026-07-02T15:48:05
90c5e3e8-faa3-46e3-a38e-fe4088da8b2f,8c75b657-9a6e-4029-a454-af9f6090cd1b,created,2026-02-17T06:32:01
20016e61-c80b-4452-90ab-1504c103ccc9,8c75b657-9a6e-4029-a454-af9f6090cd1b,item_added,2026-02-17T06:41:01
442a05d3-38fc-42a9-8239-e66d13a1f76e,8c75b657-9a6e-4029-a454-af9f6090cd1b,item_added,2026-02-17T07:01:01
e26187e7-8377-4a4e-ac91-17bc516f35c3,8c75b657-9a6e-4029-a454-af9f6090cd1b,abandoned,2026-02-17T07:03:01
27a71bbd-81e9-4162-832f-2e19e87fea45,1d9a1e2d-d267-446b-819f-c16c013ef6de,created,2026-08-12T01:31:28
f0f108be-275c-4623-8e8f-7b6df8aee484,1d9a1e2d-d267-446b-819f-c16c013ef6de,item_added,2026-08-12T01:48:28
1ff40e62-2dde-4ffd-8983-d5fd6eff9f7f,1d9a1e2d-d267-446b-819f-c16c013ef6de,abandoned,2026-08-12T01:45:28
7443fb8d-2174-4b8f-91a7-7255ac66203b,477fba70-46b1-43db-88d4-f95fae04d149,created,2026-05-12T08:44:12
18091bb2-b4f3-4253-b0eb-7d4121d4e26b,477fba70-46b1-43db-88d4-f95fae04d149,item_added,2026-05-12T08:51:12
61afb1c1-bbf3-4c02-9e94-f7ab2a22c08c,477fba70-46b1-43db-88d4-f95fae04d149,converted,2026-05-12T11:35:12
c9a76e8d-0418-4b69-924f-ac12e7605b2a,b7c560c8-3251-48c7-979f-499d9f2d49ba,created,2026-08-03T07:11:40
7e250c6d-2f6c-4dc6-bcb2-33ddfb832b65,b7c560c8-3251-48c7-979f-499d9f2d49ba,item_added,2026-08-03T07:30:40
ef045484-5d04-4bea-9867-f78c0d35ada3,b7c560c8-3251-48c7-979f-499d9f2d49ba,abandoned,2026-08-03T10:37:40
02eea66c-aa1b-4061-b155-3a2a6acc39ac,cd7b4680-5125-41d5-b8d5-f75932dcff1f,created,2026-03-21T17:29:26
ad6f65f0-fab6-4fee-a9e5-3535071c2a74,cd7b4680-5125-41d5-b8d5-f75932dcff1f,item_removed,2026-03-21T18:15:26
7b8be63a-2cbb-4a6a-8d69-d4714f0feb2e,cd7b4680-5125-41d5-b8d5-f75932dcff1f,item_added,2026-03-21T17:46:26
67d71347-159a-4312-9f84-707eb4b7350d,cd7b4680-5125-41d5-b8d5-f75932dcff1f,item_added,2026-03-21T17:58:26
5d7d657e-449c-4e8a-827d-86fb74c57af6,cd7b4680-5125-41d5-b8d5-f75932dcff1f,abandoned,2026-03-21T18:09:26
6d291271-d0ba-4bf6-90f4-e4aafc6f4be6,a658e608-1910-41fa-8c00-e4ef00715ce6,created,2026-07-10T03:26:22
d419fe4c-c29f-4cfc-95e5-8ac1e1a6e10d,a658e608-1910-41fa-8c00-e4ef00715ce6,item_added,2026-07-10T03:35:22
ecc109e9-efd1-4446-865e-32dac64efe24,a658e608-1910-41fa-8c00-e4ef00715ce6,converted,2026-07-10T05:08:22
b0bd9756-400e-4fe5-9286-9a05b35b30a7,b8a69a16-fb11-4dde-9dd0-b0a7f38f1096,created,2026-07-07T03:17:24
6b0913a2-c007-4a0a-af39-d8d85915b23f,b8a69a16-fb11-4dde-9dd0-b0a7f38f1096,item_added,2026-07-07T03:24:24
803ed22e-adab-4d82-9183-5a83373b81db,b8a69a16-fb11-4dde-9dd0-b0a7f38f1096,abandoned,2026-07-07T06:38:24
652997f0-9ac9-45fa-a9ac-fbc4482aadd7,f2535716-9018-43ed-b439-38b00f2766cc,created,2026-04-28T06:00:49
4f943e8e-ce6c-4673-bbee-47a21aa39e91,f2535716-9018-43ed-b439-38b00f2766cc,item_added,2026-04-28T06:11:49
f0a5e7a1-ea17-4b81-8c22-25f149132588,f2535716-9018-43ed-b439-38b00f2766cc,item_added,2026-04-28T06:26:49
d1a87dfe-347a-47de-8c4c-da112f3a11cf,f2535716-9018-43ed-b439-38b00f2766cc,item_added,2026-04-28T06:33:49
1672580c-2263-49b2-a833-0befa15bd11d,a6687a51-eff8-4973-9885-905bf2675d0e,created,2026-02-22T12:17:40
73584529-e603-4944-a255-30a6ee499268,01de3a01-cb33-4a1b-9245-cbe7baf1e383,created,2026-06-05T16:25:50
42e67e3d-e5f8-4ae8-a55b-7d68b64752fa,01de3a01-cb33-4a1b-9245-cbe7baf1e383,item_added,2026-06-05T16:41:50
5ab96f1a-eaba-4a67-b452-8bbff646c056,01de3a01-cb33-4a1b-9245-cbe7baf1e383,abandoned,2026-06-05T17:03:50
a4f1398d-6888-4298-bf8a-71ccaf5436b0,dfddfc90-be6d-45b9-8fe6-596d542a3b79,created,2026-06-26T01:53:49
c87f5bcc-de1e-49c0-8de7-42198ea539e1,dfddfc90-be6d-45b9-8fe6-596d542a3b79,item_added,2026-06-26T02:13:49
60a37748-31dd-40e6-a3c5-cfe946ea8a16,dfddfc90-be6d-45b9-8fe6-596d542a3b79,item_added,2026-06-26T02:31:49
1b02fba4-f038-43b9-8879-a810c4b11241,dfddfc90-be6d-45b9-8fe6-596d542a3b79,abandoned,2026-06-26T04:48:49
ebab6567-3007-4c4f-81db-284f4ad4ee0f,bdee1027-9d0b-439d-865f-333b7f37b731,created,2026-06-23T12:09:30
4b269170-3214-4932-a7b8-212f850c74c2,bdee1027-9d0b-439d-865f-333b7f37b731,item_added,2026-06-23T12:19:30
652d4e6c-35d1-4229-b82a-72051fbde636,bdee1027-9d0b-439d-865f-333b7f37b731,item_added,2026-06-23T12:32:30
7e91c277-7d4b-4979-bb9d-9073e29e84e9,bdee1027-9d0b-439d-865f-333b7f37b731,abandoned,2026-06-23T13:27:30
15084bd8-50ac-488c-9b01-2c72a2e6c8a5,c54dbf2f-1e39-49e0-b415-37c0d32e3985,created,2026-03-26T10:47:18
c7a9a75f-c840-467d-9185-4d9affd40754,c54dbf2f-1e39-49e0-b415-37c0d32e3985,item_added,2026-03-26T10:59:18
d1d7f524-00c5-4f0c-b069-aa3c042c9ea8,c54dbf2f-1e39-49e0-b415-37c0d32e3985,item_added,2026-03-26T11:02:18
30e9337a-1913-46ec-9ab1-69b207f16fd3,c54dbf2f-1e39-49e0-b415-37c0d32e3985,item_added,2026-03-26T11:20:18
2608eb30-2f0e-4387-ad40-b2e883bb9aa7,f6b17ff2-1940-4343-b4fe-96c35ac444a7,created,2026-08-11T23:58:41
024bf681-6f09-4f10-9a74-f4fb6bb64f05,f6b17ff2-1940-4343-b4fe-96c35ac444a7,item_added,2026-08-12T00:10:41
52746f0c-3760-40b4-9341-2ea6227c75e2,f6b17ff2-1940-4343-b4fe-96c35ac444a7,item_added,2026-08-12T00:26:41
fd7fd4f4-a7ce-4c3e-8a20-8d83eaae9ddc,7a5e16c1-f81a-4e74-a3e9-2643d252d891,created,2026-08-07T11:01:51
179feed8-71b7-4638-baf0-acf937bb0c84,7a5e16c1-f81a-4e74-a3e9-2643d252d891,item_added,2026-08-07T11:08:51
7b0a7c25-678a-40b4-994c-5e0b91dda48c,7a5e16c1-f81a-4e74-a3e9-2643d252d891,item_added,2026-08-07T11:28:51
74d48c97-2cd7-4993-9e49-143980f4c851,7a5e16c1-f81a-4e74-a3e9-2643d252d891,abandoned,2026-08-07T11:03:51
faed068c-f4f0-4d9d-bbef-adbe39e30904,ad7fa328-d0ff-4b3d-aa99-8161a62c7add,created,2026-07-28T12:11:31
3946a1ef-9745-4f62-b5a1-10efa55d53b3,ad7fa328-d0ff-4b3d-aa99-8161a62c7add,item_added,2026-07-28T12:30:31
5a4babd4-d902-41d2-866f-d629979dd2a9,ad7fa328-d0ff-4b3d-aa99-8161a62c7add,item_added,2026-07-28T12:46:31
8c0b9257-1eba-4c16-990f-5c52c705aa72,ad7fa328-d0ff-4b3d-aa99-8161a62c7add,item_added,2026-07-28T12:52:31
176d80c4-49cf-4bb7-b47e-669cc821426c,ad7fa328-d0ff-4b3d-aa99-8161a62c7add,abandoned,2026-07-28T14:48:31
20cc4b71-8661-4158-9735-83bc489520cd,9a920c42-35a1-4086-a864-beef6756bd64,created,2026-06-08T18:22:37
d240dcdb-f2f5-4a2a-8adf-f563d791f650,9a920c42-35a1-4086-a864-beef6756bd64,item_added,2026-06-08T18:24:37
5adbef95-9fff-4ca5-8f0f-0da864118924,9a920c42-35a1-4086-a864-beef6756bd64,item_added,2026-06-08T18:27:37
996ec3c7-0297-4453-9110-6605301c7621,9a920c42-35a1-4086-a864-beef6756bd64,item_added,2026-06-08T18:31:37
66f7fb55-f36c-494c-b210-eb387a00dee2,9a920c42-35a1-4086-a864-beef6756bd64,abandoned,2026-06-08T20:04:37
f7ec2f63-5d6c-45ff-ba40-db97723f0921,f3505c7b-538d-40fa-b7b8-7db20b1ad229,created,2026-04-02T02:28:29
ad17ad11-4084-4a57-a4b6-983dd5ba7916,f3505c7b-538d-40fa-b7b8-7db20b1ad229,item_added,2026-04-02T02:32:29
7813533c-c3e4-41e4-8dbb-76d596e6d671,f3505c7b-538d-40fa-b7b8-7db20b1ad229,converted,2026-04-02T03:50:29
f88af5f0-8d9e-4eab-85d4-dbc80d90dcce,258ee5ea-cd6a-4551-804e-5db5aee7e202,created,2026-05-01T08:55:24
a144a11e-e416-4754-99e4-56c52139b1be,258ee5ea-cd6a-4551-804e-5db5aee7e202,item_added,2026-05-01T09:12:24
31370fb5-486e-4f64-964b-555e5ac24efd,4c0c11d6-8b53-4a49-882d-cc8d0806d8f3,created,2026-08-01T13:05:57
9dd6ec4f-2474-4711-813e-8a6cf918b648,4c0c11d6-8b53-4a49-882d-cc8d0806d8f3,item_added,2026-08-01T13:24:57
a8d58456-a177-4d36-896b-ff8ef5f0c6a3,4c0c11d6-8b53-4a49-882d-cc8d0806d8f3,item_added,2026-08-01T13:39:57
e32c7a23-84b4-4625-86ad-bd39811ca3d1,4c0c11d6-8b53-4a49-882d-cc8d0806d8f3,item_added,2026-08-01T13:55:57
f89c5821-648e-4dfe-8c4c-5386391f74b2,4c0c11d6-8b53-4a49-882d-cc8d0806d8f3,item_added,2026-08-01T14:13:57
2b446d8e-6432-4f8f-8c81-0d4209542601,4c0c11d6-8b53-4a49-882d-cc8d0806d8f3,converted,2026-08-01T13:58:57
0ceb7c4c-bc21-4840-8546-5a0a2e94f636,535e352f-c1c5-4e33-b487-b46833928eec,created,2026-04-26T08:48:50
9d51fd65-dfd2-4c4d-b033-95e788b57514,535e352f-c1c5-4e33-b487-b46833928eec,item_added,2026-04-26T08:58:50
ad1c1db6-a57d-43e8-afdb-5f893ff1d20e,535e352f-c1c5-4e33-b487-b46833928eec,item_added,2026-04-26T09:14:50
bb4f51aa-8e88-4b35-ac50-1e7ba5321e80,3fe47754-9b68-4f68-8bc7-6e9bef5e4300,created,2026-04-13T05:38:41
1d825d7e-79f0-42bf-a0de-c96ccf44d0b2,3fe47754-9b68-4f68-8bc7-6e9bef5e4300,item_added,2026-04-13T05:53:41
539564a3-851b-41a6-8ee2-8f654ba47e57,915c7f87-d505-472b-8118-d81b57389614,created,2026-02-18T10:36:37
9d994f46-5812-4455-925a-3707129316a6,915c7f87-d505-472b-8118-d81b57389614,item_added,2026-02-18T10:55:37
03f5b7ac-853c-4c91-a9a2-12f4c45ee3fe,915c7f87-d505-472b-8118-d81b57389614,item_added,2026-02-18T11:15:37
d166839d-01fe-43a3-98ff-879ed8f02511,915c7f87-d505-472b-8118-d81b57389614,abandoned,2026-02-18T14:12:37
833bc75b-4df6-4acd-aa0f-d1fe4ca4b9c5,c62518ce-ee2b-4dbc-b301-ae5df3ec0871,created,2026-06-29T02:58:26
0b130860-a6c3-40f5-b3c5-c1d7bac06a23,c62518ce-ee2b-4dbc-b301-ae5df3ec0871,item_added,2026-06-29T03:15:26
a92c640e-5fb7-4574-9529-7cdc9414cd25,c62518ce-ee2b-4dbc-b301-ae5df3ec0871,item_added,2026-06-29T03:22:26
51a155a0-2a69-43ac-8288-cc445bb547de,c62518ce-ee2b-4dbc-b301-ae5df3ec0871,abandoned,2026-06-29T06:17:26
85359aca-c334-4ff6-bd4b-c7a5f6090fdd,5274a088-59ed-48bf-9eb4-570a580de345,created,2026-03-09T05:36:02
af8f9a49-14b1-4906-bac4-42406c0b6b58,5274a088-59ed-48bf-9eb4-570a580de345,item_added,2026-03-09T05:37:02
febca5b5-3de8-41ca-b756-f8a10bec75a8,5274a088-59ed-48bf-9eb4-570a580de345,converted,2026-03-09T07:30:02
995ff3aa-7096-475e-a317-85866c6b43c3,d191c543-3c0a-4948-97a9-51b5ec72c6c2,created,2026-03-06T03:28:28
e46cc2b6-eb32-487d-aef5-58b2eaed7c7b,d191c543-3c0a-4948-97a9-51b5ec72c6c2,item_added,2026-03-06T03:44:28
ea471e40-54df-4bf7-bdf8-c99718dca0b9,ae006cef-0c99-474d-b9c0-e243b27a24b2,created,2026-02-28T19:11:16
1bd2c57a-bc61-46e7-b103-27ec9560899e,ff6ceb18-e58d-4fec-8ffe-b087e5b69719,created,2026-03-20T20:38:32
c4a0fe38-2745-4225-8695-6a9df3f665f7,ff6ceb18-e58d-4fec-8ffe-b087e5b69719,item_added,2026-03-20T20:46:32
77866e97-73d5-4957-9200-543fafbaa58a,ff6ceb18-e58d-4fec-8ffe-b087e5b69719,abandoned,2026-03-20T22:09:32
70e43234-13c3-4914-bb65-51486929c477,750a4cc0-2a55-416d-8cc7-3cf227a99ee8,created,2026-06-06T07:00:13
5942ef25-9c1d-4ba7-a2c4-06a6424cbfd2,750a4cc0-2a55-416d-8cc7-3cf227a99ee8,item_added,2026-06-06T07:14:13
cd589251-c98f-4c17-a154-e4a1e9ece3ec,b8d3e397-342e-4b7d-8952-b74eecd21a38,created,2026-04-27T00:59:19
47c3804c-fef3-481b-a215-f4b672a22f5d,b8d3e397-342e-4b7d-8952-b74eecd21a38,item_added,2026-04-27T01:08:19
cb77c208-80a6-4b4d-af1b-a7ed97f2d531,b8d3e397-342e-4b7d-8952-b74eecd21a38,item_added,2026-04-27T01:27:19
c4c7b7e1-5b71-4dc8-a541-1cd1eca29ddc,b8d3e397-342e-4b7d-8952-b74eecd21a38,converted,2026-04-27T03:16:19
0f7590cb-f066-49a9-9440-51e578376598,39348be9-a944-4f57-8276-4bbe25f29772,created,2026-02-17T16:37:06
d2af52d1-cfc2-44cc-89af-84346ba0493e,39348be9-a944-4f57-8276-4bbe25f29772,item_added,2026-02-17T16:44:06
a9d3fe32-ed92-491a-9e69-427937d4578d,39348be9-a944-4f57-8276-4bbe25f29772,item_added,2026-02-17T16:46:06
c59ff947-eb96-4032-bbdd-664236a30b53,39348be9-a944-4f57-8276-4bbe25f29772,item_added,2026-02-17T16:59:06
671ca038-68c3-4b79-8333-d0b9c2c6d64f,39348be9-a944-4f57-8276-4bbe25f29772,item_added,2026-02-17T17:16:06
7c4e1731-d821-4b29-93fb-abd5740c3c66,b0881502-c646-497d-96c5-fef80d4ca0bd,created,2026-05-08T13:51:45
0ebee5fb-97b8-4de4-93ae-d2b1e8c5c695,b0881502-c646-497d-96c5-fef80d4ca0bd,item_added,2026-05-08T13:53:45
061cd4b2-f163-48fa-a087-0f56e9dffb22,b0881502-c646-497d-96c5-fef80d4ca0bd,item_added,2026-05-08T14:12:45
8385de2d-db24-4222-b380-2bcd465514ae,b0881502-c646-497d-96c5-fef80d4ca0bd,converted,2026-05-08T16:20:45
e91b48b8-f47b-49a6-853a-20770ad88188,7f473392-4b35-4276-a82c-d7e6369d3735,created,2026-04-30T06:56:38
a80cc603-e67c-4b2d-a2cf-e8f404895862,7f473392-4b35-4276-a82c-d7e6369d3735,item_added,2026-04-30T07:03:38
aa3ad5f9-05db-4c1f-b12a-32c88a22d7a1,7f473392-4b35-4276-a82c-d7e6369d3735,item_added,2026-04-30T07:23:38
898cc5b4-8767-4dab-8b7a-204d5e52c2b9,7f473392-4b35-4276-a82c-d7e6369d3735,converted,2026-04-30T09:13:38
528a3e3f-8e4f-4196-bb9e-7d68cdfd7f3f,4b78e8f3-f1f1-4a29-95c9-134784414bca,created,2026-08-07T21:51:26
6196e010-73d8-470b-aea6-5b8320615a79,4b78e8f3-f1f1-4a29-95c9-134784414bca,item_added,2026-08-07T22:11:26
959ef15e-04bc-4386-ae90-c6f009f1509d,4b78e8f3-f1f1-4a29-95c9-134784414bca,item_added,2026-08-07T22:27:26
b3ba05ba-d7a0-4aff-8068-3832ce237788,4b78e8f3-f1f1-4a29-95c9-134784414bca,item_added,2026-08-07T22:33:26
64a86ccc-923b-4b9b-bf71-407d47e7cfdb,52c660c6-5171-468c-bd39-f90084f6b027,created,2026-04-17T20:27:36
fe304d8b-026f-4360-b248-461f8933b781,52c660c6-5171-468c-bd39-f90084f6b027,item_added,2026-04-17T20:32:36
8a229d7f-3e8e-4308-8044-1d0bdddda303,52c660c6-5171-468c-bd39-f90084f6b027,abandoned,2026-04-17T20:47:36
e4b394c2-f8e7-4cbb-9b09-5a4e57618fc6,19f40f36-6454-45cf-a87b-3933f78ceb2a,created,2026-04-01T14:34:50
6c91ee0e-9f00-4d4a-881b-d04fc5ac9267,19f40f36-6454-45cf-a87b-3933f78ceb2a,item_added,2026-04-01T14:45:50
8cde1efd-3fbc-46a0-b3d2-1a14bedcf0a3,19f40f36-6454-45cf-a87b-3933f78ceb2a,item_added,2026-04-01T14:51:50
8ead0be2-42b5-4211-b4f6-dc6ae16bea7f,19f40f36-6454-45cf-a87b-3933f78ceb2a,converted,2026-04-01T15:39:50
bf6582a3-123b-47ef-abaf-33c3761a234b,7a45e91c-830b-4252-ac1b-ddaee5621658,created,2026-08-09T06:47:49
db410b80-6aa5-4595-8b19-ab9885e6e2fb,7a45e91c-830b-4252-ac1b-ddaee5621658,item_added,2026-08-09T06:54:49
b528e946-ccd6-42c2-a9df-1e2d72661c3d,7a45e91c-830b-4252-ac1b-ddaee5621658,converted,2026-08-09T09:52:49
dda8fff7-1326-4ed9-b722-abfc8d00d93a,ed427318-e22d-4ad3-a910-b67bb17abadc,created,2026-02-22T06:37:07
25fb17f6-5884-4a4a-9d27-97cef2782a88,ed427318-e22d-4ad3-a910-b67bb17abadc,item_added,2026-02-22T06:43:07
cea6aecd-3312-40c5-a3dd-d2bb2e3c42c3,ed427318-e22d-4ad3-a910-b67bb17abadc,item_removed,2026-02-22T07:18:07
6aa1f3f6-1e49-4d51-941e-cfeec3ea2310,ed427318-e22d-4ad3-a910-b67bb17abadc,item_added,2026-02-22T06:48:07
024798e8-280c-43c4-8039-962931c74f02,ed427318-e22d-4ad3-a910-b67bb17abadc,item_added,2026-02-22T07:03:07
699b97c6-06b7-4b46-a2d8-a271487151e3,ed427318-e22d-4ad3-a910-b67bb17abadc,abandoned,2026-02-22T08:49:07
a68f445a-d898-4841-8b45-abcfb7232ebf,5242d795-a96a-4e66-a999-d88457257010,created,2026-06-20T12:44:30
dcdb30a9-d5e2-4d0c-8cdb-137cb4f1e4f7,5242d795-a96a-4e66-a999-d88457257010,item_added,2026-06-20T12:51:30
a3f01bda-a26a-4619-9920-d51b68be21d0,5242d795-a96a-4e66-a999-d88457257010,item_added,2026-06-20T13:10:30
20e93b63-6343-4721-b37d-fa5d9c77b35d,5242d795-a96a-4e66-a999-d88457257010,converted,2026-06-20T14:27:30
2b921c5d-5cbf-46d6-bfee-bd46170b6e0c,98b1e990-a162-49f1-a849-35fb5a6325d3,created,2026-08-15T09:26:21
d10beb69-a9cd-43df-a525-41a722b4992d,98b1e990-a162-49f1-a849-35fb5a6325d3,item_added,2026-08-15T09:34:21
4853581a-d185-472a-a8da-a98f7e30525f,b3e74072-4316-4e93-ae2a-a648c959bc3a,created,2026-06-03T22:43:28
389eaee1-1e9a-4b7b-b470-e8e9afc5b159,b3e74072-4316-4e93-ae2a-a648c959bc3a,item_added,2026-06-03T22:56:28
fef243c0-1299-4648-a91e-79eb2e4df51c,b3e74072-4316-4e93-ae2a-a648c959bc3a,item_added,2026-06-03T23:03:28
913ef77f-eaa5-4aed-9f04-284a151105bd,b3e74072-4316-4e93-ae2a-a648c959bc3a,item_added,2026-06-03T23:20:28
80983f4c-e80e-4405-b36e-c1f326e196bf,b3e74072-4316-4e93-ae2a-a648c959bc3a,abandoned,2026-06-04T01:58:28
c0ab7c4e-0ee4-460e-bc87-55ccc5d3d6ba,384411ec-dbc6-46a0-bff1-c550bbdba2aa,created,2026-07-19T12:54:21
14a3b4d0-2164-4562-835f-55ce2c292bd7,384411ec-dbc6-46a0-bff1-c550bbdba2aa,item_added,2026-07-19T13:05:21
3272b38d-438c-49dd-bcf3-148f07249a4f,384411ec-dbc6-46a0-bff1-c550bbdba2aa,converted,2026-07-19T15:23:21
775ffd4a-18bd-41d9-ba41-c65a453ce5c4,823f5413-5062-4d45-8c50-fdc677d47a94,created,2026-02-21T21:47:06
24bef6fc-4a9b-4333-a41d-7b96fd88e914,823f5413-5062-4d45-8c50-fdc677d47a94,item_added,2026-02-21T21:51:06
b8bf0f0d-436a-40e4-8904-2d970b96991c,823f5413-5062-4d45-8c50-fdc677d47a94,item_added,2026-02-21T22:08:06
ddffa4e9-99f8-4a6b-8a0e-647ccaa4827e,823f5413-5062-4d45-8c50-fdc677d47a94,item_added,2026-02-21T22:16:06
419cd3d9-804a-4a7e-8c68-69e0141ea23f,823f5413-5062-4d45-8c50-fdc677d47a94,converted,2026-02-21T23:08:06
4f3e78e1-d513-460a-9a97-993a0397f78d,c4b298f6-f9a9-4ffd-942f-6c28ac80c709,created,2026-02-25T12:36:37
8f6e837f-52b8-428b-9f30-8bfd91810367,c4b298f6-f9a9-4ffd-942f-6c28ac80c709,item_added,2026-02-25T12:40:37
9699d424-129f-4d70-976c-afa93687da64,c4b298f6-f9a9-4ffd-942f-6c28ac80c709,abandoned,2026-02-25T14:56:37
46b751c7-4719-4913-8f43-d25180688ba3,d5f29722-978b-419d-895c-b12961a09416,created,2026-07-18T07:05:59
ddeb9fc3-5c03-4f2b-b1f4-e5a9294f96bb,d5f29722-978b-419d-895c-b12961a09416,item_added,2026-07-18T07:13:59
c9081c18-1388-4504-82f6-5f93c71e4f58,d5f29722-978b-419d-895c-b12961a09416,item_added,2026-07-18T07:15:59
078e7fd1-ed49-40a4-aa2b-79c3fd660767,d5f29722-978b-419d-895c-b12961a09416,item_added,2026-07-18T07:28:59
10301990-9ec0-480c-9177-ec129ed83462,d5f29722-978b-419d-895c-b12961a09416,item_added,2026-07-18T07:34:59
86483ad3-7b06-4d5a-bfd5-2ebe69ee480a,d5f29722-978b-419d-895c-b12961a09416,converted,2026-07-18T10:22:59
fd2f49ba-74ff-460f-9134-fd0a36a07287,42dd1d10-fef8-4a5a-92a5-ef1ded9a0219,created,2026-03-11T20:33:24
f10e9c80-244a-4a56-ba48-d5dde954b11b,42dd1d10-fef8-4a5a-92a5-ef1ded9a0219,item_added,2026-03-11T20:48:24
d9f25e5a-21a6-47be-a003-598db817616e,42dd1d10-fef8-4a5a-92a5-ef1ded9a0219,item_added,2026-03-11T21:04:24
490bf0ad-6c25-45cc-89b6-89a7dcf877e0,42dd1d10-fef8-4a5a-92a5-ef1ded9a0219,abandoned,2026-03-11T20:38:24
e1650ffd-6c7a-4f1c-9a98-32ff429c830e,4082bef3-e985-4cb3-907a-33d6b6e7cc94,created,2026-02-17T17:07:58
5dc1ceb8-9665-434a-bb47-f86c82c09353,4082bef3-e985-4cb3-907a-33d6b6e7cc94,item_added,2026-02-17T17:22:58
ec9be924-8866-4ba9-a13b-7d4cc02dbc89,4082bef3-e985-4cb3-907a-33d6b6e7cc94,item_added,2026-02-17T17:33:58
494120d8-f50a-4cc3-9b6b-a60d050b295f,4082bef3-e985-4cb3-907a-33d6b6e7cc94,item_added,2026-02-17T17:44:58
bdc2160a-971e-4208-a56b-93142ed8f240,4082bef3-e985-4cb3-907a-33d6b6e7cc94,item_added,2026-02-17T17:50:58
9306136b-fb07-4d74-b17b-ce28d12fffeb,4082bef3-e985-4cb3-907a-33d6b6e7cc94,abandoned,2026-02-17T18:12:58
39709f7a-681d-4fe4-9103-e34c3481a6cd,a2d70854-9f75-4858-9c70-cad115e59aa2,created,2026-04-12T09:13:36
4f5de867-686e-4b62-b458-06010676ca95,a2d70854-9f75-4858-9c70-cad115e59aa2,item_added,2026-04-12T09:24:36
2cf4571f-1f84-4247-a2b0-fde65c8285e0,a2d70854-9f75-4858-9c70-cad115e59aa2,item_added,2026-04-12T09:44:36
ad3f40f3-d82a-484d-a1a7-aac1108af214,a2d70854-9f75-4858-9c70-cad115e59aa2,abandoned,2026-04-12T10:45:36
fc6f55f8-49e3-43ea-8f8c-3d6aba5c7b6b,1fad53c9-2860-4ce5-91c5-6945dccf1a3a,created,2026-07-29T09:55:36
42110271-15bc-4657-91e0-353c3ecd3f9f,1fad53c9-2860-4ce5-91c5-6945dccf1a3a,item_added,2026-07-29T09:59:36
e8ba086e-b6c2-41c3-a389-ff373d6799a7,1fad53c9-2860-4ce5-91c5-6945dccf1a3a,abandoned,2026-07-29T13:31:36
397813bc-e61b-421d-b47e-e84f96a231be,98003a9a-2220-4201-ad1a-c66f3507040f,created,2026-08-16T09:21:03
2ac71348-d197-4744-aa95-e1bde7b1fa35,98003a9a-2220-4201-ad1a-c66f3507040f,item_added,2026-08-16T09:22:03
a7ea07cf-0859-490b-9efa-4e070dc92688,98003a9a-2220-4201-ad1a-c66f3507040f,item_added,2026-08-16T09:40:03
4d4a4789-68f9-426a-8b3a-c13a3f0b1b56,98003a9a-2220-4201-ad1a-c66f3507040f,item_added,2026-08-16T09:45:03
b5fe6154-6fe2-45ad-9f7a-831d7c9e41cb,98003a9a-2220-4201-ad1a-c66f3507040f,converted,2026-08-16T10:24:03
e16c5b90-fae1-4086-b53b-57351733ecaf,14bd0e80-701e-438b-91e9-be6c3e3f9cc5,created,2026-03-02T23:55:35
ea38c3bc-dce6-4c7d-af1d-ff7c1f9c64e2,14bd0e80-701e-438b-91e9-be6c3e3f9cc5,item_added,2026-03-03T00:02:35
22582350-045d-4659-96e6-a60a69ce46e2,14bd0e80-701e-438b-91e9-be6c3e3f9cc5,item_added,2026-03-03T00:15:35
71a0a21b-8837-4390-b9ff-38f737b4d20b,cbf3f1e7-76e4-4660-a623-af423ea4bcbd,created,2026-05-28T05:54:56
7cc76dc4-b00e-4301-8586-a56fbf12bfa0,cbf3f1e7-76e4-4660-a623-af423ea4bcbd,item_added,2026-05-28T06:01:56
9e224519-72c4-471a-a099-f85e5fb76d41,cbf3f1e7-76e4-4660-a623-af423ea4bcbd,converted,2026-05-28T07:25:56
b441f27c-c42c-413d-9efb-e3ccc462ce3b,98cdbd8d-969f-4d5d-96dd-d731036bb38f,created,2026-04-22T04:07:19
9a7bfde0-a493-403a-be90-b72307fb4117,98cdbd8d-969f-4d5d-96dd-d731036bb38f,item_added,2026-04-22T04:23:19
5e164c28-608f-4d7a-ae9d-2065f1628b83,98cdbd8d-969f-4d5d-96dd-d731036bb38f,converted,2026-04-22T06:44:19
3ef81602-b7ad-47ac-b6cf-269f76c12ad7,d4c18feb-c253-4d02-ba30-a207c600d786,created,2026-06-12T16:17:56
a82be5b8-0f96-4400-b17e-4936f2c3f054,d4c18feb-c253-4d02-ba30-a207c600d786,item_added,2026-06-12T16:31:56
46597bee-2991-480a-8a61-aa2bad578606,d4c18feb-c253-4d02-ba30-a207c600d786,item_added,2026-06-12T16:33:56
a6e24579-3f0d-4ec0-8772-af8fdbe73037,d4c18feb-c253-4d02-ba30-a207c600d786,converted,2026-06-12T16:24:56
80c8fb07-03fe-4d35-8c3a-a50f60e27298,38eafffc-ea22-4bfc-8aa3-1d62575f1e47,created,2026-03-28T02:53:14
fa62bb99-0f6f-4586-a0ed-79816e16b1b7,38eafffc-ea22-4bfc-8aa3-1d62575f1e47,item_added,2026-03-28T02:57:14
adb6396f-66b5-468c-9bb3-cc38a7eed1d3,38eafffc-ea22-4bfc-8aa3-1d62575f1e47,abandoned,2026-03-28T05:41:14
08e11171-b99f-4896-a4dd-6813bf460254,2ff5cd04-1246-4d30-8bcf-76d9bfc6153c,created,2026-04-10T19:31:25
3bcc6a48-f944-4d5e-b7f8-0a4dc1bced8a,2ff5cd04-1246-4d30-8bcf-76d9bfc6153c,item_added,2026-04-10T19:35:25
a204c5a0-6b14-4613-a3cf-edf79e8d47ab,2ff5cd04-1246-4d30-8bcf-76d9bfc6153c,item_added,2026-04-10T19:52:25
e38b83a0-3a1d-47a2-bb7e-241b9384cf38,2ff5cd04-1246-4d30-8bcf-76d9bfc6153c,item_added,2026-04-10T20:11:25
44c99a28-6fac-40c4-9222-f8be3ba92fa5,2ff5cd04-1246-4d30-8bcf-76d9bfc6153c,abandoned,2026-04-10T20:27:25
c266a8bb-b88f-4a31-8e3e-7641e12154b4,d201780a-7e8b-493a-a6e2-7b312b69db43,created,2026-04-27T22:02:15
ad9038a8-6264-4c8d-a5d9-a8486cdac165,d201780a-7e8b-493a-a6e2-7b312b69db43,item_added,2026-04-27T22:11:15
bde2d40c-3b27-4ec3-a4b7-b61929b29724,441f4931-36d1-4605-ab00-3e2d10a4cf5d,created,2026-03-30T14:17:08
cd163b47-bba8-487e-bd0c-d0848d6a065e,441f4931-36d1-4605-ab00-3e2d10a4cf5d,item_added,2026-03-30T14:28:08
38112ead-fa7f-43a9-98a0-8ad71cd01f65,441f4931-36d1-4605-ab00-3e2d10a4cf5d,abandoned,2026-03-30T14:33:08
adb5a7d5-71e8-4a7d-863a-1e89f39c255e,8f19311f-a516-49be-b5b8-65b7ac8450a2,created,2026-07-15T20:28:37
23febb7a-4675-49ad-9959-7cbb012b5349,8f19311f-a516-49be-b5b8-65b7ac8450a2,item_added,2026-07-15T20:37:37
3e720326-8029-4faa-9b0e-920c12bd3c38,8f19311f-a516-49be-b5b8-65b7ac8450a2,converted,2026-07-15T21:31:37
a886ea87-381f-4dc4-87ee-9c802635e6db,451eea37-6c62-4d23-a937-eeb6bebc1e32,created,2026-03-02T22:09:26
67c40ca7-8192-4fc5-a38e-2b0377e90c56,451eea37-6c62-4d23-a937-eeb6bebc1e32,item_added,2026-03-02T22:12:26
c1f38f2a-78a1-4c26-bed6-53d480eabed2,451eea37-6c62-4d23-a937-eeb6bebc1e32,item_added,2026-03-02T22:29:26
5b0f737d-87a2-4f2f-9e06-f01e60140ed3,451eea37-6c62-4d23-a937-eeb6bebc1e32,item_added,2026-03-02T22:46:26
542e0800-3d34-4190-a84a-890d0ac9c9a4,451eea37-6c62-4d23-a937-eeb6bebc1e32,abandoned,2026-03-02T23:30:26
189234f5-71f6-4988-bd5e-45de2ee4effe,a26663e3-83c6-4e4e-98a7-725099f6cfcf,created,2026-05-24T10:22:16
7bf9bf66-f8b3-49c2-a387-ff4f10faab6e,a26663e3-83c6-4e4e-98a7-725099f6cfcf,item_added,2026-05-24T10:39:16
3b81c5c9-ff9a-44b0-9292-e3df26c9883d,a26663e3-83c6-4e4e-98a7-725099f6cfcf,item_added,2026-05-24T10:45:16
8f7cdfaa-2b23-44c0-8e8a-b8281d47b6e6,a26663e3-83c6-4e4e-98a7-725099f6cfcf,converted,2026-05-24T12:34:16
742bd665-6e31-4af6-9b5d-12b23ca77baa,958947b4-17b5-43dc-b632-2e10b51ef265,created,2026-05-04T05:13:41
031856e2-0482-4a8f-9d0a-d3447dbf4ff1,958947b4-17b5-43dc-b632-2e10b51ef265,item_added,2026-05-04T05:32:41
4f10366a-de8d-4fc2-b0a9-774a4bfcc420,958947b4-17b5-43dc-b632-2e10b51ef265,converted,2026-05-04T06:59:41
d1bfffc0-be26-4bd6-8b04-1d82e025b07b,5e9db869-a526-4401-b4b6-acfc87dc58a9,created,2026-06-30T21:52:39
d6e446ad-30f4-4838-a24a-8032e2c99e64,5e9db869-a526-4401-b4b6-acfc87dc58a9,item_added,2026-06-30T22:11:39
4672f6e7-35cb-4bd5-beae-152bfca097aa,5e9db869-a526-4401-b4b6-acfc87dc58a9,converted,2026-07-01T00:23:39
259976dc-74c1-42ca-bd92-fdfd63ad86a6,8c68b00e-fcc7-4f9e-bdaf-92a9f01906a7,created,2026-03-16T14:09:08
8f2f07ed-c565-4c88-b881-f7a43c683e4e,8c68b00e-fcc7-4f9e-bdaf-92a9f01906a7,item_added,2026-03-16T14:13:08
8279ee02-b265-4e74-b12a-adc8ed18fece,8c68b00e-fcc7-4f9e-bdaf-92a9f01906a7,abandoned,2026-03-16T15:00:08
a98c563f-4a1d-4a39-8ca7-93d93ab011f1,a0c19f83-0415-4cd4-ba3f-45f8c551af67,created,2026-08-07T22:20:09
203b4d57-2f7b-44cb-938c-bed566218eaf,a0c19f83-0415-4cd4-ba3f-45f8c551af67,item_added,2026-08-07T22:32:09
42c74316-63fe-42b1-b699-27315789d81b,a0c19f83-0415-4cd4-ba3f-45f8c551af67,abandoned,2026-08-08T01:54:09
bc4b5980-e36d-4f50-a624-a464a03b25ec,fc9a806a-7f8e-443c-a0ee-90eb00315d85,created,2026-05-31T14:43:40
c761e7c7-ef55-48c3-b739-e2c6aa4829a4,fc9a806a-7f8e-443c-a0ee-90eb00315d85,item_added,2026-05-31T14:58:40
fa86a307-b1cc-40ed-aec1-d815d79c0db4,fc9a806a-7f8e-443c-a0ee-90eb00315d85,converted,2026-05-31T15:21:40
628c8409-cd7c-4e84-be2f-578c30c17960,3953bcef-27d6-416b-a81d-bbd5c200debc,created,2026-04-16T18:49:23
b92a03d8-6b05-42bc-9265-3571dedeaf8a,7fe11084-2569-4e2b-b84c-7254f748860c,created,2026-04-12T07:40:40
ac8c4d01-ae2d-479b-9f72-5d5c202b42e5,7fe11084-2569-4e2b-b84c-7254f748860c,item_added,2026-04-12T07:46:40
466efdaf-73de-4a2c-8ed2-833d5d5b4f16,7fe11084-2569-4e2b-b84c-7254f748860c,converted,2026-04-12T09:49:40
980f69cd-cfa7-4a08-86c8-0e2fc6ce2681,1e174bbf-915e-48de-af51-7d3219a1d0e6,created,2026-04-20T23:26:38
3fbfd0e5-9b8d-4c0c-9e40-79398f2d21ad,1e174bbf-915e-48de-af51-7d3219a1d0e6,item_added,2026-04-20T23:39:38
7ecae7a0-3972-4861-ab8b-233fb7b61747,1e174bbf-915e-48de-af51-7d3219a1d0e6,abandoned,2026-04-21T00:28:38
1e8abe43-b137-4c5e-b85a-8e8190bf5116,2fde32dd-e01b-4e6d-b9e2-92b0233627cb,created,2026-07-14T22:34:40
ba7b2c1b-e3f3-4a74-8d59-3b0359061296,2fde32dd-e01b-4e6d-b9e2-92b0233627cb,item_added,2026-07-14T22:42:40
c2130975-7a33-4e24-9873-a0b4794138ce,2fde32dd-e01b-4e6d-b9e2-92b0233627cb,item_added,2026-07-14T22:47:40
fd8e01da-1f3b-4d1d-a6d7-6446a26ed9ac,2fde32dd-e01b-4e6d-b9e2-92b0233627cb,item_added,2026-07-14T22:57:40
838b8d75-58d6-4b3a-8122-facfa5141613,2fde32dd-e01b-4e6d-b9e2-92b0233627cb,converted,2026-07-14T23:21:40
1522f189-b859-4ed7-9ce6-d94ffdc28997,bc62046b-79fa-4606-a4f5-685a92fb78b2,created,2026-05-30T21:58:46
655da80d-9761-4d0f-962f-73100ff4758c,bc62046b-79fa-4606-a4f5-685a92fb78b2,item_added,2026-05-30T22:06:46
fd83fd7e-b1ec-4779-943e-397c1ab2808a,bc62046b-79fa-4606-a4f5-685a92fb78b2,item_added,2026-05-30T22:17:46
816aad9d-92a2-4688-bcd1-d388a7f41873,bc62046b-79fa-4606-a4f5-685a92fb78b2,abandoned,2026-05-30T22:28:46
32e7e1d6-7875-4d4f-b848-7bc121075328,b408db5c-ebb7-4f7a-aa94-c2459923197f,created,2026-04-02T19:49:08
b7a0438e-0113-4c6e-a1b7-fc2d8be3ac6b,b408db5c-ebb7-4f7a-aa94-c2459923197f,item_added,2026-04-02T20:02:08
e516befc-932c-49e7-b64e-3ecb4be5f9b1,b408db5c-ebb7-4f7a-aa94-c2459923197f,item_added,2026-04-02T20:06:08
db240a72-3728-45b8-83f9-5a64793c5295,b408db5c-ebb7-4f7a-aa94-c2459923197f,converted,2026-04-02T20:04:08
a4ca1bc9-8053-40e3-8fb8-00897f283d51,05ed2cfa-8d7a-49ea-884e-0a7f29777a1e,created,2026-06-13T00:46:05
533af849-f349-44d2-8678-7c309692029f,05ed2cfa-8d7a-49ea-884e-0a7f29777a1e,item_added,2026-06-13T00:51:05
a04e7d69-3e9e-4e4d-b499-e34b7699f6d1,05ed2cfa-8d7a-49ea-884e-0a7f29777a1e,item_added,2026-06-13T01:04:05
66336a02-8730-4212-8c93-73ddc64accd6,3acb360e-21f5-4778-9403-583038ba96bf,created,2026-04-08T02:27:43
bd8d70cd-ace0-4b40-8957-8693d43f4a6c,3acb360e-21f5-4778-9403-583038ba96bf,item_added,2026-04-08T02:41:43
5789a4f4-1b06-4489-9c88-a25b119c4b2c,3acb360e-21f5-4778-9403-583038ba96bf,item_added,2026-04-08T02:53:43
4576d0d3-db23-4b43-941b-5b4affb9e60b,3acb360e-21f5-4778-9403-583038ba96bf,converted,2026-04-08T02:51:43
6bff7fbf-bddd-44bd-9c9b-00cc4ed177f8,f5377876-26bf-420c-b49c-ccecdfdb7750,created,2026-07-31T01:05:34
77f17d8b-1215-43b8-bcc3-998c163b37b4,f5377876-26bf-420c-b49c-ccecdfdb7750,item_added,2026-07-31T01:06:34
3c95e5c1-0c58-40ae-b803-c82b96f7b6e6,f5377876-26bf-420c-b49c-ccecdfdb7750,item_added,2026-07-31T01:26:34
1cae116d-e0a0-4204-98a0-0aae783e269f,f5377876-26bf-420c-b49c-ccecdfdb7750,item_added,2026-07-31T01:36:34
46cd7b61-5371-4a1b-84a8-318a754f4101,23cbf71a-1942-4b24-afd5-4e6a20f5211f,created,2026-02-21T02:43:46
0a0491ba-3df8-4a07-894a-b7045f14c9f2,23cbf71a-1942-4b24-afd5-4e6a20f5211f,item_added,2026-02-21T03:00:46
0e24ab70-0d8e-4139-83d8-fdb7368a6219,23cbf71a-1942-4b24-afd5-4e6a20f5211f,item_added,2026-02-21T03:10:46
4a6af03b-7db5-4dab-93a5-eead71dcc8df,23cbf71a-1942-4b24-afd5-4e6a20f5211f,item_added,2026-02-21T03:12:46
bcde511a-6efc-49e9-a6f4-47d0711e4d0d,23cbf71a-1942-4b24-afd5-4e6a20f5211f,item_added,2026-02-21T03:22:46
782d2b11-c184-4980-940f-c1fa47bf25cf,23cbf71a-1942-4b24-afd5-4e6a20f5211f,converted,2026-02-21T04:03:46
2a49bb86-399a-440a-876e-788a28478937,47fab705-b7ff-4df5-aca6-d173b52eb30f,created,2026-06-11T07:52:50
909b94aa-e1f7-4e04-91a2-9fd33ed7f72f,47fab705-b7ff-4df5-aca6-d173b52eb30f,item_added,2026-06-11T07:56:50
1d00d9e1-b5ef-49de-8f55-cc18bb4ab345,47fab705-b7ff-4df5-aca6-d173b52eb30f,item_added,2026-06-11T08:13:50
e5ffa780-9826-4614-915e-e281f8c707f2,47fab705-b7ff-4df5-aca6-d173b52eb30f,item_added,2026-06-11T08:19:50
769d0dd3-6c6d-4a7b-b426-bdab19af413e,47fab705-b7ff-4df5-aca6-d173b52eb30f,item_added,2026-06-11T08:24:50
8ac4c611-83d7-491f-abc6-3b6b385dab34,47fab705-b7ff-4df5-aca6-d173b52eb30f,abandoned,2026-06-11T11:09:50
491e8fa6-bcaf-471a-9c30-719b40a92f5c,f909845a-def7-4ea4-ab47-dbf61efbea39,created,2026-06-02T08:57:41
17032237-6a6b-46c8-ac1b-e187e7654a76,09551162-725f-4514-a8fa-945554fd4b96,created,2026-04-04T16:53:40
d6bee429-ae9a-413f-893a-b7dcba9daf1d,09551162-725f-4514-a8fa-945554fd4b96,item_added,2026-04-04T17:05:40
0c1f3824-f6a0-4df8-b7f4-eca15cc7fbbd,09551162-725f-4514-a8fa-945554fd4b96,abandoned,2026-04-04T19:18:40
853b6060-d671-46f1-b98f-5a0c4ca4e861,80d90584-687a-4267-aea3-efa29fc6da6e,created,2026-06-30T12:10:03
bcf2f493-32e6-4d52-a894-5dd67149efe3,80d90584-687a-4267-aea3-efa29fc6da6e,item_added,2026-06-30T12:30:03
55f51b14-4c34-4451-bbfa-a8a2afc3fbdc,80d90584-687a-4267-aea3-efa29fc6da6e,item_added,2026-06-30T12:33:03
938601b9-8b11-4bc1-84e5-57392fb3830e,80d90584-687a-4267-aea3-efa29fc6da6e,item_added,2026-06-30T12:37:03
716cac80-83c5-4bdd-b93a-b42be6ea7f09,80d90584-687a-4267-aea3-efa29fc6da6e,item_added,2026-06-30T12:41:03
e36170e5-a4ba-4db1-a720-3ead069f4b3d,80d90584-687a-4267-aea3-efa29fc6da6e,abandoned,2026-06-30T13:16:03
5275246f-948f-4025-8637-506249ed8c8c,c5f5f8fa-742b-4b29-9031-e84ab230122b,created,2026-07-11T22:12:14
bdc70cad-a2a8-424f-a40b-9dcccacce225,c5f5f8fa-742b-4b29-9031-e84ab230122b,item_added,2026-07-11T22:30:14
73556397-171a-400f-9407-ca4c8a38a36c,c5f5f8fa-742b-4b29-9031-e84ab230122b,converted,2026-07-12T01:34:14
44f99bf0-129a-4628-868a-be7d4c723dcd,736e435c-a9d0-4519-8bb0-8c510579a611,created,2026-06-15T14:03:31
600b2cea-075a-4f94-b3cf-6e465e757ee3,736e435c-a9d0-4519-8bb0-8c510579a611,item_added,2026-06-15T14:20:31
701133b9-4828-47e4-a207-c06013c9bbc8,736e435c-a9d0-4519-8bb0-8c510579a611,converted,2026-06-15T17:05:31
aff11b3a-2b15-4d82-86d6-ac750628b906,713c48eb-18a3-4e8c-8ad1-5a3aac1c73a2,created,2026-04-02T20:03:20
05dbdfb6-d9f2-41ce-be7e-48b9ed497a69,713c48eb-18a3-4e8c-8ad1-5a3aac1c73a2,item_added,2026-04-02T20:15:20
94bf5c8c-f9f8-433f-bced-ab7fb33f83b0,713c48eb-18a3-4e8c-8ad1-5a3aac1c73a2,abandoned,2026-04-02T21:06:20
5d884d45-b9bb-4a44-aaaf-945af1e0880b,d9d4995b-527c-4059-b8fe-5404cf1e9f9a,created,2026-06-21T02:49:08
35291386-4c19-4c20-954b-ffa490eeea23,d9d4995b-527c-4059-b8fe-5404cf1e9f9a,item_added,2026-06-21T03:00:08
517174a7-0213-4068-8006-89e432ec21d1,d9d4995b-527c-4059-b8fe-5404cf1e9f9a,item_added,2026-06-21T03:04:08
80fbae5d-6b51-4cb8-b709-aa97f37e2d35,0c2d1a7d-3efa-4b9c-8f68-e6deb1295b5e,created,2026-06-18T18:26:00
765658be-42c2-44ea-869e-dd7eb99b4fa6,0c2d1a7d-3efa-4b9c-8f68-e6deb1295b5e,item_added,2026-06-18T18:38:00
d69e0bda-d8b6-4bdf-9bb9-9db8e0c9b257,0c2d1a7d-3efa-4b9c-8f68-e6deb1295b5e,item_added,2026-06-18T18:40:00
4dbfb292-7259-4006-b368-c73943cc8cba,0c2d1a7d-3efa-4b9c-8f68-e6deb1295b5e,abandoned,2026-06-18T21:10:00
f2b64eec-779c-4c02-a8a7-41c84af1e320,ca718494-32db-4292-b00e-aebf7d9e0d2d,created,2026-02-21T23:01:41
53b230d6-1cff-4a8d-94d3-afa07446925c,ca718494-32db-4292-b00e-aebf7d9e0d2d,item_added,2026-02-21T23:09:41
517b881e-ed8b-434b-9d56-01242ac38843,ca718494-32db-4292-b00e-aebf7d9e0d2d,item_added,2026-02-21T23:14:41
6f5e95fd-02d3-43d9-a6cf-3fad68cf5bfb,ca718494-32db-4292-b00e-aebf7d9e0d2d,item_added,2026-02-21T23:29:41
f881ca43-ea44-4084-8536-387bde6de1cc,ca718494-32db-4292-b00e-aebf7d9e0d2d,item_added,2026-02-21T23:39:41
d9276609-c4b0-40f3-a325-dd7010f73002,ca718494-32db-4292-b00e-aebf7d9e0d2d,abandoned,2026-02-21T23:08:41
e1ca9c36-7a9b-4944-b895-2caa8e985709,d82fa49d-a2d6-4cdc-b01a-b22b12f39e24,created,2026-07-15T10:38:20
731e577e-8b4e-4d9d-b94b-461cea02b8e6,d82fa49d-a2d6-4cdc-b01a-b22b12f39e24,item_added,2026-07-15T10:40:20
b356b905-cc79-424e-b340-e4c36d96b76d,d82fa49d-a2d6-4cdc-b01a-b22b12f39e24,item_added,2026-07-15T10:48:20
aa7fefa5-304e-4924-aef6-b5c390c1d000,d82fa49d-a2d6-4cdc-b01a-b22b12f39e24,item_added,2026-07-15T11:03:20
0ec56ef4-4a81-4ac1-a330-a9e2cf61d421,d82fa49d-a2d6-4cdc-b01a-b22b12f39e24,item_added,2026-07-15T11:12:20
a402bfb0-02bd-463b-8078-76332d95d67e,d82fa49d-a2d6-4cdc-b01a-b22b12f39e24,converted,2026-07-15T13:02:20
e7e8e567-54a0-40ec-9516-64b5e87daa94,fb2d5fb7-eeba-4a8b-b745-0094f3678d35,created,2026-04-02T19:22:45
a70edc9a-88ea-40c0-9cfc-76b31ea5e84f,fb2d5fb7-eeba-4a8b-b745-0094f3678d35,item_added,2026-04-02T19:25:45
52207c50-e902-400e-bdf1-829376a5ee3d,fb2d5fb7-eeba-4a8b-b745-0094f3678d35,item_added,2026-04-02T19:31:45
514a3c7e-9700-4e88-972f-d5e568238454,fb2d5fb7-eeba-4a8b-b745-0094f3678d35,item_added,2026-04-02T19:39:45
44cab236-c316-45bb-b299-4e0244f013fd,fb2d5fb7-eeba-4a8b-b745-0094f3678d35,item_added,2026-04-02T19:51:45
bd21e9d7-bd0d-4465-84cc-82351b41605c,fb2d5fb7-eeba-4a8b-b745-0094f3678d35,converted,2026-04-02T20:47:45
625fe492-9f03-4a32-adb3-0a9286ec343c,bf16b9b2-a662-4f94-ba17-5d228775399e,created,2026-02-28T10:26:17
563d2e08-fde2-4456-b7cf-972b8f217c86,bf16b9b2-a662-4f94-ba17-5d228775399e,item_added,2026-02-28T10:43:17
df1afa33-5923-4f38-8035-f95b66ff67ad,bf16b9b2-a662-4f94-ba17-5d228775399e,item_added,2026-02-28T11:01:17
68dc2322-5713-42e5-9634-ec14a96791cc,bf16b9b2-a662-4f94-ba17-5d228775399e,abandoned,2026-02-28T11:30:17
493f10e4-c4d7-4df1-8711-9826eab431a5,0caae719-2350-4a6e-85da-f65822ee9b8c,created,2026-03-21T05:10:10
530cbce3-5511-4fbb-8620-36cd87e0096b,0caae719-2350-4a6e-85da-f65822ee9b8c,item_added,2026-03-21T05:28:10
bc74e17d-d446-48e9-8940-3f21e45ea792,0caae719-2350-4a6e-85da-f65822ee9b8c,item_added,2026-03-21T05:47:10
c6701e5e-3e23-4213-8cb5-84aa3f18f301,0caae719-2350-4a6e-85da-f65822ee9b8c,abandoned,2026-03-21T07:09:10
f051b5c8-f9ce-4726-bf52-302e70a03905,a5fad31e-cabb-47b8-afd5-64df9b320d5b,created,2026-05-11T12:19:54
c78c6172-425f-4ceb-aaa7-1877a5a88154,0f06635f-1fa6-4bd0-bbfb-df03ecd79900,created,2026-06-02T09:43:42
ebe872c7-eac5-49c7-81b0-b42ce1f3c3f8,0f06635f-1fa6-4bd0-bbfb-df03ecd79900,item_added,2026-06-02T09:51:42
b2d02f32-22ba-4dbc-8173-0866a7862745,0f06635f-1fa6-4bd0-bbfb-df03ecd79900,item_added,2026-06-02T10:00:42
babbd24e-77f7-4140-a196-3edc6e7ceedb,e9dd02b3-6e0d-4f9e-9495-31477c44301e,created,2026-03-19T02:23:25
97de2f11-8842-4a78-89fb-a910cc293ace,e9dd02b3-6e0d-4f9e-9495-31477c44301e,item_removed,2026-03-19T02:44:25
35310fbb-f064-4a34-81e1-68489086012e,e9dd02b3-6e0d-4f9e-9495-31477c44301e,item_added,2026-03-19T02:41:25
5240e761-da7c-41d9-a403-a025ac8b51de,e9dd02b3-6e0d-4f9e-9495-31477c44301e,item_added,2026-03-19T02:47:25
c6119573-8d95-46c1-b41c-75825980209f,e9dd02b3-6e0d-4f9e-9495-31477c44301e,abandoned,2026-03-19T03:50:25
c1958191-90fc-475a-9f72-c47212473ef1,340c0d97-1922-4efd-9210-3c0023e75c82,created,2026-04-06T04:18:46
4c121370-a68f-4004-9efe-fa40fdc99582,340c0d97-1922-4efd-9210-3c0023e75c82,item_added,2026-04-06T04:34:46
d0898df9-1050-4471-9c64-e602f9cda70d,340c0d97-1922-4efd-9210-3c0023e75c82,abandoned,2026-04-06T06:06:46
d743f0b6-3012-4241-b128-d83663b2f16b,be1a4265-2c78-45a6-97bd-c3db8364985e,created,2026-03-28T17:50:30
50a2eed6-c86d-4382-863e-4d43bf413068,be1a4265-2c78-45a6-97bd-c3db8364985e,item_added,2026-03-28T17:59:30
83c091bc-e766-42ff-ac3c-e864f273dc69,be1a4265-2c78-45a6-97bd-c3db8364985e,item_added,2026-03-28T18:02:30
7454656b-2967-4116-8009-e53f8c7a43ac,be1a4265-2c78-45a6-97bd-c3db8364985e,item_added,2026-03-28T18:17:30
cdb0406f-cea5-4c37-b972-0bcaae1378e3,be1a4265-2c78-45a6-97bd-c3db8364985e,converted,2026-03-28T19:07:30
46ab00e9-97ae-4ff4-b45c-7484b277dc2e,78cd53e1-6e52-4408-a950-1ab755563ed8,created,2026-08-14T19:00:01
41004029-eae5-4c5f-9118-cc2544bec0c8,78cd53e1-6e52-4408-a950-1ab755563ed8,item_added,2026-08-14T19:12:01
299e5515-ba95-4069-88ab-1f193fa0d833,78cd53e1-6e52-4408-a950-1ab755563ed8,item_added,2026-08-14T19:30:01
9c1757b0-b3ba-4c8a-b303-27566f66083b,78cd53e1-6e52-4408-a950-1ab755563ed8,item_added,2026-08-14T19:46:01
2dfd4450-30c1-4802-a96d-7732d3b2bc8c,78cd53e1-6e52-4408-a950-1ab755563ed8,abandoned,2026-08-14T19:19:01
c1ff0b60-2fef-4808-83ea-e66e4086f141,11f56f3c-c87c-4bef-8b53-ac2f77dd4244,created,2026-08-14T20:50:16
88988c31-929f-4631-b7aa-4aa7808ea32f,11f56f3c-c87c-4bef-8b53-ac2f77dd4244,item_added,2026-08-14T20:55:16
46e7623b-f7df-44da-97a4-a1764757d921,11f56f3c-c87c-4bef-8b53-ac2f77dd4244,item_added,2026-08-14T21:01:16
322f3b3b-617f-45f3-927c-02462bff4da7,11f56f3c-c87c-4bef-8b53-ac2f77dd4244,abandoned,2026-08-14T21:13:16
cb6edd29-93e8-4611-8a9b-e493c36a731a,bbb873db-935b-43e2-9efc-57a7a79eec04,created,2026-03-19T10:55:28
09afee55-1202-4a26-9559-5008b514ac89,bbb873db-935b-43e2-9efc-57a7a79eec04,item_added,2026-03-19T11:01:28
74181b7c-5076-4b63-9d12-49b952ac11c5,bbb873db-935b-43e2-9efc-57a7a79eec04,item_added,2026-03-19T11:14:28
c7ffeaec-7f13-49e2-9009-fcc16d3ce58e,bbb873db-935b-43e2-9efc-57a7a79eec04,item_added,2026-03-19T11:20:28
51cad85e-7bdf-41cb-926f-3656273caa40,bbb873db-935b-43e2-9efc-57a7a79eec04,abandoned,2026-03-19T12:47:28
905850b8-0ec2-4f53-9b56-8d5ed7fabc9f,9e9d689b-39f8-41ee-a49f-ba2101408e26,created,2026-06-17T17:32:31
32d83642-0ca9-4916-b8fe-632b7f3eca7d,9e9d689b-39f8-41ee-a49f-ba2101408e26,item_added,2026-06-17T17:43:31
d3fbda35-276f-4e12-a95c-33a47dca44ab,9e9d689b-39f8-41ee-a49f-ba2101408e26,item_added,2026-06-17T17:55:31
621a1199-bb64-40c8-a722-a0204e86caa8,2337e9cc-87e6-4258-962f-dfaff0eaecf7,created,2026-02-27T13:57:32
cc1f3b63-c076-4fb4-b786-451704430470,2337e9cc-87e6-4258-962f-dfaff0eaecf7,item_added,2026-02-27T14:00:32
b15403e2-2778-476e-9ba0-3739e3769eba,2337e9cc-87e6-4258-962f-dfaff0eaecf7,item_added,2026-02-27T14:09:32
b6d288c8-dcdb-4dcc-a249-00a1c6b5b69a,2337e9cc-87e6-4258-962f-dfaff0eaecf7,item_added,2026-02-27T14:11:32
72b03d85-324d-441f-b9d4-f2c0d5c3165c,2337e9cc-87e6-4258-962f-dfaff0eaecf7,abandoned,2026-02-27T17:46:32
131ebe8a-aef2-4884-af4b-b72309b39daa,5850dc33-b920-48a7-b1ae-2027c33907bd,created,2026-05-31T07:28:15
c455cee7-65e1-4c44-aa3c-4a1a67b13034,5850dc33-b920-48a7-b1ae-2027c33907bd,item_added,2026-05-31T07:37:15
bcb65b5e-05dc-4e62-a891-f777d1cde205,5850dc33-b920-48a7-b1ae-2027c33907bd,item_added,2026-05-31T07:56:15
f1addd5e-2bf9-4106-acb8-c9642e750cd2,5850dc33-b920-48a7-b1ae-2027c33907bd,item_removed,2026-05-31T08:25:15
abcbfe3f-44aa-451e-9255-315cc16abc75,5850dc33-b920-48a7-b1ae-2027c33907bd,item_added,2026-05-31T08:10:15
6fca0eaa-9e01-40c8-a79c-96931df0a9f6,5850dc33-b920-48a7-b1ae-2027c33907bd,abandoned,2026-05-31T10:45:15
24cfb488-6736-4664-bede-74abebe7db59,60e2d3bb-b3ea-4dd5-954a-cef5c3fa4b52,created,2026-05-15T07:35:18
7bddcd01-32aa-47f6-b9c6-ef3d43199c17,60e2d3bb-b3ea-4dd5-954a-cef5c3fa4b52,item_added,2026-05-15T07:47:18
ed73488b-0295-4a34-9903-0bb7d96bf28c,60e2d3bb-b3ea-4dd5-954a-cef5c3fa4b52,item_added,2026-05-15T08:05:18
1d93d7f3-ea2e-4161-a803-4cddd92627a4,60e2d3bb-b3ea-4dd5-954a-cef5c3fa4b52,abandoned,2026-05-15T09:53:18
6e9741fa-4f74-4ce1-8df3-5474aec8ccb5,711a4722-29a1-473f-a5bb-293be519b84c,created,2026-06-29T10:59:48
fc58058d-9120-48f3-89df-c182e6d0fb05,711a4722-29a1-473f-a5bb-293be519b84c,item_added,2026-06-29T11:02:48
68473a35-63ba-4df3-b9ce-ee8aca718366,711a4722-29a1-473f-a5bb-293be519b84c,item_added,2026-06-29T11:22:48
c22fa904-f156-4719-a95f-2c8af0afb64a,711a4722-29a1-473f-a5bb-293be519b84c,converted,2026-06-29T11:10:48
7459b4db-a28b-431b-a90c-aa49c114e927,0dd467aa-b1fd-4741-a490-9f162f356cf1,created,2026-04-22T16:11:59
ba346edc-ff71-43ed-9c0c-d042d6a141c9,0dd467aa-b1fd-4741-a490-9f162f356cf1,item_added,2026-04-22T16:20:59
412d6a34-e12f-425a-b2fe-679645b03028,0dd467aa-b1fd-4741-a490-9f162f356cf1,abandoned,2026-04-22T17:45:59
154ba4b9-80af-4806-b02b-493edce53e0c,301c3680-d127-4191-bbe4-406841232167,created,2026-04-30T14:28:01
bc5537f8-2e68-4ef1-96f4-7f0f8149d871,301c3680-d127-4191-bbe4-406841232167,item_added,2026-04-30T14:34:01
fa3e890b-0bc1-4fa0-bd5f-b3976d3f1e4e,301c3680-d127-4191-bbe4-406841232167,item_added,2026-04-30T14:38:01
014d3707-c0e8-4788-9e7e-b805c7416191,301c3680-d127-4191-bbe4-406841232167,abandoned,2026-04-30T17:20:01
cabb134a-0815-487a-9894-f0082fb105c4,6b948800-7ed2-4b09-b487-da3725b32bd5,created,2026-08-02T23:33:21
3bf5a73f-8f3a-4781-9094-f7a6e955807e,6b948800-7ed2-4b09-b487-da3725b32bd5,item_added,2026-08-02T23:49:21
fcd09840-49e2-4c80-bf4b-215d7b23afa8,6b948800-7ed2-4b09-b487-da3725b32bd5,item_added,2026-08-02T23:51:21
b70b5b70-aa19-462e-a635-8b543a03626d,6b948800-7ed2-4b09-b487-da3725b32bd5,abandoned,2026-08-03T02:18:21
4ab457ed-4451-457e-a5d9-5c27076605b2,d6658bd4-9b52-4c1a-8cc5-622d20d15c33,created,2026-03-24T19:22:49
70e5ab9a-706d-4721-80de-4554f9443f02,d6658bd4-9b52-4c1a-8cc5-622d20d15c33,item_added,2026-03-24T19:39:49
b29356fd-261d-48d3-9087-a1e0763cdd23,d6658bd4-9b52-4c1a-8cc5-622d20d15c33,converted,2026-03-24T20:31:49
485c0f9b-ab95-4a5f-bbae-d4b655aa4998,c50c2464-d233-4149-b1d1-a2505993bf43,created,2026-02-17T06:09:28
fc26ea48-457f-4fdd-b2a3-8bb998b0472b,c50c2464-d233-4149-b1d1-a2505993bf43,item_added,2026-02-17T06:25:28
cb4156ea-75ed-4497-84c9-455656868811,c50c2464-d233-4149-b1d1-a2505993bf43,item_added,2026-02-17T06:26:28
de9bc9b6-f931-4f97-b082-e03d4b186aa0,c50c2464-d233-4149-b1d1-a2505993bf43,item_added,2026-02-17T06:32:28
af39b384-99fd-4efd-b920-289f8d4fa06d,1b6044df-3e74-434d-9595-67eb73a0123d,created,2026-04-03T00:13:38
ad2c71fe-92f6-4030-8616-d51b16a467e6,1b6044df-3e74-434d-9595-67eb73a0123d,item_removed,2026-04-03T00:38:38
9c34187e-6b55-40ae-a574-51625f7d3f38,1b6044df-3e74-434d-9595-67eb73a0123d,item_added,2026-04-03T00:32:38
31134c10-a0b6-4a44-806a-6ffe6e3019b1,1b6044df-3e74-434d-9595-67eb73a0123d,item_added,2026-04-03T00:36:38
59f6bf30-ee59-4e25-958e-bb9f38b5b489,cb41a6ef-21f2-4a98-9b1b-1146daf3cd48,created,2026-05-09T23:11:01
2b10baa1-f3df-4206-b7d7-257abd65a7b0,cb41a6ef-21f2-4a98-9b1b-1146daf3cd48,item_added,2026-05-09T23:26:01
9202a9e3-23ef-4679-8a84-66e1cea13c9f,cb41a6ef-21f2-4a98-9b1b-1146daf3cd48,item_added,2026-05-09T23:36:01
0f0a7a0e-1a6a-4bee-85a7-f65fdb4b01a1,cb41a6ef-21f2-4a98-9b1b-1146daf3cd48,item_added,2026-05-09T23:42:01
c80983cf-507b-4758-8671-9a750cee6d94,cb41a6ef-21f2-4a98-9b1b-1146daf3cd48,item_added,2026-05-09T23:46:01
a5a61ac8-13c1-4244-96c4-3e18ea5f3bad,cb41a6ef-21f2-4a98-9b1b-1146daf3cd48,abandoned,2026-05-10T02:11:01
009be7d9-dda1-4502-83c3-17204f874c2c,cea2d9dc-c860-4bf8-9db5-a95d79c167b4,created,2026-05-07T00:14:31
d349d03d-aed0-4ec0-9ce2-f8c0139668b5,cea2d9dc-c860-4bf8-9db5-a95d79c167b4,item_added,2026-05-07T00:26:31
c95add96-faae-40f0-bbd1-cd64ccb80c8f,cea2d9dc-c860-4bf8-9db5-a95d79c167b4,item_added,2026-05-07T00:31:31
e60f1891-56db-40e7-9290-4c10a5166ee8,cea2d9dc-c860-4bf8-9db5-a95d79c167b4,item_added,2026-05-07T00:47:31
b0157d37-bb5f-4a76-b4d0-663e733940c7,cea2d9dc-c860-4bf8-9db5-a95d79c167b4,item_removed,2026-05-07T01:08:31
1a27b6ff-0228-49f5-9b48-4b226b99dbbc,cea2d9dc-c860-4bf8-9db5-a95d79c167b4,item_added,2026-05-07T01:04:31
2d16cafc-58df-454c-a55c-8d9a01d29d2e,cea2d9dc-c860-4bf8-9db5-a95d79c167b4,abandoned,2026-05-07T03:13:31
dc6e5b84-6eb1-4766-a6fc-746f0723618c,47a4e861-a113-4e88-bce7-9988be166746,created,2026-04-29T11:15:27
94600d3f-1d60-490e-86ab-8369f48f9f61,47a4e861-a113-4e88-bce7-9988be166746,item_added,2026-04-29T11:31:27
38219598-ea0f-408f-97d7-32456997590a,47a4e861-a113-4e88-bce7-9988be166746,item_added,2026-04-29T11:36:27
d230fc3c-5d40-4881-8e5c-486b40ba20c3,47a4e861-a113-4e88-bce7-9988be166746,converted,2026-04-29T11:36:27
1826c4d7-f495-437f-802d-1594f4b6e97e,c52c7581-5881-4de9-bbd5-cf3d283daf60,created,2026-08-08T21:34:09
44905245-d2c2-4b84-96d0-f53f39efea68,c52c7581-5881-4de9-bbd5-cf3d283daf60,item_added,2026-08-08T21:41:09
6fc6302a-6bfd-4e62-992f-70a1028f20cb,c52c7581-5881-4de9-bbd5-cf3d283daf60,item_added,2026-08-08T22:00:09
aa47e99e-0155-4ed1-873b-1e392594f185,c52c7581-5881-4de9-bbd5-cf3d283daf60,converted,2026-08-08T21:59:09
4786f1ab-75fd-488f-a82e-a38629cf927e,516a9d2a-c311-403b-a1b4-6cc5af753afe,created,2026-06-13T09:37:54
55db1438-1481-4075-9397-d76f970585da,516a9d2a-c311-403b-a1b4-6cc5af753afe,item_added,2026-06-13T09:50:54
715458c4-c836-410b-b39d-6c547fdd27e1,516a9d2a-c311-403b-a1b4-6cc5af753afe,converted,2026-06-13T11:44:54
8c68f3d9-1fa1-4f8e-b0c6-cbaf5536c49a,b0a38efa-e5c8-4d31-8aff-2307e9774627,created,2026-06-03T15:52:19
93813b7a-a7c7-4d3c-b7fa-ab3c977ac70a,b0a38efa-e5c8-4d31-8aff-2307e9774627,item_added,2026-06-03T16:04:19
bcf8bb20-a4bc-4c00-aece-4e325f21f7fc,b0a38efa-e5c8-4d31-8aff-2307e9774627,item_added,2026-06-03T16:09:19
3bdda217-2bce-43f1-a154-bef6be7f6bdf,b0a38efa-e5c8-4d31-8aff-2307e9774627,item_added,2026-06-03T16:11:19
571548e1-3d85-486a-8494-d7b6bdad438c,b0a38efa-e5c8-4d31-8aff-2307e9774627,abandoned,2026-06-03T16:56:19
3202c191-e44d-4cef-9163-15a9a6f2eab1,75b832e0-36be-4496-82eb-37d9c7fc09ae,created,2026-08-01T06:53:53
87165bed-eb4b-4cfd-8eb9-07322e561f46,179a5732-49cb-4490-8ca9-ba7dc4a1972a,created,2026-02-17T21:15:39
0b656d89-edee-4bf4-a17f-1c654fc657db,179a5732-49cb-4490-8ca9-ba7dc4a1972a,item_added,2026-02-17T21:19:39
020abffc-98ac-4d53-96e5-dab50a4495fe,179a5732-49cb-4490-8ca9-ba7dc4a1972a,item_added,2026-02-17T21:35:39
d7a2fc1f-8970-4d7d-bdc4-78f4bac8b296,179a5732-49cb-4490-8ca9-ba7dc4a1972a,item_added,2026-02-17T21:42:39
72ca569d-28a3-4f04-8c7d-7bcc29d9a76c,179a5732-49cb-4490-8ca9-ba7dc4a1972a,item_added,2026-02-17T21:58:39
1e87d974-8ae9-4616-b339-e9a5691196ed,179a5732-49cb-4490-8ca9-ba7dc4a1972a,abandoned,2026-02-17T23:22:39
5fde667a-761f-47f6-be28-7960d1f1eeb7,e31a7d35-76be-4a49-a964-923efd8323b8,created,2026-02-27T12:07:40
44f7aac9-7323-4000-8186-94e460f9c0ab,e31a7d35-76be-4a49-a964-923efd8323b8,item_removed,2026-02-27T12:24:40
2052a702-2920-4e76-949b-48381883645b,e31a7d35-76be-4a49-a964-923efd8323b8,item_added,2026-02-27T12:23:40
8ee7e9e3-cb6c-4992-9128-d65a329d45a0,e31a7d35-76be-4a49-a964-923efd8323b8,item_added,2026-02-27T12:29:40
48816f99-fb01-4b27-8c36-84c833e53e2e,e31a7d35-76be-4a49-a964-923efd8323b8,abandoned,2026-02-27T14:57:40
6e61780a-a1de-41cd-8483-fc41c3b4c876,42c8d22a-9db6-45de-96ee-11219318b998,created,2026-06-05T20:13:29
72ef5b72-603a-41f8-a817-34887cd4762d,42c8d22a-9db6-45de-96ee-11219318b998,item_added,2026-06-05T20:31:29
7a65869c-ac9d-4529-816a-d0a6be7e8885,42c8d22a-9db6-45de-96ee-11219318b998,abandoned,2026-06-05T22:01:29
01d88fea-4a96-4590-9d24-9c37587dfe3b,07562428-ff45-484b-97d0-0eadfd4bba8a,created,2026-07-02T13:16:22
2deb6816-9aeb-45a5-9c95-6b607f2776dd,07562428-ff45-484b-97d0-0eadfd4bba8a,item_added,2026-07-02T13:18:22
ff7af427-5bc2-4b7a-ac82-c074cffdaf3c,07562428-ff45-484b-97d0-0eadfd4bba8a,abandoned,2026-07-02T15:34:22
bc01678c-5d65-43c3-acd5-abd71e4fa7ff,edef0475-688c-4606-aa24-ba017c761a95,created,2026-07-07T21:12:58
f7aa5190-f42b-4655-a6fb-26046bbbd0a0,d4d86af7-a567-400d-b72c-dcbe395c9099,created,2026-06-28T21:20:07
d701e19a-97b4-42fc-ae6e-cd62d96e348c,d4d86af7-a567-400d-b72c-dcbe395c9099,item_added,2026-06-28T21:24:07
69883acf-b354-4274-88bf-47ca057f4087,d4d86af7-a567-400d-b72c-dcbe395c9099,item_added,2026-06-28T21:28:07
0270fb88-758e-416d-8c7d-b9af345c30b1,d4d86af7-a567-400d-b72c-dcbe395c9099,item_added,2026-06-28T21:38:07
6feaa76a-00e6-41e8-a083-ba42dc0e25af,d4d86af7-a567-400d-b72c-dcbe395c9099,item_removed,2026-06-28T22:10:07
8fc8983c-97e2-4976-a751-ef5a622d5110,d4d86af7-a567-400d-b72c-dcbe395c9099,item_added,2026-06-28T21:49:07
0be53de8-6d27-491b-95f2-b542fa842de0,d4d86af7-a567-400d-b72c-dcbe395c9099,abandoned,2026-06-29T00:19:07
b3b95647-1838-4029-9e00-c7eb484eddd3,43ff8e47-5bf2-44ca-931c-0bfc1831e044,created,2026-08-10T22:26:03
f66a80f3-1775-42b4-8076-2824868cdf41,43ff8e47-5bf2-44ca-931c-0bfc1831e044,item_added,2026-08-10T22:46:03
374631c0-60c1-4a99-8ab4-3da969feb96a,43ff8e47-5bf2-44ca-931c-0bfc1831e044,item_added,2026-08-10T22:52:03
1aef4fdf-3447-4056-855c-866d5bc9f84c,43ff8e47-5bf2-44ca-931c-0bfc1831e044,abandoned,2026-08-11T01:01:03
1fb67f82-43dc-4c2d-adf1-a8dbb4c31ee8,1ecf9db3-dd17-4089-98fe-a99ee84a58b1,created,2026-03-01T22:01:23
45d0b0fe-4f86-456c-a8dc-e6e5b9b09f8d,1ecf9db3-dd17-4089-98fe-a99ee84a58b1,item_added,2026-03-01T22:11:23
b6d2b399-4466-4a7c-bb48-d3c9287335c2,1ecf9db3-dd17-4089-98fe-a99ee84a58b1,abandoned,2026-03-02T01:38:23
05965f2a-c878-4656-b9c1-481fa7d27075,6b25be54-97a2-4de1-9597-181a3cb27e0d,created,2026-05-07T20:42:30
6bcfa466-8699-4339-95dc-5226dfc9a7f4,6b25be54-97a2-4de1-9597-181a3cb27e0d,item_added,2026-05-07T20:51:30
50b7cfa8-e735-4c09-905a-2bcd2ab04b8c,12cc35be-22e9-4c0e-9965-a1e25b0342ba,created,2026-06-08T04:34:15
5eab3e32-a902-4be9-af3e-a3fdc4994391,12cc35be-22e9-4c0e-9965-a1e25b0342ba,item_added,2026-06-08T04:50:15
eafe81cd-2f37-4710-9e60-53e3f8d75348,4217987f-ce13-404c-bfb2-85c738d241d2,created,2026-07-11T21:53:01
deb11f77-a796-402e-93e6-1dab14ecbdf0,4217987f-ce13-404c-bfb2-85c738d241d2,item_added,2026-07-11T21:59:01
a852fcae-b1f7-45f5-9281-7b1019664d2d,4217987f-ce13-404c-bfb2-85c738d241d2,item_added,2026-07-11T22:14:01
ee3e0beb-dc3e-4ed7-891b-3f52d70247f1,cb884fb0-8c35-449a-9603-8c515e72bf21,created,2026-08-06T09:18:46
21e6b4bc-d6a9-4e7c-becd-05f8ddd42c3e,cb884fb0-8c35-449a-9603-8c515e72bf21,item_added,2026-08-06T09:19:46
bbb514eb-d388-4e13-b1e6-9f33e82d3934,cb884fb0-8c35-449a-9603-8c515e72bf21,item_added,2026-08-06T09:26:46
9f7b0661-8223-4fa3-83b2-d17511d9ee57,cb884fb0-8c35-449a-9603-8c515e72bf21,item_added,2026-08-06T09:33:46
62e7d399-3cc3-4950-9be2-bab0c1c76853,cb884fb0-8c35-449a-9603-8c515e72bf21,abandoned,2026-08-06T12:47:46
7166be66-0c92-4fb0-9c92-f39af6c9493a,6de52dae-6d28-4dc2-b2d0-65b5063d4c1e,created,2026-04-15T20:05:48
8dbe527d-99b2-4ed5-ac08-2cf23c798d60,6de52dae-6d28-4dc2-b2d0-65b5063d4c1e,item_added,2026-04-15T20:17:48
dfa60264-973a-4ac7-822b-a832c3cffb86,6de52dae-6d28-4dc2-b2d0-65b5063d4c1e,item_added,2026-04-15T20:25:48
e7730783-0b70-4224-83cb-8cf8a1dd65cf,6de52dae-6d28-4dc2-b2d0-65b5063d4c1e,item_added,2026-04-15T20:40:48
3d9ac0f0-e0bf-4ca1-8452-2defad98fca0,6de52dae-6d28-4dc2-b2d0-65b5063d4c1e,item_added,2026-04-15T20:47:48
09a5ef1c-dc5d-40de-9bd9-614d6188d3a9,6de52dae-6d28-4dc2-b2d0-65b5063d4c1e,abandoned,2026-04-15T23:14:48
cb5b8dfc-4a7e-4397-a0f7-65d0258c6074,86a3980d-9942-4e07-93e7-2ecc924dadcc,created,2026-07-26T21:26:31
8ebfc321-6127-4108-bd56-fb2f0f607705,86a3980d-9942-4e07-93e7-2ecc924dadcc,item_added,2026-07-26T21:39:31
69386574-04bc-4fef-90b8-1db6784de9ad,86a3980d-9942-4e07-93e7-2ecc924dadcc,item_added,2026-07-26T21:59:31
9c9e7954-fdee-47a1-a74b-7daa19414054,86a3980d-9942-4e07-93e7-2ecc924dadcc,item_added,2026-07-26T22:08:31
1c6acefd-d4a9-4ad7-8855-a9699a2e5484,f0f5ca1a-d918-4db8-9fa9-fc89932410d8,created,2026-07-16T17:43:15
d3500f60-9a37-4ce4-900e-bce0fb8c1988,f0f5ca1a-d918-4db8-9fa9-fc89932410d8,item_added,2026-07-16T17:44:15
50651860-b792-4e70-8484-af745c2853a1,f0f5ca1a-d918-4db8-9fa9-fc89932410d8,item_added,2026-07-16T17:46:15
34a89e20-1be7-4ca5-b2e7-0747b93f84ce,f0f5ca1a-d918-4db8-9fa9-fc89932410d8,item_added,2026-07-16T18:06:15
3f21d0d0-be5f-4cfb-8bb8-5bad46953beb,f0f5ca1a-d918-4db8-9fa9-fc89932410d8,item_added,2026-07-16T18:08:15
c48678a1-19e0-4867-92a0-f7211718c334,f0f5ca1a-d918-4db8-9fa9-fc89932410d8,converted,2026-07-16T20:52:15
b95d0331-89ad-4970-9deb-d11d0b0cc22f,a852f1d2-3e4c-4472-b3b3-28df1aa9c139,created,2026-08-12T23:57:18
efb6e87e-4075-4699-912e-d9dfeec01354,a852f1d2-3e4c-4472-b3b3-28df1aa9c139,item_added,2026-08-13T00:10:18
1b4bc134-9f78-4f90-bc2e-d4731dd623e5,d1f32add-a25c-4767-b6c6-610354e4f070,created,2026-06-22T10:36:36
b97649a2-533c-43ce-bff1-63dd11f56f06,d1f32add-a25c-4767-b6c6-610354e4f070,item_added,2026-06-22T10:47:36
e043d470-e6fc-46fd-8483-51eecd96d093,d1f32add-a25c-4767-b6c6-610354e4f070,item_added,2026-06-22T10:58:36
6bdc9914-5838-42eb-88a6-1b97c8050ad4,d1f32add-a25c-4767-b6c6-610354e4f070,abandoned,2026-06-22T12:04:36
a3ecdacb-ffdd-42b9-b1c0-b11adac91cea,c0065b91-7dc5-4abc-9a8c-df5bb76fd48c,created,2026-03-15T14:17:53
a35b29ac-5c85-4f72-bd97-ea3f5ed7cb37,c0065b91-7dc5-4abc-9a8c-df5bb76fd48c,item_added,2026-03-15T14:32:53
50d6d3bb-0fd3-49f8-a57b-57199147f353,c0065b91-7dc5-4abc-9a8c-df5bb76fd48c,item_added,2026-03-15T14:43:53
e9ab369c-8249-4796-8e54-5cbed75bd339,c0065b91-7dc5-4abc-9a8c-df5bb76fd48c,item_added,2026-03-15T14:49:53
bba3420d-1608-4dd3-b5ad-5251cf5d910e,c0065b91-7dc5-4abc-9a8c-df5bb76fd48c,abandoned,2026-03-15T17:37:53
6660db3f-3e2e-453a-b1ec-8d0393f6237f,da5da933-92d4-4943-ab16-6e5b60f6e57d,created,2026-07-10T15:08:50
0933f17e-9d68-4098-bbf3-15eea1fc0ac2,da5da933-92d4-4943-ab16-6e5b60f6e57d,item_added,2026-07-10T15:09:50
7e3e3372-5788-4c9a-ac44-29da83d5bfb7,da5da933-92d4-4943-ab16-6e5b60f6e57d,item_added,2026-07-10T15:11:50
84696622-762a-4793-851b-a8343d7282a0,da5da933-92d4-4943-ab16-6e5b60f6e57d,item_added,2026-07-10T15:14:50
d7e6275d-58ed-48de-92c6-fcb332845450,b98116e7-79b9-4474-a1b5-175be12209ed,created,2026-04-08T23:29:27
79246a03-2dc4-41d0-b262-68d448e5b2f1,b98116e7-79b9-4474-a1b5-175be12209ed,item_added,2026-04-08T23:40:27
d766d270-81fc-45d7-bb86-a848c9c44393,b98116e7-79b9-4474-a1b5-175be12209ed,abandoned,2026-04-09T00:41:27
e2875a6f-7faa-48b7-a839-d2905661fd78,747ee012-b22c-4ddb-976f-0518d5fb752e,created,2026-06-09T22:06:26
4ed1d36a-5041-4211-a7bb-45fbae915d5b,747ee012-b22c-4ddb-976f-0518d5fb752e,item_added,2026-06-09T22:13:26
828c806e-c730-4370-86ee-9334d82de8c3,747ee012-b22c-4ddb-976f-0518d5fb752e,converted,2026-06-10T00:07:26
bf5020fa-aafe-4f29-86ca-cf1a86c99178,e52e001c-f053-4527-bdaf-af81facdba73,created,2026-03-19T23:03:24
fd32ae08-9cc5-473a-9542-c009ca7ec85f,e52e001c-f053-4527-bdaf-af81facdba73,item_added,2026-03-19T23:09:24
91722034-110f-42c2-ada1-4c1f6686e7e4,e52e001c-f053-4527-bdaf-af81facdba73,item_added,2026-03-19T23:28:24
7238a07b-f675-4fc5-b053-7a1d092b5258,e52e001c-f053-4527-bdaf-af81facdba73,converted,2026-03-19T23:40:24
b6594852-f9ad-4c3b-82d0-0111e2c4c45e,8657c824-c677-4d14-8854-ea791dcc5b00,created,2026-03-31T15:57:37
8b439b01-515c-4a41-a5b8-134de74bb835,8657c824-c677-4d14-8854-ea791dcc5b00,item_added,2026-03-31T16:14:37
d34c64b8-79dd-42eb-99ab-a8706d5c092d,8657c824-c677-4d14-8854-ea791dcc5b00,item_added,2026-03-31T16:23:37
ee5939b5-8193-4b2c-a981-7438f588aa2c,8657c824-c677-4d14-8854-ea791dcc5b00,converted,2026-03-31T19:15:37
da8c3930-abe6-49b5-acf0-fb804ede13f1,32c74e72-a251-48e7-bd54-66deac2f648b,created,2026-03-03T04:38:47
bf40ec20-98bf-4f54-a6f4-da7c33990e72,32c74e72-a251-48e7-bd54-66deac2f648b,item_removed,2026-03-03T04:58:47
d0fc9a79-8b34-4e03-91c6-707e93364bc1,32c74e72-a251-48e7-bd54-66deac2f648b,item_added,2026-03-03T04:54:47
f2120ffa-997e-4dfd-8259-92dc4c3e673c,32c74e72-a251-48e7-bd54-66deac2f648b,item_added,2026-03-03T05:07:47
63bbaef7-92b5-45cc-9991-3e851df9b265,32c74e72-a251-48e7-bd54-66deac2f648b,item_added,2026-03-03T05:09:47
2d0cf763-87fc-4d33-8250-376faa595d98,32c74e72-a251-48e7-bd54-66deac2f648b,item_added,2026-03-03T05:11:47
aa48a8a4-f74e-45a9-8d96-76e47b8d7e3a,32c74e72-a251-48e7-bd54-66deac2f648b,abandoned,2026-03-03T05:06:47
ba069529-0ad6-430d-8a2e-882f23d9aec7,10885579-45e1-474b-8e9b-a3d64b530f74,created,2026-07-25T02:51:55
f91e2382-42aa-4dea-8b35-1849a61eeb00,10885579-45e1-474b-8e9b-a3d64b530f74,item_added,2026-07-25T03:03:55
fa9fb827-73fd-4552-8069-811cb0ea624e,10885579-45e1-474b-8e9b-a3d64b530f74,converted,2026-07-25T03:58:55
31653d9e-093b-44e4-96b2-d062e3eae462,00eaeb52-3da7-4d4e-8411-7303be135714,created,2026-03-14T12:23:06
6368a39c-bae7-4eed-b3a5-7180abe4c57b,00eaeb52-3da7-4d4e-8411-7303be135714,item_added,2026-03-14T12:37:06
8f6bae11-a21d-4f23-b2ac-d8c5e970f5eb,00eaeb52-3da7-4d4e-8411-7303be135714,converted,2026-03-14T12:30:06
b4707db5-f427-4fd9-8467-6910edaf0e7b,0b626e1d-8dc7-4d61-8c86-4a20fc0ba1b1,created,2026-03-21T08:21:55
eb81b7f4-23d6-4c1f-a658-a8c4c4261f12,0b626e1d-8dc7-4d61-8c86-4a20fc0ba1b1,item_added,2026-03-21T08:40:55
66170b55-ba07-4b6b-b820-04cd28965954,0b626e1d-8dc7-4d61-8c86-4a20fc0ba1b1,converted,2026-03-21T11:55:55
0c268d05-421c-43e6-a713-ab423b076b64,dee83f3f-f14d-4564-a51e-b278452d31bd,created,2026-04-21T06:35:40
be0cb8d2-eebb-4d69-9e51-e52077cb790d,dee83f3f-f14d-4564-a51e-b278452d31bd,item_added,2026-04-21T06:47:40
991b48ae-ed0c-4b4f-add1-c501a76d7392,dee83f3f-f14d-4564-a51e-b278452d31bd,converted,2026-04-21T07:13:40
a868548e-0e75-448b-90eb-744b073cdb26,b4b8b043-d60b-4df4-b0ac-3dcdea1a16e7,created,2026-05-05T16:49:01
9a869382-8135-4070-bbf5-b0695096beb0,b4b8b043-d60b-4df4-b0ac-3dcdea1a16e7,item_added,2026-05-05T17:07:01
4508225c-6c5f-4ef7-b429-8c124e79922a,b4b8b043-d60b-4df4-b0ac-3dcdea1a16e7,converted,2026-05-05T20:07:01
94f6c862-407c-4ef0-b72c-fa6e35c3838c,75f8fb80-0b5b-4651-8026-e08593abe28a,created,2026-02-19T17:56:01
4f15999b-ded7-4667-9cc4-dbfddb452259,75f8fb80-0b5b-4651-8026-e08593abe28a,item_added,2026-02-19T18:09:01
2e6f3f18-039e-491a-80c1-e9c9b4e577ab,75f8fb80-0b5b-4651-8026-e08593abe28a,item_added,2026-02-19T18:10:01
2160237c-ff9e-4596-8a71-5bc4bbb53e99,75f8fb80-0b5b-4651-8026-e08593abe28a,item_added,2026-02-19T18:21:01
135192b8-434a-462f-8d49-7ead3cbee360,75f8fb80-0b5b-4651-8026-e08593abe28a,converted,2026-02-19T19:17:01
4db76bc3-0f77-4fd6-9b2b-d91f3dd21922,f6ccce5b-2265-423a-b48d-70a52c5688d7,created,2026-05-19T03:29:27
4eb12515-f748-4588-9b62-44b50c078977,f6ccce5b-2265-423a-b48d-70a52c5688d7,item_added,2026-05-19T03:41:27
9362d4e5-7e99-432e-9759-877bfedd56c3,f6ccce5b-2265-423a-b48d-70a52c5688d7,item_added,2026-05-19T03:49:27
f974c8ba-ad1e-4f95-b00c-9cdc36aea7e5,f6ccce5b-2265-423a-b48d-70a52c5688d7,item_removed,2026-05-19T04:28:27
ef8d1cf6-479d-4cf0-9f99-c724745fd008,f6ccce5b-2265-423a-b48d-70a52c5688d7,item_added,2026-05-19T03:59:27
2104b1f4-574d-410b-a887-9c1e4bbe3fa7,b0e9b4bb-8f48-4e23-9e9b-50125d6fcf91,created,2026-03-28T16:29:37
97499053-3aa5-4682-acd5-2e3af7425d4c,b0e9b4bb-8f48-4e23-9e9b-50125d6fcf91,item_added,2026-03-28T16:42:37
8c4874d6-5002-49de-b5ae-b181992d399d,b0e9b4bb-8f48-4e23-9e9b-50125d6fcf91,abandoned,2026-03-28T16:56:37
02851bb1-78e9-4af8-ab43-c1159cebe687,4d325376-a16e-46ee-bc95-7f19ed6e62b8,created,2026-06-08T22:19:22
5f0618a4-9965-49c8-abde-ca3b4828cd68,4d325376-a16e-46ee-bc95-7f19ed6e62b8,item_added,2026-06-08T22:28:22
be867367-8287-4b1c-8c8c-4e00db7b0a82,9eda17e6-b958-4103-9e87-21b5a0db9014,created,2026-06-12T10:36:00
32cc714f-44eb-4bf1-a0ef-b3b7cc6b4560,9eda17e6-b958-4103-9e87-21b5a0db9014,item_added,2026-06-12T10:53:00
6a54fd94-81ef-4728-9ad7-82c41a1730c3,9eda17e6-b958-4103-9e87-21b5a0db9014,abandoned,2026-06-12T13:55:00
697ca130-1a54-499d-b83f-b3a633d7b128,fecc8ed9-a0e6-4e07-ab46-54d605318da4,created,2026-04-20T10:36:02
e218d73c-ff08-4274-bf1a-33bdd8d8da37,cf287b8e-9489-4d14-90d7-49c384e7cb06,created,2026-05-11T04:53:58
847fe3a4-a6bf-40c8-86e3-1be352b6c87b,cf287b8e-9489-4d14-90d7-49c384e7cb06,item_removed,2026-05-11T05:05:58
339b26cc-793a-455f-90c4-c99d7d62eb15,cf287b8e-9489-4d14-90d7-49c384e7cb06,item_added,2026-05-11T04:54:58
272ee724-ccc2-43f3-a5a7-69d7595f44cb,cf287b8e-9489-4d14-90d7-49c384e7cb06,abandoned,2026-05-11T06:29:58
5d997347-f894-4a8a-b695-c45253b1e315,7370581d-6175-46cd-b375-c2eb8a06c4c8,created,2026-08-02T06:36:04
34329748-a937-475e-940f-4510ff5e510e,7370581d-6175-46cd-b375-c2eb8a06c4c8,item_added,2026-08-02T06:55:04
526275e0-d79d-4c45-a71d-61293276bbb7,7370581d-6175-46cd-b375-c2eb8a06c4c8,converted,2026-08-02T06:57:04
60d4a499-3d21-4122-bb4f-1b1c6d6b5754,f4608a63-eff3-48f4-b397-2ca7ce5cd25e,created,2026-04-07T21:05:05
cab791d5-6e95-4b0a-a7cb-1e1d23409faa,f4608a63-eff3-48f4-b397-2ca7ce5cd25e,item_added,2026-04-07T21:23:05
a704e400-b8de-4c8d-aff8-ecfee9e777dc,f4608a63-eff3-48f4-b397-2ca7ce5cd25e,item_removed,2026-04-07T21:34:05
8715dc9c-419e-4b68-b5bd-f99894549daa,f4608a63-eff3-48f4-b397-2ca7ce5cd25e,item_added,2026-04-07T21:29:05
af9ac317-e9c6-4325-8159-511367591171,f4608a63-eff3-48f4-b397-2ca7ce5cd25e,item_added,2026-04-07T21:40:05
b6117ea1-88e6-4c84-a39d-a4e3c22476db,bc7e5b83-925c-4738-854d-40f2882b7504,created,2026-02-25T11:42:49
cb1d515e-b1c2-42fa-8f86-f4a9ccacb1be,bc7e5b83-925c-4738-854d-40f2882b7504,item_added,2026-02-25T11:46:49
71d0a943-9a5b-43a9-b98d-c9a6add3e3cd,bc7e5b83-925c-4738-854d-40f2882b7504,item_added,2026-02-25T11:56:49
34293796-b4e9-4d69-bdcf-18d7557b3c01,bc7e5b83-925c-4738-854d-40f2882b7504,abandoned,2026-02-25T12:00:49
e5bcc3cc-09ae-4279-b8aa-62893a691534,4c11fee6-7a9a-4b5b-9155-ee715ebdbf25,created,2026-08-04T10:42:17
34c5716a-8b60-4702-9471-b3409ec9e0cc,4c11fee6-7a9a-4b5b-9155-ee715ebdbf25,item_added,2026-08-04T10:44:17
9d3f10a9-9984-4d46-a666-9f6cf5dec96a,bcd826a9-3c83-4751-ab36-26d3defd3d8f,created,2026-08-09T05:19:16
21a033d2-55c0-4f22-872f-127492ce8da8,bcd826a9-3c83-4751-ab36-26d3defd3d8f,item_added,2026-08-09T05:39:16
8a3d5b6e-7a6f-4509-a9a9-e6c7df4d967b,bcd826a9-3c83-4751-ab36-26d3defd3d8f,item_added,2026-08-09T05:51:16
9d7b684f-7035-45c9-8353-a58f42fa1000,bcd826a9-3c83-4751-ab36-26d3defd3d8f,item_added,2026-08-09T06:05:16
4d04006c-f5fc-485d-bf64-221da910b161,bcd826a9-3c83-4751-ab36-26d3defd3d8f,item_added,2026-08-09T06:10:16
856f7345-1e38-441f-b0dc-bfeda3c3ce9d,bcd826a9-3c83-4751-ab36-26d3defd3d8f,converted,2026-08-09T06:09:16
11309a9e-e76b-4f08-9da6-3e37adb827a8,72111830-2b77-409d-b959-2d15115412f9,created,2026-03-17T11:26:17
ae3fd506-be56-4390-89b4-870ac0e3d71a,72111830-2b77-409d-b959-2d15115412f9,item_added,2026-03-17T11:39:17
4f5bf2fc-941b-441e-8ef8-485cb3485722,38b0f4fc-821f-4606-896a-2237fd1d28e6,created,2026-03-27T23:01:20
624ba8e5-c1c1-4c70-b61f-6d75a7bece7f,38b0f4fc-821f-4606-896a-2237fd1d28e6,item_added,2026-03-27T23:16:20
9a864452-516a-4a8a-88f3-09341f1770fe,38b0f4fc-821f-4606-896a-2237fd1d28e6,item_added,2026-03-27T23:29:20
78124fd5-1338-4f77-9b86-230fa0b6183b,38b0f4fc-821f-4606-896a-2237fd1d28e6,converted,2026-03-28T00:17:20
70426d3f-9b1f-486f-844d-737f09f86d8a,a94428f9-c6f5-4543-a515-ab76d31c508f,created,2026-06-18T09:14:29
c3f5f430-df06-41ee-92fa-5d2d6a5f0d8a,8b2d7ec4-73db-4529-97e8-92b93635d5c6,created,2026-06-26T10:31:01
ea082775-208b-4481-9b0f-4ef80fef7be5,8b2d7ec4-73db-4529-97e8-92b93635d5c6,item_added,2026-06-26T10:37:01
0de01279-fccb-468f-ab5f-527ede9a224f,8b2d7ec4-73db-4529-97e8-92b93635d5c6,item_added,2026-06-26T10:43:01
79970af5-9d15-4eee-8be4-24146baf5055,8b2d7ec4-73db-4529-97e8-92b93635d5c6,converted,2026-06-26T12:56:01
ed860037-a8e6-4c99-aa7d-0c5ce49f6eb6,788a0a86-9277-4ee9-84c4-200119d6c610,created,2026-04-21T01:09:57
e7f2b578-b503-480c-8a83-43d961128b0f,788a0a86-9277-4ee9-84c4-200119d6c610,item_removed,2026-04-21T01:17:57
19b17591-d198-4d93-967a-b41ea186b154,788a0a86-9277-4ee9-84c4-200119d6c610,item_added,2026-04-21T01:12:57
06bea37f-3a58-4f98-8c7c-29451dcfed53,788a0a86-9277-4ee9-84c4-200119d6c610,abandoned,2026-04-21T01:22:57
063641c5-c815-4ca0-8e0c-e37e1440ff38,0acc66fc-509b-4614-8f96-14bad84b4521,created,2026-06-15T16:13:40
7033a94b-0830-476c-9117-e47dc1508a15,0acc66fc-509b-4614-8f96-14bad84b4521,item_added,2026-06-15T16:29:40
78c928b9-a982-4b9d-9ba8-e5427b302b13,c9637a58-69cf-405e-936d-f0fc98d1a2f6,created,2026-07-28T20:20:24
092ac4ca-fe37-4e5a-a305-9f0e3ff0400f,c9637a58-69cf-405e-936d-f0fc98d1a2f6,item_added,2026-07-28T20:32:24
85a7eaba-0b79-4776-a417-b7d8fb2ce2d0,c9637a58-69cf-405e-936d-f0fc98d1a2f6,item_added,2026-07-28T20:37:24
25b0832d-8f1c-405d-a7d6-5d0da5f83291,c9637a58-69cf-405e-936d-f0fc98d1a2f6,abandoned,2026-07-28T21:27:24
e58ebdf1-c119-45fb-8fc8-5e3f6eec36a2,4ead2d28-42cc-45bc-bf33-18bb172e9c5f,created,2026-05-23T14:15:34
ac4ebab2-12f4-4303-a61d-e3ceb42c6065,4ead2d28-42cc-45bc-bf33-18bb172e9c5f,item_added,2026-05-23T14:25:34
530c9cc9-4c38-47f7-9beb-8f0f2f6c669e,4ead2d28-42cc-45bc-bf33-18bb172e9c5f,item_added,2026-05-23T14:36:34
d57e3f40-2289-451c-b687-5ced2f824b8e,4ead2d28-42cc-45bc-bf33-18bb172e9c5f,item_added,2026-05-23T14:38:34
8b06af40-9654-4c96-8b8b-c7d837baa988,4ead2d28-42cc-45bc-bf33-18bb172e9c5f,item_added,2026-05-23T14:39:34
39f1c777-2c87-4f4c-97e2-e01e9055d8d7,4ead2d28-42cc-45bc-bf33-18bb172e9c5f,converted,2026-05-23T15:54:34
87c6cc9b-766e-4044-9d44-2cbffa52ad37,53aa1e59-c941-4e27-9b4e-9b5621be347f,created,2026-07-15T04:04:11
4aced695-b9fa-4be7-bba4-fdde127eaf7e,53aa1e59-c941-4e27-9b4e-9b5621be347f,item_added,2026-07-15T04:11:11
25bbf73a-27bf-457d-9bbc-71abf7fe25ca,53aa1e59-c941-4e27-9b4e-9b5621be347f,item_added,2026-07-15T04:29:11
46e98c4d-9017-4206-ac7d-19d9ef59bcb0,53aa1e59-c941-4e27-9b4e-9b5621be347f,item_added,2026-07-15T04:41:11
3c5d73b0-86b7-417c-9305-c254318a6733,53aa1e59-c941-4e27-9b4e-9b5621be347f,converted,2026-07-15T06:28:11
c05f3018-8f9f-4e85-ae90-bc4bf2b3b6d6,8c0687c5-fd6f-40a8-a230-0196c33efbaf,created,2026-06-04T07:41:22
2c62a1ff-7ab9-404e-a504-73b1996d686d,8c0687c5-fd6f-40a8-a230-0196c33efbaf,item_added,2026-06-04T07:44:22
57c4cda4-dc4b-48f1-8d86-9932a6a98430,8c0687c5-fd6f-40a8-a230-0196c33efbaf,converted,2026-06-04T11:30:22
3110c4ac-de94-4a3d-99d6-0690fb779cf3,b975c422-8af6-4026-ba18-9df8e37b0776,created,2026-02-23T14:12:01
e91f2411-3ab3-448d-bb16-55f384072a9a,b975c422-8af6-4026-ba18-9df8e37b0776,item_added,2026-02-23T14:29:01
eb779077-f46a-46d5-8c04-66800988f9ac,b975c422-8af6-4026-ba18-9df8e37b0776,item_added,2026-02-23T14:48:01
4fed00aa-042d-4c1d-ade4-0d54a61f7364,b975c422-8af6-4026-ba18-9df8e37b0776,item_added,2026-02-23T15:00:01
80a87e5a-4876-4440-bf9d-c41d51abdb81,379eecb9-0556-4d38-b84c-2a58c6f1d48b,created,2026-08-09T03:26:17
f36ac1cc-fed9-4d62-8bcc-e8394f8d4f4a,379eecb9-0556-4d38-b84c-2a58c6f1d48b,item_added,2026-08-09T03:35:17
4da4d80c-8f70-42f8-a667-a6c055ee1166,379eecb9-0556-4d38-b84c-2a58c6f1d48b,item_added,2026-08-09T03:52:17
262c7906-fcf8-4e41-acb6-32374bfeac88,379eecb9-0556-4d38-b84c-2a58c6f1d48b,abandoned,2026-08-09T03:44:17
70eb9210-d35e-474e-be24-a12449ee517c,7ff64959-eb57-4d8f-b790-f1882828c5d5,created,2026-02-27T05:05:45
619ef272-d2e5-4448-a6a6-94a2e4aa98db,7ff64959-eb57-4d8f-b790-f1882828c5d5,item_added,2026-02-27T05:18:45
6d507d52-af2b-4892-a967-df4928b27a00,7ff64959-eb57-4d8f-b790-f1882828c5d5,abandoned,2026-02-27T08:14:45
ca7b26d6-3461-4b1e-8fc5-8a56ff11cece,5811e8d9-93e2-4df8-bc4b-a8e833aae70a,created,2026-02-25T11:43:24
7cf6fa90-14d9-4dd0-817f-35145731dd09,5811e8d9-93e2-4df8-bc4b-a8e833aae70a,item_added,2026-02-25T11:51:24
15a3328b-c5a8-4512-9a3a-c7e9b3cd10ab,de56e807-3962-4f10-91fc-87de983eb6e7,created,2026-03-19T14:29:13
f8cf607b-2167-4bf9-a191-6b486e163eca,de56e807-3962-4f10-91fc-87de983eb6e7,item_added,2026-03-19T14:31:13
419570fc-1426-4b02-9060-7183db9bdd56,de56e807-3962-4f10-91fc-87de983eb6e7,converted,2026-03-19T15:41:13
907f7b10-6ceb-4c73-9af5-3dd4eac3024d,e1779ebe-590e-4b96-b9fd-06ebab7ac6be,created,2026-04-19T22:32:33
a61e10ac-88a4-4f0f-8127-1b9b61779c4a,e1779ebe-590e-4b96-b9fd-06ebab7ac6be,item_added,2026-04-19T22:45:33
8650d7b8-4253-4a4e-8e22-afbf5c63348c,e1779ebe-590e-4b96-b9fd-06ebab7ac6be,item_added,2026-04-19T22:50:33
1dcefe4e-13a4-4b83-a663-074c880c7310,e1779ebe-590e-4b96-b9fd-06ebab7ac6be,abandoned,2026-04-20T00:36:33
5ead98a5-7351-4570-92ae-b3e338e11183,388708a4-742d-4be9-a5d9-3efd46002711,created,2026-03-29T10:41:09
e2b4651d-8b2c-4c80-a65d-7b3088720380,388708a4-742d-4be9-a5d9-3efd46002711,item_added,2026-03-29T10:45:09
19a4860e-47e2-4882-86d2-9ef22fbb4daf,388708a4-742d-4be9-a5d9-3efd46002711,abandoned,2026-03-29T13:17:09
b4eb358e-9843-496c-93ca-7434e57fc39e,00b31fea-bae4-4e03-afd8-94bc9328457b,created,2026-08-07T05:56:44
e8e3847c-17c2-4855-bdc3-c9d1519b0f7f,00b31fea-bae4-4e03-afd8-94bc9328457b,item_added,2026-08-07T06:04:44
b3808080-73f4-4e46-8908-cf90cb36826c,00b31fea-bae4-4e03-afd8-94bc9328457b,item_added,2026-08-07T06:08:44
4bee5cda-c6cd-478f-8a6e-df50943591ca,00b31fea-bae4-4e03-afd8-94bc9328457b,item_added,2026-08-07T06:14:44
8b0be07a-c2c0-480b-a217-49a134116be0,00b31fea-bae4-4e03-afd8-94bc9328457b,item_added,2026-08-07T06:31:44
c200323b-f228-486c-99fd-e47f5142754e,883c22a4-d459-4de6-bc73-7902e3b1baa9,created,2026-04-13T17:05:10
a7bac6f5-41db-4583-9fa6-63ca4eb2f028,883c22a4-d459-4de6-bc73-7902e3b1baa9,item_added,2026-04-13T17:06:10
6110e05d-c01e-4d46-8ea2-0a76cd8191a8,883c22a4-d459-4de6-bc73-7902e3b1baa9,converted,2026-04-13T20:16:10
ca7ab7fe-2cbd-4d9f-902c-00b82b7b6c00,8ea30f18-893f-4749-a69b-acdc625d8339,created,2026-06-13T06:55:47
14b02ae2-4dd5-46b4-8552-4bdf12a18bc1,8ea30f18-893f-4749-a69b-acdc625d8339,item_added,2026-06-13T07:12:47
f7e8ee22-8050-4201-8784-0a9b62f6fd39,c8a558e3-893c-4f4a-9997-6df265ff4f26,created,2026-05-31T14:38:31
bd0ff6e0-7b2d-49d1-b51f-50b41d0f4faf,c8a558e3-893c-4f4a-9997-6df265ff4f26,item_removed,2026-05-31T14:54:31
9f7761c7-0313-43dd-9921-9598fd0fcf14,c8a558e3-893c-4f4a-9997-6df265ff4f26,item_added,2026-05-31T14:46:31
496d023f-0a9c-4832-8bbf-66bf1a2da477,c8a558e3-893c-4f4a-9997-6df265ff4f26,item_added,2026-05-31T14:55:31
87a6819f-94f4-459a-b4e5-da6dcbdd3be2,c8a558e3-893c-4f4a-9997-6df265ff4f26,item_added,2026-05-31T14:56:31
0f7cbe3d-7711-4b34-a267-da891c24db62,c8a558e3-893c-4f4a-9997-6df265ff4f26,abandoned,2026-05-31T14:45:31
32320897-9f0f-47a6-bf27-ddd6ebd0a04b,1aed060f-9934-4e20-9d58-9c9af82f2035,created,2026-02-24T20:29:57
b7edb072-f3a6-4caf-8579-58c1b6d287f0,1aed060f-9934-4e20-9d58-9c9af82f2035,item_added,2026-02-24T20:31:57
c1f4de24-6f44-4221-a785-7747ec8d442b,1aed060f-9934-4e20-9d58-9c9af82f2035,item_added,2026-02-24T20:33:57
3889792c-479c-45d4-9711-ca2a5174485e,1aed060f-9934-4e20-9d58-9c9af82f2035,converted,2026-02-24T22:40:57
f8bf4a9b-a808-432d-a634-3a4a014f6d41,29014383-7458-41c0-b821-0df663915c7e,created,2026-08-12T19:56:20
9829c0ff-5192-48d1-8aa4-202150917f41,29014383-7458-41c0-b821-0df663915c7e,item_added,2026-08-12T20:13:20
5de69984-2169-4407-b06f-6ba25b673f7d,29014383-7458-41c0-b821-0df663915c7e,converted,2026-08-12T23:39:20
933f2dc0-3db6-49aa-80de-47ca94b3db0d,19358087-3691-4ae8-83e0-d1dbd5b54656,created,2026-05-31T20:00:26
1450b56e-273c-410b-aadd-7591c41b15d5,19358087-3691-4ae8-83e0-d1dbd5b54656,item_added,2026-05-31T20:13:26
c8d13ef8-843b-4364-a56b-35164fd0ecbe,19358087-3691-4ae8-83e0-d1dbd5b54656,converted,2026-05-31T23:32:26
ed040b6b-7ce1-43cb-9920-4cd9f9bae312,3e2a15cf-c567-47e8-9996-9e89f172a139,created,2026-03-02T13:53:03
b165f774-386d-4dd9-a294-82746876e054,3e2a15cf-c567-47e8-9996-9e89f172a139,item_added,2026-03-02T13:56:03
5873cb96-6472-4f8a-946f-e66121ce60c9,3e2a15cf-c567-47e8-9996-9e89f172a139,item_added,2026-03-02T14:15:03
d61d6415-1344-4b44-8f9b-384a8ea7447d,3e2a15cf-c567-47e8-9996-9e89f172a139,converted,2026-03-02T17:32:03
e63f3185-d198-4307-b14a-9670bff7885d,081ccbd5-8943-48cc-b73c-32609ed03d44,created,2026-07-07T17:50:10
7cabe4b5-1e02-4949-9efb-1c0b32080a3f,081ccbd5-8943-48cc-b73c-32609ed03d44,item_added,2026-07-07T17:51:10
6c26fb6f-21b9-45b7-9657-2e4773558cbf,081ccbd5-8943-48cc-b73c-32609ed03d44,item_added,2026-07-07T18:01:10
cf8ec20e-f118-4370-8c29-96d627ad10d6,081ccbd5-8943-48cc-b73c-32609ed03d44,converted,2026-07-07T21:13:10
c929fe79-95d5-45b8-990e-8dfc28d83a31,9d0f2651-7663-4861-9a67-9a1a680d01df,created,2026-02-24T09:10:48
732fb885-c509-48db-bc0e-11f4338b71b5,9d0f2651-7663-4861-9a67-9a1a680d01df,item_added,2026-02-24T09:22:48
d0eaeb7f-d34d-4d4d-a425-2fade3726544,9d0f2651-7663-4861-9a67-9a1a680d01df,item_added,2026-02-24T09:26:48
b81fd1ca-1378-4474-89a0-54e1ff8bf308,9d0f2651-7663-4861-9a67-9a1a680d01df,abandoned,2026-02-24T11:33:48
ee929d1a-d0b8-4a98-9c99-703da81062b2,afdb60eb-5941-48f0-b402-0fe5ae6ff87d,created,2026-05-05T20:02:05
7245de42-abbc-4d92-a744-940d5646e755,afdb60eb-5941-48f0-b402-0fe5ae6ff87d,item_added,2026-05-05T20:03:05
3bcf7e51-a97e-4267-94b7-0926158df2d7,afdb60eb-5941-48f0-b402-0fe5ae6ff87d,item_removed,2026-05-05T20:30:05
553e4663-e795-4ee4-bdd6-00b10eecfd96,afdb60eb-5941-48f0-b402-0fe5ae6ff87d,item_added,2026-05-05T20:18:05
157fd538-b32a-419a-9e37-19e725797ddd,afdb60eb-5941-48f0-b402-0fe5ae6ff87d,abandoned,2026-05-05T22:08:05
2ed10910-a925-43af-9aff-526dd85a1c96,d9375437-2e9b-43bb-879f-daa145f13539,created,2026-06-22T08:27:50
9c4434fa-12d2-4bf1-b6aa-c88c876e36c4,d9375437-2e9b-43bb-879f-daa145f13539,item_added,2026-06-22T08:35:50
3cd6ee8b-10e9-470d-82d6-8cebe49b84f9,d9375437-2e9b-43bb-879f-daa145f13539,converted,2026-06-22T08:34:50
99285bfe-87fc-4b0d-b95b-8ac905f883ea,b1bb7f3b-3b99-4405-ba37-1c616bb3378c,created,2026-06-20T03:05:35
a8b1a047-9bb8-440b-a26d-5f431d053062,b1bb7f3b-3b99-4405-ba37-1c616bb3378c,item_added,2026-06-20T03:23:35
dd856bed-8e80-4345-96d6-1432af0560eb,b1bb7f3b-3b99-4405-ba37-1c616bb3378c,item_added,2026-06-20T03:31:35
700b508d-71ec-4720-93c7-9e2eaddcfa05,b1bb7f3b-3b99-4405-ba37-1c616bb3378c,abandoned,2026-06-20T04:26:35
c8c53e23-ef9b-44d6-964c-83e204bcbf41,8d87d891-9040-4505-8940-41ece39039a4,created,2026-05-17T01:25:12
d3cf2b3f-a58c-439b-9428-6577a5949891,8d87d891-9040-4505-8940-41ece39039a4,item_added,2026-05-17T01:44:12
dca54431-a43f-4460-8fee-5abbfaacf2fb,8d87d891-9040-4505-8940-41ece39039a4,item_added,2026-05-17T01:51:12
8bac07d9-7256-4e32-a40a-9d46652ec3ab,8d87d891-9040-4505-8940-41ece39039a4,converted,2026-05-17T04:07:12
fab55937-6ed1-4483-8b82-5b529fbef804,6e2c7cb5-4730-4a69-b15e-36fd0d3ce8e5,created,2026-04-24T12:02:44
d1c0927b-1671-4464-9938-c269ab271da2,6e2c7cb5-4730-4a69-b15e-36fd0d3ce8e5,item_added,2026-04-24T12:10:44
d5cc3241-7231-4347-9e2e-d80a1fadd521,6e2c7cb5-4730-4a69-b15e-36fd0d3ce8e5,item_added,2026-04-24T12:24:44
999fa27b-9e96-4547-a37e-a96181c4ae2c,6e2c7cb5-4730-4a69-b15e-36fd0d3ce8e5,converted,2026-04-24T14:41:44
76386539-ca12-450e-ac9b-efe235931723,0384ac08-bf8a-4d95-b333-c0dfa94df1f3,created,2026-04-21T15:40:05
45235b07-e62b-4be1-955e-125e8e4f33ac,0384ac08-bf8a-4d95-b333-c0dfa94df1f3,item_added,2026-04-21T15:47:05
9cf4af8d-681d-47c0-9a9c-62f4da15546b,52571a67-b3db-4b60-ad9e-7c1035bca85d,created,2026-06-17T15:31:16
e3a262e6-742b-4ba9-b2fa-73d414589dff,52571a67-b3db-4b60-ad9e-7c1035bca85d,item_added,2026-06-17T15:35:16
fafe633e-0e5d-4c6b-ac25-4655d8dc4a40,52571a67-b3db-4b60-ad9e-7c1035bca85d,abandoned,2026-06-17T17:58:16
418581d2-9605-4cfd-a3c8-2db67af206d4,fe0a258d-0eaf-4d66-a569-b360fa14346d,created,2026-07-14T18:05:03
4376fc2d-b59d-4815-b086-2da9a715a5b0,fe0a258d-0eaf-4d66-a569-b360fa14346d,item_added,2026-07-14T18:12:03
1dce1a1a-d737-4254-a9bb-1b2ed86f28a8,fe0a258d-0eaf-4d66-a569-b360fa14346d,item_added,2026-07-14T18:19:03
94b8ee33-c849-475a-a8c6-3d3c155e25b1,fe0a258d-0eaf-4d66-a569-b360fa14346d,abandoned,2026-07-14T20:00:03
a3a9a0d1-8c91-400e-b4df-a95744a50401,e5f04982-6ecc-41e7-9ec3-60e5680e40c4,created,2026-06-21T08:23:44
ebdb1aef-b8ce-4fa5-b56e-3aa5266edefa,e5f04982-6ecc-41e7-9ec3-60e5680e40c4,item_added,2026-06-21T08:39:44
75ef2a56-64ef-470b-810a-bc83bb0ff9fe,e5f04982-6ecc-41e7-9ec3-60e5680e40c4,item_added,2026-06-21T08:55:44
d88037c0-0951-4c15-98fd-eb8b0e67c6ac,b37a4f9d-0d37-427c-a8f7-ede88ba1b14b,created,2026-05-03T10:06:28
f16e965f-2a62-4d39-9b6f-adff23055ff7,b37a4f9d-0d37-427c-a8f7-ede88ba1b14b,item_added,2026-05-03T10:23:28
fa966607-211c-4378-b6f5-0e99162fa143,b37a4f9d-0d37-427c-a8f7-ede88ba1b14b,item_added,2026-05-03T10:35:28
9c95a0ff-83cc-41e5-ab6b-6eb65e1fb6c3,b37a4f9d-0d37-427c-a8f7-ede88ba1b14b,abandoned,2026-05-03T11:39:28
8f17f753-2682-489e-9d31-9d4ec9dba008,9bc1bb28-0e05-49e9-a7cf-a72aec910056,created,2026-07-15T08:55:47
616f2d58-db11-4e7d-9500-30329acdeb92,9bc1bb28-0e05-49e9-a7cf-a72aec910056,item_added,2026-07-15T08:56:47
ce451362-115d-4cf4-8b4a-75b7dd8051d5,9bc1bb28-0e05-49e9-a7cf-a72aec910056,item_added,2026-07-15T09:12:47
34d56275-712d-455b-a3c8-f5fa3294e667,9bc1bb28-0e05-49e9-a7cf-a72aec910056,item_added,2026-07-15T09:15:47
72fe8cc9-35e0-46db-82c0-eaca8a02c984,9bc1bb28-0e05-49e9-a7cf-a72aec910056,abandoned,2026-07-15T10:48:47
e74118e8-001f-4ec5-924c-019c01945ce5,4281579a-1a18-49b1-b1db-3c7fdda2a365,created,2026-07-19T03:47:58
f44c3875-68c2-4380-9bca-9045a0f8b12f,4281579a-1a18-49b1-b1db-3c7fdda2a365,item_removed,2026-07-19T04:29:58
f7a978b1-5071-4888-a04d-054b2404dd34,4281579a-1a18-49b1-b1db-3c7fdda2a365,item_added,2026-07-19T03:59:58
5db0d490-d723-4c6d-a3bf-535e684564d6,4281579a-1a18-49b1-b1db-3c7fdda2a365,item_added,2026-07-19T04:07:58
f9b24fdf-1924-42f0-b042-367c928aaa52,4281579a-1a18-49b1-b1db-3c7fdda2a365,item_added,2026-07-19T04:20:58
2869cba1-7f5e-4950-8de2-71d28138a27d,4281579a-1a18-49b1-b1db-3c7fdda2a365,abandoned,2026-07-19T03:50:58
bf8de7f1-9920-4db5-b726-fc019b34a627,07b1f95e-e0e3-4a86-ab8d-005a21593f92,created,2026-07-24T19:18:25
80991da0-ba3f-42b1-8cb4-186380d4e901,07b1f95e-e0e3-4a86-ab8d-005a21593f92,item_added,2026-07-24T19:24:25
f2ae986a-6188-4abe-bf51-1aa42a168e11,07b1f95e-e0e3-4a86-ab8d-005a21593f92,item_added,2026-07-24T19:28:25
39a7f6d4-96dc-4f13-a2a5-3c44739fb15d,07b1f95e-e0e3-4a86-ab8d-005a21593f92,abandoned,2026-07-24T19:59:25
a6155cea-4a52-4356-bf19-b6c980956963,568d1d85-b1a1-4a7f-a3e2-b9313ca00a1d,created,2026-06-17T11:03:24
04ea2625-7ff6-484f-aaca-e3f2853a673c,568d1d85-b1a1-4a7f-a3e2-b9313ca00a1d,item_added,2026-06-17T11:15:24
a0272027-c176-48c9-8579-0d9be9436ac0,568d1d85-b1a1-4a7f-a3e2-b9313ca00a1d,item_added,2026-06-17T11:34:24
76284ed4-c2e7-45ea-9906-eab9f8535e1b,568d1d85-b1a1-4a7f-a3e2-b9313ca00a1d,converted,2026-06-17T15:01:24
31d3aa9b-d9a0-4ce8-ac05-23019c76c385,348f1144-2071-42b6-a794-f18d749c89af,created,2026-06-05T01:27:12
d5895c13-0584-47b5-80ce-5ac03c8cac07,348f1144-2071-42b6-a794-f18d749c89af,item_added,2026-06-05T01:28:12
8e20813f-1148-4846-901c-91bc5caf8a97,348f1144-2071-42b6-a794-f18d749c89af,item_added,2026-06-05T01:40:12
0bb6d6f1-c5dc-46f2-9b41-50d496d4fac9,b79f6ea0-98a8-4810-a075-ebe06126aa4c,created,2026-05-21T22:15:14
bfaee609-9443-4c3b-aef4-0b67e7209778,b79f6ea0-98a8-4810-a075-ebe06126aa4c,item_added,2026-05-21T22:16:14
de715611-b6fd-41f8-98a3-43d7a2e631c7,b79f6ea0-98a8-4810-a075-ebe06126aa4c,item_added,2026-05-21T22:33:14
c966302b-369a-47af-97f1-97765cc534da,b79f6ea0-98a8-4810-a075-ebe06126aa4c,item_added,2026-05-21T22:38:14
526a507b-51fe-4f5c-9a13-d2344564bd81,b79f6ea0-98a8-4810-a075-ebe06126aa4c,item_added,2026-05-21T22:47:14
4bec205d-df94-4df6-a212-66a2dc192a3a,b79f6ea0-98a8-4810-a075-ebe06126aa4c,converted,2026-05-22T02:05:14
55a28af7-7f7a-4b86-b67a-4b29a37cc19a,7eb3c114-c460-460c-a6f8-58d6b46035c3,created,2026-03-31T09:16:45
54e72d36-825b-4385-8b0d-665cf9efabeb,7eb3c114-c460-460c-a6f8-58d6b46035c3,item_added,2026-03-31T09:25:45
d5a1c4b1-d85f-402e-9977-1b7af7d2e4ba,7eb3c114-c460-460c-a6f8-58d6b46035c3,item_added,2026-03-31T09:40:45
05000aaf-0eb4-41eb-bd1b-6c7358da40d6,7eb3c114-c460-460c-a6f8-58d6b46035c3,converted,2026-03-31T12:57:45
571ca202-2809-4488-97bd-5b96252e7649,c5cd929d-51f0-4335-9f77-5f8c0e4b8ef8,created,2026-03-22T21:06:04
68bf3f8c-b992-4e39-896c-53e2ef17ca65,c5cd929d-51f0-4335-9f77-5f8c0e4b8ef8,item_added,2026-03-22T21:19:04
5a452e8d-8d69-4606-afaa-05e281e19331,c5cd929d-51f0-4335-9f77-5f8c0e4b8ef8,converted,2026-03-22T23:23:04
846ab955-9dd9-4818-b5a0-6846836dd7b7,eaa4a562-7393-418c-8b5d-0503f01f2be6,created,2026-03-27T23:19:29
b6905401-d047-4a64-8b29-06047e78e8e0,eaa4a562-7393-418c-8b5d-0503f01f2be6,item_added,2026-03-27T23:36:29
d3556b67-8d1e-4b83-a588-f48ba2b0da3d,eaa4a562-7393-418c-8b5d-0503f01f2be6,converted,2026-03-28T00:24:29
8a3563ff-9bbc-4e9d-b160-c5aafb9cef7b,b080d5f8-127f-430c-9ab1-e9c24f577648,created,2026-02-19T15:05:42
75ad179c-c49c-45c6-941e-e674e8392293,b080d5f8-127f-430c-9ab1-e9c24f577648,item_added,2026-02-19T15:17:42
dc361273-9724-465d-b2d2-269e6bb9cbfd,b080d5f8-127f-430c-9ab1-e9c24f577648,converted,2026-02-19T15:30:42
92f9c4be-2c61-485b-8748-2f801c7dfbcb,1fb0f205-cf93-4413-977c-6d7af5e7777b,created,2026-07-31T20:03:39
b27b2456-f158-48f9-9a69-e61fc0c9f7e1,1fb0f205-cf93-4413-977c-6d7af5e7777b,item_added,2026-07-31T20:06:39
ac9419f7-72c9-410f-9361-c63a775db807,1fb0f205-cf93-4413-977c-6d7af5e7777b,item_added,2026-07-31T20:15:39
a5335028-0e17-4f40-bd53-290b495ece2b,1fb0f205-cf93-4413-977c-6d7af5e7777b,item_added,2026-07-31T20:24:39
cc90924e-970d-4be9-b210-00dd71289c81,1fb0f205-cf93-4413-977c-6d7af5e7777b,converted,2026-07-31T21:16:39
f8e00a6f-a0ed-4a4a-8691-b09c8bad2768,d5ebe455-4c81-4e31-9d91-d92bb84ccfc7,created,2026-05-03T15:01:57
2ae480ff-d6a8-49e2-af95-eafaeb0704da,d5ebe455-4c81-4e31-9d91-d92bb84ccfc7,item_removed,2026-05-03T15:25:57
663dc1e2-23ed-4260-8ad1-48ce4ba6a52f,d5ebe455-4c81-4e31-9d91-d92bb84ccfc7,item_added,2026-05-03T15:03:57
ec1e87c8-748d-49f1-ba75-6c02f4e42d75,cfa99b5e-872b-4f84-8e72-2059cb502233,created,2026-06-11T19:03:48
9bcd3324-4bcc-47f4-a669-abe2fe21617a,cfa99b5e-872b-4f84-8e72-2059cb502233,item_added,2026-06-11T19:05:48
93cce643-6a2c-4b05-974f-8d35bb714ed7,cfa99b5e-872b-4f84-8e72-2059cb502233,item_added,2026-06-11T19:08:48
e1f31632-23be-4c93-9bc7-ac29c0fc5a1c,cfa99b5e-872b-4f84-8e72-2059cb502233,item_added,2026-06-11T19:28:48
80679587-9004-47c5-9de7-8a1c4e4bc128,cfa99b5e-872b-4f84-8e72-2059cb502233,abandoned,2026-06-11T20:30:48
d90657a4-48ae-454a-96ff-49b4ab3cab8a,b2d002bb-08c6-4cc8-9b30-6f4f78105acc,created,2026-07-26T13:05:40
c0b8092d-426b-4f5b-94ce-33358889e82a,b2d002bb-08c6-4cc8-9b30-6f4f78105acc,item_added,2026-07-26T13:18:40
bdbfb217-e847-48c5-ae6a-a6505d2ec997,b2d002bb-08c6-4cc8-9b30-6f4f78105acc,item_added,2026-07-26T13:33:40
6a9c07dd-1dca-43b0-b045-f779e74a436c,b2d002bb-08c6-4cc8-9b30-6f4f78105acc,item_added,2026-07-26T13:48:40
75184f12-dffb-437c-8041-00b243aa18da,b2d002bb-08c6-4cc8-9b30-6f4f78105acc,abandoned,2026-07-26T14:25:40
3961e802-b916-44a1-8098-21503291d3d9,d9887914-beec-4717-a401-af54ea8d32d8,created,2026-02-18T03:58:19
04462207-4c65-4961-9cbd-6dff57990fc2,d9887914-beec-4717-a401-af54ea8d32d8,item_removed,2026-02-18T04:17:19
53dfe355-73a3-441c-9bd3-b1b1dfca408e,d9887914-beec-4717-a401-af54ea8d32d8,item_added,2026-02-18T04:12:19
342e7abc-9419-4160-b669-b97fdb7a2f7f,d9887914-beec-4717-a401-af54ea8d32d8,item_added,2026-02-18T04:21:19
74f3ade1-e19a-46ba-8166-7fdf379aac8e,d9887914-beec-4717-a401-af54ea8d32d8,item_added,2026-02-18T04:28:19
ccc4e025-3df6-4ec6-911e-d2a240d970a8,6b43e3e6-943f-406f-9f24-15c39b77983d,created,2026-06-15T18:59:39
74f2c7f3-5c86-4fc5-8a67-b9709e37ea23,6b43e3e6-943f-406f-9f24-15c39b77983d,item_added,2026-06-15T19:00:39
62a00273-0ffa-4548-bbb0-544f31abf32a,6b43e3e6-943f-406f-9f24-15c39b77983d,item_added,2026-06-15T19:02:39
5cd6b5b4-8085-45df-98dd-bdfca9cc9460,6b43e3e6-943f-406f-9f24-15c39b77983d,converted,2026-06-15T22:35:39
07c9e8c0-9a08-413e-88ec-8cbf8bc08692,c3406729-2f29-4a0f-8b39-dd093ed590fd,created,2026-08-10T20:02:08
59855f10-61e0-4edc-9da0-8be1ed8dd3ef,c3406729-2f29-4a0f-8b39-dd093ed590fd,item_added,2026-08-10T20:22:08
840162d8-7589-4357-b3e0-095580d48580,c3406729-2f29-4a0f-8b39-dd093ed590fd,converted,2026-08-10T21:55:08
d73a7ea3-9102-4015-9c83-324137061972,74d0a1e0-cd8e-4bdb-ac50-acaaebf9fd1d,created,2026-05-31T02:56:38
74d4efef-6f67-45a1-8c22-1b4743ab7def,74d0a1e0-cd8e-4bdb-ac50-acaaebf9fd1d,item_added,2026-05-31T03:15:38
6574ad78-908a-4d17-b85d-3516f49c0d41,74d0a1e0-cd8e-4bdb-ac50-acaaebf9fd1d,abandoned,2026-05-31T06:17:38
088f433a-ccd3-4b0e-a153-4aabf940ca0c,fb198a98-195f-4674-8814-d8fcf4f95780,created,2026-03-19T22:39:03
84a8c430-ddea-4ec0-89f8-c5aac8b82142,fb198a98-195f-4674-8814-d8fcf4f95780,item_added,2026-03-19T22:56:03
3972c838-236a-4312-860f-3d344a8c47ec,fb198a98-195f-4674-8814-d8fcf4f95780,item_added,2026-03-19T23:03:03
eb48c9e9-fa9d-4d9c-98e6-2884705ad931,fb198a98-195f-4674-8814-d8fcf4f95780,item_added,2026-03-19T23:23:03
b47c5717-b125-478a-aca4-503bdc67dead,fb198a98-195f-4674-8814-d8fcf4f95780,abandoned,2026-03-20T00:20:03
6442b61a-5663-4acc-88a4-e07ba43a28a8,739a10cf-755b-4f24-9abc-daa208a2e610,created,2026-07-01T21:16:29
7b9c1709-4d1c-4520-95fb-abf606a4402c,739a10cf-755b-4f24-9abc-daa208a2e610,item_added,2026-07-01T21:34:29
7af75de4-8f3b-42ca-be97-0be83d00f5cf,739a10cf-755b-4f24-9abc-daa208a2e610,abandoned,2026-07-02T00:44:29
7a73c4a6-efc0-4457-bced-d77dd47b023a,28b706f5-a1f3-42c2-8f14-8727ed3b6ec0,created,2026-06-11T13:08:41
5bb415d6-6163-41bc-b60d-1469b354b589,28b706f5-a1f3-42c2-8f14-8727ed3b6ec0,item_added,2026-06-11T13:28:41
ce9fda30-db5b-45bc-b3e3-a7e641c9df98,28b706f5-a1f3-42c2-8f14-8727ed3b6ec0,item_added,2026-06-11T13:46:41
4e45fec3-4cef-4db8-ba7a-934863bbfd37,28b706f5-a1f3-42c2-8f14-8727ed3b6ec0,abandoned,2026-06-11T16:27:41
2ee6775c-c7f4-47f5-85ae-15ef31561f2f,dfb21eca-2b43-43f3-950f-b05f95becc08,created,2026-04-13T05:02:31
ab16c5fa-c61d-4adf-bc74-70aca174c8da,dfb21eca-2b43-43f3-950f-b05f95becc08,item_added,2026-04-13T05:21:31
710d5712-80ed-47f4-9edf-e6d139d0ab4a,dfb21eca-2b43-43f3-950f-b05f95becc08,item_added,2026-04-13T05:37:31
11c445a1-cbb8-4e9f-9a98-57d7464c9817,dfb21eca-2b43-43f3-950f-b05f95becc08,abandoned,2026-04-13T05:14:31
92f6ad20-c373-4cae-a52f-17db98e3e3fe,9e132a75-4300-4c17-b22f-1721b111af0f,created,2026-03-17T19:20:49
1bfdadc2-ed88-488b-8f1a-07f96a9ed42e,9e132a75-4300-4c17-b22f-1721b111af0f,item_added,2026-03-17T19:38:49
33b4d8be-0c6f-474c-90b4-263c76dfa911,161309d0-9624-492f-b765-bebef23bbaaf,created,2026-05-03T08:24:08
95c7dff6-b556-4165-bf68-cb4d95e666c3,161309d0-9624-492f-b765-bebef23bbaaf,item_removed,2026-05-03T08:44:08
18d34493-fd31-4b84-a3e5-cbb3cb4777dc,161309d0-9624-492f-b765-bebef23bbaaf,item_added,2026-05-03T08:34:08
f07c82d7-6ef2-457f-97e4-3d32201a610b,161309d0-9624-492f-b765-bebef23bbaaf,abandoned,2026-05-03T10:26:08
85d3d80e-e7de-4b5c-b8f4-ab614eb82540,0c905b9f-b46c-443d-bb60-073d7e8209ac,created,2026-06-04T19:17:14
a1087988-ced0-4cd6-b691-aaeedc4d00a2,0c905b9f-b46c-443d-bb60-073d7e8209ac,item_added,2026-06-04T19:28:14
d68bc6f0-8e50-4f40-9e4f-c727b0f55b4f,c0a18024-6049-4c67-8fb4-42061325abf5,created,2026-07-29T23:41:29
027e2225-c838-41f3-9222-146415db474f,c0a18024-6049-4c67-8fb4-42061325abf5,item_added,2026-07-30T00:01:29
eccf4a09-7560-4dbb-801d-81029c46d058,55d315a7-6222-4fcd-99eb-50fefbe96cb2,created,2026-07-01T19:31:23
82f7869b-068d-43db-be50-604e4c54d447,55d315a7-6222-4fcd-99eb-50fefbe96cb2,item_added,2026-07-01T19:37:23
875dd2e5-180f-42e1-9265-a1263bd2c09f,55d315a7-6222-4fcd-99eb-50fefbe96cb2,abandoned,2026-07-01T22:01:23
e545413f-6ff8-472d-907f-f44216e7c4be,f94bb3ba-b9ff-4cd7-872d-c5e84091be02,created,2026-03-10T18:28:18
19a2b54f-9e53-4058-b7bb-014607d16abd,f94bb3ba-b9ff-4cd7-872d-c5e84091be02,item_added,2026-03-10T18:44:18
b2531210-8b53-4ab7-a1e7-d58d766c8c01,f94bb3ba-b9ff-4cd7-872d-c5e84091be02,item_added,2026-03-10T18:45:18
0de00964-d1a7-4138-9c70-a046457f5338,f94bb3ba-b9ff-4cd7-872d-c5e84091be02,item_added,2026-03-10T19:00:18
d2183413-12e2-4ebf-9559-a513399bb538,f94bb3ba-b9ff-4cd7-872d-c5e84091be02,item_added,2026-03-10T19:07:18
1bca51a1-ddba-4bba-9870-5f0bf00c7bf7,f94bb3ba-b9ff-4cd7-872d-c5e84091be02,abandoned,2026-03-10T19:31:18
fc0a2254-a8b4-4d22-9200-2bd354095aa1,2ac448cd-bef1-4abe-a2e3-29f63b431694,created,2026-05-28T01:10:36
5fc62313-6bc5-447d-9a9f-327024e9e8a7,2ac448cd-bef1-4abe-a2e3-29f63b431694,item_added,2026-05-28T01:26:36
b50a6dcd-b1ad-4072-a822-76833cbfc895,2ac448cd-bef1-4abe-a2e3-29f63b431694,item_added,2026-05-28T01:35:36
5bda70f9-ca2f-473d-aba0-884aa4ec5ed0,2ac448cd-bef1-4abe-a2e3-29f63b431694,item_added,2026-05-28T01:49:36
4aa177bf-5257-4f18-a3a5-de5cc0fbc904,2ac448cd-bef1-4abe-a2e3-29f63b431694,abandoned,2026-05-28T03:35:36
0d4c8dfc-8e51-4ce9-9081-1f07a0d79ba9,bef298b5-6a72-4e9b-a078-50ac6788e163,created,2026-04-21T14:37:44
a6283a76-fc21-4ccc-9f24-8ea35519b565,bef298b5-6a72-4e9b-a078-50ac6788e163,item_added,2026-04-21T14:54:44
a195a97f-16d8-4831-af6e-3716e96117bb,bef298b5-6a72-4e9b-a078-50ac6788e163,abandoned,2026-04-21T15:33:44
56cf028f-115c-4019-af3c-84dd3168dcb4,ee3cd162-021d-4174-be06-fbf2ada86262,created,2026-04-22T07:40:29
041645b6-5bbc-4a10-834a-4318a8af0cb5,ee3cd162-021d-4174-be06-fbf2ada86262,item_added,2026-04-22T07:51:29
8a621342-76cf-4851-9f2f-98caab0e4316,ee3cd162-021d-4174-be06-fbf2ada86262,item_added,2026-04-22T08:04:29
93e724fe-3638-41b0-8c97-11a5f6270b00,ee3cd162-021d-4174-be06-fbf2ada86262,item_added,2026-04-22T08:15:29
2962f163-b6d9-4c9c-a952-84a7aa2a410c,ee3cd162-021d-4174-be06-fbf2ada86262,item_removed,2026-04-22T08:37:29
fe933fbe-06a5-4694-bc07-61f915d99ab8,ee3cd162-021d-4174-be06-fbf2ada86262,item_added,2026-04-22T08:33:29
5709c2ad-ec0a-42f5-bfab-ff4da0e2c238,ee3cd162-021d-4174-be06-fbf2ada86262,abandoned,2026-04-22T11:35:29
48d75e1b-5460-4734-8f65-6fee20134507,e86500dd-3d23-4c80-ab53-0beaf7b8cf82,created,2026-06-09T09:49:25
88c1780c-69b1-4a21-95f9-28e0de31c986,e86500dd-3d23-4c80-ab53-0beaf7b8cf82,item_added,2026-06-09T10:09:25
58dcbd44-122e-4afe-a795-62c6497b0cfa,e86500dd-3d23-4c80-ab53-0beaf7b8cf82,abandoned,2026-06-09T10:40:25
933fc4bb-4ef3-4584-b305-9a7877798799,0cd21bc2-671f-4869-b5b3-f6d65f7e43cb,created,2026-06-22T12:51:37
6d61fc48-c6ef-4bf3-8ef8-13ed13f87a86,0cd21bc2-671f-4869-b5b3-f6d65f7e43cb,item_added,2026-06-22T12:58:37
ab5fd9e7-3f27-4f15-9b17-0eaa0a981349,0cd21bc2-671f-4869-b5b3-f6d65f7e43cb,converted,2026-06-22T13:44:37
6dc12c50-ebfc-41b7-bf16-3f171126b73a,bbfa634a-be21-44f0-8198-0a075185c3ac,created,2026-02-23T23:23:27
dd635561-1a87-4897-9127-7c3a54559035,f9924dff-ec35-46bd-a876-bdc9d4aa35e7,created,2026-03-03T15:29:11
ad15c666-f2d5-434c-b84b-0988fc6de896,f9924dff-ec35-46bd-a876-bdc9d4aa35e7,item_added,2026-03-03T15:35:11
097d3cff-bba4-4fbe-baac-01dbbcf3c3bb,f9924dff-ec35-46bd-a876-bdc9d4aa35e7,item_added,2026-03-03T15:40:11
5cab0938-e698-4819-951f-b4553a9ffa0d,f9924dff-ec35-46bd-a876-bdc9d4aa35e7,item_added,2026-03-03T15:49:11
26127dd8-39b3-49af-ac22-f2d5f66355c6,f9924dff-ec35-46bd-a876-bdc9d4aa35e7,item_added,2026-03-03T16:09:11
ffa72590-346f-4cb8-9c2a-ed6f137dc428,5397c77a-e9fd-4f06-87e6-3a5c9a548f7d,created,2026-05-26T19:08:14
29fc5eb8-716a-46ca-bd3b-dea98b4f6abd,5397c77a-e9fd-4f06-87e6-3a5c9a548f7d,item_added,2026-05-26T19:12:14
451bd532-4ceb-4e14-ba56-52ef998d3c89,5397c77a-e9fd-4f06-87e6-3a5c9a548f7d,converted,2026-05-26T23:00:14
f3bea125-b45f-467b-9e34-08c167ae3da9,75e10d24-6883-4660-91d6-69abe83621ce,created,2026-03-26T08:48:17
c26b33fe-4e68-46a4-b1ec-f1aad434143b,75e10d24-6883-4660-91d6-69abe83621ce,item_added,2026-03-26T09:01:17
b58c7c2d-e497-442b-9141-77386fc90ed3,75e10d24-6883-4660-91d6-69abe83621ce,converted,2026-03-26T10:22:17
fb1deba4-07b2-40e9-bcb8-fb49f88224b4,a09a73c5-79c8-48b6-8a16-4e2b7c80f3f5,created,2026-04-28T07:22:11
0fa212d1-b26f-4a96-81ef-c54d455f45f0,c21022ee-c19a-47b9-a06b-423c123d218e,created,2026-06-25T21:26:17
df539f04-a4c2-472b-9066-5d5d54e4acb8,c21022ee-c19a-47b9-a06b-423c123d218e,item_added,2026-06-25T21:43:17
b642a744-bf76-4018-a64e-26a6cbc021a8,c21022ee-c19a-47b9-a06b-423c123d218e,abandoned,2026-06-25T22:37:17
752980f0-9932-4c9e-9211-f6db2db52749,d0427417-5945-42d7-b46d-b5a28eb47643,created,2026-06-15T23:43:21
a3beff09-1873-447f-9248-9d1f41b68cae,d0427417-5945-42d7-b46d-b5a28eb47643,item_removed,2026-06-15T23:59:21
1100c960-70c3-46c5-bb7d-f04c13b295b8,d0427417-5945-42d7-b46d-b5a28eb47643,item_added,2026-06-15T23:49:21
ea10fd05-d2c4-45dd-abb7-4ae0be36144b,d0427417-5945-42d7-b46d-b5a28eb47643,item_added,2026-06-16T00:06:21
8a7808d4-e4e2-4393-b1ef-dd8b9d59ee48,d0427417-5945-42d7-b46d-b5a28eb47643,item_added,2026-06-16T00:08:21
afce7b7f-8ca1-4764-bb80-f9b83539da0a,d0427417-5945-42d7-b46d-b5a28eb47643,abandoned,2026-06-16T01:30:21
545226e4-a471-4961-8577-23ba494858d4,5dd95adf-df4b-4753-bdad-d492c7949957,created,2026-05-30T14:15:56
7e2b9e10-d4bd-4cd5-b37f-fdc2f2c9e95f,5dd95adf-df4b-4753-bdad-d492c7949957,item_added,2026-05-30T14:31:56
08fce9c9-5c27-44de-b452-4cf8be30c54e,5dd95adf-df4b-4753-bdad-d492c7949957,abandoned,2026-05-30T16:56:56
3d2b4346-d9aa-4f2d-b66d-b5798374b0e5,278de386-1a52-4685-9096-09e08e3af1e6,created,2026-05-27T04:06:25
752202c2-4904-4b9d-a962-c2a61da0356d,278de386-1a52-4685-9096-09e08e3af1e6,item_added,2026-05-27T04:20:25
4cf22ebe-1920-4d05-9a3d-8b2a71edd5ae,278de386-1a52-4685-9096-09e08e3af1e6,item_removed,2026-05-27T04:48:25
906a1700-dfb7-4f1f-861e-cbb0e7bcc822,278de386-1a52-4685-9096-09e08e3af1e6,item_added,2026-05-27T04:22:25
4cf89d7b-aef3-4490-95bb-2ebfe932e371,47a6aa89-5362-4fbb-8bc0-ac07274a995d,created,2026-04-18T07:16:16
285cbbdf-bb81-45b1-ad4c-5d5857360a29,47a6aa89-5362-4fbb-8bc0-ac07274a995d,item_added,2026-04-18T07:25:16
7b6ecb74-c297-49b3-ad02-fe7a373512d6,86fe915c-99c5-41ef-af54-dea1deeae412,created,2026-08-01T21:00:55
fbf2f857-a752-4094-aa1e-3b62cbcb1bbf,86fe915c-99c5-41ef-af54-dea1deeae412,item_added,2026-08-01T21:06:55
9fb0b3dd-cae2-4329-891e-ccec9b3d4396,86fe915c-99c5-41ef-af54-dea1deeae412,item_added,2026-08-01T21:09:55
35d03b79-3e57-49c0-93c5-28ed89d824a8,86fe915c-99c5-41ef-af54-dea1deeae412,item_added,2026-08-01T21:24:55
d176dd65-f197-4cce-b580-7736670a4db6,86fe915c-99c5-41ef-af54-dea1deeae412,converted,2026-08-01T21:39:55
8867c44a-c91a-49d8-9bb4-c6f13243a2f0,c8ba8ab9-fc4e-4468-88cd-8b3825c54b8d,created,2026-02-27T00:21:18
0dce3560-ad7f-4257-85dc-d498a3920644,c8ba8ab9-fc4e-4468-88cd-8b3825c54b8d,item_added,2026-02-27T00:33:18
6cde1a70-cf81-4fc5-a6bd-be8846fbc1ed,c8ba8ab9-fc4e-4468-88cd-8b3825c54b8d,item_added,2026-02-27T00:44:18
b4fada66-5af4-468d-9f0f-6c48e0409ece,c8ba8ab9-fc4e-4468-88cd-8b3825c54b8d,item_added,2026-02-27T01:04:18
aaf3a731-10fb-4d76-b726-647880a9e9e0,141c2d7e-46dc-4e06-ad9e-74178a8acea7,created,2026-04-08T16:10:50
f96f3aec-aa6f-499d-a2e5-28210b3b8dfd,141c2d7e-46dc-4e06-ad9e-74178a8acea7,item_added,2026-04-08T16:14:50
e3db8b6c-df9e-422a-9d74-67e7e26d1ce4,141c2d7e-46dc-4e06-ad9e-74178a8acea7,item_removed,2026-04-08T16:32:50
9e1454ca-2f6f-41f2-841b-c9f57c937d40,141c2d7e-46dc-4e06-ad9e-74178a8acea7,item_added,2026-04-08T16:31:50
ba91c9c8-d65f-4961-82ee-fc5e6ebe8ed3,141c2d7e-46dc-4e06-ad9e-74178a8acea7,item_removed,2026-04-08T16:58:50
312b6ae1-e430-4d65-bb68-7b5fc9287962,141c2d7e-46dc-4e06-ad9e-74178a8acea7,item_added,2026-04-08T16:46:50
45d83b43-f499-452b-9bee-886952dff1a7,141c2d7e-46dc-4e06-ad9e-74178a8acea7,item_added,2026-04-08T16:51:50
397ac346-2d61-4bba-9dc8-2b34c522eb58,20ab6196-b6ac-484d-9067-4867d30d5ca0,created,2026-05-24T22:10:15
336fe0e7-7fc6-40d4-ac39-eb1ed87b074a,20ab6196-b6ac-484d-9067-4867d30d5ca0,item_added,2026-05-24T22:20:15
6a81751c-f78b-4438-b951-64fad2b917b9,20ab6196-b6ac-484d-9067-4867d30d5ca0,item_added,2026-05-24T22:31:15
000865b1-81f7-43fd-b120-61cd65328ef6,20ab6196-b6ac-484d-9067-4867d30d5ca0,abandoned,2026-05-25T00:27:15
ed1d707f-0d1e-4518-b250-6ca65d0dfb00,2b3788e1-eccc-4992-b529-79bec054efd5,created,2026-06-11T06:17:17
bbaa5213-ce08-4eba-a98e-0fe5aaef9a0c,2b3788e1-eccc-4992-b529-79bec054efd5,item_added,2026-06-11T06:26:17
afa7ea70-85f3-4950-9b4e-2948885397f8,2b3788e1-eccc-4992-b529-79bec054efd5,converted,2026-06-11T08:23:17
e86ed274-5f69-4dac-b2ac-c29045edcc69,37fa2853-2714-496c-bc98-076ff7c79439,created,2026-05-23T07:37:05
f3b50dcb-c6b0-4e39-87f5-7344d47411a4,37fa2853-2714-496c-bc98-076ff7c79439,item_added,2026-05-23T07:47:05
0c3b5863-242e-4cc3-bc7e-8103d9d39956,37fa2853-2714-496c-bc98-076ff7c79439,item_added,2026-05-23T07:54:05
8bd3e466-6c62-4319-ba42-d9648e9b7f25,37fa2853-2714-496c-bc98-076ff7c79439,item_added,2026-05-23T08:14:05
82f00d75-306e-4b0f-9499-9cd3f96d41e6,37fa2853-2714-496c-bc98-076ff7c79439,abandoned,2026-05-23T10:32:05
f45a6b84-b273-4cf7-ab29-dbdbf3564d8d,b4db0edf-a4dc-4382-8223-3192342462fa,created,2026-06-19T04:14:35
ce04b8ea-a35d-499a-a42b-9904705197b5,b4db0edf-a4dc-4382-8223-3192342462fa,item_added,2026-06-19T04:21:35
fbc17c71-ddd5-4d6c-b61a-fefa8f0ee0c1,e0e150cb-2a9b-477d-8daf-b940188467b4,created,2026-02-21T12:33:44
3f0d7d9f-8a9a-40db-b596-2e9866740e18,e0e150cb-2a9b-477d-8daf-b940188467b4,item_added,2026-02-21T12:39:44
9a273155-ca52-4231-923b-64d5d4b5ebea,e0e150cb-2a9b-477d-8daf-b940188467b4,abandoned,2026-02-21T14:13:44
041438db-a62f-4452-b8de-e3ba42ff6736,539abe97-9df7-4cd3-8b32-8c4a7caf2d58,created,2026-05-01T04:06:05
d73fc6a1-b7e8-479b-a994-c458af8e879e,539abe97-9df7-4cd3-8b32-8c4a7caf2d58,item_added,2026-05-01T04:12:05
15000126-5c30-4fcb-8694-33f10f8c8e6b,539abe97-9df7-4cd3-8b32-8c4a7caf2d58,item_added,2026-05-01T04:31:05
84e31268-503b-42a8-92f6-3d00098061b0,539abe97-9df7-4cd3-8b32-8c4a7caf2d58,converted,2026-05-01T07:30:05
7b0c63fe-e5ed-40e8-9fc5-02782d7c1b3d,f435dd4c-faba-43ba-812c-862670bb4a55,created,2026-03-26T16:06:30
915caf03-cd86-4a25-bb5e-7e6f28a7f5d0,f435dd4c-faba-43ba-812c-862670bb4a55,item_added,2026-03-26T16:21:30
1e7eacd8-7064-48dc-ae13-eb347e2659b6,f435dd4c-faba-43ba-812c-862670bb4a55,item_added,2026-03-26T16:22:30
87633303-e0a5-4878-85fb-40150c41184d,f435dd4c-faba-43ba-812c-862670bb4a55,item_added,2026-03-26T16:39:30
55b32ca0-9f6c-4555-bd5f-e2e41a696fcc,f435dd4c-faba-43ba-812c-862670bb4a55,abandoned,2026-03-26T16:51:30
4dfc3fb2-ba3f-4dc1-9bdb-4415f688ee0a,06cc66e6-5a2c-40a4-8c13-eb8daba61c81,created,2026-06-24T10:42:42
04357f5a-c103-479a-a144-8cf212596814,06cc66e6-5a2c-40a4-8c13-eb8daba61c81,item_added,2026-06-24T10:43:42
98238368-5e65-4996-8179-bfc98c420e93,06cc66e6-5a2c-40a4-8c13-eb8daba61c81,abandoned,2026-06-24T11:21:42
11bfa6de-228f-44ff-b1ff-0fbf91f6f454,0525cc62-5c5d-44eb-b258-15f5d8d0a824,created,2026-02-25T16:57:11
3b84caa0-c026-42f6-a6ba-0c721545a2c9,0525cc62-5c5d-44eb-b258-15f5d8d0a824,item_added,2026-02-25T17:02:11
40138301-89fb-4f16-8d63-a17dbca41c6b,0525cc62-5c5d-44eb-b258-15f5d8d0a824,item_added,2026-02-25T17:06:11
77adc6b7-615a-488f-b821-47dbc288f34e,0525cc62-5c5d-44eb-b258-15f5d8d0a824,item_added,2026-02-25T17:23:11
47c71180-07e6-4c83-8313-5c57339ab1ad,0525cc62-5c5d-44eb-b258-15f5d8d0a824,converted,2026-02-25T18:05:11
c03a795e-356d-4837-9537-cf189d7f8824,e5fc094e-5547-48d6-9130-f496797411fd,created,2026-04-08T14:12:25
be9449fd-75cc-4430-8e92-4619f68fe6bb,e5fc094e-5547-48d6-9130-f496797411fd,item_added,2026-04-08T14:16:25
5bf8d387-4652-422f-a3be-e0185a04d5b9,e5fc094e-5547-48d6-9130-f496797411fd,item_added,2026-04-08T14:20:25
91d54183-29c8-4d77-95c3-4b28635af428,01d01466-a7a5-45f5-90c6-99d22470bca9,created,2026-07-27T22:22:56
d3b8b9d8-7a92-4a8b-b6ec-b1159fcc38e1,01d01466-a7a5-45f5-90c6-99d22470bca9,item_added,2026-07-27T22:30:56
8eb40d20-f1db-404e-a718-a868c7b9016e,01d01466-a7a5-45f5-90c6-99d22470bca9,item_added,2026-07-27T22:46:56
6ffeeb74-89a8-4ccb-82ec-dde06084c2d9,01d01466-a7a5-45f5-90c6-99d22470bca9,item_added,2026-07-27T22:53:56
3d0c6713-46a0-4f2f-a511-589683efce8d,01d01466-a7a5-45f5-90c6-99d22470bca9,item_added,2026-07-27T23:00:56
c08bb0a7-bade-418e-977e-2247f8bcc858,01d01466-a7a5-45f5-90c6-99d22470bca9,converted,2026-07-28T01:59:56
e0dacf70-76e3-4751-a9e2-515d4db87b30,7f761127-0548-4233-b41a-27b7c3554e6c,created,2026-05-15T06:25:34
76aac644-a405-4bba-9436-489f39d3aa8d,7f761127-0548-4233-b41a-27b7c3554e6c,item_added,2026-05-15T06:44:34
843ca4be-9d0b-405a-a058-ee4a32e57a60,7f761127-0548-4233-b41a-27b7c3554e6c,item_added,2026-05-15T06:49:34
2b40f1be-ed15-4d8d-97ef-6a9a281c69d8,7f761127-0548-4233-b41a-27b7c3554e6c,abandoned,2026-05-15T09:51:34
adaa2696-2ba2-40e0-a60d-517194ec4229,86007971-b4d1-4db6-bd9b-270195616f9c,created,2026-08-01T10:42:03
a4b86441-6f8d-46c8-b749-93c64f2bceb7,86007971-b4d1-4db6-bd9b-270195616f9c,item_added,2026-08-01T10:44:03
fe61ec64-422a-4e8f-94bb-a1430332cb77,86007971-b4d1-4db6-bd9b-270195616f9c,item_added,2026-08-01T10:46:03
bc93c76a-07eb-4014-913f-410fa078e9fe,86007971-b4d1-4db6-bd9b-270195616f9c,item_added,2026-08-01T10:51:03
7d19c91e-19d4-4405-b1b6-cafa1173766e,86007971-b4d1-4db6-bd9b-270195616f9c,item_added,2026-08-01T10:53:03
ccd3a8ec-6638-4c11-8161-ea47a728cfec,c3a89d61-c4f1-46fa-8e76-26873932b72e,created,2026-04-29T12:28:25
6c47d6f0-fbe2-4d7b-a493-f3d892bf5833,c3a89d61-c4f1-46fa-8e76-26873932b72e,item_added,2026-04-29T12:30:25
e03eee36-ffc9-4808-85ec-0591aa1396a2,c3a89d61-c4f1-46fa-8e76-26873932b72e,abandoned,2026-04-29T15:16:25
cd884513-7335-4774-b844-cb47db43b102,bd5ba1ec-7218-4019-b1aa-d72051158344,created,2026-03-23T02:47:38
8f21562d-1094-405e-82f4-cd0ca5ca9823,bd5ba1ec-7218-4019-b1aa-d72051158344,item_added,2026-03-23T02:57:38
ac9cc591-d2d3-4205-82e2-5e9a36b2df84,bd5ba1ec-7218-4019-b1aa-d72051158344,item_added,2026-03-23T02:59:38
32d7b1c6-61f7-4fcd-b37f-695fa0a738d1,bd5ba1ec-7218-4019-b1aa-d72051158344,item_added,2026-03-23T03:19:38
6e4955a7-0a7c-4eb0-b6af-25d9cc51c9aa,bd5ba1ec-7218-4019-b1aa-d72051158344,converted,2026-03-23T03:33:38
07a23b05-eeab-47cb-b26d-3ec5b9a8f221,136b9468-5761-49a6-9dbd-cdd2e5fcf94e,created,2026-08-02T05:52:12
8878888b-f56d-44c0-bd04-3be2368ef5a6,136b9468-5761-49a6-9dbd-cdd2e5fcf94e,item_added,2026-08-02T05:58:12
20b822ab-9db2-457b-99dc-8ad711841155,136b9468-5761-49a6-9dbd-cdd2e5fcf94e,item_added,2026-08-02T06:00:12
0fe2466b-b19a-47da-ab41-28516d6e73d1,136b9468-5761-49a6-9dbd-cdd2e5fcf94e,converted,2026-08-02T08:05:12
97ddfb59-fa4b-48d6-8ccf-754346efdfe8,20a968d8-c415-4fb0-b51a-21cfddd287fb,created,2026-03-29T06:43:49
1115255d-b4d4-4791-a6b8-f0fbd5ed7209,20a968d8-c415-4fb0-b51a-21cfddd287fb,item_removed,2026-03-29T07:27:49
1c18134f-afa0-4045-aeb4-35a3cf89781e,20a968d8-c415-4fb0-b51a-21cfddd287fb,item_added,2026-03-29T07:02:49
b19ceaff-99e9-4e8e-9047-2a85a0b3fbf0,20a968d8-c415-4fb0-b51a-21cfddd287fb,item_removed,2026-03-29T07:16:49
8362e5cf-4cab-4926-9c5c-8fe83b5014cb,20a968d8-c415-4fb0-b51a-21cfddd287fb,item_added,2026-03-29T07:04:49
875dcf96-eedb-4cd9-b4df-22f28a508e12,20a968d8-c415-4fb0-b51a-21cfddd287fb,item_added,2026-03-29T07:14:49
c124c573-f1c6-4c1f-8432-cbe4dbdf0006,20a968d8-c415-4fb0-b51a-21cfddd287fb,item_removed,2026-03-29T07:46:49
bf240d67-042f-4103-85f6-534dd1b07da4,20a968d8-c415-4fb0-b51a-21cfddd287fb,item_added,2026-03-29T07:17:49
8182473a-3898-42d4-954c-81f7d0b85b14,20a968d8-c415-4fb0-b51a-21cfddd287fb,abandoned,2026-03-29T10:42:49
398be246-babf-49aa-bf8d-5e636200b4e2,5d259259-a1ed-407d-992e-b8b32730b474,created,2026-06-15T11:36:09
f92293c4-8154-4935-99ea-49a594da7063,5d259259-a1ed-407d-992e-b8b32730b474,item_added,2026-06-15T11:46:09
fc292c22-78b0-46a5-bd68-d43b7e2cb3ca,5d259259-a1ed-407d-992e-b8b32730b474,item_added,2026-06-15T11:54:09
edcf2c5d-a59b-4437-9814-6cd9e52b4a46,5d259259-a1ed-407d-992e-b8b32730b474,abandoned,2026-06-15T13:12:09
2717b448-03c8-4f5b-bcdf-1ae62abd03d8,90f0be72-4452-47d9-8dcb-b5c47c4930ad,created,2026-02-27T14:05:16
67869889-8eb2-4515-9191-1b7910f10b31,90f0be72-4452-47d9-8dcb-b5c47c4930ad,item_added,2026-02-27T14:15:16
fb83a148-4bee-4e5e-bead-9c24cc854fad,90f0be72-4452-47d9-8dcb-b5c47c4930ad,abandoned,2026-02-27T14:49:16
56870ebd-f24f-456f-82bc-dbbfc90ee18b,ff90e80d-badc-4b1f-8c5d-ba1cee5e96f8,created,2026-08-15T03:42:12
0060c817-7347-43b1-bf27-48c965059c35,ff90e80d-badc-4b1f-8c5d-ba1cee5e96f8,item_added,2026-08-15T03:52:12
4b088074-080b-4890-b4db-4aefebd12290,ff90e80d-badc-4b1f-8c5d-ba1cee5e96f8,item_added,2026-08-15T04:05:12
cdcd0b6e-0b99-4ba0-bcfd-596664e3c481,ff90e80d-badc-4b1f-8c5d-ba1cee5e96f8,item_added,2026-08-15T04:14:12
f710c97a-862c-431b-9352-488759aa08f9,ff90e80d-badc-4b1f-8c5d-ba1cee5e96f8,converted,2026-08-15T07:11:12
f98505f4-0572-4f07-968a-c085814715d3,dceb4607-0e70-4e30-83ce-ba714a37827a,created,2026-04-21T19:06:05
30b8708a-b9a8-4431-bad6-8bccc0ee4983,dceb4607-0e70-4e30-83ce-ba714a37827a,item_added,2026-04-21T19:25:05
cc473f7f-ea93-430f-ad5e-cb851c626e61,dceb4607-0e70-4e30-83ce-ba714a37827a,item_added,2026-04-21T19:26:05
410a6df6-c24a-4123-9e1e-39ddbfe66df7,dceb4607-0e70-4e30-83ce-ba714a37827a,converted,2026-04-21T20:52:05
04ae26d7-ec4e-4a4e-b3b6-9ced4de068bc,f684834b-1f61-42be-bb3a-046f1c98bfbc,created,2026-05-13T09:03:53
04347589-36cc-4b0c-8360-7ddf93117104,f684834b-1f61-42be-bb3a-046f1c98bfbc,item_added,2026-05-13T09:06:53
5a4559fc-914c-4adc-adcc-aaff154609fd,f684834b-1f61-42be-bb3a-046f1c98bfbc,converted,2026-05-13T10:52:53
c5be9769-6a8e-4eee-9eb5-9896d0f9c3e6,ad401bb0-586d-4492-b179-be60ed8bf396,created,2026-02-25T10:56:56
95659499-595f-4ee6-9261-f8965b479024,ad401bb0-586d-4492-b179-be60ed8bf396,item_added,2026-02-25T11:07:56
4eced6cc-9295-46ee-b38b-a281cd7c46c7,ad401bb0-586d-4492-b179-be60ed8bf396,converted,2026-02-25T11:33:56
336df647-5a6e-4768-b5ab-cb12375391eb,fdbbab42-2736-4551-ab44-991afc1b72f5,created,2026-05-07T18:49:29
ce1215e4-f79d-428a-b5f2-4f592171d726,fdbbab42-2736-4551-ab44-991afc1b72f5,item_added,2026-05-07T19:00:29
023ab118-128e-4bf7-9a6e-8ec1c9128ba7,fdbbab42-2736-4551-ab44-991afc1b72f5,abandoned,2026-05-07T22:38:29
333e5f99-1916-40c6-a3f3-3e33525e222b,00712d10-e6f1-4f31-8d5a-30f863195991,created,2026-08-11T21:58:46
d99d11c8-f0ff-4dd2-b7f6-fca7538b82dd,00712d10-e6f1-4f31-8d5a-30f863195991,item_added,2026-08-11T22:16:46
7a2bbcd5-c41d-4445-929d-533ef859160c,00712d10-e6f1-4f31-8d5a-30f863195991,abandoned,2026-08-12T00:23:46
c15d9089-db96-4e96-9df9-448db4b30d90,aa59a141-3f4c-4cf5-b51d-031d515908b9,created,2026-08-01T10:00:47
436f6bc4-4b28-4046-a5a4-11283a7409ae,aa59a141-3f4c-4cf5-b51d-031d515908b9,item_added,2026-08-01T10:11:47
908adbaa-c3f3-42d2-b318-e16a9d4ecf75,aa59a141-3f4c-4cf5-b51d-031d515908b9,item_added,2026-08-01T10:30:47
7b268de3-b420-4f19-8bec-6e3abd32aaa7,aa59a141-3f4c-4cf5-b51d-031d515908b9,abandoned,2026-08-01T13:19:47
afbca6a0-19fe-48b2-8c72-62660df28ecb,37bf2bab-31a3-4761-b97f-9c6af05e91ba,created,2026-05-30T03:48:13
33b1e11d-02e8-434a-97a5-2cdbb21900dd,37bf2bab-31a3-4761-b97f-9c6af05e91ba,item_added,2026-05-30T04:01:13
1c088d7c-155b-498d-8245-5f2c7ade8e48,37bf2bab-31a3-4761-b97f-9c6af05e91ba,abandoned,2026-05-30T04:08:13
51d38973-4d0a-4a10-bdfa-5854c0bc9430,fe1656d7-714a-4bea-9668-a07ce4624cf6,created,2026-07-12T12:03:39
44059b10-e11d-458e-ae5d-e5f8b3862eb5,fe1656d7-714a-4bea-9668-a07ce4624cf6,item_added,2026-07-12T12:13:39
08b6917a-e4b5-452c-97a4-15e36215a6e6,fe1656d7-714a-4bea-9668-a07ce4624cf6,item_added,2026-07-12T12:31:39
ea63c8a0-2f41-4d6d-b9f5-8ff2e1c17462,fe1656d7-714a-4bea-9668-a07ce4624cf6,item_added,2026-07-12T12:42:39
0501b322-250f-4aa7-9550-469ab3aa0159,fe1656d7-714a-4bea-9668-a07ce4624cf6,abandoned,2026-07-12T13:02:39
df9df930-fe2d-48f9-9f73-bd8168cd8b6d,7a955be4-881b-4f52-8714-86daa1d72bf5,created,2026-08-13T08:18:04
79185cce-1f6f-4797-b7c5-f63a6522f8e9,7a955be4-881b-4f52-8714-86daa1d72bf5,item_removed,2026-08-13T08:37:04
e5cc20af-5320-4620-83fb-45a4be8dcaa4,7a955be4-881b-4f52-8714-86daa1d72bf5,item_added,2026-08-13T08:29:04
b9875953-e6d4-4b80-b497-9e53e1394018,7a955be4-881b-4f52-8714-86daa1d72bf5,abandoned,2026-08-13T11:24:04
daa40afe-637e-49ce-a001-8d347d1115c7,103a9308-3115-4352-8fd7-fe8643eafb35,created,2026-07-15T10:49:43
8c13a26b-f746-46ed-b68b-7bb24ba32408,103a9308-3115-4352-8fd7-fe8643eafb35,item_added,2026-07-15T10:54:43
18963fc4-ccbe-4b94-ac66-4c1a0488a820,103a9308-3115-4352-8fd7-fe8643eafb35,item_added,2026-07-15T10:59:43
98f4d432-cc9a-4092-acff-5d2d3afdef71,103a9308-3115-4352-8fd7-fe8643eafb35,item_added,2026-07-15T11:19:43
a464a4bb-9dd9-497f-a694-4a3669a991e3,103a9308-3115-4352-8fd7-fe8643eafb35,converted,2026-07-15T11:37:43
a7bbdd6b-3e38-4daf-a523-31cd041b54d9,438214b4-8ccd-4223-a039-3e6d07263f03,created,2026-07-18T09:35:17
1c8359d2-ce33-44f6-a49f-d221a997c338,438214b4-8ccd-4223-a039-3e6d07263f03,item_added,2026-07-18T09:53:17
26ca1f0f-4a97-4b17-868b-842c5fff1df7,438214b4-8ccd-4223-a039-3e6d07263f03,converted,2026-07-18T12:09:17
2420c07f-6952-460f-8506-2f3188208d18,e82c71b6-eee6-41e9-b982-a022d080a19d,created,2026-04-17T07:55:12
2418d1a9-1c30-48c8-a882-a8a7f81784c2,e82c71b6-eee6-41e9-b982-a022d080a19d,item_added,2026-04-17T08:00:12
ec69c8f8-605d-4a89-8278-0d015af65281,e82c71b6-eee6-41e9-b982-a022d080a19d,converted,2026-04-17T11:01:12
e26379d6-c0b3-417a-b0c2-e5285480f513,538ecc6c-755e-46a2-b9bd-ea6f836b4c46,created,2026-05-31T10:29:40
eecfedf3-23b9-4e81-83a4-21a7e3555888,538ecc6c-755e-46a2-b9bd-ea6f836b4c46,item_added,2026-05-31T10:45:40
49e629f3-8436-4e9c-944a-7dcb2859968b,538ecc6c-755e-46a2-b9bd-ea6f836b4c46,item_added,2026-05-31T10:46:40
2e754a42-daf1-4b06-9b2a-e556a133998f,538ecc6c-755e-46a2-b9bd-ea6f836b4c46,item_added,2026-05-31T10:56:40
62d86103-6551-47ba-8d7e-ac8ec8a291a3,538ecc6c-755e-46a2-b9bd-ea6f836b4c46,abandoned,2026-05-31T13:58:40
0cdde79e-5a05-4095-8415-198b2657e675,16130188-c1f8-44f6-bd30-e39f5ddc6406,created,2026-07-22T15:33:28
ca3bc199-b1a4-456a-9654-2240e3dfa96a,16130188-c1f8-44f6-bd30-e39f5ddc6406,item_removed,2026-07-22T15:48:28
f1c71c28-a000-43ed-82d5-54e1f35cb10e,16130188-c1f8-44f6-bd30-e39f5ddc6406,item_added,2026-07-22T15:43:28
5b609f8a-cd77-41fc-9b63-cb7cb9aeb255,16130188-c1f8-44f6-bd30-e39f5ddc6406,abandoned,2026-07-22T16:51:28
110c0ef9-5e0d-4f75-b782-c100df128be9,58c757a1-a583-47de-a5b0-e5fc42051d79,created,2026-06-08T21:54:07
718c5f0a-05c1-4c23-85da-414a3b39319f,58c757a1-a583-47de-a5b0-e5fc42051d79,item_added,2026-06-08T22:01:07
c5b287c4-3648-42fd-a9b5-528094bbcd92,58c757a1-a583-47de-a5b0-e5fc42051d79,item_added,2026-06-08T22:14:07
a3d7913d-48be-42e7-a357-25caa383ba2b,58c757a1-a583-47de-a5b0-e5fc42051d79,item_added,2026-06-08T22:27:07
d8a2a51b-4553-4d25-a83e-f21cd6ead42a,58c757a1-a583-47de-a5b0-e5fc42051d79,abandoned,2026-06-09T01:28:07
7930267c-3ac5-4d7f-a6f5-44adf61a464b,36c8878d-adbe-4b9e-bd0b-ddb41d9d3dea,created,2026-05-18T17:05:44
1fa4d81e-b2ea-4110-ad95-5ae25347a57a,36c8878d-adbe-4b9e-bd0b-ddb41d9d3dea,item_added,2026-05-18T17:07:44
dbf61830-e278-4756-8f70-eab5c8dc41b9,36c8878d-adbe-4b9e-bd0b-ddb41d9d3dea,item_added,2026-05-18T17:27:44
d4f609af-3a36-4a91-a820-37798a612ebe,36c8878d-adbe-4b9e-bd0b-ddb41d9d3dea,item_added,2026-05-18T17:45:44
af100e22-391c-4b55-9b84-30c147871806,36c8878d-adbe-4b9e-bd0b-ddb41d9d3dea,abandoned,2026-05-18T19:50:44
55175710-617b-4091-b596-cbe9db2b536a,6c963a00-262c-4afc-8519-7c1f87a9f8dc,created,2026-04-23T08:29:51
b3bf47b9-3ed1-4362-8790-a1e4f8baef9d,6c963a00-262c-4afc-8519-7c1f87a9f8dc,item_added,2026-04-23T08:37:51
2c0a4583-f7f3-4bdf-9455-cb181915c864,6c963a00-262c-4afc-8519-7c1f87a9f8dc,item_added,2026-04-23T08:47:51
64d8bbd0-c6dd-4c18-9779-52e023b12f40,6c963a00-262c-4afc-8519-7c1f87a9f8dc,converted,2026-04-23T09:19:51
30ae507d-4b01-48d2-9aa2-d638dfcc351b,a2071aae-5c9f-436d-9bdb-10e4665d1ea0,created,2026-06-25T04:21:13
0169a604-cbe9-4edc-8a9b-82da33163ed2,a2071aae-5c9f-436d-9bdb-10e4665d1ea0,item_added,2026-06-25T04:23:13
cad9c7c6-a3f0-433c-83da-cec5df129b35,a2071aae-5c9f-436d-9bdb-10e4665d1ea0,abandoned,2026-06-25T07:15:13
ae73b86a-5088-4bd8-b76d-a54eecdd5159,0f20dce3-9cfa-45da-853a-c93326e7160a,created,2026-05-09T19:27:26
d99052db-d591-4223-95b5-87e269542393,0f20dce3-9cfa-45da-853a-c93326e7160a,item_added,2026-05-09T19:32:26
255f0314-5f9b-46d1-ab19-55cc02a4fa11,0f20dce3-9cfa-45da-853a-c93326e7160a,converted,2026-05-09T20:28:26
83fd7390-300b-4d5f-af40-619ab26b7bb6,a24e0d9d-c6ad-4adb-b4a1-f809276b692e,created,2026-05-19T21:36:04
a011bd3b-e362-4164-943e-50c0cff4132d,a24e0d9d-c6ad-4adb-b4a1-f809276b692e,item_added,2026-05-19T21:47:04
823aa74b-1917-497b-aa45-4552649210f5,a24e0d9d-c6ad-4adb-b4a1-f809276b692e,abandoned,2026-05-19T21:55:04
b261f93b-9e06-4e9f-abee-aeef5210d8e7,c79f8e1c-980b-47e8-b57c-93d7d82464f6,created,2026-05-31T01:58:10
baaacca4-90e1-4ffa-9516-a29eb31eabfb,c79f8e1c-980b-47e8-b57c-93d7d82464f6,item_added,2026-05-31T02:05:10
9744fd9d-934a-4ad5-ad6b-2aa9c90b6b0a,c79f8e1c-980b-47e8-b57c-93d7d82464f6,abandoned,2026-05-31T02:08:10
c104e421-8964-4d05-b1d6-f6171e3f3235,3cef6d43-0aa5-408b-adcf-8cf4090adb51,created,2026-04-05T17:06:57
f9961a37-6fa8-4048-944d-44e194646da4,3cef6d43-0aa5-408b-adcf-8cf4090adb51,item_added,2026-04-05T17:19:57
fb7b9877-87ce-4c83-b362-939798f18718,3cef6d43-0aa5-408b-adcf-8cf4090adb51,converted,2026-04-05T18:12:57
10c9f8dd-3c2d-4f4d-b84b-115ec2dde1d9,c8719675-44e2-4224-877a-b1df9d7804f6,created,2026-05-20T16:17:54
d950fda2-f5ff-4957-b08a-5d7a0d9680f5,c8719675-44e2-4224-877a-b1df9d7804f6,item_added,2026-05-20T16:21:54
7c4e0a3a-c421-4404-9a46-c8f21e3b7d83,c8719675-44e2-4224-877a-b1df9d7804f6,converted,2026-05-20T16:33:54
623acdeb-fd3d-4a2c-a29e-deec9e1fe596,fb78f7ab-de23-4b5e-82ef-c55a33cd5b0b,created,2026-06-13T02:40:45
76b81442-5e14-49f3-b08b-7f8a85e96b6d,fb78f7ab-de23-4b5e-82ef-c55a33cd5b0b,item_added,2026-06-13T02:54:45
c1cbbea3-803b-4dad-9fc3-63d206f1bbf2,fb78f7ab-de23-4b5e-82ef-c55a33cd5b0b,item_added,2026-06-13T02:55:45
703b0d36-6f6e-42ef-a28a-95d756b9d5d0,fb78f7ab-de23-4b5e-82ef-c55a33cd5b0b,item_added,2026-06-13T03:08:45
6cf145ee-d57d-4ce9-a45e-804e2c360b6a,fb78f7ab-de23-4b5e-82ef-c55a33cd5b0b,abandoned,2026-06-13T04:34:45
aa35e972-e9dc-4b10-bb33-6b2a3e80b2e5,381e7e72-f25c-4585-ac42-410f069c01ec,created,2026-03-15T17:58:19
b995a282-ef7b-4fe1-a0d8-f7b55848ec47,381e7e72-f25c-4585-ac42-410f069c01ec,item_added,2026-03-15T18:01:19
43b809c9-e690-4eba-a910-a777c641e129,381e7e72-f25c-4585-ac42-410f069c01ec,item_added,2026-03-15T18:15:19
b09adce5-3d70-4bdd-a0f0-b1de82066a76,381e7e72-f25c-4585-ac42-410f069c01ec,item_added,2026-03-15T18:35:19
ad593cbd-f206-4318-ae9a-a0de00577734,381e7e72-f25c-4585-ac42-410f069c01ec,converted,2026-03-15T20:20:19
b987b794-0d0b-4e08-bd4d-3ccdfbf0d598,571985df-cbdb-4e53-a0c4-089234a2264f,created,2026-03-20T15:00:41
e3198bb7-b7d0-406e-be7f-1398f5a141f0,571985df-cbdb-4e53-a0c4-089234a2264f,item_added,2026-03-20T15:17:41
48b4a8f5-d315-4196-9062-e454f5d75397,571985df-cbdb-4e53-a0c4-089234a2264f,abandoned,2026-03-20T15:35:41
a983739b-618a-4cfb-824e-a2f304031921,3a71aa81-f11d-445b-8a74-b8e1eeac83f1,created,2026-07-25T02:44:59
756b494f-2979-4c60-ade5-03a6e8f8f78a,3a71aa81-f11d-445b-8a74-b8e1eeac83f1,item_added,2026-07-25T02:57:59
2e8fa40d-1c45-45c4-8c77-06e00c5d6233,3a71aa81-f11d-445b-8a74-b8e1eeac83f1,item_added,2026-07-25T03:09:59
501fdca8-7537-4583-9d63-dd7ae4055ffa,3a71aa81-f11d-445b-8a74-b8e1eeac83f1,abandoned,2026-07-25T06:10:59
267c9db6-7add-4e66-8696-5fc29e651ca2,2500532d-3785-4a91-8d36-53f04e647f21,created,2026-04-05T23:35:38
e4aa15e8-99c3-4e01-a005-eca3fefb5936,2500532d-3785-4a91-8d36-53f04e647f21,item_added,2026-04-05T23:38:38
5f885d40-5f65-4607-bc0e-6a94fe281241,2500532d-3785-4a91-8d36-53f04e647f21,abandoned,2026-04-06T02:31:38
b4a9c839-0c35-4b27-b3cd-f211b00f2a5f,7d6aeb88-d4ab-4075-9d53-dcf070053968,created,2026-06-11T16:42:33
e3bf121f-732e-4ac6-b5db-e0682a5c81b8,7d6aeb88-d4ab-4075-9d53-dcf070053968,item_added,2026-06-11T16:43:33
5f403a36-5c8a-4d0c-a519-3f446416b8a1,7d6aeb88-d4ab-4075-9d53-dcf070053968,item_added,2026-06-11T17:03:33
b8ad230f-7f42-46c7-b4dd-002ab9405003,7d6aeb88-d4ab-4075-9d53-dcf070053968,item_added,2026-06-11T17:12:33
46e0d7f7-f533-41d5-9e51-7156fb74bebe,7d6aeb88-d4ab-4075-9d53-dcf070053968,item_added,2026-06-11T17:31:33
e2aade20-5c49-47e1-8cae-547371fe2fc1,7d6aeb88-d4ab-4075-9d53-dcf070053968,converted,2026-06-11T20:19:33
a807b261-877d-48c6-8f96-7d64d9ca3b19,66cb1bec-89fb-497a-bb2d-2ea760bfe032,created,2026-06-01T03:23:52
eb87681e-0974-4b7a-bf7a-943c095e7d3b,66cb1bec-89fb-497a-bb2d-2ea760bfe032,item_removed,2026-06-01T03:52:52
bc88bb7e-a0da-4cda-9ab5-518f829a2ba8,66cb1bec-89fb-497a-bb2d-2ea760bfe032,item_added,2026-06-01T03:34:52
eec1276a-7399-4789-b409-d060376bbe1f,66cb1bec-89fb-497a-bb2d-2ea760bfe032,item_added,2026-06-01T03:46:52
94539f11-9b52-40cb-9866-6d0e8d4f840b,66cb1bec-89fb-497a-bb2d-2ea760bfe032,abandoned,2026-06-01T04:22:52
75cdfd68-71dc-4d84-bb34-5401615da9c5,131f3f27-1846-4dfc-bda8-e1ee372acf14,created,2026-07-17T22:22:52
d1c0a5c6-7ad8-4bce-b862-39c104ed3f38,131f3f27-1846-4dfc-bda8-e1ee372acf14,item_added,2026-07-17T22:37:52
2eb3217a-905a-4347-baf3-32857c58e410,131f3f27-1846-4dfc-bda8-e1ee372acf14,item_added,2026-07-17T22:55:52
ff7af64a-b07c-4624-867f-3033257e8a30,fd390c5d-942b-4736-a4a2-12b597eb5abc,created,2026-02-27T06:19:30
41f0a4da-f041-433d-9d50-3e322e5b04a9,fd390c5d-942b-4736-a4a2-12b597eb5abc,item_added,2026-02-27T06:29:30
f0e1c9c4-8190-404c-9a5e-b21ba2029c73,fd390c5d-942b-4736-a4a2-12b597eb5abc,abandoned,2026-02-27T08:11:30
7ea0ec6f-81e9-4d1f-8f56-5deba335924d,ffc8b34e-a9ec-45ca-a183-e2982ca49c16,created,2026-04-13T14:32:20
63047cfe-2e62-42ef-af5a-639a97a9205b,ffc8b34e-a9ec-45ca-a183-e2982ca49c16,item_added,2026-04-13T14:35:20
9e6d191d-d0b8-4148-9dd8-1a5e6c55778b,ffc8b34e-a9ec-45ca-a183-e2982ca49c16,item_added,2026-04-13T14:53:20
caf88eab-4045-4924-897c-f7c2cf10f532,ffc8b34e-a9ec-45ca-a183-e2982ca49c16,item_added,2026-04-13T14:54:20
4f7a3e9b-d68c-4338-b73d-b1607756a891,ffc8b34e-a9ec-45ca-a183-e2982ca49c16,item_removed,2026-04-13T15:21:20
b25bcf4a-6a36-465e-bc92-7df26c42d5af,ffc8b34e-a9ec-45ca-a183-e2982ca49c16,item_added,2026-04-13T15:11:20
77495b02-b837-4a2b-81f1-bf10df3e1e84,ffc8b34e-a9ec-45ca-a183-e2982ca49c16,abandoned,2026-04-13T15:02:20
0d69f8b5-47af-46c0-8a13-67a189b4d10e,6fd8a62a-eaa6-4a41-a23b-a8f4ec4cec72,created,2026-03-25T04:53:18
902f3f33-bca5-42c6-ac20-58757c0b482b,6fd8a62a-eaa6-4a41-a23b-a8f4ec4cec72,item_added,2026-03-25T05:04:18
09f66873-9478-4864-b785-726831fc6ab2,6fd8a62a-eaa6-4a41-a23b-a8f4ec4cec72,abandoned,2026-03-25T07:12:18
ad3cd71b-d5b6-4474-b3c5-467c46f4f6e2,97f2695f-e7d8-41ba-ac68-1f8289b01f45,created,2026-05-13T19:27:37
0f557b7f-46b0-472b-88d3-415fd39cacf6,97f2695f-e7d8-41ba-ac68-1f8289b01f45,item_added,2026-05-13T19:40:37
3405c045-bbfc-4e64-82e6-fba3352d171f,97f2695f-e7d8-41ba-ac68-1f8289b01f45,abandoned,2026-05-13T22:34:37
80f9da59-8767-41fe-abd2-bdcf56db2895,05096fab-1f68-4e7a-8a4d-84fd7cec3212,created,2026-06-06T06:11:21
9c8e1ae4-476a-404f-8e36-55bc9ecfa8aa,05096fab-1f68-4e7a-8a4d-84fd7cec3212,item_added,2026-06-06T06:15:21
ea9b1de7-af46-4adb-8b3a-9a6242c147b2,05096fab-1f68-4e7a-8a4d-84fd7cec3212,converted,2026-06-06T09:05:21
f7cd2608-e40b-4bf5-bf07-1bb4516d96fa,d4a3136b-4468-4126-b2fd-280f25c17e52,created,2026-04-05T22:55:10
915342ec-9ad8-41df-91a7-6e05c0078bca,d4a3136b-4468-4126-b2fd-280f25c17e52,item_added,2026-04-05T23:15:10
6ed1279b-02ca-4bd3-832a-8444e8c41d88,d4a3136b-4468-4126-b2fd-280f25c17e52,item_added,2026-04-05T23:17:10
162c7845-45e8-4f1c-9f0f-ec3564267d97,d4a3136b-4468-4126-b2fd-280f25c17e52,item_removed,2026-04-05T23:53:10
3ba2320d-0827-4dc9-9305-0a54297560af,d4a3136b-4468-4126-b2fd-280f25c17e52,item_added,2026-04-05T23:28:10
cf082f93-624d-4559-ab62-3945bd6bc4ad,d4a3136b-4468-4126-b2fd-280f25c17e52,abandoned,2026-04-06T01:43:10
04c7df8d-b486-45a4-8621-e7bd572d37ce,76272c18-3b5c-4e23-a869-52fea4c7c333,created,2026-04-07T11:28:18
7f358026-8ccf-4409-9498-05a297ae263d,76272c18-3b5c-4e23-a869-52fea4c7c333,item_added,2026-04-07T11:42:18
0daab30a-3a2c-437b-9dd8-96cf6a3662d0,76272c18-3b5c-4e23-a869-52fea4c7c333,converted,2026-04-07T12:39:18
5076362c-5378-4089-94e6-918ca63ebe91,18a9014c-6463-4d08-9fdc-cf5610e029ba,created,2026-04-01T18:40:49
8f4c1115-c371-4aa3-9901-50d547a52677,18a9014c-6463-4d08-9fdc-cf5610e029ba,item_added,2026-04-01T18:44:49
d0e8b40c-527e-42dd-97c6-d93d7cdad491,18a9014c-6463-4d08-9fdc-cf5610e029ba,converted,2026-04-01T19:53:49
d062d021-f7ce-4b36-ae97-ec2ab6225ba2,b2f7c151-8a62-4458-baf1-eb57ce4ff996,created,2026-05-08T17:05:27
1d14d0b6-da34-444d-85f1-26457f5def49,b2f7c151-8a62-4458-baf1-eb57ce4ff996,item_added,2026-05-08T17:21:27
13e51e68-340e-4b84-a710-06fcc3219837,b2f7c151-8a62-4458-baf1-eb57ce4ff996,item_added,2026-05-08T17:24:27
5c8d581b-b5aa-475e-8276-87402105de38,b2f7c151-8a62-4458-baf1-eb57ce4ff996,converted,2026-05-08T20:58:27
689d1110-9239-4af1-854f-f989b0d5e3a4,1c42bd1b-a668-4665-a31b-d13a25568353,created,2026-06-10T02:28:58
83646e48-5db2-49af-8408-c7648ae35948,1c42bd1b-a668-4665-a31b-d13a25568353,item_added,2026-06-10T02:42:58
31ba8b7a-baf5-4a08-a378-c36e423d1082,1c42bd1b-a668-4665-a31b-d13a25568353,item_added,2026-06-10T02:44:58
3e8590bc-7f47-4983-8a2e-67569c3f245b,1c42bd1b-a668-4665-a31b-d13a25568353,abandoned,2026-06-10T06:24:58
4436fc40-692a-487a-96a3-68b34fd8ffd8,51efc0b5-f988-41c6-a9f9-d1a4217833fa,created,2026-05-11T13:34:09
3407d07c-e042-44e1-8ebc-35b62cd461cf,51efc0b5-f988-41c6-a9f9-d1a4217833fa,item_added,2026-05-11T13:47:09
f229193c-e0dd-4802-9b1e-54fa243d3ddd,51efc0b5-f988-41c6-a9f9-d1a4217833fa,abandoned,2026-05-11T15:48:09
2828e8a5-3bb8-4164-9ec4-1543c292f473,26271599-c940-4b96-b4a9-87e8554cafa3,created,2026-06-01T17:14:51
cb245d17-7ad9-43b6-b8a8-d438859ea7ff,26271599-c940-4b96-b4a9-87e8554cafa3,item_added,2026-06-01T17:22:51
3d3568ac-975f-4f8c-889b-0291ad526d9e,26271599-c940-4b96-b4a9-87e8554cafa3,converted,2026-06-01T18:42:51
e9723117-6ebe-433d-b543-b9e29b4a78b1,102ab64c-fe85-4e00-9051-b2c8e54e2432,created,2026-06-05T10:37:03
831f9715-c1dc-4e11-8d8c-48ef0aa0fa1d,9fefa07e-c1d7-4dc0-a54a-d107322ac222,created,2026-07-22T05:09:00
e2a6a217-2e39-4f75-88ea-59ce63d00c5a,9fefa07e-c1d7-4dc0-a54a-d107322ac222,item_added,2026-07-22T05:18:00
ab18ee6a-6732-445e-9174-6d121b0d7f97,9fefa07e-c1d7-4dc0-a54a-d107322ac222,converted,2026-07-22T08:47:00
8c1f6a2c-f643-44d8-9a60-f139b2934c3d,fc2bd113-110d-45a9-a8a3-e8c5ca066b68,created,2026-03-08T13:42:25
914489e3-3d42-459e-854e-c9bae0aae6eb,fc2bd113-110d-45a9-a8a3-e8c5ca066b68,item_added,2026-03-08T13:56:25
903b7dbd-a673-47c2-bd89-6697648dc544,fc2bd113-110d-45a9-a8a3-e8c5ca066b68,item_added,2026-03-08T13:58:25
d8df0f85-60f3-4227-90af-cd55ebd193ec,fc2bd113-110d-45a9-a8a3-e8c5ca066b68,item_added,2026-03-08T14:03:25
dd3bf58d-736d-48a0-a7f3-32b4b7615a78,7e383fd5-8f52-43de-9f75-e1085e6e0a34,created,2026-07-19T17:37:03
8f0431c8-c842-41c3-b3d8-b6a38d0da6e0,7e383fd5-8f52-43de-9f75-e1085e6e0a34,item_added,2026-07-19T17:51:03
c0ca1150-8a0b-4810-8937-9d73dd3dc9c2,7e383fd5-8f52-43de-9f75-e1085e6e0a34,item_added,2026-07-19T18:05:03
b6a2ef05-eb87-4e44-9ef1-e52ba78bf7ed,7e383fd5-8f52-43de-9f75-e1085e6e0a34,abandoned,2026-07-19T18:04:03
c1999200-fcc0-4127-8a76-dfa9c25369e4,92ae4475-93ac-4fc8-bc65-864a8805fda2,created,2026-03-07T06:51:52
279a03db-1dd1-4878-9a5d-2b72efacf9b0,92ae4475-93ac-4fc8-bc65-864a8805fda2,item_removed,2026-03-07T06:59:52
75ca3120-ebdc-46a0-a321-abf5a03700b9,92ae4475-93ac-4fc8-bc65-864a8805fda2,item_added,2026-03-07T06:57:52
e7f61be1-b4e8-4336-bad6-889cd3ebde90,92ae4475-93ac-4fc8-bc65-864a8805fda2,abandoned,2026-03-07T07:58:52
ce3f08d6-ff1d-4780-a825-7b8ac77f6b52,dadda374-cede-44ab-a982-69ed6170350f,created,2026-07-06T15:32:53
2c74eb8b-34ea-4e93-8027-314f77134761,dadda374-cede-44ab-a982-69ed6170350f,item_added,2026-07-06T15:36:53
8aa96067-e162-4f37-bff5-f3a491ed14f9,dadda374-cede-44ab-a982-69ed6170350f,item_added,2026-07-06T15:43:53
01b2c410-d437-4a87-9bbd-3e48d8db64a7,c5b16bd3-06b7-4cda-b8d7-70297c37b470,created,2026-05-01T07:38:22
55ec79ff-bd53-479e-a6ee-3af3a77dedfc,c5b16bd3-06b7-4cda-b8d7-70297c37b470,item_added,2026-05-01T07:47:22
09c9a819-0074-41b4-a55e-5808645468b5,c5b16bd3-06b7-4cda-b8d7-70297c37b470,item_added,2026-05-01T07:53:22
fd6ccb92-1d69-4cdd-88c9-28a0be197ad3,c5b16bd3-06b7-4cda-b8d7-70297c37b470,item_added,2026-05-01T08:06:22
465dc6fa-3cc3-473e-923b-e147e86d1522,c5b16bd3-06b7-4cda-b8d7-70297c37b470,converted,2026-05-01T11:18:22
23c5fbab-ecef-403f-be41-acccdd826392,8757f2e8-a60b-42ec-b0e2-d94a7578d642,created,2026-06-13T17:16:42
cb622793-cd48-4a65-a17f-db7d07378dbe,8757f2e8-a60b-42ec-b0e2-d94a7578d642,item_added,2026-06-13T17:28:42
086a90f3-aa33-449e-87d9-0aa2ec9cd713,8757f2e8-a60b-42ec-b0e2-d94a7578d642,abandoned,2026-06-13T18:17:42
41f3e99e-8f82-4084-be54-6f50eca0c6b1,4081235e-fc4e-4f60-9878-950589890959,created,2026-05-30T16:35:18
420e2299-7e56-4fd1-85e8-696cf86986e8,4081235e-fc4e-4f60-9878-950589890959,item_added,2026-05-30T16:36:18
a170b2e3-a212-49b0-ba9f-7a2fd5c3d55e,4081235e-fc4e-4f60-9878-950589890959,item_added,2026-05-30T16:38:18
c83ad287-a80a-492e-b60d-3628bbcad7fe,4081235e-fc4e-4f60-9878-950589890959,converted,2026-05-30T16:56:18
f1a37cc3-0bf0-4e5e-9ba4-c3a0c6a009e2,e029d95a-5fb2-4175-96b3-6562e41f7f03,created,2026-04-24T00:36:04
a0c3bd99-37e3-4e1c-96a7-24d2d9158083,e029d95a-5fb2-4175-96b3-6562e41f7f03,item_added,2026-04-24T00:40:04
4734dbad-96a5-4f76-bc8c-85150f2ec71d,e029d95a-5fb2-4175-96b3-6562e41f7f03,abandoned,2026-04-24T01:29:04
2d4a36d1-3530-4c71-ba71-85aced8792c7,f5808b3a-a667-4825-b4fb-e5e06a4e0c8d,created,2026-03-18T02:25:45
9e2ddfb6-e20d-4b5c-95f0-cf4c0af533ee,f5808b3a-a667-4825-b4fb-e5e06a4e0c8d,item_added,2026-03-18T02:43:45
8a33826d-06b3-4bf4-ac10-4edc15749874,f5808b3a-a667-4825-b4fb-e5e06a4e0c8d,item_added,2026-03-18T02:49:45
0772660d-e3b5-4474-93b7-e2a3cd61a500,f5808b3a-a667-4825-b4fb-e5e06a4e0c8d,item_added,2026-03-18T03:00:45
0edf1351-38c8-4ebc-95d2-a47b3737e136,f5808b3a-a667-4825-b4fb-e5e06a4e0c8d,abandoned,2026-03-18T03:57:45
fd67b524-cd03-41a9-9dc4-a32c818fd77c,6ecda101-7f34-456e-af11-3e1478099ab5,created,2026-05-06T09:19:28
bfb19d64-fc49-4947-957b-6d1aa49dc056,6ecda101-7f34-456e-af11-3e1478099ab5,item_removed,2026-05-06T09:47:28
31c1d9fe-5315-4076-bcc7-9503c225bdcc,6ecda101-7f34-456e-af11-3e1478099ab5,item_added,2026-05-06T09:25:28
f5c21b25-26d6-40e4-9ca3-7003fe5eb563,6ecda101-7f34-456e-af11-3e1478099ab5,item_added,2026-05-06T09:29:28
12ca3416-eba7-49ed-b01f-e22b6f006b29,6ecda101-7f34-456e-af11-3e1478099ab5,item_removed,2026-05-06T10:06:28
8917174b-4549-47ac-a201-5216492a04f4,6ecda101-7f34-456e-af11-3e1478099ab5,item_added,2026-05-06T09:46:28
34af9231-4e32-47ea-9c52-c39bc3054fa5,79e5009c-1f42-4ce0-b8e9-bb7b870eaa42,created,2026-04-10T03:41:59
bc44f46f-f764-4aff-96cd-6cf8e3376ec0,79e5009c-1f42-4ce0-b8e9-bb7b870eaa42,item_added,2026-04-10T03:42:59
bde24069-5f70-4cf3-84b2-470ded9f0072,6add5b41-1a6c-4104-94f1-1a4030130abf,created,2026-04-21T23:39:03
fa8f9737-68e2-4f48-8694-dada96276acd,6add5b41-1a6c-4104-94f1-1a4030130abf,item_added,2026-04-21T23:44:03
097d5083-5838-4064-9548-5c9f8a83d831,6add5b41-1a6c-4104-94f1-1a4030130abf,abandoned,2026-04-21T23:50:03
faf0bb70-929c-4a69-952d-68051e020a64,cae9a21b-bb03-4fe3-8dab-f95520381baf,created,2026-03-04T07:37:07
313da509-1a6b-442c-a930-8ef786ecfd29,cae9a21b-bb03-4fe3-8dab-f95520381baf,item_added,2026-03-04T07:57:07
17d4463e-7af0-477e-aea9-eb2d1a2c2142,cae9a21b-bb03-4fe3-8dab-f95520381baf,abandoned,2026-03-04T09:52:07
381d9c18-7289-4687-894a-720157e5204e,12a0d386-45c0-46d3-b65c-defe34cd4d36,created,2026-04-14T23:29:56
0bf4e009-8829-40e1-b3ab-c535a7c855d5,12a0d386-45c0-46d3-b65c-defe34cd4d36,item_added,2026-04-14T23:40:56
70f499df-3782-44e4-9c0c-36f40a04b01f,12a0d386-45c0-46d3-b65c-defe34cd4d36,abandoned,2026-04-15T01:13:56
8d9c1b62-1587-4987-b877-6bd838adad30,b214bfed-3462-4b02-bb44-e15ca733f7a3,created,2026-05-07T03:59:13
7ec87ac6-2287-40e5-a8fb-4fdef3e7b397,b214bfed-3462-4b02-bb44-e15ca733f7a3,item_added,2026-05-07T04:18:13
20a132e9-aaad-47d7-88d3-5f90ae74f860,b214bfed-3462-4b02-bb44-e15ca733f7a3,item_added,2026-05-07T04:35:13
994a4230-a074-4a5b-9023-a355e0cdcc16,b214bfed-3462-4b02-bb44-e15ca733f7a3,item_added,2026-05-07T04:49:13
9a4356fd-2891-4c52-bce7-125b32ca4e92,b214bfed-3462-4b02-bb44-e15ca733f7a3,abandoned,2026-05-07T07:05:13
b334023c-1d4a-42f8-94c3-73aa1631d0de,e26eaeff-a517-4fed-8332-efbe888ac0a1,created,2026-07-05T17:09:50
ea56ac48-4e83-482e-a7a1-77d27c1297d8,e26eaeff-a517-4fed-8332-efbe888ac0a1,item_added,2026-07-05T17:23:50
be564da5-b7e8-4129-9ce6-89792574f944,e26eaeff-a517-4fed-8332-efbe888ac0a1,item_added,2026-07-05T17:29:50
a073185e-ddc8-4142-9ec6-89a7dc1823ff,e26eaeff-a517-4fed-8332-efbe888ac0a1,item_added,2026-07-05T17:36:50
f42f79a2-59c3-49b4-b102-cb2269dc0a9b,e26eaeff-a517-4fed-8332-efbe888ac0a1,converted,2026-07-05T18:29:50
9a07d3b3-1a71-4e99-81f2-a5babb8dc8aa,cb6cc182-88d3-4872-bfa1-e5ac98d33c90,created,2026-07-05T02:21:17
2ccd3c44-a9c5-4939-a4c0-a8a644542198,cb6cc182-88d3-4872-bfa1-e5ac98d33c90,item_removed,2026-07-05T02:57:17
49bde27f-349b-4f44-b1f3-02c6adf71d63,cb6cc182-88d3-4872-bfa1-e5ac98d33c90,item_added,2026-07-05T02:41:17
83615b49-ff0c-4f4a-84bb-15bb86d8289c,cb6cc182-88d3-4872-bfa1-e5ac98d33c90,item_added,2026-07-05T02:59:17
c3a60b20-724b-47e8-bc02-90fcd8eeea13,cb6cc182-88d3-4872-bfa1-e5ac98d33c90,abandoned,2026-07-05T05:43:17
9d84b789-8f9c-48fa-9947-0fe1e87e01ae,e3dd3d91-a655-4896-a5ca-afded427d6e6,created,2026-03-02T04:48:21
fc132ca7-8bc9-4b98-ac8d-7e78104f13f9,e3dd3d91-a655-4896-a5ca-afded427d6e6,item_added,2026-03-02T05:04:21
07d6faa1-dfeb-4ba1-a220-eea117cd5a0d,e3dd3d91-a655-4896-a5ca-afded427d6e6,item_removed,2026-03-02T05:40:21
95a15ad9-1770-435c-b50d-f93473fddfba,e3dd3d91-a655-4896-a5ca-afded427d6e6,item_added,2026-03-02T05:22:21
9b49a3db-1fbf-4103-8c66-d2045ef45f68,e3dd3d91-a655-4896-a5ca-afded427d6e6,abandoned,2026-03-02T06:46:21
49ad3cab-d5c3-4eba-a7ba-3a78d46d30f4,720eec7e-edf3-494c-9b3c-aa2b6fada4a1,created,2026-02-22T05:31:22
b6276d95-6133-4c26-ad92-931144a51006,720eec7e-edf3-494c-9b3c-aa2b6fada4a1,item_added,2026-02-22T05:46:22
9a61a941-422f-48d2-ac19-3951067dafae,720eec7e-edf3-494c-9b3c-aa2b6fada4a1,item_added,2026-02-22T05:57:22
5c6a275f-485d-499c-bdd9-a97a3ec89efb,720eec7e-edf3-494c-9b3c-aa2b6fada4a1,converted,2026-02-22T08:46:22
b0ddcdea-668c-4244-b7b2-d8875bbb9ab9,d7936102-64ed-4da3-9164-47ff87a0a161,created,2026-03-27T10:43:46
4d1de9fd-0077-4c99-a426-a149ded2eb51,d7936102-64ed-4da3-9164-47ff87a0a161,item_added,2026-03-27T10:52:46
c928939e-3276-48a1-ad15-03efddf51df3,d7936102-64ed-4da3-9164-47ff87a0a161,item_added,2026-03-27T11:00:46
3a90bdae-683a-459c-84df-b27838871a99,d7936102-64ed-4da3-9164-47ff87a0a161,abandoned,2026-03-27T12:26:46
8cd813cc-e83c-40c5-ad21-234d414410b4,2f49c931-49eb-487f-8636-795e46dfe960,created,2026-05-20T07:34:19
203964e6-acff-4e94-aa84-06598f501ce9,2f49c931-49eb-487f-8636-795e46dfe960,item_added,2026-05-20T07:36:19
01bbe1d2-39cb-47fc-84f5-84d0656ebf6c,2f49c931-49eb-487f-8636-795e46dfe960,item_added,2026-05-20T07:51:19
d8d02112-aa58-4071-a943-58bafec99b20,2f49c931-49eb-487f-8636-795e46dfe960,item_added,2026-05-20T08:02:19
57b96f75-7e95-4cc0-9f12-3da9c74d51a2,2f49c931-49eb-487f-8636-795e46dfe960,converted,2026-05-20T10:46:19
5952ace1-6388-4d67-9055-9691cf02e519,c970b5d5-f564-4550-8530-0f8ff80a1e9f,created,2026-07-25T15:40:46
2057bdec-c6af-42bb-bc83-ed2aa2ec5321,c970b5d5-f564-4550-8530-0f8ff80a1e9f,item_added,2026-07-25T16:00:46
443d4716-5884-4f1f-9f27-06cb0c673d07,10f1df8d-2913-4397-b36f-ffabb5d5062c,created,2026-03-15T23:07:38
bf2868a4-fb62-4ff2-b003-b6e42c1eecff,10f1df8d-2913-4397-b36f-ffabb5d5062c,item_added,2026-03-15T23:14:38
1366073a-575a-42ca-a0ac-4cf778bad452,10f1df8d-2913-4397-b36f-ffabb5d5062c,item_removed,2026-03-15T23:52:38
fcea7319-2cdf-45e7-be36-826c2f7bbcf8,10f1df8d-2913-4397-b36f-ffabb5d5062c,item_added,2026-03-15T23:24:38
06d59854-0638-4cb7-aa38-d9bd2911d981,10f1df8d-2913-4397-b36f-ffabb5d5062c,abandoned,2026-03-15T23:56:38
2564c478-bef4-4e5e-850e-3f86f444450f,4e8ab632-a150-4dfa-9087-c772922961b4,created,2026-07-12T12:11:09
e371ef1c-3502-4b02-adbc-c60ac743e446,4e8ab632-a150-4dfa-9087-c772922961b4,item_added,2026-07-12T12:15:09
7e0a1608-e829-49e0-9fd8-2c7c1cd3df6e,4e8ab632-a150-4dfa-9087-c772922961b4,converted,2026-07-12T15:50:09
e20f3ada-181e-40dd-92ae-cf3aa010caeb,57d82fa9-bca9-4c85-81d5-b9799c0c0239,created,2026-05-31T12:19:27
fb804bce-9a65-48b5-91f0-005d38bfc174,f04bd05c-1c88-4f6f-8e59-bb26d8ddfbb9,created,2026-03-14T02:16:15
dfdf9bbb-3fdc-42b2-87ee-40c44ab49f66,f04bd05c-1c88-4f6f-8e59-bb26d8ddfbb9,item_added,2026-03-14T02:29:15
c3b3c16e-a34f-45d5-891f-41ed80ceea94,f04bd05c-1c88-4f6f-8e59-bb26d8ddfbb9,abandoned,2026-03-14T06:16:15
9c63f390-1635-4436-ae5e-ccd99764ad65,b3996bfb-a217-450f-b5cd-058b3b7f48e6,created,2026-05-02T09:48:03
55314012-247e-44a5-ae8f-6287b1aace25,b3996bfb-a217-450f-b5cd-058b3b7f48e6,item_added,2026-05-02T10:00:03
72f41514-d9ea-4864-b7fa-8d1700d4fe2a,b3996bfb-a217-450f-b5cd-058b3b7f48e6,item_added,2026-05-02T10:17:03
042b0920-1f3a-4beb-aa3f-3b139723a0c0,bb4f685f-2162-4fdf-bdfb-f7f8dad5e19c,created,2026-08-02T18:11:12
522bd0f7-b0b7-4e34-a616-ef554dbfef92,bb4f685f-2162-4fdf-bdfb-f7f8dad5e19c,item_added,2026-08-02T18:23:12
53a81fb8-4374-4426-be0b-64ce5c85d68c,bb4f685f-2162-4fdf-bdfb-f7f8dad5e19c,converted,2026-08-02T19:30:12
3862d52e-70d5-40fc-85e4-4017814c8efe,ea2ab712-c4be-4e1f-8822-614cdd73d6c2,created,2026-03-15T17:11:02
c41c0e64-8b80-4130-9644-cae75a1eb131,ea2ab712-c4be-4e1f-8822-614cdd73d6c2,item_added,2026-03-15T17:24:02
d9505588-5e92-40c7-b0a9-e9b68d4e69db,ea2ab712-c4be-4e1f-8822-614cdd73d6c2,item_added,2026-03-15T17:36:02
5fb6b187-d646-4215-a3dd-351c3a00c802,ea2ab712-c4be-4e1f-8822-614cdd73d6c2,converted,2026-03-15T18:53:02
0d97dcec-0723-4050-8d74-7788b5b310f5,ea2910a2-1bb3-440d-872c-5f675f06c9f7,created,2026-03-06T11:56:12
e00865e4-3b83-4058-b330-22cc54c732f4,ea2910a2-1bb3-440d-872c-5f675f06c9f7,item_added,2026-03-06T12:07:12
c2bbc498-95cf-410b-9855-b79c8c922a52,ea2910a2-1bb3-440d-872c-5f675f06c9f7,item_added,2026-03-06T12:20:12
25e06c4d-3718-48b6-99fc-efd6f39af6f9,ea2910a2-1bb3-440d-872c-5f675f06c9f7,item_added,2026-03-06T12:39:12
bd05ea46-1ecd-453b-a370-e961d6193cb8,ea2910a2-1bb3-440d-872c-5f675f06c9f7,item_added,2026-03-06T12:46:12
bb27241f-ef55-43fd-9f1a-c8077878a503,ea2910a2-1bb3-440d-872c-5f675f06c9f7,abandoned,2026-03-06T12:21:12
076eae7b-48ac-459e-9e42-537882a0ce14,443e0b7c-55cd-4246-b14d-b6607167de0e,created,2026-08-12T14:25:55
29aa551c-ae3c-4e6a-ac12-64c24d9cb9d9,443e0b7c-55cd-4246-b14d-b6607167de0e,item_added,2026-08-12T14:31:55
e39265e7-3f1b-4948-be96-30421822ab29,443e0b7c-55cd-4246-b14d-b6607167de0e,item_added,2026-08-12T14:46:55
391e39de-20b1-4273-9c05-4136638e3d4d,443e0b7c-55cd-4246-b14d-b6607167de0e,item_added,2026-08-12T14:49:55
87e2c4bb-2c46-49a0-868a-d2f2de7b7c55,443e0b7c-55cd-4246-b14d-b6607167de0e,item_added,2026-08-12T15:01:55
98bd35ed-816d-45e1-a661-52a9f1cd4ebc,443e0b7c-55cd-4246-b14d-b6607167de0e,converted,2026-08-12T17:34:55
dc05e53a-6c68-4e69-8a6b-8c965581ac8c,44654465-d652-4094-bee7-3f409e6b6c19,created,2026-04-09T13:40:49
ffb9f1fe-0de3-4b1a-9478-afe3a88403e5,44654465-d652-4094-bee7-3f409e6b6c19,item_added,2026-04-09T13:42:49
913bfc16-e6d2-44fe-ad80-335dd77f367d,44654465-d652-4094-bee7-3f409e6b6c19,item_added,2026-04-09T13:51:49
4b70044f-ca69-4a9f-be43-a8882b42dc1b,44654465-d652-4094-bee7-3f409e6b6c19,item_added,2026-04-09T13:55:49
689a6a08-d18d-40d4-8da4-35b17380c193,44654465-d652-4094-bee7-3f409e6b6c19,converted,2026-04-09T16:10:49
dfe3c8e2-fdfc-43af-8ab1-5974aa465c85,f9f8a392-af37-4ae9-ab44-5fd99f2d09fe,created,2026-06-24T16:11:31
8bc9b83c-43cb-4712-9e68-2a988d42a50e,f9f8a392-af37-4ae9-ab44-5fd99f2d09fe,item_added,2026-06-24T16:24:31
fb0487b8-99fd-4019-b9fa-d86eff864f79,f9f8a392-af37-4ae9-ab44-5fd99f2d09fe,item_added,2026-06-24T16:39:31
6a153b45-3d80-4f72-9f2a-78d5fed763b3,f9f8a392-af37-4ae9-ab44-5fd99f2d09fe,item_added,2026-06-24T16:58:31
c0a73f89-8a22-46d9-ac46-3d0a521fb54d,f9f8a392-af37-4ae9-ab44-5fd99f2d09fe,abandoned,2026-06-24T17:00:31
b890ac05-03e4-4ae5-a1f9-2c2af0884540,069c7090-c15b-45fc-8c47-1fcc4cf20ff2,created,2026-05-26T04:36:15
5bc9cc94-8537-4211-8780-af86a6ada7d9,069c7090-c15b-45fc-8c47-1fcc4cf20ff2,item_added,2026-05-26T04:40:15
e62489a8-8162-4bd7-acf7-1b9c7422c65c,069c7090-c15b-45fc-8c47-1fcc4cf20ff2,item_added,2026-05-26T04:57:15
14045fd9-678c-433b-816e-962ccd56aec9,069c7090-c15b-45fc-8c47-1fcc4cf20ff2,converted,2026-05-26T06:47:15
14cbe0e0-71dc-47dc-84a4-6fac6e60ef00,f69a7d9b-61a1-42ad-b501-5cb0da4e83f0,created,2026-08-13T12:03:27
4d300743-2f9a-4f5c-9945-2f5fccdd6f2a,f69a7d9b-61a1-42ad-b501-5cb0da4e83f0,item_added,2026-08-13T12:10:27
051bb4bc-c264-4d87-9c6a-879fab4de50e,f69a7d9b-61a1-42ad-b501-5cb0da4e83f0,item_removed,2026-08-13T12:22:27
25f71c61-9638-4160-934c-275d89a0839d,f69a7d9b-61a1-42ad-b501-5cb0da4e83f0,item_added,2026-08-13T12:21:27
72c4fc65-db06-4c58-8b11-d2cb0e2866ab,f69a7d9b-61a1-42ad-b501-5cb0da4e83f0,item_added,2026-08-13T12:33:27
26c0eabd-fee8-4596-9955-01658dc3b94d,f69a7d9b-61a1-42ad-b501-5cb0da4e83f0,abandoned,2026-08-13T15:07:27
4691160d-6676-4041-8615-f94c6841b16e,fc793517-95fc-4585-b73e-cf12a15be943,created,2026-04-22T08:25:14
46e36812-c390-471b-81bf-ee50ef0ea513,fc793517-95fc-4585-b73e-cf12a15be943,item_added,2026-04-22T08:36:14
3a35f31d-8a6a-4c1e-b6b6-422325e137b1,fc793517-95fc-4585-b73e-cf12a15be943,item_added,2026-04-22T08:51:14
bda7829d-fedd-4d3d-a7ae-1e286baca9c3,fc793517-95fc-4585-b73e-cf12a15be943,abandoned,2026-04-22T11:10:14
76946528-d7f0-49ac-b128-d43b53740c59,3bbefcbc-de94-4d57-9957-20098f169319,created,2026-03-13T06:44:32
dff47140-5e11-4dac-b9d1-b9c6d08b787f,3bbefcbc-de94-4d57-9957-20098f169319,item_added,2026-03-13T06:50:32
ce0fe351-4699-443a-aae7-bb21245f15de,3bbefcbc-de94-4d57-9957-20098f169319,item_added,2026-03-13T06:54:32
7479171a-032d-450f-9c81-ddef5af009ea,3bbefcbc-de94-4d57-9957-20098f169319,abandoned,2026-03-13T07:55:32
d4a4d96b-cb7d-4dda-b6f6-37e22459f659,4efd71eb-63c5-4347-9ac4-03e979535482,created,2026-06-20T00:13:07
1dc2a2bb-5d7d-496e-9d79-fffd4e11d665,4efd71eb-63c5-4347-9ac4-03e979535482,item_added,2026-06-20T00:31:07
099a67ef-8ede-4d10-8d4c-e524b8f16f9f,4efd71eb-63c5-4347-9ac4-03e979535482,converted,2026-06-20T03:20:07
a7ef262b-03cf-4ea9-9cc8-70ade337efb2,f228a7b5-32db-4506-9d78-e09359ee60f0,created,2026-05-01T18:41:27
4befde48-d7db-4987-922f-cb438a130264,f228a7b5-32db-4506-9d78-e09359ee60f0,item_added,2026-05-01T18:42:27
cf8ce8ab-e294-4c40-8ab7-7066ef092676,f228a7b5-32db-4506-9d78-e09359ee60f0,item_added,2026-05-01T18:52:27
ff06b8e6-a746-4445-9a29-117062ffd2a6,f228a7b5-32db-4506-9d78-e09359ee60f0,item_added,2026-05-01T18:53:27
c2f22392-9386-488c-ae77-4cf3f965caab,8238361c-f6ef-4897-84e4-b33fe909f72a,created,2026-07-11T08:57:43
50d78f1f-def2-427c-a445-9f2d79e48a77,8238361c-f6ef-4897-84e4-b33fe909f72a,item_added,2026-07-11T09:01:43
654f3ec2-3d01-434b-bf16-823e5f903ab0,8238361c-f6ef-4897-84e4-b33fe909f72a,item_added,2026-07-11T09:07:43
7f591533-193d-4904-9751-dec0b716f96e,8238361c-f6ef-4897-84e4-b33fe909f72a,item_removed,2026-07-11T09:56:43
bb2a3500-25e6-4b98-b6e4-9f7b94fe789d,8238361c-f6ef-4897-84e4-b33fe909f72a,item_added,2026-07-11T09:26:43
d7dddddb-5b3e-4a1b-a0f8-29ff49a73ead,8238361c-f6ef-4897-84e4-b33fe909f72a,item_added,2026-07-11T09:45:43
362332b5-381b-4c97-bb42-7bf723e12663,8238361c-f6ef-4897-84e4-b33fe909f72a,abandoned,2026-07-11T10:13:43
487eebf5-5b4b-4e1f-a729-89f479cf05e4,26d6312f-f017-410b-aa87-508e7ef0bc3c,created,2026-02-22T15:18:38
4aa1a68c-f85b-4a17-aa6d-ee907293677d,26d6312f-f017-410b-aa87-508e7ef0bc3c,item_added,2026-02-22T15:29:38
dd97b07a-f3ab-41d0-8d5a-0667382963bc,26d6312f-f017-410b-aa87-508e7ef0bc3c,converted,2026-02-22T16:01:38
4aedb505-5922-41d6-be42-21dc61dc8246,45530a63-5232-4a06-b2e4-11ab6f3bdcf1,created,2026-05-17T19:14:24
c72ec05e-44e0-471c-a947-c06262b6e718,45530a63-5232-4a06-b2e4-11ab6f3bdcf1,item_added,2026-05-17T19:27:24
92bced4d-90d0-4185-897f-28929acbd31f,45530a63-5232-4a06-b2e4-11ab6f3bdcf1,item_added,2026-05-17T19:46:24
37a97c06-07a6-411d-a332-755dbeecc102,45530a63-5232-4a06-b2e4-11ab6f3bdcf1,converted,2026-05-17T21:13:24
929df2d8-7775-4811-b02b-4a6c3823667c,199b6576-c175-4765-b4a7-85928963939c,created,2026-07-10T02:50:30
57834533-cad2-47ef-8c4f-001311ebf09f,199b6576-c175-4765-b4a7-85928963939c,item_added,2026-07-10T02:51:30
c3859844-9f0d-4e60-a523-bd7ee9ebd725,199b6576-c175-4765-b4a7-85928963939c,item_added,2026-07-10T02:57:30
1770a927-6542-403d-834d-abf33a397515,199b6576-c175-4765-b4a7-85928963939c,item_added,2026-07-10T03:13:30
bbab269f-db21-4695-b59f-b97b1d95885e,199b6576-c175-4765-b4a7-85928963939c,item_added,2026-07-10T03:25:30
2c1c6863-b703-41c9-a486-0c9a37f51550,199b6576-c175-4765-b4a7-85928963939c,abandoned,2026-07-10T02:57:30
74da9104-7bc5-4db4-b66a-c8ccd196a042,6d18c76a-e44d-46c9-b734-1640a0f98ff7,created,2026-03-09T20:39:36
d1f9e218-fdab-488d-98e7-174696a4b920,6d18c76a-e44d-46c9-b734-1640a0f98ff7,item_added,2026-03-09T20:45:36
c2f81baf-5314-40f6-a012-e7ffece1a7ff,6d18c76a-e44d-46c9-b734-1640a0f98ff7,converted,2026-03-09T23:00:36
b2c0010b-c66b-44a5-bc5e-70f20ab30a1b,378b5e87-27a7-400c-a291-5f1d1c76d1cf,created,2026-03-22T07:33:28
06d08fbd-82f2-4216-ae08-97e6c5695749,378b5e87-27a7-400c-a291-5f1d1c76d1cf,item_added,2026-03-22T07:46:28
e20583c1-272d-4d81-9745-bcd817370c61,bd452994-9ecc-4086-b4bd-8104bf156495,created,2026-04-07T17:16:19
c613c48e-f1d3-4dd3-b11f-7aeb023cf6eb,bd452994-9ecc-4086-b4bd-8104bf156495,item_added,2026-04-07T17:35:19
52c066a1-fa2b-4822-907c-b5aeee179516,bd452994-9ecc-4086-b4bd-8104bf156495,item_added,2026-04-07T17:46:19
d77afdf9-47e3-45aa-82cc-50bcaceb75e3,bd452994-9ecc-4086-b4bd-8104bf156495,item_removed,2026-04-07T17:59:19
02ce937d-2503-440c-978b-45e6153fcd15,bd452994-9ecc-4086-b4bd-8104bf156495,item_added,2026-04-07T17:50:19
451f17cc-0c3a-4d54-8c5b-f28e46b47918,bd452994-9ecc-4086-b4bd-8104bf156495,abandoned,2026-04-07T17:52:19
b153497c-3e6b-448f-8f4e-c18c710fca9c,1102d5bf-beaf-43c2-8f3d-8307b28661fa,created,2026-03-01T11:02:54
aaeef540-97e7-4089-b934-fc3a25f000d2,1102d5bf-beaf-43c2-8f3d-8307b28661fa,item_added,2026-03-01T11:04:54
5464a6e7-2c58-49c6-8243-f0a5ae279052,1102d5bf-beaf-43c2-8f3d-8307b28661fa,item_added,2026-03-01T11:22:54
230598de-ce3a-4b1c-8e59-36a270122b14,1102d5bf-beaf-43c2-8f3d-8307b28661fa,converted,2026-03-01T11:38:54
9a013bd9-2ea2-4d1d-981c-923994b73032,78e58b4d-37bf-4c9d-b3b7-919b632bab47,created,2026-07-08T16:42:13
63e08853-ca57-4670-8d68-c7a938ccbe0e,78e58b4d-37bf-4c9d-b3b7-919b632bab47,item_added,2026-07-08T16:58:13
35ef95e8-750c-40e7-8d33-0419fb08c856,78e58b4d-37bf-4c9d-b3b7-919b632bab47,converted,2026-07-08T19:14:13
437c86c2-74c5-4779-940c-392c18e5e561,5441c1db-fa3f-4f38-b36b-14efe55ce2c7,created,2026-08-12T00:13:25
d38d9bc2-54cb-4544-8c75-084d2ea8e0b2,5441c1db-fa3f-4f38-b36b-14efe55ce2c7,item_added,2026-08-12T00:29:25
628bd84b-8067-442e-9693-9df385f6a149,5441c1db-fa3f-4f38-b36b-14efe55ce2c7,item_added,2026-08-12T00:47:25
1b71a708-87ec-485f-bc5b-d9b2f0ddc3b2,5441c1db-fa3f-4f38-b36b-14efe55ce2c7,abandoned,2026-08-12T03:01:25
a27dd6c0-5005-47b2-b0ed-a07692fc47a9,c43da196-afc8-4eca-b499-747df4ccbd20,created,2026-03-09T22:56:05
a1b72f50-c018-41e4-88bc-07b8724edf75,c43da196-afc8-4eca-b499-747df4ccbd20,item_removed,2026-03-09T23:11:05
fe638c19-7672-48f9-895b-b77c1ceb2573,c43da196-afc8-4eca-b499-747df4ccbd20,item_added,2026-03-09T23:06:05
d6c0ccd4-2ae3-41f2-b888-2aab72456f3c,c43da196-afc8-4eca-b499-747df4ccbd20,item_added,2026-03-09T23:24:05
909901cf-c4ec-41a3-9cef-c7695ceaafa5,676f58d4-d491-4c30-b98d-3a93190402f6,created,2026-04-12T18:51:54
8387129f-9d24-4bf0-bde1-15bf8ac63297,676f58d4-d491-4c30-b98d-3a93190402f6,item_removed,2026-04-12T19:32:54
53d3b3b6-7434-4542-8cbe-43f104a96659,676f58d4-d491-4c30-b98d-3a93190402f6,item_added,2026-04-12T19:11:54
1ee6e74a-657a-40ef-8426-d7be7e25baed,676f58d4-d491-4c30-b98d-3a93190402f6,abandoned,2026-04-12T19:51:54
f289e0c1-76b9-4041-9805-7e2e3bb5050f,6e4409af-f72e-445e-9daa-b9c86fb0a18a,created,2026-05-28T17:06:46
b8e0c60e-2ff3-49ec-9722-f8506a13eb55,6e4409af-f72e-445e-9daa-b9c86fb0a18a,item_added,2026-05-28T17:13:46
1f1340c2-1fff-428c-9b44-cf445fc5325f,6e4409af-f72e-445e-9daa-b9c86fb0a18a,item_added,2026-05-28T17:26:46
eff9c724-bb28-4775-a810-54c190116006,ca5ffd6c-c1e0-4849-a95c-5359e08fd933,created,2026-04-09T10:13:59
8348d20e-1b07-4c0b-a744-589970866ba3,ca5ffd6c-c1e0-4849-a95c-5359e08fd933,item_added,2026-04-09T10:15:59
2405825b-e46e-4caa-a885-975a3dae53f0,ca5ffd6c-c1e0-4849-a95c-5359e08fd933,item_removed,2026-04-09T10:48:59
1a0bae1e-5f6c-48ef-9070-ba0ff55789a3,ca5ffd6c-c1e0-4849-a95c-5359e08fd933,item_added,2026-04-09T10:20:59
4be48ee2-cf79-4a24-b937-45ef4360620d,ca5ffd6c-c1e0-4849-a95c-5359e08fd933,item_added,2026-04-09T10:37:59
8fc6fc2c-656b-4a19-8bfe-f17dd83003bc,ca5ffd6c-c1e0-4849-a95c-5359e08fd933,abandoned,2026-04-09T11:25:59
e41b6d71-77d4-4cae-8b39-79b492a447f6,8d272674-c8ac-46c5-ada8-1fb4632552f0,created,2026-02-17T15:47:06
739e297c-ce58-47e3-acbc-dfc70e3c0736,8d272674-c8ac-46c5-ada8-1fb4632552f0,item_added,2026-02-17T15:57:06
40aae3a2-7da1-47b4-b339-7d020015bc1d,561cdb65-e4f0-4889-9fe7-54502dc1f479,created,2026-04-23T23:35:37
c30de758-f5de-4c4b-a4a5-ca2d6b33485d,561cdb65-e4f0-4889-9fe7-54502dc1f479,item_added,2026-04-23T23:42:37
6a974351-b243-4be9-a677-90ef2a49c428,561cdb65-e4f0-4889-9fe7-54502dc1f479,item_added,2026-04-23T23:58:37
8cdf0956-620d-472e-ae57-0097994ca56d,561cdb65-e4f0-4889-9fe7-54502dc1f479,converted,2026-04-24T00:07:37
cc9d8d26-3f78-4a33-a651-0cb4ba3b6dc6,3fb9a0b4-2914-4352-b4e2-2d15d73777c1,created,2026-05-28T21:46:16
acacbf06-c334-4186-a89a-42602a7bef50,3fb9a0b4-2914-4352-b4e2-2d15d73777c1,item_added,2026-05-28T21:56:16
deab7ba3-d0f5-4397-89d4-cb790bf1105f,3fb9a0b4-2914-4352-b4e2-2d15d73777c1,item_added,2026-05-28T22:07:16
41d38750-0006-4f80-9c85-827f215cf291,d1626e8c-ce9c-485c-aaa6-2d10180e2a74,created,2026-02-20T05:09:37
fd66f64c-763d-47c2-9829-14f797f3519d,d1626e8c-ce9c-485c-aaa6-2d10180e2a74,item_added,2026-02-20T05:13:37
7daf0e5d-612d-48a0-b93a-00a6c14355ef,d1626e8c-ce9c-485c-aaa6-2d10180e2a74,converted,2026-02-20T07:37:37
cfbebfcb-f11b-423b-b3e0-860518c8bf49,ad56ca9f-b878-42d3-b4a7-e5d8eb1625e2,created,2026-06-27T03:52:31
e49d853e-186d-4f7b-85ef-67ddae96fb8f,ad56ca9f-b878-42d3-b4a7-e5d8eb1625e2,item_added,2026-06-27T04:12:31
30d7c3e1-c62d-4b86-9a25-ea1d24dc742c,ad56ca9f-b878-42d3-b4a7-e5d8eb1625e2,item_added,2026-06-27T04:26:31
acc371bd-3262-4504-9f6c-837aba17bc41,4d83db08-bff8-43a4-ad9e-3fdd41183677,created,2026-04-18T21:48:42
8fae8a37-d01c-4b0e-994f-5b43c65c480f,4d83db08-bff8-43a4-ad9e-3fdd41183677,item_added,2026-04-18T22:03:42
81d0b4f6-75f6-4220-a296-375a97a20f96,4d83db08-bff8-43a4-ad9e-3fdd41183677,item_added,2026-04-18T22:23:42
c32777c8-574d-498c-9e30-9c75a7713538,e3e34326-7016-4f8e-b198-05b6b5453297,created,2026-07-25T20:58:19
9e41b84e-344a-4dd5-93c3-2077eaeeb39f,e3e34326-7016-4f8e-b198-05b6b5453297,item_added,2026-07-25T21:17:19
7e009ddf-7740-4580-a970-ee5f10beeb69,e3e34326-7016-4f8e-b198-05b6b5453297,abandoned,2026-07-26T00:15:19
96e3f639-ad26-4fe9-b0f5-53e96a610dea,23d95224-a7d8-4429-a00c-ba860920e5ce,created,2026-07-07T16:25:07
e2e82554-96c3-4e11-8e59-c748c2aa52d6,23d95224-a7d8-4429-a00c-ba860920e5ce,item_added,2026-07-07T16:39:07
4ec1566a-4901-427a-89cf-9d20a9ab2924,23d95224-a7d8-4429-a00c-ba860920e5ce,item_added,2026-07-07T16:54:07
9d37f84c-4c23-4ae6-9b31-ef78d4728fd0,23d95224-a7d8-4429-a00c-ba860920e5ce,abandoned,2026-07-07T19:52:07
4bb48018-d3de-4944-bca6-ba7b308fae82,7920eb5b-0c2e-47bb-84c8-1008cea21a42,created,2026-07-16T00:21:38
a94e3d1d-48fb-4658-9148-cbcf36499aa2,7920eb5b-0c2e-47bb-84c8-1008cea21a42,item_added,2026-07-16T00:40:38
394feba4-0980-4d0c-8c22-8535ddecab2f,7920eb5b-0c2e-47bb-84c8-1008cea21a42,item_added,2026-07-16T00:56:38
1c0854dd-df99-41af-95c6-5ed3b339d1e3,f78a41ad-3851-4b06-b38e-ba1494d964f1,created,2026-07-19T06:45:24
9befca97-9560-4786-b1fa-e3105360062c,f78a41ad-3851-4b06-b38e-ba1494d964f1,item_added,2026-07-19T06:48:24
bc12e715-75c2-4a76-9048-a3a35ef2b505,f78a41ad-3851-4b06-b38e-ba1494d964f1,abandoned,2026-07-19T09:12:24
655a8bba-ce15-4235-a3f2-64810a966ce7,b498e9f0-5c94-40d8-8a70-97c02741daab,created,2026-07-21T11:52:54
7f25645d-52a2-4012-91ae-d06c8c908fe6,b498e9f0-5c94-40d8-8a70-97c02741daab,item_added,2026-07-21T11:54:54
ed917a0e-6a32-4d5c-abb3-2bc194f77713,b498e9f0-5c94-40d8-8a70-97c02741daab,abandoned,2026-07-21T13:40:54
3f6eb020-4792-4c1e-8801-8c593f3eb9b1,2453876a-c6d2-4ef2-9c29-fc7822ce99aa,created,2026-02-24T07:28:53
862a2180-b2fd-4194-a809-e6df5516468f,2453876a-c6d2-4ef2-9c29-fc7822ce99aa,item_added,2026-02-24T07:29:53
04cb7195-b807-4008-aa94-2a9c02a89c0a,2453876a-c6d2-4ef2-9c29-fc7822ce99aa,item_added,2026-02-24T07:44:53
915851e8-ace8-47cc-a283-59fb307c5521,2453876a-c6d2-4ef2-9c29-fc7822ce99aa,item_added,2026-02-24T07:45:53
90710655-0b98-4dba-98ac-dd072ab8f4c3,2453876a-c6d2-4ef2-9c29-fc7822ce99aa,item_removed,2026-02-24T08:01:53
c485cc66-0a57-4932-80c9-0f26b4df65b4,2453876a-c6d2-4ef2-9c29-fc7822ce99aa,item_added,2026-02-24T07:54:53
f8e6e1da-ce6e-4d27-815f-73ddde106afd,2453876a-c6d2-4ef2-9c29-fc7822ce99aa,abandoned,2026-02-24T10:07:53
f4b89315-7489-4e8f-8f95-1e564eef50c9,866971e5-fba5-4ffd-be72-8dee012a012f,created,2026-06-03T16:25:00
6476b00a-d228-4b39-8138-ebc85b51c8e7,866971e5-fba5-4ffd-be72-8dee012a012f,item_removed,2026-06-03T17:05:00
40107c6d-500f-4b22-9151-cb410cddac1a,866971e5-fba5-4ffd-be72-8dee012a012f,item_added,2026-06-03T16:39:00
eeae9539-8e55-46ca-b33d-45d4d0da64ee,866971e5-fba5-4ffd-be72-8dee012a012f,item_added,2026-06-03T16:46:00
76be35a7-9ab4-4013-b504-776935fa9f70,361f3f4e-1548-4665-9258-9f6af1935d4e,created,2026-07-29T16:47:21
4cc637f3-9e04-483a-a036-027087f4ae23,361f3f4e-1548-4665-9258-9f6af1935d4e,item_added,2026-07-29T16:58:21
11e26338-f09c-4fbc-85c6-3ef7e4cb6d5e,361f3f4e-1548-4665-9258-9f6af1935d4e,abandoned,2026-07-29T19:41:21
76044a23-b0ed-48b2-9947-32aa9e3e0207,1612a15c-8de0-469b-9b73-1cc976faf225,created,2026-04-21T11:31:47
7be896d0-1156-44c1-97b9-63a712ffa84c,1612a15c-8de0-469b-9b73-1cc976faf225,item_added,2026-04-21T11:34:47
137b34dd-1824-4867-9563-53fe5fd6048a,1612a15c-8de0-469b-9b73-1cc976faf225,item_added,2026-04-21T11:46:47
7cb53bb6-8f04-488d-9e7b-8c4c5a866155,1612a15c-8de0-469b-9b73-1cc976faf225,abandoned,2026-04-21T13:31:47
66f2446e-9a26-445e-a3c4-4154d83639ac,0147ada9-c6f5-4cb1-a9c9-a7330178cfd8,created,2026-08-01T16:28:40
07b342ec-de0f-4bcb-9abd-f7d25c91fc1d,0147ada9-c6f5-4cb1-a9c9-a7330178cfd8,item_added,2026-08-01T16:48:40
a7dc5d5d-4f10-4cbc-8908-2a3a1048038d,0147ada9-c6f5-4cb1-a9c9-a7330178cfd8,item_added,2026-08-01T16:58:40
12cd513e-2605-49d0-8070-540f76b51ffe,b7d7fd96-d1ec-433d-859c-d936ef031e84,created,2026-06-10T20:50:52
ec563b67-0881-4fbf-a361-7262d59a6133,b7d7fd96-d1ec-433d-859c-d936ef031e84,item_added,2026-06-10T21:07:52
9b8e9db6-2a0f-4f89-9df0-de1831e0ebdb,b7d7fd96-d1ec-433d-859c-d936ef031e84,item_added,2026-06-10T21:16:52
330abe4a-1533-407f-a6e7-112843c918c6,b7d7fd96-d1ec-433d-859c-d936ef031e84,item_added,2026-06-10T21:22:52
af1573a0-c08e-4fae-94aa-be37bd1f7fd2,b7d7fd96-d1ec-433d-859c-d936ef031e84,item_removed,2026-06-10T21:46:52
89b406f9-5941-4836-9d78-3e82e1a44206,b7d7fd96-d1ec-433d-859c-d936ef031e84,item_added,2026-06-10T21:37:52
2e56b8e0-b03a-4f2c-bced-671485455e96,b7d7fd96-d1ec-433d-859c-d936ef031e84,abandoned,2026-06-10T23:05:52
f2d69370-4e49-40e2-954b-edb669a0cbc2,fadedb34-4bee-43bb-b946-d6fed675d99b,created,2026-03-02T20:04:56
803f60f6-f8ae-4e7d-8057-be9551f80e7a,fadedb34-4bee-43bb-b946-d6fed675d99b,item_added,2026-03-02T20:13:56
d7f71131-969c-4b96-ac4e-d2d7d2ca4ec5,fadedb34-4bee-43bb-b946-d6fed675d99b,abandoned,2026-03-02T20:43:56
11d12498-66e4-40c4-9db5-c4e9e1b8fcad,575c560b-947e-4574-b689-3e248142abe3,created,2026-06-22T15:54:46
9e2e3c13-e833-4831-b289-177c1bb75e12,575c560b-947e-4574-b689-3e248142abe3,item_added,2026-06-22T16:05:46
2f5a7cb9-b0c3-464b-b4ab-81000a10844e,7fd4f50c-aeec-48a2-be6b-61d40899ccae,created,2026-04-04T15:37:31
0e4a1694-8417-44d5-9e25-879a89e7efb6,7fd4f50c-aeec-48a2-be6b-61d40899ccae,item_added,2026-04-04T15:42:31
b448a874-31e1-4816-b9d3-4b5e89cba72e,7fd4f50c-aeec-48a2-be6b-61d40899ccae,item_added,2026-04-04T15:59:31
4af9dafa-001e-4dbc-ae96-43cac894cdcf,7fd4f50c-aeec-48a2-be6b-61d40899ccae,abandoned,2026-04-04T16:02:31
bb6864d1-23b6-441f-9f37-68f1445d67aa,7ba554ea-7d42-414b-8235-00cd2b7d609f,created,2026-03-27T03:32:10
9702111c-0f73-450f-91da-f18e05417a26,7ba554ea-7d42-414b-8235-00cd2b7d609f,item_added,2026-03-27T03:33:10
186a3d8e-a6d2-4fdd-9c09-f26b5c55f6cc,7ba554ea-7d42-414b-8235-00cd2b7d609f,item_added,2026-03-27T03:52:10
758be2ed-9737-40de-b638-06ef3bf0c916,be373e2f-bf44-438a-ab8d-9957201a36fe,created,2026-02-28T15:19:59
96929d9f-3c51-430f-a2be-0842b5fceb6d,be373e2f-bf44-438a-ab8d-9957201a36fe,item_added,2026-02-28T15:23:59
aab79331-b5cd-4732-967f-c45021d5d6a1,ee763011-24b5-4516-a5e7-ff06f6b4147f,created,2026-05-08T10:29:05
3568ec6b-0abb-428e-85d3-8465ec2d3f67,ee763011-24b5-4516-a5e7-ff06f6b4147f,item_added,2026-05-08T10:34:05
218da344-c19b-4e53-9e1e-76685dc41cd4,ee763011-24b5-4516-a5e7-ff06f6b4147f,item_added,2026-05-08T10:41:05
3f0b31e3-73bc-49f6-8d5f-fb1b8321f849,ee763011-24b5-4516-a5e7-ff06f6b4147f,item_added,2026-05-08T10:53:05
f39120ed-9b7c-4839-9840-0a1859e00d08,74aba196-697e-4e36-8c6f-fa1e4a4b7ae4,created,2026-04-20T07:44:19
7577a262-356a-487d-a65f-b5b243c6ba7c,74aba196-697e-4e36-8c6f-fa1e4a4b7ae4,item_added,2026-04-20T07:45:19
3fb557d6-b495-4aed-94ae-de2e9acf7db0,74aba196-697e-4e36-8c6f-fa1e4a4b7ae4,converted,2026-04-20T10:53:19
3a75a7a4-1ed6-4a7b-8826-313ded804cd9,77c61c22-106f-4d7a-bbf4-ada7acadd323,created,2026-02-17T18:20:36
5f172d2d-67f6-470c-a5e9-418e7bfc7170,77c61c22-106f-4d7a-bbf4-ada7acadd323,item_added,2026-02-17T18:27:36
e8c30e46-3077-41aa-8fd6-661c56ae7a77,77c61c22-106f-4d7a-bbf4-ada7acadd323,item_added,2026-02-17T18:41:36
12e3f58e-4476-4c3f-a3e2-780b532ba68c,77c61c22-106f-4d7a-bbf4-ada7acadd323,abandoned,2026-02-17T18:44:36
2dffac74-ce8a-487e-b481-0bc5590c6ed1,fad6b159-7b44-445e-94ae-3d8d349187fd,created,2026-04-18T14:48:10
2b7c07ac-0c63-4d7f-bc01-e90f18deabaa,fad6b159-7b44-445e-94ae-3d8d349187fd,item_added,2026-04-18T14:56:10
0c0af1b6-c663-4b0c-b3ec-6c9b97d4b72c,fad6b159-7b44-445e-94ae-3d8d349187fd,abandoned,2026-04-18T18:18:10
06d18a9c-4091-4486-a32c-d1b6943f3300,ac6923cb-ef2b-4e03-b8a4-9ed7951293a0,created,2026-02-20T21:17:15
0c6abefc-5e93-4322-9679-bcd3f98c7d06,ac6923cb-ef2b-4e03-b8a4-9ed7951293a0,item_added,2026-02-20T21:31:15
41e84543-0ea1-46ad-b719-544018d7b2df,ac6923cb-ef2b-4e03-b8a4-9ed7951293a0,abandoned,2026-02-20T23:52:15
2fcbd20b-6568-4472-abf9-758b619b0d11,1d027fd2-3821-4796-b291-3e524373c3de,created,2026-04-29T06:24:59
95938a86-8502-4f84-b375-488c25a28bc6,1d027fd2-3821-4796-b291-3e524373c3de,item_removed,2026-04-29T06:41:59
50e2c2b4-4d75-4bba-b3b9-c8720a4480c1,1d027fd2-3821-4796-b291-3e524373c3de,item_added,2026-04-29T06:25:59
38ed1dfa-bcf0-4ce3-9210-861c7ed4fd4a,1d027fd2-3821-4796-b291-3e524373c3de,item_added,2026-04-29T06:42:59
8daeffad-5557-4768-870b-0ffe17068e3c,1d027fd2-3821-4796-b291-3e524373c3de,item_added,2026-04-29T07:00:59
10ffd748-541d-4955-9f8c-85733cdac11e,1d027fd2-3821-4796-b291-3e524373c3de,abandoned,2026-04-29T07:31:59
92b5e33b-19ce-4134-8f0a-ad40748c1def,4ffbf7ca-1326-4374-a67c-7e6d3963bf4e,created,2026-04-26T00:10:28
23cf94c6-4c17-4649-9bf7-389fc0d48ce5,4ffbf7ca-1326-4374-a67c-7e6d3963bf4e,item_added,2026-04-26T00:19:28
c592e4fe-f1b7-4eeb-b702-0985cb81ca56,4ffbf7ca-1326-4374-a67c-7e6d3963bf4e,item_added,2026-04-26T00:26:28
780b6040-bc13-4a7d-9fa6-259220ee1555,4ffbf7ca-1326-4374-a67c-7e6d3963bf4e,item_added,2026-04-26T00:39:28
2af2b7c4-669f-494f-a5a8-8a6ecd5a17ce,b4a1cc6c-d080-4744-bcbe-09a7c25ac6e8,created,2026-03-06T11:49:49
d3fd694f-a226-43d4-ac52-bde1437316f5,b4a1cc6c-d080-4744-bcbe-09a7c25ac6e8,item_added,2026-03-06T11:50:49
ca246e3b-313d-4d78-aa26-131dd7073935,b4a1cc6c-d080-4744-bcbe-09a7c25ac6e8,item_added,2026-03-06T11:53:49
dd992b94-c1bb-4403-bdd8-074cbeef631a,b4a1cc6c-d080-4744-bcbe-09a7c25ac6e8,converted,2026-03-06T14:30:49
8b7e1887-2e78-442d-8a87-4ec979760ad9,abe653c1-a9a4-4b97-994f-200bf7c6599a,created,2026-06-09T11:59:26
40da683e-73a7-468d-8d2a-453ba565e65b,abe653c1-a9a4-4b97-994f-200bf7c6599a,item_added,2026-06-09T12:04:26
bc88b423-8120-4f1d-b35b-bfe221fee812,abe653c1-a9a4-4b97-994f-200bf7c6599a,item_added,2026-06-09T12:21:26
7bb261e8-9b59-4e11-85f5-e9e00b90a262,abe653c1-a9a4-4b97-994f-200bf7c6599a,abandoned,2026-06-09T13:41:26
854004f4-1b2d-4367-a21b-abf5e6977ed7,5333d5c9-f825-411d-824a-758df120cb1c,created,2026-08-08T12:03:55
5dddcf61-6ee8-4d33-b2c1-7b9644b25629,5333d5c9-f825-411d-824a-758df120cb1c,item_added,2026-08-08T12:23:55
8713f8f5-2ba5-40ba-8393-91236e376f29,5333d5c9-f825-411d-824a-758df120cb1c,item_added,2026-08-08T12:41:55
fa6ef5fd-11ff-4393-b5cd-5af1020c8b04,5333d5c9-f825-411d-824a-758df120cb1c,converted,2026-08-08T14:04:55
37f20238-80bb-47da-8a15-2070a4aff218,804d3890-c257-43d2-b258-7f90cee53c27,created,2026-07-17T20:17:08
d03b834c-7b8a-436d-93b7-0fe1f6de4707,804d3890-c257-43d2-b258-7f90cee53c27,item_added,2026-07-17T20:31:08
bf15670c-aa71-4bf4-ae12-60c965721493,804d3890-c257-43d2-b258-7f90cee53c27,item_added,2026-07-17T20:32:08
57729ace-8c99-4383-9f5a-1e4d413071fe,804d3890-c257-43d2-b258-7f90cee53c27,converted,2026-07-17T21:53:08
05a02558-90b8-44a2-85fb-3ec3d6ba4034,d27eec3c-cd96-400f-ab7d-819047940563,created,2026-05-09T20:47:57
5f073767-10cf-4af1-acfb-4798f2f501fd,d27eec3c-cd96-400f-ab7d-819047940563,item_added,2026-05-09T20:51:57
9f7495db-cc4a-4265-bab6-2c26338924cd,d27eec3c-cd96-400f-ab7d-819047940563,abandoned,2026-05-09T21:32:57
9505c00e-df08-4c0a-8ddc-06a2d62e4df0,d7af69d3-fe2b-4367-85f1-b53ec2018f5c,created,2026-05-09T13:21:06
1201a091-989e-4d61-8888-f114637501fb,f4478307-fb47-4b59-b291-3f731eae5f1a,created,2026-04-29T03:55:22
a43b2062-462b-4792-92b8-5af9e238e150,f4478307-fb47-4b59-b291-3f731eae5f1a,item_added,2026-04-29T04:15:22
dbf4dacf-571d-4eb2-8a35-23db557781df,f4478307-fb47-4b59-b291-3f731eae5f1a,item_added,2026-04-29T04:34:22
56901bac-46ca-4bec-82ca-555c9a79b9b7,f4478307-fb47-4b59-b291-3f731eae5f1a,item_added,2026-04-29T04:41:22
538250bd-bcb4-462b-8d8c-3f57afd80502,38ce305f-fc6c-487a-ae79-3d3306d77452,created,2026-05-23T00:50:45
cae310f6-0f5b-4c7c-af37-759d6ffed224,38ce305f-fc6c-487a-ae79-3d3306d77452,item_added,2026-05-23T01:10:45
0028d354-b5b9-426e-a270-795ecefed876,38ce305f-fc6c-487a-ae79-3d3306d77452,abandoned,2026-05-23T04:45:45
337eb692-002c-4013-989d-1a6921c66584,f35b293f-6c3c-4b86-96f0-5b1149c56f7f,created,2026-03-29T00:56:20
b0257488-a971-490a-91a4-2f7d74d2b3c5,f35b293f-6c3c-4b86-96f0-5b1149c56f7f,item_added,2026-03-29T00:57:20
3f5efbcd-42fa-41d7-84f4-9e5445b9481e,f35b293f-6c3c-4b86-96f0-5b1149c56f7f,abandoned,2026-03-29T03:17:20
20823013-c1de-49a2-a697-757b6e92458b,1c7ef490-4e6f-43d5-965c-1eaf53b22a79,created,2026-07-11T21:11:44
d6f11ca5-8ec8-4d42-96fe-217c21c8cc36,1c7ef490-4e6f-43d5-965c-1eaf53b22a79,item_added,2026-07-11T21:20:44
1a906bc4-c4d2-4a9a-944f-a1076ff80799,1c7ef490-4e6f-43d5-965c-1eaf53b22a79,converted,2026-07-11T22:58:44
b90efe24-6a90-4961-8ee0-b445da1f29d4,acb481a7-f219-4628-bc4b-7ff070ac29c1,created,2026-04-15T00:09:46
624f0257-3cbc-4e70-877a-161572f6857f,acb481a7-f219-4628-bc4b-7ff070ac29c1,item_removed,2026-04-15T00:46:46
e7a36fb6-0fae-4cac-b105-17e19439656d,acb481a7-f219-4628-bc4b-7ff070ac29c1,item_added,2026-04-15T00:16:46
8aee3bc4-d66f-4906-8eea-4eb8b97d117b,acb481a7-f219-4628-bc4b-7ff070ac29c1,item_added,2026-04-15T00:22:46
59af259a-945c-4ab8-a19c-ec74a9d27d04,acb481a7-f219-4628-bc4b-7ff070ac29c1,abandoned,2026-04-15T01:34:46
51186d90-d6bb-461a-8ecb-517acf7203b3,70d5b42f-8dee-4679-9e65-7fed1328704c,created,2026-07-15T13:43:20
fb2e1b49-ea2c-45b2-849b-c31098fe62b5,70d5b42f-8dee-4679-9e65-7fed1328704c,item_added,2026-07-15T13:47:20
84f9989c-33f4-4049-a59c-bd2d64d72dab,70d5b42f-8dee-4679-9e65-7fed1328704c,item_added,2026-07-15T14:06:20
8df87327-168e-4b4f-9c26-116145afeb9d,70d5b42f-8dee-4679-9e65-7fed1328704c,abandoned,2026-07-15T16:15:20
efcba843-30d8-4cf6-bd8f-56c5e504329c,97793199-7142-48f6-b9f0-e332cf6c26d4,created,2026-06-27T17:52:03
05a234e7-4424-4481-a637-3ad7d3f90a9c,97793199-7142-48f6-b9f0-e332cf6c26d4,item_added,2026-06-27T18:03:03
ec89c84d-3949-4979-ad14-93aacfc2bda2,97793199-7142-48f6-b9f0-e332cf6c26d4,item_added,2026-06-27T18:23:03
1a71bef0-558c-4527-96cf-7b77730a04f0,97793199-7142-48f6-b9f0-e332cf6c26d4,item_added,2026-06-27T18:35:03
a32815c2-832e-40e6-bbe0-4f47c85083c4,97793199-7142-48f6-b9f0-e332cf6c26d4,item_added,2026-06-27T18:39:03
6a361e4d-936c-4fc6-b8ef-55ea9ac0d7b7,97793199-7142-48f6-b9f0-e332cf6c26d4,converted,2026-06-27T20:45:03
20ff2467-3e33-4184-add1-d043671abdc4,82877909-7c3d-4986-9d0f-db4cab0e0496,created,2026-02-24T01:52:48
a9b29e42-ac17-4355-95dc-0f213a54bf7d,82877909-7c3d-4986-9d0f-db4cab0e0496,item_added,2026-02-24T02:07:48
34d2a314-48cb-40d8-bef6-c88e956c8c0c,82877909-7c3d-4986-9d0f-db4cab0e0496,item_added,2026-02-24T02:20:48
176862a6-1518-4a44-9f43-9c45f9d2e38f,82877909-7c3d-4986-9d0f-db4cab0e0496,item_removed,2026-02-24T02:52:48
f498139f-e5a2-4961-88c6-d3dc672e9002,82877909-7c3d-4986-9d0f-db4cab0e0496,item_added,2026-02-24T02:28:48
66f4484f-33df-4a50-bf22-a4cd13d46e35,82877909-7c3d-4986-9d0f-db4cab0e0496,abandoned,2026-02-24T04:04:48
576b8f64-d4af-4fb2-92b7-88bed9a664e1,5580af0e-2d33-4950-a936-d4ea2f05538d,created,2026-08-08T10:33:16
a5548b3a-a794-4c16-aef5-397cfe45b27e,5580af0e-2d33-4950-a936-d4ea2f05538d,item_added,2026-08-08T10:41:16
18d8a5ff-d1cd-4233-8402-cefb23bbb5fa,5580af0e-2d33-4950-a936-d4ea2f05538d,abandoned,2026-08-08T11:12:16
dad8413b-7c01-4d0c-8194-8c636fb69cc8,440164bd-a58e-4104-84fa-e49bb1c9d195,created,2026-04-14T07:19:16
101def67-9cf4-44ee-bfc6-27b5bfd86427,440164bd-a58e-4104-84fa-e49bb1c9d195,item_added,2026-04-14T07:35:16
519a33c1-4e7f-4db4-a64c-9e3a9c87a59d,440164bd-a58e-4104-84fa-e49bb1c9d195,item_added,2026-04-14T07:50:16
b70eab0c-25e4-4150-8dee-7f42618277c4,02abc901-1f8a-4202-8950-9093329af915,created,2026-07-12T09:55:52
0439162d-bceb-4703-a351-7bb16b663b2e,02abc901-1f8a-4202-8950-9093329af915,item_added,2026-07-12T10:04:52
83b6f767-fb45-4fc3-aa96-8557118bd9fd,02abc901-1f8a-4202-8950-9093329af915,converted,2026-07-12T12:50:52
828418cb-db32-431e-858a-1714242e237e,0f8f84a2-15cc-4f13-8106-80c0b96daeec,created,2026-06-10T19:09:17
941eb213-7975-4d80-8b47-d72fa671530c,0f8f84a2-15cc-4f13-8106-80c0b96daeec,item_added,2026-06-10T19:18:17
57e68020-6709-4e38-bc50-7bcbf2b7d7ae,0f8f84a2-15cc-4f13-8106-80c0b96daeec,abandoned,2026-06-10T22:21:17
9d2d893c-5517-47ba-ae37-8fcd5741e937,32d8d320-c316-4be8-a87e-67c005f82a85,created,2026-05-15T23:02:18
b63403e6-cd4b-4ce7-9f2f-91217330e396,32d8d320-c316-4be8-a87e-67c005f82a85,item_added,2026-05-15T23:13:18
aba8d44c-ee93-4f9d-aeb2-757c2ac73b76,32d8d320-c316-4be8-a87e-67c005f82a85,item_added,2026-05-15T23:15:18
d6df9277-5bdc-43c4-9b35-c23474d25b02,32d8d320-c316-4be8-a87e-67c005f82a85,converted,2026-05-16T01:22:18
bcbd3c99-ebdf-4aab-bf19-474087ce48f0,997020c7-d163-4fef-baf1-5d4c091234db,created,2026-02-20T20:52:16
6e51260c-da35-4029-b545-b2f079535004,997020c7-d163-4fef-baf1-5d4c091234db,item_added,2026-02-20T20:56:16
6ab96b53-20cd-4746-8476-56d416d209ca,997020c7-d163-4fef-baf1-5d4c091234db,abandoned,2026-02-20T23:34:16
11e4514c-c02b-48ff-8b5b-c60eceb51444,9a475c91-e140-4836-9d8d-49e7c8e75024,created,2026-03-05T07:25:33
d3a6f404-38d3-4a59-9f6c-d2bc400e15dd,9a475c91-e140-4836-9d8d-49e7c8e75024,item_added,2026-03-05T07:43:33
1bd20e8c-a2ea-4428-a62f-d39932c2bac8,14d2a704-b4ae-44b8-aab6-faa0c8afefcf,created,2026-08-10T08:53:30
f22dcfe7-11e9-46ee-919d-afb609008780,14d2a704-b4ae-44b8-aab6-faa0c8afefcf,item_added,2026-08-10T09:04:30
fb6e63b4-1bfb-4882-bcab-2a402e7b75dd,14d2a704-b4ae-44b8-aab6-faa0c8afefcf,item_added,2026-08-10T09:18:30
17b57b5c-e18c-43b0-b0f4-6cef7074a15c,14d2a704-b4ae-44b8-aab6-faa0c8afefcf,abandoned,2026-08-10T11:59:30
77d32bdf-f606-4121-bb70-8a6316ca7bdb,a4a3c90d-0fb4-4db5-8568-288b0f19bcc6,created,2026-05-17T20:35:56
175fafd0-be9b-4df0-a2d5-c3f53a305335,a4a3c90d-0fb4-4db5-8568-288b0f19bcc6,item_added,2026-05-17T20:40:56
cbccdee0-0df5-4fe9-ad62-002d50f44a95,a4a3c90d-0fb4-4db5-8568-288b0f19bcc6,item_added,2026-05-17T20:49:56
c83cec55-58ad-4cfc-b2e2-eee683cfc32d,a4a3c90d-0fb4-4db5-8568-288b0f19bcc6,item_added,2026-05-17T20:57:56
b892c753-b943-49dd-a391-4421cd8da88e,a4a3c90d-0fb4-4db5-8568-288b0f19bcc6,item_added,2026-05-17T21:17:56
cbf9d3ac-0d04-4b67-915d-a3a6ba9ec84b,a4a3c90d-0fb4-4db5-8568-288b0f19bcc6,converted,2026-05-17T21:55:56
09e80763-174a-4354-b6e9-1b0aa672b168,dae1c525-47b4-4f0e-97fc-0dacb9499098,created,2026-07-03T09:25:59
608b527e-b320-4f97-834e-74e4bfc5cd68,dae1c525-47b4-4f0e-97fc-0dacb9499098,item_added,2026-07-03T09:45:59
7273cf7d-e87c-41cb-a9dd-03acc671e191,dae1c525-47b4-4f0e-97fc-0dacb9499098,item_added,2026-07-03T10:04:59
0e18b848-0b30-409a-98d6-78adb48466b0,dae1c525-47b4-4f0e-97fc-0dacb9499098,item_added,2026-07-03T10:16:59
ca7c5003-26e3-4dc9-9751-8b33e7446302,dae1c525-47b4-4f0e-97fc-0dacb9499098,abandoned,2026-07-03T10:51:59
aa5f4270-54e1-45c0-888a-16004ac6941a,ef0c3594-17da-4c35-b882-97fbe1c5599f,created,2026-08-01T10:09:47
2e0447c5-aa5b-4f6c-af8c-1677f313bd14,ef0c3594-17da-4c35-b882-97fbe1c5599f,item_added,2026-08-01T10:27:47
8edc6da1-bc2c-4e7c-b7e4-b7aaf37ea57b,ef0c3594-17da-4c35-b882-97fbe1c5599f,item_added,2026-08-01T10:37:47
ef1ca348-9e8e-4442-9e83-9a9121213ca0,ef0c3594-17da-4c35-b882-97fbe1c5599f,item_added,2026-08-01T10:52:47
83f5c06d-0f6b-4e86-b02e-a3e938a44d7f,ef0c3594-17da-4c35-b882-97fbe1c5599f,abandoned,2026-08-01T13:49:47
29b3fda5-fcab-4045-a185-3a15044aa9aa,e54491a5-e684-413f-923c-d169ad91eee4,created,2026-04-26T08:18:23
12017bae-49a6-4264-b2c9-f31d7485f703,e54491a5-e684-413f-923c-d169ad91eee4,item_added,2026-04-26T08:37:23
cb7c40ab-e743-47bd-bb02-7271c5da9d63,e54491a5-e684-413f-923c-d169ad91eee4,converted,2026-04-26T10:39:23
db15472d-ce16-4562-b0b0-d988a02a81d2,83cd0025-9c85-46f2-adfe-27df80440f68,created,2026-08-15T21:29:24
984caa48-485d-4ecb-850e-b55e5fb22cf0,83cd0025-9c85-46f2-adfe-27df80440f68,item_added,2026-08-15T21:45:24
b292d5f0-8a16-4419-8d90-356ab25a4c2d,83cd0025-9c85-46f2-adfe-27df80440f68,converted,2026-08-15T22:00:24
27c6b6d0-c77a-4436-b0ad-1fa051099339,e42ab070-3f4f-4722-b92c-b834b7cd282c,created,2026-05-10T01:34:48
efc49600-78fa-4834-8a4a-2b44a133b65f,e42ab070-3f4f-4722-b92c-b834b7cd282c,item_added,2026-05-10T01:41:48
cdfdda09-9cc1-4133-98e4-6ab9618957c2,e42ab070-3f4f-4722-b92c-b834b7cd282c,item_added,2026-05-10T01:44:48
817271f8-98c1-486c-9674-5006cb170594,e42ab070-3f4f-4722-b92c-b834b7cd282c,converted,2026-05-10T02:56:48
f16ae6e4-ce3c-4639-a619-51bb60f7c28a,82a0db63-5081-4b72-ae3d-828a91d44fa8,created,2026-07-09T02:03:38
23aea403-dedb-4922-a33e-3fce5c0b23c0,82a0db63-5081-4b72-ae3d-828a91d44fa8,item_added,2026-07-09T02:15:38
ab888a3d-5e2b-4d7e-9a09-58e015cfc8c3,82a0db63-5081-4b72-ae3d-828a91d44fa8,item_added,2026-07-09T02:24:38
877253ff-8a39-4be3-8094-c8a2bbe2d991,82a0db63-5081-4b72-ae3d-828a91d44fa8,item_added,2026-07-09T02:39:38
b80e1f1f-9ef8-4edf-979f-6d80621ef269,82a0db63-5081-4b72-ae3d-828a91d44fa8,item_added,2026-07-09T02:50:38
d9d46dd2-14da-4948-b717-3e7bfa14b34a,82a0db63-5081-4b72-ae3d-828a91d44fa8,abandoned,2026-07-09T05:50:38
323ab511-5ec1-4a60-9446-5762c860605d,8e892210-c6d0-4750-92da-89cc5edb63d4,created,2026-04-12T21:50:56
9aafd3dd-f27a-4508-b72a-479ff266d49f,8e892210-c6d0-4750-92da-89cc5edb63d4,item_added,2026-04-12T21:53:56
eed01563-fcd4-4766-ba72-a99331193cc9,8e892210-c6d0-4750-92da-89cc5edb63d4,item_added,2026-04-12T22:00:56
9634b143-5120-4c9d-a0cd-625b1d36d112,8e892210-c6d0-4750-92da-89cc5edb63d4,item_added,2026-04-12T22:13:56
da5650cf-4534-4e34-9f94-abe6446d98bd,7172c5f5-fe06-4ff0-b6b8-6dad6b11fc19,created,2026-03-01T21:04:33
86a39c98-eb7e-4d18-86a7-748a82942ec2,7172c5f5-fe06-4ff0-b6b8-6dad6b11fc19,item_added,2026-03-01T21:12:33
b3479a97-30da-4fae-a9f4-7b5eff5c06a7,7172c5f5-fe06-4ff0-b6b8-6dad6b11fc19,item_added,2026-03-01T21:15:33
f0c3fc2a-bbb3-4458-9cd4-a231c34b75b3,7172c5f5-fe06-4ff0-b6b8-6dad6b11fc19,item_added,2026-03-01T21:26:33
26102fd9-7794-4e8d-b5ff-0d0bd9a21e23,7bec0fab-ecf6-4cf8-8e22-6a009b86ee29,created,2026-05-01T23:47:31
82fcfe7b-291f-492c-ac16-f5d7590eff20,7bec0fab-ecf6-4cf8-8e22-6a009b86ee29,item_added,2026-05-02T00:07:31
ced34d83-bf8d-416a-afe2-551dc487d6c9,7bec0fab-ecf6-4cf8-8e22-6a009b86ee29,item_added,2026-05-02T00:10:31
599f44cf-0d18-44e4-a48d-16e2e8802d6d,7bec0fab-ecf6-4cf8-8e22-6a009b86ee29,converted,2026-05-02T03:11:31
2c73ecad-d068-4c43-8092-bab49dbd3975,562ab822-450f-4859-af9f-9ca2b3f3b307,created,2026-04-28T14:54:22
7ff38649-dfb5-4a78-8ecf-4b5e22551f81,562ab822-450f-4859-af9f-9ca2b3f3b307,item_added,2026-04-28T15:07:22
b5fdcbe8-ae47-4f87-83d2-74725e7033c0,562ab822-450f-4859-af9f-9ca2b3f3b307,item_added,2026-04-28T15:18:22
0dd6236c-9e08-4590-b530-3ca3fdddb9b7,562ab822-450f-4859-af9f-9ca2b3f3b307,abandoned,2026-04-28T15:13:22
03641e95-778e-482d-846f-4f9d805ec729,ff58015a-8a69-447e-abf6-2468d831fdf4,created,2026-07-06T22:45:21
dcea95ac-278d-4cc4-af99-38eb98eccb71,ff58015a-8a69-447e-abf6-2468d831fdf4,item_added,2026-07-06T22:58:21
83429feb-bc62-4580-8e07-171a5c48c415,fe44ecac-ba89-45b1-be76-be50c9299bdc,created,2026-03-02T02:44:43
2212dde7-ee65-431b-9366-f5c59cb1be47,fe44ecac-ba89-45b1-be76-be50c9299bdc,item_added,2026-03-02T02:49:43
fbe99a59-c5b9-4e69-8423-149f4fd95710,fe44ecac-ba89-45b1-be76-be50c9299bdc,item_added,2026-03-02T02:55:43
0872fd51-770b-4dde-8f3d-ee2e7af5a2ff,fe44ecac-ba89-45b1-be76-be50c9299bdc,abandoned,2026-03-02T03:55:43
0adb54f2-d48b-45a2-947e-97e418161360,a8f55dcc-94e4-4631-a72c-b50994d0c64c,created,2026-04-03T00:40:10
d8acc830-8489-4e26-9aaa-3892d7270868,a8f55dcc-94e4-4631-a72c-b50994d0c64c,item_added,2026-04-03T00:51:10
721a2168-569d-45b6-8a1a-61ab4f5929e9,a8f55dcc-94e4-4631-a72c-b50994d0c64c,item_added,2026-04-03T00:57:10
c7127027-f86c-40d6-a74d-7aca77b4c5aa,a8f55dcc-94e4-4631-a72c-b50994d0c64c,item_added,2026-04-03T01:13:10
2f47b36e-08fa-403d-a6d7-6a3a15e1a727,a8f55dcc-94e4-4631-a72c-b50994d0c64c,converted,2026-04-03T03:10:10
c0b355a0-724e-45f1-94c4-4b789a661ecf,773a8fcd-d2b1-446d-9935-91e76b1db6b7,created,2026-02-20T21:38:29
99bef261-cf2a-4078-9063-109d8b90a222,773a8fcd-d2b1-446d-9935-91e76b1db6b7,item_added,2026-02-20T21:44:29
80f8b6d9-0fe0-420b-bc02-d8c890ff4644,773a8fcd-d2b1-446d-9935-91e76b1db6b7,abandoned,2026-02-20T22:17:29
70e2289e-f90f-41d2-8136-87d1781ce27c,c503ef37-9d05-4a73-8d2e-fb935a305244,created,2026-07-02T04:53:00
08e783ee-7ef5-49df-a122-7c0a17728eca,c503ef37-9d05-4a73-8d2e-fb935a305244,item_added,2026-07-02T05:12:00
1331c1ca-73f8-4121-88d6-acf07af02c8b,c503ef37-9d05-4a73-8d2e-fb935a305244,item_added,2026-07-02T05:29:00
7f3d378d-4b5c-4062-a3c6-9cfefd91291f,c503ef37-9d05-4a73-8d2e-fb935a305244,item_added,2026-07-02T05:43:00
9824bb4a-315a-411e-88d4-f13373cc52b5,c503ef37-9d05-4a73-8d2e-fb935a305244,item_added,2026-07-02T06:01:00
5619c0b6-2297-404e-870a-141b7ace01e4,c503ef37-9d05-4a73-8d2e-fb935a305244,abandoned,2026-07-02T05:12:00
d6e664da-5f58-4d0e-9ba1-b930a03aac85,5748dfa4-0b8c-4e13-967e-2eb25ab6f477,created,2026-08-14T17:25:20
24a3ae04-1802-4dbb-9c02-01aa9bfd5c73,5748dfa4-0b8c-4e13-967e-2eb25ab6f477,item_added,2026-08-14T17:38:20
3fedb54e-4021-48e7-a916-d4d607a7f14a,5748dfa4-0b8c-4e13-967e-2eb25ab6f477,converted,2026-08-14T18:12:20
cc158f22-2129-44ae-a095-8accdc592d5b,af728224-c5d0-4e9d-901c-242c79267d8d,created,2026-05-08T17:39:40
61da9aa8-db74-45c3-b0e8-dceebf93f940,af728224-c5d0-4e9d-901c-242c79267d8d,item_added,2026-05-08T17:41:40
a4f0f85a-d2ba-4aaf-99f4-90cbaced8f8b,af728224-c5d0-4e9d-901c-242c79267d8d,item_added,2026-05-08T17:58:40
df0570da-1640-4243-a097-327cf066c7e7,af728224-c5d0-4e9d-901c-242c79267d8d,item_added,2026-05-08T18:06:40
ed96e8c9-4fb2-42f7-ad04-d4cd984a19ee,af728224-c5d0-4e9d-901c-242c79267d8d,converted,2026-05-08T19:43:40
c449398d-ba39-46c0-a151-acea2829c687,96b67c68-5678-4c13-b0ae-9ae70a2d31d6,created,2026-03-11T16:32:55
63f22311-b0bb-49e0-8676-9672be9e4bbd,96b67c68-5678-4c13-b0ae-9ae70a2d31d6,item_added,2026-03-11T16:37:55
6b66edf6-be7f-4e21-b705-79c3325221f4,96b67c68-5678-4c13-b0ae-9ae70a2d31d6,item_added,2026-03-11T16:39:55
7037d506-a75a-4414-a08d-634fba11903a,a4cd21fa-5372-464c-9709-749f182d1f5f,created,2026-03-25T14:54:56
071dde6a-716f-4c4f-9e92-b344b266efef,ce2988e3-affc-48f1-ada5-78e4f919f069,created,2026-05-09T18:38:01
ff242cf7-d4d7-4bbd-9a1d-b993bc25ca74,ce2988e3-affc-48f1-ada5-78e4f919f069,item_added,2026-05-09T18:55:01
79185a77-ad18-4ebd-9853-ad075ac6c48a,ce2988e3-affc-48f1-ada5-78e4f919f069,item_added,2026-05-09T18:56:01
15ef075e-442a-4e89-8e45-53926bf6bad4,ddfb3a33-1578-40d5-b731-68d512bd414a,created,2026-05-22T12:41:45
05038bcf-da35-4442-9ad1-689eee87e14c,ddfb3a33-1578-40d5-b731-68d512bd414a,item_added,2026-05-22T12:57:45
d286e631-4dfc-4cfe-93d3-71ce61f12416,2a026170-0d87-480e-948d-4cf220952eb7,created,2026-06-06T04:37:24
5cda539f-6d7e-4ba9-9991-2499c867a106,2a026170-0d87-480e-948d-4cf220952eb7,item_added,2026-06-06T04:45:24
d8e4eb45-f22f-4fb8-8a88-4db1fad86624,2a026170-0d87-480e-948d-4cf220952eb7,item_removed,2026-06-06T05:08:24
3cabfa49-7b9b-4fb3-8329-9bbf8d5224f9,2a026170-0d87-480e-948d-4cf220952eb7,item_added,2026-06-06T04:56:24
ca334ffe-82c1-4264-87fd-70e2e7022bc1,2a026170-0d87-480e-948d-4cf220952eb7,item_added,2026-06-06T05:08:24
4745eaef-f2b9-4204-8676-68665c363744,2a026170-0d87-480e-948d-4cf220952eb7,abandoned,2026-06-06T07:59:24
8b2de541-e57c-40b3-ad76-d776c0f504e9,07cf84de-b920-443f-8183-a36ec1942d94,created,2026-03-01T09:05:48
c9844159-aecc-438d-8001-c0252d64c22c,07cf84de-b920-443f-8183-a36ec1942d94,item_added,2026-03-01T09:09:48
9c0c31f3-89ca-42ea-a878-45ab9700cad2,07cf84de-b920-443f-8183-a36ec1942d94,item_added,2026-03-01T09:20:48
55c629fe-2173-4c45-a25e-542422e2de0c,07cf84de-b920-443f-8183-a36ec1942d94,item_added,2026-03-01T09:22:48
9e7a2850-7a9b-4594-b292-5c150509e9c6,07cf84de-b920-443f-8183-a36ec1942d94,abandoned,2026-03-01T09:12:48
54064d98-5b55-4fa5-ac94-fa28038ebf7e,ff2dc254-9577-4b55-ad1b-8bb39e67f146,created,2026-08-07T03:27:02
1c5c2f33-536e-474e-8989-dbbe53be8889,ff2dc254-9577-4b55-ad1b-8bb39e67f146,item_added,2026-08-07T03:33:02
b97dac65-713b-48fb-ba4b-8f5c5857f855,ff2dc254-9577-4b55-ad1b-8bb39e67f146,converted,2026-08-07T07:25:02
62173f80-cea2-4bed-9254-2b3ee907158f,4105b6bd-c107-4827-84f2-0641710f599e,created,2026-05-10T10:00:09
233d4008-d240-4e9c-8ecb-66dde97843c7,4105b6bd-c107-4827-84f2-0641710f599e,item_added,2026-05-10T10:13:09
87893847-2569-48b5-8c81-88eca725a8cc,4105b6bd-c107-4827-84f2-0641710f599e,item_added,2026-05-10T10:30:09
75db1d10-e0b3-4a9e-84e3-66be33724984,4105b6bd-c107-4827-84f2-0641710f599e,abandoned,2026-05-10T11:05:09
a90251bf-a8b7-4cab-90c5-397d9e386d3c,ce7a5bde-7982-4476-81ba-90ce377ee4c7,created,2026-03-01T10:02:00
5a5e07df-e933-4a08-a26b-a50942336d59,ce7a5bde-7982-4476-81ba-90ce377ee4c7,item_added,2026-03-01T10:03:00
617bd4b5-eef5-403a-b931-5594fdb626a4,ce7a5bde-7982-4476-81ba-90ce377ee4c7,item_removed,2026-03-01T10:27:00
2a67cafc-e403-4066-8662-2bab83b0aa33,ce7a5bde-7982-4476-81ba-90ce377ee4c7,item_added,2026-03-01T10:22:00
4e94e1c8-67e3-4035-a0af-309496b0fcd7,ce7a5bde-7982-4476-81ba-90ce377ee4c7,abandoned,2026-03-01T11:28:00
40d6c7c4-8ebb-45f7-9791-0c18e99856eb,90ffb6a0-452e-49de-9b92-b3b27f99bcf9,created,2026-05-27T23:46:21
4a1fc9ea-d6c3-4dac-b46e-79811d200599,90ffb6a0-452e-49de-9b92-b3b27f99bcf9,item_added,2026-05-27T23:54:21
20e35451-c8d9-4291-92ec-38d917731498,90ffb6a0-452e-49de-9b92-b3b27f99bcf9,item_added,2026-05-28T00:03:21
22e1018e-4293-49a4-acce-dd7a420fc157,90ffb6a0-452e-49de-9b92-b3b27f99bcf9,converted,2026-05-28T03:09:21
1966a5dd-5d90-4db4-9a4c-b87ec95b3e82,e1078ee4-ecc1-45ed-b535-494d5abe1ddb,created,2026-04-08T05:37:27
b305eda4-8ad0-496d-b934-216bb033e9e3,e1078ee4-ecc1-45ed-b535-494d5abe1ddb,item_added,2026-04-08T05:41:27
7e05bc99-5649-4126-b7c6-b19b530dda0b,e1078ee4-ecc1-45ed-b535-494d5abe1ddb,abandoned,2026-04-08T07:03:27
1a420cc0-7e86-48bb-aed7-dc49d0469de0,f0996127-cd6b-41d6-abb5-0976623e159a,created,2026-07-23T09:31:11
6d8fc51a-e88d-4d49-a0ba-50993a527520,f0996127-cd6b-41d6-abb5-0976623e159a,item_added,2026-07-23T09:38:11
7da1aa7d-9ef9-4afe-92a7-a44eed957a18,f0996127-cd6b-41d6-abb5-0976623e159a,converted,2026-07-23T11:33:11
cd9fb0fd-92ad-4ef0-ad66-ae3bf5c6709a,8d95d40f-f2a3-4485-902a-164fe31be9fe,created,2026-07-30T03:04:11
41f38a5e-90c6-42a5-8e46-beb476e55c09,e16c1bb2-1249-4ee0-8e20-42d8bc3ef86e,created,2026-04-01T01:03:15
5455a531-66d6-4ecb-870a-119982ea035c,e16c1bb2-1249-4ee0-8e20-42d8bc3ef86e,item_added,2026-04-01T01:17:15
74ecaa9f-f97a-4e8c-8e83-46323e07e0c8,e16c1bb2-1249-4ee0-8e20-42d8bc3ef86e,converted,2026-04-01T04:44:15
9d4835e8-301f-4cd7-94e6-d056318b0996,8c3d0881-7a00-43b3-9b3d-45d369e24342,created,2026-07-02T14:00:53
7c730605-7262-491f-9161-c63cce8a4175,8c3d0881-7a00-43b3-9b3d-45d369e24342,item_added,2026-07-02T14:20:53
6af07bf6-b5c6-46e7-8fb7-ae8cfa5a73f3,8c3d0881-7a00-43b3-9b3d-45d369e24342,item_added,2026-07-02T14:23:53
c394707b-1272-4ab6-8744-b87727f18362,8c3d0881-7a00-43b3-9b3d-45d369e24342,item_added,2026-07-02T14:27:53
0d58c50f-a176-4aea-a95b-dbe2f9c04c85,8c3d0881-7a00-43b3-9b3d-45d369e24342,item_added,2026-07-02T14:32:53
a643939d-b1c8-4b51-a757-e8afc3bd8fce,8c3d0881-7a00-43b3-9b3d-45d369e24342,converted,2026-07-02T14:22:53
2e8dffba-4e1a-4769-bfcf-3cd031288438,fb7a4802-e3a4-4794-a0db-d8766ad9dbec,created,2026-08-13T09:34:43
6630a048-57a9-47d3-822d-49420781ae7c,fb7a4802-e3a4-4794-a0db-d8766ad9dbec,item_added,2026-08-13T09:51:43
bdf13ed6-0b24-4dec-99bc-c7550822d282,fb7a4802-e3a4-4794-a0db-d8766ad9dbec,item_added,2026-08-13T10:00:43
4c593d0b-e58e-4e65-ab7c-b09fc49df397,fb7a4802-e3a4-4794-a0db-d8766ad9dbec,item_added,2026-08-13T10:04:43
12c8d19a-8a66-4bdc-a9ef-09deb1d2df7f,fb7a4802-e3a4-4794-a0db-d8766ad9dbec,item_added,2026-08-13T10:17:43
67c23ea5-dac0-4abc-89d7-cda1a0935744,fb7a4802-e3a4-4794-a0db-d8766ad9dbec,abandoned,2026-08-13T12:57:43
3d52973b-649a-4381-94fb-eb0a04f99c14,b9642cb6-b5cb-4948-966a-0760ac8c3da7,created,2026-03-11T23:16:13
c31117e7-a093-4b07-88c7-d9c48cf77651,b9642cb6-b5cb-4948-966a-0760ac8c3da7,item_added,2026-03-11T23:29:13
1d7206f0-e118-471e-8974-05ca0362d7f5,b9642cb6-b5cb-4948-966a-0760ac8c3da7,item_added,2026-03-11T23:31:13
078a6027-4f1a-48ae-9cbb-1bf2bfaab465,b9642cb6-b5cb-4948-966a-0760ac8c3da7,abandoned,2026-03-11T23:59:13
14c9f0cb-af0f-460f-82b9-d93050bc4763,7e062b93-35ae-4201-a3b3-ace3bd88861a,created,2026-04-03T21:52:10
cb165bc2-6b2e-4865-8eeb-ca376a216432,7e062b93-35ae-4201-a3b3-ace3bd88861a,item_added,2026-04-03T21:56:10
58c651c9-6982-4e3f-8d21-c9f884a7b0a5,7e062b93-35ae-4201-a3b3-ace3bd88861a,abandoned,2026-04-04T01:09:10
e7bbb076-4cb6-4942-a261-649a3c22708a,79491518-6d57-466d-8972-c3aeeaa45987,created,2026-07-08T22:34:58
6e5d6e11-38c5-4353-a9f2-091c49b08acb,79491518-6d57-466d-8972-c3aeeaa45987,item_added,2026-07-08T22:45:58
516b19d8-a76f-491b-9542-8a50b2ebe020,79491518-6d57-466d-8972-c3aeeaa45987,converted,2026-07-08T23:51:58
6d5c5ed0-dede-46a7-8072-c210a5647271,0bdaeda9-e4eb-42f6-b31a-051394e6397c,created,2026-05-01T13:21:29
c032173f-d2e1-4ef7-9b7a-5b7a99d69ab9,0bdaeda9-e4eb-42f6-b31a-051394e6397c,item_added,2026-05-01T13:28:29
4adf281e-2d6e-4da9-9f56-a45fbd6a103a,0bdaeda9-e4eb-42f6-b31a-051394e6397c,item_added,2026-05-01T13:43:29
33ed3382-18ee-4f38-8831-679fb815619e,0bdaeda9-e4eb-42f6-b31a-051394e6397c,abandoned,2026-05-01T15:24:29
ed50d841-fafe-4d03-9920-f2fbf487bfcc,93355132-db19-439c-b62b-10ebece4466f,created,2026-03-13T05:12:29
9c4393a4-f948-4eab-9173-bf01321f1b60,93355132-db19-439c-b62b-10ebece4466f,item_added,2026-03-13T05:24:29
17b6e482-4570-4b56-bda6-e964f4be2dfb,93355132-db19-439c-b62b-10ebece4466f,item_added,2026-03-13T05:36:29
1c174ee3-e7d9-4d21-96c4-ff3caa6e77bc,93355132-db19-439c-b62b-10ebece4466f,item_added,2026-03-13T05:45:29
49055923-e29f-4bb0-bf5d-0e87d7d83f81,93355132-db19-439c-b62b-10ebece4466f,item_added,2026-03-13T05:49:29
dca0ace8-8ac1-4d3a-9bbc-464a77e99467,93355132-db19-439c-b62b-10ebece4466f,abandoned,2026-03-13T09:01:29
c27b73d2-6234-4020-acf4-78182506c33a,68503b3f-7d6f-4290-8925-7a9ecace1a84,created,2026-03-31T11:57:03
b29753be-030a-48a8-acf2-994cf61e96ab,68503b3f-7d6f-4290-8925-7a9ecace1a84,item_added,2026-03-31T12:13:03
1a02ac9d-d393-4364-a3a1-cfea2e673a1b,68503b3f-7d6f-4290-8925-7a9ecace1a84,abandoned,2026-03-31T12:14:03
7e7ae2f4-0b80-4e23-8fed-ac9cd25d860f,ef196c6f-4add-481c-a6ce-4fe77b9fbd63,created,2026-04-07T18:05:58
444c7ac8-3f16-492a-8d01-570a9d164227,ef196c6f-4add-481c-a6ce-4fe77b9fbd63,item_added,2026-04-07T18:17:58
430d0e7e-6bc2-4643-969e-1b47ff2fa9b9,ef196c6f-4add-481c-a6ce-4fe77b9fbd63,item_added,2026-04-07T18:21:58
50018ed6-9401-493d-b30c-6488abb930d4,ef196c6f-4add-481c-a6ce-4fe77b9fbd63,converted,2026-04-07T19:00:58
789c4987-55cf-463b-8e6b-6a5477e9280f,c447f355-40be-4fa4-9a92-38e638237c50,created,2026-04-01T18:44:49
c7f1ac6f-1c6e-4bf1-8b1c-23722c94ac51,c447f355-40be-4fa4-9a92-38e638237c50,item_added,2026-04-01T18:49:49
98409491-dbcc-4c61-8c05-d2e476c75f29,c447f355-40be-4fa4-9a92-38e638237c50,item_added,2026-04-01T18:59:49
4d4e1ec0-bf99-4123-8835-930d48a8803d,c447f355-40be-4fa4-9a92-38e638237c50,converted,2026-04-01T19:04:49
dd7a8dfc-a7cd-40b7-8616-ef4997798b10,4e4049c6-5f79-4ec8-b566-34c10bf83d97,created,2026-04-03T04:20:09
56d4bd1c-e3f4-4551-8748-64d4da27e90c,4e4049c6-5f79-4ec8-b566-34c10bf83d97,item_added,2026-04-03T04:39:09
8b6ee936-422a-44fb-98f9-eb3b8953475e,4e4049c6-5f79-4ec8-b566-34c10bf83d97,item_added,2026-04-03T04:43:09
46646df4-db0e-4f78-a55a-4c9bf5028e1b,4e4049c6-5f79-4ec8-b566-34c10bf83d97,abandoned,2026-04-03T06:29:09
47a5c119-2359-45e2-886d-5857de472cbb,d93729de-eea1-4ae9-b8fc-0a56a76c727c,created,2026-04-06T07:50:53
529c7af4-e79a-41e6-9875-0a95af768826,d93729de-eea1-4ae9-b8fc-0a56a76c727c,item_added,2026-04-06T08:06:53
0427f1ba-1627-462f-b90b-a5e789021d1d,d93729de-eea1-4ae9-b8fc-0a56a76c727c,converted,2026-04-06T09:29:53
f13f68fc-bd0e-45a8-8fc6-91df49c30a57,3fece65c-d6a1-423e-a04d-50a323a2283b,created,2026-05-02T17:44:38
afc6b89c-8f32-4308-aa8a-75458b6e32cc,3fece65c-d6a1-423e-a04d-50a323a2283b,item_added,2026-05-02T18:01:38
298c6e63-e3a3-48b7-9899-5bd6297cf12c,3fece65c-d6a1-423e-a04d-50a323a2283b,item_added,2026-05-02T18:09:38
57bcb1a9-8911-410a-8f26-686b6940a834,3fece65c-d6a1-423e-a04d-50a323a2283b,item_added,2026-05-02T18:23:38
980343b4-e94a-4432-b014-ec1f83a763e6,3fece65c-d6a1-423e-a04d-50a323a2283b,abandoned,2026-05-02T17:49:38
8afe4c6d-b124-4f80-a8d5-8ed1101769d1,d97e2e0d-97b3-47fe-860d-d5dd4aec73d8,created,2026-05-30T08:21:08
c4c12713-6443-4077-850b-d9052e8d5f50,d97e2e0d-97b3-47fe-860d-d5dd4aec73d8,item_added,2026-05-30T08:27:08
beca9154-846e-476c-baf3-3c0bb25cac5d,d97e2e0d-97b3-47fe-860d-d5dd4aec73d8,item_added,2026-05-30T08:35:08
e18c33d2-9330-46f5-ae52-cb2777148c49,d97e2e0d-97b3-47fe-860d-d5dd4aec73d8,converted,2026-05-30T10:38:08
ac51abd3-a494-4d51-aca1-7c824bed0799,65c93333-5fe3-4e7a-8aca-f119aeaf71d8,created,2026-04-14T17:42:15
d2f8877d-abf9-435d-aecf-d58ff3fdb7f8,65c93333-5fe3-4e7a-8aca-f119aeaf71d8,item_added,2026-04-14T17:51:15
dc5987e1-c4b0-4d18-84eb-90c6937049f2,65c93333-5fe3-4e7a-8aca-f119aeaf71d8,converted,2026-04-14T20:11:15
f031eb8e-564a-4664-82cb-344ffae73b20,b858e612-f30c-439e-9c3a-6846e26acf60,created,2026-07-06T11:06:57
2dd15b12-132c-4e3d-8c32-f1e0f080a280,b858e612-f30c-439e-9c3a-6846e26acf60,item_added,2026-07-06T11:18:57
d83c1736-46b5-4217-9a1f-7432c3efdcc9,b858e612-f30c-439e-9c3a-6846e26acf60,item_added,2026-07-06T11:37:57
58a15ca7-c0dc-47da-824c-85a3fac33232,b858e612-f30c-439e-9c3a-6846e26acf60,abandoned,2026-07-06T14:37:57
a4958169-8016-4083-a25c-1355c60b76e4,172985bd-973c-45be-9cf9-639d9efe8fb7,created,2026-06-20T12:13:30
b57c626f-84f4-40c4-a715-ecd210f02be7,172985bd-973c-45be-9cf9-639d9efe8fb7,item_added,2026-06-20T12:19:30
9068c78c-1422-4e17-9f3c-78b48353fdfa,172985bd-973c-45be-9cf9-639d9efe8fb7,converted,2026-06-20T15:44:30
197fe1b2-b655-4a7a-a7c7-13c5dac2d779,028c3518-5ff6-43fd-b5e1-e3626b202ae7,created,2026-08-04T19:04:01
d05f0a0e-236a-47fd-815d-16bc7ee1b990,028c3518-5ff6-43fd-b5e1-e3626b202ae7,item_added,2026-08-04T19:16:01
a95461cc-c9ef-4f19-ae02-2f3c425f30e6,028c3518-5ff6-43fd-b5e1-e3626b202ae7,item_added,2026-08-04T19:28:01
6f4ce31e-0545-48ee-96d7-c6b7d78387d5,028c3518-5ff6-43fd-b5e1-e3626b202ae7,abandoned,2026-08-04T20:35:01
1d5ae9a7-1e58-41c3-b956-9b99886058bc,5f6604d5-27d6-45cc-a497-43b9616d6632,created,2026-05-30T18:42:11
7f3de834-d05b-410c-ae77-df4ad9ee49f6,5f6604d5-27d6-45cc-a497-43b9616d6632,item_added,2026-05-30T18:54:11
eac46a40-5875-4901-9293-b472a77d5301,5f6604d5-27d6-45cc-a497-43b9616d6632,abandoned,2026-05-30T19:52:11
9fe3533d-e7e4-4fda-9cf9-f2144b052f6b,6b553018-dd2c-4556-a64f-5cb2ba8663a0,created,2026-02-18T22:48:10
cf50452c-6c95-43bd-a7fe-c970be3e1599,6b553018-dd2c-4556-a64f-5cb2ba8663a0,item_added,2026-02-18T22:56:10
42ef9879-6e85-4428-8f64-c3a014ed7fbf,6b553018-dd2c-4556-a64f-5cb2ba8663a0,item_added,2026-02-18T23:11:10
ba467fa6-609c-4692-835d-a9a07a977252,6b553018-dd2c-4556-a64f-5cb2ba8663a0,item_added,2026-02-18T23:15:10
56f8da5c-08bc-4cbc-87c5-a853f3195286,6b553018-dd2c-4556-a64f-5cb2ba8663a0,item_added,2026-02-18T23:22:10
07abf044-a6de-4eae-808a-a678dac7e4e3,6b553018-dd2c-4556-a64f-5cb2ba8663a0,converted,2026-02-18T23:15:10
811f80e9-a22e-4277-a125-929800928094,7ad55960-732e-429f-9f71-2e12971bef5d,created,2026-08-04T02:22:22
913edfb4-f14c-439b-88dc-1ba152f75e76,7ad55960-732e-429f-9f71-2e12971bef5d,item_added,2026-08-04T02:37:22
6bfb44a0-c0e9-4ca3-8547-7e7090d47eca,7ad55960-732e-429f-9f71-2e12971bef5d,converted,2026-08-04T04:48:22
6e8c1079-52cc-4d13-a956-342f5db9a259,9a68cf56-23e0-41ac-a923-a714642f0f9d,created,2026-06-21T15:13:44
63462027-91ed-48e0-bc3d-74e3d7d56a91,9a68cf56-23e0-41ac-a923-a714642f0f9d,item_added,2026-06-21T15:14:44
355e37e7-5b2c-4c53-93bf-2dc12eb1fca2,4c707a71-29f9-401d-a252-ef286f8d794f,created,2026-06-02T19:04:10
0e5397c3-887a-45f7-8069-72dced1a7062,4c707a71-29f9-401d-a252-ef286f8d794f,item_added,2026-06-02T19:09:10
4e493301-3e63-4414-9517-5d79ae6da41b,4c707a71-29f9-401d-a252-ef286f8d794f,item_removed,2026-06-02T19:32:10
cd21a516-67a7-4642-bb96-bdb738ed0bc8,4c707a71-29f9-401d-a252-ef286f8d794f,item_added,2026-06-02T19:28:10
20b5427a-4e2e-4873-902d-18b507b89ea2,4c707a71-29f9-401d-a252-ef286f8d794f,item_added,2026-06-02T19:42:10
0226d870-7fbc-4321-9aa0-a7d926bf33cb,4c707a71-29f9-401d-a252-ef286f8d794f,item_added,2026-06-02T20:02:10
51efc3b9-66e9-499a-a084-4ec78fee0910,4c707a71-29f9-401d-a252-ef286f8d794f,abandoned,2026-06-02T22:17:10
275880fa-733f-489e-8044-9c20671dbe3e,8860501a-6c49-42b3-b111-dfc9c4b7612f,created,2026-06-28T22:40:09
390c294f-69bf-4053-8ef8-4e64aa9fb7fc,8860501a-6c49-42b3-b111-dfc9c4b7612f,item_added,2026-06-28T22:41:09
779ef016-147a-4b38-bfba-ec469ff06c24,8860501a-6c49-42b3-b111-dfc9c4b7612f,item_added,2026-06-28T23:01:09
6df10acc-7fe1-4bb7-b8ee-f9b2c22893c4,8860501a-6c49-42b3-b111-dfc9c4b7612f,item_removed,2026-06-28T23:11:09
da8609c5-defe-4979-82a8-3fe78ad8c3f3,8860501a-6c49-42b3-b111-dfc9c4b7612f,item_added,2026-06-28T23:08:09
a1b88af2-e641-41d6-b0a6-d55a16e954c1,8860501a-6c49-42b3-b111-dfc9c4b7612f,item_added,2026-06-28T23:19:09
fc23678d-71eb-4a37-8f1b-0059ea751d43,e2cb6a04-61fd-44a3-a38e-4b1845acc17f,created,2026-05-26T09:09:01
cb834694-130d-4fbb-9eed-7fe9692e3e8d,e2cb6a04-61fd-44a3-a38e-4b1845acc17f,item_removed,2026-05-26T09:51:01
c6a39330-27d6-4a56-b24e-4b64aeadfeb4,e2cb6a04-61fd-44a3-a38e-4b1845acc17f,item_added,2026-05-26T09:23:01
3139ccd7-b5f1-4cee-9aaa-ee815a1205a3,e2cb6a04-61fd-44a3-a38e-4b1845acc17f,item_removed,2026-05-26T09:36:01
01769c62-a5ac-482a-a81e-2de2201a3a01,e2cb6a04-61fd-44a3-a38e-4b1845acc17f,item_added,2026-05-26T09:28:01
d7604c77-05c2-41b0-9200-aa2e31154d8b,3610050d-4589-4765-917a-a0a45048ad88,created,2026-04-19T15:55:58
69eb736a-3258-4b77-a0d0-ffccdf2107d2,3610050d-4589-4765-917a-a0a45048ad88,item_added,2026-04-19T16:07:58
8a677eb2-f271-404c-84a4-47d3565232f9,3610050d-4589-4765-917a-a0a45048ad88,item_added,2026-04-19T16:15:58
52bef983-0ed3-4e07-8f09-8ed99eaea14f,73f9ad80-c8a9-4f75-addd-3579daf019a3,created,2026-04-13T19:36:30
93076bc2-8b6c-45b2-ac18-127d7048f9ea,73f9ad80-c8a9-4f75-addd-3579daf019a3,item_added,2026-04-13T19:42:30
09351ef3-119c-425f-b7ee-dc45dcca515f,73f9ad80-c8a9-4f75-addd-3579daf019a3,item_added,2026-04-13T19:50:30
7a4ae7a0-13b6-4a59-b595-3d5a011f7ce6,73f9ad80-c8a9-4f75-addd-3579daf019a3,item_added,2026-04-13T20:02:30
2c400967-321f-4d81-920f-cd050d7bc286,73f9ad80-c8a9-4f75-addd-3579daf019a3,converted,2026-04-13T21:09:30
61dded11-31d0-451d-b1a4-a1ca637dc969,a5465a4c-4cfe-4862-a9a8-7d696898dadd,created,2026-03-30T05:36:29
48825b16-bc7a-4cd9-9b28-99930d275fb2,a5465a4c-4cfe-4862-a9a8-7d696898dadd,item_added,2026-03-30T05:40:29
9ba43314-5d49-467f-b7be-6d7b5a413db7,a5465a4c-4cfe-4862-a9a8-7d696898dadd,abandoned,2026-03-30T07:49:29
8e87321d-e0a8-4f19-a1ea-eddfde61298a,9d92f54b-985e-4d56-ad67-44d8d148c974,created,2026-05-07T13:06:03
5279db15-f54c-446f-8851-ca47cea95e4c,9d92f54b-985e-4d56-ad67-44d8d148c974,item_added,2026-05-07T13:20:03
14a32096-2f30-4138-bd02-bcc05e90d990,9d92f54b-985e-4d56-ad67-44d8d148c974,abandoned,2026-05-07T13:46:03
aff11736-2edf-437b-ba89-fcfcf9fc03d6,650839bf-d2b0-4b86-9ea2-46831b7a9abd,created,2026-05-25T05:20:08
27f5ac39-d8d1-4046-bc38-3c3045ea9850,650839bf-d2b0-4b86-9ea2-46831b7a9abd,item_added,2026-05-25T05:27:08
29c305de-6f5c-4e42-967d-4ab169487bb1,650839bf-d2b0-4b86-9ea2-46831b7a9abd,item_added,2026-05-25T05:47:08
2b015668-e169-402a-8072-4423a9733f8d,650839bf-d2b0-4b86-9ea2-46831b7a9abd,item_added,2026-05-25T05:58:08
8f5b53cf-8c69-4243-8857-59f0cdb9c6ef,650839bf-d2b0-4b86-9ea2-46831b7a9abd,converted,2026-05-25T08:21:08
90638550-0abf-4d66-828e-6e056c5e70ed,c4281cf1-8de2-4436-a377-c05300156532,created,2026-05-31T07:25:49
cc8e1d0e-07f4-4ca2-8502-67b6733c30d4,c4281cf1-8de2-4436-a377-c05300156532,item_added,2026-05-31T07:32:49
167e7bb9-88c5-4693-accc-5f17377faf43,c4281cf1-8de2-4436-a377-c05300156532,abandoned,2026-05-31T07:57:49
9bace437-be7d-450c-9a98-99049934d9e9,cfa469b5-a699-443a-aab0-d2e4b0f5d6e7,created,2026-03-13T00:57:05
49514f64-65b7-4dbd-a0d3-b861d5d2ef16,cfa469b5-a699-443a-aab0-d2e4b0f5d6e7,item_added,2026-03-13T01:16:05
1c6022c9-efc2-4b4e-b1fa-127278730350,cfa469b5-a699-443a-aab0-d2e4b0f5d6e7,item_added,2026-03-13T01:21:05
cd26bb71-8dfe-4f06-94b4-0d8a1ffa1ce7,cfa469b5-a699-443a-aab0-d2e4b0f5d6e7,item_added,2026-03-13T01:35:05
167a7bb4-1ed7-46d0-bc33-d417dcd00053,cfa469b5-a699-443a-aab0-d2e4b0f5d6e7,abandoned,2026-03-13T04:22:05
88256f26-7da3-4358-be97-791e77d021a2,ecdf7e30-e4fd-4ca3-a7a8-080c64c847ac,created,2026-08-01T09:35:39
c2f7ed11-de72-435e-8a76-afc2a07684e4,ecdf7e30-e4fd-4ca3-a7a8-080c64c847ac,item_added,2026-08-01T09:51:39
69aef4b2-a8df-48a9-b150-17cc79b9c443,ecdf7e30-e4fd-4ca3-a7a8-080c64c847ac,item_added,2026-08-01T09:53:39
59ceb6fd-4b61-498e-ab43-0d56d12d3a61,ecdf7e30-e4fd-4ca3-a7a8-080c64c847ac,item_added,2026-08-01T09:58:39
6ffdbfdb-b151-46f6-8833-769766b4dd7e,ecdf7e30-e4fd-4ca3-a7a8-080c64c847ac,converted,2026-08-01T10:59:39
4c03f572-eca3-4c47-ab0d-badc40c134a2,94715545-4024-4331-aa52-794d33cc9d47,created,2026-07-02T05:55:21
9ba545c5-931e-46a5-bfe3-fc15faa1d01a,94715545-4024-4331-aa52-794d33cc9d47,item_added,2026-07-02T06:15:21
abf86f52-e5ad-4585-bcbe-d40a0347352d,94715545-4024-4331-aa52-794d33cc9d47,abandoned,2026-07-02T07:50:21
bd8478a1-7d1d-4dbe-83df-413c89da0a96,0789678c-9d8e-4c46-b7af-fc457f3d6f6c,created,2026-04-19T03:10:07
cbb04332-9d1b-4b42-816a-9a805fb0b81c,0789678c-9d8e-4c46-b7af-fc457f3d6f6c,item_added,2026-04-19T03:21:07
4f3247d0-6b63-4611-901b-9772f0d2966a,0789678c-9d8e-4c46-b7af-fc457f3d6f6c,item_added,2026-04-19T03:37:07
25dca087-c494-4b7d-8897-1b9434a6a043,0789678c-9d8e-4c46-b7af-fc457f3d6f6c,abandoned,2026-04-19T05:39:07
285750ed-ee25-4b8d-afcc-f1315b672bcf,e3c6b4da-38d2-4735-a63f-c8cc6a3bc9be,created,2026-08-09T04:03:38
4179df55-be7f-43a0-9074-ab98aace1c94,e3c6b4da-38d2-4735-a63f-c8cc6a3bc9be,item_added,2026-08-09T04:21:38
58147dc2-63d5-4e67-beb0-4b8d4473d1d2,e3c6b4da-38d2-4735-a63f-c8cc6a3bc9be,item_added,2026-08-09T04:35:38
68459ed6-4fcb-4c8c-97b1-90b0bd168d3c,3848f4c0-9a3c-491c-ac5d-fe9d2cd8dd3e,created,2026-03-14T08:50:30
80101880-e214-499e-b597-79655ca01ed6,3848f4c0-9a3c-491c-ac5d-fe9d2cd8dd3e,item_added,2026-03-14T09:02:30
bc6e23e1-f432-4550-a59d-c0bce89b1d8d,3848f4c0-9a3c-491c-ac5d-fe9d2cd8dd3e,item_added,2026-03-14T09:04:30
aaf470cc-e7b0-4dcc-bd8b-6f8ff8a82ec7,3848f4c0-9a3c-491c-ac5d-fe9d2cd8dd3e,converted,2026-03-14T10:58:30
b12cef44-6d4c-4d0e-afbb-1e444f872659,302eb064-8903-4e6a-ad3e-7d3d7d55789f,created,2026-06-05T09:55:22
9849a27d-cb57-446a-aab9-ca81929a0422,302eb064-8903-4e6a-ad3e-7d3d7d55789f,item_added,2026-06-05T10:03:22
e0c7cc24-8c02-4621-860e-55a22880a24f,302eb064-8903-4e6a-ad3e-7d3d7d55789f,item_added,2026-06-05T10:16:22
a77fa176-24c4-4b2b-9526-a96ec0f2b285,302eb064-8903-4e6a-ad3e-7d3d7d55789f,item_added,2026-06-05T10:17:22
69c40d8e-fd95-41ae-873b-aaf283bc4a77,302eb064-8903-4e6a-ad3e-7d3d7d55789f,abandoned,2026-06-05T10:26:22
2c3efcaf-3e3b-4554-a16d-34fa1baa7fad,21d9c7bc-66d5-4f21-ad4e-e712bd42c4a9,created,2026-04-25T15:48:25
2b12de16-a720-4380-b02d-547e56483a09,21d9c7bc-66d5-4f21-ad4e-e712bd42c4a9,item_added,2026-04-25T16:08:25
3dabab75-1520-4fae-9fb9-a415b9ba98d9,21d9c7bc-66d5-4f21-ad4e-e712bd42c4a9,item_added,2026-04-25T16:12:25
bd15662f-65d4-451e-abdc-cfb0cc192f29,21d9c7bc-66d5-4f21-ad4e-e712bd42c4a9,item_added,2026-04-25T16:16:25
da797e91-44c4-4507-b1ec-f957bae872e4,21d9c7bc-66d5-4f21-ad4e-e712bd42c4a9,item_added,2026-04-25T16:27:25
0e7cffc6-fda2-4b22-a655-cd22b3f82aa1,21d9c7bc-66d5-4f21-ad4e-e712bd42c4a9,abandoned,2026-04-25T19:18:25
59577793-2406-4948-8cc6-919a57452965,b34b2219-768a-4d43-9e54-6073f0eda7bc,created,2026-06-13T19:39:31
b5b926d1-531c-46dc-b656-681e20830cfa,b34b2219-768a-4d43-9e54-6073f0eda7bc,item_added,2026-06-13T19:56:31
c14223fa-2496-43a0-9713-58d15e1d6854,b34b2219-768a-4d43-9e54-6073f0eda7bc,item_added,2026-06-13T20:06:31
03e26a86-d882-4261-bfc3-47890a9774b9,b34b2219-768a-4d43-9e54-6073f0eda7bc,item_added,2026-06-13T20:25:31
6c4cd865-be7c-41bd-b6b4-54f52f7a1b1c,b34b2219-768a-4d43-9e54-6073f0eda7bc,item_added,2026-06-13T20:44:31
528459d1-240c-4d49-aa22-51b09686c0e1,9369cd90-b8ad-45f0-b1a3-24ff0ba611a0,created,2026-05-11T00:53:29
9c9e1f45-cddc-4e90-ae44-9d31f6ad8755,9369cd90-b8ad-45f0-b1a3-24ff0ba611a0,item_added,2026-05-11T01:06:29
d38d7abd-90c5-4636-b5a4-7df4500cd5eb,9369cd90-b8ad-45f0-b1a3-24ff0ba611a0,item_added,2026-05-11T01:21:29
825d9236-a20a-4b34-b4cd-e9601032552d,9369cd90-b8ad-45f0-b1a3-24ff0ba611a0,item_added,2026-05-11T01:37:29
d434a4d6-2658-4257-b348-0d985e537765,9369cd90-b8ad-45f0-b1a3-24ff0ba611a0,converted,2026-05-11T04:08:29
17bb8e26-cf6d-43c9-8452-17d2b580b57d,f42ae4c3-ea18-40e3-a534-64475a1fc044,created,2026-07-25T08:18:16
d2ab3cc4-081c-4f26-929b-1c4821c65497,f42ae4c3-ea18-40e3-a534-64475a1fc044,item_added,2026-07-25T08:19:16
064f8462-eb79-4ecd-887e-f848ff50fb17,f42ae4c3-ea18-40e3-a534-64475a1fc044,item_added,2026-07-25T08:24:16
bef22c11-f856-4a64-81e1-2b99b616515b,f42ae4c3-ea18-40e3-a534-64475a1fc044,converted,2026-07-25T11:02:16
424dc4d2-1547-4c47-85d0-91e70fed1ae8,541c4aca-11c8-4e25-8995-970fca83716d,created,2026-04-27T19:36:12
ab0f703c-506b-4249-ad59-520984b89ee3,541c4aca-11c8-4e25-8995-970fca83716d,item_added,2026-04-27T19:55:12
4b97a74e-c329-4efd-8895-d859ce1d50ed,541c4aca-11c8-4e25-8995-970fca83716d,item_added,2026-04-27T20:02:12
79f3e2bf-d1e9-46c2-9c9d-3ee8f0c0ec86,541c4aca-11c8-4e25-8995-970fca83716d,converted,2026-04-27T21:40:12
1a7dc79c-6340-4d71-9ef0-fa9e6243fe5a,1fd86e8f-aaf0-4d22-9b55-6f82cfb89f52,created,2026-08-15T15:58:52
5ccc6834-ba05-4428-855b-e1d435d254f1,1fd86e8f-aaf0-4d22-9b55-6f82cfb89f52,item_added,2026-08-15T16:00:52
d02bcaf7-8281-48b9-bf34-4d4c5618f690,1fd86e8f-aaf0-4d22-9b55-6f82cfb89f52,item_removed,2026-08-15T16:15:52
5f51e515-9d58-4b32-be22-4e07aacd501c,1fd86e8f-aaf0-4d22-9b55-6f82cfb89f52,item_added,2026-08-15T16:02:52
712bf6ac-de9f-4908-92d6-b1607a7cce64,1fd86e8f-aaf0-4d22-9b55-6f82cfb89f52,item_added,2026-08-15T16:19:52
9df5385f-2772-4c02-ba01-a8f0357dd672,fcfd9510-d11d-4fb3-b39b-5a9438e8e0f8,created,2026-06-10T00:57:37
2208f2ec-f630-4bcf-bb95-2c93deed7720,ef957e5e-04ab-4d79-bdad-f40bbfba1be1,created,2026-05-09T01:54:19
6f24cd66-b83c-4feb-a43f-a04e5cbe2f0f,ef957e5e-04ab-4d79-bdad-f40bbfba1be1,item_added,2026-05-09T02:03:19
9612c071-c7ce-4d29-927e-7a4c4f3f2af8,ef957e5e-04ab-4d79-bdad-f40bbfba1be1,item_added,2026-05-09T02:20:19
e59c2221-1e18-40ad-8b11-39ad574c71ec,ef957e5e-04ab-4d79-bdad-f40bbfba1be1,abandoned,2026-05-09T05:01:19
f5dab7bf-b98b-48cc-a8b2-0db0f6acefa6,5795c166-7473-4db1-879d-1cf328d66621,created,2026-04-15T19:11:15
1242fd63-fef2-434c-85fe-da6cdae0b013,5795c166-7473-4db1-879d-1cf328d66621,item_added,2026-04-15T19:24:15
4bdc3af8-62d2-4fb3-af49-af10bee2e483,5795c166-7473-4db1-879d-1cf328d66621,item_added,2026-04-15T19:30:15
a5874f20-08f6-4ea9-8896-9d8daee3ce6c,5795c166-7473-4db1-879d-1cf328d66621,converted,2026-04-15T21:39:15
5e501d4a-8cc7-437b-b5c4-f8878d31775a,d8b1d563-eccd-4823-be8a-d2dbaa41c681,created,2026-07-03T17:09:08
1e7b95e4-e1c8-476b-a72f-fb269263b41c,d8b1d563-eccd-4823-be8a-d2dbaa41c681,item_added,2026-07-03T17:21:08
03e8fec4-ec9f-4880-a21d-fbebd2eea61e,d8b1d563-eccd-4823-be8a-d2dbaa41c681,item_added,2026-07-03T17:28:08
7420592b-ef84-4bb6-9894-f19e028cc233,d8b1d563-eccd-4823-be8a-d2dbaa41c681,abandoned,2026-07-03T19:14:08
f8b5f4ad-0401-44b3-a1b1-c21acede7692,1451d183-7e46-4e2a-ab51-f10bc098d3f3,created,2026-05-19T21:13:39
76837f0c-6ab3-467c-8097-479e435816aa,1451d183-7e46-4e2a-ab51-f10bc098d3f3,item_added,2026-05-19T21:23:39
b64efb2e-045d-4fcc-a18f-a78a332897ed,1451d183-7e46-4e2a-ab51-f10bc098d3f3,abandoned,2026-05-19T23:18:39
cb5e72d2-f1ae-4552-b647-128fcf935feb,adc5edf3-9862-4d17-9467-852efde5e238,created,2026-02-20T01:06:04
ae7a4e79-6d1e-4657-a0ce-06d73092073e,adc5edf3-9862-4d17-9467-852efde5e238,item_added,2026-02-20T01:20:04
dfc51265-b8fb-4c14-990a-f5164910579c,adc5edf3-9862-4d17-9467-852efde5e238,item_added,2026-02-20T01:23:04
6f7d735d-7538-49aa-849a-a43ffb700ee4,adc5edf3-9862-4d17-9467-852efde5e238,converted,2026-02-20T03:46:04
bfe4b978-f307-48ea-b3d1-e20c927a786e,d064dd64-5e4c-4e14-bb6a-8854a8cb562b,created,2026-07-16T20:48:41
689f8435-fc5a-4add-af33-cace905b8323,d064dd64-5e4c-4e14-bb6a-8854a8cb562b,item_added,2026-07-16T20:59:41
626203b8-102a-4b61-a683-dd24b2d4e9be,d064dd64-5e4c-4e14-bb6a-8854a8cb562b,item_added,2026-07-16T21:04:41
d50aabfd-853b-4e7e-8575-fc7bd432d3eb,d064dd64-5e4c-4e14-bb6a-8854a8cb562b,item_added,2026-07-16T21:24:41
0a171983-1a30-4904-82bc-cfedbd49da82,d064dd64-5e4c-4e14-bb6a-8854a8cb562b,abandoned,2026-07-16T23:24:41
d1d97cab-0b04-4a90-95ae-c8c31fcb7b94,9e5b9918-bc68-4237-b52b-1c892b1930ae,created,2026-06-25T23:57:35
2dd1d963-8659-447f-8559-af5827155905,9e5b9918-bc68-4237-b52b-1c892b1930ae,item_added,2026-06-26T00:16:35
339384a5-67bb-467b-9331-4b8c43387987,9e5b9918-bc68-4237-b52b-1c892b1930ae,item_added,2026-06-26T00:32:35
cae7ab6d-5b82-49a5-9a46-62fd56186385,9e5b9918-bc68-4237-b52b-1c892b1930ae,converted,2026-06-26T03:17:35
ae89e136-9c8f-41a0-ace6-e082e82fc92a,012c5398-fc60-4281-987a-5c58585fec0b,created,2026-05-05T23:55:44
f77f445d-6d24-4f48-8a08-49e9f6676950,012c5398-fc60-4281-987a-5c58585fec0b,item_added,2026-05-06T00:13:44
74171c0e-fe09-4e1e-85f4-51f09135cfe3,012c5398-fc60-4281-987a-5c58585fec0b,item_added,2026-05-06T00:17:44
7d8a1487-2000-46e6-a345-ca6bf3d3bcf7,012c5398-fc60-4281-987a-5c58585fec0b,item_added,2026-05-06T00:37:44
c3e55593-0232-4cc7-8d45-5733ca529519,012c5398-fc60-4281-987a-5c58585fec0b,converted,2026-05-06T00:14:44
79b14d75-2ff2-4de5-a13f-0900f67a286a,fe5e1c89-650d-43ef-bb80-3fc228eb2f07,created,2026-04-05T01:56:54
85a67ca2-d00f-4b46-899c-0daf99237949,fe5e1c89-650d-43ef-bb80-3fc228eb2f07,item_added,2026-04-05T02:01:54
f5696b7b-2fa4-432b-96f7-1258b78ea107,fe5e1c89-650d-43ef-bb80-3fc228eb2f07,abandoned,2026-04-05T04:46:54
d0705a5b-c43e-40d4-96d3-fed165d596fa,57395fdb-a04e-469f-af0d-ba870eebd38e,created,2026-05-20T17:46:22
77ddefa9-5db5-49e9-935c-cf577f4a0811,57395fdb-a04e-469f-af0d-ba870eebd38e,item_added,2026-05-20T17:56:22
aea89dbb-3bc5-49a5-bbad-c31af8f3f115,57395fdb-a04e-469f-af0d-ba870eebd38e,item_added,2026-05-20T18:01:22
327fbf0d-c07a-475f-ada7-afb7fa3567bb,57395fdb-a04e-469f-af0d-ba870eebd38e,converted,2026-05-20T18:28:22
a92320fc-80ec-49cd-92c1-272e1344fc17,de04c42b-7993-4092-ae61-b028f80caf56,created,2026-04-16T18:46:57
c427a3d9-ee71-452e-b06c-255cd877a82e,de04c42b-7993-4092-ae61-b028f80caf56,item_added,2026-04-16T19:05:57
52ce7fff-37c8-4f06-bcd1-44da6bdc6bb6,de04c42b-7993-4092-ae61-b028f80caf56,item_added,2026-04-16T19:06:57
09f39adf-1993-47cc-b6ca-f327f996fa44,de04c42b-7993-4092-ae61-b028f80caf56,item_added,2026-04-16T19:14:57
b996f8a2-cf76-406e-b165-3e59a9730752,de04c42b-7993-4092-ae61-b028f80caf56,item_added,2026-04-16T19:16:57
d6818f9c-6709-4c19-aea0-222b81944479,de04c42b-7993-4092-ae61-b028f80caf56,converted,2026-04-16T19:14:57
a94fca10-1810-4ea0-a774-605c2ddec848,868d0e2f-da66-438b-8b48-170298071fe2,created,2026-04-23T15:14:10
d47af7cb-4998-49e8-8117-c136785d6e04,868d0e2f-da66-438b-8b48-170298071fe2,item_added,2026-04-23T15:31:10
15345da9-715a-4513-b59e-26f72befdb1b,868d0e2f-da66-438b-8b48-170298071fe2,item_added,2026-04-23T15:43:10
99fca079-0e79-4cb7-8587-8d8edc1f6d4c,868d0e2f-da66-438b-8b48-170298071fe2,item_added,2026-04-23T15:52:10
78301dd1-8902-45f6-8050-cde5c484915b,868d0e2f-da66-438b-8b48-170298071fe2,abandoned,2026-04-23T15:37:10
10328618-ec32-4267-95bd-fc2f9f634e09,243f44a3-a1f7-4b4b-8720-4e00238fcfc7,created,2026-05-27T13:39:23
162b7611-82c3-4945-b4be-0898b1e465e1,243f44a3-a1f7-4b4b-8720-4e00238fcfc7,item_added,2026-05-27T13:50:23
16e4908b-460a-4d10-90b2-56af3ddbf02a,243f44a3-a1f7-4b4b-8720-4e00238fcfc7,abandoned,2026-05-27T16:24:23
969bf4a5-757d-4a14-8ef8-2ae27138c57c,31b42e88-3bd1-41e1-bafd-2aa71b55e714,created,2026-07-20T18:05:24
a977d349-d625-444b-aacc-339bfa741816,31b42e88-3bd1-41e1-bafd-2aa71b55e714,item_added,2026-07-20T18:16:24
037f08f4-26ef-4fe0-ae05-b62b7d042067,31b42e88-3bd1-41e1-bafd-2aa71b55e714,item_added,2026-07-20T18:27:24
3c23be85-aa1a-4820-bd1e-49ede6481489,31b42e88-3bd1-41e1-bafd-2aa71b55e714,item_added,2026-07-20T18:32:24
40aeb00b-7634-4c21-aab8-9c4af4ea4f21,31b42e88-3bd1-41e1-bafd-2aa71b55e714,converted,2026-07-20T19:29:24
d13c5bfa-2492-4767-9d15-969d0842db9d,0fadaf1c-4cc8-451f-ac44-618948e76b0d,created,2026-06-28T06:56:58
0e688368-3787-4e61-82ca-f4a79ff6d301,0fadaf1c-4cc8-451f-ac44-618948e76b0d,item_added,2026-06-28T07:09:58
041b96ea-7ff0-4430-a63e-6c84b52f3587,0fadaf1c-4cc8-451f-ac44-618948e76b0d,item_removed,2026-06-28T07:16:58
5bd58e2c-4f90-4195-9a2f-be2e066ea48f,0fadaf1c-4cc8-451f-ac44-618948e76b0d,item_added,2026-06-28T07:11:58
81452569-9a94-473e-ae87-402b6d28bc6c,0fadaf1c-4cc8-451f-ac44-618948e76b0d,item_added,2026-06-28T07:16:58
144eaf88-da8a-494f-9894-3aeb1155f649,0fadaf1c-4cc8-451f-ac44-618948e76b0d,abandoned,2026-06-28T09:02:58
e743e12b-89a5-4c90-babc-cc43f670d292,19745709-ea9f-40bf-afcd-85c8d329dce2,created,2026-05-12T19:24:45
c9aaa5c6-413c-4231-b2b2-7649d06177b0,19745709-ea9f-40bf-afcd-85c8d329dce2,item_added,2026-05-12T19:26:45
8963eb8d-15b6-4222-b034-ddca7bcffadd,19745709-ea9f-40bf-afcd-85c8d329dce2,item_added,2026-05-12T19:35:45
fe60caf6-8422-4f52-93ff-41a7071a25b7,19745709-ea9f-40bf-afcd-85c8d329dce2,item_added,2026-05-12T19:52:45
4056a3ac-b2e4-4bc0-8197-435fbc29ef2e,19745709-ea9f-40bf-afcd-85c8d329dce2,item_added,2026-05-12T20:01:45
cfa8c9fb-d6a8-4e59-b619-efbbc4a2640e,19745709-ea9f-40bf-afcd-85c8d329dce2,converted,2026-05-12T20:11:45
af5797ab-982e-4c07-a5ac-fa810cf279a9,90e74993-0bc3-4288-8974-fab82e1c7d10,created,2026-06-17T07:31:32
410f62bf-a444-4154-bffa-591d8129e214,28a76941-361b-47da-84df-ccd581d1d8ac,created,2026-07-24T05:32:21
b2d9f8d2-bc59-4073-a843-2dfd8c6d1b36,28a76941-361b-47da-84df-ccd581d1d8ac,item_added,2026-07-24T05:43:21
180994d3-7cc4-4cc0-a55a-9367ada16533,28a76941-361b-47da-84df-ccd581d1d8ac,item_added,2026-07-24T05:44:21
c12fa335-f2e1-4f87-aa03-5d15122ad101,28a76941-361b-47da-84df-ccd581d1d8ac,item_added,2026-07-24T06:04:21
c652890a-32d8-482a-a118-fcccb7e01da9,28a76941-361b-47da-84df-ccd581d1d8ac,item_added,2026-07-24T06:06:21
316d9644-5c5f-4200-a809-07aebe12bef3,28a76941-361b-47da-84df-ccd581d1d8ac,abandoned,2026-07-24T07:44:21
7c994369-2cb9-4b14-96d3-6074d4236f29,14088b4b-d292-4a6d-918b-c569d34dcd1c,created,2026-03-01T06:11:18
c8f157e9-6946-4ded-8657-45181144cc8d,14088b4b-d292-4a6d-918b-c569d34dcd1c,item_added,2026-03-01T06:17:18
ce4ab67f-1c46-41b0-be9f-7dbbe3666999,14088b4b-d292-4a6d-918b-c569d34dcd1c,item_added,2026-03-01T06:18:18
8e4bd8cd-17d9-41dd-bcbd-93ab8ae46aad,14088b4b-d292-4a6d-918b-c569d34dcd1c,abandoned,2026-03-01T08:21:18
db8ab658-7642-45dc-833f-fa4c423e5d81,daccfd9b-e0cd-4d0c-aa40-3e55c5ec6cbf,created,2026-06-25T01:25:55
8bb0fa51-5331-4852-9698-c6f49feb46ef,daccfd9b-e0cd-4d0c-aa40-3e55c5ec6cbf,item_added,2026-06-25T01:45:55
df2db30a-ff12-4b75-b301-28de11ee8376,daccfd9b-e0cd-4d0c-aa40-3e55c5ec6cbf,converted,2026-06-25T03:51:55
fa2816d1-cb7b-4a6d-a3f4-57dc13683942,a2d3fe32-0489-441c-873c-7e591a75aca3,created,2026-04-07T04:39:34
455c4414-3664-4600-be36-f22ee64d61e0,a2d3fe32-0489-441c-873c-7e591a75aca3,item_added,2026-04-07T04:46:34
f343f08c-45d0-415e-a754-8f4cb2b38918,a2d3fe32-0489-441c-873c-7e591a75aca3,item_added,2026-04-07T05:02:34
60b030d4-5303-4fe6-b075-ecaf097be6e1,80ae4729-0793-4495-8b41-f47a7a6c390f,created,2026-03-24T23:38:43
428a12a5-3ef2-484e-a665-e3e632258580,80ae4729-0793-4495-8b41-f47a7a6c390f,item_added,2026-03-24T23:45:43
3ab5f0f7-d333-46f7-b6c1-3dd9c70543c5,80ae4729-0793-4495-8b41-f47a7a6c390f,item_added,2026-03-24T23:49:43
458247bb-c6ce-4aa9-ac34-417da72bccfa,80ae4729-0793-4495-8b41-f47a7a6c390f,item_added,2026-03-25T00:01:43
60dd2637-9420-4b48-a20d-405711b42574,80ae4729-0793-4495-8b41-f47a7a6c390f,abandoned,2026-03-25T00:44:43
19b7d89f-3c9b-4ea4-82ce-b1ef1c5a1030,5dcef4a4-529b-4ea0-b439-3f2b1a4a77e9,created,2026-07-01T19:50:44
6621dbb4-80c7-408a-96a6-eb347ee20f1f,5dcef4a4-529b-4ea0-b439-3f2b1a4a77e9,item_added,2026-07-01T19:51:44
c1c84376-8031-475d-b832-faddc3720fb1,5dcef4a4-529b-4ea0-b439-3f2b1a4a77e9,item_added,2026-07-01T20:03:44
f5f92c1b-aa82-4fbe-aaa1-fc0e55269acf,5dcef4a4-529b-4ea0-b439-3f2b1a4a77e9,converted,2026-07-01T22:47:44
4297d30c-084c-48e7-acc6-215a67a39fd4,918d28b6-afc0-4568-84a5-e46191c69320,created,2026-05-24T23:36:54
f8e12eae-61db-428a-a05e-c039a5c6492b,918d28b6-afc0-4568-84a5-e46191c69320,item_added,2026-05-24T23:54:54
557478ee-7442-45fa-811b-71fa68ecacc1,918d28b6-afc0-4568-84a5-e46191c69320,item_added,2026-05-24T23:57:54
c2ba123e-ef16-4cfa-89a1-00c5c586b938,918d28b6-afc0-4568-84a5-e46191c69320,item_removed,2026-05-25T00:31:54
e638c230-5bd0-4c5e-8db3-6d2525c6485a,918d28b6-afc0-4568-84a5-e46191c69320,item_added,2026-05-25T00:14:54
d4f5989c-b857-43f7-8c70-6fabeaf7aaad,918d28b6-afc0-4568-84a5-e46191c69320,abandoned,2026-05-25T02:53:54
2f0137d5-7928-4e35-9e96-c9729bb5eb64,712d6e49-f914-4c62-8710-9fc5ae42b11a,created,2026-03-15T12:56:12
2398f285-5bc5-4bf7-9e64-05f5a07536ca,712d6e49-f914-4c62-8710-9fc5ae42b11a,item_added,2026-03-15T13:12:12
1ede0a2a-4aed-4fbd-b025-27b1ba0681bf,dd26564e-9844-4081-b0de-0ffb910f298e,created,2026-08-02T11:34:17
9a25abd6-d360-4d8f-bbf6-ecf83b2ef1b1,dd26564e-9844-4081-b0de-0ffb910f298e,item_added,2026-08-02T11:41:17
a0c5b995-79fd-4b7c-8a92-29a8d5980471,dd26564e-9844-4081-b0de-0ffb910f298e,item_added,2026-08-02T11:57:17
7a9de965-ab31-4cb8-8aab-da50796c585c,dd26564e-9844-4081-b0de-0ffb910f298e,item_added,2026-08-02T12:04:17
e0327801-c73b-422d-90f6-ca8ceead0b36,dd26564e-9844-4081-b0de-0ffb910f298e,abandoned,2026-08-02T14:08:17
6c2307c6-4253-46d8-9364-d4f8fa9963b5,b86588ef-6610-4538-9073-467c066fc2d5,created,2026-07-17T10:59:45
cb55c158-58b8-479d-b1f4-07750abcf15a,b86588ef-6610-4538-9073-467c066fc2d5,item_added,2026-07-17T11:06:45
aec05d82-047f-41d7-ac42-769359ceb0fe,b86588ef-6610-4538-9073-467c066fc2d5,converted,2026-07-17T11:56:45
d40afaae-16f1-409f-be86-f580b7820019,1f30e00c-683d-4159-8f7f-4ce74e7bb68d,created,2026-03-17T18:03:07
bf67c2c4-648a-4752-871b-3e2076825c7e,1f30e00c-683d-4159-8f7f-4ce74e7bb68d,item_added,2026-03-17T18:06:07
2bf0243f-f678-45a0-a3a6-4f1bcb4e3c22,1f30e00c-683d-4159-8f7f-4ce74e7bb68d,item_added,2026-03-17T18:07:07
1b98e79e-2672-4602-8278-2d47e9e8ddf1,1f30e00c-683d-4159-8f7f-4ce74e7bb68d,item_removed,2026-03-17T18:35:07
ec828c3b-a027-4bed-8890-ead297debfa1,1f30e00c-683d-4159-8f7f-4ce74e7bb68d,item_added,2026-03-17T18:13:07
50efe2bf-5ec1-486b-9814-980b75690798,1f30e00c-683d-4159-8f7f-4ce74e7bb68d,item_added,2026-03-17T18:20:07
0debe364-df38-46d3-aeed-9d5abc1d9721,1f30e00c-683d-4159-8f7f-4ce74e7bb68d,abandoned,2026-03-17T18:21:07
d2493866-ac12-4e8c-bf0d-0ac22ae3fd98,8a20a9a7-b471-46bb-95ae-17c0548587f1,created,2026-04-25T17:09:08
2388d0f3-bd30-4250-a9f6-27868ef597e3,8a20a9a7-b471-46bb-95ae-17c0548587f1,item_added,2026-04-25T17:26:08
3f3da421-0a0d-4e2d-81ba-f2a40384edec,8a20a9a7-b471-46bb-95ae-17c0548587f1,item_added,2026-04-25T17:45:08
90882fa0-7243-4921-bc99-eae507101005,8a20a9a7-b471-46bb-95ae-17c0548587f1,abandoned,2026-04-25T17:44:08
f3fe81d9-9541-40fb-bdaa-53a94529e0f1,799ed0c4-24fb-4b0c-8b44-e463f3573c61,created,2026-06-17T12:09:15
cbf094ff-8dfc-458f-9263-afead5e2c5b2,799ed0c4-24fb-4b0c-8b44-e463f3573c61,item_added,2026-06-17T12:18:15
75877a9a-cccd-4993-8e25-55cebb2913d4,799ed0c4-24fb-4b0c-8b44-e463f3573c61,converted,2026-06-17T14:45:15
72edd650-827c-4210-94a6-c30a1379d604,0e96605a-2a14-4205-a792-32f20bddfa0e,created,2026-06-06T13:52:35
442bafcf-65fb-4350-b811-34af4faecc11,0e96605a-2a14-4205-a792-32f20bddfa0e,item_added,2026-06-06T14:08:35
a0919e70-e4cd-4973-a11a-9cbeaa9670be,0e96605a-2a14-4205-a792-32f20bddfa0e,item_added,2026-06-06T14:19:35
d9b45ff6-b69f-4d47-be9f-de67fd93a23b,0e96605a-2a14-4205-a792-32f20bddfa0e,converted,2026-06-06T13:58:35
124e6ea7-11bf-47fe-ad2e-da8c7f78e6a1,40ad49e1-e2e5-455f-b0d2-ac45c9c5677b,created,2026-06-21T14:59:22
d5927494-ce9a-4d76-bede-e2bb3f8f0d8d,40ad49e1-e2e5-455f-b0d2-ac45c9c5677b,item_added,2026-06-21T15:19:22
114b1330-38bb-413b-b28c-7952287ff9a3,40ad49e1-e2e5-455f-b0d2-ac45c9c5677b,item_added,2026-06-21T15:22:22
ac68a373-08bf-4668-9e17-de2982e941d6,40ad49e1-e2e5-455f-b0d2-ac45c9c5677b,converted,2026-06-21T16:04:22
860aa986-ef48-4e95-b116-c711ace3555e,381e8c67-f7ae-432d-bed0-271092e3af05,created,2026-04-13T04:26:16
0443a417-cff9-44da-a203-3dde40bd7a6a,381e8c67-f7ae-432d-bed0-271092e3af05,item_added,2026-04-13T04:41:16
dc730c42-fa47-421f-931c-b44fc80601fe,381e8c67-f7ae-432d-bed0-271092e3af05,item_added,2026-04-13T04:44:16
e40400a0-cb40-4ce1-ae59-820b0f42e443,381e8c67-f7ae-432d-bed0-271092e3af05,item_added,2026-04-13T04:47:16
673c379e-94ef-4b97-aefd-e8327c6c2041,381e8c67-f7ae-432d-bed0-271092e3af05,converted,2026-04-13T05:56:16
61597466-312b-4248-a06f-0ba21431f2db,3a61e829-e550-436a-ae6e-37a6a85906f0,created,2026-08-16T00:31:50
04456189-cdc4-45e8-8919-99c06be269ea,3a61e829-e550-436a-ae6e-37a6a85906f0,item_removed,2026-08-16T01:07:50
fbbd6bc5-b2f8-4f0f-be9a-853f16c0ce5a,3a61e829-e550-436a-ae6e-37a6a85906f0,item_added,2026-08-16T00:49:50
9c15f193-c8aa-4a5c-806a-6df5a94ff09b,3a61e829-e550-436a-ae6e-37a6a85906f0,item_added,2026-08-16T00:57:50
37e959a4-d3e4-4cfc-a006-a80794c393d4,3a61e829-e550-436a-ae6e-37a6a85906f0,item_added,2026-08-16T01:08:50
8862606c-8d5c-4a92-a4bf-e2c00f499422,3a61e829-e550-436a-ae6e-37a6a85906f0,abandoned,2026-08-16T03:25:50
081e1b4b-8354-481e-b7ba-12aa66f7f3d3,91d5f68d-b395-43dd-9f1d-ad1a6670ca50,created,2026-07-23T12:51:48
e2d9acfb-66c3-466e-9213-bb74d90bbc6a,91d5f68d-b395-43dd-9f1d-ad1a6670ca50,item_added,2026-07-23T12:55:48
4c85d52b-941b-41e0-a81b-74ecd625d072,91d5f68d-b395-43dd-9f1d-ad1a6670ca50,item_added,2026-07-23T13:10:48
07af38d3-64c2-4ca6-ab1a-431b9a4c7d5f,91d5f68d-b395-43dd-9f1d-ad1a6670ca50,item_added,2026-07-23T13:24:48
a30438b9-1585-4944-8496-84f9c4f356aa,91d5f68d-b395-43dd-9f1d-ad1a6670ca50,abandoned,2026-07-23T16:36:48
2fba6e6e-8770-45c2-9a2d-9154a27190b1,98147be3-73d9-4826-832d-deafb23fff5c,created,2026-07-31T18:27:53
0f2efbfb-fb60-4206-9440-4a6f943168eb,98147be3-73d9-4826-832d-deafb23fff5c,item_added,2026-07-31T18:42:53
c6bf5e49-516d-4748-b6f8-79aa7caeb99d,98147be3-73d9-4826-832d-deafb23fff5c,abandoned,2026-07-31T19:10:53
c6e03874-ee85-42c4-a211-2551e3714c88,cbb253c7-7de8-4e51-a342-1b95aab0169c,created,2026-06-05T16:17:34
2d3c5371-c5ee-4f7b-b3bd-a5d0fe857f12,cbb253c7-7de8-4e51-a342-1b95aab0169c,item_added,2026-06-05T16:33:34
0ae53624-81dd-4971-9812-6751bf70e2b0,cbb253c7-7de8-4e51-a342-1b95aab0169c,converted,2026-06-05T17:33:34
e5b6268c-e24a-4000-9655-b5faec6006ff,1f456fa5-e154-4c5d-9de2-f259790892d3,created,2026-06-19T20:23:37
387458bb-a3ab-4b9f-8440-e35aaac8f36b,1f456fa5-e154-4c5d-9de2-f259790892d3,item_added,2026-06-19T20:36:37
dbf10f17-17ef-4408-832e-869e280e386c,1f456fa5-e154-4c5d-9de2-f259790892d3,item_added,2026-06-19T20:55:37
96961a12-331f-45a6-ba1f-6abbc801ebee,1f456fa5-e154-4c5d-9de2-f259790892d3,item_added,2026-06-19T21:04:37
7644b77e-a68a-48cb-8dd1-b6285358946c,1f456fa5-e154-4c5d-9de2-f259790892d3,converted,2026-06-19T21:36:37
a07c3cad-1e40-491e-adf5-72189d4f9e4c,e35db423-2115-4a62-8283-34e44d5ade62,created,2026-07-02T02:31:52
bfd7f30f-1ed0-4794-86ab-db91cb7c331a,e35db423-2115-4a62-8283-34e44d5ade62,item_added,2026-07-02T02:47:52
22905b3a-5213-4aa6-924a-17d874e2f1b4,e35db423-2115-4a62-8283-34e44d5ade62,item_added,2026-07-02T03:05:52
12ff75ab-6d0a-49d6-a2f0-f12357313173,e35db423-2115-4a62-8283-34e44d5ade62,converted,2026-07-02T04:50:52
68b9aa5d-b9e1-4192-897a-69c23e4390f9,20f288c2-c5c9-43eb-990e-7644beb5e9ab,created,2026-06-19T02:27:46
c7f937fc-c61e-4e02-b1f7-b86781b9d1e5,20f288c2-c5c9-43eb-990e-7644beb5e9ab,item_added,2026-06-19T02:46:46
4532a3e6-a587-4a28-95f9-63964ff4399d,20f288c2-c5c9-43eb-990e-7644beb5e9ab,item_added,2026-06-19T02:55:46
94b29499-6260-4773-8299-210e91f0de61,20f288c2-c5c9-43eb-990e-7644beb5e9ab,abandoned,2026-06-19T04:07:46
13443127-1c47-4e4f-bfd5-67e8ae92c3ad,148188d0-9334-4f23-b69e-2369ffd08080,created,2026-03-20T11:42:45
00a52c1d-ed42-4716-94b8-c4352d53953a,148188d0-9334-4f23-b69e-2369ffd08080,item_added,2026-03-20T12:02:45
dc63423d-e012-4cd2-913e-ec8617ed6101,148188d0-9334-4f23-b69e-2369ffd08080,converted,2026-03-20T11:54:45
a50146ba-420e-48f0-bf0d-59554d323dab,3c73e60d-2b2f-4d53-a613-354a12f8ec1f,created,2026-04-28T17:22:07
35b77d1b-591f-4fd3-8169-4a1c5f7651e4,3c73e60d-2b2f-4d53-a613-354a12f8ec1f,item_added,2026-04-28T17:31:07
d7df36ee-ebee-4315-9991-3b24890813d7,3c73e60d-2b2f-4d53-a613-354a12f8ec1f,item_added,2026-04-28T17:34:07
82008d48-837a-475b-ac6c-cc2d5927c9ed,3c73e60d-2b2f-4d53-a613-354a12f8ec1f,item_added,2026-04-28T17:53:07
aa7ecd66-217e-4adc-a2d8-ad5a5ff79d0e,3c73e60d-2b2f-4d53-a613-354a12f8ec1f,converted,2026-04-28T19:11:07
0906f648-597a-4268-bd80-b16485879e48,717ba87d-b37a-4483-9345-5772854704ab,created,2026-03-02T23:42:17
a5ca0968-6041-486a-a997-fd6239d4bb89,717ba87d-b37a-4483-9345-5772854704ab,item_added,2026-03-02T23:43:17
2c948437-98e3-487f-b875-752c6d7fac72,717ba87d-b37a-4483-9345-5772854704ab,abandoned,2026-03-03T03:07:17
98dc53c7-1ec9-4eda-9ebd-4f45c516ba84,e9ea5cdb-1089-4a4e-95fd-6e0bd4fab41c,created,2026-07-18T06:46:24
fa849c9f-89bd-42cc-9540-5d238be36bea,e9ea5cdb-1089-4a4e-95fd-6e0bd4fab41c,item_added,2026-07-18T06:49:24
542d826a-e5da-4de1-b6e7-9c1cf04ed99f,fa55dcbe-9a34-4569-8201-47cbd3ed9761,created,2026-06-29T19:48:57
55793d73-5f09-4fdc-a61f-a9297d414ead,fa55dcbe-9a34-4569-8201-47cbd3ed9761,item_added,2026-06-29T19:49:57
689a988c-00b7-4747-9f44-a984e4d960dd,fa55dcbe-9a34-4569-8201-47cbd3ed9761,item_added,2026-06-29T19:54:57
44fe3552-7032-43e0-a641-18ab5538f9d3,fa55dcbe-9a34-4569-8201-47cbd3ed9761,item_added,2026-06-29T20:13:57
0cd2cce2-a4ba-4a2b-9834-08f3bebd47c7,fa55dcbe-9a34-4569-8201-47cbd3ed9761,converted,2026-06-29T19:59:57
b3ce8da0-716d-49b0-b256-f8d62fc653a6,6ae85619-c548-4c96-864e-1e6ee8d6e928,created,2026-05-19T21:18:35
aeecca77-8275-4310-b03d-e2dcba2aa6a1,6ae85619-c548-4c96-864e-1e6ee8d6e928,item_added,2026-05-19T21:20:35
8be5666b-0c8a-43ba-a5de-7dd67918cc4a,6ae85619-c548-4c96-864e-1e6ee8d6e928,abandoned,2026-05-19T22:34:35
2f3ab0a6-dc83-4568-a4c7-9f3a61226400,4f9f7fc2-0224-47c8-ba78-e57b2ed1f3eb,created,2026-03-13T16:31:33
18f97747-c408-45bb-8026-3706de1eed31,4f9f7fc2-0224-47c8-ba78-e57b2ed1f3eb,item_added,2026-03-13T16:49:33
fb369f8a-ccb3-4466-ab14-67f5c501bd7c,4f9f7fc2-0224-47c8-ba78-e57b2ed1f3eb,item_added,2026-03-13T16:58:33
1ebf5ffc-653d-4e7e-981d-3497178a0e17,4f9f7fc2-0224-47c8-ba78-e57b2ed1f3eb,abandoned,2026-03-13T18:20:33
83c77313-4bd8-4268-9b0c-60878a10a3d3,9b1e9e07-ec09-44e8-b58e-66c693a14f88,created,2026-03-20T13:26:32
d2e18b22-d2b4-4e4c-98e5-23e6f3c1d21d,9b1e9e07-ec09-44e8-b58e-66c693a14f88,item_added,2026-03-20T13:29:32
1793527b-a110-422b-b17f-192b3ac331e5,9b1e9e07-ec09-44e8-b58e-66c693a14f88,item_removed,2026-03-20T13:47:32
266567f5-85ad-4213-9925-01c34b90c8c2,9b1e9e07-ec09-44e8-b58e-66c693a14f88,item_added,2026-03-20T13:36:32
e54ae5d8-e92a-4c50-b48b-cd0d28c6b5b8,9b1e9e07-ec09-44e8-b58e-66c693a14f88,abandoned,2026-03-20T14:41:32
cbfd79ec-ab2c-48d8-b4b1-8d8e2c8c4c32,b204647a-e92e-457d-a1c2-0b0d0461730c,created,2026-05-13T20:50:29
e630dd1f-056f-47e4-aa05-799ca19cb6c3,b204647a-e92e-457d-a1c2-0b0d0461730c,item_added,2026-05-13T21:02:29
c5513ee4-81c4-489b-ab07-97cc730c3b6b,b204647a-e92e-457d-a1c2-0b0d0461730c,item_added,2026-05-13T21:08:29
2f3de29e-6ca0-4f81-8371-d90aa024e069,b204647a-e92e-457d-a1c2-0b0d0461730c,abandoned,2026-05-13T23:54:29
785b056f-0813-4d08-8b46-c684bfe677b8,1b3bf9dd-e5c0-40ab-a941-73ba184f5f1d,created,2026-03-15T01:09:21
aec52c29-ab83-499f-b22b-d7e82e3ee7cf,1b3bf9dd-e5c0-40ab-a941-73ba184f5f1d,item_added,2026-03-15T01:13:21
5dd4b18c-1d98-44db-8ce8-d2c6784bc012,1b3bf9dd-e5c0-40ab-a941-73ba184f5f1d,item_removed,2026-03-15T01:36:21
21d83d58-6b08-4bc1-8de7-1fbf90714ee6,1b3bf9dd-e5c0-40ab-a941-73ba184f5f1d,item_added,2026-03-15T01:22:21
7d865c9f-7062-4eb3-9eef-478781e65832,1b3bf9dd-e5c0-40ab-a941-73ba184f5f1d,item_added,2026-03-15T01:26:21
2298f447-e6aa-4aa7-8325-f24e19297b14,1b3bf9dd-e5c0-40ab-a941-73ba184f5f1d,item_added,2026-03-15T01:45:21
addbf897-d734-4515-869a-47b8c5f9162a,1b3bf9dd-e5c0-40ab-a941-73ba184f5f1d,abandoned,2026-03-15T01:18:21
75330915-a8ba-4cc1-9e42-c4f85fe2ff1b,5afcd520-709a-4a1e-99ae-b2d0ac9af395,created,2026-05-11T09:27:43
ebbd1edd-5c43-4a35-a456-0ea8f87ee85b,51547514-b0bc-4719-a38f-164efa382a88,created,2026-07-12T18:37:28
3acc37ac-ae0c-4f8c-8391-eca7711533cc,51547514-b0bc-4719-a38f-164efa382a88,item_added,2026-07-12T18:38:28
7e261bac-181b-4c77-b0f8-1d8819282641,51547514-b0bc-4719-a38f-164efa382a88,abandoned,2026-07-12T22:31:28
3d9a811f-7573-4b86-a3cd-f3ac745a2194,4f356f0b-cce2-4079-90f0-1b9ad40356f4,created,2026-06-14T04:07:39
97aef977-d731-4904-96a8-d0c94e2ad90e,4f356f0b-cce2-4079-90f0-1b9ad40356f4,item_added,2026-06-14T04:18:39
a9845053-42cf-4dda-a0a4-4d8d8a8fa493,4f356f0b-cce2-4079-90f0-1b9ad40356f4,item_added,2026-06-14T04:36:39
5f082881-247f-42b0-abf8-7dfb525e4d9b,4f356f0b-cce2-4079-90f0-1b9ad40356f4,item_added,2026-06-14T04:45:39
34ac9a2d-54da-4564-bfe9-bb7f131a852d,4f356f0b-cce2-4079-90f0-1b9ad40356f4,converted,2026-06-14T07:01:39
8da6d8b8-4220-44d8-a89e-49c6b72a338d,71683403-7970-48d6-b259-b29c3af6880f,created,2026-07-26T05:19:22
753e2e5d-8f4f-438a-90c0-cdbf8603e7e9,71683403-7970-48d6-b259-b29c3af6880f,item_added,2026-07-26T05:27:22
611c95e0-78f4-45ab-9a47-460dbd3d4ad7,71683403-7970-48d6-b259-b29c3af6880f,item_added,2026-07-26T05:29:22
ca7ece63-2164-492b-936a-7c3b81780438,71683403-7970-48d6-b259-b29c3af6880f,item_added,2026-07-26T05:32:22
6b61eaed-30c9-4dd6-8bbe-2b723037b95c,adcc3212-fdbc-4566-bdfb-66cf2aec4b31,created,2026-05-15T16:05:20
f897ce57-4a93-44cc-ae6f-2a7a4b9918a2,adcc3212-fdbc-4566-bdfb-66cf2aec4b31,item_added,2026-05-15T16:20:20
7ffa5074-68c5-442c-946c-1048feb8c0b7,adcc3212-fdbc-4566-bdfb-66cf2aec4b31,item_added,2026-05-15T16:22:20
a450c03c-e8cb-46c8-867f-7e9cee9cf3df,adcc3212-fdbc-4566-bdfb-66cf2aec4b31,item_added,2026-05-15T16:38:20
dff0551e-ddb6-4aea-8e56-53ba2f75f49f,adcc3212-fdbc-4566-bdfb-66cf2aec4b31,converted,2026-05-15T18:24:20
7cf01fcc-471c-4dd9-84ee-67df51e214a5,c50841c5-37e3-4c2a-9a48-799adab5c169,created,2026-08-06T09:51:54
fddd5624-e756-4514-9dc6-f03c06fd93c3,3d005718-40f8-40a2-9a3e-b293d486e1a9,created,2026-06-20T16:55:46
4c72d42b-ce95-4b33-828e-dc3388635d55,3d005718-40f8-40a2-9a3e-b293d486e1a9,item_added,2026-06-20T17:02:46
e07ce2be-c5ac-451a-b244-5b3d712bf939,3d005718-40f8-40a2-9a3e-b293d486e1a9,item_added,2026-06-20T17:15:46
cb51140d-7e36-4601-b18c-387a73bb6350,3d005718-40f8-40a2-9a3e-b293d486e1a9,item_added,2026-06-20T17:27:46
29b3899d-2bbd-49dc-9769-a07b14d66a3d,3d005718-40f8-40a2-9a3e-b293d486e1a9,abandoned,2026-06-20T20:16:46
7bff2fc7-5b5b-40f7-aed0-3aaea3eb97ae,c53695ad-e620-4a5d-a2fd-ccb4c1d87be7,created,2026-07-18T00:51:31
3ad5d905-d0ae-4c81-a901-4dc9eda51243,c53695ad-e620-4a5d-a2fd-ccb4c1d87be7,item_added,2026-07-18T01:03:31
42fcd9e7-380e-49df-904b-edf4bca2769c,7f20640f-c042-458e-a1dd-d0e72377655d,created,2026-06-10T19:36:07
b9384327-3400-4024-b26f-ce5f76a93430,7f20640f-c042-458e-a1dd-d0e72377655d,item_added,2026-06-10T19:47:07
c8efc89f-81fb-46fc-83b6-eb0d0651d860,7f20640f-c042-458e-a1dd-d0e72377655d,item_added,2026-06-10T19:55:07
2fb35fde-b2cf-4728-a733-01408badda84,7f20640f-c042-458e-a1dd-d0e72377655d,item_added,2026-06-10T20:12:07
840bae6d-71e1-45e0-b487-69cc9ef30be1,15dd9525-4d19-4576-bfbd-ed8569be1601,created,2026-07-07T22:08:01
5f5eadae-626b-40f3-a6de-c4004cabce4c,15dd9525-4d19-4576-bfbd-ed8569be1601,item_added,2026-07-07T22:14:01
1acf9ce9-0a01-462a-9a22-fb715fda3133,15dd9525-4d19-4576-bfbd-ed8569be1601,converted,2026-07-07T22:40:01
db0b2d9d-b6af-4b89-8e8c-018a07db1108,dca3abe0-34c0-4c35-abdd-682717c164ac,created,2026-04-13T21:40:05
982b3c47-a366-4beb-aed2-ef3a2344e74b,dca3abe0-34c0-4c35-abdd-682717c164ac,item_added,2026-04-13T21:55:05
d794dee3-7a8e-487c-bc18-0089436a5c58,dca3abe0-34c0-4c35-abdd-682717c164ac,abandoned,2026-04-13T23:39:05
7125e74a-41a1-4f2a-befc-99c135eb9909,e342dabd-16b8-4bf1-aa3d-dae67c3730b9,created,2026-08-07T10:06:52
2dbaae21-1b55-46bd-af48-34ea990c6745,d1b293b0-a6c2-4e2f-9a69-28da8a88faa5,created,2026-05-11T13:18:32
4f4a4516-fb3c-4c5c-b1a2-54f6f45f85be,d1b293b0-a6c2-4e2f-9a69-28da8a88faa5,item_added,2026-05-11T13:20:32
2954ccf6-d894-4e07-ae00-86f70f20f54e,d1b293b0-a6c2-4e2f-9a69-28da8a88faa5,converted,2026-05-11T17:04:32
63354aef-2584-48cf-8ff8-eef2d03ee757,755e1aa2-c8e8-4f31-897a-91f3f39627bb,created,2026-04-13T00:26:29
9f52b782-8409-4c7c-b68a-acb85ba0b36e,755e1aa2-c8e8-4f31-897a-91f3f39627bb,item_added,2026-04-13T00:37:29
a907cfa3-a2fc-460d-afff-c83f247e1485,755e1aa2-c8e8-4f31-897a-91f3f39627bb,item_added,2026-04-13T00:47:29
6670bf07-5807-4ad2-9f75-3d36c1ec36f6,755e1aa2-c8e8-4f31-897a-91f3f39627bb,converted,2026-04-13T01:23:29
53c95a5c-4718-44d0-9bef-508e0133a78d,5b75be06-ea5e-4df1-b6ae-6aecc763a1c4,created,2026-03-13T19:17:58
0d3a0370-b886-4aec-9ea7-287327dd76a7,5b75be06-ea5e-4df1-b6ae-6aecc763a1c4,item_added,2026-03-13T19:36:58
026d04e8-86c5-4925-8000-c025bff24664,5b75be06-ea5e-4df1-b6ae-6aecc763a1c4,abandoned,2026-03-13T22:12:58
3be668f0-ce4d-4adc-a089-ee3038184021,7c8ce61e-e5e6-4275-83bd-49d4baed1076,created,2026-05-01T01:33:38
a8176aba-0fe9-435d-8cc3-4182fe05d004,7c8ce61e-e5e6-4275-83bd-49d4baed1076,item_added,2026-05-01T01:50:38
bbdd92ff-1696-42eb-bdf9-f5e2c9eebd19,7c8ce61e-e5e6-4275-83bd-49d4baed1076,item_removed,2026-05-01T02:20:38
13aa0533-23ba-44bb-bc61-2844e61f5574,7c8ce61e-e5e6-4275-83bd-49d4baed1076,item_added,2026-05-01T02:06:38
b8f4140f-5b80-403c-8d80-2994c356e1f6,7c8ce61e-e5e6-4275-83bd-49d4baed1076,item_added,2026-05-01T02:10:38
e55b7e69-0ded-4807-8782-be1c7696659c,7c8ce61e-e5e6-4275-83bd-49d4baed1076,abandoned,2026-05-01T02:04:38
25aaa6fb-abce-4727-b55a-0c40a75eeeb2,442f03d0-5742-43a4-a58d-94199bbdd733,created,2026-06-19T11:18:14
48a1f6a1-38c6-4e65-862d-411a6f38e936,442f03d0-5742-43a4-a58d-94199bbdd733,item_added,2026-06-19T11:27:14
464b93ab-37e0-4c43-bc40-ce92e6461d24,442f03d0-5742-43a4-a58d-94199bbdd733,converted,2026-06-19T14:41:14
dc78c45e-b83d-4753-99dd-8969ba514d28,c61be9cf-6da5-4bef-b780-80672c6a55e9,created,2026-03-18T11:26:23
33637b59-3d6e-49f0-b2b1-c0f782c2de80,c61be9cf-6da5-4bef-b780-80672c6a55e9,item_added,2026-03-18T11:32:23
fbb33c3b-3158-496f-85af-d7534a430240,c61be9cf-6da5-4bef-b780-80672c6a55e9,item_added,2026-03-18T11:42:23
56cee5a2-110d-4cba-9e3e-906f2f4db6a5,c61be9cf-6da5-4bef-b780-80672c6a55e9,item_added,2026-03-18T11:50:23
35f6700d-f1fa-41db-a728-303359cbf3e8,c61be9cf-6da5-4bef-b780-80672c6a55e9,converted,2026-03-18T13:36:23
cadf3364-cb7a-4301-9ccb-1dc659fecadf,42a54a32-8b07-4218-b5e5-970f1a6a65e6,created,2026-07-03T01:59:46
0c0cdaca-2355-418d-8966-19ea40179cc5,42a54a32-8b07-4218-b5e5-970f1a6a65e6,item_added,2026-07-03T02:01:46
4310f0fb-8f11-4331-ad8d-6cfa8a4f10b8,42a54a32-8b07-4218-b5e5-970f1a6a65e6,abandoned,2026-07-03T05:37:46
1bf599b0-a45f-47a2-9903-234f57bb87f3,256b5fb6-0d43-45a2-b59e-3e12c562a360,created,2026-04-28T00:17:09
778e30c0-a770-4389-aaf8-9dc1b684fa8b,256b5fb6-0d43-45a2-b59e-3e12c562a360,item_added,2026-04-28T00:18:09
57fe43ca-18c3-429f-87be-a09f23ee30c2,256b5fb6-0d43-45a2-b59e-3e12c562a360,abandoned,2026-04-28T03:44:09
580cae17-f693-4de0-a9ee-d06ca417a930,a24c938d-cc1d-4e79-abfc-f6e20c035e81,created,2026-03-25T02:25:30
c1cbdeeb-8c19-43f9-8ec1-05569cc8455d,a24c938d-cc1d-4e79-abfc-f6e20c035e81,item_added,2026-03-25T02:38:30
296a02c0-2fd8-43cb-be73-61478c305a52,a24c938d-cc1d-4e79-abfc-f6e20c035e81,item_removed,2026-03-25T03:01:30
e225d966-e289-4248-a0ed-42d2b530a129,a24c938d-cc1d-4e79-abfc-f6e20c035e81,item_added,2026-03-25T02:41:30
9c3684af-4828-49a3-ae7b-3508bc6d268f,a24c938d-cc1d-4e79-abfc-f6e20c035e81,abandoned,2026-03-25T05:36:30
30c1dbea-480f-4327-beb0-02bfc078978a,0eeab226-24fe-4b71-b704-937f320de013,created,2026-02-17T06:16:38
49782bf1-8e06-42da-bda5-c0c26ae7d183,0eeab226-24fe-4b71-b704-937f320de013,item_removed,2026-02-17T06:57:38
5c68094d-06da-44bd-8b96-30e24d4ea3f5,0eeab226-24fe-4b71-b704-937f320de013,item_added,2026-02-17T06:30:38
e3973782-fc19-4af1-b1d7-3b1d3eb1800d,0eeab226-24fe-4b71-b704-937f320de013,abandoned,2026-02-17T08:00:38
2ba5e958-cf23-4596-b924-d6b7cbb7252d,8360e151-f2b8-4972-8ce7-da1b8e4c5856,created,2026-02-16T21:20:10
0e29ae36-85ee-49d1-b190-e25e6b372b5f,8360e151-f2b8-4972-8ce7-da1b8e4c5856,item_added,2026-02-16T21:27:10
5dc5f9f5-fc91-4f0d-89a4-a2042f98847b,8360e151-f2b8-4972-8ce7-da1b8e4c5856,abandoned,2026-02-17T00:29:10
e94c4242-aa7c-4581-8ce3-80b7e186364b,d05267d9-ced9-48d4-b316-a4fafdc1b211,created,2026-03-02T23:29:39
0e725ff3-3e41-4796-991d-36dc9bfbf49b,d05267d9-ced9-48d4-b316-a4fafdc1b211,item_added,2026-03-02T23:32:39
bc5f11c3-8963-4ecc-9f96-8d688c38db7a,d05267d9-ced9-48d4-b316-a4fafdc1b211,converted,2026-03-03T02:56:39
b57c1051-5b75-40f6-8f37-c7ba92175b23,87f193fb-7556-4526-8eec-76666e0a5b40,created,2026-02-16T22:19:11
18303869-1fcb-48d2-89e7-b5f1dff2a600,87f193fb-7556-4526-8eec-76666e0a5b40,item_added,2026-02-16T22:32:11
d0174873-8e7b-4cca-8aa8-5f92ad74646e,87f193fb-7556-4526-8eec-76666e0a5b40,item_added,2026-02-16T22:34:11
19bbadd6-b848-44ad-b3b3-7d9412c33480,87f193fb-7556-4526-8eec-76666e0a5b40,abandoned,2026-02-17T00:52:11
4bea8aa0-b760-4eab-9e2f-e115676338a2,4d27bf9b-857d-4b13-b5ed-246d8fd06489,created,2026-04-28T05:20:28
4dc557e8-f292-4371-ba26-eff645ba93c4,4d27bf9b-857d-4b13-b5ed-246d8fd06489,item_added,2026-04-28T05:36:28
574f0944-439e-4805-91dd-c9b035260293,4d27bf9b-857d-4b13-b5ed-246d8fd06489,item_added,2026-04-28T05:47:28
ddd74413-b8c5-46a0-9343-f1759f242249,4d27bf9b-857d-4b13-b5ed-246d8fd06489,item_added,2026-04-28T05:57:28
5e281ccc-bf2a-40c4-90f9-7409aae5ed24,66b93e43-a426-4fa5-adfc-0b7e55a8f4e7,created,2026-05-30T14:57:32
8b1b3960-1513-41d1-a70a-efa38a872f9f,66b93e43-a426-4fa5-adfc-0b7e55a8f4e7,item_added,2026-05-30T15:08:32
8076ff07-0b38-49c3-9213-6d8a5a553263,66b93e43-a426-4fa5-adfc-0b7e55a8f4e7,abandoned,2026-05-30T18:54:32
c9b75e96-275e-463e-8347-7231200de5b5,f5989409-cac8-42de-8d0e-fb8804a6a884,created,2026-05-18T17:58:21
2f32683d-2379-487f-b4fb-442273d9ba8d,f5989409-cac8-42de-8d0e-fb8804a6a884,item_added,2026-05-18T18:10:21
6566e72f-bc9c-4f1c-8cde-1dd2a983cc7e,32528fdc-f94b-4f1a-b251-3ba432cb070a,created,2026-05-01T09:30:11
459ecdfd-4adf-433b-81ce-bc3f07d4a965,32528fdc-f94b-4f1a-b251-3ba432cb070a,item_added,2026-05-01T09:49:11
3f1adfa9-e13e-46be-b8a1-53f2a61be090,32528fdc-f94b-4f1a-b251-3ba432cb070a,item_added,2026-05-01T09:53:11
215dc887-2387-4f0c-967e-55680788ca03,32528fdc-f94b-4f1a-b251-3ba432cb070a,abandoned,2026-05-01T12:37:11
5c305185-ebbb-471c-a7ae-776bcb6e1681,36daf1bb-90d4-4c2c-9396-52e2e7d6442e,created,2026-08-03T20:15:07
90b67597-fa72-4aba-a6e3-96edf4fceab7,36daf1bb-90d4-4c2c-9396-52e2e7d6442e,item_added,2026-08-03T20:25:07
f81a0710-8c7d-4dda-a5df-6ec2541f1dd7,36daf1bb-90d4-4c2c-9396-52e2e7d6442e,item_added,2026-08-03T20:38:07
ea4851ae-b907-4dc9-8584-437cd3b49054,36daf1bb-90d4-4c2c-9396-52e2e7d6442e,item_added,2026-08-03T20:55:07
0da2c3b6-d4b7-4263-8db2-3c77e2c583de,36daf1bb-90d4-4c2c-9396-52e2e7d6442e,converted,2026-08-03T23:46:07
cf853fc9-ae8e-48b2-966d-a70fb76b8ca1,bef1136c-5b33-46e9-b694-4a54ddf4124b,created,2026-02-23T03:05:54
1d7ec88f-f66c-444a-8373-b49985670d26,bef1136c-5b33-46e9-b694-4a54ddf4124b,item_added,2026-02-23T03:14:54
05ff1f6b-c9d3-4071-8179-8a7264077ff4,bef1136c-5b33-46e9-b694-4a54ddf4124b,item_added,2026-02-23T03:15:54
6ac62596-9b64-4cab-b710-379836b278ea,bef1136c-5b33-46e9-b694-4a54ddf4124b,abandoned,2026-02-23T04:22:54
e208a749-c434-4313-aa6f-b9653a4fd78e,a74342af-5ad3-43b9-bacd-7e42e9499682,created,2026-06-11T04:19:47
570499de-70ab-4c90-9047-ae4055c1b899,256633ba-15c7-4ff1-a7a6-41479eb30585,created,2026-04-10T13:19:31
18f4f716-c119-47ef-b2fa-8e2cbaad4d43,256633ba-15c7-4ff1-a7a6-41479eb30585,item_added,2026-04-10T13:27:31
b10f878c-7715-43ce-8bce-03bee46bbe91,256633ba-15c7-4ff1-a7a6-41479eb30585,item_added,2026-04-10T13:45:31
3c1acab9-6579-472e-9ab4-dcf127cde3cc,256633ba-15c7-4ff1-a7a6-41479eb30585,abandoned,2026-04-10T14:54:31
147490f9-34af-4537-9071-74092675a8f7,9b19cce0-5ae6-4829-8d9b-5e6135a9f67f,created,2026-06-30T19:26:34
16224443-53d4-4be5-a633-6aa07aea2621,9b19cce0-5ae6-4829-8d9b-5e6135a9f67f,item_added,2026-06-30T19:45:34
84e81f98-3a8b-4b10-8e16-5b01f6e72354,9b19cce0-5ae6-4829-8d9b-5e6135a9f67f,item_added,2026-06-30T19:57:34
f295d106-057f-4526-99b1-1acf3521d086,9b19cce0-5ae6-4829-8d9b-5e6135a9f67f,item_added,2026-06-30T20:06:34
1096b24a-218b-47ec-937c-502c97fae7c2,9b19cce0-5ae6-4829-8d9b-5e6135a9f67f,item_added,2026-06-30T20:18:34
eb43cb65-1900-40c2-a94a-f21b1c1b961d,9b19cce0-5ae6-4829-8d9b-5e6135a9f67f,converted,2026-06-30T21:06:34
9ff9ed35-d53a-44b7-91e1-c68eb14c405a,2489bab9-11b1-4841-93e3-99956de761fb,created,2026-05-28T17:31:22
1628b024-e357-4114-8490-713d560d2eed,2489bab9-11b1-4841-93e3-99956de761fb,item_added,2026-05-28T17:50:22
bc0143f9-bd67-4056-8b29-22a2d720b124,2489bab9-11b1-4841-93e3-99956de761fb,item_added,2026-05-28T18:01:22
c763eece-c58a-4ddb-aa0e-18769274be38,2489bab9-11b1-4841-93e3-99956de761fb,item_added,2026-05-28T18:12:22
d64b0162-a44f-47d8-ad3a-74bdb180cfab,edc992d8-8bef-4579-9e1b-aa3ec0e7d708,created,2026-08-10T10:37:19
661dd217-21d8-4b74-91ec-4b6362507b9f,edc992d8-8bef-4579-9e1b-aa3ec0e7d708,item_added,2026-08-10T10:42:19
95fb4e34-a8d0-4f20-8ddc-769f955169a4,edc992d8-8bef-4579-9e1b-aa3ec0e7d708,abandoned,2026-08-10T13:14:19
fb746416-a814-4f58-b5b0-130e5bd4951b,863f0efb-d2d2-4521-ae17-45b71341415a,created,2026-03-12T16:08:15
2bee7248-dca3-46e0-a3d5-7f6b2c2eb76e,863f0efb-d2d2-4521-ae17-45b71341415a,item_added,2026-03-12T16:09:15
e9f539e7-c560-4f3b-9abe-3422334ad4c7,863f0efb-d2d2-4521-ae17-45b71341415a,abandoned,2026-03-12T17:30:15
